data;horario;n_da_ocorrencia;tipo_de_ocorrencia;km;trecho;sentido;tipo_de_acidente;automovel;bicicleta;caminhao;moto;onibus;outros;tracao_animal;transporte_de_cargas_especiais;trator_maquinas;utilitarios;ilesos;levemente_feridos;moderadamente_feridos;gravemente_feridos;mortos
"20/03/2022";"02:57:00";"56";"Acidente s";"215,6";"BR-116/SP";"Sul";"Colisão frontal";1;0;0;0;0;1;0;0;0;0;2;0;0;0;0
"20/03/2022";"03:25:00";"62";"Acidente s";"174,1";"BR-116/RJ";"Sul";"Colisão traseira";2;0;0;0;0;0;0;0;0;0;3;0;0;0;0
"20/03/2022";"03:57:00";"66";"Acidente s";"150,6";"BR-116/SP";"Norte";"Capotamento";1;0;0;0;0;0;0;0;0;0;1;0;0;0;0
"20/03/2022";"04:36:00";"72";"Acidente s";"177,07";"BR-116/RJ";"Sul";"Outros";1;0;0;0;0;0;0;0;0;0;1;0;0;0;0
"20/03/2022";"05:04:00";"76";"Acidente c";"213,5";"BR-116/SP";"Sul";"Colisão traseira";2;0;0;0;1;0;0;0;0;0;50;1;0;0;0
"20/03/2022";"05:51:00";"87";"Acidente s";"145,29";"BR-116/SP";"Sul";"Colisão traseira";2;0;0;0;0;0;0;0;0;0;2;0;0;0;0
"20/03/2022";"07:07:00";"112";"Acidente s";"220,6";"BR-116/SP";"Sul";"Choque em barreira New Jersey";1;0;0;0;0;0;0;0;0;0;1;0;0;0;0
"20/03/2022";"07:36:00";"121";"Acidente s";"278,9";"BR-116/RJ";"Norte";"Choque em objeto fixo";1;0;0;0;0;0;0;0;0;0;1;0;0;0;0
"20/03/2022";"09:47:00";"170";"Acidente c";"219,4";"BR-116/SP";"Norte";"Queda de moto";0;0;0;1;0;0;0;0;0;0;0;1;0;0;0
"20/03/2022";"11:28:00";"215";"Acidente s";"285,69";"BR-116/RJ";"Sul";"Choque em barreira New Jersey";1;0;0;0;0;0;0;0;0;0;1;0;0;0;0
"20/03/2022";"13:05:00";"252";"Acidente c";"121,7";"BR-116/SP";"Norte";"Capotamento";4;0;0;0;0;0;0;0;0;0;6;4;0;0;0
"20/03/2022";"13:13:00";"261";"Acidente s";"107,8";"BR-116/SP";"Sul";"Engavetamento";2;0;0;0;0;1;0;0;0;0;8;0;0;0;0
"20/03/2022";"14:00:00";"286";"Acidente s";"32";"BR-116/SP";"Sul";"Choque em objeto fixo";1;0;0;0;0;0;0;0;0;0;1;0;0;0;0
"20/03/2022";"14:33:00";"301";"Acidente s";"270,8";"BR-116/RJ";"Sul";"Colisão frontal";2;0;0;0;0;0;0;0;0;0;5;0;0;0;0
"20/03/2022";"14:57:00";"315";"Acidente c";"72";"BR-116/SP";"Norte";"Capotamento";1;0;0;0;0;0;0;0;0;0;1;1;0;0;0
"20/03/2022";"15:17:00";"322";"Acidente s";"212,9";"BR-116/RJ";"Norte";"Engavetamento";3;0;0;0;0;0;0;0;0;0;3;0;0;0;0
"20/03/2022";"15:18:00";"324";"Acidente s";"292,7";"BR-116/RJ";"Norte";"Choque em defensa";0;0;0;0;0;0;0;0;0;1;5;0;0;0;0
"20/03/2022";"15:52:00";"334";"Acidente s";"83,2";"BR-116/SP";"Sul";"Colisão traseira";2;0;0;0;0;0;0;0;0;0;2;0;0;0;0
"20/03/2022";"16:28:00";"359";"Acidente s";"29,7";"BR-116/SP";"Sul";"Choque em barreira New Jersey";1;0;0;0;0;0;0;0;0;0;1;0;0;0;0
"20/03/2022";"16:47:00";"364";"Acidente s";"279";"BR-116/RJ";"Sul";"Choque em barreira New Jersey";1;0;0;0;0;0;0;0;0;0;3;0;0;0;0
"20/03/2022";"17:02:00";"372";"Acidente s";"269,7";"BR-116/RJ";"Sul";"Colisão traseira";0;0;0;0;0;1;0;0;0;1;4;0;0;0;0
"20/03/2022";"17:14:00";"377";"Acidente s";"227,5";"BR-116/RJ";"Norte";"Choque em barreira New Jersey";1;0;0;0;0;0;0;0;0;0;1;0;0;0;0
"20/03/2022";"17:54:00";"396";"Acidente s";"237,7";"BR-116/RJ";"Norte";"Choque em objeto fixo";1;0;0;0;0;0;0;0;0;0;1;0;0;0;0
"20/03/2022";"18:07:00";"403";"Acidente s";"273";"BR-116/RJ";"Sul";"Choque em defensa";1;0;0;0;0;0;0;0;0;0;1;0;0;0;0
"20/03/2022";"18:53:00";"425";"Acidente s";"237,8";"BR-116/RJ";"Norte";"Choque em barreira New Jersey";0;0;1;0;0;0;0;0;0;0;1;0;0;0;0
"20/03/2022";"19:02:00";"428";"Acidente s";"166";"BR-116/RJ";"Sul";"Colisão traseira";1;0;0;0;0;1;0;0;0;0;2;0;0;0;0
"20/03/2022";"19:49:00";"444";"Acidente s";"237,7";"BR-116/RJ";"Sul";"Choque em objeto na pista";1;0;0;0;0;0;0;0;0;0;1;0;0;0;0
"20/03/2022";"19:56:00";"447";"Acidente s";"26,4";"BR-116/SP";"Sul";"Choque em barreira New Jersey";1;0;0;0;0;0;0;0;0;0;1;0;0;0;0
"20/03/2022";"20:40:00";"469";"Acidente s";"26,95";"BR-116/SP";"Sul";"Choque em barreira New Jersey";1;0;0;0;0;0;0;0;0;0;1;0;0;0;0
"20/03/2022";"20:42:00";"470";"Acidente s";"207";"BR-116/SP";"Sul";"Abalroamento longitudinal";1;0;1;0;0;0;0;0;0;0;3;0;0;0;0
"20/03/2022";"20:51:00";"473";"Acidente s";"63,41";"BR-116/SP";"Sul";"Colisão traseira";2;0;0;0;0;0;0;0;0;0;2;0;0;0;0
"20/03/2022";"21:52:00";"492";"Acidente s";"183,7";"BR-116/RJ";"Norte";"Choque em objeto fixo";1;0;0;0;0;0;0;0;0;0;1;0;0;0;0
"21/03/2022";"00:55:00";"23";"Acidente s";"205,8";"BR-116/SP";"Norte";"Capotamento";1;0;0;0;0;0;0;0;0;0;1;0;0;0;0
"21/03/2022";"01:42:00";"33";"Acidente c";"278";"BR-116/RJ";"Sul";"Choque em barreira New Jersey";0;0;1;0;0;0;0;0;0;0;0;0;1;0;0
"21/03/2022";"01:55:00";"36";"Acidente s";"278";"BR-116/RJ";"Norte";"Choque em objeto na pista";0;0;1;0;0;0;0;0;0;0;1;0;0;0;0
"21/03/2022";"03:21:00";"44";"Acidente s";"57";"BR-116/SP";"Norte";"Colisão traseira";0;0;2;0;0;0;0;0;0;0;2;0;0;0;0
"21/03/2022";"04:47:00";"51";"Acidente c";"138";"BR-116/SP";"Norte";"Queda de moto";0;0;0;1;0;0;0;0;0;0;0;1;0;0;0
"21/03/2022";"05:33:00";"59";"Acidente c";"290,1";"BR-116/RJ";"Norte";"Choque em barreira New Jersey";1;0;0;0;0;1;0;0;0;0;1;1;0;0;0
"21/03/2022";"05:43:00";"61";"Acidente s";"185";"BR-116/RJ";"Norte";"Engavetamento";3;0;0;0;0;1;0;0;0;0;4;0;0;0;0
"21/03/2022";"06:05:00";"67";"Acidente s";"186,9";"BR-116/RJ";"Norte";"Colisão traseira";2;0;0;0;0;0;0;0;0;0;2;0;0;0;0
"21/03/2022";"07:36:00";"132";"Acidente s";"175,5";"BR-116/RJ";"Sul";"Choque em objeto fixo";1;0;0;0;0;0;0;0;0;0;1;0;0;0;0
"21/03/2022";"08:01:00";"149";"Acidente s";"156,4";"BR-116/SP";"Norte";"Abalroamento longitudinal";1;0;1;0;0;0;0;0;0;0;3;0;0;0;0
"21/03/2022";"08:15:00";"164";"Acidente s";"145,9";"BR-116/SP";"Sul";"Colisão traseira";2;0;0;0;0;0;0;0;0;0;4;0;0;0;0
"21/03/2022";"08:32:00";"174";"Acidente s";"222";"BR-116/SP";"Sul";"Colisão traseira";1;0;0;1;0;0;0;0;0;0;2;0;0;0;0
"21/03/2022";"08:38:00";"179";"Acidente s";"174,5";"BR-116/RJ";"Norte";"Colisão traseira";2;0;0;0;0;0;0;0;0;0;2;0;0;0;0
"21/03/2022";"08:40:00";"180";"Acidente s";"156,4";"BR-116/SP";"Norte";"Engavetamento";2;0;0;0;0;1;0;0;0;0;3;0;0;0;0
"21/03/2022";"09:31:00";"220";"Acidente c";"182,9";"BR-116/RJ";"Norte";"Colisão traseira";1;0;0;1;0;0;0;0;0;0;1;0;1;0;0
"21/03/2022";"09:43:00";"234";"Acidente s";"140,2";"BR-116/SP";"Norte";"Abalroamento longitudinal";1;0;1;0;0;0;0;0;0;0;5;0;0;0;0
"21/03/2022";"10:16:00";"255";"Acidente s";"140,4";"BR-116/SP";"Sul";"Colisão traseira";1;0;0;0;0;0;0;0;0;0;1;0;0;0;0
"21/03/2022";"10:19:00";"258";"Acidente s";"172,75";"BR-116/RJ";"Sul";"Choque em barreira New Jersey";1;0;0;0;0;0;0;0;0;0;1;0;0;0;0
"21/03/2022";"14:25:00";"377";"Acidente s";"264";"BR-116/RJ";"Norte";"Abalroamento longitudinal";1;0;1;0;0;0;0;0;0;0;2;0;0;0;0
"21/03/2022";"15:02:00";"403";"Acidente c";"259,1";"BR-116/RJ";"Sul";"Queda de moto";0;0;0;1;0;0;0;0;0;0;0;1;0;0;0
"21/03/2022";"17:39:00";"483";"Acidente s";"266";"BR-116/RJ";"Sul";"Choque em objeto na pista";1;0;0;0;0;0;0;0;0;0;1;0;0;0;0
"21/03/2022";"20:06:00";"600";"Atropelame";"317,3";"BR-116/RJ";"Sul";"Atropelamento de pedestre atravessando";0;1;0;0;0;1;0;0;0;0;1;0;1;0;0
"21/03/2022";"22:18:00";"672";"Acidente s";"207";"BR-116/SP";"Sul";"Choque em objeto fixo";1;0;0;0;0;0;0;0;0;0;1;0;0;0;0
"21/03/2022";"22:20:00";"673";"Acidente s";"261,1";"BR-116/RJ";"Norte";"Choque em barreira New Jersey";1;0;0;0;0;0;0;0;0;0;1;0;0;0;0
"22/03/2022";"00:40:00";"25";"Acidente c";"152,2";"BR-116/SP";"Sul";"Colisão traseira";0;0;2;0;0;0;0;0;0;0;0;2;0;0;0
"22/03/2022";"06:10:00";"123";"Acidente s";"23,5";"BR-116/SP";"Norte";"Capotamento";1;0;0;0;0;0;0;0;0;0;1;0;0;0;0
"22/03/2022";"07:53:00";"192";"Acidente c";"237";"BR-116/RJ";"Sul";"Choque em objeto fixo";1;0;0;0;0;0;0;0;0;0;0;2;0;0;0
"22/03/2022";"08:56:00";"221";"Acidente s";"240";"BR-116/RJ";"Norte";"Choque em barreira New Jersey";1;0;0;0;0;0;0;0;0;0;1;0;0;0;0
"22/03/2022";"09:27:00";"245";"Acidente c";"273";"BR-116/RJ";"Sul";"Queda de moto";0;0;0;1;0;0;0;0;0;0;0;1;0;0;0
"22/03/2022";"11:07:00";"300";"Atropelame";"269,8";"BR-116/RJ";"Sul";"Atropelamento de pedestre atravessando";1;0;0;0;0;0;0;0;0;0;0;0;0;2;0
"22/03/2022";"11:26:00";"311";"Acidente s";"197,1";"BR-116/RJ";"Sul";"Abalroamento longitudinal";1;0;1;0;0;0;0;0;0;0;2;0;0;0;0
"22/03/2022";"11:54:00";"321";"Acidente s";"197,1";"BR-116/RJ";"Sul";"Colisão traseira";1;0;0;0;0;1;0;0;0;0;2;0;0;0;0
"22/03/2022";"14:15:00";"388";"Acidente c";"180";"BR-116/RJ";"Sul";"Abalroamento longitudinal";0;0;0;1;0;1;0;0;0;0;1;0;0;1;0
"22/03/2022";"16:25:00";"471";"Acidente c";"216,9";"BR-116/SP";"Norte";"Colisão traseira";1;0;0;1;0;0;0;0;0;0;3;2;0;0;0
"22/03/2022";"17:57:00";"531";"Acidente c";"146,5";"BR-116/SP";"Sul";"Abalroamento longitudinal";1;0;1;0;0;0;0;0;0;0;1;1;0;0;0
"22/03/2022";"18:04:00";"537";"Acidente c";"164,6";"BR-116/RJ";"Sul";"Queda de moto";0;0;0;1;0;0;0;0;0;0;0;1;0;0;0
"22/03/2022";"20:04:00";"611";"Acidente s";"221,7";"BR-116/SP";"Sul";"Choque em objeto na pista";1;0;1;0;0;0;0;0;0;0;5;0;0;0;0
"22/03/2022";"20:24:00";"629";"Acidente s";"155,4";"BR-116/SP";"Sul";"Choque em objeto na pista";1;0;0;0;0;0;0;0;0;0;1;0;0;0;0
"22/03/2022";"20:28:00";"631";"Acidente s";"107,5";"BR-116/SP";"Sul";"Atropelamento de animal";1;0;0;0;0;0;0;0;0;0;1;0;0;0;0
"22/03/2022";"21:33:00";"663";"Acidente c";"229,2";"BR-116/SP";"Norte";"Abalroamento longitudinal";0;0;0;2;0;0;0;0;0;0;0;2;0;0;0
"23/03/2022";"00:18:00";"21";"Acidente s";"53";"BR-116/SP";"Norte";"Choque em objeto fixo";1;0;0;0;0;0;0;0;0;0;1;0;0;0;0
"23/03/2022";"00:23:00";"23";"Acidente c";"183,6";"BR-116/RJ";"Norte";"Abalroamento longitudinal";1;0;1;0;0;0;0;0;0;0;1;1;0;0;0
"23/03/2022";"03:23:00";"79";"Acidente s";"45,15";"BR-116/SP";"Norte";"Choque em objeto fixo";0;0;1;0;0;0;0;0;0;0;1;0;0;0;0
"23/03/2022";"05:44:00";"96";"Acidente s";"178";"BR-116/RJ";"Norte";"Abalroamento longitudinal";1;0;1;0;0;0;0;0;0;0;2;0;0;0;0
"23/03/2022";"07:49:00";"161";"Acidente c";"184,4";"BR-116/RJ";"Norte";"Engavetamento";4;0;1;0;0;0;0;0;0;1;4;3;0;0;0
"23/03/2022";"07:50:00";"164";"Acidente c";"134,1";"BR-116/SP";"Sul";"Engavetamento";3;0;1;0;0;0;0;0;0;0;2;3;1;0;0
"23/03/2022";"08:46:00";"198";"Acidente s";"139,85";"BR-116/SP";"Sul";"Colisão traseira";1;0;0;0;0;1;0;0;0;0;2;0;0;0;0
"23/03/2022";"09:01:00";"208";"Acidente c";"217";"BR-116/SP";"Norte";"Queda de moto";0;0;0;1;0;0;0;0;0;0;0;0;0;1;0
"23/03/2022";"09:06:00";"211";"Acidente c";"222,1";"BR-116/SP";"Sul";"Queda de moto";0;0;0;1;0;0;0;0;0;0;0;1;0;0;0
"23/03/2022";"09:09:00";"214";"Acidente s";"280,6";"BR-116/RJ";"Sul";"Abalroamento longitudinal";1;0;0;0;0;1;0;0;0;0;2;0;0;0;0
"23/03/2022";"10:14:00";"258";"Acidente c";"228,3";"BR-116/SP";"Sul";"Colisão traseira";0;0;0;1;0;0;0;0;0;1;1;1;0;0;0
"23/03/2022";"11:40:00";"318";"Acidente s";"220";"BR-116/SP";"Norte";"Abalroamento longitudinal";1;0;0;0;0;1;0;0;0;0;5;0;0;0;0
"23/03/2022";"16:48:00";"490";"Acidente c";"221,25";"BR-116/SP";"Norte";"Colisão traseira";1;0;0;1;0;0;0;0;0;0;2;1;0;0;0
"23/03/2022";"18:28:00";"578";"Acidente c";"239";"BR-116/RJ";"Sul";"Colisão traseira";1;0;1;0;0;0;0;0;0;0;3;1;0;0;0
"23/03/2022";"19:41:00";"621";"Acidente s";"96,3";"BR-116/SP";"Norte";"Choque em objeto na pista";1;0;0;0;0;0;0;0;0;0;1;0;0;0;0
"23/03/2022";"20:59:00";"646";"Acidente c";"211,65";"BR-116/SP";"Sul";"Choque em barreira New Jersey";0;0;1;0;0;0;0;0;0;0;0;1;0;0;0
"23/03/2022";"21:20:00";"660";"Acidente s";"210,5";"BR-116/SP";"Sul";"Colisão traseira";1;0;1;0;0;0;0;0;0;0;3;0;0;0;0
"24/03/2022";"00:13:00";"21";"Acidente s";"218,95";"BR-116/RJ";"Norte";"Choque em objeto fixo";0;0;1;0;0;0;0;0;0;0;1;0;0;0;0
"24/03/2022";"07:07:00";"148";"Acidente c";"223,8";"BR-116/SP";"Sul";"Queda de moto";0;0;0;1;0;0;0;0;0;0;0;2;0;0;0
"24/03/2022";"09:04:00";"239";"Acidente s";"147,8";"BR-116/SP";"Sul";"Choque em objeto na pista";1;0;0;0;0;0;0;0;0;0;1;0;0;0;0
"24/03/2022";"13:39:00";"415";"Acidente s";"201,1";"BR-116/SP";"Sul";"Colisão traseira";1;0;0;0;0;1;0;0;0;0;3;0;0;0;0
"24/03/2022";"14:43:00";"454";"Acidente c";"210,4";"BR-116/RJ";"Sul";"Queda de moto";0;0;0;1;0;0;0;0;0;0;1;1;0;0;0
"24/03/2022";"17:01:00";"553";"Acidente s";"178,55";"BR-116/RJ";"Sul";"Choque em barreira New Jersey";1;0;0;0;0;0;0;0;0;0;1;0;0;0;0
"24/03/2022";"17:48:00";"588";"Acidente s";"108";"BR-116/SP";"Norte";"Abalroamento longitudinal";1;0;0;0;0;1;0;0;0;0;2;0;0;0;0
"24/03/2022";"17:56:00";"594";"Acidente s";"140,1";"BR-116/SP";"Norte";"Tombamento";1;0;0;0;0;0;0;0;0;0;1;0;0;0;0
"24/03/2022";"21:25:00";"683";"Acidente c";"316";"BR-116/RJ";"Norte";"Choque em barreira New Jersey";1;0;0;0;0;0;0;0;0;0;3;1;0;0;0
"24/03/2022";"22:37:00";"709";"Acidente c";"170,9";"BR-116/RJ";"Norte";"Colisão traseira";0;0;0;1;0;1;0;0;0;0;1;1;0;0;0
"25/03/2022";"00:31:00";"19";"Acidente s";"49,7";"BR-116/SP";"Sul";"Queda de ribanceira";1;0;0;0;0;0;0;0;0;0;1;0;0;0;0
"25/03/2022";"03:59:00";"45";"Acidente s";"269,5";"BR-116/RJ";"Sul";"Choque em barreira New Jersey";1;0;0;0;0;0;0;0;0;0;1;0;0;0;0
"25/03/2022";"07:04:00";"129";"Atropelame";"186,3";"BR-116/RJ";"Norte";"Atropelamento de pedestre atravessando";1;1;0;0;0;0;0;0;0;0;1;0;1;0;0
"25/03/2022";"07:07:00";"132";"Acidente s";"210";"BR-116/SP";"Norte";"Abalroamento longitudinal";1;0;1;0;0;0;0;0;0;0;2;0;0;0;0
"25/03/2022";"07:09:00";"135";"Acidente s";"230";"BR-116/SP";"Norte";"Abalroamento longitudinal";1;0;1;0;0;0;0;0;0;0;2;0;0;0;0
"25/03/2022";"08:15:00";"190";"Acidente s";"198,3";"BR-116/RJ";"Norte";"Choque em objeto na pista";1;0;0;0;0;0;0;0;0;0;1;0;0;0;0
"25/03/2022";"08:45:00";"211";"Acidente s";"267";"BR-116/RJ";"Sul";"Abalroamento longitudinal";2;0;0;0;0;1;0;0;0;0;3;0;0;0;0
"25/03/2022";"11:08:00";"326";"Acidente c";"72,5";"BR-116/SP";"Sul";"Capotamento";1;0;0;0;0;0;0;0;0;0;1;1;0;0;0
"25/03/2022";"12:57:00";"374";"Acidente c";"110";"BR-116/SP";"Norte";"Engavetamento";1;0;1;0;0;1;0;0;0;1;3;2;0;0;0
"25/03/2022";"13:20:00";"392";"Acidente s";"149,3";"BR-116/SP";"Sul";"Abalroamento longitudinal";3;0;0;0;0;0;0;0;0;0;3;0;0;0;0
"25/03/2022";"15:49:00";"463";"Acidente s";"294";"BR-116/RJ";"Norte";"Engavetamento";5;0;0;0;0;0;0;0;0;0;6;0;0;0;0
"25/03/2022";"15:53:00";"466";"Acidente s";"207,1";"BR-116/RJ";"Sul";"Colisão traseira";1;0;1;0;0;0;0;0;0;0;2;0;0;0;0
"25/03/2022";"18:16:00";"579";"Acidente s";"107,1";"BR-116/SP";"Sul";"Engavetamento";3;0;0;0;0;0;0;0;0;0;3;0;0;0;0
"25/03/2022";"18:23:00";"585";"Acidente c";"104,8";"BR-116/SP";"Sul";"Colisão traseira";1;0;0;1;0;0;0;0;0;0;1;1;0;0;0
"25/03/2022";"18:25:00";"587";"Acidente s";"107,2";"BR-116/SP";"Sul";"Engavetamento";1;0;0;0;0;2;0;0;0;0;5;0;0;0;0
"25/03/2022";"21:24:00";"697";"Acidente s";"125,1";"BR-116/SP";"Sul";"Choque Talude";1;0;0;0;0;0;0;0;0;0;1;0;0;0;0
"25/03/2022";"22:50:00";"739";"Atropelame";"321,6";"BR-116/RJ";"Sul";"Atropelamento de pedestre atravessando";0;1;1;0;0;0;0;0;0;0;1;0;1;0;0
"25/03/2022";"23:54:00";"757";"Acidente s";"314,5";"BR-116/RJ";"Sul";"Capotamento";1;0;0;0;0;0;0;0;0;0;1;0;0;0;0
"26/03/2022";"00:59:00";"33";"Acidente s";"212";"BR-116/SP";"Sul";"Choque em objeto na pista";1;0;0;0;0;0;0;0;0;0;1;0;0;0;0
"26/03/2022";"01:34:00";"48";"Acidente c";"56,3";"BR-116/SP";"Norte";"Choque em barreira New Jersey";1;0;0;0;0;0;0;0;0;0;0;1;0;0;0
"26/03/2022";"01:58:00";"57";"Acidente s";"127";"BR-116/SP";"Norte";"Choque em objeto na pista";3;0;1;0;0;0;0;0;0;0;4;0;0;0;0
"26/03/2022";"02:44:00";"65";"Acidente s";"42,4";"BR-116/SP";"Norte";"Colisão traseira";1;0;0;0;0;1;0;0;0;0;2;0;0;0;0
"26/03/2022";"03:34:00";"72";"Acidente s";"269";"BR-116/RJ";"Sul";"Queda de ribanceira";1;0;0;0;0;0;0;0;0;0;1;0;0;0;0
"26/03/2022";"06:10:00";"112";"Atropelame";"316,4";"BR-116/RJ";"Norte";"Atropelamento de pedestre atravessando";0;0;0;0;0;1;0;0;0;0;1;0;0;0;1
"26/03/2022";"11:05:00";"310";"Acidente s";"39,4";"BR-116/SP";"Sul";"Capotamento";1;0;0;0;0;0;0;0;0;0;2;0;0;0;0
"26/03/2022";"11:20:00";"322";"Acidente s";"299,3";"BR-116/RJ";"Sul";"Choque em defensa";0;0;1;0;0;0;0;0;0;0;1;0;0;0;0
"26/03/2022";"12:04:00";"342";"Acidente c";"95,4";"BR-116/SP";"Norte";"Colisão traseira";1;0;0;1;0;0;0;0;0;0;5;1;0;0;0
"26/03/2022";"13:36:00";"387";"Acidente s";"134,65";"BR-116/SP";"Sul";"Engavetamento";3;0;0;0;0;0;0;0;0;0;8;0;0;0;0
"26/03/2022";"13:46:00";"390";"Acidente c";"147";"BR-116/SP";"Norte";"Choque em defensa";0;0;0;1;0;0;0;0;0;0;0;0;0;1;0
"26/03/2022";"15:09:00";"431";"Atropelame";"267,4";"BR-116/RJ";"Norte";"Atropelamento de pedestre atravessando";0;0;0;0;0;1;0;0;0;0;1;0;1;0;0
"26/03/2022";"15:23:00";"436";"Acidente s";"149,5";"BR-116/SP";"Sul";"Choque em barreira New Jersey";0;0;1;0;0;0;0;0;0;0;2;0;0;0;0
"26/03/2022";"17:40:00";"503";"Acidente s";"290,2";"BR-116/RJ";"Norte";"Colisão traseira";0;0;2;0;0;0;0;0;0;0;2;0;0;0;0
"26/03/2022";"18:51:00";"544";"Acidente c";"66,2";"BR-116/SP";"Norte";"Capotamento";1;0;0;0;0;0;0;0;0;0;0;1;0;1;0
"26/03/2022";"19:35:00";"566";"Acidente s";"289,5";"BR-116/RJ";"Norte";"Choque em objeto fixo";0;0;1;0;0;0;0;0;0;0;1;0;0;0;0
"26/03/2022";"20:57:00";"616";"Acidente s";"227,2";"BR-116/SP";"Sul";"Colisão traseira";2;0;0;0;0;0;0;0;0;0;6;0;0;0;0
"26/03/2022";"21:07:00";"621";"Acidente s";"177";"BR-116/RJ";"Sul";"Colisão traseira";2;0;0;0;0;0;0;0;0;0;2;0;0;0;0
"26/03/2022";"21:54:00";"639";"Acidente c";"115,4";"BR-116/SP";"Sul";"Choque em objeto fixo";0;0;0;1;0;0;0;0;0;0;0;1;0;0;0
"26/03/2022";"23:21:00";"667";"Acidente s";"47,9";"BR-116/SP";"Norte";"Atropelamento de animal";1;0;0;0;0;0;0;0;0;0;3;0;0;0;0
"26/03/2022";"23:34:00";"671";"Acidente c";"266,2";"BR-116/RJ";"Sul";"Choque em barreira New Jersey";1;0;0;0;0;0;0;0;0;0;0;1;0;0;0
"27/03/2022";"00:55:00";"30";"Acidente c";"301,3";"BR-116/RJ";"Sul";"Capotamento";1;0;0;0;0;0;0;0;0;0;2;2;0;0;0
"27/03/2022";"02:26:00";"45";"Acidente s";"199";"BR-116/SP";"Norte";"Choque em barreira New Jersey";1;0;0;0;0;0;0;0;0;0;2;0;0;0;0
"27/03/2022";"03:59:00";"61";"Acidente c";"109,9";"BR-116/SP";"Norte";"Queda de moto";0;0;0;1;0;0;0;0;0;0;0;0;2;0;0
"27/03/2022";"05:24:00";"73";"Acidente s";"230";"BR-116/SP";"Norte";"Engavetamento";2;0;0;0;0;1;0;0;0;0;7;0;0;0;0
"27/03/2022";"08:58:00";"157";"Acidente s";"227";"BR-116/SP";"Sul";"Choque Talude";0;0;1;0;0;0;0;0;0;0;1;0;0;0;0
"27/03/2022";"10:47:00";"215";"Acidente s";"167,95";"BR-116/SP";"Sul";"Choque em barreira New Jersey";1;0;0;0;0;0;0;0;0;0;2;0;0;0;0
"27/03/2022";"11:39:00";"231";"Acidente c";"74";"BR-116/SP";"Norte";"Choque em barreira New Jersey";1;0;0;0;0;0;0;0;0;0;0;1;0;0;0
"27/03/2022";"13:07:00";"256";"Acidente c";"171,4";"BR-116/RJ";"Sul";"Colisão traseira";2;0;0;0;0;0;0;0;0;0;1;1;0;0;0
"27/03/2022";"14:17:00";"287";"Acidente s";"191,6";"BR-116/SP";"Norte";"Choque em objeto fixo";1;0;0;0;0;0;0;0;0;0;1;0;0;0;0
"27/03/2022";"14:47:00";"302";"Acidente s";"138,6";"BR-116/SP";"Sul";"Colisão traseira";2;0;0;0;0;0;0;0;0;0;6;0;0;0;0
"27/03/2022";"16:08:00";"337";"Acidente s";"197,5";"BR-116/SP";"Sul";"Colisão traseira";1;0;0;0;0;0;0;0;0;1;3;0;0;0;0
"27/03/2022";"17:39:00";"395";"Acidente s";"139,5";"BR-116/SP";"Sul";"Engavetamento";4;0;0;0;0;0;0;0;0;0;4;0;0;0;0
"27/03/2022";"19:09:00";"458";"Acidente s";"207";"BR-116/SP";"Sul";"Colisão traseira";1;0;0;0;0;1;0;0;0;0;3;0;0;0;0
"27/03/2022";"19:29:00";"471";"Acidente s";"213,5";"BR-116/SP";"Sul";"Choque em barreira New Jersey";1;0;0;0;0;0;0;0;0;0;2;0;0;0;0
"27/03/2022";"19:56:00";"488";"Acidente s";"190,5";"BR-116/RJ";"Norte";"Choque em defensa";1;0;0;0;0;0;0;0;0;0;1;0;0;0;0
"27/03/2022";"20:09:00";"498";"Acidente c";"226,9";"BR-116/SP";"Sul";"Choque em defensa";2;0;0;0;0;0;0;0;0;0;1;1;0;0;0
"27/03/2022";"20:28:00";"506";"Acidente s";"69,8";"BR-116/SP";"Norte";"Choque em barreira New Jersey";2;0;0;0;0;0;0;0;0;0;2;0;0;0;0
"27/03/2022";"21:32:00";"532";"Acidente s";"228";"BR-116/SP";"Norte";"Abalroamento longitudinal";1;0;1;0;0;0;0;0;0;0;4;0;0;0;0
"27/03/2022";"21:37:00";"536";"Acidente s";"215,2";"BR-116/SP";"Sul";"Abalroamento longitudinal";1;0;0;0;0;1;0;0;0;0;3;0;0;0;0
"27/03/2022";"22:18:00";"551";"Atropelame";"167,2";"BR-116/RJ";"Sul";"Atropelamento de pedestre caminhando";1;0;0;0;0;0;0;0;0;0;1;0;1;0;0
"27/03/2022";"23:13:00";"571";"Acidente s";"144,9";"BR-116/SP";"Sul";"Choque em barreira New Jersey";1;0;0;0;0;0;0;0;0;0;1;0;0;0;0
"27/03/2022";"23:32:00";"577";"Atropelame";"227";"BR-116/SP";"Norte";"Atropelamento de pedestre atravessando";0;0;0;0;0;1;0;0;0;0;1;1;0;0;0
"28/03/2022";"06:00:00";"127";"Acidente c";"171,1";"BR-116/RJ";"Norte";"Abalroamento longitudinal";1;0;0;1;0;0;0;0;0;0;1;1;1;0;0
"28/03/2022";"06:13:00";"136";"Acidente c";"172,7";"BR-116/RJ";"Norte";"Abalroamento longitudinal";1;0;0;1;0;0;0;0;0;0;2;0;1;0;0
"28/03/2022";"06:16:00";"139";"Acidente c";"227,6";"BR-116/RJ";"Norte";"Colisão traseira";0;0;2;0;0;0;0;0;0;0;1;1;0;0;0
"28/03/2022";"07:24:00";"200";"Acidente c";"215";"BR-116/SP";"Sul";"Colisão traseira";1;0;0;1;0;0;0;0;0;0;1;0;1;0;0
"28/03/2022";"09:01:00";"287";"Acidente s";"73,35";"BR-116/SP";"Norte";"Choque em barreira New Jersey";1;0;0;0;0;0;0;0;0;0;3;0;0;0;0
"28/03/2022";"09:02:00";"288";"Acidente c";"177,1";"BR-116/RJ";"Norte";"Engavetamento";3;0;0;0;0;0;0;0;0;0;2;1;0;0;0
"28/03/2022";"14:19:00";"502";"Acidente c";"227,8";"BR-116/SP";"Sul";"Abalroamento longitudinal";2;0;0;0;0;0;0;0;0;0;1;1;0;0;0