data;horario;n_da_ocorrencia;tipo_de_ocorrencia;km;trecho;sentido;tipo_de_acidente;automovel;bicicleta;caminhao;moto;onibus;outros;tracao_animal;transporte_de_cargas_especiais;trator_maquinas;utilitarios;ilesos;levemente_feridos;moderadamente_feridos;gravemente_feridos;mortos
"28/03/2022";"14:55:00";"519";"Acidente s";"148,7";"BR-116/SP";"Sul";"Abalroamento longitudinal";1;0;1;0;0;0;0;0;0;0;2;0;0;0;0
"28/03/2022";"16:00:00";"563";"Acidente s";"217,7";"BR-116/SP";"Sul";"Choque em barreira New Jersey";1;0;0;0;0;0;0;0;0;0;3;0;0;0;0
"28/03/2022";"17:26:00";"613";"Acidente s";"85";"BR-116/SP";"Norte";"Tombamento";0;0;1;0;0;0;0;0;0;0;1;0;0;0;0
"28/03/2022";"18:27:00";"675";"Acidente c";"216,8";"BR-116/SP";"Norte";"Engavetamento";1;0;0;2;1;0;0;0;0;0;2;3;0;0;0
"28/03/2022";"18:57:00";"691";"Acidente s";"143";"BR-116/SP";"Norte";"Colisão traseira";1;0;0;0;0;0;0;0;0;1;2;0;0;0;0
"28/03/2022";"20:19:00";"732";"Acidente s";"106";"BR-116/SP";"Sul";"Choque em objeto fixo";1;0;0;0;0;0;0;0;0;0;2;0;0;0;0
"28/03/2022";"21:23:00";"757";"Acidente s";"71,8";"BR-116/SP";"Norte";"Choque em barreira New Jersey";1;0;0;0;0;0;0;0;0;0;3;0;0;0;0
"29/03/2022";"02:07:00";"28";"Acidente s";"114,93";"BR-116/SP";"Sul";"Choque em objeto na pista";1;0;0;0;0;0;0;0;0;0;1;0;0;0;0
"29/03/2022";"04:27:00";"47";"Acidente s";"98,09";"BR-116/SP";"Sul";"Choque em barreira New Jersey";1;0;0;0;0;0;0;0;0;0;4;0;0;0;0
"29/03/2022";"06:44:00";"101";"Acidente s";"205,8";"BR-116/RJ";"Sul";"Choque em objeto fixo";0;0;1;0;0;0;0;0;0;0;1;0;0;0;0
"29/03/2022";"07:57:00";"177";"Acidente c";"166,8";"BR-116/RJ";"Norte";"Colisão traseira";1;0;0;0;0;1;0;0;0;0;1;1;0;0;0
"29/03/2022";"09:30:00";"256";"Acidente s";"57,4";"BR-116/SP";"Sul";"Choque em objeto na pista";1;0;0;0;0;0;0;0;0;0;1;0;0;0;0
"29/03/2022";"09:36:00";"259";"Acidente s";"151,2";"BR-116/SP";"Sul";"Choque em objeto na pista";0;0;1;0;0;0;0;0;0;0;1;0;0;0;0
"29/03/2022";"10:02:00";"275";"Acidente c";"177,15";"BR-116/RJ";"Sul";"Engavetamento";4;0;0;0;0;0;0;0;0;0;4;1;0;0;0
"29/03/2022";"11:24:00";"333";"Acidente s";"186";"BR-116/SP";"Sul";"Abalroamento longitudinal";2;0;0;0;0;0;0;0;0;0;2;0;0;0;0
"29/03/2022";"12:05:00";"356";"Acidente s";"249,56";"BR-116/RJ";"Sul";"Abalroamento longitudinal";1;0;0;0;0;1;0;0;0;0;2;0;0;0;0
"29/03/2022";"12:17:00";"364";"Acidente c";"215,7";"BR-116/SP";"Norte";"Colisão traseira";1;0;0;0;0;1;0;0;0;0;2;1;0;0;0
"29/03/2022";"13:30:00";"400";"Acidente s";"226,5";"BR-116/RJ";"Norte";"Choque em barreira New Jersey";1;0;0;0;0;0;0;0;0;0;1;0;0;0;0
"29/03/2022";"14:10:00";"421";"Acidente s";"11,8";"BR-116/SP";"Norte";"Choque em objeto na pista";0;0;1;0;0;0;0;0;0;0;1;0;0;0;0
"29/03/2022";"17:12:00";"528";"Acidente c";"218,8";"BR-116/SP";"Sul";"Abalroamento longitudinal";1;0;0;1;0;0;0;0;0;0;1;1;0;0;0
"29/03/2022";"21:50:00";"653";"Acidente s";"265,65";"BR-116/RJ";"Sul";"Choque em objeto na pista";1;0;0;0;0;0;0;0;0;0;1;0;0;0;0
"30/03/2022";"01:44:00";"29";"Acidente s";"105,75";"BR-116/SP";"Norte";"Atropelamento de animal";0;0;1;0;0;0;0;0;0;0;1;0;0;0;0
"30/03/2022";"07:30:00";"142";"Acidente s";"214,4";"BR-116/SP";"Sul";"Colisão traseira";0;0;0;1;0;0;0;0;0;1;2;0;0;0;0
"30/03/2022";"07:43:00";"152";"Acidente c";"178,8";"BR-116/RJ";"Norte";"Choque em barreira New Jersey";1;0;0;0;0;0;0;0;0;0;0;0;1;0;0
"30/03/2022";"08:34:00";"209";"Acidente c";"25,35";"BR-116/SP";"Norte";"Tombamento";0;0;1;0;0;0;0;0;0;0;0;1;0;0;0
"30/03/2022";"10:26:00";"302";"Acidente s";"56,5";"BR-116/SP";"Norte";"Colisão traseira";1;0;1;0;0;0;0;0;0;0;3;0;0;0;0
"30/03/2022";"11:17:00";"330";"Acidente s";"120,2";"BR-116/SP";"Norte";"Colisão traseira";1;0;0;0;0;1;0;0;0;0;2;0;0;0;0
"30/03/2022";"11:21:00";"332";"Acidente s";"227,6";"BR-116/SP";"Sul";"Colisão traseira";2;0;0;0;0;0;0;0;0;0;2;0;0;0;0
"30/03/2022";"14:28:00";"426";"Acidente s";"54";"BR-116/SP";"Sul";"Choque em objeto na pista";1;0;0;0;0;0;0;0;0;0;2;0;0;0;0
"30/03/2022";"15:13:00";"447";"Acidente s";"206,5";"BR-116/SP";"Norte";"Choque em objeto fixo";0;0;1;0;0;0;0;0;0;0;1;0;0;0;0
"30/03/2022";"15:36:00";"462";"Acidente s";"128,1";"BR-116/SP";"Sul";"Engavetamento";4;0;0;0;0;0;0;0;0;0;6;0;0;0;0
"30/03/2022";"16:52:00";"510";"Acidente s";"168,1";"BR-116/SP";"Sul";"Abalroamento longitudinal";0;0;0;0;0;1;0;0;0;1;3;0;0;0;0
"30/03/2022";"18:11:00";"564";"Acidente s";"213";"BR-116/SP";"Norte";"Choque em defensa";1;0;0;0;0;0;0;0;0;0;1;0;0;0;0
"30/03/2022";"18:30:00";"575";"Acidente c";"218";"BR-116/SP";"Norte";"Abalroamento longitudinal";2;0;0;1;0;0;0;0;0;0;2;1;0;0;0
"30/03/2022";"20:31:00";"638";"Acidente c";"157,3";"BR-116/SP";"Norte";"Engavetamento";4;0;0;0;0;0;0;0;0;0;6;1;0;0;0
"30/03/2022";"23:28:00";"690";"Acidente s";"193";"BR-116/RJ";"Norte";"Outros";0;0;1;0;0;0;0;0;0;0;0;0;0;0;0
"31/03/2022";"04:59:00";"105";"Acidente s";"190,1";"BR-116/RJ";"Norte";"Abalroamento longitudinal";1;0;0;0;0;1;0;0;0;0;2;0;0;0;0
"31/03/2022";"07:50:00";"252";"Acidente s";"226,6";"BR-116/SP";"Sul";"Abalroamento longitudinal";1;0;0;0;0;1;0;0;0;0;2;0;0;0;0
"31/03/2022";"09:24:00";"349";"Acidente s";"218,5";"BR-116/SP";"Sul";"Colisão traseira";1;0;0;0;0;0;0;0;0;0;1;0;0;0;0
"31/03/2022";"09:39:00";"361";"Acidente s";"145,1";"BR-116/SP";"Sul";"Colisão traseira";2;0;0;0;0;0;0;0;0;0;2;0;0;0;0
"31/03/2022";"12:56:00";"477";"Acidente s";"68,8";"BR-116/SP";"Sul";"Colisão traseira";1;0;0;0;0;1;0;0;0;0;4;0;0;0;0
"31/03/2022";"14:34:00";"552";"Acidente s";"267";"BR-116/RJ";"Sul";"Abalroamento longitudinal";1;0;1;0;0;0;0;0;0;0;2;0;0;0;0
"31/03/2022";"16:00:00";"592";"Acidente s";"180,7";"BR-116/RJ";"Norte";"Abalroamento longitudinal";1;0;0;0;0;2;0;0;0;0;3;0;0;0;0
"31/03/2022";"17:38:00";"636";"Acidente c";"226,1";"BR-116/SP";"Norte";"Colisão traseira";1;0;0;1;0;0;0;0;0;0;2;1;1;0;0
"31/03/2022";"17:58:00";"655";"Acidente s";"213,46";"BR-116/SP";"Norte";"Engavetamento";1;0;0;0;0;2;0;0;0;0;3;0;0;0;0
"31/03/2022";"18:11:00";"664";"Acidente c";"226,3";"BR-116/RJ";"Norte";"Capotamento";1;0;0;0;0;0;0;0;0;0;1;0;1;0;0
"31/03/2022";"19:12:00";"692";"Acidente c";"230,9";"BR-116/SP";"Norte";"Colisão traseira";0;0;2;0;0;0;0;0;0;0;2;1;0;0;0
"31/03/2022";"19:29:00";"702";"Acidente s";"266,8";"BR-116/RJ";"Norte";"Choque em objeto na pista";1;0;0;0;0;0;0;0;0;0;2;0;0;0;0
"31/03/2022";"19:56:00";"714";"Acidente c";"224";"BR-116/SP";"Sul";"Colisão traseira";1;0;1;0;0;0;0;0;0;0;1;1;0;0;0
"31/03/2022";"23:42:00";"791";"Acidente s";"218,6";"BR-116/SP";"Norte";"Choque em objeto na pista";0;0;1;0;0;0;0;0;0;0;1;0;0;0;0
"01/04/2022";"01:21:00";"35";"Acidente s";"168";"BR-116/RJ";"Pista Sul";"Abalroamento longitudinal";2;0;0;0;0;0;0;0;0;0;2;0;0;0;0
"01/04/2022";"01:36:00";"41";"Acidente c";"186,3";"BR-116/SP";"Pista Sul";"Engavetamento";2;0;1;0;0;0;0;0;0;0;1;1;0;1;0
"01/04/2022";"06:41:00";"127";"Acidente c";"138,8";"BR-116/SP";"Pista Sul";"Engavetamento";3;0;0;0;0;0;0;0;0;0;2;3;0;0;0
"01/04/2022";"07:48:00";"198";"Acidente s";"211,9";"BR-116/SP";"Pista Sul";"Queda de moto";0;0;0;1;0;1;0;0;0;0;2;0;0;0;0
"01/04/2022";"08:09:00";"218";"Acidente c";"229,7";"BR-116/SP";"Pista Sul";"Colisão traseira";0;0;0;1;0;1;0;0;0;0;1;1;0;0;0
"01/04/2022";"08:13:00";"223";"Acidente s";"246,72";"BR-116/RJ";"Pista Sul";"Choque em barreira New Jersey";1;0;0;0;0;0;0;0;0;0;1;0;0;0;0
"01/04/2022";"09:22:00";"279";"Acidente s";"55,8";"BR-116/SP";"Pista Sul";"Choque em objeto na pista";1;0;0;0;0;0;0;0;0;0;1;0;0;0;0
"01/04/2022";"11:26:00";"374";"Acidente s";"327,2";"BR-116/RJ";"Pista Norte";"Choque em barreira New Jersey";1;0;0;0;0;0;0;0;0;0;1;0;0;0;0
"01/04/2022";"14:24:00";"472";"Acidente s";"167";"BR-116/RJ";"Pista Norte";"Atropelamento de animal";1;0;0;0;0;0;0;0;0;0;1;0;0;0;0
"01/04/2022";"16:06:00";"521";"Acidente s";"305,6";"BR-116/RJ";"Pista Sul";"Colisão traseira";0;0;1;0;1;0;0;0;0;0;2;0;0;0;0
"01/04/2022";"17:10:00";"554";"Acidente c";"86,95";"BR-116/SP";"Pista Norte";"Queda de moto";0;0;0;1;0;0;0;0;0;0;0;1;0;0;0
"01/04/2022";"18:27:00";"627";"Acidente s";"159,65";"BR-116/SP";"Pista Norte";"Engavetamento";2;0;0;0;0;0;0;0;0;1;5;0;0;0;0
"01/04/2022";"18:33:00";"631";"Acidente s";"207,5";"BR-116/SP";"Pista Sul";"Engavetamento";2;0;0;0;0;1;0;0;0;0;3;0;0;0;0
"01/04/2022";"18:53:00";"644";"Acidente s";"237";"BR-116/RJ";"Pista Norte";"Capotamento";1;0;0;0;0;0;0;0;0;0;1;0;0;0;0
"01/04/2022";"19:24:00";"658";"Acidente s";"218,6";"BR-116/SP";"Pista Sul";"Engavetamento";3;0;0;0;0;0;0;0;0;0;3;0;0;0;0
"01/04/2022";"20:18:00";"686";"Acidente s";"240,75";"BR-116/RJ";"Pista Norte";"Abalroamento longitudinal";0;0;1;0;0;1;0;0;0;0;2;0;0;0;0
"01/04/2022";"20:52:00";"701";"Acidente c";"225,1";"BR-116/RJ";"Pista Sul";"Choque em objeto fixo";1;0;0;0;0;0;0;0;0;0;0;1;0;0;0
"01/04/2022";"21:34:00";"707";"Acidente c";"211";"BR-116/RJ";"Pista Norte";"Choque em objeto fixo";0;0;0;0;0;0;0;0;0;1;5;1;0;0;0
"01/04/2022";"21:53:00";"712";"Acidente s";"221";"BR-116/RJ";"Pista Sul";"Colisão traseira";1;0;0;0;0;1;0;0;0;0;2;0;0;0;0
"01/04/2022";"22:25:00";"722";"Acidente s";"176,5";"BR-116/RJ";"Pista Sul";"Colisão traseira";1;0;1;0;0;0;0;0;0;0;2;0;0;0;0
"01/04/2022";"22:46:00";"738";"Acidente c";"186,4";"BR-116/SP";"Pista Norte";"Colisão traseira";2;0;0;0;0;0;0;0;0;0;0;2;0;0;0
"01/04/2022";"23:40:00";"767";"Acidente s";"229,5";"BR-116/SP";"Pista Norte";"Choque em objeto fixo";1;0;0;0;0;0;0;0;0;0;1;0;0;0;0
"02/04/2022";"01:56:00";"49";"Acidente s";"178,2";"BR-116/RJ";"Pista Norte";"Abalroamento longitudinal";0;0;2;0;0;0;0;0;0;0;3;0;0;0;0
"02/04/2022";"06:10:00";"96";"Acidente c";"180,8";"BR-116/SP";"Pista Sul";"Colisão traseira";0;0;1;0;0;1;0;0;0;0;1;0;1;0;0
"02/04/2022";"06:35:00";"109";"Acidente s";"197,65";"BR-116/RJ";"Pista Norte";"Choque em defensa";0;0;1;0;0;0;0;0;0;0;1;0;0;0;0
"02/04/2022";"07:22:00";"128";"Acidente s";"107,1";"BR-116/SP";"Pista Norte";"Colisão traseira";2;0;0;0;0;0;0;0;0;0;2;0;0;0;0
"02/04/2022";"07:54:00";"137";"Acidente c";"227,9";"BR-116/RJ";"Pista Norte";"Choque Talude";1;0;0;0;0;0;0;0;0;0;0;1;0;0;0
"02/04/2022";"10:00:00";"198";"Acidente s";"226,4";"BR-116/RJ";"Pista Norte";"Capotamento";1;0;0;0;0;0;0;0;0;0;1;0;0;0;0
"02/04/2022";"10:16:00";"210";"Acidente s";"65,45";"BR-116/SP";"Pista Norte";"Choque em barreira New Jersey";1;0;0;0;0;0;0;0;0;0;1;0;0;0;0
"02/04/2022";"11:46:00";"253";"Acidente s";"238,3";"BR-116/RJ";"Pista Norte";"Capotamento";1;0;0;0;0;0;0;0;0;0;1;0;0;0;0
"02/04/2022";"13:08:00";"288";"Acidente s";"240,1";"BR-116/RJ";"Pista Norte";"Choque em barreira New Jersey";0;0;1;0;0;0;0;0;0;0;1;0;0;0;0
"02/04/2022";"13:19:00";"294";"Acidente c";"210,8";"BR-116/SP";"Pista Norte";"Engavetamento";4;0;0;0;0;0;0;0;0;0;6;2;0;0;0
"02/04/2022";"14:49:00";"336";"Acidente s";"191,15";"BR-116/SP";"Pista Norte";"Choque em defensa";0;0;1;0;0;0;0;0;0;0;1;0;0;0;0
"02/04/2022";"16:15:00";"368";"Acidente s";"226";"BR-116/RJ";"Pista Norte";"Choque em objeto fixo";1;0;0;0;0;0;0;0;0;0;1;0;0;0;0
"02/04/2022";"16:18:00";"369";"Acidente c";"50,95";"BR-116/SP";"Pista Sul";"Choque em barreira New Jersey";0;0;1;0;0;0;0;0;0;0;0;1;0;0;0
"02/04/2022";"16:27:00";"372";"Acidente s";"30,85";"BR-116/SP";"Pista Sul";"Choque em barreira New Jersey";0;0;1;0;0;0;0;0;0;0;1;0;0;0;0
"02/04/2022";"16:55:00";"381";"Acidente c";"227,15";"BR-116/SP";"Pista Sul";"Capotamento";1;0;0;0;0;0;0;0;0;0;0;1;0;0;0
"02/04/2022";"17:00:00";"384";"Acidente s";"225,7";"BR-116/RJ";"Pista Norte";"Choque em barreira New Jersey";1;0;0;0;0;0;0;0;0;0;1;0;0;0;0
"02/04/2022";"17:03:00";"386";"Acidente c";"212,7";"BR-116/SP";"Pista Sul";"Colisão traseira";2;0;0;0;0;0;0;0;0;0;3;1;0;0;0
"02/04/2022";"17:12:00";"390";"Acidente s";"68,45";"BR-116/SP";"Pista Sul";"Colisão traseira";2;0;0;0;0;0;0;0;0;0;2;0;0;0;0
"02/04/2022";"17:48:00";"400";"Acidente s";"185";"BR-116/RJ";"Pista Norte";"Colisão traseira";3;0;0;0;0;0;0;0;0;0;5;0;0;0;0
"02/04/2022";"18:06:00";"414";"Acidente c";"202,25";"BR-116/SP";"Pista Sul";"Capotamento";0;0;0;0;0;0;0;0;0;1;0;1;1;0;0
"02/04/2022";"18:34:00";"427";"Acidente c";"221,8";"BR-116/SP";"Pista Sul";"Queda de moto";0;0;0;1;0;0;0;0;0;0;0;1;0;0;0
"02/04/2022";"19:06:00";"442";"Acidente c";"102,3";"BR-116/SP";"Pista Norte";"Queda de moto";0;0;0;1;0;0;0;0;0;0;0;0;0;0;1
"02/04/2022";"19:18:00";"448";"Acidente c";"218,8";"BR-116/SP";"Pista Sul";"Engavetamento";4;0;0;0;0;0;0;0;0;0;4;2;0;0;0
"02/04/2022";"21:38:00";"484";"Acidente s";"40,7";"BR-116/SP";"Pista Sul";"Queda de ribanceira";0;0;1;0;0;0;0;0;0;0;2;0;0;0;0
"02/04/2022";"22:33:00";"497";"Acidente s";"306,29";"BR-116/RJ";"Pista Norte";"Choque em objeto fixo";1;0;0;0;0;0;0;0;0;0;1;0;0;0;0
"02/04/2022";"23:32:00";"506";"Acidente s";"176,75";"BR-116/RJ";"Pista Sul";"Choque em barreira New Jersey";1;0;0;0;0;0;0;0;0;0;1;0;0;0;0
"03/04/2022";"03:53:00";"51";"Acidente c";"34";"BR-116/SP";"Pista Norte";"Choque em objeto fixo";1;0;0;0;0;0;0;0;0;0;0;1;0;0;0
"03/04/2022";"05:04:00";"55";"Acidente c";"48,8";"BR-116/SP";"Pista Sul";"Colisão traseira";1;0;1;0;0;0;0;0;0;0;1;1;0;0;0
"03/04/2022";"05:26:00";"59";"Acidente s";"62,1";"BR-116/SP";"Pista Norte";"Colisão traseira";2;0;0;0;0;0;0;0;0;0;2;0;0;0;0
"03/04/2022";"07:02:00";"80";"Acidente s";"183,25";"BR-116/RJ";"Pista Sul";"Abalroamento longitudinal";2;0;0;0;0;0;0;0;0;0;2;0;0;0;0
"03/04/2022";"09:15:00";"140";"Acidente s";"86,95";"BR-116/SP";"Pista Norte";"Colisão traseira";1;0;1;0;0;0;0;0;0;0;6;0;0;0;0
"03/04/2022";"11:46:00";"192";"Acidente c";"228";"BR-116/RJ";"Pista Norte";"Choque Talude";1;0;0;0;0;0;0;0;0;0;0;1;0;0;0
"03/04/2022";"12:59:00";"212";"Acidente c";"181";"BR-116/RJ";"Pista Norte";"Colisão frontal";1;0;0;0;0;1;0;0;0;0;3;1;0;0;0
"03/04/2022";"13:48:00";"243";"Acidente s";"114,3";"BR-116/SP";"Pista Sul";"Choque em objeto fixo";1;0;0;0;0;0;0;0;0;0;4;0;0;0;0
"03/04/2022";"14:50:00";"277";"Acidente c";"145,8";"BR-116/SP";"Pista Norte";"Colisão traseira";1;0;0;1;0;0;0;0;0;0;2;0;1;0;0
"03/04/2022";"18:49:00";"384";"Acidente s";"187";"BR-116/RJ";"Pista Norte";"Outros";1;0;0;0;0;0;0;0;0;0;1;0;0;0;0
"03/04/2022";"19:40:00";"409";"Acidente s";"187";"BR-116/RJ";"Pista Norte";"Outros";1;0;0;0;0;0;0;0;0;0;1;0;0;0;0
"03/04/2022";"19:54:00";"412";"Acidente s";"187";"BR-116/RJ";"Pista Norte";"Outros";1;0;0;0;0;0;0;0;0;0;1;0;0;0;0
"03/04/2022";"19:59:00";"414";"Acidente s";"187";"BR-116/RJ";"Pista Norte";"Outros";1;0;0;0;0;0;0;0;0;0;1;0;0;0;0
"03/04/2022";"20:09:00";"418";"Acidente s";"187";"BR-116/RJ";"Pista Norte";"Outros";1;0;0;0;0;0;0;0;0;0;1;0;0;0;0
"03/04/2022";"20:27:00";"428";"Acidente c";"308,9";"BR-116/RJ";"Pista Norte";"Colisão traseira";1;0;0;1;0;0;0;0;0;0;0;1;1;0;0
"03/04/2022";"20:38:00";"433";"Acidente s";"187";"BR-116/RJ";"Pista Norte";"Outros";1;0;0;0;0;0;0;0;0;0;1;0;0;0;0
"03/04/2022";"20:50:00";"437";"Acidente s";"187";"BR-116/RJ";"Pista Norte";"Outros";1;0;0;0;0;0;0;0;0;0;1;0;0;0;0
"03/04/2022";"22:00:00";"460";"Acidente c";"222,7";"BR-116/SP";"Pista Norte";"Queda de moto";0;0;0;1;0;0;0;0;0;0;0;0;1;0;0
"03/04/2022";"22:35:00";"476";"Acidente c";"302,65";"BR-116/RJ";"Pista Sul";"Choque em defensa";1;0;0;0;0;0;0;0;0;0;0;1;0;0;0
"03/04/2022";"23:19:00";"489";"Acidente s";"140,1";"BR-116/SP";"Pista Sul";"Choque em barreira New Jersey";1;0;0;0;0;0;0;0;0;0;1;0;0;0;0
"04/04/2022";"01:37:00";"28";"Atropelame";"225,2";"BR-116/SP";"Pista Sul";"Atropelamento de pedestre atravessando";1;0;0;0;0;0;0;0;0;0;1;1;0;0;0
"04/04/2022";"02:01:00";"35";"Acidente c";"165,2";"BR-116/RJ";"Pista Norte";"Queda de moto";0;0;0;1;0;0;0;0;0;0;0;0;0;0;1
"04/04/2022";"04:04:00";"55";"Acidente c";"210,4";"BR-116/SP";"Pista Sul";"Colisão traseira";1;0;1;0;0;0;0;0;0;0;1;1;0;0;0
"04/04/2022";"07:02:00";"118";"Acidente c";"221,6";"BR-116/SP";"Pista Sul";"Abalroamento longitudinal";0;0;0;2;0;0;0;0;0;0;0;2;0;0;0
"04/04/2022";"08:03:00";"164";"Acidente c";"180";"BR-116/RJ";"Pista Norte";"Abalroamento longitudinal";1;0;0;1;0;0;0;0;0;0;2;1;0;0;0
"04/04/2022";"08:54:00";"203";"Acidente c";"165,5";"BR-116/RJ";"Pista Norte";"Abalroamento longitudinal";1;0;0;1;0;0;0;0;0;0;1;0;1;0;0
"04/04/2022";"10:03:00";"244";"Acidente s";"209,5";"BR-116/SP";"Pista Sul";"Engavetamento";2;0;0;0;0;1;0;0;0;0;4;0;0;0;0
"04/04/2022";"11:09:00";"280";"Acidente s";"206,1";"BR-116/SP";"Pista Sul";"Colisão traseira";1;0;0;0;0;1;0;0;0;0;4;0;0;0;0
"04/04/2022";"11:19:00";"289";"Acidente s";"160,8";"BR-116/SP";"Pista Norte";"Choque em objeto na pista";0;0;1;0;0;0;0;0;0;0;1;0;0;0;0
"04/04/2022";"11:35:00";"300";"Acidente s";"255";"BR-116/RJ";"Pista Sul";"Abalroamento longitudinal";1;0;1;0;0;0;0;0;0;0;2;0;0;0;0
"04/04/2022";"12:36:00";"326";"Acidente s";"130,95";"BR-116/SP";"Pista Norte";"Choque em objeto fixo";1;0;0;0;0;0;0;0;0;0;3;0;0;0;0
"04/04/2022";"16:16:00";"482";"Acidente s";"292";"BR-116/RJ";"Pista Norte";"Abalroamento longitudinal";1;0;0;0;0;1;0;0;0;0;2;0;0;0;0
"04/04/2022";"17:14:00";"515";"Acidente c";"150";"BR-116/SP";"Pista Norte";"Colisão traseira";1;0;0;1;0;0;0;0;0;0;1;1;0;0;0
"04/04/2022";"18:51:00";"577";"Acidente c";"310,15";"BR-116/RJ";"Pista Norte";"Capotamento";1;0;0;0;0;0;0;0;0;0;0;1;0;0;0
"04/04/2022";"20:09:00";"617";"Acidente c";"167";"BR-116/SP";"Pista Sul";"Abalroamento longitudinal";0;0;0;1;0;1;0;0;0;0;1;1;0;0;0
"04/04/2022";"20:34:00";"628";"Acidente c";"175";"BR-116/RJ";"Pista Sul";"Engavetamento";2;0;0;0;0;1;0;0;0;0;2;1;0;0;0
"05/04/2022";"06:37:00";"177";"Acidente s";"123,8";"BR-116/SP";"Pista Norte";"Colisão traseira";0;0;2;0;0;0;0;0;0;0;2;0;0;0;0
"05/04/2022";"06:41:00";"184";"Acidente c";"229,3";"BR-116/RJ";"Pista Sul";"Abalroamento longitudinal";1;0;0;1;0;0;0;0;0;0;1;1;0;0;0
"05/04/2022";"07:38:00";"238";"Acidente s";"136,2";"BR-116/SP";"Pista Sul";"Abalroamento longitudinal";1;0;0;1;0;0;0;0;0;0;3;0;0;0;0
"05/04/2022";"07:52:00";"258";"Acidente c";"220,9";"BR-116/SP";"Pista Sul";"Queda de moto";0;0;0;1;0;0;0;0;0;0;0;1;0;0;0
"05/04/2022";"08:04:00";"269";"Acidente c";"164,4";"BR-116/RJ";"Pista Norte";"Queda de moto";0;0;0;1;0;0;0;0;0;0;0;1;0;0;0
"05/04/2022";"08:15:00";"278";"Acidente c";"170,7";"BR-116/RJ";"Pista Norte";"Queda de moto";0;0;0;1;0;0;0;0;0;0;1;1;0;0;0
"05/04/2022";"09:16:00";"321";"Acidente s";"250,7";"BR-116/RJ";"Pista Sul";"Choque em barreira New Jersey";1;0;0;0;0;0;0;0;0;0;5;0;0;0;0
"05/04/2022";"10:37:00";"379";"Acidente c";"227";"BR-116/SP";"Pista Sul";"Colisão traseira";1;0;0;1;0;0;0;0;0;0;1;1;0;0;0
"05/04/2022";"10:53:00";"387";"Acidente s";"184";"BR-116/RJ";"Pista Norte";"Colisão traseira";0;0;1;0;1;0;0;0;0;0;2;0;0;0;0
"05/04/2022";"11:13:00";"395";"Acidente c";"230,5";"BR-116/SP";"Pista Sul";"Colisão traseira";3;0;0;0;0;0;0;0;0;0;4;1;0;0;0
"05/04/2022";"13:06:00";"451";"Acidente c";"157,1";"BR-116/SP";"Pista Norte";"Queda de moto";0;0;0;1;0;0;0;0;0;0;0;0;0;1;0
"05/04/2022";"14:06:00";"478";"Acidente c";"219,1";"BR-116/SP";"Pista Sul";"Abalroamento longitudinal";1;0;0;1;0;1;0;0;0;0;3;1;0;0;0
"05/04/2022";"14:51:00";"510";"Acidente s";"211";"BR-116/RJ";"Pista Norte";"Abalroamento longitudinal";1;0;1;0;0;0;0;0;0;0;3;0;0;0;0
"05/04/2022";"15:48:00";"537";"Acidente c";"71,8";"BR-116/SP";"Pista Norte";"Queda de moto";0;0;0;1;0;0;0;0;0;0;0;1;0;0;0
"05/04/2022";"16:05:00";"546";"Acidente c";"178,85";"BR-116/RJ";"Pista Norte";"Colisão traseira";0;0;1;0;0;0;0;0;0;1;2;3;0;0;0
"05/04/2022";"16:37:00";"564";"Acidente c";"314,4";"BR-116/RJ";"Pista Norte";"Colisão traseira";2;0;0;0;0;0;0;0;0;0;0;0;2;0;0
"05/04/2022";"18:51:00";"653";"Acidente s";"22,1";"BR-116/SP";"Pista Sul";"Choque Talude";0;0;2;0;0;0;0;0;0;0;2;0;0;0;0
"05/04/2022";"19:22:00";"670";"Acidente s";"72,7";"BR-116/SP";"Pista Sul";"Choque em barreira New Jersey";0;0;2;0;0;0;0;0;0;0;2;0;0;0;0
"05/04/2022";"21:43:00";"717";"Acidente s";"188,5";"BR-116/RJ";"Pista Sul";"Atropelamento de animal";1;0;0;0;0;1;0;0;0;0;3;0;0;0;0
"05/04/2022";"21:55:00";"722";"Acidente s";"195,65";"BR-116/RJ";"Pista Sul";"Colisão traseira";1;0;1;0;0;0;0;0;0;0;2;0;0;0;0
"06/04/2022";"00:12:00";"48";"Acidente c";"34,8";"BR-116/SP";"Pista Norte";"Colisão traseira";0;0;2;0;0;0;0;0;0;0;1;0;1;0;0
"06/04/2022";"01:27:00";"59";"Acidente s";"165";"BR-116/SP";"Pista Norte";"Choque em objeto na pista";0;0;0;0;1;0;0;0;0;0;1;0;0;0;0
"06/04/2022";"01:33:00";"61";"Acidente s";"213";"BR-116/SP";"Pista Norte";"Choque em barreira New Jersey";1;0;0;0;0;0;0;0;0;0;2;0;0;0;0
"06/04/2022";"05:49:00";"119";"Acidente s";"217,05";"BR-116/SP";"Pista Sul";"Colisão traseira";2;0;0;0;0;0;0;0;0;0;3;0;0;0;0
"06/04/2022";"06:44:00";"144";"Acidente s";"217";"BR-116/SP";"Pista Sul";"Colisão traseira";0;0;1;0;0;1;0;0;0;0;2;0;0;0;0
"06/04/2022";"07:18:00";"191";"Acidente s";"224,9";"BR-116/RJ";"Pista Norte";"Choque Talude";0;0;1;0;0;0;0;0;0;0;1;0;0;0;0
"06/04/2022";"07:47:00";"218";"Acidente c";"226,2";"BR-116/SP";"Pista Sul";"Colisão traseira";1;0;0;1;0;0;0;0;0;0;1;2;0;0;0
"06/04/2022";"08:11:00";"238";"Atropelame";"227";"BR-116/SP";"Pista Sul";"Atropelamento de pedestre atravessando";0;2;0;1;0;0;0;0;0;0;1;2;1;0;0
"06/04/2022";"08:27:00";"248";"Acidente c";"219,1";"BR-116/SP";"Pista Sul";"Choque em objeto na pista";0;0;0;1;0;0;0;0;0;0;0;0;1;0;0