data;horario;n_da_ocorrencia;tipo_de_ocorrencia;km;trecho;sentido;tipo_de_acidente;automovel;bicicleta;caminhao;moto;onibus;outros;tracao_animal;transporte_de_cargas_especiais;trator_maquinas;utilitarios;ilesos;levemente_feridos;moderadamente_feridos;gravemente_feridos;mortos
"06/04/2022";"10:53:00";"357";"Acidente c";"20,5";"BR-116/SP";"Pista Sul";"Choque em defensa";1;0;0;0;0;0;0;0;0;0;0;2;0;0;0
"06/04/2022";"11:38:00";"381";"Acidente c";"33,5";"BR-116/SP";"Pista Sul";"Tombamento";0;0;1;0;0;0;0;0;0;0;0;0;0;0;1
"06/04/2022";"11:56:00";"392";"Acidente c";"229,6";"BR-116/SP";"Pista Sul";"Abalroamento longitudinal";1;0;0;1;0;0;0;0;0;0;1;1;0;0;0
"06/04/2022";"12:45:00";"427";"Acidente s";"175,2";"BR-116/RJ";"Pista Sul";"Colisão traseira";1;0;0;0;0;0;0;0;0;1;2;0;0;0;0
"06/04/2022";"13:37:00";"457";"Acidente c";"180,35";"BR-116/RJ";"Pista Norte";"Abalroamento longitudinal";1;0;0;1;0;0;0;0;0;0;1;1;0;0;0
"06/04/2022";"15:01:00";"497";"Acidente c";"162";"BR-116/SP";"Pista Sul";"Queda de moto";0;0;0;1;0;0;0;0;0;0;0;0;1;0;0
"06/04/2022";"16:20:00";"539";"Acidente c";"64,7";"BR-116/SP";"Pista Norte";"Engavetamento";1;0;2;0;0;0;0;0;0;0;2;1;0;0;0
"06/04/2022";"17:38:00";"584";"Acidente c";"169,75";"BR-116/RJ";"Pista Sul";"Abalroamento longitudinal";0;0;0;1;0;1;0;0;0;0;1;1;0;0;0
"06/04/2022";"17:50:00";"595";"Acidente s";"139";"BR-116/SP";"Pista Sul";"Colisão traseira";1;0;1;0;0;0;0;0;0;0;5;0;0;0;0
"06/04/2022";"20:32:00";"694";"Acidente s";"147";"BR-116/SP";"Pista Sul";"Colisão traseira";1;0;1;0;0;0;0;0;0;0;2;0;0;0;0
"07/04/2022";"01:18:00";"64";"Acidente c";"79,6";"BR-116/SP";"Pista Sul";"Colisão traseira";1;0;0;0;0;1;0;0;0;0;1;0;1;0;0
"07/04/2022";"05:04:00";"124";"Acidente c";"177,85";"BR-116/RJ";"Pista Sul";"Colisão traseira";2;0;0;1;0;0;0;0;0;0;3;1;0;0;0
"07/04/2022";"05:48:00";"132";"Acidente s";"283";"BR-116/RJ";"Pista Norte";"Choque em objeto na pista";1;0;0;0;0;0;0;0;0;0;2;0;0;0;0
"07/04/2022";"06:11:00";"142";"Acidente c";"170,35";"BR-116/RJ";"Pista Norte";"Colisão traseira";0;0;0;1;1;0;0;0;0;0;1;0;1;0;0
"07/04/2022";"08:22:00";"232";"Acidente c";"175,95";"BR-116/RJ";"Pista Sul";"Engavetamento";3;0;0;0;0;0;0;0;0;0;3;0;0;1;0
"07/04/2022";"09:06:00";"270";"Acidente s";"224,7";"BR-116/RJ";"Pista Norte";"Choque Talude";0;0;1;0;0;0;0;0;0;0;1;0;0;0;0
"07/04/2022";"09:21:00";"286";"Acidente s";"86,95";"BR-116/SP";"Pista Norte";"Colisão traseira";2;0;0;0;0;0;0;0;0;0;2;0;0;0;0
"07/04/2022";"10:59:00";"357";"Acidente s";"231,6";"BR-116/SP";"Pista Sul";"Colisão traseira";1;0;0;0;0;1;0;0;0;0;2;0;0;0;0
"07/04/2022";"14:29:00";"475";"Acidente c";"202,2";"BR-116/SP";"Pista Norte";"Colisão traseira";0;0;1;1;0;0;0;0;0;0;1;1;0;0;0
"07/04/2022";"15:48:00";"530";"Acidente c";"146,5";"BR-116/SP";"Pista Sul";"Choque em defensa";1;0;0;0;0;0;0;0;0;0;0;0;1;0;0
"07/04/2022";"16:30:00";"555";"Acidente s";"137,5";"BR-116/SP";"Pista Norte";"Colisão traseira";2;0;0;0;0;0;0;0;0;0;4;0;0;0;0
"07/04/2022";"19:02:00";"668";"Acidente s";"156";"BR-116/SP";"Pista Norte";"Colisão traseira";2;0;0;0;0;0;0;0;0;0;2;0;0;0;0
"07/04/2022";"19:15:00";"673";"Acidente s";"265,15";"BR-116/RJ";"Pista Norte";"Choque em objeto na pista";1;0;1;0;0;0;0;0;0;0;2;0;0;0;0
"07/04/2022";"19:38:00";"682";"Acidente c";"181,8";"BR-116/RJ";"Pista Norte";"Atropelamento de pedestre atravessando";0;1;0;1;0;0;0;0;0;0;0;0;0;2;0
"07/04/2022";"19:49:00";"684";"Acidente s";"306";"BR-116/RJ";"Pista Norte";"Choque em objeto na pista";1;0;0;0;0;0;0;0;0;0;1;0;0;0;0
"07/04/2022";"21:25:00";"715";"Acidente c";"273";"BR-116/RJ";"Pista Norte";"Abalroamento longitudinal";1;0;0;1;0;0;0;0;0;0;1;0;0;1;0
"07/04/2022";"22:02:00";"725";"Acidente s";"185,4";"BR-116/SP";"Pista Sul";"Choque em objeto na pista";1;0;0;0;0;0;0;0;0;0;1;0;0;0;0
"08/04/2022";"08:41:00";"263";"Acidente s";"135";"BR-116/SP";"Pista Sul";"Colisão traseira";0;0;2;0;0;0;0;0;0;0;2;0;0;0;0
"08/04/2022";"12:47:00";"424";"Acidente s";"104,6";"BR-116/SP";"Pista Sul";"Colisão traseira";2;0;0;0;0;0;0;0;0;0;4;0;0;0;0
"08/04/2022";"15:06:00";"506";"Acidente s";"167";"BR-116/RJ";"Pista Norte";"Engavetamento";3;0;0;0;0;0;0;0;0;0;3;0;0;0;0
"08/04/2022";"16:02:00";"535";"Acidente c";"231,1";"BR-116/SP";"Pista Norte";"Choque em veículo parado na pista";1;0;0;1;0;0;0;0;0;0;2;0;1;0;0
"08/04/2022";"16:43:00";"565";"Acidente c";"224,9";"BR-116/SP";"Pista Norte";"Abalroamento longitudinal";1;0;0;1;0;0;0;0;0;0;3;1;0;0;0
"08/04/2022";"16:47:00";"566";"Acidente s";"300";"BR-116/RJ";"Pista Norte";"Colisão traseira";0;0;1;0;0;1;0;0;0;0;2;0;0;0;0
"08/04/2022";"18:47:00";"639";"Acidente c";"157,2";"BR-116/SP";"Pista Norte";"Abalroamento longitudinal";1;0;0;1;0;0;0;0;0;0;1;1;0;0;0
"08/04/2022";"19:16:00";"657";"Acidente s";"95,5";"BR-116/SP";"Pista Norte";"Choque em objeto na pista";1;0;0;0;0;0;0;0;0;0;1;0;0;0;0
"08/04/2022";"19:22:00";"667";"Acidente s";"93,4";"BR-116/SP";"Pista Norte";"Choque em barreira New Jersey";0;0;1;0;0;0;0;0;0;0;1;0;0;0;0
"08/04/2022";"19:28:00";"672";"Acidente s";"95,5";"BR-116/SP";"Pista Norte";"Choque em objeto na pista";1;0;0;0;0;0;0;0;0;0;1;0;0;0;0
"08/04/2022";"19:30:00";"674";"Acidente c";"125,05";"BR-116/SP";"Pista Sul";"Choque em objeto fixo";1;0;0;0;0;0;0;0;0;0;2;1;0;0;0
"08/04/2022";"20:01:00";"688";"Acidente s";"192,8";"BR-116/RJ";"Pista Sul";"Outros";1;0;0;0;0;0;0;0;0;0;1;0;0;0;0
"08/04/2022";"20:23:00";"693";"Acidente s";"21";"BR-116/SP";"Pista Sul";"Choque em objeto na pista";0;0;1;0;0;0;0;0;0;0;1;0;0;0;0
"08/04/2022";"20:26:00";"695";"Acidente s";"168,4";"BR-116/SP";"Pista Sul";"Engavetamento";0;0;1;1;0;1;0;0;0;0;3;0;0;0;0
"08/04/2022";"21:14:00";"717";"Acidente c";"172,8";"BR-116/RJ";"Pista Norte";"Colisão traseira";1;0;0;0;0;1;0;0;0;0;1;3;0;0;0
"08/04/2022";"22:24:00";"738";"Acidente s";"181,1";"BR-116/SP";"Pista Sul";"Choque em objeto fixo";1;0;0;0;0;1;0;0;0;0;5;0;0;0;0
"08/04/2022";"22:37:00";"746";"Acidente s";"22,5";"BR-116/SP";"Pista Norte";"Choque em objeto fixo";1;0;0;0;0;0;0;0;0;0;1;0;0;0;0
"09/04/2022";"00:34:00";"59";"Acidente s";"261";"BR-116/RJ";"Pista Norte";"Colisão traseira";1;0;1;0;0;0;0;0;0;0;5;0;0;0;0
"09/04/2022";"00:35:00";"60";"Acidente s";"70,1";"BR-116/SP";"Pista Norte";"Choque em defensa";1;0;0;0;0;0;0;0;0;0;1;0;0;0;0
"09/04/2022";"00:59:00";"66";"Acidente s";"190,3";"BR-116/SP";"Pista Sul";"Choque em objeto fixo";1;0;0;0;0;0;0;0;0;0;1;0;0;0;0
"09/04/2022";"04:39:00";"100";"Acidente s";"245";"BR-116/RJ";"Pista Sul";"Choque em barreira New Jersey";1;0;0;0;0;0;0;0;0;0;1;0;0;0;0
"09/04/2022";"05:20:00";"112";"Acidente s";"222,7";"BR-116/SP";"Pista Norte";"Choque em objeto na pista";1;0;0;0;0;0;0;0;0;0;2;0;0;0;0
"09/04/2022";"06:22:00";"132";"Acidente c";"280,9";"BR-116/RJ";"Pista Sul";"Choque em veículo parado na pista";1;0;1;0;0;0;0;0;0;0;1;0;1;1;0
"09/04/2022";"06:35:00";"136";"Acidente c";"148,8";"BR-116/SP";"Pista Norte";"Choque em barreira New Jersey";1;0;0;0;0;0;0;0;0;0;0;0;2;0;0
"09/04/2022";"06:57:00";"153";"Acidente s";"178,6";"BR-116/RJ";"Pista Norte";"Choque em barreira New Jersey";0;0;0;0;0;0;0;0;0;1;1;0;0;0;0
"09/04/2022";"07:44:00";"188";"Acidente c";"34";"BR-116/SP";"Pista Norte";"Queda de ribanceira";1;0;0;0;0;0;0;0;0;0;0;4;0;0;0
"09/04/2022";"09:34:00";"254";"Acidente c";"65,8";"BR-116/SP";"Pista Sul";"Queda de moto";0;0;0;1;0;0;0;0;0;0;0;1;0;0;0
"09/04/2022";"11:02:00";"305";"Acidente s";"65,3";"BR-116/SP";"Pista Norte";"Abalroamento longitudinal";1;0;0;0;0;1;0;0;0;0;2;0;0;0;0
"09/04/2022";"11:24:00";"316";"Acidente c";"268";"BR-116/RJ";"Pista Sul";"Choque em barreira New Jersey";0;0;0;1;0;0;0;0;0;0;0;0;1;0;0
"09/04/2022";"11:44:00";"326";"Acidente c";"76,7";"BR-116/SP";"Pista Norte";"Abalroamento longitudinal";1;0;1;0;0;0;0;0;0;0;1;0;2;0;0
"09/04/2022";"13:01:00";"369";"Acidente c";"269";"BR-116/RJ";"Pista Sul";"Abalroamento longitudinal";1;0;0;1;0;0;0;0;0;0;2;1;0;0;0
"09/04/2022";"13:51:00";"390";"Acidente s";"223,95";"BR-116/RJ";"Pista Norte";"Choque em objeto fixo";1;0;0;0;0;0;0;0;0;0;1;0;0;0;0
"09/04/2022";"15:06:00";"433";"Acidente c";"180,7";"BR-116/RJ";"Pista Norte";"Abalroamento longitudinal";1;0;0;1;0;0;0;0;0;0;1;1;0;0;0
"09/04/2022";"15:42:00";"457";"Acidente c";"38";"BR-116/SP";"Pista Norte";"Queda de moto";0;0;0;1;0;0;0;0;0;0;0;1;0;0;0
"09/04/2022";"16:32:00";"482";"Acidente s";"180,7";"BR-116/RJ";"Pista Norte";"Abalroamento longitudinal";2;0;0;0;0;0;0;0;0;0;2;0;0;0;0
"09/04/2022";"16:38:00";"486";"Acidente c";"125,7";"BR-116/SP";"Pista Sul";"Queda de moto";0;0;0;1;0;0;0;0;0;0;1;1;0;0;0
"09/04/2022";"16:50:00";"489";"Acidente s";"178,2";"BR-116/RJ";"Pista Sul";"Engavetamento";3;0;0;0;0;1;0;0;0;0;4;0;0;0;0
"09/04/2022";"17:20:00";"507";"Acidente c";"184";"BR-116/RJ";"Pista Sul";"Abalroamento longitudinal";0;0;0;1;0;1;0;0;0;0;1;2;0;0;0
"09/04/2022";"19:36:00";"598";"Acidente s";"287,8";"BR-116/RJ";"Pista Norte";"Abalroamento longitudinal";1;0;1;0;0;0;0;0;0;0;2;0;0;0;0
"09/04/2022";"20:07:00";"604";"Acidente c";"165,2";"BR-116/SP";"Pista Sul";"Engavetamento";3;0;0;0;0;0;0;0;0;0;6;3;0;0;0
"09/04/2022";"22:55:00";"672";"Acidente c";"117";"BR-116/SP";"Pista Norte";"Queda de moto";0;0;0;1;0;0;0;0;0;0;0;1;0;0;0
"09/04/2022";"22:59:00";"673";"Acidente s";"198,6";"BR-116/SP";"Pista Sul";"Atropelamento de animal";0;0;0;0;0;0;0;0;0;1;3;0;0;0;0
"10/04/2022";"00:37:00";"54";"Acidente c";"36,5";"BR-116/SP";"Pista Sul";"Capotamento";1;0;0;0;0;0;0;0;0;0;2;2;0;0;0
"10/04/2022";"01:28:00";"68";"Acidente c";"314,5";"BR-116/RJ";"Pista Sul";"Abalroamento longitudinal";1;0;0;0;0;1;0;0;0;0;1;1;0;0;0
"10/04/2022";"01:31:00";"69";"Acidente c";"314,5";"BR-116/RJ";"Pista Sul";"Abalroamento longitudinal";0;0;0;1;0;0;0;0;0;0;0;1;0;0;0
"10/04/2022";"05:57:00";"124";"Atropelame";"179,9";"BR-116/SP";"Pista Sul";"Atropelamento de pedestre atravessando";0;0;0;0;1;0;0;0;0;0;27;0;0;0;1
"10/04/2022";"06:24:00";"132";"Acidente s";"152,1";"BR-116/SP";"Pista Norte";"Choque em barreira New Jersey";1;0;0;0;0;0;0;0;0;0;1;0;0;0;0
"10/04/2022";"06:57:00";"151";"Acidente s";"204,7";"BR-116/SP";"Pista Sul";"Choque em defensa";1;0;0;0;0;0;0;0;0;0;1;0;0;0;0
"10/04/2022";"07:33:00";"175";"Acidente c";"255";"BR-116/RJ";"Pista Sul";"Queda de moto";0;0;0;1;0;0;0;0;0;0;0;1;0;0;0
"10/04/2022";"07:39:00";"177";"Acidente s";"74";"BR-116/SP";"Pista Norte";"Abalroamento longitudinal";2;0;0;0;0;0;0;0;0;0;3;0;0;0;0
"10/04/2022";"07:45:00";"182";"Acidente s";"280,35";"BR-116/RJ";"Pista Norte";"Choque em barreira New Jersey";0;0;1;0;0;0;0;0;0;0;1;0;0;0;0
"10/04/2022";"08:46:00";"211";"Acidente c";"222";"BR-116/RJ";"Pista Sul";"Queda de moto";0;0;0;1;0;0;0;0;0;0;0;1;0;0;0
"10/04/2022";"09:36:00";"227";"Acidente c";"122,4";"BR-116/SP";"Pista Sul";"Colisão traseira";0;0;2;0;0;0;0;0;0;0;1;1;0;0;0
"10/04/2022";"11:11:00";"264";"Acidente c";"217,6";"BR-116/RJ";"Pista Norte";"Choque em objeto fixo";1;0;0;0;0;0;0;0;0;0;0;1;0;0;0
"10/04/2022";"12:14:00";"302";"Acidente s";"279,8";"BR-116/RJ";"Pista Sul";"Outros";1;0;0;0;0;0;0;0;0;0;2;0;0;0;0
"10/04/2022";"13:06:00";"317";"Acidente c";"263,3";"BR-116/RJ";"Pista Norte";"Tombamento";0;0;1;0;0;0;0;0;0;0;0;0;1;0;0
"10/04/2022";"13:11:00";"321";"Acidente s";"117";"BR-116/SP";"Pista Norte";"Abalroamento longitudinal";1;0;1;0;0;0;0;0;0;0;7;0;0;0;0
"10/04/2022";"15:00:00";"366";"Acidente s";"264,1";"BR-116/RJ";"Pista Norte";"Colisão traseira";0;0;1;0;0;1;0;0;0;0;2;0;0;0;0
"10/04/2022";"15:34:00";"382";"Acidente s";"100";"BR-116/SP";"Pista Sul";"Colisão traseira";1;0;0;0;0;1;0;0;0;0;6;0;0;0;0
"10/04/2022";"16:25:00";"405";"Acidente s";"139,82";"BR-116/SP";"Pista Sul";"Colisão traseira";1;0;0;0;0;1;0;0;0;0;6;0;0;0;0
"10/04/2022";"16:28:00";"406";"Acidente s";"139,82";"BR-116/SP";"Pista Sul";"Engavetamento";1;0;0;0;0;0;0;0;0;2;11;0;0;0;0
"10/04/2022";"17:12:00";"429";"Acidente c";"220";"BR-116/SP";"Pista Norte";"Abalroamento longitudinal";1;0;1;0;0;0;0;0;0;0;1;2;0;0;0
"10/04/2022";"17:36:00";"437";"Acidente c";"207,2";"BR-116/SP";"Pista Sul";"Engavetamento";2;0;0;2;0;1;0;0;0;0;3;1;2;0;0
"10/04/2022";"18:11:00";"458";"Acidente c";"147,55";"BR-116/SP";"Pista Norte";"Queda de moto";0;0;0;1;0;0;0;0;0;0;0;1;0;0;0
"10/04/2022";"18:38:00";"476";"Acidente s";"186,4";"BR-116/SP";"Pista Sul";"Colisão frontal";2;0;0;0;0;0;0;0;0;0;3;0;0;0;0
"10/04/2022";"19:01:00";"487";"Acidente s";"181";"BR-116/SP";"Pista Norte";"Atropelamento de animal";1;0;0;0;0;0;0;0;0;0;2;0;0;0;0
"10/04/2022";"20:39:00";"536";"Acidente c";"223";"BR-116/SP";"Pista Norte";"Queda de moto";0;0;0;1;0;0;0;0;0;0;0;0;1;0;0
"10/04/2022";"22:20:00";"575";"Acidente c";"208,7";"BR-116/SP";"Pista Norte";"Colisão traseira";1;0;0;1;0;0;0;0;0;0;1;1;0;0;0
"10/04/2022";"23:00:00";"587";"Acidente c";"45,2";"BR-116/SP";"Pista Norte";"Colisão traseira";0;0;2;0;0;0;0;0;0;0;1;0;1;0;0
"11/04/2022";"00:42:00";"57";"Acidente s";"305,1";"BR-116/RJ";"Pista Norte";"Choque em barreira New Jersey";2;0;0;0;0;0;0;0;0;0;2;0;0;0;0
"11/04/2022";"01:10:00";"65";"Acidente c";"37,9";"BR-116/SP";"Pista Norte";"Choque em objeto fixo";1;0;0;0;0;0;0;0;0;0;4;1;0;0;0
"11/04/2022";"03:45:00";"91";"Acidente s";"228,1";"BR-116/SP";"Pista Sul";"Abalroamento longitudinal";1;0;1;0;0;0;0;0;0;0;3;0;0;0;0
"11/04/2022";"04:40:00";"98";"Acidente c";"173,6";"BR-116/SP";"Pista Norte";"Choque em veículo parado na pista";0;0;2;0;0;0;0;0;0;0;1;1;0;0;0
"11/04/2022";"04:57:00";"106";"Acidente s";"286,1";"BR-116/RJ";"Pista Norte";"Choque em objeto fixo";0;0;1;0;0;0;0;0;0;0;1;0;0;0;0
"11/04/2022";"05:47:00";"115";"Acidente c";"211,55";"BR-116/SP";"Pista Norte";"Choque em defensa";0;0;0;1;0;0;0;0;0;0;0;1;0;0;0
"11/04/2022";"06:50:00";"143";"Acidente c";"173,6";"BR-116/SP";"Pista Norte";"Colisão traseira";1;0;0;1;0;0;0;0;0;0;1;1;0;0;0
"11/04/2022";"09:08:00";"263";"Acidente c";"140";"BR-116/SP";"Pista Sul";"Choque em veículo parado na pista";1;0;0;1;0;0;0;0;0;0;1;0;1;0;0
"11/04/2022";"09:40:00";"294";"Acidente s";"139";"BR-116/SP";"Pista Sul";"Engavetamento";3;0;0;0;0;0;0;0;0;0;4;0;0;0;0
"11/04/2022";"10:05:00";"311";"Acidente s";"180,8";"BR-116/RJ";"Pista Sul";"Colisão traseira";1;0;0;1;0;0;0;0;0;0;3;0;0;0;0
"11/04/2022";"10:15:00";"314";"Acidente s";"230,4";"BR-116/SP";"Pista Sul";"Colisão traseira";1;0;1;0;0;0;0;0;0;0;3;0;0;0;0
"11/04/2022";"10:17:00";"317";"Acidente s";"215,5";"BR-116/SP";"Pista Sul";"Abalroamento longitudinal";1;0;0;0;0;1;0;0;0;0;2;0;0;0;0
"11/04/2022";"10:29:00";"327";"Acidente s";"181,45";"BR-116/RJ";"Pista Sul";"Colisão traseira";2;0;0;0;0;0;0;0;0;0;5;0;0;0;0
"11/04/2022";"11:15:00";"355";"Acidente c";"109,6";"BR-116/SP";"Pista Sul";"Queda de moto";0;0;0;1;0;0;0;0;0;0;0;1;0;0;0
"11/04/2022";"15:41:00";"479";"Acidente s";"212,3";"BR-116/SP";"Pista Sul";"Choque em objeto na pista";1;0;0;0;0;0;0;0;0;0;1;0;0;0;0
"11/04/2022";"17:02:00";"523";"Acidente c";"146";"BR-116/SP";"Pista Norte";"Colisão traseira";2;0;0;0;0;0;0;0;0;0;0;2;0;0;0
"11/04/2022";"17:29:00";"536";"Acidente c";"316,5";"BR-116/RJ";"Pista Sul";"Queda de moto";0;0;0;1;0;0;0;0;0;0;0;1;1;0;0
"11/04/2022";"17:48:00";"553";"Acidente c";"222,7";"BR-116/SP";"Pista Norte";"Colisão traseira";1;0;0;1;0;0;0;0;0;0;2;0;1;0;0
"11/04/2022";"18:41:00";"599";"Acidente s";"190,3";"BR-116/SP";"Pista Sul";"Queda de ribanceira";0;0;1;0;0;0;0;0;0;0;1;0;0;0;0
"11/04/2022";"18:44:00";"601";"Acidente c";"223";"BR-116/SP";"Pista Sul";"Queda de moto";0;0;0;1;0;0;0;0;0;0;0;1;0;0;0
"11/04/2022";"19:14:00";"620";"Acidente c";"147,15";"BR-116/SP";"Pista Norte";"Colisão traseira";1;0;0;1;0;0;0;0;0;0;1;1;0;0;0
"11/04/2022";"19:51:00";"649";"Acidente s";"147,15";"BR-116/SP";"Pista Norte";"Abalroamento longitudinal";0;0;1;0;0;1;0;0;0;0;2;0;0;0;0
"12/04/2022";"01:00:00";"59";"Acidente s";"226,8";"BR-116/RJ";"Pista Norte";"Choque em objeto fixo";1;0;0;0;0;0;0;0;0;0;1;0;0;0;0
"12/04/2022";"01:30:00";"66";"Acidente s";"89";"BR-116/SP";"Pista Norte";"Choque em barreira New Jersey";1;0;0;0;0;0;0;0;0;0;1;0;0;0;0
"12/04/2022";"04:55:00";"98";"Atropelame";"230,7";"BR-116/SP";"Pista Sul";"Atropelamento de pedestre caminhando";1;0;0;0;0;0;0;0;0;0;1;0;0;0;1
"12/04/2022";"05:26:00";"106";"Acidente c";"234,8";"BR-116/RJ";"Pista Norte";"Colisão traseira";0;0;2;0;0;0;0;0;0;0;1;0;1;0;0
"12/04/2022";"05:27:00";"107";"Acidente s";"182,3";"BR-116/SP";"Pista Norte";"Choque em barreira New Jersey";0;0;1;0;0;0;0;0;0;0;1;0;0;0;0
"12/04/2022";"05:33:00";"110";"Acidente c";"25,8";"BR-116/SP";"Pista Sul";"Abalroamento longitudinal";0;0;2;0;0;0;0;0;0;0;1;1;0;0;0
"12/04/2022";"05:35:00";"111";"Acidente s";"197,2";"BR-116/SP";"Pista Norte";"Choque em objeto na pista";1;0;0;0;0;0;0;0;0;0;1;0;0;0;0
"12/04/2022";"05:45:00";"113";"Acidente c";"215";"BR-116/SP";"Pista Sul";"Colisão traseira";0;0;0;1;0;1;0;0;0;0;1;2;0;0;0
"12/04/2022";"06:48:00";"150";"Acidente s";"228,7";"BR-116/SP";"Pista Sul";"Engavetamento";3;0;0;0;0;0;0;0;0;0;3;0;0;0;0
"12/04/2022";"07:33:00";"186";"Acidente s";"139";"BR-116/SP";"Pista Sul";"Colisão traseira";2;0;0;0;0;0;0;0;0;0;2;0;0;0;0
"12/04/2022";"08:06:00";"218";"Acidente c";"222,6";"BR-116/SP";"Pista Sul";"Abalroamento longitudinal";1;0;0;1;0;0;0;0;0;0;1;1;0;0;0
"12/04/2022";"08:32:00";"244";"Acidente c";"180,55";"BR-116/RJ";"Pista Norte";"Abalroamento longitudinal";0;0;0;1;0;0;0;0;0;1;1;0;1;0;0
"12/04/2022";"08:40:00";"254";"Acidente s";"143,8";"BR-116/SP";"Pista Sul";"Colisão traseira";2;0;0;0;0;0;0;0;0;0;2;0;0;0;0
"12/04/2022";"09:12:00";"278";"Acidente s";"163,8";"BR-116/RJ";"Pista Sul";"Colisão traseira";0;0;2;0;0;0;0;0;0;0;3;0;0;0;0
"12/04/2022";"09:37:00";"296";"Acidente s";"97,7";"BR-116/SP";"Pista Norte";"Choque em veículo parado na pista";0;0;1;0;0;1;0;0;0;0;2;0;0;0;0
"12/04/2022";"09:54:00";"309";"Acidente c";"176,9";"BR-116/RJ";"Pista Sul";"Colisão traseira";2;0;0;0;0;0;0;0;0;0;4;2;0;0;0
"12/04/2022";"10:07:00";"315";"Acidente c";"218";"BR-116/SP";"Pista Sul";"Colisão traseira";1;0;0;1;0;0;0;0;0;0;3;2;0;0;0
"12/04/2022";"11:38:00";"371";"Acidente c";"178";"BR-116/RJ";"Pista Sul";"Abalroamento longitudinal";1;0;0;1;0;0;0;0;0;0;2;0;1;0;0
"12/04/2022";"12:22:00";"392";"Acidente s";"133,65";"BR-116/SP";"Pista Sul";"Choque em objeto na pista";1;0;0;0;0;0;0;0;0;0;1;0;0;0;0
"12/04/2022";"14:24:00";"456";"Acidente c";"235,9";"BR-116/RJ";"Pista Sul";"Choque em defensa";1;0;0;0;0;0;0;0;0;0;0;0;1;0;0
"12/04/2022";"15:29:00";"497";"Acidente c";"181,8";"BR-116/RJ";"Pista Norte";"Colisão traseira";1;0;0;1;0;0;0;0;0;0;1;2;0;0;0
"12/04/2022";"15:59:00";"514";"Acidente c";"165,4";"BR-116/SP";"Pista Sul";"Colisão traseira";0;0;1;1;0;0;0;0;0;0;1;0;1;0;0
"12/04/2022";"17:13:00";"553";"Acidente c";"148,2";"BR-116/SP";"Pista Norte";"Engavetamento";2;0;0;1;0;0;0;0;0;0;4;0;0;0;1
"12/04/2022";"17:30:00";"559";"Acidente s";"107,5";"BR-116/SP";"Pista Norte";"Engavetamento";1;0;0;0;0;2;0;0;0;0;3;0;0;0;0
"12/04/2022";"18:08:00";"586";"Acidente c";"205,8";"BR-116/SP";"Pista Sul";"Engavetamento";1;0;1;0;1;0;0;0;0;1;11;1;0;0;0
"12/04/2022";"19:24:00";"641";"Acidente s";"178,4";"BR-116/RJ";"Pista Sul";"Colisão traseira";1;0;0;0;0;1;0;0;0;0;3;0;0;0;0
"12/04/2022";"21:32:00";"704";"Acidente s";"245,52";"BR-116/RJ";"Pista Norte";"Abalroamento longitudinal";1;0;0;0;1;0;0;0;0;0;45;0;0;0;0
"13/04/2022";"00:30:00";"53";"Acidente s";"64,7";"BR-116/SP";"Pista Norte";"Choque em objeto na pista";0;0;1;0;0;0;0;0;0;0;1;0;0;0;0
"13/04/2022";"02:33:00";"73";"Acidente s";"203";"BR-116/SP";"Pista Sul";"Abalroamento longitudinal";1;0;0;0;0;1;0;0;0;1;3;0;0;0;0
"13/04/2022";"02:42:00";"74";"Acidente s";"74,1";"BR-116/SP";"Pista Norte";"Choque em defensa";1;0;0;0;0;0;0;0;0;0;1;0;0;0;0
"13/04/2022";"07:19:00";"167";"Acidente s";"200,55";"BR-116/RJ";"Pista Sul";"Abalroamento longitudinal";0;0;2;0;0;0;0;0;0;0;2;0;0;0;0
"13/04/2022";"07:39:00";"185";"Acidente c";"210,5";"BR-116/SP";"Pista Sul";"Engavetamento";2;0;0;1;0;0;0;0;0;0;2;1;0;0;0
"13/04/2022";"07:55:00";"203";"Acidente c";"154,9";"BR-116/SP";"Pista Norte";"Colisão traseira";1;0;0;1;0;0;0;0;0;0;1;1;0;0;0
"13/04/2022";"08:33:00";"227";"Acidente c";"23,6";"BR-116/SP";"Pista Norte";"Outros";0;0;1;0;0;0;0;0;0;0;0;1;0;0;0
"13/04/2022";"08:47:00";"239";"Acidente c";"205,1";"BR-116/SP";"Pista Sul";"Abalroamento longitudinal";1;0;0;1;0;0;0;0;0;0;4;1;0;0;0
"13/04/2022";"08:56:00";"243";"Acidente s";"157";"BR-116/SP";"Pista Norte";"Colisão traseira";1;0;0;0;0;0;0;0;0;1;2;0;0;0;0
"13/04/2022";"09:19:00";"263";"Acidente s";"155";"BR-116/SP";"Pista Norte";"Colisão traseira";1;0;0;0;0;1;0;0;0;0;2;0;0;0;0
"13/04/2022";"10:34:00";"321";"Acidente c";"189,45";"BR-116/RJ";"Pista Sul";"Choque em objeto na pista";0;0;1;1;0;0;0;0;0;0;1;1;0;0;0
"13/04/2022";"12:50:00";"392";"Acidente s";"199";"BR-116/RJ";"Pista Norte";"Colisão traseira";2;0;0;0;0;0;0;0;0;0;2;0;0;0;0
"13/04/2022";"13:47:00";"424";"Acidente s";"163,9";"BR-116/SP";"Pista Sul";"Colisão traseira";2;0;0;0;0;0;0;0;0;0;6;0;0;0;0
"13/04/2022";"15:42:00";"483";"Acidente s";"135,3";"BR-116/SP";"Pista Sul";"Abalroamento longitudinal";1;0;1;0;0;0;0;0;0;0;3;0;0;0;0