data;horario;n_da_ocorrencia;tipo_de_ocorrencia;km;trecho;sentido;tipo_de_acidente;automovel;bicicleta;caminhao;moto;onibus;outros;tracao_animal;transporte_de_cargas_especiais;trator_maquinas;utilitarios;ilesos;levemente_feridos;moderadamente_feridos;gravemente_feridos;mortos
"13/04/2022";"16:54:00";"527";"Acidente s";"6,8";"BR-116/SP";"Pista Sul";"Choque em objeto fixo";0;0;1;0;0;0;0;0;0;0;1;0;0;0;0
"13/04/2022";"17:53:00";"570";"Acidente s";"281,2";"BR-116/RJ";"Pista Sul";"Colisão traseira";2;0;0;0;0;0;0;0;0;0;2;0;0;0;0
"13/04/2022";"18:19:00";"585";"Acidente s";"107,2";"BR-116/SP";"Pista Sul";"Engavetamento";4;0;0;0;0;0;0;0;0;0;8;0;0;0;0
"13/04/2022";"18:33:00";"600";"Acidente s";"108,7";"BR-116/SP";"Pista Sul";"Colisão traseira";1;0;0;0;0;1;0;0;0;0;2;0;0;0;0
"13/04/2022";"19:54:00";"644";"Acidente c";"38,5";"BR-116/SP";"Pista Sul";"Choque em defensa";1;0;0;0;0;0;0;0;0;0;0;1;0;0;0
"13/04/2022";"20:14:00";"654";"Acidente c";"206";"BR-116/SP";"Pista Norte";"Choque em barreira New Jersey";1;0;0;0;0;1;0;0;0;0;1;1;0;0;0
"13/04/2022";"23:38:00";"743";"Acidente c";"228,8";"BR-116/SP";"Pista Norte";"Colisão traseira";2;0;0;0;0;0;0;0;0;0;3;0;1;0;0
"14/04/2022";"03:18:00";"60";"Acidente s";"221,25";"BR-116/RJ";"Pista Sul";"Abalroamento longitudinal";1;0;0;0;0;1;0;0;0;0;2;0;0;0;0
"14/04/2022";"06:06:00";"121";"Acidente s";"167,8";"BR-116/RJ";"Pista Sul";"Choque em barreira New Jersey";1;0;0;0;0;0;0;0;0;0;1;0;0;0;0
"14/04/2022";"06:14:00";"126";"Acidente s";"38";"BR-116/SP";"Pista Sul";"Choque em objeto fixo";1;0;0;0;0;0;0;0;0;0;1;0;0;0;0
"14/04/2022";"06:39:00";"136";"Acidente s";"329";"BR-116/RJ";"Pista Norte";"Choque em defensa";1;0;1;0;0;0;0;0;0;0;3;0;0;0;0
"14/04/2022";"09:22:00";"245";"Acidente s";"288,65";"BR-116/RJ";"Pista Sul";"Choque em barreira New Jersey";1;0;0;0;0;0;0;0;0;0;2;0;0;0;0
"14/04/2022";"09:49:00";"264";"Acidente s";"46,7";"BR-116/SP";"Pista Norte";"Engavetamento";2;0;0;0;0;1;0;0;0;0;3;0;0;0;0
"14/04/2022";"09:57:00";"270";"Acidente s";"241,55";"BR-116/RJ";"Pista Sul";"Choque em barreira New Jersey";0;0;0;0;0;0;0;0;0;1;1;0;0;0;0
"14/04/2022";"10:33:00";"297";"Acidente s";"279,9";"BR-116/RJ";"Pista Norte";"Choque em objeto fixo";1;0;0;0;0;0;0;0;0;0;1;0;0;0;0
"14/04/2022";"11:04:00";"313";"Acidente s";"228";"BR-116/RJ";"Pista Norte";"Choque em barreira New Jersey";1;0;0;0;0;0;0;0;0;0;1;0;0;0;0
"14/04/2022";"12:10:00";"352";"Acidente s";"167,9";"BR-116/RJ";"Pista Norte";"Colisão traseira";3;0;0;0;0;0;0;0;0;0;3;0;0;0;0
"14/04/2022";"13:19:00";"385";"Atropelame";"99,3";"BR-116/SP";"Pista Sul";"Atropelamento de pedestre atravessando";1;0;0;0;0;0;0;0;0;0;1;0;1;0;0
"14/04/2022";"14:36:00";"430";"Acidente s";"87";"BR-116/SP";"Pista Sul";"Choque em defensa";0;0;1;0;0;0;0;0;0;0;1;0;0;0;0
"14/04/2022";"14:47:00";"441";"Acidente c";"182";"BR-116/RJ";"Pista Norte";"Engavetamento";3;0;0;0;0;0;0;0;0;0;2;1;0;0;0
"14/04/2022";"16:01:00";"485";"Acidente s";"69,15";"BR-116/SP";"Pista Sul";"Choque em objeto na pista";0;0;0;0;0;0;0;0;0;1;1;0;0;0;0
"14/04/2022";"16:21:00";"498";"Acidente c";"65,1";"BR-116/SP";"Pista Norte";"Choque em objeto fixo";1;0;0;0;0;0;0;0;0;0;0;1;0;0;0
"14/04/2022";"17:13:00";"529";"Acidente s";"258,15";"BR-116/RJ";"Pista Sul";"Choque em objeto fixo";1;0;0;0;0;0;0;0;0;0;1;0;0;0;0
"14/04/2022";"17:22:00";"535";"Acidente s";"258,6";"BR-116/RJ";"Pista Sul";"Queda de moto";0;0;0;1;0;0;0;0;0;0;1;0;0;0;0
"14/04/2022";"17:38:00";"549";"Acidente s";"86,95";"BR-116/SP";"Pista Sul";"Colisão traseira";2;0;0;0;0;0;0;0;0;0;5;0;0;0;0
"14/04/2022";"17:42:00";"551";"Acidente s";"227,9";"BR-116/RJ";"Pista Norte";"Choque Talude";1;0;0;0;0;0;0;0;0;0;1;0;0;0;0
"14/04/2022";"18:02:00";"565";"Acidente c";"155";"BR-116/SP";"Pista Norte";"Colisão traseira";1;0;1;0;0;0;0;0;0;0;1;3;0;0;0
"14/04/2022";"22:00:00";"707";"Acidente c";"120,4";"BR-116/SP";"Pista Sul";"Queda de moto";0;0;0;1;0;0;0;0;0;0;0;0;1;0;0
"14/04/2022";"22:01:00";"709";"Acidente s";"301,4";"BR-116/RJ";"Pista Sul";"Engavetamento";1;0;2;0;0;0;0;0;0;0;3;0;0;0;0
"14/04/2022";"22:14:00";"712";"Acidente s";"229,1";"BR-116/SP";"Pista Norte";"Choque em defensa";1;0;0;0;0;0;0;0;0;0;1;0;0;0;0
"14/04/2022";"22:55:00";"725";"Acidente c";"15,5";"BR-116/SP";"Pista Norte";"Choque em barreira New Jersey";1;0;0;0;0;0;0;0;0;0;0;1;0;0;0
"15/04/2022";"00:53:00";"29";"Acidente s";"86,95";"BR-116/SP";"Pista Sul";"Choque em objeto fixo";0;0;1;0;0;0;0;0;0;0;1;0;0;0;0
"15/04/2022";"01:53:00";"36";"Acidente s";"178";"BR-116/RJ";"Pista Norte";"Choque em barreira New Jersey";1;0;0;0;0;0;0;0;0;0;2;0;0;0;0
"15/04/2022";"03:25:00";"58";"Acidente s";"313,8";"BR-116/RJ";"Pista Norte";"Outros";0;0;0;0;0;0;0;0;0;1;1;0;0;0;0
"15/04/2022";"04:19:00";"71";"Acidente c";"242";"BR-116/RJ";"Pista Sul";"Colisão traseira";1;0;0;0;0;1;0;0;0;0;2;1;0;0;0
"15/04/2022";"04:33:00";"72";"Acidente s";"180,8";"BR-116/SP";"Pista Sul";"Colisão traseira";1;0;1;0;0;0;0;0;0;0;3;0;0;0;0
"15/04/2022";"04:57:00";"75";"Acidente s";"217,5";"BR-116/SP";"Pista Norte";"Choque em barreira New Jersey";1;0;0;0;0;0;0;0;0;0;1;0;0;0;0
"15/04/2022";"06:20:00";"91";"Acidente c";"117,35";"BR-116/SP";"Pista Sul";"Queda de moto";0;0;0;1;0;0;0;0;0;0;0;1;0;0;0
"15/04/2022";"09:48:00";"201";"Acidente s";"277,13";"BR-116/RJ";"Pista Norte";"Colisão traseira";2;0;0;0;0;0;0;0;0;0;2;0;0;0;0
"15/04/2022";"10:36:00";"223";"Acidente s";"141,2";"BR-116/SP";"Pista Norte";"Colisão traseira";2;0;0;0;0;0;0;0;0;0;2;0;0;0;0
"15/04/2022";"11:32:00";"254";"Acidente s";"140,6";"BR-116/SP";"Pista Norte";"Colisão traseira";2;0;0;0;0;0;0;0;0;0;2;0;0;0;0
"15/04/2022";"15:45:00";"371";"Acidente s";"142";"BR-116/SP";"Pista Norte";"Choque em objeto na pista";1;0;0;0;0;0;0;0;0;0;1;0;0;0;0
"15/04/2022";"16:57:00";"399";"Acidente s";"187,4";"BR-116/RJ";"Pista Norte";"Colisão traseira";2;0;0;0;0;0;0;0;0;0;2;0;0;0;0
"16/04/2022";"01:00:00";"28";"Acidente s";"198,8";"BR-116/RJ";"Pista Norte";"Queda de ribanceira";1;0;0;0;0;0;0;0;0;0;1;0;0;0;0
"16/04/2022";"04:38:00";"61";"Acidente s";"225,7";"BR-116/SP";"Pista Norte";"Choque em objeto na pista";1;0;0;0;0;0;0;0;0;0;1;0;0;0;0
"16/04/2022";"07:50:00";"101";"Acidente c";"116,8";"BR-116/SP";"Pista Sul";"Colisão traseira";1;0;0;1;0;0;0;0;0;0;1;0;1;0;0
"16/04/2022";"11:38:00";"212";"Acidente s";"97,4";"BR-116/SP";"Pista Norte";"Engavetamento";3;0;0;0;0;0;0;0;0;0;6;0;0;0;0
"16/04/2022";"16:45:00";"354";"Acidente s";"209,8";"BR-116/SP";"Pista Norte";"Atropelamento de animal";1;0;0;0;0;1;0;0;0;0;3;0;0;0;0
"16/04/2022";"17:29:00";"370";"Acidente s";"112";"BR-116/SP";"Pista Sul";"Abalroamento longitudinal";1;0;1;0;0;0;0;0;0;0;2;0;0;0;0
"16/04/2022";"22:07:00";"459";"Acidente c";"180,8";"BR-116/SP";"Pista Norte";"Tombamento";0;0;0;0;0;0;0;0;0;1;1;1;0;0;0
"16/04/2022";"22:38:00";"465";"Acidente s";"6,85";"BR-116/SP";"Pista Norte";"Atropelamento de animal";1;0;0;0;0;0;0;0;0;0;1;0;0;0;0
"16/04/2022";"22:51:00";"472";"Acidente s";"62,5";"BR-116/SP";"Pista Norte";"Choque em defensa";4;0;0;0;0;4;0;0;0;0;8;0;0;0;0
"16/04/2022";"23:06:00";"483";"Acidente s";"62,7";"BR-116/SP";"Pista Sul";"Colisão traseira";2;0;0;0;0;0;0;0;0;0;2;0;0;0;0
"16/04/2022";"23:43:00";"496";"Acidente s";"256";"BR-116/RJ";"Pista Norte";"Choque em defensa";2;0;0;0;0;0;0;0;0;0;2;0;0;0;0
"17/04/2022";"02:05:00";"41";"Acidente s";"156,5";"BR-116/SP";"Pista Sul";"Atropelamento de animal";1;0;0;0;1;0;0;0;0;0;3;0;0;0;0
"17/04/2022";"02:45:00";"46";"Acidente c";"46,1";"BR-116/SP";"Pista Norte";"Atropelamento de animal";2;0;0;0;0;0;0;0;0;0;1;1;0;0;0
"17/04/2022";"05:37:00";"61";"Acidente c";"305,28";"BR-116/RJ";"Pista Norte";"Choque em barreira New Jersey";1;0;0;0;0;0;0;0;0;0;0;1;0;0;0
"17/04/2022";"08:00:00";"100";"Acidente c";"178,4";"BR-116/RJ";"Pista Sul";"Abalroamento longitudinal";1;0;0;0;0;1;0;0;0;0;1;1;0;0;0
"17/04/2022";"09:08:00";"134";"Acidente s";"188,4";"BR-116/SP";"Pista Sul";"Choque Talude";1;0;0;0;0;0;0;0;0;0;2;0;0;0;0
"17/04/2022";"09:46:00";"143";"Acidente c";"62,45";"BR-116/SP";"Pista Sul";"Capotamento";1;0;0;0;0;0;0;0;0;0;0;1;0;0;0
"17/04/2022";"10:48:00";"164";"Acidente s";"60,4";"BR-116/SP";"Pista Sul";"Colisão traseira";1;0;0;0;0;1;0;0;0;0;2;0;0;0;0
"17/04/2022";"12:42:00";"201";"Acidente s";"6,45";"BR-116/SP";"Pista Norte";"Choque em barreira New Jersey";1;0;0;0;0;0;0;0;0;0;1;0;0;0;0
"17/04/2022";"12:43:00";"202";"Acidente s";"180";"BR-116/RJ";"Pista Norte";"Colisão traseira";1;0;0;0;0;0;0;0;0;1;2;0;0;0;0
"17/04/2022";"13:18:00";"212";"Atropelame";"223,75";"BR-116/RJ";"Pista Norte";"Atropelamento de pedestre atravessando";0;1;0;0;0;1;0;0;0;0;1;0;1;0;0
"17/04/2022";"14:37:00";"239";"Acidente s";"136,2";"BR-116/SP";"Pista Sul";"Engavetamento";3;0;0;0;0;0;0;0;0;0;6;0;0;0;0
"17/04/2022";"14:45:00";"243";"Acidente s";"100,8";"BR-116/SP";"Pista Sul";"Engavetamento";3;0;0;0;0;0;0;0;0;0;3;0;0;0;0
"17/04/2022";"15:37:00";"279";"Acidente s";"278";"BR-116/RJ";"Pista Norte";"Colisão traseira";1;0;0;0;1;0;0;0;0;0;39;0;0;0;0
"17/04/2022";"15:44:00";"283";"Acidente s";"286,9";"BR-116/RJ";"Pista Norte";"Colisão traseira";2;0;0;0;0;0;0;0;0;0;2;0;0;0;0
"17/04/2022";"16:10:00";"302";"Acidente c";"133,4";"BR-116/SP";"Pista Sul";"Engavetamento";3;0;0;0;1;0;0;0;0;0;53;2;0;0;0
"17/04/2022";"16:58:00";"329";"Acidente s";"287";"BR-116/RJ";"Pista Norte";"Engavetamento";3;0;0;0;0;0;0;0;0;0;9;0;0;0;0
"17/04/2022";"17:14:00";"343";"Acidente s";"104";"BR-116/SP";"Pista Sul";"Colisão traseira";1;0;0;0;0;1;0;0;0;0;2;0;0;0;0
"17/04/2022";"18:19:00";"379";"Acidente s";"53,3";"BR-116/SP";"Pista Sul";"Colisão traseira";2;0;0;0;0;0;0;0;0;0;2;0;0;0;0
"17/04/2022";"20:12:00";"438";"Acidente s";"211,5";"BR-116/SP";"Pista Sul";"Colisão traseira";2;0;0;0;0;0;0;0;0;0;6;0;0;0;0
"17/04/2022";"20:41:00";"455";"Acidente c";"211,8";"BR-116/SP";"Pista Sul";"Engavetamento";2;0;0;0;0;1;0;0;0;0;7;2;0;0;0
"17/04/2022";"21:15:00";"467";"Acidente s";"236,9";"BR-116/RJ";"Pista Sul";"Outros";1;0;0;0;0;0;0;0;0;0;1;0;0;0;0
"17/04/2022";"22:07:00";"486";"Acidente s";"186,9";"BR-116/SP";"Pista Sul";"Choque em objeto na pista";1;0;0;0;0;0;0;0;0;0;3;0;0;0;0
"17/04/2022";"23:46:00";"520";"Atropelame";"192,7";"BR-116/RJ";"Pista Sul";"Atropelamento de pedestre atravessando";0;1;0;0;0;1;0;0;0;0;1;0;0;0;1
"18/04/2022";"00:47:00";"25";"Acidente s";"106";"BR-116/SP";"Pista Norte";"Abalroamento longitudinal";1;0;0;0;0;1;0;0;0;0;2;0;0;0;0
"18/04/2022";"04:11:00";"66";"Acidente s";"163,6";"BR-116/RJ";"Pista Sul";"Abalroamento longitudinal";1;0;1;0;0;0;0;0;0;0;2;0;0;0;0
"18/04/2022";"05:12:00";"73";"Acidente c";"178,9";"BR-116/RJ";"Pista Norte";"Engavetamento";3;0;0;0;0;0;0;0;0;0;2;0;1;0;0
"18/04/2022";"06:15:00";"89";"Acidente c";"222,2";"BR-116/SP";"Pista Sul";"Queda de moto";0;0;0;1;0;0;0;0;0;0;0;0;0;1;0
"18/04/2022";"06:42:00";"108";"Acidente s";"309";"BR-116/RJ";"Pista Norte";"Colisão traseira";1;0;0;0;0;1;0;0;0;0;3;0;0;0;0
"18/04/2022";"06:54:00";"118";"Acidente s";"163,8";"BR-116/RJ";"Pista Norte";"Engavetamento";3;0;0;0;0;0;0;0;0;0;3;0;0;0;0
"18/04/2022";"07:29:00";"148";"Acidente c";"261";"BR-116/RJ";"Pista Norte";"Choque em barreira New Jersey";1;0;0;0;0;0;0;0;0;0;0;1;0;0;0
"18/04/2022";"09:14:00";"229";"Acidente s";"219,9";"BR-116/SP";"Pista Norte";"Choque em barreira New Jersey";1;0;0;0;0;0;0;0;0;0;1;0;0;0;0
"18/04/2022";"09:17:00";"231";"Acidente s";"264,9";"BR-116/RJ";"Pista Norte";"Colisão traseira";1;0;1;0;0;0;0;0;0;0;2;0;0;0;0
"18/04/2022";"09:27:00";"235";"Acidente c";"163,5";"BR-116/RJ";"Pista Sul";"Abalroamento longitudinal";0;0;0;1;0;1;0;0;0;0;1;1;0;0;0
"18/04/2022";"11:11:00";"291";"Acidente c";"220,45";"BR-116/RJ";"Pista Norte";"Tombamento";0;0;1;0;0;0;0;0;0;0;0;1;0;0;0
"18/04/2022";"11:12:00";"292";"Acidente c";"231";"BR-116/SP";"Pista Sul";"Abalroamento longitudinal";1;0;0;1;0;0;0;0;0;0;1;1;0;0;0
"18/04/2022";"11:22:00";"295";"Acidente c";"218,4";"BR-116/SP";"Pista Norte";"Colisão traseira";1;0;0;1;0;0;0;0;0;0;2;1;0;0;0
"18/04/2022";"12:45:00";"331";"Acidente s";"159,8";"BR-116/SP";"Pista Norte";"Colisão traseira";0;0;0;0;0;1;0;0;0;1;2;0;0;0;0
"18/04/2022";"14:42:00";"394";"Acidente s";"198,4";"BR-116/SP";"Pista Sul";"Choque em objeto fixo";0;0;2;0;0;0;0;0;0;0;2;0;0;0;0
"18/04/2022";"16:35:00";"455";"Acidente c";"75";"BR-116/SP";"Pista Norte";"Queda de moto";0;0;0;1;0;0;0;0;0;0;0;1;1;0;0
"18/04/2022";"16:55:00";"462";"Acidente s";"178,2";"BR-116/RJ";"Pista Sul";"Abalroamento longitudinal";1;0;1;0;0;0;0;0;0;0;3;0;0;0;0
"18/04/2022";"17:08:00";"468";"Acidente c";"143,1";"BR-116/SP";"Pista Norte";"Choque em objeto fixo";1;0;0;0;0;0;0;0;0;0;0;1;0;0;0
"18/04/2022";"17:10:00";"469";"Acidente s";"257,7";"BR-116/RJ";"Pista Sul";"Abalroamento longitudinal";1;0;1;0;0;0;0;0;0;0;2;0;0;0;0
"18/04/2022";"19:01:00";"532";"Acidente s";"244,1";"BR-116/RJ";"Pista Sul";"Tombamento";0;0;1;0;0;0;0;0;0;0;1;0;0;0;0
"18/04/2022";"19:02:00";"533";"Acidente s";"75";"BR-116/SP";"Pista Sul";"Atropelamento de animal";0;0;1;0;0;0;0;0;0;0;1;0;0;0;0
"18/04/2022";"20:59:00";"577";"Atropelame";"214";"BR-116/SP";"Pista Sul";"Atropelamento de pedestre caminhando";0;0;0;0;0;1;0;0;0;0;1;0;0;1;0
"19/04/2022";"04:02:00";"64";"Acidente c";"176";"BR-116/RJ";"Pista Norte";"Capotamento";1;0;0;0;0;0;0;0;0;0;0;1;0;0;0
"19/04/2022";"05:20:00";"84";"Acidente c";"255,8";"BR-116/RJ";"Pista Norte";"Colisão traseira";1;0;1;0;0;0;0;0;0;0;3;1;0;0;0
"19/04/2022";"05:28:00";"87";"Acidente s";"167";"BR-116/RJ";"Pista Sul";"Capotamento";1;0;0;0;0;0;0;0;0;0;1;0;0;0;0
"19/04/2022";"07:27:00";"162";"Acidente s";"219,5";"BR-116/SP";"Pista Sul";"Queda de moto";0;0;0;1;0;1;0;0;0;0;2;0;0;0;0
"19/04/2022";"08:58:00";"244";"Acidente c";"169,3";"BR-116/RJ";"Pista Norte";"Colisão traseira";0;0;0;2;0;0;0;0;0;0;1;1;0;0;0
"19/04/2022";"11:23:00";"337";"Acidente s";"219,7";"BR-116/SP";"Pista Norte";"Abalroamento longitudinal";1;0;0;0;0;1;0;0;0;0;2;0;0;0;0
"19/04/2022";"15:42:00";"485";"Acidente s";"77,6";"BR-116/SP";"Pista Sul";"Abalroamento longitudinal";1;0;1;0;0;0;0;0;0;0;2;0;0;0;0
"19/04/2022";"17:40:00";"539";"Acidente s";"146,9";"BR-116/SP";"Pista Norte";"Colisão traseira";2;0;0;0;0;0;0;0;0;0;3;0;0;0;0
"19/04/2022";"17:57:00";"556";"Acidente s";"157,8";"BR-116/SP";"Pista Sul";"Colisão traseira";1;0;0;0;0;1;0;0;0;0;2;0;0;0;0
"19/04/2022";"18:16:00";"575";"Acidente c";"216";"BR-116/SP";"Pista Norte";"Engavetamento";0;0;1;1;0;1;0;0;0;0;3;1;0;0;0
"19/04/2022";"18:23:00";"582";"Acidente c";"146";"BR-116/SP";"Pista Sul";"Colisão traseira";0;0;0;1;0;1;0;0;0;0;1;0;1;0;0
"19/04/2022";"19:47:00";"649";"Acidente c";"224,2";"BR-116/SP";"Pista Sul";"Engavetamento";2;0;0;0;0;1;0;0;0;0;3;1;0;0;0
"19/04/2022";"22:41:00";"720";"Acidente s";"297,7";"BR-116/RJ";"Pista Sul";"Choque em objeto na pista";1;0;0;0;0;0;0;0;0;0;1;0;0;0;0
"20/04/2022";"01:21:00";"42";"Acidente s";"324,2";"BR-116/RJ";"Pista Norte";"Abalroamento longitudinal";0;0;1;0;0;1;0;0;0;0;2;0;0;0;0
"20/04/2022";"03:08:00";"62";"Acidente c";"139,45";"BR-116/SP";"Pista Norte";"Choque em defensa";1;0;0;0;0;0;0;0;0;0;4;1;0;0;0
"20/04/2022";"03:20:00";"65";"Acidente c";"125,4";"BR-116/SP";"Pista Sul";"Choque em barreira New Jersey";1;0;0;0;0;0;0;0;0;0;0;1;0;0;0
"20/04/2022";"07:44:00";"173";"Acidente s";"217,9";"BR-116/SP";"Pista Sul";"Abalroamento longitudinal";1;0;0;1;0;0;0;0;0;0;3;0;0;0;0
"20/04/2022";"10:20:00";"310";"Acidente c";"228,8";"BR-116/SP";"Pista Sul";"Engavetamento";3;0;1;0;0;1;0;0;0;0;7;2;0;0;0
"20/04/2022";"10:32:00";"321";"Acidente s";"86,95";"BR-116/SP";"Pista Norte";"Abalroamento longitudinal";0;0;1;1;0;0;0;0;0;0;2;0;0;0;0
"20/04/2022";"14:38:00";"458";"Acidente c";"221,1";"BR-116/SP";"Pista Norte";"Abalroamento longitudinal";0;0;0;1;0;1;0;0;0;0;1;1;0;0;0
"20/04/2022";"15:54:00";"501";"Acidente s";"142,95";"BR-116/SP";"Pista Norte";"Abalroamento transversal";1;0;1;0;0;0;0;0;0;0;3;0;0;0;0
"20/04/2022";"16:56:00";"547";"Acidente s";"101,9";"BR-116/SP";"Pista Sul";"Engavetamento";2;0;1;0;0;1;0;0;0;0;4;0;0;0;0
"20/04/2022";"17:03:00";"551";"Acidente c";"147,9";"BR-116/SP";"Pista Norte";"Engavetamento";2;0;0;1;0;0;0;0;0;0;2;0;0;1;0
"20/04/2022";"17:05:00";"553";"Acidente c";"100,9";"BR-116/SP";"Pista Sul";"Engavetamento";3;0;0;0;0;0;0;0;0;0;2;1;0;0;0
"20/04/2022";"17:40:00";"574";"Acidente s";"152,4";"BR-116/SP";"Pista Norte";"Colisão traseira";1;0;0;0;0;1;0;0;0;0;2;0;0;0;0
"20/04/2022";"17:53:00";"584";"Acidente s";"7";"BR-116/SP";"Pista Norte";"Choque em barreira New Jersey";1;0;0;0;0;0;0;0;0;0;1;0;0;0;0
"20/04/2022";"18:07:00";"594";"Acidente s";"109,9";"BR-116/SP";"Pista Norte";"Engavetamento";3;0;0;0;0;1;0;0;0;0;4;0;0;0;0
"20/04/2022";"18:28:00";"608";"Acidente s";"148";"BR-116/SP";"Pista Norte";"Colisão traseira";2;0;0;0;0;0;0;0;0;0;5;0;0;0;0
"20/04/2022";"18:45:00";"619";"Acidente s";"100";"BR-116/SP";"Pista Sul";"Colisão traseira";2;0;0;0;0;0;0;0;0;0;2;0;0;0;0
"20/04/2022";"19:12:00";"642";"Acidente s";"301";"BR-116/RJ";"Pista Sul";"Colisão traseira";1;0;0;0;0;1;0;0;0;0;2;0;0;0;0
"20/04/2022";"19:13:00";"643";"Acidente s";"214,7";"BR-116/SP";"Pista Norte";"Colisão traseira";0;0;0;0;0;0;0;0;0;2;3;0;0;0;0
"20/04/2022";"19:51:00";"662";"Acidente s";"117";"BR-116/SP";"Pista Norte";"Colisão traseira";1;0;0;0;0;1;0;0;0;0;2;0;0;0;0
"20/04/2022";"20:49:00";"685";"Acidente s";"159,1";"BR-116/SP";"Pista Sul";"Colisão traseira";1;0;1;0;0;0;0;0;0;0;2;0;0;0;0
"20/04/2022";"21:03:00";"691";"Acidente s";"155,5";"BR-116/SP";"Pista Norte";"Colisão traseira";1;0;1;0;0;0;0;0;0;0;5;0;0;0;0
"20/04/2022";"21:34:00";"703";"Acidente c";"65,5";"BR-116/SP";"Pista Sul";"Colisão traseira";1;0;1;0;0;0;0;0;0;0;1;2;0;0;0
"20/04/2022";"22:17:00";"714";"Acidente s";"279";"BR-116/RJ";"Pista Norte";"Choque em barreira New Jersey";1;0;0;0;0;0;0;0;0;0;1;0;0;0;0
"20/04/2022";"23:13:00";"728";"Acidente s";"146,6";"BR-116/SP";"Pista Norte";"Choque em objeto na pista";1;0;0;0;0;0;0;0;0;0;1;0;0;0;0
"21/04/2022";"01:37:00";"29";"Acidente c";"243,4";"BR-116/RJ";"Pista Sul";"Choque Talude";1;0;0;0;0;0;0;0;0;0;0;0;1;0;0
"21/04/2022";"02:39:00";"42";"Acidente s";"33,25";"BR-116/SP";"Pista Sul";"Choque em objeto na pista";0;0;2;0;0;0;0;0;0;0;2;0;0;0;0
"21/04/2022";"02:40:00";"43";"Acidente s";"225,35";"BR-116/SP";"Pista Norte";"Capotamento";1;0;0;0;0;0;0;0;0;0;1;0;0;0;0
"21/04/2022";"03:37:00";"53";"Acidente s";"124,5";"BR-116/SP";"Pista Norte";"Colisão traseira";0;0;2;0;0;0;0;0;0;0;2;0;0;0;0
"21/04/2022";"05:54:00";"73";"Acidente s";"124,85";"BR-116/SP";"Pista Norte";"Choque em objeto fixo";1;0;0;0;0;0;0;0;0;0;3;0;0;0;0
"21/04/2022";"07:14:00";"94";"Acidente s";"137";"BR-116/SP";"Pista Norte";"Colisão traseira";1;0;0;0;0;0;0;0;0;1;15;0;0;0;0
"21/04/2022";"07:58:00";"120";"Acidente s";"116,2";"BR-116/SP";"Pista Norte";"Colisão traseira";1;0;0;0;0;1;0;0;0;0;3;0;0;0;0
"21/04/2022";"08:36:00";"142";"Acidente s";"225,2";"BR-116/RJ";"Pista Sul";"Colisão traseira";1;0;0;0;0;1;0;0;0;0;3;0;0;0;0
"21/04/2022";"08:52:00";"150";"Acidente s";"196";"BR-116/RJ";"Pista Sul";"Colisão traseira";1;0;0;0;0;0;0;0;0;1;2;0;0;0;0
"21/04/2022";"10:33:00";"222";"Acidente s";"257,9";"BR-116/RJ";"Pista Norte";"Choque em objeto fixo";1;0;0;0;0;0;0;0;0;0;2;0;0;0;0
"21/04/2022";"10:46:00";"228";"Acidente s";"277";"BR-116/RJ";"Pista Sul";"Engavetamento";1;0;0;0;0;2;0;0;0;0;3;0;0;0;0
"21/04/2022";"10:58:00";"235";"Acidente c";"214,6";"BR-116/SP";"Pista Sul";"Colisão traseira";2;0;0;0;0;0;0;0;0;0;0;2;0;1;0
"21/04/2022";"11:05:00";"238";"Acidente s";"213,08";"BR-116/SP";"Pista Norte";"Engavetamento";2;0;0;0;0;1;0;0;0;0;4;0;0;0;0
"21/04/2022";"11:14:00";"240";"Acidente c";"63,6";"BR-116/SP";"Pista Sul";"Engavetamento";4;0;0;0;0;0;0;0;0;0;5;2;0;0;0
"21/04/2022";"11:25:00";"246";"Acidente s";"251,6";"BR-116/RJ";"Pista Norte";"Queda de ribanceira";1;0;0;0;0;0;0;0;0;0;4;0;0;0;0
"21/04/2022";"14:34:00";"332";"Acidente s";"78,3";"BR-116/SP";"Pista Norte";"Engavetamento";2;0;0;0;0;1;0;0;0;0;3;0;0;0;0
"21/04/2022";"15:12:00";"358";"Acidente c";"112,5";"BR-116/SP";"Pista Norte";"Colisão traseira";1;0;0;1;0;0;0;0;0;0;3;0;2;0;0
"21/04/2022";"17:18:00";"414";"Acidente s";"127";"BR-116/SP";"Pista Norte";"Colisão traseira";0;0;2;0;0;0;0;0;0;0;2;0;0;0;0
"21/04/2022";"19:39:00";"454";"Acidente s";"218,5";"BR-116/SP";"Pista Sul";"Queda de moto";0;0;0;1;0;0;0;0;0;0;1;0;0;0;0
"21/04/2022";"20:02:00";"462";"Atropelame";"164,6";"BR-116/RJ";"Pista Norte";"Atropelamento de pedestre caminhando";0;0;0;0;0;1;0;0;0;0;1;0;1;0;0
"21/04/2022";"21:38:00";"483";"Acidente s";"153";"BR-116/SP";"Pista Sul";"Choque em objeto fixo";1;0;0;0;0;0;0;0;0;0;1;0;0;0;0
"21/04/2022";"22:19:00";"501";"Acidente c";"177,4";"BR-116/RJ";"Pista Norte";"Queda de moto";0;0;0;2;0;1;0;0;0;0;2;0;1;0;0
"22/04/2022";"00:13:00";"18";"Acidente s";"18,2";"BR-116/SP";"Pista Sul";"Atropelamento de animal";0;0;0;0;0;0;0;0;0;1;1;0;0;0;0
"22/04/2022";"04:03:00";"46";"Acidente s";"178,5";"BR-116/RJ";"Pista Norte";"Choque em barreira New Jersey";1;0;0;0;0;0;0;0;0;0;1;0;0;0;0
"22/04/2022";"04:08:00";"47";"Acidente c";"135,6";"BR-116/SP";"Pista Norte";"Queda de moto";0;0;0;1;0;0;0;0;0;0;0;0;1;0;0