data;horario;n_da_ocorrencia;tipo_de_ocorrencia;km;trecho;sentido;tipo_de_acidente;automovel;bicicleta;caminhao;moto;onibus;outros;tracao_animal;transporte_de_cargas_especiais;trator_maquinas;utilitarios;ilesos;levemente_feridos;moderadamente_feridos;gravemente_feridos;mortos
"22/04/2022";"04:22:00";"49";"Acidente s";"24,5";"BR-116/SP";"Pista Norte";"Colisão traseira";1;0;1;0;0;0;0;0;0;0;2;0;0;0;0
"22/04/2022";"05:07:00";"53";"Acidente s";"269,8";"BR-116/RJ";"Pista Norte";"Choque em objeto na pista";1;0;0;0;0;0;0;0;0;0;5;0;0;0;0
"22/04/2022";"05:13:00";"54";"Acidente c";"222,8";"BR-116/RJ";"Pista Sul";"Queda de moto";0;0;0;1;0;0;0;0;0;0;0;0;1;0;0
"22/04/2022";"07:37:00";"109";"Acidente s";"156";"BR-116/SP";"Pista Norte";"Abalroamento longitudinal";1;0;1;0;0;0;0;0;0;0;4;0;0;0;0
"22/04/2022";"09:02:00";"170";"Acidente c";"163,8";"BR-116/RJ";"Pista Sul";"Queda de moto";0;0;0;1;0;0;0;0;0;0;0;1;0;0;0
"22/04/2022";"11:08:00";"265";"Acidente c";"153";"BR-116/SP";"Pista Norte";"Abalroamento longitudinal";1;0;0;1;0;0;0;0;0;0;1;0;1;0;0
"22/04/2022";"11:18:00";"271";"Acidente c";"102,75";"BR-116/SP";"Pista Norte";"Colisão traseira";2;0;0;0;0;0;0;0;0;0;2;0;1;0;0
"22/04/2022";"11:35:00";"279";"Acidente s";"175,65";"BR-116/SP";"Pista Sul";"Colisão traseira";0;0;3;0;0;0;0;0;0;0;3;0;0;0;0
"22/04/2022";"13:59:00";"342";"Acidente c";"186,7";"BR-116/SP";"Pista Norte";"Queda de moto";0;0;0;1;0;0;0;0;0;0;0;0;1;0;0
"22/04/2022";"14:56:00";"381";"Acidente s";"224,7";"BR-116/RJ";"Pista Norte";"Abalroamento longitudinal";1;0;0;0;0;1;0;0;0;0;2;0;0;0;0
"22/04/2022";"16:43:00";"434";"Acidente s";"213,5";"BR-116/SP";"Pista Norte";"Abalroamento longitudinal";0;0;1;0;0;0;0;0;0;1;2;0;0;0;0
"22/04/2022";"17:23:00";"449";"Acidente s";"167";"BR-116/RJ";"Pista Sul";"Colisão traseira";1;0;0;0;0;1;0;0;0;0;2;0;0;0;0
"22/04/2022";"17:51:00";"461";"Acidente s";"204";"BR-116/SP";"Pista Norte";"Choque em defensa";1;0;0;0;0;1;0;0;0;0;5;0;0;0;0
"22/04/2022";"18:05:00";"470";"Acidente s";"165,7";"BR-116/SP";"Pista Sul";"Colisão traseira";1;0;0;0;0;1;0;0;0;0;2;0;0;0;0
"22/04/2022";"21:26:00";"568";"Acidente c";"211";"BR-116/SP";"Pista Norte";"Queda de moto";0;0;0;1;0;0;0;0;0;0;0;2;0;0;0
"23/04/2022";"01:07:00";"33";"Acidente c";"214,8";"BR-116/SP";"Pista Sul";"Colisão traseira";0;0;0;2;0;0;0;0;0;0;1;1;0;0;0
"23/04/2022";"03:12:00";"54";"Acidente c";"187,4";"BR-116/SP";"Pista Norte";"Colisão traseira";1;0;1;0;0;0;0;0;0;0;1;0;1;0;0
"23/04/2022";"03:58:00";"63";"Acidente s";"125";"BR-116/SP";"Pista Sul";"Choque em barreira New Jersey";1;0;0;0;0;0;0;0;0;0;1;0;0;0;0
"23/04/2022";"07:29:00";"125";"Acidente s";"144,9";"BR-116/SP";"Pista Sul";"Colisão traseira";2;0;0;0;0;0;0;0;0;0;4;0;0;0;0
"23/04/2022";"08:09:00";"153";"Acidente c";"180,3";"BR-116/SP";"Pista Sul";"Queda de moto";0;0;0;2;0;0;0;0;0;0;1;2;0;0;0
"23/04/2022";"08:34:00";"167";"Acidente c";"146,5";"BR-116/SP";"Pista Sul";"Queda de moto";0;0;0;1;0;0;0;0;0;0;0;2;0;0;0
"23/04/2022";"12:13:00";"277";"Acidente c";"171";"BR-116/RJ";"Pista Sul";"Queda de moto";0;0;0;1;0;0;0;0;0;0;0;1;0;0;0
"23/04/2022";"12:58:00";"295";"Acidente s";"190";"BR-116/RJ";"Pista Norte";"Colisão traseira";2;0;0;0;0;0;0;0;0;0;2;0;0;0;0
"23/04/2022";"16:32:00";"398";"Acidente s";"129,5";"BR-116/SP";"Pista Norte";"Colisão traseira";1;0;1;0;0;0;0;0;0;0;3;0;0;0;0
"23/04/2022";"18:28:00";"457";"Acidente c";"225";"BR-116/SP";"Pista Norte";"Colisão traseira";1;0;0;1;0;0;0;0;0;0;1;1;0;0;0
"23/04/2022";"20:05:00";"502";"Acidente s";"229";"BR-116/SP";"Pista Norte";"Abalroamento longitudinal";2;0;0;0;0;0;0;0;0;0;7;0;0;0;0
"23/04/2022";"23:54:00";"579";"Acidente s";"297,9";"BR-116/RJ";"Pista Sul";"Choque em objeto na pista";1;0;0;0;0;0;0;0;0;0;1;0;0;0;0
"24/04/2022";"01:12:00";"26";"Acidente c";"158";"BR-116/SP";"Pista Norte";"Queda de moto";0;0;0;1;0;0;0;0;0;0;0;0;1;0;0
"24/04/2022";"02:33:00";"39";"Acidente c";"48,7";"BR-116/SP";"Pista Norte";"Choque em objeto fixo";1;0;0;0;0;0;0;0;0;0;0;0;1;0;0
"24/04/2022";"03:46:00";"51";"Acidente s";"308,3";"BR-116/RJ";"Pista Norte";"Colisão traseira";1;0;1;0;0;0;0;0;0;0;2;0;0;0;0
"24/04/2022";"08:01:00";"125";"Acidente c";"224,3";"BR-116/SP";"Pista Norte";"Choque em barreira New Jersey";1;0;0;0;0;0;0;0;0;1;1;0;1;0;0
"24/04/2022";"10:34:00";"202";"Acidente s";"98,1";"BR-116/SP";"Pista Norte";"Engavetamento";3;0;0;0;0;0;0;0;0;0;7;0;0;0;0
"24/04/2022";"13:10:00";"279";"Acidente c";"112,3";"BR-116/SP";"Pista Norte";"Queda de moto";0;0;0;1;0;0;0;0;0;0;1;1;0;0;0
"24/04/2022";"13:55:00";"303";"Acidente c";"215,2";"BR-116/SP";"Pista Sul";"Abalroamento longitudinal";1;0;0;1;0;0;0;0;0;0;1;1;0;0;0
"24/04/2022";"13:59:00";"304";"Acidente s";"39";"BR-116/SP";"Pista Sul";"Colisão traseira";2;0;0;0;0;0;0;0;0;0;6;0;0;0;0
"24/04/2022";"14:15:00";"311";"Acidente s";"36";"BR-116/SP";"Pista Sul";"Colisão traseira";2;0;0;0;0;0;0;0;0;0;2;0;0;0;0
"24/04/2022";"14:46:00";"328";"Acidente c";"27,9";"BR-116/SP";"Pista Sul";"Abalroamento longitudinal";1;0;1;0;0;0;0;0;0;0;1;0;1;0;0
"24/04/2022";"14:54:00";"331";"Acidente s";"220,4";"BR-116/SP";"Pista Sul";"Queda de moto";0;0;0;1;0;0;0;0;0;0;1;0;0;0;0
"24/04/2022";"15:39:00";"368";"Acidente s";"295";"BR-116/RJ";"Pista Norte";"Colisão traseira";2;0;0;0;0;0;0;0;0;0;2;0;0;0;0
"24/04/2022";"15:48:00";"375";"Acidente s";"36,7";"BR-116/SP";"Pista Sul";"Choque em defensa";0;0;1;0;0;0;0;0;0;0;1;0;0;0;0
"24/04/2022";"15:51:00";"377";"Acidente s";"214,6";"BR-116/SP";"Pista Norte";"Queda de moto";0;0;0;1;0;0;0;0;0;0;2;0;0;0;0
"24/04/2022";"15:56:00";"379";"Acidente s";"234,7";"BR-116/RJ";"Pista Norte";"Colisão traseira";1;0;0;1;0;0;0;0;0;0;2;0;0;0;0
"24/04/2022";"16:59:00";"428";"Acidente s";"90,1";"BR-116/SP";"Pista Sul";"Colisão traseira";1;0;0;1;0;0;0;0;0;0;6;0;0;0;0
"24/04/2022";"17:17:00";"439";"Acidente s";"207,1";"BR-116/SP";"Pista Sul";"Abalroamento longitudinal";1;0;1;0;0;0;0;0;0;0;2;0;0;0;0
"24/04/2022";"18:09:00";"469";"Acidente s";"296";"BR-116/RJ";"Pista Norte";"Engavetamento";1;0;0;0;0;4;0;0;0;0;5;0;0;0;0
"24/04/2022";"18:47:00";"494";"Acidente s";"165,3";"BR-116/SP";"Pista Norte";"Engavetamento";3;0;0;0;0;0;0;0;0;0;9;0;0;0;0
"24/04/2022";"19:18:00";"522";"Acidente c";"145,5";"BR-116/SP";"Pista Norte";"Engavetamento";2;0;0;1;0;0;0;0;0;0;2;0;1;0;0
"24/04/2022";"19:31:00";"529";"Acidente s";"103,6";"BR-116/SP";"Pista Sul";"Abalroamento longitudinal";1;0;0;0;1;0;0;0;0;0;43;0;0;0;0
"24/04/2022";"20:23:00";"551";"Acidente s";"295,6";"BR-116/RJ";"Pista Sul";"Choque em defensa";1;0;0;0;0;0;0;0;0;0;3;0;0;0;0
"24/04/2022";"22:03:00";"594";"Acidente s";"92,3";"BR-116/SP";"Pista Sul";"Colisão traseira";1;0;0;0;0;1;0;0;0;0;5;0;0;0;0
"24/04/2022";"22:17:00";"605";"Acidente c";"228";"BR-116/RJ";"Pista Norte";"Choque em barreira New Jersey";1;0;0;0;0;0;0;0;0;0;2;1;0;0;0
"24/04/2022";"22:32:00";"610";"Acidente s";"205";"BR-116/SP";"Pista Sul";"Colisão traseira";2;0;0;0;0;0;0;0;0;0;2;0;0;0;0
"24/04/2022";"22:34:00";"613";"Acidente c";"208,5";"BR-116/SP";"Pista Sul";"Colisão traseira";1;0;0;1;0;0;0;0;0;0;2;1;0;0;0
"24/04/2022";"23:15:00";"625";"Acidente s";"165,6";"BR-116/SP";"Pista Sul";"Abalroamento longitudinal";1;0;0;0;0;1;0;0;0;0;2;0;0;0;0
"25/04/2022";"04:35:00";"92";"Acidente c";"93,1";"BR-116/SP";"Pista Sul";"Colisão traseira";1;0;0;0;0;1;0;0;0;1;7;0;2;0;0
"25/04/2022";"06:38:00";"127";"Acidente c";"225,5";"BR-116/SP";"Pista Sul";"Abalroamento longitudinal";0;0;0;1;0;1;0;0;0;0;1;1;0;0;0
"25/04/2022";"06:39:00";"128";"Acidente s";"19,1";"BR-116/SP";"Pista Norte";"Colisão traseira";2;0;0;0;0;0;0;0;0;0;6;0;0;0;0
"25/04/2022";"07:12:00";"149";"Acidente c";"178,8";"BR-116/RJ";"Pista Norte";"Abalroamento longitudinal";0;0;0;2;0;0;0;0;0;0;1;1;0;0;0
"25/04/2022";"07:16:00";"155";"Acidente c";"138,35";"BR-116/SP";"Pista Sul";"Engavetamento";1;0;3;0;0;0;0;0;0;0;3;1;2;0;1
"25/04/2022";"07:17:00";"156";"Acidente s";"138,35";"BR-116/SP";"Pista Norte";"Colisão traseira";1;0;0;0;0;1;0;0;0;0;2;0;0;0;0
"25/04/2022";"07:42:00";"172";"Acidente c";"182,5";"BR-116/RJ";"Pista Norte";"Queda de moto";0;0;0;1;0;0;0;0;0;0;0;1;0;0;0
"25/04/2022";"08:15:00";"198";"Acidente s";"142,7";"BR-116/SP";"Pista Norte";"Engavetamento";3;0;0;0;0;0;0;0;0;0;7;0;0;0;0
"25/04/2022";"08:18:00";"200";"Acidente c";"225";"BR-116/SP";"Pista Norte";"Colisão traseira";1;0;0;1;0;0;0;0;0;0;1;1;0;0;0
"25/04/2022";"08:29:00";"210";"Acidente s";"133";"BR-116/SP";"Pista Sul";"Colisão traseira";2;0;0;0;0;0;0;0;0;0;2;0;0;0;0
"25/04/2022";"08:48:00";"228";"Acidente s";"178,3";"BR-116/RJ";"Pista Norte";"Colisão traseira";1;0;0;0;1;0;0;0;0;0;2;0;0;0;0
"25/04/2022";"09:05:00";"241";"Acidente s";"150,2";"BR-116/SP";"Pista Norte";"Engavetamento";2;0;1;0;0;0;0;0;0;0;6;0;0;0;0
"25/04/2022";"12:02:00";"353";"Atropelame";"102,4";"BR-116/SP";"Pista Norte";"Atropelamento de pedestre atravessando";1;0;0;0;0;0;0;0;0;0;4;1;0;0;0
"25/04/2022";"14:24:00";"434";"Acidente s";"145,9";"BR-116/SP";"Pista Norte";"Colisão traseira";2;0;0;0;0;0;0;0;0;0;3;0;0;0;0
"25/04/2022";"14:42:00";"444";"Acidente c";"218,9";"BR-116/SP";"Pista Norte";"Abalroamento longitudinal";1;0;0;1;0;0;0;0;0;0;1;1;0;0;0
"25/04/2022";"15:18:00";"462";"Acidente s";"188,2";"BR-116/SP";"Pista Norte";"Colisão traseira";0;0;2;0;0;0;0;0;0;0;2;0;0;0;0
"25/04/2022";"15:57:00";"486";"Acidente s";"175,5";"BR-116/RJ";"Pista Sul";"Colisão traseira";1;0;0;0;0;1;0;0;0;0;2;0;0;0;0
"25/04/2022";"16:40:00";"503";"Acidente c";"227";"BR-116/SP";"Pista Norte";"Queda de moto";0;0;0;1;0;0;0;0;0;0;0;1;0;0;0
"25/04/2022";"17:20:00";"522";"Acidente c";"272,8";"BR-116/RJ";"Pista Norte";"Abalroamento longitudinal";2;0;0;0;0;0;0;0;0;0;3;1;0;0;0
"25/04/2022";"18:48:00";"576";"Acidente c";"176,5";"BR-116/RJ";"Pista Sul";"Engavetamento";3;0;0;0;0;0;0;0;0;0;2;1;0;0;0
"25/04/2022";"22:12:00";"656";"Acidente c";"73,05";"BR-116/SP";"Pista Sul";"Queda de moto";0;0;0;1;0;0;0;0;0;0;0;0;1;0;0
"25/04/2022";"22:55:00";"668";"Acidente s";"230";"BR-116/SP";"Pista Sul";"Colisão traseira";2;0;0;0;0;0;0;0;0;0;2;0;0;0;0
"26/04/2022";"08:41:00";"212";"Acidente c";"230,82";"BR-116/SP";"Pista Sul";"Colisão frontal";0;0;0;1;0;1;0;0;0;0;1;2;0;0;0
"26/04/2022";"09:11:00";"239";"Acidente s";"204,5";"BR-116/SP";"Pista Norte";"Colisão traseira";2;0;0;0;0;0;0;0;0;0;2;0;0;0;0
"26/04/2022";"11:06:00";"294";"Acidente s";"230,95";"BR-116/SP";"Pista Norte";"Colisão traseira";2;0;0;0;0;0;0;0;0;0;3;0;0;0;0
"26/04/2022";"11:56:00";"321";"Acidente c";"221,3";"BR-116/SP";"Pista Norte";"Abalroamento longitudinal";0;0;1;1;0;0;0;0;0;0;1;1;1;0;0
"26/04/2022";"12:29:00";"330";"Acidente s";"255,2";"BR-116/RJ";"Pista Norte";"Choque em objeto na pista";1;0;0;0;0;0;0;0;0;0;2;0;0;0;0
"26/04/2022";"12:49:00";"342";"Atropelame";"199,2";"BR-116/SP";"Pista Sul";"Atropelamento de pedestre atravessando";0;1;0;0;0;1;0;0;0;0;1;0;0;1;0
"26/04/2022";"18:34:00";"531";"Acidente c";"175,5";"BR-116/RJ";"Pista Norte";"Colisão traseira";2;0;0;0;0;0;0;0;0;0;1;1;0;0;0
"26/04/2022";"18:47:00";"537";"Atropelame";"166,4";"BR-116/RJ";"Pista Sul";"Atropelamento de pedestre atravessando";0;0;0;1;0;0;0;0;0;0;1;0;1;0;0
"26/04/2022";"18:51:00";"541";"Acidente c";"227,32";"BR-116/SP";"Pista Norte";"Colisão traseira";1;0;0;1;0;0;0;0;0;0;1;0;0;1;0
"27/04/2022";"02:07:00";"29";"Acidente s";"143,8";"BR-116/SP";"Pista Sul";"Choque em objeto na pista";1;0;0;0;0;0;0;0;0;0;1;0;0;0;0
"27/04/2022";"08:21:00";"194";"Acidente s";"143,8";"BR-116/SP";"Pista Sul";"Colisão traseira";2;0;0;0;0;0;0;0;0;0;6;0;0;0;0
"27/04/2022";"10:45:00";"316";"Acidente s";"259,8";"BR-116/RJ";"Pista Norte";"Colisão traseira";1;0;1;0;0;0;0;0;0;0;2;0;0;0;0
"27/04/2022";"14:51:00";"460";"Acidente s";"72,1";"BR-116/SP";"Pista Sul";"Colisão traseira";0;0;2;0;0;0;0;0;0;0;2;0;0;0;0
"27/04/2022";"15:56:00";"500";"Acidente c";"214,7";"BR-116/RJ";"Pista Norte";"Choque em objeto fixo";1;0;0;0;0;0;0;0;0;0;1;1;0;0;0
"27/04/2022";"17:17:00";"533";"Acidente s";"55,2";"BR-116/SP";"Pista Sul";"Abalroamento longitudinal";1;0;1;0;0;0;0;0;0;0;4;0;0;0;0
"27/04/2022";"17:36:00";"548";"Acidente c";"158";"BR-116/SP";"Pista Sul";"Colisão traseira";1;0;0;1;0;0;0;0;0;0;1;1;0;0;0
"27/04/2022";"18:00:00";"560";"Acidente s";"135,6";"BR-116/SP";"Pista Sul";"Engavetamento";2;0;2;0;0;0;0;0;0;0;6;0;0;0;0
"27/04/2022";"18:29:00";"578";"Acidente c";"177,3";"BR-116/RJ";"Pista Sul";"Abalroamento longitudinal";1;0;0;1;0;0;0;0;0;0;4;1;0;0;0
"27/04/2022";"19:18:00";"601";"Acidente s";"102,5";"BR-116/SP";"Pista Norte";"Choque em objeto na pista";1;0;0;0;0;0;0;0;0;0;1;0;0;0;0
"27/04/2022";"19:41:00";"610";"Acidente c";"228,7";"BR-116/SP";"Pista Norte";"Engavetamento";0;0;0;2;0;1;0;0;0;0;1;3;0;0;0
"27/04/2022";"19:46:00";"612";"Acidente s";"102,4";"BR-116/SP";"Pista Norte";"Choque em objeto na pista";1;0;0;0;0;0;0;0;0;0;5;0;0;0;0
"27/04/2022";"20:12:00";"624";"Acidente s";"166,2";"BR-116/RJ";"Pista Sul";"Colisão traseira";1;0;0;0;0;0;0;0;0;0;1;0;0;0;0
"28/04/2022";"05:28:00";"95";"Acidente s";"312";"BR-116/RJ";"Pista Sul";"Choque em objeto na pista";1;0;0;0;0;0;0;0;0;0;1;0;0;0;0
"28/04/2022";"06:26:00";"134";"Acidente c";"222,1";"BR-116/SP";"Pista Norte";"Choque em barreira New Jersey";0;0;0;0;0;0;0;0;0;1;0;1;0;0;0
"28/04/2022";"06:29:00";"137";"Acidente c";"213,9";"BR-116/SP";"Pista Norte";"Queda de moto";0;0;0;1;0;0;0;0;0;0;0;1;0;0;0
"28/04/2022";"07:06:00";"163";"Acidente c";"174,5";"BR-116/RJ";"Pista Norte";"Abalroamento longitudinal";0;0;0;1;0;1;0;0;0;0;1;1;0;0;0
"28/04/2022";"08:19:00";"241";"Acidente c";"137,8";"BR-116/SP";"Pista Sul";"Abalroamento longitudinal";2;0;0;1;0;0;0;0;0;0;3;0;1;0;0
"28/04/2022";"10:41:00";"350";"Acidente c";"222,1";"BR-116/RJ";"Pista Norte";"Tombamento";0;0;1;0;0;0;0;0;0;0;0;1;0;0;0
"28/04/2022";"11:42:00";"390";"Acidente s";"213,9";"BR-116/SP";"Pista Norte";"Abalroamento longitudinal";0;0;2;0;0;0;0;0;0;0;4;0;0;0;0
"28/04/2022";"14:27:00";"485";"Acidente c";"113,7";"BR-116/SP";"Pista Sul";"Queda de moto";0;0;0;1;0;0;0;0;0;0;0;1;0;0;0
"28/04/2022";"14:34:00";"489";"Acidente c";"263,6";"BR-116/RJ";"Pista Sul";"Tombamento";0;0;1;0;0;0;0;0;0;0;0;1;0;0;0
"28/04/2022";"15:48:00";"535";"Acidente c";"169,5";"BR-116/SP";"Pista Norte";"Colisão traseira";0;0;0;1;0;0;0;0;0;1;2;1;0;0;0
"28/04/2022";"18:25:00";"635";"Acidente c";"227,9";"BR-116/SP";"Pista Sul";"Queda de moto";0;0;0;1;0;0;0;0;0;0;1;1;0;0;0
"28/04/2022";"18:33:00";"643";"Acidente c";"306,9";"BR-116/RJ";"Pista Sul";"Abalroamento longitudinal";1;0;1;0;0;0;0;0;0;0;1;1;0;0;0
"28/04/2022";"19:27:00";"672";"Acidente s";"226,2";"BR-116/SP";"Pista Sul";"Colisão traseira";1;0;0;0;0;1;0;0;0;0;2;0;0;0;0
"28/04/2022";"19:30:00";"673";"Acidente s";"225";"BR-116/SP";"Pista Sul";"Colisão traseira";1;0;0;0;0;1;0;0;0;0;3;0;0;0;0
"28/04/2022";"19:35:00";"674";"Acidente s";"160,1";"BR-116/SP";"Pista Norte";"Choque em objeto na pista";1;0;0;0;0;0;0;0;0;0;1;0;0;0;0
"28/04/2022";"20:31:00";"712";"Acidente s";"37,1";"BR-116/SP";"Pista Sul";"Tombamento";0;0;1;0;0;0;0;0;0;0;1;0;0;0;0
"29/04/2022";"01:39:00";"36";"Acidente s";"24,3";"BR-116/SP";"Pista Norte";"Choque em objeto fixo";1;0;0;0;0;0;0;0;0;0;1;0;0;0;0
"29/04/2022";"01:39:00";"35";"Acidente c";"179";"BR-116/RJ";"Pista Norte";"Choque em barreira New Jersey";1;0;0;0;0;0;0;0;0;0;1;1;0;0;0
"29/04/2022";"02:32:00";"47";"Acidente c";"86,95";"BR-116/SP";"Pista Sul";"Colisão traseira";0;0;1;1;0;1;0;0;0;0;2;0;0;0;1
"29/04/2022";"06:02:00";"78";"Acidente s";"280,1";"BR-116/RJ";"Pista Sul";"Choque em objeto na pista";1;0;0;0;0;0;0;0;0;0;1;0;0;0;0
"29/04/2022";"07:40:00";"162";"Acidente c";"110,4";"BR-116/SP";"Pista Norte";"Abalroamento longitudinal";1;0;0;0;0;1;0;0;0;0;2;1;0;0;0
"29/04/2022";"07:55:00";"177";"Acidente c";"111,4";"BR-116/SP";"Pista Norte";"Abalroamento longitudinal";1;0;0;1;0;0;0;0;0;0;1;0;1;0;0
"29/04/2022";"08:21:00";"201";"Acidente c";"226";"BR-116/SP";"Pista Norte";"Colisão traseira";1;0;1;0;0;0;0;0;0;0;1;1;0;0;0
"29/04/2022";"09:04:00";"224";"Acidente c";"231,3";"BR-116/SP";"Pista Sul";"Abalroamento longitudinal";0;0;1;1;0;0;0;0;0;0;1;0;1;0;0
"29/04/2022";"10:21:00";"282";"Acidente c";"204";"BR-116/SP";"Pista Norte";"Abalroamento longitudinal";0;0;1;1;0;0;0;0;0;0;1;1;0;0;0
"29/04/2022";"10:49:00";"298";"Acidente c";"214";"BR-116/SP";"Pista Sul";"Colisão traseira";1;0;0;1;0;0;0;0;0;0;1;0;1;0;0
"29/04/2022";"11:36:00";"318";"Acidente s";"143";"BR-116/SP";"Pista Sul";"Colisão traseira";1;0;1;0;0;0;0;0;0;0;2;0;0;0;0
"29/04/2022";"12:06:00";"331";"Acidente c";"212,3";"BR-116/SP";"Pista Sul";"Tombamento";0;0;1;0;0;0;0;0;0;0;0;1;0;0;0
"29/04/2022";"12:09:00";"333";"Acidente c";"200,2";"BR-116/SP";"Pista Norte";"Abalroamento longitudinal";1;0;0;1;0;0;0;0;0;0;1;1;1;0;0
"29/04/2022";"12:10:00";"335";"Acidente s";"283,8";"BR-116/RJ";"Pista Sul";"Choque em objeto fixo";1;0;0;0;0;0;0;0;0;0;1;0;0;0;0
"29/04/2022";"13:58:00";"378";"Acidente s";"218,6";"BR-116/SP";"Pista Norte";"Colisão traseira";1;0;1;0;0;0;0;0;0;0;3;0;0;0;0
"29/04/2022";"17:04:00";"480";"Acidente c";"169,4";"BR-116/RJ";"Pista Sul";"Colisão traseira";2;0;0;0;0;0;0;0;0;0;1;1;0;0;0
"29/04/2022";"18:03:00";"507";"Acidente c";"216,25";"BR-116/SP";"Pista Norte";"Colisão traseira";2;0;0;0;0;0;0;0;0;0;2;0;1;0;0
"29/04/2022";"18:30:00";"524";"Atropelame";"182,6";"BR-116/RJ";"Pista Norte";"Atropelamento de pedestre caminhando";0;0;0;0;0;1;0;0;0;0;1;0;0;1;0
"29/04/2022";"19:41:00";"560";"Acidente s";"225,7";"BR-116/SP";"Pista Norte";"Colisão traseira";0;0;0;0;0;1;0;0;0;1;2;0;0;0;0
"29/04/2022";"20:07:00";"566";"Acidente s";"121,2";"BR-116/SP";"Pista Sul";"Choque em objeto na pista";1;0;0;0;0;0;0;0;0;0;1;0;0;0;0
"29/04/2022";"20:30:00";"577";"Acidente s";"153";"BR-116/SP";"Pista Norte";"Engavetamento";2;0;1;0;0;0;0;0;0;0;5;0;0;0;0
"29/04/2022";"21:28:00";"596";"Acidente s";"122,3";"BR-116/SP";"Pista Sul";"Choque em objeto na pista";0;0;0;1;0;0;0;0;0;0;1;0;0;0;0
"29/04/2022";"21:50:00";"605";"Acidente c";"113";"BR-116/SP";"Pista Sul";"Queda de moto";0;0;0;1;0;0;0;0;0;0;0;2;0;0;0
"29/04/2022";"21:55:00";"607";"Acidente s";"168";"BR-116/RJ";"Pista Sul";"Colisão traseira";0;0;0;0;0;1;0;0;0;1;2;0;0;0;0
"29/04/2022";"23:45:00";"645";"Acidente s";"97,51";"BR-116/SP";"Pista Norte";"Atropelamento de animal";0;0;0;0;0;1;0;0;0;0;1;0;0;0;0
"30/04/2022";"01:31:00";"37";"Acidente c";"167,4";"BR-116/RJ";"Pista Norte";"Choque em objeto fixo";1;0;0;0;0;0;0;0;0;0;0;1;0;0;0
"30/04/2022";"02:07:00";"45";"Acidente c";"144,2";"BR-116/SP";"Pista Norte";"Capotamento";1;0;0;0;0;0;0;0;0;0;0;0;2;0;0
"30/04/2022";"02:27:00";"47";"Acidente s";"174";"BR-116/RJ";"Pista Norte";"Colisão traseira";1;0;0;0;0;1;0;0;0;0;2;0;0;0;0
"30/04/2022";"02:58:00";"51";"Acidente s";"228";"BR-116/RJ";"Pista Norte";"Choque em objeto fixo";1;0;0;0;0;0;0;0;0;0;1;0;0;0;0
"30/04/2022";"04:00:00";"68";"Acidente s";"297,3";"BR-116/RJ";"Pista Norte";"Abalroamento longitudinal";1;0;1;0;0;0;0;0;0;0;2;0;0;0;0
"30/04/2022";"04:29:00";"72";"Acidente s";"125";"BR-116/SP";"Pista Sul";"Choque em objeto fixo";1;0;0;0;0;0;0;0;0;0;2;0;0;0;0
"30/04/2022";"06:49:00";"122";"Acidente s";"238,4";"BR-116/RJ";"Pista Norte";"Choque em barreira New Jersey";0;0;1;0;0;0;0;0;0;0;1;0;0;0;0
"30/04/2022";"06:56:00";"125";"Acidente c";"161,5";"BR-116/SP";"Pista Norte";"Abalroamento transversal";1;0;0;1;0;0;0;0;0;0;1;0;0;0;1
"30/04/2022";"07:56:00";"157";"Acidente c";"197,1";"BR-116/RJ";"Pista Norte";"Capotamento";1;0;0;0;0;0;0;0;0;0;0;1;0;0;0
"30/04/2022";"08:06:00";"169";"Acidente s";"148,9";"BR-116/SP";"Pista Sul";"Choque em objeto na pista";0;0;1;0;0;0;0;0;0;0;1;0;0;0;0
"30/04/2022";"08:07:00";"172";"Acidente s";"79,3";"BR-116/SP";"Pista Norte";"Abalroamento longitudinal";1;0;1;0;0;0;0;0;0;0;3;0;0;0;0
"30/04/2022";"08:20:00";"179";"Acidente s";"103,1";"BR-116/SP";"Pista Norte";"Colisão traseira";1;0;0;0;0;1;0;0;0;0;6;0;0;0;0
"30/04/2022";"08:53:00";"193";"Acidente s";"223,5";"BR-116/RJ";"Pista Norte";"Colisão traseira";2;0;0;0;0;0;0;0;0;0;2;0;0;0;0
"30/04/2022";"09:09:00";"200";"Acidente s";"226,4";"BR-116/RJ";"Pista Norte";"Capotamento";1;0;0;0;0;0;0;0;0;0;1;0;0;0;0
"30/04/2022";"09:09:00";"201";"Acidente s";"220,15";"BR-116/SP";"Pista Sul";"Engavetamento";2;0;1;0;0;0;0;0;0;0;4;0;0;0;0
"30/04/2022";"09:47:00";"222";"Acidente s";"104,1";"BR-116/SP";"Pista Norte";"Engavetamento";3;0;0;0;0;0;0;0;0;0;11;0;0;0;0
"30/04/2022";"09:53:00";"227";"Acidente s";"150,1";"BR-116/SP";"Pista Sul";"Choque em objeto na pista";1;0;0;0;0;0;0;0;0;0;1;0;0;0;0
"30/04/2022";"10:32:00";"239";"Acidente s";"145,6";"BR-116/SP";"Pista Norte";"Colisão traseira";2;0;0;0;0;0;0;0;0;0;2;0;0;0;0
"30/04/2022";"10:49:00";"248";"Acidente s";"228";"BR-116/RJ";"Pista Norte";"Choque em barreira New Jersey";1;0;0;0;0;0;0;0;0;0;1;0;0;0;0
"30/04/2022";"11:39:00";"274";"Acidente s";"184,6";"BR-116/RJ";"Pista Sul";"Choque em defensa";1;0;0;0;0;0;0;0;0;0;1;0;0;0;0
"30/04/2022";"12:20:00";"296";"Acidente c";"222,6";"BR-116/RJ";"Pista Norte";"Capotamento";0;0;0;0;0;0;0;0;0;1;0;0;0;1;0