data;horario;n_da_ocorrencia;tipo_de_ocorrencia;km;trecho;sentido;tipo_de_acidente;automovel;bicicleta;caminhao;moto;onibus;outros;tracao_animal;transporte_de_cargas_especiais;trator_maquinas;utilitarios;ilesos;levemente_feridos;moderadamente_feridos;gravemente_feridos;mortos
"08/05/2022";"08:40:00";"112";"AC03 - Aci";"265";"BR-116/RJ";"Pista Sul";"Choque em objeto na pista";1;0;0;0;0;0;0;0;0;0;3;0;0;0;0
"08/05/2022";"11:20:00";"172";"AC02 - Aci";"109,400";"BR-116/SP";"Pista Sul";"Abalroamento Longitudinal";1;0;0;0;0;1;0;0;0;0;2;1;0;0;0
"08/05/2022";"12:15:00";"193";"AC02 - Aci";"222,399";"BR-116/SP";"Pista Sul";"Choque em Barreira New Jersey";1;0;0;0;0;0;0;0;0;0;0;1;0;0;0
"08/05/2022";"12:24:00";"195";"AC02 - Aci";"222,899";"BR-116/SP";"Pista Sul";"Engavetamento";4;0;0;0;0;0;0;0;0;0;8;2;0;0;0
"08/05/2022";"13:09:00";"206";"AC02 - Aci";"209,699";"BR-116/SP";"Pista Sul";"Colisão Traseira";2;0;0;0;0;0;0;0;0;0;4;1;0;0;0
"08/05/2022";"16:12:00";"286";"AC03 - Aci";"139,699";"BR-116/SP";"Pista Sul";"Colisão Traseira";1;0;0;0;0;1;0;0;0;0;2;0;0;0;0
"08/05/2022";"17:07:00";"315";"AC03 - Aci";"64,5";"BR-116/SP";"Pista Sul";"Choque em objeto fixo";1;0;0;0;0;0;0;0;0;0;1;0;0;0;0
"08/05/2022";"17:21:00";"325";"AC02 - Aci";"207,600";"BR-116/SP";"Pista Sul";"Engavetamento";3;0;0;0;0;0;0;0;0;0;6;1;0;0;0
"08/05/2022";"17:27:00";"327";"AC02 - Aci";"101,099";"BR-116/SP";"Pista Sul";"Engavetamento";4;0;0;0;0;0;0;0;0;0;7;2;0;0;0
"08/05/2022";"17:48:00";"339";"AC03 - Aci";"167,800";"BR-116/RJ";"Pista Norte";"Engavetamento";3;0;0;0;0;0;0;0;0;0;5;0;0;0;0
"08/05/2022";"19:13:00";"379";"AC02 - Aci";"165";"BR-116/RJ";"Pista Norte";"Engavetamento";4;0;0;0;0;0;0;0;0;0;5;1;0;0;0
"08/05/2022";"19:57:00";"404";"AC03 - Aci";"204,5";"BR-116/SP";"Pista Norte";"Engavetamento";2;0;0;0;0;0;0;0;0;0;4;0;0;0;0
"08/05/2022";"20:03:00";"406";"AC03 - Aci";"295,609";"BR-116/RJ";"Pista Sul";"Colisão Traseira";2;0;0;0;0;0;0;0;0;0;2;0;0;0;0
"08/05/2022";"20:17:00";"411";"AC02 - Aci";"222,600";"BR-116/SP";"Pista Norte";"Colisão Traseira";1;0;0;0;0;1;0;0;0;0;1;1;0;0;0
"08/05/2022";"22:41:00";"461";"AC03 - Aci";"166,199";"BR-116/RJ";"Pista Norte";"Choque em objeto fixo";1;0;0;0;0;0;0;0;0;0;1;0;0;0;0
"08/05/2022";"23:34:00";"480";"AC03 - Aci";"231,100";"BR-116/SP";"Pista Norte";"Choque em Defensa";1;0;0;0;0;1;0;0;0;0;2;0;0;0;0
"09/05/2022";"00:42:00";"25";"AC03 - Aci";"125,300";"BR-116/SP";"Pista Norte";"Choque em objeto na pista";1;0;0;0;0;0;0;0;0;0;2;0;0;0;0
"09/05/2022";"02:41:00";"54";"AC03 - Aci";"286,100";"BR-116/RJ";"Pista Norte";"Tombamento";0;0;1;0;0;0;0;0;0;0;1;0;0;0;0
"09/05/2022";"04:22:00";"70";"AC03 - Aci";"141,899";"BR-116/SP";"Pista Norte";"Abalroamento Longitudinal";0;0;2;0;0;0;0;0;0;0;2;0;0;0;0
"09/05/2022";"05:32:00";"83";"AC03 - Aci";"134,389";"BR-116/SP";"Pista Sul";"Atropelamento de Animal";1;0;0;0;0;0;0;0;0;0;1;0;0;0;0
"09/05/2022";"05:47:00";"88";"AC03 - Aci";"211,5";"BR-116/SP";"Pista Sul";"Engavetamento";1;0;0;0;0;2;0;0;0;0;3;0;0;0;0
"09/05/2022";"06:00:00";"91";"AC02 - Aci";"187,800";"BR-116/SP";"Pista Sul";"Queda de moto";0;0;0;1;0;0;0;0;0;0;0;1;0;0;0
"09/05/2022";"07:43:00";"158";"AC03 - Aci";"143";"BR-116/SP";"Pista Norte";"Engavetamento";3;0;0;0;0;0;0;0;0;0;3;0;0;0;0
"09/05/2022";"08:12:00";"198";"AC03 - Aci";"119,199";"BR-116/SP";"Pista Norte";"Choque em objeto na pista";1;0;0;0;0;0;0;0;0;0;1;0;0;0;0
"09/05/2022";"13:40:00";"413";"AC03 - Aci";"226,199";"BR-116/SP";"Pista Sul";"Colisão Traseira";1;0;1;0;0;0;0;0;0;0;2;0;0;0;0
"09/05/2022";"14:35:00";"440";"AC03 - Aci";"82";"BR-116/SP";"Pista Norte";"Abalroamento Longitudinal";2;0;0;0;0;0;0;0;0;0;5;0;0;0;0
"09/05/2022";"15:09:00";"455";"AC03 - Aci";"141,600";"BR-116/SP";"Pista Sul";"Choque em objeto na pista";1;0;0;0;0;0;0;0;0;0;1;0;0;0;0
"09/05/2022";"15:24:00";"462";"AC02 - Aci";"53,4000";"BR-116/SP";"Pista Sul";"Colisão Traseira";0;0;1;0;0;1;0;0;0;0;1;0;1;0;0
"09/05/2022";"16:17:00";"488";"AC03 - Aci";"228,949";"BR-116/SP";"Pista Norte";"Abalroamento Longitudinal";1;0;1;0;0;0;0;0;0;0;4;0;0;0;0
"09/05/2022";"18:30:00";"583";"AC02 - Aci";"152";"BR-116/SP";"Pista Norte";"Colisão Traseira";1;0;0;1;0;0;0;0;0;0;1;1;0;0;0
"09/05/2022";"18:55:00";"590";"AC02 - Aci";"264,5";"BR-116/RJ";"Pista Norte";"Colisão Traseira";1;0;1;0;0;0;0;0;0;0;1;1;0;0;0
"09/05/2022";"20:01:00";"619";"AC03 - Aci";"273,899";"BR-116/RJ";"Pista Norte";"Abalroamento Longitudinal";1;0;1;0;0;0;0;0;0;0;2;0;0;0;0
"09/05/2022";"21:56:00";"648";"AC02 - Aci";"218,212";"BR-116/SP";"Pista Sul";"Abalroamento Longitudinal";1;0;1;0;0;0;0;0;0;0;1;0;1;0;0
"09/05/2022";"22:06:00";"650";"AC02 - Aci";"190";"BR-116/RJ";"Pista Sul";"Queda de moto";0;0;0;1;0;0;0;0;0;0;0;1;0;0;0
"09/05/2022";"22:13:00";"656";"AC02 - Aci";"217,350";"BR-116/SP";"Pista Norte";"Abalroamento Longitudinal";1;0;0;0;0;1;0;0;0;0;3;4;0;0;0
"09/05/2022";"22:35:00";"661";"AC03 - Aci";"28,6000";"BR-116/SP";"Pista Norte";"Choque em objeto na pista";1;0;0;0;0;0;0;0;0;0;2;0;0;0;0
"10/05/2022";"00:31:00";"24";"AC03 - Aci";"30";"BR-116/SP";"Pista Norte";"Choque em objeto na pista";1;0;0;0;0;0;0;0;0;0;2;0;0;0;0
"10/05/2022";"00:49:00";"31";"AC03 - Aci";"301";"BR-116/RJ";"Pista Norte";"Choque em Defensa";0;0;1;0;0;0;0;0;0;0;1;0;0;0;0
"10/05/2022";"01:31:00";"40";"AC03 - Aci";"302";"BR-116/RJ";"Pista Sul";"Choque em objeto na pista";1;0;0;0;0;0;0;0;0;0;2;0;0;0;0
"10/05/2022";"04:44:00";"66";"AC03 - Aci";"172,600";"BR-116/RJ";"Pista Sul";"Choque em Barreira New Jersey";1;0;0;0;0;0;0;0;0;0;3;0;0;0;0
"10/05/2022";"06:31:00";"94";"AC02 - Aci";"208,449";"BR-116/SP";"Pista Sul";"Abalroamento Longitudinal";0;0;1;1;0;0;0;0;0;0;3;1;0;0;0
"10/05/2022";"07:55:00";"172";"AC03 - Aci";"156,699";"BR-116/SP";"Pista Norte";"Colisão Traseira";2;0;0;0;0;0;0;0;0;0;3;0;0;0;0
"10/05/2022";"08:06:00";"181";"AC03 - Aci";"156,699";"BR-116/SP";"Pista Norte";"Engavetamento";4;0;0;0;0;0;0;0;0;0;9;0;0;0;0
"10/05/2022";"08:27:00";"194";"AC03 - Aci";"304,299";"BR-116/RJ";"Pista Norte";"Engavetamento";2;0;1;0;0;0;0;0;0;0;3;0;0;0;0
"10/05/2022";"08:43:00";"210";"AC04 - Atr";"182,899";"BR-116/RJ";"Pista Norte";"Atropelamento de Pedestre Atravessando";0;1;0;0;0;1;0;0;0;0;1;0;1;0;0
"10/05/2022";"08:47:00";"213";"AC03 - Aci";"165,300";"BR-116/RJ";"Pista Sul";"Engavetamento";2;0;0;0;1;0;0;0;0;0;27;0;0;0;0
"10/05/2022";"09:16:00";"234";"AC03 - Aci";"86,9499";"BR-116/SP";"Pista Norte";"Queda de moto";0;0;0;1;0;0;0;0;0;0;1;0;0;0;0
"10/05/2022";"09:59:00";"262";"AC03 - Aci";"179,5";"BR-116/RJ";"Pista Norte";"Colisão Traseira";1;0;1;0;0;0;0;0;0;0;2;0;0;0;0
"10/05/2022";"10:04:00";"269";"AC03 - Aci";"118,699";"BR-116/SP";"Pista Sul";"Choque em objeto na pista";0;0;0;1;0;0;0;0;0;0;1;0;0;0;0
"10/05/2022";"13:29:00";"367";"AC02 - Aci";"300,299";"BR-116/RJ";"Pista Norte";"Abalroamento Longitudinal";1;0;1;0;0;0;0;0;0;0;3;1;0;0;0
"10/05/2022";"13:51:00";"382";"AC02 - Aci";"154";"BR-116/SP";"Pista Sul";"Queda de moto";0;0;0;1;0;0;0;0;0;0;0;1;0;0;0
"10/05/2022";"14:02:00";"387";"AC02 - Aci";"225,149";"BR-116/SP";"Pista Sul";"Abalroamento Longitudinal";1;0;1;0;0;0;0;0;0;0;1;2;0;0;0
"10/05/2022";"15:19:00";"428";"AC02 - Aci";"211,449";"BR-116/SP";"Pista Norte";"Engavetamento";2;0;1;0;0;0;0;0;0;0;4;1;0;0;0
"10/05/2022";"15:34:00";"436";"AC02 - Aci";"227,300";"BR-116/SP";"Pista Sul";"Colisão Traseira";0;0;1;1;0;0;0;0;0;0;1;1;0;0;0
"10/05/2022";"15:57:00";"446";"AC03 - Aci";"226,800";"BR-116/SP";"Pista Sul";"Engavetamento";2;0;0;0;0;1;0;0;0;0;3;0;0;0;0
"10/05/2022";"17:14:00";"485";"AC02 - Aci";"180,600";"BR-116/RJ";"Pista Norte";"Engavetamento";3;0;0;0;0;0;0;0;0;0;3;1;0;0;0
"10/05/2022";"18:30:00";"541";"AC03 - Aci";"236,399";"BR-116/RJ";"Pista Norte";"Choque em objeto na pista";1;0;0;0;0;0;0;0;0;0;1;0;0;0;0
"10/05/2022";"18:37:00";"544";"AC03 - Aci";"41,5";"BR-116/SP";"Pista Sul";"Choque em objeto na pista";1;0;0;0;0;0;0;0;0;0;1;0;0;0;0
"10/05/2022";"19:17:00";"562";"AC03 - Aci";"166,800";"BR-116/RJ";"Pista Sul";"Colisão Traseira";1;0;0;0;1;0;0;0;0;0;33;0;0;0;0
"10/05/2022";"19:45:00";"576";"AC03 - Aci";"227,399";"BR-116/RJ";"Pista Sul";"Colisão Traseira";1;0;1;0;0;0;0;0;0;0;4;0;0;0;0
"10/05/2022";"22:46:00";"635";"AC05 - Atr";"216,800";"BR-116/SP";"Pista Norte";"Atropelamento de Pedestre Caminhando";0;0;0;0;0;1;0;0;0;0;1;0;0;0;1
"11/05/2022";"06:53:00";"99";"AC03 - Aci";"138,600";"BR-116/SP";"Pista Norte";"Colisão Traseira";2;0;0;0;0;0;0;0;0;0;2;0;0;0;0
"11/05/2022";"08:41:00";"198";"AC02 - Aci";"152,800";"BR-116/SP";"Pista Norte";"Colisão Traseira";1;0;0;1;0;0;0;0;0;0;1;2;0;0;0
"11/05/2022";"10:26:00";"277";"AC03 - Aci";"40,2999";"BR-116/SP";"Pista Norte";"Choque em objeto na pista";1;0;0;0;0;0;0;0;0;0;1;0;0;0;0
"11/05/2022";"10:50:00";"297";"AC03 - Aci";"40,5";"BR-116/SP";"Pista Norte";"Choque em objeto na pista";1;0;0;0;0;0;0;0;0;0;1;0;0;0;0
"11/05/2022";"15:43:00";"444";"AC02 - Aci";"213";"BR-116/SP";"Pista Norte";"Colisão Traseira";0;0;1;1;0;0;0;0;0;0;2;0;1;0;0
"11/05/2022";"16:58:00";"488";"AC03 - Aci";"155,899";"BR-116/SP";"Pista Norte";"Abalroamento Longitudinal";1;0;1;0;0;0;0;0;0;0;2;0;0;0;0
"11/05/2022";"18:50:00";"569";"AC03 - Aci";"160";"BR-116/SP";"Pista Norte";"Engavetamento";3;0;0;0;0;1;0;0;0;0;4;0;0;0;0
"11/05/2022";"20:47:00";"622";"AC03 - Aci";"183,399";"BR-116/RJ";"Pista Sul";"Choque em Barreira New Jersey";1;0;0;0;0;0;0;0;0;0;4;0;0;0;0
"11/05/2022";"21:03:00";"631";"AC03 - Aci";"235,399";"BR-116/RJ";"Pista Sul";"Choque em objeto na pista";1;0;0;0;0;0;0;0;0;0;1;0;0;0;0
"11/05/2022";"21:06:00";"632";"AC03 - Aci";"235,399";"BR-116/RJ";"Pista Sul";"Choque em objeto na pista";1;0;0;0;0;0;0;0;0;0;1;0;0;0;0
"11/05/2022";"21:37:00";"650";"AC02 - Aci";"211,699";"BR-116/SP";"Pista Norte";"Abalroamento Longitudinal";1;0;1;0;0;0;0;0;0;0;1;1;0;0;0
"11/05/2022";"22:05:00";"662";"AC03 - Aci";"218,600";"BR-116/SP";"Pista Norte";"Colisão Traseira";1;0;0;0;0;1;0;0;0;0;2;0;0;0;0
"12/05/2022";"01:15:00";"36";"AC02 - Aci";"173";"BR-116/RJ";"Pista Norte";"Queda de moto";0;0;0;1;0;0;0;0;0;0;0;1;1;0;0
"12/05/2022";"05:15:00";"103";"AC02 - Aci";"214,5";"BR-116/RJ";"Pista Norte";"Tombamento";0;0;1;0;0;0;0;0;0;0;0;0;1;0;0
"12/05/2022";"06:28:00";"115";"AC03 - Aci";"227,100";"BR-116/SP";"Pista Sul";"Engavetamento";2;0;0;0;0;2;0;0;0;0;4;0;0;0;0
"12/05/2022";"06:43:00";"131";"AC02 - Aci";"165";"BR-116/RJ";"Pista Norte";"Abalroamento Longitudinal";1;0;0;1;0;0;0;0;0;0;1;0;1;0;0
"12/05/2022";"06:47:00";"139";"AC02 - Aci";"219,699";"BR-116/SP";"Pista Sul";"Colisão Traseira";0;0;0;1;0;0;0;0;0;0;0;1;0;0;0
"12/05/2022";"07:52:00";"180";"AC02 - Aci";"225,5";"BR-116/SP";"Pista Sul";"Engavetamento";5;0;0;0;0;0;0;0;0;0;5;1;0;0;0
"12/05/2022";"08:18:00";"204";"AC03 - Aci";"228,720";"BR-116/SP";"Pista Sul";"Abalroamento Longitudinal";1;0;0;1;0;0;0;0;0;0;2;0;0;0;0
"12/05/2022";"08:23:00";"207";"AC02 - Aci";"101,099";"BR-116/SP";"Pista Norte";"Queda de moto";0;0;0;1;0;0;0;0;0;0;0;1;0;0;0
"12/05/2022";"08:29:00";"213";"AC02 - Aci";"211,800";"BR-116/SP";"Pista Sul";"Queda de moto";0;0;0;1;0;0;0;0;0;0;0;0;1;0;0
"12/05/2022";"11:08:00";"336";"AC02 - Aci";"321";"BR-116/RJ";"Pista Sul";"Capotamento";1;0;0;0;0;0;0;0;0;0;0;1;1;0;0
"12/05/2022";"11:15:00";"341";"AC03 - Aci";"53,5999";"BR-116/SP";"Pista Sul";"Choque em Barreira New Jersey";1;0;0;0;0;1;0;0;0;0;2;0;0;0;0
"12/05/2022";"11:32:00";"355";"AC03 - Aci";"63,2999";"BR-116/SP";"Pista Sul";"Choque em objeto na pista";1;0;0;0;0;0;0;0;0;0;1;0;0;0;0
"12/05/2022";"15:28:00";"462";"AC02 - Aci";"224,100";"BR-116/RJ";"Pista Norte";"Choque em objeto fixo";1;0;0;0;0;0;0;0;0;0;0;1;0;0;0
"12/05/2022";"19:49:00";"624";"AC03 - Aci";"229,800";"BR-116/SP";"Pista Norte";"Colisão Traseira";1;0;0;1;0;0;0;0;0;0;2;0;0;0;0
"12/05/2022";"20:23:00";"638";"AC02 - Aci";"173,399";"BR-116/SP";"Pista Norte";"Colisão Traseira";0;0;1;0;1;0;0;0;0;0;42;1;0;0;0
"12/05/2022";"21:22:00";"662";"AC03 - Aci";"229";"BR-116/SP";"Pista Sul";"Choque em objeto na pista";0;0;1;0;0;0;0;0;0;0;1;0;0;0;0
"12/05/2022";"23:49:00";"712";"AC03 - Aci";"310,700";"BR-116/RJ";"Pista Norte";"Queda de ribanceira";0;0;1;0;0;0;0;0;0;0;1;0;0;0;0
"13/05/2022";"00:28:00";"22";"AC01 - Aci";"45,2000";"BR-116/SP";"Pista Norte";"Colisão Traseira";0;0;2;0;0;0;0;0;0;0;1;0;1;0;1
"13/05/2022";"02:05:00";"39";"AC03 - Aci";"217,5";"BR-116/RJ";"Pista Sul";"Atropelamento de Animal";0;0;1;0;0;0;0;0;0;0;1;0;0;0;0
"13/05/2022";"05:13:00";"99";"AC03 - Aci";"184";"BR-116/SP";"Pista Sul";"Colisão Traseira";0;0;1;0;0;1;0;0;0;0;2;0;0;0;0
"13/05/2022";"05:14:00";"100";"AC03 - Aci";"170,300";"BR-116/RJ";"Pista Norte";"Colisão Traseira";1;0;0;0;0;1;0;0;0;0;2;0;0;0;0
"13/05/2022";"05:18:00";"106";"AC02 - Aci";"177,600";"BR-116/RJ";"Pista Norte";"Queda de moto";0;0;0;1;0;0;0;0;0;0;0;0;1;0;0
"13/05/2022";"05:55:00";"111";"AC03 - Aci";"169,699";"BR-116/RJ";"Pista Norte";"Colisão Traseira";1;0;1;0;0;0;0;0;0;0;2;0;0;0;0
"13/05/2022";"07:55:00";"194";"AC02 - Aci";"170,199";"BR-116/RJ";"Pista Norte";"Queda de moto";0;0;0;1;0;0;0;0;0;0;1;1;0;0;0
"13/05/2022";"09:49:00";"285";"AC03 - Aci";"230,199";"BR-116/SP";"Pista Sul";"Colisão Traseira";1;0;0;0;0;1;0;0;0;0;2;0;0;0;0
"13/05/2022";"11:59:00";"353";"AC02 - Aci";"167,100";"BR-116/RJ";"Pista Norte";"Colisão Traseira";0;0;0;1;0;1;0;0;0;0;1;1;0;0;0
"13/05/2022";"12:07:00";"357";"AC02 - Aci";"130,600";"BR-116/SP";"Pista Sul";"Queda de moto";0;0;0;1;0;0;0;0;0;0;0;0;1;0;0
"13/05/2022";"14:38:00";"438";"AC02 - Aci";"312,600";"BR-116/RJ";"Pista Norte";"Tombamento";0;0;1;0;0;0;0;0;0;0;0;0;1;0;0
"13/05/2022";"15:28:00";"462";"AC02 - Aci";"211";"BR-116/SP";"Pista Norte";"Queda de moto";0;0;0;1;0;1;0;0;0;0;1;1;0;0;0
"13/05/2022";"15:33:00";"468";"AC03 - Aci";"204,5";"BR-116/SP";"Pista Sul";"Abalroamento Longitudinal";0;0;2;0;0;0;0;0;0;0;2;0;0;0;0
"13/05/2022";"15:45:00";"477";"AC03 - Aci";"66,1999";"BR-116/SP";"Pista Sul";"Engavetamento";2;0;0;0;0;1;0;0;0;0;4;0;0;0;0
"13/05/2022";"16:08:00";"487";"AC03 - Aci";"76,1999";"BR-116/SP";"Pista Norte";"Tombamento";0;0;1;0;0;0;0;0;0;0;1;0;0;0;0
"13/05/2022";"18:40:00";"562";"AC02 - Aci";"139,800";"BR-116/SP";"Pista Sul";"Colisão Traseira";1;0;0;1;0;0;0;0;0;0;1;0;1;0;0
"13/05/2022";"18:49:00";"567";"AC03 - Aci";"154";"BR-116/SP";"Pista Sul";"Engavetamento";2;0;1;0;0;0;0;0;0;0;4;0;0;0;0
"13/05/2022";"19:28:00";"580";"AC03 - Aci";"147,5";"BR-116/SP";"Pista Norte";"Colisão Traseira";1;0;0;0;0;2;0;0;0;0;5;0;0;0;0
"13/05/2022";"23:37:00";"659";"AC03 - Aci";"126,800";"BR-116/SP";"Pista Sul";"Atropelamento de Animal";1;0;0;0;0;0;0;0;0;0;1;0;0;0;0
"14/05/2022";"00:06:00";"22";"AC03 - Aci";"220,800";"BR-116/RJ";"Pista Sul";"Choque em objeto fixo";1;0;0;0;0;0;0;0;0;0;1;0;0;0;0
"14/05/2022";"00:08:00";"23";"AC02 - Aci";"228";"BR-116/SP";"Pista Norte";"Capotamento";1;0;0;0;0;0;0;0;0;0;0;0;1;0;0
"14/05/2022";"03:36:00";"59";"AC03 - Aci";"215,699";"BR-116/SP";"Pista Sul";"Capotamento";1;0;0;0;0;0;0;0;0;0;1;0;0;0;0
"14/05/2022";"06:24:00";"91";"AC03 - Aci";"208,5";"BR-116/SP";"Pista Sul";"Engavetamento";3;0;0;0;0;0;0;0;0;0;3;0;0;0;0
"14/05/2022";"07:17:00";"115";"AC02 - Aci";"296";"BR-116/RJ";"Pista Norte";"Atropelamento de Animal";0;0;0;1;0;0;0;0;0;0;0;1;0;0;0
"14/05/2022";"08:06:00";"141";"AC03 - Aci";"38";"BR-116/SP";"Pista Norte";"Choque em objeto fixo";1;0;0;0;0;0;0;0;0;0;4;0;0;0;0
"14/05/2022";"08:22:00";"148";"AC03 - Aci";"101,900";"BR-116/SP";"Pista Sul";"Capotamento";1;0;0;0;0;0;0;0;0;0;1;0;0;0;0
"14/05/2022";"08:39:00";"157";"AC03 - Aci";"227,899";"BR-116/SP";"Pista Norte";"Choque em Defensa";1;0;0;0;0;0;0;0;0;0;1;0;0;0;0
"14/05/2022";"08:47:00";"164";"AC02 - Aci";"220,899";"BR-116/SP";"Pista Sul";"Abalroamento Longitudinal";1;0;0;1;0;0;0;0;0;0;1;1;0;0;0
"14/05/2022";"09:42:00";"192";"AC02 - Aci";"230,199";"BR-116/SP";"Pista Sul";"Colisão Traseira";1;0;0;1;0;0;0;0;0;0;1;1;0;0;0
"14/05/2022";"10:01:00";"199";"AC02 - Aci";"230,800";"BR-116/SP";"Pista Sul";"Abalroamento Longitudinal";1;0;0;1;0;0;0;0;0;0;1;1;0;0;0
"14/05/2022";"11:06:00";"231";"AC02 - Aci";"225,729";"BR-116/SP";"Pista Sul";"Abalroamento Longitudinal";1;0;0;1;0;0;0;0;0;0;2;2;0;0;0
"14/05/2022";"12:59:00";"276";"AC03 - Aci";"62";"BR-116/SP";"Pista Norte";"Abalroamento Longitudinal";1;0;1;0;0;0;0;0;0;0;3;0;0;0;0
"14/05/2022";"15:21:00";"324";"AC03 - Aci";"155";"BR-116/SP";"Pista Norte";"Capotamento";1;0;0;0;0;0;0;0;0;0;1;0;0;0;0
"14/05/2022";"18:01:00";"391";"AC03 - Aci";"206,699";"BR-116/SP";"Pista Norte";"Colisão Traseira";1;0;0;0;0;1;0;0;0;0;2;0;0;0;0
"14/05/2022";"18:07:00";"393";"AC03 - Aci";"156";"BR-116/SP";"Pista Sul";"Abalroamento Longitudinal";1;0;1;0;0;0;0;0;0;0;2;0;0;0;0
"14/05/2022";"18:10:00";"394";"AC02 - Aci";"173";"BR-116/RJ";"Pista Sul";"Queda de moto";0;0;0;1;0;0;0;0;0;0;0;0;2;0;0
"14/05/2022";"18:11:00";"396";"AC02 - Aci";"179,899";"BR-116/RJ";"Pista Norte";"Capotamento";1;0;0;0;0;0;0;0;0;0;0;0;1;0;0
"14/05/2022";"19:20:00";"418";"AC04 - Atr";"230,350";"BR-116/SP";"Pista Norte";"Atropelamento de Pedestre Caminhando";0;0;0;0;0;1;0;0;0;0;1;0;0;1;0
"14/05/2022";"19:24:00";"419";"AC03 - Aci";"52,9000";"BR-116/SP";"Pista Sul";"Choque em objeto na pista";1;0;0;0;0;0;0;0;0;0;3;0;0;0;0
"14/05/2022";"20:05:00";"433";"AC02 - Aci";"60";"BR-116/SP";"Pista Sul";"Colisão Traseira";0;0;1;1;0;0;0;0;0;0;1;1;0;0;0
"14/05/2022";"20:31:00";"443";"AC03 - Aci";"120";"BR-116/SP";"Pista Norte";"Choque em Barreira New Jersey";1;0;0;0;0;0;0;0;0;0;1;0;0;0;0
"14/05/2022";"20:33:00";"446";"AC02 - Aci";"212,399";"BR-116/SP";"Pista Norte";"Colisão Traseira";3;0;0;0;0;0;0;0;0;0;2;1;0;0;0
"14/05/2022";"21:37:00";"466";"AC03 - Aci";"126,099";"BR-116/SP";"Pista Norte";"Abalroamento Longitudinal";1;0;1;0;0;0;0;0;0;0;2;0;0;0;0
"14/05/2022";"21:41:00";"468";"AC03 - Aci";"147,399";"BR-116/SP";"Pista Norte";"Choque em Defensa";1;0;0;0;0;0;0;0;0;0;3;0;0;0;0
"14/05/2022";"21:46:00";"471";"AC02 - Aci";"213,350";"BR-116/SP";"Pista Norte";"Colisão Traseira";0;0;0;1;0;2;0;0;0;0;2;0;1;0;0
"14/05/2022";"22:16:00";"476";"AC03 - Aci";"227,300";"BR-116/SP";"Pista Sul";"Colisão Traseira";2;0;0;0;0;0;0;0;0;0;2;0;0;0;0
"14/05/2022";"22:18:00";"478";"AC02 - Aci";"112,800";"BR-116/SP";"Pista Sul";"Choque em objeto fixo";1;0;0;0;0;0;0;0;0;0;0;1;0;0;0
"14/05/2022";"23:05:00";"491";"AC02 - Aci";"274";"BR-116/RJ";"Pista Norte";"Atropelamento de Animal";1;0;0;0;0;0;0;0;0;0;0;0;1;0;0
"14/05/2022";"23:14:00";"494";"AC02 - Aci";"223,300";"BR-116/SP";"Pista Sul";"Choque em objeto fixo";1;0;0;0;0;0;0;0;0;0;0;1;0;0;0
"15/05/2022";"04:46:00";"61";"AC03 - Aci";"305";"BR-116/RJ";"Pista Norte";"Choque em Barreira New Jersey";1;0;0;0;0;0;0;0;0;0;2;0;0;0;0
"15/05/2022";"05:12:00";"68";"AC03 - Aci";"310,799";"BR-116/RJ";"Pista Norte";"Queda de ribanceira";1;0;0;0;0;0;0;0;0;0;1;0;0;0;0
"15/05/2022";"05:13:00";"69";"AC02 - Aci";"245";"BR-116/RJ";"Pista Norte";"Tombamento";0;0;1;0;0;0;0;0;0;0;0;1;0;0;0
"15/05/2022";"07:18:00";"89";"AC03 - Aci";"214,800";"BR-116/SP";"Pista Norte";"Choque em objeto na pista";1;0;0;0;0;0;0;0;0;0;1;0;0;0;0
"15/05/2022";"08:35:00";"113";"AC02 - Aci";"224,199";"BR-116/RJ";"Pista Sul";"Queda de moto";0;0;0;1;0;0;0;0;0;0;0;1;0;0;0
"15/05/2022";"11:50:00";"178";"AC03 - Aci";"230,300";"BR-116/RJ";"Pista Norte";"Outros";1;0;0;0;0;0;0;0;0;0;1;0;0;0;0
"15/05/2022";"12:38:00";"195";"AC03 - Aci";"227,100";"BR-116/RJ";"Pista Norte";"Choque em objeto fixo";1;0;0;0;0;0;0;0;0;0;1;0;0;0;0
"15/05/2022";"14:00:00";"224";"AC03 - Aci";"170,300";"BR-116/SP";"Pista Norte";"Choque em objeto fixo";1;0;0;0;0;0;0;0;0;0;2;0;0;0;0
"15/05/2022";"15:40:00";"266";"AC03 - Aci";"104,699";"BR-116/SP";"Pista Sul";"Engavetamento";3;0;0;0;0;0;0;0;0;0;9;0;0;0;0
"15/05/2022";"17:33:00";"325";"AC03 - Aci";"300,619";"BR-116/RJ";"Pista Norte";"Colisão Traseira";2;0;0;0;0;0;0;0;0;0;5;0;0;0;0
"15/05/2022";"17:40:00";"327";"AC02 - Aci";"218,800";"BR-116/SP";"Pista Sul";"Colisão Traseira";1;0;0;1;0;0;0;0;0;0;3;0;2;0;0
"15/05/2022";"19:55:00";"374";"AC03 - Aci";"207";"BR-116/SP";"Pista Sul";"Colisão Traseira";2;0;0;0;0;0;0;0;0;0;6;0;0;0;0
"15/05/2022";"21:03:00";"397";"AC03 - Aci";"209,100";"BR-116/SP";"Pista Norte";"Choque em objeto fixo";1;0;0;0;0;0;0;0;0;0;2;0;0;0;0
"15/05/2022";"21:23:00";"404";"AC03 - Aci";"219";"BR-116/SP";"Pista Sul";"Outros";1;0;0;0;0;0;0;0;0;0;3;0;0;0;0
"16/05/2022";"05:45:00";"74";"AC02 - Aci";"177,100";"BR-116/RJ";"Pista Norte";"Abalroamento Longitudinal";1;0;0;1;0;0;0;0;0;0;1;1;1;0;0
"16/05/2022";"05:53:00";"77";"AC03 - Aci";"167";"BR-116/RJ";"Pista Norte";"Colisão Traseira";2;0;0;0;0;0;0;0;0;0;2;0;0;0;0
"16/05/2022";"10:05:00";"289";"AC02 - Aci";"227";"BR-116/SP";"Pista Sul";"Colisão Traseira";1;0;0;1;0;0;0;0;0;0;1;1;0;0;0
"16/05/2022";"10:29:00";"297";"AC03 - Aci";"321,299";"BR-116/RJ";"Pista Norte";"Outros";0;0;1;0;0;0;0;0;0;0;1;0;0;0;0
"16/05/2022";"11:19:00";"333";"AC03 - Aci";"183,399";"BR-116/RJ";"Pista Sul";"Atropelamento de Animal";1;0;0;0;0;0;0;0;0;0;1;0;0;0;0
"16/05/2022";"13:02:00";"380";"AC02 - Aci";"273";"BR-116/RJ";"Pista Norte";"Capotamento";1;0;0;0;0;0;0;0;0;0;0;1;0;0;0
"16/05/2022";"13:03:00";"381";"AC03 - Aci";"188";"BR-116/SP";"Pista Norte";"Engavetamento";4;0;0;0;0;0;0;0;0;0;6;0;0;0;0