data;horario;n_da_ocorrencia;tipo_de_ocorrencia;km;trecho;sentido;tipo_de_acidente;automovel;bicicleta;caminhao;moto;onibus;outros;tracao_animal;transporte_de_cargas_especiais;trator_maquinas;utilitarios;ilesos;levemente_feridos;moderadamente_feridos;gravemente_feridos;mortos
"24/05/2022";"19:25:00";"536";"AC02 - Aci";"230";"BR-116/SP";"Pista Norte";"Engavetamento";2;0;0;1;0;0;0;0;0;0;2;1;0;0;0
"24/05/2022";"20:26:00";"555";"AC03 - Aci";"213";"BR-116/SP";"Pista Sul";"Engavetamento";1;0;0;0;0;2;0;0;0;0;3;0;0;0;0
"24/05/2022";"23:34:00";"592";"AC03 - Aci";"126";"BR-116/SP";"Pista Sul";"Colisão Traseira";0;0;2;0;0;0;0;0;0;0;2;0;0;0;0
"25/05/2022";"02:31:00";"42";"AC03 - Aci";"105,800";"BR-116/SP";"Pista Sul";"Choque em objeto na pista";0;0;1;0;0;0;0;0;0;0;1;0;0;0;0
"25/05/2022";"05:51:00";"78";"AC03 - Aci";"212,199";"BR-116/SP";"Pista Sul";"Abalroamento Longitudinal";1;0;0;1;0;0;0;0;0;0;2;0;0;0;0
"25/05/2022";"07:15:00";"129";"AC03 - Aci";"65,0500";"BR-116/SP";"Pista Sul";"Engavetamento";2;0;1;0;0;0;0;0;0;0;3;0;0;0;0
"25/05/2022";"08:01:00";"169";"AC03 - Aci";"209,800";"BR-116/SP";"Pista Norte";"Abalroamento Longitudinal";1;0;1;0;0;0;0;0;0;0;2;0;0;0;0
"25/05/2022";"08:17:00";"177";"AC03 - Aci";"157,100";"BR-116/SP";"Pista Norte";"Colisão Traseira";1;0;0;1;0;0;0;0;0;0;3;0;0;0;0
"25/05/2022";"12:10:00";"340";"AC02 - Aci";"236,649";"BR-116/RJ";"Pista Norte";"Abalroamento Longitudinal";0;0;1;1;0;0;0;0;0;0;1;1;0;0;0
"25/05/2022";"14:04:00";"398";"AC02 - Aci";"210,050";"BR-116/SP";"Pista Sul";"Abalroamento Longitudinal";1;0;0;1;0;0;0;0;0;0;1;1;0;0;0
"25/05/2022";"16:45:00";"481";"AC03 - Aci";"166,300";"BR-116/RJ";"Pista Norte";"Colisão Traseira";1;0;0;0;0;1;0;0;0;0;2;0;0;0;0
"25/05/2022";"16:50:00";"484";"AC02 - Aci";"223,699";"BR-116/RJ";"Pista Norte";"Tombamento";0;0;1;0;0;0;0;0;0;0;0;2;0;0;0
"25/05/2022";"17:32:00";"512";"AC02 - Aci";"209,300";"BR-116/SP";"Pista Sul";"Abalroamento Longitudinal";1;0;0;1;0;0;0;0;0;0;1;1;0;0;0
"25/05/2022";"17:43:00";"515";"AC03 - Aci";"126,5";"BR-116/SP";"Pista Sul";"Queda de moto";0;0;0;1;0;0;0;0;0;0;1;0;0;0;0
"25/05/2022";"18:30:00";"550";"AC02 - Aci";"108,900";"BR-116/SP";"Pista Norte";"Abalroamento Longitudinal";0;0;0;1;0;1;0;0;0;0;1;1;0;0;0
"25/05/2022";"19:12:00";"573";"AC03 - Aci";"231,399";"BR-116/SP";"Pista Norte";"Colisão Traseira";1;0;0;0;0;1;0;0;0;0;2;0;0;0;0
"25/05/2022";"20:28:00";"615";"AC03 - Aci";"147,5";"BR-116/SP";"Pista Sul";"Choque em objeto fixo";1;0;0;0;0;0;0;0;0;0;1;0;0;0;0
"25/05/2022";"22:01:00";"654";"AC03 - Aci";"204,100";"BR-116/RJ";"Pista Norte";"Choque em objeto na pista";0;0;0;1;0;0;0;0;0;0;1;0;0;0;0
"26/05/2022";"01:11:00";"40";"AC03 - Aci";"165,199";"BR-116/SP";"Pista Sul";"Colisão Traseira";2;0;0;0;0;0;0;0;0;0;5;0;0;0;0
"26/05/2022";"05:59:00";"111";"AC03 - Aci";"160,899";"BR-116/SP";"Pista Norte";"Choque em objeto na pista";1;0;0;0;0;0;0;0;0;0;3;0;0;0;0
"26/05/2022";"06:03:00";"115";"AC02 - Aci";"169,399";"BR-116/RJ";"Pista Norte";"Abalroamento Longitudinal";1;0;0;1;0;0;0;0;0;0;1;1;0;0;0
"26/05/2022";"06:20:00";"127";"AC03 - Aci";"269,899";"BR-116/RJ";"Pista Norte";"Choque em Barreira New Jersey";1;0;0;0;0;0;0;0;0;0;1;0;0;0;0
"26/05/2022";"07:09:00";"170";"AC03 - Aci";"211";"BR-116/SP";"Pista Sul";"Engavetamento";2;0;1;0;0;0;0;0;0;0;3;0;0;0;0
"26/05/2022";"07:14:00";"176";"AC03 - Aci";"257,100";"BR-116/RJ";"Pista Norte";"Choque em Barreira New Jersey";1;0;0;0;0;0;0;0;0;0;1;0;0;0;0
"26/05/2022";"08:30:00";"252";"AC03 - Aci";"217,800";"BR-116/SP";"Pista Norte";"Colisão Traseira";1;0;0;0;0;1;0;0;0;0;2;0;0;0;0
"26/05/2022";"09:34:00";"299";"AC03 - Aci";"284,779";"BR-116/RJ";"Pista Sul";"Choque em objeto na pista";1;0;0;0;0;0;0;0;0;0;1;0;0;0;0
"26/05/2022";"10:14:00";"329";"AC02 - Aci";"222,300";"BR-116/SP";"Pista Sul";"Queda de moto";0;0;0;1;0;0;0;0;0;0;1;0;1;0;0
"26/05/2022";"10:21:00";"337";"AC03 - Aci";"98";"BR-116/SP";"Pista Sul";"Choque em objeto na pista";1;0;0;0;0;0;0;0;0;0;2;0;0;0;0
"26/05/2022";"10:39:00";"347";"AC03 - Aci";"222,300";"BR-116/SP";"Pista Sul";"Choque em veículo parado na pista";0;0;0;1;0;0;0;0;0;0;1;0;0;0;0
"26/05/2022";"11:23:00";"366";"AC03 - Aci";"165,199";"BR-116/SP";"Pista Sul";"Colisão Traseira";1;0;1;0;0;0;0;0;0;0;2;0;0;0;0
"26/05/2022";"13:24:00";"421";"AC03 - Aci";"213,899";"BR-116/SP";"Pista Sul";"Choque em objeto na pista";1;0;0;0;0;0;0;0;0;0;2;0;0;0;0
"26/05/2022";"14:59:00";"463";"AC02 - Aci";"198,699";"BR-116/RJ";"Pista Sul";"Tombamento";0;0;1;0;0;0;0;0;0;0;0;0;1;0;0
"26/05/2022";"16:13:00";"510";"AC03 - Aci";"86,9499";"BR-116/SP";"Pista Norte";"Colisão Traseira";2;0;0;0;0;0;0;0;0;0;2;0;0;0;0
"26/05/2022";"18:58:00";"604";"AC03 - Aci";"169";"BR-116/RJ";"Pista Norte";"Queda de moto";0;0;1;1;0;1;0;0;0;0;3;0;0;0;0
"26/05/2022";"20:38:00";"639";"AC03 - Aci";"145,699";"BR-116/SP";"Pista Norte";"Colisão Traseira";2;0;0;0;0;0;0;0;0;0;3;0;0;0;0
"26/05/2022";"23:35:00";"713";"AC03 - Aci";"109,699";"BR-116/SP";"Pista Sul";"Choque em Defensa";1;0;0;0;0;0;0;0;0;0;3;0;0;0;0
"27/05/2022";"01:08:00";"35";"AC02 - Aci";"320,649";"BR-116/RJ";"Pista Sul";"Choque em objeto na pista";1;0;0;0;0;0;0;0;0;0;2;2;0;0;0
"27/05/2022";"05:56:00";"99";"AC03 - Aci";"178,300";"BR-116/RJ";"Pista Norte";"Colisão Traseira";2;0;0;0;0;0;0;0;0;0;4;0;0;0;0
"27/05/2022";"06:12:00";"110";"AC03 - Aci";"318,899";"BR-116/RJ";"Pista Norte";"Colisão Traseira";0;0;3;0;0;0;0;0;0;0;3;0;0;0;0
"27/05/2022";"06:45:00";"125";"AC03 - Aci";"220";"BR-116/SP";"Pista Sul";"Abalroamento Longitudinal";1;0;0;1;0;0;0;0;0;0;3;0;0;0;0
"27/05/2022";"07:10:00";"157";"AC02 - Aci";"221,399";"BR-116/SP";"Pista Norte";"Colisão Traseira";1;0;0;1;0;0;0;0;0;0;1;2;0;0;0
"27/05/2022";"07:57:00";"195";"AC02 - Aci";"224,600";"BR-116/SP";"Pista Norte";"Abalroamento Longitudinal";1;0;0;1;0;0;0;0;0;0;1;1;0;0;0
"27/05/2022";"08:08:00";"213";"AC02 - Aci";"217,5";"BR-116/SP";"Pista Sul";"Abalroamento Longitudinal";1;0;0;1;0;0;0;0;0;0;1;1;0;0;0
"27/05/2022";"08:19:00";"232";"AC03 - Aci";"156,300";"BR-116/SP";"Pista Norte";"Colisão Traseira";2;0;0;0;0;0;0;0;0;0;2;0;0;0;0
"27/05/2022";"08:31:00";"238";"AC02 - Aci";"227,5";"BR-116/SP";"Pista Norte";"Colisão Traseira";1;0;0;1;0;0;0;0;0;0;1;0;1;0;0
"27/05/2022";"08:41:00";"249";"AC03 - Aci";"180,949";"BR-116/RJ";"Pista Norte";"Colisão Traseira";2;0;0;0;0;0;0;0;0;0;2;0;0;0;0
"27/05/2022";"08:52:00";"262";"AC03 - Aci";"155";"BR-116/SP";"Pista Norte";"Engavetamento";4;0;0;0;0;0;0;0;0;0;4;0;0;0;0
"27/05/2022";"11:32:00";"350";"AC04 - Atr";"181,399";"BR-116/RJ";"Pista Norte";"Atropelamento de Pedestre Atravessando";0;1;0;0;0;1;0;0;0;0;1;1;0;0;0
"27/05/2022";"16:09:00";"485";"AC03 - Aci";"123,5";"BR-116/SP";"Pista Norte";"Colisão Traseira";0;0;0;1;0;1;0;0;0;0;2;0;0;0;0
"27/05/2022";"17:00:00";"515";"AC03 - Aci";"63";"BR-116/SP";"Pista Sul";"Engavetamento";4;0;0;0;0;0;0;0;0;0;4;0;0;0;0
"27/05/2022";"17:10:00";"520";"AC03 - Aci";"208,800";"BR-116/SP";"Pista Norte";"Abalroamento Longitudinal";1;0;1;0;0;0;0;0;0;0;4;0;0;0;0
"27/05/2022";"17:23:00";"526";"AC02 - Aci";"227,199";"BR-116/SP";"Pista Sul";"Choque em Defensa";0;0;1;0;0;0;0;0;0;0;0;2;0;0;0
"27/05/2022";"17:55:00";"549";"AC03 - Aci";"58,7000";"BR-116/SP";"Pista Sul";"Engavetamento";1;0;0;0;0;2;0;0;0;0;6;0;0;0;0
"27/05/2022";"18:14:00";"564";"AC03 - Aci";"210";"BR-116/SP";"Pista Norte";"Colisão Traseira";1;0;0;0;0;1;0;0;0;0;2;0;0;0;0
"27/05/2022";"18:49:00";"579";"AC03 - Aci";"107,199";"BR-116/SP";"Pista Norte";"Colisão Traseira";1;0;0;0;0;1;0;0;0;0;6;0;0;0;0
"27/05/2022";"19:35:00";"605";"AC02 - Aci";"225";"BR-116/SP";"Pista Sul";"Colisão Traseira";1;0;0;1;0;0;0;0;0;0;1;0;1;0;0
"27/05/2022";"19:48:00";"609";"AC03 - Aci";"221";"BR-116/SP";"Pista Norte";"Choque em objeto na pista";1;0;0;0;0;0;0;0;0;0;2;0;0;0;0
"27/05/2022";"19:51:00";"614";"AC03 - Aci";"217,699";"BR-116/SP";"Pista Norte";"Colisão Traseira";1;0;0;0;0;1;0;0;0;0;2;0;0;0;0
"27/05/2022";"22:29:00";"672";"AC02 - Aci";"238,800";"BR-116/RJ";"Pista Norte";"Choque em Barreira New Jersey";1;0;0;0;0;1;0;0;0;0;1;4;0;0;0
"27/05/2022";"22:49:00";"681";"AC02 - Aci";"224";"BR-116/RJ";"Pista Norte";"Choque em Barreira New Jersey";1;0;0;0;0;0;0;0;0;0;0;0;1;0;0
"27/05/2022";"23:16:00";"692";"AC03 - Aci";"202";"BR-116/RJ";"Pista Sul";"Colisão Traseira";1;0;0;0;0;1;0;0;0;0;2;0;0;0;0
"28/05/2022";"00:31:00";"27";"AC02 - Aci";"174,699";"BR-116/RJ";"Pista Sul";"Choque em Barreira New Jersey";1;0;0;0;0;0;0;0;0;0;0;1;0;0;0
"28/05/2022";"00:45:00";"30";"AC02 - Aci";"98,25";"BR-116/SP";"Pista Sul";"Queda de ribanceira";0;0;1;0;0;0;0;0;0;0;0;0;1;0;0
"28/05/2022";"01:35:00";"38";"AC02 - Aci";"149,600";"BR-116/SP";"Pista Norte";"Engavetamento";3;0;0;1;0;0;0;0;0;0;2;1;1;0;0
"28/05/2022";"03:56:00";"55";"AC05 - Atr";"63,2000";"BR-116/SP";"Pista Norte";"Atropelamento de Pedestre Caminhando";1;0;0;0;0;0;0;0;0;0;1;0;0;0;1
"28/05/2022";"04:34:00";"61";"AC03 - Aci";"185,100";"BR-116/SP";"Pista Norte";"Choque em objeto fixo";0;0;1;0;0;0;0;0;0;0;1;0;0;0;0
"28/05/2022";"05:07:00";"68";"AC03 - Aci";"185,100";"BR-116/SP";"Pista Sul";"Choque em objeto na pista";0;0;1;0;0;0;0;0;0;0;2;0;0;0;0
"28/05/2022";"06:04:00";"75";"AC03 - Aci";"189,699";"BR-116/RJ";"Pista Sul";"Choque em objeto fixo";1;0;0;0;0;0;0;0;0;0;1;0;0;0;0
"28/05/2022";"06:36:00";"82";"AC03 - Aci";"147,949";"BR-116/SP";"Pista Norte";"Choque em Barreira New Jersey";1;0;0;0;0;0;0;0;0;0;2;0;0;0;0
"28/05/2022";"06:46:00";"86";"AC03 - Aci";"67,6999";"BR-116/SP";"Pista Norte";"Choque em objeto fixo";1;0;0;0;0;0;0;0;0;0;1;0;0;0;0
"28/05/2022";"07:53:00";"112";"AC02 - Aci";"217,100";"BR-116/SP";"Pista Norte";"Engavetamento";2;0;0;0;0;1;0;0;0;0;4;1;0;0;0
"28/05/2022";"08:51:00";"139";"AC02 - Aci";"114,099";"BR-116/SP";"Pista Sul";"Choque em Barreira New Jersey";1;0;0;0;0;0;0;0;0;0;0;2;0;0;0
"28/05/2022";"08:57:00";"143";"AC03 - Aci";"131,699";"BR-116/SP";"Pista Norte";"Queda de moto";0;0;0;1;0;0;0;0;0;0;2;0;0;0;0
"28/05/2022";"09:00:00";"145";"AC02 - Aci";"51,3499";"BR-116/SP";"Pista Norte";"Queda de moto";0;0;0;1;0;0;0;0;0;0;0;1;0;0;0
"28/05/2022";"09:06:00";"148";"AC02 - Aci";"180,600";"BR-116/RJ";"Pista Norte";"Engavetamento";2;0;1;0;0;0;0;0;0;0;6;0;1;0;0
"28/05/2022";"09:08:00";"150";"AC03 - Aci";"271,600";"BR-116/RJ";"Pista Sul";"Colisão Traseira";2;0;0;0;0;0;0;0;0;0;3;0;0;0;0
"28/05/2022";"09:29:00";"161";"AC02 - Aci";"204,699";"BR-116/SP";"Pista Norte";"Capotamento";1;0;0;0;0;0;0;0;0;0;0;1;0;0;0
"28/05/2022";"09:48:00";"167";"AC02 - Aci";"120,300";"BR-116/SP";"Pista Norte";"Engavetamento";2;0;0;0;0;1;0;0;0;0;3;1;0;0;0
"28/05/2022";"09:55:00";"171";"AC03 - Aci";"222,699";"BR-116/RJ";"Pista Sul";"Choque em objeto fixo";1;0;0;0;0;0;0;0;0;0;1;0;0;0;0
"28/05/2022";"10:25:00";"188";"AC03 - Aci";"121,5";"BR-116/SP";"Pista Norte";"Engavetamento";3;0;0;0;0;0;0;0;0;0;5;0;0;0;0
"28/05/2022";"11:12:00";"203";"AC03 - Aci";"52,7999";"BR-116/SP";"Pista Sul";"Abalroamento Longitudinal";1;0;1;0;0;0;0;0;0;0;2;0;0;0;0
"28/05/2022";"12:56:00";"236";"AC02 - Aci";"213,199";"BR-116/SP";"Pista Sul";"Abalroamento Longitudinal";0;0;0;1;0;1;0;0;0;0;1;1;0;0;0
"28/05/2022";"14:13:00";"275";"AC02 - Aci";"171,800";"BR-116/RJ";"Pista Norte";"Queda de Carga";0;0;0;1;0;0;0;0;0;0;0;2;0;0;0
"28/05/2022";"19:25:00";"409";"AC02 - Aci";"121,900";"BR-116/SP";"Pista Sul";"Colisão Traseira";1;0;0;1;0;0;0;0;0;0;2;1;0;0;0
"28/05/2022";"19:54:00";"418";"AC02 - Aci";"293";"BR-116/RJ";"Pista Sul";"Choque em Barreira New Jersey";1;0;0;0;0;0;0;0;0;0;0;1;0;0;0
"28/05/2022";"20:30:00";"428";"AC03 - Aci";"180,800";"BR-116/SP";"Pista Sul";"Colisão Traseira";2;0;0;0;0;0;0;0;0;0;2;0;0;0;0
"28/05/2022";"21:08:00";"436";"AC03 - Aci";"157,300";"BR-116/SP";"Pista Sul";"Colisão Traseira";1;0;0;0;0;1;0;0;0;0;2;0;0;0;0
"28/05/2022";"22:52:00";"467";"AC02 - Aci";"204,199";"BR-116/RJ";"Pista Norte";"Capotamento";1;0;0;0;0;0;0;0;0;0;0;2;0;0;0
"28/05/2022";"23:18:00";"475";"AC05 - Atr";"202,380";"BR-116/SP";"Pista Norte";"Atropelamento de Pedestre Caminhando";0;0;0;0;0;1;0;0;0;0;1;0;0;0;1
"28/05/2022";"23:43:00";"481";"AC02 - Aci";"198";"BR-116/RJ";"Pista Sul";"Queda de moto";0;0;0;1;0;0;0;0;0;0;0;1;0;0;0
"29/05/2022";"01:51:00";"28";"AC03 - Aci";"307,899";"BR-116/RJ";"Pista Norte";"Choque em Barreira New Jersey";1;0;0;0;0;0;0;0;0;0;1;0;0;0;0
"29/05/2022";"02:39:00";"38";"AC03 - Aci";"177,399";"BR-116/RJ";"Pista Sul";"Capotamento";1;0;0;0;0;0;0;0;0;0;1;0;0;0;0
"29/05/2022";"03:37:00";"47";"AC03 - Aci";"184,300";"BR-116/RJ";"Pista Norte";"Choque em objeto fixo";1;0;0;0;0;0;0;0;0;0;1;0;0;0;0
"29/05/2022";"05:20:00";"66";"AC03 - Aci";"223";"BR-116/SP";"Pista Norte";"Abalroamento Longitudinal";2;0;0;0;0;0;0;0;0;0;2;0;0;0;0
"29/05/2022";"05:22:00";"67";"AC03 - Aci";"223";"BR-116/SP";"Pista Norte";"Choque em veículo parado na pista";1;0;0;0;0;2;0;0;0;0;3;0;0;0;0
"29/05/2022";"06:57:00";"81";"AC02 - Aci";"165,699";"BR-116/RJ";"Pista Sul";"Abalroamento Longitudinal";0;0;0;2;0;0;0;0;0;0;0;2;0;0;0
"29/05/2022";"07:42:00";"93";"AC02 - Aci";"120,900";"BR-116/SP";"Pista Norte";"Colisão Traseira";1;0;1;0;0;0;0;0;0;0;4;1;1;0;0
"29/05/2022";"08:12:00";"104";"AC02 - Aci";"222,25";"BR-116/SP";"Pista Sul";"Abalroamento Longitudinal";1;0;1;0;0;0;0;0;0;0;1;2;0;0;0
"29/05/2022";"08:30:00";"109";"AC03 - Aci";"116,199";"BR-116/SP";"Pista Norte";"Abalroamento Longitudinal";1;0;1;0;0;0;0;0;0;0;5;0;0;0;0
"29/05/2022";"08:56:00";"121";"AC03 - Aci";"247,300";"BR-116/RJ";"Pista Sul";"Choque em Barreira New Jersey";1;0;0;0;0;0;0;0;0;0;4;0;0;0;0
"29/05/2022";"09:43:00";"144";"AC02 - Aci";"182,699";"BR-116/RJ";"Pista Sul";"Colisão Traseira";2;0;0;0;0;0;0;0;0;0;5;2;0;0;0
"29/05/2022";"11:50:00";"194";"AC03 - Aci";"255";"BR-116/RJ";"Pista Norte";"Abalroamento Longitudinal";1;0;1;0;0;0;0;0;0;0;4;0;0;0;0
"29/05/2022";"12:46:00";"218";"AC03 - Aci";"288,299";"BR-116/RJ";"Pista Norte";"Choque em objeto na pista";1;0;0;0;0;0;0;0;0;0;1;0;0;0;0
"29/05/2022";"15:21:00";"274";"AC04 - Atr";"212,720";"BR-116/SP";"Pista Norte";"Atropelamento de Pedestre Atravessando";1;0;0;0;0;0;0;0;0;0;2;0;0;1;0
"29/05/2022";"16:19:00";"301";"AC02 - Aci";"302,619";"BR-116/RJ";"Pista Norte";"Colisão Traseira";1;0;0;0;0;1;0;0;0;0;2;2;0;0;0
"29/05/2022";"17:19:00";"327";"AC03 - Aci";"113,400";"BR-116/SP";"Pista Norte";"Queda de ribanceira";1;0;0;0;0;0;0;0;0;0;1;0;0;0;0
"29/05/2022";"17:44:00";"346";"AC02 - Aci";"173,75";"BR-116/SP";"Pista Sul";"Queda de moto";0;0;0;1;0;0;0;0;0;0;0;2;0;0;0
"29/05/2022";"18:46:00";"376";"AC02 - Aci";"214,5";"BR-116/SP";"Pista Sul";"Engavetamento";2;0;0;0;0;1;0;0;0;0;7;2;0;0;0
"29/05/2022";"18:48:00";"378";"AC02 - Aci";"166,399";"BR-116/RJ";"Pista Norte";"Queda de moto";0;0;0;1;0;0;0;0;0;0;0;2;0;0;0
"29/05/2022";"18:54:00";"386";"AC03 - Aci";"183,100";"BR-116/SP";"Pista Sul";"Engavetamento";2;0;0;0;0;1;0;0;0;0;5;0;0;0;0
"29/05/2022";"19:39:00";"399";"AC03 - Aci";"64,1999";"BR-116/SP";"Pista Sul";"Colisão Traseira";2;0;0;0;0;0;0;0;0;0;2;0;0;0;0
"29/05/2022";"20:00:00";"403";"AC04 - Atr";"130,5";"BR-116/SP";"Pista Norte";"Atropelamento de Pedestre Atravessando";1;1;0;0;0;0;0;0;0;0;3;1;0;0;0
"29/05/2022";"20:01:00";"405";"AC03 - Aci";"209,300";"BR-116/SP";"Pista Sul";"Colisão Traseira";1;0;0;0;0;1;0;0;0;0;3;0;0;0;0
"29/05/2022";"22:02:00";"440";"AC03 - Aci";"314,600";"BR-116/RJ";"Pista Sul";"Choque em objeto fixo";1;0;0;0;0;0;0;0;0;0;4;0;0;0;0
"30/05/2022";"00:08:00";"19";"AC03 - Aci";"129,699";"BR-116/SP";"Pista Sul";"Capotamento";1;0;0;0;0;0;0;0;0;0;1;0;0;0;0
"30/05/2022";"00:16:00";"23";"AC02 - Aci";"210,300";"BR-116/SP";"Pista Sul";"Choque em Defensa";0;0;0;1;0;0;0;0;0;0;0;0;0;1;0
"30/05/2022";"00:45:00";"31";"AC02 - Aci";"226,399";"BR-116/SP";"Pista Norte";"Tombamento";1;0;0;0;0;0;0;0;0;0;1;0;1;0;0
"30/05/2022";"06:54:00";"114";"AC03 - Aci";"307,899";"BR-116/RJ";"Pista Norte";"Abalroamento Longitudinal";2;0;0;0;0;0;0;0;0;0;2;0;0;0;0
"30/05/2022";"06:59:00";"121";"AC02 - Aci";"198,100";"BR-116/RJ";"Pista Norte";"Choque em Defensa";1;0;0;0;0;0;0;0;0;0;0;0;1;0;0
"30/05/2022";"08:20:00";"203";"AC03 - Aci";"227,5";"BR-116/SP";"Pista Norte";"Queda de moto";0;0;0;1;0;0;0;0;0;0;1;0;0;0;0
"30/05/2022";"08:24:00";"211";"AC03 - Aci";"69";"BR-116/SP";"Pista Sul";"Choque em objeto na pista";1;0;0;0;0;0;0;0;0;0;1;0;0;0;0
"30/05/2022";"11:13:00";"309";"AC03 - Aci";"281";"BR-116/RJ";"Pista Norte";"Outros";1;0;0;0;0;0;0;0;0;0;1;0;0;0;0
"30/05/2022";"17:40:00";"521";"AC03 - Aci";"160,100";"BR-116/SP";"Pista Norte";"Colisão Traseira";1;0;1;0;0;0;0;0;0;0;2;0;0;0;0
"30/05/2022";"21:26:00";"623";"AC03 - Aci";"225,149";"BR-116/SP";"Pista Norte";"Choque em Defensa";1;0;0;0;0;1;0;0;0;0;2;0;0;0;0
"31/05/2022";"01:28:00";"33";"AC03 - Aci";"181,199";"BR-116/RJ";"Pista Norte";"Colisão Traseira";0;0;1;0;0;1;0;0;0;0;2;0;0;0;0
"31/05/2022";"04:27:00";"61";"AC02 - Aci";"113,199";"BR-116/SP";"Pista Norte";"Tombamento";0;0;1;0;0;0;0;0;0;0;0;1;0;0;0
"31/05/2022";"06:57:00";"107";"AC03 - Aci";"207,100";"BR-116/SP";"Pista Sul";"Colisão Traseira";1;0;0;0;0;0;0;0;0;0;1;0;0;0;0
"31/05/2022";"07:24:00";"138";"AC03 - Aci";"311";"BR-116/RJ";"Pista Norte";"Colisão Traseira";2;0;0;0;0;0;0;0;0;0;2;0;0;0;0
"31/05/2022";"08:32:00";"193";"AC02 - Aci";"177";"BR-116/RJ";"Pista Sul";"Colisão Traseira";1;0;1;0;0;0;0;0;0;0;1;0;1;0;0
"31/05/2022";"08:46:00";"204";"AC02 - Aci";"22,5";"BR-116/SP";"Pista Sul";"Tombamento";0;0;1;0;0;0;0;0;0;0;0;0;1;0;0
"31/05/2022";"08:53:00";"211";"AC03 - Aci";"121,800";"BR-116/SP";"Pista Norte";"Choque em Barreira New Jersey";0;0;1;0;0;0;0;0;0;0;1;0;0;0;0
"31/05/2022";"08:56:00";"213";"AC03 - Aci";"146,399";"BR-116/SP";"Pista Sul";"Abalroamento Longitudinal";1;0;0;1;0;0;0;0;0;0;2;0;0;0;0
"31/05/2022";"09:19:00";"227";"AC03 - Aci";"109,599";"BR-116/SP";"Pista Norte";"Engavetamento";3;0;1;0;0;0;0;0;0;0;5;0;0;0;0
"31/05/2022";"09:42:00";"245";"AC03 - Aci";"228,100";"BR-116/SP";"Pista Sul";"Choque em Defensa";0;0;1;0;0;0;0;0;0;0;1;0;0;0;0
"31/05/2022";"09:43:00";"247";"AC03 - Aci";"217,899";"BR-116/RJ";"Pista Norte";"Choque em objeto fixo";0;0;1;0;0;0;0;0;0;0;2;0;0;0;0
"31/05/2022";"10:14:00";"270";"AC04 - Atr";"184,100";"BR-116/RJ";"Pista Norte";"Atropelamento de Pedestre Atravessando";0;1;0;0;0;1;0;0;0;0;1;1;0;0;0
"31/05/2022";"10:49:00";"296";"AC03 - Aci";"226,800";"BR-116/SP";"Pista Sul";"Engavetamento";3;0;0;0;0;0;0;0;0;0;3;0;0;0;0
"31/05/2022";"11:55:00";"340";"AC03 - Aci";"230,199";"BR-116/SP";"Pista Sul";"Colisão Traseira";1;0;0;0;1;0;0;0;0;0;2;0;0;0;0
"31/05/2022";"12:55:00";"368";"AC03 - Aci";"320";"BR-116/RJ";"Pista Sul";"Choque em objeto na pista";0;0;2;0;0;0;0;0;0;0;2;0;0;0;0
"31/05/2022";"13:02:00";"373";"AC02 - Aci";"213,399";"BR-116/SP";"Pista Sul";"Colisão Traseira";1;0;0;1;0;0;0;0;0;0;1;1;0;0;0
"31/05/2022";"13:26:00";"387";"AC03 - Aci";"306,290";"BR-116/RJ";"Pista Sul";"Abalroamento Longitudinal";1;0;1;0;0;0;0;0;0;0;2;0;0;0;0
"31/05/2022";"14:19:00";"417";"AC03 - Aci";"306,290";"BR-116/RJ";"Pista Sul";"Colisão Traseira";0;0;2;0;0;0;0;0;0;0;2;0;0;0;0
"31/05/2022";"15:36:00";"456";"AC03 - Aci";"167,699";"BR-116/RJ";"Pista Sul";"Engavetamento";3;0;0;0;0;0;0;0;0;0;3;0;0;0;0
"31/05/2022";"15:59:00";"469";"AC03 - Aci";"196,600";"BR-116/SP";"Pista Norte";"Choque em objeto na pista";1;0;0;0;0;0;0;0;0;0;1;0;0;0;0
"31/05/2022";"16:02:00";"474";"AC03 - Aci";"317";"BR-116/RJ";"Pista Sul";"Choque em objeto na pista";1;0;0;0;0;0;0;0;0;0;1;0;0;0;0
"31/05/2022";"17:16:00";"503";"AC02 - Aci";"308,600";"BR-116/RJ";"Pista Norte";"Queda de moto";0;0;0;1;0;0;0;0;0;0;0;1;0;0;0
"31/05/2022";"18:45:00";"571";"AC02 - Aci";"156,100";"BR-116/SP";"Pista Norte";"Queda de moto";0;0;0;1;0;0;0;0;0;0;0;1;0;0;0
"31/05/2022";"19:03:00";"579";"AC03 - Aci";"157";"BR-116/SP";"Pista Norte";"Abalroamento Longitudinal";1;0;1;0;0;0;0;0;0;0;5;0;0;0;0
"31/05/2022";"19:13:00";"584";"AC02 - Aci";"268";"BR-116/RJ";"Pista Sul";"Capotamento";1;0;0;0;0;0;0;0;0;0;0;1;0;0;0
"31/05/2022";"20:18:00";"614";"AC03 - Aci";"222,199";"BR-116/SP";"Pista Norte";"Colisão Traseira";1;0;1;0;0;0;0;0;0;0;5;0;0;0;0
"31/05/2022";"22:35:00";"664";"AC02 - Aci";"34";"BR-116/SP";"Pista Norte";"Queda de moto";0;0;0;1;0;0;0;0;0;0;0;0;1;0;0
"01/06/2022";"04:29:00";"53";"Acidente c";"169,7";"BR-116/SP";"Pista Sul";"Choque em defensa";0;0;1;0;0;0;0;0;0;0;0;1;0;0;0
"01/06/2022";"06:54:00";"98";"Acidente s";"223,4";"BR-116/SP";"Pista Sul";"Abalroamento longitudinal";1;0;0;1;0;0;0;0;0;0;2;0;0;0;0
"01/06/2022";"06:59:00";"105";"Acidente s";"66,5";"BR-116/SP";"Pista Sul";"Choque em barreira New Jersey";1;0;0;0;0;0;0;0;0;0;1;0;0;0;0
"01/06/2022";"07:40:00";"146";"Acidente s";"113,5";"BR-116/SP";"Pista Norte";"Choque em barreira New Jersey";0;0;1;0;0;0;0;0;0;0;1;0;0;0;0
"01/06/2022";"07:43:00";"150";"Acidente c";"224,1";"BR-116/SP";"Pista Sul";"Colisão traseira";1;0;0;1;0;0;0;0;0;0;1;1;0;0;0
"01/06/2022";"07:48:00";"156";"Acidente s";"103,7";"BR-116/SP";"Pista Sul";"Choque em defensa";1;0;0;0;0;0;0;0;0;0;1;0;0;0;0
"01/06/2022";"08:13:00";"173";"Acidente c";"205,7";"BR-116/SP";"Pista Sul";"Abalroamento longitudinal";1;0;0;1;0;0;0;0;0;0;2;1;0;0;0