data;horario;n_da_ocorrencia;tipo_de_ocorrencia;km;trecho;sentido;tipo_de_acidente;automovel;bicicleta;caminhao;moto;onibus;outros;tracao_animal;transporte_de_cargas_especiais;trator_maquinas;utilitarios;ilesos;levemente_feridos;moderadamente_feridos;gravemente_feridos;mortos
"10/06/2022";"01:06:00";"24";"Acidente c";"238,9";"BR-116/RJ";"Pista Norte";"Choque Talude";1;0;0;0;0;0;0;0;0;0;0;2;0;0;0
"10/06/2022";"02:30:00";"31";"Acidente s";"178,9";"BR-116/RJ";"Pista Norte";"Abalroamento longitudinal";1;0;0;0;0;1;0;0;0;0;5;0;0;0;0
"10/06/2022";"04:32:00";"47";"Acidente c";"320";"BR-116/RJ";"Pista Sul";"Choque em objeto fixo";1;0;0;0;0;0;0;0;0;0;0;0;1;0;0
"10/06/2022";"05:06:00";"57";"Acidente s";"139,8";"BR-116/SP";"Pista Norte";"Choque em defensa";1;0;0;0;0;0;0;0;0;0;1;0;0;0;0
"10/06/2022";"06:44:00";"85";"Acidente c";"207,1";"BR-116/SP";"Pista Sul";"Engavetamento";4;0;0;0;0;0;0;0;0;0;3;0;1;0;0
"10/06/2022";"06:59:00";"94";"Acidente c";"180,35";"BR-116/RJ";"Pista Sul";"Queda de moto";0;0;0;1;0;0;0;0;0;0;0;1;1;0;0
"10/06/2022";"07:18:00";"114";"Acidente c";"186,7";"BR-116/SP";"Pista Norte";"Colisão traseira";0;0;2;0;0;0;0;0;0;0;3;0;1;0;1
"10/06/2022";"07:43:00";"130";"Acidente c";"188,2";"BR-116/SP";"Pista Norte";"Engavetamento";4;0;0;1;0;0;0;0;0;0;4;1;0;0;0
"10/06/2022";"09:14:00";"202";"Acidente c";"181,5";"BR-116/RJ";"Pista Norte";"Abalroamento longitudinal";1;0;0;1;0;0;0;0;0;0;1;1;0;0;0
"10/06/2022";"12:02:00";"308";"Acidente s";"142,7";"BR-116/SP";"Pista Norte";"Colisão traseira";1;0;0;0;0;0;0;0;0;1;4;0;0;0;0
"10/06/2022";"12:17:00";"316";"Acidente c";"226,4";"BR-116/SP";"Pista Norte";"Queda de moto";0;0;0;1;0;0;0;0;0;0;0;0;1;0;0
"10/06/2022";"14:00:00";"367";"Acidente s";"226,1";"BR-116/RJ";"Pista Sul";"Colisão traseira";1;0;0;0;0;1;0;0;0;0;2;0;0;0;0
"10/06/2022";"14:25:00";"383";"Acidente s";"144,6";"BR-116/SP";"Pista Sul";"Colisão traseira";0;0;2;0;0;0;0;0;0;0;2;0;0;0;0
"10/06/2022";"16:31:00";"438";"Atropelame";"202,5";"BR-116/SP";"Pista Norte";"Atropelamento de pedestre atravessando";0;0;0;0;0;1;0;0;0;0;1;2;0;0;0
"10/06/2022";"16:47:00";"445";"Acidente s";"33,5";"BR-116/SP";"Pista Sul";"Choque em barreira New Jersey";1;0;0;0;1;0;0;0;0;0;44;0;0;0;0
"10/06/2022";"16:58:00";"457";"Acidente s";"223,8";"BR-116/SP";"Pista Norte";"Colisão traseira";1;0;0;0;0;1;0;0;0;0;2;0;0;0;0
"10/06/2022";"17:33:00";"470";"Atropelame";"111";"BR-116/SP";"Pista Norte";"Atropelamento de pedestre atravessando";0;1;0;0;0;1;0;0;0;0;1;1;0;0;0
"10/06/2022";"18:33:00";"515";"Acidente s";"145";"BR-116/SP";"Pista Sul";"Engavetamento";3;0;0;0;0;0;0;0;0;0;4;0;0;0;0
"10/06/2022";"18:34:00";"516";"Acidente s";"238,2";"BR-116/RJ";"Pista Norte";"Choque em objeto fixo";1;0;0;0;0;0;0;0;0;0;1;0;0;0;0
"10/06/2022";"18:47:00";"526";"Acidente c";"148,3";"BR-116/SP";"Pista Norte";"Engavetamento";4;0;0;0;0;0;0;0;0;0;5;1;0;0;0
"10/06/2022";"20:04:00";"556";"Acidente c";"166";"BR-116/RJ";"Pista Sul";"Queda de moto";0;0;0;1;0;0;0;0;0;0;0;1;0;0;0
"10/06/2022";"20:43:00";"568";"Acidente s";"235,7";"BR-116/RJ";"Pista Sul";"Choque em objeto fixo";1;0;0;0;0;0;0;0;0;0;1;0;0;0;0
"10/06/2022";"20:43:00";"569";"Acidente s";"167";"BR-116/RJ";"Pista Sul";"Colisão traseira";1;0;0;0;0;1;0;0;0;0;2;0;0;0;0
"10/06/2022";"21:25:00";"593";"Acidente s";"235,6";"BR-116/RJ";"Pista Sul";"Colisão traseira";1;0;2;0;0;0;0;0;0;0;3;0;0;0;0
"10/06/2022";"21:32:00";"596";"Acidente s";"228";"BR-116/RJ";"Pista Sul";"Choque em objeto fixo";1;0;0;0;0;0;0;0;0;0;1;0;0;0;0
"10/06/2022";"22:34:00";"613";"Atropelame";"227,7";"BR-116/SP";"Pista Sul";"Atropelamento de pedestre caminhando";0;0;2;0;0;1;0;0;0;0;3;1;0;0;0
"10/06/2022";"22:41:00";"619";"Atropelame";"236,8";"BR-116/RJ";"Pista Sul";"Atropelamento de pedestre caminhando";2;0;0;0;0;0;0;0;0;0;2;0;0;0;1
"11/06/2022";"00:27:00";"19";"Acidente s";"190,4";"BR-116/RJ";"Pista Norte";"Abalroamento longitudinal";1;0;0;0;0;1;0;0;0;0;2;0;0;0;0
"11/06/2022";"08:18:00";"126";"Acidente c";"228,1";"BR-116/RJ";"Pista Sul";"Queda de moto";0;0;0;1;0;0;0;0;0;0;0;2;0;0;0
"11/06/2022";"08:19:00";"127";"Acidente s";"277,4";"BR-116/RJ";"Pista Norte";"Choque em defensa";1;0;0;0;0;0;0;0;0;0;2;0;0;0;0
"11/06/2022";"09:02:00";"151";"Acidente c";"227,1";"BR-116/SP";"Pista Sul";"Colisão traseira";2;0;0;0;0;0;0;0;0;0;4;1;0;0;0
"11/06/2022";"11:27:00";"214";"Acidente c";"172";"BR-116/RJ";"Pista Sul";"Abalroamento longitudinal";1;0;0;0;0;1;0;0;0;0;1;1;0;0;0
"11/06/2022";"14:22:00";"286";"Acidente c";"219,8";"BR-116/SP";"Pista Sul";"Colisão traseira";1;0;0;1;0;0;0;0;0;0;1;2;0;0;0
"11/06/2022";"16:02:00";"342";"Acidente s";"215,1";"BR-116/SP";"Pista Sul";"Colisão traseira";1;0;0;0;0;1;0;0;0;0;2;0;0;0;0
"11/06/2022";"16:25:00";"357";"Acidente c";"170,2";"BR-116/RJ";"Pista Norte";"Abalroamento longitudinal";2;0;0;1;0;0;0;0;0;0;2;1;0;0;0
"11/06/2022";"17:34:00";"386";"Acidente s";"204";"BR-116/SP";"Pista Norte";"Choque em objeto na pista";3;0;0;0;0;0;0;0;0;0;3;0;0;0;0
"11/06/2022";"22:25:00";"475";"Acidente c";"155,8";"BR-116/SP";"Pista Sul";"Queda de moto";0;0;0;1;0;0;0;0;0;0;0;2;0;0;0
"11/06/2022";"22:29:00";"478";"Acidente s";"316,2";"BR-116/RJ";"Pista Norte";"Choque em barreira New Jersey";1;0;0;0;0;0;0;0;0;0;1;0;0;0;0
"11/06/2022";"22:38:00";"481";"Acidente s";"214,3";"BR-116/RJ";"Pista Sul";"Choque em objeto fixo";1;0;0;0;0;0;0;0;0;0;1;0;0;0;0
"11/06/2022";"22:41:00";"483";"Acidente s";"187";"BR-116/SP";"Pista Norte";"Atropelamento de animal";1;0;0;0;0;0;0;0;0;0;2;0;0;0;0
"12/06/2022";"00:59:00";"31";"Acidente s";"228";"BR-116/SP";"Pista Sul";"Engavetamento";2;0;0;0;0;1;0;0;0;0;6;0;0;0;0
"12/06/2022";"01:03:00";"32";"Acidente s";"202";"BR-116/SP";"Pista Sul";"Colisão traseira";2;0;0;0;0;0;0;0;0;0;7;0;0;0;0
"12/06/2022";"01:26:00";"36";"Acidente s";"98,1";"BR-116/SP";"Pista Norte";"Queda de ribanceira";1;0;0;0;0;0;0;0;0;0;1;0;0;0;0
"12/06/2022";"01:51:00";"38";"Acidente s";"37";"BR-116/SP";"Pista Norte";"Choque em barreira New Jersey";1;0;0;0;0;0;0;0;0;0;1;0;0;0;0
"12/06/2022";"04:03:00";"57";"Acidente s";"229,9";"BR-116/SP";"Pista Norte";"Choque em objeto fixo";1;0;0;0;0;0;0;0;0;0;2;0;0;0;0
"12/06/2022";"05:20:00";"68";"Acidente s";"168";"BR-116/RJ";"Pista Norte";"Choque em barreira New Jersey";1;0;0;0;0;0;0;0;0;0;1;0;0;0;0
"12/06/2022";"10:45:00";"175";"Acidente s";"245,8";"BR-116/RJ";"Pista Sul";"Abalroamento longitudinal";1;0;0;0;0;1;0;0;0;0;3;0;0;0;0
"12/06/2022";"11:00:00";"182";"Acidente c";"227,9";"BR-116/SP";"Pista Sul";"Colisão traseira";2;0;0;0;0;0;0;0;0;0;2;2;0;0;0
"12/06/2022";"13:30:00";"236";"Acidente c";"148,5";"BR-116/SP";"Pista Sul";"Queda de moto";0;0;0;1;0;0;0;0;0;0;1;1;0;0;0
"12/06/2022";"17:17:00";"324";"Acidente s";"195,5";"BR-116/RJ";"Pista Norte";"Engavetamento";3;0;0;0;0;0;0;0;0;0;6;0;0;0;0
"12/06/2022";"18:13:00";"357";"Acidente s";"168,6";"BR-116/RJ";"Pista Norte";"Colisão traseira";0;0;1;0;0;1;0;0;0;0;2;0;0;0;0
"12/06/2022";"18:43:00";"368";"Acidente c";"201,39";"BR-116/RJ";"Pista Sul";"Abalroamento longitudinal";1;0;0;1;0;0;0;0;0;0;2;0;1;0;0
"12/06/2022";"20:03:00";"400";"Acidente s";"187";"BR-116/SP";"Pista Norte";"Choque em objeto na pista";2;0;0;0;0;0;0;0;0;0;3;0;0;0;0
"12/06/2022";"21:00:00";"421";"Acidente s";"53,2";"BR-116/SP";"Pista Sul";"Abalroamento longitudinal";2;0;0;0;0;0;0;0;0;0;6;0;0;0;0
"12/06/2022";"21:26:00";"427";"Acidente s";"145,7";"BR-116/SP";"Pista Sul";"Colisão traseira";2;0;0;0;0;0;0;0;0;0;2;0;0;0;0
"13/06/2022";"01:07:00";"24";"Acidente s";"164,5";"BR-116/RJ";"Pista Norte";"Colisão traseira";2;0;0;0;0;0;0;0;0;0;2;0;0;0;0
"13/06/2022";"04:06:00";"46";"Acidente s";"202,4";"BR-116/SP";"Pista Norte";"Choque em barreira New Jersey";1;0;0;0;0;0;0;0;0;0;2;0;0;0;0
"13/06/2022";"04:39:00";"51";"Acidente c";"178,3";"BR-116/RJ";"Pista Norte";"Colisão frontal";1;0;0;1;0;0;0;0;0;0;1;1;0;0;0
"13/06/2022";"05:50:00";"64";"Acidente s";"115,9";"BR-116/SP";"Pista Sul";"Queda de moto";0;0;0;1;0;0;0;0;0;0;1;0;0;0;0
"13/06/2022";"06:05:00";"72";"Acidente s";"222";"BR-116/SP";"Pista Sul";"Abalroamento longitudinal";1;0;1;0;0;0;0;0;0;0;2;0;0;0;0
"13/06/2022";"06:11:00";"73";"Acidente s";"108,3";"BR-116/SP";"Pista Sul";"Choque em objeto na pista";1;0;0;0;0;0;0;0;0;0;1;0;0;0;0
"13/06/2022";"06:15:00";"74";"Acidente c";"170,1";"BR-116/RJ";"Pista Sul";"Abalroamento longitudinal";0;0;0;1;0;1;0;0;0;0;1;1;0;0;0
"13/06/2022";"06:53:00";"95";"Acidente c";"165,25";"BR-116/RJ";"Pista Norte";"Colisão traseira";0;0;0;1;0;1;0;0;0;0;1;1;0;0;0
"13/06/2022";"07:31:00";"127";"Acidente s";"223,6";"BR-116/SP";"Pista Norte";"Colisão traseira";2;0;0;0;0;0;0;0;0;0;3;0;0;0;0
"13/06/2022";"13:04:00";"362";"Acidente s";"226,4";"BR-116/RJ";"Pista Norte";"Abalroamento longitudinal";2;0;0;0;0;0;0;0;0;0;2;0;0;0;0
"13/06/2022";"13:08:00";"364";"Acidente s";"172";"BR-116/RJ";"Pista Sul";"Abalroamento longitudinal";1;0;1;0;0;0;0;0;0;0;2;0;0;0;0
"13/06/2022";"13:46:00";"378";"Acidente s";"194";"BR-116/RJ";"Pista Norte";"Choque em defensa";1;0;0;0;0;0;0;0;0;0;1;0;0;0;0
"13/06/2022";"14:16:00";"396";"Acidente s";"133";"BR-116/SP";"Pista Sul";"Abalroamento longitudinal";1;0;1;0;0;0;0;0;0;0;6;0;0;0;0
"13/06/2022";"14:43:00";"406";"Acidente c";"169,8";"BR-116/RJ";"Pista Norte";"Colisão traseira";1;0;1;0;0;0;0;0;0;0;1;2;0;0;0
"13/06/2022";"14:51:00";"411";"Acidente s";"282,9";"BR-116/RJ";"Pista Norte";"Choque em barreira New Jersey";2;0;0;0;0;0;0;0;0;0;2;0;0;0;0
"13/06/2022";"16:22:00";"446";"Acidente s";"86,95";"BR-116/SP";"Pista Norte";"Colisão traseira";0;0;2;0;0;0;0;0;0;0;2;0;0;0;0
"13/06/2022";"18:13:00";"527";"Acidente s";"139,6";"BR-116/SP";"Pista Sul";"Colisão traseira";2;0;0;0;0;0;0;0;0;0;2;0;0;0;0
"13/06/2022";"19:05:00";"547";"Acidente s";"146,3";"BR-116/SP";"Pista Norte";"Colisão traseira";2;0;0;0;0;0;0;0;0;0;2;0;0;0;0
"13/06/2022";"19:10:00";"550";"Acidente s";"166,9";"BR-116/RJ";"Pista Sul";"Colisão traseira";1;0;0;0;1;0;0;0;0;0;6;0;0;0;0
"13/06/2022";"20:20:00";"585";"Acidente s";"166,5";"BR-116/RJ";"Pista Sul";"Abalroamento longitudinal";1;0;0;0;0;1;0;0;0;0;2;0;0;0;0
"14/06/2022";"00:20:00";"21";"Acidente s";"226,3";"BR-116/SP";"Pista Norte";"Colisão traseira";2;0;0;0;0;0;0;0;0;0;2;0;0;0;0
"14/06/2022";"00:45:00";"27";"Acidente s";"228";"BR-116/SP";"Pista Norte";"Colisão traseira";0;0;1;0;1;0;0;0;0;0;2;0;0;0;0
"14/06/2022";"03:02:00";"44";"Acidente c";"80,3";"BR-116/SP";"Pista Sul";"Colisão traseira";0;0;2;0;0;0;0;0;0;0;1;0;0;0;1
"14/06/2022";"05:01:00";"71";"Acidente s";"140,5";"BR-116/SP";"Pista Sul";"Choque em objeto na pista";1;0;0;0;0;0;0;0;0;0;1;0;0;0;0
"14/06/2022";"06:36:00";"99";"Acidente c";"166";"BR-116/RJ";"Pista Norte";"Engavetamento";1;0;2;0;0;1;0;0;0;0;3;2;0;0;0
"14/06/2022";"07:02:00";"118";"Acidente s";"142,7";"BR-116/SP";"Pista Norte";"Choque em objeto fixo";1;0;0;0;0;0;0;0;0;0;1;0;0;0;0
"14/06/2022";"10:52:00";"302";"Acidente c";"66,9";"BR-116/SP";"Pista Sul";"Choque em defensa";1;0;0;0;0;0;0;0;0;0;0;1;0;0;0
"14/06/2022";"12:26:00";"346";"Acidente s";"37,3";"BR-116/SP";"Pista Norte";"Abalroamento longitudinal";0;0;2;0;0;0;0;0;0;0;2;0;0;0;0
"14/06/2022";"12:44:00";"351";"Acidente c";"264,7";"BR-116/RJ";"Pista Sul";"Abalroamento longitudinal";1;0;1;0;0;0;0;0;0;0;1;1;0;0;0
"14/06/2022";"14:53:00";"411";"Acidente s";"226,4";"BR-116/RJ";"Pista Norte";"Choque em barreira New Jersey";1;0;0;0;0;0;0;0;0;0;1;0;0;0;0
"14/06/2022";"15:06:00";"415";"Acidente s";"175,7";"BR-116/RJ";"Pista Norte";"Abalroamento longitudinal";1;0;1;0;0;0;0;0;0;0;2;0;0;0;0
"14/06/2022";"17:57:00";"511";"Acidente s";"182";"BR-116/RJ";"Pista Norte";"Engavetamento";4;0;0;0;0;0;0;0;0;0;8;0;0;0;0
"14/06/2022";"18:02:00";"515";"Acidente c";"214";"BR-116/SP";"Pista Sul";"Atropelamento de pedestre atravessando";0;1;0;0;1;0;0;0;0;0;1;1;0;0;0
"14/06/2022";"18:19:00";"532";"Acidente c";"197,2";"BR-116/SP";"Pista Sul";"Colisão traseira";0;0;2;0;0;0;0;0;0;0;1;0;0;1;0
"14/06/2022";"18:26:00";"537";"Acidente s";"323,4";"BR-116/RJ";"Pista Norte";"Choque em objeto na pista";1;0;0;0;0;0;0;0;0;0;1;0;0;0;0
"14/06/2022";"18:55:00";"553";"Acidente s";"146";"BR-116/SP";"Pista Norte";"Abalroamento longitudinal";1;0;0;1;0;0;0;0;0;0;2;0;0;0;0
"14/06/2022";"22:28:00";"637";"Acidente s";"194,7";"BR-116/SP";"Pista Sul";"Abalroamento longitudinal";1;0;1;0;0;0;0;0;0;0;2;0;0;0;0
"14/06/2022";"22:42:00";"641";"Acidente s";"323,4";"BR-116/RJ";"Pista Norte";"Colisão traseira";0;0;1;0;1;0;0;0;0;0;47;0;0;0;0
"15/06/2022";"02:18:00";"40";"Acidente s";"251";"BR-116/RJ";"Pista Norte";"Choque em objeto na pista";1;0;0;0;0;0;0;0;0;0;1;0;0;0;0
"15/06/2022";"02:51:00";"47";"Acidente s";"312,23";"BR-116/RJ";"Pista Sul";"Choque em objeto na pista";0;0;1;0;0;0;0;0;0;0;1;0;0;0;0
"15/06/2022";"05:40:00";"78";"Acidente c";"146,2";"BR-116/SP";"Pista Sul";"Engavetamento";1;0;0;2;0;0;0;0;0;0;2;0;1;0;0
"15/06/2022";"05:56:00";"82";"Acidente s";"212,5";"BR-116/SP";"Pista Sul";"Engavetamento";1;0;0;0;0;1;0;0;0;1;10;0;0;0;0
"15/06/2022";"07:35:00";"137";"Acidente c";"219,7";"BR-116/SP";"Pista Sul";"Abalroamento longitudinal";1;0;0;1;0;0;0;0;0;0;1;0;1;0;0
"15/06/2022";"08:08:00";"164";"Acidente s";"308,9";"BR-116/RJ";"Pista Norte";"Choque em objeto na pista";1;0;0;0;0;0;0;0;0;0;1;0;0;0;0
"15/06/2022";"08:13:00";"170";"Acidente s";"110,5";"BR-116/SP";"Pista Norte";"Colisão traseira";1;0;1;0;0;0;0;0;0;0;5;0;0;0;0
"15/06/2022";"09:03:00";"213";"Acidente s";"279,1";"BR-116/RJ";"Pista Sul";"Choque em barreira New Jersey";1;0;0;0;0;1;0;0;0;0;2;0;0;0;0
"15/06/2022";"10:09:00";"260";"Acidente s";"302";"BR-116/RJ";"Pista Norte";"Choque em defensa";1;0;0;0;0;0;0;0;0;0;1;0;0;0;0
"15/06/2022";"10:14:00";"265";"Acidente s";"215,85";"BR-116/SP";"Pista Sul";"Engavetamento";1;0;1;0;0;1;0;0;0;0;3;0;0;0;0
"15/06/2022";"15:40:00";"445";"Acidente c";"167,6";"BR-116/RJ";"Pista Sul";"Colisão traseira";1;0;0;1;0;0;0;0;0;0;1;1;0;0;0
"15/06/2022";"16:19:00";"465";"Acidente s";"277,9";"BR-116/RJ";"Pista Norte";"Colisão traseira";2;0;0;0;0;0;0;0;0;0;2;0;0;0;0
"15/06/2022";"16:30:00";"476";"Acidente s";"278,1";"BR-116/RJ";"Pista Norte";"Abalroamento longitudinal";0;0;1;0;1;0;0;0;0;0;28;0;0;0;0
"15/06/2022";"17:30:00";"504";"Acidente s";"159";"BR-116/SP";"Pista Norte";"Engavetamento";3;0;1;0;0;0;0;0;0;0;6;0;0;0;0
"15/06/2022";"17:34:00";"507";"Acidente s";"282";"BR-116/RJ";"Pista Norte";"Engavetamento";1;0;0;0;0;2;0;0;0;0;3;0;0;0;0
"15/06/2022";"18:08:00";"532";"Acidente s";"285";"BR-116/RJ";"Pista Norte";"Colisão traseira";2;0;0;0;0;0;0;0;0;0;2;0;0;0;0
"15/06/2022";"18:22:00";"542";"Acidente s";"105";"BR-116/SP";"Pista Sul";"Engavetamento";1;0;2;0;0;0;0;0;0;0;3;0;0;0;0
"15/06/2022";"18:28:00";"545";"Acidente c";"81";"BR-116/SP";"Pista Sul";"Queda de moto";0;0;0;1;0;0;0;0;0;0;1;1;0;0;0
"15/06/2022";"18:47:00";"557";"Acidente c";"104,5";"BR-116/SP";"Pista Sul";"Colisão traseira";1;0;0;0;1;1;0;0;0;0;44;1;0;0;0
"15/06/2022";"18:57:00";"562";"Acidente c";"135,15";"BR-116/SP";"Pista Sul";"Colisão traseira";2;0;0;0;0;0;0;0;0;0;1;0;1;0;0
"15/06/2022";"19:08:00";"569";"Acidente c";"7";"BR-116/SP";"Pista Norte";"Choque em barreira New Jersey";1;0;0;0;0;0;0;0;0;0;0;1;0;0;0
"15/06/2022";"21:20:00";"624";"Acidente s";"229";"BR-116/SP";"Pista Sul";"Colisão traseira";2;0;0;0;0;0;0;0;0;0;4;0;0;0;0
"16/06/2022";"01:02:00";"33";"Acidente s";"287,4";"BR-116/RJ";"Pista Norte";"Atropelamento de animal";1;0;0;0;0;0;0;0;0;0;1;0;0;0;0
"16/06/2022";"02:09:00";"49";"Acidente c";"211";"BR-116/SP";"Pista Norte";"Colisão traseira";0;0;2;0;0;0;0;0;0;0;1;0;0;1;0
"16/06/2022";"03:29:00";"64";"Acidente c";"104,4";"BR-116/SP";"Pista Norte";"Colisão traseira";0;0;1;1;0;0;0;0;0;0;1;0;1;0;0
"16/06/2022";"04:13:00";"70";"Acidente c";"49,4";"BR-116/SP";"Pista Sul";"Choque em barreira New Jersey";1;0;0;0;0;0;0;0;0;0;0;0;1;0;0
"16/06/2022";"10:51:00";"225";"Acidente s";"140,7";"BR-116/SP";"Pista Norte";"Colisão traseira";2;0;0;0;0;0;0;0;0;0;2;0;0;0;0
"16/06/2022";"12:34:00";"268";"Acidente s";"131,9";"BR-116/SP";"Pista Sul";"Abalroamento longitudinal";2;0;0;0;0;0;0;0;0;0;2;0;0;0;0
"16/06/2022";"13:50:00";"306";"Acidente s";"109,7";"BR-116/SP";"Pista Sul";"Engavetamento";3;0;0;0;0;0;0;0;0;0;3;0;0;0;0
"16/06/2022";"14:00:00";"309";"Acidente s";"109,7";"BR-116/SP";"Pista Norte";"Engavetamento";3;0;0;0;0;1;0;0;0;0;7;0;0;0;0
"16/06/2022";"14:39:00";"323";"Acidente c";"218,6";"BR-116/SP";"Pista Sul";"Queda de moto";0;0;0;1;0;0;0;0;0;0;0;0;2;0;0
"16/06/2022";"16:46:00";"385";"Acidente c";"99";"BR-116/SP";"Pista Sul";"Abalroamento transversal";1;0;0;1;0;0;0;0;0;0;1;1;0;0;0
"16/06/2022";"17:43:00";"410";"Acidente c";"198,8";"BR-116/RJ";"Pista Norte";"Choque em defensa";1;0;0;0;0;0;0;0;0;0;0;1;0;0;0
"16/06/2022";"21:38:00";"476";"Acidente c";"202,83";"BR-116/SP";"Pista Sul";"Choque em defensa";0;0;1;0;0;0;0;0;0;0;0;1;0;0;0
"16/06/2022";"21:44:00";"479";"Acidente s";"202,9";"BR-116/SP";"Pista Sul";"Abalroamento longitudinal";1;0;0;0;0;1;0;0;0;0;2;0;0;0;0
"16/06/2022";"23:30:00";"502";"Acidente s";"166,21";"BR-116/SP";"Pista Sul";"Choque em objeto fixo";1;0;0;0;0;0;0;0;0;0;1;0;0;0;0
"16/06/2022";"23:30:00";"503";"Atropelame";"228,4";"BR-116/SP";"Pista Sul";"Atropelamento de pedestre caminhando";0;0;0;0;0;2;0;0;0;0;2;0;1;0;0
"17/06/2022";"00:15:00";"17";"Acidente s";"161";"BR-116/SP";"Pista Sul";"Capotamento";1;0;0;0;0;0;0;0;0;0;2;0;0;0;0
"17/06/2022";"00:55:00";"26";"Acidente s";"178,2";"BR-116/RJ";"Pista Norte";"Choque Talude";1;0;0;0;0;0;0;0;0;0;1;0;0;0;0
"17/06/2022";"01:59:00";"36";"Acidente c";"178,7";"BR-116/RJ";"Pista Norte";"Engavetamento";2;0;0;2;0;0;0;0;0;0;3;1;0;1;0
"17/06/2022";"02:52:00";"46";"Acidente c";"226,85";"BR-116/SP";"Pista Sul";"Colisão traseira";1;0;0;1;0;0;0;0;0;0;1;0;0;1;0
"17/06/2022";"04:03:00";"61";"Acidente s";"151,55";"BR-116/SP";"Pista Sul";"Colisão traseira";1;0;1;0;0;0;0;0;0;0;4;0;0;0;0
"17/06/2022";"04:49:00";"66";"Acidente s";"206,15";"BR-116/SP";"Pista Sul";"Atropelamento de animal";1;0;0;0;0;0;0;0;0;0;3;0;0;0;0
"17/06/2022";"05:44:00";"78";"Acidente s";"223,6";"BR-116/SP";"Pista Norte";"Abalroamento longitudinal";1;0;0;0;0;1;0;0;0;0;2;0;0;0;0
"17/06/2022";"08:13:00";"168";"Acidente c";"196,85";"BR-116/RJ";"Pista Sul";"Choque Talude";1;0;0;0;0;0;0;0;0;0;2;0;1;0;0
"17/06/2022";"15:10:00";"404";"Acidente s";"77,9";"BR-116/SP";"Pista Norte";"Tombamento";0;0;0;0;0;0;0;0;0;1;1;0;0;0;0
"17/06/2022";"15:41:00";"418";"Acidente c";"147,6";"BR-116/SP";"Pista Norte";"Queda de moto";0;0;0;1;0;0;0;0;0;0;1;1;0;0;0
"18/06/2022";"01:11:00";"30";"Acidente s";"107,9";"BR-116/SP";"Pista Sul";"Atropelamento de animal";1;0;0;0;0;0;0;0;0;0;5;0;0;0;0
"18/06/2022";"02:13:00";"38";"Acidente s";"225";"BR-116/SP";"Pista Sul";"Colisão traseira";1;0;0;0;0;1;0;0;0;0;2;0;0;0;0
"18/06/2022";"05:28:00";"51";"Acidente c";"81,3";"BR-116/SP";"Pista Norte";"Choque em objeto na pista";1;0;0;0;0;0;0;0;0;0;2;1;0;0;0
"18/06/2022";"06:33:00";"67";"Acidente s";"35,385";"BR-116/SP";"Pista Sul";"Choque em objeto na pista";2;0;0;0;0;0;0;0;0;0;5;0;0;0;0
"18/06/2022";"07:12:00";"82";"Acidente s";"245";"BR-116/RJ";"Pista Norte";"Choque em objeto fixo";1;0;0;0;0;0;0;0;0;0;1;0;0;0;0
"18/06/2022";"07:15:00";"84";"Acidente c";"228,4";"BR-116/SP";"Pista Norte";"Queda de moto";0;0;0;1;0;0;0;0;0;0;0;2;0;0;0
"18/06/2022";"12:14:00";"231";"Acidente s";"217,5";"BR-116/SP";"Pista Sul";"Choque em objeto na pista";1;0;0;0;0;0;0;0;0;0;1;0;0;0;0
"18/06/2022";"12:17:00";"232";"Acidente s";"169,28";"BR-116/SP";"Pista Norte";"Choque em objeto na pista";1;0;0;0;0;0;0;0;0;0;1;0;0;0;0
"18/06/2022";"12:45:00";"244";"Acidente c";"63,1";"BR-116/SP";"Pista Sul";"Queda de moto";0;0;0;1;0;0;0;0;0;0;0;2;0;0;0
"18/06/2022";"15:46:00";"326";"Acidente c";"209,7";"BR-116/SP";"Pista Norte";"Choque em barreira New Jersey";1;0;0;0;0;0;0;0;0;0;1;1;0;0;0
"18/06/2022";"15:59:00";"328";"Acidente s";"210,1";"BR-116/SP";"Pista Norte";"Colisão traseira";1;0;0;0;0;0;0;0;0;1;2;0;0;0;0
"18/06/2022";"16:47:00";"344";"Acidente c";"213,1";"BR-116/RJ";"Pista Sul";"Choque em barreira New Jersey";1;0;0;0;0;0;0;0;0;0;0;2;0;0;0
"18/06/2022";"17:39:00";"363";"Acidente s";"177,6";"BR-116/RJ";"Pista Sul";"Queda de moto";0;0;0;1;0;0;0;0;0;0;1;0;0;0;0
"18/06/2022";"19:02:00";"413";"Acidente s";"229,78";"BR-116/SP";"Pista Sul";"Choque em defensa";1;0;0;0;0;1;0;0;0;0;7;0;0;0;0
"18/06/2022";"20:31:00";"438";"Acidente s";"227,9";"BR-116/SP";"Pista Sul";"Engavetamento";4;0;0;0;0;0;0;0;0;0;6;0;0;0;0
"18/06/2022";"21:02:00";"448";"Acidente s";"176,5";"BR-116/RJ";"Pista Sul";"Abalroamento longitudinal";0;0;1;0;0;1;0;0;0;0;2;0;0;0;0
"18/06/2022";"21:03:00";"449";"Acidente s";"139,4";"BR-116/SP";"Pista Sul";"Capotamento";2;0;0;0;0;0;0;0;0;0;3;0;0;0;0
"19/06/2022";"05:47:00";"61";"Atropelame";"89,05";"BR-116/SP";"Pista Norte";"Atropelamento de pedestre atravessando";0;0;0;0;0;1;0;0;0;0;1;0;1;0;0
"19/06/2022";"06:28:00";"68";"Acidente c";"76,05";"BR-116/SP";"Pista Norte";"Abalroamento longitudinal";1;0;1;0;0;0;0;0;0;0;1;1;0;0;0
"19/06/2022";"07:09:00";"85";"Acidente s";"160,3";"BR-116/SP";"Pista Sul";"Colisão traseira";2;0;0;0;0;0;0;0;0;0;2;0;0;0;0