data;horario;n_da_ocorrencia;tipo_de_ocorrencia;km;trecho;sentido;tipo_de_acidente;automovel;bicicleta;caminhao;moto;onibus;outros;tracao_animal;transporte_de_cargas_especiais;trator_maquinas;utilitarios;ilesos;levemente_feridos;moderadamente_feridos;gravemente_feridos;mortos
"19/06/2022";"08:55:00";"119";"Acidente s";"245,4";"BR-116/RJ";"Pista Sul";"Choque em objeto fixo";1;0;0;0;0;0;0;0;0;0;1;0;0;0;0
"19/06/2022";"09:42:00";"142";"Acidente s";"221,7";"BR-116/RJ";"Pista Norte";"Choque em objeto fixo";1;0;0;0;0;0;0;0;0;0;1;0;0;0;0
"19/06/2022";"09:45:00";"146";"Acidente c";"169";"BR-116/RJ";"Pista Norte";"Abalroamento longitudinal";2;0;0;0;0;0;0;0;0;0;3;1;0;0;0
"19/06/2022";"09:57:00";"152";"Acidente s";"220,4";"BR-116/RJ";"Pista Norte";"Choque em objeto fixo";1;0;0;0;0;0;0;0;0;0;1;0;0;0;0
"19/06/2022";"10:00:00";"153";"Acidente s";"220,6";"BR-116/RJ";"Pista Sul";"Choque em objeto fixo";1;0;0;0;0;0;0;0;0;0;1;0;0;0;0
"19/06/2022";"12:38:00";"212";"Acidente s";"225,75";"BR-116/RJ";"Pista Norte";"Engavetamento";1;0;0;0;0;2;0;0;0;0;3;0;0;0;0
"19/06/2022";"12:39:00";"214";"Acidente s";"228,2";"BR-116/RJ";"Pista Norte";"Engavetamento";2;0;0;0;0;1;0;0;0;0;3;0;0;0;0
"19/06/2022";"12:53:00";"217";"Acidente s";"225,3";"BR-116/SP";"Pista Sul";"Engavetamento";5;0;0;0;0;1;0;0;0;0;13;0;0;0;0
"19/06/2022";"13:48:00";"240";"Acidente c";"106";"BR-116/SP";"Pista Sul";"Abalroamento longitudinal";1;0;0;1;0;0;0;0;0;0;2;2;0;0;0
"19/06/2022";"13:58:00";"244";"Acidente s";"104,1";"BR-116/SP";"Pista Sul";"Engavetamento";4;0;0;0;0;0;0;0;0;0;15;0;0;0;0
"19/06/2022";"14:03:00";"246";"Acidente c";"312";"BR-116/RJ";"Pista Norte";"Capotamento";1;0;0;0;0;0;0;0;0;0;0;1;0;0;0
"19/06/2022";"14:52:00";"266";"Acidente c";"76";"BR-116/SP";"Pista Sul";"Engavetamento";5;0;0;0;0;1;0;0;0;0;14;2;0;0;0
"19/06/2022";"15:12:00";"276";"Acidente s";"264";"BR-116/RJ";"Pista Norte";"Abalroamento longitudinal";2;0;0;0;0;0;0;0;0;0;6;0;0;0;0
"19/06/2022";"16:37:00";"313";"Acidente s";"111,4";"BR-116/SP";"Pista Sul";"Colisão traseira";0;0;0;1;0;1;0;0;0;0;2;0;0;0;0
"19/06/2022";"17:33:00";"340";"Acidente s";"99,2";"BR-116/SP";"Pista Sul";"Choque em objeto na pista";0;0;0;0;0;1;0;0;0;1;2;0;0;0;0
"19/06/2022";"18:19:00";"370";"Acidente c";"324,6";"BR-116/RJ";"Pista Norte";"Engavetamento";4;0;0;0;0;0;0;0;0;0;1;3;0;0;0
"19/06/2022";"18:52:00";"401";"Acidente c";"67";"BR-116/SP";"Pista Sul";"Engavetamento";3;0;0;0;0;0;0;0;0;0;10;2;0;0;0
"19/06/2022";"19:00:00";"405";"Acidente s";"257,8";"BR-116/RJ";"Pista Norte";"Abalroamento longitudinal";1;0;1;0;0;0;0;0;0;0;6;0;0;0;0
"19/06/2022";"19:09:00";"411";"Acidente c";"8";"BR-116/SP";"Pista Sul";"Choque em barreira New Jersey";1;0;0;0;0;0;0;0;0;0;0;0;1;0;0
"19/06/2022";"19:20:00";"415";"Acidente s";"65";"BR-116/SP";"Pista Sul";"Colisão traseira";2;0;0;0;0;0;0;0;0;0;3;0;0;0;0
"19/06/2022";"19:50:00";"430";"Acidente s";"19";"BR-116/SP";"Pista Sul";"Choque em objeto na pista";0;0;0;0;0;0;0;0;0;1;1;0;0;0;0
"19/06/2022";"20:14:00";"447";"Acidente s";"180,4";"BR-116/RJ";"Pista Norte";"Colisão traseira";2;0;0;0;0;0;0;0;0;0;2;0;0;0;0
"19/06/2022";"20:28:00";"451";"Acidente s";"208";"BR-116/SP";"Pista Norte";"Choque Talude";1;0;0;0;0;0;0;0;0;0;3;0;0;0;0
"19/06/2022";"21:01:00";"465";"Acidente s";"126";"BR-116/SP";"Pista Sul";"Choque em defensa";1;0;1;0;0;0;0;0;0;0;2;0;0;0;0
"19/06/2022";"21:08:00";"467";"Acidente s";"19,2";"BR-116/SP";"Pista Sul";"Choque em objeto na pista";0;0;0;0;0;0;0;0;0;1;1;0;0;0;0
"19/06/2022";"21:09:00";"468";"Acidente s";"227,5";"BR-116/SP";"Pista Norte";"Choque em defensa";1;0;0;0;0;0;0;0;0;0;5;0;0;0;0
"19/06/2022";"22:04:00";"487";"Acidente s";"214";"BR-116/SP";"Pista Sul";"Colisão traseira";1;0;0;0;0;1;0;0;0;0;2;0;0;0;0
"19/06/2022";"22:53:00";"504";"Acidente c";"168,9";"BR-116/RJ";"Pista Norte";"Choque em barreira New Jersey";1;0;0;0;0;0;0;0;0;0;0;1;0;0;0
"19/06/2022";"23:40:00";"511";"Acidente c";"331,7";"BR-116/RJ";"Pista Norte";"Colisão traseira";2;0;0;0;0;0;0;0;0;0;1;1;1;0;0
"20/06/2022";"01:38:00";"31";"Atropelame";"177,5";"BR-116/RJ";"Pista Sul";"Atropelamento de pedestre caminhando";1;0;1;0;0;0;0;0;0;0;1;0;1;0;1
"20/06/2022";"06:19:00";"76";"Acidente s";"300";"BR-116/RJ";"Pista Sul";"Choque em objeto fixo";1;0;0;0;0;0;0;0;0;0;1;0;0;0;0
"20/06/2022";"06:26:00";"78";"Acidente s";"152,6";"BR-116/SP";"Pista Norte";"Abalroamento longitudinal";1;0;0;0;0;1;0;0;0;0;2;0;0;0;0
"20/06/2022";"06:53:00";"91";"Acidente c";"230,3";"BR-116/RJ";"Pista Norte";"Tombamento";0;0;1;0;0;0;0;0;0;0;0;0;1;0;0
"20/06/2022";"07:15:00";"107";"Acidente c";"230,8";"BR-116/SP";"Pista Sul";"Abalroamento longitudinal";1;0;0;1;0;0;0;0;0;0;1;1;0;0;0
"20/06/2022";"07:42:00";"135";"Acidente s";"87,6";"BR-116/SP";"Pista Sul";"Abalroamento longitudinal";0;0;2;0;0;0;0;0;0;0;2;0;0;0;0
"20/06/2022";"08:34:00";"183";"Acidente c";"168,95";"BR-116/RJ";"Pista Norte";"Abalroamento longitudinal";0;0;0;1;0;0;0;0;0;1;2;1;0;0;0
"20/06/2022";"08:42:00";"191";"Acidente c";"78,8";"BR-116/SP";"Pista Sul";"Choque em objeto fixo";1;0;0;0;0;0;0;0;0;0;0;3;1;0;0
"20/06/2022";"09:51:00";"231";"Acidente c";"223,7";"BR-116/SP";"Pista Sul";"Abalroamento longitudinal";1;0;0;1;0;0;0;0;0;0;1;1;0;0;0
"20/06/2022";"10:10:00";"247";"Acidente c";"99";"BR-116/SP";"Pista Norte";"Queda de moto";0;0;0;1;0;0;0;0;0;0;0;0;1;0;0
"20/06/2022";"10:57:00";"273";"Acidente c";"222,95";"BR-116/SP";"Pista Sul";"Colisão traseira";1;0;0;1;0;0;0;0;0;0;1;1;0;0;0
"20/06/2022";"11:49:00";"296";"Acidente s";"223,6";"BR-116/SP";"Pista Sul";"Abalroamento longitudinal";1;0;1;0;0;0;0;0;0;0;2;0;0;0;0
"20/06/2022";"12:32:00";"322";"Acidente c";"189,2";"BR-116/RJ";"Pista Norte";"Abalroamento longitudinal";0;0;0;1;0;1;0;0;0;1;2;1;0;0;0
"20/06/2022";"16:32:00";"427";"Acidente s";"55,75";"BR-116/SP";"Pista Sul";"Colisão traseira";1;0;0;0;0;0;0;0;0;1;2;0;0;0;0
"20/06/2022";"17:20:00";"452";"Atropelame";"58,7";"BR-116/SP";"Pista Sul";"Atropelamento de pedestre atravessando";0;1;1;1;0;0;0;0;0;0;1;0;1;0;1
"20/06/2022";"18:11:00";"483";"Acidente s";"180";"BR-116/RJ";"Pista Norte";"Colisão traseira";1;0;0;0;0;1;0;0;0;0;2;0;0;0;0
"20/06/2022";"18:25:00";"497";"Acidente s";"113";"BR-116/SP";"Pista Norte";"Colisão traseira";1;0;0;0;0;1;0;0;0;0;2;0;0;0;0
"20/06/2022";"18:28:00";"501";"Acidente s";"152,5";"BR-116/SP";"Pista Norte";"Colisão traseira";1;0;0;0;0;1;0;0;0;0;2;0;0;0;0
"20/06/2022";"19:10:00";"513";"Acidente s";"229,9";"BR-116/SP";"Pista Norte";"Abalroamento longitudinal";1;0;1;0;0;0;0;0;0;0;3;0;0;0;0
"20/06/2022";"19:26:00";"523";"Acidente s";"54,3";"BR-116/SP";"Pista Sul";"Colisão traseira";2;0;0;0;0;0;0;0;0;0;5;0;0;0;0
"20/06/2022";"21:27:00";"564";"Acidente s";"173";"BR-116/RJ";"Pista Norte";"Choque em barreira New Jersey";0;0;0;0;0;0;0;0;0;1;1;0;0;0;0
"20/06/2022";"21:57:00";"576";"Acidente c";"208,1";"BR-116/RJ";"Pista Sul";"Queda de moto";0;0;0;1;0;0;0;0;0;0;0;2;0;0;0
"20/06/2022";"22:07:00";"578";"Acidente s";"272,8";"BR-116/RJ";"Pista Norte";"Colisão traseira";0;0;2;0;0;0;0;0;0;0;2;0;0;0;0
"20/06/2022";"22:11:00";"580";"Acidente c";"284";"BR-116/RJ";"Pista Norte";"Choque em objeto na pista";1;0;0;0;0;0;0;0;0;0;3;1;0;0;0
"21/06/2022";"01:50:00";"35";"Acidente s";"209";"BR-116/RJ";"Pista Sul";"Choque em defensa";0;0;0;0;0;0;0;0;0;1;1;0;0;0;0
"21/06/2022";"08:00:00";"149";"Atropelame";"213";"BR-116/SP";"Pista Sul";"Atropelamento de pedestre atravessando";0;1;1;0;0;0;0;0;0;0;3;1;0;0;0
"21/06/2022";"08:14:00";"165";"Acidente s";"173,5";"BR-116/SP";"Pista Norte";"Abalroamento longitudinal";1;0;1;0;0;0;0;0;0;0;2;0;0;0;0
"21/06/2022";"08:54:00";"190";"Acidente c";"222,7";"BR-116/SP";"Pista Sul";"Abalroamento longitudinal";1;0;0;1;0;0;0;0;0;0;1;1;0;0;0
"21/06/2022";"09:30:00";"213";"Acidente s";"165,7";"BR-116/RJ";"Pista Sul";"Colisão traseira";1;0;1;0;0;0;0;0;0;0;2;0;0;0;0
"21/06/2022";"11:31:00";"266";"Acidente c";"142,3";"BR-116/SP";"Pista Norte";"Engavetamento";1;0;1;0;0;1;0;0;0;0;2;1;0;0;0
"21/06/2022";"13:34:00";"315";"Acidente c";"168,7";"BR-116/RJ";"Pista Norte";"Abalroamento longitudinal";1;0;1;0;0;0;0;0;0;0;1;1;0;0;0
"21/06/2022";"15:15:00";"380";"Acidente s";"153,9";"BR-116/SP";"Pista Norte";"Colisão traseira";2;0;0;0;0;0;0;0;0;0;2;0;0;0;0
"21/06/2022";"16:19:00";"405";"Acidente c";"66,1";"BR-116/SP";"Pista Norte";"Queda de moto";0;0;0;1;0;0;0;0;0;0;0;2;0;0;0
"21/06/2022";"16:27:00";"410";"Acidente c";"227,6";"BR-116/RJ";"Pista Norte";"Colisão traseira";2;0;0;0;0;0;0;0;0;0;2;1;0;0;0
"22/06/2022";"02:41:00";"52";"Acidente c";"186,9";"BR-116/SP";"Pista Sul";"Tombamento";0;0;1;0;0;0;0;0;0;0;0;1;0;0;0
"22/06/2022";"06:23:00";"82";"Acidente c";"185,9";"BR-116/RJ";"Pista Norte";"Abalroamento longitudinal";0;0;2;0;0;0;0;0;0;0;1;1;0;0;0
"22/06/2022";"07:07:00";"124";"Atropelame";"205,7";"BR-116/SP";"Pista Norte";"Atropelamento de pedestre atravessando";0;1;0;1;0;0;0;0;0;0;0;1;1;0;0
"22/06/2022";"07:26:00";"146";"Acidente c";"102,31";"BR-116/SP";"Pista Norte";"Colisão traseira";2;0;0;0;0;0;0;0;0;0;7;1;0;0;0
"22/06/2022";"07:30:00";"150";"Acidente c";"144,9";"BR-116/SP";"Pista Sul";"Engavetamento";4;0;0;0;0;0;0;0;0;0;4;1;0;0;0
"22/06/2022";"07:34:00";"154";"Acidente c";"165";"BR-116/RJ";"Pista Norte";"Colisão traseira";0;0;0;1;0;1;0;0;0;0;1;0;1;0;0
"22/06/2022";"10:31:00";"315";"Acidente c";"228,7";"BR-116/SP";"Pista Sul";"Colisão traseira";1;0;1;0;0;0;0;0;0;0;1;1;0;0;0
"22/06/2022";"12:17:00";"373";"Acidente s";"79,2";"BR-116/SP";"Pista Sul";"Choque em objeto na pista";1;0;0;0;0;0;0;0;0;0;2;0;0;0;0
"22/06/2022";"13:51:00";"434";"Acidente s";"231,5";"BR-116/RJ";"Pista Norte";"Choque em objeto na pista";1;0;0;0;0;0;0;0;0;0;1;0;0;0;0
"22/06/2022";"16:50:00";"545";"Acidente s";"86,9";"BR-116/SP";"Pista Sul";"Colisão traseira";1;0;1;0;0;0;0;0;0;0;4;0;0;0;0
"22/06/2022";"17:33:00";"560";"Acidente c";"294,6";"BR-116/RJ";"Pista Norte";"Queda de moto";0;0;0;1;0;0;0;0;0;0;1;1;0;0;0
"22/06/2022";"18:30:00";"601";"Acidente s";"227,7";"BR-116/RJ";"Pista Norte";"Choque em defensa";0;0;1;0;0;0;0;0;0;0;1;0;0;0;0
"23/06/2022";"01:57:00";"32";"Acidente s";"249";"BR-116/RJ";"Pista Norte";"Choque em objeto fixo";0;0;1;0;0;0;0;0;0;0;1;0;0;0;0
"23/06/2022";"03:53:00";"57";"Acidente s";"85";"BR-116/SP";"Pista Sul";"Colisão traseira";0;0;2;0;0;0;0;0;0;0;2;0;0;0;0
"23/06/2022";"03:53:00";"58";"Acidente c";"272,2";"BR-116/RJ";"Pista Norte";"Colisão traseira";0;0;1;0;1;0;0;0;0;0;36;0;1;0;0
"23/06/2022";"04:58:00";"72";"Acidente c";"90";"BR-116/SP";"Pista Norte";"Queda de ribanceira";1;0;0;0;0;0;0;0;0;0;0;1;0;0;0
"23/06/2022";"05:19:00";"75";"Acidente s";"227,8";"BR-116/SP";"Pista Norte";"Colisão traseira";0;0;1;1;0;1;0;0;0;0;3;0;0;0;0
"23/06/2022";"05:54:00";"85";"Acidente c";"230,2";"BR-116/SP";"Pista Sul";"Abalroamento longitudinal";1;0;0;1;0;0;0;0;0;0;1;1;0;0;0
"23/06/2022";"06:59:00";"118";"Acidente s";"165";"BR-116/RJ";"Pista Norte";"Engavetamento";1;0;2;0;0;0;0;0;0;0;3;0;0;0;0
"23/06/2022";"08:41:00";"222";"Acidente s";"154,39";"BR-116/SP";"Pista Norte";"Queda de moto";0;0;0;1;0;0;0;0;0;0;1;0;0;0;0
"23/06/2022";"12:31:00";"359";"Acidente s";"31,5";"BR-116/SP";"Pista Norte";"Choque em objeto fixo";0;0;1;0;0;0;0;0;0;0;1;0;0;0;0
"23/06/2022";"12:42:00";"364";"Acidente s";"210,1";"BR-116/SP";"Pista Sul";"Abalroamento longitudinal";1;0;0;0;0;1;0;0;0;0;2;0;0;0;0
"23/06/2022";"12:56:00";"374";"Acidente s";"167,8";"BR-116/SP";"Pista Norte";"Choque em objeto fixo";1;0;0;0;0;0;0;0;0;0;1;0;0;0;0
"23/06/2022";"13:36:00";"396";"Acidente c";"140,4";"BR-116/SP";"Pista Sul";"Engavetamento";3;0;0;0;0;0;0;0;0;0;5;2;0;0;0
"23/06/2022";"13:39:00";"397";"Acidente s";"177";"BR-116/RJ";"Pista Sul";"Colisão traseira";1;0;1;0;0;0;0;0;0;0;2;0;0;0;0
"23/06/2022";"14:50:00";"448";"Acidente s";"137,8";"BR-116/SP";"Pista Sul";"Colisão traseira";1;0;0;0;0;1;0;0;0;0;2;0;0;0;0
"23/06/2022";"15:43:00";"477";"Acidente c";"136,6";"BR-116/SP";"Pista Sul";"Colisão traseira";0;0;1;1;0;0;0;0;0;0;1;0;1;0;0
"23/06/2022";"16:50:00";"520";"Acidente s";"174,3";"BR-116/RJ";"Pista Sul";"Colisão traseira";1;0;0;0;0;1;0;0;0;0;2;0;0;0;0
"23/06/2022";"16:58:00";"523";"Acidente s";"165,5";"BR-116/RJ";"Pista Sul";"Colisão traseira";2;0;0;0;0;0;0;0;0;0;2;0;0;0;0
"23/06/2022";"17:00:00";"524";"Acidente c";"197,3";"BR-116/RJ";"Pista Sul";"Colisão traseira";1;0;3;0;0;4;0;0;0;0;7;0;1;0;0
"23/06/2022";"18:41:00";"576";"Acidente s";"108,7";"BR-116/SP";"Pista Sul";"Colisão traseira";2;0;0;0;0;0;0;0;0;0;2;0;0;0;0
"23/06/2022";"19:07:00";"595";"Acidente c";"183,3";"BR-116/SP";"Pista Norte";"Choque em objeto na pista";1;0;0;1;0;0;0;0;0;0;1;1;0;0;0
"23/06/2022";"22:19:00";"657";"Acidente c";"226,17";"BR-116/RJ";"Pista Norte";"Queda de ribanceira";0;0;1;0;0;0;0;0;0;0;0;0;0;1;0
"24/06/2022";"00:22:00";"20";"Acidente c";"123";"BR-116/SP";"Pista Sul";"Choque em barreira New Jersey";1;0;0;0;0;0;0;0;0;0;3;1;0;0;0
"24/06/2022";"03:26:00";"54";"Acidente c";"121";"BR-116/SP";"Pista Norte";"Tombamento";0;0;1;0;0;0;0;0;0;0;0;0;1;0;0
"24/06/2022";"05:43:00";"78";"Acidente s";"210,3";"BR-116/SP";"Pista Norte";"Choque em defensa";0;0;1;0;0;0;0;0;0;0;1;0;0;0;0
"24/06/2022";"05:45:00";"80";"Acidente s";"179,7";"BR-116/RJ";"Pista Norte";"Engavetamento";2;0;0;0;0;2;0;0;0;0;5;0;0;0;0
"24/06/2022";"06:14:00";"88";"Acidente s";"227";"BR-116/SP";"Pista Norte";"Choque em objeto na pista";1;0;0;0;0;0;0;0;0;0;3;0;0;0;0
"24/06/2022";"06:39:00";"102";"Atropelame";"157";"BR-116/SP";"Pista Sul";"Atropelamento de pedestre atravessando";1;0;0;0;0;0;0;0;0;0;1;1;0;0;0
"24/06/2022";"06:45:00";"105";"Acidente c";"218,05";"BR-116/SP";"Pista Sul";"Abalroamento longitudinal";0;0;1;1;0;0;0;0;0;0;2;1;0;0;0
"24/06/2022";"06:56:00";"117";"Acidente c";"214,95";"BR-116/SP";"Pista Sul";"Engavetamento";1;0;0;2;0;0;0;0;0;0;2;1;0;0;0
"24/06/2022";"07:27:00";"152";"Acidente c";"258,6";"BR-116/RJ";"Pista Sul";"Abalroamento longitudinal";2;0;0;0;0;0;0;0;0;0;1;3;1;0;0
"24/06/2022";"07:41:00";"167";"Acidente c";"143,8";"BR-116/SP";"Pista Norte";"Colisão traseira";0;0;0;1;0;1;0;0;0;0;1;1;0;0;0
"24/06/2022";"08:00:00";"187";"Acidente s";"142,1";"BR-116/SP";"Pista Sul";"Colisão traseira";1;0;1;0;0;0;0;0;0;0;3;0;0;0;0
"24/06/2022";"08:16:00";"201";"Acidente s";"215,65";"BR-116/SP";"Pista Sul";"Colisão traseira";0;0;1;0;0;1;0;0;0;0;3;0;0;0;0
"24/06/2022";"08:46:00";"226";"Acidente s";"237";"BR-116/RJ";"Pista Norte";"Abalroamento longitudinal";2;0;0;0;0;0;0;0;0;0;3;0;0;0;0
"24/06/2022";"12:59:00";"379";"Acidente c";"229,7";"BR-116/SP";"Pista Norte";"Abalroamento longitudinal";1;0;0;1;0;0;0;0;0;0;1;0;0;1;0
"24/06/2022";"13:32:00";"391";"Acidente s";"175,7";"BR-116/RJ";"Pista Sul";"Colisão traseira";1;0;1;0;0;0;0;0;0;0;2;0;0;0;0
"24/06/2022";"14:15:00";"405";"Acidente c";"230,45";"BR-116/SP";"Pista Sul";"Choque em objeto na pista";0;0;0;1;0;0;0;0;0;0;0;1;0;0;0
"24/06/2022";"15:12:00";"445";"Acidente s";"104,9";"BR-116/SP";"Pista Norte";"Abalroamento longitudinal";1;0;0;0;0;1;0;0;0;0;2;0;0;0;0
"24/06/2022";"16:56:00";"519";"Acidente c";"175,5";"BR-116/SP";"Pista Sul";"Abalroamento longitudinal";1;0;0;1;0;0;0;0;0;0;2;1;0;0;0
"24/06/2022";"18:07:00";"562";"Acidente s";"108,3";"BR-116/SP";"Pista Norte";"Colisão traseira";1;0;1;0;0;0;0;0;0;0;2;0;0;0;0
"24/06/2022";"19:16:00";"598";"Acidente s";"313,8";"BR-116/RJ";"Pista Norte";"Choque em objeto na pista";1;0;0;0;0;0;0;0;0;0;1;0;0;0;0
"24/06/2022";"19:33:00";"606";"Acidente s";"258";"BR-116/RJ";"Pista Sul";"Choque em objeto na pista";1;0;0;0;0;0;0;0;0;0;1;0;0;0;0
"24/06/2022";"19:34:00";"609";"Acidente s";"165,2";"BR-116/SP";"Pista Sul";"Abalroamento longitudinal";1;0;0;0;0;1;0;0;0;0;2;0;0;0;0
"24/06/2022";"19:34:00";"608";"Acidente s";"216,3";"BR-116/SP";"Pista Norte";"Colisão traseira";1;0;0;0;0;1;0;0;0;0;2;0;0;0;0
"25/06/2022";"01:07:00";"31";"Acidente s";"316";"BR-116/RJ";"Pista Norte";"Choque em barreira New Jersey";1;0;0;0;0;0;0;0;0;0;5;0;0;0;0
"25/06/2022";"02:20:00";"43";"Acidente c";"169,65";"BR-116/SP";"Pista Norte";"Queda de ribanceira";1;0;0;0;0;0;0;0;0;0;1;0;2;0;0
"25/06/2022";"03:46:00";"52";"Acidente s";"171";"BR-116/RJ";"Pista Norte";"Colisão traseira";1;0;1;0;0;0;0;0;0;0;2;0;0;0;0
"25/06/2022";"04:42:00";"58";"Acidente c";"64,9";"BR-116/SP";"Pista Norte";"Choque em defensa";1;0;0;0;0;0;0;0;0;0;0;1;0;0;0
"25/06/2022";"04:45:00";"59";"Acidente c";"299";"BR-116/RJ";"Pista Sul";"Choque em defensa";1;0;0;0;0;0;0;0;0;0;0;1;0;0;0
"25/06/2022";"07:00:00";"100";"Acidente c";"171";"BR-116/RJ";"Pista Norte";"Choque em barreira New Jersey";1;0;0;0;0;0;0;0;0;0;0;0;1;0;0
"25/06/2022";"11:11:00";"227";"Acidente s";"298,2";"BR-116/RJ";"Pista Norte";"Choque em objeto na pista";1;0;0;0;0;0;0;0;0;0;1;0;0;0;0
"25/06/2022";"13:20:00";"278";"Acidente s";"270";"BR-116/RJ";"Pista Sul";"Colisão traseira";2;0;0;0;0;0;0;0;0;0;7;0;0;0;0
"25/06/2022";"13:49:00";"292";"Acidente c";"180,6";"BR-116/RJ";"Pista Norte";"Abalroamento longitudinal";0;0;1;1;0;0;0;0;0;0;1;2;0;0;0
"25/06/2022";"14:53:00";"315";"Acidente s";"167,7";"BR-116/RJ";"Pista Norte";"Engavetamento";1;0;0;0;0;0;0;0;0;2;6;0;0;0;0
"25/06/2022";"15:24:00";"333";"Acidente c";"181,8";"BR-116/RJ";"Pista Norte";"Abalroamento longitudinal";1;0;0;1;0;0;0;0;0;0;1;1;0;0;0
"25/06/2022";"16:08:00";"356";"Acidente c";"225,1";"BR-116/SP";"Pista Norte";"Colisão traseira";0;0;0;1;0;1;0;0;0;0;1;1;0;0;0
"25/06/2022";"16:18:00";"358";"Acidente s";"173,7";"BR-116/RJ";"Pista Sul";"Colisão traseira";2;0;0;0;0;0;0;0;0;0;2;0;0;0;0
"25/06/2022";"17:36:00";"387";"Acidente c";"223,5";"BR-116/SP";"Pista Sul";"Abalroamento longitudinal";1;0;0;1;0;0;0;0;0;0;2;0;1;0;0
"25/06/2022";"23:03:00";"468";"Acidente c";"174,9";"BR-116/RJ";"Pista Norte";"Queda de moto";0;0;0;1;0;0;0;0;0;0;0;2;0;0;0
"26/06/2022";"00:00:00";"15";"Acidente s";"186,8";"BR-116/RJ";"Pista Sul";"Colisão traseira";1;0;0;0;0;0;0;0;0;1;2;0;0;0;0
"26/06/2022";"00:53:00";"27";"Acidente s";"163,68";"BR-116/RJ";"Pista Sul";"Colisão traseira";1;0;0;0;0;1;0;0;0;0;2;0;0;0;0
"26/06/2022";"00:59:00";"28";"Acidente s";"98,05";"BR-116/SP";"Pista Norte";"Choque em objeto fixo";1;0;0;0;0;0;0;0;0;0;1;0;0;0;0
"26/06/2022";"02:38:00";"38";"Acidente s";"210";"BR-116/SP";"Pista Sul";"Choque em barreira New Jersey";1;0;0;0;0;0;0;0;0;0;1;0;0;0;0
"26/06/2022";"03:23:00";"46";"Acidente s";"220,8";"BR-116/SP";"Pista Norte";"Colisão traseira";1;0;0;0;0;1;0;0;0;0;3;0;0;0;0
"26/06/2022";"04:50:00";"58";"Acidente c";"95,4";"BR-116/SP";"Pista Norte";"Colisão traseira";2;0;0;0;0;0;0;0;0;0;1;0;2;0;2
"26/06/2022";"05:26:00";"65";"Atropelame";"146";"BR-116/SP";"Pista Sul";"Atropelamento de pedestre atravessando";0;1;0;0;0;0;0;0;0;0;0;1;0;0;0
"26/06/2022";"05:39:00";"67";"Acidente s";"218,7";"BR-116/SP";"Pista Norte";"Choque em objeto na pista";1;0;0;0;0;0;0;0;0;0;1;0;0;0;0
"26/06/2022";"05:52:00";"68";"Acidente c";"227,3";"BR-116/SP";"Pista Norte";"Engavetamento";2;0;0;0;1;0;0;0;0;0;12;3;0;0;0
"26/06/2022";"05:56:00";"70";"Acidente s";"124,6";"BR-116/SP";"Pista Sul";"Colisão traseira";1;0;0;0;0;1;0;0;0;0;2;0;0;0;0
"26/06/2022";"05:59:00";"71";"Acidente c";"177,85";"BR-116/RJ";"Pista Norte";"Colisão traseira";1;0;0;0;0;1;0;0;0;0;1;1;0;0;0
"26/06/2022";"06:01:00";"72";"Acidente s";"177,85";"BR-116/RJ";"Pista Norte";"Colisão traseira";2;0;0;0;0;0;0;0;0;0;2;0;0;0;0
"26/06/2022";"07:33:00";"90";"Acidente c";"139,4";"BR-116/SP";"Pista Norte";"Engavetamento";3;0;0;0;0;0;0;0;0;0;5;1;0;0;0
"26/06/2022";"09:32:00";"127";"Acidente c";"221,3";"BR-116/RJ";"Pista Norte";"Queda de moto";0;0;0;1;0;0;0;0;0;0;0;0;1;0;0
"26/06/2022";"12:56:00";"180";"Acidente s";"222,9";"BR-116/RJ";"Pista Norte";"Choque em objeto fixo";1;0;0;0;0;0;0;0;0;0;1;0;0;0;0
"26/06/2022";"13:02:00";"183";"Acidente s";"188,95";"BR-116/RJ";"Pista Sul";"Choque em objeto fixo";1;0;0;0;0;0;0;0;0;0;2;0;0;0;0
"26/06/2022";"13:34:00";"200";"Acidente s";"227,9";"BR-116/RJ";"Pista Norte";"Choque em barreira New Jersey";1;0;0;0;0;0;0;0;0;0;2;0;0;0;0
"26/06/2022";"16:17:00";"261";"Acidente s";"108,4";"BR-116/SP";"Pista Sul";"Engavetamento";2;0;0;0;0;1;0;0;0;0;4;0;0;0;0
"26/06/2022";"16:30:00";"269";"Acidente c";"106,9";"BR-116/SP";"Pista Sul";"Engavetamento";2;0;0;0;0;0;0;0;0;1;2;1;0;0;0
"26/06/2022";"17:36:00";"290";"Acidente s";"204,5";"BR-116/SP";"Pista Norte";"Colisão traseira";1;0;0;0;0;1;0;0;0;0;2;0;0;0;0
"26/06/2022";"18:26:00";"309";"Acidente s";"209,4";"BR-116/SP";"Pista Sul";"Colisão traseira";2;0;0;0;0;0;0;0;0;0;5;0;0;0;0
"26/06/2022";"18:26:00";"310";"Acidente s";"113,2";"BR-116/SP";"Pista Sul";"Colisão traseira";2;0;0;0;0;0;0;0;0;0;7;0;0;0;0
"26/06/2022";"18:31:00";"311";"Acidente c";"92,1";"BR-116/SP";"Pista Sul";"Abalroamento longitudinal";0;0;0;1;0;1;0;0;0;0;1;1;0;0;0
"26/06/2022";"18:42:00";"316";"Acidente c";"230,4";"BR-116/SP";"Pista Sul";"Engavetamento";4;0;0;0;0;0;0;0;0;0;8;1;0;0;0
"26/06/2022";"19:36:00";"343";"Acidente c";"238,8";"BR-116/RJ";"Pista Norte";"Abalroamento longitudinal";1;0;0;0;0;0;0;0;0;1;5;0;2;0;0