data;horario;n_da_ocorrencia;tipo_de_ocorrencia;km;trecho;sentido;tipo_de_acidente;automovel;bicicleta;caminhao;moto;onibus;outros;tracao_animal;transporte_de_cargas_especiais;trator_maquinas;utilitarios;ilesos;levemente_feridos;moderadamente_feridos;gravemente_feridos;mortos
"05/07/2022";"08:18:00";"128";"Acidente s";"215,5";"BR-116/SP";"Pista Norte";"Engavetamento";4;0;0;0;0;0;0;0;0;0;4;0;0;0;0
"05/07/2022";"08:26:00";"135";"Acidente c";"50,6";"BR-116/SP";"Pista Norte";"Capotamento";1;0;0;0;0;1;0;0;0;0;3;1;0;0;0
"05/07/2022";"08:54:00";"165";"Acidente c";"227,15";"BR-116/SP";"Pista Sul";"Engavetamento";1;0;0;1;0;2;0;0;0;0;3;1;0;0;0
"05/07/2022";"09:08:00";"174";"Acidente c";"185,4";"BR-116/RJ";"Pista Sul";"Abalroamento longitudinal";1;0;1;0;0;0;0;0;0;0;1;1;0;0;0
"05/07/2022";"09:21:00";"182";"Acidente s";"143";"BR-116/SP";"Pista Norte";"Colisão traseira";2;0;0;0;0;0;0;0;0;0;4;0;0;0;0
"05/07/2022";"09:53:00";"202";"Acidente s";"224,5";"BR-116/RJ";"Pista Norte";"Abalroamento longitudinal";1;0;1;0;0;0;0;0;0;0;3;0;0;0;0
"05/07/2022";"14:17:00";"318";"Acidente c";"207,5";"BR-116/SP";"Pista Norte";"Colisão traseira";1;0;1;0;0;0;0;0;0;0;1;0;1;0;0
"05/07/2022";"15:19:00";"344";"Acidente s";"297,7";"BR-116/RJ";"Pista Sul";"Abalroamento longitudinal";2;0;0;0;0;0;0;0;0;0;2;0;0;0;0
"05/07/2022";"16:08:00";"369";"Acidente s";"201";"BR-116/SP";"Pista Norte";"Choque em objeto fixo";1;0;0;0;0;0;0;0;0;0;1;0;0;0;0
"05/07/2022";"16:24:00";"381";"Acidente s";"222";"BR-116/RJ";"Pista Norte";"Engavetamento";1;0;2;0;0;0;0;0;0;0;7;0;0;0;0
"05/07/2022";"16:51:00";"396";"Acidente c";"186,73";"BR-116/RJ";"Pista Sul";"Queda de moto";0;0;0;1;0;0;0;0;0;0;0;1;0;0;0
"05/07/2022";"17:07:00";"398";"Acidente s";"212";"BR-116/SP";"Pista Norte";"Colisão traseira";1;0;0;0;0;1;0;0;0;0;2;0;0;0;0
"05/07/2022";"18:03:00";"433";"Acidente s";"191,01";"BR-116/RJ";"Pista Sul";"Colisão traseira";0;0;2;0;0;0;0;0;0;0;2;0;0;0;0
"05/07/2022";"18:04:00";"435";"Acidente s";"228,4";"BR-116/SP";"Pista Norte";"Engavetamento";3;0;0;0;0;0;0;0;0;0;3;0;0;0;0
"05/07/2022";"18:27:00";"462";"Acidente s";"160";"BR-116/SP";"Pista Norte";"Abalroamento longitudinal";1;0;1;0;0;0;0;0;0;0;5;0;0;0;0
"05/07/2022";"18:39:00";"470";"Acidente s";"147";"BR-116/SP";"Pista Sul";"Choque em objeto fixo";1;0;0;0;0;0;0;0;0;0;1;0;0;0;0
"05/07/2022";"18:40:00";"471";"Acidente s";"160,5";"BR-116/SP";"Pista Norte";"Abalroamento longitudinal";0;0;1;0;0;0;0;0;0;1;2;0;0;0;0
"05/07/2022";"19:17:00";"492";"Acidente c";"250";"BR-116/RJ";"Pista Norte";"Queda de moto";0;0;0;1;0;0;0;0;0;0;0;1;0;0;0
"05/07/2022";"23:12:00";"570";"Acidente c";"182";"BR-116/RJ";"Pista Sul";"Colisão traseira";2;0;0;0;0;0;0;0;0;0;2;0;1;0;0
"06/07/2022";"05:44:00";"50";"Acidente c";"174,5";"BR-116/RJ";"Pista Norte";"Engavetamento";5;0;1;0;0;0;0;0;0;0;5;2;0;0;0
"06/07/2022";"06:11:00";"61";"Acidente c";"212,7";"BR-116/SP";"Pista Sul";"Colisão traseira";1;0;0;1;0;0;0;0;0;0;1;1;0;0;0
"06/07/2022";"06:11:00";"60";"Acidente s";"224,8";"BR-116/RJ";"Pista Norte";"Abalroamento longitudinal";1;0;0;0;0;1;0;0;0;0;2;0;0;0;0
"06/07/2022";"07:51:00";"128";"Acidente s";"159,1";"BR-116/SP";"Pista Sul";"Colisão traseira";3;0;0;0;0;0;0;0;0;0;3;0;0;0;0
"06/07/2022";"08:56:00";"176";"Acidente s";"117,3";"BR-116/SP";"Pista Norte";"Colisão traseira";0;0;2;0;0;0;0;0;0;0;3;0;0;0;0
"06/07/2022";"09:36:00";"216";"Acidente s";"29";"BR-116/SP";"Pista Sul";"Engavetamento";1;0;3;0;0;0;0;0;0;0;5;0;0;0;0
"06/07/2022";"09:50:00";"225";"Acidente s";"212,6";"BR-116/RJ";"Pista Sul";"Abalroamento longitudinal";0;0;2;0;0;0;0;0;0;0;2;0;0;0;0
"06/07/2022";"10:06:00";"234";"Acidente s";"254,2";"BR-116/RJ";"Pista Norte";"Choque em objeto na pista";0;0;0;0;0;0;0;0;0;1;1;0;0;0;0
"06/07/2022";"10:21:00";"249";"Acidente c";"180,2";"BR-116/RJ";"Pista Sul";"Colisão traseira";0;0;0;1;0;1;0;0;0;0;1;1;0;0;0
"06/07/2022";"10:50:00";"265";"Acidente c";"273,7";"BR-116/RJ";"Pista Sul";"Queda de moto";0;0;0;1;0;0;0;0;0;0;0;0;1;0;0
"06/07/2022";"11:50:00";"297";"Acidente c";"173,7";"BR-116/RJ";"Pista Norte";"Colisão traseira";1;0;0;1;0;0;0;0;0;0;2;0;1;0;0
"06/07/2022";"14:02:00";"377";"Acidente s";"318,95";"BR-116/RJ";"Pista Sul";"Colisão traseira";2;0;0;0;0;0;0;0;0;0;6;0;0;0;0
"06/07/2022";"14:38:00";"402";"Acidente s";"172,8";"BR-116/RJ";"Pista Norte";"Colisão traseira";1;0;0;0;0;1;0;0;0;0;2;0;0;0;0
"06/07/2022";"14:58:00";"415";"Acidente s";"173,2";"BR-116/RJ";"Pista Norte";"Colisão traseira";2;0;0;0;0;0;0;0;0;0;2;0;0;0;0
"06/07/2022";"15:00:00";"417";"Acidente s";"175,45";"BR-116/SP";"Pista Sul";"Choque em objeto na pista";0;0;0;0;1;0;0;0;0;0;20;0;0;0;0
"06/07/2022";"15:13:00";"426";"Acidente s";"172,8";"BR-116/RJ";"Pista Norte";"Colisão traseira";0;0;0;0;0;1;0;0;0;1;2;0;0;0;0
"06/07/2022";"15:54:00";"463";"Acidente c";"46,2";"BR-116/SP";"Pista Norte";"Colisão traseira";0;0;1;0;0;0;0;0;0;1;4;1;0;0;0
"06/07/2022";"17:36:00";"514";"Acidente s";"243,9";"BR-116/RJ";"Pista Norte";"Queda de ribanceira";0;0;1;0;0;0;0;0;0;0;1;0;0;0;0
"06/07/2022";"18:42:00";"557";"Acidente s";"157";"BR-116/SP";"Pista Sul";"Engavetamento";2;0;0;0;0;1;0;0;0;0;5;0;0;0;0
"06/07/2022";"18:44:00";"561";"Acidente s";"222,1";"BR-116/SP";"Pista Norte";"Engavetamento";2;0;1;0;0;0;0;0;0;0;4;0;0;0;0
"06/07/2022";"18:46:00";"562";"Acidente s";"228,5";"BR-116/SP";"Pista Sul";"Choque em objeto na pista";2;0;0;0;0;0;0;0;0;0;2;0;0;0;0
"06/07/2022";"19:57:00";"594";"Acidente s";"204,7";"BR-116/SP";"Pista Norte";"Abalroamento longitudinal";1;0;1;0;0;0;0;0;0;0;2;0;0;0;0
"06/07/2022";"20:12:00";"601";"Acidente s";"204,6";"BR-116/RJ";"Pista Sul";"Choque em objeto na pista";1;0;0;0;0;0;0;0;0;0;2;0;0;0;0
"06/07/2022";"21:23:00";"629";"Acidente c";"273,39";"BR-116/RJ";"Pista Sul";"Tombamento";0;0;1;0;0;0;0;0;0;0;0;1;0;0;0
"06/07/2022";"21:42:00";"635";"Acidente s";"223";"BR-116/SP";"Pista Sul";"Choque em objeto fixo";1;0;0;0;0;0;0;0;0;0;1;0;0;0;0
"07/07/2022";"01:12:00";"31";"Acidente s";"24,75";"BR-116/SP";"Pista Norte";"Colisão traseira";0;0;2;0;0;0;0;0;0;0;2;0;0;0;0
"07/07/2022";"04:05:00";"63";"Acidente s";"220";"BR-116/SP";"Pista Norte";"Colisão traseira";1;0;0;0;0;1;0;0;0;0;2;0;0;0;0
"07/07/2022";"05:05:00";"73";"Acidente c";"136,5";"BR-116/SP";"Pista Sul";"Colisão traseira";0;0;1;0;1;0;0;0;0;0;13;1;0;0;0
"07/07/2022";"08:52:00";"207";"Acidente c";"146,1";"BR-116/SP";"Pista Sul";"Queda de moto";0;0;0;1;0;0;0;0;0;0;0;1;0;0;0
"07/07/2022";"09:25:00";"227";"Acidente s";"144,3";"BR-116/SP";"Pista Sul";"Engavetamento";3;0;0;0;0;0;0;0;0;0;4;0;0;0;0
"07/07/2022";"11:16:00";"278";"Acidente c";"229,95";"BR-116/SP";"Pista Sul";"Colisão traseira";1;0;0;0;0;0;0;0;0;1;1;1;0;0;0
"07/07/2022";"11:32:00";"286";"Acidente s";"220,7";"BR-116/SP";"Pista Norte";"Abalroamento longitudinal";1;0;1;0;0;0;0;0;0;0;2;0;0;0;0
"07/07/2022";"12:29:00";"308";"Acidente c";"129,2";"BR-116/SP";"Pista Sul";"Colisão traseira";0;0;0;1;0;1;0;0;0;0;1;1;0;0;0
"07/07/2022";"14:32:00";"381";"Acidente s";"138,2";"BR-116/SP";"Pista Sul";"Choque em objeto na pista";1;0;1;0;0;0;0;0;0;0;2;0;0;0;0
"07/07/2022";"15:52:00";"430";"Acidente c";"98,5";"BR-116/SP";"Pista Norte";"Choque em objeto fixo";1;0;0;0;0;0;0;0;0;0;3;2;0;0;0
"07/07/2022";"17:00:00";"460";"Acidente c";"178,4";"BR-116/RJ";"Pista Norte";"Queda de moto";0;0;0;1;0;0;0;0;0;0;0;0;1;0;0
"07/07/2022";"19:37:00";"554";"Acidente s";"168,7";"BR-116/RJ";"Pista Sul";"Colisão traseira";1;0;1;0;0;0;0;0;0;0;2;0;0;0;0
"07/07/2022";"21:12:00";"594";"Acidente s";"197,9";"BR-116/RJ";"Pista Sul";"Choque em objeto na pista";1;0;0;0;0;0;0;0;0;0;1;0;0;0;0
"07/07/2022";"22:34:00";"612";"Acidente c";"148";"BR-116/SP";"Pista Sul";"Colisão traseira";2;0;0;0;0;0;0;0;0;0;4;1;0;0;0
"08/07/2022";"00:21:00";"20";"Acidente c";"292,4";"BR-116/RJ";"Pista Norte";"Queda de ribanceira";1;0;0;0;0;0;0;0;0;0;0;0;1;0;0
"08/07/2022";"01:38:00";"43";"Acidente s";"23,8";"BR-116/SP";"Pista Norte";"Colisão traseira";0;0;1;0;0;1;0;0;0;0;2;0;0;0;0
"08/07/2022";"02:17:00";"54";"Acidente s";"319,5";"BR-116/RJ";"Pista Norte";"Choque em objeto na pista";0;0;1;0;0;0;0;0;0;0;1;0;0;0;0
"08/07/2022";"07:05:00";"117";"Acidente c";"217,15";"BR-116/SP";"Pista Norte";"Colisão traseira";1;0;0;1;0;0;0;0;0;0;2;1;0;0;0
"08/07/2022";"07:15:00";"125";"Acidente s";"166,1";"BR-116/RJ";"Pista Sul";"Engavetamento";4;0;0;0;0;0;0;0;0;0;5;0;0;0;0
"08/07/2022";"08:33:00";"203";"Acidente s";"116,8";"BR-116/SP";"Pista Norte";"Colisão traseira";2;0;0;0;0;0;0;0;0;0;2;0;0;0;0
"08/07/2022";"08:38:00";"209";"Acidente c";"143,4";"BR-116/SP";"Pista Norte";"Engavetamento";2;0;1;0;0;0;0;0;0;0;3;1;0;0;0
"08/07/2022";"10:25:00";"291";"Acidente s";"144,1";"BR-116/SP";"Pista Norte";"Colisão traseira";1;0;0;0;0;0;0;0;0;1;2;0;0;0;0
"08/07/2022";"11:29:00";"321";"Acidente s";"109,6";"BR-116/SP";"Pista Sul";"Colisão traseira";1;0;0;0;0;0;0;0;0;1;2;0;0;0;0
"08/07/2022";"11:51:00";"328";"Acidente s";"209,2";"BR-116/SP";"Pista Sul";"Colisão traseira";2;0;0;0;0;0;0;0;0;0;3;0;0;0;0
"08/07/2022";"12:24:00";"341";"Acidente s";"145,1";"BR-116/SP";"Pista Norte";"Choque em objeto fixo";1;0;0;0;0;0;0;0;0;0;1;0;0;0;0
"08/07/2022";"13:13:00";"363";"Acidente c";"221,4";"BR-116/SP";"Pista Sul";"Colisão traseira";0;0;1;1;0;0;0;0;0;0;1;0;1;0;0
"08/07/2022";"15:12:00";"418";"Acidente s";"70";"BR-116/SP";"Pista Sul";"Abalroamento longitudinal";0;0;2;0;0;0;0;0;0;0;2;0;0;0;0
"08/07/2022";"16:33:00";"455";"Acidente s";"145,8";"BR-116/SP";"Pista Norte";"Colisão traseira";2;0;0;0;0;0;0;0;0;0;2;0;0;0;0
"08/07/2022";"16:46:00";"465";"Acidente s";"204,5";"BR-116/SP";"Pista Sul";"Colisão traseira";1;0;1;0;0;0;0;0;0;0;4;0;0;0;0
"08/07/2022";"17:07:00";"474";"Acidente s";"134,4";"BR-116/SP";"Pista Sul";"Colisão traseira";2;0;0;0;0;0;0;0;0;0;2;0;0;0;0
"08/07/2022";"17:56:00";"507";"Acidente c";"162,4";"BR-116/SP";"Pista Norte";"Choque em objeto na pista";0;0;0;1;0;0;0;0;0;0;0;1;0;0;0
"08/07/2022";"18:30:00";"522";"Acidente s";"214,95";"BR-116/SP";"Pista Norte";"Capotamento";1;0;0;0;0;0;0;0;0;0;1;0;0;0;0
"08/07/2022";"19:23:00";"547";"Acidente s";"209,25";"BR-116/SP";"Pista Sul";"Engavetamento";1;0;0;0;0;2;0;0;0;0;3;0;0;0;0
"08/07/2022";"21:42:00";"606";"Acidente s";"177,7";"BR-116/RJ";"Pista Sul";"Choque Talude";1;0;0;0;0;0;0;0;0;0;1;0;0;0;0
"08/07/2022";"21:51:00";"607";"Acidente c";"202,5";"BR-116/RJ";"Pista Norte";"Abalroamento longitudinal";0;0;2;1;0;0;0;0;0;0;1;0;0;2;2
"08/07/2022";"22:15:00";"617";"Acidente s";"211,5";"BR-116/SP";"Pista Norte";"Colisão traseira";2;0;0;0;0;0;0;0;0;0;3;0;0;0;0
"08/07/2022";"23:27:00";"640";"Acidente c";"216,7";"BR-116/SP";"Pista Norte";"Engavetamento";2;0;0;1;0;1;0;0;0;0;7;1;0;0;0
"09/07/2022";"02:13:00";"36";"Acidente c";"224,5";"BR-116/SP";"Pista Sul";"Colisão traseira";2;0;0;0;0;0;0;0;0;0;2;1;0;0;0
"09/07/2022";"02:25:00";"40";"Acidente c";"166,8";"BR-116/RJ";"Pista Norte";"Capotamento";1;0;0;0;0;0;0;0;0;0;0;1;1;0;0
"09/07/2022";"05:06:00";"50";"Acidente c";"73,3";"BR-116/SP";"Pista Sul";"Choque em objeto fixo";1;0;0;0;0;0;0;0;0;0;2;1;0;0;0
"09/07/2022";"05:11:00";"52";"Acidente s";"187,8";"BR-116/RJ";"Pista Sul";"Capotamento";1;0;0;0;0;0;0;0;0;0;3;0;0;0;0
"09/07/2022";"06:30:00";"66";"Acidente c";"171";"BR-116/RJ";"Pista Norte";"Choque em barreira New Jersey";1;0;0;0;0;0;0;0;0;0;2;1;0;0;0
"09/07/2022";"07:57:00";"104";"Acidente s";"101,85";"BR-116/SP";"Pista Norte";"Colisão traseira";2;0;0;0;0;0;0;0;0;0;3;0;0;0;0
"09/07/2022";"08:42:00";"122";"Acidente c";"115,5";"BR-116/SP";"Pista Norte";"Engavetamento";4;0;0;0;0;1;0;0;0;0;13;2;0;0;0
"09/07/2022";"08:52:00";"131";"Acidente s";"135,4";"BR-116/SP";"Pista Norte";"Engavetamento";3;0;0;0;0;1;0;0;0;0;13;0;0;0;0
"09/07/2022";"09:03:00";"135";"Acidente c";"218,95";"BR-116/SP";"Pista Norte";"Engavetamento";1;0;1;1;0;0;0;0;0;0;3;0;1;0;0
"09/07/2022";"09:26:00";"147";"Acidente s";"140,8";"BR-116/SP";"Pista Norte";"Engavetamento";3;0;0;0;0;0;0;0;0;0;3;0;0;0;0
"09/07/2022";"09:39:00";"154";"Acidente s";"185,6";"BR-116/RJ";"Pista Sul";"Colisão traseira";1;0;0;0;1;0;0;0;0;0;26;0;0;0;0
"09/07/2022";"11:14:00";"192";"Acidente s";"121,9";"BR-116/SP";"Pista Norte";"Colisão traseira";0;0;0;1;0;1;0;0;0;0;2;0;0;0;0
"09/07/2022";"11:17:00";"194";"Acidente s";"140,7";"BR-116/SP";"Pista Norte";"Colisão traseira";1;0;0;0;0;1;0;0;0;0;2;0;0;0;0
"09/07/2022";"11:28:00";"200";"Acidente s";"117,85";"BR-116/SP";"Pista Norte";"Colisão traseira";2;0;0;0;0;0;0;0;0;0;3;0;0;0;0
"09/07/2022";"11:46:00";"206";"Acidente s";"117,85";"BR-116/SP";"Pista Norte";"Engavetamento";3;0;0;0;0;0;0;0;0;0;6;0;0;0;0
"09/07/2022";"12:33:00";"226";"Acidente c";"112,8";"BR-116/SP";"Pista Sul";"Abalroamento longitudinal";1;0;1;0;0;0;0;0;0;0;2;1;0;0;0
"09/07/2022";"12:55:00";"234";"Acidente s";"206,7";"BR-116/SP";"Pista Norte";"Colisão traseira";2;0;0;0;0;0;0;0;0;0;2;0;0;0;0
"09/07/2022";"13:32:00";"244";"Acidente s";"155,7";"BR-116/SP";"Pista Sul";"Choque em objeto na pista";1;0;0;0;0;0;0;0;0;0;1;0;0;0;0
"09/07/2022";"14:29:00";"260";"Acidente s";"160,8";"BR-116/SP";"Pista Norte";"Choque em defensa";1;0;0;0;0;0;0;0;0;0;3;0;0;0;0
"09/07/2022";"15:13:00";"287";"Acidente c";"107,1";"BR-116/SP";"Pista Sul";"Engavetamento";8;0;0;0;0;0;0;0;0;0;24;1;1;0;0
"09/07/2022";"15:47:00";"302";"Acidente s";"101,1";"BR-116/SP";"Pista Sul";"Choque em objeto fixo";0;0;1;0;0;0;0;0;0;0;1;0;0;0;0
"09/07/2022";"16:59:00";"333";"Acidente c";"121";"BR-116/SP";"Pista Sul";"Engavetamento";3;0;0;1;0;0;0;0;0;0;2;0;4;0;0
"09/07/2022";"18:46:00";"375";"Acidente c";"168,2";"BR-116/RJ";"Pista Norte";"Colisão traseira";2;0;0;0;0;0;0;0;0;0;7;1;1;0;0
"09/07/2022";"20:11:00";"412";"Acidente s";"316,2";"BR-116/RJ";"Pista Norte";"Choque em barreira New Jersey";1;0;0;0;0;0;0;0;0;0;1;0;0;0;0
"09/07/2022";"20:34:00";"421";"Acidente s";"256,7";"BR-116/RJ";"Pista Norte";"Choque em objeto fixo";0;0;0;0;0;0;0;0;0;1;1;0;0;0;0
"09/07/2022";"20:59:00";"429";"Acidente c";"211,5";"BR-116/SP";"Pista Sul";"Queda de moto";0;0;0;1;0;0;0;0;0;0;0;0;1;0;0
"09/07/2022";"22:41:00";"451";"Acidente s";"146";"BR-116/SP";"Pista Sul";"Choque em objeto fixo";1;0;0;0;0;0;0;0;0;0;2;0;0;0;0
"09/07/2022";"23:21:00";"462";"Acidente s";"217";"BR-116/RJ";"Pista Sul";"Choque em objeto na pista";1;0;0;0;0;0;0;0;0;0;1;0;0;0;0
"10/07/2022";"02:48:00";"50";"Acidente s";"226,5";"BR-116/SP";"Pista Norte";"Colisão traseira";2;0;0;0;0;0;0;0;0;0;4;0;0;0;0
"10/07/2022";"03:06:00";"57";"Acidente c";"206,5";"BR-116/SP";"Pista Sul";"Choque em objeto fixo";1;0;0;0;0;0;0;0;0;0;0;1;0;0;0
"10/07/2022";"03:14:00";"59";"Acidente c";"179";"BR-116/RJ";"Pista Sul";"Colisão traseira";2;0;0;0;0;0;0;0;0;0;1;0;1;0;0
"10/07/2022";"04:42:00";"72";"Acidente s";"281";"BR-116/RJ";"Pista Norte";"Choque em objeto fixo";1;0;0;0;0;0;0;0;0;0;1;0;0;0;0
"10/07/2022";"05:00:00";"74";"Acidente s";"56,5";"BR-116/SP";"Pista Norte";"Colisão traseira";1;0;1;0;0;0;0;0;0;0;2;0;0;0;0
"10/07/2022";"06:53:00";"103";"Acidente c";"168";"BR-116/RJ";"Pista Sul";"Colisão traseira";1;0;0;1;0;0;0;0;0;0;2;1;0;0;0
"10/07/2022";"06:53:00";"102";"Acidente s";"291,6";"BR-116/RJ";"Pista Sul";"Choque em barreira New Jersey";1;0;0;0;0;0;0;0;0;0;1;0;0;0;0
"10/07/2022";"11:45:00";"229";"Acidente c";"103,15";"BR-116/SP";"Pista Sul";"Abalroamento longitudinal";1;0;0;1;0;0;0;0;0;0;1;2;0;0;0
"10/07/2022";"13:40:00";"267";"Acidente c";"195,1";"BR-116/RJ";"Pista Sul";"Queda de moto";0;0;0;1;0;0;0;0;0;0;0;0;1;0;0
"10/07/2022";"15:11:00";"314";"Acidente s";"96,6";"BR-116/SP";"Pista Sul";"Engavetamento";3;0;0;0;0;1;0;0;0;0;11;0;0;0;0
"10/07/2022";"18:19:00";"414";"Acidente s";"230,62";"BR-116/SP";"Pista Norte";"Abalroamento longitudinal";1;0;1;0;0;0;0;0;0;0;5;0;0;0;0
"10/07/2022";"20:00:00";"459";"Acidente s";"172,2";"BR-116/SP";"Pista Norte";"Abalroamento longitudinal";1;0;0;0;0;1;0;0;0;0;4;0;0;0;0
"10/07/2022";"20:44:00";"473";"Acidente s";"156,7";"BR-116/SP";"Pista Sul";"Colisão traseira";1;0;1;0;0;0;0;0;0;0;2;0;0;0;0
"10/07/2022";"20:58:00";"479";"Acidente s";"219,93";"BR-116/SP";"Pista Norte";"Colisão traseira";1;0;0;0;0;1;0;0;0;0;4;0;0;0;0
"10/07/2022";"21:24:00";"485";"Acidente c";"170,5";"BR-116/SP";"Pista Norte";"Abalroamento longitudinal";1;0;1;0;0;0;0;0;0;0;44;4;0;0;0
"10/07/2022";"23:27:00";"520";"Acidente s";"161,5";"BR-116/SP";"Pista Sul";"Capotamento";1;0;0;0;0;0;0;0;0;0;1;0;0;0;0
"10/07/2022";"23:45:00";"523";"Acidente c";"179,25";"BR-116/RJ";"Pista Norte";"Choque em defensa";1;0;0;0;0;0;0;0;0;0;0;1;1;0;0
"11/07/2022";"00:42:00";"23";"Acidente c";"178,5";"BR-116/RJ";"Pista Norte";"Queda de moto";0;0;0;1;0;0;0;0;0;0;0;1;0;0;0
"11/07/2022";"03:19:00";"39";"Acidente s";"183,65";"BR-116/RJ";"Pista Norte";"Choque em objeto fixo";1;0;0;0;0;0;0;0;0;0;1;0;0;0;0
"11/07/2022";"04:49:00";"50";"Acidente s";"171";"BR-116/SP";"Pista Sul";"Choque em objeto na pista";1;0;0;0;0;0;0;0;0;0;1;0;0;0;0
"11/07/2022";"05:42:00";"64";"Acidente c";"214,4";"BR-116/SP";"Pista Sul";"Colisão traseira";1;0;0;0;1;0;0;0;0;0;12;1;0;0;0
"11/07/2022";"08:34:00";"179";"Acidente c";"210,8";"BR-116/SP";"Pista Sul";"Engavetamento";1;0;2;0;0;0;0;0;0;1;3;2;0;0;0
"11/07/2022";"09:18:00";"209";"Acidente c";"122,5";"BR-116/SP";"Pista Norte";"Colisão traseira";1;0;0;0;0;0;0;0;0;1;4;1;0;0;0
"11/07/2022";"11:55:00";"318";"Acidente s";"201,6";"BR-116/SP";"Pista Sul";"Abalroamento longitudinal";0;0;2;0;0;0;0;0;0;0;3;0;0;0;0
"11/07/2022";"12:41:00";"342";"Atropelame";"255,6";"BR-116/RJ";"Pista Sul";"Atropelamento de pedestre atravessando";1;0;2;0;0;0;0;0;0;0;0;2;0;0;1
"11/07/2022";"13:44:00";"370";"Acidente c";"228,8";"BR-116/SP";"Pista Norte";"Colisão traseira";1;0;1;1;0;0;0;0;0;0;3;2;0;0;0
"11/07/2022";"14:44:00";"407";"Acidente c";"164,5";"BR-116/RJ";"Pista Sul";"Engavetamento";2;0;1;0;1;0;0;0;0;0;3;1;0;0;0
"11/07/2022";"14:52:00";"413";"Acidente c";"109,9";"BR-116/SP";"Pista Norte";"Queda de moto";0;0;0;1;0;0;0;0;0;0;0;1;0;0;0
"11/07/2022";"15:15:00";"426";"Acidente s";"189,8";"BR-116/RJ";"Pista Norte";"Colisão traseira";2;0;0;0;0;0;0;0;0;0;4;0;0;0;0
"11/07/2022";"15:31:00";"437";"Acidente s";"176,3";"BR-116/RJ";"Pista Sul";"Colisão traseira";1;0;1;0;0;0;0;0;0;0;2;0;0;0;0
"11/07/2022";"16:16:00";"464";"Acidente c";"223,6";"BR-116/SP";"Pista Norte";"Colisão traseira";0;0;0;1;0;1;0;0;0;0;1;1;0;0;0
"11/07/2022";"17:52:00";"516";"Acidente c";"183,65";"BR-116/RJ";"Pista Norte";"Capotamento";1;0;0;0;0;0;0;0;0;0;0;2;0;0;0
"11/07/2022";"18:07:00";"520";"Atropelame";"258,6";"BR-116/RJ";"Pista Norte";"Atropelamento de pedestre caminhando";1;0;0;0;0;0;0;0;0;0;1;0;0;0;1
"11/07/2022";"18:21:00";"528";"Acidente c";"263,5";"BR-116/RJ";"Pista Sul";"Abalroamento longitudinal";1;0;1;0;0;0;0;0;0;0;1;0;2;0;0
"11/07/2022";"18:54:00";"544";"Acidente s";"179,2";"BR-116/RJ";"Pista Norte";"Colisão traseira";2;0;0;0;0;0;0;0;0;0;2;0;0;0;0
"11/07/2022";"22:54:00";"637";"Acidente c";"65,6";"BR-116/SP";"Pista Sul";"Choque em defensa";1;0;0;0;0;1;0;0;0;0;1;1;0;0;0
"12/07/2022";"03:03:00";"45";"Acidente s";"116,4";"BR-116/SP";"Pista Sul";"Choque em objeto na pista";1;0;0;0;0;0;0;0;0;0;1;0;0;0;0
"12/07/2022";"03:40:00";"57";"Acidente c";"178,2";"BR-116/RJ";"Pista Norte";"Queda de moto";0;0;0;1;0;0;0;0;0;0;0;1;0;1;0
"12/07/2022";"05:01:00";"77";"Acidente c";"174";"BR-116/RJ";"Pista Sul";"Colisão traseira";1;0;1;0;0;0;0;0;0;0;1;0;1;0;0
"12/07/2022";"06:20:00";"94";"Acidente c";"168,5";"BR-116/RJ";"Pista Norte";"Colisão traseira";2;0;0;0;0;0;0;0;0;0;1;1;0;0;0
"12/07/2022";"06:44:00";"109";"Acidente s";"331";"BR-116/RJ";"Pista Norte";"Choque em objeto fixo";1;0;0;0;0;0;0;0;0;0;5;0;0;0;0
"12/07/2022";"08:08:00";"180";"Acidente s";"225,4";"BR-116/SP";"Pista Sul";"Colisão traseira";2;0;0;0;0;0;0;0;0;0;2;0;0;0;0
"12/07/2022";"08:25:00";"192";"Acidente s";"135,9";"BR-116/SP";"Pista Norte";"Engavetamento";3;0;0;0;0;0;0;0;0;0;9;0;0;0;0
"12/07/2022";"13:46:00";"388";"Acidente c";"218";"BR-116/SP";"Pista Norte";"Choque em defensa";1;0;0;0;0;0;0;0;0;0;1;1;0;0;0
"12/07/2022";"16:47:00";"505";"Acidente s";"167,6";"BR-116/RJ";"Pista Sul";"Engavetamento";3;0;0;0;0;0;0;0;0;0;3;0;0;0;0
"12/07/2022";"17:46:00";"539";"Acidente s";"203";"BR-116/SP";"Pista Norte";"Colisão traseira";1;0;0;1;0;0;0;0;0;0;2;0;0;0;0
"12/07/2022";"19:09:00";"596";"Acidente s";"145";"BR-116/SP";"Pista Sul";"Abalroamento longitudinal";1;0;1;0;0;0;0;0;0;0;5;0;0;0;0
"12/07/2022";"21:28:00";"648";"Acidente s";"115,8";"BR-116/SP";"Pista Sul";"Choque em objeto na pista";1;0;0;0;0;0;0;0;0;0;2;0;0;0;0
"12/07/2022";"22:13:00";"662";"Acidente c";"274,25";"BR-116/RJ";"Pista Norte";"Colisão traseira";0;0;1;1;0;0;0;0;0;0;1;0;0;0;1
"13/07/2022";"04:06:00";"63";"Acidente c";"62,2";"BR-116/SP";"Pista Norte";"Colisão traseira";0;0;3;0;0;0;0;0;0;0;2;0;1;0;0
"13/07/2022";"05:38:00";"92";"Acidente c";"34,8";"BR-116/SP";"Pista Sul";"Abalroamento longitudinal";1;0;0;0;0;1;0;0;0;0;1;1;0;0;0
"13/07/2022";"07:33:00";"158";"Acidente s";"38,5";"BR-116/SP";"Pista Norte";"Choque em objeto fixo";1;0;0;0;0;0;0;0;0;0;3;0;0;0;0
"13/07/2022";"07:51:00";"180";"Acidente c";"227,9";"BR-116/SP";"Pista Sul";"Abalroamento longitudinal";1;0;0;1;0;0;0;0;0;0;3;1;0;0;0