data;horario;n_da_ocorrencia;tipo_de_ocorrencia;km;trecho;sentido;tipo_de_acidente;automovel;bicicleta;caminhao;moto;onibus;outros;tracao_animal;transporte_de_cargas_especiais;trator_maquinas;utilitarios;ilesos;levemente_feridos;moderadamente_feridos;gravemente_feridos;mortos
"13/07/2022";"10:08:00";"267";"Acidente s";"230,3";"BR-116/SP";"Pista Sul";"Colisão traseira";1;0;1;0;0;0;0;0;0;0;4;0;0;0;0
"13/07/2022";"10:30:00";"281";"Acidente s";"124,2";"BR-116/SP";"Pista Norte";"Colisão traseira";2;0;0;0;0;0;0;0;0;0;2;0;0;0;0
"13/07/2022";"10:44:00";"291";"Acidente c";"226,45";"BR-116/SP";"Pista Sul";"Engavetamento";2;0;0;0;0;0;0;0;0;1;3;1;0;1;0
"13/07/2022";"12:33:00";"341";"Acidente s";"306,1";"BR-116/RJ";"Pista Sul";"Abalroamento longitudinal";1;0;0;0;0;1;0;0;0;0;2;0;0;0;0
"13/07/2022";"14:22:00";"400";"Atropelame";"290,27";"BR-116/RJ";"Pista Norte";"Atropelamento de pedestre caminhando";1;0;0;0;0;0;0;0;0;0;1;0;0;1;0
"13/07/2022";"17:42:00";"510";"Acidente c";"79";"BR-116/SP";"Pista Sul";"Capotamento";0;0;0;0;0;0;0;0;0;1;0;0;1;0;0
"13/07/2022";"17:59:00";"518";"Acidente s";"209,7";"BR-116/SP";"Pista Norte";"Colisão traseira";2;0;0;0;0;0;0;0;0;0;4;0;0;0;0
"13/07/2022";"18:42:00";"539";"Acidente s";"148,5";"BR-116/SP";"Pista Norte";"Queda de moto";0;0;0;1;0;1;0;0;0;0;3;0;0;0;0
"13/07/2022";"20:20:00";"577";"Acidente s";"176,5";"BR-116/RJ";"Pista Sul";"Abalroamento longitudinal";1;0;1;0;0;0;0;0;0;0;2;0;0;0;0
"13/07/2022";"20:53:00";"591";"Acidente s";"217,7";"BR-116/SP";"Pista Sul";"Colisão traseira";1;0;0;0;0;1;0;0;0;0;3;0;0;0;0
"13/07/2022";"20:58:00";"592";"Acidente c";"197,4";"BR-116/SP";"Pista Sul";"Colisão traseira";0;0;2;0;0;0;0;0;0;0;1;1;0;0;0
"13/07/2022";"22:08:00";"605";"Acidente s";"218,1";"BR-116/SP";"Pista Sul";"Choque em defensa";1;0;0;0;0;1;0;0;0;0;1;0;0;0;0
"14/07/2022";"00:49:00";"20";"Acidente s";"5";"BR-116/SP";"Pista Sul";"Choque em objeto na pista";1;0;0;0;0;0;0;0;0;0;1;0;0;0;0
"14/07/2022";"02:25:00";"43";"Acidente c";"203";"BR-116/SP";"Pista Sul";"Capotamento";1;0;0;0;0;0;0;0;0;0;0;1;0;0;0
"14/07/2022";"04:28:00";"63";"Acidente s";"214";"BR-116/SP";"Pista Sul";"Choque em barreira New Jersey";1;0;0;0;0;0;0;0;0;0;1;0;0;0;0
"14/07/2022";"04:41:00";"64";"Atropelame";"227,4";"BR-116/SP";"Pista Sul";"Atropelamento de pedestre caminhando";0;0;0;0;0;1;0;0;0;0;1;0;0;0;1
"14/07/2022";"05:52:00";"80";"Acidente s";"207,6";"BR-116/SP";"Pista Sul";"Choque em objeto na pista";1;0;0;0;0;0;0;0;0;0;1;0;0;0;0
"14/07/2022";"06:40:00";"100";"Acidente c";"167,65";"BR-116/RJ";"Pista Norte";"Abalroamento longitudinal";1;0;0;1;0;0;0;0;0;0;1;1;0;0;0
"14/07/2022";"07:57:00";"173";"Acidente s";"229";"BR-116/SP";"Pista Norte";"Queda de moto";0;0;0;1;0;0;0;0;0;0;1;0;0;0;0
"14/07/2022";"08:36:00";"202";"Acidente s";"107";"BR-116/SP";"Pista Sul";"Colisão traseira";1;0;0;0;1;1;0;0;0;0;41;0;0;0;0
"14/07/2022";"08:39:00";"204";"Acidente s";"304,9";"BR-116/RJ";"Pista Norte";"Choque em objeto fixo";1;0;0;0;0;0;0;0;0;0;1;0;0;0;0
"14/07/2022";"11:45:00";"328";"Acidente s";"226,3";"BR-116/SP";"Pista Sul";"Engavetamento";1;0;0;1;0;1;0;0;0;0;3;0;0;0;0
"14/07/2022";"19:22:00";"575";"Acidente s";"201";"BR-116/RJ";"Pista Sul";"Colisão traseira";1;0;0;0;0;1;0;0;0;0;2;0;0;0;0
"14/07/2022";"23:43:00";"674";"Atropelame";"130,4";"BR-116/SP";"Pista Norte";"Atropelamento de pedestre atravessando";1;0;0;0;0;0;0;0;0;0;2;1;0;0;0
"15/07/2022";"00:05:00";"16";"Acidente s";"45,2";"BR-116/SP";"Pista Norte";"Colisão traseira";1;0;1;0;0;0;0;0;0;0;2;0;0;0;0
"15/07/2022";"02:46:00";"50";"Acidente s";"313";"BR-116/RJ";"Pista Norte";"Atropelamento de animal";0;0;1;0;0;0;0;0;0;0;1;0;0;0;0
"15/07/2022";"05:23:00";"86";"Acidente s";"174,2";"BR-116/RJ";"Pista Norte";"Engavetamento";1;0;0;0;0;3;0;0;0;0;4;0;0;0;0
"15/07/2022";"07:26:00";"150";"Acidente c";"147,1";"BR-116/SP";"Pista Norte";"Colisão traseira";2;0;0;0;0;0;0;0;0;0;0;4;0;0;0
"15/07/2022";"07:40:00";"168";"Acidente s";"21,3";"BR-116/SP";"Pista Norte";"Choque em objeto fixo";1;0;0;0;0;0;0;0;0;0;1;0;0;0;0
"15/07/2022";"08:05:00";"194";"Acidente c";"223,2";"BR-116/SP";"Pista Norte";"Colisão traseira";0;0;1;1;0;0;0;0;0;0;2;0;1;0;0
"15/07/2022";"08:50:00";"233";"Acidente s";"158,2";"BR-116/SP";"Pista Sul";"Engavetamento";3;0;0;0;0;0;0;0;0;0;4;0;0;0;0
"15/07/2022";"09:10:00";"247";"Acidente s";"229,2";"BR-116/SP";"Pista Sul";"Colisão traseira";1;0;0;0;0;1;0;0;0;0;2;0;0;0;0
"15/07/2022";"09:25:00";"260";"Acidente s";"159,2";"BR-116/SP";"Pista Sul";"Engavetamento";2;0;1;0;0;0;0;0;0;0;3;0;0;0;0
"15/07/2022";"09:39:00";"265";"Acidente s";"221,1";"BR-116/SP";"Pista Norte";"Colisão traseira";1;0;1;0;0;0;0;0;0;0;2;0;0;0;0
"15/07/2022";"10:09:00";"288";"Acidente c";"216,4";"BR-116/SP";"Pista Norte";"Choque em barreira New Jersey";1;0;0;0;0;0;0;0;0;0;0;1;0;0;0
"15/07/2022";"13:05:00";"370";"Acidente s";"220,3";"BR-116/RJ";"Pista Sul";"Tombamento";0;0;1;0;0;0;0;0;0;0;1;0;0;0;0
"15/07/2022";"13:54:00";"402";"Acidente s";"188,5";"BR-116/RJ";"Pista Sul";"Choque em objeto na pista";1;0;0;0;0;0;0;0;0;0;1;0;0;0;0
"15/07/2022";"14:46:00";"436";"Acidente s";"174,8";"BR-116/RJ";"Pista Sul";"Abalroamento longitudinal";0;0;1;0;0;0;0;0;0;1;2;0;0;0;0
"15/07/2022";"15:29:00";"458";"Acidente s";"106,45";"BR-116/SP";"Pista Sul";"Colisão traseira";2;0;0;0;0;0;0;0;0;0;5;0;0;0;0
"15/07/2022";"16:01:00";"476";"Acidente c";"185,7";"BR-116/RJ";"Pista Sul";"Colisão traseira";2;0;0;0;0;0;0;0;0;0;1;1;0;0;0
"15/07/2022";"16:28:00";"498";"Acidente s";"139,8";"BR-116/SP";"Pista Sul";"Colisão traseira";1;0;0;1;0;0;0;0;0;0;2;0;0;0;0
"15/07/2022";"16:39:00";"501";"Acidente s";"104,8";"BR-116/SP";"Pista Sul";"Colisão traseira";3;0;0;0;0;0;0;0;0;0;5;0;0;0;0
"15/07/2022";"16:58:00";"515";"Acidente s";"124,2";"BR-116/SP";"Pista Norte";"Colisão traseira";2;0;0;0;0;0;0;0;0;0;2;0;0;0;0
"15/07/2022";"17:04:00";"520";"Acidente c";"167";"BR-116/RJ";"Pista Sul";"Colisão traseira";0;0;0;1;0;1;0;0;0;0;1;1;0;0;0
"15/07/2022";"17:40:00";"543";"Acidente s";"270,7";"BR-116/RJ";"Pista Sul";"Choque em barreira New Jersey";1;0;0;0;0;0;0;0;0;0;1;0;0;0;0
"15/07/2022";"17:47:00";"547";"Acidente s";"163,5";"BR-116/RJ";"Pista Sul";"Colisão traseira";1;0;0;0;0;1;0;0;0;0;2;0;0;0;0
"15/07/2022";"18:13:00";"574";"Acidente c";"205,9";"BR-116/SP";"Pista Sul";"Abalroamento longitudinal";1;0;0;1;0;0;0;0;0;0;1;1;0;0;0
"15/07/2022";"18:50:00";"601";"Acidente s";"284,9";"BR-116/RJ";"Pista Sul";"Engavetamento";1;0;0;0;0;2;0;0;0;0;3;0;0;0;0
"15/07/2022";"19:13:00";"616";"Acidente s";"150";"BR-116/SP";"Pista Norte";"Colisão traseira";2;0;0;0;0;0;0;0;0;0;2;0;0;0;0
"15/07/2022";"20:43:00";"651";"Acidente s";"314,5";"BR-116/RJ";"Pista Sul";"Choque em barreira New Jersey";1;0;0;0;0;0;0;0;0;0;1;0;0;0;0
"15/07/2022";"21:55:00";"669";"Acidente s";"205,8";"BR-116/RJ";"Pista Sul";"Colisão traseira";1;0;1;0;0;0;0;0;0;0;2;0;0;0;0
"16/07/2022";"00:17:00";"20";"Acidente s";"268,1";"BR-116/RJ";"Pista Sul";"Choque em objeto na pista";1;0;0;0;0;0;0;0;0;0;1;0;0;0;0
"16/07/2022";"02:20:00";"50";"Acidente s";"225,4";"BR-116/SP";"Pista Norte";"Abalroamento longitudinal";1;0;0;0;1;0;0;0;0;0;3;0;0;0;0
"16/07/2022";"02:36:00";"52";"Acidente c";"169,1";"BR-116/RJ";"Pista Sul";"Choque em barreira New Jersey";1;0;0;0;0;0;0;0;0;0;0;1;0;0;0
"16/07/2022";"04:02:00";"67";"Acidente c";"176,45";"BR-116/RJ";"Pista Norte";"Choque em barreira New Jersey";1;0;0;0;0;0;0;0;0;0;0;3;1;0;0
"16/07/2022";"04:10:00";"71";"Acidente s";"52";"BR-116/SP";"Pista Sul";"Colisão traseira";1;0;1;0;0;0;0;0;0;0;2;0;0;0;0
"16/07/2022";"05:11:00";"85";"Acidente s";"305,8";"BR-116/RJ";"Pista Sul";"Choque em objeto fixo";1;0;0;0;0;0;0;0;0;0;1;0;0;0;0
"16/07/2022";"05:12:00";"86";"Acidente c";"152,3";"BR-116/SP";"Pista Norte";"Colisão traseira";1;0;0;0;0;1;0;0;0;0;1;1;0;0;0
"16/07/2022";"05:32:00";"89";"Acidente s";"228,55";"BR-116/RJ";"Pista Norte";"Choque em objeto fixo";0;0;1;0;0;0;0;0;0;0;1;0;0;0;0
"16/07/2022";"06:07:00";"97";"Atropelame";"55";"BR-116/SP";"Pista Norte";"Atropelamento de pedestre atravessando";0;1;1;0;0;0;0;0;0;0;1;1;0;0;0
"16/07/2022";"06:52:00";"115";"Acidente c";"134,3";"BR-116/SP";"Pista Norte";"Colisão traseira";2;0;0;0;0;0;0;0;0;0;1;0;1;0;0
"16/07/2022";"07:39:00";"147";"Acidente c";"104,5";"BR-116/SP";"Pista Norte";"Engavetamento";3;0;0;0;0;0;0;0;0;0;6;0;4;0;0
"16/07/2022";"07:52:00";"152";"Acidente s";"134,4";"BR-116/SP";"Pista Norte";"Colisão traseira";1;0;0;0;0;1;0;0;0;0;5;0;0;0;0
"16/07/2022";"08:54:00";"183";"Acidente c";"230,6";"BR-116/SP";"Pista Sul";"Queda de moto";0;0;0;1;0;0;0;0;0;0;0;1;0;0;0
"16/07/2022";"11:10:00";"258";"Acidente s";"203,3";"BR-116/SP";"Pista Norte";"Colisão traseira";2;0;0;0;0;0;0;0;0;0;9;0;0;0;0
"16/07/2022";"11:17:00";"261";"Acidente s";"109,6";"BR-116/SP";"Pista Norte";"Engavetamento";5;0;0;0;0;0;0;0;0;0;14;0;0;0;0
"16/07/2022";"11:48:00";"280";"Acidente s";"60,6";"BR-116/SP";"Pista Sul";"Choque em barreira New Jersey";1;0;0;0;0;0;0;0;0;0;3;0;0;0;0
"16/07/2022";"11:54:00";"281";"Acidente c";"60,05";"BR-116/SP";"Pista Sul";"Engavetamento";2;0;0;1;0;0;0;0;0;0;4;0;1;0;0
"16/07/2022";"12:04:00";"290";"Atropelame";"140,8";"BR-116/SP";"Pista Sul";"Atropelamento de pedestre atravessando";0;0;1;0;0;0;0;0;0;1;4;1;0;0;0
"16/07/2022";"13:28:00";"325";"Acidente c";"110";"BR-116/SP";"Pista Sul";"Colisão traseira";0;0;0;1;0;0;0;0;0;1;1;0;0;1;0
"16/07/2022";"14:50:00";"356";"Acidente s";"177,8";"BR-116/RJ";"Pista Sul";"Engavetamento";2;0;0;0;0;1;0;0;0;0;3;0;0;0;0
"16/07/2022";"15:05:00";"370";"Acidente s";"200,6";"BR-116/SP";"Pista Norte";"Choque em objeto na pista";0;0;1;0;0;0;0;0;0;0;1;0;0;0;0
"16/07/2022";"15:09:00";"372";"Acidente s";"168,1";"BR-116/RJ";"Pista Norte";"Engavetamento";4;0;0;0;0;0;0;0;0;0;4;0;0;0;0
"16/07/2022";"18:31:00";"487";"Atropelame";"193,35";"BR-116/RJ";"Pista Norte";"Atropelamento de pedestre atravessando";1;0;0;0;0;0;0;0;0;0;1;0;0;1;0
"16/07/2022";"18:54:00";"493";"Atropelame";"164,16";"BR-116/RJ";"Pista Norte";"Atropelamento de pedestre atravessando";0;0;0;0;0;1;0;0;0;0;1;0;1;0;0
"16/07/2022";"19:10:00";"506";"Acidente s";"183,7";"BR-116/RJ";"Pista Sul";"Abalroamento longitudinal";2;0;0;0;0;1;0;0;0;0;3;0;0;0;0
"16/07/2022";"21:33:00";"558";"Acidente s";"54,6";"BR-116/SP";"Pista Norte";"Colisão traseira";2;0;0;0;0;0;0;0;0;0;3;0;0;0;0
"16/07/2022";"22:41:00";"575";"Acidente s";"57,1";"BR-116/SP";"Pista Sul";"Colisão traseira";1;0;0;0;0;1;0;0;0;0;2;0;0;0;0
"16/07/2022";"23:56:00";"594";"Acidente c";"147,8";"BR-116/SP";"Pista Sul";"Queda de moto";0;0;0;1;0;0;0;0;0;0;0;0;1;0;0
"17/07/2022";"00:24:00";"21";"Acidente s";"201";"BR-116/SP";"Pista Sul";"Abalroamento longitudinal";1;0;0;0;0;1;0;0;0;0;6;0;0;0;0
"17/07/2022";"03:45:00";"61";"Acidente s";"53";"BR-116/SP";"Pista Norte";"Choque em objeto fixo";1;0;0;0;0;0;0;0;0;0;1;0;0;0;0
"17/07/2022";"04:32:00";"70";"Acidente c";"59,5";"BR-116/SP";"Pista Sul";"Capotamento";1;0;0;0;0;0;0;0;0;0;0;0;1;0;0
"17/07/2022";"04:43:00";"71";"Acidente c";"216,8";"BR-116/SP";"Pista Norte";"Abalroamento longitudinal";2;0;0;0;0;0;0;0;0;0;3;0;1;0;0
"17/07/2022";"06:29:00";"89";"Acidente c";"55,79";"BR-116/SP";"Pista Sul";"Capotamento";1;0;0;0;0;0;0;0;0;0;1;0;1;0;0
"17/07/2022";"07:21:00";"113";"Acidente s";"127,55";"BR-116/SP";"Pista Norte";"Choque em barreira New Jersey";1;0;0;0;0;0;0;0;0;0;1;0;0;0;0
"17/07/2022";"08:14:00";"137";"Acidente c";"227,5";"BR-116/SP";"Pista Norte";"Colisão traseira";1;0;0;1;0;0;0;0;0;0;1;1;0;0;0
"17/07/2022";"09:01:00";"145";"Acidente s";"188,8";"BR-116/SP";"Pista Norte";"Choque em defensa";1;0;0;0;0;0;0;0;0;0;2;0;0;0;0
"17/07/2022";"09:19:00";"150";"Acidente c";"179,7";"BR-116/RJ";"Pista Sul";"Abalroamento longitudinal";1;0;1;0;0;0;0;0;0;0;1;1;0;0;0
"17/07/2022";"11:05:00";"197";"Acidente c";"270,3";"BR-116/RJ";"Pista Norte";"Colisão frontal";2;0;0;0;0;0;0;0;0;0;0;2;1;0;0
"17/07/2022";"11:48:00";"214";"Acidente s";"156,2";"BR-116/SP";"Pista Sul";"Colisão traseira";1;0;1;0;0;0;0;0;0;0;2;0;0;0;0
"17/07/2022";"12:31:00";"237";"Acidente c";"167,5";"BR-116/RJ";"Pista Norte";"Colisão traseira";2;0;0;0;0;0;0;0;0;0;3;0;1;0;0
"17/07/2022";"14:47:00";"305";"Acidente s";"86";"BR-116/SP";"Pista Sul";"Choque em barreira New Jersey";0;0;0;1;0;0;0;0;0;0;2;0;0;0;0
"17/07/2022";"14:51:00";"309";"Acidente c";"186,3";"BR-116/RJ";"Pista Norte";"Queda de moto";0;0;0;0;0;1;0;0;0;0;0;0;1;0;0
"17/07/2022";"15:15:00";"325";"Acidente c";"227,6";"BR-116/RJ";"Pista Norte";"Queda de moto";0;0;0;1;0;0;0;0;0;0;0;1;0;0;0
"17/07/2022";"16:51:00";"379";"Acidente s";"209,3";"BR-116/RJ";"Pista Norte";"Engavetamento";2;0;0;0;0;2;0;0;0;0;6;0;0;0;0
"17/07/2022";"18:02:00";"417";"Acidente c";"85,05";"BR-116/SP";"Pista Sul";"Colisão traseira";1;0;0;0;0;1;0;0;0;0;1;2;0;0;0
"17/07/2022";"18:12:00";"423";"Acidente c";"316,8";"BR-116/RJ";"Pista Sul";"Queda de moto";0;0;0;1;0;0;0;0;0;0;0;1;0;0;0
"17/07/2022";"18:35:00";"440";"Acidente c";"105,2";"BR-116/SP";"Pista Sul";"Queda de moto";0;0;0;1;0;0;0;0;0;0;1;0;1;0;0
"17/07/2022";"19:05:00";"456";"Acidente s";"189,7";"BR-116/RJ";"Pista Norte";"Abalroamento longitudinal";2;0;0;0;0;0;0;0;0;0;2;0;0;0;0
"17/07/2022";"19:43:00";"477";"Atropelame";"199";"BR-116/SP";"Pista Norte";"Atropelamento de pedestre caminhando";0;0;0;0;0;1;0;0;0;0;1;1;0;0;0
"17/07/2022";"19:52:00";"480";"Acidente s";"165,8";"BR-116/RJ";"Pista Norte";"Colisão traseira";1;0;1;0;0;0;0;0;0;0;2;0;0;0;0
"17/07/2022";"20:49:00";"501";"Acidente s";"154";"BR-116/SP";"Pista Sul";"Engavetamento";3;0;0;0;0;0;0;0;0;0;3;0;0;0;0
"17/07/2022";"20:59:00";"506";"Acidente c";"155,3";"BR-116/SP";"Pista Norte";"Queda de moto";0;0;0;1;0;0;0;0;0;0;0;0;1;0;0
"17/07/2022";"21:46:00";"519";"Acidente c";"65";"BR-116/SP";"Pista Norte";"Colisão frontal";1;0;0;1;0;0;0;0;0;0;1;2;0;0;0
"17/07/2022";"22:37:00";"534";"Acidente c";"214,6";"BR-116/SP";"Pista Sul";"Queda de moto";0;0;0;1;0;0;0;0;0;0;0;0;1;0;0
"17/07/2022";"22:49:00";"537";"Acidente s";"73,5";"BR-116/SP";"Pista Sul";"Choque em objeto na pista";1;0;0;0;0;0;0;0;0;0;1;0;0;0;0
"17/07/2022";"23:25:00";"547";"Acidente s";"131,5";"BR-116/SP";"Pista Norte";"Colisão traseira";0;0;2;0;0;0;0;0;0;0;2;0;0;0;0
"17/07/2022";"23:29:00";"548";"Acidente s";"187,7";"BR-116/RJ";"Pista Norte";"Choque em objeto fixo";1;0;0;0;0;0;0;0;0;0;1;0;0;0;0
"17/07/2022";"23:45:00";"554";"Acidente s";"157";"BR-116/SP";"Pista Norte";"Abalroamento longitudinal";1;0;0;0;0;1;0;0;0;0;3;0;0;0;0
"18/07/2022";"00:14:00";"17";"Acidente c";"154";"BR-116/SP";"Pista Norte";"Choque em objeto fixo";1;0;0;0;0;1;0;0;0;0;1;1;0;0;0
"18/07/2022";"04:14:00";"53";"Acidente s";"178,3";"BR-116/SP";"Pista Sul";"Atropelamento de animal";0;0;1;0;0;0;0;0;0;0;1;0;0;0;0
"18/07/2022";"05:22:00";"65";"Acidente c";"179,85";"BR-116/RJ";"Pista Norte";"Colisão traseira";1;0;0;1;0;0;0;0;0;0;2;0;1;0;0
"18/07/2022";"06:58:00";"100";"Acidente s";"167,5";"BR-116/RJ";"Pista Norte";"Colisão traseira";2;0;0;0;0;0;0;0;0;0;3;0;0;0;0
"18/07/2022";"07:04:00";"106";"Acidente c";"207,6";"BR-116/SP";"Pista Sul";"Colisão traseira";1;0;0;1;0;0;0;0;0;0;4;2;0;0;0
"18/07/2022";"08:18:00";"176";"Acidente s";"301,95";"BR-116/RJ";"Pista Sul";"Colisão traseira";2;0;0;0;0;0;0;0;0;0;2;0;0;0;0
"18/07/2022";"08:44:00";"200";"Acidente s";"223,5";"BR-116/RJ";"Pista Sul";"Choque Talude";1;0;0;0;0;0;0;0;0;0;4;0;0;0;0
"18/07/2022";"10:03:00";"259";"Acidente s";"193,9";"BR-116/SP";"Pista Sul";"Abalroamento longitudinal";1;0;1;0;0;0;0;0;0;0;2;0;0;0;0
"18/07/2022";"10:43:00";"282";"Acidente c";"55,5";"BR-116/SP";"Pista Norte";"Queda de moto";0;0;0;1;0;0;0;0;0;0;0;2;0;0;0
"18/07/2022";"11:29:00";"305";"Acidente s";"219,95";"BR-116/SP";"Pista Sul";"Colisão traseira";2;0;0;0;0;0;0;0;0;0;2;0;0;0;0
"18/07/2022";"16:22:00";"454";"Acidente c";"145,6";"BR-116/SP";"Pista Norte";"Abalroamento longitudinal";1;0;0;0;0;1;0;0;0;0;1;2;0;0;0
"18/07/2022";"16:26:00";"455";"Acidente s";"106,6";"BR-116/SP";"Pista Sul";"Choque em objeto na pista";1;0;1;0;0;0;0;0;0;0;3;0;0;0;0
"18/07/2022";"18:15:00";"517";"Acidente s";"223";"BR-116/SP";"Pista Norte";"Colisão traseira";2;0;0;0;0;0;0;0;0;0;2;0;0;0;0
"18/07/2022";"18:19:00";"519";"Acidente s";"223";"BR-116/SP";"Pista Norte";"Engavetamento";2;0;0;0;0;0;0;0;0;1;4;0;0;0;0
"18/07/2022";"19:34:00";"548";"Acidente s";"150,5";"BR-116/SP";"Pista Norte";"Colisão traseira";1;0;1;0;0;0;0;0;0;0;2;0;0;0;0
"18/07/2022";"19:45:00";"552";"Acidente s";"226";"BR-116/RJ";"Pista Norte";"Choque Talude";0;0;1;0;0;0;0;0;0;0;1;0;0;0;0
"19/07/2022";"02:46:00";"42";"Acidente s";"206,8";"BR-116/SP";"Pista Sul";"Abalroamento longitudinal";0;0;1;0;1;0;0;0;0;0;45;0;0;0;0
"19/07/2022";"09:43:00";"284";"Acidente c";"177,65";"BR-116/RJ";"Pista Sul";"Queda de moto";0;0;0;1;0;0;0;0;0;0;0;2;0;0;0
"19/07/2022";"11:05:00";"339";"Acidente s";"165,2";"BR-116/RJ";"Pista Norte";"Abalroamento longitudinal";1;0;1;0;0;0;0;0;0;0;3;0;0;0;0
"19/07/2022";"11:35:00";"346";"Acidente s";"203,8";"BR-116/RJ";"Pista Sul";"Choque em defensa";0;0;1;0;0;0;0;0;0;0;1;0;0;0;0
"19/07/2022";"11:56:00";"355";"Acidente s";"329,7";"BR-116/RJ";"Pista Norte";"Choque em barreira New Jersey";1;0;0;0;0;0;0;0;0;0;1;0;0;0;0
"19/07/2022";"12:20:00";"362";"Acidente c";"228,05";"BR-116/SP";"Pista Sul";"Colisão traseira";1;0;0;1;0;0;0;0;0;0;4;1;0;0;0
"19/07/2022";"13:43:00";"402";"Acidente c";"15,8";"BR-116/SP";"Pista Sul";"Queda de moto";0;0;0;1;0;0;0;0;0;0;0;1;0;0;0
"19/07/2022";"13:45:00";"405";"Acidente s";"229,4";"BR-116/SP";"Pista Sul";"Colisão traseira";1;0;0;1;0;0;0;0;0;0;2;0;0;0;0
"19/07/2022";"14:26:00";"432";"Acidente c";"113,4";"BR-116/SP";"Pista Norte";"Queda de moto";0;0;0;1;0;0;0;0;0;0;0;1;0;0;0
"19/07/2022";"15:24:00";"467";"Acidente s";"199,6";"BR-116/SP";"Pista Sul";"Colisão traseira";0;0;1;0;0;1;0;0;0;0;2;0;0;0;0
"19/07/2022";"17:02:00";"522";"Acidente c";"166,5";"BR-116/RJ";"Pista Sul";"Queda de moto";0;0;0;1;0;0;0;0;0;0;0;1;0;0;0
"19/07/2022";"18:56:00";"589";"Acidente s";"161,5";"BR-116/SP";"Pista Norte";"Choque em objeto na pista";0;0;0;0;0;0;0;0;0;1;1;0;0;0;0
"19/07/2022";"19:19:00";"603";"Acidente s";"151,4";"BR-116/SP";"Pista Norte";"Choque em objeto na pista";3;0;1;0;0;0;0;0;0;0;5;0;0;0;0
"19/07/2022";"19:31:00";"609";"Acidente c";"122,1";"BR-116/SP";"Pista Norte";"Colisão traseira";1;0;0;0;0;1;0;0;0;0;3;1;0;0;0
"19/07/2022";"22:20:00";"673";"Acidente s";"210,8";"BR-116/RJ";"Pista Norte";"Choque em objeto na pista";1;0;0;0;0;0;0;0;0;0;2;0;0;0;0
"19/07/2022";"22:37:00";"676";"Acidente s";"163,6";"BR-116/RJ";"Pista Norte";"Colisão traseira";1;0;1;0;0;0;0;0;0;0;3;0;0;0;0
"19/07/2022";"23:08:00";"689";"Acidente s";"287,3";"BR-116/RJ";"Pista Norte";"Choque em objeto na pista";0;0;1;0;0;0;0;0;0;0;1;0;0;0;0
"20/07/2022";"02:05:00";"30";"Acidente c";"311,4";"BR-116/RJ";"Pista Norte";"Abalroamento longitudinal";1;0;1;0;0;0;0;0;0;0;3;1;0;0;0
"20/07/2022";"04:25:00";"52";"Acidente s";"227";"BR-116/RJ";"Pista Sul";"Choque em objeto fixo";1;0;0;0;0;0;0;0;0;0;1;0;0;0;0
"20/07/2022";"05:05:00";"59";"Acidente c";"146,38";"BR-116/SP";"Pista Sul";"Colisão traseira";0;0;1;0;1;0;0;0;0;0;43;1;0;0;0
"20/07/2022";"05:47:00";"63";"Acidente s";"146,38";"BR-116/SP";"Pista Sul";"Colisão traseira";1;0;1;0;0;0;0;0;0;0;3;0;0;0;0
"20/07/2022";"07:53:00";"167";"Acidente s";"190";"BR-116/SP";"Pista Norte";"Abalroamento longitudinal";1;0;0;0;0;0;0;0;0;1;3;0;0;0;0
"20/07/2022";"10:31:00";"290";"Acidente c";"221,7";"BR-116/SP";"Pista Sul";"Abalroamento longitudinal";0;0;1;1;0;0;0;0;0;0;1;1;0;0;0
"20/07/2022";"12:18:00";"351";"Acidente c";"210";"BR-116/SP";"Pista Sul";"Engavetamento";3;0;1;0;0;0;0;0;0;0;8;2;0;0;0
"20/07/2022";"12:38:00";"360";"Acidente s";"209,9";"BR-116/SP";"Pista Sul";"Colisão traseira";1;0;1;0;0;0;0;0;0;0;2;0;0;0;0
"20/07/2022";"15:41:00";"447";"Acidente c";"166,1";"BR-116/RJ";"Pista Sul";"Abalroamento longitudinal";1;0;0;1;0;0;0;0;0;0;1;1;0;0;0
"20/07/2022";"16:03:00";"461";"Acidente s";"176,1";"BR-116/RJ";"Pista Sul";"Abalroamento longitudinal";1;0;1;0;0;0;0;0;0;0;2;0;0;0;0
"20/07/2022";"17:28:00";"499";"Acidente s";"107";"BR-116/SP";"Pista Norte";"Abalroamento longitudinal";1;0;1;0;0;0;0;0;0;0;2;0;0;0;0
"20/07/2022";"18:25:00";"534";"Acidente s";"224";"BR-116/RJ";"Pista Norte";"Choque Talude";0;0;1;0;0;0;0;0;0;0;1;0;0;0;0
"20/07/2022";"21:14:00";"594";"Acidente c";"214,9";"BR-116/SP";"Pista Sul";"Choque em barreira New Jersey";0;0;1;0;0;0;0;0;0;0;0;1;0;0;0
"20/07/2022";"21:57:00";"605";"Acidente s";"211";"BR-116/SP";"Pista Sul";"Engavetamento";2;0;2;0;0;0;0;0;0;0;4;0;0;0;0
"20/07/2022";"22:41:00";"624";"Acidente s";"214,9";"BR-116/SP";"Pista Sul";"Abalroamento longitudinal";1;0;0;0;0;1;0;0;0;0;3;0;0;0;0
"21/07/2022";"00:33:00";"22";"Acidente s";"117";"BR-116/SP";"Pista Norte";"Colisão traseira";0;0;1;0;0;1;0;0;0;0;2;0;0;0;0
"21/07/2022";"04:14:00";"59";"Acidente c";"101";"BR-116/SP";"Pista Sul";"Engavetamento";1;0;1;0;0;0;0;0;0;1;4;1;0;0;0
"21/07/2022";"05:27:00";"68";"Acidente s";"71";"BR-116/SP";"Pista Norte";"Colisão traseira";0;0;1;0;0;0;0;0;0;1;2;0;0;0;0