data;horario;n_da_ocorrencia;tipo_de_ocorrencia;km;trecho;sentido;tipo_de_acidente;automovel;bicicleta;caminhao;moto;onibus;outros;tracao_animal;transporte_de_cargas_especiais;trator_maquinas;utilitarios;ilesos;levemente_feridos;moderadamente_feridos;gravemente_feridos;mortos
"21/07/2022";"06:12:00";"82";"Acidente s";"241,1";"BR-116/RJ";"Pista Sul";"Choque em objeto na pista";1;0;0;0;0;0;0;0;0;0;1;0;0;0;0
"21/07/2022";"06:36:00";"96";"Acidente s";"290";"BR-116/RJ";"Pista Sul";"Choque em objeto na pista";1;0;0;0;0;0;0;0;0;0;1;0;0;0;0
"21/07/2022";"07:25:00";"145";"Acidente s";"166,8";"BR-116/RJ";"Pista Norte";"Abalroamento longitudinal";2;0;0;0;0;0;0;0;0;0;2;0;0;0;0
"21/07/2022";"08:17:00";"192";"Acidente s";"233,4";"BR-116/RJ";"Pista Sul";"Colisão traseira";2;0;0;0;0;0;0;0;0;0;2;0;0;0;0
"21/07/2022";"08:37:00";"209";"Acidente c";"98,85";"BR-116/SP";"Pista Norte";"Queda de moto";0;0;0;1;0;0;0;0;0;0;0;1;0;0;0
"21/07/2022";"08:44:00";"211";"Acidente s";"223,25";"BR-116/RJ";"Pista Norte";"Choque em objeto fixo";1;0;0;0;0;0;0;0;0;0;1;0;0;0;0
"21/07/2022";"12:38:00";"356";"Acidente s";"175,3";"BR-116/RJ";"Pista Sul";"Colisão traseira";1;0;0;0;0;1;0;0;0;0;2;0;0;0;0
"21/07/2022";"14:20:00";"414";"Acidente c";"121,2";"BR-116/SP";"Pista Sul";"Colisão traseira";0;0;2;0;0;0;0;0;0;0;1;1;0;0;0
"21/07/2022";"14:45:00";"426";"Acidente s";"165,6";"BR-116/SP";"Pista Sul";"Abalroamento longitudinal";1;0;1;0;0;0;0;0;0;0;2;0;0;0;0
"21/07/2022";"15:32:00";"448";"Acidente s";"174,5";"BR-116/RJ";"Pista Norte";"Engavetamento";2;0;0;0;0;0;0;0;0;1;3;0;0;0;0
"21/07/2022";"15:49:00";"460";"Acidente c";"220,1";"BR-116/SP";"Pista Sul";"Abalroamento longitudinal";1;0;0;1;0;0;0;0;0;0;1;0;1;0;0
"21/07/2022";"16:11:00";"478";"Acidente s";"142,2";"BR-116/SP";"Pista Norte";"Colisão traseira";1;0;0;0;0;1;0;0;0;0;4;0;0;0;0
"21/07/2022";"16:14:00";"481";"Acidente c";"142,2";"BR-116/SP";"Pista Norte";"Engavetamento";4;0;0;0;0;0;0;0;0;0;5;1;0;0;0
"21/07/2022";"17:02:00";"511";"Acidente c";"210";"BR-116/SP";"Pista Norte";"Choque em defensa";1;0;0;0;0;0;0;0;0;0;0;1;0;0;0
"21/07/2022";"17:28:00";"520";"Acidente s";"58,5";"BR-116/SP";"Pista Norte";"Colisão traseira";1;0;0;0;0;0;0;0;0;1;6;0;0;0;0
"21/07/2022";"17:52:00";"537";"Acidente s";"223,4";"BR-116/SP";"Pista Norte";"Choque em objeto fixo";1;0;0;0;0;0;0;0;0;0;1;0;0;0;0
"21/07/2022";"18:07:00";"544";"Acidente s";"150";"BR-116/SP";"Pista Norte";"Colisão traseira";2;0;0;0;0;0;0;0;0;0;4;0;0;0;0
"21/07/2022";"18:08:00";"545";"Acidente s";"132,3";"BR-116/SP";"Pista Sul";"Colisão traseira";2;0;0;0;0;0;0;0;0;0;2;0;0;0;0
"21/07/2022";"18:30:00";"559";"Acidente s";"166,3";"BR-116/RJ";"Pista Sul";"Engavetamento";3;0;0;0;0;0;0;0;0;0;3;0;0;0;0
"21/07/2022";"18:31:00";"562";"Acidente s";"213,1";"BR-116/RJ";"Pista Sul";"Abalroamento longitudinal";1;0;1;0;0;0;0;0;0;0;2;0;0;0;0
"21/07/2022";"19:13:00";"587";"Atropelame";"148,7";"BR-116/SP";"Pista Sul";"Atropelamento de pedestre caminhando";1;0;0;0;0;0;0;0;0;0;1;0;0;0;1
"21/07/2022";"19:48:00";"603";"Acidente s";"218,5";"BR-116/SP";"Pista Norte";"Colisão traseira";2;0;0;0;0;0;0;0;0;0;2;0;0;0;0
"22/07/2022";"00:06:00";"14";"Acidente s";"219";"BR-116/SP";"Pista Sul";"Abalroamento longitudinal";1;0;1;0;0;0;0;0;0;0;2;0;0;0;0
"22/07/2022";"00:15:00";"15";"Acidente c";"168";"BR-116/SP";"Pista Sul";"Queda de moto";0;0;0;1;0;0;0;0;0;0;0;0;1;0;0
"22/07/2022";"00:50:00";"25";"Acidente c";"207";"BR-116/SP";"Pista Norte";"Choque em barreira New Jersey";2;0;0;0;0;1;0;0;0;0;1;2;0;0;0
"22/07/2022";"04:43:00";"57";"Acidente s";"275,5";"BR-116/RJ";"Pista Sul";"Choque em objeto na pista";0;0;0;0;0;0;0;0;0;1;1;0;0;0;0
"22/07/2022";"06:40:00";"93";"Acidente s";"279";"BR-116/RJ";"Pista Sul";"Choque em barreira New Jersey";1;0;0;0;0;0;0;0;0;0;1;0;0;0;0
"22/07/2022";"09:07:00";"240";"Acidente s";"107,7";"BR-116/SP";"Pista Norte";"Abalroamento longitudinal";1;0;1;0;0;0;0;0;0;0;4;0;0;0;0
"22/07/2022";"09:41:00";"271";"Acidente s";"172,9";"BR-116/SP";"Pista Norte";"Choque em objeto na pista";1;0;0;0;0;0;0;0;0;0;1;0;0;0;0
"22/07/2022";"11:11:00";"329";"Acidente s";"74,1";"BR-116/SP";"Pista Sul";"Colisão traseira";0;0;2;0;0;0;0;0;0;0;3;0;0;0;0
"22/07/2022";"12:03:00";"352";"Acidente c";"309,15";"BR-116/RJ";"Pista Norte";"Choque em veículo parado na pista";2;0;0;0;0;0;0;0;0;0;0;4;2;0;0
"22/07/2022";"12:28:00";"367";"Atropelame";"309,2";"BR-116/RJ";"Pista Sul";"Atropelamento de pedestre atravessando";1;0;0;0;0;0;0;0;0;0;1;0;0;1;0
"22/07/2022";"12:28:00";"368";"Acidente c";"229,65";"BR-116/SP";"Pista Sul";"Abalroamento longitudinal";0;0;0;2;0;0;0;0;0;0;1;1;1;0;0
"22/07/2022";"12:45:00";"374";"Atropelame";"70,6";"BR-116/SP";"Pista Sul";"Atropelamento de pedestre atravessando";0;1;0;0;0;1;0;0;0;0;1;0;0;0;1
"22/07/2022";"12:48:00";"377";"Acidente s";"108,05";"BR-116/SP";"Pista Sul";"Engavetamento";2;0;0;0;0;1;0;0;0;0;9;0;0;0;0
"22/07/2022";"13:20:00";"397";"Acidente s";"105,4";"BR-116/SP";"Pista Sul";"Colisão traseira";0;0;0;1;0;1;0;0;0;0;2;0;0;0;0
"22/07/2022";"14:26:00";"422";"Acidente s";"143";"BR-116/SP";"Pista Norte";"Engavetamento";1;0;0;0;0;3;0;0;0;0;5;0;0;0;0
"22/07/2022";"14:27:00";"425";"Acidente s";"197";"BR-116/RJ";"Pista Norte";"Choque em objeto fixo";1;0;0;0;0;0;0;0;0;0;2;0;0;0;0
"22/07/2022";"14:54:00";"444";"Acidente s";"285";"BR-116/RJ";"Pista Sul";"Engavetamento";1;0;0;0;0;0;0;0;0;2;5;0;0;0;0
"22/07/2022";"15:06:00";"453";"Acidente s";"227";"BR-116/SP";"Pista Sul";"Choque em objeto na pista";1;0;0;0;0;0;0;0;0;0;1;0;0;0;0
"22/07/2022";"15:32:00";"475";"Acidente s";"228,5";"BR-116/RJ";"Pista Norte";"Colisão traseira";1;0;0;0;0;1;0;0;0;0;2;0;0;0;0
"22/07/2022";"16:04:00";"501";"Acidente s";"289,1";"BR-116/RJ";"Pista Norte";"Colisão traseira";2;0;0;0;0;0;0;0;0;0;2;0;0;0;0
"22/07/2022";"16:31:00";"518";"Acidente s";"174,8";"BR-116/RJ";"Pista Sul";"Colisão traseira";1;0;0;0;0;1;0;0;0;0;5;0;0;0;0
"22/07/2022";"16:53:00";"532";"Acidente c";"180,8";"BR-116/SP";"Pista Sul";"Colisão traseira";1;0;1;0;0;0;0;0;0;0;4;1;0;0;0
"22/07/2022";"17:18:00";"546";"Acidente c";"101,55";"BR-116/SP";"Pista Sul";"Abalroamento longitudinal";1;0;1;1;0;0;0;0;0;0;3;1;0;0;0
"22/07/2022";"17:23:00";"549";"Acidente c";"285";"BR-116/RJ";"Pista Sul";"Engavetamento";2;0;0;0;0;4;0;0;0;0;5;1;0;0;0
"22/07/2022";"18:32:00";"587";"Acidente s";"207";"BR-116/SP";"Pista Sul";"Engavetamento";2;0;0;0;0;0;0;0;0;1;4;0;0;0;0
"22/07/2022";"18:38:00";"589";"Acidente s";"275,1";"BR-116/RJ";"Pista Norte";"Abalroamento longitudinal";1;0;1;0;0;0;0;0;0;0;2;0;0;0;0
"22/07/2022";"18:54:00";"607";"Acidente s";"148";"BR-116/SP";"Pista Norte";"Colisão traseira";1;0;0;0;0;1;0;0;0;0;2;0;0;0;0
"22/07/2022";"19:40:00";"634";"Acidente c";"226,3";"BR-116/RJ";"Pista Norte";"Capotamento";1;0;0;0;0;0;0;0;0;0;0;2;0;0;0
"22/07/2022";"19:48:00";"635";"Acidente s";"156,7";"BR-116/SP";"Pista Sul";"Abalroamento longitudinal";1;0;0;0;0;0;0;0;0;1;4;0;0;0;0
"22/07/2022";"20:43:00";"661";"Acidente s";"185";"BR-116/RJ";"Pista Norte";"Colisão traseira";2;0;0;0;0;0;0;0;0;0;2;0;0;0;0
"22/07/2022";"21:26:00";"678";"Acidente s";"213,6";"BR-116/SP";"Pista Norte";"Colisão traseira";1;0;0;0;0;1;0;0;0;0;5;0;0;0;0
"22/07/2022";"22:19:00";"698";"Acidente c";"98,7";"BR-116/SP";"Pista Sul";"Atropelamento de animal";1;0;0;0;0;0;0;0;0;0;0;2;0;0;0
"22/07/2022";"23:20:00";"716";"Acidente s";"253,65";"BR-116/RJ";"Pista Norte";"Choque em barreira New Jersey";1;0;0;0;0;0;0;0;0;0;1;0;0;0;0
"23/07/2022";"00:39:00";"24";"Atropelame";"81";"BR-116/SP";"Pista Sul";"Atropelamento de pedestre atravessando";0;0;0;0;0;1;0;0;0;0;1;0;0;1;0
"23/07/2022";"01:30:00";"33";"Acidente s";"223,7";"BR-116/SP";"Pista Norte";"Abalroamento longitudinal";1;0;1;0;0;0;0;0;0;0;5;0;0;0;0
"23/07/2022";"06:19:00";"72";"Acidente c";"174,8";"BR-116/RJ";"Pista Sul";"Choque em barreira New Jersey";1;0;0;0;0;0;0;0;0;0;0;1;0;0;0
"23/07/2022";"06:43:00";"84";"Acidente s";"281";"BR-116/RJ";"Pista Sul";"Choque em barreira New Jersey";0;0;1;0;0;0;0;0;0;0;1;0;0;0;0
"23/07/2022";"07:16:00";"101";"Acidente s";"223,3";"BR-116/RJ";"Pista Norte";"Choque em objeto fixo";0;0;1;0;0;0;0;0;0;0;1;0;0;0;0
"23/07/2022";"07:28:00";"108";"Acidente c";"147,2";"BR-116/SP";"Pista Norte";"Colisão traseira";1;0;1;0;0;0;0;0;0;0;1;1;2;0;0
"23/07/2022";"08:07:00";"136";"Acidente s";"151,55";"BR-116/SP";"Pista Norte";"Engavetamento";3;0;0;0;0;0;0;0;0;0;10;0;0;0;0
"23/07/2022";"08:35:00";"146";"Acidente s";"28,8";"BR-116/SP";"Pista Sul";"Abalroamento longitudinal";1;0;1;0;0;0;0;0;0;0;2;0;0;0;0
"23/07/2022";"08:59:00";"160";"Acidente s";"36,25";"BR-116/SP";"Pista Norte";"Abalroamento longitudinal";1;0;1;0;0;0;0;0;0;0;2;0;0;0;0
"23/07/2022";"09:51:00";"186";"Acidente s";"142,5";"BR-116/SP";"Pista Norte";"Engavetamento";3;0;0;0;0;1;0;0;0;0;4;0;0;0;0
"23/07/2022";"11:04:00";"214";"Acidente s";"145,5";"BR-116/SP";"Pista Sul";"Engavetamento";2;0;1;0;0;0;0;0;0;0;5;0;0;0;0
"23/07/2022";"11:11:00";"218";"Acidente s";"145,4";"BR-116/SP";"Pista Norte";"Abalroamento longitudinal";1;0;1;0;0;0;0;0;0;0;2;0;0;0;0
"23/07/2022";"12:24:00";"247";"Acidente c";"192,9";"BR-116/RJ";"Pista Sul";"Choque em defensa";1;0;0;0;0;0;0;0;0;0;2;1;0;0;0
"23/07/2022";"12:33:00";"250";"Acidente s";"145,3";"BR-116/SP";"Pista Sul";"Engavetamento";2;0;0;0;0;1;0;0;0;0;6;0;0;0;0
"23/07/2022";"12:52:00";"258";"Acidente c";"166,5";"BR-116/RJ";"Pista Norte";"Colisão traseira";1;0;1;0;0;0;0;0;0;0;1;1;0;0;0
"23/07/2022";"14:01:00";"293";"Acidente s";"230,4";"BR-116/SP";"Pista Sul";"Engavetamento";3;0;0;0;0;0;0;0;0;0;7;0;0;0;0
"23/07/2022";"14:02:00";"294";"Acidente s";"178";"BR-116/RJ";"Pista Norte";"Abalroamento longitudinal";1;0;0;0;0;1;0;0;0;0;2;0;0;0;0
"23/07/2022";"14:07:00";"296";"Acidente s";"22,63";"BR-116/SP";"Pista Sul";"Choque em objeto na pista";1;0;0;0;0;0;0;0;0;0;3;0;0;0;0
"23/07/2022";"14:26:00";"308";"Acidente c";"189,95";"BR-116/RJ";"Pista Sul";"Choque em barreira New Jersey";1;0;0;0;0;0;0;0;0;0;0;1;0;0;0
"23/07/2022";"14:32:00";"310";"Acidente s";"320,4";"BR-116/RJ";"Pista Sul";"Abalroamento longitudinal";0;0;2;0;0;0;0;0;0;0;2;0;0;0;0
"23/07/2022";"15:24:00";"340";"Acidente c";"317,3";"BR-116/RJ";"Pista Sul";"Abalroamento longitudinal";1;0;0;1;0;0;0;0;0;0;1;2;1;0;0
"23/07/2022";"16:10:00";"363";"Acidente c";"224,5";"BR-116/SP";"Pista Sul";"Queda de moto";0;0;0;1;0;0;0;0;0;0;0;1;0;0;0
"23/07/2022";"18:23:00";"421";"Acidente c";"209";"BR-116/RJ";"Pista Norte";"Queda de moto";0;0;0;1;0;0;0;0;0;0;0;0;1;0;0
"23/07/2022";"18:30:00";"425";"Acidente s";"230,38";"BR-116/SP";"Pista Sul";"Colisão traseira";1;0;0;0;0;0;0;0;0;1;3;0;0;0;0
"23/07/2022";"18:36:00";"428";"Acidente s";"265";"BR-116/RJ";"Pista Norte";"Choque em objeto fixo";1;0;0;0;0;0;0;0;0;0;1;0;0;0;0
"23/07/2022";"20:33:00";"477";"Atropelame";"148,6";"BR-116/SP";"Pista Sul";"Atropelamento de pedestre caminhando";2;0;0;0;0;0;0;0;0;0;8;1;0;1;0
"23/07/2022";"21:00:00";"485";"Acidente c";"141,25";"BR-116/SP";"Pista Norte";"Choque em objeto fixo";1;0;0;0;0;0;0;0;0;0;1;1;0;0;0
"23/07/2022";"21:12:00";"489";"Acidente c";"189,55";"BR-116/RJ";"Pista Sul";"Choque em defensa";1;0;0;0;0;0;0;0;0;0;0;0;2;0;0
"23/07/2022";"22:34:00";"506";"Acidente s";"139,4";"BR-116/SP";"Pista Norte";"Choque em objeto fixo";1;0;0;0;0;0;0;0;0;0;1;0;0;0;0
"23/07/2022";"23:08:00";"514";"Acidente c";"171,005";"BR-116/RJ";"Pista Norte";"Engavetamento";3;0;0;0;0;0;0;0;0;0;0;3;0;0;0
"24/07/2022";"02:17:00";"43";"Acidente s";"316,35";"BR-116/RJ";"Pista Sul";"Choque em objeto fixo";1;0;0;0;0;0;0;0;0;0;1;0;0;0;0
"24/07/2022";"03:24:00";"48";"Atropelame";"177,75";"BR-116/RJ";"Pista Sul";"Atropelamento de pedestre atravessando";1;0;0;0;0;0;0;0;0;0;1;0;0;0;1
"24/07/2022";"04:18:00";"55";"Acidente c";"216,7";"BR-116/SP";"Pista Norte";"Choque em barreira New Jersey";1;0;0;0;0;0;0;0;0;0;0;0;1;0;0
"24/07/2022";"05:38:00";"60";"Acidente s";"224,65";"BR-116/SP";"Pista Norte";"Choque em defensa";1;0;0;0;0;0;0;0;0;0;3;0;0;0;0
"24/07/2022";"05:53:00";"62";"Acidente c";"206,1";"BR-116/SP";"Pista Norte";"Choque em veículo parado na pista";2;0;0;0;0;0;0;0;0;0;1;2;0;0;0
"24/07/2022";"06:18:00";"67";"Acidente c";"222,8";"BR-116/SP";"Pista Sul";"Capotamento";1;0;0;0;0;0;0;0;0;0;0;1;0;0;0
"24/07/2022";"06:31:00";"71";"Acidente s";"38";"BR-116/SP";"Pista Sul";"Choque em objeto na pista";1;0;0;0;0;0;0;0;0;0;1;0;0;0;0
"24/07/2022";"07:40:00";"101";"Acidente s";"146,1";"BR-116/SP";"Pista Sul";"Capotamento";1;0;0;0;0;0;0;0;0;0;1;0;0;0;0
"24/07/2022";"08:25:00";"112";"Acidente s";"178";"BR-116/SP";"Pista Norte";"Choque em objeto na pista";1;0;0;0;0;0;0;0;0;0;1;0;0;0;0
"24/07/2022";"09:37:00";"152";"Acidente c";"157";"BR-116/SP";"Pista Norte";"Colisão traseira";1;0;0;1;0;0;0;0;0;0;1;1;0;0;0
"24/07/2022";"10:36:00";"172";"Acidente s";"184";"BR-116/RJ";"Pista Sul";"Capotamento";1;0;0;0;0;0;0;0;0;0;1;0;0;0;0
"24/07/2022";"11:12:00";"187";"Acidente c";"228,35";"BR-116/SP";"Pista Norte";"Engavetamento";3;0;0;0;0;1;0;0;0;0;12;1;0;0;0
"24/07/2022";"11:16:00";"189";"Acidente c";"228,2";"BR-116/RJ";"Pista Norte";"Queda de moto";0;0;0;1;0;0;0;0;0;0;0;0;0;1;0
"24/07/2022";"11:37:00";"196";"Acidente s";"50,3";"BR-116/SP";"Pista Norte";"Colisão traseira";2;0;0;0;0;0;0;0;0;0;10;0;0;0;0
"24/07/2022";"15:06:00";"291";"Acidente c";"285";"BR-116/RJ";"Pista Norte";"Engavetamento";3;0;0;0;0;0;0;0;0;0;4;2;0;0;0
"24/07/2022";"15:20:00";"304";"Acidente c";"108,9";"BR-116/SP";"Pista Sul";"Colisão traseira";1;0;0;1;0;0;0;0;0;0;1;1;0;0;0
"24/07/2022";"16:55:00";"362";"Acidente c";"76,55";"BR-116/SP";"Pista Sul";"Engavetamento";4;0;0;0;0;0;0;0;0;0;10;1;0;0;0
"24/07/2022";"17:38:00";"385";"Acidente s";"174,5";"BR-116/RJ";"Pista Norte";"Abalroamento longitudinal";1;0;0;1;0;0;0;0;0;0;2;0;0;0;0
"24/07/2022";"19:07:00";"422";"Acidente s";"229,6";"BR-116/SP";"Pista Norte";"Colisão traseira";1;0;0;0;0;1;0;0;0;0;2;0;0;0;0
"24/07/2022";"19:28:00";"437";"Acidente s";"71,5";"BR-116/SP";"Pista Norte";"Colisão frontal";2;0;0;0;0;0;0;0;0;0;3;0;0;0;0
"24/07/2022";"20:16:00";"456";"Acidente c";"214,9";"BR-116/SP";"Pista Sul";"Engavetamento";3;0;0;0;0;1;0;0;0;0;9;1;0;0;0
"24/07/2022";"20:35:00";"462";"Acidente s";"163";"BR-116/RJ";"Pista Sul";"Choque em objeto fixo";1;0;0;0;0;0;0;0;0;0;2;0;0;0;0
"24/07/2022";"20:44:00";"465";"Acidente s";"55";"BR-116/SP";"Pista Norte";"Choque em objeto fixo";1;0;0;0;0;0;0;0;0;0;1;0;0;0;0
"24/07/2022";"20:59:00";"469";"Acidente c";"53,2";"BR-116/SP";"Pista Sul";"Colisão traseira";1;0;0;1;0;0;0;0;0;0;2;1;0;0;0
"25/07/2022";"01:51:00";"29";"Acidente c";"180,8";"BR-116/SP";"Pista Norte";"Choque em barreira New Jersey";1;0;0;0;0;0;0;0;0;0;0;1;0;0;0
"25/07/2022";"06:28:00";"92";"Acidente c";"167";"BR-116/RJ";"Pista Norte";"Queda de moto";0;0;0;1;0;0;0;0;0;0;0;1;0;0;0
"25/07/2022";"07:19:00";"131";"Acidente c";"169,3";"BR-116/RJ";"Pista Norte";"Abalroamento longitudinal";1;0;0;1;0;0;0;0;0;0;1;1;0;0;0
"25/07/2022";"07:29:00";"138";"Acidente s";"146";"BR-116/SP";"Pista Sul";"Colisão traseira";2;0;0;0;0;0;0;0;0;0;2;0;0;0;0
"25/07/2022";"07:56:00";"171";"Acidente s";"135,8";"BR-116/SP";"Pista Sul";"Colisão traseira";1;0;0;0;0;1;0;0;0;0;3;0;0;0;0
"25/07/2022";"08:30:00";"204";"Acidente s";"143";"BR-116/SP";"Pista Sul";"Colisão traseira";1;0;0;0;0;0;0;0;0;0;2;0;0;0;0
"25/07/2022";"10:00:00";"277";"Acidente s";"315,9";"BR-116/RJ";"Pista Norte";"Atropelamento de animal";1;0;0;0;0;0;0;0;0;0;4;0;0;0;0
"25/07/2022";"11:25:00";"333";"Acidente s";"278,5";"BR-116/RJ";"Pista Norte";"Colisão traseira";2;0;0;0;0;0;0;0;0;0;7;0;0;0;0
"25/07/2022";"11:41:00";"340";"Acidente c";"124,15";"BR-116/SP";"Pista Norte";"Colisão traseira";2;0;1;0;0;1;0;0;0;0;7;1;0;0;0
"25/07/2022";"12:40:00";"362";"Acidente c";"210";"BR-116/SP";"Pista Norte";"Abalroamento longitudinal";1;0;0;1;0;0;0;0;0;0;1;1;0;0;0
"25/07/2022";"12:48:00";"364";"Acidente s";"175,8";"BR-116/RJ";"Pista Sul";"Colisão traseira";2;0;0;0;0;0;0;0;0;0;2;0;0;0;0
"25/07/2022";"13:39:00";"404";"Acidente s";"281,5";"BR-116/RJ";"Pista Norte";"Engavetamento";3;0;0;0;0;0;0;0;0;0;3;0;0;0;0
"25/07/2022";"14:05:00";"419";"Acidente s";"311";"BR-116/RJ";"Pista Norte";"Abalroamento longitudinal";1;0;0;0;0;1;0;0;0;0;2;0;0;0;0
"25/07/2022";"16:17:00";"487";"Acidente c";"168,5";"BR-116/RJ";"Pista Sul";"Colisão traseira";1;0;0;1;0;0;0;0;0;0;1;0;1;0;0
"25/07/2022";"17:10:00";"515";"Acidente s";"222,5";"BR-116/RJ";"Pista Sul";"Choque em defensa";0;0;1;0;0;0;0;0;0;0;1;0;0;0;0
"25/07/2022";"17:59:00";"544";"Acidente s";"142";"BR-116/SP";"Pista Norte";"Colisão traseira";2;0;0;0;0;0;0;0;0;0;2;0;0;0;0
"25/07/2022";"18:15:00";"559";"Acidente c";"210,5";"BR-116/SP";"Pista Sul";"Outros";0;0;0;0;0;0;0;0;0;0;0;0;1;0;0
"25/07/2022";"18:24:00";"566";"Acidente s";"318,9";"BR-116/RJ";"Pista Norte";"Atropelamento de animal";1;0;0;0;0;0;0;0;0;0;1;0;0;0;0
"25/07/2022";"19:01:00";"588";"Acidente s";"165,6";"BR-116/RJ";"Pista Sul";"Colisão traseira";2;0;0;0;0;0;0;0;0;0;7;0;0;0;0
"25/07/2022";"19:36:00";"603";"Acidente s";"331";"BR-116/RJ";"Pista Norte";"Choque em objeto na pista";1;0;0;0;0;0;0;0;0;0;2;0;0;0;0
"25/07/2022";"19:49:00";"605";"Acidente s";"137";"BR-116/SP";"Pista Sul";"Engavetamento";3;0;0;0;0;0;0;0;0;0;4;0;0;0;0
"25/07/2022";"20:41:00";"620";"Acidente s";"251,6";"BR-116/RJ";"Pista Norte";"Choque em barreira New Jersey";1;0;0;0;0;0;0;0;0;0;1;0;0;0;0
"26/07/2022";"00:07:00";"14";"Acidente c";"46,6";"BR-116/SP";"Pista Norte";"Colisão traseira";0;0;2;0;0;0;0;0;0;0;1;2;0;0;0
"26/07/2022";"02:00:00";"26";"Acidente s";"145,35";"BR-116/SP";"Pista Norte";"Capotamento";1;0;0;0;0;1;0;0;0;0;2;0;0;0;0
"26/07/2022";"05:20:00";"55";"Acidente c";"175,75";"BR-116/RJ";"Pista Norte";"Engavetamento";3;0;0;0;0;0;0;0;0;0;4;1;0;0;0
"26/07/2022";"06:20:00";"67";"Acidente s";"197";"BR-116/SP";"Pista Norte";"Choque em objeto na pista";1;0;0;0;0;0;0;0;0;0;1;0;0;0;0
"26/07/2022";"08:00:00";"153";"Acidente s";"107,95";"BR-116/SP";"Pista Sul";"Colisão traseira";0;0;2;0;0;0;0;0;0;0;2;0;0;0;0
"26/07/2022";"08:20:00";"173";"Acidente s";"161,5";"BR-116/SP";"Pista Norte";"Colisão traseira";0;0;2;0;0;0;0;0;0;0;2;0;0;0;0
"26/07/2022";"08:40:00";"198";"Acidente s";"108,7";"BR-116/SP";"Pista Sul";"Engavetamento";3;0;0;0;0;2;0;0;0;0;5;0;0;0;0
"26/07/2022";"12:23:00";"355";"Acidente c";"144,7";"BR-116/SP";"Pista Sul";"Colisão traseira";1;0;2;0;0;0;0;0;0;0;2;1;0;0;0
"26/07/2022";"14:11:00";"415";"Acidente s";"165,2";"BR-116/SP";"Pista Sul";"Colisão traseira";0;0;2;0;0;0;0;0;0;0;2;0;0;0;0
"26/07/2022";"15:45:00";"486";"Acidente s";"288";"BR-116/RJ";"Pista Norte";"Abalroamento longitudinal";1;0;1;0;0;0;0;0;0;0;6;0;0;0;0
"26/07/2022";"16:29:00";"513";"Acidente s";"167,7";"BR-116/RJ";"Pista Sul";"Engavetamento";3;0;0;0;0;0;0;0;0;0;3;0;0;0;0
"26/07/2022";"18:32:00";"592";"Acidente c";"173,2";"BR-116/RJ";"Pista Sul";"Abalroamento longitudinal";1;0;0;0;0;1;0;0;0;0;1;1;0;0;0
"26/07/2022";"18:38:00";"599";"Acidente c";"164,65";"BR-116/RJ";"Pista Sul";"Abalroamento longitudinal";0;0;1;1;0;0;0;0;0;0;3;1;0;0;0
"26/07/2022";"18:54:00";"611";"Acidente c";"104,25";"BR-116/SP";"Pista Sul";"Engavetamento";3;0;0;1;0;0;0;0;0;0;3;2;0;0;0
"26/07/2022";"19:04:00";"616";"Acidente s";"146";"BR-116/SP";"Pista Norte";"Colisão traseira";1;0;1;0;0;0;0;0;0;0;2;0;0;0;0
"26/07/2022";"19:23:00";"621";"Acidente s";"35";"BR-116/SP";"Pista Sul";"Choque em objeto na pista";1;0;0;0;0;0;0;0;0;0;2;0;0;0;0
"26/07/2022";"20:10:00";"641";"Acidente s";"207,35";"BR-116/SP";"Pista Norte";"Capotamento";1;0;0;0;0;0;0;0;0;0;1;0;0;0;0
"27/07/2022";"05:10:00";"43";"Acidente c";"55,9";"BR-116/SP";"Pista Sul";"Atropelamento de animal";0;0;0;1;0;0;0;0;0;0;0;0;0;1;0
"27/07/2022";"05:52:00";"58";"Acidente c";"56";"BR-116/SP";"Pista Sul";"Queda de moto";0;0;0;1;0;0;0;0;0;0;0;0;1;0;0
"27/07/2022";"06:09:00";"66";"Acidente s";"56";"BR-116/SP";"Pista Sul";"Atropelamento de animal";0;0;1;0;0;0;0;0;0;0;2;0;0;0;0
"27/07/2022";"07:02:00";"95";"Acidente c";"274,2";"BR-116/RJ";"Pista Norte";"Queda de moto";0;0;0;1;0;0;0;0;0;0;0;1;0;0;0
"27/07/2022";"07:17:00";"104";"Acidente s";"187,5";"BR-116/SP";"Pista Sul";"Choque em defensa";0;0;1;0;0;0;0;0;0;0;1;0;0;0;0
"27/07/2022";"08:02:00";"149";"Acidente s";"124,85";"BR-116/SP";"Pista Sul";"Abalroamento longitudinal";1;0;0;0;0;1;0;0;0;0;2;0;0;0;0
"27/07/2022";"08:16:00";"162";"Acidente c";"211,7";"BR-116/SP";"Pista Sul";"Abalroamento longitudinal";0;0;0;1;0;1;0;0;0;0;1;1;0;0;0
"27/07/2022";"09:47:00";"236";"Acidente s";"16,25";"BR-116/SP";"Pista Sul";"Choque em objeto na pista";1;0;0;0;0;0;0;0;0;0;3;0;0;0;0
"27/07/2022";"10:00:00";"248";"Acidente s";"64";"BR-116/SP";"Pista Sul";"Choque em objeto na pista";1;0;0;0;0;0;0;0;0;0;1;0;0;0;0
"27/07/2022";"11:39:00";"305";"Acidente s";"217,6";"BR-116/RJ";"Pista Norte";"Colisão traseira";0;0;0;0;0;1;0;0;0;1;3;0;0;0;0
"27/07/2022";"17:29:00";"498";"Acidente s";"53,9";"BR-116/SP";"Pista Sul";"Atropelamento de animal";1;0;0;0;0;0;0;0;0;0;1;0;0;0;0