data;horario;n_da_ocorrencia;tipo_de_ocorrencia;km;trecho;sentido;tipo_de_acidente;automovel;bicicleta;caminhao;moto;onibus;outros;tracao_animal;transporte_de_cargas_especiais;trator_maquinas;utilitarios;ilesos;levemente_feridos;moderadamente_feridos;gravemente_feridos;mortos
"04/08/2022";"18:55:00";"609";"Acidente c";"107,9";"BR-116/SP";"Pista Norte";"Colisão traseira";1;0;0;0;0;1;0;0;0;0;1;2;0;0;0
"04/08/2022";"19:25:00";"624";"Acidente s";"198,2";"BR-116/RJ";"Pista Sul";"Colisão traseira";0;0;1;0;0;1;0;0;0;0;3;0;0;0;0
"04/08/2022";"22:54:00";"694";"Acidente c";"86,95";"BR-116/SP";"Pista Sul";"Colisão traseira";1;0;1;0;0;0;0;0;0;0;1;1;0;0;0
"04/08/2022";"23:05:00";"703";"Acidente s";"161,9";"BR-116/SP";"Pista Sul";"Tombamento";0;0;1;0;0;0;0;0;0;0;1;0;0;0;0
"05/08/2022";"02:35:00";"41";"Acidente c";"108,5";"BR-116/SP";"Pista Norte";"Colisão traseira";1;0;1;0;0;0;0;0;0;0;1;1;0;0;0
"05/08/2022";"05:16:00";"59";"Acidente s";"213,2";"BR-116/SP";"Pista Sul";"Choque em objeto na pista";0;0;1;0;0;0;0;0;0;0;1;0;0;0;0
"05/08/2022";"06:55:00";"101";"Acidente s";"306,4";"BR-116/RJ";"Pista Sul";"Abalroamento longitudinal";2;0;0;0;0;0;0;0;0;0;2;0;0;0;0
"05/08/2022";"07:07:00";"111";"Acidente c";"168";"BR-116/RJ";"Pista Sul";"Colisão traseira";0;0;0;1;0;1;0;0;0;0;2;0;1;0;0
"05/08/2022";"07:24:00";"132";"Acidente c";"210,1";"BR-116/SP";"Pista Sul";"Abalroamento longitudinal";1;0;0;1;0;0;0;0;0;0;2;1;0;0;0
"05/08/2022";"07:51:00";"168";"Acidente s";"139,1";"BR-116/SP";"Pista Sul";"Colisão traseira";0;0;0;0;0;1;0;0;0;1;6;0;0;0;0
"05/08/2022";"07:57:00";"173";"Acidente c";"200,9";"BR-116/SP";"Pista Sul";"Queda de moto";0;0;0;1;0;0;0;0;0;0;0;1;0;0;0
"05/08/2022";"08:20:00";"188";"Acidente s";"57,8";"BR-116/SP";"Pista Sul";"Choque em barreira New Jersey";1;0;0;0;0;0;0;0;0;0;1;0;0;0;0
"05/08/2022";"08:36:00";"198";"Atropelame";"168,65";"BR-116/RJ";"Pista Sul";"Atropelamento de pedestre atravessando";0;1;0;0;1;0;0;0;0;0;1;1;0;0;0
"05/08/2022";"08:38:00";"200";"Acidente s";"107,85";"BR-116/SP";"Pista Sul";"Colisão traseira";2;0;0;0;0;0;0;0;0;0;2;0;0;0;0
"05/08/2022";"09:23:00";"250";"Acidente c";"188,95";"BR-116/RJ";"Pista Norte";"Colisão traseira";0;0;1;0;1;0;0;0;0;0;39;2;0;0;0
"05/08/2022";"09:57:00";"279";"Acidente c";"60,5";"BR-116/SP";"Pista Sul";"Colisão traseira";2;0;0;0;0;1;0;0;0;0;1;2;0;0;0
"05/08/2022";"10:01:00";"283";"Acidente c";"230,8";"BR-116/SP";"Pista Sul";"Colisão traseira";0;0;0;2;0;0;0;0;0;0;2;1;0;0;0
"05/08/2022";"17:00:00";"592";"Acidente c";"120";"BR-116/SP";"Pista Norte";"Colisão traseira";1;0;0;1;0;0;0;0;0;0;1;0;1;0;0
"05/08/2022";"17:08:00";"598";"Acidente s";"195,6";"BR-116/RJ";"Pista Norte";"Abalroamento longitudinal";1;0;0;0;1;0;0;0;0;0;3;0;0;0;0
"05/08/2022";"19:06:00";"676";"Acidente s";"227,2";"BR-116/RJ";"Pista Norte";"Choque em objeto fixo";0;0;1;0;0;1;0;0;0;0;2;0;0;0;0
"05/08/2022";"19:20:00";"681";"Acidente s";"219,4";"BR-116/SP";"Pista Norte";"Abalroamento longitudinal";2;0;0;0;0;0;0;0;0;0;4;0;0;0;0
"05/08/2022";"20:05:00";"700";"Acidente s";"116,75";"BR-116/SP";"Pista Norte";"Colisão traseira";0;0;2;0;0;0;0;0;0;0;2;0;0;0;0
"05/08/2022";"21:21:00";"735";"Acidente s";"180";"BR-116/RJ";"Pista Sul";"Colisão traseira";2;0;0;0;0;0;0;0;0;0;2;0;0;0;0
"05/08/2022";"22:32:00";"759";"Atropelame";"128,75";"BR-116/SP";"Pista Norte";"Atropelamento de pedestre caminhando";0;0;0;0;0;1;0;0;0;0;1;0;1;0;0
"05/08/2022";"23:44:00";"783";"Acidente c";"60,2";"BR-116/SP";"Pista Norte";"Queda de moto";0;0;0;1;0;0;0;0;0;0;0;0;1;0;0
"06/08/2022";"00:45:00";"19";"Acidente c";"316,7";"BR-116/RJ";"Pista Sul";"Choque em objeto fixo";1;0;0;0;0;0;0;0;0;0;0;3;1;0;0
"06/08/2022";"03:03:00";"44";"Acidente s";"206,5";"BR-116/SP";"Pista Norte";"Choque em barreira New Jersey";1;0;0;0;0;0;0;0;0;0;1;0;0;0;0
"06/08/2022";"06:26:00";"92";"Acidente s";"179,6";"BR-116/RJ";"Pista Norte";"Abalroamento longitudinal";1;0;0;0;0;1;0;0;0;0;2;0;0;0;0
"06/08/2022";"08:26:00";"163";"Acidente s";"214,5";"BR-116/SP";"Pista Sul";"Choque em barreira New Jersey";1;0;0;0;0;0;0;0;0;0;1;0;0;0;0
"06/08/2022";"09:31:00";"215";"Acidente s";"119,75";"BR-116/SP";"Pista Norte";"Colisão traseira";1;0;0;0;0;1;0;0;0;0;2;0;0;0;0
"06/08/2022";"10:02:00";"246";"Acidente s";"119,75";"BR-116/SP";"Pista Norte";"Colisão traseira";1;0;0;0;0;1;0;0;0;0;4;0;0;0;0
"06/08/2022";"11:45:00";"297";"Acidente c";"139,9";"BR-116/SP";"Pista Sul";"Colisão traseira";1;0;0;1;0;0;0;0;0;0;1;1;1;0;0
"06/08/2022";"11:54:00";"300";"Acidente c";"162";"BR-116/SP";"Pista Sul";"Colisão traseira";1;0;1;0;0;0;0;0;0;0;1;1;0;0;0
"06/08/2022";"14:58:00";"364";"Acidente s";"216,6";"BR-116/SP";"Pista Sul";"Choque em objeto na pista";1;0;0;0;0;0;0;0;0;0;2;0;0;0;0
"06/08/2022";"15:08:00";"370";"Acidente s";"41,7";"BR-116/SP";"Pista Norte";"Choque em objeto na pista";0;0;0;1;0;0;0;0;0;0;1;0;0;0;0
"06/08/2022";"15:13:00";"374";"Acidente s";"41,7";"BR-116/SP";"Pista Norte";"Choque em objeto na pista";1;0;0;0;0;0;0;0;0;0;4;0;0;0;0
"06/08/2022";"18:41:00";"455";"Acidente c";"211,3";"BR-116/SP";"Pista Norte";"Colisão traseira";1;0;0;1;0;0;0;0;0;0;2;2;0;0;0
"06/08/2022";"19:56:00";"479";"Acidente s";"313,1";"BR-116/RJ";"Pista Norte";"Colisão traseira";2;0;0;0;0;0;0;0;0;0;2;0;0;0;0
"06/08/2022";"20:10:00";"482";"Acidente s";"220,45";"BR-116/RJ";"Pista Norte";"Tombamento";0;0;1;0;0;0;0;0;0;0;1;0;0;0;0
"06/08/2022";"20:49:00";"486";"Acidente c";"229,9";"BR-116/SP";"Pista Norte";"Abalroamento longitudinal";2;0;0;0;0;1;0;0;0;0;2;2;1;0;0
"06/08/2022";"21:15:00";"493";"Acidente s";"218,4";"BR-116/SP";"Pista Norte";"Colisão traseira";2;0;0;0;0;0;0;0;0;0;5;0;0;0;0
"06/08/2022";"21:27:00";"499";"Acidente c";"230,7";"BR-116/SP";"Pista Sul";"Abalroamento longitudinal";3;0;0;1;0;0;0;0;0;0;6;0;1;0;0
"06/08/2022";"23:35:00";"517";"Atropelame";"177,6";"BR-116/RJ";"Pista Norte";"Atropelamento de pedestre caminhando";1;0;0;0;0;0;0;0;0;0;1;0;0;0;1
"07/08/2022";"00:52:00";"20";"Acidente c";"223,3";"BR-116/SP";"Pista Sul";"Choque em defensa";1;0;0;0;0;0;0;0;0;0;0;2;0;0;0
"07/08/2022";"01:22:00";"23";"Acidente s";"224,5";"BR-116/SP";"Pista Norte";"Colisão traseira";2;0;0;0;0;0;0;0;0;0;2;0;0;0;0
"07/08/2022";"01:32:00";"25";"Acidente s";"222,546";"BR-116/RJ";"Pista Sul";"Capotamento";1;0;0;0;0;0;0;0;0;0;1;0;0;0;0
"07/08/2022";"01:45:00";"30";"Acidente s";"224,4";"BR-116/SP";"Pista Norte";"Choque em barreira New Jersey";2;0;0;0;0;1;0;0;0;0;7;0;0;0;0
"07/08/2022";"02:29:00";"33";"Acidente s";"170,2";"BR-116/RJ";"Pista Norte";"Engavetamento";3;0;0;0;0;0;0;0;0;0;3;0;0;0;0
"07/08/2022";"03:11:00";"40";"Acidente s";"218,57";"BR-116/SP";"Pista Norte";"Choque em defensa";1;0;0;0;0;0;0;0;0;0;5;0;0;0;0
"07/08/2022";"03:42:00";"45";"Acidente c";"152,9";"BR-116/SP";"Pista Norte";"Choque em defensa";1;0;0;0;0;0;0;0;0;0;1;0;1;0;0
"07/08/2022";"04:26:00";"51";"Acidente s";"220,7";"BR-116/SP";"Pista Sul";"Colisão traseira";2;0;0;0;0;0;0;0;0;0;4;0;0;0;0
"07/08/2022";"05:04:00";"55";"Acidente c";"213,6";"BR-116/SP";"Pista Norte";"Engavetamento";3;0;0;0;0;0;0;0;0;0;7;1;0;0;0
"07/08/2022";"05:14:00";"58";"Acidente c";"228,28";"BR-116/SP";"Pista Sul";"Queda de moto";0;0;0;1;0;0;0;0;0;0;0;1;0;0;1
"07/08/2022";"06:09:00";"67";"Acidente s";"213,6";"BR-116/SP";"Pista Norte";"Colisão traseira";2;0;0;0;0;0;0;0;0;0;3;0;0;0;0
"07/08/2022";"07:51:00";"115";"Acidente s";"194,4";"BR-116/RJ";"Pista Sul";"Choque em defensa";1;0;0;0;0;0;0;0;0;0;1;0;0;0;0
"07/08/2022";"08:16:00";"127";"Acidente c";"173,5";"BR-116/RJ";"Pista Sul";"Queda de moto";0;0;0;1;0;0;0;0;0;0;0;0;1;0;0
"07/08/2022";"14:55:00";"308";"Acidente s";"101,8";"BR-116/SP";"Pista Sul";"Colisão traseira";2;0;0;0;0;0;0;0;0;0;9;0;0;0;0
"07/08/2022";"16:09:00";"343";"Acidente s";"103,3";"BR-116/SP";"Pista Sul";"Engavetamento";3;0;0;0;0;0;0;0;0;0;18;0;0;0;0
"07/08/2022";"16:55:00";"362";"Acidente s";"102";"BR-116/SP";"Pista Sul";"Colisão traseira";1;0;0;0;0;1;0;0;0;0;5;0;0;0;0
"07/08/2022";"18:20:00";"405";"Acidente s";"318";"BR-116/RJ";"Pista Norte";"Colisão traseira";1;0;1;0;0;0;0;0;0;0;3;0;0;0;0
"07/08/2022";"18:58:00";"418";"Acidente s";"136,4";"BR-116/SP";"Pista Sul";"Colisão traseira";3;0;0;0;0;0;0;0;0;0;6;0;0;0;0
"07/08/2022";"19:08:00";"423";"Acidente s";"61,8";"BR-116/SP";"Pista Sul";"Choque em objeto na pista";1;0;0;0;0;0;0;0;0;0;2;0;0;0;0
"07/08/2022";"19:16:00";"425";"Acidente s";"229,6";"BR-116/SP";"Pista Sul";"Abalroamento longitudinal";1;0;1;0;0;0;0;0;0;0;5;0;0;0;0
"07/08/2022";"19:56:00";"436";"Acidente s";"207,97";"BR-116/SP";"Pista Sul";"Engavetamento";3;0;0;0;0;0;0;0;0;0;4;0;0;0;0
"07/08/2022";"20:00:00";"440";"Acidente s";"269,93";"BR-116/RJ";"Pista Norte";"Choque em barreira New Jersey";1;0;0;0;0;0;0;0;0;0;3;0;0;0;0
"07/08/2022";"21:00:00";"460";"Acidente s";"231";"BR-116/SP";"Pista Sul";"Colisão traseira";1;0;1;0;0;0;0;0;0;0;3;0;0;0;0
"07/08/2022";"23:31:00";"497";"Acidente c";"164,1";"BR-116/RJ";"Pista Sul";"Colisão traseira";2;0;0;0;0;0;0;0;0;0;1;1;0;0;0
"08/08/2022";"00:52:00";"21";"Acidente s";"133,4";"BR-116/SP";"Pista Sul";"Colisão traseira";2;0;0;0;0;0;0;0;0;0;2;0;0;0;0
"08/08/2022";"03:58:00";"44";"Acidente s";"139";"BR-116/SP";"Pista Norte";"Choque em defensa";1;0;0;0;0;0;0;0;0;0;5;0;0;0;0
"08/08/2022";"04:51:00";"49";"Acidente c";"118,6";"BR-116/SP";"Pista Norte";"Queda de moto";0;0;0;1;0;0;0;0;0;0;0;0;0;1;0
"08/08/2022";"05:36:00";"55";"Acidente s";"172";"BR-116/RJ";"Pista Sul";"Choque em barreira New Jersey";1;0;0;0;0;0;0;0;0;0;1;0;0;0;0
"08/08/2022";"06:16:00";"64";"Acidente c";"223";"BR-116/RJ";"Pista Sul";"Colisão traseira";1;0;0;0;0;1;0;0;0;0;1;0;0;1;0
"08/08/2022";"06:26:00";"68";"Acidente s";"206,6";"BR-116/SP";"Pista Sul";"Engavetamento";4;0;0;0;0;0;0;0;0;0;9;0;0;0;0
"08/08/2022";"06:53:00";"75";"Acidente s";"26,3";"BR-116/SP";"Pista Sul";"Outros";1;0;0;0;0;0;0;0;0;0;4;0;0;0;0
"08/08/2022";"07:39:00";"124";"Acidente c";"45,9";"BR-116/SP";"Pista Norte";"Choque em objeto fixo";0;0;1;0;0;0;0;0;0;0;0;1;1;0;0
"08/08/2022";"09:06:00";"185";"Acidente s";"61,4";"BR-116/SP";"Pista Sul";"Colisão traseira";2;0;0;0;0;0;0;0;0;0;3;0;0;0;0
"08/08/2022";"09:24:00";"198";"Acidente s";"37,6";"BR-116/SP";"Pista Norte";"Choque em barreira New Jersey";1;0;0;0;0;0;0;0;0;0;1;0;0;0;0
"08/08/2022";"09:28:00";"201";"Acidente s";"293,4";"BR-116/RJ";"Pista Norte";"Choque em objeto fixo";1;0;0;0;0;0;0;0;0;0;1;0;0;0;0
"08/08/2022";"10:33:00";"241";"Acidente s";"26,4";"BR-116/SP";"Pista Sul";"Choque em barreira New Jersey";1;0;0;0;0;0;0;0;0;0;2;0;0;0;0
"08/08/2022";"10:55:00";"260";"Acidente s";"328,3";"BR-116/RJ";"Pista Norte";"Choque em barreira New Jersey";1;0;0;0;0;0;0;0;0;0;1;0;0;0;0
"08/08/2022";"11:14:00";"273";"Acidente s";"239,6";"BR-116/RJ";"Pista Norte";"Colisão traseira";1;0;0;0;0;1;0;0;0;0;2;0;0;0;0
"08/08/2022";"11:23:00";"279";"Acidente s";"249";"BR-116/RJ";"Pista Norte";"Colisão traseira";0;0;1;0;0;0;0;0;0;1;2;0;0;0;0
"08/08/2022";"12:44:00";"317";"Acidente c";"125,55";"BR-116/SP";"Pista Sul";"Queda de moto";0;0;0;1;0;0;0;0;0;0;0;1;1;0;0
"08/08/2022";"16:47:00";"441";"Acidente c";"174,3";"BR-116/RJ";"Pista Sul";"Colisão traseira";1;0;0;1;0;0;0;0;0;0;1;1;0;0;0
"08/08/2022";"17:54:00";"471";"Acidente c";"161,6";"BR-116/SP";"Pista Sul";"Queda de moto";0;0;0;1;0;0;0;0;0;0;0;1;0;0;0
"08/08/2022";"17:56:00";"472";"Acidente s";"209,6";"BR-116/SP";"Pista Norte";"Engavetamento";2;0;0;0;0;2;0;0;0;0;4;0;0;0;0
"08/08/2022";"19:44:00";"519";"Acidente c";"226,55";"BR-116/SP";"Pista Norte";"Colisão traseira";1;0;0;1;0;0;0;0;0;0;2;2;0;0;0
"08/08/2022";"19:55:00";"522";"Acidente s";"304";"BR-116/RJ";"Pista Norte";"Atropelamento de animal";1;0;0;0;0;0;0;0;0;0;3;0;0;0;0
"08/08/2022";"21:14:00";"544";"Acidente c";"215,5";"BR-116/SP";"Pista Sul";"Choque em objeto fixo";1;0;0;0;0;0;0;0;0;0;0;1;0;0;0
"09/08/2022";"06:07:00";"77";"Acidente c";"167";"BR-116/RJ";"Pista Norte";"Queda de moto";0;0;0;1;0;0;0;0;0;0;0;1;0;0;0
"09/08/2022";"07:53:00";"185";"Acidente c";"169,2";"BR-116/RJ";"Pista Norte";"Colisão traseira";1;0;0;1;0;0;0;0;0;0;1;0;1;0;0
"09/08/2022";"08:08:00";"202";"Acidente s";"300,5";"BR-116/RJ";"Pista Sul";"Outros";1;0;0;0;0;1;0;0;0;0;2;0;0;0;0
"09/08/2022";"09:22:00";"282";"Acidente s";"154,5";"BR-116/SP";"Pista Sul";"Abalroamento longitudinal";1;0;1;0;0;0;0;0;0;0;2;0;0;0;0
"09/08/2022";"11:06:00";"359";"Acidente s";"220,6";"BR-116/SP";"Pista Norte";"Engavetamento";2;0;1;0;0;1;0;0;0;0;5;0;0;0;0
"09/08/2022";"11:11:00";"362";"Acidente s";"267,2";"BR-116/RJ";"Pista Sul";"Abalroamento longitudinal";1;0;1;0;0;0;0;0;0;0;4;0;0;0;0
"09/08/2022";"11:48:00";"386";"Acidente c";"167";"BR-116/RJ";"Pista Sul";"Colisão traseira";1;0;0;1;0;0;0;0;0;0;2;1;1;0;0
"09/08/2022";"12:18:00";"403";"Acidente c";"229,1";"BR-116/SP";"Pista Sul";"Abalroamento longitudinal";1;0;0;1;0;0;0;0;0;0;1;1;0;0;0
"09/08/2022";"12:27:00";"405";"Acidente s";"86,31";"BR-116/SP";"Pista Sul";"Abalroamento longitudinal";1;0;1;0;0;0;0;0;0;0;3;0;0;0;0
"09/08/2022";"14:47:00";"472";"Acidente c";"318,9";"BR-116/RJ";"Pista Sul";"Queda de moto";0;0;0;1;0;0;0;0;0;0;0;2;0;0;0
"09/08/2022";"16:44:00";"549";"Acidente s";"141";"BR-116/SP";"Pista Norte";"Colisão traseira";0;0;1;0;0;1;0;0;0;0;2;0;0;0;0
"09/08/2022";"16:55:00";"553";"Acidente s";"180,75";"BR-116/RJ";"Pista Norte";"Choque em defensa";0;0;1;0;0;0;0;0;0;0;1;0;0;0;0
"09/08/2022";"18:18:00";"603";"Atropelame";"219,5";"BR-116/RJ";"Pista Norte";"Atropelamento de pedestre atravessando";0;0;0;1;0;0;0;0;0;0;0;2;0;0;0
"09/08/2022";"18:20:00";"605";"Acidente s";"294,62";"BR-116/RJ";"Pista Sul";"Choque em objeto na pista";1;0;0;0;0;0;0;0;0;0;1;0;0;0;0
"09/08/2022";"18:23:00";"607";"Acidente c";"331,6";"BR-116/RJ";"Pista Sul";"Queda de moto";0;0;0;1;0;1;0;0;0;0;1;0;1;0;0
"09/08/2022";"19:48:00";"637";"Acidente c";"229,6";"BR-116/SP";"Pista Norte";"Abalroamento longitudinal";0;0;1;1;0;0;0;0;0;0;1;0;1;0;0
"09/08/2022";"21:45:00";"665";"Acidente c";"64";"BR-116/SP";"Pista Sul";"Abalroamento longitudinal";1;0;0;1;0;0;0;0;0;0;1;0;2;0;0
"09/08/2022";"21:49:00";"669";"Acidente s";"160,9";"BR-116/SP";"Pista Norte";"Abalroamento longitudinal";1;0;1;0;0;0;0;0;0;0;3;0;0;0;0
"09/08/2022";"23:35:00";"697";"Acidente s";"146,6";"BR-116/SP";"Pista Norte";"Colisão traseira";1;0;1;0;0;0;0;0;0;0;2;0;0;0;0
"10/08/2022";"00:28:00";"19";"Acidente s";"112";"BR-116/SP";"Pista Norte";"Choque em objeto fixo";1;0;0;0;0;0;0;0;0;0;1;0;0;0;0
"10/08/2022";"01:00:00";"21";"Acidente s";"226";"BR-116/SP";"Pista Sul";"Choque em barreira New Jersey";1;0;0;0;0;0;0;0;0;0;2;0;0;0;0
"10/08/2022";"01:57:00";"30";"Acidente s";"196,45";"BR-116/SP";"Pista Norte";"Choque em barreira New Jersey";1;0;0;0;0;0;0;0;0;0;1;0;0;0;0
"10/08/2022";"06:48:00";"94";"Acidente s";"52,5";"BR-116/SP";"Pista Norte";"Abalroamento longitudinal";0;0;2;0;0;0;0;0;0;0;3;0;0;0;0
"10/08/2022";"07:03:00";"107";"Acidente c";"226,5";"BR-116/SP";"Pista Sul";"Abalroamento longitudinal";1;0;0;1;0;0;0;0;0;0;1;1;0;0;0
"10/08/2022";"07:53:00";"167";"Acidente s";"251,6";"BR-116/RJ";"Pista Sul";"Choque em objeto fixo";1;0;0;0;0;0;0;0;0;0;1;0;0;0;0
"10/08/2022";"08:07:00";"179";"Acidente c";"209,7";"BR-116/SP";"Pista Sul";"Engavetamento";1;0;1;1;0;0;0;0;0;0;2;1;0;0;0
"10/08/2022";"08:07:00";"177";"Acidente s";"27";"BR-116/SP";"Pista Sul";"Abalroamento longitudinal";2;0;0;0;0;0;0;0;0;0;6;0;0;0;0
"10/08/2022";"08:29:00";"196";"Acidente s";"27";"BR-116/SP";"Pista Sul";"Choque em objeto fixo";1;0;0;0;0;0;0;0;0;0;1;0;0;0;0
"10/08/2022";"09:01:00";"233";"Acidente s";"159,3";"BR-116/SP";"Pista Norte";"Engavetamento";3;0;0;0;0;0;0;0;0;0;4;0;0;0;0
"10/08/2022";"09:04:00";"242";"Acidente c";"221";"BR-116/SP";"Pista Sul";"Queda de moto";0;0;0;1;0;0;0;0;0;0;0;1;0;0;0
"10/08/2022";"09:33:00";"265";"Acidente s";"224,6";"BR-116/RJ";"Pista Norte";"Colisão traseira";0;0;2;0;0;0;0;0;0;0;2;0;0;0;0
"10/08/2022";"10:07:00";"280";"Acidente s";"229,9";"BR-116/SP";"Pista Sul";"Outros";0;0;0;1;0;0;0;0;0;0;1;0;0;0;0
"10/08/2022";"11:53:00";"350";"Acidente c";"128";"BR-116/SP";"Pista Norte";"Colisão traseira";1;0;0;1;0;0;0;0;0;0;1;1;0;0;0
"10/08/2022";"12:13:00";"366";"Acidente s";"188,5";"BR-116/RJ";"Pista Sul";"Colisão traseira";1;0;1;0;0;0;0;0;0;0;2;0;0;0;0
"10/08/2022";"12:42:00";"378";"Acidente s";"209,7";"BR-116/SP";"Pista Sul";"Engavetamento";1;0;0;0;0;2;0;0;0;0;5;0;0;0;0
"10/08/2022";"15:09:00";"455";"Acidente s";"221";"BR-116/SP";"Pista Sul";"Choque em objeto na pista";1;0;0;0;0;0;0;0;0;0;1;0;0;0;0
"10/08/2022";"18:10:00";"581";"Acidente s";"216,3";"BR-116/RJ";"Pista Norte";"Colisão traseira";0;0;2;0;0;0;0;0;0;0;2;0;0;0;0
"10/08/2022";"18:34:00";"603";"Acidente s";"111,1";"BR-116/SP";"Pista Sul";"Abalroamento longitudinal";5;0;0;0;0;0;0;0;0;0;6;0;0;0;0
"10/08/2022";"18:37:00";"607";"Acidente c";"219";"BR-116/SP";"Pista Norte";"Colisão traseira";1;0;0;1;0;0;0;0;0;0;2;2;0;0;0
"10/08/2022";"21:31:00";"680";"Acidente c";"251";"BR-116/RJ";"Pista Norte";"Colisão traseira";1;0;0;1;0;0;0;0;0;1;3;1;0;0;0
"11/08/2022";"01:18:00";"21";"Acidente s";"203";"BR-116/SP";"Pista Sul";"Colisão traseira";1;0;0;0;0;1;0;0;0;0;2;0;0;0;0
"11/08/2022";"02:20:00";"33";"Acidente c";"189,6";"BR-116/RJ";"Pista Norte";"Colisão traseira";0;0;0;0;0;1;0;0;0;1;1;1;0;0;0
"11/08/2022";"05:17:00";"58";"Acidente s";"170,1";"BR-116/RJ";"Pista Norte";"Colisão traseira";1;0;0;0;0;1;0;0;0;0;2;0;0;0;0
"11/08/2022";"07:41:00";"162";"Atropelame";"208";"BR-116/RJ";"Pista Sul";"Atropelamento de pedestre atravessando";1;0;0;0;0;0;0;0;0;0;0;1;0;1;0
"11/08/2022";"09:27:00";"281";"Acidente s";"210,95";"BR-116/SP";"Pista Sul";"Engavetamento";1;0;0;0;0;2;0;0;0;0;3;0;0;0;0
"11/08/2022";"10:29:00";"321";"Acidente s";"227,2";"BR-116/RJ";"Pista Sul";"Colisão traseira";1;0;1;0;0;0;0;0;0;0;2;0;0;0;0
"11/08/2022";"10:39:00";"329";"Acidente s";"229,7";"BR-116/SP";"Pista Sul";"Engavetamento";1;0;2;0;0;0;0;0;0;0;3;0;0;0;0
"11/08/2022";"11:06:00";"340";"Acidente s";"210,5";"BR-116/SP";"Pista Sul";"Queda de moto";0;0;0;1;0;0;0;0;0;0;1;0;0;0;0
"11/08/2022";"11:11:00";"346";"Acidente c";"221,5";"BR-116/SP";"Pista Sul";"Colisão traseira";0;0;1;1;0;0;0;0;0;0;2;0;1;0;0
"11/08/2022";"11:34:00";"362";"Acidente s";"204,5";"BR-116/SP";"Pista Sul";"Colisão traseira";0;0;2;0;0;0;0;0;0;0;2;0;0;0;0
"11/08/2022";"11:47:00";"377";"Acidente s";"332,71";"BR-116/RJ";"Pista Sul";"Capotamento";1;0;0;0;0;0;0;0;0;0;1;0;0;0;0
"11/08/2022";"13:01:00";"424";"Acidente c";"227,2";"BR-116/RJ";"Pista Norte";"Tombamento";0;0;1;0;0;0;0;0;0;0;0;0;1;0;0
"11/08/2022";"13:57:00";"452";"Acidente s";"212,15";"BR-116/SP";"Pista Sul";"Colisão traseira";2;0;0;0;0;0;0;0;0;0;3;0;0;0;0
"11/08/2022";"15:11:00";"494";"Acidente s";"131,3";"BR-116/SP";"Pista Sul";"Colisão traseira";1;0;1;0;0;0;0;0;0;0;2;0;0;0;0
"11/08/2022";"16:18:00";"542";"Acidente s";"230,1";"BR-116/RJ";"Pista Sul";"Colisão traseira";0;0;1;0;1;0;0;0;0;0;25;0;0;0;0
"11/08/2022";"17:28:00";"585";"Acidente c";"113,2";"BR-116/SP";"Pista Sul";"Queda de moto";0;0;0;1;0;0;0;0;0;0;1;1;0;0;0
"11/08/2022";"18:32:00";"625";"Acidente c";"181,4";"BR-116/RJ";"Pista Norte";"Abalroamento longitudinal";1;0;0;1;0;0;0;0;0;0;2;1;0;0;0
"11/08/2022";"18:37:00";"628";"Acidente s";"141";"BR-116/SP";"Pista Sul";"Colisão traseira";1;0;0;0;0;1;0;0;0;0;6;0;0;0;0
"11/08/2022";"19:09:00";"643";"Acidente s";"185,6";"BR-116/RJ";"Pista Norte";"Colisão traseira";2;0;0;0;0;0;0;0;0;0;2;0;0;0;0
"11/08/2022";"19:47:00";"652";"Acidente c";"174,8";"BR-116/RJ";"Pista Sul";"Queda de moto";0;0;0;1;0;0;0;0;0;0;0;1;0;0;0
"11/08/2022";"21:45:00";"685";"Acidente s";"112,6";"BR-116/SP";"Pista Norte";"Abalroamento longitudinal";1;0;1;0;0;0;0;0;0;0;2;0;0;0;0
"12/08/2022";"02:25:00";"43";"Atropelame";"116,95";"BR-116/SP";"Pista Norte";"Atropelamento de pedestre atravessando";0;0;0;0;0;1;0;0;0;0;1;0;0;0;1
"12/08/2022";"06:31:00";"97";"Acidente c";"222,7";"BR-116/SP";"Pista Sul";"Colisão traseira";0;0;0;1;0;1;0;0;0;0;1;1;0;0;0
"12/08/2022";"08:09:00";"209";"Acidente c";"227,3";"BR-116/SP";"Pista Sul";"Abalroamento longitudinal";0;0;0;2;0;0;0;0;0;0;0;2;0;0;0
"12/08/2022";"10:34:00";"342";"Acidente s";"218,6";"BR-116/SP";"Pista Norte";"Choque em barreira New Jersey";1;0;0;0;0;0;0;0;0;0;2;0;0;0;0
"12/08/2022";"10:41:00";"348";"Acidente c";"229";"BR-116/SP";"Pista Norte";"Colisão traseira";4;0;0;0;0;2;0;0;0;0;7;1;0;0;0
"12/08/2022";"11:23:00";"381";"Acidente c";"176";"BR-116/RJ";"Pista Sul";"Colisão traseira";1;0;0;1;0;0;0;0;0;0;1;1;0;0;0
"12/08/2022";"11:31:00";"387";"Acidente s";"45";"BR-116/SP";"Pista Sul";"Choque em barreira New Jersey";0;0;1;0;0;0;0;0;0;0;1;0;0;0;0
"12/08/2022";"11:41:00";"391";"Acidente c";"238,1";"BR-116/RJ";"Pista Norte";"Choque em barreira New Jersey";1;0;0;0;0;0;0;0;0;0;4;1;0;0;0
"12/08/2022";"11:50:00";"393";"Acidente c";"229";"BR-116/SP";"Pista Sul";"Queda de moto";0;0;0;1;0;0;0;0;0;0;0;1;0;0;0
"12/08/2022";"14:28:00";"471";"Acidente s";"179";"BR-116/RJ";"Pista Norte";"Colisão traseira";0;0;2;0;0;0;0;0;0;0;2;0;0;0;0
"12/08/2022";"15:19:00";"504";"Acidente c";"146,5";"BR-116/SP";"Pista Sul";"Colisão traseira";1;0;0;1;0;0;0;0;0;0;1;1;0;0;0