data;horario;n_da_ocorrencia;tipo_de_ocorrencia;km;trecho;sentido;tipo_de_acidente;automovel;bicicleta;caminhao;moto;onibus;outros;tracao_animal;transporte_de_cargas_especiais;trator_maquinas;utilitarios;ilesos;levemente_feridos;moderadamente_feridos;gravemente_feridos;mortos
"20/08/2022";"19:56:00";"422";"Acidente c";"208,5";"BR-116/SP";"Pista Sul";"Engavetamento";1;0;0;0;3;0;0;0;0;0;146;0;0;1;0
"20/08/2022";"20:24:00";"431";"Acidente s";"227,8";"BR-116/SP";"Pista Norte";"Colisão traseira";1;0;0;0;0;1;0;0;0;0;2;0;0;0;0
"20/08/2022";"22:20:00";"457";"Acidente c";"180,6";"BR-116/RJ";"Pista Norte";"Colisão traseira";1;0;0;1;0;0;0;0;0;0;2;1;0;0;0
"20/08/2022";"23:15:00";"470";"Acidente s";"191";"BR-116/SP";"Pista Sul";"Choque em objeto na pista";0;0;1;0;0;0;0;0;0;0;1;0;0;0;0
"20/08/2022";"23:51:00";"477";"Acidente s";"275,9";"BR-116/RJ";"Pista Sul";"Colisão frontal";1;0;0;1;0;0;0;0;0;0;2;0;0;0;0
"21/08/2022";"00:23:00";"17";"Acidente s";"157,4";"BR-116/SP";"Pista Sul";"Capotamento";1;0;0;0;0;0;0;0;0;0;1;0;0;0;0
"21/08/2022";"02:48:00";"35";"Acidente c";"163";"BR-116/RJ";"Pista Sul";"Queda de moto";0;0;0;1;0;0;0;0;0;0;0;2;0;0;0
"21/08/2022";"04:13:00";"46";"Atropelame";"228";"BR-116/SP";"Pista Norte";"Atropelamento de pedestre caminhando";0;0;0;0;0;1;0;0;0;0;1;0;0;0;1
"21/08/2022";"04:34:00";"48";"Acidente s";"42,25";"BR-116/SP";"Pista Norte";"Queda de ribanceira";1;0;0;0;0;0;0;0;0;0;1;0;0;0;0
"21/08/2022";"04:40:00";"49";"Acidente s";"188";"BR-116/RJ";"Pista Sul";"Capotamento";1;0;0;0;0;0;0;0;0;0;1;0;0;0;0
"21/08/2022";"06:27:00";"73";"Acidente s";"218,1";"BR-116/SP";"Pista Norte";"Choque em barreira New Jersey";1;0;0;0;0;0;0;0;0;0;1;0;0;0;0
"21/08/2022";"08:11:00";"123";"Acidente s";"37,65";"BR-116/SP";"Pista Norte";"Atropelamento de animal";1;0;0;0;0;0;0;0;0;0;1;0;0;0;0
"21/08/2022";"08:26:00";"135";"Acidente c";"218,5";"BR-116/SP";"Pista Sul";"Queda de moto";0;0;0;1;0;0;0;0;0;0;0;2;0;0;0
"21/08/2022";"09:21:00";"174";"Acidente s";"229,9";"BR-116/SP";"Pista Sul";"Colisão traseira";1;0;0;0;0;1;0;0;0;0;2;0;0;0;0
"21/08/2022";"09:32:00";"177";"Acidente s";"204,3";"BR-116/RJ";"Pista Sul";"Choque em defensa";1;0;0;0;0;0;0;0;0;0;5;0;0;0;0
"21/08/2022";"11:16:00";"220";"Acidente s";"101,5";"BR-116/SP";"Pista Sul";"Atropelamento de animal";1;0;0;0;0;0;0;0;0;0;2;0;0;0;0
"21/08/2022";"12:40:00";"246";"Acidente s";"212,5";"BR-116/SP";"Pista Norte";"Engavetamento";2;0;1;0;0;0;0;0;0;0;4;0;0;0;0
"21/08/2022";"16:23:00";"327";"Acidente s";"108,2";"BR-116/SP";"Pista Sul";"Colisão traseira";0;0;0;0;2;0;0;0;0;0;92;0;0;0;0
"21/08/2022";"17:16:00";"346";"Acidente s";"86,95";"BR-116/SP";"Pista Sul";"Choque em veículo parado na pista";2;0;0;0;0;0;0;0;0;0;3;0;0;0;0
"21/08/2022";"18:39:00";"390";"Acidente s";"137,3";"BR-116/SP";"Pista Sul";"Colisão traseira";2;0;0;0;0;0;0;0;0;0;6;0;0;0;0
"21/08/2022";"20:04:00";"428";"Acidente s";"134,8";"BR-116/SP";"Pista Sul";"Engavetamento";3;0;0;0;0;0;0;0;0;0;6;0;0;0;0
"21/08/2022";"20:08:00";"430";"Atropelame";"190";"BR-116/RJ";"Pista Sul";"Atropelamento de pedestre atravessando";0;0;0;0;0;1;0;0;0;0;1;1;0;0;0
"21/08/2022";"21:22:00";"445";"Acidente s";"15,4";"BR-116/SP";"Pista Sul";"Atropelamento de animal";1;0;0;0;0;0;0;0;0;0;1;0;0;0;0
"21/08/2022";"21:50:00";"453";"Acidente s";"58,5";"BR-116/SP";"Pista Sul";"Colisão traseira";2;0;0;0;0;0;0;0;0;0;7;0;0;0;0
"21/08/2022";"22:13:00";"462";"Acidente s";"238";"BR-116/RJ";"Pista Norte";"Atropelamento de animal";0;0;1;0;0;0;0;0;0;0;1;0;0;0;0
"21/08/2022";"22:24:00";"467";"Acidente c";"22";"BR-116/SP";"Pista Norte";"Colisão traseira";2;0;0;0;0;0;0;0;0;0;3;1;0;0;0
"21/08/2022";"22:43:00";"474";"Acidente s";"200,9";"BR-116/SP";"Pista Sul";"Capotamento";1;0;0;0;0;0;0;0;0;0;1;0;0;0;0
"21/08/2022";"23:02:00";"479";"Acidente s";"172,2";"BR-116/RJ";"Pista Norte";"Atropelamento de animal";1;0;0;0;0;0;0;0;0;0;1;0;0;0;0
"21/08/2022";"23:17:00";"484";"Acidente c";"184";"BR-116/RJ";"Pista Norte";"Colisão traseira";2;0;0;0;0;0;0;0;0;0;1;2;0;1;0
"21/08/2022";"23:30:00";"494";"Acidente c";"216,25";"BR-116/SP";"Pista Norte";"Capotamento";1;0;0;0;0;0;0;0;0;0;0;0;0;4;0
"21/08/2022";"23:50:00";"498";"Acidente s";"124,8";"BR-116/SP";"Pista Sul";"Colisão traseira";2;0;0;0;0;0;0;0;0;0;4;0;0;0;0
"22/08/2022";"01:05:00";"19";"Acidente c";"214";"BR-116/SP";"Pista Sul";"Colisão traseira";1;0;0;1;0;0;0;0;0;0;4;0;0;1;0
"22/08/2022";"05:38:00";"57";"Acidente s";"214,2";"BR-116/SP";"Pista Sul";"Colisão traseira";1;0;0;0;0;1;0;0;0;0;2;0;0;0;0
"22/08/2022";"06:01:00";"67";"Acidente s";"210,8";"BR-116/SP";"Pista Sul";"Engavetamento";2;0;0;0;0;0;0;0;0;2;4;0;0;0;0
"22/08/2022";"06:01:00";"66";"Acidente s";"211";"BR-116/SP";"Pista Sul";"Engavetamento";3;0;0;0;0;0;0;0;0;0;5;0;0;0;0
"22/08/2022";"06:19:00";"75";"Acidente s";"78,78";"BR-116/SP";"Pista Sul";"Abalroamento longitudinal";2;0;0;0;0;0;0;0;0;0;5;0;0;0;0
"22/08/2022";"06:42:00";"81";"Acidente c";"223,3";"BR-116/SP";"Pista Sul";"Abalroamento longitudinal";1;0;0;1;0;0;0;0;0;0;1;1;0;0;0
"22/08/2022";"07:41:00";"152";"Acidente c";"219";"BR-116/SP";"Pista Sul";"Abalroamento longitudinal";0;0;0;1;0;1;0;0;0;0;2;1;0;0;0
"22/08/2022";"08:05:00";"172";"Acidente s";"227,5";"BR-116/SP";"Pista Norte";"Choque em defensa";1;0;0;0;0;0;0;0;0;0;1;0;0;0;0
"22/08/2022";"08:32:00";"210";"Acidente s";"156,2";"BR-116/SP";"Pista Norte";"Colisão traseira";1;0;0;0;0;0;0;0;0;1;2;0;0;0;0
"22/08/2022";"09:09:00";"244";"Acidente s";"174,6";"BR-116/RJ";"Pista Norte";"Choque em barreira New Jersey";1;0;0;0;0;0;0;0;0;0;1;0;0;0;0
"22/08/2022";"09:20:00";"251";"Acidente s";"174,6";"BR-116/RJ";"Pista Norte";"Colisão traseira";1;0;0;0;0;1;0;0;0;0;2;0;0;0;0
"22/08/2022";"09:52:00";"273";"Acidente c";"214,4";"BR-116/SP";"Pista Norte";"Colisão traseira";1;0;0;0;0;1;0;0;0;0;1;1;0;0;0
"22/08/2022";"11:37:00";"323";"Acidente s";"224";"BR-116/RJ";"Pista Norte";"Choque em objeto fixo";0;0;1;0;0;0;0;0;0;0;1;0;0;0;0
"22/08/2022";"15:10:00";"417";"Acidente s";"78";"BR-116/SP";"Pista Sul";"Choque em barreira New Jersey";1;0;0;0;0;0;0;0;0;0;2;0;0;0;0
"22/08/2022";"15:22:00";"427";"Acidente s";"299";"BR-116/RJ";"Pista Norte";"Engavetamento";2;0;1;0;0;0;0;0;0;0;3;0;0;0;0
"22/08/2022";"16:41:00";"472";"Acidente c";"212";"BR-116/RJ";"Pista Norte";"Queda de ribanceira";1;0;0;0;0;0;0;0;0;0;0;1;0;0;0
"22/08/2022";"17:16:00";"491";"Acidente s";"201";"BR-116/SP";"Pista Norte";"Choque em barreira New Jersey";1;0;0;0;0;0;0;0;0;0;1;0;0;0;0
"22/08/2022";"18:06:00";"526";"Acidente c";"218";"BR-116/SP";"Pista Sul";"Colisão traseira";1;0;0;1;0;0;0;0;0;0;1;0;1;0;0
"22/08/2022";"18:34:00";"549";"Acidente s";"222";"BR-116/RJ";"Pista Norte";"Choque em objeto fixo";1;0;0;0;0;0;0;0;0;0;1;0;0;0;0
"22/08/2022";"19:09:00";"565";"Acidente s";"316,55";"BR-116/RJ";"Pista Sul";"Choque em objeto na pista";1;0;0;0;0;0;0;0;0;0;1;0;0;0;0
"22/08/2022";"19:37:00";"578";"Acidente c";"166,3";"BR-116/RJ";"Pista Norte";"Colisão traseira";2;0;0;0;0;0;0;0;0;0;0;2;0;0;0
"22/08/2022";"20:36:00";"598";"Acidente s";"219,4";"BR-116/SP";"Pista Norte";"Colisão traseira";2;0;0;0;0;0;0;0;0;0;3;0;0;0;0
"22/08/2022";"20:58:00";"606";"Acidente s";"42";"BR-116/SP";"Pista Norte";"Colisão traseira";0;0;2;0;0;0;0;0;0;0;2;0;0;0;0
"22/08/2022";"23:32:00";"656";"Acidente s";"201,9";"BR-116/RJ";"Pista Norte";"Atropelamento de animal";1;0;0;0;0;0;0;0;0;0;1;0;0;0;0
"23/08/2022";"01:09:00";"21";"Acidente c";"221,2";"BR-116/RJ";"Pista Norte";"Capotamento";1;0;0;0;0;0;0;0;0;0;0;1;0;0;0
"23/08/2022";"04:44:00";"50";"Acidente s";"221,7";"BR-116/RJ";"Pista Norte";"Colisão traseira";0;0;1;0;0;1;0;0;0;0;2;0;0;0;0
"23/08/2022";"05:04:00";"54";"Acidente c";"117,2";"BR-116/SP";"Pista Sul";"Colisão traseira";0;0;1;0;1;0;0;0;0;0;43;3;0;0;0
"23/08/2022";"07:16:00";"135";"Acidente c";"182,8";"BR-116/RJ";"Pista Norte";"Queda de moto";0;0;0;1;0;0;0;0;0;0;0;1;0;0;0
"23/08/2022";"07:32:00";"157";"Acidente c";"35,3";"BR-116/SP";"Pista Norte";"Capotamento";1;0;0;0;0;0;0;0;0;0;0;1;0;0;0
"23/08/2022";"11:04:00";"337";"Acidente s";"220";"BR-116/SP";"Pista Norte";"Engavetamento";5;0;1;0;0;0;0;0;0;0;9;0;0;0;0
"23/08/2022";"11:47:00";"358";"Acidente c";"210,4";"BR-116/SP";"Pista Sul";"Engavetamento";1;0;2;0;0;0;0;0;0;0;3;1;0;0;0
"23/08/2022";"12:24:00";"373";"Acidente c";"312,5";"BR-116/RJ";"Pista Norte";"Colisão traseira";2;0;0;0;0;0;0;0;0;0;1;1;2;0;0
"23/08/2022";"13:01:00";"387";"Acidente s";"318,9";"BR-116/RJ";"Pista Norte";"Colisão traseira";0;0;1;0;0;0;0;0;0;1;2;0;0;0;0
"23/08/2022";"17:32:00";"521";"Acidente c";"155";"BR-116/SP";"Pista Norte";"Colisão traseira";1;0;0;2;0;0;0;0;0;0;1;2;0;0;0
"23/08/2022";"17:55:00";"547";"Acidente c";"217,7";"BR-116/SP";"Pista Sul";"Colisão traseira";1;0;0;1;0;0;0;0;0;0;1;1;0;0;0
"23/08/2022";"18:27:00";"568";"Acidente c";"198,3";"BR-116/RJ";"Pista Norte";"Colisão traseira";1;0;1;0;0;0;0;0;0;0;3;0;1;0;0
"23/08/2022";"18:28:00";"570";"Acidente s";"220,35";"BR-116/RJ";"Pista Norte";"Tombamento";0;0;1;0;0;0;0;0;0;0;1;0;0;0;0
"23/08/2022";"19:42:00";"602";"Acidente s";"176,7";"BR-116/RJ";"Pista Sul";"Colisão traseira";2;0;0;0;0;0;0;0;0;0;5;0;0;0;0
"24/08/2022";"00:22:00";"18";"Acidente s";"35";"BR-116/SP";"Pista Sul";"Choque em objeto na pista";1;0;0;0;0;0;0;0;0;0;2;0;0;0;0
"24/08/2022";"00:40:00";"21";"Acidente c";"176";"BR-116/SP";"Pista Norte";"Colisão traseira";0;0;2;0;0;0;0;0;0;0;0;2;0;0;0
"24/08/2022";"01:10:00";"24";"Acidente s";"35";"BR-116/SP";"Pista Sul";"Choque em objeto na pista";1;0;0;0;0;0;0;0;0;0;1;0;0;0;0
"24/08/2022";"06:26:00";"86";"Acidente c";"212,6";"BR-116/RJ";"Pista Norte";"Capotamento";1;0;0;0;0;0;0;0;0;0;0;2;1;0;0
"24/08/2022";"07:47:00";"189";"Acidente s";"184,8";"BR-116/RJ";"Pista Sul";"Atropelamento de animal";1;0;0;0;0;0;0;0;0;0;1;0;0;0;0
"24/08/2022";"09:06:00";"298";"Acidente s";"232,2";"BR-116/RJ";"Pista Norte";"Colisão traseira";1;0;1;0;0;0;0;0;0;0;2;0;0;0;0
"24/08/2022";"09:15:00";"307";"Acidente c";"228,4";"BR-116/SP";"Pista Sul";"Abalroamento longitudinal";1;0;0;1;0;0;0;0;0;0;1;1;0;0;0
"24/08/2022";"09:33:00";"332";"Acidente c";"146,4";"BR-116/SP";"Pista Norte";"Colisão traseira";0;0;0;1;0;1;0;0;0;0;0;2;0;0;0
"24/08/2022";"09:54:00";"350";"Acidente s";"146,4";"BR-116/SP";"Pista Norte";"Engavetamento";2;0;0;0;0;2;0;0;0;0;4;0;0;0;0
"24/08/2022";"10:19:00";"369";"Acidente s";"204,5";"BR-116/SP";"Pista Norte";"Colisão traseira";2;0;0;0;0;0;0;0;0;0;3;0;0;0;0
"24/08/2022";"10:45:00";"387";"Acidente s";"154";"BR-116/SP";"Pista Sul";"Engavetamento";2;0;1;0;0;0;0;0;0;0;3;0;0;0;0
"24/08/2022";"11:55:00";"434";"Acidente s";"290,8";"BR-116/RJ";"Pista Sul";"Engavetamento";0;0;1;0;0;1;0;0;0;1;4;0;0;0;0
"24/08/2022";"13:51:00";"490";"Acidente c";"298,5";"BR-116/RJ";"Pista Sul";"Abalroamento longitudinal";0;0;2;0;0;0;0;0;0;0;0;2;0;0;0
"24/08/2022";"14:17:00";"506";"Acidente c";"112,6";"BR-116/SP";"Pista Sul";"Colisão traseira";1;0;0;1;0;0;0;0;0;0;1;1;0;0;0
"24/08/2022";"14:33:00";"513";"Acidente c";"22,2";"BR-116/SP";"Pista Norte";"Abalroamento longitudinal";0;0;2;0;0;0;0;0;0;0;2;0;1;0;0
"24/08/2022";"16:29:00";"595";"Acidente s";"185,75";"BR-116/RJ";"Pista Norte";"Colisão traseira";2;0;0;0;0;0;0;0;0;0;2;0;0;0;0
"24/08/2022";"16:30:00";"598";"Acidente s";"318,9";"BR-116/RJ";"Pista Sul";"Colisão traseira";1;0;1;0;0;0;0;0;0;0;2;0;0;0;0
"24/08/2022";"17:12:00";"624";"Acidente c";"218,4";"BR-116/SP";"Pista Sul";"Abalroamento longitudinal";1;0;0;1;0;0;0;0;0;0;1;1;0;0;0
"24/08/2022";"17:48:00";"640";"Acidente c";"100";"BR-116/SP";"Pista Norte";"Queda de moto";0;0;0;1;0;0;0;0;0;0;0;0;1;0;0
"25/08/2022";"00:21:00";"19";"Acidente c";"59,6";"BR-116/SP";"Pista Sul";"Capotamento";1;0;0;0;0;0;0;0;0;0;1;1;0;0;0
"25/08/2022";"01:54:00";"41";"Acidente s";"299";"BR-116/RJ";"Pista Norte";"Colisão traseira";1;0;0;0;0;1;0;0;0;0;2;0;0;0;0
"25/08/2022";"01:58:00";"42";"Acidente s";"16,6";"BR-116/SP";"Pista Sul";"Choque em objeto fixo";1;0;0;0;0;0;0;0;0;0;1;0;0;0;0
"25/08/2022";"05:51:00";"85";"Acidente c";"184";"BR-116/RJ";"Pista Norte";"Abalroamento longitudinal";0;0;0;1;0;1;0;0;0;0;1;1;0;0;0
"25/08/2022";"06:26:00";"101";"Acidente c";"211";"BR-116/SP";"Pista Sul";"Colisão traseira";2;0;0;0;0;0;0;0;0;0;2;2;0;0;0
"25/08/2022";"06:35:00";"106";"Acidente s";"168,4";"BR-116/RJ";"Pista Sul";"Choque em barreira New Jersey";1;0;0;0;0;0;0;0;0;0;1;0;0;0;0
"25/08/2022";"06:39:00";"113";"Acidente c";"209,85";"BR-116/SP";"Pista Sul";"Colisão traseira";1;0;0;1;0;0;0;0;0;0;2;1;0;0;0
"25/08/2022";"07:28:00";"185";"Acidente c";"227,65";"BR-116/SP";"Pista Sul";"Colisão traseira";1;0;0;1;0;0;0;0;0;0;1;1;0;0;0
"25/08/2022";"07:57:00";"228";"Acidente c";"317";"BR-116/RJ";"Pista Sul";"Colisão traseira";1;0;0;1;0;0;0;0;0;0;2;1;0;0;0
"25/08/2022";"07:59:00";"231";"Acidente s";"276,4";"BR-116/RJ";"Pista Sul";"Atropelamento de animal";1;0;0;0;0;0;0;0;0;0;1;0;0;0;0
"25/08/2022";"09:39:00";"346";"Acidente s";"294,1";"BR-116/RJ";"Pista Sul";"Abalroamento longitudinal";1;0;1;0;0;0;0;0;0;0;2;0;0;0;0
"25/08/2022";"09:52:00";"353";"Acidente c";"181,6";"BR-116/RJ";"Pista Sul";"Engavetamento";2;0;0;0;0;0;0;0;0;1;5;2;0;0;0
"25/08/2022";"10:51:00";"391";"Acidente s";"80,7";"BR-116/SP";"Pista Sul";"Engavetamento";0;0;1;0;1;0;0;0;0;0;9;0;0;0;0
"25/08/2022";"13:33:00";"474";"Acidente s";"297,6";"BR-116/RJ";"Pista Sul";"Choque em objeto na pista";1;0;0;0;0;0;0;0;0;0;1;0;0;0;0
"25/08/2022";"14:21:00";"510";"Acidente c";"223,6";"BR-116/SP";"Pista Sul";"Colisão traseira";1;0;0;1;0;0;0;0;0;0;1;1;0;0;0
"25/08/2022";"15:12:00";"540";"Acidente c";"167";"BR-116/RJ";"Pista Sul";"Engavetamento";2;0;0;0;1;0;0;0;0;0;37;1;0;0;0
"25/08/2022";"15:22:00";"543";"Acidente s";"221,1";"BR-116/SP";"Pista Norte";"Colisão traseira";1;0;0;0;0;1;0;0;0;0;2;0;0;0;0
"25/08/2022";"17:14:00";"607";"Acidente c";"223,62";"BR-116/RJ";"Pista Sul";"Tombamento";0;0;1;0;0;0;0;0;0;0;0;4;0;0;0
"25/08/2022";"17:57:00";"632";"Acidente s";"156,55";"BR-116/SP";"Pista Sul";"Abalroamento longitudinal";1;0;1;0;0;0;0;0;0;0;2;0;0;0;0
"25/08/2022";"20:14:00";"719";"Acidente s";"223,3";"BR-116/RJ";"Pista Sul";"Colisão traseira";1;0;1;0;0;0;0;0;0;0;2;0;0;0;0
"25/08/2022";"21:52:00";"755";"Acidente c";"224,1";"BR-116/SP";"Pista Norte";"Colisão traseira";0;0;0;1;0;1;0;0;0;0;1;1;0;0;0
"25/08/2022";"22:06:00";"758";"Acidente s";"295,1";"BR-116/RJ";"Pista Sul";"Choque em defensa";0;0;1;0;0;0;0;0;0;0;1;0;0;0;0
"25/08/2022";"22:34:00";"765";"Acidente c";"295,3";"BR-116/RJ";"Pista Norte";"Colisão traseira";2;0;0;0;0;0;0;0;0;0;2;0;1;0;0
"25/08/2022";"22:45:00";"768";"Acidente c";"110,2";"BR-116/SP";"Pista Norte";"Colisão traseira";1;0;0;1;0;0;0;0;0;0;2;1;0;0;0
"25/08/2022";"23:34:00";"777";"Acidente s";"168";"BR-116/RJ";"Pista Sul";"Abalroamento longitudinal";2;0;0;0;0;0;0;0;0;0;2;0;0;0;0
"26/08/2022";"01:59:00";"42";"Acidente s";"223,2";"BR-116/RJ";"Pista Norte";"Capotamento";0;0;1;0;0;0;0;0;0;0;1;0;0;0;0
"26/08/2022";"03:11:00";"56";"Acidente s";"212,4";"BR-116/SP";"Pista Norte";"Choque em barreira New Jersey";0;0;1;0;0;0;0;0;0;0;1;0;0;0;0
"26/08/2022";"05:51:00";"91";"Acidente c";"222,8";"BR-116/SP";"Pista Norte";"Abalroamento longitudinal";0;0;0;1;0;0;0;0;0;1;1;1;0;0;0
"26/08/2022";"07:36:00";"187";"Acidente c";"230,7";"BR-116/SP";"Pista Sul";"Queda de moto";0;0;0;1;0;0;0;0;0;0;0;1;0;0;0
"26/08/2022";"09:02:00";"257";"Acidente s";"213,3";"BR-116/SP";"Pista Norte";"Choque em barreira New Jersey";1;0;0;0;0;0;0;0;0;0;1;0;0;0;0
"26/08/2022";"10:25:00";"303";"Acidente c";"155";"BR-116/SP";"Pista Sul";"Abalroamento longitudinal";1;0;1;0;0;0;0;0;0;0;1;1;0;0;0
"26/08/2022";"10:34:00";"307";"Acidente s";"228,3";"BR-116/SP";"Pista Sul";"Colisão traseira";1;0;1;0;0;0;0;0;0;0;2;0;0;0;0
"26/08/2022";"10:51:00";"317";"Acidente c";"223";"BR-116/SP";"Pista Sul";"Queda de moto";0;0;0;1;0;0;0;0;0;0;0;1;0;0;0
"26/08/2022";"10:57:00";"319";"Acidente s";"108";"BR-116/SP";"Pista Norte";"Capotamento";1;0;0;0;0;0;0;0;0;0;1;0;0;0;0
"26/08/2022";"11:37:00";"337";"Acidente s";"163,8";"BR-116/RJ";"Pista Sul";"Colisão traseira";0;0;2;0;0;0;0;0;0;0;3;0;0;0;0
"26/08/2022";"12:36:00";"372";"Acidente s";"147";"BR-116/SP";"Pista Sul";"Abalroamento longitudinal";1;0;1;0;0;0;0;0;0;0;5;0;0;0;0
"26/08/2022";"14:52:00";"428";"Acidente c";"225";"BR-116/SP";"Pista Sul";"Abalroamento longitudinal";1;0;0;2;0;0;0;0;0;0;3;1;0;0;0
"26/08/2022";"15:08:00";"442";"Acidente c";"221,2";"BR-116/RJ";"Pista Norte";"Tombamento";0;0;1;0;0;0;0;0;0;0;0;1;0;0;0
"26/08/2022";"15:58:00";"471";"Acidente s";"131,5";"BR-116/SP";"Pista Norte";"Choque em objeto fixo";0;0;0;0;0;0;0;0;0;1;1;0;0;0;0
"26/08/2022";"16:34:00";"493";"Acidente c";"62";"BR-116/SP";"Pista Norte";"Colisão traseira";2;0;0;0;0;0;0;0;0;0;4;1;0;0;0
"26/08/2022";"17:30:00";"519";"Acidente c";"1,1";"BR-116/SP";"Pista Norte";"Choque em barreira New Jersey";1;0;0;0;0;0;0;0;0;0;0;0;1;0;0
"26/08/2022";"18:26:00";"562";"Acidente s";"300";"BR-116/RJ";"Pista Sul";"Colisão traseira";2;0;0;0;0;0;0;0;0;0;2;0;0;0;0
"26/08/2022";"18:36:00";"574";"Acidente c";"190";"BR-116/SP";"Pista Sul";"Colisão traseira";1;0;1;0;0;0;0;0;0;0;1;0;1;0;0
"26/08/2022";"18:50:00";"583";"Acidente s";"143";"BR-116/SP";"Pista Norte";"Abalroamento longitudinal";1;0;1;0;0;0;0;0;0;0;3;0;0;0;0
"26/08/2022";"19:05:00";"590";"Acidente c";"293,75";"BR-116/RJ";"Pista Sul";"Choque em defensa";1;0;1;0;0;0;0;0;0;0;1;1;0;0;0
"26/08/2022";"19:40:00";"613";"Acidente s";"190";"BR-116/SP";"Pista Sul";"Colisão traseira";0;0;2;0;0;0;0;0;0;0;2;0;0;0;0
"26/08/2022";"21:12:00";"657";"Acidente s";"206,7";"BR-116/SP";"Pista Sul";"Choque em objeto na pista";1;0;1;0;0;0;0;0;0;0;2;0;0;0;0
"26/08/2022";"21:20:00";"659";"Acidente s";"225,5";"BR-116/SP";"Pista Sul";"Engavetamento";2;0;1;0;0;0;0;0;0;0;3;0;0;0;0
"26/08/2022";"22:28:00";"680";"Acidente c";"269,2";"BR-116/RJ";"Pista Sul";"Abalroamento longitudinal";1;0;0;1;0;0;0;0;0;0;1;1;0;0;0
"27/08/2022";"01:30:00";"38";"Acidente c";"6";"BR-116/SP";"Pista Sul";"Capotamento";1;0;0;0;0;0;0;0;0;0;0;0;1;0;0
"27/08/2022";"03:20:00";"54";"Acidente c";"56,4";"BR-116/SP";"Pista Norte";"Abalroamento longitudinal";1;0;0;0;0;0;0;0;0;1;1;0;0;0;1
"27/08/2022";"03:54:00";"60";"Acidente s";"285,69";"BR-116/RJ";"Pista Norte";"Choque em objeto na pista";0;0;0;0;0;0;0;0;0;1;1;0;0;0;0
"27/08/2022";"04:09:00";"63";"Acidente s";"59";"BR-116/SP";"Pista Sul";"Colisão traseira";2;0;0;0;0;0;0;0;0;0;2;0;0;0;0
"27/08/2022";"05:28:00";"77";"Acidente s";"270";"BR-116/RJ";"Pista Sul";"Choque em objeto fixo";1;0;0;0;0;0;0;0;0;0;1;0;0;0;0
"27/08/2022";"06:21:00";"93";"Acidente c";"186,4";"BR-116/RJ";"Pista Sul";"Colisão traseira";2;0;0;0;0;0;0;0;0;0;3;1;0;0;0
"27/08/2022";"08:28:00";"180";"Acidente s";"83,75";"BR-116/SP";"Pista Norte";"Colisão traseira";2;0;0;0;0;0;0;0;0;0;6;0;0;0;0
"27/08/2022";"08:36:00";"183";"Acidente c";"83,32";"BR-116/SP";"Pista Norte";"Engavetamento";2;0;0;0;0;1;0;0;0;0;9;2;0;0;0
"27/08/2022";"09:35:00";"223";"Acidente s";"84,8";"BR-116/SP";"Pista Norte";"Engavetamento";3;0;0;0;0;0;0;0;0;0;8;0;0;0;0
"27/08/2022";"10:40:00";"249";"Acidente c";"201,35";"BR-116/SP";"Pista Norte";"Queda de moto";0;0;0;1;0;0;0;0;0;0;0;2;0;0;0
"27/08/2022";"13:50:00";"347";"Acidente s";"168,4";"BR-116/RJ";"Pista Norte";"Engavetamento";5;0;0;0;0;0;0;0;0;0;7;0;0;0;0
"27/08/2022";"15:51:00";"412";"Acidente c";"75,31";"BR-116/SP";"Pista Norte";"Choque em objeto fixo";1;0;0;0;0;0;0;0;0;0;1;1;0;0;0
"27/08/2022";"18:42:00";"489";"Acidente s";"35";"BR-116/SP";"Pista Sul";"Choque em objeto na pista";1;0;0;0;0;0;0;0;0;0;2;0;0;0;0
"27/08/2022";"21:06:00";"543";"Acidente s";"64,2";"BR-116/SP";"Pista Sul";"Choque em objeto na pista";1;0;0;0;0;0;0;0;0;0;4;0;0;0;0
"27/08/2022";"21:41:00";"553";"Acidente c";"206,8";"BR-116/SP";"Pista Sul";"Queda de moto";0;0;0;1;0;0;0;0;0;0;0;1;0;0;0
"27/08/2022";"21:57:00";"557";"Acidente c";"222";"BR-116/SP";"Pista Norte";"Capotamento";1;0;0;0;0;0;0;0;0;0;0;1;1;0;0
"27/08/2022";"22:01:00";"558";"Acidente c";"115,6";"BR-116/SP";"Pista Sul";"Choque em barreira New Jersey";1;0;0;0;0;0;0;0;0;0;0;1;0;0;0
"27/08/2022";"23:35:00";"579";"Atropelame";"183,5";"BR-116/RJ";"Pista Sul";"Atropelamento de pedestre atravessando";1;1;0;0;0;0;0;0;0;0;1;0;0;1;0
"28/08/2022";"01:28:00";"21";"Acidente c";"139,7";"BR-116/SP";"Pista Sul";"Colisão traseira";1;0;0;0;0;2;0;0;0;0;3;1;0;0;0
"28/08/2022";"02:47:00";"36";"Acidente c";"106,1";"BR-116/SP";"Pista Sul";"Colisão traseira";1;0;0;1;0;0;0;0;0;0;3;1;1;0;0
"28/08/2022";"07:22:00";"80";"Acidente c";"204,5";"BR-116/SP";"Pista Norte";"Queda de moto";0;0;0;1;0;0;0;0;0;0;0;2;0;0;0
"28/08/2022";"11:18:00";"172";"Acidente s";"92,3";"BR-116/SP";"Pista Sul";"Choque em objeto fixo";1;0;0;0;0;0;0;0;0;0;3;0;0;0;0
"28/08/2022";"11:20:00";"174";"Acidente s";"128,35";"BR-116/SP";"Pista Sul";"Choque em barreira New Jersey";1;0;1;0;0;0;0;0;0;0;5;0;0;0;0
"28/08/2022";"13:57:00";"232";"Acidente s";"228,8";"BR-116/SP";"Pista Norte";"Colisão traseira";2;0;0;0;0;0;0;0;0;0;2;0;0;0;0
"28/08/2022";"15:03:00";"264";"Acidente c";"219";"BR-116/SP";"Pista Norte";"Abalroamento longitudinal";1;0;0;1;0;0;0;0;0;0;3;1;0;0;0