data;horario;n_da_ocorrencia;tipo_de_ocorrencia;km;trecho;sentido;tipo_de_acidente;automovel;bicicleta;caminhao;moto;onibus;outros;tracao_animal;transporte_de_cargas_especiais;trator_maquinas;utilitarios;ilesos;levemente_feridos;moderadamente_feridos;gravemente_feridos;mortos
"04/09/2022";"16:48:00";"376";"Acidente s";"104,4";"BR-116/SP";"Pista Sul";"Colisão traseira";2;0;0;0;0;0;0;0;0;0;5;0;0;0;0
"04/09/2022";"16:54:00";"378";"Acidente s";"452,5";"BR-101/RJ";"Pista Sul";"Choque em objeto fixo";1;0;0;0;0;0;0;0;0;0;1;0;0;0;0
"04/09/2022";"17:50:00";"404";"Acidente s";"278";"BR-116/RJ";"Pista Norte";"Engavetamento";3;0;0;0;0;0;0;0;0;0;4;0;0;0;0
"04/09/2022";"18:44:00";"442";"Acidente c";"562";"BR-101/RJ";"Pista Norte";"Atropelamento de animal";0;0;0;1;0;0;0;0;0;0;0;1;0;0;0
"04/09/2022";"19:14:00";"463";"Acidente c";"397,3";"BR-101/RJ";"Pista Sul";"Atropelamento de animal";1;0;0;0;0;0;0;0;0;0;0;1;0;0;0
"04/09/2022";"20:17:00";"489";"Acidente c";"177,3";"BR-116/RJ";"Pista Sul";"Engavetamento";2;0;1;0;0;0;0;0;0;0;1;2;1;0;0
"04/09/2022";"20:49:00";"499";"Acidente s";"155,8";"BR-116/SP";"Pista Norte";"Atropelamento de animal";1;0;0;0;0;1;0;0;0;0;2;0;0;0;0
"04/09/2022";"21:26:00";"515";"Acidente c";"201,35";"BR-116/SP";"Pista Sul";"Queda de moto";0;0;0;1;0;0;0;0;0;0;0;2;0;0;0
"04/09/2022";"21:34:00";"518";"Acidente s";"318,5";"BR-116/RJ";"Pista Sul";"Choque em objeto na pista";1;0;0;0;0;0;0;0;0;0;1;0;0;0;0
"04/09/2022";"22:26:00";"533";"Acidente c";"230,1";"BR-116/SP";"Pista Sul";"Tombamento";1;0;0;0;0;0;0;0;0;0;1;1;0;0;0
"04/09/2022";"22:55:00";"539";"Acidente c";"202";"BR-116/RJ";"Pista Norte";"Colisão traseira";1;0;0;0;1;0;0;0;0;0;2;3;0;0;0
"04/09/2022";"22:55:00";"540";"Acidente s";"221,7";"BR-116/RJ";"Pista Norte";"Capotamento";1;0;0;0;0;0;0;0;0;0;1;0;0;0;0
"05/09/2022";"01:04:00";"34";"Acidente c";"46,9";"BR-101/SP";"Pista Sul";"Queda de moto";0;0;0;1;0;0;0;0;0;0;0;2;0;0;0
"05/09/2022";"05:49:00";"75";"Acidente s";"299,09";"BR-116/RJ";"Pista Sul";"Colisão traseira";0;0;2;0;0;0;0;0;0;0;2;0;0;0;0
"05/09/2022";"06:13:00";"89";"Acidente s";"145,4";"BR-116/SP";"Pista Norte";"Choque em barreira New Jersey";1;0;0;0;0;0;0;0;0;0;2;0;0;0;0
"05/09/2022";"07:35:00";"193";"Acidente c";"241,5";"BR-116/RJ";"Pista Sul";"Capotamento";1;0;0;0;0;0;0;0;0;0;2;1;0;0;0
"05/09/2022";"07:39:00";"199";"Acidente s";"108,4";"BR-116/SP";"Pista Sul";"Colisão traseira";2;0;0;0;0;0;0;0;0;0;3;0;0;0;0
"05/09/2022";"08:10:00";"224";"Acidente s";"206,7";"BR-116/SP";"Pista Sul";"Colisão traseira";2;0;0;0;0;0;0;0;0;0;2;0;0;0;0
"05/09/2022";"08:23:00";"243";"Acidente s";"15,6";"BR-116/SP";"Pista Norte";"Choque em barreira New Jersey";1;0;0;0;0;0;0;0;0;0;3;0;0;0;0
"05/09/2022";"08:55:00";"270";"Acidente s";"54,95";"BR-116/SP";"Pista Sul";"Colisão traseira";2;0;0;0;0;0;0;0;0;0;5;0;0;0;0
"05/09/2022";"09:43:00";"315";"Acidente c";"137,2";"BR-116/SP";"Pista Sul";"Colisão traseira";0;0;0;1;0;1;0;0;0;0;1;1;0;0;0
"05/09/2022";"10:27:00";"347";"Acidente s";"3,5";"BR-101/SP";"Pista Norte";"Colisão traseira";1;0;0;0;0;1;0;0;0;0;2;0;0;0;0
"05/09/2022";"10:34:00";"355";"Acidente s";"213";"BR-116/SP";"Pista Sul";"Choque em barreira New Jersey";0;0;1;0;0;0;0;0;0;0;2;0;0;0;0
"05/09/2022";"10:58:00";"369";"Acidente c";"188,9";"BR-116/SP";"Pista Sul";"Colisão traseira";1;0;1;0;0;0;0;0;0;0;4;2;1;0;0
"05/09/2022";"11:21:00";"391";"Acidente s";"231";"BR-116/SP";"Pista Norte";"Choque em objeto na pista";1;0;1;0;0;0;0;0;0;0;2;0;0;0;0
"05/09/2022";"12:39:00";"432";"Acidente s";"169,5";"BR-116/SP";"Pista Norte";"Abalroamento longitudinal";0;0;2;0;0;0;0;0;0;0;3;0;0;0;0
"05/09/2022";"13:18:00";"451";"Acidente s";"486";"BR-101/RJ";"Pista Norte";"Colisão traseira";1;0;0;0;0;1;0;0;0;0;2;0;0;0;0
"05/09/2022";"16:56:00";"576";"Acidente s";"167,8";"BR-116/RJ";"Pista Norte";"Colisão traseira";2;0;0;0;0;0;0;0;0;0;2;0;0;0;0
"05/09/2022";"17:17:00";"588";"Acidente c";"169";"BR-116/RJ";"Pista Sul";"Colisão traseira";0;0;0;1;0;1;0;0;0;0;1;1;0;0;0
"05/09/2022";"18:05:00";"618";"Acidente c";"176,4";"BR-116/RJ";"Pista Sul";"Colisão traseira";1;0;0;1;0;0;0;0;0;0;1;1;0;0;0
"05/09/2022";"19:10:00";"666";"Acidente c";"486";"BR-101/RJ";"Pista Sul";"Abalroamento longitudinal";1;0;0;1;0;0;0;0;0;0;1;1;0;0;0
"05/09/2022";"19:12:00";"668";"Acidente s";"251";"BR-116/RJ";"Pista Sul";"Choque em barreira New Jersey";1;0;0;0;0;0;0;0;0;0;1;0;0;0;0
"05/09/2022";"19:36:00";"682";"Acidente c";"167,4";"BR-116/RJ";"Pista Sul";"Engavetamento";3;0;0;0;0;0;0;0;0;0;2;2;0;0;0
"05/09/2022";"20:06:00";"696";"Acidente c";"175,3";"BR-116/RJ";"Pista Sul";"Abalroamento longitudinal";1;0;0;1;0;0;0;0;0;0;1;1;0;0;0
"05/09/2022";"20:20:00";"706";"Acidente s";"471";"BR-101/RJ";"Pista Norte";"Abalroamento longitudinal";2;0;0;0;0;0;0;0;0;0;2;0;0;0;0
"05/09/2022";"22:05:00";"744";"Atropelame";"236,95";"BR-116/RJ";"Pista Norte";"Atropelamento de pedestre atravessando";1;0;0;0;0;0;0;0;0;0;1;0;0;0;1
"05/09/2022";"22:16:00";"746";"Acidente c";"227";"BR-116/RJ";"Pista Norte";"Choque em barreira New Jersey";1;0;0;0;0;0;0;0;0;0;0;2;0;0;0
"05/09/2022";"22:55:00";"759";"Atropelame";"252";"BR-116/RJ";"Pista Norte";"Atropelamento de pedestre atravessando";0;0;0;0;0;1;0;0;0;0;1;0;0;1;0
"06/09/2022";"04:59:00";"55";"Acidente s";"165,5";"BR-116/SP";"Pista Norte";"Colisão traseira";1;0;0;0;0;1;0;0;0;0;4;0;0;0;0
"06/09/2022";"05:05:00";"56";"Acidente c";"116,8";"BR-116/SP";"Pista Sul";"Colisão traseira";0;0;1;0;0;1;0;0;0;0;2;1;0;0;0
"06/09/2022";"06:26:00";"76";"Acidente c";"225,6";"BR-116/SP";"Pista Sul";"Abalroamento longitudinal";1;0;0;1;0;0;0;0;0;0;1;1;0;0;0
"06/09/2022";"07:07:00";"110";"Acidente s";"228,35";"BR-116/RJ";"Pista Sul";"Choque em defensa";1;0;0;0;0;0;0;0;0;0;1;0;0;0;0
"06/09/2022";"07:09:00";"112";"Acidente s";"520";"BR-101/RJ";"Pista Norte";"Capotamento";1;0;0;0;0;0;0;0;0;0;1;0;0;0;0
"06/09/2022";"07:36:00";"146";"Acidente c";"208,1";"BR-116/SP";"Pista Sul";"Queda de moto";0;0;0;1;0;0;0;0;0;0;0;1;0;0;0
"06/09/2022";"09:14:00";"252";"Acidente s";"222,1";"BR-116/SP";"Pista Sul";"Colisão traseira";1;0;0;0;0;1;0;0;0;0;2;0;0;0;0
"06/09/2022";"09:41:00";"275";"Acidente s";"227";"BR-116/RJ";"Pista Norte";"Colisão traseira";0;0;1;0;0;1;0;0;0;0;2;0;0;0;0
"06/09/2022";"10:29:00";"308";"Acidente c";"142,2";"BR-116/SP";"Pista Sul";"Abalroamento longitudinal";2;0;0;0;0;0;0;0;0;0;0;2;0;0;0
"06/09/2022";"13:55:00";"398";"Acidente s";"241,3";"BR-116/RJ";"Pista Norte";"Choque em objeto fixo";1;0;0;0;0;0;0;0;0;0;2;0;0;0;0
"06/09/2022";"14:19:00";"413";"Acidente s";"42";"BR-101/SP";"Pista Sul";"Engavetamento";2;0;0;0;0;1;0;0;0;0;4;0;0;0;0
"06/09/2022";"14:26:00";"419";"Acidente s";"213,5";"BR-116/SP";"Pista Sul";"Colisão traseira";1;0;0;0;0;0;0;0;0;1;2;0;0;0;0
"06/09/2022";"15:29:00";"459";"Acidente c";"170,2";"BR-116/RJ";"Pista Sul";"Engavetamento";3;0;0;0;0;0;0;0;0;0;2;1;0;0;0
"06/09/2022";"17:55:00";"541";"Acidente c";"150,1";"BR-116/SP";"Pista Sul";"Queda de moto";0;0;0;1;0;0;0;0;0;0;0;1;0;0;0
"06/09/2022";"18:40:00";"568";"Acidente c";"508";"BR-101/RJ";"Pista Norte";"Colisão frontal";2;0;0;0;0;0;0;0;0;0;0;3;0;0;0
"06/09/2022";"18:52:00";"576";"Acidente c";"176";"BR-116/RJ";"Pista Sul";"Queda de moto";0;0;0;1;0;1;0;0;0;0;1;1;0;0;0
"06/09/2022";"21:45:00";"657";"Acidente c";"165,15";"BR-116/SP";"Pista Norte";"Colisão traseira";0;0;1;1;0;0;0;0;0;0;1;0;0;1;0
"06/09/2022";"22:50:00";"676";"Acidente c";"182";"BR-116/RJ";"Pista Norte";"Abalroamento longitudinal";1;0;1;0;0;0;0;0;0;0;3;1;0;0;0
"06/09/2022";"22:56:00";"678";"Atropelame";"216,2";"BR-116/SP";"Pista Sul";"Atropelamento de pedestre atravessando";0;0;0;0;0;1;0;0;0;0;1;0;0;0;1
"06/09/2022";"23:10:00";"687";"Acidente c";"167";"BR-116/RJ";"Pista Sul";"Abalroamento longitudinal";1;0;0;1;0;0;0;0;0;0;4;1;0;0;0
"06/09/2022";"23:18:00";"691";"Acidente c";"256,75";"BR-116/RJ";"Pista Norte";"Atropelamento de animal";1;0;0;0;0;0;0;0;0;0;0;1;0;0;0
"06/09/2022";"23:35:00";"698";"Acidente s";"574";"BR-101/RJ";"Pista Norte";"Atropelamento de animal";0;0;0;0;0;0;0;0;0;1;1;0;0;0;0
"07/09/2022";"04:18:00";"51";"Acidente s";"184,1";"BR-116/RJ";"Pista Norte";"Choque em defensa";1;0;0;0;0;0;0;0;0;0;1;0;0;0;0
"07/09/2022";"06:43:00";"93";"Acidente c";"158";"BR-116/SP";"Pista Sul";"Queda de moto";0;0;0;1;0;0;0;0;0;0;0;0;1;0;0
"07/09/2022";"07:37:00";"120";"Acidente s";"97,65";"BR-116/SP";"Pista Norte";"Queda de moto";0;0;0;1;0;0;0;0;0;0;1;0;0;0;0
"07/09/2022";"08:47:00";"181";"Acidente s";"201,8";"BR-116/RJ";"Pista Sul";"Colisão traseira";1;0;1;0;0;0;0;0;0;0;3;0;0;0;0
"07/09/2022";"10:46:00";"247";"Acidente s";"93,65";"BR-116/SP";"Pista Norte";"Engavetamento";3;0;0;0;0;0;0;0;0;0;2;0;0;0;0
"07/09/2022";"11:28:00";"268";"Acidente c";"227,9";"BR-116/RJ";"Pista Norte";"Queda de Carga";0;0;0;1;0;0;0;0;0;0;0;2;0;0;0
"07/09/2022";"13:51:00";"343";"Acidente s";"207,4";"BR-116/RJ";"Pista Sul";"Colisão traseira";1;0;1;0;0;0;0;0;0;0;2;0;0;0;0
"07/09/2022";"14:27:00";"360";"Acidente s";"478,5";"BR-101/RJ";"Pista Sul";"Choque em objeto fixo";1;0;0;0;0;0;0;0;0;0;1;0;0;0;0
"07/09/2022";"15:15:00";"384";"Acidente s";"209,2";"BR-116/SP";"Pista Sul";"Colisão traseira";1;0;1;0;0;0;0;0;0;0;4;0;0;0;0
"07/09/2022";"15:30:00";"392";"Acidente s";"226,5";"BR-116/RJ";"Pista Sul";"Abalroamento longitudinal";0;0;1;0;0;1;0;0;0;0;2;0;0;0;0
"07/09/2022";"15:56:00";"407";"Acidente s";"51,2";"BR-116/SP";"Pista Sul";"Abalroamento longitudinal";1;0;1;0;0;0;0;0;0;0;3;0;0;0;0
"07/09/2022";"16:22:00";"423";"Acidente c";"220,7";"BR-116/RJ";"Pista Sul";"Não Def";0;0;1;0;0;0;0;0;0;0;0;1;0;0;0
"07/09/2022";"16:37:00";"428";"Acidente c";"53";"BR-116/SP";"Pista Norte";"Abalroamento longitudinal";2;0;0;0;0;0;0;0;0;0;1;1;0;0;0
"07/09/2022";"19:32:00";"518";"Acidente c";"381";"BR-101/RJ";"Pista Norte";"Colisão traseira";1;0;0;1;0;0;0;0;0;0;1;1;0;0;0
"07/09/2022";"19:45:00";"522";"Acidente s";"516";"BR-101/RJ";"Pista Norte";"Tombamento";0;0;1;0;0;1;0;0;0;0;2;0;0;0;0
"07/09/2022";"20:50:00";"550";"Acidente s";"416";"BR-101/RJ";"Pista Sul";"Queda de ribanceira";1;0;0;0;0;0;0;0;0;0;1;0;0;0;0
"07/09/2022";"21:11:00";"554";"Acidente s";"165,9";"BR-116/RJ";"Pista Sul";"Colisão traseira";2;0;0;0;0;0;0;0;0;0;3;0;0;0;0
"07/09/2022";"22:06:00";"567";"Acidente s";"220";"BR-116/RJ";"Pista Sul";"Abalroamento longitudinal";1;0;0;0;1;0;0;0;0;0;2;0;0;0;0
"07/09/2022";"22:09:00";"568";"Acidente s";"320,5";"BR-116/RJ";"Pista Norte";"Choque em objeto na pista";1;0;1;0;0;0;0;0;0;0;2;0;0;0;0
"08/09/2022";"04:41:00";"50";"Atropelame";"382";"BR-101/RJ";"Pista Norte";"Atropelamento de pedestre atravessando";0;0;0;0;0;1;0;0;0;0;1;0;0;0;1
"08/09/2022";"04:56:00";"54";"Acidente c";"175,5";"BR-116/RJ";"Pista Norte";"Colisão traseira";1;0;0;0;0;0;0;0;0;1;2;1;0;0;0
"08/09/2022";"07:09:00";"132";"Acidente s";"228,4";"BR-116/SP";"Pista Sul";"Colisão traseira";1;0;0;0;0;1;0;0;0;0;3;0;0;0;0
"08/09/2022";"07:49:00";"198";"Acidente s";"206,8";"BR-116/SP";"Pista Sul";"Colisão traseira";2;0;0;0;0;0;0;0;0;0;2;0;0;0;0
"08/09/2022";"08:20:00";"239";"Acidente s";"276";"BR-116/RJ";"Pista Norte";"Abalroamento longitudinal";1;0;2;0;0;0;0;0;0;0;3;0;0;0;0
"08/09/2022";"11:26:00";"416";"Acidente s";"139,4";"BR-116/SP";"Pista Norte";"Engavetamento";3;0;0;0;0;0;0;0;0;0;6;0;0;0;0
"08/09/2022";"12:18:00";"442";"Acidente c";"272,8";"BR-116/RJ";"Pista Norte";"Queda de moto";0;0;0;1;0;0;0;0;0;0;0;1;1;0;0
"08/09/2022";"12:21:00";"444";"Acidente s";"289,3";"BR-116/RJ";"Pista Sul";"Choque em objeto na pista";0;0;1;0;0;0;0;0;0;0;1;0;0;0;0
"08/09/2022";"12:27:00";"449";"Acidente s";"291";"BR-116/RJ";"Pista Sul";"Choque em objeto na pista";1;0;0;0;0;0;0;0;0;0;1;0;0;0;0
"08/09/2022";"12:32:00";"453";"Acidente s";"318,9";"BR-116/RJ";"Pista Sul";"Choque em objeto na pista";0;0;0;0;0;0;0;0;0;1;1;0;0;0;0
"08/09/2022";"12:34:00";"456";"Acidente s";"309,6";"BR-116/RJ";"Pista Sul";"Choque em objeto na pista";1;0;0;0;0;0;0;0;0;0;1;0;0;0;0
"08/09/2022";"12:46:00";"461";"Acidente c";"85,85";"BR-116/SP";"Pista Norte";"Abalroamento longitudinal";2;0;0;0;0;0;0;0;0;0;4;0;1;0;0
"08/09/2022";"12:47:00";"462";"Acidente s";"291";"BR-116/RJ";"Pista Sul";"Choque em objeto na pista";1;0;0;0;0;0;0;0;0;0;1;0;0;0;0
"08/09/2022";"12:55:00";"468";"Acidente c";"108,65";"BR-116/SP";"Pista Norte";"Choque em veículo parado na pista";1;0;1;0;0;0;0;0;0;0;1;0;1;0;0
"08/09/2022";"12:58:00";"471";"Acidente c";"420,5";"BR-101/RJ";"Pista Norte";"Colisão traseira";1;0;0;1;0;0;0;0;0;0;1;0;1;0;0
"08/09/2022";"13:46:00";"501";"Acidente c";"42,6";"BR-101/SP";"Pista Sul";"Queda de moto";0;0;0;1;0;0;0;0;0;0;0;0;1;0;0
"08/09/2022";"15:05:00";"552";"Acidente c";"26,2";"BR-101/SP";"Pista Sul";"Tombamento";0;0;1;0;0;0;0;0;0;0;0;0;2;0;0
"08/09/2022";"17:17:00";"644";"Acidente s";"130,9";"BR-116/SP";"Pista Sul";"Colisão traseira";2;0;0;0;0;0;0;0;0;0;5;0;0;0;0
"08/09/2022";"17:56:00";"668";"Acidente s";"413";"BR-101/RJ";"Pista Norte";"Choque em barreira New Jersey";1;0;0;0;0;0;0;0;0;0;1;0;0;0;0
"08/09/2022";"18:53:00";"702";"Acidente c";"46";"BR-101/SP";"Pista Sul";"Atropelamento de pedestre atravessando";0;1;0;1;0;0;0;0;0;0;0;0;2;0;0
"08/09/2022";"20:12:00";"748";"Acidente s";"329,5";"BR-116/RJ";"Pista Norte";"Choque em objeto na pista";4;0;0;0;0;1;0;0;0;0;7;0;0;0;0
"08/09/2022";"20:32:00";"756";"Acidente s";"491";"BR-101/RJ";"Pista Sul";"Choque em objeto fixo";1;0;0;0;0;0;0;0;0;0;1;0;0;0;0
"08/09/2022";"22:06:00";"790";"Acidente s";"224";"BR-116/SP";"Pista Sul";"Abalroamento longitudinal";0;0;1;0;0;1;0;0;0;0;2;0;0;0;0
"08/09/2022";"22:37:00";"798";"Acidente c";"57";"BR-116/SP";"Pista Sul";"Queda de moto";0;0;0;1;0;0;0;0;0;0;0;0;1;0;0
"09/09/2022";"00:22:00";"21";"Acidente s";"195,28";"BR-116/RJ";"Pista Sul";"Choque em objeto na pista";0;0;1;0;0;0;0;0;0;0;1;0;0;0;0
"09/09/2022";"01:09:00";"34";"Acidente s";"103,2";"BR-116/SP";"Pista Sul";"Colisão traseira";1;0;0;0;0;1;0;0;0;0;2;0;0;0;0
"09/09/2022";"05:04:00";"94";"Acidente c";"205,8";"BR-116/SP";"Pista Sul";"Capotamento";1;0;0;0;0;0;0;0;0;0;0;0;1;0;0
"09/09/2022";"08:18:00";"262";"Acidente s";"214,2";"BR-116/SP";"Pista Sul";"Abalroamento longitudinal";0;0;2;0;0;0;0;0;0;0;2;0;0;0;0
"09/09/2022";"08:20:00";"263";"Acidente s";"491";"BR-101/RJ";"Pista Norte";"Choque em objeto fixo";1;0;0;0;0;0;0;0;0;0;1;0;0;0;0
"09/09/2022";"08:45:00";"284";"Acidente s";"146,1";"BR-116/SP";"Pista Sul";"Colisão traseira";2;0;0;0;0;0;0;0;0;0;2;0;0;0;0
"09/09/2022";"09:00:00";"302";"Acidente s";"139,8";"BR-116/SP";"Pista Sul";"Engavetamento";1;0;2;0;0;0;0;0;0;0;4;0;0;0;0
"09/09/2022";"11:28:00";"419";"Acidente s";"214";"BR-116/SP";"Pista Norte";"Capotamento";1;0;0;0;0;0;0;0;0;0;2;0;0;0;0
"09/09/2022";"11:57:00";"436";"Acidente s";"47";"BR-116/SP";"Pista Sul";"Colisão traseira";1;0;0;0;0;1;0;0;0;0;2;0;0;0;0
"09/09/2022";"13:24:00";"494";"Acidente s";"145,7";"BR-116/SP";"Pista Norte";"Colisão traseira";2;0;0;0;0;0;0;0;0;0;4;0;0;0;0
"09/09/2022";"13:37:00";"504";"Acidente c";"221,2";"BR-116/SP";"Pista Norte";"Colisão traseira";0;0;0;2;0;0;0;0;0;0;0;1;1;0;0
"09/09/2022";"13:45:00";"512";"Acidente s";"382";"BR-101/RJ";"Pista Norte";"Colisão traseira";2;0;0;0;0;0;0;0;0;0;2;0;0;0;0
"09/09/2022";"14:08:00";"529";"Acidente c";"164";"BR-116/RJ";"Pista Sul";"Engavetamento";0;0;0;1;0;2;0;0;0;0;2;1;0;0;0
"09/09/2022";"14:09:00";"531";"Acidente s";"81,52";"BR-116/SP";"Pista Norte";"Colisão traseira";1;0;0;0;0;1;0;0;0;0;2;0;0;0;0
"09/09/2022";"15:37:00";"601";"Acidente c";"229";"BR-116/SP";"Pista Norte";"Colisão traseira";2;0;0;0;0;0;0;0;0;0;1;4;0;0;0
"09/09/2022";"16:33:00";"652";"Acidente s";"435";"BR-101/RJ";"Pista Norte";"Capotamento";1;0;0;0;0;0;0;0;0;0;1;0;0;0;0
"09/09/2022";"17:37:00";"701";"Acidente s";"276,1";"BR-116/RJ";"Pista Norte";"Colisão traseira";1;0;0;0;0;1;0;0;0;0;2;0;0;0;0
"09/09/2022";"17:41:00";"704";"Acidente c";"54";"BR-116/SP";"Pista Sul";"Colisão traseira";2;0;0;0;0;0;0;0;0;0;3;1;0;0;0
"09/09/2022";"17:58:00";"727";"Acidente c";"221";"BR-116/SP";"Pista Norte";"Colisão traseira";0;0;1;1;0;0;0;0;0;0;2;1;1;0;0
"09/09/2022";"18:03:00";"731";"Acidente c";"31";"BR-101/SP";"Pista Norte";"Colisão frontal";0;0;0;1;0;1;0;0;0;0;2;0;1;0;0
"09/09/2022";"18:24:00";"750";"Acidente c";"140,6";"BR-116/SP";"Pista Sul";"Colisão traseira";0;0;1;1;0;0;0;0;0;0;1;0;0;1;0
"09/09/2022";"18:49:00";"767";"Acidente c";"51";"BR-101/SP";"Pista Sul";"Colisão traseira";2;0;0;0;0;0;0;0;0;0;0;2;0;0;0
"09/09/2022";"20:02:00";"812";"Atropelame";"207,5";"BR-116/SP";"Pista Sul";"Atropelamento de pedestre caminhando";1;0;0;0;0;0;0;0;0;0;1;0;0;0;1
"09/09/2022";"21:34:00";"860";"Acidente c";"45,3";"BR-116/SP";"Pista Norte";"Colisão traseira";1;0;1;0;0;0;0;0;0;0;0;0;0;2;0
"09/09/2022";"21:43:00";"865";"Acidente c";"274,9";"BR-116/RJ";"Pista Norte";"Tombamento";0;0;1;0;0;0;0;0;0;0;0;1;0;0;0
"09/09/2022";"22:35:00";"879";"Acidente s";"311";"BR-116/RJ";"Pista Norte";"Queda de ribanceira";0;0;1;0;0;0;0;0;0;0;1;0;0;0;0
"09/09/2022";"22:55:00";"885";"Acidente c";"207,7";"BR-116/SP";"Pista Norte";"Abalroamento longitudinal";1;0;0;0;0;1;0;0;0;0;1;1;0;0;0
"10/09/2022";"02:54:00";"50";"Acidente s";"64,2";"BR-116/SP";"Pista Norte";"Choque em objeto na pista";4;0;7;0;0;2;0;0;0;2;40;0;0;0;0
"10/09/2022";"03:17:00";"53";"Acidente c";"525";"BR-101/RJ";"Pista Norte";"Queda de ribanceira";0;0;0;0;1;0;0;0;0;0;14;30;0;1;0
"10/09/2022";"06:00:00";"82";"Acidente s";"126,1";"BR-116/SP";"Pista Sul";"Choque em defensa";1;0;0;0;0;0;0;0;0;0;1;0;0;0;0
"10/09/2022";"07:13:00";"123";"Acidente s";"113,62";"BR-116/SP";"Pista Norte";"Engavetamento";3;0;0;0;0;1;0;0;0;0;7;0;0;0;0
"10/09/2022";"07:41:00";"147";"Acidente c";"388";"BR-101/RJ";"Pista Sul";"Capotamento";1;0;0;0;0;0;0;0;0;0;0;2;0;0;0
"10/09/2022";"08:24:00";"177";"Acidente s";"116,4";"BR-116/SP";"Pista Norte";"Colisão traseira";1;0;0;0;0;1;0;0;0;0;3;0;0;0;0
"10/09/2022";"08:36:00";"185";"Acidente s";"414";"BR-101/RJ";"Pista Norte";"Abalroamento longitudinal";2;0;0;0;0;0;0;0;0;0;2;0;0;0;0
"10/09/2022";"09:12:00";"203";"Acidente s";"108,2";"BR-116/SP";"Pista Sul";"Tombamento";1;0;0;0;0;1;0;0;0;0;5;0;0;0;0
"10/09/2022";"09:25:00";"208";"Acidente s";"208,3";"BR-116/SP";"Pista Sul";"Abalroamento longitudinal";2;0;0;0;0;0;0;0;0;0;2;0;0;0;0
"10/09/2022";"10:05:00";"230";"Acidente c";"117,8";"BR-116/SP";"Pista Norte";"Colisão traseira";0;0;0;1;1;0;0;0;0;0;18;0;1;0;0
"10/09/2022";"10:19:00";"237";"Acidente s";"416";"BR-101/RJ";"Pista Norte";"Engavetamento";4;0;0;0;0;0;0;0;0;0;6;0;0;0;0
"10/09/2022";"10:31:00";"246";"Atropelame";"323";"BR-116/RJ";"Pista Sul";"Atropelamento de pedestre caminhando";0;0;0;0;0;1;0;0;0;0;1;0;1;0;0
"10/09/2022";"10:48:00";"258";"Acidente s";"46,5";"BR-101/SP";"Pista Norte";"Colisão traseira";1;0;0;0;0;1;0;0;0;0;2;0;0;0;0
"10/09/2022";"11:34:00";"283";"Atropelame";"518";"BR-101/RJ";"Pista Sul";"Atropelamento de pedestre atravessando";0;1;0;1;0;0;0;0;0;0;0;2;0;0;0
"10/09/2022";"12:55:00";"330";"Acidente c";"448";"BR-101/RJ";"Pista Sul";"Choque em objeto fixo";0;0;0;0;1;0;0;0;0;0;14;3;1;0;0
"10/09/2022";"13:28:00";"351";"Acidente c";"51";"BR-101/SP";"Pista Sul";"Colisão traseira";1;0;0;1;0;0;0;0;0;0;1;1;0;0;0
"10/09/2022";"13:45:00";"365";"Acidente s";"180,9";"BR-116/RJ";"Pista Norte";"Engavetamento";2;0;0;0;0;1;0;0;0;0;3;0;0;0;0
"10/09/2022";"13:54:00";"374";"Acidente c";"217,1";"BR-116/SP";"Pista Norte";"Queda de moto";0;0;0;1;0;0;0;0;0;0;0;2;0;0;0
"10/09/2022";"14:10:00";"382";"Acidente c";"495,8";"BR-101/RJ";"Pista Norte";"Colisão frontal";1;0;0;1;0;0;0;0;0;0;2;0;0;1;0
"10/09/2022";"14:47:00";"402";"Acidente s";"136,3";"BR-116/SP";"Pista Sul";"Colisão traseira";1;0;0;0;0;1;0;0;0;0;3;0;0;0;0
"10/09/2022";"15:10:00";"415";"Acidente s";"283";"BR-116/RJ";"Pista Norte";"Abalroamento longitudinal";1;0;1;0;0;0;0;0;0;0;2;0;0;0;0
"10/09/2022";"15:38:00";"435";"Acidente c";"211,1";"BR-116/SP";"Pista Sul";"Abalroamento longitudinal";1;0;0;1;0;0;0;0;0;0;5;1;0;0;0
"10/09/2022";"15:52:00";"447";"Acidente s";"281,4";"BR-116/RJ";"Pista Norte";"Engavetamento";3;0;0;0;0;0;0;0;0;0;11;0;0;0;0
"10/09/2022";"16:28:00";"478";"Acidente s";"104";"BR-116/SP";"Pista Sul";"Engavetamento";5;0;0;0;0;1;0;0;0;0;22;0;0;0;0
"10/09/2022";"16:44:00";"485";"Acidente c";"195,5";"BR-116/SP";"Pista Sul";"Queda de moto";0;0;0;1;0;0;0;0;0;0;0;2;0;0;0
"10/09/2022";"16:53:00";"492";"Acidente s";"109,8";"BR-116/SP";"Pista Norte";"Choque em barreira New Jersey";1;0;0;0;0;0;0;0;0;0;1;0;0;0;0
"10/09/2022";"17:46:00";"523";"Acidente c";"397";"BR-101/RJ";"Pista Norte";"Engavetamento";3;0;0;0;0;0;0;0;0;0;2;1;0;0;0
"10/09/2022";"19:56:00";"589";"Acidente c";"176,6";"BR-116/RJ";"Pista Sul";"Engavetamento";3;0;0;0;0;0;0;0;0;0;7;3;0;0;0
"10/09/2022";"20:54:00";"605";"Acidente c";"147";"BR-116/SP";"Pista Sul";"Colisão traseira";1;0;0;0;1;0;0;0;0;0;26;1;0;0;0
"10/09/2022";"21:17:00";"614";"Acidente c";"92,7";"BR-116/SP";"Pista Sul";"Queda de moto";0;0;0;1;0;0;0;0;0;0;0;0;2;0;0
"10/09/2022";"23:41:00";"655";"Acidente c";"529";"BR-101/RJ";"Pista Sul";"Choque em objeto fixo";1;0;0;0;0;0;0;0;0;0;0;2;0;0;0