data;horario;n_da_ocorrencia;tipo_de_ocorrencia;km;trecho;sentido;tipo_de_acidente;automovel;bicicleta;caminhao;moto;onibus;outros;tracao_animal;transporte_de_cargas_especiais;trator_maquinas;utilitarios;ilesos;levemente_feridos;moderadamente_feridos;gravemente_feridos;mortos
"10/09/2022";"23:53:00";"660";"Acidente c";"189";"BR-116/RJ";"Pista Sul";"Colisão traseira";1;0;0;0;1;0;0;0;0;0;46;0;1;0;0
"11/09/2022";"02:38:00";"43";"Acidente s";"127,4";"BR-116/SP";"Pista Sul";"Colisão traseira";1;0;0;0;0;0;0;0;0;1;16;0;0;0;0
"11/09/2022";"02:41:00";"44";"Acidente c";"48,3";"BR-116/SP";"Pista Norte";"Choque em defensa";1;0;0;0;0;0;0;0;0;0;0;2;0;0;0
"11/09/2022";"03:39:00";"58";"Acidente c";"221,1";"BR-116/SP";"Pista Norte";"Capotamento";2;0;0;0;0;0;0;0;0;0;1;3;0;0;0
"11/09/2022";"07:03:00";"117";"Acidente s";"274";"BR-116/RJ";"Pista Sul";"Choque em barreira New Jersey";1;0;0;0;0;0;0;0;0;0;1;0;0;0;0
"11/09/2022";"08:46:00";"168";"Acidente s";"75";"BR-116/SP";"Pista Norte";"Colisão traseira";0;0;0;1;0;1;0;0;0;0;1;1;0;0;0
"11/09/2022";"10:16:00";"217";"Acidente c";"26,3";"BR-116/SP";"Pista Sul";"Capotamento";1;0;0;0;0;0;0;0;0;0;2;0;2;1;0
"11/09/2022";"10:50:00";"236";"Acidente c";"219,8";"BR-116/SP";"Pista Norte";"Colisão traseira";0;0;0;1;1;0;0;0;0;0;1;0;1;0;0
"11/09/2022";"10:51:00";"237";"Atropelame";"397";"BR-101/RJ";"Pista Sul";"Atropelamento de pedestre atravessando";1;1;0;0;0;0;0;0;0;0;1;0;0;0;1
"11/09/2022";"14:23:00";"321";"Acidente s";"140,3";"BR-116/SP";"Pista Sul";"Engavetamento";1;0;0;0;0;2;0;0;0;0;6;0;0;0;0
"11/09/2022";"14:35:00";"325";"Acidente s";"104,85";"BR-116/SP";"Pista Sul";"Colisão traseira";2;0;0;0;0;0;0;0;0;0;5;0;0;0;0
"11/09/2022";"15:54:00";"375";"Acidente c";"67,8";"BR-116/SP";"Pista Sul";"Engavetamento";3;0;0;0;0;0;0;0;0;0;2;0;2;0;0
"11/09/2022";"16:02:00";"382";"Acidente s";"92,3";"BR-116/SP";"Pista Sul";"Colisão traseira";1;0;0;0;1;0;0;0;0;0;43;0;0;0;0
"11/09/2022";"16:06:00";"384";"Acidente s";"60,2";"BR-116/SP";"Pista Sul";"Engavetamento";1;0;0;0;0;3;0;0;0;0;5;0;0;0;0
"11/09/2022";"16:08:00";"385";"Acidente c";"303";"BR-116/RJ";"Pista Sul";"Colisão frontal";1;0;0;1;0;0;0;0;0;0;1;1;0;0;0
"11/09/2022";"16:45:00";"410";"Acidente c";"421,4";"BR-101/RJ";"Pista Norte";"Colisão frontal";2;0;0;0;0;0;0;0;0;0;0;5;0;0;0
"11/09/2022";"17:13:00";"424";"Acidente s";"556,8";"BR-101/RJ";"Pista Sul";"Capotamento";1;0;0;0;0;0;0;0;0;0;1;0;0;0;0
"11/09/2022";"17:45:00";"437";"Acidente c";"527";"BR-101/RJ";"Pista Norte";"Choque em objeto fixo";1;0;0;0;0;0;0;0;0;0;0;1;0;0;0
"11/09/2022";"17:57:00";"443";"Acidente c";"265";"BR-116/RJ";"Pista Sul";"Capotamento";1;0;0;0;0;0;0;0;0;0;0;0;1;0;0
"11/09/2022";"18:15:00";"451";"Acidente s";"61,2";"BR-116/SP";"Pista Sul";"Engavetamento";4;0;0;0;0;1;0;0;0;0;11;0;0;0;0
"11/09/2022";"18:50:00";"467";"Acidente s";"482";"BR-101/RJ";"Pista Sul";"Colisão traseira";1;0;0;0;1;0;0;0;0;0;2;0;0;0;0
"11/09/2022";"19:02:00";"478";"Acidente c";"387";"BR-101/RJ";"Pista Sul";"Capotamento";1;0;0;0;0;0;0;0;0;0;0;1;0;0;0
"11/09/2022";"19:13:00";"484";"Atropelame";"503";"BR-101/RJ";"Pista Sul";"Atropelamento de pedestre atravessando";0;0;0;0;0;1;0;0;0;0;1;1;0;0;0
"11/09/2022";"19:16:00";"486";"Acidente s";"61,3";"BR-116/SP";"Pista Sul";"Engavetamento";3;0;0;0;0;0;0;0;0;0;10;0;0;0;0
"11/09/2022";"20:53:00";"530";"Acidente s";"433";"BR-101/RJ";"Pista Norte";"Choque em objeto fixo";1;0;0;0;0;0;0;0;0;0;1;0;0;0;0
"11/09/2022";"21:39:00";"551";"Acidente c";"165";"BR-116/RJ";"Pista Sul";"Abalroamento longitudinal";1;0;1;0;0;0;0;0;0;0;1;1;0;0;0
"11/09/2022";"21:45:00";"556";"Acidente s";"11,2";"BR-116/SP";"Pista Sul";"Atropelamento de animal";1;0;0;0;0;0;0;0;0;0;2;0;0;0;0
"11/09/2022";"21:59:00";"561";"Acidente s";"431";"BR-101/RJ";"Pista Norte";"Choque em objeto fixo";1;0;0;0;0;0;0;0;0;0;1;0;0;0;0
"12/09/2022";"01:20:00";"27";"Acidente c";"165";"BR-116/RJ";"Pista Sul";"Colisão traseira";0;0;0;1;0;1;0;0;0;0;1;0;0;1;0
"12/09/2022";"02:50:00";"37";"Acidente s";"228";"BR-116/SP";"Pista Sul";"Choque em objeto na pista";1;0;0;0;0;0;0;0;0;0;1;0;0;0;0
"12/09/2022";"05:06:00";"59";"Acidente s";"256,1";"BR-116/RJ";"Pista Sul";"Colisão traseira";0;0;1;0;0;0;0;0;0;1;2;0;0;0;0
"12/09/2022";"05:49:00";"83";"Acidente s";"177,5";"BR-116/RJ";"Pista Sul";"Capotamento";1;0;0;0;0;0;0;0;0;0;1;0;0;0;0
"12/09/2022";"08:15:00";"244";"Acidente s";"495";"BR-101/RJ";"Pista Sul";"Choque em objeto fixo";1;0;0;0;0;0;0;0;0;0;4;0;0;0;0
"12/09/2022";"09:53:00";"341";"Acidente s";"227,2";"BR-116/SP";"Pista Norte";"Colisão traseira";1;0;1;0;0;0;0;0;0;0;2;0;0;0;0
"12/09/2022";"11:00:00";"394";"Atropelame";"405,6";"BR-101/RJ";"Pista Sul";"Atropelamento de pedestre atravessando";0;0;0;0;0;1;0;0;0;0;1;1;0;0;0
"12/09/2022";"13:51:00";"494";"Acidente s";"182,1";"BR-116/RJ";"Pista Sul";"Colisão traseira";2;0;0;0;0;0;0;0;0;0;2;0;0;0;0
"12/09/2022";"14:22:00";"509";"Acidente s";"24,6";"BR-116/SP";"Pista Sul";"Engavetamento";0;0;3;0;0;0;0;0;0;0;3;0;0;0;0
"12/09/2022";"14:25:00";"513";"Acidente c";"219,65";"BR-116/SP";"Pista Sul";"Colisão traseira";0;0;0;1;0;1;0;0;0;0;1;1;0;0;0
"12/09/2022";"14:42:00";"518";"Acidente c";"208,8";"BR-116/RJ";"Pista Sul";"Tombamento";0;0;1;0;0;0;0;0;0;0;0;2;0;0;0
"12/09/2022";"14:58:00";"526";"Acidente s";"200";"BR-116/RJ";"Pista Sul";"Choque em defensa";0;0;1;0;0;0;0;0;0;0;1;0;0;0;0
"12/09/2022";"16:18:00";"581";"Acidente c";"145";"BR-116/SP";"Pista Sul";"Abalroamento longitudinal";1;0;0;1;0;0;0;0;0;0;1;1;0;0;0
"12/09/2022";"16:25:00";"586";"Acidente s";"433";"BR-101/RJ";"Pista Sul";"Choque em objeto fixo";2;0;0;0;0;0;0;0;0;0;2;0;0;0;0
"12/09/2022";"17:35:00";"625";"Acidente s";"434";"BR-101/RJ";"Pista Sul";"Choque em objeto fixo";1;0;0;0;0;0;0;0;0;0;1;0;0;0;0
"12/09/2022";"17:39:00";"627";"Acidente s";"427,99";"BR-101/RJ";"Pista Norte";"Colisão frontal";2;0;0;0;0;0;0;0;0;0;2;0;0;0;0
"12/09/2022";"18:29:00";"671";"Acidente c";"228,2";"BR-116/SP";"Pista Sul";"Abalroamento longitudinal";1;0;0;1;0;0;0;0;0;0;1;1;1;0;0
"12/09/2022";"19:35:00";"708";"Acidente s";"97,65";"BR-116/SP";"Pista Sul";"Abalroamento transversal";1;0;1;0;0;0;0;0;0;0;2;0;0;0;0
"12/09/2022";"23:39:00";"795";"Acidente s";"85,8";"BR-116/SP";"Pista Sul";"Choque em objeto fixo";1;0;0;0;0;0;0;0;0;0;1;0;0;0;0
"12/09/2022";"23:45:00";"799";"Acidente s";"37,8";"BR-116/SP";"Pista Sul";"Colisão traseira";0;0;2;0;0;0;0;0;0;0;2;0;0;0;0
"13/09/2022";"01:59:00";"35";"Acidente s";"224,7";"BR-116/SP";"Pista Sul";"Abalroamento longitudinal";0;0;1;0;0;0;0;0;0;1;5;0;0;0;0
"13/09/2022";"02:03:00";"36";"Acidente c";"315,35";"BR-116/RJ";"Pista Sul";"Choque em barreira New Jersey";1;0;0;0;0;0;0;0;0;0;0;1;1;0;0
"13/09/2022";"03:01:00";"50";"Acidente s";"403";"BR-101/RJ";"Pista Sul";"Choque em barreira New Jersey";1;0;0;0;0;0;0;0;0;0;5;0;0;0;0
"13/09/2022";"04:54:00";"78";"Acidente s";"241,1";"BR-116/RJ";"Pista Norte";"Choque em objeto fixo";1;0;0;0;0;0;0;0;0;0;1;0;0;0;0
"13/09/2022";"05:13:00";"80";"Acidente s";"183,6";"BR-116/SP";"Pista Sul";"Colisão traseira";0;0;2;0;0;0;0;0;0;0;2;0;0;0;0
"13/09/2022";"07:16:00";"170";"Acidente c";"219,55";"BR-116/SP";"Pista Sul";"Abalroamento longitudinal";1;0;0;1;0;0;0;0;0;0;2;1;0;0;0
"13/09/2022";"08:58:00";"295";"Acidente s";"103";"BR-116/SP";"Pista Norte";"Abalroamento longitudinal";0;0;3;0;0;0;0;0;0;0;4;0;0;0;0
"13/09/2022";"12:51:00";"446";"Acidente s";"43";"BR-116/SP";"Pista Sul";"Tombamento";0;0;1;0;0;0;0;0;0;0;1;0;0;0;0
"13/09/2022";"13:25:00";"463";"Acidente c";"430";"BR-101/RJ";"Pista Sul";"Choque em objeto fixo";1;0;0;0;0;0;0;0;0;0;0;1;0;0;0
"13/09/2022";"14:32:00";"501";"Acidente s";"275";"BR-116/RJ";"Pista Norte";"Choque em objeto na pista";1;0;0;0;0;0;0;0;0;0;1;0;0;0;0
"13/09/2022";"15:14:00";"532";"Acidente s";"116";"BR-116/SP";"Pista Norte";"Abalroamento longitudinal";1;0;1;0;0;0;0;0;0;0;2;0;0;0;0
"13/09/2022";"15:57:00";"557";"Acidente c";"419,1";"BR-101/RJ";"Pista Norte";"Engavetamento";2;0;0;0;0;0;0;0;0;1;2;1;0;0;0
"13/09/2022";"17:30:00";"606";"Acidente s";"176";"BR-116/RJ";"Pista Sul";"Abalroamento longitudinal";1;0;0;0;0;1;0;0;0;0;3;0;0;0;0
"13/09/2022";"17:33:00";"609";"Acidente s";"483";"BR-101/RJ";"Pista Norte";"Choque em objeto fixo";1;0;0;0;0;0;0;0;0;0;3;0;0;0;0
"13/09/2022";"17:43:00";"614";"Acidente c";"223";"BR-116/SP";"Pista Norte";"Queda de moto";0;0;0;1;0;0;0;0;0;0;0;2;0;0;0
"13/09/2022";"17:46:00";"621";"Acidente s";"198,9";"BR-116/RJ";"Pista Sul";"Choque em objeto na pista";1;0;0;0;0;0;0;0;0;0;1;0;0;0;0
"13/09/2022";"17:56:00";"630";"Acidente c";"481";"BR-101/RJ";"Pista Norte";"Colisão frontal";1;0;0;1;0;0;0;0;0;0;1;0;1;0;0
"13/09/2022";"18:09:00";"637";"Acidente s";"32,5";"BR-116/SP";"Pista Sul";"Engavetamento";1;0;2;0;0;0;0;0;0;0;3;0;0;0;0
"13/09/2022";"18:17:00";"643";"Acidente s";"166";"BR-116/RJ";"Pista Norte";"Colisão traseira";1;0;0;0;0;1;0;0;0;0;2;0;0;0;0
"13/09/2022";"22:05:00";"736";"Acidente s";"206";"BR-116/RJ";"Pista Norte";"Choque em objeto na pista";1;0;0;0;0;0;0;0;0;0;1;0;0;0;0
"14/09/2022";"00:01:00";"14";"Acidente c";"222,8";"BR-116/RJ";"Pista Norte";"Tombamento";0;0;1;0;0;0;0;0;0;0;0;1;0;0;0
"14/09/2022";"01:17:00";"27";"Acidente s";"238,9";"BR-116/RJ";"Pista Sul";"Choque em objeto na pista";1;0;0;0;0;0;0;0;0;0;1;0;0;0;0
"14/09/2022";"02:50:00";"43";"Acidente s";"143,1";"BR-116/SP";"Pista Norte";"Capotamento";1;0;0;0;0;0;0;0;0;0;1;0;0;0;0
"14/09/2022";"05:52:00";"79";"Acidente c";"36,6";"BR-116/SP";"Pista Sul";"Colisão traseira";1;0;0;0;0;1;0;0;0;0;2;0;1;0;0
"14/09/2022";"06:02:00";"81";"Acidente c";"215,1";"BR-116/SP";"Pista Sul";"Colisão traseira";0;0;0;1;0;1;0;0;0;0;1;1;0;0;0
"14/09/2022";"07:25:00";"155";"Acidente c";"238";"BR-116/RJ";"Pista Norte";"Engavetamento";0;0;5;0;0;1;0;0;0;0;4;3;0;0;0
"14/09/2022";"08:18:00";"203";"Acidente s";"215,2";"BR-116/SP";"Pista Norte";"Colisão traseira";1;0;1;0;0;0;0;0;0;0;2;0;0;0;0
"14/09/2022";"08:26:00";"212";"Acidente c";"216,8";"BR-116/SP";"Pista Sul";"Colisão traseira";1;0;0;2;0;0;0;0;0;0;1;3;0;0;0
"14/09/2022";"10:21:00";"306";"Acidente s";"191";"BR-116/RJ";"Pista Sul";"Abalroamento longitudinal";1;0;1;0;0;0;0;0;0;0;2;0;0;0;0
"14/09/2022";"12:06:00";"372";"Atropelame";"199,9";"BR-116/SP";"Pista Norte";"Atropelamento de pedestre atravessando";1;0;0;0;0;0;0;0;0;0;1;0;1;0;0
"14/09/2022";"12:36:00";"387";"Acidente s";"221,2";"BR-116/SP";"Pista Norte";"Colisão traseira";1;0;1;0;0;0;0;0;0;0;4;0;0;0;0
"14/09/2022";"13:27:00";"409";"Acidente s";"218";"BR-116/RJ";"Pista Sul";"Engavetamento";1;0;0;0;0;2;0;0;0;0;3;0;0;0;0
"14/09/2022";"14:31:00";"448";"Acidente s";"48,1";"BR-101/SP";"Pista Sul";"Colisão traseira";2;0;0;0;0;0;0;0;0;0;6;0;0;0;0
"14/09/2022";"15:55:00";"505";"Acidente s";"269";"BR-116/RJ";"Pista Norte";"Colisão traseira";1;0;1;0;0;0;0;0;0;0;2;0;0;0;0
"14/09/2022";"16:05:00";"513";"Acidente s";"439";"BR-101/RJ";"Pista Sul";"Colisão traseira";1;0;1;0;0;0;0;0;0;0;2;0;0;0;0
"14/09/2022";"17:10:00";"549";"Acidente c";"216,7";"BR-116/SP";"Pista Norte";"Abalroamento longitudinal";1;0;0;1;0;0;0;0;0;0;1;1;0;0;0
"14/09/2022";"18:31:00";"610";"Acidente c";"182,3";"BR-116/RJ";"Pista Sul";"Colisão traseira";1;0;1;0;0;0;0;0;0;0;1;0;1;0;0
"14/09/2022";"18:33:00";"611";"Acidente s";"161,2";"BR-116/SP";"Pista Norte";"Engavetamento";5;0;1;0;0;0;0;0;0;0;6;0;0;0;0
"14/09/2022";"18:49:00";"624";"Acidente s";"177";"BR-116/RJ";"Pista Sul";"Engavetamento";1;0;1;0;1;0;0;0;0;0;3;0;0;0;0
"14/09/2022";"19:56:00";"643";"Acidente c";"224";"BR-116/SP";"Pista Norte";"Queda de moto";1;0;0;1;0;0;0;0;0;0;2;1;0;0;0
"14/09/2022";"19:57:00";"644";"Acidente c";"170";"BR-116/SP";"Pista Norte";"Colisão traseira";0;0;0;1;0;1;0;0;0;0;1;0;1;0;0
"14/09/2022";"20:09:00";"648";"Atropelame";"188,5";"BR-116/RJ";"Pista Sul";"Atropelamento de pedestre atravessando";1;0;0;0;0;0;0;0;0;0;1;0;0;0;1
"14/09/2022";"20:31:00";"662";"Acidente s";"181";"BR-116/RJ";"Pista Sul";"Engavetamento";4;0;0;0;0;0;0;0;0;0;4;0;0;0;0
"14/09/2022";"20:36:00";"665";"Acidente s";"169,3";"BR-116/SP";"Pista Norte";"Colisão traseira";0;0;2;0;0;0;0;0;0;0;2;0;0;0;0
"14/09/2022";"21:19:00";"679";"Acidente c";"141";"BR-116/SP";"Pista Sul";"Queda de moto";0;0;0;1;0;1;0;0;0;0;1;1;0;0;0
"14/09/2022";"21:26:00";"681";"Acidente s";"37,7";"BR-116/SP";"Pista Norte";"Choque em barreira New Jersey";1;0;0;0;0;0;0;0;0;0;1;0;0;0;0
"14/09/2022";"21:34:00";"683";"Acidente s";"226";"BR-116/SP";"Pista Sul";"Choque em objeto fixo";1;0;0;0;0;0;0;0;0;0;1;0;0;0;0
"14/09/2022";"22:33:00";"699";"Acidente c";"227,8";"BR-116/SP";"Pista Norte";"Tombamento";0;0;0;0;1;0;0;0;0;0;0;24;1;0;0
"14/09/2022";"22:50:00";"705";"Acidente c";"177";"BR-116/RJ";"Pista Sul";"Colisão traseira";1;0;0;0;1;0;0;0;0;0;40;1;0;0;0
"15/09/2022";"03:42:00";"43";"Acidente s";"219,2";"BR-116/SP";"Pista Norte";"Choque em barreira New Jersey";1;0;0;0;0;0;0;0;0;0;2;0;0;0;0
"15/09/2022";"05:38:00";"62";"Acidente s";"158,1";"BR-116/SP";"Pista Sul";"Choque em objeto na pista";1;0;0;0;0;0;0;0;0;0;1;0;0;0;0
"15/09/2022";"05:40:00";"63";"Acidente c";"99,45";"BR-116/SP";"Pista Norte";"Colisão traseira";0;0;0;1;0;1;0;0;0;0;1;1;0;0;0
"15/09/2022";"05:41:00";"64";"Acidente s";"158,1";"BR-116/SP";"Pista Sul";"Choque em objeto na pista";1;0;0;0;0;0;0;0;0;0;2;0;0;0;0
"15/09/2022";"06:05:00";"74";"Acidente c";"253,5";"BR-116/RJ";"Pista Sul";"Capotamento";1;0;0;0;0;0;0;0;0;0;0;1;0;0;1
"15/09/2022";"06:23:00";"82";"Acidente s";"227,3";"BR-116/SP";"Pista Norte";"Colisão traseira";2;0;0;0;0;0;0;0;0;0;5;0;0;0;0
"15/09/2022";"06:53:00";"105";"Acidente c";"415";"BR-101/RJ";"Pista Norte";"Choque em defensa";1;0;0;0;0;0;0;0;0;0;0;1;0;0;0
"15/09/2022";"06:56:00";"108";"Acidente s";"420";"BR-101/RJ";"Pista Norte";"Choque em barreira New Jersey";1;0;0;0;0;0;0;0;0;0;1;0;0;0;0
"15/09/2022";"07:23:00";"145";"Acidente s";"549";"BR-101/RJ";"Pista Norte";"Queda de ribanceira";1;0;0;0;0;0;0;0;0;0;1;0;0;0;0
"15/09/2022";"08:19:00";"208";"Acidente s";"328,1";"BR-116/RJ";"Pista Norte";"Choque em barreira New Jersey";1;0;0;0;0;0;0;0;0;0;3;0;0;0;0
"15/09/2022";"08:28:00";"223";"Acidente s";"484,5";"BR-101/RJ";"Pista Sul";"Engavetamento";3;0;0;0;0;0;0;0;0;0;3;0;0;0;0
"15/09/2022";"08:34:00";"227";"Acidente s";"31";"BR-116/SP";"Pista Norte";"Choque em defensa";1;0;0;0;0;0;0;0;0;0;1;0;0;0;0
"15/09/2022";"08:38:00";"233";"Acidente c";"142,8";"BR-116/SP";"Pista Sul";"Queda de moto";0;0;0;1;0;0;0;0;0;0;0;0;1;0;0
"15/09/2022";"09:22:00";"275";"Acidente s";"221";"BR-116/RJ";"Pista Norte";"Choque em objeto fixo";1;0;0;0;0;0;0;0;0;0;2;0;0;0;0
"15/09/2022";"09:27:00";"280";"Acidente s";"318";"BR-116/RJ";"Pista Norte";"Capotamento";1;0;0;0;0;0;0;0;0;0;1;0;0;0;0
"15/09/2022";"10:19:00";"311";"Acidente c";"276,8";"BR-116/RJ";"Pista Norte";"Capotamento";1;0;0;0;0;0;0;0;0;0;0;0;2;0;0
"15/09/2022";"11:04:00";"340";"Acidente s";"184,8";"BR-116/RJ";"Pista Norte";"Choque em objeto na pista";1;0;0;0;0;0;0;0;0;0;1;0;0;0;0
"15/09/2022";"11:14:00";"348";"Acidente s";"144,5";"BR-116/SP";"Pista Norte";"Abalroamento longitudinal";1;0;0;1;0;0;0;0;0;0;2;0;0;0;0
"15/09/2022";"11:58:00";"359";"Acidente s";"220,3";"BR-116/SP";"Pista Norte";"Abalroamento longitudinal";1;0;1;0;0;0;0;0;0;0;2;0;0;0;0
"15/09/2022";"15:45:00";"482";"Acidente s";"216,6";"BR-116/SP";"Pista Norte";"Choque em objeto na pista";1;0;0;0;0;0;0;0;0;0;1;0;0;0;0
"15/09/2022";"16:08:00";"497";"Acidente c";"146,3";"BR-116/SP";"Pista Sul";"Queda de moto";0;0;0;1;0;0;0;0;0;0;0;0;1;1;0
"15/09/2022";"16:26:00";"504";"Acidente s";"318,9";"BR-116/RJ";"Pista Sul";"Colisão traseira";1;0;1;0;0;0;0;0;0;0;2;0;0;0;0
"15/09/2022";"18:28:00";"593";"Acidente s";"140,1";"BR-116/SP";"Pista Sul";"Colisão traseira";1;0;1;0;0;0;0;0;0;0;2;0;0;0;0
"15/09/2022";"19:08:00";"616";"Atropelame";"23,8";"BR-116/SP";"Pista Sul";"Atropelamento de pedestre caminhando";0;0;0;0;0;1;0;0;0;0;1;0;0;1;0
"15/09/2022";"19:19:00";"620";"Acidente s";"198";"BR-116/RJ";"Pista Sul";"Atropelamento de animal";1;0;0;0;0;0;0;0;0;0;1;0;0;0;0
"15/09/2022";"19:38:00";"631";"Acidente s";"148";"BR-116/SP";"Pista Norte";"Colisão traseira";2;0;0;0;0;0;0;0;0;0;2;0;0;0;0
"15/09/2022";"19:46:00";"634";"Acidente c";"427";"BR-101/RJ";"Pista Norte";"Capotamento";1;0;0;0;0;0;0;0;0;0;4;0;1;0;0
"15/09/2022";"19:46:00";"635";"Acidente c";"217";"BR-116/SP";"Pista Sul";"Colisão traseira";1;0;0;0;1;0;0;0;0;0;1;3;0;0;0
"15/09/2022";"20:28:00";"654";"Atropelame";"487,5";"BR-101/RJ";"Pista Sul";"Atropelamento de pedestre atravessando";1;0;0;0;0;0;0;0;0;0;1;0;1;0;0
"15/09/2022";"21:21:00";"674";"Acidente s";"28,2";"BR-116/SP";"Pista Sul";"Choque em barreira New Jersey";1;0;0;0;0;0;0;0;0;0;1;0;0;0;0
"15/09/2022";"21:40:00";"684";"Acidente s";"427";"BR-101/RJ";"Pista Norte";"Choque em barreira New Jersey";1;0;0;0;0;0;0;0;0;0;1;0;0;0;0
"15/09/2022";"23:51:00";"716";"Acidente s";"204";"BR-116/RJ";"Pista Sul";"Choque Talude";1;0;1;0;0;0;0;0;0;0;3;0;0;0;0
"15/09/2022";"23:56:00";"719";"Acidente c";"74,9";"BR-116/SP";"Pista Sul";"Colisão traseira";0;0;2;0;0;0;0;0;0;0;1;0;0;1;0
"16/09/2022";"00:48:00";"29";"Acidente s";"42,7";"BR-116/SP";"Pista Sul";"Choque em objeto fixo";0;0;1;0;0;0;0;0;0;0;1;0;0;0;0
"16/09/2022";"03:27:00";"54";"Acidente s";"299,8";"BR-116/RJ";"Pista Norte";"Colisão traseira";0;0;2;0;0;0;0;0;0;0;2;0;0;0;0
"16/09/2022";"05:17:00";"68";"Acidente s";"99";"BR-116/SP";"Pista Norte";"Choque em objeto fixo";1;0;0;0;0;0;0;0;0;0;1;0;0;0;0
"16/09/2022";"06:23:00";"83";"Acidente c";"215,1";"BR-116/SP";"Pista Norte";"Abalroamento longitudinal";1;0;0;1;0;0;0;0;0;0;1;1;0;0;0
"16/09/2022";"06:56:00";"102";"Acidente s";"179,7";"BR-116/RJ";"Pista Norte";"Abalroamento longitudinal";2;0;0;0;0;0;0;0;0;0;2;0;0;0;0
"16/09/2022";"07:15:00";"121";"Acidente c";"166,7";"BR-116/RJ";"Pista Norte";"Engavetamento";2;0;0;1;0;0;0;0;0;0;3;1;0;0;0
"16/09/2022";"07:19:00";"129";"Acidente s";"406,2";"BR-101/RJ";"Pista Sul";"Colisão traseira";2;0;0;0;0;0;0;0;0;0;2;0;0;0;0
"16/09/2022";"07:24:00";"135";"Acidente c";"64,3";"BR-116/SP";"Pista Sul";"Atropelamento de animal";1;0;0;0;0;0;0;0;0;0;1;0;0;0;0
"16/09/2022";"07:43:00";"156";"Acidente s";"211,4";"BR-116/SP";"Pista Sul";"Colisão traseira";1;0;1;0;0;0;0;0;0;0;3;0;0;0;0
"16/09/2022";"07:55:00";"169";"Acidente c";"318";"BR-116/RJ";"Pista Norte";"Colisão traseira";1;0;1;0;0;0;0;0;0;0;1;1;0;0;0
"16/09/2022";"08:22:00";"190";"Acidente s";"175,4";"BR-116/RJ";"Pista Sul";"Colisão traseira";1;0;0;0;0;1;0;0;0;0;2;0;0;0;0
"16/09/2022";"08:28:00";"210";"Acidente s";"61,4";"BR-116/SP";"Pista Sul";"Colisão traseira";2;0;0;0;0;0;0;0;0;0;2;0;0;0;0
"16/09/2022";"08:32:00";"215";"Acidente s";"431,3";"BR-101/RJ";"Pista Norte";"Choque em objeto fixo";1;0;0;0;0;0;0;0;0;0;1;0;0;0;0
"16/09/2022";"10:06:00";"281";"Acidente s";"499,3";"BR-101/RJ";"Pista Norte";"Choque em objeto fixo";1;0;0;0;0;0;0;0;0;0;1;0;0;0;0
"16/09/2022";"10:11:00";"286";"Acidente s";"143,35";"BR-116/SP";"Pista Norte";"Choque em barreira New Jersey";0;0;1;0;0;0;0;0;0;0;1;0;0;0;0
"16/09/2022";"10:21:00";"290";"Acidente c";"144,9";"BR-116/SP";"Pista Norte";"Colisão traseira";2;0;0;0;0;0;0;0;0;0;1;1;0;0;0
"16/09/2022";"11:24:00";"329";"Acidente c";"269";"BR-116/RJ";"Pista Sul";"Colisão traseira";1;0;0;0;0;1;0;0;0;0;1;1;0;0;0
"16/09/2022";"11:25:00";"331";"Acidente s";"70,8";"BR-116/SP";"Pista Sul";"Choque em veículo parado na pista";2;0;0;0;0;0;0;0;0;0;2;0;0;0;0
"16/09/2022";"13:01:00";"382";"Acidente c";"318";"BR-116/RJ";"Pista Norte";"Choque Talude";1;0;0;0;0;0;0;0;0;0;0;2;0;0;0
"16/09/2022";"13:03:00";"383";"Acidente s";"72,6";"BR-116/SP";"Pista Norte";"Não Def";1;0;0;0;0;0;0;0;0;0;1;0;0;0;0
"16/09/2022";"13:21:00";"398";"Acidente s";"269";"BR-116/RJ";"Pista Sul";"Engavetamento";1;0;1;0;0;0;0;0;0;1;3;0;0;0;0
"16/09/2022";"13:31:00";"403";"Acidente s";"230";"BR-116/SP";"Pista Norte";"Colisão traseira";2;0;0;0;0;0;0;0;0;0;3;0;0;0;0
"16/09/2022";"13:41:00";"411";"Acidente c";"223,4";"BR-116/SP";"Pista Sul";"Colisão traseira";1;0;0;1;0;0;0;0;0;0;1;1;0;0;0
"16/09/2022";"13:49:00";"413";"Acidente c";"214,2";"BR-116/SP";"Pista Norte";"Queda de moto";0;0;0;1;0;0;0;0;0;0;0;1;0;0;0
"16/09/2022";"14:17:00";"430";"Acidente c";"214,5";"BR-116/SP";"Pista Sul";"Queda de moto";0;0;0;1;0;0;0;0;0;0;0;0;1;0;0
"16/09/2022";"14:22:00";"433";"Acidente s";"15,8";"BR-116/SP";"Pista Sul";"Choque em barreira New Jersey";0;0;0;0;0;0;0;0;0;1;7;0;0;0;0
"16/09/2022";"14:44:00";"446";"Acidente c";"227,95";"BR-116/RJ";"Pista Norte";"Choque em objeto fixo";1;0;0;0;0;0;0;0;0;0;0;1;0;0;0
"16/09/2022";"14:45:00";"447";"Acidente c";"218,9";"BR-116/RJ";"Pista Sul";"Choque em objeto fixo";2;0;0;0;0;0;0;0;0;0;1;0;1;0;0
"16/09/2022";"15:06:00";"464";"Acidente s";"422";"BR-101/RJ";"Pista Sul";"Choque em defensa";1;0;0;0;0;0;0;0;0;0;1;0;0;0;0
"16/09/2022";"15:12:00";"466";"Acidente c";"432,9";"BR-101/RJ";"Pista Norte";"Capotamento";1;0;0;0;0;0;0;0;0;0;0;1;0;0;0
"16/09/2022";"15:20:00";"470";"Acidente s";"241,52";"BR-116/RJ";"Pista Sul";"Choque em defensa";1;0;0;0;0;0;0;0;0;0;1;0;0;0;0