data;horario;n_da_ocorrencia;tipo_de_ocorrencia;km;trecho;sentido;tipo_de_acidente;automovel;bicicleta;caminhao;moto;onibus;outros;tracao_animal;transporte_de_cargas_especiais;trator_maquinas;utilitarios;ilesos;levemente_feridos;moderadamente_feridos;gravemente_feridos;mortos
"16/09/2022";"15:35:00";"476";"Acidente s";"207,1";"BR-116/RJ";"Pista Norte";"Colisão traseira";2;0;0;0;0;0;0;0;0;0;2;0;0;0;0
"16/09/2022";"15:44:00";"482";"Acidente s";"223,4";"BR-116/RJ";"Pista Norte";"Choque em barreira New Jersey";1;0;0;0;0;0;0;0;0;0;1;0;0;0;0
"16/09/2022";"15:46:00";"483";"Acidente s";"120";"BR-116/SP";"Pista Norte";"Colisão traseira";2;0;0;0;0;0;0;0;0;0;2;0;0;0;0
"16/09/2022";"15:51:00";"487";"Acidente s";"227,85";"BR-116/SP";"Pista Sul";"Choque em veículo parado na pista";1;0;0;0;0;1;0;0;0;1;3;0;0;0;0
"16/09/2022";"15:58:00";"492";"Acidente s";"111,7";"BR-116/SP";"Pista Sul";"Colisão traseira";0;0;1;0;1;0;0;0;0;0;47;0;0;0;0
"16/09/2022";"20:33:00";"674";"Acidente s";"190,4";"BR-116/RJ";"Pista Sul";"Choque em barreira New Jersey";1;0;0;0;0;0;0;0;0;0;1;0;0;0;0
"16/09/2022";"20:54:00";"683";"Acidente s";"524";"BR-101/RJ";"Pista Norte";"Choque em objeto fixo";1;0;0;0;0;0;0;0;0;0;1;0;0;0;0
"16/09/2022";"21:12:00";"694";"Acidente s";"484";"BR-101/RJ";"Pista Sul";"Colisão traseira";2;0;0;0;0;0;0;0;0;0;2;0;0;0;0
"16/09/2022";"21:41:00";"699";"Acidente s";"165,9";"BR-116/RJ";"Pista Sul";"Colisão traseira";1;0;0;0;0;0;0;0;0;1;8;0;0;0;0
"16/09/2022";"22:23:00";"715";"Acidente s";"212,6";"BR-116/SP";"Pista Norte";"Colisão traseira";2;0;0;0;0;0;0;0;0;0;4;0;0;0;0
"17/09/2022";"01:57:00";"30";"Acidente s";"220,7";"BR-116/SP";"Pista Norte";"Engavetamento";3;0;0;0;0;0;0;0;0;0;6;0;0;0;0
"17/09/2022";"02:34:00";"39";"Acidente c";"191,71";"BR-116/RJ";"Pista Sul";"Capotamento";0;0;0;0;0;0;0;0;0;1;0;1;0;0;1
"17/09/2022";"02:44:00";"42";"Acidente c";"277,3";"BR-116/RJ";"Pista Norte";"Choque em objeto na pista";2;0;1;0;0;1;0;0;0;1;4;1;0;0;0
"17/09/2022";"03:57:00";"54";"Acidente c";"222,6";"BR-116/SP";"Pista Norte";"Choque em barreira New Jersey";1;0;0;0;0;0;0;0;0;0;0;1;0;0;0
"17/09/2022";"05:07:00";"61";"Acidente s";"213,3";"BR-116/SP";"Pista Norte";"Choque em objeto fixo";1;0;0;0;0;1;0;0;0;0;2;0;0;0;0
"17/09/2022";"07:27:00";"124";"Acidente c";"417,3";"BR-101/RJ";"Pista Sul";"Colisão frontal";2;0;0;0;0;0;0;0;0;0;0;1;3;0;0
"17/09/2022";"12:27:00";"323";"Acidente s";"133";"BR-116/SP";"Pista Sul";"Abalroamento longitudinal";0;0;2;0;0;0;0;0;0;0;2;0;0;0;0
"17/09/2022";"13:14:00";"346";"Acidente s";"137,2";"BR-116/SP";"Pista Sul";"Engavetamento";5;0;0;0;0;0;0;0;0;0;5;0;0;0;0
"17/09/2022";"14:40:00";"393";"Acidente s";"220,65";"BR-116/SP";"Pista Norte";"Colisão traseira";1;0;1;0;0;0;0;0;0;0;2;0;0;0;0
"17/09/2022";"15:22:00";"419";"Acidente s";"62";"BR-116/SP";"Pista Sul";"Colisão traseira";2;0;0;0;0;0;0;0;0;0;6;0;0;0;0
"17/09/2022";"15:41:00";"432";"Acidente c";"384";"BR-101/RJ";"Pista Sul";"Colisão traseira";2;0;0;0;0;0;0;0;0;0;1;1;0;0;0
"17/09/2022";"16:14:00";"457";"Acidente c";"42";"BR-116/SP";"Pista Sul";"Queda de moto";0;0;0;1;0;0;0;0;0;0;0;1;0;0;0
"17/09/2022";"16:51:00";"468";"Acidente s";"81,4";"BR-116/SP";"Pista Norte";"Abalroamento longitudinal";0;0;1;0;1;0;0;0;0;0;7;0;0;0;0
"17/09/2022";"17:39:00";"491";"Acidente c";"210,2";"BR-116/SP";"Pista Sul";"Engavetamento";3;0;0;0;0;0;0;0;0;0;3;1;0;0;0
"17/09/2022";"17:47:00";"496";"Acidente c";"145,5";"BR-116/SP";"Pista Sul";"Colisão traseira";1;0;1;1;0;0;0;0;0;0;2;0;0;1;1
"17/09/2022";"18:47:00";"519";"Acidente s";"214,8";"BR-116/SP";"Pista Norte";"Colisão traseira";1;0;0;0;0;1;0;0;0;0;3;0;0;0;0
"17/09/2022";"19:15:00";"533";"Acidente s";"207,2";"BR-116/SP";"Pista Sul";"Colisão traseira";2;0;0;0;0;0;0;0;0;0;2;0;0;0;0
"17/09/2022";"19:35:00";"546";"Acidente s";"525";"BR-101/RJ";"Pista Norte";"Choque em objeto fixo";1;0;0;0;0;0;0;0;0;0;1;0;0;0;0
"17/09/2022";"19:46:00";"553";"Acidente s";"395";"BR-101/RJ";"Pista Sul";"Atropelamento de animal";1;0;0;0;0;0;0;0;0;0;1;0;0;0;0
"17/09/2022";"21:39:00";"603";"Acidente s";"43";"BR-101/SP";"Pista Norte";"Capotamento";1;0;0;0;0;0;0;0;0;0;1;0;0;0;0
"17/09/2022";"22:01:00";"611";"Atropelame";"16";"BR-116/SP";"Pista Sul";"Atropelamento de pedestre caminhando";0;0;0;0;0;0;0;0;0;1;10;0;0;0;1
"17/09/2022";"22:06:00";"614";"Acidente s";"18";"BR-116/SP";"Pista Sul";"Abalroamento longitudinal";1;0;0;0;0;1;0;0;0;0;2;0;0;0;0
"18/09/2022";"00:24:00";"18";"Acidente s";"140";"BR-116/SP";"Pista Norte";"Colisão traseira";1;0;0;0;0;1;0;0;0;0;2;0;0;0;0
"18/09/2022";"00:56:00";"27";"Acidente c";"148,45";"BR-116/SP";"Pista Sul";"Colisão traseira";2;0;0;0;0;0;0;0;0;0;1;1;0;0;0
"18/09/2022";"01:51:00";"44";"Acidente s";"54";"BR-116/SP";"Pista Norte";"Colisão traseira";2;0;0;0;0;0;0;0;0;0;2;0;0;0;0
"18/09/2022";"01:54:00";"47";"Acidente s";"13,9";"BR-116/SP";"Pista Norte";"Tombamento";0;0;1;0;0;0;0;0;0;0;2;0;0;0;0
"18/09/2022";"02:24:00";"56";"Acidente s";"159,7";"BR-116/SP";"Pista Sul";"Colisão traseira";2;0;0;0;0;0;0;0;0;0;3;0;0;0;0
"18/09/2022";"03:08:00";"62";"Acidente c";"227,2";"BR-116/SP";"Pista Norte";"Choque em defensa";1;0;0;0;0;0;0;0;0;0;0;1;0;0;0
"18/09/2022";"03:30:00";"70";"Acidente c";"20,7";"BR-101/SP";"Pista Norte";"Queda de moto";0;0;0;1;0;0;0;0;0;0;0;0;1;0;0
"18/09/2022";"05:07:00";"86";"Acidente c";"93,9";"BR-116/SP";"Pista Norte";"Colisão traseira";3;0;0;0;0;0;0;0;0;0;6;1;1;0;0
"18/09/2022";"06:05:00";"94";"Acidente s";"97,6";"BR-116/SP";"Pista Norte";"Queda de ribanceira";1;0;0;0;0;0;0;0;0;0;2;0;0;0;0
"18/09/2022";"06:08:00";"98";"Acidente c";"107,8";"BR-116/SP";"Pista Norte";"Queda de ribanceira";1;0;1;1;0;0;0;0;0;0;2;0;1;0;0
"18/09/2022";"06:11:00";"100";"Acidente s";"223,8";"BR-116/SP";"Pista Norte";"Colisão traseira";1;0;0;0;0;1;0;0;0;0;4;0;0;0;0
"18/09/2022";"06:13:00";"102";"Acidente c";"200,4";"BR-116/SP";"Pista Norte";"Engavetamento";6;0;0;0;0;0;0;0;0;0;14;1;2;0;0
"18/09/2022";"06:24:00";"104";"Acidente c";"124,2";"BR-116/SP";"Pista Norte";"Capotamento";1;0;0;0;0;0;0;0;0;0;2;2;0;0;0
"18/09/2022";"06:41:00";"107";"Acidente c";"142,9";"BR-116/SP";"Pista Norte";"Queda de ribanceira";1;0;0;0;0;0;0;0;0;0;0;0;1;0;0
"18/09/2022";"08:39:00";"158";"Acidente s";"192,3";"BR-116/SP";"Pista Norte";"Choque Talude";0;0;1;0;0;0;0;0;0;0;1;0;0;0;0
"18/09/2022";"08:46:00";"160";"Acidente c";"489,2";"BR-101/RJ";"Pista Sul";"Colisão traseira";0;0;0;1;0;1;0;0;0;0;1;1;0;0;0
"18/09/2022";"11:02:00";"224";"Acidente s";"166,3";"BR-116/SP";"Pista Norte";"Choque em objeto fixo";1;0;0;0;0;0;0;0;0;0;3;0;0;0;0
"18/09/2022";"11:54:00";"242";"Acidente c";"55,6";"BR-116/SP";"Pista Norte";"Queda de moto";0;0;0;1;0;0;0;0;0;0;0;1;1;0;0
"18/09/2022";"14:14:00";"305";"Acidente c";"76,7";"BR-116/SP";"Pista Sul";"Engavetamento";1;0;0;1;0;1;0;0;0;0;2;0;1;0;0
"18/09/2022";"14:30:00";"313";"Acidente s";"212";"BR-116/RJ";"Pista Sul";"Queda de ribanceira";1;0;0;0;0;0;0;0;0;0;1;0;0;0;0
"18/09/2022";"14:51:00";"326";"Acidente s";"250,1";"BR-116/RJ";"Pista Norte";"Atropelamento de animal";0;0;1;0;0;0;0;0;0;0;1;0;0;0;0
"18/09/2022";"16:01:00";"371";"Acidente s";"225,4";"BR-116/SP";"Pista Norte";"Abalroamento longitudinal";2;0;0;0;0;0;0;0;0;0;3;0;0;0;0
"18/09/2022";"16:05:00";"375";"Acidente s";"109,4";"BR-116/SP";"Pista Sul";"Engavetamento";3;0;0;0;0;0;0;0;0;0;3;0;0;0;0
"18/09/2022";"16:44:00";"398";"Acidente c";"38";"BR-101/SP";"Pista Norte";"Colisão frontal";1;0;0;1;0;0;0;0;0;0;1;1;0;0;0
"18/09/2022";"17:54:00";"436";"Acidente c";"210";"BR-116/SP";"Pista Sul";"Abalroamento longitudinal";1;0;0;1;0;0;0;0;0;0;4;1;0;0;0
"18/09/2022";"19:14:00";"480";"Acidente s";"206,4";"BR-116/SP";"Pista Sul";"Engavetamento";1;0;0;0;0;2;0;0;0;0;6;0;0;0;0
"18/09/2022";"19:15:00";"481";"Acidente s";"294";"BR-116/RJ";"Pista Norte";"Engavetamento";3;0;0;0;0;0;0;0;0;0;3;0;0;0;0
"18/09/2022";"20:07:00";"503";"Atropelame";"485";"BR-101/RJ";"Pista Sul";"Atropelamento de pedestre atravessando";0;1;0;1;0;0;0;0;0;0;1;1;0;0;0
"18/09/2022";"20:08:00";"504";"Acidente s";"300";"BR-116/RJ";"Pista Norte";"Colisão traseira";1;0;1;0;0;0;0;0;0;0;2;0;0;0;0
"18/09/2022";"20:23:00";"512";"Acidente c";"144,5";"BR-116/SP";"Pista Norte";"Queda de moto";0;0;0;1;0;0;0;0;0;0;0;0;1;0;0
"18/09/2022";"20:33:00";"518";"Acidente s";"388";"BR-101/RJ";"Pista Norte";"Choque em objeto fixo";1;0;0;0;0;0;0;0;0;0;1;0;0;0;0
"18/09/2022";"20:38:00";"520";"Acidente s";"166,8";"BR-116/SP";"Pista Sul";"Engavetamento";4;0;0;0;1;0;0;0;0;0;47;0;0;0;0
"18/09/2022";"21:05:00";"524";"Acidente s";"207,2";"BR-116/SP";"Pista Sul";"Engavetamento";1;0;0;0;0;2;0;0;0;0;3;0;0;0;0
"18/09/2022";"21:24:00";"536";"Acidente c";"475";"BR-101/RJ";"Pista Sul";"Queda de moto";0;0;0;1;0;0;0;0;0;0;0;0;0;1;0
"18/09/2022";"21:57:00";"546";"Acidente c";"174";"BR-116/RJ";"Pista Norte";"Engavetamento";4;0;0;0;0;0;0;0;0;0;3;1;0;0;0
"18/09/2022";"23:19:00";"574";"Acidente s";"499";"BR-101/RJ";"Pista Sul";"Colisão traseira";1;0;0;0;0;1;0;0;0;0;2;0;0;0;0
"18/09/2022";"23:20:00";"575";"Acidente c";"499";"BR-101/RJ";"Pista Sul";"Capotamento";1;0;0;0;0;0;0;0;0;0;0;1;0;0;0
"19/09/2022";"00:01:00";"15";"Acidente s";"200,8";"BR-116/RJ";"Pista Norte";"Abalroamento longitudinal";1;0;0;0;0;1;0;0;0;0;2;0;0;0;0
"19/09/2022";"01:48:00";"36";"Acidente s";"178,8";"BR-116/RJ";"Pista Sul";"Colisão traseira";2;0;0;0;0;0;0;0;0;0;2;0;0;0;0
"19/09/2022";"01:58:00";"39";"Atropelame";"122,6";"BR-116/SP";"Pista Norte";"Atropelamento de pedestre caminhando";0;0;0;1;0;0;0;0;0;0;0;2;0;0;1
"19/09/2022";"05:42:00";"73";"Acidente s";"486";"BR-101/RJ";"Pista Sul";"Capotamento";1;0;0;0;0;1;0;0;0;0;2;0;0;0;0
"19/09/2022";"07:40:00";"199";"Acidente s";"310,8";"BR-116/RJ";"Pista Sul";"Atropelamento de animal";1;0;0;0;0;0;0;0;0;0;1;0;0;0;0
"19/09/2022";"07:47:00";"204";"Acidente c";"226,5";"BR-116/SP";"Pista Sul";"Colisão traseira";1;0;0;1;0;0;0;0;0;0;1;0;1;0;0
"19/09/2022";"08:44:00";"290";"Acidente s";"265,2";"BR-116/RJ";"Pista Norte";"Atropelamento de animal";1;0;0;0;0;0;0;0;0;0;1;0;0;0;0
"19/09/2022";"11:17:00";"412";"Acidente s";"472";"BR-101/RJ";"Pista Sul";"Choque em objeto na pista";1;0;0;0;0;0;0;0;0;0;1;0;0;0;0
"19/09/2022";"11:49:00";"427";"Acidente c";"90,9";"BR-116/SP";"Pista Norte";"Tombamento";0;0;1;0;0;0;0;0;0;0;1;1;0;0;0
"19/09/2022";"12:50:00";"453";"Acidente s";"590";"BR-101/RJ";"Pista Sul";"Colisão traseira";2;0;0;0;0;0;0;0;0;0;6;0;0;0;0
"19/09/2022";"14:54:00";"514";"Acidente s";"156,9";"BR-116/SP";"Pista Sul";"Abalroamento longitudinal";1;0;1;0;0;0;0;0;0;0;2;0;0;0;0
"19/09/2022";"15:28:00";"534";"Acidente s";"510";"BR-101/RJ";"Pista Sul";"Colisão frontal";1;0;0;0;0;1;0;0;0;0;2;0;0;0;0
"19/09/2022";"16:53:00";"598";"Acidente s";"269";"BR-116/RJ";"Pista Sul";"Atropelamento de animal";1;0;0;0;0;0;0;0;0;0;2;0;0;0;0
"19/09/2022";"17:04:00";"605";"Acidente c";"227,5";"BR-116/SP";"Pista Sul";"Engavetamento";2;0;0;1;0;3;0;0;0;0;6;1;0;0;0
"19/09/2022";"18:04:00";"653";"Acidente c";"168";"BR-116/RJ";"Pista Sul";"Colisão traseira";0;0;0;1;0;1;0;0;0;0;1;0;1;0;0
"19/09/2022";"18:07:00";"657";"Acidente s";"200,2";"BR-116/SP";"Pista Norte";"Colisão traseira";1;0;0;0;0;1;0;0;0;0;2;0;0;0;0
"19/09/2022";"18:17:00";"667";"Acidente s";"576";"BR-101/RJ";"Pista Norte";"Colisão traseira";2;0;0;0;0;0;0;0;0;0;2;0;0;0;0
"19/09/2022";"18:21:00";"669";"Acidente s";"180";"BR-116/RJ";"Pista Norte";"Colisão traseira";2;0;0;0;0;0;0;0;0;0;2;0;0;0;0
"19/09/2022";"19:55:00";"726";"Acidente s";"317,5";"BR-116/RJ";"Pista Norte";"Colisão traseira";0;0;2;0;0;0;0;0;0;0;2;0;0;0;0
"19/09/2022";"22:33:00";"803";"Acidente c";"177,45";"BR-116/RJ";"Pista Sul";"Colisão traseira";1;0;1;0;0;0;0;0;0;0;1;1;0;0;0
"20/09/2022";"02:08:00";"46";"Acidente s";"170,55";"BR-116/RJ";"Pista Sul";"Choque em barreira New Jersey";1;0;0;0;0;0;0;0;0;0;1;0;0;0;0
"20/09/2022";"05:09:00";"77";"Acidente s";"174";"BR-116/RJ";"Pista Norte";"Choque em objeto na pista";1;0;0;0;0;0;0;0;0;0;1;0;0;0;0
"20/09/2022";"05:19:00";"81";"Acidente s";"190,4";"BR-116/SP";"Pista Sul";"Choque em objeto fixo";0;0;1;0;0;0;0;0;0;0;1;0;0;0;0
"20/09/2022";"07:17:00";"183";"Acidente s";"218";"BR-116/SP";"Pista Sul";"Engavetamento";3;0;0;0;0;0;0;0;0;0;3;0;0;0;0
"20/09/2022";"09:03:00";"298";"Acidente c";"180,7";"BR-116/RJ";"Pista Norte";"Queda de moto";0;0;0;1;0;0;0;0;0;0;0;0;1;0;0
"20/09/2022";"10:54:00";"400";"Acidente s";"226";"BR-116/SP";"Pista Sul";"Colisão traseira";0;0;2;0;0;0;0;0;0;0;2;0;0;0;0
"20/09/2022";"11:10:00";"416";"Acidente c";"229,5";"BR-116/SP";"Pista Sul";"Colisão traseira";1;0;0;1;0;0;0;0;0;0;3;1;0;0;0
"20/09/2022";"11:27:00";"427";"Acidente s";"196";"BR-116/RJ";"Pista Sul";"Choque Talude";1;0;0;0;0;0;0;0;0;0;1;0;0;0;0
"20/09/2022";"13:21:00";"487";"Acidente s";"301,4";"BR-116/RJ";"Pista Sul";"Abalroamento longitudinal";1;0;1;0;0;0;0;0;0;0;2;0;0;0;0
"20/09/2022";"15:05:00";"556";"Acidente c";"211,7";"BR-116/SP";"Pista Norte";"Colisão traseira";1;0;0;1;0;0;0;0;0;0;1;1;0;0;0
"20/09/2022";"15:14:00";"560";"Acidente s";"309,5";"BR-116/RJ";"Pista Sul";"Outros";1;0;0;0;0;0;0;0;0;0;2;0;0;0;0
"20/09/2022";"16:01:00";"594";"Acidente s";"200,8";"BR-116/SP";"Pista Norte";"Choque em barreira New Jersey";1;0;0;0;0;0;0;0;0;0;1;0;0;0;0
"20/09/2022";"16:01:00";"593";"Acidente s";"103,31";"BR-116/SP";"Pista Norte";"Choque em objeto na pista";1;0;0;0;0;0;0;0;0;0;1;0;0;0;0
"20/09/2022";"16:27:00";"603";"Acidente s";"175,4";"BR-116/RJ";"Pista Sul";"Abalroamento longitudinal";0;0;0;0;2;0;0;0;0;0;2;0;0;0;0
"20/09/2022";"17:44:00";"651";"Acidente c";"225,9";"BR-116/SP";"Pista Norte";"Abalroamento longitudinal";1;0;0;1;0;0;0;0;0;0;1;0;1;0;0
"20/09/2022";"17:45:00";"652";"Acidente c";"153,6";"BR-116/SP";"Pista Sul";"Colisão traseira";1;0;0;1;0;0;0;0;0;0;1;2;0;0;0
"20/09/2022";"18:02:00";"666";"Acidente s";"150,2";"BR-116/SP";"Pista Norte";"Colisão traseira";1;0;0;0;0;1;0;0;0;0;3;0;0;0;0
"20/09/2022";"18:28:00";"683";"Acidente c";"148,8";"BR-116/SP";"Pista Sul";"Colisão traseira";1;0;0;1;0;1;0;0;0;0;2;1;0;0;0
"21/09/2022";"05:41:00";"63";"Acidente c";"220";"BR-116/SP";"Pista Norte";"Choque em barreira New Jersey";1;0;0;0;0;0;0;0;0;0;1;1;0;0;0
"21/09/2022";"07:07:00";"141";"Acidente c";"211,3";"BR-116/SP";"Pista Sul";"Colisão traseira";2;0;0;0;0;0;0;0;0;0;0;2;0;0;0
"21/09/2022";"07:22:00";"162";"Acidente s";"387,8";"BR-101/RJ";"Pista Norte";"Abalroamento longitudinal";0;0;1;0;0;0;0;0;0;1;2;0;0;0;0
"21/09/2022";"07:27:00";"176";"Acidente s";"207,9";"BR-116/RJ";"Pista Norte";"Abalroamento longitudinal";1;0;0;0;0;1;0;0;0;0;2;0;0;0;0
"21/09/2022";"07:59:00";"214";"Acidente c";"146";"BR-116/SP";"Pista Sul";"Colisão traseira";1;0;0;1;0;0;0;0;0;0;6;1;0;0;0
"21/09/2022";"08:15:00";"233";"Acidente s";"212,2";"BR-116/SP";"Pista Norte";"Colisão traseira";2;0;0;0;0;0;0;0;0;0;2;0;0;0;0
"21/09/2022";"09:34:00";"321";"Acidente c";"228,3";"BR-116/SP";"Pista Sul";"Abalroamento longitudinal";1;0;0;1;0;0;0;0;0;0;1;1;0;0;0
"21/09/2022";"09:45:00";"329";"Acidente s";"164,2";"BR-116/RJ";"Pista Norte";"Abalroamento longitudinal";2;0;0;0;0;0;0;0;0;0;2;0;0;0;0
"21/09/2022";"09:52:00";"333";"Acidente s";"228,3";"BR-116/SP";"Pista Sul";"Colisão traseira";0;0;2;0;0;0;0;0;0;0;2;0;0;0;0
"21/09/2022";"10:01:00";"341";"Acidente s";"224,6";"BR-116/RJ";"Pista Norte";"Capotamento";0;0;0;0;0;0;0;0;0;1;1;0;0;0;0
"21/09/2022";"10:10:00";"347";"Atropelame";"229,23";"BR-116/RJ";"Pista Sul";"Atropelamento de pedestre atravessando";0;0;1;0;0;0;0;0;0;0;1;0;0;0;1
"21/09/2022";"12:03:00";"414";"Acidente s";"466";"BR-101/RJ";"Pista Sul";"Abalroamento longitudinal";1;0;0;0;1;0;0;0;0;0;2;0;0;0;0
"21/09/2022";"13:39:00";"456";"Acidente c";"106,21";"BR-116/SP";"Pista Norte";"Engavetamento";3;0;0;0;0;0;0;0;0;0;4;1;0;0;0
"21/09/2022";"14:18:00";"481";"Acidente s";"42,5";"BR-116/SP";"Pista Norte";"Abalroamento longitudinal";1;0;1;0;0;0;0;0;0;0;6;0;0;0;0
"21/09/2022";"16:56:00";"580";"Acidente s";"221,8";"BR-116/SP";"Pista Norte";"Colisão traseira";0;0;2;0;0;0;0;0;0;0;2;0;0;0;0
"21/09/2022";"17:09:00";"587";"Acidente c";"304";"BR-116/RJ";"Pista Sul";"Colisão traseira";1;0;0;1;0;0;0;0;0;0;1;1;0;0;0
"21/09/2022";"18:30:00";"637";"Acidente c";"175";"BR-116/RJ";"Pista Sul";"Colisão traseira";1;0;0;1;0;0;0;0;0;0;1;1;0;0;0
"21/09/2022";"18:33:00";"639";"Acidente s";"149,8";"BR-116/SP";"Pista Sul";"Engavetamento";3;0;0;0;0;0;0;0;0;0;3;0;0;0;0
"21/09/2022";"20:05:00";"685";"Acidente s";"408,1";"BR-101/RJ";"Pista Norte";"Queda de ribanceira";1;0;0;0;0;0;0;0;0;0;1;0;0;0;0
"21/09/2022";"20:06:00";"686";"Acidente s";"299,4";"BR-116/RJ";"Pista Sul";"Queda de ribanceira";1;0;0;0;0;0;0;0;0;0;3;0;0;0;0
"21/09/2022";"21:04:00";"711";"Acidente s";"218,5";"BR-116/RJ";"Pista Norte";"Abalroamento longitudinal";0;0;1;0;0;1;0;0;0;0;2;0;0;0;0
"21/09/2022";"21:24:00";"716";"Acidente s";"481,9";"BR-101/RJ";"Pista Norte";"Colisão traseira";2;0;0;0;0;0;0;0;0;0;2;0;0;0;0
"21/09/2022";"21:53:00";"724";"Acidente c";"156,4";"BR-116/SP";"Pista Sul";"Colisão traseira";0;0;0;1;0;1;0;0;0;0;1;1;0;0;0
"21/09/2022";"22:40:00";"734";"Acidente s";"222,05";"BR-116/RJ";"Pista Norte";"Tombamento";0;0;1;0;0;0;0;0;0;0;1;0;0;0;0
"22/09/2022";"00:11:00";"18";"Acidente s";"223";"BR-116/SP";"Pista Sul";"Choque em objeto fixo";1;0;0;0;0;0;0;0;0;0;2;0;0;0;0
"22/09/2022";"01:16:00";"38";"Acidente s";"103,1";"BR-116/SP";"Pista Sul";"Choque em barreira New Jersey";1;0;0;0;0;0;0;0;0;0;1;0;0;0;0
"22/09/2022";"06:27:00";"106";"Acidente c";"223,25";"BR-116/SP";"Pista Sul";"Colisão traseira";2;0;0;1;0;0;0;0;0;0;3;0;1;0;0
"22/09/2022";"06:48:00";"125";"Acidente s";"419,5";"BR-101/RJ";"Pista Sul";"Colisão frontal";1;0;0;0;0;0;0;0;0;1;2;0;0;0;0
"22/09/2022";"07:40:00";"212";"Acidente s";"147";"BR-116/SP";"Pista Norte";"Colisão traseira";1;0;0;0;0;1;0;0;0;0;2;0;0;0;0
"22/09/2022";"07:42:00";"214";"Acidente c";"210,1";"BR-116/SP";"Pista Sul";"Abalroamento longitudinal";1;0;0;1;0;0;0;0;0;0;1;1;0;0;0
"22/09/2022";"07:48:00";"219";"Acidente c";"138";"BR-116/SP";"Pista Sul";"Queda de moto";0;0;0;1;0;0;0;0;0;1;1;0;1;0;0
"22/09/2022";"08:30:00";"282";"Acidente s";"133,9";"BR-116/SP";"Pista Sul";"Colisão traseira";2;0;0;0;0;0;0;0;0;0;2;0;0;0;0
"22/09/2022";"09:35:00";"352";"Acidente c";"162";"BR-116/SP";"Pista Norte";"Queda de moto";0;0;0;1;0;0;0;0;0;0;0;1;0;0;0
"22/09/2022";"11:35:00";"438";"Acidente c";"252,5";"BR-116/RJ";"Pista Sul";"Capotamento";1;0;0;0;0;0;0;0;0;0;0;0;1;0;0
"22/09/2022";"12:47:00";"476";"Acidente c";"64,8";"BR-116/SP";"Pista Norte";"Abalroamento longitudinal";0;0;1;1;0;0;0;0;0;0;1;1;0;0;0
"22/09/2022";"17:24:00";"666";"Acidente s";"142,3";"BR-116/SP";"Pista Norte";"Engavetamento";3;0;0;0;0;0;0;0;0;0;3;0;0;0;0
"22/09/2022";"17:39:00";"676";"Acidente s";"187,7";"BR-116/RJ";"Pista Norte";"Engavetamento";4;0;0;0;0;0;0;0;0;0;4;0;0;0;0
"22/09/2022";"17:42:00";"682";"Acidente s";"305";"BR-116/RJ";"Pista Norte";"Abalroamento longitudinal";0;0;1;0;0;1;0;0;0;1;3;0;0;0;0
"22/09/2022";"17:50:00";"692";"Acidente s";"291";"BR-116/RJ";"Pista Norte";"Queda de ribanceira";1;0;0;0;0;0;0;0;0;0;1;0;0;0;0
"22/09/2022";"19:00:00";"736";"Acidente c";"279,5";"BR-116/RJ";"Pista Norte";"Tombamento";0;0;1;0;0;0;0;0;0;0;0;0;0;0;1
"22/09/2022";"19:07:00";"740";"Acidente s";"216,75";"BR-116/SP";"Pista Sul";"Engavetamento";3;0;0;0;0;0;0;0;0;0;3;0;0;0;0
"22/09/2022";"21:45:00";"799";"Acidente s";"405";"BR-101/RJ";"Pista Norte";"Atropelamento de animal";1;0;0;0;0;0;0;0;0;0;1;0;0;0;0
"22/09/2022";"22:39:00";"813";"Acidente c";"104,6";"BR-116/SP";"Pista Sul";"Queda de moto";0;0;0;1;0;0;0;0;0;0;0;2;0;0;0
"23/09/2022";"06:10:00";"125";"Acidente c";"165";"BR-116/RJ";"Pista Norte";"Abalroamento longitudinal";1;0;0;1;0;0;0;0;0;0;1;1;0;0;0
"23/09/2022";"06:46:00";"163";"Acidente c";"166,2";"BR-116/RJ";"Pista Norte";"Abalroamento longitudinal";0;0;1;1;0;0;0;0;0;0;1;1;0;0;0
"23/09/2022";"06:56:00";"179";"Acidente s";"167";"BR-116/RJ";"Pista Sul";"Choque em objeto fixo";1;0;0;0;0;0;0;0;0;0;1;0;0;0;0
"23/09/2022";"08:15:00";"303";"Acidente s";"156,2";"BR-116/SP";"Pista Norte";"Colisão traseira";2;0;0;0;0;0;0;0;0;0;5;0;0;0;0
"23/09/2022";"09:43:00";"391";"Acidente c";"218,3";"BR-116/SP";"Pista Sul";"Abalroamento longitudinal";1;0;0;1;0;0;0;0;0;0;0;3;0;0;0
"23/09/2022";"11:01:00";"445";"Acidente s";"101,7";"BR-116/SP";"Pista Norte";"Engavetamento";1;0;2;0;0;0;0;0;0;0;5;0;0;0;0
"23/09/2022";"11:31:00";"461";"Acidente s";"104";"BR-116/SP";"Pista Norte";"Colisão traseira";2;0;0;0;0;0;0;0;0;0;5;0;0;0;0
"23/09/2022";"13:07:00";"527";"Acidente c";"166";"BR-116/RJ";"Pista Norte";"Abalroamento longitudinal";2;0;0;0;0;0;0;0;0;0;3;1;0;0;0
"23/09/2022";"14:53:00";"583";"Acidente s";"67,3";"BR-116/SP";"Pista Sul";"Capotamento";1;0;0;0;0;0;0;0;0;0;2;0;0;0;0
"23/09/2022";"14:59:00";"591";"Acidente s";"248,2";"BR-116/RJ";"Pista Sul";"Choque em objeto fixo";1;0;0;0;0;0;0;0;0;0;1;0;0;0;0
"23/09/2022";"15:22:00";"614";"Atropelame";"214,5";"BR-116/SP";"Pista Norte";"Atropelamento de pedestre atravessando";0;1;1;0;0;0;0;0;0;0;1;0;0;1;0