data;horario;n_da_ocorrencia;tipo_de_ocorrencia;km;trecho;sentido;tipo_de_acidente;automovel;bicicleta;caminhao;moto;onibus;outros;tracao_animal;transporte_de_cargas_especiais;trator_maquinas;utilitarios;ilesos;levemente_feridos;moderadamente_feridos;gravemente_feridos;mortos
"23/09/2022";"15:29:00";"618";"Acidente c";"274";"BR-116/RJ";"Pista Sul";"Engavetamento";2;0;2;1;0;0;0;0;0;0;4;2;0;0;0
"23/09/2022";"15:40:00";"629";"Acidente c";"221";"BR-116/SP";"Pista Norte";"Colisão traseira";1;0;0;1;0;0;0;0;0;0;1;1;0;0;0
"23/09/2022";"15:45:00";"631";"Acidente s";"272,1";"BR-116/RJ";"Pista Sul";"Engavetamento";1;0;1;0;0;3;0;0;0;0;5;0;0;0;0
"23/09/2022";"16:05:00";"638";"Acidente c";"267,6";"BR-116/RJ";"Pista Sul";"Engavetamento";2;0;2;0;0;0;0;0;0;0;4;2;0;0;0
"23/09/2022";"16:51:00";"661";"Acidente c";"112,8";"BR-116/SP";"Pista Norte";"Engavetamento";3;0;0;1;0;0;0;0;0;0;3;0;1;0;0
"23/09/2022";"17:33:00";"691";"Acidente s";"159,6";"BR-116/SP";"Pista Norte";"Colisão traseira";1;0;0;0;1;0;0;0;0;0;2;0;0;0;0
"23/09/2022";"17:37:00";"695";"Acidente s";"230,35";"BR-116/SP";"Pista Sul";"Engavetamento";2;0;0;0;0;1;0;0;0;0;4;0;0;0;0
"23/09/2022";"18:45:00";"739";"Acidente s";"160,7";"BR-116/SP";"Pista Norte";"Colisão traseira";1;0;1;0;0;0;0;0;0;0;3;0;0;0;0
"23/09/2022";"18:53:00";"745";"Acidente c";"147";"BR-116/SP";"Pista Norte";"Abalroamento longitudinal";1;0;0;1;0;0;0;0;0;0;2;1;0;0;0
"23/09/2022";"19:10:00";"758";"Acidente c";"309";"BR-116/RJ";"Pista Norte";"Colisão traseira";0;0;0;1;0;1;0;0;0;0;1;0;1;0;0
"23/09/2022";"19:19:00";"761";"Acidente s";"185";"BR-116/RJ";"Pista Sul";"Engavetamento";3;0;0;1;0;0;0;0;0;0;4;0;0;0;0
"23/09/2022";"20:18:00";"795";"Acidente c";"201,5";"BR-116/RJ";"Pista Sul";"Colisão traseira";1;0;0;1;0;0;0;0;0;0;1;1;1;0;0
"23/09/2022";"20:43:00";"811";"Acidente s";"318,9";"BR-116/RJ";"Pista Sul";"Colisão traseira";0;0;1;0;1;0;0;0;0;0;28;0;0;0;0
"23/09/2022";"21:22:00";"824";"Acidente c";"214,7";"BR-116/SP";"Pista Norte";"Abalroamento longitudinal";1;0;0;1;0;0;0;0;0;0;2;2;0;0;0
"23/09/2022";"22:58:00";"862";"Acidente s";"204";"BR-116/RJ";"Pista Sul";"Choque em objeto na pista";1;0;0;0;0;0;0;0;0;0;1;0;0;0;0
"23/09/2022";"23:39:00";"877";"Acidente s";"129";"BR-116/SP";"Pista Norte";"Atropelamento de animal";1;0;0;0;0;0;0;0;0;0;1;0;0;0;0
"23/09/2022";"23:54:00";"879";"Acidente c";"168";"BR-116/RJ";"Pista Sul";"Choque em veículo parado na pista";1;0;0;0;0;0;0;0;0;1;0;0;1;0;1
"24/09/2022";"01:11:00";"30";"Acidente s";"145,9";"BR-116/SP";"Pista Norte";"Choque em veículo parado na pista";1;0;0;0;0;1;0;0;0;0;2;0;0;0;0
"24/09/2022";"02:49:00";"53";"Atropelame";"298";"BR-116/RJ";"Pista Norte";"Atropelamento de pedestre atravessando";0;1;0;0;0;1;0;0;0;0;1;0;0;1;0
"24/09/2022";"03:26:00";"61";"Acidente s";"230";"BR-116/SP";"Pista Sul";"Colisão traseira";1;0;0;0;0;1;0;0;0;0;2;0;0;0;0
"24/09/2022";"04:46:00";"75";"Acidente c";"218,8";"BR-116/SP";"Pista Norte";"Colisão traseira";2;0;0;0;0;0;0;0;0;0;1;3;0;0;0
"24/09/2022";"05:01:00";"79";"Acidente c";"173,5";"BR-116/RJ";"Pista Sul";"Colisão traseira";2;0;0;0;0;0;0;0;0;0;0;2;0;0;0
"24/09/2022";"07:46:00";"147";"Acidente s";"178";"BR-116/RJ";"Pista Norte";"Colisão traseira";2;0;0;0;0;0;0;0;0;0;2;0;0;0;0
"24/09/2022";"08:13:00";"169";"Acidente s";"174";"BR-116/RJ";"Pista Norte";"Abalroamento longitudinal";2;0;0;0;0;0;0;0;0;0;2;0;0;0;0
"24/09/2022";"08:32:00";"190";"Acidente s";"254,8";"BR-116/RJ";"Pista Norte";"Abalroamento longitudinal";1;0;0;0;0;0;0;0;0;1;2;0;0;0;0
"24/09/2022";"08:44:00";"198";"Acidente s";"226,5";"BR-116/RJ";"Pista Sul";"Colisão traseira";2;0;0;0;0;0;0;0;0;0;2;0;0;0;0
"24/09/2022";"09:11:00";"209";"Acidente c";"198";"BR-116/RJ";"Pista Norte";"Queda de ribanceira";1;0;0;0;0;0;0;0;0;0;0;1;0;0;0
"24/09/2022";"09:19:00";"213";"Acidente c";"229";"BR-116/SP";"Pista Sul";"Colisão traseira";2;0;0;1;0;0;0;0;0;0;4;1;0;0;0
"24/09/2022";"11:45:00";"284";"Acidente s";"441,4";"BR-101/RJ";"Pista Norte";"Queda de ribanceira";0;0;1;0;0;0;0;0;0;0;1;0;0;0;0
"24/09/2022";"12:30:00";"301";"Acidente s";"165,3";"BR-116/SP";"Pista Norte";"Colisão traseira";1;0;0;0;0;1;0;0;0;0;4;0;0;0;0
"24/09/2022";"12:38:00";"305";"Acidente s";"568";"BR-101/RJ";"Pista Norte";"Colisão traseira";1;0;1;0;0;0;0;0;0;0;2;0;0;0;0
"24/09/2022";"13:51:00";"335";"Acidente s";"58,7";"BR-116/SP";"Pista Norte";"Colisão traseira";1;0;0;0;1;0;0;0;0;0;9;0;0;0;0
"24/09/2022";"15:40:00";"392";"Acidente s";"229,6";"BR-116/SP";"Pista Norte";"Colisão traseira";1;0;0;0;0;0;0;0;0;1;6;0;0;0;0
"24/09/2022";"16:00:00";"402";"Acidente s";"144,19";"BR-116/SP";"Pista Sul";"Choque em barreira New Jersey";1;0;1;0;0;0;0;0;0;0;4;0;0;0;0
"24/09/2022";"21:02:00";"524";"Acidente c";"227";"BR-116/SP";"Pista Sul";"Abalroamento longitudinal";0;0;0;1;0;1;0;0;0;0;1;0;0;1;0
"24/09/2022";"22:47:00";"556";"Acidente s";"230,2";"BR-116/SP";"Pista Sul";"Choque em veículo parado na pista";2;0;0;0;0;0;0;0;0;0;3;0;0;0;0
"24/09/2022";"22:55:00";"559";"Acidente s";"127,9";"BR-116/SP";"Pista Norte";"Choque em objeto fixo";1;0;0;0;0;0;0;0;0;0;3;0;0;0;0
"25/09/2022";"00:13:00";"19";"Atropelame";"184,5";"BR-116/SP";"Pista Norte";"Atropelamento de pedestre atravessando";1;0;0;0;0;0;0;0;0;0;1;0;0;0;1
"25/09/2022";"00:23:00";"23";"Acidente s";"201,4";"BR-116/SP";"Pista Norte";"Colisão frontal";2;0;0;0;0;0;0;0;0;0;4;0;0;0;0
"25/09/2022";"00:41:00";"26";"Acidente c";"204,6";"BR-116/SP";"Pista Sul";"Choque em veículo parado na pista";0;0;1;1;0;0;0;0;0;0;1;0;1;0;1
"25/09/2022";"01:24:00";"40";"Acidente s";"431";"BR-101/RJ";"Pista Norte";"Choque em barreira New Jersey";1;0;0;0;0;0;0;0;0;0;1;0;0;0;0
"25/09/2022";"02:19:00";"54";"Acidente s";"222,9";"BR-116/SP";"Pista Sul";"Choque em barreira New Jersey";1;0;0;0;0;0;0;0;0;0;1;0;0;0;0
"25/09/2022";"04:46:00";"83";"Acidente s";"215,1";"BR-116/SP";"Pista Norte";"Capotamento";1;0;0;0;0;0;0;0;0;0;3;0;0;0;0
"25/09/2022";"04:51:00";"86";"Acidente s";"73,58";"BR-116/SP";"Pista Sul";"Choque em barreira New Jersey";1;0;0;0;0;0;0;0;0;0;1;0;0;0;0
"25/09/2022";"04:51:00";"87";"Acidente c";"465";"BR-101/RJ";"Pista Sul";"Queda de moto";0;0;0;1;0;0;0;0;0;0;0;0;1;0;0
"25/09/2022";"05:02:00";"89";"Acidente c";"144,55";"BR-116/SP";"Pista Norte";"Engavetamento";3;0;0;0;0;1;0;0;0;0;2;1;1;0;0
"25/09/2022";"05:25:00";"91";"Acidente s";"103,35";"BR-116/SP";"Pista Sul";"Choque em defensa";1;0;0;0;0;0;0;0;0;0;1;0;0;0;0
"25/09/2022";"05:53:00";"96";"Acidente s";"302,5";"BR-116/RJ";"Pista Sul";"Capotamento";1;0;0;0;0;0;0;0;0;0;1;0;0;0;0
"25/09/2022";"06:02:00";"99";"Acidente c";"177,5";"BR-116/RJ";"Pista Norte";"Abalroamento longitudinal";1;0;0;0;1;0;0;0;0;0;1;0;0;1;0
"25/09/2022";"07:04:00";"120";"Acidente c";"177,5";"BR-116/RJ";"Pista Norte";"Abalroamento longitudinal";0;0;0;1;0;1;0;0;0;0;1;2;0;0;0
"25/09/2022";"07:59:00";"152";"Acidente c";"210,6";"BR-116/SP";"Pista Sul";"Choque em barreira New Jersey";1;0;0;0;0;0;0;0;0;0;0;1;0;0;0
"25/09/2022";"08:02:00";"153";"Acidente s";"138,2";"BR-116/SP";"Pista Norte";"Abalroamento longitudinal";1;0;1;0;0;0;0;0;0;0;2;0;0;0;0
"25/09/2022";"08:44:00";"169";"Acidente c";"178,6";"BR-116/RJ";"Pista Norte";"Queda de moto";0;0;0;1;0;0;0;0;0;0;0;0;0;0;1
"25/09/2022";"09:02:00";"177";"Acidente c";"220,6";"BR-116/RJ";"Pista Sul";"Choque em defensa";0;0;0;1;0;0;0;0;0;0;0;0;0;2;0
"25/09/2022";"12:44:00";"267";"Acidente c";"238";"BR-116/RJ";"Pista Sul";"Queda de moto";0;0;0;1;0;0;0;0;0;0;0;1;0;0;0
"25/09/2022";"12:54:00";"268";"Acidente s";"79,3";"BR-116/SP";"Pista Sul";"Queda de moto";0;0;0;1;0;0;0;0;0;0;2;0;0;0;0
"25/09/2022";"14:29:00";"313";"Acidente c";"448";"BR-101/RJ";"Pista Sul";"Choque em objeto fixo";1;0;0;0;0;0;0;0;0;0;0;0;1;0;0
"25/09/2022";"14:34:00";"317";"Acidente c";"327";"BR-116/RJ";"Pista Sul";"Choque em defensa";1;0;0;0;0;0;0;0;0;0;0;1;0;0;0
"25/09/2022";"16:15:00";"372";"Acidente s";"34,7";"BR-116/SP";"Pista Norte";"Engavetamento";5;0;1;0;0;1;0;0;0;0;7;0;0;0;0
"25/09/2022";"16:44:00";"390";"Acidente c";"141,8";"BR-116/SP";"Pista Sul";"Queda de moto";0;0;0;1;0;0;0;0;0;0;0;1;0;0;0
"25/09/2022";"17:49:00";"425";"Acidente s";"175";"BR-116/RJ";"Pista Sul";"Engavetamento";4;0;0;0;0;0;0;0;0;0;4;0;0;0;0
"25/09/2022";"19:21:00";"474";"Atropelame";"230";"BR-116/SP";"Pista Norte";"Atropelamento de pedestre caminhando";0;0;0;0;0;1;0;0;0;0;1;0;0;1;0
"25/09/2022";"19:30:00";"480";"Acidente s";"204,6";"BR-116/SP";"Pista Sul";"Colisão traseira";1;0;1;0;0;0;0;0;0;0;3;0;0;0;0
"25/09/2022";"19:53:00";"490";"Acidente c";"183,5";"BR-116/RJ";"Pista Sul";"Abalroamento longitudinal";2;0;0;0;0;0;0;0;0;0;1;1;0;0;0
"25/09/2022";"20:28:00";"508";"Acidente s";"133,4";"BR-116/SP";"Pista Norte";"Choque em objeto na pista";1;0;0;0;0;0;0;0;0;0;1;0;0;0;0
"25/09/2022";"20:38:00";"511";"Acidente s";"33,8";"BR-116/SP";"Pista Norte";"Choque em objeto fixo";1;0;0;0;0;0;0;0;0;0;1;0;0;0;0
"25/09/2022";"20:40:00";"513";"Acidente s";"155,7";"BR-116/SP";"Pista Norte";"Choque em objeto fixo";1;0;0;0;0;0;0;0;0;0;1;0;0;0;0
"25/09/2022";"22:18:00";"548";"Atropelame";"157,4";"BR-116/SP";"Pista Sul";"Atropelamento de pedestre atravessando";0;1;0;0;0;1;0;0;0;0;1;1;0;0;0
"25/09/2022";"23:27:00";"574";"Acidente c";"292,5";"BR-116/RJ";"Pista Norte";"Colisão traseira";1;0;0;0;0;1;0;0;0;0;1;0;1;0;0
"26/09/2022";"00:29:00";"23";"Acidente s";"170";"BR-116/RJ";"Pista Sul";"Choque em barreira New Jersey";1;0;0;0;0;0;0;0;0;0;1;0;0;0;0
"26/09/2022";"06:26:00";"94";"Acidente c";"192,7";"BR-116/RJ";"Pista Norte";"Colisão traseira";1;0;0;0;0;0;0;0;0;2;2;1;0;0;0
"26/09/2022";"06:54:00";"122";"Acidente s";"180,7";"BR-116/RJ";"Pista Norte";"Abalroamento longitudinal";1;0;0;0;1;0;0;0;0;0;62;0;0;0;0
"26/09/2022";"06:56:00";"126";"Acidente s";"213";"BR-116/SP";"Pista Sul";"Colisão traseira";1;0;0;0;0;1;0;0;0;0;2;0;0;0;0
"26/09/2022";"07:18:00";"164";"Acidente s";"138,9";"BR-116/SP";"Pista Sul";"Abalroamento longitudinal";1;0;1;0;0;0;0;0;0;1;9;0;0;0;0
"26/09/2022";"08:01:00";"220";"Acidente s";"138,75";"BR-116/SP";"Pista Sul";"Colisão traseira";1;0;0;1;0;0;0;0;0;0;2;0;0;0;0
"26/09/2022";"08:09:00";"245";"Acidente s";"282";"BR-116/RJ";"Pista Sul";"Engavetamento";3;0;0;0;0;0;0;0;0;0;3;0;0;0;0
"26/09/2022";"08:11:00";"251";"Acidente s";"189,8";"BR-116/RJ";"Pista Sul";"Choque em defensa";1;0;0;0;0;0;0;0;0;0;1;0;0;0;0
"26/09/2022";"08:35:00";"275";"Acidente s";"287,8";"BR-116/RJ";"Pista Sul";"Engavetamento";2;0;0;0;0;2;0;0;0;0;5;0;0;0;0
"26/09/2022";"09:08:00";"299";"Atropelame";"399";"BR-101/RJ";"Pista Sul";"Atropelamento de pedestre atravessando";1;1;0;0;0;0;0;0;0;0;1;1;0;0;0
"26/09/2022";"09:18:00";"312";"Acidente c";"63,9";"BR-116/SP";"Pista Sul";"Colisão traseira";1;0;0;1;0;0;0;0;0;0;1;1;0;0;0
"26/09/2022";"11:36:00";"402";"Acidente s";"229,5";"BR-116/SP";"Pista Sul";"Abalroamento longitudinal";1;0;1;0;0;0;0;0;0;0;2;0;0;0;0
"26/09/2022";"12:26:00";"427";"Acidente s";"297,1";"BR-116/RJ";"Pista Sul";"Engavetamento";1;0;1;1;0;0;0;0;0;0;3;0;0;0;0
"26/09/2022";"13:08:00";"449";"Acidente c";"38,1";"BR-116/SP";"Pista Sul";"Colisão traseira";0;0;2;0;0;0;0;0;0;0;2;1;0;0;0
"26/09/2022";"13:42:00";"471";"Acidente c";"166,2";"BR-116/SP";"Pista Norte";"Colisão traseira";0;0;2;0;0;0;0;0;0;0;0;2;0;0;0
"26/09/2022";"14:05:00";"479";"Acidente s";"170,7";"BR-116/RJ";"Pista Sul";"Capotamento";1;0;0;0;0;0;0;0;0;0;1;0;0;0;0
"26/09/2022";"14:11:00";"480";"Acidente c";"169,95";"BR-116/RJ";"Pista Sul";"Colisão traseira";1;0;1;0;0;0;0;0;0;0;1;1;0;0;0
"26/09/2022";"14:43:00";"496";"Acidente s";"166";"BR-116/SP";"Pista Sul";"Colisão traseira";1;0;0;0;0;1;0;0;0;0;2;0;0;0;0
"26/09/2022";"15:36:00";"530";"Acidente c";"226,5";"BR-116/RJ";"Pista Norte";"Capotamento";1;0;0;0;0;0;0;0;0;0;0;1;0;0;0
"26/09/2022";"15:39:00";"532";"Acidente c";"217";"BR-116/SP";"Pista Norte";"Choque em barreira New Jersey";1;0;0;0;0;0;0;0;0;0;1;1;0;0;0
"26/09/2022";"17:43:00";"608";"Acidente c";"223,07";"BR-116/SP";"Pista Norte";"Colisão traseira";0;0;0;1;0;1;0;0;0;0;1;0;1;0;0
"26/09/2022";"18:31:00";"645";"Acidente c";"107,1";"BR-116/SP";"Pista Sul";"Colisão traseira";0;0;0;0;0;0;0;0;0;2;2;1;0;0;0
"26/09/2022";"18:35:00";"647";"Acidente s";"15,9";"BR-116/SP";"Pista Sul";"Colisão traseira";0;0;1;0;0;1;0;0;0;0;1;0;0;2;0
"26/09/2022";"18:42:00";"651";"Acidente c";"185,5";"BR-116/RJ";"Pista Sul";"Choque em objeto fixo";1;0;0;0;0;0;0;0;0;0;1;1;0;0;0
"26/09/2022";"18:52:00";"655";"Acidente c";"15,6";"BR-116/SP";"Pista Sul";"Engavetamento";2;0;2;0;0;1;0;0;0;0;3;0;2;0;0
"26/09/2022";"18:54:00";"658";"Acidente s";"147,3";"BR-116/SP";"Pista Sul";"Engavetamento";3;0;0;0;0;0;0;0;0;0;8;0;0;0;0
"26/09/2022";"18:54:00";"657";"Acidente s";"151";"BR-116/SP";"Pista Sul";"Capotamento";1;0;0;0;0;0;0;0;0;0;1;0;0;0;0
"26/09/2022";"19:31:00";"675";"Acidente s";"323";"BR-116/RJ";"Pista Norte";"Colisão traseira";1;0;1;0;0;0;0;0;0;0;2;0;0;0;0
"26/09/2022";"20:31:00";"695";"Acidente s";"278";"BR-116/RJ";"Pista Sul";"Choque em defensa";1;0;0;0;0;0;0;0;0;0;1;0;0;0;0
"26/09/2022";"20:34:00";"697";"Acidente c";"195,9";"BR-116/SP";"Pista Norte";"Colisão traseira";1;0;0;1;0;0;0;0;0;0;1;1;0;0;0
"26/09/2022";"21:08:00";"714";"Acidente s";"387";"BR-101/RJ";"Pista Norte";"Queda de ribanceira";1;0;0;0;0;0;0;0;0;0;2;0;0;0;0
"26/09/2022";"21:37:00";"731";"Atropelame";"213,5";"BR-116/SP";"Pista Sul";"Atropelamento de pedestre atravessando";0;0;0;0;0;1;0;0;0;0;1;0;0;0;1
"26/09/2022";"21:55:00";"737";"Acidente c";"314,3";"BR-116/RJ";"Pista Sul";"Choque em barreira New Jersey";1;0;0;0;0;0;0;0;0;0;0;1;0;0;0
"26/09/2022";"22:23:00";"745";"Acidente s";"422";"BR-101/RJ";"Pista Sul";"Choque em objeto fixo";1;0;0;0;0;0;0;0;0;0;1;0;0;0;0
"26/09/2022";"22:32:00";"747";"Acidente c";"380,8";"BR-101/RJ";"Pista Norte";"Colisão traseira";1;0;0;0;0;1;0;0;0;0;2;2;0;0;0
"26/09/2022";"23:00:00";"752";"Acidente c";"524,8";"BR-101/RJ";"Pista Sul";"Choque em defensa";1;0;0;0;0;0;0;0;0;0;0;1;0;0;0
"26/09/2022";"23:13:00";"753";"Acidente c";"173,7";"BR-116/SP";"Pista Sul";"Colisão traseira";0;0;2;0;0;0;0;0;0;0;1;1;0;0;0
"27/09/2022";"00:39:00";"23";"Acidente s";"303";"BR-116/RJ";"Pista Norte";"Choque em objeto fixo";0;0;0;0;0;0;0;0;0;1;1;0;0;0;0
"27/09/2022";"01:17:00";"30";"Acidente s";"84,9";"BR-116/SP";"Pista Sul";"Choque em barreira New Jersey";0;0;1;0;0;0;0;0;0;0;2;0;0;0;0
"27/09/2022";"04:27:00";"52";"Acidente s";"223,68";"BR-116/SP";"Pista Sul";"Colisão traseira";0;0;2;0;0;0;0;0;0;0;2;0;0;0;0
"27/09/2022";"04:29:00";"53";"Acidente s";"57,65";"BR-116/SP";"Pista Norte";"Choque em objeto fixo";0;0;1;0;0;0;0;0;0;0;1;0;0;0;0
"27/09/2022";"06:11:00";"84";"Acidente c";"218,18";"BR-116/SP";"Pista Sul";"Abalroamento longitudinal";1;0;0;1;0;0;0;0;0;0;1;1;0;0;0
"27/09/2022";"06:26:00";"98";"Acidente s";"528";"BR-101/RJ";"Pista Norte";"Choque em objeto fixo";1;0;0;0;0;0;0;0;0;0;1;0;0;0;0
"27/09/2022";"07:34:00";"183";"Acidente c";"217,3";"BR-116/SP";"Pista Sul";"Colisão traseira";0;0;1;1;0;0;0;0;0;0;1;1;0;0;0
"27/09/2022";"07:59:00";"207";"Acidente c";"215";"BR-116/SP";"Pista Norte";"Abalroamento longitudinal";1;0;0;0;0;1;0;0;0;0;1;1;0;0;0
"27/09/2022";"08:59:00";"286";"Acidente s";"223,4";"BR-116/RJ";"Pista Norte";"Choque Talude";0;0;1;0;0;0;0;0;0;0;1;0;0;0;0
"27/09/2022";"09:38:00";"335";"Acidente s";"137,4";"BR-116/SP";"Pista Sul";"Engavetamento";0;0;3;0;0;0;0;0;0;0;3;0;0;0;0
"27/09/2022";"09:49:00";"356";"Acidente s";"53,4";"BR-116/SP";"Pista Norte";"Atropelamento de animal";1;0;0;0;0;0;0;0;0;0;1;0;0;0;0
"27/09/2022";"10:16:00";"379";"Acidente s";"190,5";"BR-116/RJ";"Pista Sul";"Colisão traseira";1;0;1;0;0;0;0;0;0;0;2;0;0;0;0
"27/09/2022";"10:37:00";"394";"Acidente s";"228,3";"BR-116/SP";"Pista Sul";"Engavetamento";3;0;0;0;0;0;0;0;0;0;3;0;0;0;0
"27/09/2022";"11:18:00";"438";"Acidente c";"227,8";"BR-116/SP";"Pista Sul";"Abalroamento longitudinal";1;0;0;1;0;0;0;0;0;0;2;1;0;0;0
"27/09/2022";"13:49:00";"540";"Acidente c";"231";"BR-116/SP";"Pista Norte";"Colisão traseira";1;0;0;2;0;0;0;0;0;0;1;2;0;0;0
"27/09/2022";"15:04:00";"584";"Acidente c";"301";"BR-116/RJ";"Pista Sul";"Colisão traseira";0;0;2;0;0;0;0;0;0;0;1;1;0;0;0
"27/09/2022";"15:10:00";"587";"Acidente s";"427";"BR-101/RJ";"Pista Norte";"Abalroamento transversal";0;0;0;0;0;2;0;0;0;1;3;0;0;0;0
"27/09/2022";"15:33:00";"602";"Acidente s";"217";"BR-116/SP";"Pista Sul";"Choque em defensa";1;0;0;0;0;0;0;0;0;0;1;0;0;0;0
"27/09/2022";"15:38:00";"604";"Acidente s";"60,9";"BR-116/SP";"Pista Norte";"Capotamento";1;0;0;0;0;0;0;0;0;0;1;0;0;0;0
"27/09/2022";"17:26:00";"675";"Atropelame";"317,9";"BR-116/RJ";"Pista Sul";"Atropelamento de pedestre atravessando";1;0;0;0;0;0;0;0;0;0;1;0;0;0;1
"27/09/2022";"18:15:00";"712";"Atropelame";"184,43";"BR-116/RJ";"Pista Norte";"Atropelamento de pedestre atravessando";0;1;0;0;1;0;0;0;0;0;1;1;0;0;0
"27/09/2022";"18:45:00";"734";"Acidente c";"154,8";"BR-116/SP";"Pista Norte";"Abalroamento longitudinal";1;0;1;0;0;0;0;0;0;0;3;1;0;0;0
"27/09/2022";"18:47:00";"735";"Acidente s";"168,9";"BR-116/RJ";"Pista Norte";"Colisão traseira";1;0;0;0;0;1;0;0;0;0;2;0;0;0;0
"27/09/2022";"18:59:00";"741";"Atropelame";"564,5";"BR-101/RJ";"Pista Sul";"Atropelamento de pedestre atravessando";0;0;0;1;0;0;0;0;0;0;1;0;1;0;0
"27/09/2022";"19:22:00";"752";"Atropelame";"51,6";"BR-116/SP";"Pista Sul";"Atropelamento de pedestre atravessando";0;0;0;1;0;1;0;0;0;0;2;0;0;0;1
"27/09/2022";"19:52:00";"766";"Acidente s";"156,6";"BR-116/SP";"Pista Sul";"Engavetamento";1;0;0;0;0;2;0;0;0;0;3;0;0;0;0
"27/09/2022";"20:30:00";"779";"Acidente c";"549";"BR-101/RJ";"Pista Norte";"Abalroamento longitudinal";0;0;0;1;0;1;0;0;0;0;1;1;0;0;0
"28/09/2022";"01:25:00";"34";"Acidente s";"224,6";"BR-116/RJ";"Pista Sul";"Choque em barreira New Jersey";0;0;1;0;0;0;0;0;0;0;1;0;0;0;0
"28/09/2022";"03:04:00";"56";"Acidente s";"198,2";"BR-116/SP";"Pista Sul";"Atropelamento de animal";1;0;0;0;0;0;0;0;0;0;2;0;0;0;0
"28/09/2022";"03:51:00";"65";"Acidente s";"257,95";"BR-116/RJ";"Pista Sul";"Atropelamento de animal";0;0;1;0;0;0;0;0;0;0;1;0;0;0;0
"28/09/2022";"05:02:00";"76";"Acidente s";"218,5";"BR-116/SP";"Pista Sul";"Choque em objeto na pista";1;0;0;0;0;0;0;0;0;0;1;0;0;0;0
"28/09/2022";"05:23:00";"81";"Acidente s";"179";"BR-116/RJ";"Pista Norte";"Colisão traseira";1;0;0;0;0;1;0;0;0;0;2;0;0;0;0
"28/09/2022";"06:53:00";"133";"Atropelame";"166";"BR-116/RJ";"Pista Norte";"Atropelamento de pedestre atravessando";0;0;0;1;0;0;0;0;0;0;0;2;0;0;0
"28/09/2022";"07:21:00";"161";"Acidente s";"165,5";"BR-116/RJ";"Pista Norte";"Engavetamento";1;0;0;2;0;0;0;0;0;0;3;0;0;0;0
"28/09/2022";"07:29:00";"166";"Acidente c";"122,45";"BR-116/SP";"Pista Norte";"Engavetamento";3;0;0;0;0;0;0;0;0;0;2;2;0;0;0
"28/09/2022";"09:05:00";"266";"Acidente s";"218,6";"BR-116/SP";"Pista Norte";"Colisão traseira";0;0;1;0;0;1;0;0;0;0;2;0;0;0;0
"28/09/2022";"10:18:00";"340";"Acidente s";"220,1";"BR-116/RJ";"Pista Sul";"Capotamento";1;0;0;0;0;0;0;0;0;0;1;0;0;0;0
"28/09/2022";"10:42:00";"355";"Acidente s";"118,8";"BR-116/SP";"Pista Norte";"Choque em objeto fixo";0;0;1;0;0;0;0;0;0;0;1;0;0;0;0
"28/09/2022";"10:47:00";"358";"Acidente c";"523,2";"BR-101/RJ";"Pista Sul";"Capotamento";1;0;0;0;0;0;0;0;0;0;3;1;0;0;0
"28/09/2022";"10:48:00";"359";"Acidente s";"124,7";"BR-116/SP";"Pista Sul";"Colisão traseira";2;0;0;0;0;1;0;0;0;0;3;0;0;0;0
"28/09/2022";"11:50:00";"404";"Acidente s";"141,3";"BR-116/SP";"Pista Norte";"Choque em objeto fixo";1;0;0;0;0;0;0;0;0;0;1;0;0;0;0
"28/09/2022";"11:55:00";"406";"Acidente s";"28,35";"BR-116/SP";"Pista Sul";"Choque em barreira New Jersey";0;0;1;0;0;0;0;0;0;0;1;0;0;0;0
"28/09/2022";"12:13:00";"411";"Acidente s";"248,75";"BR-116/RJ";"Pista Norte";"Abalroamento longitudinal";1;0;0;0;0;1;0;0;0;0;2;0;0;0;0
"28/09/2022";"12:21:00";"414";"Acidente c";"165";"BR-116/RJ";"Pista Sul";"Abalroamento longitudinal";1;0;0;1;0;0;0;0;0;0;2;1;0;0;0
"28/09/2022";"12:28:00";"416";"Acidente s";"28,45";"BR-116/SP";"Pista Sul";"Choque em barreira New Jersey";0;0;1;0;0;0;0;0;0;0;1;0;0;0;0
"28/09/2022";"13:22:00";"439";"Acidente s";"38,9";"BR-116/SP";"Pista Norte";"Choque em barreira New Jersey";1;0;0;0;0;0;0;0;0;0;1;0;0;0;0
"28/09/2022";"13:27:00";"443";"Acidente s";"106,7";"BR-116/SP";"Pista Sul";"Outros";0;0;1;0;0;0;0;0;0;0;1;0;0;0;0
"28/09/2022";"13:37:00";"449";"Acidente s";"106,8";"BR-116/SP";"Pista Sul";"Colisão traseira";0;0;2;0;0;0;0;0;0;0;2;0;0;0;0
"28/09/2022";"13:51:00";"456";"Acidente s";"36,8";"BR-116/SP";"Pista Sul";"Choque em defensa";0;0;1;0;0;0;0;0;0;0;1;0;0;0;0
"28/09/2022";"14:42:00";"472";"Acidente s";"459";"BR-101/RJ";"Pista Sul";"Choque em objeto fixo";1;0;0;0;0;0;0;0;0;0;1;0;0;0;0
"28/09/2022";"14:52:00";"481";"Acidente s";"125,05";"BR-116/SP";"Pista Norte";"Engavetamento";0;0;3;0;0;0;0;0;0;0;3;0;0;0;0
"28/09/2022";"16:46:00";"541";"Acidente s";"226";"BR-116/RJ";"Pista Norte";"Choque em barreira New Jersey";1;0;0;0;0;0;0;0;0;0;3;0;0;0;0
"28/09/2022";"17:03:00";"544";"Acidente s";"158";"BR-116/SP";"Pista Norte";"Choque em veículo parado na pista";2;0;0;0;0;0;0;0;0;0;2;0;0;0;0