data;horario;n_da_ocorrencia;tipo_de_ocorrencia;km;trecho;sentido;tipo_de_acidente;automovel;bicicleta;caminhao;moto;onibus;outros;tracao_animal;transporte_de_cargas_especiais;trator_maquinas;utilitarios;ilesos;levemente_feridos;moderadamente_feridos;gravemente_feridos;mortos
"28/09/2022";"17:07:00";"547";"Acidente s";"158";"BR-116/SP";"Pista Norte";"Choque em objeto na pista";1;0;0;0;0;0;0;0;0;0;1;0;0;0;0
"28/09/2022";"18:28:00";"602";"Acidente s";"1,55";"BR-116/SP";"Pista Sul";"Choque Talude";1;0;0;0;0;0;0;0;0;0;1;0;0;0;0
"28/09/2022";"18:44:00";"608";"Acidente s";"204,7";"BR-116/SP";"Pista Norte";"Choque em veículo parado na pista";2;0;0;0;0;0;0;0;0;0;2;0;0;0;0
"28/09/2022";"19:05:00";"616";"Acidente s";"290";"BR-116/RJ";"Pista Norte";"Queda de ribanceira";1;0;0;0;0;0;0;0;0;0;3;0;0;0;0
"28/09/2022";"19:11:00";"620";"Acidente s";"218";"BR-116/SP";"Pista Norte";"Colisão traseira";1;0;0;1;0;0;0;0;0;0;2;0;0;0;0
"28/09/2022";"19:37:00";"628";"Acidente s";"104,9";"BR-116/SP";"Pista Sul";"Choque em objeto fixo";1;0;0;0;0;0;0;0;0;0;2;0;0;0;0
"28/09/2022";"19:42:00";"630";"Acidente c";"156,2";"BR-116/SP";"Pista Norte";"Queda de moto";0;0;0;1;0;0;0;0;0;0;0;1;0;0;0
"28/09/2022";"20:04:00";"640";"Acidente s";"384";"BR-101/RJ";"Pista Norte";"Choque em barreira New Jersey";1;0;0;0;0;0;0;0;0;0;1;0;0;0;0
"28/09/2022";"20:41:00";"662";"Acidente s";"385";"BR-101/RJ";"Pista Norte";"Capotamento";1;0;0;0;0;0;0;0;0;0;1;0;0;0;0
"28/09/2022";"20:42:00";"663";"Acidente s";"70,7";"BR-116/SP";"Pista Norte";"Choque em barreira New Jersey";1;0;0;0;0;0;0;0;0;0;2;0;0;0;0
"28/09/2022";"21:51:00";"689";"Acidente c";"201";"BR-116/SP";"Pista Norte";"Choque em objeto fixo";0;0;1;0;0;0;0;0;0;0;0;1;0;0;0
"29/09/2022";"00:34:00";"24";"Acidente s";"92,2";"BR-116/SP";"Pista Norte";"Choque em objeto fixo";1;0;0;0;0;0;0;0;0;0;1;0;0;0;0
"29/09/2022";"00:56:00";"29";"Acidente c";"178";"BR-116/RJ";"Pista Norte";"Colisão traseira";1;0;0;1;0;0;0;0;0;0;1;1;0;0;0
"29/09/2022";"01:01:00";"30";"Acidente c";"525";"BR-101/RJ";"Pista Norte";"Capotamento";1;0;0;0;0;0;0;0;0;0;0;0;1;0;0
"29/09/2022";"02:01:00";"41";"Acidente s";"244,1";"BR-116/RJ";"Pista Norte";"Choque em objeto fixo";0;0;1;0;0;0;0;0;0;0;1;0;0;0;0
"29/09/2022";"03:10:00";"51";"Acidente c";"46";"BR-101/SP";"Pista Sul";"Queda de moto";0;0;0;1;0;0;0;0;0;0;0;1;0;0;0
"29/09/2022";"03:38:00";"62";"Acidente s";"186,8";"BR-116/RJ";"Pista Sul";"Choque em objeto fixo";1;0;0;0;0;0;0;0;0;0;1;0;0;0;0
"29/09/2022";"03:56:00";"65";"Acidente c";"107,25";"BR-116/SP";"Pista Sul";"Choque em barreira New Jersey";2;0;0;0;0;0;0;0;0;0;4;1;0;0;0
"29/09/2022";"04:03:00";"66";"Acidente s";"89,05";"BR-116/SP";"Pista Norte";"Capotamento";1;0;0;0;0;0;0;0;0;0;1;0;0;0;0
"29/09/2022";"05:22:00";"82";"Acidente s";"245";"BR-116/RJ";"Pista Sul";"Choque em barreira New Jersey";2;0;0;0;0;0;0;0;0;0;3;0;0;0;0
"29/09/2022";"05:23:00";"83";"Acidente c";"292";"BR-116/RJ";"Pista Norte";"Choque em barreira New Jersey";0;0;1;0;0;0;0;0;0;0;0;1;0;0;0
"29/09/2022";"06:30:00";"107";"Acidente c";"167,8";"BR-116/RJ";"Pista Norte";"Colisão traseira";1;0;0;1;0;1;0;0;0;0;2;0;1;0;0
"29/09/2022";"07:49:00";"180";"Acidente s";"38,4";"BR-116/SP";"Pista Norte";"Choque em objeto fixo";0;0;1;0;0;0;0;0;0;0;1;0;0;0;0
"29/09/2022";"07:54:00";"190";"Acidente c";"224,2";"BR-116/SP";"Pista Norte";"Colisão traseira";1;0;0;1;0;0;0;0;0;0;0;2;0;0;0
"29/09/2022";"07:58:00";"193";"Acidente s";"311,2";"BR-116/RJ";"Pista Norte";"Outros";1;0;0;0;0;0;0;0;0;0;1;0;0;0;0
"29/09/2022";"08:22:00";"214";"Acidente s";"546";"BR-101/RJ";"Pista Norte";"Choque em objeto fixo";1;0;0;0;0;0;0;0;0;0;1;0;0;0;0
"29/09/2022";"08:36:00";"224";"Acidente s";"332";"BR-116/RJ";"Pista Norte";"Choque em barreira New Jersey";1;0;0;0;0;0;0;0;0;0;3;0;0;0;0
"29/09/2022";"08:57:00";"241";"Acidente s";"229,9";"BR-116/RJ";"Pista Norte";"Choque em barreira New Jersey";0;0;1;0;0;0;0;0;0;0;1;0;0;0;0
"29/09/2022";"08:58:00";"242";"Acidente s";"140,45";"BR-116/SP";"Pista Sul";"Abalroamento longitudinal";1;0;1;0;0;0;0;0;0;0;2;0;0;0;0
"29/09/2022";"09:30:00";"266";"Acidente s";"226,5";"BR-116/RJ";"Pista Norte";"Choque Talude";1;0;0;0;0;0;0;0;0;0;1;0;0;0;0
"29/09/2022";"10:00:00";"301";"Acidente s";"523,5";"BR-101/RJ";"Pista Sul";"Choque em objeto fixo";1;0;0;0;0;0;0;0;0;0;1;0;0;0;0
"29/09/2022";"13:57:00";"465";"Acidente s";"166,8";"BR-116/SP";"Pista Sul";"Choque em objeto fixo";1;0;0;0;0;0;0;0;0;0;1;0;0;0;0
"29/09/2022";"15:03:00";"493";"Acidente s";"166";"BR-116/RJ";"Pista Norte";"Choque em objeto fixo";1;0;0;0;0;0;0;0;0;0;1;0;0;0;0
"29/09/2022";"15:24:00";"508";"Acidente s";"146,25";"BR-116/SP";"Pista Sul";"Engavetamento";1;0;1;0;0;0;0;0;0;1;3;0;0;0;0
"29/09/2022";"17:54:00";"608";"Acidente c";"176,65";"BR-116/RJ";"Pista Sul";"Abalroamento longitudinal";2;0;0;1;0;0;0;0;0;0;7;1;0;0;0
"29/09/2022";"17:55:00";"609";"Acidente s";"72,6";"BR-116/SP";"Pista Norte";"Abalroamento longitudinal";1;0;1;0;0;0;0;0;0;0;5;0;0;0;0
"29/09/2022";"18:43:00";"634";"Acidente c";"384";"BR-101/RJ";"Pista Sul";"Atropelamento de animal";0;0;0;1;0;0;0;0;0;0;0;1;0;0;0
"29/09/2022";"19:09:00";"649";"Acidente c";"230";"BR-116/SP";"Pista Norte";"Colisão traseira";1;0;0;1;0;0;0;0;0;0;1;1;0;0;0
"29/09/2022";"19:14:00";"651";"Acidente s";"177,75";"BR-116/RJ";"Pista Norte";"Choque em barreira New Jersey";1;0;0;0;0;0;0;0;0;0;1;0;0;0;0
"29/09/2022";"19:15:00";"653";"Acidente c";"214,6";"BR-116/SP";"Pista Sul";"Capotamento";1;0;0;0;0;0;0;0;0;0;0;1;0;0;0
"29/09/2022";"19:56:00";"672";"Acidente c";"214,6";"BR-116/SP";"Pista Norte";"Abalroamento longitudinal";1;0;0;1;0;0;0;0;0;0;2;1;0;0;0
"29/09/2022";"21:18:00";"703";"Acidente s";"106,3";"BR-116/SP";"Pista Sul";"Choque em objeto na pista";1;0;0;0;0;0;0;0;0;0;1;0;0;0;0
"30/09/2022";"00:18:00";"21";"Acidente s";"540";"BR-101/RJ";"Pista Norte";"Queda de ribanceira";1;0;0;0;0;0;0;0;0;0;1;0;0;0;0
"30/09/2022";"01:01:00";"27";"Acidente s";"210";"BR-116/SP";"Pista Norte";"Choque em barreira New Jersey";1;0;0;0;0;0;0;0;0;0;1;0;0;0;0
"30/09/2022";"01:03:00";"28";"Acidente s";"143";"BR-116/SP";"Pista Norte";"Choque em objeto na pista";1;0;0;0;0;0;0;0;0;0;1;0;0;0;0
"30/09/2022";"04:17:00";"57";"Acidente s";"283,8";"BR-116/RJ";"Pista Norte";"Colisão traseira";1;0;0;0;0;1;0;0;0;0;1;0;0;0;0
"30/09/2022";"04:30:00";"60";"Acidente s";"226,3";"BR-116/SP";"Pista Norte";"Tombamento";0;0;1;0;0;0;0;0;0;0;1;0;0;0;0
"30/09/2022";"04:37:00";"63";"Acidente s";"313,3";"BR-116/RJ";"Pista Norte";"Choque em objeto na pista";1;0;0;0;0;0;0;0;0;0;1;0;0;0;0
"30/09/2022";"04:38:00";"64";"Acidente s";"283,2";"BR-116/RJ";"Pista Norte";"Colisão traseira";1;0;1;0;0;0;0;0;0;0;2;0;0;0;0
"30/09/2022";"04:59:00";"69";"Acidente s";"222,1";"BR-116/RJ";"Pista Norte";"Choque em objeto fixo";1;0;0;0;0;0;0;0;0;0;1;0;0;0;0
"30/09/2022";"05:51:00";"79";"Acidente s";"293,2";"BR-116/RJ";"Pista Norte";"Colisão traseira";0;0;2;0;0;0;0;0;0;0;2;0;0;0;0
"30/09/2022";"05:59:00";"80";"Acidente s";"205,2";"BR-116/SP";"Pista Norte";"Abalroamento longitudinal";1;0;0;0;0;1;0;0;0;0;2;0;0;0;0
"30/09/2022";"06:04:00";"83";"Acidente c";"187,2";"BR-116/SP";"Pista Sul";"Choque em barreira New Jersey";0;0;1;0;0;0;0;0;0;0;0;1;0;0;0
"30/09/2022";"07:08:00";"135";"Acidente s";"496";"BR-101/RJ";"Pista Sul";"Choque em objeto fixo";1;0;0;0;0;0;0;0;0;0;1;0;0;0;0
"30/09/2022";"07:10:00";"138";"Acidente s";"52";"BR-101/SP";"Pista Norte";"Choque em objeto fixo";1;0;0;0;0;0;0;0;0;0;1;0;0;0;0
"30/09/2022";"10:06:00";"308";"Acidente c";"252";"BR-116/RJ";"Pista Norte";"Queda de moto";0;0;0;1;0;0;0;0;0;0;0;1;0;0;0
"30/09/2022";"10:18:00";"317";"Acidente c";"164,7";"BR-116/RJ";"Pista Sul";"Queda de moto";0;0;0;1;0;0;0;0;0;0;0;0;0;1;0
"30/09/2022";"10:18:00";"318";"Acidente c";"229,8";"BR-116/SP";"Pista Sul";"Colisão traseira";1;0;0;1;0;0;0;0;0;0;1;0;1;0;0
"30/09/2022";"11:07:00";"363";"Acidente c";"67";"BR-116/SP";"Pista Sul";"Colisão traseira";0;0;1;1;0;0;0;0;0;0;1;0;1;0;0
"30/09/2022";"11:20:00";"374";"Acidente s";"169";"BR-116/RJ";"Pista Norte";"Engavetamento";4;0;0;0;0;0;0;0;0;0;4;0;0;0;0
"30/09/2022";"12:19:00";"403";"Acidente s";"467,8";"BR-101/RJ";"Pista Sul";"Choque Talude";1;0;0;0;0;0;0;0;0;0;1;0;0;0;0
"30/09/2022";"13:12:00";"433";"Acidente c";"258";"BR-116/RJ";"Pista Sul";"Tombamento";0;0;1;1;0;0;0;0;0;0;0;0;0;2;0
"30/09/2022";"14:24:00";"485";"Acidente c";"228,7";"BR-116/SP";"Pista Norte";"Colisão traseira";1;0;1;0;0;0;0;0;0;0;1;2;0;0;0
"30/09/2022";"14:36:00";"494";"Acidente s";"191,6";"BR-116/SP";"Pista Norte";"Choque em objeto fixo";1;0;0;0;0;0;0;0;0;0;1;0;0;0;0
"30/09/2022";"16:17:00";"561";"Acidente c";"452";"BR-101/RJ";"Pista Sul";"Engavetamento";2;0;0;0;0;1;0;0;0;0;3;1;0;0;0
"30/09/2022";"16:49:00";"578";"Acidente s";"102,3";"BR-116/SP";"Pista Sul";"Colisão traseira";0;0;1;0;0;1;0;0;0;0;2;0;0;0;0
"30/09/2022";"17:52:00";"615";"Acidente s";"194";"BR-116/SP";"Pista Sul";"Choque em barreira New Jersey";1;0;0;0;0;0;0;0;0;0;1;0;0;0;0
"30/09/2022";"18:13:00";"633";"Acidente s";"152,3";"BR-116/SP";"Pista Norte";"Colisão traseira";1;0;1;0;0;0;0;0;0;0;2;0;0;0;0
"30/09/2022";"18:14:00";"635";"Acidente c";"148,5";"BR-116/SP";"Pista Norte";"Engavetamento";3;0;0;0;0;1;0;0;0;0;2;4;0;0;0
"30/09/2022";"18:50:00";"651";"Acidente c";"202,5";"BR-116/SP";"Pista Norte";"Engavetamento";1;0;0;0;0;2;0;0;0;0;3;1;0;0;0
"30/09/2022";"18:52:00";"653";"Atropelame";"64,7";"BR-116/SP";"Pista Norte";"Atropelamento de pedestre caminhando";0;0;0;0;0;1;0;0;0;0;1;0;0;0;1
"30/09/2022";"19:30:00";"673";"Acidente s";"75,6";"BR-116/SP";"Pista Sul";"Engavetamento";4;0;0;0;0;0;0;0;0;0;4;0;0;0;0
"30/09/2022";"19:48:00";"681";"Acidente s";"203,8";"BR-116/RJ";"Pista Sul";"Queda de ribanceira";1;0;0;0;0;0;0;0;0;0;1;0;0;0;0
"30/09/2022";"20:19:00";"699";"Acidente s";"280";"BR-116/RJ";"Pista Norte";"Choque em barreira New Jersey";1;0;0;0;0;0;0;0;0;0;1;0;0;0;0
"30/09/2022";"21:51:00";"749";"Acidente s";"198,5";"BR-116/SP";"Pista Norte";"Colisão traseira";1;0;1;0;0;0;0;0;0;0;2;0;0;0;0
"30/09/2022";"22:15:00";"760";"Acidente s";"225,75";"BR-116/RJ";"Pista Norte";"Capotamento";1;0;0;0;0;0;0;0;0;0;1;0;0;0;0
"30/09/2022";"22:32:00";"769";"Acidente s";"118,9";"BR-116/SP";"Pista Sul";"Abalroamento longitudinal";0;0;2;0;0;0;0;0;0;0;2;0;0;0;0
"30/09/2022";"23:44:00";"787";"Acidente s";"229,8";"BR-116/SP";"Pista Norte";"Choque em objeto fixo";1;0;0;0;0;0;0;0;0;0;1;0;0;0;0
"01/10/2022";"01:14:00";"43";"Acidente s";"111,3";"BR-116/SP";"Pista Norte";"Choque em veículo parado na pista";1;0;1;0;0;0;0;0;0;0;2;0;0;0;0
"01/10/2022";"03:37:00";"67";"Acidente c";"221,5";"BR-116/SP";"Pista Sul";"Choque em defensa";1;0;0;0;0;0;0;0;0;0;0;1;0;0;0
"01/10/2022";"04:08:00";"73";"Acidente c";"292,9";"BR-116/RJ";"Pista Norte";"Abalroamento longitudinal";0;0;2;1;0;0;0;0;0;0;2;0;2;0;0
"01/10/2022";"04:50:00";"81";"Acidente s";"268,1";"BR-116/RJ";"Pista Norte";"Choque em barreira New Jersey";1;0;0;0;0;0;0;0;0;0;4;0;0;0;0
"01/10/2022";"05:24:00";"91";"Acidente s";"156,7";"BR-116/SP";"Pista Norte";"Queda de ribanceira";1;0;0;0;0;0;0;0;0;0;1;0;0;0;0
"01/10/2022";"05:46:00";"93";"Acidente s";"215";"BR-116/SP";"Pista Sul";"Colisão traseira";1;0;1;0;0;0;0;0;0;0;2;0;0;0;0
"01/10/2022";"06:14:00";"101";"Acidente s";"390";"BR-101/RJ";"Pista Norte";"Choque em barreira New Jersey";1;0;0;0;0;0;0;0;0;0;1;0;0;0;0
"01/10/2022";"08:51:00";"198";"Acidente s";"226,7";"BR-116/SP";"Pista Sul";"Engavetamento";2;0;1;0;0;0;0;0;0;0;3;0;0;0;0
"01/10/2022";"08:52:00";"202";"Acidente c";"67,15";"BR-116/SP";"Pista Sul";"Queda de ribanceira";1;0;0;0;0;0;0;0;0;0;0;0;0;1;0
"01/10/2022";"10:26:00";"265";"Acidente s";"180,3";"BR-116/RJ";"Pista Norte";"Engavetamento";2;0;0;0;0;0;0;0;0;2;4;0;0;0;0
"01/10/2022";"11:03:00";"284";"Acidente s";"114,8";"BR-116/SP";"Pista Sul";"Colisão traseira";1;0;1;0;0;0;0;0;0;0;4;0;0;0;0
"01/10/2022";"11:03:00";"283";"Acidente s";"237,2";"BR-116/RJ";"Pista Sul";"Choque em objeto na pista";1;0;0;0;0;0;0;0;0;0;4;0;0;0;0
"01/10/2022";"12:50:00";"340";"Acidente s";"167,3";"BR-116/RJ";"Pista Norte";"Colisão traseira";1;0;0;0;0;1;0;0;0;0;2;0;0;0;0
"01/10/2022";"13:18:00";"355";"Acidente c";"222,7";"BR-116/SP";"Pista Norte";"Engavetamento";2;0;0;0;0;0;0;0;0;1;4;1;0;0;0
"01/10/2022";"13:27:00";"359";"Acidente s";"143,75";"BR-116/SP";"Pista Norte";"Abalroamento longitudinal";1;0;1;0;0;0;0;0;0;0;3;0;0;0;0
"01/10/2022";"14:50:00";"395";"Acidente s";"168,6";"BR-116/SP";"Pista Norte";"Capotamento";1;0;0;0;0;0;0;0;0;0;1;0;0;0;0
"01/10/2022";"18:32:00";"491";"Acidente s";"531";"BR-101/RJ";"Pista Sul";"Abalroamento longitudinal";2;0;0;0;0;0;0;0;0;0;2;0;0;0;0
"01/10/2022";"22:02:00";"555";"Acidente s";"194,8";"BR-116/SP";"Pista Sul";"Choque em objeto fixo";1;0;0;0;0;0;0;0;0;0;2;0;0;0;0
"01/10/2022";"23:36:00";"579";"Acidente s";"528";"BR-101/RJ";"Pista Norte";"Choque em objeto fixo";1;0;0;0;0;0;0;0;0;0;1;0;0;0;0
"02/10/2022";"01:01:00";"35";"Acidente s";"214,8";"BR-116/SP";"Pista Sul";"Choque em barreira New Jersey";1;0;0;0;0;0;0;0;0;0;1;0;0;0;0
"02/10/2022";"01:37:00";"41";"Acidente s";"207,05";"BR-116/SP";"Pista Norte";"Choque em objeto fixo";1;0;0;0;0;0;0;0;0;0;3;0;0;0;0
"02/10/2022";"03:03:00";"67";"Acidente s";"106";"BR-116/SP";"Pista Sul";"Choque em defensa";0;0;1;0;0;0;0;0;0;0;1;0;0;0;0
"02/10/2022";"03:45:00";"73";"Acidente s";"217,1";"BR-116/SP";"Pista Norte";"Abalroamento longitudinal";1;0;0;0;0;1;0;0;0;0;2;0;0;0;0
"02/10/2022";"06:37:00";"111";"Acidente c";"545";"BR-101/RJ";"Pista Norte";"Capotamento";1;0;0;0;0;0;0;0;0;0;0;1;0;0;0
"02/10/2022";"08:47:00";"164";"Acidente s";"519";"BR-101/RJ";"Pista Norte";"Choque em objeto fixo";1;0;0;0;0;0;0;0;0;0;1;0;0;0;0
"02/10/2022";"09:21:00";"179";"Acidente s";"427";"BR-101/RJ";"Pista Norte";"Choque em objeto fixo";1;0;0;0;0;0;0;0;0;0;2;0;0;0;0
"02/10/2022";"10:19:00";"197";"Acidente c";"432";"BR-101/RJ";"Pista Sul";"Capotamento";1;0;0;0;0;0;0;0;0;0;0;1;0;0;0
"02/10/2022";"14:40:00";"326";"Acidente s";"142";"BR-116/SP";"Pista Sul";"Choque em defensa";1;0;0;0;0;0;0;0;0;0;1;0;0;0;0
"02/10/2022";"14:49:00";"328";"Acidente c";"222,3";"BR-116/SP";"Pista Sul";"Queda de moto";0;0;0;1;0;0;0;0;0;0;0;0;1;0;0
"02/10/2022";"15:22:00";"342";"Atropelame";"296,4";"BR-116/RJ";"Pista Norte";"Atropelamento de pedestre atravessando";1;0;0;0;0;0;0;0;0;0;0;1;0;0;1
"02/10/2022";"15:45:00";"355";"Acidente s";"123,75";"BR-116/SP";"Pista Norte";"Colisão traseira";1;0;0;0;0;1;0;0;0;0;2;0;0;0;0
"02/10/2022";"17:55:00";"399";"Acidente c";"43";"BR-116/SP";"Pista Sul";"Queda de moto";0;0;0;1;0;0;0;0;0;0;0;1;1;0;0
"02/10/2022";"18:25:00";"412";"Acidente c";"557";"BR-101/RJ";"Pista Sul";"Abalroamento longitudinal";2;0;0;0;0;0;0;0;0;0;1;1;0;0;0
"02/10/2022";"19:13:00";"425";"Acidente s";"85,7";"BR-116/SP";"Pista Sul";"Choque em objeto fixo";1;0;0;0;0;0;0;0;0;0;2;0;0;0;0
"02/10/2022";"19:23:00";"429";"Acidente s";"316";"BR-116/RJ";"Pista Sul";"Colisão traseira";0;0;2;0;0;0;0;0;0;0;2;0;0;0;0
"02/10/2022";"20:47:00";"457";"Atropelame";"243";"BR-116/RJ";"Pista Sul";"Atropelamento de pedestre atravessando";0;0;0;0;0;1;0;0;0;0;1;0;1;0;0
"02/10/2022";"21:12:00";"463";"Acidente s";"384";"BR-101/RJ";"Pista Sul";"Abalroamento longitudinal";2;0;0;0;0;0;0;0;0;0;2;0;0;0;0
"02/10/2022";"21:54:00";"480";"Acidente c";"110";"BR-116/SP";"Pista Sul";"Colisão traseira";1;0;0;0;0;1;0;0;0;0;1;2;0;0;0
"02/10/2022";"22:39:00";"498";"Acidente c";"191,4";"BR-116/RJ";"Pista Norte";"Abalroamento longitudinal";1;0;0;1;0;0;0;0;0;0;1;0;0;1;0
"02/10/2022";"23:06:00";"504";"Acidente s";"180,8";"BR-116/SP";"Pista Sul";"Abalroamento longitudinal";1;0;1;0;0;0;0;0;0;0;4;0;0;0;0
"03/10/2022";"05:23:00";"75";"Atropelame";"121";"BR-116/SP";"Pista Sul";"Atropelamento de pedestre atravessando";0;0;0;0;1;0;0;0;0;0;15;0;0;0;1
"03/10/2022";"06:53:00";"127";"Acidente c";"208";"BR-116/SP";"Pista Sul";"Abalroamento longitudinal";2;0;0;1;0;0;0;0;0;0;2;0;1;0;0
"03/10/2022";"07:32:00";"172";"Acidente c";"231,6";"BR-116/SP";"Pista Sul";"Engavetamento";0;0;0;1;0;1;0;0;0;0;1;0;1;0;0
"03/10/2022";"07:36:00";"180";"Acidente c";"529";"BR-101/RJ";"Pista Sul";"Tombamento";0;0;1;0;0;0;0;0;0;0;0;2;0;0;0
"03/10/2022";"08:21:00";"235";"Acidente c";"139,25";"BR-116/SP";"Pista Sul";"Engavetamento";0;0;2;0;1;0;0;0;0;0;4;5;0;0;0
"03/10/2022";"12:39:00";"458";"Acidente s";"313,4";"BR-116/RJ";"Pista Norte";"Choque em barreira New Jersey";1;0;0;0;0;0;0;0;0;0;1;0;0;0;0
"03/10/2022";"15:23:00";"542";"Acidente s";"222,3";"BR-116/RJ";"Pista Norte";"Choque em objeto fixo";1;0;0;0;0;0;0;0;0;0;1;0;0;0;0
"03/10/2022";"15:29:00";"549";"Acidente s";"575";"BR-101/RJ";"Pista Sul";"Colisão traseira";2;0;0;0;0;0;0;0;0;0;2;0;0;0;0
"03/10/2022";"15:47:00";"559";"Acidente s";"64";"BR-116/SP";"Pista Norte";"Choque em barreira New Jersey";1;0;0;0;0;0;0;0;0;0;1;0;0;0;0
"03/10/2022";"16:32:00";"582";"Acidente s";"483";"BR-101/RJ";"Pista Sul";"Choque em objeto fixo";1;0;0;0;0;0;0;0;0;0;1;0;0;0;0
"03/10/2022";"16:46:00";"590";"Acidente c";"171,9";"BR-116/RJ";"Pista Sul";"Colisão traseira";2;0;0;0;0;0;0;0;0;0;1;1;0;0;0
"03/10/2022";"16:56:00";"593";"Acidente s";"228";"BR-116/RJ";"Pista Norte";"Abalroamento longitudinal";1;0;1;0;0;0;0;0;0;0;2;0;0;0;0
"03/10/2022";"17:24:00";"605";"Acidente s";"222,4";"BR-116/SP";"Pista Norte";"Abalroamento longitudinal";1;0;1;0;0;0;0;0;0;0;2;0;0;0;0
"03/10/2022";"18:48:00";"649";"Acidente c";"170,15";"BR-116/SP";"Pista Sul";"Capotamento";1;0;0;0;0;1;0;0;0;0;1;2;0;0;0
"03/10/2022";"19:04:00";"660";"Acidente s";"210,9";"BR-116/RJ";"Pista Norte";"Atropelamento de animal";2;0;0;0;0;0;0;0;0;0;2;0;0;0;0
"03/10/2022";"19:13:00";"666";"Acidente c";"387,7";"BR-101/RJ";"Pista Sul";"Colisão traseira";3;0;0;0;0;1;0;0;0;0;3;0;0;0;1
"03/10/2022";"20:05:00";"683";"Acidente s";"386";"BR-101/RJ";"Pista Sul";"Colisão traseira";2;0;0;0;0;0;0;0;0;0;2;0;0;0;0
"03/10/2022";"20:09:00";"685";"Acidente s";"225,3";"BR-116/SP";"Pista Norte";"Engavetamento";2;0;1;0;0;0;0;0;0;0;3;0;0;0;0
"03/10/2022";"21:26:00";"718";"Acidente s";"496";"BR-101/RJ";"Pista Sul";"Capotamento";1;0;0;0;0;0;0;0;0;0;1;0;0;0;0
"03/10/2022";"22:43:00";"735";"Acidente s";"214,5";"BR-116/SP";"Pista Sul";"Choque em barreira New Jersey";1;0;0;0;0;0;0;0;0;0;1;0;0;0;0
"03/10/2022";"23:01:00";"740";"Atropelame";"52,4";"BR-116/SP";"Pista Norte";"Atropelamento de pedestre atravessando";0;1;0;0;1;0;0;0;0;0;1;0;1;0;0
"03/10/2022";"23:19:00";"744";"Acidente s";"448";"BR-101/RJ";"Pista Norte";"Choque em objeto fixo";1;0;0;0;0;0;0;0;0;0;1;0;0;0;0
"03/10/2022";"23:44:00";"748";"Acidente c";"169";"BR-116/RJ";"Pista Sul";"Engavetamento";2;0;0;1;0;0;0;0;0;0;2;1;0;0;0
"04/10/2022";"04:52:00";"55";"Acidente s";"193,1";"BR-116/SP";"Pista Norte";"Choque em defensa";0;0;1;0;0;0;0;0;0;0;3;0;0;0;0
"04/10/2022";"05:52:00";"68";"Acidente c";"224,5";"BR-116/SP";"Pista Sul";"Colisão traseira";0;0;0;1;1;0;0;0;0;0;1;1;0;0;0
"04/10/2022";"05:54:00";"69";"Acidente c";"187,65";"BR-116/RJ";"Pista Norte";"Tombamento";0;0;1;0;0;0;0;0;0;0;0;0;1;0;0
"04/10/2022";"06:20:00";"78";"Acidente s";"139";"BR-116/SP";"Pista Sul";"Colisão traseira";0;0;0;0;0;2;0;0;0;1;3;0;0;0;0
"04/10/2022";"08:09:00";"199";"Acidente s";"168";"BR-116/RJ";"Pista Norte";"Colisão traseira";2;0;0;0;0;0;0;0;0;0;4;0;0;0;0
"04/10/2022";"09:06:00";"270";"Acidente c";"184";"BR-116/RJ";"Pista Norte";"Engavetamento";1;0;0;1;0;1;0;0;0;0;1;2;0;0;0
"04/10/2022";"09:12:00";"276";"Acidente s";"218";"BR-116/RJ";"Pista Norte";"Colisão traseira";0;0;2;0;0;0;0;0;0;0;2;0;0;0;0
"04/10/2022";"09:48:00";"303";"Acidente c";"515";"BR-101/RJ";"Pista Sul";"Queda de moto";0;0;0;1;0;0;0;0;0;0;0;1;0;0;0
"04/10/2022";"10:45:00";"338";"Acidente s";"174";"BR-116/RJ";"Pista Norte";"Queda de moto";0;0;0;1;0;0;0;0;0;0;2;0;0;0;0
"04/10/2022";"12:12:00";"400";"Acidente s";"182,3";"BR-116/SP";"Pista Norte";"Colisão traseira";0;0;2;0;0;0;0;0;0;0;3;0;0;0;0
"04/10/2022";"14:20:00";"467";"Acidente s";"416";"BR-101/RJ";"Pista Norte";"Choque em objeto fixo";1;0;0;0;0;0;0;0;0;0;1;0;0;0;0
"04/10/2022";"16:27:00";"536";"Acidente s";"118,9";"BR-116/SP";"Pista Sul";"Abalroamento longitudinal";1;0;1;0;0;0;0;0;0;0;6;0;0;0;0
"04/10/2022";"16:27:00";"535";"Acidente s";"43,9";"BR-101/SP";"Pista Sul";"Abalroamento longitudinal";2;0;0;0;0;0;0;0;0;0;2;0;0;0;0
"04/10/2022";"18:37:00";"625";"Acidente c";"225,8";"BR-116/SP";"Pista Norte";"Choque em objeto na pista";0;0;1;1;0;0;0;0;0;0;1;1;0;0;0
"04/10/2022";"19:12:00";"638";"Acidente s";"451";"BR-101/RJ";"Pista Norte";"Choque em objeto fixo";0;0;0;0;0;0;0;0;0;1;1;0;0;0;0
"04/10/2022";"19:13:00";"639";"Acidente s";"210,3";"BR-116/SP";"Pista Norte";"Abalroamento longitudinal";1;0;1;0;0;0;0;0;0;0;2;0;0;0;0
"04/10/2022";"19:38:00";"648";"Acidente c";"168";"BR-116/RJ";"Pista Sul";"Abalroamento longitudinal";0;0;0;1;1;0;0;0;0;0;50;1;0;0;0
"04/10/2022";"19:59:00";"655";"Acidente s";"310";"BR-116/RJ";"Pista Sul";"Queda de ribanceira";1;0;0;0;0;0;0;0;0;0;1;0;0;0;0
"04/10/2022";"21:42:00";"695";"Acidente s";"177,5";"BR-116/RJ";"Pista Norte";"Colisão traseira";2;0;0;0;0;0;0;0;0;0;2;0;0;0;0