data;horario;n_da_ocorrencia;tipo_de_ocorrencia;km;trecho;sentido;tipo_de_acidente;automovel;bicicleta;caminhao;moto;onibus;outros;tracao_animal;transporte_de_cargas_especiais;trator_maquinas;utilitarios;ilesos;levemente_feridos;moderadamente_feridos;gravemente_feridos;mortos
"04/10/2022";"22:54:00";"715";"Acidente c";"37,3";"BR-116/SP";"Pista Sul";"Colisão traseira";0;0;2;0;0;0;0;0;0;0;1;1;0;0;0
"05/10/2022";"01:44:00";"36";"Acidente c";"333,2";"BR-116/RJ";"Pista Norte";"Colisão traseira";0;0;2;0;0;0;0;0;0;0;1;0;1;0;0
"05/10/2022";"02:54:00";"47";"Acidente s";"74,5";"BR-116/SP";"Pista Norte";"Choque em objeto fixo";1;0;0;0;0;0;0;0;0;0;1;0;0;0;0
"05/10/2022";"03:03:00";"49";"Acidente s";"24";"BR-116/SP";"Pista Norte";"Choque em objeto fixo";0;0;1;0;0;0;0;0;0;0;1;0;0;0;0
"05/10/2022";"03:08:00";"50";"Acidente s";"119,7";"BR-116/SP";"Pista Norte";"Atropelamento de animal";0;0;1;0;0;0;0;0;0;0;1;0;0;0;0
"05/10/2022";"06:49:00";"124";"Acidente s";"214,65";"BR-116/SP";"Pista Norte";"Engavetamento";1;0;0;0;0;1;0;0;0;1;4;0;0;0;0
"05/10/2022";"08:19:00";"239";"Acidente s";"299";"BR-116/RJ";"Pista Norte";"Colisão traseira";1;0;1;0;0;0;0;0;0;0;2;0;0;0;0
"05/10/2022";"09:03:00";"287";"Acidente s";"151,6";"BR-116/SP";"Pista Norte";"Choque em objeto na pista";1;0;0;0;0;0;0;0;0;0;1;0;0;0;0
"05/10/2022";"09:17:00";"300";"Acidente c";"221";"BR-116/SP";"Pista Norte";"Abalroamento longitudinal";0;0;0;1;0;1;0;0;0;0;1;1;0;0;0
"05/10/2022";"09:17:00";"301";"Acidente s";"165";"BR-116/RJ";"Pista Sul";"Colisão traseira";2;0;0;0;0;0;0;0;0;0;2;0;0;0;0
"05/10/2022";"09:46:00";"336";"Acidente c";"207,3";"BR-116/SP";"Pista Sul";"Abalroamento longitudinal";0;0;0;1;0;1;0;0;0;0;1;1;0;0;0
"05/10/2022";"10:50:00";"379";"Acidente s";"226,6";"BR-116/SP";"Pista Sul";"Abalroamento longitudinal";1;0;0;0;0;1;0;0;0;0;3;0;0;0;0
"05/10/2022";"10:53:00";"382";"Acidente s";"227,1";"BR-116/SP";"Pista Sul";"Colisão traseira";2;0;0;0;0;0;0;0;0;0;2;0;0;0;0
"05/10/2022";"12:12:00";"441";"Acidente c";"49,7";"BR-101/SP";"Pista Norte";"Colisão traseira";1;0;0;1;0;0;0;0;0;0;1;1;0;0;0
"05/10/2022";"15:23:00";"538";"Acidente s";"228,9";"BR-116/RJ";"Pista Sul";"Choque em objeto na pista";1;0;0;0;0;0;0;0;0;0;1;0;0;0;0
"05/10/2022";"18:08:00";"662";"Acidente s";"146,6";"BR-116/SP";"Pista Norte";"Abalroamento longitudinal";1;0;0;0;0;1;0;0;0;0;2;0;0;0;0
"05/10/2022";"18:46:00";"674";"Acidente c";"52,3";"BR-116/SP";"Pista Sul";"Engavetamento";0;0;1;1;0;1;0;0;0;0;2;1;0;0;0
"05/10/2022";"20:12:00";"703";"Acidente c";"156,8";"BR-116/SP";"Pista Sul";"Choque em defensa";0;0;0;1;0;0;0;0;0;0;0;1;0;0;0
"05/10/2022";"20:27:00";"710";"Acidente c";"224,1";"BR-116/SP";"Pista Sul";"Choque em objeto na pista";1;0;0;0;0;5;0;0;0;0;5;1;0;0;0
"05/10/2022";"21:02:00";"725";"Acidente c";"145,9";"BR-116/SP";"Pista Norte";"Choque em veículo parado na pista";2;0;0;0;0;0;0;0;0;0;0;5;0;0;0
"05/10/2022";"21:36:00";"738";"Acidente c";"213";"BR-116/SP";"Pista Norte";"Abalroamento longitudinal";0;0;0;1;0;1;0;0;0;0;1;0;0;1;0
"05/10/2022";"22:26:00";"746";"Acidente c";"212,5";"BR-116/SP";"Pista Norte";"Queda de moto";0;0;0;1;0;1;0;0;0;0;1;1;0;0;0
"05/10/2022";"22:27:00";"747";"Acidente s";"291,7";"BR-116/RJ";"Pista Sul";"Choque em objeto na pista";0;0;0;0;1;0;0;0;0;0;41;0;0;0;0
"05/10/2022";"22:55:00";"752";"Acidente s";"204,5";"BR-116/SP";"Pista Sul";"Atropelamento de animal";1;0;0;0;0;0;0;0;0;0;1;0;0;0;0
"06/10/2022";"01:06:00";"20";"Acidente s";"218,5";"BR-116/RJ";"Pista Norte";"Tombamento";0;0;1;0;0;0;0;0;0;0;1;0;0;0;0
"06/10/2022";"03:31:00";"51";"Acidente c";"485";"BR-101/RJ";"Pista Sul";"Colisão frontal";1;0;1;0;0;0;0;0;0;0;1;0;0;0;1
"06/10/2022";"03:35:00";"53";"Acidente c";"111,5";"BR-116/SP";"Pista Norte";"Colisão traseira";0;0;2;0;0;0;0;0;0;0;1;1;0;0;0
"06/10/2022";"05:43:00";"67";"Acidente s";"247,5";"BR-116/RJ";"Pista Norte";"Choque em objeto fixo";0;0;1;0;0;0;0;0;0;0;1;0;0;0;0
"06/10/2022";"06:42:00";"114";"Acidente s";"26,7";"BR-116/SP";"Pista Norte";"Choque em defensa";0;0;1;0;0;0;0;0;0;0;1;0;0;0;0
"06/10/2022";"06:43:00";"117";"Acidente s";"186,5";"BR-116/RJ";"Pista Norte";"Colisão traseira";1;0;0;0;0;0;0;0;0;1;2;0;0;0;0
"06/10/2022";"06:49:00";"130";"Acidente s";"221,3";"BR-116/RJ";"Pista Norte";"Colisão traseira";0;0;1;0;0;1;0;0;0;0;2;0;0;0;0
"06/10/2022";"07:39:00";"213";"Acidente c";"145,1";"BR-116/SP";"Pista Sul";"Abalroamento longitudinal";1;0;0;1;0;0;0;0;0;0;1;1;0;0;0
"06/10/2022";"08:06:00";"244";"Acidente s";"223,8";"BR-116/SP";"Pista Sul";"Abalroamento longitudinal";1;0;1;0;0;0;0;0;0;0;2;0;0;0;0
"06/10/2022";"09:04:00";"306";"Acidente s";"154,41";"BR-116/SP";"Pista Norte";"Colisão traseira";2;0;0;0;0;0;0;0;0;0;2;0;0;0;0
"06/10/2022";"10:52:00";"421";"Acidente s";"176,3";"BR-116/RJ";"Pista Sul";"Colisão traseira";2;0;0;0;0;0;0;0;0;0;2;0;0;0;0
"06/10/2022";"12:29:00";"491";"Acidente s";"167";"BR-116/RJ";"Pista Norte";"Engavetamento";1;0;0;0;0;2;0;0;0;0;3;0;0;0;0
"06/10/2022";"12:54:00";"507";"Acidente s";"226,8";"BR-116/SP";"Pista Sul";"Abalroamento longitudinal";1;0;0;0;0;1;0;0;0;0;2;0;0;0;0
"06/10/2022";"14:17:00";"561";"Acidente s";"152,2";"BR-116/SP";"Pista Norte";"Choque em objeto na pista";0;0;0;1;0;0;0;0;0;0;1;0;0;0;0
"06/10/2022";"15:31:00";"617";"Acidente s";"210";"BR-116/SP";"Pista Sul";"Colisão traseira";1;0;0;0;0;1;0;0;0;0;2;0;0;0;0
"06/10/2022";"16:21:00";"654";"Acidente c";"175,7";"BR-116/SP";"Pista Norte";"Colisão traseira";1;0;1;0;0;0;0;0;0;0;1;1;0;0;0
"06/10/2022";"17:08:00";"689";"Acidente c";"50";"BR-101/SP";"Pista Sul";"Colisão traseira";1;0;0;1;0;0;0;0;0;0;1;1;0;0;0
"06/10/2022";"19:05:00";"783";"Acidente s";"147,7";"BR-116/SP";"Pista Norte";"Engavetamento";3;0;0;0;0;0;0;0;0;0;4;0;0;0;0
"06/10/2022";"19:33:00";"801";"Acidente s";"184,1";"BR-116/RJ";"Pista Sul";"Abalroamento longitudinal";2;0;1;0;0;0;0;0;0;0;3;0;0;0;0
"06/10/2022";"20:26:00";"839";"Acidente s";"504";"BR-101/RJ";"Pista Sul";"Colisão traseira";2;0;0;0;0;0;0;0;0;0;2;0;0;0;0
"06/10/2022";"21:02:00";"855";"Acidente s";"104,5";"BR-116/SP";"Pista Sul";"Queda de moto";0;0;0;1;0;0;0;0;0;0;1;0;0;0;0
"06/10/2022";"21:24:00";"867";"Atropelame";"212,7";"BR-116/SP";"Pista Sul";"Atropelamento de pedestre atravessando";0;1;0;0;0;1;0;0;0;0;1;0;1;0;0
"06/10/2022";"22:21:00";"889";"Acidente s";"280";"BR-116/RJ";"Pista Norte";"Choque em barreira New Jersey";1;0;0;0;0;0;0;0;0;0;1;0;0;0;0
"06/10/2022";"22:45:00";"899";"Acidente c";"136,6";"BR-116/SP";"Pista Sul";"Engavetamento";3;0;0;0;0;0;0;0;0;0;2;0;1;0;0
"07/10/2022";"03:34:00";"69";"Acidente s";"157,9";"BR-116/SP";"Pista Sul";"Choque em barreira New Jersey";1;0;0;0;0;0;0;0;0;0;1;0;0;0;0
"07/10/2022";"05:19:00";"85";"Acidente s";"215,1";"BR-116/SP";"Pista Sul";"Choque em objeto na pista";3;0;0;0;0;0;0;0;0;1;7;0;0;0;0
"07/10/2022";"07:11:00";"166";"Acidente s";"190";"BR-116/RJ";"Pista Norte";"Colisão traseira";1;0;0;0;0;1;0;0;0;0;2;0;0;0;0
"07/10/2022";"07:37:00";"214";"Acidente c";"181,6";"BR-116/RJ";"Pista Norte";"Colisão traseira";1;0;0;1;0;0;0;0;0;0;1;1;0;0;0
"07/10/2022";"08:03:00";"244";"Acidente s";"394";"BR-101/RJ";"Pista Sul";"Colisão traseira";2;0;0;0;0;2;0;0;0;0;4;0;0;0;0
"07/10/2022";"08:05:00";"246";"Atropelame";"227";"BR-116/SP";"Pista Sul";"Atropelamento de pedestre atravessando";0;0;0;1;0;0;0;0;0;0;0;1;1;0;0
"07/10/2022";"08:06:00";"247";"Acidente s";"145,5";"BR-116/SP";"Pista Norte";"Colisão traseira";2;0;0;0;0;0;0;0;0;0;2;0;0;0;0
"07/10/2022";"09:22:00";"315";"Acidente c";"264,6";"BR-116/RJ";"Pista Sul";"Choque em barreira New Jersey";0;0;1;0;0;0;0;0;0;0;0;1;0;0;0
"07/10/2022";"09:28:00";"319";"Acidente c";"217,8";"BR-116/SP";"Pista Norte";"Abalroamento longitudinal";1;0;0;0;0;0;0;0;0;1;1;2;0;0;0
"07/10/2022";"10:53:00";"381";"Acidente c";"285";"BR-116/RJ";"Pista Sul";"Capotamento";1;0;0;0;0;0;0;0;0;0;2;1;0;0;0
"07/10/2022";"11:11:00";"400";"Acidente s";"338";"BR-116/RJ";"Pista Norte";"Colisão traseira";2;0;0;0;0;0;0;0;0;0;9;0;0;0;0
"07/10/2022";"12:01:00";"435";"Acidente s";"58,25";"BR-116/SP";"Pista Norte";"Capotamento";0;0;1;0;0;0;0;0;0;0;1;0;0;0;0
"07/10/2022";"12:21:00";"450";"Acidente s";"117,15";"BR-116/SP";"Pista Norte";"Choque em objeto fixo";1;0;0;0;0;0;0;0;0;0;1;0;0;0;0
"07/10/2022";"12:24:00";"452";"Acidente s";"197,1";"BR-116/SP";"Pista Sul";"Colisão traseira";0;0;2;0;0;0;0;0;0;0;2;0;0;0;0
"07/10/2022";"12:37:00";"458";"Acidente c";"175,3";"BR-116/RJ";"Pista Sul";"Queda de moto";0;0;0;1;0;0;0;0;0;0;0;1;0;0;0
"07/10/2022";"12:41:00";"462";"Acidente c";"101,6";"BR-116/SP";"Pista Norte";"Engavetamento";2;0;0;0;0;0;0;0;0;1;6;1;0;0;0
"07/10/2022";"14:26:00";"531";"Acidente s";"305,95";"BR-116/RJ";"Pista Sul";"Engavetamento";0;0;3;0;0;0;0;0;0;0;3;0;0;0;0
"07/10/2022";"14:33:00";"536";"Acidente s";"170,8";"BR-116/RJ";"Pista Sul";"Engavetamento";1;0;0;0;0;2;0;0;0;0;3;0;0;0;0
"07/10/2022";"15:11:00";"563";"Acidente c";"298";"BR-116/RJ";"Pista Sul";"Engavetamento";0;0;1;0;0;0;0;0;0;2;2;0;1;0;0
"07/10/2022";"15:55:00";"597";"Acidente s";"102,25";"BR-116/SP";"Pista Norte";"Engavetamento";3;0;0;0;0;0;0;0;0;0;7;0;0;0;0
"07/10/2022";"16:26:00";"627";"Acidente s";"60,5";"BR-116/SP";"Pista Sul";"Colisão traseira";2;0;0;0;0;0;0;0;0;0;4;0;0;0;0
"07/10/2022";"16:28:00";"630";"Acidente s";"224,8";"BR-116/SP";"Pista Norte";"Abalroamento longitudinal";1;0;0;1;0;0;0;0;0;0;2;0;0;0;0
"07/10/2022";"17:11:00";"652";"Acidente s";"226,2";"BR-116/SP";"Pista Sul";"Colisão traseira";2;0;0;0;0;0;0;0;0;0;2;0;0;0;0
"07/10/2022";"17:19:00";"657";"Acidente s";"203,8";"BR-116/SP";"Pista Norte";"Colisão traseira";1;0;1;0;0;0;0;0;0;0;2;0;0;0;0
"07/10/2022";"17:41:00";"667";"Acidente s";"433";"BR-101/RJ";"Pista Norte";"Choque em objeto na pista";1;0;0;0;0;0;0;0;0;0;1;0;0;0;0
"07/10/2022";"18:15:00";"700";"Acidente s";"106";"BR-116/SP";"Pista Sul";"Abalroamento longitudinal";1;0;0;0;0;2;0;0;0;0;3;0;0;0;0
"07/10/2022";"18:28:00";"706";"Acidente s";"203,4";"BR-116/SP";"Pista Norte";"Colisão traseira";0;0;1;0;0;0;0;0;0;1;4;0;0;0;0
"07/10/2022";"18:31:00";"708";"Acidente c";"116";"BR-116/SP";"Pista Norte";"Queda de moto";0;0;0;1;0;1;0;0;0;0;1;0;1;0;0
"07/10/2022";"19:02:00";"729";"Acidente c";"493";"BR-101/RJ";"Pista Norte";"Colisão frontal";1;0;0;1;0;0;0;0;0;0;1;1;0;0;0
"07/10/2022";"19:38:00";"745";"Acidente c";"201,7";"BR-116/SP";"Pista Norte";"Abalroamento longitudinal";1;0;0;1;0;0;0;0;0;0;2;1;0;0;0
"07/10/2022";"19:57:00";"760";"Atropelame";"170,3";"BR-116/RJ";"Pista Norte";"Atropelamento de pedestre atravessando";1;0;0;0;0;0;0;0;0;0;1;0;0;0;1
"07/10/2022";"19:57:00";"759";"Acidente c";"173,8";"BR-116/RJ";"Pista Sul";"Colisão traseira";1;0;0;1;0;0;0;0;0;0;1;1;0;0;0
"07/10/2022";"20:08:00";"768";"Acidente s";"315,9";"BR-116/RJ";"Pista Sul";"Choque em objeto fixo";1;0;0;0;0;0;0;0;0;0;1;0;0;0;0
"07/10/2022";"21:22:00";"800";"Acidente s";"214";"BR-116/SP";"Pista Sul";"Colisão traseira";1;0;0;0;0;1;0;0;0;0;2;0;0;0;0
"07/10/2022";"22:33:00";"837";"Acidente s";"204,5";"BR-116/SP";"Pista Norte";"Colisão traseira";2;0;0;0;0;0;0;0;0;0;5;0;0;0;0
"07/10/2022";"22:52:00";"845";"Atropelame";"157,4";"BR-116/SP";"Pista Norte";"Atropelamento de pedestre atravessando";1;1;0;0;0;0;0;0;0;0;1;1;0;0;0
"07/10/2022";"23:37:00";"868";"Acidente s";"151,5";"BR-116/SP";"Pista Sul";"Choque em objeto na pista";1;0;0;0;0;0;0;0;0;0;1;0;0;0;0
"08/10/2022";"00:05:00";"18";"Acidente s";"171,5";"BR-116/RJ";"Pista Norte";"Choque em barreira New Jersey";1;0;0;0;0;0;0;0;0;0;1;0;0;0;0
"08/10/2022";"01:52:00";"41";"Acidente c";"170,3";"BR-116/RJ";"Pista Sul";"Choque em barreira New Jersey";1;0;0;0;0;0;0;0;0;0;0;1;0;0;0
"08/10/2022";"02:56:00";"57";"Acidente s";"199";"BR-116/RJ";"Pista Norte";"Outros";0;0;1;0;0;0;0;0;0;0;1;0;0;0;0
"08/10/2022";"04:32:00";"75";"Acidente s";"280";"BR-116/RJ";"Pista Norte";"Choque em defensa";1;0;0;0;0;0;0;0;0;0;4;0;0;0;0
"08/10/2022";"06:46:00";"111";"Acidente s";"287";"BR-116/RJ";"Pista Norte";"Choque em objeto fixo";1;0;0;0;0;1;0;0;0;0;2;0;0;0;0
"08/10/2022";"07:36:00";"152";"Acidente c";"101,95";"BR-116/SP";"Pista Norte";"Colisão traseira";1;0;0;1;0;0;0;0;0;0;1;0;1;1;0
"08/10/2022";"08:44:00";"219";"Acidente c";"154,8";"BR-116/SP";"Pista Sul";"Abalroamento longitudinal";1;0;2;0;0;0;0;0;0;0;3;1;0;0;0
"08/10/2022";"08:54:00";"232";"Acidente s";"210,3";"BR-116/SP";"Pista Sul";"Colisão traseira";1;0;0;0;0;1;0;0;0;0;3;0;0;0;0
"08/10/2022";"09:00:00";"235";"Acidente c";"155,2";"BR-116/SP";"Pista Norte";"Abalroamento longitudinal";0;0;0;1;0;1;0;0;0;0;1;1;0;0;0
"08/10/2022";"09:03:00";"237";"Acidente s";"135";"BR-116/SP";"Pista Sul";"Colisão traseira";2;0;0;0;0;0;0;0;0;0;2;0;0;0;0
"08/10/2022";"09:12:00";"244";"Acidente s";"131";"BR-116/SP";"Pista Norte";"Engavetamento";3;0;0;0;0;0;0;0;0;0;12;0;0;0;0
"08/10/2022";"09:18:00";"254";"Acidente c";"131,4";"BR-116/SP";"Pista Norte";"Colisão traseira";1;0;0;1;0;0;0;0;0;0;3;1;0;0;0
"08/10/2022";"09:49:00";"280";"Acidente s";"146,6";"BR-116/SP";"Pista Norte";"Colisão traseira";2;0;0;0;0;0;0;0;0;0;2;0;0;0;0
"08/10/2022";"10:22:00";"300";"Acidente s";"389";"BR-101/RJ";"Pista Sul";"Colisão traseira";2;0;0;0;0;0;0;0;0;0;2;0;0;0;0
"08/10/2022";"10:27:00";"305";"Acidente s";"110,7";"BR-116/SP";"Pista Norte";"Colisão traseira";1;0;1;0;0;0;0;0;0;0;2;0;0;0;0
"08/10/2022";"10:36:00";"311";"Acidente s";"413";"BR-101/RJ";"Pista Norte";"Choque em objeto fixo";1;0;0;0;0;0;0;0;0;0;1;0;0;0;0
"08/10/2022";"10:45:00";"319";"Acidente s";"114";"BR-116/SP";"Pista Norte";"Colisão traseira";1;0;0;0;0;1;0;0;0;0;3;0;0;0;0
"08/10/2022";"11:49:00";"349";"Acidente s";"159,3";"BR-116/SP";"Pista Norte";"Abalroamento longitudinal";1;0;1;0;0;0;0;0;0;0;2;0;0;0;0
"08/10/2022";"12:13:00";"359";"Acidente c";"203";"BR-116/SP";"Pista Norte";"Colisão traseira";2;0;0;0;0;0;0;0;0;0;6;1;0;0;0
"08/10/2022";"15:03:00";"452";"Acidente s";"189,85";"BR-116/RJ";"Pista Sul";"Capotamento";0;0;0;0;0;0;0;0;0;1;2;0;0;0;0
"08/10/2022";"15:43:00";"476";"Acidente s";"298";"BR-116/RJ";"Pista Sul";"Abalroamento longitudinal";0;0;0;0;1;1;0;0;0;0;2;0;0;0;0
"08/10/2022";"16:33:00";"510";"Acidente s";"224,6";"BR-116/SP";"Pista Norte";"Choque em barreira New Jersey";1;0;0;0;0;0;0;0;0;0;1;0;0;0;0
"08/10/2022";"16:50:00";"517";"Atropelame";"551";"BR-101/RJ";"Pista Norte";"Atropelamento de pedestre atravessando";0;1;0;1;0;0;0;0;0;0;0;2;0;0;0
"08/10/2022";"17:18:00";"535";"Acidente c";"98,4";"BR-116/SP";"Pista Norte";"Colisão traseira";1;0;0;1;0;0;0;0;0;0;1;1;0;0;0
"08/10/2022";"18:19:00";"570";"Acidente s";"106,8";"BR-116/SP";"Pista Sul";"Colisão traseira";2;0;0;0;0;0;0;0;0;0;2;0;0;0;0
"08/10/2022";"18:27:00";"577";"Acidente c";"573";"BR-101/RJ";"Pista Norte";"Engavetamento";2;0;1;0;0;0;0;0;0;0;3;1;0;0;0
"08/10/2022";"18:37:00";"582";"Acidente s";"255";"BR-116/RJ";"Pista Sul";"Abalroamento longitudinal";1;0;0;0;0;1;0;0;0;0;2;0;0;0;0
"08/10/2022";"19:34:00";"608";"Acidente s";"230";"BR-116/SP";"Pista Sul";"Choque em objeto fixo";1;0;0;0;0;0;0;0;0;0;2;0;0;0;0
"08/10/2022";"19:55:00";"616";"Acidente c";"39,8";"BR-101/SP";"Pista Sul";"Colisão frontal";1;0;0;1;0;0;0;0;0;0;1;0;0;1;0
"08/10/2022";"20:22:00";"629";"Atropelame";"315,3";"BR-116/RJ";"Pista Norte";"Atropelamento de pedestre atravessando";0;1;0;0;0;1;0;0;0;0;1;0;0;1;0
"08/10/2022";"21:16:00";"646";"Acidente c";"167,5";"BR-116/RJ";"Pista Sul";"Colisão traseira";1;0;0;1;0;0;0;0;0;0;1;1;0;0;0
"08/10/2022";"21:20:00";"650";"Acidente c";"154,4";"BR-116/SP";"Pista Norte";"Engavetamento";3;0;0;0;0;0;0;0;0;0;7;1;0;0;0
"08/10/2022";"23:29:00";"684";"Acidente s";"295";"BR-116/RJ";"Pista Sul";"Choque em objeto na pista";1;0;0;0;0;0;0;0;0;0;4;0;0;0;0
"09/10/2022";"00:14:00";"16";"Acidente c";"206";"BR-116/RJ";"Pista Norte";"Choque em objeto fixo";1;0;0;0;0;0;0;0;0;0;0;0;1;0;0
"09/10/2022";"03:13:00";"60";"Acidente s";"168,2";"BR-116/RJ";"Pista Norte";"Colisão traseira";1;0;0;0;0;0;0;0;0;0;1;0;0;0;0
"09/10/2022";"04:52:00";"84";"Acidente s";"485";"BR-101/RJ";"Pista Norte";"Choque em objeto fixo";1;0;0;0;0;0;0;0;0;0;1;0;0;0;0
"09/10/2022";"05:11:00";"85";"Acidente c";"228,3";"BR-116/SP";"Pista Sul";"Capotamento";1;0;0;0;0;0;0;0;0;0;5;1;0;0;0
"09/10/2022";"05:13:00";"86";"Acidente s";"147,9";"BR-116/SP";"Pista Sul";"Colisão traseira";1;0;0;0;0;1;0;0;0;0;2;0;0;0;0
"09/10/2022";"05:59:00";"94";"Acidente s";"173";"BR-116/RJ";"Pista Sul";"Choque em barreira New Jersey";1;0;0;0;0;0;0;0;0;0;1;0;0;0;0
"09/10/2022";"07:13:00";"137";"Acidente s";"58,65";"BR-116/SP";"Pista Sul";"Choque em objeto na pista";1;0;0;0;0;0;0;0;0;0;1;0;0;0;0
"09/10/2022";"07:27:00";"147";"Acidente s";"123";"BR-116/SP";"Pista Norte";"Choque em objeto na pista";1;0;0;0;0;0;0;0;0;0;5;0;0;0;0
"09/10/2022";"07:29:00";"149";"Atropelame";"108,1";"BR-116/SP";"Pista Norte";"Atropelamento de pedestre atravessando";1;1;0;0;0;0;0;0;0;0;3;1;0;0;0
"09/10/2022";"07:30:00";"151";"Acidente s";"63";"BR-116/SP";"Pista Sul";"Choque em objeto na pista";1;0;0;0;0;0;0;0;0;0;2;0;0;0;0
"09/10/2022";"07:40:00";"160";"Acidente c";"225,8";"BR-116/SP";"Pista Norte";"Queda de moto";0;0;0;1;0;0;0;0;0;0;0;1;1;0;0
"09/10/2022";"09:28:00";"217";"Acidente s";"103,3";"BR-116/SP";"Pista Norte";"Colisão traseira";1;0;0;0;0;1;0;0;0;0;6;0;0;0;0
"09/10/2022";"09:59:00";"241";"Acidente s";"85,8";"BR-116/SP";"Pista Norte";"Engavetamento";5;0;0;0;0;0;0;0;0;0;13;0;0;0;0
"09/10/2022";"11:02:00";"265";"Acidente s";"115,8";"BR-116/SP";"Pista Norte";"Engavetamento";2;0;0;1;0;0;0;0;0;0;7;0;0;0;0
"09/10/2022";"11:26:00";"275";"Acidente s";"82,8";"BR-116/SP";"Pista Norte";"Engavetamento";3;0;0;0;0;1;0;0;0;0;7;0;0;0;0
"09/10/2022";"12:26:00";"305";"Acidente s";"410";"BR-101/RJ";"Pista Sul";"Queda de ribanceira";1;0;0;0;0;0;0;0;0;0;1;0;0;0;0
"09/10/2022";"12:36:00";"312";"Acidente c";"125,5";"BR-116/SP";"Pista Sul";"Engavetamento";6;0;0;0;0;0;0;0;0;0;19;1;0;0;0
"09/10/2022";"13:34:00";"336";"Acidente s";"214,6";"BR-116/SP";"Pista Sul";"Choque em barreira New Jersey";1;0;0;0;0;0;0;0;0;0;1;0;0;0;0
"09/10/2022";"15:00:00";"382";"Acidente c";"578";"BR-101/RJ";"Pista Sul";"Choque em objeto fixo";1;0;0;0;0;0;0;0;0;0;0;1;0;0;0
"09/10/2022";"15:19:00";"394";"Atropelame";"203,3";"BR-116/SP";"Pista Norte";"Atropelamento de pedestre atravessando";0;0;0;0;0;1;0;0;0;0;1;1;0;1;0
"09/10/2022";"15:41:00";"405";"Acidente s";"218,5";"BR-116/SP";"Pista Sul";"Choque em barreira New Jersey";1;0;0;0;0;0;0;0;0;0;1;0;0;0;0
"09/10/2022";"15:46:00";"407";"Acidente s";"286";"BR-116/RJ";"Pista Norte";"Choque em barreira New Jersey";1;0;0;0;0;0;0;0;0;0;1;0;0;0;0
"09/10/2022";"16:07:00";"421";"Acidente c";"284,9";"BR-116/RJ";"Pista Sul";"Choque em objeto fixo";1;0;0;0;0;0;0;0;0;0;0;1;0;0;0
"09/10/2022";"16:36:00";"440";"Acidente s";"29,7";"BR-116/SP";"Pista Norte";"Choque em barreira New Jersey";1;0;0;0;0;0;0;0;0;0;1;0;0;0;0
"09/10/2022";"16:57:00";"457";"Acidente s";"218";"BR-116/RJ";"Pista Norte";"Choque em barreira New Jersey";1;0;0;0;0;0;0;0;0;0;1;0;0;0;0
"09/10/2022";"17:14:00";"463";"Acidente s";"96";"BR-116/SP";"Pista Sul";"Engavetamento";3;0;0;0;0;0;0;0;0;0;9;0;0;0;0
"09/10/2022";"17:25:00";"469";"Acidente s";"424,9";"BR-101/RJ";"Pista Norte";"Engavetamento";1;0;0;0;0;1;0;0;0;1;6;0;0;0;0
"09/10/2022";"17:39:00";"474";"Acidente s";"279,2";"BR-116/RJ";"Pista Sul";"Choque em barreira New Jersey";1;0;0;0;0;0;0;0;0;0;1;0;0;0;0
"09/10/2022";"18:27:00";"505";"Acidente s";"232";"BR-116/RJ";"Pista Norte";"Choque em barreira New Jersey";1;0;0;0;0;0;0;0;0;0;1;0;0;0;0
"09/10/2022";"18:42:00";"513";"Acidente s";"501";"BR-101/RJ";"Pista Norte";"Colisão frontal";2;0;0;0;0;0;0;0;0;0;2;0;0;0;0
"09/10/2022";"18:51:00";"520";"Acidente c";"147";"BR-116/SP";"Pista Norte";"Colisão traseira";1;0;0;1;0;0;0;0;0;0;2;0;2;0;0
"09/10/2022";"19:22:00";"541";"Acidente s";"172";"BR-116/RJ";"Pista Sul";"Choque em barreira New Jersey";1;0;0;0;0;0;0;0;0;0;1;0;0;0;0
"09/10/2022";"19:24:00";"543";"Acidente s";"401";"BR-101/RJ";"Pista Norte";"Outros";1;0;0;0;0;0;0;0;0;0;1;0;0;0;0
"09/10/2022";"19:40:00";"546";"Acidente s";"219";"BR-116/SP";"Pista Norte";"Colisão traseira";1;0;0;0;0;1;0;0;0;0;6;0;0;0;0
"09/10/2022";"20:56:00";"587";"Acidente s";"38";"BR-116/SP";"Pista Sul";"Colisão traseira";1;0;1;0;0;0;0;0;0;0;2;0;0;0;0
"09/10/2022";"20:58:00";"589";"Acidente s";"212";"BR-116/RJ";"Pista Norte";"Choque em barreira New Jersey";1;0;0;0;0;0;0;0;0;0;1;0;0;0;0
"09/10/2022";"21:23:00";"604";"Acidente s";"403";"BR-101/RJ";"Pista Sul";"Choque em objeto fixo";1;0;0;0;0;0;0;0;0;0;1;0;0;0;0
"09/10/2022";"21:34:00";"608";"Acidente s";"228,4";"BR-116/SP";"Pista Norte";"Abalroamento longitudinal";1;0;0;0;0;1;0;0;0;0;2;0;0;0;0
"09/10/2022";"22:33:00";"631";"Acidente s";"18";"BR-116/SP";"Pista Sul";"Choque em objeto na pista";0;0;1;0;0;0;0;0;0;0;1;0;0;0;0
"09/10/2022";"23:51:00";"658";"Atropelame";"135,45";"BR-116/SP";"Pista Norte";"Atropelamento de pedestre atravessando";0;0;0;0;0;1;0;0;0;0;1;0;1;0;0
"10/10/2022";"01:04:00";"28";"Acidente c";"224";"BR-116/SP";"Pista Sul";"Choque em barreira New Jersey";1;0;0;0;0;0;0;0;0;0;0;2;0;1;0