data;horario;n_da_ocorrencia;tipo_de_ocorrencia;km;trecho;sentido;tipo_de_acidente;automovel;bicicleta;caminhao;moto;onibus;outros;tracao_animal;transporte_de_cargas_especiais;trator_maquinas;utilitarios;ilesos;levemente_feridos;moderadamente_feridos;gravemente_feridos;mortos
"10/10/2022";"01:18:00";"32";"Acidente s";"21,2";"BR-116/SP";"Pista Norte";"Engavetamento";0;0;3;0;0;0;0;0;0;0;3;0;0;0;0
"10/10/2022";"02:08:00";"42";"Acidente s";"94,2";"BR-116/SP";"Pista Sul";"Atropelamento de animal";0;0;0;0;0;1;0;0;0;0;1;0;0;0;0
"10/10/2022";"05:57:00";"89";"Acidente c";"76,2";"BR-116/SP";"Pista Sul";"Choque em barreira New Jersey";1;0;0;0;0;0;0;0;0;0;3;1;0;0;0
"10/10/2022";"06:30:00";"106";"Acidente s";"22,3";"BR-116/SP";"Pista Norte";"Choque em barreira New Jersey";1;0;0;0;0;0;0;0;0;0;1;0;0;0;0
"10/10/2022";"06:43:00";"114";"Acidente s";"231,5";"BR-116/SP";"Pista Sul";"Colisão traseira";2;0;0;0;0;0;0;0;0;0;2;0;0;0;0
"10/10/2022";"07:28:00";"194";"Acidente s";"139,2";"BR-116/SP";"Pista Sul";"Colisão traseira";2;0;0;0;0;0;0;0;0;0;2;0;0;0;0
"10/10/2022";"07:44:00";"226";"Acidente s";"223,8";"BR-116/SP";"Pista Sul";"Choque em barreira New Jersey";1;0;0;0;0;0;0;0;0;0;1;0;0;0;0
"10/10/2022";"08:16:00";"259";"Acidente s";"229,6";"BR-116/RJ";"Pista Norte";"Choque em objeto fixo";1;0;0;0;0;0;0;0;0;0;1;0;0;0;0
"10/10/2022";"08:23:00";"271";"Acidente s";"51";"BR-116/SP";"Pista Sul";"Choque em barreira New Jersey";0;0;1;0;0;0;0;0;0;0;2;0;0;0;0
"10/10/2022";"08:30:00";"277";"Acidente c";"226,6";"BR-116/RJ";"Pista Sul";"Colisão traseira";1;0;1;0;0;0;0;0;0;0;1;1;0;0;0
"10/10/2022";"08:55:00";"297";"Acidente c";"179,5";"BR-116/RJ";"Pista Sul";"Colisão traseira";1;0;0;1;0;0;0;0;0;0;1;1;0;0;0
"10/10/2022";"09:08:00";"313";"Acidente s";"139,5";"BR-116/SP";"Pista Sul";"Engavetamento";4;0;0;0;0;0;0;0;0;0;4;0;0;0;0
"10/10/2022";"10:13:00";"368";"Acidente s";"459";"BR-101/RJ";"Pista Norte";"Choque em objeto fixo";1;0;0;0;0;0;0;0;0;0;3;0;0;0;0
"10/10/2022";"12:16:00";"445";"Acidente s";"213,2";"BR-116/SP";"Pista Norte";"Abalroamento longitudinal";0;0;2;0;0;0;0;0;0;0;3;0;0;0;0
"10/10/2022";"12:36:00";"460";"Acidente c";"217,5";"BR-116/SP";"Pista Norte";"Capotamento";1;0;0;0;0;0;0;0;0;0;0;2;0;0;0
"10/10/2022";"13:05:00";"479";"Acidente s";"194,5";"BR-116/RJ";"Pista Sul";"Choque em defensa";1;0;0;0;0;0;0;0;0;0;1;0;0;0;0
"10/10/2022";"13:12:00";"483";"Acidente s";"217,1";"BR-116/SP";"Pista Norte";"Engavetamento";1;0;0;2;0;0;0;0;0;0;3;0;0;0;0
"10/10/2022";"14:41:00";"529";"Acidente s";"493";"BR-101/RJ";"Pista Sul";"Colisão traseira";2;0;0;0;0;0;0;0;0;0;2;0;0;0;0
"10/10/2022";"14:53:00";"538";"Acidente s";"268,4";"BR-116/RJ";"Pista Norte";"Abalroamento longitudinal";1;0;1;0;0;0;0;0;0;0;3;0;0;0;0
"10/10/2022";"15:06:00";"544";"Acidente s";"219,2";"BR-116/SP";"Pista Sul";"Colisão traseira";1;0;1;0;0;0;0;0;0;0;2;0;0;0;0
"10/10/2022";"16:26:00";"579";"Acidente c";"145,8";"BR-116/SP";"Pista Sul";"Colisão traseira";1;0;0;1;0;0;0;0;0;0;1;1;0;0;0
"10/10/2022";"16:36:00";"588";"Acidente s";"211,9";"BR-116/SP";"Pista Norte";"Engavetamento";0;0;2;0;0;2;0;0;0;0;4;0;0;0;0
"10/10/2022";"17:21:00";"618";"Acidente s";"216,8";"BR-116/SP";"Pista Norte";"Abalroamento longitudinal";1;0;0;0;0;1;0;0;0;0;2;0;0;0;0
"10/10/2022";"18:03:00";"643";"Acidente c";"175";"BR-116/RJ";"Pista Sul";"Colisão traseira";1;0;0;1;0;0;0;0;0;0;1;0;1;0;0
"10/10/2022";"18:54:00";"665";"Acidente c";"215,4";"BR-116/SP";"Pista Norte";"Engavetamento";1;0;2;0;0;0;0;0;0;0;4;1;0;0;0
"10/10/2022";"21:10:00";"736";"Acidente s";"106,2";"BR-116/SP";"Pista Sul";"Choque em objeto na pista";1;0;0;0;0;0;0;0;0;0;1;0;0;0;0
"10/10/2022";"21:58:00";"753";"Acidente s";"274,8";"BR-116/RJ";"Pista Sul";"Choque em barreira New Jersey";1;0;0;0;0;0;0;0;0;0;1;0;0;0;0
"10/10/2022";"22:09:00";"757";"Acidente c";"272,5";"BR-116/RJ";"Pista Norte";"Queda de moto";0;0;0;1;0;0;0;0;0;0;1;0;1;0;0
"10/10/2022";"22:21:00";"762";"Acidente c";"182";"BR-116/RJ";"Pista Norte";"Colisão traseira";1;0;0;0;1;0;0;0;0;0;43;2;0;0;0
"10/10/2022";"23:46:00";"786";"Atropelame";"84,6";"BR-116/SP";"Pista Sul";"Atropelamento de pedestre caminhando";1;0;0;0;0;0;0;0;0;0;2;1;0;0;0
"11/10/2022";"01:48:00";"24";"Acidente c";"186,6";"BR-116/RJ";"Pista Norte";"Colisão traseira";1;0;0;0;0;1;0;0;0;0;1;1;0;0;0
"11/10/2022";"05:12:00";"59";"Acidente s";"523";"BR-101/RJ";"Pista Norte";"Capotamento";1;0;0;0;0;0;0;0;0;0;1;0;0;0;0
"11/10/2022";"07:58:00";"217";"Acidente c";"286,9";"BR-116/RJ";"Pista Sul";"Outros";1;0;0;0;0;0;0;0;0;0;0;1;0;0;0
"11/10/2022";"10:27:00";"361";"Acidente s";"204,5";"BR-116/SP";"Pista Norte";"Queda de moto";0;0;0;1;0;0;0;0;0;0;1;0;0;0;0
"11/10/2022";"12:02:00";"434";"Acidente s";"225,9";"BR-116/SP";"Pista Norte";"Colisão traseira";1;0;1;0;0;0;0;0;0;0;2;0;0;0;0
"11/10/2022";"12:41:00";"452";"Acidente c";"180,5";"BR-116/RJ";"Pista Norte";"Colisão traseira";2;0;0;0;0;0;0;0;0;0;0;2;0;0;0
"11/10/2022";"13:35:00";"481";"Acidente c";"146,7";"BR-116/SP";"Pista Norte";"Colisão traseira";1;0;1;0;0;0;0;0;0;0;1;1;0;0;0
"11/10/2022";"13:42:00";"485";"Atropelame";"489";"BR-101/RJ";"Pista Norte";"Atropelamento de pedestre atravessando";0;0;0;1;0;0;0;0;0;0;0;2;0;0;0
"11/10/2022";"14:54:00";"544";"Acidente c";"227,3";"BR-116/SP";"Pista Norte";"Colisão traseira";1;0;1;0;0;0;0;0;0;0;1;1;0;0;0
"11/10/2022";"17:33:00";"647";"Acidente s";"217";"BR-116/SP";"Pista Sul";"Abalroamento longitudinal";1;0;1;0;0;0;0;0;0;0;2;0;0;0;0
"11/10/2022";"18:04:00";"675";"Acidente c";"110";"BR-116/SP";"Pista Norte";"Colisão traseira";0;0;0;2;0;0;0;0;0;0;1;1;0;0;0
"11/10/2022";"18:27:00";"692";"Acidente c";"218";"BR-116/SP";"Pista Sul";"Abalroamento longitudinal";1;0;0;1;0;0;0;0;0;0;1;1;0;0;0
"11/10/2022";"19:15:00";"731";"Acidente s";"151,9";"BR-116/SP";"Pista Norte";"Abalroamento longitudinal";1;0;1;0;0;0;0;0;0;0;3;0;0;0;0
"11/10/2022";"19:54:00";"755";"Atropelame";"80,6";"BR-116/SP";"Pista Sul";"Atropelamento de pedestre caminhando";1;0;0;0;0;0;0;0;0;0;1;0;0;0;1
"11/10/2022";"19:59:00";"759";"Acidente s";"225,95";"BR-116/SP";"Pista Sul";"Colisão traseira";1;0;1;0;0;0;0;0;0;0;2;0;0;0;0
"11/10/2022";"21:16:00";"791";"Acidente s";"230,8";"BR-116/SP";"Pista Norte";"Abalroamento longitudinal";1;0;1;0;0;0;0;0;0;1;3;0;0;0;0
"12/10/2022";"00:04:00";"18";"Acidente c";"151";"BR-116/SP";"Pista Norte";"Choque em defensa";1;0;0;0;0;0;0;0;0;0;0;1;0;0;0
"12/10/2022";"00:41:00";"26";"Acidente c";"488";"BR-101/RJ";"Pista Sul";"Colisão frontal";2;0;0;0;0;0;0;0;0;0;1;1;0;0;0
"12/10/2022";"01:30:00";"39";"Acidente c";"213,75";"BR-116/SP";"Pista Sul";"Choque em barreira New Jersey";1;0;0;0;0;0;0;0;0;0;1;2;0;0;0
"12/10/2022";"01:43:00";"41";"Acidente s";"149";"BR-116/SP";"Pista Norte";"Abalroamento longitudinal";0;0;0;0;0;1;0;0;0;2;4;0;0;0;0
"12/10/2022";"02:44:00";"58";"Acidente s";"213,5";"BR-116/SP";"Pista Norte";"Capotamento";1;0;0;0;0;0;0;0;0;0;1;0;0;0;0
"12/10/2022";"05:05:00";"86";"Acidente c";"433";"BR-101/RJ";"Pista Sul";"Colisão frontal";2;0;0;0;0;0;0;0;0;0;2;5;0;0;0
"12/10/2022";"05:09:00";"89";"Acidente c";"411,7";"BR-101/RJ";"Pista Sul";"Capotamento";1;0;0;0;0;0;0;0;0;0;0;1;0;0;0
"12/10/2022";"05:59:00";"98";"Acidente s";"454";"BR-101/RJ";"Pista Sul";"Choque em objeto fixo";1;0;0;0;0;0;0;0;0;0;1;0;0;0;0
"12/10/2022";"06:21:00";"115";"Acidente c";"204,5";"BR-116/SP";"Pista Norte";"Queda de moto";0;0;0;1;0;0;0;0;0;0;0;0;1;0;0
"12/10/2022";"07:09:00";"162";"Acidente c";"93,85";"BR-116/SP";"Pista Norte";"Queda de moto";0;0;0;1;0;0;0;0;0;0;0;1;0;0;0
"12/10/2022";"07:15:00";"172";"Acidente c";"542";"BR-101/RJ";"Pista Norte";"Choque em objeto fixo";1;0;0;0;0;0;0;0;0;0;0;1;0;0;0
"12/10/2022";"07:30:00";"188";"Acidente c";"77,85";"BR-116/SP";"Pista Norte";"Colisão traseira";1;0;0;1;0;0;0;0;0;0;5;0;1;0;0
"12/10/2022";"08:09:00";"222";"Acidente s";"182,3";"BR-116/SP";"Pista Norte";"Tombamento";0;0;1;0;0;0;0;0;0;0;1;0;0;0;0
"12/10/2022";"08:12:00";"224";"Acidente c";"227,2";"BR-116/RJ";"Pista Norte";"Tombamento";0;0;0;0;0;0;0;0;0;1;0;2;0;0;0
"12/10/2022";"08:39:00";"250";"Acidente s";"91";"BR-116/SP";"Pista Norte";"Colisão traseira";1;0;0;0;0;1;0;0;0;0;2;0;0;0;0
"12/10/2022";"09:04:00";"274";"Acidente s";"180,7";"BR-116/RJ";"Pista Norte";"Choque em barreira New Jersey";1;0;0;0;0;0;0;0;0;0;1;0;0;0;0
"12/10/2022";"10:23:00";"316";"Acidente s";"113";"BR-116/SP";"Pista Norte";"Abalroamento longitudinal";1;0;1;0;0;0;0;0;0;0;2;0;0;0;0
"12/10/2022";"10:33:00";"324";"Acidente c";"71,15";"BR-116/SP";"Pista Norte";"Engavetamento";1;0;0;2;0;0;0;0;0;0;2;1;1;0;0
"12/10/2022";"10:45:00";"329";"Acidente c";"98,4";"BR-116/SP";"Pista Sul";"Engavetamento";5;0;0;0;0;0;0;0;0;0;15;2;0;0;0
"12/10/2022";"14:08:00";"438";"Acidente s";"165,6";"BR-116/SP";"Pista Sul";"Abalroamento longitudinal";1;0;0;0;0;1;0;0;0;0;4;0;0;0;0
"12/10/2022";"14:43:00";"457";"Acidente s";"387";"BR-101/RJ";"Pista Norte";"Capotamento";1;0;0;0;0;0;0;0;0;0;1;0;0;0;0
"12/10/2022";"15:02:00";"469";"Acidente s";"74";"BR-116/SP";"Pista Sul";"Colisão traseira";0;0;0;0;1;0;0;0;0;1;8;0;0;0;0
"12/10/2022";"16:15:00";"516";"Acidente s";"190";"BR-116/RJ";"Pista Norte";"Choque em objeto na pista";1;0;0;0;0;0;0;0;0;0;2;0;0;0;0
"12/10/2022";"19:07:00";"591";"Acidente c";"51";"BR-101/SP";"Pista Norte";"Abalroamento longitudinal";1;0;0;1;0;0;0;0;0;0;1;1;0;0;0
"12/10/2022";"20:22:00";"618";"Acidente c";"251,6";"BR-116/RJ";"Pista Sul";"Colisão traseira";2;0;0;0;0;0;0;0;0;0;0;2;0;0;0
"12/10/2022";"20:25:00";"620";"Acidente c";"382";"BR-101/RJ";"Pista Norte";"Colisão traseira";1;0;0;0;0;1;0;0;0;0;2;1;1;0;0
"12/10/2022";"22:31:00";"654";"Acidente s";"190,1";"BR-116/SP";"Pista Norte";"Choque em barreira New Jersey";1;0;0;0;0;0;0;0;0;0;1;0;0;0;0
"12/10/2022";"22:42:00";"661";"Acidente s";"190,5";"BR-116/SP";"Pista Norte";"Colisão traseira";2;0;0;0;0;0;0;0;0;0;2;0;0;0;0
"13/10/2022";"00:22:00";"23";"Acidente c";"316,3";"BR-116/RJ";"Pista Norte";"Choque em barreira New Jersey";1;0;0;0;0;0;0;0;0;0;0;4;1;0;0
"13/10/2022";"01:28:00";"40";"Acidente c";"102,7";"BR-116/SP";"Pista Norte";"Abalroamento longitudinal";1;0;0;0;0;1;0;0;0;0;5;1;0;0;0
"13/10/2022";"02:28:00";"53";"Acidente c";"179";"BR-116/RJ";"Pista Sul";"Colisão traseira";1;0;0;1;0;0;0;0;0;0;1;0;2;0;0
"13/10/2022";"06:37:00";"122";"Atropelame";"133,2";"BR-116/SP";"Pista Norte";"Atropelamento de pedestre atravessando";0;1;1;0;0;0;0;0;0;0;2;0;0;0;1
"13/10/2022";"06:44:00";"136";"Acidente s";"226,1";"BR-116/SP";"Pista Sul";"Engavetamento";3;0;0;0;0;0;0;0;0;0;3;0;0;0;0
"13/10/2022";"07:01:00";"164";"Acidente c";"305";"BR-116/RJ";"Pista Sul";"Queda de moto";0;0;0;1;0;0;0;0;0;0;0;0;2;0;0
"13/10/2022";"07:39:00";"210";"Acidente s";"288,8";"BR-116/RJ";"Pista Norte";"Colisão traseira";1;0;1;0;0;0;0;0;0;0;2;0;0;0;0
"13/10/2022";"08:21:00";"258";"Acidente c";"221,4";"BR-116/SP";"Pista Sul";"Colisão traseira";0;0;0;1;0;1;0;0;0;0;1;1;0;0;0
"13/10/2022";"08:24:00";"264";"Acidente s";"168,3";"BR-116/RJ";"Pista Norte";"Engavetamento";4;0;0;0;0;0;0;0;0;0;5;0;0;0;0
"13/10/2022";"09:52:00";"361";"Acidente s";"183";"BR-116/RJ";"Pista Sul";"Colisão traseira";2;0;0;0;0;0;0;0;0;0;2;0;0;0;0
"13/10/2022";"10:24:00";"395";"Acidente c";"226,8";"BR-116/SP";"Pista Sul";"Colisão traseira";1;0;0;1;0;0;0;0;0;0;2;1;0;0;0
"13/10/2022";"12:56:00";"480";"Acidente s";"250,4";"BR-116/RJ";"Pista Norte";"Colisão traseira";1;0;1;0;0;0;0;0;0;0;2;0;0;0;0
"13/10/2022";"14:09:00";"533";"Acidente c";"142,1";"BR-116/SP";"Pista Norte";"Abalroamento longitudinal";1;0;0;1;0;0;0;0;0;0;1;1;0;0;0
"13/10/2022";"14:19:00";"537";"Acidente c";"166,6";"BR-116/RJ";"Pista Sul";"Abalroamento longitudinal";1;0;0;1;0;0;0;0;0;0;1;1;0;0;0
"13/10/2022";"14:44:00";"553";"Acidente c";"223,05";"BR-116/SP";"Pista Norte";"Colisão traseira";1;0;0;1;0;0;0;0;0;0;2;0;1;0;0
"13/10/2022";"15:43:00";"594";"Acidente c";"71,1";"BR-116/SP";"Pista Norte";"Queda de moto";0;0;0;1;0;0;0;0;0;0;0;1;0;0;0
"13/10/2022";"17:33:00";"676";"Acidente c";"202,8";"BR-116/SP";"Pista Norte";"Engavetamento";2;0;0;1;0;0;0;0;0;0;5;1;0;0;0
"13/10/2022";"17:41:00";"683";"Acidente c";"54,25";"BR-116/SP";"Pista Norte";"Queda de moto";0;0;0;1;0;0;0;0;0;0;0;1;0;0;0
"13/10/2022";"18:14:00";"704";"Acidente s";"215,1";"BR-116/SP";"Pista Norte";"Outros";0;0;1;0;0;0;0;0;0;0;1;0;0;0;0
"13/10/2022";"18:34:00";"717";"Acidente c";"139,1";"BR-116/SP";"Pista Sul";"Abalroamento longitudinal";1;0;0;1;0;0;0;0;0;0;1;1;0;0;0
"13/10/2022";"19:04:00";"737";"Acidente s";"31";"BR-101/SP";"Pista Sul";"Colisão traseira";2;0;0;0;0;0;0;0;0;0;6;0;0;0;0
"13/10/2022";"19:26:00";"760";"Acidente c";"305,8";"BR-116/RJ";"Pista Sul";"Colisão traseira";0;0;2;0;0;0;0;0;0;0;1;0;1;0;0
"13/10/2022";"20:12:00";"779";"Acidente s";"176,7";"BR-116/RJ";"Pista Sul";"Engavetamento";3;0;0;0;0;0;0;0;0;0;3;0;0;0;0
"13/10/2022";"20:44:00";"791";"Acidente c";"410";"BR-101/RJ";"Pista Sul";"Choque em veículo parado na pista";0;0;0;2;0;1;0;0;0;0;3;0;0;1;0
"13/10/2022";"23:01:00";"843";"Acidente s";"202";"BR-116/SP";"Pista Norte";"Choque em objeto na pista";1;0;0;0;0;0;0;0;0;0;1;0;0;0;0
"13/10/2022";"23:52:00";"853";"Acidente s";"94,1";"BR-116/SP";"Pista Norte";"Colisão traseira";0;0;2;0;0;0;0;0;0;0;2;0;0;0;0
"14/10/2022";"00:57:00";"26";"Acidente s";"48,1";"BR-116/SP";"Pista Sul";"Colisão traseira";1;0;1;0;0;0;0;0;0;0;4;0;0;0;0
"14/10/2022";"01:33:00";"31";"Acidente s";"23,7";"BR-116/SP";"Pista Norte";"Abalroamento longitudinal";0;0;2;0;0;0;0;0;0;0;2;0;0;0;0
"14/10/2022";"02:40:00";"46";"Acidente c";"260,58";"BR-116/RJ";"Pista Norte";"Colisão traseira";1;0;1;0;0;0;0;0;0;0;1;0;0;0;2
"14/10/2022";"03:06:00";"51";"Acidente s";"59";"BR-116/SP";"Pista Norte";"Choque em objeto na pista";0;0;1;0;0;0;0;0;0;0;1;0;0;0;0
"14/10/2022";"05:41:00";"68";"Acidente s";"170,8";"BR-116/SP";"Pista Norte";"Abalroamento longitudinal";1;0;1;0;0;0;0;0;0;0;2;0;0;0;0
"14/10/2022";"06:43:00";"113";"Acidente s";"395";"BR-101/RJ";"Pista Norte";"Choque em objeto fixo";1;0;0;0;0;0;0;0;0;0;1;0;0;0;0
"14/10/2022";"08:03:00";"229";"Acidente s";"387";"BR-101/RJ";"Pista Sul";"Colisão traseira";1;0;0;1;0;0;0;0;0;0;2;0;0;0;0
"14/10/2022";"08:04:00";"230";"Acidente s";"223,1";"BR-116/SP";"Pista Sul";"Queda de moto";0;0;0;1;0;0;0;0;0;0;1;0;0;0;0
"14/10/2022";"08:19:00";"251";"Acidente s";"145,7";"BR-116/SP";"Pista Sul";"Abalroamento longitudinal";0;0;0;1;0;1;0;0;0;0;2;0;0;0;0
"14/10/2022";"08:23:00";"255";"Acidente c";"213,3";"BR-116/SP";"Pista Sul";"Colisão traseira";1;0;0;2;0;0;0;0;0;0;3;2;0;0;0
"14/10/2022";"09:57:00";"340";"Acidente s";"189,1";"BR-116/SP";"Pista Norte";"Choque em objeto na pista";1;0;0;0;0;0;0;0;0;0;2;0;0;0;0
"14/10/2022";"10:47:00";"384";"Acidente s";"67,8";"BR-116/SP";"Pista Sul";"Colisão traseira";1;0;1;0;0;0;0;0;0;0;4;0;0;0;0
"14/10/2022";"10:55:00";"390";"Acidente c";"228,1";"BR-116/SP";"Pista Norte";"Queda de moto";0;0;0;1;0;0;0;0;0;0;0;0;1;0;0
"14/10/2022";"12:40:00";"445";"Acidente s";"276";"BR-116/RJ";"Pista Norte";"Abalroamento longitudinal";0;0;2;0;0;0;0;0;0;0;2;0;0;0;0
"14/10/2022";"14:39:00";"527";"Acidente s";"226,5";"BR-116/SP";"Pista Sul";"Colisão traseira";1;0;1;0;0;0;0;0;0;0;3;0;0;0;0
"14/10/2022";"14:44:00";"530";"Acidente c";"2,5";"BR-116/SP";"Pista Sul";"Capotamento";1;0;0;0;0;0;0;0;0;0;2;3;0;0;0
"14/10/2022";"15:29:00";"557";"Acidente c";"142,8";"BR-116/SP";"Pista Norte";"Colisão traseira";1;0;0;1;0;0;0;0;0;0;1;0;1;0;0
"14/10/2022";"15:29:00";"556";"Acidente s";"275,5";"BR-116/RJ";"Pista Sul";"Engavetamento";3;0;1;0;0;0;0;0;0;0;6;0;0;0;0
"14/10/2022";"16:17:00";"580";"Acidente s";"272";"BR-116/RJ";"Pista Sul";"Engavetamento";4;0;1;0;0;0;0;0;0;0;5;0;0;0;0
"14/10/2022";"17:13:00";"616";"Acidente c";"422";"BR-101/RJ";"Pista Sul";"Abalroamento longitudinal";2;0;0;0;0;0;0;0;0;0;1;2;0;0;0
"14/10/2022";"18:02:00";"638";"Acidente s";"302,3";"BR-116/RJ";"Pista Sul";"Colisão traseira";1;0;0;0;0;1;0;0;0;0;2;0;0;0;0
"14/10/2022";"18:08:00";"643";"Acidente s";"423";"BR-101/RJ";"Pista Norte";"Choque em objeto fixo";1;0;0;0;0;0;0;0;0;0;1;0;0;0;0
"14/10/2022";"18:44:00";"676";"Acidente c";"168,7";"BR-116/RJ";"Pista Sul";"Colisão traseira";1;0;0;1;0;0;0;0;0;0;1;1;0;0;0
"14/10/2022";"19:55:00";"717";"Acidente s";"151";"BR-116/SP";"Pista Sul";"Choque em barreira New Jersey";1;0;0;0;0;0;0;0;0;0;3;0;0;0;0
"14/10/2022";"23:14:00";"795";"Acidente c";"293,4";"BR-116/RJ";"Pista Sul";"Choque em objeto fixo";1;0;0;0;0;0;0;0;0;0;0;1;0;3;2
"15/10/2022";"01:52:00";"34";"Acidente s";"292,17";"BR-116/RJ";"Pista Norte";"Colisão traseira";0;0;2;0;0;0;0;0;0;0;2;0;0;0;0
"15/10/2022";"01:56:00";"35";"Acidente s";"130";"BR-116/SP";"Pista Norte";"Choque em objeto fixo";1;0;0;0;0;0;0;0;0;0;1;0;0;0;0
"15/10/2022";"03:32:00";"54";"Acidente s";"163,4";"BR-116/SP";"Pista Norte";"Choque em objeto na pista";1;0;0;0;0;0;0;0;0;0;4;0;0;0;0
"15/10/2022";"05:10:00";"72";"Acidente s";"214";"BR-116/SP";"Pista Sul";"Choque em barreira New Jersey";1;0;0;0;0;0;0;0;0;0;1;0;0;0;0
"15/10/2022";"06:20:00";"101";"Acidente s";"419";"BR-101/RJ";"Pista Sul";"Choque em objeto fixo";1;0;0;0;0;0;0;0;0;0;1;0;0;0;0
"15/10/2022";"07:37:00";"181";"Acidente s";"204,5";"BR-116/SP";"Pista Norte";"Colisão traseira";2;0;0;0;0;0;0;0;0;0;2;0;0;0;0
"15/10/2022";"07:39:00";"184";"Acidente s";"86,95";"BR-116/SP";"Pista Norte";"Colisão traseira";2;0;0;0;0;0;0;0;0;0;2;0;0;0;0
"15/10/2022";"07:59:00";"203";"Acidente s";"168";"BR-116/RJ";"Pista Norte";"Engavetamento";3;0;0;0;0;0;0;0;0;0;3;0;0;0;0
"15/10/2022";"08:06:00";"210";"Acidente s";"229,05";"BR-116/SP";"Pista Sul";"Engavetamento";4;0;0;0;0;0;0;0;0;0;4;0;0;0;0
"15/10/2022";"08:30:00";"234";"Acidente c";"201";"BR-116/SP";"Pista Sul";"Queda de moto";0;0;0;1;0;0;0;0;0;0;0;1;0;0;0
"15/10/2022";"08:41:00";"250";"Acidente c";"18,5";"BR-101/SP";"Pista Norte";"Choque em objeto fixo";1;0;0;0;0;0;0;0;0;0;0;0;1;0;0
"15/10/2022";"09:13:00";"272";"Acidente c";"86,8";"BR-116/SP";"Pista Norte";"Queda de moto";0;0;0;1;0;0;0;0;0;0;0;2;0;0;0
"15/10/2022";"10:10:00";"313";"Acidente c";"207,1";"BR-116/RJ";"Pista Sul";"Colisão traseira";1;0;0;0;0;1;0;0;0;0;4;1;0;0;0
"15/10/2022";"10:25:00";"327";"Acidente c";"228";"BR-116/SP";"Pista Norte";"Abalroamento longitudinal";1;0;0;1;0;0;0;0;0;0;1;1;0;0;0
"15/10/2022";"10:35:00";"331";"Acidente s";"184,1";"BR-116/RJ";"Pista Norte";"Abalroamento longitudinal";0;0;1;0;1;0;0;0;0;0;2;0;0;0;0
"15/10/2022";"10:47:00";"338";"Acidente s";"102,2";"BR-116/SP";"Pista Norte";"Colisão traseira";2;0;0;0;0;0;0;0;0;0;4;0;0;0;0
"15/10/2022";"10:59:00";"344";"Acidente s";"420";"BR-101/RJ";"Pista Norte";"Abalroamento longitudinal";0;0;1;0;0;1;0;0;0;0;2;0;0;0;0
"15/10/2022";"12:06:00";"380";"Acidente c";"287,5";"BR-116/RJ";"Pista Sul";"Choque em barreira New Jersey";1;0;0;0;0;0;0;0;0;0;0;1;0;0;0
"15/10/2022";"12:58:00";"406";"Acidente s";"212,9";"BR-116/SP";"Pista Sul";"Colisão traseira";1;0;0;1;0;0;0;0;0;0;2;0;0;0;0
"15/10/2022";"13:15:00";"413";"Acidente s";"230,2";"BR-116/SP";"Pista Norte";"Engavetamento";2;0;0;0;0;0;0;0;0;1;3;0;0;0;0
"15/10/2022";"13:44:00";"427";"Acidente s";"169,8";"BR-116/RJ";"Pista Norte";"Engavetamento";6;0;0;0;0;2;0;0;0;0;8;0;0;0;0
"15/10/2022";"13:45:00";"428";"Acidente c";"181,7";"BR-116/RJ";"Pista Norte";"Choque em defensa";1;0;0;0;0;0;0;0;0;0;2;1;0;0;0
"15/10/2022";"14:12:00";"443";"Acidente c";"182,6";"BR-116/RJ";"Pista Sul";"Queda de moto";0;0;0;1;0;0;0;0;0;0;1;1;0;0;0
"15/10/2022";"15:03:00";"473";"Acidente s";"183";"BR-116/RJ";"Pista Norte";"Engavetamento";1;0;0;0;0;3;0;0;0;0;4;0;0;0;0
"15/10/2022";"15:33:00";"497";"Acidente s";"178,3";"BR-116/RJ";"Pista Norte";"Engavetamento";3;0;0;0;0;0;0;0;0;0;6;0;0;0;0
"15/10/2022";"15:42:00";"504";"Acidente c";"182,5";"BR-116/RJ";"Pista Norte";"Colisão traseira";2;0;0;0;0;0;0;0;0;0;4;0;1;0;0
"15/10/2022";"16:07:00";"527";"Acidente c";"138,5";"BR-116/SP";"Pista Norte";"Queda de moto";0;0;0;1;0;0;0;0;0;0;0;2;0;0;0
"15/10/2022";"16:40:00";"542";"Acidente s";"83";"BR-116/SP";"Pista Sul";"Choque em objeto na pista";0;0;1;0;0;0;0;0;0;0;1;0;0;0;0
"15/10/2022";"17:42:00";"570";"Acidente s";"228";"BR-116/SP";"Pista Norte";"Colisão traseira";1;0;0;1;0;0;0;0;0;0;2;0;0;0;0
"15/10/2022";"19:04:00";"601";"Acidente s";"170";"BR-116/SP";"Pista Sul";"Abalroamento longitudinal";1;0;0;0;1;0;0;0;0;0;2;0;0;0;0
"15/10/2022";"19:04:00";"600";"Acidente c";"577";"BR-101/RJ";"Pista Sul";"Colisão frontal";0;0;0;2;0;0;0;0;0;0;1;0;1;0;0
"15/10/2022";"21:04:00";"658";"Atropelame";"230,5";"BR-116/SP";"Pista Norte";"Atropelamento de pedestre atravessando";0;0;1;0;0;0;0;0;0;0;1;0;0;1;0
"15/10/2022";"22:21:00";"695";"Atropelame";"145";"BR-116/SP";"Pista Norte";"Atropelamento de pedestre atravessando";1;0;0;0;0;0;0;0;0;0;0;1;0;0;1
"16/10/2022";"01:05:00";"15";"Acidente s";"21,7";"BR-101/SP";"Pista Norte";"Atropelamento de animal";1;0;0;0;0;0;0;0;0;0;1;0;0;0;0
"16/10/2022";"01:10:00";"19";"Atropelame";"93,75";"BR-116/SP";"Pista Norte";"Atropelamento de pedestre atravessando";1;0;0;0;0;0;0;0;0;0;1;1;0;0;0