data;horario;n_da_ocorrencia;tipo_de_ocorrencia;km;trecho;sentido;tipo_de_acidente;automovel;bicicleta;caminhao;moto;onibus;outros;tracao_animal;transporte_de_cargas_especiais;trator_maquinas;utilitarios;ilesos;levemente_feridos;moderadamente_feridos;gravemente_feridos;mortos
"16/10/2022";"01:43:00";"45";"Acidente c";"194";"BR-116/RJ";"Pista Norte";"Queda de moto";0;0;0;1;0;0;0;0;0;0;0;0;1;0;0
"16/10/2022";"01:51:00";"32";"Acidente c";"170,8";"BR-116/RJ";"Pista Norte";"Colisão traseira";2;0;0;0;0;0;0;0;0;0;1;1;0;0;0
"16/10/2022";"02:22:00";"57";"Acidente c";"472";"BR-101/RJ";"Pista Norte";"Abalroamento longitudinal";1;0;1;0;0;0;0;0;0;0;1;0;2;0;0
"16/10/2022";"04:53:00";"88";"Acidente c";"210,1";"BR-116/SP";"Pista Norte";"Colisão traseira";1;0;0;0;0;1;0;0;0;0;2;0;1;0;0
"16/10/2022";"05:03:00";"94";"Acidente s";"53,3";"BR-116/SP";"Pista Norte";"Choque em barreira New Jersey";1;0;0;0;0;0;0;0;0;0;1;0;0;0;0
"16/10/2022";"06:42:00";"125";"Acidente c";"294";"BR-116/RJ";"Pista Sul";"Choque em barreira New Jersey";1;0;0;0;0;0;0;0;0;0;0;1;0;0;0
"16/10/2022";"07:39:00";"166";"Acidente c";"220,9";"BR-116/SP";"Pista Norte";"Queda de moto";0;0;0;1;0;0;0;0;0;0;0;0;1;0;0
"16/10/2022";"08:00:00";"182";"Acidente s";"274";"BR-116/RJ";"Pista Sul";"Choque em objeto na pista";1;0;0;0;0;0;0;0;0;0;1;0;0;0;0
"16/10/2022";"08:08:00";"190";"Acidente c";"161";"BR-116/SP";"Pista Sul";"Capotamento";1;0;0;0;0;0;0;0;0;0;0;2;0;0;0
"16/10/2022";"08:10:00";"191";"Acidente s";"204,5";"BR-116/SP";"Pista Norte";"Choque em objeto na pista";1;0;1;0;0;0;0;0;0;0;2;0;0;0;0
"16/10/2022";"08:44:00";"211";"Acidente c";"170,6";"BR-116/RJ";"Pista Norte";"Colisão traseira";1;0;0;1;0;1;0;0;0;0;2;1;0;0;0
"16/10/2022";"10:44:00";"267";"Acidente s";"495";"BR-101/RJ";"Pista Norte";"Choque Talude";1;0;0;0;0;0;0;0;0;0;1;0;0;0;0
"16/10/2022";"13:15:00";"354";"Acidente s";"212";"BR-116/SP";"Pista Sul";"Engavetamento";3;0;0;0;0;0;0;0;0;0;3;0;0;0;0
"16/10/2022";"15:38:00";"435";"Acidente s";"103,5";"BR-116/SP";"Pista Sul";"Não Def";0;0;0;0;0;2;0;0;0;0;2;0;0;0;0
"16/10/2022";"15:45:00";"438";"Acidente s";"194";"BR-116/RJ";"Pista Norte";"Abalroamento longitudinal";0;0;0;0;0;2;0;0;0;0;2;0;0;0;0
"16/10/2022";"15:45:00";"439";"Atropelame";"225,15";"BR-116/SP";"Pista Norte";"Atropelamento de pedestre caminhando";0;0;1;0;0;0;0;0;0;0;1;0;1;0;0
"16/10/2022";"16:11:00";"455";"Acidente c";"286";"BR-116/RJ";"Pista Norte";"Choque em barreira New Jersey";0;0;0;1;0;1;0;0;0;0;2;0;1;0;0
"16/10/2022";"16:14:00";"457";"Acidente s";"180";"BR-116/SP";"Pista Sul";"Abalroamento longitudinal";1;0;0;0;0;0;0;0;0;0;3;0;0;0;0
"16/10/2022";"16:33:00";"467";"Acidente c";"418,3";"BR-101/RJ";"Pista Sul";"Colisão frontal";1;0;0;1;0;0;0;0;0;0;1;1;1;0;0
"16/10/2022";"16:43:00";"475";"Acidente s";"167,2";"BR-116/RJ";"Pista Norte";"Choque em barreira New Jersey";1;0;0;0;0;0;0;0;0;0;1;0;0;0;0
"16/10/2022";"16:46:00";"477";"Acidente s";"165,2";"BR-116/SP";"Pista Norte";"Choque em objeto na pista";0;0;0;1;0;0;0;0;0;0;2;0;0;0;0
"16/10/2022";"17:22:00";"500";"Acidente s";"182,4";"BR-116/RJ";"Pista Norte";"Colisão traseira";2;0;0;0;0;0;0;0;0;0;2;0;0;0;0
"16/10/2022";"17:52:00";"518";"Acidente c";"214";"BR-116/SP";"Pista Sul";"Engavetamento";3;0;0;0;0;0;0;0;0;0;6;1;0;0;0
"16/10/2022";"17:56:00";"521";"Acidente c";"198,1";"BR-116/SP";"Pista Norte";"Choque em defensa";1;0;0;0;0;0;0;0;0;0;0;1;0;0;0
"16/10/2022";"18:23:00";"540";"Acidente s";"101,7";"BR-116/SP";"Pista Sul";"Engavetamento";2;0;0;0;0;0;0;0;0;2;22;0;0;0;0
"16/10/2022";"18:39:00";"551";"Acidente c";"131,5";"BR-116/SP";"Pista Sul";"Colisão traseira";1;0;0;0;0;1;0;0;0;0;1;1;0;0;0
"16/10/2022";"18:55:00";"561";"Acidente s";"175";"BR-116/RJ";"Pista Sul";"Colisão traseira";2;0;0;0;0;0;0;0;0;0;2;0;0;0;0
"16/10/2022";"19:07:00";"565";"Acidente s";"223,6";"BR-116/SP";"Pista Sul";"Choque em defensa";1;0;0;0;0;0;0;0;0;0;2;0;0;0;0
"16/10/2022";"20:16:00";"606";"Acidente c";"65";"BR-116/SP";"Pista Norte";"Abalroamento longitudinal";1;0;0;1;0;0;0;0;0;0;1;1;0;0;0
"16/10/2022";"20:57:00";"615";"Acidente c";"398";"BR-101/RJ";"Pista Norte";"Colisão traseira";2;0;0;0;0;0;0;0;0;0;7;1;1;0;0
"16/10/2022";"22:04:00";"642";"Acidente c";"170,7";"BR-116/RJ";"Pista Norte";"Colisão traseira";2;0;0;0;0;0;0;0;0;0;1;1;0;0;0
"16/10/2022";"23:25:00";"669";"Acidente s";"176,55";"BR-116/RJ";"Pista Norte";"Capotamento";1;0;0;0;0;0;0;0;0;0;1;0;0;0;0
"17/10/2022";"01:41:00";"46";"Acidente s";"206,1";"BR-116/RJ";"Pista Sul";"Atropelamento de animal";1;0;0;0;0;0;0;0;0;0;1;0;0;0;0
"17/10/2022";"03:17:00";"66";"Acidente c";"186,6";"BR-116/SP";"Pista Sul";"Queda de moto";0;0;0;1;0;0;0;0;0;0;0;0;2;0;0
"17/10/2022";"06:20:00";"111";"Acidente s";"108,6";"BR-116/SP";"Pista Sul";"Choque em barreira New Jersey";1;0;0;0;0;1;0;0;0;0;2;0;0;0;0
"17/10/2022";"07:13:00";"197";"Acidente c";"216,4";"BR-116/SP";"Pista Norte";"Abalroamento longitudinal";0;0;0;2;0;0;0;0;0;0;0;2;0;0;0
"17/10/2022";"07:15:00";"201";"Acidente s";"126,8";"BR-116/SP";"Pista Norte";"Choque em veículo parado na pista";0;0;2;0;0;0;0;0;0;0;2;0;0;0;0
"17/10/2022";"07:32:00";"222";"Acidente s";"154,6";"BR-116/SP";"Pista Norte";"Colisão traseira";2;0;0;0;0;0;0;0;0;0;2;0;0;0;0
"17/10/2022";"07:59:00";"260";"Acidente c";"206";"BR-116/SP";"Pista Sul";"Colisão traseira";0;0;0;2;0;0;0;0;0;0;1;1;0;0;0
"17/10/2022";"09:09:00";"335";"Acidente c";"420";"BR-101/RJ";"Pista Sul";"Queda de moto";0;0;0;1;0;0;0;0;0;0;0;1;1;0;0
"17/10/2022";"09:32:00";"349";"Acidente c";"305";"BR-116/RJ";"Pista Sul";"Abalroamento longitudinal";2;0;0;0;0;0;0;0;0;0;0;4;0;0;0
"17/10/2022";"11:58:00";"474";"Acidente s";"54,5";"BR-116/SP";"Pista Norte";"Choque em objeto na pista";1;0;0;0;0;0;0;0;0;0;5;0;0;0;0
"17/10/2022";"12:05:00";"479";"Acidente s";"38,55";"BR-116/SP";"Pista Norte";"Abalroamento longitudinal";2;0;0;0;0;0;0;0;0;0;6;0;0;0;0
"17/10/2022";"12:59:00";"511";"Acidente s";"167,2";"BR-116/RJ";"Pista Norte";"Engavetamento";3;0;0;0;0;0;0;0;0;3;6;0;0;0;0
"17/10/2022";"13:10:00";"516";"Acidente s";"180,8";"BR-116/SP";"Pista Sul";"Colisão traseira";0;0;2;0;0;0;0;0;0;0;2;0;0;0;0
"17/10/2022";"13:43:00";"537";"Acidente s";"177,6";"BR-116/RJ";"Pista Norte";"Engavetamento";3;0;0;0;0;0;0;0;0;0;3;0;0;0;0
"17/10/2022";"14:39:00";"567";"Acidente s";"223,1";"BR-116/SP";"Pista Norte";"Colisão traseira";1;0;1;0;0;0;0;0;0;0;2;0;0;0;0
"17/10/2022";"16:12:00";"633";"Acidente c";"216";"BR-116/SP";"Pista Norte";"Abalroamento longitudinal";1;0;0;1;0;0;0;0;0;0;3;1;0;0;0
"17/10/2022";"17:24:00";"676";"Acidente c";"178,2";"BR-116/RJ";"Pista Norte";"Abalroamento longitudinal";1;0;0;1;0;0;0;0;0;0;1;1;0;0;0
"17/10/2022";"17:47:00";"691";"Acidente s";"117,4";"BR-116/SP";"Pista Norte";"Colisão traseira";3;0;0;0;0;0;0;0;0;0;4;0;0;0;0
"17/10/2022";"18:16:00";"721";"Acidente s";"398";"BR-101/RJ";"Pista Sul";"Colisão traseira";2;0;0;0;0;0;0;0;0;0;2;0;0;0;0
"17/10/2022";"18:19:00";"724";"Acidente s";"157,5";"BR-116/SP";"Pista Norte";"Engavetamento";2;0;0;0;0;0;0;0;0;1;3;0;0;0;0
"17/10/2022";"18:20:00";"725";"Acidente s";"219";"BR-116/SP";"Pista Sul";"Colisão traseira";2;0;0;0;0;0;0;0;0;0;2;0;0;0;0
"17/10/2022";"18:42:00";"735";"Acidente s";"155,6";"BR-116/SP";"Pista Sul";"Choque em objeto na pista";1;0;0;0;0;0;0;0;0;0;2;0;0;0;0
"17/10/2022";"19:18:00";"749";"Acidente s";"224";"BR-116/SP";"Pista Norte";"Engavetamento";2;0;0;1;0;0;0;0;0;0;4;0;0;0;0
"17/10/2022";"19:33:00";"757";"Acidente c";"157";"BR-116/SP";"Pista Sul";"Engavetamento";3;0;0;0;0;0;0;0;0;0;3;1;0;0;0
"17/10/2022";"20:47:00";"792";"Acidente c";"219,45";"BR-116/SP";"Pista Sul";"Engavetamento";3;0;1;0;0;0;0;0;0;0;3;1;1;0;0
"17/10/2022";"21:44:00";"817";"Acidente c";"223,2";"BR-116/SP";"Pista Sul";"Capotamento";1;0;0;0;0;0;0;0;0;0;3;2;0;0;0
"17/10/2022";"22:19:00";"837";"Acidente c";"56";"BR-116/SP";"Pista Norte";"Colisão traseira";0;0;0;1;0;1;0;0;0;0;1;1;0;0;0
"18/10/2022";"00:08:00";"16";"Acidente c";"301";"BR-116/RJ";"Pista Norte";"Colisão traseira";2;0;0;0;0;0;0;0;0;0;1;2;0;0;0
"18/10/2022";"04:26:00";"54";"Acidente s";"209,2";"BR-116/SP";"Pista Sul";"Colisão traseira";2;0;0;0;0;0;0;0;0;0;2;0;0;0;0
"18/10/2022";"07:33:00";"189";"Acidente s";"285";"BR-116/RJ";"Pista Sul";"Colisão traseira";2;0;0;0;0;0;0;0;0;0;3;0;0;0;0
"18/10/2022";"08:40:00";"280";"Acidente s";"285,4";"BR-116/RJ";"Pista Sul";"Engavetamento";2;0;0;0;0;1;0;0;0;0;3;0;0;0;0
"18/10/2022";"08:48:00";"292";"Acidente s";"34";"BR-116/SP";"Pista Sul";"Choque em objeto na pista";1;0;0;0;0;0;0;0;0;0;2;0;0;0;0
"18/10/2022";"09:33:00";"340";"Acidente s";"148";"BR-116/SP";"Pista Sul";"Choque em objeto na pista";1;0;0;0;0;0;0;0;0;0;1;0;0;0;0
"18/10/2022";"10:04:00";"369";"Acidente s";"220,1";"BR-116/SP";"Pista Sul";"Colisão traseira";1;0;0;1;0;0;0;0;0;0;2;0;0;0;0
"18/10/2022";"10:47:00";"413";"Acidente s";"147,3";"BR-116/SP";"Pista Sul";"Choque em barreira New Jersey";1;0;0;0;0;0;0;0;0;0;1;0;0;0;0
"18/10/2022";"11:02:00";"422";"Acidente c";"177";"BR-116/RJ";"Pista Sul";"Colisão traseira";1;0;0;1;0;0;0;0;0;0;1;0;1;0;0
"18/10/2022";"11:45:00";"453";"Acidente s";"213,6";"BR-116/SP";"Pista Sul";"Colisão traseira";1;0;1;0;0;0;0;0;0;0;2;0;0;0;0
"18/10/2022";"12:32:00";"485";"Acidente c";"51";"BR-101/SP";"Pista Sul";"Queda de moto";0;0;0;1;0;0;0;0;0;0;0;1;0;0;0
"18/10/2022";"15:03:00";"570";"Acidente c";"176,15";"BR-116/RJ";"Pista Sul";"Engavetamento";3;0;0;0;0;0;0;0;0;0;2;1;0;0;0
"18/10/2022";"15:46:00";"586";"Acidente s";"84,35";"BR-116/SP";"Pista Sul";"Choque em objeto fixo";1;0;0;0;0;0;0;0;0;0;2;0;0;0;0
"18/10/2022";"16:54:00";"622";"Atropelame";"51";"BR-101/SP";"Pista Sul";"Choque em barreira New Jersey";1;0;0;0;0;0;0;0;0;0;0;1;0;0;0
"18/10/2022";"16:56:00";"624";"Acidente c";"435";"BR-101/RJ";"Pista Norte";"Abalroamento longitudinal";1;0;0;0;0;1;0;0;0;0;1;1;0;0;0
"18/10/2022";"17:15:00";"633";"Acidente s";"223";"BR-116/SP";"Pista Norte";"Abalroamento longitudinal";1;0;1;0;0;0;0;0;0;0;5;0;0;0;0
"18/10/2022";"17:32:00";"642";"Acidente s";"417";"BR-101/RJ";"Pista Sul";"Abalroamento longitudinal";1;0;0;0;0;1;0;0;0;0;2;0;0;0;0
"18/10/2022";"18:01:00";"658";"Acidente c";"157,1";"BR-116/SP";"Pista Sul";"Engavetamento";3;0;0;0;0;1;0;0;0;0;5;1;0;0;0
"18/10/2022";"18:10:00";"660";"Acidente s";"161,5";"BR-116/SP";"Pista Norte";"Abalroamento longitudinal";1;0;1;0;0;0;0;0;0;0;2;0;0;0;0
"18/10/2022";"19:24:00";"701";"Acidente s";"161,55";"BR-116/SP";"Pista Norte";"Abalroamento longitudinal";1;0;1;0;0;0;0;0;0;0;2;0;0;0;0
"18/10/2022";"20:35:00";"725";"Acidente s";"269";"BR-116/RJ";"Pista Sul";"Choque em objeto na pista";1;0;0;0;0;0;0;0;0;0;1;0;0;0;0
"18/10/2022";"20:40:00";"729";"Acidente s";"197,2";"BR-116/SP";"Pista Sul";"Abalroamento longitudinal";0;0;2;0;0;0;0;0;0;0;2;0;0;0;0
"18/10/2022";"20:44:00";"732";"Acidente s";"197,2";"BR-116/SP";"Pista Norte";"Engavetamento";3;0;0;0;0;0;0;0;0;0;3;0;0;0;0
"18/10/2022";"20:54:00";"737";"Acidente s";"269";"BR-116/RJ";"Pista Sul";"Choque em objeto na pista";0;0;1;0;0;0;0;0;0;0;1;0;0;0;0
"18/10/2022";"21:55:00";"760";"Atropelame";"183";"BR-116/RJ";"Pista Norte";"Atropelamento de pedestre atravessando";1;1;0;0;0;0;0;0;0;0;1;0;1;0;0
"18/10/2022";"22:03:00";"761";"Acidente c";"214";"BR-116/SP";"Pista Sul";"Choque em veículo parado na pista";3;0;0;0;0;0;0;0;0;0;3;1;0;0;0
"19/10/2022";"00:42:00";"26";"Acidente c";"477";"BR-101/RJ";"Pista Sul";"Choque em defensa";1;0;0;0;0;0;0;0;0;0;0;1;0;0;0
"19/10/2022";"02:24:00";"47";"Acidente c";"428";"BR-101/RJ";"Pista Norte";"Choque em objeto fixo";1;0;0;0;0;0;0;0;0;0;0;0;1;0;0
"19/10/2022";"03:14:00";"56";"Acidente c";"167,8";"BR-116/RJ";"Pista Norte";"Choque em barreira New Jersey";1;0;0;0;0;0;0;0;0;0;0;2;0;0;0
"19/10/2022";"04:13:00";"68";"Acidente s";"151,4";"BR-116/SP";"Pista Norte";"Choque em objeto na pista";1;0;0;0;0;0;0;0;0;0;2;0;0;0;0
"19/10/2022";"04:52:00";"77";"Acidente s";"151";"BR-116/SP";"Pista Norte";"Choque em objeto na pista";0;0;1;0;0;0;0;0;0;0;1;0;0;0;0
"19/10/2022";"07:12:00";"184";"Acidente c";"218,6";"BR-116/SP";"Pista Sul";"Colisão traseira";0;0;0;2;0;0;0;0;0;0;0;0;2;0;0
"19/10/2022";"07:24:00";"206";"Acidente c";"180";"BR-116/RJ";"Pista Norte";"Colisão traseira";2;0;0;0;0;0;0;0;0;0;1;2;0;0;0
"19/10/2022";"07:51:00";"246";"Acidente c";"208";"BR-116/SP";"Pista Sul";"Colisão traseira";0;0;0;1;0;1;0;0;0;0;2;1;0;0;0
"19/10/2022";"07:51:00";"247";"Acidente c";"99,05";"BR-116/SP";"Pista Norte";"Capotamento";1;0;0;0;0;0;0;0;0;0;0;1;0;0;0
"19/10/2022";"09:20:00";"323";"Acidente s";"145,3";"BR-116/SP";"Pista Norte";"Colisão traseira";1;0;0;0;0;1;0;0;0;0;2;0;0;0;0
"19/10/2022";"09:56:00";"359";"Acidente s";"515";"BR-101/RJ";"Pista Sul";"Choque em objeto fixo";1;0;0;0;0;0;0;0;0;0;1;0;0;0;0
"19/10/2022";"11:57:00";"428";"Acidente c";"447";"BR-101/RJ";"Pista Sul";"Choque em barreira New Jersey";1;0;0;0;0;0;0;0;0;0;0;1;0;0;0
"19/10/2022";"12:11:00";"438";"Acidente c";"467,55";"BR-101/RJ";"Pista Sul";"Colisão frontal";1;0;1;0;0;0;0;0;0;0;1;1;0;0;0
"19/10/2022";"12:25:00";"445";"Acidente c";"216";"BR-116/SP";"Pista Norte";"Colisão traseira";2;0;0;0;0;0;0;0;0;0;1;2;1;0;0
"19/10/2022";"12:43:00";"455";"Acidente s";"324,2";"BR-116/RJ";"Pista Norte";"Abalroamento longitudinal";1;0;1;0;0;0;0;0;0;0;2;0;0;0;0
"19/10/2022";"13:04:00";"464";"Acidente s";"226,9";"BR-116/RJ";"Pista Norte";"Choque em barreira New Jersey";1;0;0;0;0;0;0;0;0;0;3;0;0;0;0
"19/10/2022";"14:06:00";"499";"Acidente s";"171";"BR-116/RJ";"Pista Sul";"Colisão traseira";1;0;0;0;0;1;0;0;0;0;2;0;0;0;0
"19/10/2022";"14:09:00";"502";"Acidente s";"334";"BR-116/RJ";"Pista Sul";"Choque em barreira New Jersey";1;0;0;0;0;0;0;0;0;0;1;0;0;0;0
"19/10/2022";"14:52:00";"521";"Acidente c";"109,5";"BR-116/SP";"Pista Sul";"Colisão traseira";2;0;0;0;0;0;0;0;0;0;4;0;1;0;0
"19/10/2022";"15:01:00";"528";"Acidente s";"228";"BR-116/RJ";"Pista Sul";"Choque em objeto fixo";1;0;0;0;0;0;0;0;0;0;2;0;0;0;0
"19/10/2022";"15:16:00";"544";"Acidente s";"21";"BR-116/SP";"Pista Norte";"Choque em objeto fixo";1;0;0;0;0;0;0;0;0;0;1;0;0;0;0
"19/10/2022";"15:29:00";"551";"Acidente c";"93";"BR-116/SP";"Pista Norte";"Capotamento";1;0;0;0;0;0;0;0;0;0;0;0;1;0;0
"19/10/2022";"15:32:00";"553";"Acidente s";"220,4";"BR-116/RJ";"Pista Norte";"Capotamento";1;0;0;0;0;0;0;0;0;0;1;0;0;0;0
"19/10/2022";"15:32:00";"552";"Acidente c";"426,9";"BR-101/RJ";"Pista Norte";"Capotamento";1;0;0;0;0;0;0;0;0;0;0;1;1;0;0
"19/10/2022";"15:34:00";"554";"Acidente c";"212,4";"BR-116/SP";"Pista Norte";"Queda de moto";0;0;0;1;0;0;0;0;0;0;0;1;0;0;0
"19/10/2022";"15:43:00";"563";"Acidente s";"243";"BR-116/RJ";"Pista Norte";"Choque em objeto fixo";1;0;0;0;0;0;0;0;0;0;1;0;0;0;0
"19/10/2022";"15:57:00";"571";"Acidente c";"265,5";"BR-116/RJ";"Pista Norte";"Choque em barreira New Jersey";1;0;0;0;0;0;0;0;0;0;1;2;0;0;0
"19/10/2022";"16:05:00";"576";"Acidente c";"244,7";"BR-116/RJ";"Pista Norte";"Choque em objeto fixo";0;0;1;0;0;0;0;0;0;0;0;2;0;0;0
"19/10/2022";"16:16:00";"579";"Acidente c";"314,7";"BR-116/RJ";"Pista Norte";"Colisão traseira";2;0;0;0;0;0;0;0;0;0;4;1;0;0;0
"19/10/2022";"16:27:00";"582";"Acidente s";"232";"BR-116/RJ";"Pista Norte";"Choque em barreira New Jersey";1;0;0;0;0;0;0;0;0;0;2;0;0;0;0
"19/10/2022";"16:46:00";"588";"Acidente s";"324,8";"BR-116/RJ";"Pista Norte";"Choque em barreira New Jersey";1;0;0;0;0;0;0;0;0;0;1;0;0;0;0
"19/10/2022";"17:05:00";"596";"Acidente s";"189";"BR-116/RJ";"Pista Sul";"Engavetamento";3;0;0;0;0;0;0;0;0;0;3;0;0;0;0
"19/10/2022";"17:10:00";"599";"Acidente s";"390";"BR-101/RJ";"Pista Norte";"Choque em defensa";1;0;0;0;0;0;0;0;0;0;1;0;0;0;0
"19/10/2022";"20:25:00";"700";"Acidente c";"152";"BR-116/SP";"Pista Norte";"Colisão traseira";2;0;0;0;0;0;0;0;0;0;1;1;0;0;0
"19/10/2022";"20:36:00";"705";"Acidente s";"167";"BR-116/SP";"Pista Norte";"Choque em objeto na pista";1;0;0;0;0;0;0;0;0;0;1;0;0;0;0
"19/10/2022";"21:06:00";"716";"Acidente s";"289,2";"BR-116/RJ";"Pista Sul";"Colisão traseira";0;0;2;0;0;0;0;0;0;0;2;0;0;0;0
"19/10/2022";"22:04:00";"737";"Atropelame";"410,8";"BR-101/RJ";"Pista Sul";"Atropelamento de pedestre atravessando";2;0;0;0;0;0;0;0;0;0;2;0;0;0;1
"19/10/2022";"22:50:00";"744";"Acidente s";"286,2";"BR-116/RJ";"Pista Norte";"Choque em barreira New Jersey";1;0;0;0;0;0;0;0;0;0;1;0;0;0;0
"20/10/2022";"04:48:00";"62";"Acidente c";"49,55";"BR-116/SP";"Pista Sul";"Colisão traseira";1;0;1;0;0;0;0;0;0;0;1;0;2;0;0
"20/10/2022";"09:16:00";"335";"Acidente s";"105,8";"BR-116/SP";"Pista Norte";"Abalroamento longitudinal";1;0;1;0;0;0;0;0;0;0;2;0;0;0;0
"20/10/2022";"09:20:00";"344";"Acidente c";"135,85";"BR-116/SP";"Pista Sul";"Queda de moto";0;0;0;1;0;0;0;0;0;0;0;1;0;0;0
"20/10/2022";"10:01:00";"386";"Acidente c";"306";"BR-116/RJ";"Pista Sul";"Engavetamento";4;0;0;1;0;1;0;0;0;0;5;2;0;0;0
"20/10/2022";"11:34:00";"454";"Acidente s";"67,7";"BR-116/SP";"Pista Sul";"Colisão traseira";0;0;1;0;0;1;0;0;0;0;3;0;0;0;0
"20/10/2022";"12:41:00";"492";"Acidente c";"82,6";"BR-116/SP";"Pista Sul";"Colisão traseira";0;0;1;1;0;0;0;0;0;0;1;1;0;0;0
"20/10/2022";"13:06:00";"510";"Acidente s";"281,6";"BR-116/RJ";"Pista Norte";"Colisão traseira";0;0;2;0;0;0;0;0;0;0;2;0;0;0;0
"20/10/2022";"14:02:00";"549";"Acidente s";"216,1";"BR-116/RJ";"Pista Sul";"Choque em objeto na pista";1;0;0;0;0;0;0;0;0;0;3;0;0;0;0
"20/10/2022";"15:40:00";"616";"Acidente s";"401";"BR-101/RJ";"Pista Sul";"Choque em barreira New Jersey";0;0;1;0;0;0;0;0;0;0;1;0;0;0;0
"20/10/2022";"15:49:00";"627";"Acidente s";"208";"BR-116/SP";"Pista Norte";"Capotamento";2;0;0;0;0;0;0;0;0;0;3;0;0;0;0
"20/10/2022";"16:11:00";"637";"Acidente c";"164,8";"BR-116/RJ";"Pista Sul";"Colisão traseira";0;0;0;0;0;0;0;0;0;2;1;1;0;0;0
"20/10/2022";"16:54:00";"669";"Acidente c";"125";"BR-116/SP";"Pista Sul";"Capotamento";1;0;0;0;0;0;0;0;0;0;0;1;0;0;0
"20/10/2022";"17:45:00";"688";"Acidente s";"299";"BR-116/RJ";"Pista Norte";"Colisão traseira";1;0;0;0;0;1;0;0;0;0;2;0;0;0;0
"20/10/2022";"22:57:00";"825";"Acidente c";"225,5";"BR-116/SP";"Pista Norte";"Abalroamento longitudinal";0;0;1;1;0;0;0;0;0;0;1;0;1;0;0
"20/10/2022";"23:03:00";"828";"Acidente s";"189,7";"BR-116/SP";"Pista Sul";"Colisão traseira";2;0;0;0;0;0;0;0;0;0;2;0;0;0;0
"21/10/2022";"01:35:00";"36";"Acidente c";"35,3";"BR-116/SP";"Pista Sul";"Queda de moto";0;0;0;1;0;0;0;0;0;0;0;1;1;0;0
"21/10/2022";"04:19:00";"69";"Acidente s";"197,1";"BR-116/SP";"Pista Sul";"Abalroamento longitudinal";2;0;1;0;0;1;0;0;0;0;4;0;0;0;0
"21/10/2022";"06:21:00";"112";"Acidente s";"216";"BR-116/RJ";"Pista Sul";"Colisão traseira";0;0;2;0;0;0;0;0;0;0;2;0;0;0;0
"21/10/2022";"06:56:00";"153";"Acidente s";"225,85";"BR-116/SP";"Pista Norte";"Abalroamento longitudinal";2;0;0;0;0;1;0;0;0;0;6;0;0;0;0
"21/10/2022";"07:05:00";"169";"Acidente s";"182";"BR-116/RJ";"Pista Norte";"Colisão traseira";1;0;0;0;1;0;0;0;0;0;42;0;0;0;0
"21/10/2022";"07:28:00";"213";"Acidente c";"212,2";"BR-116/SP";"Pista Sul";"Queda de moto";1;0;0;1;0;0;0;0;0;0;1;1;0;0;0
"21/10/2022";"08:01:00";"262";"Acidente c";"407";"BR-101/RJ";"Pista Sul";"Queda de moto";0;0;0;1;0;0;0;0;0;0;0;1;0;0;0
"21/10/2022";"08:25:00";"286";"Acidente c";"75,9";"BR-116/SP";"Pista Sul";"Capotamento";1;0;0;0;0;0;0;0;0;0;0;1;0;0;0
"21/10/2022";"08:29:00";"292";"Acidente s";"160";"BR-116/SP";"Pista Norte";"Abalroamento longitudinal";1;0;1;0;0;0;0;0;0;0;2;0;0;0;0
"21/10/2022";"08:40:00";"303";"Acidente s";"116";"BR-116/SP";"Pista Norte";"Engavetamento";2;0;1;0;0;0;0;0;0;0;3;0;0;0;0
"21/10/2022";"09:02:00";"331";"Acidente s";"211";"BR-116/SP";"Pista Sul";"Colisão traseira";0;0;2;0;0;0;0;0;0;0;2;0;0;0;0
"21/10/2022";"09:18:00";"350";"Acidente c";"278";"BR-116/RJ";"Pista Norte";"Abalroamento longitudinal";1;0;1;0;0;0;0;0;0;0;1;0;1;0;0
"21/10/2022";"09:31:00";"366";"Acidente c";"35,1";"BR-116/SP";"Pista Sul";"Abalroamento longitudinal";2;0;0;0;0;0;0;0;0;0;4;3;0;0;0
"21/10/2022";"09:42:00";"376";"Acidente c";"228,1";"BR-116/RJ";"Pista Norte";"Tombamento";0;0;1;0;0;0;0;0;0;0;0;0;1;0;0
"21/10/2022";"10:45:00";"427";"Acidente c";"42";"BR-101/SP";"Pista Norte";"Capotamento";1;0;0;0;0;0;0;0;0;0;0;1;0;0;0
"21/10/2022";"10:50:00";"434";"Acidente s";"563";"BR-101/RJ";"Pista Norte";"Colisão traseira";1;0;0;0;0;0;0;0;0;1;5;0;0;0;0
"21/10/2022";"13:19:00";"538";"Acidente s";"99";"BR-116/SP";"Pista Sul";"Não Def";0;0;0;1;0;0;0;0;0;0;1;0;0;0;0
"21/10/2022";"15:03:00";"619";"Acidente s";"575,1";"BR-101/RJ";"Pista Norte";"Colisão traseira";1;0;1;0;0;0;0;0;0;0;5;0;0;0;0
"21/10/2022";"17:15:00";"697";"Acidente s";"303";"BR-116/RJ";"Pista Sul";"Engavetamento";3;0;0;0;0;1;0;0;0;0;4;0;0;0;0
"21/10/2022";"17:16:00";"698";"Acidente c";"54,7";"BR-116/SP";"Pista Norte";"Engavetamento";3;0;0;0;0;1;0;0;0;0;2;2;0;0;0
"21/10/2022";"18:18:00";"732";"Acidente s";"167";"BR-116/RJ";"Pista Sul";"Colisão traseira";2;0;0;0;0;0;0;0;0;0;2;0;0;0;0
"21/10/2022";"19:04:00";"774";"Acidente c";"307";"BR-116/RJ";"Pista Sul";"Engavetamento";3;0;0;0;0;0;0;0;0;0;2;1;0;0;0
"21/10/2022";"19:38:00";"792";"Acidente c";"386";"BR-101/RJ";"Pista Norte";"Colisão traseira";1;0;0;1;0;0;0;0;0;0;3;1;0;0;0