data;horario;n_da_ocorrencia;tipo_de_ocorrencia;km;trecho;sentido;tipo_de_acidente;automovel;bicicleta;caminhao;moto;onibus;outros;tracao_animal;transporte_de_cargas_especiais;trator_maquinas;utilitarios;ilesos;levemente_feridos;moderadamente_feridos;gravemente_feridos;mortos
"28/10/2022";"13:40:00";"520";"Acidente s";"158";"BR-116/SP";"Pista Sul";"Choque em barreira New Jersey";1;0;0;0;0;0;0;0;0;0;1;0;0;0;0
"28/10/2022";"13:45:00";"523";"Acidente c";"180,4";"BR-116/RJ";"Pista Norte";"Abalroamento longitudinal";1;0;0;1;0;0;0;0;0;0;1;1;0;0;0
"28/10/2022";"14:05:00";"534";"Acidente s";"519";"BR-101/RJ";"Pista Sul";"Choque em objeto fixo";1;0;0;0;0;0;0;0;0;0;1;0;0;0;0
"28/10/2022";"14:17:00";"544";"Acidente c";"453";"BR-101/RJ";"Pista Sul";"Abalroamento longitudinal";0;0;0;1;0;0;0;0;0;1;9;2;0;0;0
"28/10/2022";"15:04:00";"566";"Acidente s";"55,55";"BR-116/SP";"Pista Norte";"Colisão traseira";1;0;0;0;0;1;0;0;0;0;3;0;0;0;0
"28/10/2022";"15:17:00";"576";"Acidente s";"230";"BR-116/RJ";"Pista Sul";"Colisão traseira";1;0;0;0;0;0;0;0;0;1;2;0;0;0;0
"28/10/2022";"15:24:00";"577";"Acidente s";"19";"BR-101/SP";"Pista Sul";"Abalroamento longitudinal";2;0;0;0;0;0;0;0;0;0;4;0;0;0;0
"28/10/2022";"16:26:00";"615";"Acidente s";"264,3";"BR-116/RJ";"Pista Norte";"Choque em objeto fixo";1;0;0;0;0;0;0;0;0;0;1;0;0;0;0
"28/10/2022";"16:48:00";"632";"Acidente s";"251,4";"BR-116/RJ";"Pista Norte";"Queda de ribanceira";1;0;0;0;0;0;0;0;0;0;1;0;0;0;0
"28/10/2022";"17:08:00";"650";"Acidente c";"115,4";"BR-116/SP";"Pista Norte";"Abalroamento longitudinal";1;0;0;1;0;0;0;0;0;0;2;1;0;0;0
"28/10/2022";"17:57:00";"685";"Acidente c";"223";"BR-116/SP";"Pista Norte";"Abalroamento longitudinal";1;0;0;1;0;0;0;0;0;0;1;1;0;0;0
"28/10/2022";"18:15:00";"697";"Acidente s";"78";"BR-116/SP";"Pista Norte";"Atropelamento de animal";1;0;0;0;0;0;0;0;0;0;4;0;0;0;0
"28/10/2022";"18:37:00";"716";"Acidente c";"203,2";"BR-116/SP";"Pista Norte";"Abalroamento longitudinal";0;0;0;1;0;1;0;0;0;0;1;1;0;0;0
"28/10/2022";"19:17:00";"741";"Acidente s";"158";"BR-116/SP";"Pista Norte";"Engavetamento";1;0;0;0;0;3;0;0;0;0;4;0;0;0;0
"28/10/2022";"20:35:00";"794";"Acidente s";"491,5";"BR-101/RJ";"Pista Sul";"Colisão traseira";2;0;0;0;0;0;0;0;0;0;2;0;0;0;0
"28/10/2022";"20:53:00";"804";"Acidente s";"67,6";"BR-116/SP";"Pista Norte";"Choque em barreira New Jersey";1;0;0;0;0;0;0;0;0;0;1;0;0;0;0
"28/10/2022";"21:04:00";"812";"Acidente s";"392";"BR-101/RJ";"Pista Norte";"Queda de ribanceira";1;0;0;0;0;0;0;0;0;0;1;0;0;0;0
"28/10/2022";"22:43:00";"852";"Acidente c";"213";"BR-116/SP";"Pista Sul";"Choque em barreira New Jersey";1;0;0;0;0;0;0;0;0;0;0;1;0;0;0
"29/10/2022";"01:41:00";"33";"Acidente c";"38,65";"BR-116/SP";"Pista Norte";"Tombamento";0;0;1;0;0;0;0;0;0;0;0;1;0;0;0
"29/10/2022";"02:16:00";"38";"Acidente c";"142";"BR-116/SP";"Pista Norte";"Colisão traseira";1;0;0;0;0;1;0;0;0;0;1;0;0;1;0
"29/10/2022";"05:52:00";"73";"Acidente s";"296,5";"BR-116/RJ";"Pista Sul";"Choque em objeto fixo";1;0;0;0;0;0;0;0;0;0;1;0;0;0;0
"29/10/2022";"06:11:00";"77";"Acidente s";"82,2";"BR-116/SP";"Pista Sul";"Colisão traseira";1;0;0;0;0;1;0;0;0;0;2;0;0;0;0
"29/10/2022";"06:26:00";"84";"Acidente c";"87,8";"BR-116/SP";"Pista Sul";"Capotamento";1;0;0;0;0;0;0;0;0;0;1;0;1;0;0
"29/10/2022";"06:47:00";"99";"Acidente s";"201";"BR-116/SP";"Pista Norte";"Choque em objeto fixo";1;0;0;0;0;0;0;0;0;0;1;0;0;0;0
"29/10/2022";"06:56:00";"107";"Acidente c";"134,8";"BR-116/SP";"Pista Norte";"Colisão traseira";2;0;0;0;0;0;0;0;0;0;1;0;1;0;0
"29/10/2022";"07:12:00";"122";"Acidente s";"245";"BR-116/RJ";"Pista Norte";"Choque em barreira New Jersey";1;0;0;0;0;0;0;0;0;0;1;0;0;0;0
"29/10/2022";"07:44:00";"155";"Acidente c";"330,25";"BR-116/RJ";"Pista Sul";"Choque em objeto fixo";0;0;1;0;0;0;0;0;0;0;0;0;2;0;0
"29/10/2022";"10:43:00";"308";"Acidente c";"221,55";"BR-116/RJ";"Pista Norte";"Abalroamento longitudinal";1;0;1;0;0;0;0;0;0;0;1;4;0;0;0
"29/10/2022";"11:02:00";"318";"Acidente s";"167";"BR-116/RJ";"Pista Norte";"Engavetamento";4;0;0;0;0;0;0;0;0;0;4;0;0;0;0
"29/10/2022";"11:33:00";"334";"Acidente s";"420,3";"BR-101/RJ";"Pista Norte";"Choque em barreira New Jersey";1;0;0;0;0;0;0;0;0;0;1;0;0;0;0
"29/10/2022";"12:01:00";"349";"Acidente s";"191";"BR-116/RJ";"Pista Norte";"Choque em objeto na pista";1;0;0;0;0;0;0;0;0;0;1;0;0;0;0
"29/10/2022";"12:45:00";"374";"Acidente c";"286";"BR-116/RJ";"Pista Sul";"Queda de moto";0;0;0;1;0;0;0;0;0;0;0;2;0;0;0
"29/10/2022";"13:07:00";"387";"Acidente s";"216,6";"BR-116/SP";"Pista Norte";"Colisão traseira";2;0;0;0;0;0;0;0;0;0;7;0;0;0;0
"29/10/2022";"15:31:00";"480";"Acidente s";"170,7";"BR-116/RJ";"Pista Sul";"Engavetamento";2;0;0;0;0;1;0;0;0;0;3;0;0;0;0
"29/10/2022";"17:06:00";"538";"Acidente s";"75,1";"BR-116/SP";"Pista Norte";"Choque em objeto fixo";1;0;0;0;0;1;0;0;0;0;2;0;0;0;0
"29/10/2022";"17:12:00";"543";"Acidente s";"418";"BR-101/RJ";"Pista Norte";"Choque em objeto fixo";1;0;0;0;0;0;0;0;0;0;1;0;0;0;0
"29/10/2022";"18:15:00";"562";"Acidente c";"193,05";"BR-116/RJ";"Pista Norte";"Queda de moto";0;0;0;1;0;0;0;0;0;0;0;1;0;1;0
"29/10/2022";"20:17:00";"622";"Acidente c";"578";"BR-101/RJ";"Pista Norte";"Atropelamento de animal";1;0;0;0;0;0;0;0;0;0;2;0;0;1;0
"29/10/2022";"21:11:00";"652";"Acidente s";"22,2";"BR-116/SP";"Pista Norte";"Choque em objeto fixo";0;0;1;0;0;0;0;0;0;0;1;0;0;0;0
"29/10/2022";"21:36:00";"660";"Acidente s";"212,9";"BR-116/SP";"Pista Norte";"Choque em barreira New Jersey";1;0;0;0;0;0;0;0;0;0;4;0;0;0;0
"29/10/2022";"21:41:00";"663";"Acidente s";"33,4";"BR-116/SP";"Pista Sul";"Choque em objeto na pista";0;0;0;0;1;0;0;0;0;0;31;0;0;0;0
"29/10/2022";"21:52:00";"667";"Acidente s";"529";"BR-101/RJ";"Pista Sul";"Choque em objeto fixo";1;0;0;0;0;0;0;0;0;0;1;0;0;0;0
"29/10/2022";"22:04:00";"672";"Acidente s";"194,8";"BR-116/SP";"Pista Sul";"Abalroamento longitudinal";2;0;0;0;0;0;0;0;0;0;3;0;0;0;0
"29/10/2022";"22:14:00";"674";"Acidente c";"85,15";"BR-116/SP";"Pista Sul";"Colisão traseira";0;0;0;1;0;1;0;0;0;0;1;1;0;0;0
"29/10/2022";"22:26:00";"680";"Atropelame";"400";"BR-101/RJ";"Pista Sul";"Atropelamento de pedestre atravessando";0;0;0;0;0;1;0;0;0;0;1;0;0;1;0
"30/10/2022";"00:54:00";"24";"Acidente s";"264";"BR-116/RJ";"Pista Norte";"Choque em objeto fixo";1;0;0;0;0;0;0;0;0;0;1;0;0;0;0
"30/10/2022";"01:13:00";"29";"Acidente s";"89,95";"BR-116/SP";"Pista Norte";"Abalroamento longitudinal";1;0;1;0;0;0;0;0;0;0;2;0;0;0;0
"30/10/2022";"02:21:00";"45";"Acidente s";"222,5";"BR-116/SP";"Pista Sul";"Colisão traseira";2;0;0;0;0;0;0;0;0;0;2;0;0;0;0
"30/10/2022";"03:14:00";"56";"Acidente c";"37,75";"BR-116/SP";"Pista Norte";"Abalroamento longitudinal";2;0;0;0;0;0;0;0;0;0;3;2;0;0;0
"30/10/2022";"04:16:00";"65";"Acidente c";"0,8";"BR-116/SP";"Pista Norte";"Colisão traseira";2;0;0;0;0;0;0;0;0;0;4;1;0;0;0
"30/10/2022";"05:06:00";"69";"Atropelame";"72,5";"BR-116/SP";"Pista Sul";"Atropelamento de pedestre atravessando";0;0;0;0;0;1;0;0;0;0;1;0;0;0;1
"30/10/2022";"05:35:00";"74";"Acidente s";"165,2";"BR-116/SP";"Pista Norte";"Choque em objeto fixo";0;0;1;0;0;0;0;0;0;0;1;0;0;0;0
"30/10/2022";"05:45:00";"78";"Acidente s";"212,9";"BR-116/SP";"Pista Norte";"Colisão traseira";1;0;0;0;1;0;0;0;0;0;3;0;0;0;0
"30/10/2022";"06:24:00";"88";"Acidente s";"226";"BR-116/RJ";"Pista Norte";"Choque em barreira New Jersey";1;0;0;0;0;0;0;0;0;0;3;0;0;0;0
"30/10/2022";"08:53:00";"145";"Acidente s";"94,2";"BR-116/SP";"Pista Sul";"Abalroamento longitudinal";0;0;2;0;0;0;0;0;0;0;2;0;0;0;0
"30/10/2022";"10:28:00";"192";"Acidente c";"192,8";"BR-116/RJ";"Pista Sul";"Queda de moto";0;0;0;1;0;0;0;0;0;0;0;1;0;0;0
"30/10/2022";"10:41:00";"201";"Acidente c";"192,5";"BR-116/RJ";"Pista Norte";"Colisão traseira";2;0;0;0;0;0;0;0;0;0;5;1;0;0;0
"30/10/2022";"11:22:00";"220";"Acidente s";"194,4";"BR-116/RJ";"Pista Norte";"Engavetamento";3;0;0;0;0;0;0;0;0;0;3;0;0;0;0
"30/10/2022";"12:12:00";"255";"Acidente c";"269,5";"BR-116/RJ";"Pista Norte";"Choque em barreira New Jersey";1;0;0;0;0;0;0;0;0;0;0;2;2;1;0
"30/10/2022";"13:07:00";"288";"Acidente s";"215,9";"BR-116/SP";"Pista Sul";"Abalroamento longitudinal";2;0;0;0;0;0;0;0;0;0;2;0;0;0;0
"30/10/2022";"13:46:00";"313";"Acidente c";"168,2";"BR-116/RJ";"Pista Sul";"Engavetamento";4;0;0;0;0;0;0;0;0;0;3;1;1;0;0
"30/10/2022";"14:16:00";"327";"Acidente s";"192,1";"BR-116/RJ";"Pista Norte";"Choque em defensa";1;0;0;0;0;0;0;0;0;0;1;0;0;0;0
"30/10/2022";"14:40:00";"340";"Acidente s";"208,1";"BR-116/SP";"Pista Norte";"Abalroamento longitudinal";1;0;1;0;0;0;0;0;0;0;2;0;0;0;0
"30/10/2022";"14:58:00";"353";"Acidente c";"234";"BR-116/RJ";"Pista Norte";"Colisão traseira";1;0;0;0;0;1;0;0;0;0;1;1;0;0;0
"30/10/2022";"15:34:00";"380";"Acidente c";"145,9";"BR-116/SP";"Pista Sul";"Colisão traseira";1;0;0;0;1;0;0;0;0;0;46;1;0;0;0
"30/10/2022";"16:23:00";"400";"Acidente c";"190";"BR-116/RJ";"Pista Norte";"Engavetamento";4;0;1;0;0;0;0;0;0;0;4;2;1;0;0
"30/10/2022";"17:22:00";"441";"Acidente c";"386";"BR-101/RJ";"Pista Sul";"Queda de moto";1;0;0;0;0;0;0;0;0;0;0;1;0;0;0
"30/10/2022";"17:26:00";"442";"Acidente c";"467";"BR-101/RJ";"Pista Sul";"Choque em barreira New Jersey";1;0;0;0;0;0;0;0;0;0;0;1;0;0;0
"30/10/2022";"19:08:00";"485";"Acidente c";"557";"BR-101/RJ";"Pista Norte";"Queda de moto";0;0;0;1;0;0;0;0;0;0;0;1;1;0;0
"30/10/2022";"21:27:00";"549";"Acidente c";"309";"BR-116/RJ";"Pista Sul";"Abalroamento longitudinal";1;0;0;1;0;0;0;0;0;0;1;0;1;0;0
"30/10/2022";"22:00:00";"561";"Acidente c";"384";"BR-101/RJ";"Pista Sul";"Abalroamento longitudinal";2;0;0;0;0;0;0;0;0;0;1;1;0;0;0
"30/10/2022";"22:54:00";"576";"Acidente s";"57,7";"BR-116/SP";"Pista Sul";"Atropelamento de animal";1;0;0;0;0;0;0;0;0;0;1;0;0;0;0
"31/10/2022";"00:15:00";"20";"Acidente s";"201";"BR-116/SP";"Pista Norte";"Choque em objeto fixo";1;0;0;0;0;0;0;0;0;0;3;0;0;0;0
"31/10/2022";"01:09:00";"33";"Acidente c";"195,2";"BR-116/RJ";"Pista Norte";"Colisão traseira";1;0;0;0;0;1;0;0;0;0;1;2;0;0;0
"31/10/2022";"03:32:00";"58";"Acidente s";"23";"BR-116/SP";"Pista Norte";"Choque em objeto fixo";0;0;0;0;0;0;0;0;0;1;1;0;0;0;0
"31/10/2022";"05:49:00";"83";"Acidente s";"230";"BR-116/SP";"Pista Sul";"Choque em objeto fixo";1;0;0;0;0;0;0;0;0;0;1;0;0;0;0
"31/10/2022";"06:42:00";"127";"Acidente c";"182,6";"BR-116/RJ";"Pista Sul";"Capotamento";1;0;0;0;0;0;0;0;0;0;0;0;1;0;0
"31/10/2022";"06:53:00";"143";"Acidente c";"191,6";"BR-116/SP";"Pista Norte";"Capotamento";1;0;0;0;0;0;0;0;0;0;0;1;0;0;0
"31/10/2022";"07:38:00";"195";"Acidente s";"210,6";"BR-116/SP";"Pista Norte";"Engavetamento";2;0;0;0;1;0;0;0;0;0;52;0;0;0;0
"31/10/2022";"07:49:00";"203";"Acidente s";"188";"BR-116/SP";"Pista Sul";"Choque em barreira New Jersey";1;0;0;0;0;0;0;0;0;0;1;0;0;0;0
"31/10/2022";"08:45:00";"256";"Acidente s";"91,55";"BR-116/SP";"Pista Sul";"Choque em defensa";0;0;1;0;0;0;0;0;0;0;1;0;0;0;0
"31/10/2022";"08:45:00";"258";"Acidente s";"591";"BR-101/RJ";"Pista Norte";"Não Def";0;0;0;1;0;0;0;0;0;0;1;0;0;0;0
"31/10/2022";"11:10:00";"358";"Acidente s";"522";"BR-101/RJ";"Pista Sul";"Choque em objeto fixo";1;0;0;0;0;0;0;0;0;0;1;0;0;0;0
"31/10/2022";"12:24:00";"387";"Acidente s";"187,8";"BR-116/SP";"Pista Sul";"Choque em barreira New Jersey";1;0;0;0;0;0;0;0;0;0;1;0;0;0;0
"31/10/2022";"12:46:00";"400";"Acidente s";"230,15";"BR-116/SP";"Pista Norte";"Abalroamento longitudinal";1;0;1;0;0;0;0;0;0;0;2;0;0;0;0
"31/10/2022";"13:19:00";"420";"Acidente s";"65,8";"BR-116/SP";"Pista Sul";"Choque em barreira New Jersey";0;0;1;0;0;0;0;0;0;0;1;0;0;0;0
"31/10/2022";"14:04:00";"447";"Acidente c";"130";"BR-116/SP";"Pista Sul";"Colisão traseira";2;0;0;0;0;0;0;0;0;0;0;5;0;0;0
"31/10/2022";"16:05:00";"510";"Acidente s";"275,3";"BR-116/RJ";"Pista Sul";"Não Def";3;0;0;0;0;0;0;0;0;0;3;0;0;0;0
"31/10/2022";"16:12:00";"514";"Acidente s";"31";"BR-116/SP";"Pista Sul";"Choque Talude";1;0;0;0;0;0;0;0;0;0;2;0;0;0;0
"31/10/2022";"17:14:00";"539";"Acidente c";"473";"BR-101/RJ";"Pista Sul";"Abalroamento longitudinal";1;0;0;1;0;0;0;0;0;0;1;1;0;0;0
"31/10/2022";"18:05:00";"565";"Acidente c";"223,2";"BR-116/SP";"Pista Norte";"Abalroamento longitudinal";1;0;0;1;0;0;0;0;0;0;1;1;0;0;0
"31/10/2022";"20:23:00";"613";"Acidente c";"228,1";"BR-116/SP";"Pista Sul";"Colisão traseira";1;0;0;1;0;0;0;0;0;0;1;1;0;0;0
"31/10/2022";"21:25:00";"633";"Acidente c";"131,3";"BR-116/SP";"Pista Norte";"Engavetamento";2;0;0;0;1;0;0;0;0;0;17;0;1;0;0
"31/10/2022";"22:40:00";"647";"Acidente c";"247,8";"BR-116/RJ";"Pista Sul";"Choque em objeto fixo";1;0;0;0;0;0;0;0;0;0;0;1;0;0;0
"31/10/2022";"22:52:00";"649";"Acidente s";"414";"BR-101/RJ";"Pista Norte";"Choque em objeto fixo";1;0;0;0;0;0;0;0;0;0;1;0;0;0;0
"01/11/2022";"01:42:00";"26";"Acidente s";"218,7";"BR-116/SP";"Pista Sul";"Colisão traseira";0;0;0;0;1;1;0;0;0;0;2;0;0;0;0
"01/11/2022";"03:54:00";"47";"Acidente c";"112";"BR-116/SP";"Pista Sul";"Colisão traseira";0;0;1;0;1;0;0;0;0;0;27;7;2;0;0
"01/11/2022";"06:03:00";"80";"Acidente s";"218,9";"BR-116/SP";"Pista Sul";"Engavetamento";2;0;0;0;0;2;0;0;0;0;4;0;0;0;0
"01/11/2022";"06:03:00";"79";"Acidente s";"426,9";"BR-101/RJ";"Pista Sul";"Choque em objeto fixo";1;0;0;0;0;0;0;0;0;0;1;0;0;0;0
"01/11/2022";"06:31:00";"97";"Acidente c";"423";"BR-101/RJ";"Pista Norte";"Capotamento";1;0;0;0;0;0;0;0;0;0;0;1;0;0;0
"01/11/2022";"07:13:00";"127";"Acidente s";"297,5";"BR-116/RJ";"Pista Norte";"Colisão traseira";1;0;0;0;0;1;0;0;0;0;2;0;0;0;0
"01/11/2022";"07:41:00";"141";"Acidente s";"213";"BR-116/RJ";"Pista Norte";"Colisão traseira";0;0;2;0;0;0;0;0;0;0;2;0;0;0;0
"01/11/2022";"07:51:00";"146";"Acidente s";"297,5";"BR-116/RJ";"Pista Norte";"Engavetamento";0;0;3;0;0;0;0;0;0;0;3;0;0;0;0
"01/11/2022";"08:26:00";"169";"Acidente s";"234";"BR-116/RJ";"Pista Norte";"Abalroamento longitudinal";1;0;1;0;0;0;0;0;0;0;2;0;0;0;0
"01/11/2022";"08:43:00";"177";"Acidente c";"118";"BR-116/SP";"Pista Norte";"Colisão traseira";2;0;0;0;0;0;0;0;0;0;2;2;0;0;0
"01/11/2022";"08:52:00";"180";"Acidente s";"89,6";"BR-116/SP";"Pista Norte";"Choque em objeto fixo";1;0;0;0;0;0;0;0;0;0;5;0;0;0;0
"01/11/2022";"09:08:00";"189";"Acidente c";"89,6";"BR-116/SP";"Pista Norte";"Choque em barreira New Jersey";1;0;0;0;0;0;0;0;0;0;0;1;0;0;0
"01/11/2022";"11:26:00";"247";"Acidente c";"284";"BR-116/RJ";"Pista Norte";"Colisão traseira";0;0;1;1;0;0;0;0;0;0;1;0;1;0;0
"01/11/2022";"12:14:00";"262";"Acidente s";"227,6";"BR-116/RJ";"Pista Norte";"Capotamento";1;0;0;0;0;0;0;0;0;0;1;0;0;0;0
"01/11/2022";"12:15:00";"264";"Acidente c";"148,1";"BR-116/SP";"Pista Sul";"Engavetamento";1;0;0;2;0;0;0;0;0;0;1;2;0;0;0
"01/11/2022";"12:15:00";"263";"Acidente c";"230,8";"BR-116/SP";"Pista Sul";"Abalroamento longitudinal";0;0;0;1;0;0;0;0;0;1;1;0;1;0;0
"01/11/2022";"13:11:00";"278";"Acidente c";"180";"BR-116/RJ";"Pista Norte";"Abalroamento longitudinal";1;0;0;1;0;0;0;0;0;0;1;1;0;0;0
"01/11/2022";"13:56:00";"289";"Acidente c";"74,9";"BR-116/SP";"Pista Norte";"Queda de moto";0;0;0;1;0;0;0;0;0;0;1;1;0;0;0
"01/11/2022";"14:20:00";"298";"Acidente s";"226";"BR-116/RJ";"Pista Sul";"Choque em objeto fixo";0;0;1;0;0;0;0;0;0;0;1;0;0;0;0
"01/11/2022";"15:18:00";"310";"Acidente s";"412";"BR-101/RJ";"Pista Sul";"Choque em objeto fixo";1;0;0;0;0;0;0;0;0;0;5;0;0;0;0
"01/11/2022";"15:50:00";"321";"Acidente s";"401";"BR-101/RJ";"Pista Sul";"Abalroamento longitudinal";0;0;1;0;1;0;0;0;0;0;3;0;0;0;0
"01/11/2022";"16:19:00";"330";"Acidente s";"452,5";"BR-101/RJ";"Pista Sul";"Choque em objeto fixo";1;0;0;0;0;0;0;0;0;0;1;0;0;0;0
"01/11/2022";"17:07:00";"339";"Acidente s";"406";"BR-101/RJ";"Pista Norte";"Choque em barreira New Jersey";1;0;0;0;0;0;0;0;0;0;1;0;0;0;0
"01/11/2022";"18:14:00";"353";"Acidente s";"232";"BR-116/RJ";"Pista Sul";"Choque em barreira New Jersey";1;0;0;0;0;0;0;0;0;0;2;0;0;0;0
"01/11/2022";"19:31:00";"388";"Acidente c";"46";"BR-116/SP";"Pista Sul";"Colisão traseira";1;0;0;1;0;0;0;0;0;0;1;0;1;0;0
"01/11/2022";"20:04:00";"395";"Acidente s";"524";"BR-101/RJ";"Pista Sul";"Choque em objeto fixo";1;0;0;0;0;0;0;0;0;0;1;0;0;0;0
"01/11/2022";"22:08:00";"431";"Acidente s";"89,5";"BR-116/SP";"Pista Sul";"Choque em objeto na pista";1;0;0;0;0;0;0;0;0;0;5;0;0;0;0
"02/11/2022";"05:26:00";"58";"Acidente s";"228,9";"BR-116/SP";"Pista Sul";"Choque em defensa";1;0;0;0;0;0;0;0;0;0;1;0;0;0;0
"02/11/2022";"10:57:00";"200";"Acidente s";"294";"BR-116/RJ";"Pista Sul";"Choque em objeto na pista";1;0;0;0;0;0;0;0;0;0;1;0;0;0;0
"02/11/2022";"11:09:00";"206";"Acidente s";"417,1";"BR-101/RJ";"Pista Sul";"Choque em objeto fixo";1;0;0;0;0;0;0;0;0;0;1;0;0;0;0
"02/11/2022";"11:24:00";"212";"Acidente s";"397,2";"BR-101/RJ";"Pista Sul";"Colisão traseira";2;0;0;0;0;0;0;0;0;0;4;0;0;0;0
"02/11/2022";"11:55:00";"217";"Acidente s";"418";"BR-101/RJ";"Pista Norte";"Choque em defensa";1;0;0;0;0;0;0;0;0;0;2;0;0;0;0
"02/11/2022";"12:07:00";"219";"Acidente s";"163";"BR-116/RJ";"Pista Sul";"Queda de moto";0;0;0;1;0;0;0;0;0;0;2;0;0;0;0
"02/11/2022";"12:27:00";"232";"Acidente c";"523";"BR-101/RJ";"Pista Sul";"Abalroamento longitudinal";2;0;0;0;0;0;0;0;0;0;1;2;1;0;0
"02/11/2022";"12:43:00";"237";"Acidente s";"233";"BR-116/RJ";"Pista Norte";"Choque em barreira New Jersey";1;0;0;0;0;0;0;0;0;0;1;0;0;0;0
"02/11/2022";"14:18:00";"258";"Acidente s";"156";"BR-116/SP";"Pista Sul";"Choque em objeto fixo";1;0;0;0;0;0;0;0;0;0;1;0;0;0;0
"02/11/2022";"15:41:00";"280";"Acidente s";"86,9";"BR-116/SP";"Pista Sul";"Colisão traseira";2;0;0;0;0;0;0;0;0;0;2;0;0;0;0
"02/11/2022";"17:39:00";"306";"Acidente s";"245,7";"BR-116/RJ";"Pista Norte";"Choque em barreira New Jersey";1;0;0;0;0;0;0;0;0;0;1;0;0;0;0
"02/11/2022";"19:54:00";"351";"Acidente s";"516";"BR-101/RJ";"Pista Norte";"Choque em objeto fixo";1;0;0;0;0;0;0;0;0;0;1;0;0;0;0
"02/11/2022";"19:56:00";"353";"Acidente c";"197";"BR-116/SP";"Pista Norte";"Colisão traseira";1;0;0;0;0;1;0;0;0;0;3;2;0;0;0
"02/11/2022";"22:29:00";"396";"Acidente c";"229";"BR-116/SP";"Pista Sul";"Choque em barreira New Jersey";1;0;0;0;0;1;0;0;0;0;2;1;0;0;0
"02/11/2022";"23:42:00";"408";"Acidente s";"40,5";"BR-101/SP";"Pista Sul";"Choque em objeto fixo";1;0;0;0;0;0;0;0;0;0;5;0;0;0;0
"03/11/2022";"00:12:00";"14";"Acidente c";"155,4";"BR-116/SP";"Pista Norte";"Choque em objeto fixo";1;0;0;0;0;0;0;0;0;0;0;1;0;0;0
"03/11/2022";"01:21:00";"20";"Acidente c";"390,8";"BR-101/RJ";"Pista Sul";"Choque em objeto fixo";1;0;0;0;0;0;0;0;0;0;0;1;0;0;0
"03/11/2022";"06:59:00";"149";"Acidente s";"139,5";"BR-116/SP";"Pista Sul";"Colisão traseira";0;0;2;0;0;0;0;0;0;0;2;0;0;0;0
"03/11/2022";"07:39:00";"199";"Acidente c";"225,95";"BR-116/SP";"Pista Norte";"Queda de moto";0;0;0;1;0;0;0;0;0;0;0;1;0;0;0
"03/11/2022";"07:58:00";"234";"Acidente c";"324,2";"BR-116/RJ";"Pista Norte";"Choque em barreira New Jersey";1;0;0;0;0;0;0;0;0;0;0;1;0;0;0
"03/11/2022";"08:30:00";"285";"Acidente c";"140";"BR-116/SP";"Pista Norte";"Engavetamento";1;0;1;0;0;0;0;0;0;1;2;1;0;0;0
"03/11/2022";"08:43:00";"299";"Acidente c";"219,4";"BR-116/SP";"Pista Sul";"Colisão traseira";1;0;0;1;0;0;0;0;0;0;1;1;0;0;0
"03/11/2022";"08:55:00";"317";"Acidente c";"204,5";"BR-116/SP";"Pista Norte";"Colisão traseira";1;0;1;0;0;0;0;0;0;0;2;1;0;0;0
"03/11/2022";"09:03:00";"335";"Acidente s";"219,3";"BR-116/SP";"Pista Sul";"Engavetamento";2;0;1;0;0;0;0;0;0;0;3;0;0;0;0
"03/11/2022";"11:59:00";"476";"Acidente s";"212,9";"BR-116/SP";"Pista Norte";"Tombamento";0;0;1;0;0;0;0;0;0;0;1;0;0;0;0
"03/11/2022";"12:09:00";"481";"Acidente c";"257,3";"BR-116/RJ";"Pista Sul";"Capotamento";1;0;0;0;0;0;0;0;0;0;0;0;1;0;0
"03/11/2022";"15:48:00";"598";"Acidente c";"40";"BR-101/SP";"Pista Sul";"Queda de moto";0;0;0;1;0;0;0;0;0;0;0;1;0;0;0
"03/11/2022";"16:21:00";"620";"Acidente s";"233,5";"BR-116/RJ";"Pista Norte";"Choque em defensa";1;0;0;0;0;0;0;0;0;0;1;0;0;0;0
"03/11/2022";"17:08:00";"645";"Acidente s";"421,6";"BR-101/RJ";"Pista Norte";"Queda de ribanceira";1;0;0;0;0;0;0;0;0;0;1;0;0;0;0
"03/11/2022";"17:52:00";"677";"Acidente s";"323";"BR-116/RJ";"Pista Sul";"Colisão traseira";1;0;1;0;0;0;0;0;0;0;2;0;0;0;0
"03/11/2022";"18:57:00";"719";"Acidente c";"219";"BR-116/SP";"Pista Sul";"Colisão traseira";2;0;0;0;0;0;0;0;0;0;1;1;0;0;0
"03/11/2022";"19:08:00";"727";"Acidente c";"224";"BR-116/SP";"Pista Norte";"Colisão traseira";0;0;0;1;0;1;0;0;0;0;1;0;1;0;0
"03/11/2022";"19:21:00";"731";"Acidente s";"210";"BR-116/SP";"Pista Sul";"Colisão traseira";1;0;0;0;0;1;0;0;0;0;2;0;0;0;0
"04/11/2022";"00:58:00";"21";"Acidente s";"146,7";"BR-116/SP";"Pista Norte";"Abalroamento longitudinal";0;0;1;0;1;0;0;0;0;0;4;0;0;0;0
"04/11/2022";"03:58:00";"46";"Acidente s";"306";"BR-116/RJ";"Pista Norte";"Colisão traseira";0;0;0;0;1;1;0;0;0;0;2;0;0;0;0
"04/11/2022";"05:35:00";"70";"Acidente s";"65,8";"BR-116/SP";"Pista Norte";"Tombamento";0;0;1;0;0;0;0;0;0;0;1;0;0;0;0
"04/11/2022";"05:55:00";"78";"Acidente c";"229,2";"BR-116/SP";"Pista Sul";"Queda de moto";0;0;0;1;0;0;0;0;0;0;0;1;0;0;0
"04/11/2022";"07:34:00";"200";"Acidente c";"195,5";"BR-116/RJ";"Pista Sul";"Engavetamento";2;0;0;0;0;0;0;0;0;1;2;1;0;0;0
"04/11/2022";"08:09:00";"246";"Acidente c";"143,8";"BR-116/SP";"Pista Sul";"Engavetamento";3;0;0;0;0;0;0;0;0;0;0;4;0;0;0