data;horario;n_da_ocorrencia;tipo_de_ocorrencia;km;trecho;sentido;tipo_de_acidente;automovel;bicicleta;caminhao;moto;onibus;outros;tracao_animal;transporte_de_cargas_especiais;trator_maquinas;utilitarios;ilesos;levemente_feridos;moderadamente_feridos;gravemente_feridos;mortos
"10/11/2022";"23:08:00";"831";"Acidente s";"296";"BR-116/RJ";"Pista Sul";"Atropelamento de animal";1;0;0;0;0;0;0;0;0;0;1;0;0;0;0
"11/11/2022";"00:33:00";"24";"Atropelame";"46";"BR-101/SP";"Pista Norte";"Atropelamento de pedestre caminhando";0;0;0;0;0;1;0;0;0;0;1;0;1;0;0
"11/11/2022";"00:54:00";"30";"Acidente s";"297";"BR-116/RJ";"Pista Sul";"Choque em objeto na pista";0;0;1;0;0;0;0;0;0;0;1;0;0;0;0
"11/11/2022";"00:56:00";"31";"Acidente s";"149";"BR-116/SP";"Pista Sul";"Colisão traseira";0;0;1;0;0;1;0;0;0;0;2;0;0;0;0
"11/11/2022";"06:45:00";"125";"Acidente c";"229,5";"BR-116/SP";"Pista Sul";"Colisão traseira";1;0;1;1;0;0;0;0;0;0;2;0;1;0;0
"11/11/2022";"08:47:00";"298";"Acidente c";"48";"BR-101/SP";"Pista Sul";"Abalroamento longitudinal";0;0;0;1;0;1;0;0;0;0;1;0;1;0;0
"11/11/2022";"08:51:00";"306";"Acidente s";"189,5";"BR-116/RJ";"Pista Sul";"Abalroamento longitudinal";1;0;0;0;0;1;0;0;0;0;2;0;0;0;0
"11/11/2022";"09:52:00";"383";"Acidente s";"157,6";"BR-116/SP";"Pista Norte";"Choque em barreira New Jersey";1;0;0;0;0;1;0;0;0;0;3;0;0;0;0
"11/11/2022";"10:08:00";"393";"Acidente s";"246,3";"BR-116/RJ";"Pista Norte";"Colisão traseira";1;0;1;0;0;0;0;0;0;0;3;0;0;0;0
"11/11/2022";"10:32:00";"411";"Acidente s";"246,6";"BR-116/RJ";"Pista Norte";"Colisão traseira";1;0;1;0;0;0;0;0;0;0;2;0;0;0;0
"11/11/2022";"11:02:00";"431";"Acidente s";"109,9";"BR-116/SP";"Pista Norte";"Engavetamento";2;0;0;0;0;1;0;0;0;0;5;0;0;0;0
"11/11/2022";"11:58:00";"472";"Acidente s";"231";"BR-116/RJ";"Pista Sul";"Engavetamento";1;0;3;0;0;0;0;0;0;0;4;0;0;0;0
"11/11/2022";"11:58:00";"473";"Acidente s";"182";"BR-116/RJ";"Pista Sul";"Abalroamento longitudinal";1;0;1;0;0;0;0;0;0;0;2;0;0;0;0
"11/11/2022";"12:05:00";"479";"Acidente c";"182";"BR-116/RJ";"Pista Sul";"Colisão traseira";0;0;1;1;0;0;0;0;0;0;1;1;0;0;0
"11/11/2022";"12:22:00";"489";"Acidente s";"165,2";"BR-116/SP";"Pista Sul";"Colisão traseira";1;0;1;0;0;0;0;0;0;0;2;0;0;0;0
"11/11/2022";"12:28:00";"492";"Acidente c";"116,5";"BR-116/SP";"Pista Norte";"Engavetamento";2;0;0;0;0;1;0;0;0;0;2;0;1;0;0
"11/11/2022";"13:09:00";"515";"Acidente s";"35,5";"BR-116/SP";"Pista Norte";"Choque em objeto na pista";1;0;0;0;0;0;0;0;0;0;4;0;0;0;0
"11/11/2022";"13:37:00";"533";"Acidente s";"119,7";"BR-116/SP";"Pista Norte";"Colisão traseira";1;0;1;0;0;0;0;0;0;0;2;0;0;0;0
"11/11/2022";"13:52:00";"548";"Acidente s";"221,75";"BR-116/SP";"Pista Sul";"Choque em barreira New Jersey";0;0;1;0;0;0;0;0;0;0;1;0;0;0;0
"11/11/2022";"14:20:00";"567";"Acidente s";"424";"BR-101/RJ";"Pista Sul";"Colisão traseira";1;0;0;0;0;1;0;0;0;0;2;0;0;0;0
"11/11/2022";"15:01:00";"591";"Atropelame";"474";"BR-101/RJ";"Pista Sul";"Atropelamento de pedestre atravessando";1;1;0;0;0;0;0;0;0;0;1;1;0;0;0
"11/11/2022";"17:34:00";"675";"Acidente c";"191";"BR-116/SP";"Pista Norte";"Choque em barreira New Jersey";1;0;0;0;0;0;0;0;0;0;0;1;0;0;0
"11/11/2022";"17:42:00";"680";"Acidente c";"213";"BR-116/SP";"Pista Sul";"Abalroamento longitudinal";1;0;0;0;0;1;0;0;0;0;1;1;0;0;0
"11/11/2022";"19:43:00";"778";"Acidente s";"222";"BR-116/SP";"Pista Sul";"Não Def";1;0;0;0;0;0;0;0;0;0;1;0;0;0;0
"11/11/2022";"19:54:00";"787";"Acidente s";"49,9";"BR-101/SP";"Pista Norte";"Abalroamento longitudinal";2;0;0;0;0;0;0;0;0;0;2;0;0;0;0
"11/11/2022";"20:00:00";"796";"Acidente s";"24,1";"BR-116/SP";"Pista Norte";"Choque em objeto fixo";1;0;0;0;0;0;0;0;0;0;2;0;0;0;0
"11/11/2022";"20:00:00";"795";"Acidente c";"208";"BR-116/SP";"Pista Norte";"Engavetamento";2;0;0;0;0;1;0;0;0;0;5;1;0;0;0
"11/11/2022";"20:27:00";"817";"Acidente s";"20,9";"BR-116/SP";"Pista Sul";"Choque em objeto fixo";1;0;0;0;0;0;0;0;0;0;1;0;0;0;0
"11/11/2022";"20:37:00";"822";"Acidente s";"18";"BR-116/SP";"Pista Norte";"Choque em objeto fixo";1;0;0;0;0;0;0;0;0;0;3;0;0;0;0
"11/11/2022";"20:43:00";"828";"Acidente s";"22";"BR-116/SP";"Pista Sul";"Abalroamento longitudinal";2;0;0;0;0;0;0;0;0;0;6;0;0;0;0
"11/11/2022";"21:09:00";"846";"Acidente s";"426";"BR-101/RJ";"Pista Norte";"Colisão frontal";2;0;0;0;0;0;0;0;0;0;2;0;0;0;0
"11/11/2022";"21:12:00";"851";"Acidente s";"227";"BR-116/SP";"Pista Norte";"Abalroamento longitudinal";1;0;1;0;0;0;0;0;0;0;2;0;0;0;0
"11/11/2022";"21:15:00";"852";"Acidente c";"471";"BR-101/RJ";"Pista Sul";"Abalroamento longitudinal";1;0;0;1;0;0;0;0;0;0;1;1;0;0;0
"11/11/2022";"22:14:00";"887";"Acidente s";"227";"BR-116/SP";"Pista Sul";"Choque em defensa";1;0;0;0;0;0;0;0;0;0;1;0;0;0;0
"11/11/2022";"22:20:00";"889";"Acidente s";"323,8";"BR-116/RJ";"Pista Norte";"Capotamento";1;0;0;0;0;0;0;0;0;0;2;0;0;0;0
"12/11/2022";"00:09:00";"15";"Acidente s";"209";"BR-116/SP";"Pista Norte";"Choque em barreira New Jersey";1;0;0;0;0;0;0;0;0;0;2;0;0;0;0
"12/11/2022";"00:58:00";"33";"Acidente c";"228";"BR-116/SP";"Pista Norte";"Choque em veículo parado na pista";1;0;0;1;0;0;0;0;0;0;1;1;0;0;0
"12/11/2022";"02:31:00";"54";"Acidente s";"115,5";"BR-116/SP";"Pista Sul";"Choque em objeto na pista";1;0;0;0;0;0;0;0;0;0;1;0;0;0;0
"12/11/2022";"05:17:00";"81";"Acidente c";"165,2";"BR-116/SP";"Pista Norte";"Engavetamento";1;0;1;0;1;0;0;0;0;0;57;1;0;0;0
"12/11/2022";"05:51:00";"95";"Acidente s";"229,4";"BR-116/RJ";"Pista Norte";"Choque em barreira New Jersey";0;0;1;0;0;0;0;0;0;0;1;0;0;0;0
"12/11/2022";"06:33:00";"120";"Acidente s";"224";"BR-116/SP";"Pista Sul";"Choque em objeto na pista";1;0;0;0;0;0;0;0;0;0;1;0;0;0;0
"12/11/2022";"07:24:00";"181";"Acidente c";"18,95";"BR-116/SP";"Pista Sul";"Capotamento";1;0;0;0;0;0;0;0;0;0;0;2;0;0;0
"12/11/2022";"07:58:00";"224";"Acidente s";"178";"BR-116/RJ";"Pista Norte";"Abalroamento longitudinal";2;0;0;0;0;0;0;0;0;0;2;0;0;0;0
"12/11/2022";"08:27:00";"258";"Acidente c";"517";"BR-101/RJ";"Pista Sul";"Capotamento";1;0;0;0;0;0;0;0;0;0;0;4;0;0;0
"12/11/2022";"09:40:00";"326";"Acidente s";"189";"BR-116/RJ";"Pista Norte";"Choque em objeto fixo";0;0;0;0;0;0;0;0;0;1;1;0;0;0;0
"12/11/2022";"09:47:00";"336";"Acidente s";"419";"BR-101/RJ";"Pista Norte";"Colisão traseira";2;0;0;0;0;0;0;0;0;0;2;0;0;0;0
"12/11/2022";"09:53:00";"340";"Acidente s";"419";"BR-101/RJ";"Pista Sul";"Não Def";1;0;0;0;0;0;0;0;0;0;1;0;0;0;0
"12/11/2022";"10:01:00";"350";"Acidente s";"230,9";"BR-116/SP";"Pista Sul";"Choque em objeto na pista";1;0;0;0;0;0;0;0;0;0;2;0;0;0;0
"12/11/2022";"10:02:00";"351";"Acidente s";"225";"BR-116/SP";"Pista Sul";"Choque em objeto na pista";0;0;0;1;0;0;0;0;0;0;1;0;0;0;0
"12/11/2022";"10:17:00";"361";"Acidente c";"145";"BR-116/SP";"Pista Norte";"Colisão traseira";1;0;0;1;0;0;0;0;0;0;3;0;1;0;0
"12/11/2022";"10:31:00";"372";"Acidente c";"472";"BR-101/RJ";"Pista Sul";"Engavetamento";3;0;0;0;0;0;0;0;0;0;2;1;0;0;0
"12/11/2022";"10:35:00";"376";"Acidente s";"164,9";"BR-116/SP";"Pista Sul";"Colisão traseira";1;0;1;0;0;0;0;0;0;0;2;0;0;0;0
"12/11/2022";"11:01:00";"391";"Acidente c";"213,4";"BR-116/SP";"Pista Norte";"Colisão traseira";2;0;0;0;0;0;0;0;0;0;1;5;0;0;0
"12/11/2022";"11:55:00";"416";"Acidente s";"123,8";"BR-116/SP";"Pista Norte";"Engavetamento";3;0;0;0;0;1;0;0;0;0;12;0;0;0;0
"12/11/2022";"11:59:00";"420";"Acidente s";"221,5";"BR-116/SP";"Pista Norte";"Engavetamento";4;0;0;0;0;0;0;0;0;0;4;0;0;0;0
"12/11/2022";"12:15:00";"428";"Atropelame";"47,9";"BR-101/SP";"Pista Sul";"Atropelamento de pedestre atravessando";0;1;0;1;0;0;0;0;0;0;1;0;1;0;0
"12/11/2022";"12:27:00";"438";"Acidente s";"212";"BR-116/SP";"Pista Sul";"Engavetamento";5;0;0;0;0;0;0;0;0;1;11;0;0;0;0
"12/11/2022";"12:32:00";"441";"Acidente s";"216,9";"BR-116/SP";"Pista Sul";"Colisão traseira";0;0;1;0;0;1;0;0;0;0;2;0;0;0;0
"12/11/2022";"12:43:00";"449";"Acidente c";"182,4";"BR-116/RJ";"Pista Norte";"Abalroamento longitudinal";2;0;0;0;0;0;0;0;0;0;1;1;0;0;0
"12/11/2022";"12:48:00";"455";"Acidente s";"145";"BR-116/SP";"Pista Norte";"Colisão traseira";2;0;0;0;0;0;0;0;0;0;2;0;0;0;0
"12/11/2022";"13:21:00";"483";"Acidente c";"298,5";"BR-116/RJ";"Pista Norte";"Colisão traseira";1;0;1;0;0;0;0;0;0;0;1;2;0;0;1
"12/11/2022";"13:30:00";"488";"Acidente c";"176,8";"BR-116/RJ";"Pista Sul";"Abalroamento longitudinal";1;0;0;1;0;0;0;0;0;0;1;1;0;0;0
"12/11/2022";"14:32:00";"526";"Acidente s";"165,2";"BR-116/SP";"Pista Norte";"Não Def";1;0;1;0;0;0;0;0;0;0;3;0;0;0;0
"12/11/2022";"14:33:00";"528";"Acidente c";"216";"BR-116/SP";"Pista Norte";"Choque em veículo parado na pista";0;0;1;1;0;0;0;0;0;0;1;0;2;0;0
"12/11/2022";"15:22:00";"561";"Acidente s";"320,4";"BR-116/RJ";"Pista Norte";"Colisão traseira";2;0;0;0;0;0;0;0;0;0;2;0;0;0;0
"12/11/2022";"15:25:00";"564";"Acidente c";"229,2";"BR-116/RJ";"Pista Norte";"Choque em barreira New Jersey";0;0;1;0;0;0;0;0;0;0;2;1;0;0;0
"12/11/2022";"16:16:00";"594";"Acidente s";"313,5";"BR-116/RJ";"Pista Norte";"Choque em barreira New Jersey";1;0;0;0;0;0;0;0;0;0;1;0;0;0;0
"12/11/2022";"16:43:00";"605";"Acidente s";"313,5";"BR-116/RJ";"Pista Norte";"Colisão traseira";1;0;0;0;0;1;0;0;0;0;2;0;0;0;0
"12/11/2022";"16:56:00";"612";"Acidente s";"291";"BR-116/RJ";"Pista Norte";"Choque em barreira New Jersey";1;0;0;0;0;0;0;0;0;0;1;0;0;0;0
"12/11/2022";"17:27:00";"625";"Acidente s";"44,9";"BR-116/SP";"Pista Sul";"Queda de moto";0;0;0;1;0;0;0;0;0;0;2;0;0;0;0
"12/11/2022";"18:15:00";"648";"Acidente s";"293,5";"BR-116/RJ";"Pista Sul";"Choque em defensa";1;0;0;0;0;0;0;0;0;0;1;0;0;0;0
"12/11/2022";"18:52:00";"664";"Acidente s";"109";"BR-116/SP";"Pista Norte";"Colisão traseira";1;0;0;0;0;1;0;0;0;0;3;0;0;0;0
"12/11/2022";"18:55:00";"665";"Atropelame";"48";"BR-101/SP";"Pista Norte";"Atropelamento de pedestre atravessando";1;0;0;0;0;0;0;0;0;0;1;0;1;0;0
"12/11/2022";"19:14:00";"681";"Acidente s";"155";"BR-116/SP";"Pista Sul";"Abalroamento longitudinal";1;0;1;0;0;0;0;0;0;0;2;0;0;0;0
"12/11/2022";"19:51:00";"697";"Acidente c";"208,2";"BR-116/RJ";"Pista Norte";"Colisão traseira";0;0;0;1;0;1;0;0;0;0;1;1;0;0;0
"12/11/2022";"20:58:00";"724";"Acidente c";"147,5";"BR-116/SP";"Pista Sul";"Abalroamento longitudinal";1;0;1;0;0;0;0;0;0;0;1;0;1;0;0
"12/11/2022";"22:04:00";"741";"Acidente c";"420";"BR-101/RJ";"Pista Norte";"Colisão traseira";2;0;0;0;0;0;0;0;0;0;1;1;0;0;0
"13/11/2022";"01:58:00";"33";"Acidente c";"173,95";"BR-116/RJ";"Pista Sul";"Capotamento";1;0;0;0;0;0;0;0;0;0;0;1;0;0;0
"13/11/2022";"02:05:00";"34";"Acidente c";"274,4";"BR-116/RJ";"Pista Norte";"Capotamento";1;0;0;0;0;0;0;0;0;0;0;1;0;0;0
"13/11/2022";"02:11:00";"35";"Atropelame";"142,4";"BR-116/SP";"Pista Norte";"Atropelamento de pedestre atravessando";0;0;0;0;0;1;0;0;0;0;1;0;0;0;1
"13/11/2022";"04:40:00";"54";"Acidente c";"214";"BR-116/SP";"Pista Norte";"Choque em barreira New Jersey";1;0;0;0;0;0;0;0;0;0;0;1;0;0;0
"13/11/2022";"06:04:00";"70";"Acidente s";"252";"BR-116/RJ";"Pista Norte";"Choque em barreira New Jersey";1;0;0;0;0;0;0;0;0;0;1;0;0;0;0
"13/11/2022";"06:57:00";"93";"Acidente c";"119,5";"BR-116/SP";"Pista Norte";"Choque em barreira New Jersey";1;0;0;0;0;0;0;0;0;0;0;3;0;0;0
"13/11/2022";"07:00:00";"95";"Acidente c";"165,2";"BR-116/SP";"Pista Norte";"Engavetamento";4;0;0;0;0;0;0;0;0;0;13;0;1;0;0
"13/11/2022";"07:23:00";"106";"Acidente s";"95,4";"BR-116/SP";"Pista Norte";"Engavetamento";1;0;0;0;0;2;0;0;0;0;7;0;0;0;0
"13/11/2022";"08:18:00";"140";"Acidente s";"115,85";"BR-116/SP";"Pista Norte";"Colisão traseira";2;0;0;0;0;0;0;0;0;0;4;0;0;0;0
"13/11/2022";"09:56:00";"189";"Acidente s";"109,7";"BR-116/SP";"Pista Norte";"Colisão traseira";2;0;0;0;0;0;0;0;0;0;7;0;0;0;0
"13/11/2022";"11:01:00";"228";"Acidente c";"71,3";"BR-116/SP";"Pista Sul";"Engavetamento";2;0;1;0;0;0;0;0;0;0;8;2;0;0;0
"13/11/2022";"11:14:00";"241";"Acidente s";"222,4";"BR-116/SP";"Pista Sul";"Abalroamento longitudinal";1;0;1;0;0;0;0;0;0;0;2;0;0;0;0
"13/11/2022";"12:11:00";"266";"Acidente s";"157";"BR-116/SP";"Pista Sul";"Colisão traseira";2;0;0;0;0;0;0;0;0;0;4;0;0;0;0
"13/11/2022";"12:27:00";"277";"Acidente s";"203,2";"BR-116/SP";"Pista Norte";"Colisão traseira";2;0;0;0;0;0;0;0;0;0;2;0;0;0;0
"13/11/2022";"13:54:00";"332";"Acidente c";"141";"BR-116/SP";"Pista Sul";"Capotamento";1;0;0;0;0;0;0;0;0;0;1;2;0;0;0
"13/11/2022";"14:59:00";"359";"Acidente c";"159";"BR-116/SP";"Pista Sul";"Queda de moto";0;0;0;1;0;0;0;0;0;0;0;0;2;0;0
"13/11/2022";"16:25:00";"421";"Acidente s";"74,6";"BR-116/SP";"Pista Sul";"Colisão traseira";1;0;0;0;0;1;0;0;0;0;5;0;0;0;0
"13/11/2022";"18:58:00";"515";"Acidente c";"229";"BR-116/SP";"Pista Norte";"Queda de moto";0;0;0;1;0;0;0;0;0;0;0;1;0;0;0
"13/11/2022";"20:43:00";"574";"Acidente s";"229";"BR-116/SP";"Pista Norte";"Abalroamento transversal";2;0;0;0;0;0;0;0;0;0;4;0;0;0;0
"13/11/2022";"20:55:00";"578";"Acidente s";"34";"BR-116/SP";"Pista Norte";"Choque em objeto na pista";1;0;0;0;0;0;0;0;0;0;1;0;0;0;0
"13/11/2022";"21:38:00";"591";"Acidente c";"63,4";"BR-116/SP";"Pista Norte";"Choque em objeto na pista";0;0;0;1;0;0;0;0;0;0;0;1;0;0;0
"13/11/2022";"22:18:00";"604";"Acidente s";"63,4";"BR-116/SP";"Pista Norte";"Choque em objeto na pista";1;0;0;0;0;0;0;0;0;0;2;0;0;0;0
"14/11/2022";"00:24:00";"16";"Acidente s";"16,8";"BR-116/SP";"Pista Sul";"Choque em objeto na pista";1;0;0;0;0;0;0;0;0;0;1;0;0;0;0
"14/11/2022";"01:03:00";"31";"Acidente c";"54,8";"BR-116/SP";"Pista Sul";"Atropelamento de animal";0;0;0;0;0;0;0;0;0;1;0;2;0;0;0
"14/11/2022";"01:38:00";"39";"Acidente s";"334,2";"BR-116/RJ";"Pista Norte";"Choque em barreira New Jersey";0;0;1;0;0;0;0;0;0;0;1;0;0;0;0
"14/11/2022";"03:28:00";"63";"Acidente s";"25,4";"BR-101/SP";"Pista Sul";"Capotamento";1;0;0;0;0;0;0;0;0;0;1;0;0;0;0
"14/11/2022";"05:57:00";"96";"Acidente c";"219";"BR-116/SP";"Pista Sul";"Queda de moto";0;0;0;1;0;0;0;0;0;0;0;2;0;0;0
"14/11/2022";"06:43:00";"124";"Acidente c";"208";"BR-116/SP";"Pista Sul";"Colisão traseira";1;0;0;1;0;0;0;0;0;0;1;1;0;0;0
"14/11/2022";"06:55:00";"137";"Acidente s";"296,4";"BR-116/RJ";"Pista Sul";"Colisão traseira";2;0;0;0;0;0;0;0;0;0;4;0;0;0;0
"14/11/2022";"06:59:00";"143";"Acidente s";"171";"BR-116/RJ";"Pista Norte";"Abalroamento longitudinal";1;0;0;1;0;0;0;0;0;0;2;0;0;0;0
"14/11/2022";"07:16:00";"170";"Acidente c";"557";"BR-101/RJ";"Pista Norte";"Capotamento";1;0;0;0;0;0;0;0;0;0;0;1;0;0;0
"14/11/2022";"08:45:00";"299";"Acidente s";"285,6";"BR-116/RJ";"Pista Norte";"Choque em barreira New Jersey";1;0;0;0;0;0;0;0;0;0;1;0;0;0;0
"14/11/2022";"09:57:00";"375";"Acidente s";"211,1";"BR-116/SP";"Pista Sul";"Abalroamento longitudinal";1;0;0;0;1;0;0;0;0;0;42;0;0;0;0
"14/11/2022";"10:00:00";"378";"Acidente c";"228,7";"BR-116/RJ";"Pista Norte";"Tombamento";0;0;1;0;0;0;0;0;0;0;0;0;1;0;0
"14/11/2022";"10:53:00";"426";"Acidente s";"230";"BR-116/SP";"Pista Sul";"Choque em barreira New Jersey";0;0;1;0;0;0;0;0;0;0;1;0;0;0;0
"14/11/2022";"11:15:00";"446";"Acidente s";"291,3";"BR-116/RJ";"Pista Sul";"Colisão traseira";2;0;0;0;0;0;0;0;0;0;4;0;0;0;0
"14/11/2022";"11:27:00";"457";"Acidente c";"229,9";"BR-116/SP";"Pista Sul";"Colisão traseira";1;0;0;0;0;1;0;0;0;0;4;2;0;0;0
"14/11/2022";"12:00:00";"476";"Acidente s";"201";"BR-116/SP";"Pista Norte";"Tombamento";0;0;1;0;0;0;0;0;0;0;1;0;0;0;0
"14/11/2022";"12:45:00";"492";"Atropelame";"128,68";"BR-116/SP";"Pista Sul";"Atropelamento de pedestre atravessando";0;1;1;0;0;0;0;0;0;0;1;1;0;0;0
"14/11/2022";"13:00:00";"499";"Acidente c";"141,2";"BR-116/SP";"Pista Sul";"Capotamento";1;0;0;0;0;0;0;0;0;0;2;2;0;0;0
"14/11/2022";"13:29:00";"524";"Acidente s";"286";"BR-116/RJ";"Pista Sul";"Abalroamento longitudinal";1;0;1;0;0;0;0;0;0;0;2;0;0;0;0
"14/11/2022";"13:39:00";"529";"Acidente s";"195,8";"BR-116/RJ";"Pista Sul";"Abalroamento longitudinal";1;0;0;0;0;0;0;0;0;1;2;0;0;0;0
"14/11/2022";"13:40:00";"531";"Acidente c";"12,15";"BR-116/SP";"Pista Norte";"Colisão traseira";0;0;2;0;1;0;0;0;0;0;43;1;0;2;0
"14/11/2022";"14:36:00";"565";"Acidente s";"34,6";"BR-116/SP";"Pista Norte";"Abalroamento longitudinal";0;0;0;0;1;0;0;0;0;1;26;0;0;0;0
"14/11/2022";"15:37:00";"592";"Acidente c";"523,5";"BR-101/RJ";"Pista Sul";"Queda de moto";0;0;0;1;0;0;0;0;0;0;0;0;1;0;0
"14/11/2022";"16:03:00";"607";"Acidente s";"232,5";"BR-116/RJ";"Pista Norte";"Não Def";0;0;1;0;1;0;0;0;0;0;2;0;0;0;0
"14/11/2022";"16:44:00";"638";"Acidente c";"498";"BR-101/RJ";"Pista Norte";"Queda de moto";0;0;0;1;0;0;0;0;0;0;0;1;0;0;0
"14/11/2022";"17:01:00";"653";"Acidente s";"169";"BR-116/SP";"Pista Norte";"Tombamento";0;0;1;0;0;0;0;0;0;0;2;0;0;0;0
"14/11/2022";"17:18:00";"662";"Acidente s";"399";"BR-101/RJ";"Pista Norte";"Não Def";3;0;0;0;0;0;0;0;0;0;3;0;0;0;0
"14/11/2022";"18:15:00";"713";"Acidente c";"43,4";"BR-101/SP";"Pista Sul";"Colisão traseira";1;0;0;1;0;0;0;0;0;0;1;1;0;0;0
"14/11/2022";"18:31:00";"722";"Acidente c";"112,6";"BR-116/SP";"Pista Sul";"Engavetamento";2;0;0;0;0;2;0;0;0;0;11;1;0;0;0
"14/11/2022";"18:46:00";"732";"Acidente c";"29";"BR-116/SP";"Pista Sul";"Colisão traseira";0;0;2;0;0;0;0;0;0;0;1;1;0;0;0
"14/11/2022";"18:59:00";"739";"Acidente s";"172,8";"BR-116/RJ";"Pista Sul";"Engavetamento";1;0;2;0;0;0;0;0;0;0;3;0;0;0;0
"14/11/2022";"20:54:00";"791";"Acidente s";"220";"BR-116/RJ";"Pista Norte";"Choque em barreira New Jersey";1;0;0;0;0;0;0;0;0;0;3;0;0;0;0
"14/11/2022";"22:01:00";"821";"Atropelame";"417,45";"BR-101/RJ";"Pista Norte";"Atropelamento de pedestre atravessando";1;0;0;0;0;0;0;0;0;0;3;1;0;1;0
"14/11/2022";"22:02:00";"822";"Acidente c";"140,8";"BR-116/SP";"Pista Norte";"Queda de moto";0;0;0;1;0;0;0;0;0;0;1;0;1;0;0
"14/11/2022";"22:05:00";"824";"Acidente c";"205";"BR-116/RJ";"Pista Sul";"Atropelamento de pedestre atravessando";0;1;0;0;1;0;0;0;0;0;15;0;0;2;0
"14/11/2022";"22:36:00";"829";"Acidente s";"210,95";"BR-116/SP";"Pista Sul";"Abalroamento longitudinal";1;0;0;0;0;1;0;0;0;0;6;0;0;0;0
"14/11/2022";"22:48:00";"833";"Acidente c";"175";"BR-116/RJ";"Pista Sul";"Colisão traseira";1;0;1;0;0;0;0;0;0;0;1;0;1;0;0
"14/11/2022";"22:56:00";"836";"Acidente s";"174,9";"BR-116/RJ";"Pista Sul";"Colisão traseira";2;0;0;0;0;0;0;0;0;0;2;0;0;0;0
"14/11/2022";"23:04:00";"837";"Acidente c";"20";"BR-101/SP";"Pista Norte";"Choque em objeto fixo";1;0;0;0;0;0;0;0;0;0;1;0;1;0;0
"15/11/2022";"00:02:00";"15";"Acidente c";"192,7";"BR-116/RJ";"Pista Sul";"Colisão traseira";0;0;2;0;0;0;0;0;0;0;1;0;1;0;0
"15/11/2022";"01:37:00";"44";"Acidente c";"223";"BR-116/SP";"Pista Norte";"Engavetamento";3;0;0;0;0;0;0;0;0;0;3;2;1;0;0
"15/11/2022";"06:52:00";"117";"Acidente c";"65,1";"BR-116/SP";"Pista Norte";"Queda de moto";0;0;0;1;0;0;0;0;0;0;0;1;1;0;0
"15/11/2022";"08:11:00";"209";"Acidente c";"43,6";"BR-101/SP";"Pista Sul";"Queda de moto";0;0;0;1;0;0;0;0;0;0;1;1;0;0;0
"15/11/2022";"09:04:00";"243";"Acidente s";"125,45";"BR-116/SP";"Pista Norte";"Colisão traseira";1;0;1;0;0;0;0;0;0;0;2;0;0;0;0
"15/11/2022";"09:18:00";"252";"Acidente s";"67,35";"BR-116/SP";"Pista Sul";"Abalroamento longitudinal";1;0;1;0;0;0;0;0;0;0;3;0;0;0;0
"15/11/2022";"10:12:00";"277";"Acidente s";"257,9";"BR-116/RJ";"Pista Norte";"Colisão traseira";0;0;2;0;0;0;0;0;0;0;2;0;0;0;0
"15/11/2022";"10:23:00";"281";"Acidente s";"300,4";"BR-116/RJ";"Pista Sul";"Colisão traseira";2;0;0;0;0;0;0;0;0;0;2;0;0;0;0
"15/11/2022";"11:25:00";"313";"Acidente s";"83,5";"BR-116/SP";"Pista Sul";"Colisão traseira";2;0;0;0;0;0;0;0;0;0;5;0;0;0;0
"15/11/2022";"11:40:00";"323";"Acidente s";"229,6";"BR-116/RJ";"Pista Norte";"Colisão traseira";2;0;0;0;0;0;0;0;0;0;5;0;0;0;0
"15/11/2022";"12:26:00";"350";"Acidente s";"108";"BR-116/SP";"Pista Sul";"Engavetamento";2;0;0;0;0;1;0;0;0;0;8;0;0;0;0
"15/11/2022";"12:50:00";"363";"Acidente c";"324,1";"BR-116/RJ";"Pista Norte";"Choque em defensa";1;0;0;0;0;0;0;0;0;0;0;2;0;0;0
"15/11/2022";"12:54:00";"366";"Acidente s";"153";"BR-116/SP";"Pista Sul";"Colisão traseira";1;0;0;0;0;1;0;0;0;0;2;0;0;0;0
"15/11/2022";"13:02:00";"372";"Acidente s";"5,7";"BR-116/SP";"Pista Sul";"Abalroamento longitudinal";2;0;0;0;0;0;0;0;0;0;6;0;0;0;0
"15/11/2022";"13:02:00";"373";"Acidente c";"139";"BR-116/SP";"Pista Sul";"Colisão traseira";2;0;0;0;0;0;0;0;0;0;8;2;0;0;0
"15/11/2022";"13:34:00";"387";"Acidente c";"51,5";"BR-116/SP";"Pista Sul";"Queda de moto";0;0;0;1;0;0;0;0;0;0;0;1;0;1;0
"15/11/2022";"13:55:00";"403";"Acidente s";"51,5";"BR-116/SP";"Pista Sul";"Colisão traseira";2;0;0;0;0;0;0;0;0;0;6;0;0;0;0
"15/11/2022";"14:12:00";"416";"Acidente s";"97,95";"BR-116/SP";"Pista Sul";"Colisão traseira";0;0;2;0;0;0;0;0;0;0;2;0;0;0;0
"15/11/2022";"14:20:00";"425";"Acidente s";"155,9";"BR-116/SP";"Pista Sul";"Colisão traseira";1;0;0;0;0;1;0;0;0;0;2;0;0;0;0
"15/11/2022";"14:45:00";"434";"Acidente c";"421";"BR-101/RJ";"Pista Norte";"Abalroamento longitudinal";2;0;0;0;0;0;0;0;0;0;1;1;0;0;0
"15/11/2022";"15:24:00";"459";"Acidente s";"69";"BR-116/SP";"Pista Sul";"Colisão traseira";2;0;0;0;0;0;0;0;0;0;5;0;0;0;0
"15/11/2022";"15:28:00";"466";"Acidente s";"580";"BR-101/RJ";"Pista Norte";"Choque em objeto fixo";1;0;0;0;0;0;0;0;0;0;1;0;0;0;0
"15/11/2022";"15:29:00";"467";"Acidente s";"423,9";"BR-101/RJ";"Pista Norte";"Colisão traseira";2;0;0;0;0;0;0;0;0;0;2;0;0;0;0