data;horario;n_da_ocorrencia;tipo_de_ocorrencia;km;trecho;sentido;tipo_de_acidente;automovel;bicicleta;caminhao;moto;onibus;outros;tracao_animal;transporte_de_cargas_especiais;trator_maquinas;utilitarios;ilesos;levemente_feridos;moderadamente_feridos;gravemente_feridos;mortos
"15/11/2022";"15:45:00";"477";"Acidente c";"581,5";"BR-101/RJ";"Pista Norte";"Queda de ribanceira";1;0;0;0;0;0;0;0;0;0;0;2;0;0;0
"15/11/2022";"15:57:00";"491";"Acidente c";"293";"BR-116/RJ";"Pista Norte";"Engavetamento";4;0;0;0;0;0;0;0;0;0;7;2;0;0;0
"15/11/2022";"16:06:00";"497";"Acidente s";"426,6";"BR-101/RJ";"Pista Norte";"Colisão traseira";1;0;0;0;0;1;0;0;0;0;3;0;0;0;0
"15/11/2022";"16:27:00";"505";"Acidente c";"324,1";"BR-116/RJ";"Pista Norte";"Choque em barreira New Jersey";1;0;0;0;0;0;0;0;0;0;0;0;1;0;0
"15/11/2022";"16:46:00";"518";"Acidente c";"149,3";"BR-116/SP";"Pista Sul";"Engavetamento";3;0;0;0;0;0;0;0;0;0;7;1;0;0;0
"15/11/2022";"16:52:00";"522";"Acidente s";"251,1";"BR-116/RJ";"Pista Norte";"Colisão traseira";2;0;0;0;0;0;0;0;0;0;2;0;0;0;0
"15/11/2022";"17:04:00";"528";"Acidente s";"334,15";"BR-116/RJ";"Pista Norte";"Choque em barreira New Jersey";1;0;0;0;0;0;0;0;0;0;1;0;0;0;0
"15/11/2022";"17:29:00";"540";"Acidente s";"258,03";"BR-116/RJ";"Pista Sul";"Choque em barreira New Jersey";1;0;0;0;0;0;0;0;0;0;1;0;0;0;0
"15/11/2022";"18:35:00";"574";"Acidente s";"255";"BR-116/RJ";"Pista Sul";"Colisão traseira";2;0;0;0;0;0;0;0;0;0;2;0;0;0;0
"15/11/2022";"18:48:00";"579";"Acidente s";"185,5";"BR-116/RJ";"Pista Norte";"Colisão traseira";1;0;1;0;0;0;0;0;0;0;2;0;0;0;0
"15/11/2022";"18:56:00";"583";"Acidente s";"180,8";"BR-116/SP";"Pista Sul";"Colisão traseira";2;0;0;0;0;0;0;0;0;0;6;0;0;0;0
"15/11/2022";"20:14:00";"631";"Acidente s";"521";"BR-101/RJ";"Pista Norte";"Atropelamento de animal";1;0;0;0;0;0;0;0;0;0;1;0;0;0;0
"15/11/2022";"21:07:00";"654";"Acidente c";"256,2";"BR-116/RJ";"Pista Norte";"Colisão traseira";2;0;0;0;0;0;0;0;0;0;1;2;0;0;0
"15/11/2022";"21:58:00";"670";"Acidente c";"74";"BR-116/SP";"Pista Sul";"Colisão traseira";2;0;1;0;0;0;0;0;0;0;1;2;1;0;0
"15/11/2022";"22:06:00";"675";"Acidente s";"433";"BR-101/RJ";"Pista Sul";"Choque em objeto fixo";1;0;0;0;0;0;0;0;0;0;1;0;0;0;0
"15/11/2022";"22:35:00";"684";"Acidente s";"172";"BR-116/RJ";"Pista Sul";"Colisão traseira";1;0;1;0;0;1;0;0;0;0;4;0;0;0;0
"15/11/2022";"23:09:00";"692";"Acidente s";"165,8";"BR-116/SP";"Pista Norte";"Abalroamento longitudinal";2;0;0;0;0;0;0;0;0;0;2;0;0;0;0
"16/11/2022";"00:13:00";"14";"Acidente c";"204,5";"BR-116/SP";"Pista Norte";"Colisão traseira";0;0;2;0;0;0;0;0;0;0;1;1;0;0;0
"16/11/2022";"02:24:00";"38";"Acidente s";"396";"BR-101/RJ";"Pista Norte";"Atropelamento de animal";1;0;0;0;0;0;0;0;0;0;1;0;0;0;0
"16/11/2022";"05:41:00";"77";"Acidente c";"234";"BR-116/RJ";"Pista Norte";"Tombamento";0;0;1;0;0;0;0;0;0;0;0;1;0;0;0
"16/11/2022";"06:34:00";"107";"Acidente s";"277,8";"BR-116/RJ";"Pista Sul";"Choque em barreira New Jersey";1;0;0;0;0;0;0;0;0;0;3;0;0;0;0
"16/11/2022";"08:44:00";"290";"Acidente s";"225";"BR-116/SP";"Pista Sul";"Colisão traseira";2;0;0;0;0;0;0;0;0;0;3;0;0;0;0
"16/11/2022";"08:53:00";"299";"Acidente s";"208";"BR-116/SP";"Pista Sul";"Abalroamento longitudinal";2;0;0;0;0;0;0;0;0;0;2;0;0;0;0
"16/11/2022";"09:43:00";"355";"Acidente s";"68,7";"BR-116/SP";"Pista Sul";"Choque em barreira New Jersey";1;0;0;0;0;0;0;0;0;0;2;0;0;0;0
"16/11/2022";"10:33:00";"395";"Acidente c";"214,9";"BR-116/SP";"Pista Sul";"Abalroamento longitudinal";0;0;0;2;0;0;0;0;0;0;1;1;0;0;0
"16/11/2022";"11:10:00";"418";"Acidente c";"310";"BR-116/RJ";"Pista Norte";"Colisão traseira";1;0;0;1;0;0;0;0;0;0;1;1;0;0;0
"16/11/2022";"11:26:00";"425";"Acidente s";"228,1";"BR-116/RJ";"Pista Norte";"Choque Talude";1;0;0;0;0;0;0;0;0;0;1;0;0;0;0
"16/11/2022";"11:57:00";"442";"Acidente s";"231";"BR-116/RJ";"Pista Sul";"Capotamento";0;0;0;0;0;0;0;0;0;1;1;0;0;0;0
"16/11/2022";"12:12:00";"453";"Acidente c";"186";"BR-116/RJ";"Pista Norte";"Queda de moto";0;0;0;1;0;0;0;0;0;0;0;1;0;0;0
"16/11/2022";"13:22:00";"489";"Acidente c";"110,5";"BR-116/SP";"Pista Norte";"Choque em barreira New Jersey";1;0;0;0;0;0;0;0;0;0;0;2;0;0;0
"16/11/2022";"13:32:00";"495";"Acidente s";"222,9";"BR-116/SP";"Pista Sul";"Colisão traseira";1;0;1;0;0;0;0;0;0;0;2;0;0;0;0
"16/11/2022";"13:58:00";"512";"Acidente c";"218";"BR-116/SP";"Pista Sul";"Colisão traseira";1;0;0;1;0;0;0;0;0;0;1;1;0;0;0
"16/11/2022";"14:48:00";"537";"Acidente c";"229,8";"BR-116/SP";"Pista Sul";"Abalroamento longitudinal";1;0;1;0;0;0;0;0;0;0;1;1;0;0;0
"16/11/2022";"18:19:00";"658";"Acidente c";"156,7";"BR-116/SP";"Pista Norte";"Colisão traseira";1;0;0;1;0;0;0;0;0;0;1;1;0;0;0
"16/11/2022";"20:26:00";"720";"Atropelame";"171,7";"BR-116/RJ";"Pista Norte";"Atropelamento de pedestre caminhando";1;0;0;0;0;0;0;0;0;0;1;0;0;0;1
"16/11/2022";"20:28:00";"721";"Acidente c";"209,85";"BR-116/SP";"Pista Sul";"Queda de moto";0;0;0;1;0;0;0;0;0;0;0;1;0;0;1
"16/11/2022";"21:29:00";"737";"Acidente c";"524";"BR-101/RJ";"Pista Norte";"Choque em objeto fixo";1;0;0;0;0;0;0;0;0;0;1;1;0;0;0
"16/11/2022";"21:31:00";"739";"Acidente s";"408";"BR-101/RJ";"Pista Norte";"Atropelamento de animal";1;0;0;0;0;0;0;0;0;0;1;0;0;0;0
"16/11/2022";"22:06:00";"744";"Acidente s";"155,7";"BR-116/SP";"Pista Sul";"Choque em objeto na pista";1;0;0;0;0;0;0;0;0;0;3;0;0;0;0
"17/11/2022";"00:53:00";"25";"Acidente s";"196";"BR-116/SP";"Pista Sul";"Choque em objeto na pista";1;0;0;0;0;0;0;0;0;0;2;0;0;0;0
"17/11/2022";"01:29:00";"30";"Acidente s";"513";"BR-101/RJ";"Pista Norte";"Choque em objeto fixo";1;0;0;0;0;0;0;0;0;0;1;0;0;0;0
"17/11/2022";"04:41:00";"52";"Acidente s";"38,7";"BR-116/SP";"Pista Norte";"Tombamento";0;0;1;0;0;0;0;0;0;0;1;0;0;0;0
"17/11/2022";"08:21:00";"306";"Acidente c";"51,2";"BR-116/SP";"Pista Sul";"Colisão traseira";0;0;1;1;0;0;0;0;0;0;2;0;1;0;0
"17/11/2022";"09:14:00";"369";"Acidente c";"145,5";"BR-116/SP";"Pista Sul";"Colisão traseira";1;0;0;1;0;0;0;0;0;0;1;1;0;0;0
"17/11/2022";"10:02:00";"427";"Acidente s";"139,4";"BR-116/SP";"Pista Sul";"Colisão traseira";2;0;0;0;0;0;0;0;0;0;2;0;0;0;0
"17/11/2022";"11:47:00";"516";"Acidente s";"27";"BR-116/SP";"Pista Sul";"Choque em objeto na pista";1;0;0;0;0;0;0;0;0;0;1;0;0;0;0
"17/11/2022";"13:00:00";"561";"Acidente c";"111,6";"BR-116/SP";"Pista Norte";"Abalroamento longitudinal";1;0;1;0;0;0;0;0;0;0;3;1;0;0;0
"17/11/2022";"13:25:00";"579";"Acidente c";"165,2";"BR-116/SP";"Pista Norte";"Tombamento";0;0;1;0;0;0;0;0;0;0;0;1;0;0;0
"17/11/2022";"14:08:00";"603";"Acidente c";"173";"BR-116/RJ";"Pista Norte";"Engavetamento";3;0;0;0;0;1;0;0;0;1;6;3;0;0;0
"17/11/2022";"15:25:00";"647";"Acidente s";"232,2";"BR-116/RJ";"Pista Norte";"Choque em objeto fixo";1;0;0;0;0;0;0;0;0;0;1;0;0;0;0
"17/11/2022";"16:24:00";"685";"Acidente s";"456,3";"BR-101/RJ";"Pista Norte";"Colisão traseira";2;0;0;0;0;0;0;0;0;0;2;0;0;0;0
"17/11/2022";"17:03:00";"702";"Acidente s";"23,2";"BR-116/SP";"Pista Norte";"Choque Talude";0;0;1;0;0;0;0;0;0;0;1;0;0;0;0
"17/11/2022";"17:14:00";"708";"Acidente s";"155";"BR-116/SP";"Pista Sul";"Choque em objeto fixo";1;0;1;0;0;0;0;0;0;0;3;0;0;0;0
"17/11/2022";"18:23:00";"743";"Acidente s";"46,1";"BR-116/SP";"Pista Sul";"Choque em objeto na pista";1;0;0;0;0;0;0;0;0;0;1;0;0;0;0
"17/11/2022";"18:25:00";"745";"Acidente c";"156,2";"BR-116/SP";"Pista Norte";"Queda de moto";0;0;0;1;0;0;0;0;0;0;0;1;0;0;0
"17/11/2022";"18:58:00";"766";"Acidente c";"471";"BR-101/RJ";"Pista Norte";"Colisão traseira";1;0;0;1;0;0;0;0;0;0;1;1;0;0;0
"17/11/2022";"19:11:00";"772";"Acidente c";"218,6";"BR-116/SP";"Pista Sul";"Abalroamento longitudinal";1;0;0;1;0;0;0;0;0;0;1;1;0;0;0
"17/11/2022";"19:15:00";"773";"Acidente s";"146,5";"BR-116/SP";"Pista Norte";"Abalroamento longitudinal";1;0;0;0;0;1;0;0;0;0;2;0;0;0;0
"17/11/2022";"19:30:00";"778";"Acidente s";"157,4";"BR-116/SP";"Pista Norte";"Engavetamento";3;0;0;0;0;0;0;0;0;0;3;0;0;0;0
"17/11/2022";"22:19:00";"845";"Acidente s";"181,8";"BR-116/RJ";"Pista Sul";"Engavetamento";3;0;0;0;0;0;0;0;0;0;3;0;0;0;0
"18/11/2022";"01:06:00";"15";"Atropelame";"173";"BR-116/RJ";"Pista Sul";"Atropelamento de pedestre caminhando";0;0;1;0;0;0;0;0;0;0;1;0;0;0;1
"18/11/2022";"05:41:00";"69";"Acidente s";"216,2";"BR-116/SP";"Pista Norte";"Engavetamento";3;0;0;0;0;0;0;0;0;0;3;0;0;0;0
"18/11/2022";"06:23:00";"95";"Acidente c";"229,5";"BR-116/SP";"Pista Norte";"Abalroamento longitudinal";1;0;0;1;0;0;0;0;0;0;1;1;0;0;0
"18/11/2022";"07:03:00";"153";"Acidente c";"220,3";"BR-116/SP";"Pista Sul";"Queda de moto";0;0;0;1;0;0;0;0;0;0;0;0;1;0;0
"18/11/2022";"07:14:00";"173";"Acidente c";"88";"BR-116/SP";"Pista Sul";"Abalroamento longitudinal";1;0;0;1;0;0;0;0;0;0;1;0;1;0;0
"18/11/2022";"07:27:00";"198";"Acidente s";"203";"BR-116/RJ";"Pista Norte";"Choque em objeto na pista";1;0;0;0;0;0;0;0;0;0;1;0;0;0;0
"18/11/2022";"07:47:00";"230";"Acidente c";"205,3";"BR-116/SP";"Pista Sul";"Colisão traseira";0;0;1;0;1;0;0;0;0;0;45;1;1;0;0
"18/11/2022";"08:19:00";"260";"Acidente s";"203";"BR-116/RJ";"Pista Norte";"Choque em objeto na pista";1;0;0;0;0;0;0;0;0;0;1;0;0;0;0
"18/11/2022";"10:17:00";"391";"Acidente c";"153,7";"BR-116/SP";"Pista Norte";"Colisão traseira";2;0;0;0;0;0;0;0;0;0;3;1;0;0;0
"18/11/2022";"10:30:00";"396";"Acidente s";"70,5";"BR-116/SP";"Pista Norte";"Choque em defensa";1;0;0;0;0;0;0;0;0;0;1;0;0;0;0
"18/11/2022";"11:00:00";"418";"Acidente s";"154";"BR-116/SP";"Pista Norte";"Abalroamento longitudinal";1;0;0;0;0;0;0;0;0;1;2;0;0;0;0
"18/11/2022";"11:09:00";"431";"Acidente s";"203,3";"BR-116/SP";"Pista Sul";"Colisão traseira";0;0;2;0;0;0;0;0;0;0;2;0;0;0;0
"18/11/2022";"13:36:00";"531";"Acidente c";"227,8";"BR-116/SP";"Pista Sul";"Colisão traseira";0;0;0;1;0;1;0;0;0;0;1;1;0;0;0
"18/11/2022";"14:13:00";"557";"Acidente s";"215,9";"BR-116/SP";"Pista Sul";"Abalroamento longitudinal";1;0;0;0;0;1;0;0;0;0;2;0;0;0;0
"18/11/2022";"14:54:00";"586";"Acidente s";"218";"BR-116/SP";"Pista Sul";"Capotamento";1;0;0;0;0;0;0;0;0;0;2;0;0;0;0
"18/11/2022";"16:07:00";"630";"Acidente c";"220,7";"BR-116/SP";"Pista Sul";"Queda de moto";0;0;0;1;0;0;0;0;0;0;0;1;0;0;0
"18/11/2022";"16:19:00";"635";"Acidente s";"186,4";"BR-116/SP";"Pista Sul";"Abalroamento longitudinal";1;0;1;0;0;0;0;0;0;0;3;0;0;0;0
"18/11/2022";"16:26:00";"640";"Acidente c";"175,5";"BR-116/RJ";"Pista Norte";"Não Def";0;0;0;1;0;0;0;0;0;1;1;2;0;0;0
"18/11/2022";"16:32:00";"642";"Acidente s";"229";"BR-116/SP";"Pista Sul";"Choque em barreira New Jersey";1;0;0;0;0;0;0;0;0;0;3;0;0;0;0
"18/11/2022";"17:07:00";"658";"Acidente c";"227";"BR-116/SP";"Pista Norte";"Abalroamento longitudinal";0;0;0;1;0;1;0;0;0;0;1;1;0;0;0
"18/11/2022";"17:26:00";"672";"Acidente s";"50";"BR-116/SP";"Pista Sul";"Choque em objeto na pista";1;0;0;0;0;0;0;0;0;0;2;0;0;0;0
"18/11/2022";"17:49:00";"687";"Acidente c";"161,5";"BR-116/SP";"Pista Norte";"Engavetamento";1;0;0;0;2;0;0;0;0;0;74;1;0;0;0
"18/11/2022";"18:13:00";"694";"Acidente c";"316";"BR-116/RJ";"Pista Norte";"Abalroamento longitudinal";1;0;0;1;0;0;0;0;0;0;1;1;0;0;0
"18/11/2022";"18:15:00";"695";"Acidente c";"104";"BR-116/SP";"Pista Sul";"Colisão traseira";2;0;0;0;0;0;0;0;0;0;5;1;0;0;0
"18/11/2022";"18:25:00";"707";"Acidente c";"228";"BR-116/SP";"Pista Norte";"Colisão traseira";0;0;1;1;0;0;0;0;0;0;1;1;0;0;0
"18/11/2022";"19:54:00";"762";"Acidente s";"53";"BR-116/SP";"Pista Sul";"Abalroamento longitudinal";2;0;1;0;0;0;0;0;0;0;4;0;0;0;0
"18/11/2022";"20:05:00";"768";"Acidente c";"97,7";"BR-116/SP";"Pista Sul";"Choque em objeto na pista";0;0;1;1;0;0;0;0;0;0;2;1;0;0;0
"18/11/2022";"20:15:00";"775";"Acidente c";"207,5";"BR-116/SP";"Pista Sul";"Queda de moto";0;0;0;1;0;0;0;0;0;0;0;1;0;0;0
"18/11/2022";"20:18:00";"778";"Acidente s";"194";"BR-116/SP";"Pista Sul";"Colisão traseira";1;0;0;0;0;1;0;0;0;0;6;0;0;0;0
"18/11/2022";"20:19:00";"780";"Acidente s";"153,8";"BR-116/SP";"Pista Sul";"Choque em objeto fixo";0;0;1;0;0;0;0;0;0;0;1;0;0;0;0
"18/11/2022";"20:53:00";"792";"Acidente c";"173";"BR-116/SP";"Pista Norte";"Colisão traseira";1;0;0;1;0;0;0;0;0;0;2;0;1;0;0
"18/11/2022";"20:53:00";"790";"Acidente s";"53";"BR-116/SP";"Pista Sul";"Colisão traseira";1;0;1;0;0;0;0;0;0;0;2;0;0;0;0
"18/11/2022";"23:05:00";"837";"Acidente c";"418";"BR-101/RJ";"Pista Sul";"Queda de moto";0;0;0;1;0;0;0;0;0;0;0;1;0;0;0
"18/11/2022";"23:33:00";"845";"Acidente s";"40,2";"BR-116/SP";"Pista Norte";"Colisão traseira";0;0;2;0;0;0;0;0;0;0;2;0;0;0;0
"19/11/2022";"00:32:00";"15";"Acidente s";"318";"BR-116/RJ";"Pista Norte";"Choque em defensa";1;0;0;0;0;0;0;0;0;0;1;0;0;0;0
"19/11/2022";"02:42:00";"43";"Acidente s";"584";"BR-101/RJ";"Pista Norte";"Choque em objeto fixo";1;0;0;0;0;0;0;0;0;0;1;0;0;0;0
"19/11/2022";"02:46:00";"44";"Acidente s";"475";"BR-101/RJ";"Pista Sul";"Choque em objeto fixo";1;0;0;0;0;0;0;0;0;0;1;0;0;0;0
"19/11/2022";"02:50:00";"45";"Acidente s";"138,3";"BR-116/SP";"Pista Norte";"Choque em objeto na pista";1;0;0;0;0;0;0;0;0;0;1;0;0;0;0
"19/11/2022";"03:51:00";"50";"Acidente c";"147,7";"BR-116/SP";"Pista Sul";"Colisão traseira";1;0;0;1;0;0;0;0;0;0;1;0;0;1;0
"19/11/2022";"05:25:00";"71";"Acidente s";"86,95";"BR-116/SP";"Pista Sul";"Colisão traseira";1;0;1;0;0;0;0;0;0;0;4;0;0;0;0
"19/11/2022";"08:16:00";"195";"Acidente s";"187";"BR-116/SP";"Pista Norte";"Choque em objeto na pista";1;0;0;0;0;0;0;0;0;0;1;0;0;0;0
"19/11/2022";"09:43:00";"262";"Acidente s";"280";"BR-116/RJ";"Pista Sul";"Colisão traseira";0;0;2;0;0;0;0;0;0;0;2;0;0;0;0
"19/11/2022";"09:45:00";"265";"Acidente c";"112,7";"BR-116/SP";"Pista Norte";"Colisão traseira";2;0;0;0;0;0;0;0;0;0;4;1;0;0;0
"19/11/2022";"10:11:00";"284";"Acidente s";"278";"BR-116/RJ";"Pista Sul";"Colisão traseira";0;0;2;0;0;0;0;0;0;0;2;0;0;0;0
"19/11/2022";"10:18:00";"288";"Acidente s";"212,7";"BR-116/SP";"Pista Sul";"Engavetamento";2;0;0;0;0;1;0;0;0;0;5;0;0;0;0
"19/11/2022";"10:34:00";"294";"Acidente c";"41";"BR-101/SP";"Pista Norte";"Engavetamento";3;0;0;0;0;0;0;0;0;0;11;0;1;0;0
"19/11/2022";"10:55:00";"309";"Acidente s";"448,9";"BR-101/RJ";"Pista Sul";"Engavetamento";3;0;0;0;0;0;0;0;0;0;10;0;0;0;0
"19/11/2022";"12:10:00";"350";"Acidente c";"491";"BR-101/RJ";"Pista Norte";"Abalroamento longitudinal";1;0;0;1;0;0;0;0;0;0;5;1;0;0;0
"19/11/2022";"12:20:00";"358";"Acidente s";"165,2";"BR-116/SP";"Pista Sul";"Abalroamento longitudinal";1;0;1;0;0;0;0;0;0;0;2;0;0;0;0
"19/11/2022";"12:29:00";"368";"Acidente c";"30";"BR-101/SP";"Pista Norte";"Abalroamento longitudinal";1;0;0;1;0;0;0;0;0;0;2;1;0;0;0
"19/11/2022";"13:23:00";"389";"Atropelame";"175";"BR-116/RJ";"Pista Norte";"Atropelamento de pedestre atravessando";1;0;0;0;0;0;0;0;0;0;1;0;1;0;0
"19/11/2022";"13:31:00";"395";"Acidente s";"176";"BR-116/RJ";"Pista Norte";"Engavetamento";1;0;0;0;0;2;0;0;0;0;3;0;0;0;0
"19/11/2022";"14:17:00";"413";"Acidente s";"214,5";"BR-116/SP";"Pista Sul";"Engavetamento";2;0;0;0;0;1;0;0;0;0;5;0;0;0;0
"19/11/2022";"15:46:00";"455";"Acidente c";"117";"BR-116/SP";"Pista Norte";"Queda de moto";0;0;0;1;0;0;0;0;0;0;0;1;1;0;0
"19/11/2022";"15:51:00";"461";"Acidente s";"147,7";"BR-116/SP";"Pista Sul";"Choque em objeto fixo";1;0;0;0;0;0;0;0;0;0;2;0;0;0;0
"19/11/2022";"15:55:00";"465";"Acidente c";"181";"BR-116/RJ";"Pista Norte";"Abalroamento longitudinal";1;0;0;1;0;0;0;0;0;0;1;2;0;0;0
"19/11/2022";"16:43:00";"488";"Acidente s";"145,75";"BR-116/SP";"Pista Sul";"Choque em defensa";1;0;0;0;0;0;0;0;0;0;1;0;0;0;0
"19/11/2022";"17:23:00";"511";"Acidente c";"49";"BR-101/SP";"Pista Sul";"Abalroamento longitudinal";1;1;0;0;0;0;0;0;0;0;1;0;1;0;0
"19/11/2022";"17:35:00";"518";"Acidente c";"221,4";"BR-116/SP";"Pista Sul";"Colisão traseira";2;0;0;0;0;0;0;0;0;0;2;0;1;0;0
"19/11/2022";"19:35:00";"569";"Acidente s";"509";"BR-101/RJ";"Pista Sul";"Colisão traseira";1;0;0;0;0;0;0;0;0;1;2;0;0;0;0
"19/11/2022";"21:41:00";"613";"Acidente s";"152";"BR-116/SP";"Pista Sul";"Abalroamento longitudinal";1;0;1;0;0;0;0;0;0;0;2;0;0;0;0
"19/11/2022";"21:59:00";"617";"Acidente s";"173,6";"BR-116/SP";"Pista Sul";"Choque em barreira New Jersey";1;0;0;0;0;0;0;0;0;0;2;0;0;0;0
"19/11/2022";"22:46:00";"627";"Acidente s";"410,8";"BR-101/RJ";"Pista Norte";"Atropelamento de animal";1;0;0;0;0;0;0;0;0;0;1;0;0;0;0
"19/11/2022";"23:40:00";"636";"Acidente c";"232,5";"BR-116/RJ";"Pista Norte";"Capotamento";1;0;0;0;0;0;0;0;0;0;0;1;0;0;0
"19/11/2022";"23:55:00";"641";"Acidente s";"130";"BR-116/SP";"Pista Norte";"Capotamento";1;0;0;0;0;1;0;0;0;0;2;0;0;0;0
"20/11/2022";"00:02:00";"11";"Acidente c";"474";"BR-101/RJ";"Pista Sul";"Capotamento";1;0;0;0;0;0;0;0;0;0;0;1;0;0;0
"20/11/2022";"02:44:00";"37";"Acidente s";"229";"BR-116/SP";"Pista Sul";"Choque em defensa";1;0;0;0;0;0;0;0;0;0;2;0;0;0;0
"20/11/2022";"03:29:00";"42";"Acidente s";"416";"BR-101/RJ";"Pista Sul";"Choque em objeto fixo";1;0;0;0;0;0;0;0;0;0;1;0;0;0;0
"20/11/2022";"03:42:00";"44";"Atropelame";"182,5";"BR-116/RJ";"Pista Sul";"Atropelamento de pedestre caminhando";1;0;0;0;0;0;0;0;0;0;1;0;0;0;1
"20/11/2022";"04:34:00";"52";"Acidente s";"299";"BR-116/RJ";"Pista Norte";"Abalroamento longitudinal";1;0;1;0;0;0;0;0;0;0;4;0;0;0;0
"20/11/2022";"06:39:00";"80";"Acidente c";"96,1";"BR-116/SP";"Pista Sul";"Choque em objeto fixo";1;0;0;0;0;0;0;0;0;0;0;1;0;0;0
"20/11/2022";"06:46:00";"85";"Acidente s";"266,1";"BR-116/RJ";"Pista Sul";"Choque em defensa";1;0;0;0;0;0;0;0;0;0;1;0;0;0;0
"20/11/2022";"08:09:00";"121";"Acidente s";"462";"BR-101/RJ";"Pista Sul";"Choque em objeto fixo";1;0;0;0;0;0;0;0;0;0;1;0;0;0;0
"20/11/2022";"08:46:00";"137";"Acidente s";"167";"BR-116/SP";"Pista Sul";"Choque em barreira New Jersey";1;0;0;0;0;0;0;0;0;0;1;0;0;0;0
"20/11/2022";"09:17:00";"153";"Acidente s";"521";"BR-101/RJ";"Pista Norte";"Abalroamento longitudinal";2;0;0;0;0;0;0;0;0;0;2;0;0;0;0
"20/11/2022";"11:43:00";"218";"Acidente s";"145,4";"BR-116/SP";"Pista Norte";"Capotamento";1;0;1;0;0;0;0;0;0;0;3;0;0;0;0
"20/11/2022";"12:02:00";"225";"Acidente c";"215,3";"BR-116/SP";"Pista Sul";"Colisão traseira";2;0;0;0;0;0;0;0;0;0;1;0;1;0;0
"20/11/2022";"12:31:00";"240";"Acidente c";"298";"BR-116/RJ";"Pista Norte";"Queda de moto";0;0;0;1;0;0;0;0;0;0;0;2;0;0;0
"20/11/2022";"14:51:00";"293";"Acidente s";"86,95";"BR-116/SP";"Pista Sul";"Colisão traseira";2;0;0;0;0;0;0;0;0;0;4;0;0;0;0
"20/11/2022";"16:06:00";"342";"Acidente c";"1";"BR-101/SP";"Pista Norte";"Queda de moto";0;0;0;1;0;0;0;0;0;0;0;1;0;0;0
"20/11/2022";"17:12:00";"383";"Acidente c";"419,9";"BR-101/RJ";"Pista Norte";"Engavetamento";2;0;0;1;0;0;0;0;0;0;2;2;0;0;0
"20/11/2022";"18:03:00";"418";"Acidente s";"218,9";"BR-116/SP";"Pista Norte";"Engavetamento";2;0;0;0;0;1;0;0;0;0;6;0;0;0;0
"20/11/2022";"18:47:00";"449";"Acidente c";"186,6";"BR-116/RJ";"Pista Norte";"Queda de moto";0;0;0;1;0;0;0;0;0;0;0;1;0;0;0
"20/11/2022";"19:18:00";"467";"Atropelame";"47";"BR-101/SP";"Pista Sul";"Atropelamento de pedestre atravessando";0;0;0;0;0;0;0;0;0;0;0;0;1;0;0
"20/11/2022";"20:48:00";"501";"Acidente c";"178,1";"BR-116/SP";"Pista Sul";"Queda de moto";0;0;0;1;0;0;0;0;0;0;0;2;0;0;0
"20/11/2022";"22:15:00";"533";"Acidente c";"50";"BR-101/SP";"Pista Sul";"Abalroamento longitudinal";1;0;0;1;0;0;0;0;0;0;1;1;0;0;0
"20/11/2022";"22:26:00";"537";"Acidente s";"304,75";"BR-116/RJ";"Pista Sul";"Colisão traseira";2;0;0;0;0;0;0;0;0;0;6;0;0;0;0
"21/11/2022";"00:08:00";"11";"Acidente s";"229";"BR-116/SP";"Pista Sul";"Colisão traseira";1;0;0;0;1;0;0;0;0;0;37;0;0;0;0
"21/11/2022";"00:55:00";"22";"Acidente s";"215";"BR-116/SP";"Pista Sul";"Choque em barreira New Jersey";1;0;0;0;0;0;0;0;0;0;1;0;0;0;0
"21/11/2022";"01:33:00";"30";"Atropelame";"216,9";"BR-116/SP";"Pista Sul";"Atropelamento de pedestre caminhando";0;0;0;1;0;0;0;0;0;0;0;0;0;1;1
"21/11/2022";"05:39:00";"70";"Acidente s";"100,3";"BR-116/SP";"Pista Norte";"Choque em objeto na pista";0;0;0;1;0;0;0;0;0;0;1;0;0;0;0
"21/11/2022";"07:29:00";"180";"Acidente s";"171,8";"BR-116/RJ";"Pista Norte";"Colisão traseira";0;0;0;1;0;1;0;0;0;0;2;0;0;0;0
"21/11/2022";"07:33:00";"188";"Acidente s";"242";"BR-116/RJ";"Pista Norte";"Colisão traseira";1;0;1;0;0;0;0;0;0;0;2;0;0;0;0
"21/11/2022";"07:44:00";"206";"Acidente c";"278";"BR-116/RJ";"Pista Sul";"Colisão traseira";0;0;1;1;0;0;0;0;0;0;1;0;1;0;0
"21/11/2022";"08:00:00";"231";"Acidente s";"242,4";"BR-116/RJ";"Pista Norte";"Colisão traseira";0;0;2;0;0;0;0;0;0;0;2;0;0;0;0
"21/11/2022";"08:29:00";"265";"Acidente s";"138,6";"BR-116/SP";"Pista Sul";"Colisão traseira";2;0;0;0;0;0;0;0;0;0;3;0;0;0;0
"21/11/2022";"08:40:00";"274";"Acidente s";"276";"BR-116/RJ";"Pista Sul";"Engavetamento";3;0;0;0;0;0;0;0;0;0;3;0;0;0;0
"21/11/2022";"09:29:00";"333";"Acidente c";"267";"BR-116/RJ";"Pista Sul";"Queda de moto";0;0;0;1;0;0;0;0;0;0;0;0;0;1;0
"21/11/2022";"09:46:00";"343";"Acidente s";"205,8";"BR-116/SP";"Pista Sul";"Colisão traseira";0;0;1;0;0;1;0;0;0;0;3;0;0;0;0
"21/11/2022";"09:52:00";"346";"Acidente s";"31,8";"BR-101/SP";"Pista Sul";"Colisão traseira";1;0;0;0;0;1;0;0;0;0;3;0;0;0;0