data;horario;n_da_ocorrencia;tipo_de_ocorrencia;km;trecho;sentido;tipo_de_acidente;automovel;bicicleta;caminhao;moto;onibus;outros;tracao_animal;transporte_de_cargas_especiais;trator_maquinas;utilitarios;ilesos;levemente_feridos;moderadamente_feridos;gravemente_feridos;mortos
"21/11/2022";"10:24:00";"377";"Atropelame";"190,9";"BR-116/RJ";"Pista Sul";"Atropelamento de pedestre atravessando";0;0;0;0;1;0;0;0;0;0;1;1;0;0;0
"21/11/2022";"10:41:00";"388";"Acidente s";"198";"BR-116/RJ";"Pista Sul";"Choque em defensa";1;0;0;0;0;0;0;0;0;0;1;0;0;0;0
"21/11/2022";"11:21:00";"408";"Acidente c";"187,7";"BR-116/RJ";"Pista Norte";"Abalroamento longitudinal";1;0;0;1;0;0;0;0;0;1;2;1;1;0;0
"21/11/2022";"11:36:00";"420";"Acidente s";"197,7";"BR-116/RJ";"Pista Sul";"Colisão traseira";2;0;0;0;0;0;0;0;0;0;2;0;0;0;0
"21/11/2022";"11:55:00";"427";"Acidente s";"159,6";"BR-116/SP";"Pista Sul";"Colisão traseira";1;0;0;0;0;1;0;0;0;0;2;0;0;0;0
"21/11/2022";"12:29:00";"446";"Acidente s";"219";"BR-116/SP";"Pista Norte";"Abalroamento longitudinal";1;0;0;0;0;1;0;0;0;0;2;0;0;0;0
"21/11/2022";"14:52:00";"555";"Acidente c";"52";"BR-116/SP";"Pista Sul";"Abalroamento longitudinal";1;0;0;1;0;0;0;0;0;0;1;0;1;0;0
"21/11/2022";"15:30:00";"583";"Acidente s";"174";"BR-116/RJ";"Pista Sul";"Choque em barreira New Jersey";1;0;0;0;0;0;0;0;0;0;1;0;0;0;0
"21/11/2022";"17:47:00";"663";"Acidente c";"221,4";"BR-116/SP";"Pista Sul";"Engavetamento";2;0;0;1;0;0;0;0;0;0;2;1;0;0;0
"21/11/2022";"17:49:00";"666";"Acidente c";"541";"BR-101/RJ";"Pista Sul";"Abalroamento longitudinal";1;0;0;0;0;0;0;0;0;1;0;2;0;0;1
"21/11/2022";"18:32:00";"693";"Acidente c";"175,4";"BR-116/RJ";"Pista Sul";"Colisão traseira";1;0;0;1;0;0;0;0;0;0;1;1;1;0;0
"21/11/2022";"18:47:00";"702";"Acidente c";"230,8";"BR-116/SP";"Pista Sul";"Colisão traseira";1;0;0;1;0;0;0;0;0;0;3;1;0;0;0
"21/11/2022";"20:54:00";"752";"Acidente c";"402";"BR-101/RJ";"Pista Norte";"Colisão traseira";1;0;1;0;0;0;0;0;0;0;1;0;1;0;0
"21/11/2022";"22:02:00";"780";"Acidente c";"204,2";"BR-116/SP";"Pista Sul";"Choque em objeto na pista";0;0;1;1;0;0;0;0;0;0;3;1;0;0;0
"21/11/2022";"23:20:00";"801";"Atropelame";"405,5";"BR-101/RJ";"Pista Sul";"Atropelamento de pedestre atravessando";0;1;0;0;0;1;0;0;0;0;1;0;1;0;0
"22/11/2022";"00:42:00";"13";"Acidente c";"284,65";"BR-116/RJ";"Pista Sul";"Tombamento";0;0;1;0;0;0;0;0;0;0;0;1;0;0;0
"22/11/2022";"01:12:00";"20";"Acidente s";"188,4";"BR-116/SP";"Pista Norte";"Choque em objeto fixo";0;0;1;0;0;0;0;0;0;0;1;0;0;0;0
"22/11/2022";"03:54:00";"40";"Acidente c";"31,1";"BR-116/SP";"Pista Sul";"Colisão traseira";0;0;2;0;0;0;0;0;0;0;1;1;0;0;0
"22/11/2022";"06:25:00";"92";"Acidente c";"465,5";"BR-101/RJ";"Pista Norte";"Queda de moto";0;0;0;1;0;0;0;0;0;0;0;1;0;0;0
"22/11/2022";"07:43:00";"235";"Acidente s";"418";"BR-101/RJ";"Pista Sul";"Colisão traseira";2;0;0;0;0;0;0;0;0;0;2;0;0;0;0
"22/11/2022";"07:46:00";"242";"Acidente s";"116,5";"BR-116/SP";"Pista Sul";"Engavetamento";1;0;1;0;0;0;0;0;0;1;9;0;0;0;0
"22/11/2022";"08:03:00";"268";"Acidente c";"161,3";"BR-116/SP";"Pista Norte";"Colisão traseira";1;0;0;1;0;0;0;0;0;0;2;1;0;0;0
"22/11/2022";"08:12:00";"281";"Acidente s";"50";"BR-116/SP";"Pista Sul";"Abalroamento longitudinal";1;0;1;0;0;0;0;0;0;0;2;0;0;0;0
"22/11/2022";"09:22:00";"350";"Acidente c";"146,7";"BR-116/SP";"Pista Norte";"Colisão traseira";1;0;1;0;0;0;0;0;0;0;1;1;0;0;0
"22/11/2022";"09:42:00";"372";"Acidente c";"146";"BR-116/SP";"Pista Sul";"Abalroamento longitudinal";1;0;1;0;0;0;0;0;0;0;1;1;0;0;0
"22/11/2022";"10:27:00";"412";"Acidente s";"264,6";"BR-116/RJ";"Pista Norte";"Colisão traseira";1;0;1;0;0;0;0;0;0;0;2;0;0;0;0
"22/11/2022";"11:14:00";"454";"Acidente s";"562";"BR-101/RJ";"Pista Sul";"Colisão traseira";1;0;0;0;0;0;0;0;0;1;2;0;0;0;0
"22/11/2022";"11:19:00";"457";"Acidente s";"95,8";"BR-116/SP";"Pista Sul";"Engavetamento";1;0;2;0;0;1;0;0;0;0;6;0;0;0;0
"22/11/2022";"11:24:00";"461";"Acidente c";"153";"BR-116/SP";"Pista Sul";"Choque em defensa";1;0;0;0;0;0;0;0;0;0;2;1;0;0;0
"22/11/2022";"11:41:00";"465";"Acidente c";"215,3";"BR-116/SP";"Pista Norte";"Choque em veículo parado na pista";0;0;1;1;0;0;0;0;0;0;1;1;0;0;0
"22/11/2022";"11:42:00";"466";"Atropelame";"277";"BR-116/RJ";"Pista Norte";"Atropelamento de pedestre atravessando";0;0;0;0;0;1;0;0;0;0;1;1;0;0;0
"22/11/2022";"12:52:00";"513";"Acidente s";"171";"BR-116/RJ";"Pista Norte";"Abalroamento longitudinal";1;0;1;0;0;0;0;0;0;0;2;0;0;0;0
"22/11/2022";"13:19:00";"534";"Acidente s";"182,3";"BR-116/SP";"Pista Norte";"Colisão traseira";0;0;1;0;0;1;0;0;0;0;4;0;0;0;0
"22/11/2022";"14:42:00";"592";"Acidente c";"208,3";"BR-116/RJ";"Pista Sul";"Queda de moto";0;0;0;1;0;0;0;0;0;0;0;2;0;0;0
"22/11/2022";"15:01:00";"604";"Acidente s";"288,6";"BR-116/RJ";"Pista Norte";"Abalroamento longitudinal";1;0;1;0;0;0;0;0;0;0;2;0;0;0;0
"22/11/2022";"15:32:00";"628";"Acidente s";"284";"BR-116/RJ";"Pista Norte";"Não Def";1;0;0;0;0;0;0;0;0;0;1;0;0;0;0
"22/11/2022";"17:56:00";"729";"Acidente c";"183,7";"BR-116/RJ";"Pista Sul";"Abalroamento longitudinal";0;0;1;1;0;0;0;0;0;0;1;0;1;0;0
"22/11/2022";"22:34:00";"882";"Acidente s";"201,4";"BR-116/SP";"Pista Sul";"Choque em objeto fixo";1;0;0;0;0;0;0;0;0;0;1;0;0;0;0
"23/11/2022";"05:56:00";"90";"Acidente c";"192,5";"BR-116/RJ";"Pista Sul";"Choque em objeto fixo";1;0;0;0;0;0;0;0;0;0;0;2;0;0;0
"23/11/2022";"06:41:00";"138";"Acidente s";"186,9";"BR-116/RJ";"Pista Norte";"Abalroamento longitudinal";2;0;0;0;0;0;0;0;0;0;2;0;0;0;0
"23/11/2022";"07:13:00";"190";"Acidente c";"382";"BR-101/RJ";"Pista Sul";"Colisão traseira";1;0;1;0;0;0;0;0;0;0;2;2;0;0;0
"23/11/2022";"07:24:00";"203";"Acidente s";"223,5";"BR-116/SP";"Pista Sul";"Colisão traseira";1;0;0;0;0;1;0;0;0;0;3;0;0;0;0
"23/11/2022";"08:27:00";"325";"Acidente c";"217,9";"BR-116/SP";"Pista Sul";"Abalroamento longitudinal";1;0;0;1;0;0;0;0;0;0;2;0;1;0;0
"23/11/2022";"08:28:00";"326";"Acidente s";"186";"BR-116/RJ";"Pista Sul";"Colisão traseira";1;0;0;0;0;1;0;0;0;0;2;0;0;0;0
"23/11/2022";"09:25:00";"410";"Acidente c";"179,7";"BR-116/RJ";"Pista Sul";"Colisão traseira";0;0;0;1;0;0;0;0;0;1;3;1;0;0;0
"23/11/2022";"12:24:00";"543";"Acidente s";"229,8";"BR-116/SP";"Pista Norte";"Choque em objeto fixo";1;0;0;0;0;0;0;0;0;0;1;0;0;0;0
"23/11/2022";"13:14:00";"572";"Acidente c";"198";"BR-116/SP";"Pista Norte";"Choque em defensa";1;0;0;0;0;0;0;0;0;0;0;2;0;0;0
"23/11/2022";"14:08:00";"605";"Acidente c";"185,9";"BR-116/RJ";"Pista Norte";"Colisão traseira";1;0;0;0;0;0;0;0;0;1;3;2;0;0;0
"23/11/2022";"16:24:00";"704";"Acidente c";"210,1";"BR-116/SP";"Pista Sul";"Engavetamento";4;0;0;1;0;1;0;0;0;0;3;4;0;0;0
"23/11/2022";"17:31:00";"740";"Acidente c";"145,7";"BR-116/SP";"Pista Norte";"Abalroamento longitudinal";1;0;0;0;0;1;0;0;0;0;1;1;0;0;0
"23/11/2022";"17:45:00";"753";"Acidente c";"227";"BR-116/SP";"Pista Norte";"Colisão traseira";1;0;0;1;0;0;0;0;0;0;2;1;0;0;0
"23/11/2022";"17:45:00";"754";"Acidente s";"210,1";"BR-116/SP";"Pista Sul";"Colisão traseira";0;0;0;0;0;0;0;0;0;2;3;0;0;0;0
"23/11/2022";"18:18:00";"772";"Acidente s";"212,7";"BR-116/SP";"Pista Sul";"Choque em objeto fixo";1;0;0;0;0;0;0;0;0;0;2;0;0;0;0
"23/11/2022";"18:44:00";"793";"Acidente s";"424,5";"BR-101/RJ";"Pista Sul";"Choque em barreira New Jersey";1;0;0;0;0;0;0;0;0;0;1;0;0;0;0
"23/11/2022";"18:57:00";"800";"Acidente c";"153,1";"BR-116/SP";"Pista Norte";"Engavetamento";2;0;0;1;0;0;0;0;0;0;4;1;0;0;0
"23/11/2022";"20:10:00";"830";"Acidente s";"289";"BR-116/RJ";"Pista Sul";"Choque em objeto na pista";1;0;0;0;0;0;0;0;0;0;1;0;0;0;0
"23/11/2022";"20:30:00";"838";"Acidente s";"217,1";"BR-116/SP";"Pista Norte";"Abalroamento longitudinal";1;0;0;0;0;1;0;0;0;0;1;0;0;0;0
"23/11/2022";"21:25:00";"867";"Acidente s";"208,1";"BR-116/SP";"Pista Norte";"Choque em barreira New Jersey";1;0;0;0;0;0;0;0;0;0;1;0;0;0;0
"23/11/2022";"23:09:00";"891";"Acidente s";"16,6";"BR-116/SP";"Pista Sul";"Choque em objeto fixo";0;0;1;0;0;0;0;0;0;0;1;0;0;0;0
"23/11/2022";"23:10:00";"892";"Acidente c";"115,4";"BR-116/SP";"Pista Sul";"Choque em objeto fixo";1;0;0;0;0;0;0;0;0;0;0;1;0;0;0
"23/11/2022";"23:31:00";"907";"Acidente c";"223,2";"BR-116/SP";"Pista Norte";"Colisão traseira";1;0;0;1;0;0;0;0;0;0;0;0;2;0;0
"24/11/2022";"06:08:00";"95";"Acidente s";"205";"BR-116/SP";"Pista Norte";"Colisão traseira";0;0;1;0;0;0;0;0;0;1;2;0;0;0;0
"24/11/2022";"06:10:00";"96";"Acidente s";"421,5";"BR-101/RJ";"Pista Sul";"Choque em defensa";1;0;0;0;0;0;0;0;0;0;1;0;0;0;0
"24/11/2022";"07:37:00";"219";"Acidente s";"145,1";"BR-116/SP";"Pista Sul";"Abalroamento longitudinal";1;0;1;0;0;0;0;0;0;0;2;0;0;0;0
"24/11/2022";"08:08:00";"269";"Acidente c";"189,8";"BR-116/RJ";"Pista Norte";"Colisão traseira";0;0;1;1;0;0;0;0;0;0;1;1;0;0;0
"24/11/2022";"08:10:00";"270";"Acidente s";"169";"BR-116/RJ";"Pista Sul";"Choque em barreira New Jersey";1;0;0;0;0;0;0;0;0;0;1;0;0;0;0
"24/11/2022";"08:57:00";"343";"Acidente c";"275,6";"BR-116/RJ";"Pista Sul";"Engavetamento";3;0;0;0;0;0;0;0;0;0;1;4;1;0;0
"24/11/2022";"12:57:00";"536";"Acidente s";"120,5";"BR-116/SP";"Pista Norte";"Engavetamento";1;0;2;0;0;0;0;0;0;0;4;0;0;0;0
"24/11/2022";"13:37:00";"566";"Acidente c";"227,9";"BR-116/SP";"Pista Sul";"Colisão traseira";1;0;1;0;0;0;0;0;0;0;2;1;0;0;0
"24/11/2022";"14:53:00";"612";"Acidente c";"213";"BR-116/SP";"Pista Norte";"Queda de moto";0;0;0;1;0;1;0;0;0;0;1;1;0;0;0
"24/11/2022";"15:05:00";"623";"Acidente c";"468";"BR-101/RJ";"Pista Sul";"Queda de moto";0;0;0;1;0;0;0;0;0;0;0;1;0;0;0
"24/11/2022";"15:31:00";"636";"Acidente c";"218,7";"BR-116/SP";"Pista Norte";"Queda de moto";0;0;0;1;0;0;0;0;0;0;0;0;1;0;0
"24/11/2022";"16:27:00";"669";"Acidente s";"187,85";"BR-116/SP";"Pista Sul";"Choque em barreira New Jersey";1;0;0;0;0;0;0;0;0;0;1;0;0;0;0
"24/11/2022";"16:33:00";"670";"Acidente c";"316";"BR-116/RJ";"Pista Norte";"Queda de moto";0;0;0;1;0;0;0;0;0;0;0;1;1;0;0
"24/11/2022";"16:38:00";"674";"Acidente s";"33";"BR-116/SP";"Pista Sul";"Choque em barreira New Jersey";0;0;1;0;0;0;0;0;0;0;1;0;0;0;0
"24/11/2022";"17:54:00";"705";"Acidente c";"265,5";"BR-116/RJ";"Pista Norte";"Queda de ribanceira";1;0;0;0;0;0;0;0;0;0;0;0;1;0;0
"24/11/2022";"19:08:00";"730";"Acidente s";"320,8";"BR-116/RJ";"Pista Sul";"Choque em objeto na pista";0;0;1;0;0;0;0;0;0;0;1;0;0;0;0
"24/11/2022";"19:14:00";"733";"Acidente s";"113";"BR-116/SP";"Pista Norte";"Choque em objeto na pista";0;0;1;0;0;0;0;0;0;0;1;0;0;0;0
"24/11/2022";"19:24:00";"737";"Acidente s";"256,4";"BR-116/RJ";"Pista Norte";"Choque em objeto na pista";1;0;0;0;0;0;0;0;0;0;1;0;0;0;0
"24/11/2022";"19:32:00";"743";"Acidente c";"149";"BR-116/SP";"Pista Norte";"Queda de moto";0;0;0;1;0;0;0;0;0;0;0;1;0;0;0
"24/11/2022";"19:40:00";"744";"Acidente s";"228,5";"BR-116/SP";"Pista Sul";"Choque em objeto na pista";1;0;0;0;0;0;0;0;0;0;1;0;0;0;0
"24/11/2022";"19:44:00";"746";"Acidente s";"257,3";"BR-116/RJ";"Pista Norte";"Choque em objeto fixo";1;0;0;0;0;0;0;0;0;0;1;0;0;0;0
"24/11/2022";"20:58:00";"770";"Acidente c";"145,2";"BR-116/SP";"Pista Norte";"Colisão traseira";2;0;0;0;0;0;0;0;0;0;0;3;0;0;0
"24/11/2022";"22:44:00";"806";"Acidente c";"46,4";"BR-116/SP";"Pista Sul";"Queda de moto";0;0;0;1;0;0;0;0;0;0;1;1;0;0;0
"24/11/2022";"23:31:00";"815";"Atropelame";"49";"BR-101/SP";"Pista Sul";"Atropelamento de pedestre atravessando";1;1;0;0;0;0;0;0;0;0;0;2;0;0;0
"25/11/2022";"00:50:00";"16";"Acidente s";"498";"BR-101/RJ";"Pista Sul";"Atropelamento de animal";1;0;0;0;0;0;0;0;0;0;4;0;0;0;0
"25/11/2022";"01:14:00";"24";"Acidente s";"227";"BR-116/SP";"Pista Sul";"Choque em defensa";1;0;0;0;0;0;0;0;0;0;1;0;0;0;0
"25/11/2022";"03:49:00";"50";"Acidente c";"171,8";"BR-116/RJ";"Pista Norte";"Tombamento";0;0;1;0;0;0;0;0;0;0;0;1;0;0;0
"25/11/2022";"04:46:00";"65";"Acidente c";"210";"BR-116/RJ";"Pista Sul";"Colisão traseira";0;0;2;0;0;0;0;0;0;0;1;0;1;0;0
"25/11/2022";"06:13:00";"91";"Acidente c";"173";"BR-116/RJ";"Pista Norte";"Abalroamento longitudinal";1;0;0;1;0;0;0;0;0;0;1;2;0;0;0
"25/11/2022";"06:20:00";"96";"Acidente s";"165,4";"BR-116/SP";"Pista Sul";"Choque em objeto na pista";1;0;0;0;0;0;0;0;0;0;1;0;0;0;0
"25/11/2022";"07:06:00";"169";"Acidente s";"158,4";"BR-116/SP";"Pista Norte";"Choque em objeto fixo";1;0;0;0;0;0;0;0;0;0;2;0;0;0;0
"25/11/2022";"07:24:00";"197";"Acidente c";"228";"BR-116/SP";"Pista Sul";"Choque em barreira New Jersey";1;0;0;0;0;0;0;0;0;0;1;0;1;0;0
"25/11/2022";"08:25:00";"282";"Acidente s";"138";"BR-116/SP";"Pista Norte";"Abalroamento longitudinal";2;0;1;0;0;0;0;0;0;0;3;0;0;0;0
"25/11/2022";"09:39:00";"368";"Acidente c";"176";"BR-116/RJ";"Pista Sul";"Abalroamento longitudinal";1;0;0;0;1;0;0;0;0;0;8;1;0;0;0
"25/11/2022";"09:50:00";"379";"Acidente c";"479,3";"BR-101/RJ";"Pista Norte";"Colisão traseira";1;0;1;0;0;0;0;0;0;0;3;1;0;0;0
"25/11/2022";"10:39:00";"412";"Acidente s";"101,6";"BR-116/SP";"Pista Sul";"Choque em barreira New Jersey";1;0;0;0;0;0;0;0;0;0;1;0;0;0;0
"25/11/2022";"11:20:00";"432";"Acidente c";"172";"BR-116/RJ";"Pista Sul";"Colisão traseira";0;0;0;0;2;0;0;0;0;0;14;2;0;0;0
"25/11/2022";"11:37:00";"446";"Acidente s";"38,9";"BR-116/SP";"Pista Norte";"Choque em objeto na pista";1;0;0;0;0;0;0;0;0;0;2;0;0;0;0
"25/11/2022";"13:16:00";"501";"Acidente c";"149,6";"BR-116/SP";"Pista Sul";"Capotamento";2;0;0;0;0;0;0;0;0;0;3;2;0;0;0
"25/11/2022";"13:18:00";"504";"Acidente s";"183,7";"BR-116/RJ";"Pista Norte";"Colisão traseira";1;0;0;0;0;1;0;0;0;0;2;0;0;0;0
"25/11/2022";"13:37:00";"514";"Acidente c";"545";"BR-101/RJ";"Pista Sul";"Abalroamento longitudinal";1;0;0;0;1;0;0;0;0;0;2;1;0;0;0
"25/11/2022";"13:42:00";"516";"Acidente s";"233";"BR-116/RJ";"Pista Norte";"Choque em barreira New Jersey";0;0;1;0;0;0;0;0;0;0;1;0;0;0;0
"25/11/2022";"13:44:00";"519";"Acidente s";"23";"BR-116/SP";"Pista Sul";"Choque em barreira New Jersey";1;0;0;0;0;0;0;0;0;0;1;0;0;0;0
"25/11/2022";"13:55:00";"526";"Acidente s";"23";"BR-116/SP";"Pista Norte";"Choque em objeto fixo";1;0;0;0;0;0;0;0;0;0;5;0;0;0;0
"25/11/2022";"14:46:00";"559";"Acidente s";"37,2";"BR-116/SP";"Pista Norte";"Abalroamento longitudinal";1;0;1;0;0;1;0;0;0;0;3;0;0;0;0
"25/11/2022";"16:32:00";"617";"Acidente s";"49";"BR-101/SP";"Pista Sul";"Engavetamento";5;0;0;0;0;0;0;0;0;0;5;0;0;0;0
"25/11/2022";"17:20:00";"637";"Acidente s";"149";"BR-116/SP";"Pista Norte";"Abalroamento longitudinal";1;0;1;0;0;0;0;0;0;0;2;0;0;0;0
"25/11/2022";"17:33:00";"643";"Acidente c";"55,9";"BR-116/SP";"Pista Norte";"Engavetamento";2;0;0;2;0;1;0;0;0;0;4;2;0;0;0
"25/11/2022";"18:13:00";"663";"Acidente s";"172";"BR-116/RJ";"Pista Norte";"Colisão traseira";2;0;0;0;0;0;0;0;0;0;4;0;0;0;0
"25/11/2022";"19:24:00";"709";"Acidente s";"205,45";"BR-116/SP";"Pista Sul";"Abalroamento longitudinal";1;0;1;0;0;0;0;0;0;0;2;0;0;0;0
"25/11/2022";"20:20:00";"744";"Acidente c";"231";"BR-116/SP";"Pista Norte";"Colisão traseira";1;0;0;1;0;0;0;0;0;0;1;1;0;0;0
"25/11/2022";"20:34:00";"754";"Acidente s";"186,9";"BR-116/RJ";"Pista Norte";"Capotamento";1;0;0;0;0;0;0;0;0;0;3;0;0;0;0
"25/11/2022";"21:54:00";"786";"Acidente c";"177";"BR-116/RJ";"Pista Norte";"Colisão traseira";0;0;0;1;0;1;0;0;0;0;1;1;0;0;0
"25/11/2022";"22:03:00";"792";"Acidente c";"211";"BR-116/SP";"Pista Norte";"Colisão traseira";1;0;0;1;0;0;0;0;0;0;3;1;0;0;0
"25/11/2022";"23:45:00";"825";"Acidente c";"158";"BR-116/SP";"Pista Norte";"Colisão traseira";1;0;1;0;0;0;0;0;0;0;1;1;0;0;0
"26/11/2022";"00:09:00";"14";"Acidente s";"123,6";"BR-116/SP";"Pista Sul";"Colisão traseira";0;0;2;0;0;0;0;0;0;0;2;0;0;0;0
"26/11/2022";"01:30:00";"35";"Acidente s";"265";"BR-116/RJ";"Pista Norte";"Abalroamento longitudinal";1;0;0;0;0;1;0;0;0;0;2;0;0;0;0
"26/11/2022";"01:42:00";"36";"Acidente s";"22";"BR-116/SP";"Pista Norte";"Colisão traseira";1;0;1;0;0;0;0;0;0;0;6;0;0;0;0
"26/11/2022";"05:29:00";"71";"Acidente s";"37,4";"BR-101/SP";"Pista Sul";"Queda de ribanceira";1;0;0;0;0;0;0;0;0;0;1;0;0;0;0
"26/11/2022";"07:31:00";"187";"Acidente s";"81";"BR-116/SP";"Pista Norte";"Atropelamento de animal";1;0;0;0;0;0;0;0;0;0;1;0;0;0;0
"26/11/2022";"10:21:00";"332";"Acidente c";"513";"BR-101/RJ";"Pista Norte";"Abalroamento longitudinal";1;0;0;1;0;0;0;0;0;0;1;1;0;0;0
"26/11/2022";"10:40:00";"343";"Acidente s";"109,4";"BR-116/SP";"Pista Norte";"Engavetamento";2;0;0;0;0;1;0;0;0;0;7;0;0;0;0
"26/11/2022";"11:24:00";"368";"Acidente s";"230,5";"BR-116/SP";"Pista Sul";"Colisão traseira";1;0;0;1;0;0;0;0;0;0;3;0;0;0;0
"26/11/2022";"11:27:00";"370";"Acidente c";"218,3";"BR-116/SP";"Pista Norte";"Queda de moto";0;0;0;1;0;0;0;0;0;0;0;1;0;0;0
"26/11/2022";"15:24:00";"500";"Acidente s";"17,4";"BR-116/SP";"Pista Sul";"Tombamento";0;0;1;0;0;0;0;0;0;0;1;0;0;0;0
"26/11/2022";"15:36:00";"504";"Acidente s";"320,6";"BR-116/RJ";"Pista Norte";"Abalroamento longitudinal";1;0;1;0;0;0;0;0;0;0;2;0;0;0;0
"26/11/2022";"16:10:00";"526";"Acidente s";"27";"BR-116/SP";"Pista Sul";"Choque em objeto fixo";1;0;0;0;0;0;0;0;0;0;1;0;0;0;0
"26/11/2022";"16:25:00";"534";"Acidente c";"215";"BR-116/SP";"Pista Norte";"Choque em veículo parado na pista";0;0;0;0;0;0;0;0;0;2;1;6;1;1;2
"26/11/2022";"16:48:00";"550";"Acidente s";"542";"BR-101/RJ";"Pista Sul";"Choque em objeto fixo";1;0;0;0;0;0;0;0;0;0;2;0;0;0;0
"26/11/2022";"16:57:00";"551";"Acidente s";"203,1";"BR-116/RJ";"Pista Norte";"Outros";1;0;0;0;0;0;0;0;0;0;1;0;0;0;0
"26/11/2022";"18:11:00";"579";"Acidente s";"320";"BR-116/RJ";"Pista Norte";"Abalroamento longitudinal";2;0;0;0;0;0;0;0;0;0;2;0;0;0;0
"26/11/2022";"18:52:00";"599";"Acidente c";"45,9";"BR-101/SP";"Pista Sul";"Abalroamento longitudinal";1;0;0;1;0;0;0;0;0;0;1;1;0;0;0
"26/11/2022";"18:58:00";"601";"Acidente s";"216,5";"BR-116/SP";"Pista Norte";"Colisão traseira";2;0;0;0;0;0;0;0;0;0;2;0;0;0;0
"26/11/2022";"19:37:00";"616";"Acidente s";"152,9";"BR-116/SP";"Pista Norte";"Engavetamento";3;0;0;0;0;0;0;0;0;0;3;0;0;0;0
"26/11/2022";"19:38:00";"618";"Acidente s";"277";"BR-116/RJ";"Pista Sul";"Colisão traseira";2;0;0;0;0;0;0;0;0;0;5;0;0;0;0
"26/11/2022";"20:25:00";"645";"Acidente c";"145,9";"BR-116/SP";"Pista Norte";"Colisão traseira";1;0;0;1;0;0;0;0;0;0;2;0;1;0;0
"26/11/2022";"21:10:00";"655";"Acidente c";"539";"BR-101/RJ";"Pista Norte";"Capotamento";1;0;0;0;0;0;0;0;0;0;0;1;0;0;0
"26/11/2022";"21:46:00";"666";"Acidente c";"201";"BR-116/SP";"Pista Norte";"Colisão traseira";1;0;1;0;0;0;0;0;0;0;4;1;0;0;0
"26/11/2022";"23:53:00";"694";"Acidente s";"388";"BR-101/RJ";"Pista Norte";"Choque em objeto fixo";1;0;0;0;0;0;0;0;0;0;1;0;0;0;0
"27/11/2022";"01:45:00";"30";"Acidente s";"216,5";"BR-116/SP";"Pista Norte";"Atropelamento de animal";1;0;0;0;0;0;0;0;0;0;4;0;0;0;0
"27/11/2022";"01:56:00";"34";"Acidente c";"176,2";"BR-116/RJ";"Pista Norte";"Choque em barreira New Jersey";1;0;0;0;0;0;0;0;0;0;0;1;0;0;0
"27/11/2022";"02:50:00";"41";"Acidente s";"181,65";"BR-116/SP";"Pista Sul";"Atropelamento de animal";1;0;0;0;0;0;0;0;0;0;3;0;0;0;0
"27/11/2022";"05:05:00";"55";"Acidente s";"312";"BR-116/RJ";"Pista Norte";"Choque em barreira New Jersey";1;0;0;0;0;0;0;0;0;0;1;0;0;0;0
"27/11/2022";"05:06:00";"56";"Acidente c";"67,7";"BR-116/SP";"Pista Sul";"Choque em barreira New Jersey";0;0;0;1;0;0;0;0;0;0;0;0;0;0;1
"27/11/2022";"05:15:00";"59";"Acidente s";"43,4";"BR-101/SP";"Pista Norte";"Choque em objeto fixo";1;0;0;0;0;0;0;0;0;0;1;0;0;0;0
"27/11/2022";"05:43:00";"66";"Acidente c";"508";"BR-101/RJ";"Pista Norte";"Choque em objeto fixo";1;0;0;0;0;0;0;0;0;0;2;1;0;0;0
"27/11/2022";"08:37:00";"142";"Acidente c";"114,8";"BR-116/SP";"Pista Norte";"Abalroamento longitudinal";2;0;0;1;0;0;0;0;0;0;9;1;0;0;0
"27/11/2022";"09:10:00";"164";"Acidente c";"115,6";"BR-116/SP";"Pista Norte";"Abalroamento longitudinal";2;0;0;0;0;0;0;0;0;0;4;2;0;0;0
"27/11/2022";"11:46:00";"259";"Acidente s";"182,3";"BR-116/SP";"Pista Norte";"Queda de moto";0;0;0;1;0;0;0;0;0;0;1;0;0;0;0
"27/11/2022";"13:20:00";"300";"Acidente s";"213,8";"BR-116/SP";"Pista Norte";"Abalroamento longitudinal";2;0;0;0;0;0;0;0;0;0;2;0;0;0;0
"27/11/2022";"13:25:00";"302";"Acidente s";"86,95";"BR-116/SP";"Pista Sul";"Colisão traseira";1;0;1;0;0;0;0;0;0;0;2;0;0;0;0
"27/11/2022";"13:45:00";"311";"Acidente s";"186";"BR-116/RJ";"Pista Norte";"Colisão traseira";2;0;0;0;0;0;0;0;0;0;2;0;0;0;0
"27/11/2022";"14:59:00";"346";"Acidente s";"239,7";"BR-116/RJ";"Pista Sul";"Choque em objeto fixo";1;0;0;0;0;0;0;0;0;0;1;0;0;0;0
"27/11/2022";"15:34:00";"369";"Acidente s";"229,5";"BR-116/RJ";"Pista Norte";"Abalroamento longitudinal";1;0;1;0;0;0;0;0;0;0;3;0;0;0;0
"27/11/2022";"19:42:00";"483";"Acidente s";"310";"BR-116/RJ";"Pista Sul";"Engavetamento";3;0;1;0;0;1;0;0;0;0;5;0;0;0;0
"27/11/2022";"19:45:00";"485";"Acidente s";"189,1";"BR-116/RJ";"Pista Norte";"Colisão traseira";1;0;0;0;0;1;0;0;0;0;2;0;0;0;0
"27/11/2022";"20:07:00";"491";"Acidente c";"228";"BR-116/SP";"Pista Sul";"Colisão traseira";2;0;0;0;0;0;0;0;0;0;0;1;1;0;0
"27/11/2022";"20:23:00";"498";"Acidente s";"182,8";"BR-116/SP";"Pista Sul";"Atropelamento de animal";1;0;0;0;0;0;0;0;0;0;4;0;0;0;0
"28/11/2022";"03:55:00";"62";"Acidente c";"186,3";"BR-116/RJ";"Pista Norte";"Choque Talude";1;0;0;0;0;0;0;0;0;0;0;1;0;0;0