data;horario;n_da_ocorrencia;tipo_de_ocorrencia;km;trecho;sentido;tipo_de_acidente;automovel;bicicleta;caminhao;moto;onibus;outros;tracao_animal;transporte_de_cargas_especiais;trator_maquinas;utilitarios;ilesos;levemente_feridos;moderadamente_feridos;gravemente_feridos;mortos
"28/11/2022";"05:48:00";"97";"Acidente c";"194,5";"BR-116/SP";"Pista Norte";"Colisão traseira";0;0;2;0;0;0;0;0;0;0;1;1;0;0;0
"28/11/2022";"05:59:00";"104";"Acidente s";"175";"BR-116/RJ";"Pista Norte";"Colisão traseira";2;0;0;0;0;0;0;0;0;0;2;0;0;0;0
"28/11/2022";"06:02:00";"106";"Acidente c";"193,9";"BR-116/SP";"Pista Sul";"Tombamento";0;0;1;0;0;0;0;0;0;0;0;1;0;0;0
"28/11/2022";"06:30:00";"122";"Acidente s";"139,1";"BR-116/SP";"Pista Sul";"Colisão traseira";1;0;1;0;0;0;0;0;0;0;3;0;0;0;0
"28/11/2022";"07:03:00";"169";"Acidente s";"210";"BR-116/SP";"Pista Sul";"Engavetamento";2;0;2;0;0;0;0;0;0;0;4;0;0;0;0
"28/11/2022";"07:10:00";"181";"Acidente s";"57";"BR-116/SP";"Pista Norte";"Abalroamento longitudinal";1;0;1;0;0;0;0;0;0;0;5;0;0;0;0
"28/11/2022";"08:17:00";"259";"Acidente s";"209,6";"BR-116/SP";"Pista Sul";"Engavetamento";4;0;0;0;0;0;0;0;0;0;4;0;0;0;0
"28/11/2022";"09:07:00";"314";"Acidente c";"171";"BR-116/RJ";"Pista Norte";"Choque em barreira New Jersey";0;0;1;0;0;0;0;0;0;0;0;3;0;0;0
"28/11/2022";"10:20:00";"384";"Acidente s";"171";"BR-116/RJ";"Pista Norte";"Choque em barreira New Jersey";1;0;0;0;0;0;0;0;0;0;1;0;0;0;0
"28/11/2022";"11:23:00";"427";"Acidente s";"50,1";"BR-101/SP";"Pista Norte";"Colisão traseira";1;0;0;0;0;1;0;0;0;0;2;0;0;0;0
"28/11/2022";"11:44:00";"445";"Acidente s";"227,8";"BR-116/RJ";"Pista Norte";"Choque em objeto fixo";1;0;0;0;0;0;0;0;0;0;4;0;0;0;0
"28/11/2022";"12:11:00";"466";"Acidente c";"165";"BR-116/SP";"Pista Sul";"Choque em objeto fixo";1;0;0;0;0;0;0;0;0;0;0;1;0;0;0
"28/11/2022";"12:27:00";"473";"Acidente c";"222,95";"BR-116/SP";"Pista Sul";"Engavetamento";2;0;1;0;1;0;0;0;0;0;31;2;0;0;0
"28/11/2022";"12:46:00";"478";"Acidente c";"186";"BR-116/RJ";"Pista Norte";"Abalroamento longitudinal";1;0;0;1;0;0;0;0;0;0;2;0;1;0;0
"28/11/2022";"12:55:00";"484";"Acidente c";"59,6";"BR-116/SP";"Pista Norte";"Engavetamento";3;0;0;1;0;0;0;0;0;0;4;1;0;0;0
"28/11/2022";"15:19:00";"561";"Acidente c";"147,4";"BR-116/SP";"Pista Sul";"Capotamento";1;0;0;0;0;0;0;0;0;0;0;1;0;0;0
"28/11/2022";"15:54:00";"577";"Acidente s";"165,2";"BR-116/SP";"Pista Norte";"Choque em objeto fixo";0;0;1;0;0;0;0;0;0;0;1;0;0;0;0
"28/11/2022";"16:10:00";"588";"Atropelame";"185,5";"BR-116/RJ";"Pista Sul";"Atropelamento de pedestre atravessando";0;1;0;0;0;1;0;0;0;0;1;1;0;0;0
"28/11/2022";"16:27:00";"594";"Acidente s";"211";"BR-116/SP";"Pista Sul";"Abalroamento longitudinal";1;0;0;1;0;1;0;0;0;0;4;0;0;0;0
"28/11/2022";"16:34:00";"598";"Acidente s";"155";"BR-116/SP";"Pista Norte";"Choque em barreira New Jersey";1;0;0;0;0;0;0;0;0;0;1;0;0;0;0
"28/11/2022";"17:05:00";"611";"Acidente c";"207,4";"BR-116/SP";"Pista Norte";"Abalroamento longitudinal";2;0;0;0;0;0;0;0;0;0;1;0;1;0;0
"28/11/2022";"17:49:00";"632";"Acidente s";"409,1";"BR-101/RJ";"Pista Norte";"Outros";1;0;0;0;0;0;0;0;0;0;1;0;0;0;0
"28/11/2022";"18:15:00";"639";"Acidente s";"308";"BR-116/RJ";"Pista Norte";"Choque em objeto fixo";1;0;0;0;0;0;0;0;0;0;1;0;0;0;0
"28/11/2022";"21:02:00";"712";"Acidente s";"174";"BR-116/SP";"Pista Norte";"Atropelamento de animal";1;0;0;0;0;0;0;0;0;0;1;0;0;0;0
"28/11/2022";"22:11:00";"740";"Acidente s";"573,5";"BR-101/RJ";"Pista Sul";"Colisão traseira";0;0;0;1;0;1;0;0;0;0;2;0;0;0;0
"28/11/2022";"22:16:00";"741";"Acidente c";"157,2";"BR-116/SP";"Pista Sul";"Atropelamento de animal";0;0;0;1;0;0;0;0;0;0;0;0;1;0;0
"28/11/2022";"23:12:00";"761";"Acidente s";"479";"BR-101/RJ";"Pista Sul";"Abalroamento longitudinal";1;0;0;0;1;0;0;0;0;0;2;0;0;0;0
"28/11/2022";"23:42:00";"770";"Acidente c";"381";"BR-101/RJ";"Pista Norte";"Colisão traseira";0;0;1;1;0;0;0;0;0;0;1;0;0;0;1
"29/11/2022";"02:28:00";"48";"Acidente s";"214";"BR-116/SP";"Pista Sul";"Choque em barreira New Jersey";1;0;0;0;0;0;0;0;0;1;3;0;0;0;0
"29/11/2022";"02:40:00";"51";"Acidente s";"283";"BR-116/RJ";"Pista Sul";"Colisão traseira";0;0;2;0;0;0;0;0;0;0;2;0;0;0;0
"29/11/2022";"04:03:00";"60";"Atropelame";"108,7";"BR-116/SP";"Pista Sul";"Atropelamento de pedestre caminhando";0;0;1;0;0;0;0;0;0;0;1;0;0;0;1
"29/11/2022";"04:38:00";"64";"Acidente s";"381";"BR-101/RJ";"Pista Norte";"Colisão traseira";2;0;0;0;0;0;0;0;0;0;3;0;0;0;0
"29/11/2022";"06:53:00";"132";"Acidente s";"386,6";"BR-101/RJ";"Pista Sul";"Colisão traseira";1;0;1;0;0;0;0;0;0;0;2;0;0;0;0
"29/11/2022";"08:33:00";"274";"Acidente c";"593";"BR-101/RJ";"Pista Norte";"Choque em objeto fixo";1;0;0;0;0;0;0;0;0;0;0;1;0;0;0
"29/11/2022";"08:40:00";"285";"Acidente s";"138";"BR-116/SP";"Pista Sul";"Colisão traseira";2;0;0;0;0;0;0;0;0;0;3;0;0;0;0
"29/11/2022";"09:43:00";"354";"Acidente c";"34";"BR-116/SP";"Pista Sul";"Colisão traseira";1;0;0;1;0;0;0;0;0;0;1;1;0;0;0
"29/11/2022";"10:23:00";"386";"Acidente c";"274,1";"BR-116/RJ";"Pista Sul";"Abalroamento longitudinal";1;0;1;0;0;0;0;0;0;0;1;1;0;0;0
"29/11/2022";"12:37:00";"491";"Acidente s";"258";"BR-116/RJ";"Pista Sul";"Choque em defensa";0;0;1;0;0;0;0;0;0;0;1;0;0;0;0
"29/11/2022";"13:40:00";"529";"Acidente c";"296,2";"BR-116/RJ";"Pista Norte";"Abalroamento longitudinal";1;0;1;0;0;0;0;0;0;0;1;0;1;0;0
"29/11/2022";"15:34:00";"592";"Acidente c";"56,3";"BR-116/SP";"Pista Norte";"Abalroamento longitudinal";2;0;1;0;0;0;0;0;0;0;3;1;0;0;0
"29/11/2022";"16:08:00";"613";"Acidente c";"449,1";"BR-101/RJ";"Pista Norte";"Abalroamento longitudinal";0;0;2;0;0;0;0;0;0;0;2;2;0;0;0
"29/11/2022";"16:44:00";"633";"Acidente s";"131,8";"BR-116/SP";"Pista Sul";"Colisão traseira";0;0;2;0;0;0;0;0;0;0;2;0;0;0;0
"29/11/2022";"17:48:00";"662";"Acidente c";"174";"BR-116/RJ";"Pista Sul";"Colisão traseira";0;0;0;1;0;0;0;0;0;1;1;1;0;0;0
"29/11/2022";"17:50:00";"664";"Acidente c";"221";"BR-116/SP";"Pista Sul";"Queda de moto";0;0;0;1;0;0;0;0;0;0;0;1;0;0;0
"29/11/2022";"19:12:00";"728";"Acidente c";"218,4";"BR-116/SP";"Pista Norte";"Colisão traseira";0;0;1;1;0;0;0;0;0;0;2;0;0;1;0
"29/11/2022";"19:17:00";"730";"Acidente s";"210,8";"BR-116/SP";"Pista Norte";"Abalroamento longitudinal";2;0;0;0;0;0;0;0;0;0;2;0;0;0;0
"29/11/2022";"21:41:00";"794";"Acidente s";"277,6";"BR-116/RJ";"Pista Sul";"Abalroamento longitudinal";1;0;0;0;0;1;0;0;0;0;2;0;0;0;0
"29/11/2022";"22:10:00";"806";"Acidente s";"430";"BR-101/RJ";"Pista Sul";"Choque em objeto fixo";1;0;0;0;0;0;0;0;0;0;1;0;0;0;0
"30/11/2022";"00:06:00";"12";"Acidente s";"230,2";"BR-116/SP";"Pista Norte";"Abalroamento longitudinal";1;0;0;0;1;0;0;0;0;0;3;0;0;0;0
"30/11/2022";"05:05:00";"53";"Acidente c";"182,9";"BR-116/RJ";"Pista Norte";"Engavetamento";4;0;0;0;0;0;0;0;0;0;19;1;1;0;0
"30/11/2022";"07:10:00";"178";"Acidente s";"21,3";"BR-116/SP";"Pista Norte";"Choque em defensa";0;0;1;0;0;0;0;0;0;0;0;1;0;0;0
"30/11/2022";"07:23:00";"199";"Acidente s";"230";"BR-116/RJ";"Pista Norte";"Choque em objeto fixo";0;0;1;0;0;0;0;0;0;0;1;0;0;0;0
"30/11/2022";"07:45:00";"244";"Acidente s";"146,6";"BR-116/SP";"Pista Sul";"Colisão traseira";2;0;0;0;0;0;0;0;0;0;3;0;0;0;0
"30/11/2022";"07:49:00";"254";"Acidente s";"122,25";"BR-116/SP";"Pista Norte";"Engavetamento";4;0;0;0;0;0;0;0;0;0;6;0;0;0;0
"30/11/2022";"08:57:00";"335";"Acidente s";"234";"BR-116/RJ";"Pista Norte";"Colisão traseira";0;0;2;0;0;0;0;0;0;0;2;0;0;0;0
"30/11/2022";"10:09:00";"410";"Acidente s";"214,5";"BR-116/SP";"Pista Sul";"Abalroamento longitudinal";1;0;1;0;0;0;0;0;0;0;5;0;0;0;0
"30/11/2022";"10:28:00";"438";"Acidente c";"419";"BR-101/RJ";"Pista Sul";"Colisão frontal";0;0;0;1;0;1;0;0;0;0;1;0;0;0;1
"30/11/2022";"11:19:00";"473";"Acidente s";"181";"BR-116/RJ";"Pista Sul";"Engavetamento";1;0;1;0;0;0;0;0;0;1;4;0;0;0;0
"30/11/2022";"11:59:00";"493";"Acidente s";"418,9";"BR-101/RJ";"Pista Norte";"Colisão traseira";2;0;0;0;0;0;0;0;0;0;3;0;0;0;0
"30/11/2022";"12:52:00";"523";"Acidente c";"389";"BR-101/RJ";"Pista Norte";"Colisão traseira";1;0;0;1;0;0;0;0;0;0;1;1;0;0;0
"30/11/2022";"13:17:00";"543";"Acidente s";"242";"BR-116/RJ";"Pista Sul";"Colisão traseira";0;0;1;0;1;0;0;0;0;0;14;0;0;0;0
"30/11/2022";"15:36:00";"610";"Acidente s";"91,7";"BR-116/SP";"Pista Norte";"Colisão traseira";1;0;1;0;0;0;0;0;0;0;3;0;0;0;0
"30/11/2022";"15:44:00";"618";"Acidente s";"277";"BR-116/RJ";"Pista Sul";"Choque em barreira New Jersey";1;0;0;0;0;0;0;0;0;0;1;0;0;0;0
"30/11/2022";"16:37:00";"640";"Acidente s";"228";"BR-116/RJ";"Pista Norte";"Tombamento";0;0;1;0;0;0;0;0;0;0;1;0;0;0;0
"30/11/2022";"16:51:00";"651";"Acidente s";"186";"BR-116/SP";"Pista Sul";"Choque em objeto fixo";1;0;0;0;0;0;0;0;0;0;1;0;0;0;0
"30/11/2022";"17:29:00";"666";"Acidente c";"406";"BR-101/RJ";"Pista Norte";"Queda de Ponte/Viaduto";0;0;1;0;0;0;0;0;0;0;0;1;0;0;0
"30/11/2022";"17:31:00";"668";"Acidente c";"227";"BR-116/SP";"Pista Norte";"Abalroamento longitudinal";1;0;0;1;0;0;0;0;0;0;1;1;0;0;0
"30/11/2022";"18:39:00";"708";"Acidente s";"172,3";"BR-116/RJ";"Pista Sul";"Engavetamento";1;0;0;0;1;1;0;0;0;0;3;0;0;0;0
"30/11/2022";"19:04:00";"723";"Acidente c";"195,9";"BR-116/RJ";"Pista Norte";"Choque em defensa";0;0;0;0;0;0;0;0;0;1;1;1;0;0;0
"01/12/2022";"04:03:00";"50";"Acidente c";"222";"BR-116/SP";"Pista Norte";"Capotamento";1;0;0;0;0;0;0;0;0;0;0;1;0;0;0
"01/12/2022";"05:12:00";"59";"Acidente s";"204,5";"BR-116/SP";"Pista Norte";"Abalroamento longitudinal";0;0;2;0;0;0;0;0;0;0;2;0;0;0;0
"01/12/2022";"07:30:00";"241";"Acidente c";"109,9";"BR-116/SP";"Pista Norte";"Abalroamento longitudinal";0;0;1;1;0;0;0;0;0;1;2;2;0;0;0
"01/12/2022";"07:48:00";"276";"Acidente s";"219,6";"BR-116/SP";"Pista Sul";"Abalroamento longitudinal";1;0;0;0;0;1;0;0;0;0;3;0;0;0;0
"01/12/2022";"07:53:00";"284";"Acidente c";"219,8";"BR-116/SP";"Pista Sul";"Colisão traseira";1;0;0;1;0;0;0;0;0;0;2;1;0;0;0
"01/12/2022";"09:14:00";"390";"Acidente c";"218,6";"BR-116/SP";"Pista Sul";"Colisão traseira";1;0;0;1;0;0;0;0;0;0;1;1;0;0;0
"01/12/2022";"09:48:00";"422";"Acidente c";"219,5";"BR-116/SP";"Pista Sul";"Abalroamento longitudinal";1;0;0;1;0;0;0;0;0;0;1;1;0;0;0
"01/12/2022";"11:41:00";"511";"Acidente c";"218,8";"BR-116/SP";"Pista Norte";"Colisão traseira";2;0;0;0;0;0;0;0;0;0;3;1;0;0;0
"01/12/2022";"12:06:00";"529";"Acidente c";"162,6";"BR-116/SP";"Pista Norte";"Queda de moto";0;0;0;1;0;0;0;0;0;0;0;1;0;0;0
"01/12/2022";"13:30:00";"586";"Acidente s";"50,5";"BR-101/SP";"Pista Sul";"Colisão traseira";1;0;0;0;0;0;0;0;0;1;3;0;0;0;0
"01/12/2022";"14:45:00";"637";"Acidente s";"273,4";"BR-116/RJ";"Pista Sul";"Choque em barreira New Jersey";1;0;0;0;0;0;0;0;0;0;1;0;0;0;0
"01/12/2022";"15:00:00";"651";"Acidente s";"272,7";"BR-116/RJ";"Pista Sul";"Colisão traseira";0;0;1;0;0;1;0;0;0;0;2;0;0;0;0
"01/12/2022";"16:03:00";"697";"Acidente s";"226";"BR-116/SP";"Pista Norte";"Abalroamento longitudinal";1;0;0;2;0;0;0;0;0;0;3;0;0;0;0
"01/12/2022";"16:21:00";"706";"Acidente s";"51,1";"BR-116/SP";"Pista Norte";"Queda de moto";0;0;0;1;0;0;0;0;0;0;1;0;0;0;0
"01/12/2022";"17:23:00";"750";"Acidente s";"292";"BR-116/RJ";"Pista Norte";"Colisão traseira";2;0;0;0;0;0;0;0;0;0;2;0;0;0;0
"01/12/2022";"18:32:00";"802";"Acidente s";"329,7";"BR-116/RJ";"Pista Norte";"Choque em barreira New Jersey";1;0;0;0;0;0;0;0;0;0;1;0;0;0;0
"01/12/2022";"18:35:00";"805";"Atropelame";"169";"BR-116/RJ";"Pista Norte";"Atropelamento de pedestre caminhando";0;0;0;0;0;1;0;0;0;0;1;0;1;0;0
"01/12/2022";"18:51:00";"818";"Acidente c";"573";"BR-101/RJ";"Pista Sul";"Queda de moto";0;0;0;1;0;0;0;0;0;0;0;1;0;0;0
"01/12/2022";"19:22:00";"834";"Acidente c";"212";"BR-116/SP";"Pista Sul";"Engavetamento";4;0;2;0;0;0;0;0;0;0;5;1;1;0;0
"01/12/2022";"20:05:00";"866";"Acidente s";"124,5";"BR-116/SP";"Pista Norte";"Choque em objeto fixo";1;0;0;0;0;0;0;0;0;0;1;0;0;0;0
"01/12/2022";"20:23:00";"879";"Acidente s";"330,5";"BR-116/RJ";"Pista Norte";"Colisão traseira";0;0;1;0;0;1;0;0;0;0;2;0;0;0;0
"01/12/2022";"20:27:00";"880";"Acidente s";"217,6";"BR-116/SP";"Pista Sul";"Choque em barreira New Jersey";1;0;0;0;0;0;0;0;0;0;1;0;0;0;0
"01/12/2022";"21:54:00";"916";"Acidente c";"386";"BR-101/RJ";"Pista Norte";"Abalroamento longitudinal";1;0;0;1;0;0;0;0;0;0;1;0;0;0;1
"02/12/2022";"00:35:00";"22";"Acidente s";"165,4";"BR-116/SP";"Pista Norte";"Choque em objeto na pista";1;0;0;0;0;3;0;0;0;1;7;0;0;0;0
"02/12/2022";"04:23:00";"56";"Acidente c";"174,6";"BR-116/SP";"Pista Norte";"Choque em barreira New Jersey";1;0;0;0;0;0;0;0;0;0;0;0;1;0;0
"02/12/2022";"04:42:00";"59";"Acidente s";"507";"BR-101/RJ";"Pista Sul";"Choque em objeto fixo";1;0;0;0;0;0;0;0;0;0;4;0;0;0;0
"02/12/2022";"05:46:00";"80";"Acidente c";"91,7";"BR-116/SP";"Pista Sul";"Tombamento";0;0;1;0;0;0;0;0;0;0;0;0;1;0;0
"02/12/2022";"06:54:00";"153";"Acidente c";"89,25";"BR-116/SP";"Pista Sul";"Queda de moto";0;0;0;1;0;0;0;0;0;0;0;1;0;0;0
"02/12/2022";"07:01:00";"165";"Acidente c";"393,6";"BR-101/RJ";"Pista Sul";"Capotamento";1;0;0;0;0;0;0;0;0;0;0;1;0;0;0
"02/12/2022";"08:51:00";"352";"Acidente c";"180,5";"BR-116/RJ";"Pista Sul";"Engavetamento";4;0;0;0;0;0;0;0;0;0;2;3;0;0;0
"02/12/2022";"11:02:00";"461";"Acidente s";"468";"BR-101/RJ";"Pista Norte";"Engavetamento";1;0;0;1;0;0;0;0;0;1;3;0;0;0;0
"02/12/2022";"11:06:00";"465";"Acidente c";"216,6";"BR-116/SP";"Pista Norte";"Engavetamento";1;0;1;0;0;1;0;0;0;0;3;1;0;0;0
"02/12/2022";"11:24:00";"481";"Acidente s";"240,7";"BR-116/RJ";"Pista Sul";"Colisão traseira";0;0;2;0;0;0;0;0;0;0;2;0;0;0;0
"02/12/2022";"11:35:00";"489";"Acidente c";"117,2";"BR-116/SP";"Pista Norte";"Queda de moto";0;0;0;1;0;0;0;0;0;0;0;1;0;0;0
"02/12/2022";"11:41:00";"496";"Acidente s";"272,2";"BR-116/RJ";"Pista Sul";"Colisão traseira";1;0;0;0;0;1;0;0;0;0;2;0;0;0;0
"02/12/2022";"12:04:00";"510";"Acidente s";"81,9";"BR-116/SP";"Pista Norte";"Colisão traseira";1;0;0;0;0;1;0;0;0;0;3;0;0;0;0
"02/12/2022";"12:04:00";"509";"Acidente s";"572";"BR-101/RJ";"Pista Norte";"Queda de ribanceira";1;0;0;0;0;0;0;0;0;0;1;0;0;0;0
"02/12/2022";"12:08:00";"514";"Acidente c";"280";"BR-116/RJ";"Pista Norte";"Colisão traseira";1;0;0;0;0;0;0;0;0;1;1;2;0;0;0
"02/12/2022";"14:04:00";"596";"Acidente s";"130";"BR-116/SP";"Pista Sul";"Abalroamento longitudinal";2;0;0;0;0;0;0;0;0;0;2;0;0;0;0
"02/12/2022";"14:46:00";"630";"Acidente c";"219";"BR-116/SP";"Pista Norte";"Engavetamento";1;0;0;2;0;0;0;0;0;0;4;2;0;0;0
"02/12/2022";"15:22:00";"677";"Acidente s";"91,5";"BR-116/SP";"Pista Norte";"Abalroamento longitudinal";1;0;0;0;0;1;0;0;0;0;4;0;0;0;0
"02/12/2022";"15:27:00";"680";"Acidente s";"289,5";"BR-116/RJ";"Pista Norte";"Choque em barreira New Jersey";1;0;0;0;0;0;0;0;0;0;1;0;0;0;0
"02/12/2022";"15:32:00";"688";"Acidente s";"116,9";"BR-116/SP";"Pista Norte";"Colisão traseira";2;0;0;0;0;0;0;0;0;0;2;0;0;0;0
"02/12/2022";"15:40:00";"695";"Acidente s";"217";"BR-116/SP";"Pista Sul";"Abalroamento longitudinal";0;0;0;1;0;1;0;0;0;0;2;0;0;0;0
"02/12/2022";"15:40:00";"694";"Acidente c";"200,8";"BR-116/SP";"Pista Sul";"Queda de moto";0;0;0;1;0;0;0;0;0;0;0;0;0;1;0
"02/12/2022";"15:48:00";"699";"Acidente s";"255,7";"BR-116/RJ";"Pista Norte";"Colisão traseira";2;0;0;0;0;0;0;0;0;0;2;0;0;0;0
"02/12/2022";"16:05:00";"710";"Acidente c";"118,95";"BR-116/SP";"Pista Norte";"Abalroamento longitudinal";2;0;0;0;0;0;0;0;0;0;1;1;0;0;0
"02/12/2022";"16:16:00";"714";"Acidente c";"148";"BR-116/SP";"Pista Norte";"Engavetamento";3;0;0;0;0;0;0;0;0;0;0;6;0;0;0
"02/12/2022";"17:36:00";"761";"Acidente s";"147,5";"BR-116/SP";"Pista Norte";"Capotamento";1;0;0;0;0;0;0;0;0;0;1;0;0;0;0
"02/12/2022";"17:39:00";"763";"Acidente s";"147,5";"BR-116/SP";"Pista Norte";"Capotamento";1;0;0;0;0;0;0;0;0;0;1;0;0;0;0
"02/12/2022";"18:28:00";"785";"Acidente s";"424";"BR-101/RJ";"Pista Sul";"Choque em objeto fixo";1;0;0;0;0;0;0;0;0;0;5;0;0;0;0
"02/12/2022";"18:39:00";"790";"Acidente c";"191";"BR-116/RJ";"Pista Sul";"Capotamento";1;0;0;0;0;0;0;0;0;0;0;1;0;0;0
"02/12/2022";"19:13:00";"807";"Acidente s";"335,8";"BR-116/RJ";"Pista Sul";"Tombamento";0;0;1;0;0;0;0;0;0;0;1;0;0;0;0
"02/12/2022";"20:07:00";"822";"Acidente c";"115,5";"BR-116/SP";"Pista Sul";"Colisão traseira";1;0;0;1;0;0;0;0;0;0;2;0;1;0;0
"02/12/2022";"20:14:00";"826";"Acidente s";"73";"BR-116/SP";"Pista Sul";"Choque em objeto na pista";1;0;0;0;0;0;0;0;0;0;3;0;0;0;0
"02/12/2022";"22:48:00";"882";"Acidente c";"201,9";"BR-116/RJ";"Pista Sul";"Capotamento";1;0;0;0;0;0;0;0;0;0;6;1;0;0;0
"02/12/2022";"22:52:00";"885";"Acidente s";"89,8";"BR-116/SP";"Pista Norte";"Choque em objeto na pista";1;0;0;0;0;0;0;0;0;0;1;0;0;0;0
"02/12/2022";"23:17:00";"894";"Acidente c";"185,7";"BR-116/RJ";"Pista Norte";"Colisão traseira";0;0;0;1;0;1;0;0;0;0;1;0;0;1;0
"02/12/2022";"23:56:00";"909";"Acidente s";"485";"BR-101/RJ";"Pista Norte";"Colisão traseira";2;0;0;0;0;0;0;0;0;0;2;0;0;0;0
"03/12/2022";"00:12:00";"14";"Atropelame";"572";"BR-101/RJ";"Pista Sul";"Atropelamento de pedestre atravessando";0;1;0;0;0;1;0;0;0;0;1;0;1;0;0
"03/12/2022";"00:29:00";"20";"Acidente s";"195";"BR-116/RJ";"Pista Sul";"Atropelamento de animal";1;0;0;0;0;0;0;0;0;0;1;0;0;0;0
"03/12/2022";"00:58:00";"30";"Acidente c";"478";"BR-101/RJ";"Pista Sul";"Queda de moto";0;0;0;1;0;0;0;0;0;0;0;0;1;0;0
"03/12/2022";"01:00:00";"32";"Acidente s";"418";"BR-101/RJ";"Pista Sul";"Choque em objeto fixo";1;0;0;0;0;0;0;0;0;0;2;0;0;0;0
"03/12/2022";"01:32:00";"42";"Atropelame";"119";"BR-116/SP";"Pista Sul";"Atropelamento de pedestre atravessando";0;0;0;0;1;0;0;0;0;0;34;0;0;0;1
"03/12/2022";"01:43:00";"45";"Acidente s";"234";"BR-116/RJ";"Pista Norte";"Choque em barreira New Jersey";1;0;0;0;0;0;0;0;0;0;1;0;0;0;0
"03/12/2022";"01:49:00";"47";"Acidente s";"385";"BR-101/RJ";"Pista Sul";"Abalroamento longitudinal";2;0;0;0;0;0;0;0;0;0;2;0;0;0;0
"03/12/2022";"02:10:00";"50";"Acidente s";"154,8";"BR-116/SP";"Pista Sul";"Choque em objeto fixo";1;0;0;0;0;0;0;0;0;0;2;0;0;0;0
"03/12/2022";"02:31:00";"55";"Acidente c";"210";"BR-116/SP";"Pista Sul";"Colisão traseira";0;0;1;0;0;0;0;0;0;1;1;0;1;0;0
"03/12/2022";"02:49:00";"63";"Acidente c";"182";"BR-116/RJ";"Pista Norte";"Queda de moto";0;0;0;1;0;0;0;0;0;0;0;2;0;0;0
"03/12/2022";"04:08:00";"78";"Acidente s";"486";"BR-101/RJ";"Pista Sul";"Abalroamento longitudinal";1;0;0;0;0;1;0;0;0;0;2;0;0;0;0
"03/12/2022";"04:57:00";"87";"Acidente c";"174";"BR-116/RJ";"Pista Sul";"Queda de moto";0;0;0;1;0;0;0;0;0;0;0;2;0;0;0
"03/12/2022";"06:07:00";"103";"Acidente s";"191,6";"BR-116/RJ";"Pista Norte";"Choque em defensa";1;0;0;0;0;0;0;0;0;0;1;0;0;0;0
"03/12/2022";"06:19:00";"109";"Atropelame";"122,6";"BR-116/SP";"Pista Sul";"Atropelamento de pedestre caminhando";1;0;0;0;0;0;0;0;0;0;1;1;0;0;0
"03/12/2022";"08:26:00";"219";"Acidente c";"228,3";"BR-116/SP";"Pista Sul";"Abalroamento longitudinal";1;0;0;1;0;0;0;0;0;0;1;1;0;0;0
"03/12/2022";"09:16:00";"250";"Acidente s";"225,1";"BR-116/SP";"Pista Norte";"Capotamento";1;0;0;0;0;0;0;0;0;0;1;0;0;0;0
"03/12/2022";"10:14:00";"280";"Acidente s";"165,2";"BR-116/SP";"Pista Norte";"Engavetamento";3;0;0;0;0;0;0;0;0;0;9;0;0;0;0
"03/12/2022";"11:34:00";"332";"Acidente s";"142,7";"BR-116/SP";"Pista Sul";"Choque em barreira New Jersey";1;0;0;0;0;0;0;0;0;0;1;0;0;0;0
"03/12/2022";"13:05:00";"379";"Atropelame";"199,2";"BR-116/RJ";"Pista Norte";"Atropelamento de pedestre atravessando";0;0;0;0;0;1;0;0;0;0;1;1;0;0;0
"03/12/2022";"13:33:00";"397";"Acidente c";"451,4";"BR-101/RJ";"Pista Norte";"Abalroamento longitudinal";1;0;0;0;0;1;0;0;0;0;3;1;0;0;0
"03/12/2022";"13:50:00";"404";"Acidente s";"200,7";"BR-116/SP";"Pista Sul";"Abalroamento longitudinal";1;0;0;0;0;1;0;0;0;0;2;0;0;0;0
"03/12/2022";"14:42:00";"434";"Acidente c";"416";"BR-101/RJ";"Pista Norte";"Queda de moto";0;0;0;1;0;0;0;0;0;0;0;1;0;0;0
"03/12/2022";"14:44:00";"435";"Acidente s";"175";"BR-116/RJ";"Pista Sul";"Colisão traseira";1;0;1;0;0;0;0;0;0;0;2;0;0;0;0
"03/12/2022";"17:30:00";"528";"Acidente c";"271,15";"BR-116/RJ";"Pista Sul";"Capotamento";1;0;0;0;0;0;0;0;0;0;0;0;0;1;0
"03/12/2022";"18:14:00";"548";"Acidente s";"112,95";"BR-116/SP";"Pista Sul";"Abalroamento longitudinal";1;0;1;0;0;0;0;0;0;0;3;0;0;0;0
"03/12/2022";"18:28:00";"555";"Atropelame";"532";"BR-101/RJ";"Pista Sul";"Atropelamento de pedestre atravessando";0;1;0;1;0;0;0;0;0;0;0;2;0;0;0
"03/12/2022";"18:41:00";"563";"Acidente c";"65";"BR-116/SP";"Pista Sul";"Capotamento";1;0;0;0;0;0;0;0;0;0;2;0;0;1;0
"03/12/2022";"18:43:00";"564";"Acidente s";"170";"BR-116/SP";"Pista Sul";"Capotamento";1;0;0;0;0;0;0;0;0;0;1;0;0;0;0
"03/12/2022";"19:17:00";"569";"Acidente s";"264";"BR-116/RJ";"Pista Norte";"Queda de ribanceira";1;0;0;0;0;0;0;0;0;0;5;0;0;0;0
"03/12/2022";"20:23:00";"595";"Acidente c";"48,8";"BR-101/SP";"Pista Norte";"Abalroamento longitudinal";0;0;0;2;0;0;0;0;0;0;0;3;0;0;0
"03/12/2022";"21:34:00";"616";"Acidente s";"40";"BR-101/SP";"Pista Norte";"Choque em objeto fixo";1;0;0;0;0;0;0;0;0;0;2;0;0;0;0
"03/12/2022";"21:52:00";"624";"Acidente c";"293,1";"BR-116/RJ";"Pista Sul";"Queda de ribanceira";1;0;0;0;0;0;0;0;0;0;0;0;1;0;0
"03/12/2022";"23:36:00";"653";"Acidente c";"161,5";"BR-116/SP";"Pista Norte";"Capotamento";2;0;0;0;0;0;0;0;0;0;1;2;2;0;0