data;horario;n_da_ocorrencia;tipo_de_ocorrencia;km;trecho;sentido;tipo_de_acidente;automovel;bicicleta;caminhao;moto;onibus;outros;tracao_animal;transporte_de_cargas_especiais;trator_maquinas;utilitarios;ilesos;levemente_feridos;moderadamente_feridos;gravemente_feridos;mortos
"04/12/2022";"01:57:00";"24";"Acidente s";"48,4";"BR-116/SP";"Pista Norte";"Colisão traseira";1;0;0;0;0;1;0;0;0;0;3;0;0;0;0
"04/12/2022";"03:52:00";"34";"Acidente s";"428";"BR-101/RJ";"Pista Norte";"Capotamento";1;0;0;0;0;0;0;0;0;0;1;0;0;0;0
"04/12/2022";"04:40:00";"39";"Acidente c";"388";"BR-101/RJ";"Pista Sul";"Colisão traseira";2;0;0;0;0;0;0;0;0;0;1;1;0;0;0
"04/12/2022";"06:08:00";"52";"Acidente s";"139,4";"BR-116/SP";"Pista Sul";"Choque em objeto fixo";1;0;0;0;0;0;0;0;0;0;0;0;0;0;0
"04/12/2022";"06:28:00";"59";"Acidente c";"102,35";"BR-116/SP";"Pista Sul";"Choque em barreira New Jersey";0;0;0;1;0;0;0;0;0;0;0;0;1;0;0
"04/12/2022";"07:34:00";"101";"Acidente c";"45,5";"BR-101/SP";"Pista Norte";"Abalroamento longitudinal";1;0;0;1;0;0;0;0;0;0;1;1;0;0;0
"04/12/2022";"11:17:00";"263";"Acidente s";"31,8";"BR-101/SP";"Pista Norte";"Colisão traseira";2;0;0;0;0;0;0;0;0;0;3;0;0;0;0
"04/12/2022";"13:04:00";"316";"Acidente c";"243,2";"BR-116/RJ";"Pista Sul";"Choque em barreira New Jersey";1;0;0;0;0;0;0;0;0;0;0;0;1;0;0
"04/12/2022";"13:32:00";"330";"Acidente c";"247,2";"BR-116/RJ";"Pista Norte";"Capotamento";1;0;0;0;0;0;0;0;0;0;1;1;0;0;0
"04/12/2022";"13:53:00";"345";"Acidente s";"33";"BR-116/SP";"Pista Sul";"Choque em objeto fixo";1;0;0;0;0;0;0;0;0;0;2;0;0;0;0
"04/12/2022";"14:05:00";"346";"Acidente c";"417,4";"BR-101/RJ";"Pista Norte";"Choque em objeto fixo";1;0;0;0;0;0;0;0;0;0;0;2;0;0;0
"04/12/2022";"14:36:00";"367";"Acidente s";"231";"BR-116/RJ";"Pista Sul";"Choque em objeto fixo";1;0;0;0;0;0;0;0;0;0;1;0;0;0;0
"04/12/2022";"14:38:00";"369";"Acidente s";"184,2";"BR-116/SP";"Pista Norte";"Choque em objeto fixo";1;0;0;0;0;0;0;0;0;0;3;0;0;0;0
"04/12/2022";"14:49:00";"372";"Acidente s";"96,55";"BR-116/SP";"Pista Sul";"Engavetamento";2;0;1;0;0;0;0;0;0;1;5;0;0;0;0
"04/12/2022";"14:57:00";"375";"Acidente s";"97,9";"BR-116/SP";"Pista Sul";"Engavetamento";2;0;0;0;0;1;0;0;0;0;5;0;0;0;0
"04/12/2022";"16:01:00";"411";"Acidente c";"576";"BR-101/RJ";"Pista Norte";"Abalroamento longitudinal";2;0;0;0;0;0;0;0;0;0;4;1;1;0;0
"04/12/2022";"16:10:00";"416";"Acidente c";"314";"BR-116/RJ";"Pista Norte";"Engavetamento";2;0;1;0;0;0;0;0;0;0;5;1;0;0;0
"04/12/2022";"17:14:00";"447";"Acidente s";"412";"BR-101/RJ";"Pista Sul";"Colisão traseira";2;0;0;0;0;0;0;0;0;0;2;0;0;0;0
"04/12/2022";"17:25:00";"454";"Acidente s";"92,4";"BR-116/SP";"Pista Sul";"Colisão traseira";1;0;0;0;0;1;0;0;0;0;5;0;0;0;0
"04/12/2022";"17:52:00";"470";"Acidente s";"324,9";"BR-116/RJ";"Pista Sul";"Choque em barreira New Jersey";0;0;0;1;0;0;0;0;0;0;2;0;0;0;0
"04/12/2022";"17:58:00";"472";"Acidente c";"227";"BR-116/SP";"Pista Norte";"Queda de moto";0;0;0;1;0;0;0;0;0;0;0;0;1;0;0
"04/12/2022";"19:20:00";"516";"Acidente s";"181";"BR-116/RJ";"Pista Sul";"Colisão traseira";1;0;1;0;0;0;0;0;0;0;2;0;0;0;0
"04/12/2022";"19:45:00";"524";"Acidente s";"117,35";"BR-116/SP";"Pista Sul";"Choque em defensa";1;0;0;0;0;0;0;0;0;0;2;0;0;0;0
"04/12/2022";"20:16:00";"541";"Atropelame";"219";"BR-116/SP";"Pista Sul";"Atropelamento de pedestre caminhando";1;0;0;0;0;0;0;0;0;0;2;1;0;0;0
"04/12/2022";"20:26:00";"545";"Acidente c";"108,6";"BR-116/SP";"Pista Norte";"Choque em objeto fixo";1;0;0;0;0;0;0;0;0;0;2;1;0;0;0
"04/12/2022";"20:51:00";"558";"Acidente s";"213,1";"BR-116/RJ";"Pista Sul";"Colisão traseira";1;0;1;0;0;0;0;0;0;0;2;0;0;0;0
"04/12/2022";"21:27:00";"571";"Acidente s";"204";"BR-116/SP";"Pista Norte";"Abalroamento longitudinal";0;0;1;0;0;1;0;0;0;0;2;0;0;0;0
"04/12/2022";"21:27:00";"570";"Acidente c";"198,1";"BR-116/RJ";"Pista Sul";"Abalroamento longitudinal";1;0;0;1;0;0;0;0;0;0;1;1;1;0;0
"04/12/2022";"23:13:00";"601";"Acidente s";"334,2";"BR-116/RJ";"Pista Norte";"Choque em defensa";1;0;0;0;0;0;0;0;0;0;1;0;0;0;0
"05/12/2022";"00:54:00";"25";"Acidente s";"297,7";"BR-116/RJ";"Pista Sul";"Atropelamento de animal";1;0;0;0;0;0;0;0;0;0;1;0;0;0;0
"05/12/2022";"03:47:00";"55";"Acidente c";"161,1";"BR-116/SP";"Pista Norte";"Choque em objeto fixo";1;0;0;0;0;0;0;0;0;0;0;1;0;0;0
"05/12/2022";"05:04:00";"66";"Acidente s";"329,5";"BR-116/RJ";"Pista Norte";"Choque em objeto fixo";1;0;0;0;0;0;0;0;0;0;1;0;0;0;0
"05/12/2022";"05:37:00";"76";"Acidente s";"225,68";"BR-116/SP";"Pista Sul";"Choque em objeto fixo";0;0;0;0;1;0;0;0;0;0;1;0;0;0;0
"05/12/2022";"05:39:00";"79";"Acidente s";"324";"BR-116/RJ";"Pista Norte";"Colisão traseira";0;0;2;0;0;0;0;0;0;0;2;0;0;0;0
"05/12/2022";"06:09:00";"99";"Acidente c";"217,4";"BR-116/SP";"Pista Norte";"Colisão traseira";0;0;2;0;0;0;0;0;0;0;1;1;0;0;0
"05/12/2022";"06:44:00";"137";"Acidente s";"203,1";"BR-116/SP";"Pista Sul";"Choque em objeto na pista";1;0;0;0;0;0;0;0;0;0;1;0;0;0;0
"05/12/2022";"07:21:00";"198";"Acidente s";"221,4";"BR-116/SP";"Pista Norte";"Colisão traseira";1;0;0;0;0;0;0;0;0;1;2;0;0;0;0
"05/12/2022";"07:56:00";"247";"Acidente c";"61,1";"BR-116/SP";"Pista Norte";"Colisão traseira";1;0;0;1;0;0;0;0;0;0;1;1;0;0;0
"05/12/2022";"08:00:00";"253";"Acidente s";"223,5";"BR-116/SP";"Pista Sul";"Engavetamento";2;0;1;0;0;0;0;0;0;0;3;0;0;0;0
"05/12/2022";"08:19:00";"288";"Acidente s";"438";"BR-101/RJ";"Pista Norte";"Abalroamento longitudinal";1;0;0;0;0;1;0;0;0;0;3;0;0;0;0
"05/12/2022";"09:24:00";"355";"Acidente s";"186";"BR-116/RJ";"Pista Sul";"Choque em objeto fixo";0;0;1;0;0;0;0;0;0;0;3;0;0;0;0
"05/12/2022";"11:07:00";"435";"Acidente c";"231,35";"BR-116/SP";"Pista Sul";"Engavetamento";1;0;1;0;0;0;0;0;0;1;1;3;0;0;0
"05/12/2022";"12:00:00";"467";"Acidente s";"179,9";"BR-116/RJ";"Pista Sul";"Colisão traseira";1;0;0;0;0;1;0;0;0;0;2;0;0;0;0
"05/12/2022";"12:45:00";"488";"Acidente c";"205,8";"BR-116/SP";"Pista Sul";"Abalroamento longitudinal";1;0;1;0;0;0;0;0;0;0;1;1;0;0;0
"05/12/2022";"13:19:00";"506";"Acidente s";"181,3";"BR-116/SP";"Pista Norte";"Choque em defensa";0;0;1;0;0;0;0;0;0;0;1;0;0;0;0
"05/12/2022";"13:41:00";"511";"Acidente c";"184";"BR-116/RJ";"Pista Norte";"Colisão traseira";1;0;1;0;0;0;0;0;0;0;1;1;0;0;0
"05/12/2022";"14:00:00";"522";"Acidente s";"233,8";"BR-116/RJ";"Pista Norte";"Choque em defensa";1;0;0;0;0;0;0;0;0;0;1;0;0;0;0
"05/12/2022";"14:35:00";"536";"Acidente s";"244";"BR-116/RJ";"Pista Norte";"Choque em barreira New Jersey";1;0;0;0;0;0;0;0;0;0;1;0;0;0;0
"05/12/2022";"14:38:00";"539";"Acidente c";"229";"BR-116/RJ";"Pista Norte";"Engavetamento";2;0;1;0;0;0;0;0;0;0;9;1;0;0;0
"05/12/2022";"14:42:00";"542";"Acidente c";"57,8";"BR-116/SP";"Pista Sul";"Colisão traseira";0;0;0;1;0;1;0;0;0;0;1;0;1;0;0
"05/12/2022";"14:51:00";"547";"Acidente s";"220,2";"BR-116/SP";"Pista Norte";"Engavetamento";2;0;1;0;0;0;0;0;0;0;3;0;0;0;0
"05/12/2022";"15:25:00";"561";"Acidente s";"220,3";"BR-116/SP";"Pista Norte";"Colisão traseira";2;0;0;0;0;1;0;0;0;0;3;0;0;0;0
"05/12/2022";"15:46:00";"574";"Acidente s";"226";"BR-116/RJ";"Pista Sul";"Choque em defensa";1;0;1;0;0;0;0;0;0;0;5;0;0;0;0
"05/12/2022";"16:12:00";"590";"Acidente s";"110,3";"BR-116/SP";"Pista Sul";"Choque em barreira New Jersey";1;0;0;0;0;1;0;0;0;0;2;0;0;0;0
"05/12/2022";"16:18:00";"593";"Acidente s";"232";"BR-116/RJ";"Pista Norte";"Abalroamento longitudinal";1;0;0;0;0;1;0;0;0;0;2;0;0;0;0
"05/12/2022";"16:31:00";"600";"Acidente s";"36";"BR-101/SP";"Pista Norte";"Colisão traseira";1;0;1;0;0;0;0;0;0;0;2;0;0;0;0
"05/12/2022";"16:38:00";"605";"Acidente c";"229,83";"BR-116/RJ";"Pista Norte";"Tombamento";0;0;1;0;0;0;0;0;0;0;0;0;1;0;0
"05/12/2022";"18:34:00";"655";"Acidente s";"480";"BR-101/RJ";"Pista Sul";"Choque em defensa";1;0;0;0;0;0;0;0;0;0;1;0;0;0;0
"05/12/2022";"20:24:00";"700";"Acidente s";"269,4";"BR-116/RJ";"Pista Norte";"Choque em objeto fixo";1;0;0;0;0;0;0;0;0;0;1;0;0;0;0
"05/12/2022";"21:26:00";"714";"Acidente s";"574";"BR-101/RJ";"Pista Sul";"Atropelamento de animal";1;0;0;0;0;0;0;0;0;0;1;0;0;0;0
"06/12/2022";"00:43:00";"20";"Acidente s";"220,9";"BR-116/SP";"Pista Norte";"Colisão traseira";2;0;0;0;0;0;0;0;0;0;2;0;0;0;0
"06/12/2022";"02:43:00";"44";"Acidente s";"180";"BR-116/RJ";"Pista Norte";"Colisão traseira";2;0;0;0;0;0;0;0;0;0;2;0;0;0;0
"06/12/2022";"04:50:00";"62";"Acidente s";"408";"BR-101/RJ";"Pista Norte";"Atropelamento de animal";1;0;0;0;0;0;0;0;0;0;1;0;0;0;0
"06/12/2022";"05:23:00";"72";"Acidente s";"106,9";"BR-116/SP";"Pista Norte";"Choque em objeto fixo";1;0;0;0;0;0;0;0;0;0;1;0;0;0;0
"06/12/2022";"05:56:00";"84";"Acidente s";"205,5";"BR-116/SP";"Pista Norte";"Abalroamento longitudinal";1;0;0;0;0;1;0;0;0;0;2;0;0;0;0
"06/12/2022";"07:42:00";"236";"Acidente c";"298";"BR-116/RJ";"Pista Norte";"Queda de moto";0;0;0;1;0;0;0;0;0;0;0;0;1;0;0
"06/12/2022";"08:04:00";"272";"Acidente c";"179";"BR-116/RJ";"Pista Sul";"Colisão traseira";1;0;0;0;0;0;0;0;0;1;1;1;0;0;0
"06/12/2022";"08:29:00";"305";"Acidente s";"188";"BR-116/SP";"Pista Sul";"Choque em barreira New Jersey";1;0;0;0;0;0;0;0;0;0;1;0;0;0;0
"06/12/2022";"08:32:00";"310";"Acidente s";"419,6";"BR-101/RJ";"Pista Sul";"Choque em defensa";1;0;0;0;0;0;0;0;0;0;1;0;0;0;0
"06/12/2022";"09:34:00";"374";"Acidente s";"280,5";"BR-116/RJ";"Pista Sul";"Engavetamento";1;0;1;0;0;0;0;0;0;1;3;0;0;0;0
"06/12/2022";"09:47:00";"386";"Acidente s";"168";"BR-116/SP";"Pista Norte";"Engavetamento";1;0;1;0;0;1;0;0;0;0;4;0;0;0;0
"06/12/2022";"10:00:00";"399";"Acidente s";"285";"BR-116/RJ";"Pista Sul";"Choque em defensa";1;0;0;0;0;0;0;0;0;0;1;0;0;0;0
"06/12/2022";"10:23:00";"415";"Acidente c";"216";"BR-116/SP";"Pista Sul";"Queda de moto";0;0;0;1;0;0;0;0;0;0;0;1;0;0;0
"06/12/2022";"10:24:00";"417";"Acidente s";"155,7";"BR-116/SP";"Pista Norte";"Engavetamento";3;0;0;0;0;0;0;0;0;0;4;0;0;0;0
"06/12/2022";"10:27:00";"420";"Acidente c";"196";"BR-116/RJ";"Pista Norte";"Choque em barreira New Jersey";1;0;1;0;0;0;0;0;0;0;1;0;1;0;0
"06/12/2022";"10:42:00";"425";"Acidente s";"236";"BR-116/RJ";"Pista Norte";"Choque em objeto fixo";0;0;1;0;0;0;0;0;0;0;3;0;0;0;0
"06/12/2022";"10:47:00";"427";"Acidente s";"515";"BR-101/RJ";"Pista Norte";"Choque em objeto fixo";1;0;0;0;0;0;0;0;0;0;1;0;0;0;0
"06/12/2022";"11:08:00";"442";"Acidente s";"324";"BR-116/RJ";"Pista Norte";"Choque em defensa";1;0;0;0;0;0;0;0;0;0;1;0;0;0;0
"06/12/2022";"11:32:00";"455";"Acidente c";"19,1";"BR-116/SP";"Pista Sul";"Choque em barreira New Jersey";0;0;3;0;0;0;0;0;0;0;1;3;0;0;0
"06/12/2022";"12:02:00";"467";"Acidente s";"232,4";"BR-116/RJ";"Pista Norte";"Choque em objeto fixo";1;0;0;0;0;0;0;0;0;0;1;0;0;0;0
"06/12/2022";"12:35:00";"471";"Acidente s";"229,2";"BR-116/SP";"Pista Sul";"Colisão traseira";2;0;0;0;0;0;0;0;0;0;5;0;0;0;0
"06/12/2022";"12:52:00";"477";"Acidente s";"522";"BR-101/RJ";"Pista Norte";"Choque em barreira New Jersey";1;0;0;0;0;0;0;0;0;0;1;0;0;0;0
"06/12/2022";"13:28:00";"495";"Acidente s";"273,2";"BR-116/RJ";"Pista Norte";"Choque em barreira New Jersey";1;0;0;0;0;0;0;0;0;0;1;0;0;0;0
"06/12/2022";"13:56:00";"510";"Acidente s";"232,4";"BR-116/RJ";"Pista Norte";"Choque em objeto fixo";1;0;0;0;0;0;0;0;0;0;3;0;0;0;0
"06/12/2022";"14:43:00";"534";"Acidente c";"176,4";"BR-116/SP";"Pista Sul";"Engavetamento";1;0;3;0;0;0;0;0;0;2;12;1;0;0;0
"06/12/2022";"15:28:00";"553";"Acidente c";"213,9";"BR-116/SP";"Pista Sul";"Abalroamento longitudinal";0;0;0;1;0;1;0;0;0;0;1;1;0;0;0
"06/12/2022";"15:41:00";"562";"Acidente s";"427";"BR-101/RJ";"Pista Norte";"Choque em objeto fixo";1;0;0;0;0;0;0;0;0;0;2;0;0;0;0
"06/12/2022";"15:53:00";"570";"Acidente s";"127,8";"BR-116/SP";"Pista Sul";"Colisão traseira";1;0;0;0;0;1;0;0;0;0;2;0;0;0;0
"06/12/2022";"16:04:00";"580";"Acidente s";"140,3";"BR-116/SP";"Pista Sul";"Abalroamento longitudinal";0;0;1;0;0;0;0;0;0;1;2;0;0;0;0
"06/12/2022";"16:12:00";"587";"Acidente c";"228,5";"BR-116/SP";"Pista Sul";"Colisão traseira";1;0;0;1;0;0;0;0;0;0;3;1;0;0;0
"06/12/2022";"16:35:00";"595";"Acidente s";"4,1";"BR-116/SP";"Pista Norte";"Choque em barreira New Jersey";1;0;1;0;1;0;0;0;0;0;4;0;0;0;0
"06/12/2022";"17:04:00";"612";"Acidente s";"37";"BR-101/SP";"Pista Norte";"Capotamento";1;0;0;0;0;0;0;0;0;0;1;0;0;0;0
"06/12/2022";"17:22:00";"621";"Acidente c";"225";"BR-116/SP";"Pista Norte";"Abalroamento longitudinal";0;1;0;0;1;0;0;0;0;0;2;0;1;0;0
"06/12/2022";"17:24:00";"622";"Acidente s";"391,3";"BR-101/RJ";"Pista Norte";"Choque em barreira New Jersey";0;0;0;0;0;0;0;0;0;1;1;0;0;0;0
"06/12/2022";"18:18:00";"657";"Acidente s";"156";"BR-116/SP";"Pista Sul";"Colisão traseira";1;0;0;1;0;0;0;0;0;0;4;0;0;0;0
"06/12/2022";"18:27:00";"663";"Acidente c";"218,3";"BR-116/SP";"Pista Sul";"Colisão traseira";1;0;0;1;0;0;0;0;0;0;1;1;0;0;0
"06/12/2022";"18:56:00";"678";"Acidente s";"70,1";"BR-116/SP";"Pista Norte";"Choque em barreira New Jersey";1;0;0;0;0;0;0;0;0;0;1;0;0;0;0
"06/12/2022";"19:04:00";"681";"Acidente s";"145";"BR-116/SP";"Pista Sul";"Colisão traseira";1;0;0;0;0;1;0;0;0;0;4;0;0;0;0
"06/12/2022";"19:57:00";"707";"Acidente s";"318";"BR-116/RJ";"Pista Norte";"Choque em barreira New Jersey";1;0;0;0;0;0;0;0;0;0;1;0;0;0;0
"06/12/2022";"20:22:00";"725";"Acidente s";"318";"BR-116/RJ";"Pista Norte";"Abalroamento longitudinal";0;0;0;0;1;1;0;0;0;0;2;0;0;0;0
"06/12/2022";"20:24:00";"726";"Acidente c";"3,2";"BR-116/SP";"Pista Sul";"Queda de moto";0;0;0;1;0;0;0;0;0;0;2;1;0;0;0
"06/12/2022";"20:44:00";"734";"Acidente s";"222";"BR-116/SP";"Pista Norte";"Colisão traseira";1;0;1;0;0;0;0;0;0;0;2;0;0;0;0
"06/12/2022";"21:39:00";"754";"Acidente s";"294,6";"BR-116/RJ";"Pista Norte";"Choque em objeto fixo";0;0;1;0;0;0;0;0;0;0;1;0;0;0;0
"06/12/2022";"21:42:00";"755";"Acidente s";"210";"BR-116/SP";"Pista Sul";"Abalroamento longitudinal";1;0;1;0;0;0;0;0;0;0;2;0;0;0;0
"06/12/2022";"21:52:00";"762";"Acidente s";"230,3";"BR-116/SP";"Pista Sul";"Choque em defensa";0;0;0;0;0;0;0;0;0;1;1;0;0;0;0
"06/12/2022";"22:45:00";"775";"Acidente c";"51,9";"BR-101/SP";"Pista Norte";"Abalroamento longitudinal";1;0;0;1;0;0;0;0;0;0;1;1;0;0;0
"06/12/2022";"23:37:00";"786";"Acidente s";"220";"BR-116/SP";"Pista Norte";"Não Def";2;0;0;0;0;0;0;0;0;0;4;0;0;0;0
"07/12/2022";"00:17:00";"13";"Acidente s";"218";"BR-116/SP";"Pista Norte";"Choque em objeto fixo";1;0;0;0;0;1;0;0;0;0;3;0;0;0;0
"07/12/2022";"00:39:00";"20";"Acidente s";"383,7";"BR-101/RJ";"Pista Sul";"Choque em objeto fixo";1;0;0;0;0;0;0;0;0;0;1;0;0;0;0
"07/12/2022";"00:44:00";"21";"Atropelame";"264,05";"BR-116/RJ";"Pista Sul";"Atropelamento de pedestre caminhando";0;0;0;0;0;1;0;0;0;0;1;0;0;0;1
"07/12/2022";"05:42:00";"69";"Acidente c";"86,95";"BR-116/SP";"Pista Sul";"Colisão traseira";0;0;2;0;0;0;0;0;0;0;0;2;0;0;0
"07/12/2022";"06:26:00";"105";"Acidente s";"201";"BR-116/SP";"Pista Sul";"Choque em objeto fixo";1;0;0;0;0;0;0;0;0;0;1;0;0;0;0
"07/12/2022";"07:26:00";"209";"Acidente c";"155,4";"BR-116/SP";"Pista Norte";"Queda de moto";0;0;0;1;0;0;0;0;0;0;0;1;0;0;0
"07/12/2022";"07:39:00";"232";"Acidente c";"229,9";"BR-116/SP";"Pista Sul";"Queda de moto";0;0;0;1;0;0;0;0;0;0;0;1;0;0;0
"07/12/2022";"08:11:00";"287";"Acidente c";"173,4";"BR-116/RJ";"Pista Norte";"Queda de Carga";0;0;0;1;0;0;0;0;0;0;0;1;0;0;0
"07/12/2022";"08:17:00";"296";"Acidente c";"51,2";"BR-116/SP";"Pista Norte";"Atropelamento de animal";1;0;0;0;0;0;0;0;0;0;0;1;0;0;0
"07/12/2022";"09:12:00";"366";"Acidente s";"479,5";"BR-101/RJ";"Pista Sul";"Engavetamento";3;0;0;0;0;0;0;0;0;0;3;0;0;0;0
"07/12/2022";"10:27:00";"444";"Acidente c";"480";"BR-101/RJ";"Pista Norte";"Abalroamento longitudinal";1;0;0;1;0;0;0;0;0;0;4;1;0;0;0
"07/12/2022";"11:13:00";"485";"Acidente c";"301";"BR-116/RJ";"Pista Norte";"Abalroamento longitudinal";1;0;0;1;0;0;0;0;0;0;1;0;2;0;0
"07/12/2022";"11:18:00";"486";"Acidente s";"481";"BR-101/RJ";"Pista Sul";"Colisão traseira";2;0;0;0;0;0;0;0;0;0;2;0;0;0;0
"07/12/2022";"11:30:00";"494";"Acidente c";"224,95";"BR-116/SP";"Pista Norte";"Choque em defensa";0;0;1;0;0;0;0;0;0;0;0;1;0;0;0
"07/12/2022";"11:45:00";"503";"Acidente c";"11,9";"BR-116/SP";"Pista Norte";"Abalroamento longitudinal";2;0;1;0;0;0;0;0;0;0;1;1;1;0;0
"07/12/2022";"12:32:00";"537";"Acidente s";"231";"BR-116/RJ";"Pista Norte";"Capotamento";1;0;0;0;0;1;0;0;0;0;2;0;0;0;0
"07/12/2022";"13:24:00";"572";"Acidente s";"170";"BR-116/RJ";"Pista Sul";"Capotamento";1;0;0;0;0;0;0;0;0;0;2;0;0;0;0
"07/12/2022";"13:37:00";"580";"Acidente s";"313,4";"BR-116/RJ";"Pista Norte";"Choque em defensa";1;0;0;0;0;0;0;0;0;0;2;0;0;0;0
"07/12/2022";"15:02:00";"649";"Acidente c";"485,5";"BR-101/RJ";"Pista Norte";"Colisão traseira";0;0;0;1;0;0;0;0;0;1;1;0;1;0;0
"07/12/2022";"15:08:00";"652";"Acidente s";"286,2";"BR-116/RJ";"Pista Norte";"Tombamento";0;0;1;0;0;0;0;0;0;0;1;0;0;0;0
"07/12/2022";"15:36:00";"670";"Acidente c";"244,8";"BR-116/RJ";"Pista Norte";"Colisão traseira";0;0;1;0;0;0;0;0;0;1;1;1;0;0;0
"07/12/2022";"16:31:00";"710";"Acidente s";"156,2";"BR-116/SP";"Pista Norte";"Engavetamento";3;0;1;0;0;0;0;0;0;0;6;0;0;0;0
"07/12/2022";"16:43:00";"717";"Acidente s";"234,2";"BR-116/RJ";"Pista Norte";"Colisão traseira";0;0;1;0;1;0;0;0;0;0;6;0;0;0;0
"07/12/2022";"16:48:00";"721";"Acidente s";"224,6";"BR-116/SP";"Pista Norte";"Engavetamento";1;0;0;0;0;2;0;0;0;0;3;0;0;0;0
"07/12/2022";"17:20:00";"738";"Acidente c";"146";"BR-116/SP";"Pista Norte";"Colisão traseira";1;0;0;1;0;0;0;0;0;0;2;1;0;0;0
"07/12/2022";"17:55:00";"752";"Acidente s";"143,9";"BR-116/SP";"Pista Sul";"Colisão traseira";2;0;0;0;0;0;0;0;0;0;6;0;0;0;0
"07/12/2022";"18:01:00";"754";"Acidente s";"155";"BR-116/SP";"Pista Norte";"Abalroamento longitudinal";2;0;0;0;0;0;0;0;0;0;2;0;0;0;0
"07/12/2022";"18:17:00";"765";"Acidente c";"73";"BR-116/SP";"Pista Norte";"Queda de moto";0;0;0;1;0;0;0;0;0;0;1;0;1;0;0
"07/12/2022";"19:50:00";"823";"Acidente c";"184";"BR-116/RJ";"Pista Sul";"Colisão traseira";1;0;0;1;0;0;0;0;0;0;1;1;0;0;0
"07/12/2022";"20:15:00";"835";"Acidente s";"50,5";"BR-116/SP";"Pista Norte";"Choque em defensa";1;0;0;0;0;0;0;0;0;0;2;0;0;0;0
"07/12/2022";"21:01:00";"858";"Atropelame";"412";"BR-101/RJ";"Pista Sul";"Atropelamento de pedestre caminhando";1;0;0;0;0;0;0;0;0;0;1;0;0;0;1
"07/12/2022";"22:50:00";"895";"Acidente s";"227,5";"BR-116/RJ";"Pista Norte";"Choque Talude";0;0;1;0;0;0;0;0;0;0;1;0;0;0;0
"08/12/2022";"00:21:00";"18";"Acidente s";"274,1";"BR-116/RJ";"Pista Norte";"Choque em objeto na pista";1;0;0;0;0;0;0;0;0;0;1;0;0;0;0
"08/12/2022";"06:52:00";"151";"Acidente s";"184,5";"BR-116/RJ";"Pista Norte";"Engavetamento";2;0;1;0;0;0;0;0;0;0;5;0;0;0;0
"08/12/2022";"07:19:00";"186";"Acidente s";"193";"BR-116/RJ";"Pista Norte";"Engavetamento";1;0;0;0;0;2;0;0;0;0;4;0;0;0;0
"08/12/2022";"07:49:00";"228";"Acidente s";"192,7";"BR-116/RJ";"Pista Sul";"Colisão traseira";2;0;0;0;0;0;0;0;0;0;2;0;0;0;0
"08/12/2022";"07:50:00";"229";"Acidente c";"192,7";"BR-116/RJ";"Pista Norte";"Abalroamento longitudinal";1;0;0;1;0;0;0;0;0;0;1;1;0;0;0
"08/12/2022";"08:02:00";"251";"Acidente s";"178,9";"BR-116/RJ";"Pista Norte";"Abalroamento longitudinal";1;0;0;0;0;1;0;0;0;0;2;0;0;0;0
"08/12/2022";"09:39:00";"384";"Acidente s";"579,8";"BR-101/RJ";"Pista Norte";"Choque em objeto fixo";1;0;0;0;0;0;0;0;0;0;1;0;0;0;0
"08/12/2022";"09:50:00";"396";"Acidente c";"447,4";"BR-101/RJ";"Pista Norte";"Choque Talude";1;0;0;0;0;0;0;0;0;0;0;1;0;0;0
"08/12/2022";"10:54:00";"447";"Acidente c";"501";"BR-101/RJ";"Pista Sul";"Queda de moto";0;0;0;1;0;0;0;0;0;0;0;1;0;0;0
"08/12/2022";"11:21:00";"472";"Acidente s";"50";"BR-116/SP";"Pista Sul";"Colisão traseira";0;0;2;0;0;0;0;0;0;0;2;0;0;0;0
"08/12/2022";"12:17:00";"499";"Acidente s";"184,9";"BR-116/RJ";"Pista Norte";"Engavetamento";3;0;0;0;0;0;0;0;0;0;3;0;0;0;0
"08/12/2022";"13:10:00";"539";"Acidente s";"437";"BR-101/RJ";"Pista Sul";"Queda de ribanceira";0;0;1;0;0;0;0;0;0;0;1;0;0;0;0
"08/12/2022";"14:51:00";"599";"Acidente s";"227,1";"BR-116/SP";"Pista Sul";"Colisão traseira";1;0;1;0;0;0;0;0;0;0;2;0;0;0;0
"08/12/2022";"15:11:00";"617";"Acidente c";"255,1";"BR-116/RJ";"Pista Norte";"Colisão traseira";2;0;0;0;0;0;0;0;0;0;6;2;0;0;0
"08/12/2022";"15:46:00";"644";"Acidente c";"245";"BR-116/RJ";"Pista Norte";"Engavetamento";1;0;1;0;0;1;0;0;0;0;1;0;2;0;0
"08/12/2022";"15:47:00";"646";"Acidente c";"142";"BR-116/SP";"Pista Norte";"Engavetamento";3;0;0;0;0;0;0;0;0;0;10;0;1;0;0
"08/12/2022";"15:53:00";"648";"Acidente c";"223";"BR-116/SP";"Pista Sul";"Colisão traseira";2;0;0;0;0;0;0;0;0;0;1;1;0;0;0
"08/12/2022";"16:14:00";"662";"Acidente s";"140,5";"BR-116/SP";"Pista Sul";"Engavetamento";1;0;1;0;0;0;0;0;0;1;4;0;0;0;0
"08/12/2022";"17:03:00";"686";"Acidente s";"394";"BR-101/RJ";"Pista Sul";"Colisão traseira";1;0;0;0;0;1;0;0;0;0;2;0;0;0;0
"08/12/2022";"17:50:00";"710";"Acidente s";"439";"BR-101/RJ";"Pista Norte";"Abalroamento longitudinal";0;0;0;0;0;0;0;0;0;2;4;0;0;0;0
"08/12/2022";"18:26:00";"751";"Acidente s";"120,9";"BR-116/SP";"Pista Norte";"Colisão traseira";2;0;0;0;0;0;0;0;0;0;2;0;0;0;0