data;horario;n_da_ocorrencia;tipo_de_ocorrencia;km;trecho;sentido;tipo_de_acidente;automovel;bicicleta;caminhao;moto;onibus;outros;tracao_animal;transporte_de_cargas_especiais;trator_maquinas;utilitarios;ilesos;levemente_feridos;moderadamente_feridos;gravemente_feridos;mortos
"08/12/2022";"18:33:00";"762";"Acidente s";"417";"BR-101/RJ";"Pista Sul";"Choque em objeto fixo";1;0;0;0;0;0;0;0;0;0;1;0;0;0;0
"08/12/2022";"18:40:00";"767";"Acidente c";"216";"BR-116/SP";"Pista Norte";"Colisão traseira";2;0;0;0;0;0;0;0;0;0;1;2;0;0;0
"08/12/2022";"18:44:00";"769";"Acidente c";"51,1";"BR-116/SP";"Pista Norte";"Choque em objeto fixo";1;0;0;0;0;0;0;0;0;0;0;1;0;0;0
"08/12/2022";"18:49:00";"771";"Acidente c";"420";"BR-101/RJ";"Pista Norte";"Engavetamento";3;0;0;0;0;0;0;0;0;0;5;1;0;0;0
"08/12/2022";"19:12:00";"786";"Acidente c";"173,1";"BR-116/RJ";"Pista Sul";"Engavetamento";2;0;0;0;0;0;0;0;0;1;4;1;0;0;0
"08/12/2022";"19:20:00";"790";"Acidente s";"286,9";"BR-116/RJ";"Pista Sul";"Choque em objeto na pista";1;0;0;0;0;0;0;0;0;0;4;0;0;0;0
"08/12/2022";"21:28:00";"864";"Acidente s";"154";"BR-116/SP";"Pista Sul";"Colisão frontal";1;0;1;0;0;0;0;0;0;0;4;0;0;0;0
"09/12/2022";"00:20:00";"16";"Acidente s";"42,7";"BR-116/SP";"Pista Sul";"Colisão traseira";1;0;0;0;0;1;0;0;0;0;2;0;0;0;0
"09/12/2022";"01:31:00";"36";"Acidente s";"271";"BR-116/RJ";"Pista Norte";"Choque em objeto fixo";1;0;0;0;0;1;0;0;0;0;6;0;0;0;0
"09/12/2022";"03:21:00";"56";"Acidente s";"218";"BR-116/SP";"Pista Norte";"Choque em objeto na pista";1;0;1;0;0;0;0;0;0;0;2;0;0;0;0
"09/12/2022";"06:11:00";"101";"Acidente s";"216,2";"BR-116/SP";"Pista Sul";"Choque em barreira New Jersey";1;0;0;0;0;0;0;0;0;0;1;0;0;0;0
"09/12/2022";"06:38:00";"130";"Acidente c";"226,4";"BR-116/RJ";"Pista Sul";"Tombamento";0;0;1;0;0;0;0;0;0;0;0;1;1;0;0
"09/12/2022";"07:23:00";"197";"Acidente c";"217,8";"BR-116/SP";"Pista Sul";"Choque em barreira New Jersey";1;0;0;0;0;0;0;0;0;0;0;1;0;0;0
"09/12/2022";"09:17:00";"346";"Acidente s";"418,1";"BR-101/RJ";"Pista Norte";"Colisão traseira";2;0;0;0;0;0;0;0;0;0;4;0;0;0;0
"09/12/2022";"09:27:00";"355";"Acidente c";"121";"BR-116/SP";"Pista Sul";"Engavetamento";1;0;0;0;0;1;0;0;0;1;4;1;0;0;0
"09/12/2022";"11:07:00";"423";"Acidente c";"139";"BR-116/SP";"Pista Sul";"Abalroamento longitudinal";0;0;1;1;0;0;0;0;0;0;1;0;1;0;0
"09/12/2022";"11:20:00";"440";"Acidente s";"181";"BR-116/SP";"Pista Norte";"Choque em objeto fixo";1;0;0;0;0;0;0;0;0;0;2;0;0;0;0
"09/12/2022";"11:26:00";"445";"Acidente s";"489";"BR-101/RJ";"Pista Norte";"Colisão traseira";2;0;0;0;0;0;0;0;0;0;3;0;0;0;0
"09/12/2022";"11:35:00";"451";"Acidente s";"461";"BR-101/RJ";"Pista Norte";"Choque em objeto fixo";1;0;0;0;0;0;0;0;0;0;1;0;0;0;0
"09/12/2022";"11:39:00";"454";"Acidente s";"119,4";"BR-116/SP";"Pista Norte";"Engavetamento";3;0;0;0;0;0;0;0;0;0;6;0;0;0;0
"09/12/2022";"12:37:00";"479";"Acidente c";"230,45";"BR-116/SP";"Pista Norte";"Queda de moto";0;0;1;1;0;0;0;0;0;0;1;0;0;0;1
"09/12/2022";"14:20:00";"538";"Acidente c";"174,1";"BR-116/SP";"Pista Norte";"Choque em barreira New Jersey";1;0;0;0;0;0;0;0;0;0;0;1;0;0;0
"09/12/2022";"16:04:00";"595";"Acidente c";"222";"BR-116/SP";"Pista Norte";"Queda de moto";0;0;0;1;0;0;0;0;0;0;0;1;0;0;0
"09/12/2022";"16:13:00";"603";"Acidente c";"145,9";"BR-116/SP";"Pista Sul";"Engavetamento";3;0;0;0;0;0;0;0;0;0;2;6;0;0;0
"09/12/2022";"16:52:00";"622";"Acidente c";"210,2";"BR-116/SP";"Pista Norte";"Capotamento";1;0;0;0;0;0;0;0;0;0;0;0;0;0;1
"09/12/2022";"17:21:00";"641";"Acidente s";"324,9";"BR-116/RJ";"Pista Norte";"Colisão traseira";1;0;1;0;0;0;0;0;0;0;3;0;0;0;0
"09/12/2022";"17:42:00";"654";"Acidente s";"157,2";"BR-116/SP";"Pista Norte";"Colisão traseira";1;0;0;0;0;1;0;0;0;0;2;0;0;0;0
"09/12/2022";"17:47:00";"656";"Acidente s";"324,9";"BR-116/RJ";"Pista Sul";"Colisão traseira";1;0;1;0;0;0;0;0;0;0;2;0;0;0;0
"09/12/2022";"18:32:00";"680";"Acidente c";"485";"BR-101/RJ";"Pista Sul";"Abalroamento longitudinal";0;0;0;1;0;1;0;0;0;0;1;1;0;0;0
"09/12/2022";"18:42:00";"686";"Acidente s";"38";"BR-116/SP";"Pista Norte";"Choque em objeto na pista";1;0;0;0;0;0;0;0;0;0;1;0;0;0;0
"09/12/2022";"20:32:00";"741";"Acidente c";"456";"BR-101/RJ";"Pista Norte";"Abalroamento longitudinal";1;0;0;1;0;0;0;0;0;0;2;2;0;0;0
"09/12/2022";"20:49:00";"746";"Atropelame";"109,4";"BR-116/SP";"Pista Norte";"Atropelamento de pedestre atravessando";0;1;0;0;0;1;0;0;0;0;1;0;0;1;0
"09/12/2022";"21:26:00";"765";"Acidente s";"173,3";"BR-116/SP";"Pista Norte";"Choque em objeto na pista";1;0;0;0;0;0;0;0;0;0;2;0;0;0;0
"09/12/2022";"21:41:00";"770";"Acidente s";"52,1";"BR-116/SP";"Pista Norte";"Abalroamento longitudinal";1;0;1;0;0;0;0;0;0;0;2;0;0;0;0
"09/12/2022";"22:42:00";"785";"Acidente c";"45";"BR-101/SP";"Pista Sul";"Abalroamento longitudinal";0;0;0;2;0;0;0;0;0;0;1;1;0;0;0
"09/12/2022";"23:01:00";"791";"Acidente s";"144";"BR-116/SP";"Pista Norte";"Queda de ribanceira";1;0;0;0;0;0;0;0;0;0;2;0;0;0;0
"09/12/2022";"23:48:00";"805";"Acidente s";"262,4";"BR-116/RJ";"Pista Sul";"Abalroamento longitudinal";1;0;0;0;0;1;0;0;0;0;3;0;0;0;0
"09/12/2022";"23:56:00";"811";"Acidente s";"162,1";"BR-116/SP";"Pista Sul";"Choque em defensa";0;0;1;0;0;0;0;0;0;0;1;0;0;0;0
"10/12/2022";"00:08:00";"12";"Acidente s";"214,5";"BR-116/SP";"Pista Sul";"Colisão traseira";2;0;0;0;0;0;0;0;0;0;3;0;0;0;0
"10/12/2022";"00:34:00";"19";"Acidente s";"227,6";"BR-116/SP";"Pista Sul";"Choque em defensa";1;0;0;0;0;0;0;0;0;0;2;0;0;0;0
"10/12/2022";"01:29:00";"34";"Acidente s";"214,35";"BR-116/SP";"Pista Sul";"Colisão traseira";1;0;0;0;0;1;0;0;0;0;2;0;0;0;0
"10/12/2022";"01:40:00";"38";"Acidente c";"225,7";"BR-116/SP";"Pista Sul";"Queda de moto";0;0;0;1;0;0;0;0;0;0;0;0;0;1;0
"10/12/2022";"04:25:00";"54";"Acidente c";"215,4";"BR-116/SP";"Pista Norte";"Choque em veículo parado na pista";2;0;0;0;0;0;0;0;0;0;1;1;0;0;0
"10/12/2022";"04:26:00";"55";"Acidente c";"409,5";"BR-101/RJ";"Pista Norte";"Atropelamento de animal";0;0;0;1;0;0;0;0;0;0;0;1;0;0;0
"10/12/2022";"05:57:00";"83";"Acidente c";"187,1";"BR-116/SP";"Pista Norte";"Queda de moto";1;0;0;1;0;1;0;0;0;0;4;2;0;0;0
"10/12/2022";"07:37:00";"208";"Acidente s";"145,5";"BR-116/SP";"Pista Norte";"Colisão traseira";2;0;0;0;0;0;0;0;0;0;7;0;0;0;0
"10/12/2022";"07:45:00";"219";"Acidente s";"409,6";"BR-101/RJ";"Pista Norte";"Colisão traseira";1;0;1;0;0;0;0;0;0;0;2;0;0;0;0
"10/12/2022";"08:22:00";"260";"Acidente c";"116";"BR-116/SP";"Pista Norte";"Engavetamento";1;0;0;2;0;0;0;0;0;0;3;1;1;0;0
"10/12/2022";"09:02:00";"310";"Acidente c";"192,95";"BR-116/SP";"Pista Norte";"Colisão traseira";0;0;0;2;0;0;0;0;0;0;1;1;0;0;0
"10/12/2022";"09:22:00";"321";"Acidente s";"121";"BR-116/SP";"Pista Norte";"Engavetamento";4;0;0;0;0;0;0;0;0;0;4;0;0;0;0
"10/12/2022";"09:57:00";"347";"Acidente s";"124,3";"BR-116/SP";"Pista Norte";"Abalroamento longitudinal";1;0;1;0;0;0;0;0;0;0;2;0;0;0;0
"10/12/2022";"11:52:00";"431";"Acidente s";"217,1";"BR-116/SP";"Pista Norte";"Colisão traseira";1;0;1;0;0;0;0;0;0;0;2;0;0;0;0
"10/12/2022";"12:20:00";"445";"Acidente s";"231,2";"BR-116/SP";"Pista Sul";"Colisão traseira";2;0;0;0;0;0;0;0;0;0;2;0;0;0;0
"10/12/2022";"13:11:00";"476";"Acidente s";"209,7";"BR-116/SP";"Pista Sul";"Colisão traseira";2;0;0;0;0;0;0;0;0;0;7;0;0;0;0
"10/12/2022";"13:44:00";"500";"Acidente s";"556";"BR-101/RJ";"Pista Sul";"Choque em objeto fixo";1;0;0;0;0;0;0;0;0;0;1;0;0;0;0
"10/12/2022";"14:17:00";"521";"Acidente s";"208,2";"BR-116/SP";"Pista Sul";"Engavetamento";3;0;0;0;0;0;0;0;0;0;5;0;0;0;0
"10/12/2022";"14:37:00";"539";"Acidente s";"226";"BR-116/SP";"Pista Sul";"Colisão traseira";1;0;1;0;0;0;0;0;0;0;2;0;0;0;0
"10/12/2022";"14:51:00";"551";"Acidente s";"280";"BR-116/RJ";"Pista Norte";"Choque em defensa";1;0;0;0;0;0;0;0;0;0;1;0;0;0;0
"10/12/2022";"15:15:00";"567";"Acidente s";"217";"BR-116/RJ";"Pista Sul";"Choque em barreira New Jersey";1;0;0;0;0;0;0;0;0;0;2;0;0;0;0
"10/12/2022";"16:12:00";"618";"Atropelame";"323,3";"BR-116/RJ";"Pista Sul";"Atropelamento de pedestre atravessando";1;1;0;0;0;0;0;0;0;0;2;0;0;1;0
"10/12/2022";"16:35:00";"635";"Acidente s";"92,2";"BR-116/SP";"Pista Sul";"Engavetamento";2;0;1;0;0;1;0;0;0;0;8;0;0;0;0
"10/12/2022";"17:00:00";"643";"Acidente s";"224,5";"BR-116/SP";"Pista Sul";"Colisão traseira";1;0;0;0;0;1;0;0;0;0;2;0;0;0;0
"10/12/2022";"17:11:00";"649";"Acidente s";"576";"BR-101/RJ";"Pista Sul";"Abalroamento longitudinal";2;0;0;0;0;0;0;0;0;0;3;0;0;0;0
"10/12/2022";"17:15:00";"656";"Acidente s";"35,8";"BR-101/SP";"Pista Sul";"Colisão traseira";2;0;0;0;0;0;0;0;0;0;2;0;0;0;0
"10/12/2022";"18:55:00";"722";"Acidente s";"418,5";"BR-101/RJ";"Pista Sul";"Choque em defensa";0;0;1;0;0;0;0;0;0;0;3;0;0;0;0
"10/12/2022";"20:04:00";"768";"Acidente c";"276,5";"BR-116/RJ";"Pista Norte";"Abalroamento longitudinal";1;0;0;1;0;0;0;0;0;0;2;0;1;0;0
"10/12/2022";"21:11:00";"796";"Atropelame";"48";"BR-101/SP";"Pista Norte";"Atropelamento de pedestre atravessando";0;1;0;0;0;1;0;0;0;0;1;1;0;0;0
"10/12/2022";"23:23:00";"839";"Acidente s";"131,4";"BR-116/SP";"Pista Sul";"Choque em barreira New Jersey";1;0;0;0;0;0;0;0;0;0;1;0;0;0;0
"11/12/2022";"00:18:00";"14";"Acidente s";"172,5";"BR-116/RJ";"Pista Sul";"Atropelamento de animal";1;0;0;0;0;0;0;0;0;0;1;0;0;0;0
"11/12/2022";"00:48:00";"21";"Atropelame";"145,75";"BR-116/SP";"Pista Norte";"Atropelamento de pedestre atravessando";0;0;0;0;0;1;0;0;0;0;1;0;0;0;1
"11/12/2022";"02:49:00";"53";"Acidente s";"144";"BR-116/SP";"Pista Norte";"Abalroamento longitudinal";1;0;0;0;0;1;0;0;0;0;4;0;0;0;0
"11/12/2022";"03:10:00";"55";"Acidente c";"174";"BR-116/RJ";"Pista Sul";"Queda de moto";0;0;0;1;0;0;0;0;0;0;0;1;0;0;0
"11/12/2022";"04:05:00";"65";"Acidente s";"302";"BR-116/RJ";"Pista Norte";"Atropelamento de animal";1;0;0;0;0;0;0;0;0;0;1;0;0;0;0
"11/12/2022";"04:17:00";"67";"Acidente s";"317";"BR-116/RJ";"Pista Norte";"Choque em objeto fixo";1;0;0;0;0;0;0;0;0;0;1;0;0;0;0
"11/12/2022";"06:31:00";"112";"Acidente s";"485";"BR-101/RJ";"Pista Norte";"Choque em objeto fixo";1;0;0;0;0;0;0;0;0;0;1;0;0;0;0
"11/12/2022";"07:10:00";"148";"Acidente c";"115,6";"BR-116/SP";"Pista Norte";"Engavetamento";3;0;0;0;0;1;0;0;0;0;11;2;0;0;0
"11/12/2022";"07:20:00";"161";"Acidente c";"95,1";"BR-116/SP";"Pista Sul";"Colisão traseira";0;0;0;1;0;0;0;0;0;0;0;1;0;0;0
"11/12/2022";"08:33:00";"221";"Acidente c";"408";"BR-101/RJ";"Pista Sul";"Queda de moto";0;0;0;1;0;0;0;0;0;0;0;1;0;0;0
"11/12/2022";"10:03:00";"271";"Acidente c";"36,6";"BR-116/SP";"Pista Sul";"Choque em defensa";1;0;0;0;0;0;0;0;0;0;0;1;0;0;0
"11/12/2022";"10:52:00";"307";"Acidente s";"291";"BR-116/RJ";"Pista Sul";"Choque em defensa";1;0;0;0;0;0;0;0;0;0;1;0;0;0;0
"11/12/2022";"11:36:00";"336";"Acidente s";"218,9";"BR-116/SP";"Pista Norte";"Colisão traseira";1;0;0;0;0;1;0;0;0;0;2;0;0;0;0
"11/12/2022";"11:41:00";"339";"Acidente c";"229";"BR-116/RJ";"Pista Norte";"Queda de moto";0;0;0;1;0;0;0;0;0;0;0;0;1;0;0
"11/12/2022";"11:44:00";"341";"Acidente c";"196,8";"BR-116/SP";"Pista Norte";"Colisão traseira";1;0;1;0;0;0;0;0;0;0;1;2;0;0;0
"11/12/2022";"12:05:00";"355";"Acidente c";"56,9";"BR-116/SP";"Pista Norte";"Abalroamento longitudinal";1;0;0;0;0;1;0;0;0;0;1;1;0;0;0
"11/12/2022";"12:11:00";"358";"Acidente s";"105,8";"BR-116/SP";"Pista Norte";"Engavetamento";3;0;0;0;0;0;0;0;0;0;3;0;0;0;0
"11/12/2022";"14:22:00";"437";"Acidente s";"264";"BR-116/RJ";"Pista Sul";"Choque em objeto fixo";1;0;0;0;0;0;0;0;0;0;1;0;0;0;0
"11/12/2022";"14:30:00";"443";"Acidente s";"284,4";"BR-116/RJ";"Pista Sul";"Choque em defensa";1;0;0;0;0;0;0;0;0;0;1;0;0;0;0
"11/12/2022";"15:42:00";"501";"Acidente s";"432,8";"BR-101/RJ";"Pista Norte";"Colisão traseira";2;0;0;0;0;0;0;0;0;0;8;0;0;0;0
"11/12/2022";"16:13:00";"516";"Acidente c";"40,8";"BR-116/SP";"Pista Norte";"Queda de moto";0;0;0;1;0;0;0;0;0;0;0;1;1;0;0
"11/12/2022";"16:42:00";"533";"Acidente c";"92";"BR-116/SP";"Pista Sul";"Abalroamento longitudinal";1;0;0;1;0;0;0;0;0;0;1;0;1;1;0
"11/12/2022";"17:39:00";"568";"Acidente s";"19,1";"BR-116/SP";"Pista Norte";"Colisão traseira";0;0;2;0;0;0;0;0;0;0;2;0;0;0;0
"11/12/2022";"18:15:00";"588";"Acidente c";"428";"BR-101/RJ";"Pista Norte";"Abalroamento longitudinal";2;0;0;0;0;0;0;0;0;0;0;4;0;0;0
"11/12/2022";"18:57:00";"615";"Acidente s";"100";"BR-116/SP";"Pista Sul";"Abalroamento longitudinal";1;0;0;0;1;0;0;0;0;0;46;0;0;0;0
"11/12/2022";"20:58:00";"685";"Acidente s";"426";"BR-101/RJ";"Pista Norte";"Abalroamento longitudinal";2;0;0;0;0;0;0;0;0;0;3;0;0;0;0
"11/12/2022";"21:12:00";"694";"Acidente s";"133,2";"BR-116/SP";"Pista Sul";"Colisão traseira";1;0;0;0;0;1;0;0;0;0;3;0;0;0;0
"11/12/2022";"21:46:00";"703";"Acidente s";"262,3";"BR-116/RJ";"Pista Norte";"Abalroamento longitudinal";1;0;0;0;0;1;0;0;0;0;2;0;0;0;0
"11/12/2022";"23:42:00";"753";"Acidente c";"172,2";"BR-116/RJ";"Pista Norte";"Queda de moto";0;0;0;1;0;0;0;0;0;0;0;0;1;0;0
"12/12/2022";"06:35:00";"144";"Acidente c";"229,3";"BR-116/RJ";"Pista Norte";"Tombamento";0;0;1;0;0;0;0;0;0;0;0;1;0;0;0
"12/12/2022";"06:38:00";"146";"Acidente c";"177";"BR-116/RJ";"Pista Norte";"Abalroamento longitudinal";0;0;0;1;0;1;0;0;0;0;1;1;1;0;0
"12/12/2022";"06:47:00";"156";"Acidente s";"183,3";"BR-116/RJ";"Pista Sul";"Abalroamento longitudinal";1;0;0;0;0;0;0;0;0;1;3;0;0;0;0
"12/12/2022";"07:07:00";"179";"Acidente c";"205,2";"BR-116/SP";"Pista Sul";"Engavetamento";0;0;1;2;0;0;0;0;0;0;3;1;0;0;0
"12/12/2022";"07:08:00";"181";"Acidente s";"255";"BR-116/RJ";"Pista Sul";"Choque em barreira New Jersey";1;0;0;0;0;0;0;0;0;0;1;0;0;0;0
"12/12/2022";"08:38:00";"310";"Acidente c";"175,6";"BR-116/RJ";"Pista Norte";"Colisão traseira";1;0;0;1;0;0;0;0;0;0;1;1;0;0;0
"12/12/2022";"09:45:00";"408";"Acidente s";"202,5";"BR-116/SP";"Pista Sul";"Abalroamento longitudinal";1;0;1;0;0;0;0;0;0;0;2;0;0;0;0
"12/12/2022";"10:08:00";"435";"Acidente c";"102,2";"BR-116/SP";"Pista Sul";"Queda de moto";0;0;0;1;0;0;0;0;0;0;1;1;0;0;0
"12/12/2022";"10:36:00";"473";"Acidente c";"112";"BR-116/SP";"Pista Norte";"Colisão traseira";0;0;2;0;0;0;0;0;0;0;1;1;0;0;0
"12/12/2022";"10:59:00";"488";"Acidente s";"247,5";"BR-116/RJ";"Pista Norte";"Abalroamento longitudinal";1;0;0;0;0;1;0;0;0;0;2;0;0;0;0
"12/12/2022";"11:20:00";"504";"Acidente c";"171,8";"BR-116/RJ";"Pista Norte";"Colisão traseira";2;0;0;0;0;0;0;0;0;0;1;1;0;0;0
"12/12/2022";"11:27:00";"510";"Acidente c";"211,2";"BR-116/SP";"Pista Sul";"Colisão traseira";1;0;0;0;0;1;0;0;0;0;1;3;0;0;0
"12/12/2022";"13:25:00";"613";"Acidente s";"151,2";"BR-116/SP";"Pista Sul";"Abalroamento longitudinal";1;0;1;0;0;0;0;0;0;0;2;0;0;0;0
"12/12/2022";"15:25:00";"691";"Acidente s";"419";"BR-101/RJ";"Pista Sul";"Colisão frontal";2;0;0;0;0;0;0;0;0;0;2;0;0;0;0
"12/12/2022";"16:08:00";"731";"Acidente s";"46";"BR-116/SP";"Pista Norte";"Não Def";2;0;0;0;0;0;0;0;0;0;2;0;0;0;0
"12/12/2022";"16:26:00";"751";"Acidente s";"49";"BR-101/SP";"Pista Sul";"Colisão traseira";1;0;0;0;0;1;0;0;0;0;3;0;0;0;0
"12/12/2022";"18:17:00";"826";"Acidente s";"183";"BR-116/RJ";"Pista Sul";"Colisão traseira";0;0;0;1;0;1;0;0;0;0;2;0;0;0;0
"12/12/2022";"19:12:00";"873";"Acidente s";"185,3";"BR-116/RJ";"Pista Norte";"Choque em defensa";1;0;0;0;0;0;0;0;0;0;1;0;0;0;0
"12/12/2022";"19:20:00";"879";"Acidente c";"188";"BR-116/RJ";"Pista Norte";"Choque em barreira New Jersey";1;0;0;0;0;0;0;0;0;0;1;1;0;0;0
"12/12/2022";"19:46:00";"896";"Acidente s";"215";"BR-116/RJ";"Pista Sul";"Choque em objeto fixo";0;0;1;0;0;0;0;0;0;0;1;0;0;0;0
"12/12/2022";"20:20:00";"912";"Acidente c";"211";"BR-116/RJ";"Pista Sul";"Colisão traseira";2;0;0;0;0;0;0;0;0;0;3;1;0;0;0
"12/12/2022";"20:30:00";"918";"Acidente c";"573";"BR-101/RJ";"Pista Sul";"Queda de moto";0;0;0;1;0;0;0;0;0;0;0;1;0;0;0
"12/12/2022";"20:50:00";"928";"Acidente c";"337,5";"BR-116/RJ";"Pista Sul";"Engavetamento";0;0;2;0;0;1;0;0;0;0;2;0;1;0;0
"12/12/2022";"23:35:00";"1008";"Atropelame";"231,1";"BR-116/SP";"Pista Sul";"Atropelamento de pedestre atravessando";1;0;0;0;0;0;0;0;0;0;1;0;0;0;1
"13/12/2022";"00:16:00";"18";"Acidente c";"574,5";"BR-101/RJ";"Pista Norte";"Atropelamento de animal";1;0;0;0;0;0;0;0;0;0;1;1;0;0;0
"13/12/2022";"00:21:00";"22";"Acidente s";"248,9";"BR-116/RJ";"Pista Sul";"Colisão traseira";0;0;1;0;0;1;0;0;0;0;2;0;0;0;0
"13/12/2022";"04:22:00";"67";"Acidente s";"132,1";"BR-116/SP";"Pista Norte";"Colisão traseira";0;0;2;0;0;0;0;0;0;0;2;0;0;0;0
"13/12/2022";"05:09:00";"81";"Acidente s";"184,9";"BR-116/RJ";"Pista Norte";"Engavetamento";1;0;1;0;1;0;0;0;0;0;33;0;0;0;0
"13/12/2022";"07:10:00";"176";"Acidente s";"50";"BR-101/SP";"Pista Norte";"Colisão traseira";0;0;1;0;1;0;0;0;0;0;7;0;0;0;0
"13/12/2022";"07:19:00";"187";"Acidente c";"430";"BR-101/RJ";"Pista Norte";"Queda de moto";0;0;0;1;0;0;0;0;0;0;0;0;0;1;0
"13/12/2022";"08:10:00";"247";"Acidente s";"230";"BR-116/RJ";"Pista Norte";"Tombamento";0;0;1;0;0;0;0;0;0;0;2;0;0;0;0
"13/12/2022";"08:32:00";"277";"Acidente s";"192,9";"BR-116/SP";"Pista Sul";"Abalroamento longitudinal";1;0;1;0;0;0;0;0;0;0;2;0;0;0;0
"13/12/2022";"08:48:00";"288";"Acidente s";"419";"BR-101/RJ";"Pista Norte";"Não Def";2;0;0;0;0;0;0;0;0;0;2;0;0;0;0
"13/12/2022";"09:08:00";"311";"Acidente c";"159,8";"BR-116/SP";"Pista Norte";"Colisão traseira";0;0;2;0;0;0;0;0;0;0;1;1;0;0;0
"13/12/2022";"09:19:00";"320";"Acidente c";"192";"BR-116/RJ";"Pista Norte";"Colisão traseira";0;0;1;1;0;0;0;0;0;0;1;1;0;0;0
"13/12/2022";"09:32:00";"336";"Acidente c";"151,5";"BR-116/SP";"Pista Sul";"Choque em defensa";1;0;0;0;0;0;0;0;0;0;0;1;0;0;0
"13/12/2022";"09:36:00";"338";"Acidente s";"191,8";"BR-116/RJ";"Pista Norte";"Engavetamento";3;0;0;0;0;2;0;0;0;0;5;0;0;0;0
"13/12/2022";"10:37:00";"387";"Acidente c";"154,9";"BR-116/SP";"Pista Norte";"Abalroamento longitudinal";1;0;1;0;0;0;0;0;0;0;1;1;0;0;0
"13/12/2022";"10:56:00";"403";"Acidente s";"19";"BR-116/SP";"Pista Sul";"Choque em barreira New Jersey";0;0;1;0;0;0;0;0;0;0;2;0;0;0;0
"13/12/2022";"10:58:00";"404";"Acidente s";"486";"BR-101/RJ";"Pista Norte";"Colisão traseira";2;0;0;0;0;0;0;0;0;0;3;0;0;0;0
"13/12/2022";"10:59:00";"405";"Acidente c";"141";"BR-116/SP";"Pista Sul";"Choque em objeto fixo";0;0;1;0;0;0;0;0;0;0;0;1;0;0;0
"13/12/2022";"11:02:00";"408";"Acidente s";"229,5";"BR-116/SP";"Pista Sul";"Colisão traseira";0;0;2;0;0;0;0;0;0;0;2;0;0;0;0
"13/12/2022";"11:16:00";"419";"Acidente s";"594,05";"BR-101/RJ";"Pista Sul";"Choque em objeto fixo";1;0;0;0;0;0;0;0;0;0;1;0;0;0;0
"13/12/2022";"11:52:00";"433";"Acidente c";"430,3";"BR-101/RJ";"Pista Sul";"Colisão frontal";2;0;0;0;0;0;0;0;0;0;1;1;0;0;0
"13/12/2022";"12:00:00";"434";"Acidente c";"315,5";"BR-116/RJ";"Pista Norte";"Choque em barreira New Jersey";1;0;0;0;0;0;0;0;0;0;0;2;0;0;0
"13/12/2022";"12:15:00";"443";"Acidente s";"483,7";"BR-101/RJ";"Pista Sul";"Choque em objeto fixo";1;0;0;1;0;0;0;0;0;0;3;0;0;0;0
"13/12/2022";"12:25:00";"450";"Acidente s";"304";"BR-116/RJ";"Pista Norte";"Choque em barreira New Jersey";1;0;0;0;0;0;0;0;0;0;1;0;0;0;0
"13/12/2022";"12:38:00";"453";"Acidente s";"286";"BR-116/RJ";"Pista Sul";"Colisão traseira";2;0;0;0;0;0;0;0;0;0;5;0;0;0;0
"13/12/2022";"12:58:00";"463";"Acidente s";"212";"BR-116/RJ";"Pista Norte";"Choque em objeto fixo";0;0;1;0;0;0;0;0;0;0;1;0;0;0;0
"13/12/2022";"13:15:00";"472";"Acidente s";"193,6";"BR-116/RJ";"Pista Sul";"Choque em objeto fixo";1;0;0;0;0;0;0;0;0;0;1;0;0;0;0
"13/12/2022";"13:27:00";"477";"Acidente c";"144";"BR-116/SP";"Pista Norte";"Choque em barreira New Jersey";1;0;0;0;0;0;0;0;0;0;0;1;0;0;0
"13/12/2022";"13:34:00";"483";"Acidente c";"232";"BR-116/RJ";"Pista Norte";"Capotamento";1;0;0;0;0;0;0;0;0;0;0;1;1;0;0
"13/12/2022";"13:54:00";"497";"Acidente s";"139,7";"BR-116/SP";"Pista Sul";"Engavetamento";4;0;0;0;0;0;0;0;0;0;8;0;0;0;0
"13/12/2022";"14:02:00";"500";"Acidente s";"565";"BR-101/RJ";"Pista Norte";"Choque em objeto fixo";1;0;0;0;0;0;0;0;0;0;4;0;0;0;0
"13/12/2022";"15:07:00";"523";"Acidente s";"234";"BR-116/RJ";"Pista Norte";"Capotamento";1;0;0;0;0;0;0;0;0;0;1;0;0;0;0
"13/12/2022";"15:15:00";"529";"Acidente c";"117,4";"BR-116/SP";"Pista Sul";"Abalroamento longitudinal";1;0;0;1;0;0;0;0;0;0;5;1;0;0;0
"13/12/2022";"15:16:00";"530";"Acidente c";"128";"BR-116/SP";"Pista Sul";"Abalroamento longitudinal";1;0;0;1;0;0;0;0;0;0;1;0;1;0;0
"13/12/2022";"16:24:00";"574";"Acidente s";"6,5";"BR-116/SP";"Pista Sul";"Choque em objeto fixo";1;0;0;0;0;0;0;0;0;0;1;0;0;0;0
"13/12/2022";"17:10:00";"592";"Acidente s";"277";"BR-116/RJ";"Pista Sul";"Abalroamento longitudinal";2;0;0;0;0;0;0;0;0;0;4;0;0;0;0
"13/12/2022";"17:39:00";"612";"Acidente c";"155,1";"BR-116/SP";"Pista Norte";"Colisão traseira";0;0;1;1;0;0;0;0;0;0;1;0;1;0;0
"13/12/2022";"18:14:00";"641";"Acidente s";"430";"BR-101/RJ";"Pista Sul";"Colisão traseira";2;0;0;0;0;0;0;0;0;0;6;0;0;0;0
"13/12/2022";"18:52:00";"664";"Acidente c";"209,3";"BR-116/SP";"Pista Norte";"Engavetamento";3;0;0;0;0;0;0;0;0;0;1;2;0;0;0
"13/12/2022";"20:09:00";"696";"Acidente c";"225";"BR-116/SP";"Pista Norte";"Colisão traseira";1;0;0;1;0;0;0;0;0;0;1;1;0;0;0
"14/12/2022";"00:16:00";"15";"Acidente s";"208";"BR-116/RJ";"Pista Norte";"Atropelamento de animal";0;0;1;0;0;0;0;0;0;0;1;0;0;0;0