data;horario;n_da_ocorrencia;tipo_de_ocorrencia;km;trecho;sentido;tipo_de_acidente;automovel;bicicleta;caminhao;moto;onibus;outros;tracao_animal;transporte_de_cargas_especiais;trator_maquinas;utilitarios;ilesos;levemente_feridos;moderadamente_feridos;gravemente_feridos;mortos
"14/12/2022";"05:44:00";"77";"Acidente s";"165,2";"BR-116/SP";"Pista Sul";"Colisão traseira";0;0;2;0;0;0;0;0;0;0;2;0;0;0;0
"14/12/2022";"08:25:00";"280";"Acidente s";"222";"BR-116/SP";"Pista Sul";"Colisão traseira";2;0;0;0;0;0;0;0;0;0;2;0;0;0;0
"14/12/2022";"09:41:00";"359";"Acidente c";"219";"BR-116/SP";"Pista Sul";"Abalroamento longitudinal";0;0;0;1;0;0;0;0;0;1;1;1;0;0;0
"14/12/2022";"10:07:00";"383";"Acidente c";"229";"BR-116/SP";"Pista Sul";"Engavetamento";1;0;0;2;0;1;0;0;0;0;4;2;0;0;0
"14/12/2022";"10:29:00";"401";"Acidente c";"190,9";"BR-116/RJ";"Pista Norte";"Engavetamento";3;0;0;1;0;0;0;0;0;0;4;1;0;0;0
"14/12/2022";"11:02:00";"428";"Acidente c";"187,3";"BR-116/RJ";"Pista Norte";"Queda de moto";0;0;0;1;0;0;0;0;0;0;0;2;0;0;0
"14/12/2022";"12:22:00";"475";"Acidente c";"229";"BR-116/SP";"Pista Sul";"Colisão traseira";1;0;0;1;0;0;0;0;0;0;0;2;0;0;0
"14/12/2022";"13:04:00";"502";"Acidente c";"477,8";"BR-101/RJ";"Pista Sul";"Queda de moto";0;0;0;1;0;0;0;0;0;0;1;1;0;0;0
"14/12/2022";"15:41:00";"603";"Acidente s";"143,85";"BR-116/SP";"Pista Norte";"Colisão traseira";0;0;2;0;0;0;0;0;0;0;2;0;0;0;0
"14/12/2022";"15:44:00";"605";"Acidente c";"221,7";"BR-116/SP";"Pista Sul";"Abalroamento longitudinal";1;0;0;1;0;0;0;0;0;0;2;0;1;0;0
"14/12/2022";"15:58:00";"610";"Acidente c";"222,4";"BR-116/SP";"Pista Norte";"Queda de moto";0;0;0;1;0;0;0;0;0;0;0;0;0;1;0
"14/12/2022";"16:07:00";"617";"Acidente s";"69";"BR-116/SP";"Pista Sul";"Engavetamento";1;0;2;0;0;0;0;0;0;0;4;0;0;0;0
"14/12/2022";"17:35:00";"671";"Acidente c";"161,1";"BR-116/SP";"Pista Norte";"Engavetamento";2;0;3;0;0;0;0;0;0;0;5;0;2;0;0
"14/12/2022";"17:40:00";"676";"Acidente s";"120,5";"BR-116/SP";"Pista Norte";"Engavetamento";3;0;0;0;1;0;0;0;0;0;34;0;0;0;0
"14/12/2022";"18:38:00";"721";"Acidente c";"35,4";"BR-116/SP";"Pista Sul";"Abalroamento longitudinal";0;0;1;1;0;0;0;0;0;0;1;1;0;0;0
"14/12/2022";"18:50:00";"728";"Acidente s";"114,05";"BR-116/SP";"Pista Sul";"Colisão traseira";1;0;0;0;0;1;0;0;0;0;2;0;0;0;0
"14/12/2022";"22:59:00";"826";"Acidente s";"302";"BR-116/RJ";"Pista Norte";"Atropelamento de animal";0;0;1;0;0;0;0;0;0;0;1;0;0;0;0
"14/12/2022";"23:15:00";"829";"Atropelame";"149";"BR-116/SP";"Pista Norte";"Atropelamento de pedestre caminhando";1;0;0;0;0;0;0;0;0;0;1;1;0;0;0
"14/12/2022";"23:32:00";"834";"Acidente s";"146";"BR-116/SP";"Pista Norte";"Engavetamento";3;0;0;0;0;0;0;0;0;0;3;0;0;0;0
"15/12/2022";"00:57:00";"22";"Acidente s";"249,9";"BR-116/RJ";"Pista Norte";"Queda de ribanceira";0;0;1;0;0;0;0;0;0;0;1;0;0;0;0
"15/12/2022";"02:52:00";"42";"Acidente s";"153";"BR-116/SP";"Pista Norte";"Colisão traseira";2;0;0;0;0;0;0;0;0;0;4;0;0;0;0
"15/12/2022";"02:57:00";"44";"Acidente s";"462";"BR-101/RJ";"Pista Norte";"Choque em barreira New Jersey";1;0;0;0;0;0;0;0;0;0;1;0;0;0;0
"15/12/2022";"04:21:00";"58";"Acidente c";"144,6";"BR-116/SP";"Pista Sul";"Colisão traseira";0;0;2;0;0;0;0;0;0;0;1;1;0;0;0
"15/12/2022";"04:48:00";"61";"Acidente s";"196,9";"BR-116/RJ";"Pista Norte";"Colisão traseira";0;0;2;0;0;0;0;0;0;0;2;0;0;0;0
"15/12/2022";"05:19:00";"71";"Acidente c";"464";"BR-101/RJ";"Pista Norte";"Capotamento";0;0;0;0;0;0;0;0;0;1;0;1;1;0;0
"15/12/2022";"06:15:00";"108";"Acidente s";"224,7";"BR-116/SP";"Pista Sul";"Engavetamento";3;0;0;0;0;0;0;0;0;0;3;0;0;0;0
"15/12/2022";"07:46:00";"243";"Acidente s";"304,95";"BR-116/RJ";"Pista Sul";"Engavetamento";4;0;0;0;0;0;0;0;0;0;4;0;0;0;0
"15/12/2022";"10:03:00";"420";"Acidente c";"439";"BR-101/RJ";"Pista Sul";"Engavetamento";2;0;1;0;0;0;0;0;0;0;2;2;0;0;0
"15/12/2022";"10:08:00";"428";"Acidente c";"472,4";"BR-101/RJ";"Pista Sul";"Choque em objeto fixo";1;0;0;0;0;0;0;0;0;0;0;1;0;0;0
"15/12/2022";"10:08:00";"426";"Acidente c";"230,4";"BR-116/SP";"Pista Sul";"Colisão traseira";0;0;1;1;0;0;0;0;0;0;1;1;0;0;0
"15/12/2022";"10:48:00";"461";"Acidente s";"120,2";"BR-116/SP";"Pista Norte";"Colisão traseira";0;0;2;0;0;0;0;0;0;0;2;0;0;0;0
"15/12/2022";"10:58:00";"467";"Acidente s";"216,9";"BR-116/SP";"Pista Sul";"Engavetamento";3;0;1;0;0;0;0;0;0;0;7;0;0;0;0
"15/12/2022";"11:07:00";"473";"Acidente s";"29";"BR-116/SP";"Pista Norte";"Colisão traseira";0;0;1;0;1;0;0;0;0;0;37;0;0;0;0
"15/12/2022";"12:22:00";"515";"Acidente c";"217,3";"BR-116/SP";"Pista Sul";"Abalroamento longitudinal";2;0;0;1;0;0;0;0;0;0;3;1;0;0;0
"15/12/2022";"14:02:00";"578";"Acidente s";"175,9";"BR-116/RJ";"Pista Norte";"Colisão traseira";2;0;0;0;0;0;0;0;0;0;5;0;0;0;0
"15/12/2022";"15:35:00";"635";"Acidente s";"150,1";"BR-116/SP";"Pista Sul";"Colisão traseira";2;0;0;0;0;0;0;0;0;0;3;0;0;0;0
"15/12/2022";"17:51:00";"724";"Acidente s";"121";"BR-116/SP";"Pista Norte";"Colisão traseira";2;0;0;0;0;0;0;0;0;0;2;0;0;0;0
"15/12/2022";"18:02:00";"736";"Acidente s";"20,2";"BR-116/SP";"Pista Sul";"Abalroamento longitudinal";1;0;1;0;0;1;0;0;0;0;5;0;0;0;0
"15/12/2022";"18:07:00";"740";"Acidente s";"178";"BR-116/RJ";"Pista Sul";"Engavetamento";1;0;0;0;0;1;0;0;0;1;3;0;0;0;0
"15/12/2022";"18:20:00";"748";"Acidente c";"220";"BR-116/SP";"Pista Sul";"Abalroamento longitudinal";0;0;0;1;0;1;0;0;0;0;1;1;0;0;0
"15/12/2022";"19:03:00";"776";"Acidente s";"108,6";"BR-116/SP";"Pista Sul";"Colisão traseira";1;0;0;0;0;1;0;0;0;0;3;0;0;0;0
"15/12/2022";"21:10:00";"835";"Acidente c";"563";"BR-101/RJ";"Pista Sul";"Choque em objeto fixo";1;0;0;0;0;0;0;0;0;0;0;1;0;0;0
"15/12/2022";"21:57:00";"858";"Acidente s";"194,3";"BR-116/RJ";"Pista Norte";"Colisão traseira";2;0;0;0;0;0;0;0;0;0;2;0;0;0;0
"15/12/2022";"22:43:00";"868";"Acidente c";"329";"BR-116/RJ";"Pista Sul";"Colisão traseira";0;0;2;0;0;0;0;0;0;0;1;0;1;0;0
"16/12/2022";"02:44:00";"57";"Acidente s";"225,9";"BR-116/RJ";"Pista Sul";"Capotamento";1;0;0;0;0;0;0;0;0;0;4;0;0;0;0
"16/12/2022";"07:05:00";"205";"Acidente c";"228,9";"BR-116/SP";"Pista Sul";"Colisão traseira";1;0;0;0;0;1;0;0;0;0;2;1;0;0;0
"16/12/2022";"08:08:00";"314";"Acidente c";"156,9";"BR-116/SP";"Pista Norte";"Colisão traseira";2;0;0;0;0;0;0;0;0;0;0;2;0;0;0
"16/12/2022";"10:03:00";"437";"Acidente s";"277";"BR-116/RJ";"Pista Sul";"Colisão traseira";2;0;0;0;0;0;0;0;0;0;2;0;0;0;0
"16/12/2022";"10:05:00";"438";"Acidente c";"438";"BR-101/RJ";"Pista Sul";"Abalroamento longitudinal";1;0;0;1;0;0;0;0;0;0;1;1;0;0;0
"16/12/2022";"11:10:00";"491";"Acidente c";"484";"BR-101/RJ";"Pista Norte";"Colisão traseira";0;0;1;1;0;0;0;0;0;0;1;1;0;0;0
"16/12/2022";"12:18:00";"538";"Acidente s";"430";"BR-101/RJ";"Pista Norte";"Colisão traseira";1;0;0;0;0;1;0;0;0;0;2;0;0;0;0
"16/12/2022";"12:26:00";"543";"Acidente s";"205,4";"BR-116/SP";"Pista Sul";"Engavetamento";0;0;1;1;0;1;0;0;0;0;3;0;0;0;0
"16/12/2022";"12:42:00";"559";"Acidente s";"187,7";"BR-116/RJ";"Pista Norte";"Engavetamento";2;0;1;0;0;0;0;0;0;0;3;0;0;0;0
"16/12/2022";"12:53:00";"566";"Acidente c";"222,8";"BR-116/SP";"Pista Sul";"Colisão traseira";1;0;0;1;0;0;0;0;0;0;2;1;0;0;0
"16/12/2022";"13:36:00";"606";"Acidente s";"419";"BR-101/RJ";"Pista Sul";"Colisão traseira";1;0;0;0;0;0;0;0;0;1;2;0;0;0;0
"16/12/2022";"13:43:00";"616";"Acidente s";"187,8";"BR-116/RJ";"Pista Norte";"Colisão traseira";1;0;0;1;0;0;0;0;0;0;2;0;0;0;0
"16/12/2022";"14:20:00";"645";"Acidente c";"177,65";"BR-116/SP";"Pista Norte";"Abalroamento longitudinal";1;0;1;0;0;0;0;0;0;0;1;1;0;0;0
"16/12/2022";"15:37:00";"702";"Acidente c";"202,1";"BR-116/SP";"Pista Norte";"Colisão traseira";2;0;0;0;0;0;0;0;0;0;4;1;0;0;0
"16/12/2022";"15:48:00";"713";"Acidente s";"63";"BR-116/SP";"Pista Sul";"Engavetamento";3;0;0;0;0;1;0;0;0;0;8;0;0;0;0
"16/12/2022";"16:02:00";"725";"Acidente s";"301";"BR-116/RJ";"Pista Norte";"Queda de ribanceira";0;0;1;0;0;0;0;0;0;0;1;0;0;0;0
"16/12/2022";"16:15:00";"735";"Acidente s";"172";"BR-116/RJ";"Pista Sul";"Colisão traseira";2;0;0;0;0;0;0;0;0;0;2;0;0;0;0
"16/12/2022";"16:16:00";"736";"Acidente s";"215,7";"BR-116/SP";"Pista Norte";"Engavetamento";5;0;0;1;0;0;0;0;0;0;11;0;0;0;0
"16/12/2022";"16:28:00";"747";"Acidente s";"22,3";"BR-116/SP";"Pista Sul";"Capotamento";0;0;0;0;0;0;0;0;0;1;1;0;0;0;0
"16/12/2022";"16:35:00";"754";"Acidente s";"152,4";"BR-116/SP";"Pista Sul";"Colisão traseira";1;0;0;0;0;1;0;0;0;0;4;0;0;0;0
"16/12/2022";"16:39:00";"758";"Acidente s";"301,5";"BR-116/RJ";"Pista Norte";"Colisão traseira";2;0;0;0;0;0;0;0;0;0;2;0;0;0;0
"16/12/2022";"17:11:00";"783";"Acidente c";"183";"BR-116/RJ";"Pista Sul";"Engavetamento";0;0;0;3;0;0;0;0;0;0;2;0;1;0;0
"16/12/2022";"18:02:00";"817";"Acidente s";"138,9";"BR-116/SP";"Pista Sul";"Colisão traseira";2;0;0;0;0;0;0;0;0;0;3;0;0;0;0
"16/12/2022";"18:19:00";"826";"Acidente s";"56";"BR-116/SP";"Pista Sul";"Choque em barreira New Jersey";1;0;0;0;0;0;0;0;0;0;1;0;0;0;0
"16/12/2022";"18:20:00";"827";"Acidente s";"443";"BR-101/RJ";"Pista Sul";"Choque em objeto fixo";1;0;0;0;0;0;0;0;0;0;4;0;0;0;0
"16/12/2022";"19:12:00";"869";"Acidente s";"269,5";"BR-116/RJ";"Pista Norte";"Choque em objeto fixo";1;0;0;0;0;0;0;0;0;0;1;0;0;0;0
"16/12/2022";"19:47:00";"884";"Acidente c";"211";"BR-116/SP";"Pista Sul";"Colisão traseira";2;0;0;0;0;0;0;0;0;0;1;1;0;0;0
"16/12/2022";"19:56:00";"891";"Acidente c";"74,2";"BR-116/SP";"Pista Sul";"Queda de moto";0;0;0;1;0;0;0;0;0;0;0;1;0;0;0
"16/12/2022";"20:24:00";"911";"Acidente c";"317,4";"BR-116/RJ";"Pista Norte";"Queda de moto";0;0;0;1;0;0;0;0;0;0;0;0;1;0;0
"16/12/2022";"20:38:00";"919";"Acidente c";"280";"BR-116/RJ";"Pista Sul";"Queda de moto";0;0;0;1;0;0;0;0;0;0;0;1;1;0;0
"16/12/2022";"20:57:00";"932";"Acidente s";"225";"BR-116/SP";"Pista Norte";"Colisão traseira";0;0;1;0;0;1;0;0;0;0;2;0;0;0;0
"16/12/2022";"21:22:00";"952";"Acidente c";"215,9";"BR-116/SP";"Pista Norte";"Colisão traseira";1;0;0;1;0;0;0;0;0;0;2;0;1;0;0
"16/12/2022";"23:35:00";"1015";"Acidente s";"204,5";"BR-116/SP";"Pista Sul";"Colisão traseira";0;0;2;0;0;0;0;0;0;0;6;0;0;0;0
"17/12/2022";"00:14:00";"17";"Acidente c";"221,1";"BR-116/SP";"Pista Norte";"Choque em barreira New Jersey";1;0;0;0;0;0;0;0;0;0;0;2;0;0;0
"17/12/2022";"00:27:00";"21";"Acidente s";"477";"BR-101/RJ";"Pista Sul";"Colisão traseira";1;0;0;0;0;1;0;0;0;0;2;0;0;0;0
"17/12/2022";"01:20:00";"38";"Acidente c";"215";"BR-116/SP";"Pista Sul";"Choque em barreira New Jersey";1;0;0;0;0;0;0;0;0;0;0;1;0;0;0
"17/12/2022";"01:33:00";"42";"Acidente s";"225";"BR-116/SP";"Pista Norte";"Choque em barreira New Jersey";1;0;0;0;0;2;0;0;0;0;3;0;0;0;0
"17/12/2022";"02:35:00";"55";"Acidente c";"225";"BR-116/SP";"Pista Norte";"Queda de moto";0;0;0;1;0;0;0;0;0;0;0;0;1;0;0
"17/12/2022";"03:00:00";"59";"Acidente s";"27,5";"BR-116/SP";"Pista Sul";"Capotamento";1;0;0;0;0;0;0;0;0;0;0;0;0;0;0
"17/12/2022";"03:39:00";"70";"Acidente c";"223";"BR-116/SP";"Pista Sul";"Choque em barreira New Jersey";1;0;0;0;0;0;0;0;0;0;0;1;0;0;0
"17/12/2022";"07:03:00";"146";"Acidente c";"173,8";"BR-116/RJ";"Pista Norte";"Colisão traseira";1;0;0;1;0;0;0;0;0;0;2;1;0;0;0
"17/12/2022";"07:33:00";"111";"Acidente s";"214,6";"BR-116/SP";"Pista Norte";"Colisão traseira";1;0;0;0;1;0;0;0;0;0;5;0;0;0;0
"17/12/2022";"07:54:00";"194";"Acidente c";"131";"BR-116/SP";"Pista Norte";"Colisão traseira";2;0;0;0;0;0;0;0;0;0;6;0;1;0;0
"17/12/2022";"08:12:00";"214";"Acidente s";"138,8";"BR-116/SP";"Pista Norte";"Engavetamento";3;0;1;0;0;0;0;0;0;0;7;0;0;0;0
"17/12/2022";"08:45:00";"238";"Acidente s";"540";"BR-101/RJ";"Pista Sul";"Atropelamento de animal";1;0;0;0;0;0;0;0;0;0;1;0;0;0;0
"17/12/2022";"09:08:00";"259";"Acidente s";"28,4";"BR-116/SP";"Pista Sul";"Colisão traseira";0;0;2;0;0;0;0;0;0;0;2;0;0;0;0
"17/12/2022";"09:14:00";"263";"Acidente s";"419";"BR-101/RJ";"Pista Sul";"Choque em objeto fixo";1;0;0;0;0;0;0;0;0;0;1;0;0;0;0
"17/12/2022";"09:52:00";"290";"Acidente c";"49,9";"BR-101/SP";"Pista Norte";"Colisão traseira";1;0;0;1;0;0;0;0;0;0;4;2;0;0;0
"17/12/2022";"10:26:00";"314";"Acidente s";"303";"BR-116/RJ";"Pista Norte";"Engavetamento";2;0;1;0;0;0;0;0;0;0;6;0;0;0;0
"17/12/2022";"10:40:00";"324";"Acidente s";"209,9";"BR-116/SP";"Pista Sul";"Colisão traseira";2;0;0;0;0;0;0;0;0;0;5;0;0;0;0
"17/12/2022";"11:11:00";"343";"Acidente s";"268,3";"BR-116/RJ";"Pista Sul";"Abalroamento longitudinal";1;0;1;0;0;0;0;0;0;0;2;0;0;0;0
"17/12/2022";"11:19:00";"347";"Acidente s";"50,5";"BR-101/SP";"Pista Sul";"Colisão traseira";2;0;0;0;0;0;0;0;0;0;2;0;0;0;0
"17/12/2022";"13:23:00";"400";"Acidente s";"496";"BR-101/RJ";"Pista Sul";"Colisão frontal";2;0;0;0;0;0;0;0;0;0;5;0;0;0;0
"17/12/2022";"14:07:00";"422";"Acidente s";"187";"BR-116/RJ";"Pista Norte";"Colisão traseira";2;0;0;0;0;0;0;0;0;0;3;0;0;0;0
"17/12/2022";"14:26:00";"432";"Acidente s";"226,2";"BR-116/SP";"Pista Norte";"Colisão traseira";2;0;0;0;0;0;0;0;0;0;4;0;0;0;0
"17/12/2022";"15:06:00";"449";"Acidente c";"181,25";"BR-116/SP";"Pista Norte";"Abalroamento longitudinal";2;0;0;0;0;0;0;0;0;0;1;1;0;0;0
"17/12/2022";"15:29:00";"460";"Acidente s";"279,5";"BR-116/RJ";"Pista Sul";"Abalroamento longitudinal";0;0;1;0;0;1;0;0;0;0;2;0;0;0;0
"17/12/2022";"15:43:00";"473";"Acidente s";"106,6";"BR-116/SP";"Pista Sul";"Engavetamento";2;0;0;0;0;2;0;0;0;0;5;0;0;0;0
"17/12/2022";"16:13:00";"494";"Acidente c";"101,9";"BR-116/SP";"Pista Sul";"Engavetamento";7;0;0;0;0;0;0;0;0;0;18;5;1;0;0
"17/12/2022";"17:05:00";"521";"Acidente c";"182,3";"BR-116/SP";"Pista Norte";"Colisão traseira";2;0;0;0;0;0;0;0;0;0;2;3;0;0;0
"17/12/2022";"17:17:00";"528";"Acidente c";"548";"BR-101/RJ";"Pista Sul";"Queda de ribanceira";1;0;0;0;0;0;0;0;0;0;0;2;0;0;0
"17/12/2022";"17:36:00";"538";"Acidente s";"517";"BR-101/RJ";"Pista Norte";"Colisão traseira";1;0;1;0;0;0;0;0;0;0;2;0;0;0;0
"17/12/2022";"18:31:00";"561";"Acidente s";"515";"BR-101/RJ";"Pista Sul";"Choque em objeto fixo";1;0;0;0;0;0;0;0;0;0;3;0;0;0;0
"17/12/2022";"19:26:00";"580";"Acidente c";"391,5";"BR-101/RJ";"Pista Sul";"Colisão traseira";2;0;0;0;0;0;0;0;0;0;1;1;0;0;0
"17/12/2022";"19:40:00";"593";"Acidente c";"252,8";"BR-116/RJ";"Pista Sul";"Choque em defensa";1;0;0;0;0;1;0;0;0;0;1;2;0;0;0
"17/12/2022";"20:28:00";"618";"Acidente s";"529";"BR-101/RJ";"Pista Norte";"Choque em objeto fixo";1;0;0;0;0;0;0;0;0;0;1;0;0;0;0
"17/12/2022";"20:43:00";"628";"Acidente s";"512";"BR-101/RJ";"Pista Sul";"Atropelamento de animal";1;0;0;0;0;0;0;0;0;0;1;0;0;0;0
"17/12/2022";"21:57:00";"650";"Acidente s";"484";"BR-101/RJ";"Pista Norte";"Engavetamento";3;0;0;0;0;0;0;0;0;0;6;0;0;0;0
"17/12/2022";"23:40:00";"676";"Atropelame";"125,6";"BR-116/SP";"Pista Sul";"Atropelamento de pedestre caminhando";0;0;0;0;0;1;0;0;0;0;1;0;0;0;1
"18/12/2022";"00:42:00";"18";"Acidente s";"335,8";"BR-116/RJ";"Pista Norte";"Atropelamento de animal";1;0;0;0;0;1;0;0;0;0;1;0;0;0;0
"18/12/2022";"01:26:00";"24";"Acidente s";"194,7";"BR-116/RJ";"Pista Sul";"Engavetamento";2;0;0;0;0;1;0;0;0;0;5;0;0;0;0
"18/12/2022";"02:01:00";"32";"Acidente s";"229,95";"BR-116/SP";"Pista Norte";"Engavetamento";3;0;0;0;0;0;0;0;0;0;5;0;0;0;0
"18/12/2022";"02:27:00";"38";"Acidente s";"78";"BR-116/SP";"Pista Norte";"Choque em barreira New Jersey";1;0;0;0;0;0;0;0;0;0;2;0;0;0;0
"18/12/2022";"06:49:00";"94";"Acidente c";"92";"BR-116/SP";"Pista Sul";"Queda de moto";0;0;0;1;0;0;0;0;0;0;0;1;0;0;0
"18/12/2022";"07:15:00";"107";"Acidente s";"485,6";"BR-101/RJ";"Pista Sul";"Choque em objeto fixo";1;0;0;0;0;0;0;0;0;0;1;0;0;0;0
"18/12/2022";"07:27:00";"112";"Acidente c";"229,3";"BR-116/RJ";"Pista Norte";"Choque em defensa";1;0;0;0;0;0;0;0;0;0;0;2;0;0;0
"18/12/2022";"08:23:00";"154";"Acidente c";"162,5";"BR-116/SP";"Pista Sul";"Queda de moto";0;0;0;1;0;0;0;0;0;0;0;1;0;0;0
"18/12/2022";"08:33:00";"162";"Acidente c";"41,2";"BR-101/SP";"Pista Norte";"Queda de ribanceira";1;0;0;0;0;0;0;0;0;0;0;1;0;0;0
"18/12/2022";"09:42:00";"191";"Acidente c";"561";"BR-101/RJ";"Pista Sul";"Queda de moto";0;0;0;1;0;0;0;0;0;0;0;1;0;0;0
"18/12/2022";"09:47:00";"192";"Acidente s";"320";"BR-116/RJ";"Pista Norte";"Abalroamento longitudinal";1;0;0;0;0;1;0;0;0;0;5;0;0;0;0
"18/12/2022";"10:04:00";"200";"Acidente s";"200,2";"BR-116/RJ";"Pista Sul";"Queda de ribanceira";1;0;0;0;0;0;0;0;0;0;3;0;0;0;0
"18/12/2022";"10:58:00";"237";"Acidente s";"556";"BR-101/RJ";"Pista Sul";"Choque em objeto fixo";1;0;0;0;0;0;0;0;0;0;3;0;0;0;0
"18/12/2022";"10:59:00";"239";"Acidente s";"384,1";"BR-101/RJ";"Pista Sul";"Choque em objeto fixo";1;0;0;0;0;0;0;0;0;0;3;0;0;0;0
"18/12/2022";"11:40:00";"254";"Acidente c";"482";"BR-101/RJ";"Pista Norte";"Abalroamento longitudinal";2;0;0;0;0;0;0;0;0;0;4;2;0;0;0
"18/12/2022";"12:09:00";"266";"Acidente c";"232,3";"BR-116/RJ";"Pista Norte";"Capotamento";1;0;0;0;0;0;0;0;0;0;0;1;1;0;0
"18/12/2022";"12:55:00";"284";"Acidente s";"312,7";"BR-116/RJ";"Pista Sul";"Colisão traseira";2;0;0;0;0;0;0;0;0;0;4;0;0;0;0
"18/12/2022";"13:14:00";"290";"Acidente c";"46";"BR-101/SP";"Pista Sul";"Queda de moto";0;0;0;1;0;0;0;0;0;0;0;2;0;0;0
"18/12/2022";"14:55:00";"336";"Acidente s";"419,8";"BR-101/RJ";"Pista Norte";"Choque em barreira New Jersey";1;0;0;0;0;0;0;0;0;0;1;0;0;0;0
"18/12/2022";"15:15:00";"350";"Acidente c";"96,1";"BR-116/SP";"Pista Sul";"Queda de moto";0;0;0;1;0;0;0;0;0;0;0;1;0;0;0
"18/12/2022";"15:28:00";"354";"Acidente s";"108";"BR-116/SP";"Pista Sul";"Colisão traseira";2;0;0;0;0;0;0;0;0;0;8;0;0;0;0
"18/12/2022";"15:45:00";"364";"Acidente s";"422,5";"BR-101/RJ";"Pista Sul";"Choque em barreira New Jersey";1;0;0;0;0;0;0;0;0;0;1;0;0;0;0
"18/12/2022";"16:18:00";"384";"Acidente s";"514,7";"BR-101/RJ";"Pista Norte";"Choque em defensa";1;0;0;0;0;0;0;0;0;0;3;0;0;0;0
"18/12/2022";"16:36:00";"390";"Acidente c";"516,9";"BR-101/RJ";"Pista Sul";"Choque em defensa";1;0;0;0;0;0;0;0;0;0;2;1;0;0;0
"18/12/2022";"16:45:00";"400";"Acidente s";"97";"BR-116/SP";"Pista Sul";"Engavetamento";3;0;0;0;0;0;0;0;0;0;3;0;0;0;0
"18/12/2022";"17:07:00";"410";"Acidente c";"207";"BR-116/SP";"Pista Sul";"Colisão traseira";1;0;0;1;0;0;0;0;0;0;1;3;0;0;0
"18/12/2022";"17:39:00";"425";"Acidente s";"312,5";"BR-116/RJ";"Pista Norte";"Abalroamento longitudinal";2;0;0;0;0;0;0;0;0;0;7;0;0;0;0
"18/12/2022";"17:56:00";"437";"Acidente s";"287";"BR-116/RJ";"Pista Norte";"Atropelamento de animal";1;0;0;0;0;0;0;0;0;0;1;0;0;0;0
"18/12/2022";"18:23:00";"451";"Acidente c";"186";"BR-116/RJ";"Pista Norte";"Colisão traseira";0;0;0;1;0;0;0;0;0;1;3;1;0;0;0
"18/12/2022";"22:16:00";"536";"Acidente c";"449";"BR-101/RJ";"Pista Sul";"Queda de moto";0;0;0;1;0;0;0;0;0;0;0;1;0;0;0
"18/12/2022";"23:10:00";"550";"Acidente s";"231";"BR-116/SP";"Pista Norte";"Colisão traseira";1;0;0;0;0;1;0;0;0;0;2;0;0;0;0
"19/12/2022";"00:38:00";"16";"Acidente c";"77,5";"BR-116/SP";"Pista Sul";"Choque em defensa";1;0;0;0;0;0;0;0;0;0;0;1;0;0;0
"19/12/2022";"04:26:00";"42";"Acidente c";"215,6";"BR-116/SP";"Pista Norte";"Colisão traseira";2;0;0;0;0;1;0;0;0;0;2;0;1;0;0
"19/12/2022";"06:33:00";"98";"Acidente c";"215,3";"BR-116/SP";"Pista Sul";"Queda de moto";0;0;0;1;0;0;0;0;0;0;0;1;0;0;0
"19/12/2022";"06:46:00";"119";"Acidente c";"387";"BR-101/RJ";"Pista Norte";"Abalroamento longitudinal";2;0;0;0;0;0;0;0;0;0;4;2;0;0;0
"19/12/2022";"07:34:00";"179";"Acidente s";"229";"BR-116/SP";"Pista Sul";"Engavetamento";1;0;0;0;0;2;0;0;0;0;3;0;0;0;0
"19/12/2022";"08:12:00";"240";"Acidente s";"491";"BR-101/RJ";"Pista Norte";"Capotamento";1;0;0;0;0;0;0;0;0;0;1;0;0;0;0
"19/12/2022";"08:15:00";"243";"Acidente c";"207,3";"BR-116/SP";"Pista Sul";"Abalroamento longitudinal";1;0;0;1;0;0;0;0;0;0;1;2;0;0;0
"19/12/2022";"08:30:00";"258";"Acidente c";"173";"BR-116/RJ";"Pista Norte";"Colisão traseira";2;0;0;0;0;0;0;0;0;0;4;1;0;0;0
"19/12/2022";"09:15:00";"304";"Acidente c";"485";"BR-101/RJ";"Pista Norte";"Abalroamento longitudinal";0;0;0;1;0;0;0;0;0;1;1;1;0;0;0
"19/12/2022";"10:40:00";"397";"Acidente s";"29,8";"BR-101/SP";"Pista Norte";"Não Def";2;0;0;0;0;0;0;0;0;0;2;0;0;0;0
"19/12/2022";"11:03:00";"415";"Acidente s";"233,6";"BR-116/RJ";"Pista Norte";"Engavetamento";0;0;3;0;0;0;0;0;0;0;3;0;0;0;0
"19/12/2022";"11:39:00";"448";"Acidente s";"200";"BR-116/RJ";"Pista Norte";"Colisão traseira";2;0;0;0;0;0;0;0;0;0;2;0;0;0;0
"19/12/2022";"12:59:00";"498";"Acidente c";"142,6";"BR-116/SP";"Pista Sul";"Capotamento";1;0;0;0;0;0;0;0;0;0;0;1;0;0;0
"19/12/2022";"13:31:00";"516";"Acidente c";"217,2";"BR-116/SP";"Pista Sul";"Colisão traseira";1;0;0;1;0;0;0;0;0;0;1;1;0;0;0
"19/12/2022";"13:52:00";"530";"Acidente s";"102,35";"BR-116/SP";"Pista Sul";"Colisão traseira";2;0;0;0;0;0;0;0;0;0;5;0;0;0;0
"19/12/2022";"14:09:00";"535";"Acidente c";"54,8";"BR-116/SP";"Pista Sul";"Colisão traseira";1;0;0;1;0;0;0;0;0;0;1;1;0;0;0
"19/12/2022";"15:00:00";"564";"Acidente s";"232";"BR-116/RJ";"Pista Norte";"Choque em barreira New Jersey";1;0;0;0;0;0;0;0;0;0;1;0;0;0;0
"19/12/2022";"15:59:00";"594";"Acidente c";"543,5";"BR-101/RJ";"Pista Norte";"Capotamento";1;0;0;0;0;0;0;0;0;0;0;1;0;0;0
"19/12/2022";"16:11:00";"609";"Acidente c";"565";"BR-101/RJ";"Pista Norte";"Choque em objeto fixo";1;0;0;0;0;0;0;0;0;0;0;2;0;0;0