data;horario;n_da_ocorrencia;tipo_de_ocorrencia;km;trecho;sentido;tipo_de_acidente;automovel;bicicleta;caminhao;moto;onibus;outros;tracao_animal;transporte_de_cargas_especiais;trator_maquinas;utilitarios;ilesos;levemente_feridos;moderadamente_feridos;gravemente_feridos;mortos
"23/12/2022";"18:36:00";"577";"Acidente s";"49,5";"BR-101/SP";"Pista Norte";"Colisão frontal";2;0;0;0;0;0;0;0;0;0;6;0;0;0;0
"23/12/2022";"18:49:00";"583";"Acidente c";"440";"BR-101/RJ";"Pista Sul";"Colisão frontal";2;0;0;0;0;0;0;0;0;0;0;3;0;0;0
"23/12/2022";"22:23:00";"682";"Acidente c";"54,4";"BR-116/SP";"Pista Sul";"Capotamento";1;0;0;0;0;0;0;0;0;0;0;0;1;0;0
"23/12/2022";"22:41:00";"688";"Acidente s";"182,3";"BR-116/SP";"Pista Norte";"Colisão traseira";1;0;1;0;0;0;0;0;0;0;4;0;0;0;0
"24/12/2022";"00:39:00";"20";"Acidente c";"224,5";"BR-116/SP";"Pista Sul";"Colisão traseira";0;0;0;1;0;1;0;0;0;0;1;1;0;0;0
"24/12/2022";"00:41:00";"22";"Acidente c";"227";"BR-116/SP";"Pista Norte";"Capotamento";1;0;0;0;0;0;0;0;0;0;0;1;0;0;0
"24/12/2022";"02:29:00";"43";"Acidente s";"5";"BR-116/SP";"Pista Norte";"Abalroamento longitudinal";2;0;0;0;0;0;0;0;0;0;5;0;0;0;0
"24/12/2022";"02:48:00";"47";"Acidente s";"264,6";"BR-116/RJ";"Pista Sul";"Queda de ribanceira";0;0;0;0;0;1;0;0;0;1;2;0;0;0;0
"24/12/2022";"07:13:00";"117";"Acidente s";"212";"BR-116/RJ";"Pista Sul";"Choque em objeto fixo";1;0;0;0;0;0;0;0;0;0;1;0;0;0;0
"24/12/2022";"07:22:00";"124";"Acidente s";"275,7";"BR-116/RJ";"Pista Norte";"Choque em barreira New Jersey";1;0;0;0;0;0;0;0;0;0;1;0;0;0;0
"24/12/2022";"10:35:00";"222";"Acidente s";"147,9";"BR-116/SP";"Pista Sul";"Abalroamento longitudinal";1;0;1;0;0;0;0;0;0;0;5;0;0;0;0
"24/12/2022";"11:53:00";"272";"Acidente s";"226,8";"BR-116/SP";"Pista Sul";"Choque em defensa";1;0;0;0;0;0;0;0;0;0;1;0;0;0;0
"24/12/2022";"13:15:00";"316";"Acidente s";"218,3";"BR-116/SP";"Pista Norte";"Queda de moto";0;0;0;1;0;0;0;0;0;0;1;0;0;0;0
"24/12/2022";"13:37:00";"330";"Acidente s";"176,5";"BR-116/RJ";"Pista Sul";"Choque em barreira New Jersey";1;0;0;0;0;0;0;0;0;0;4;0;0;0;0
"24/12/2022";"14:40:00";"372";"Acidente c";"557";"BR-101/RJ";"Pista Sul";"Engavetamento";2;0;0;1;0;0;0;0;0;0;1;0;1;1;0
"24/12/2022";"15:00:00";"383";"Acidente c";"432";"BR-101/RJ";"Pista Sul";"Choque em barreira New Jersey";0;0;0;1;0;0;0;0;0;0;0;1;0;0;0
"24/12/2022";"16:54:00";"465";"Acidente s";"334";"BR-116/RJ";"Pista Norte";"Capotamento";1;0;0;0;0;0;0;0;0;0;4;0;0;0;0
"24/12/2022";"17:05:00";"473";"Acidente c";"146,6";"BR-116/SP";"Pista Norte";"Queda de moto";0;0;0;1;0;0;0;0;0;0;0;1;0;0;0
"24/12/2022";"17:17:00";"478";"Acidente s";"201,1";"BR-116/SP";"Pista Norte";"Choque em defensa";1;0;0;0;0;0;0;0;0;0;1;0;0;0;0
"24/12/2022";"18:11:00";"488";"Acidente c";"35,1";"BR-101/SP";"Pista Sul";"Abalroamento longitudinal";1;0;0;1;0;0;0;0;0;0;1;0;2;0;0
"24/12/2022";"19:49:00";"536";"Acidente s";"482";"BR-101/RJ";"Pista Norte";"Abalroamento longitudinal";2;0;0;0;0;0;0;0;0;0;5;0;0;0;0
"24/12/2022";"23:37:00";"608";"Acidente c";"117,35";"BR-116/SP";"Pista Sul";"Choque em objeto fixo";1;0;0;0;0;0;0;0;0;0;0;1;0;0;0
"25/12/2022";"02:42:00";"35";"Acidente c";"148,2";"BR-116/SP";"Pista Norte";"Colisão traseira";2;0;0;0;0;0;0;0;0;0;3;2;1;0;0
"25/12/2022";"03:50:00";"53";"Acidente c";"190";"BR-116/RJ";"Pista Norte";"Choque em defensa";1;0;0;0;0;0;0;0;0;0;0;1;0;0;0
"25/12/2022";"05:33:00";"81";"Acidente s";"435";"BR-101/RJ";"Pista Sul";"Choque em objeto fixo";1;0;0;0;0;0;0;0;0;0;1;0;0;0;0
"25/12/2022";"08:39:00";"145";"Acidente s";"181,95";"BR-116/SP";"Pista Norte";"Queda de ribanceira";1;0;0;0;0;0;0;0;0;0;3;0;0;0;0
"25/12/2022";"09:46:00";"167";"Acidente s";"576";"BR-101/RJ";"Pista Norte";"Colisão frontal";1;0;0;0;0;0;0;0;0;1;5;0;0;0;0
"25/12/2022";"14:40:00";"288";"Acidente s";"506";"BR-101/RJ";"Pista Sul";"Colisão traseira";2;0;0;0;0;0;0;0;0;0;2;0;0;0;0
"25/12/2022";"15:27:00";"307";"Acidente s";"324";"BR-116/RJ";"Pista Sul";"Colisão traseira";0;0;2;0;0;0;0;0;0;0;2;0;0;0;0
"25/12/2022";"17:55:00";"394";"Acidente c";"138";"BR-116/SP";"Pista Sul";"Engavetamento";4;0;0;0;0;0;0;0;0;0;11;3;0;0;0
"25/12/2022";"18:21:00";"410";"Acidente s";"50";"BR-116/SP";"Pista Norte";"Atropelamento de animal";1;0;0;0;0;0;0;0;0;0;2;0;0;0;0
"25/12/2022";"18:23:00";"412";"Acidente s";"393";"BR-101/RJ";"Pista Norte";"Colisão traseira";4;0;0;0;0;0;0;0;0;0;9;0;0;0;0
"25/12/2022";"18:56:00";"431";"Acidente c";"169,8";"BR-116/RJ";"Pista Norte";"Colisão traseira";2;0;0;0;0;0;0;0;0;0;2;1;0;0;0
"25/12/2022";"19:01:00";"436";"Acidente s";"98";"BR-116/SP";"Pista Sul";"Engavetamento";2;0;0;0;0;1;0;0;0;0;9;0;0;0;0
"25/12/2022";"21:03:00";"487";"Acidente s";"399";"BR-101/RJ";"Pista Norte";"Choque em objeto na pista";1;0;0;0;0;0;0;0;0;0;1;0;0;0;0
"25/12/2022";"23:57:00";"552";"Acidente c";"65,5";"BR-116/SP";"Pista Norte";"Capotamento";1;0;0;0;0;0;0;0;0;0;0;1;0;0;0
"26/12/2022";"01:53:00";"29";"Acidente s";"184,9";"BR-116/RJ";"Pista Sul";"Choque em defensa";1;0;0;0;0;0;0;0;0;0;1;0;0;0;0
"26/12/2022";"02:44:00";"39";"Acidente s";"106,8";"BR-116/SP";"Pista Sul";"Choque em objeto fixo";0;0;1;0;0;0;0;0;0;0;1;0;0;0;0
"26/12/2022";"02:47:00";"40";"Acidente s";"67,7";"BR-116/SP";"Pista Norte";"Choque em objeto na pista";1;0;1;0;0;0;0;0;0;0;4;0;0;0;0
"26/12/2022";"05:19:00";"64";"Acidente s";"228,5";"BR-116/RJ";"Pista Norte";"Choque em objeto fixo";0;0;1;0;0;0;0;0;0;0;1;0;0;0;0
"26/12/2022";"06:08:00";"76";"Acidente c";"22";"BR-116/SP";"Pista Sul";"Capotamento";1;0;0;0;0;0;0;0;0;0;0;1;0;0;0
"26/12/2022";"06:39:00";"94";"Acidente s";"207,4";"BR-116/SP";"Pista Sul";"Colisão traseira";1;0;0;0;0;0;0;0;0;1;2;0;0;0;0
"26/12/2022";"07:14:00";"110";"Acidente s";"149,8";"BR-116/SP";"Pista Sul";"Colisão traseira";1;0;0;0;0;0;0;0;0;1;3;0;0;0;0
"26/12/2022";"08:02:00";"149";"Acidente s";"389";"BR-101/RJ";"Pista Sul";"Abalroamento longitudinal";1;0;0;0;0;1;0;0;0;0;2;0;0;0;0
"26/12/2022";"09:07:00";"187";"Acidente s";"181";"BR-116/SP";"Pista Norte";"Choque em objeto fixo";1;0;0;0;0;0;0;0;0;0;1;0;0;0;0
"26/12/2022";"09:59:00";"216";"Acidente c";"167,3";"BR-116/SP";"Pista Norte";"Abalroamento longitudinal";0;0;1;1;0;0;0;0;0;0;2;1;0;0;0
"26/12/2022";"10:05:00";"219";"Acidente c";"302";"BR-116/RJ";"Pista Sul";"Colisão traseira";0;0;2;0;0;0;0;0;0;0;2;1;0;0;0
"26/12/2022";"10:11:00";"227";"Acidente c";"169,9";"BR-116/SP";"Pista Norte";"Engavetamento";3;0;0;0;0;0;0;0;0;0;6;0;1;0;0
"26/12/2022";"10:31:00";"240";"Acidente s";"121";"BR-116/SP";"Pista Sul";"Colisão traseira";2;0;0;0;0;0;0;0;0;0;5;0;0;0;0
"26/12/2022";"11:12:00";"259";"Acidente s";"296";"BR-116/RJ";"Pista Sul";"Colisão traseira";1;0;0;0;1;0;0;0;0;0;29;0;0;0;0
"26/12/2022";"11:27:00";"268";"Acidente s";"27";"BR-116/SP";"Pista Sul";"Choque em objeto fixo";1;0;0;0;0;0;0;0;0;0;1;0;0;0;0
"26/12/2022";"12:06:00";"286";"Acidente s";"521";"BR-101/RJ";"Pista Norte";"Colisão frontal";2;0;0;0;0;0;0;0;0;0;2;0;0;0;0
"26/12/2022";"13:01:00";"314";"Acidente s";"120,9";"BR-116/SP";"Pista Norte";"Engavetamento";2;0;0;0;0;1;0;0;0;0;5;0;0;0;0
"26/12/2022";"13:11:00";"323";"Acidente s";"125";"BR-116/SP";"Pista Norte";"Engavetamento";1;0;2;0;0;0;0;0;0;0;3;0;0;0;0
"26/12/2022";"13:20:00";"333";"Acidente s";"36,6";"BR-116/SP";"Pista Sul";"Choque em defensa";1;0;0;0;0;0;0;0;0;0;2;0;0;0;0
"26/12/2022";"13:43:00";"352";"Acidente s";"154,2";"BR-116/SP";"Pista Norte";"Colisão traseira";2;0;0;0;0;0;0;0;0;0;4;0;0;0;0
"26/12/2022";"14:06:00";"362";"Acidente c";"172,8";"BR-116/RJ";"Pista Sul";"Abalroamento longitudinal";1;0;0;0;0;1;0;0;0;0;1;0;0;1;0
"26/12/2022";"15:18:00";"406";"Acidente c";"98,2";"BR-116/SP";"Pista Sul";"Engavetamento";2;0;2;0;0;0;0;0;0;0;9;1;0;0;0
"26/12/2022";"16:14:00";"435";"Acidente s";"324";"BR-116/RJ";"Pista Norte";"Capotamento";1;0;0;0;0;0;0;0;0;0;1;0;0;0;0
"26/12/2022";"16:40:00";"458";"Acidente s";"204,5";"BR-116/SP";"Pista Sul";"Abalroamento longitudinal";1;0;1;0;0;0;0;0;0;0;5;0;0;0;0
"26/12/2022";"17:15:00";"475";"Acidente s";"517";"BR-101/RJ";"Pista Sul";"Choque em objeto fixo";1;0;0;0;0;0;0;0;0;0;1;0;0;0;0
"26/12/2022";"18:15:00";"513";"Acidente c";"506";"BR-101/RJ";"Pista Sul";"Abalroamento longitudinal";1;0;0;1;0;0;0;0;0;0;2;0;1;0;0
"26/12/2022";"20:32:00";"592";"Acidente s";"247";"BR-116/RJ";"Pista Sul";"Abalroamento longitudinal";1;0;1;0;0;0;0;0;0;0;6;0;0;0;0
"26/12/2022";"20:54:00";"607";"Atropelame";"79,95";"BR-116/SP";"Pista Norte";"Atropelamento de pedestre atravessando";1;0;0;0;0;0;0;0;0;0;2;0;0;0;1
"26/12/2022";"22:53:00";"643";"Acidente c";"221";"BR-116/SP";"Pista Sul";"Capotamento";2;0;0;0;0;0;0;0;0;0;1;0;0;1;0
"26/12/2022";"23:08:00";"647";"Acidente s";"49,5";"BR-101/SP";"Pista Norte";"Outros";1;0;0;0;0;0;0;0;0;0;1;0;0;0;0
"26/12/2022";"23:32:00";"653";"Acidente c";"57";"BR-116/SP";"Pista Sul";"Colisão traseira";0;0;2;0;0;1;0;0;0;0;2;1;0;0;0
"27/12/2022";"07:53:00";"155";"Acidente s";"124,3";"BR-116/SP";"Pista Norte";"Engavetamento";0;0;3;0;0;0;0;0;0;0;6;0;0;0;0
"27/12/2022";"07:58:00";"166";"Acidente c";"188,1";"BR-116/RJ";"Pista Norte";"Colisão traseira";0;0;0;2;0;0;0;0;0;0;0;2;0;0;0
"27/12/2022";"08:03:00";"168";"Acidente s";"162";"BR-116/SP";"Pista Norte";"Colisão traseira";0;0;2;0;0;0;0;0;0;0;2;0;0;0;0
"27/12/2022";"10:17:00";"262";"Acidente c";"70,2";"BR-116/SP";"Pista Sul";"Abalroamento longitudinal";1;0;0;0;0;1;0;0;0;0;4;1;0;0;0
"27/12/2022";"12:09:00";"343";"Acidente s";"104,6";"BR-116/SP";"Pista Sul";"Colisão traseira";2;0;0;0;0;0;0;0;0;0;4;0;0;0;0
"27/12/2022";"13:33:00";"390";"Acidente c";"199";"BR-116/RJ";"Pista Norte";"Abalroamento longitudinal";1;0;0;1;0;0;0;0;0;0;4;0;1;0;0
"27/12/2022";"13:52:00";"408";"Acidente s";"125,7";"BR-116/SP";"Pista Sul";"Colisão traseira";1;0;0;0;0;1;0;0;0;0;4;0;0;0;0
"27/12/2022";"14:38:00";"437";"Acidente s";"241";"BR-116/RJ";"Pista Norte";"Capotamento";1;0;0;0;0;0;0;0;0;0;1;0;0;0;0
"27/12/2022";"14:40:00";"440";"Acidente c";"411,9";"BR-101/RJ";"Pista Sul";"Abalroamento longitudinal";2;0;0;0;0;0;0;0;0;0;1;2;0;0;0
"27/12/2022";"17:02:00";"524";"Acidente s";"99,7";"BR-116/SP";"Pista Sul";"Engavetamento";3;0;0;0;1;0;0;0;0;0;17;0;0;0;0
"27/12/2022";"17:06:00";"527";"Acidente c";"421,4";"BR-101/RJ";"Pista Norte";"Abalroamento longitudinal";2;0;0;0;0;1;0;0;0;0;2;1;1;0;0
"27/12/2022";"18:08:00";"557";"Acidente s";"99,3";"BR-116/SP";"Pista Sul";"Engavetamento";1;0;2;0;0;0;0;0;0;0;7;0;0;0;0
"27/12/2022";"19:46:00";"613";"Acidente c";"392";"BR-101/RJ";"Pista Norte";"Colisão traseira";0;0;0;1;0;1;0;0;0;0;1;1;1;0;0
"27/12/2022";"22:32:00";"675";"Acidente c";"51";"BR-101/SP";"Pista Sul";"Abalroamento longitudinal";0;0;0;1;0;1;0;0;0;0;1;1;0;0;0
"27/12/2022";"23:26:00";"700";"Acidente c";"278";"BR-116/RJ";"Pista Sul";"Abalroamento longitudinal";1;0;0;1;0;0;0;0;0;0;1;2;0;0;0
"28/12/2022";"05:14:00";"64";"Acidente s";"320,2";"BR-116/RJ";"Pista Norte";"Choque em barreira New Jersey";0;0;1;0;0;0;0;0;0;0;1;0;0;0;0
"28/12/2022";"05:20:00";"68";"Acidente s";"319";"BR-116/RJ";"Pista Sul";"Choque em objeto na pista";1;0;0;0;0;0;0;0;0;0;1;0;0;0;0
"28/12/2022";"05:23:00";"70";"Acidente s";"321";"BR-116/RJ";"Pista Sul";"Choque em objeto na pista";0;0;1;0;0;0;0;0;0;0;1;0;0;0;0
"28/12/2022";"05:56:00";"76";"Acidente s";"336";"BR-116/RJ";"Pista Sul";"Choque em objeto fixo";0;0;1;0;0;0;0;0;0;0;2;0;0;0;0
"28/12/2022";"06:22:00";"84";"Acidente s";"228";"BR-116/RJ";"Pista Norte";"Abalroamento longitudinal";0;0;2;0;0;0;0;0;0;0;2;0;0;0;0
"28/12/2022";"06:31:00";"88";"Acidente s";"36,9";"BR-101/SP";"Pista Norte";"Choque em defensa";0;0;1;0;0;0;0;0;0;0;1;0;0;0;0
"28/12/2022";"07:13:00";"104";"Acidente c";"187,9";"BR-116/SP";"Pista Sul";"Choque em barreira New Jersey";1;0;0;0;0;0;0;0;0;0;0;1;0;0;0
"28/12/2022";"08:02:00";"141";"Acidente s";"529";"BR-101/RJ";"Pista Norte";"Choque em objeto fixo";1;0;0;0;0;0;0;0;0;0;1;0;0;0;0
"28/12/2022";"08:20:00";"157";"Acidente c";"264,15";"BR-116/RJ";"Pista Norte";"Engavetamento";1;0;2;0;0;0;0;0;0;0;3;3;0;0;0
"28/12/2022";"08:58:00";"190";"Acidente s";"22,4";"BR-116/SP";"Pista Sul";"Tombamento";0;0;1;0;0;0;0;0;0;0;1;0;0;0;0
"28/12/2022";"10:07:00";"231";"Acidente s";"214,2";"BR-116/SP";"Pista Norte";"Colisão traseira";1;0;1;0;0;0;0;0;0;0;4;0;0;0;0
"28/12/2022";"10:45:00";"253";"Acidente s";"496";"BR-101/RJ";"Pista Sul";"Colisão traseira";2;0;0;0;0;0;0;0;0;0;5;0;0;0;0
"28/12/2022";"11:17:00";"268";"Acidente s";"146";"BR-116/SP";"Pista Sul";"Engavetamento";2;0;0;0;0;1;0;0;0;0;3;0;0;0;0
"28/12/2022";"11:46:00";"285";"Acidente c";"131,6";"BR-116/SP";"Pista Sul";"Engavetamento";2;0;0;0;0;1;0;0;0;0;5;1;0;0;0
"28/12/2022";"11:51:00";"291";"Acidente s";"228,5";"BR-116/RJ";"Pista Sul";"Engavetamento";2;0;1;0;0;0;0;0;0;0;6;0;0;0;0
"28/12/2022";"12:16:00";"309";"Acidente c";"108";"BR-116/SP";"Pista Sul";"Engavetamento";5;0;0;0;0;0;0;0;0;0;14;1;0;0;0
"28/12/2022";"12:54:00";"334";"Acidente s";"288";"BR-116/RJ";"Pista Norte";"Choque em objeto fixo";0;0;1;0;0;0;0;0;0;0;1;0;0;0;0
"28/12/2022";"13:01:00";"338";"Acidente s";"417";"BR-101/RJ";"Pista Norte";"Colisão traseira";2;0;0;0;0;0;0;0;0;0;4;0;0;0;0
"28/12/2022";"13:12:00";"350";"Acidente c";"203";"BR-116/SP";"Pista Norte";"Engavetamento";4;0;0;0;0;0;0;0;0;0;12;2;0;0;0
"28/12/2022";"13:12:00";"349";"Acidente s";"163,7";"BR-116/SP";"Pista Norte";"Engavetamento";3;0;0;0;0;0;0;0;0;0;12;0;0;0;0
"28/12/2022";"13:40:00";"365";"Acidente s";"104,8";"BR-116/SP";"Pista Sul";"Colisão traseira";1;0;0;0;0;1;0;0;0;0;2;0;0;0;0
"28/12/2022";"13:50:00";"371";"Acidente s";"165";"BR-116/SP";"Pista Norte";"Abalroamento longitudinal";1;0;1;0;0;0;0;0;0;0;5;0;0;0;0
"28/12/2022";"14:02:00";"377";"Acidente c";"196,4";"BR-116/SP";"Pista Sul";"Colisão traseira";0;0;2;0;0;0;0;0;0;0;1;1;0;0;0
"28/12/2022";"14:26:00";"387";"Acidente s";"226";"BR-116/RJ";"Pista Sul";"Tombamento";0;0;1;0;0;0;0;0;0;0;1;0;0;0;0
"28/12/2022";"14:36:00";"394";"Acidente s";"287";"BR-116/RJ";"Pista Norte";"Abalroamento longitudinal";2;0;0;0;0;0;0;0;0;0;2;0;0;0;0
"28/12/2022";"14:40:00";"398";"Acidente s";"417";"BR-101/RJ";"Pista Sul";"Abalroamento longitudinal";1;0;1;0;0;0;0;0;0;0;2;0;0;0;0
"28/12/2022";"14:41:00";"400";"Acidente c";"294";"BR-116/RJ";"Pista Norte";"Engavetamento";3;0;2;0;0;0;0;0;0;0;4;1;0;0;0
"28/12/2022";"16:05:00";"460";"Acidente s";"466,8";"BR-101/RJ";"Pista Sul";"Colisão traseira";1;0;1;0;0;0;0;0;0;0;7;0;0;0;0
"28/12/2022";"16:06:00";"462";"Acidente s";"89,9";"BR-116/SP";"Pista Norte";"Queda de ribanceira";0;0;1;0;0;0;0;0;0;0;2;0;0;0;0
"28/12/2022";"17:49:00";"518";"Acidente s";"321,3";"BR-116/RJ";"Pista Norte";"Engavetamento";1;0;0;0;0;3;0;0;0;0;5;0;0;0;0
"28/12/2022";"19:19:00";"575";"Acidente c";"213,35";"BR-116/SP";"Pista Sul";"Colisão traseira";1;0;1;0;0;0;0;0;0;0;1;1;0;0;0
"28/12/2022";"20:35:00";"604";"Acidente c";"215";"BR-116/SP";"Pista Sul";"Capotamento";1;0;0;0;0;0;0;0;0;0;0;1;0;0;0
"28/12/2022";"21:05:00";"615";"Acidente s";"496";"BR-101/RJ";"Pista Sul";"Choque em objeto fixo";1;0;0;0;0;0;0;0;0;0;1;0;0;0;0
"28/12/2022";"21:29:00";"628";"Acidente c";"212";"BR-116/SP";"Pista Sul";"Engavetamento";10;0;3;0;0;0;0;0;0;0;12;4;2;0;0
"28/12/2022";"21:39:00";"633";"Atropelame";"44,5";"BR-101/SP";"Pista Sul";"Atropelamento de pedestre atravessando";0;1;0;0;0;1;0;0;0;0;1;0;1;0;0
"28/12/2022";"21:46:00";"635";"Acidente s";"177";"BR-116/RJ";"Pista Sul";"Colisão traseira";2;0;0;0;0;0;0;0;0;0;5;0;0;0;0
"28/12/2022";"22:32:00";"650";"Acidente c";"49";"BR-101/SP";"Pista Sul";"Atropelamento de pedestre atravessando";0;0;0;1;0;0;0;0;0;0;0;1;0;0;0
"29/12/2022";"04:04:00";"54";"Acidente s";"225,9";"BR-116/RJ";"Pista Sul";"Tombamento";0;0;1;0;0;0;0;0;0;0;2;0;0;0;0
"29/12/2022";"05:04:00";"63";"Acidente s";"117,6";"BR-116/SP";"Pista Norte";"Capotamento";1;0;0;0;0;0;0;0;0;0;1;0;0;0;0
"29/12/2022";"08:47:00";"206";"Acidente c";"117,4";"BR-116/SP";"Pista Norte";"Queda de moto";0;0;0;1;0;0;0;0;0;0;0;2;0;0;0
"29/12/2022";"09:59:00";"260";"Acidente c";"287";"BR-116/RJ";"Pista Sul";"Engavetamento";4;0;0;0;0;0;0;0;0;0;4;1;0;0;0
"29/12/2022";"10:30:00";"285";"Acidente s";"161,95";"BR-116/SP";"Pista Norte";"Engavetamento";1;0;0;0;0;0;0;0;0;2;10;0;0;0;0
"29/12/2022";"11:25:00";"327";"Acidente c";"36";"BR-101/SP";"Pista Norte";"Abalroamento longitudinal";1;0;0;0;0;0;0;0;0;0;0;1;0;0;0
"29/12/2022";"12:17:00";"357";"Acidente c";"432";"BR-101/RJ";"Pista Sul";"Queda de moto";0;0;0;1;0;0;0;0;0;0;0;1;0;0;0
"29/12/2022";"13:46:00";"411";"Acidente c";"181,9";"BR-116/RJ";"Pista Sul";"Engavetamento";1;0;1;1;0;0;0;0;0;0;4;1;0;0;0
"29/12/2022";"13:54:00";"412";"Acidente s";"324,05";"BR-116/RJ";"Pista Norte";"Choque em barreira New Jersey";1;0;0;0;0;0;0;0;0;0;1;0;0;0;0
"29/12/2022";"14:14:00";"425";"Acidente c";"232,5";"BR-116/RJ";"Pista Norte";"Choque em objeto fixo";1;0;0;0;0;0;0;0;0;0;0;3;0;0;0
"29/12/2022";"14:45:00";"446";"Acidente s";"424";"BR-101/RJ";"Pista Sul";"Colisão traseira";1;0;1;0;0;0;0;0;0;0;2;0;0;0;0
"29/12/2022";"15:03:00";"455";"Acidente s";"181";"BR-116/SP";"Pista Norte";"Choque em barreira New Jersey";1;0;0;0;0;0;0;0;0;0;1;0;0;0;0
"29/12/2022";"15:11:00";"458";"Acidente s";"298,6";"BR-116/RJ";"Pista Sul";"Engavetamento";3;0;0;0;0;0;0;0;0;0;6;0;0;0;0
"29/12/2022";"18:58:00";"600";"Acidente s";"505";"BR-101/RJ";"Pista Norte";"Abalroamento longitudinal";2;0;0;0;0;0;0;0;0;0;5;0;0;0;0
"29/12/2022";"19:29:00";"619";"Acidente c";"188";"BR-116/RJ";"Pista Sul";"Engavetamento";3;0;0;0;0;0;0;0;0;0;0;3;0;0;0
"29/12/2022";"20:09:00";"649";"Acidente c";"135";"BR-116/SP";"Pista Sul";"Queda de moto";0;0;0;1;0;0;0;0;0;0;0;1;0;0;0
"29/12/2022";"20:26:00";"658";"Acidente s";"217";"BR-116/SP";"Pista Sul";"Engavetamento";4;0;0;0;0;0;0;0;0;0;7;0;0;0;0
"29/12/2022";"21:26:00";"690";"Acidente s";"1,9";"BR-116/SP";"Pista Norte";"Choque em objeto na pista";2;0;0;0;0;0;0;0;0;0;5;0;0;0;0
"29/12/2022";"21:53:00";"707";"Acidente s";"192,3";"BR-116/RJ";"Pista Norte";"Atropelamento de animal";1;0;0;0;0;0;0;0;0;0;2;0;0;0;0
"29/12/2022";"21:55:00";"708";"Acidente c";"222";"BR-116/RJ";"Pista Norte";"Choque em barreira New Jersey";1;0;0;0;0;0;0;0;0;0;0;1;0;0;0
"29/12/2022";"23:37:00";"745";"Acidente c";"6";"BR-116/SP";"Pista Norte";"Capotamento";1;0;0;0;0;0;0;0;0;0;0;1;0;0;0
"30/12/2022";"01:33:00";"35";"Acidente s";"53";"BR-116/SP";"Pista Norte";"Choque em objeto fixo";1;0;0;0;0;0;0;0;0;0;4;0;0;0;0
"30/12/2022";"02:43:00";"43";"Acidente c";"30,1";"BR-116/SP";"Pista Norte";"Colisão traseira";1;0;0;0;0;1;0;0;0;0;5;1;0;0;0
"30/12/2022";"03:08:00";"47";"Acidente s";"477";"BR-101/RJ";"Pista Norte";"Choque em objeto fixo";1;0;0;0;0;0;0;0;0;0;4;0;0;0;0
"30/12/2022";"04:33:00";"64";"Acidente c";"225,6";"BR-116/SP";"Pista Sul";"Choque em defensa";1;0;0;0;0;0;0;0;0;0;0;1;0;0;0
"30/12/2022";"05:57:00";"81";"Acidente s";"110,6";"BR-116/SP";"Pista Sul";"Queda de ribanceira";0;0;1;0;0;0;0;0;0;0;1;0;0;0;0
"30/12/2022";"06:10:00";"87";"Acidente s";"226,8";"BR-116/SP";"Pista Norte";"Choque em defensa";1;0;0;0;0;0;0;0;0;0;5;0;0;0;0
"30/12/2022";"07:19:00";"113";"Acidente s";"419";"BR-101/RJ";"Pista Sul";"Colisão traseira";1;0;0;0;0;1;0;0;0;0;2;0;0;0;0
"30/12/2022";"07:46:00";"127";"Acidente c";"320,4";"BR-116/RJ";"Pista Norte";"Engavetamento";3;0;0;0;0;0;0;0;0;0;7;4;0;0;0
"30/12/2022";"08:12:00";"148";"Acidente s";"115,5";"BR-116/SP";"Pista Norte";"Colisão traseira";1;0;0;0;0;1;0;0;0;0;4;0;0;0;0
"30/12/2022";"08:27:00";"158";"Acidente c";"279,95";"BR-116/RJ";"Pista Sul";"Choque Talude";1;0;0;0;0;0;0;0;0;0;0;1;0;0;0
"30/12/2022";"09:27:00";"199";"Acidente c";"433";"BR-101/RJ";"Pista Sul";"Engavetamento";3;0;0;0;0;0;0;0;0;0;12;1;0;0;0
"30/12/2022";"09:35:00";"205";"Acidente s";"324,6";"BR-116/RJ";"Pista Norte";"Colisão traseira";2;0;0;0;0;0;0;0;0;0;2;0;0;0;0
"30/12/2022";"09:39:00";"209";"Acidente c";"216,9";"BR-116/SP";"Pista Sul";"Choque em objeto na pista";1;0;0;0;0;0;0;0;0;0;0;1;0;0;0
"30/12/2022";"10:03:00";"227";"Acidente s";"429,5";"BR-101/RJ";"Pista Sul";"Colisão traseira";2;0;0;0;0;0;0;0;0;0;2;0;0;0;0
"30/12/2022";"10:16:00";"231";"Acidente s";"321,5";"BR-116/RJ";"Pista Norte";"Engavetamento";3;0;0;0;0;0;0;0;0;0;3;0;0;0;0
"30/12/2022";"10:41:00";"249";"Acidente s";"79,2";"BR-116/SP";"Pista Norte";"Colisão traseira";2;0;0;0;0;0;0;0;0;0;5;0;0;0;0
"30/12/2022";"11:04:00";"263";"Acidente s";"250,5";"BR-116/RJ";"Pista Norte";"Engavetamento";3;0;0;0;0;0;0;0;0;0;7;0;0;0;0
"30/12/2022";"11:35:00";"278";"Acidente s";"426";"BR-101/RJ";"Pista Norte";"Choque em objeto fixo";1;0;0;0;0;0;0;0;0;0;7;0;0;0;0
"30/12/2022";"12:55:00";"326";"Acidente s";"284,9";"BR-116/RJ";"Pista Norte";"Outros";1;0;0;0;0;0;0;0;0;0;1;0;0;0;0
"30/12/2022";"13:18:00";"338";"Acidente s";"252,6";"BR-116/RJ";"Pista Sul";"Choque em barreira New Jersey";0;0;0;0;0;0;0;0;0;1;1;0;0;0;0
"30/12/2022";"14:31:00";"383";"Acidente s";"247";"BR-116/RJ";"Pista Norte";"Choque em objeto fixo";1;0;0;0;0;0;0;0;0;0;1;0;0;0;0
"30/12/2022";"14:43:00";"390";"Acidente s";"182,3";"BR-116/SP";"Pista Norte";"Colisão traseira";1;0;1;0;0;0;0;0;0;0;4;0;0;0;0