data;horario;n_da_ocorrencia;tipo_de_ocorrencia;km;trecho;sentido;tipo_de_acidente;automovel;bicicleta;caminhao;moto;onibus;outros;tracao_animal;transporte_de_cargas_especiais;trator_maquinas;utilitarios;ilesos;levemente_feridos;moderadamente_feridos;gravemente_feridos;mortos
"05/01/2023";"01:14:00";"27";"AC03 - Aci";"459,5";"BR-101/RJ";"Pista Norte";"Choque em objeto fixo";1;0;0;0;0;0;0;0;0;0;1;0;0;0;0
"05/01/2023";"03:21:00";"55";"AC03 - Aci";"483";"BR-101/RJ";"Pista Sul";"Choque em objeto fixo";1;0;0;0;0;0;0;0;0;0;1;0;0;0;0
"05/01/2023";"07:00:00";"127";"AC02 - Aci";"89,9000";"BR-116/SP";"Pista Norte";"Colisão Traseira";1;0;1;0;0;0;0;0;0;0;1;1;0;0;0
"05/01/2023";"07:47:00";"165";"AC03 - Aci";"169,800";"BR-116/RJ";"Pista Norte";"Abalroamento Longitudinal";1;0;1;0;0;0;0;0;0;0;2;0;0;0;0
"05/01/2023";"08:13:00";"184";"AC03 - Aci";"141,600";"BR-116/SP";"Pista Norte";"Colisão Traseira";1;0;0;0;0;1;0;0;0;0;2;0;0;0;0
"05/01/2023";"09:41:00";"236";"AC02 - Aci";"215,199";"BR-116/SP";"Pista Sul";"Abalroamento Longitudinal";1;0;1;0;0;0;0;0;0;0;1;1;0;0;0
"05/01/2023";"09:44:00";"238";"AC02 - Aci";"232,5";"BR-116/RJ";"Pista Norte";"Choque em Barreira New Jersey";1;0;0;0;0;0;0;0;0;0;0;2;0;0;0
"05/01/2023";"10:21:00";"267";"AC02 - Aci";"231";"BR-116/RJ";"Pista Sul";"Capotamento";1;0;0;0;0;0;0;0;0;0;1;1;0;0;0
"05/01/2023";"10:59:00";"288";"AC03 - Aci";"242,800";"BR-116/RJ";"Pista Norte";"Choque em Barreira New Jersey";1;0;0;0;0;0;0;0;0;0;1;0;0;0;0
"05/01/2023";"12:11:00";"325";"AC02 - Aci";"282,799";"BR-116/RJ";"Pista Norte";"Colisão Traseira";1;0;0;0;0;1;0;0;0;0;1;1;0;0;0
"05/01/2023";"12:54:00";"353";"AC03 - Aci";"36";"BR-116/SP";"Pista Norte";"Choque em objeto fixo";0;0;1;0;0;0;0;0;0;0;2;0;0;0;0
"05/01/2023";"14:42:00";"418";"AC03 - Aci";"423";"BR-101/RJ";"Pista Sul";"Choque em objeto fixo";1;0;0;0;0;0;0;0;0;0;1;0;0;0;0
"05/01/2023";"14:44:00";"420";"AC03 - Aci";"232,5";"BR-116/RJ";"Pista Norte";"Choque em Barreira New Jersey";1;0;0;0;0;0;0;0;0;0;4;0;0;0;0
"05/01/2023";"14:53:00";"427";"AC02 - Aci";"47,7000";"BR-101/SP";"Pista Norte";"Engavetamento";3;0;0;0;0;0;0;0;0;0;2;1;0;0;0
"05/01/2023";"14:53:00";"428";"AC02 - Aci";"565,900";"BR-101/RJ";"Pista Norte";"Colisão Frontal";2;0;0;0;0;0;0;0;0;0;0;2;0;0;0
"05/01/2023";"15:12:00";"441";"AC03 - Aci";"101,300";"BR-116/SP";"Pista Sul";"Choque Talude";0;0;1;0;0;0;0;0;0;0;1;0;0;0;0
"05/01/2023";"16:09:00";"476";"AC02 - Aci";"47,0999";"BR-101/SP";"Pista Sul";"Abalroamento Longitudinal";1;0;0;1;0;0;0;0;0;0;1;1;0;0;0
"05/01/2023";"16:20:00";"479";"AC03 - Aci";"334";"BR-116/RJ";"Pista Norte";"Abalroamento Longitudinal";1;0;1;0;0;0;0;0;0;0;2;0;0;0;0
"05/01/2023";"16:31:00";"483";"AC03 - Aci";"71,5";"BR-116/SP";"Pista Sul";"Choque em Barreira New Jersey";1;0;0;0;0;0;0;0;0;0;1;0;0;0;0
"05/01/2023";"16:35:00";"485";"AC02 - Aci";"234";"BR-116/RJ";"Pista Norte";"Capotamento";1;0;0;0;0;0;0;0;0;0;0;1;0;0;0
"05/01/2023";"17:52:00";"521";"AC03 - Aci";"224";"BR-116/SP";"Pista Norte";"Engavetamento";1;0;0;0;0;2;0;0;0;0;3;0;0;0;0
"05/01/2023";"18:35:00";"553";"AC02 - Aci";"234,699";"BR-116/RJ";"Pista Sul";"Choque em Barreira New Jersey";1;0;0;0;0;0;0;0;0;0;1;0;1;0;0
"05/01/2023";"18:36:00";"555";"AC03 - Aci";"222,199";"BR-116/SP";"Pista Norte";"Choque em Barreira New Jersey";1;0;0;0;0;0;0;0;0;0;1;0;0;0;0
"05/01/2023";"19:00:00";"568";"AC03 - Aci";"98,8000";"BR-116/SP";"Pista Sul";"Colisão Traseira";2;0;0;0;0;0;0;0;0;0;3;0;0;0;0
"05/01/2023";"20:09:00";"593";"AC02 - Aci";"87,5";"BR-116/SP";"Pista Sul";"Colisão Traseira";0;0;2;0;0;0;0;0;0;0;0;2;0;0;0
"05/01/2023";"20:11:00";"595";"AC03 - Aci";"280,089";"BR-116/RJ";"Pista Sul";"Outros";2;0;0;0;0;0;0;0;0;0;3;0;0;0;0
"05/01/2023";"20:24:00";"600";"AC02 - Aci";"210";"BR-116/SP";"Pista Norte";"Abalroamento Longitudinal";1;0;1;0;0;0;0;0;0;0;1;1;0;0;0
"05/01/2023";"22:05:00";"637";"AC03 - Aci";"275";"BR-116/RJ";"Pista Sul";"Colisão Traseira";2;0;0;0;0;0;0;0;0;0;3;0;0;0;0
"05/01/2023";"23:20:00";"660";"AC03 - Aci";"198";"BR-116/SP";"Pista Norte";"Choque em Defensa";1;0;0;0;0;0;0;0;0;0;2;0;0;0;0
"05/01/2023";"23:22:00";"661";"AC04 - Atr";"49,5999";"BR-101/SP";"Pista Norte";"Atropelamento de Pedestre Atravessando";0;0;0;0;0;1;0;0;0;0;1;1;0;0;0
"06/01/2023";"00:49:00";"18";"AC03 - Aci";"227";"BR-116/SP";"Pista Norte";"Colisão Traseira";2;0;0;0;0;1;0;0;0;0;6;0;0;0;0
"06/01/2023";"00:53:00";"19";"AC03 - Aci";"233,199";"BR-116/RJ";"Pista Norte";"Choque em Barreira New Jersey";0;0;1;0;0;0;0;0;0;0;1;0;0;0;0
"06/01/2023";"01:47:00";"25";"AC03 - Aci";"476,700";"BR-101/RJ";"Pista Norte";"Capotamento";1;0;0;0;0;0;0;0;0;0;3;0;0;0;0
"06/01/2023";"04:06:00";"37";"AC02 - Aci";"195";"BR-116/SP";"Pista Norte";"Colisão Traseira";1;0;1;0;0;0;0;0;0;0;1;1;0;0;0
"06/01/2023";"07:27:00";"99";"AC03 - Aci";"231,300";"BR-116/SP";"Pista Sul";"Colisão Traseira";2;0;0;0;0;0;0;0;0;0;3;0;0;0;0
"06/01/2023";"07:35:00";"104";"AC02 - Aci";"207,800";"BR-116/RJ";"Pista Sul";"Abalroamento Longitudinal";2;0;0;0;0;0;0;0;0;0;1;1;0;0;0
"06/01/2023";"07:40:00";"109";"AC03 - Aci";"224";"BR-116/SP";"Pista Norte";"Colisão Traseira";1;0;0;0;0;1;0;0;0;0;3;0;0;0;0
"06/01/2023";"08:48:00";"141";"AC02 - Aci";"171,699";"BR-116/RJ";"Pista Norte";"Engavetamento";5;0;1;0;0;0;0;0;0;0;5;2;0;0;0
"06/01/2023";"08:56:00";"150";"AC03 - Aci";"284";"BR-116/RJ";"Pista Sul";"Choque em Barreira New Jersey";1;0;0;0;0;0;0;0;0;0;1;0;0;0;0
"06/01/2023";"10:25:00";"196";"AC03 - Aci";"422";"BR-101/RJ";"Pista Sul";"Choque em Defensa";1;0;0;0;0;0;0;0;0;0;1;0;0;0;0
"06/01/2023";"10:32:00";"199";"AC02 - Aci";"129";"BR-116/SP";"Pista Norte";"Colisão Traseira";2;0;0;0;0;0;0;0;0;0;1;1;0;0;0
"06/01/2023";"10:58:00";"216";"AC03 - Aci";"228,199";"BR-116/RJ";"Pista Sul";"Choque em objeto fixo";0;0;1;0;0;0;0;0;0;0;1;0;0;0;0
"06/01/2023";"11:11:00";"224";"AC02 - Aci";"483";"BR-101/RJ";"Pista Norte";"Abalroamento Longitudinal";2;0;0;0;0;0;0;0;0;0;1;1;0;0;0
"06/01/2023";"11:41:00";"242";"AC02 - Aci";"184,300";"BR-116/SP";"Pista Sul";"Engavetamento";4;0;0;0;0;0;0;0;0;0;9;1;0;0;0
"06/01/2023";"11:53:00";"251";"AC02 - Aci";"502,700";"BR-101/RJ";"Pista Norte";"Queda de ribanceira";1;0;0;0;0;0;0;0;0;0;0;1;0;0;0
"06/01/2023";"12:36:00";"269";"AC02 - Aci";"26,5";"BR-116/SP";"Pista Sul";"Choque em Barreira New Jersey";1;0;0;0;0;0;0;0;0;0;0;2;0;0;0
"06/01/2023";"12:38:00";"272";"AC03 - Aci";"541,400";"BR-101/RJ";"Pista Norte";"Choque em objeto fixo";1;0;0;0;0;0;0;0;0;0;3;0;0;0;0
"06/01/2023";"12:52:00";"276";"AC03 - Aci";"46";"BR-101/SP";"Pista Norte";"Colisão Traseira";2;0;0;0;0;0;0;0;0;0;2;0;0;0;0
"06/01/2023";"13:12:00";"283";"AC03 - Aci";"133,5";"BR-116/SP";"Pista Sul";"Colisão Traseira";2;0;0;0;0;0;0;0;0;0;4;0;0;0;0
"06/01/2023";"13:36:00";"295";"AC03 - Aci";"234,199";"BR-116/RJ";"Pista Norte";"Choque em objeto fixo";1;0;0;0;0;0;0;0;0;0;2;0;0;0;0
"06/01/2023";"15:44:00";"366";"AC03 - Aci";"222";"BR-116/SP";"Pista Norte";"Colisão Traseira";1;0;1;0;0;0;0;0;0;0;3;0;0;0;0
"06/01/2023";"15:45:00";"367";"AC03 - Aci";"84,4000";"BR-116/SP";"Pista Norte";"Choque em objeto na pista";1;0;0;0;0;0;0;0;0;0;2;0;0;0;0
"06/01/2023";"17:32:00";"428";"AC03 - Aci";"78,8000";"BR-116/SP";"Pista Sul";"Colisão Traseira";2;0;0;0;0;0;0;0;0;0;6;0;0;0;0
"06/01/2023";"17:59:00";"449";"AC03 - Aci";"294,600";"BR-116/RJ";"Pista Sul";"Choque em Defensa";0;0;1;0;0;0;0;0;0;0;1;0;0;0;0
"06/01/2023";"21:06:00";"550";"AC03 - Aci";"219,5";"BR-116/SP";"Pista Norte";"Choque em objeto na pista";4;0;0;1;0;0;0;0;0;0;5;0;0;0;0
"06/01/2023";"21:40:00";"558";"AC02 - Aci";"509";"BR-101/RJ";"Pista Norte";"Colisão Frontal";2;0;0;0;0;0;0;0;0;0;6;1;0;0;0
"06/01/2023";"22:18:00";"578";"AC02 - Aci";"214,600";"BR-116/SP";"Pista Sul";"Choque em Barreira New Jersey";0;0;0;1;0;0;0;0;0;0;0;0;0;1;0
"06/01/2023";"23:10:00";"594";"AC03 - Aci";"80,9000";"BR-116/SP";"Pista Sul";"Choque em objeto fixo";1;0;0;0;0;0;0;0;0;0;1;0;0;0;0
"06/01/2023";"23:58:00";"609";"AC02 - Aci";"32,4500";"BR-116/SP";"Pista Sul";"Choque em Defensa";0;0;1;0;0;0;0;0;0;0;0;1;0;0;0
"07/01/2023";"01:05:00";"23";"AC03 - Aci";"284,5";"BR-116/RJ";"Pista Norte";"Choque Talude";0;0;1;0;0;0;0;0;0;0;1;0;0;0;0
"07/01/2023";"01:17:00";"25";"AC02 - Aci";"47,5";"BR-101/SP";"Pista Sul";"Choque em objeto fixo";2;0;0;1;0;0;0;0;0;0;1;2;0;0;0
"07/01/2023";"01:39:00";"27";"AC03 - Aci";"389";"BR-101/RJ";"Pista Norte";"Colisão Traseira";1;0;0;0;0;1;0;0;0;0;3;0;0;0;0
"07/01/2023";"04:21:00";"51";"AC02 - Aci";"144,300";"BR-116/SP";"Pista Norte";"Capotamento";1;0;0;0;0;0;0;0;0;0;0;1;0;0;0
"07/01/2023";"05:46:00";"63";"AC03 - Aci";"522";"BR-101/RJ";"Pista Sul";"Choque em objeto fixo";1;0;0;0;0;0;0;0;0;0;3;0;0;0;0
"07/01/2023";"08:10:00";"154";"AC03 - Aci";"324,899";"BR-116/RJ";"Pista Norte";"Colisão Traseira";1;0;1;0;0;0;0;0;0;0;2;0;0;0;0
"07/01/2023";"09:13:00";"189";"AC02 - Aci";"138,800";"BR-116/SP";"Pista Norte";"Colisão Traseira";2;0;0;0;0;0;0;0;0;0;4;1;0;0;0
"07/01/2023";"09:24:00";"195";"AC02 - Aci";"28";"BR-101/SP";"Pista Norte";"Choque em Defensa";1;0;0;0;0;0;0;0;0;0;0;1;0;0;0
"07/01/2023";"10:57:00";"249";"AC03 - Aci";"495,200";"BR-101/RJ";"Pista Norte";"Choque em objeto fixo";1;0;0;0;0;0;0;0;0;0;3;0;0;0;0
"07/01/2023";"11:40:00";"272";"AC03 - Aci";"426";"BR-101/RJ";"Pista Norte";"Colisão Traseira";2;0;0;0;0;0;0;0;0;0;2;0;0;0;0
"07/01/2023";"12:07:00";"286";"AC03 - Aci";"234";"BR-116/RJ";"Pista Norte";"Choque em objeto fixo";1;0;0;0;0;0;0;0;0;0;2;0;0;0;0
"07/01/2023";"13:15:00";"320";"AC03 - Aci";"332,799";"BR-116/RJ";"Pista Sul";"Choque em objeto fixo";0;0;1;0;0;0;0;0;0;0;1;0;0;0;0
"07/01/2023";"14:46:00";"373";"AC03 - Aci";"275";"BR-116/RJ";"Pista Sul";"Engavetamento";2;0;0;0;0;1;0;0;0;0;7;0;0;0;0
"07/01/2023";"17:53:00";"474";"AC03 - Aci";"247,350";"BR-116/RJ";"Pista Sul";"Colisão Traseira";1;0;0;0;0;1;0;0;0;0;1;0;0;0;0
"07/01/2023";"18:00:00";"475";"AC02 - Aci";"2,5";"BR-116/SP";"Pista Sul";"Choque em Barreira New Jersey";1;0;0;0;0;0;0;0;0;0;0;1;0;0;0
"07/01/2023";"18:19:00";"487";"AC02 - Aci";"393";"BR-101/RJ";"Pista Norte";"Colisão Traseira";2;0;0;0;0;0;0;0;0;0;6;2;0;0;0
"07/01/2023";"19:01:00";"509";"AC02 - Aci";"316";"BR-116/RJ";"Pista Sul";"Queda de ribanceira";1;0;0;0;0;0;0;0;0;0;0;3;0;0;0
"07/01/2023";"20:38:00";"553";"AC03 - Aci";"299,600";"BR-116/RJ";"Pista Norte";"Colisão Traseira";0;0;2;0;0;0;0;0;0;0;3;0;0;0;0
"07/01/2023";"21:25:00";"573";"AC02 - Aci";"50";"BR-101/SP";"Pista Sul";"Abalroamento Longitudinal";1;0;0;1;0;0;0;0;0;0;2;1;0;0;0
"07/01/2023";"21:46:00";"581";"AC02 - Aci";"213,100";"BR-116/SP";"Pista Sul";"Queda de moto";0;0;0;1;0;0;0;0;0;0;0;2;0;0;0
"08/01/2023";"00:28:00";"15";"AC03 - Aci";"417";"BR-101/RJ";"Pista Sul";"Capotamento";1;0;0;0;0;0;0;0;0;0;1;0;0;0;0
"08/01/2023";"02:32:00";"42";"AC02 - Aci";"115,300";"BR-116/SP";"Pista Sul";"Abalroamento Longitudinal";2;0;0;0;0;0;0;0;0;0;3;1;0;0;0
"08/01/2023";"02:54:00";"47";"AC02 - Aci";"184";"BR-116/RJ";"Pista Sul";"Choque em Defensa";2;0;0;0;0;0;0;0;0;0;0;1;0;1;0
"08/01/2023";"04:28:00";"65";"AC03 - Aci";"262";"BR-116/RJ";"Pista Norte";"Choque em objeto fixo";1;0;0;0;0;0;0;0;0;0;1;0;0;0;0
"08/01/2023";"04:43:00";"70";"AC02 - Aci";"484";"BR-101/RJ";"Pista Norte";"Capotamento";1;0;0;0;0;0;0;0;0;0;0;4;0;0;0
"08/01/2023";"07:45:00";"126";"AC03 - Aci";"87,0999";"BR-116/SP";"Pista Norte";"Engavetamento";4;0;0;0;0;0;0;0;0;0;8;0;0;0;0
"08/01/2023";"10:39:00";"227";"AC03 - Aci";"230,199";"BR-116/SP";"Pista Sul";"Queda de moto";0;0;0;1;0;0;0;0;0;0;1;0;0;0;0
"08/01/2023";"10:51:00";"237";"AC03 - Aci";"71,3000";"BR-116/SP";"Pista Norte";"Colisão Traseira";1;0;1;0;0;0;0;0;0;0;4;0;0;0;0
"08/01/2023";"13:12:00";"301";"AC02 - Aci";"106";"BR-116/SP";"Pista Sul";"Colisão Traseira";2;0;0;0;0;0;0;0;0;0;6;2;0;0;0
"08/01/2023";"15:22:00";"366";"AC03 - Aci";"18";"BR-116/SP";"Pista Norte";"Colisão Traseira";2;0;0;0;0;0;0;0;0;0;10;0;0;0;0
"08/01/2023";"16:59:00";"424";"AC03 - Aci";"494";"BR-101/RJ";"Pista Norte";"Choque em objeto fixo";1;0;0;0;0;0;0;0;0;0;1;0;0;0;0
"08/01/2023";"17:18:00";"432";"AC03 - Aci";"186";"BR-116/RJ";"Pista Norte";"Colisão Traseira";2;0;0;0;0;0;0;0;0;0;2;0;0;0;0
"08/01/2023";"17:42:00";"445";"AC03 - Aci";"389";"BR-101/RJ";"Pista Norte";"Engavetamento";2;0;0;0;0;1;0;0;0;0;7;0;0;0;0
"08/01/2023";"18:55:00";"485";"AC02 - Aci";"190";"BR-116/RJ";"Pista Sul";"Colisão Traseira";1;0;0;1;0;0;0;0;0;0;15;1;0;0;0
"08/01/2023";"19:08:00";"490";"AC03 - Aci";"476,200";"BR-101/RJ";"Pista Sul";"Queda de ribanceira";1;0;0;0;0;0;0;0;0;0;1;0;0;0;0
"08/01/2023";"19:28:00";"498";"AC03 - Aci";"304";"BR-116/RJ";"Pista Norte";"Colisão Traseira";0;0;0;1;0;1;0;0;0;0;2;0;0;0;0
"08/01/2023";"21:41:00";"568";"AC02 - Aci";"147,399";"BR-116/SP";"Pista Norte";"Colisão Traseira";2;0;0;0;0;0;0;0;0;0;21;1;0;0;0
"08/01/2023";"22:11:00";"578";"AC03 - Aci";"174";"BR-116/RJ";"Pista Sul";"Capotamento";1;0;1;0;0;0;0;0;0;0;2;0;0;0;0
"08/01/2023";"22:15:00";"580";"AC02 - Aci";"486,5";"BR-101/RJ";"Pista Sul";"Colisão Frontal";2;0;0;0;0;0;0;0;0;0;2;1;0;0;0
"08/01/2023";"23:19:00";"600";"AC03 - Aci";"321";"BR-116/RJ";"Pista Sul";"Choque em objeto fixo";1;0;0;0;0;1;0;0;0;0;4;0;0;0;0
"08/01/2023";"23:20:00";"601";"AC03 - Aci";"93,5999";"BR-116/SP";"Pista Sul";"Outros";1;0;0;0;0;0;0;0;0;0;1;0;0;0;0
"09/01/2023";"01:45:00";"27";"AC03 - Aci";"113,099";"BR-116/SP";"Pista Sul";"Colisão Traseira";2;0;0;0;0;0;0;0;0;0;9;0;0;0;0
"09/01/2023";"02:04:00";"32";"AC03 - Aci";"171";"BR-116/RJ";"Pista Norte";"Choque em Barreira New Jersey";1;0;0;0;0;0;0;0;0;0;1;0;0;0;0
"09/01/2023";"04:30:00";"62";"AC03 - Aci";"180";"BR-116/RJ";"Pista Sul";"Atropelamento de Animal";1;0;0;0;0;0;0;0;0;0;1;0;0;0;0
"09/01/2023";"07:19:00";"153";"AC03 - Aci";"145,100";"BR-116/SP";"Pista Sul";"Colisão Traseira";2;0;0;0;0;0;0;0;0;0;2;0;0;0;0
"09/01/2023";"09:24:00";"263";"AC03 - Aci";"542";"BR-101/RJ";"Pista Norte";"Choque em objeto fixo";1;0;0;0;0;0;0;0;0;0;1;0;0;0;0
"09/01/2023";"10:47:00";"320";"AC03 - Aci";"66,0999";"BR-116/SP";"Pista Sul";"Choque em Defensa";1;0;0;0;0;0;0;0;0;0;4;0;0;0;0
"09/01/2023";"10:53:00";"328";"AC02 - Aci";"231,300";"BR-116/SP";"Pista Sul";"Colisão Traseira";2;0;0;0;0;0;0;0;0;0;2;1;0;0;0
"09/01/2023";"14:10:00";"448";"AC03 - Aci";"218,600";"BR-116/SP";"Pista Sul";"Colisão Traseira";2;0;0;0;0;0;0;0;0;0;3;0;0;0;0
"09/01/2023";"14:18:00";"453";"AC02 - Aci";"312,200";"BR-116/RJ";"Pista Sul";"Abalroamento Longitudinal";1;0;1;0;0;0;0;0;0;0;2;2;1;0;0
"09/01/2023";"14:30:00";"462";"AC02 - Aci";"189";"BR-116/RJ";"Pista Norte";"Abalroamento Longitudinal";2;0;0;0;0;0;0;0;0;0;0;1;1;0;0
"09/01/2023";"15:18:00";"480";"AC03 - Aci";"102,5";"BR-116/SP";"Pista Sul";"Colisão Traseira";1;0;1;0;0;0;0;0;0;0;5;0;0;0;0
"09/01/2023";"15:26:00";"487";"AC02 - Aci";"231,600";"BR-116/SP";"Pista Sul";"Engavetamento";2;0;2;0;0;0;0;0;0;0;5;3;1;0;0
"09/01/2023";"16:22:00";"528";"AC01 - Aci";"490";"BR-101/RJ";"Pista Norte";"Colisão Frontal";1;0;1;0;0;0;0;0;0;0;0;1;1;0;1
"09/01/2023";"18:26:00";"615";"AC03 - Aci";"26,2999";"BR-116/SP";"Pista Sul";"Colisão Traseira";1;0;1;0;0;0;0;0;0;0;6;0;0;0;0
"09/01/2023";"19:39:00";"660";"AC03 - Aci";"289,799";"BR-116/RJ";"Pista Norte";"Colisão Traseira";0;0;2;0;0;0;0;0;0;0;2;0;0;0;0
"09/01/2023";"20:12:00";"676";"AC03 - Aci";"36,5";"BR-116/SP";"Pista Norte";"Choque em objeto fixo";0;0;1;0;0;0;0;0;0;0;1;0;0;0;0
"09/01/2023";"20:40:00";"692";"AC02 - Aci";"141,5";"BR-116/SP";"Pista Norte";"Choque em Barreira New Jersey";1;0;0;0;0;0;0;0;0;0;0;2;0;0;0
"09/01/2023";"21:09:00";"704";"AC03 - Aci";"231,5";"BR-116/RJ";"Pista Norte";"Choque Talude";1;0;0;0;0;0;0;0;0;0;2;0;0;0;0
"09/01/2023";"21:31:00";"717";"AC02 - Aci";"286";"BR-116/RJ";"Pista Norte";"Colisão Traseira";1;0;0;0;0;1;0;0;0;0;1;1;0;0;0
"09/01/2023";"22:28:00";"738";"AC02 - Aci";"402,5";"BR-101/RJ";"Pista Norte";"Queda de ribanceira";1;0;0;0;0;0;0;0;0;0;0;1;0;0;0
"09/01/2023";"22:53:00";"748";"AC03 - Aci";"73,6999";"BR-116/SP";"Pista Sul";"Outros";1;0;0;0;0;0;0;0;0;0;4;0;0;0;0
"09/01/2023";"23:07:00";"752";"AC02 - Aci";"335";"BR-116/RJ";"Pista Sul";;0;0;1;0;0;0;0;0;0;0;0;0;1;0;0
"09/01/2023";"23:56:00";"770";"AC03 - Aci";"48,5";"BR-116/SP";"Pista Norte";"Outros";1;0;0;0;0;0;0;0;0;0;3;0;0;0;0
"10/01/2023";"00:35:00";"18";"AC03 - Aci";"70,6999";"BR-116/SP";"Pista Sul";"Outros";1;0;0;0;0;0;0;0;0;0;4;0;0;0;0
"10/01/2023";"00:35:00";"17";"AC03 - Aci";"579";"BR-101/RJ";"Pista Sul";"Choque em objeto fixo";1;0;0;0;0;0;0;0;0;0;3;0;0;0;0
"10/01/2023";"01:01:00";"26";"AC03 - Aci";"48,5";"BR-116/SP";"Pista Norte";"Choque em objeto na pista";1;0;0;0;0;0;0;0;0;0;1;0;0;0;0
"10/01/2023";"01:08:00";"30";"AC03 - Aci";"21,7000";"BR-116/SP";"Pista Sul";"Outros";0;0;1;0;0;0;0;0;0;0;1;0;0;0;0
"10/01/2023";"01:10:00";"31";"AC03 - Aci";"385,600";"BR-101/RJ";"Pista Sul";"Choque em objeto fixo";1;0;0;0;0;0;0;0;0;0;1;0;0;0;0
"10/01/2023";"01:34:00";"37";"AC03 - Aci";"16,6000";"BR-116/SP";"Pista Sul";"Choque em objeto fixo";0;0;1;0;0;0;0;0;0;0;1;0;0;0;0
"10/01/2023";"01:35:00";"38";"AC03 - Aci";"67";"BR-116/SP";"Pista Sul";"Choque em objeto na pista";1;0;0;0;0;0;0;0;0;0;5;0;0;0;0
"10/01/2023";"02:08:00";"44";"AC03 - Aci";"21";"BR-116/SP";"Pista Sul";"Outros";1;0;0;0;0;0;0;0;0;0;5;0;0;0;0
"10/01/2023";"02:13:00";"47";"AC03 - Aci";"48,5";"BR-116/SP";"Pista Norte";"Outros";1;0;0;0;0;0;0;0;0;0;2;0;0;0;0
"10/01/2023";"04:06:00";"74";"AC03 - Aci";"413";"BR-101/RJ";"Pista Norte";"Choque em objeto fixo";1;0;0;0;0;0;0;0;0;0;1;0;0;0;0
"10/01/2023";"06:32:00";"117";"AC02 - Aci";"110,699";"BR-116/SP";"Pista Sul";"Queda de moto";0;0;0;1;0;1;0;0;0;0;1;1;0;0;0
"10/01/2023";"07:32:00";"159";"AC03 - Aci";"243,600";"BR-116/RJ";"Pista Norte";"Choque em objeto fixo";0;0;1;0;0;0;0;0;0;0;1;0;0;0;0
"10/01/2023";"07:36:00";"161";"AC03 - Aci";"293";"BR-116/RJ";"Pista Sul";"Choque em Barreira New Jersey";1;0;0;0;0;1;0;0;0;0;2;0;0;0;0
"10/01/2023";"08:16:00";"193";"AC02 - Aci";"244,699";"BR-116/RJ";"Pista Norte";"Abalroamento Longitudinal";1;0;1;0;0;0;0;0;0;0;0;1;1;0;0
"10/01/2023";"08:28:00";"204";"AC04 - Atr";"181";"BR-116/RJ";"Pista Norte";"Atropelamento de Pedestre Atravessando";0;0;0;0;0;1;0;0;0;0;1;1;0;0;0
"10/01/2023";"11:17:00";"328";"AC03 - Aci";"309";"BR-116/RJ";"Pista Sul";"Outros";1;0;0;0;0;0;0;0;0;0;1;0;0;0;0
"10/01/2023";"13:51:00";"431";"AC03 - Aci";"124,400";"BR-116/SP";"Pista Norte";"Colisão Traseira";2;0;0;0;0;0;0;0;0;0;4;0;0;0;0
"10/01/2023";"14:13:00";"445";"AC03 - Aci";"126,900";"BR-116/SP";"Pista Norte";"Colisão Traseira";2;0;0;0;0;0;0;0;0;0;2;0;0;0;0
"10/01/2023";"14:47:00";"463";"AC02 - Aci";"229,100";"BR-116/SP";"Pista Sul";"Colisão Traseira";1;0;0;1;0;0;0;0;0;0;1;1;0;0;0
"10/01/2023";"16:59:00";"553";"AC02 - Aci";"214,199";"BR-116/SP";"Pista Norte";"Colisão Traseira";1;0;1;0;0;0;0;0;0;0;1;2;1;0;0
"10/01/2023";"18:58:00";"634";"AC03 - Aci";"215,100";"BR-116/SP";"Pista Sul";"Abalroamento Longitudinal";1;0;0;1;0;0;0;0;0;0;2;0;0;0;0
"10/01/2023";"19:12:00";"646";"AC02 - Aci";"291";"BR-116/RJ";"Pista Norte";"Engavetamento";1;0;0;0;0;2;0;0;0;0;2;1;0;0;0
"10/01/2023";"19:40:00";"664";"AC02 - Aci";"415";"BR-101/RJ";"Pista Norte";"Colisão Frontal";1;0;0;1;0;0;0;0;0;0;1;0;1;0;0
"10/01/2023";"20:43:00";"705";"AC03 - Aci";"291";"BR-116/RJ";"Pista Sul";"Choque em Barreira New Jersey";1;0;0;0;0;0;0;0;0;0;1;0;0;0;0
"10/01/2023";"21:10:00";"722";"AC03 - Aci";"21";"BR-116/SP";"Pista Sul";"Outros";2;0;1;0;0;1;0;0;0;0;4;0;0;0;0
"10/01/2023";"21:53:00";"738";"AC03 - Aci";"287";"BR-116/RJ";"Pista Norte";"Colisão Traseira";2;0;0;0;0;0;0;0;0;0;2;0;0;0;0
"10/01/2023";"23:51:00";"785";"AC03 - Aci";"146";"BR-116/SP";"Pista Norte";"Abalroamento Longitudinal";0;0;1;0;0;1;0;0;0;0;2;0;0;0;0
"11/01/2023";"02:56:00";"37";"AC03 - Aci";"186,300";"BR-116/SP";"Pista Sul";"Choque em objeto na pista";1;0;0;0;0;0;0;0;0;0;4;0;0;0;0
"11/01/2023";"03:58:00";"50";"AC02 - Aci";"35,5";"BR-116/SP";"Pista Sul";"Choque em objeto na pista";1;0;0;0;0;0;0;0;0;0;3;0;1;0;0
"11/01/2023";"04:29:00";"58";"AC03 - Aci";"21";"BR-116/SP";"Pista Sul";"Outros";0;0;1;0;0;0;0;0;0;0;1;0;0;0;0
"11/01/2023";"06:28:00";"102";"AC03 - Aci";"171,899";"BR-116/RJ";"Pista Norte";"Abalroamento Longitudinal";1;0;1;0;0;0;0;0;0;0;2;0;0;0;0
"11/01/2023";"07:58:00";"199";"AC02 - Aci";"320";"BR-116/RJ";"Pista Sul";"Queda de moto";0;0;0;1;0;0;0;0;0;0;1;0;1;0;0
"11/01/2023";"08:17:00";"217";"AC03 - Aci";"185,600";"BR-116/RJ";"Pista Norte";"Engavetamento";1;0;2;0;0;0;0;0;0;0;3;0;0;0;0
"11/01/2023";"08:36:00";"237";"AC02 - Aci";"50,5";"BR-101/SP";"Pista Norte";"Colisão Traseira";1;0;0;1;0;0;0;0;0;0;0;2;0;0;0
"11/01/2023";"09:09:00";"267";"AC03 - Aci";"98,8499";"BR-116/SP";"Pista Norte";"Colisão Traseira";0;0;2;0;0;0;0;0;0;0;2;0;0;0;0
"11/01/2023";"10:43:00";"336";"AC02 - Aci";"449,600";"BR-101/RJ";"Pista Sul";"Queda de moto";0;0;0;1;0;0;0;0;0;0;0;1;0;0;0
"11/01/2023";"10:55:00";"343";"AC03 - Aci";"183";"BR-116/RJ";"Pista Sul";"Colisão Traseira";2;0;0;0;0;0;0;0;0;0;2;0;0;0;0
"11/01/2023";"12:59:00";"407";"AC03 - Aci";"30,1000";"BR-116/SP";"Pista Sul";"Colisão Traseira";1;0;1;0;0;0;0;0;0;0;4;0;0;0;0