data;horario;n_da_ocorrencia;tipo_de_ocorrencia;km;trecho;sentido;tipo_de_acidente;automovel;bicicleta;caminhao;moto;onibus;outros;tracao_animal;transporte_de_cargas_especiais;trator_maquinas;utilitarios;ilesos;levemente_feridos;moderadamente_feridos;gravemente_feridos;mortos
"16/01/2023";"22:43:00";"720";"AC03 - Aci";"428";"BR-101/RJ";"Pista Sul";"Queda de ribanceira";1;0;0;0;0;0;0;0;0;0;3;0;0;0;0
"16/01/2023";"23:46:00";"739";"AC03 - Aci";"195";"BR-116/RJ";"Pista Sul";"Outros";1;0;0;0;0;0;0;0;0;0;2;0;0;0;0
"16/01/2023";"23:59:00";"744";"AC03 - Aci";"206,699";"BR-116/SP";"Pista Norte";"Colisão Traseira";0;0;2;0;0;0;0;0;0;0;3;0;0;0;0
"17/01/2023";"03:26:00";"37";"AC03 - Aci";"283,899";"BR-116/RJ";"Pista Norte";"Abalroamento Longitudinal";0;0;1;0;0;1;0;0;0;0;2;0;0;0;0
"17/01/2023";"06:57:00";"123";"AC02 - Aci";"225,300";"BR-116/SP";"Pista Sul";"Colisão Traseira";0;0;0;1;0;1;0;0;0;0;1;1;0;0;0
"17/01/2023";"08:21:00";"198";"AC02 - Aci";"418";"BR-101/RJ";"Pista Sul";"Colisão Traseira";1;0;0;0;0;1;0;0;0;0;1;1;0;0;0
"17/01/2023";"08:25:00";"200";"AC02 - Aci";"507,899";"BR-101/RJ";"Pista Sul";"Abalroamento Longitudinal";1;0;0;1;0;0;0;0;0;0;1;1;0;0;0
"17/01/2023";"08:41:00";"220";"AC02 - Aci";"186";"BR-116/RJ";"Pista Norte";"Colisão Traseira";1;0;0;1;0;0;0;0;0;0;1;1;0;0;0
"17/01/2023";"09:03:00";"243";"AC02 - Aci";"425";"BR-101/RJ";"Pista Norte";"Engavetamento";3;0;0;0;0;0;0;0;0;0;3;1;0;0;0
"17/01/2023";"09:24:00";"257";"AC03 - Aci";"138";"BR-116/SP";"Pista Sul";"Engavetamento";1;0;0;0;0;2;0;0;0;0;5;0;0;0;0
"17/01/2023";"09:29:00";"261";"AC03 - Aci";"219,399";"BR-116/SP";"Pista Sul";"Colisão Traseira";1;0;1;0;0;0;0;0;0;0;3;0;0;0;0
"17/01/2023";"10:17:00";"303";"AC03 - Aci";"468";"BR-101/RJ";"Pista Sul";"Colisão Traseira";2;0;0;0;0;0;0;0;0;0;2;0;0;0;0
"17/01/2023";"10:27:00";"309";"AC03 - Aci";"229,300";"BR-116/SP";"Pista Sul";"Colisão Traseira";1;0;1;0;0;0;0;0;0;0;3;0;0;0;0
"17/01/2023";"10:38:00";"317";"AC03 - Aci";"512";"BR-101/RJ";"Pista Sul";"Abalroamento Longitudinal";2;0;0;0;0;0;0;0;0;0;2;0;0;0;0
"17/01/2023";"10:51:00";"324";"AC02 - Aci";"449";"BR-101/RJ";"Pista Sul";"Engavetamento";3;0;0;0;0;0;0;0;0;0;2;1;0;0;0
"17/01/2023";"11:03:00";"330";"AC03 - Aci";"52";"BR-101/SP";"Pista Norte";;1;0;0;0;0;0;0;0;0;0;1;0;0;0;0
"17/01/2023";"13:38:00";"442";"AC02 - Aci";"47";"BR-101/SP";"Pista Norte";"Queda de moto";0;0;0;1;0;0;0;0;0;0;0;1;0;0;0
"17/01/2023";"14:20:00";"474";"AC03 - Aci";"172";"BR-116/RJ";"Pista Sul";"Abalroamento Longitudinal";1;0;0;0;0;1;0;0;0;0;2;0;0;0;0
"17/01/2023";"15:33:00";"525";"AC03 - Aci";"82,9000";"BR-116/SP";"Pista Sul";"Colisão Traseira";1;0;2;0;0;0;0;0;0;0;3;0;0;0;0
"17/01/2023";"16:15:00";"555";"AC02 - Aci";"309";"BR-116/RJ";"Pista Sul";"Abalroamento Longitudinal";1;0;0;0;0;1;0;0;0;0;1;1;0;0;0
"17/01/2023";"16:33:00";"569";"AC03 - Aci";"175,100";"BR-116/RJ";"Pista Sul";"Choque em Barreira New Jersey";1;0;0;0;0;0;0;0;0;0;1;0;0;0;0
"17/01/2023";"17:03:00";"584";"AC03 - Aci";"142";"BR-116/SP";"Pista Norte";"Engavetamento";4;0;0;0;0;1;0;0;0;0;10;0;0;0;0
"17/01/2023";"17:47:00";"616";"AC04 - Atr";"112,099";"BR-116/SP";"Pista Sul";"Atropelamento de Pedestre Atravessando";0;1;0;1;0;0;0;0;0;0;1;1;0;0;0
"17/01/2023";"17:48:00";"619";"AC02 - Aci";"26,5";"BR-116/SP";"Pista Sul";"Choque em Barreira New Jersey";1;0;0;0;0;0;0;0;0;0;0;1;0;0;0
"17/01/2023";"18:32:00";"657";"AC03 - Aci";"475";"BR-101/RJ";"Pista Sul";"Choque em objeto fixo";1;0;0;0;0;0;0;0;0;0;1;0;0;0;0
"17/01/2023";"19:05:00";"686";"AC03 - Aci";"212";"BR-116/RJ";"Pista Sul";"Choque em objeto fixo";0;0;1;0;0;0;0;0;0;0;1;0;0;0;0
"17/01/2023";"21:29:00";"756";"AC03 - Aci";"434";"BR-101/RJ";"Pista Sul";"Choque em objeto fixo";1;0;0;0;0;0;0;0;0;0;1;0;0;0;0
"17/01/2023";"21:32:00";"758";"AC03 - Aci";"129,449";"BR-116/SP";"Pista Norte";"Colisão Traseira";2;0;0;0;0;0;0;0;0;0;2;0;0;0;0
"17/01/2023";"21:46:00";"766";"AC03 - Aci";"312";"BR-116/RJ";"Pista Sul";"Choque em objeto na pista";2;0;0;0;0;0;0;0;0;0;2;0;0;0;0
"17/01/2023";"22:44:00";"787";"AC03 - Aci";"33";"BR-116/SP";"Pista Sul";"Outros";1;0;0;0;0;0;0;0;0;0;3;0;0;0;0
"18/01/2023";"09:05:00";"296";"AC03 - Aci";"284,200";"BR-116/RJ";"Pista Norte";"Colisão Traseira";2;0;0;0;0;0;0;0;0;0;2;0;0;0;0
"18/01/2023";"09:50:00";"340";"AC03 - Aci";"521,169";"BR-101/RJ";"Pista Norte";"Abalroamento Longitudinal";2;0;0;0;0;0;0;0;0;0;2;0;0;0;0
"18/01/2023";"12:09:00";"434";"AC03 - Aci";"188";"BR-116/RJ";"Pista Sul";"Colisão Traseira";2;0;0;0;0;0;0;0;0;0;2;0;0;0;0
"18/01/2023";"13:14:00";"466";"AC03 - Aci";"229,949";"BR-116/SP";"Pista Norte";"Engavetamento";1;0;3;0;0;0;0;0;0;0;4;0;0;0;0
"18/01/2023";"13:48:00";"494";"AC03 - Aci";"324,899";"BR-116/RJ";"Pista Sul";"Colisão Traseira";0;0;2;0;0;0;0;0;0;0;2;0;0;0;0
"18/01/2023";"16:13:00";"597";"AC03 - Aci";"119,5";"BR-116/SP";"Pista Norte";"Choque Talude";1;0;0;0;0;0;0;0;0;0;3;0;0;0;0
"18/01/2023";"19:33:00";"743";"AC03 - Aci";"428";"BR-101/RJ";"Pista Norte";"Choque em objeto fixo";1;0;0;0;0;0;0;0;0;0;1;0;0;0;0
"18/01/2023";"20:11:00";"764";"AC03 - Aci";"196";"BR-116/RJ";"Pista Sul";"Outros";3;0;0;0;0;0;0;0;0;0;3;0;0;0;0
"18/01/2023";"20:17:00";"770";"AC03 - Aci";"105,900";"BR-116/SP";"Pista Sul";"Abalroamento Longitudinal";0;0;2;0;0;0;0;0;0;0;2;0;0;0;0
"18/01/2023";"21:20:00";"794";"AC02 - Aci";"523";"BR-101/RJ";"Pista Norte";"Atropelamento de Animal";0;0;1;1;0;0;0;0;0;0;1;0;1;0;0
"19/01/2023";"02:27:00";"37";"AC02 - Aci";"230,5";"BR-116/SP";"Pista Sul";"Abalroamento Longitudinal";0;0;0;2;0;0;0;0;0;0;0;3;0;0;0
"19/01/2023";"06:19:00";"89";"AC02 - Aci";"311";"BR-116/RJ";"Pista Norte";"Queda de moto";0;0;0;1;0;0;0;0;0;0;0;0;1;0;0
"19/01/2023";"06:51:00";"116";"AC03 - Aci";"24";"BR-116/SP";"Pista Norte";"Colisão Traseira";0;0;2;0;0;0;0;0;0;0;2;0;0;0;0
"19/01/2023";"06:57:00";"119";"AC03 - Aci";"313";"BR-116/RJ";"Pista Norte";"Colisão Traseira";2;0;0;0;0;0;0;0;0;0;9;0;0;0;0
"19/01/2023";"07:57:00";"183";"AC03 - Aci";"407";"BR-101/RJ";"Pista Norte";"Abalroamento Longitudinal";1;0;1;0;0;0;0;0;0;0;3;0;0;0;0
"19/01/2023";"07:57:00";"184";"AC02 - Aci";"160,899";"BR-116/SP";"Pista Norte";"Abalroamento Longitudinal";1;0;0;1;0;0;0;0;0;0;1;0;1;0;0
"19/01/2023";"08:06:00";"192";"AC03 - Aci";"219";"BR-116/SP";"Pista Sul";"Colisão Traseira";1;0;0;1;0;0;0;0;0;0;3;0;0;0;0
"19/01/2023";"08:22:00";"207";"AC02 - Aci";"112,150";"BR-116/SP";"Pista Norte";"Colisão Traseira";0;0;0;1;0;1;0;0;0;0;1;1;0;0;0
"19/01/2023";"08:32:00";"214";"AC03 - Aci";"322,899";"BR-116/RJ";"Pista Sul";"Choque em objeto fixo";0;0;1;0;0;0;0;0;0;0;1;0;0;0;0
"19/01/2023";"10:17:00";"295";"AC03 - Aci";"27,2000";"BR-116/SP";"Pista Norte";"Colisão Traseira";0;0;2;0;0;0;0;0;0;0;2;0;0;0;0
"19/01/2023";"11:13:00";"336";"AC05 - Atr";"320,5";"BR-116/RJ";"Pista Norte";"Atropelamento de Pedestre Atravessando";1;1;0;0;0;0;0;0;0;0;5;0;0;0;1
"19/01/2023";"11:56:00";"364";"AC03 - Aci";"324";"BR-116/RJ";"Pista Norte";"Colisão Traseira";1;0;1;0;0;0;0;0;0;0;2;0;0;0;0
"19/01/2023";"14:54:00";"460";"AC03 - Aci";"485";"BR-101/RJ";"Pista Sul";"Colisão Traseira";2;0;0;0;0;0;0;0;0;0;2;0;0;0;0
"19/01/2023";"17:38:00";"560";"AC03 - Aci";"155";"BR-116/SP";"Pista Sul";"Colisão Traseira";1;0;0;1;0;0;0;0;0;0;2;0;0;0;0
"19/01/2023";"18:35:00";"611";"AC02 - Aci";"219";"BR-116/SP";"Pista Norte";"Colisão Traseira";1;0;0;1;0;0;0;0;0;0;1;2;0;0;0
"19/01/2023";"19:35:00";"645";"AC03 - Aci";"191,199";"BR-116/RJ";"Pista Norte";"Engavetamento";3;0;0;0;0;1;0;0;0;0;7;0;0;0;0
"19/01/2023";"20:17:00";"666";"AC02 - Aci";"573";"BR-101/RJ";"Pista Sul";"Colisão Frontal";1;0;0;1;0;0;0;0;0;0;1;1;0;0;0
"19/01/2023";"21:52:00";"694";"AC03 - Aci";"191,979";"BR-116/RJ";"Pista Norte";"Choque em Defensa";1;0;0;0;0;0;0;0;0;0;1;0;0;0;0
"20/01/2023";"00:23:00";"14";"AC02 - Aci";"226";"BR-116/RJ";"Pista Norte";"Capotamento";1;0;0;0;0;0;0;0;0;0;1;1;0;0;0
"20/01/2023";"01:30:00";"33";"AC02 - Aci";"228";"BR-116/RJ";"Pista Norte";"Engavetamento";2;0;2;0;0;1;0;0;0;0;34;1;0;0;0
"20/01/2023";"01:48:00";"38";"AC02 - Aci";"182,300";"BR-116/SP";"Pista Norte";"Colisão Traseira";0;0;1;0;1;0;0;0;0;0;32;1;0;0;0
"20/01/2023";"03:43:00";"65";"AC05 - Atr";"229,5";"BR-116/SP";"Pista Norte";"Atropelamento de Pedestre Caminhando";1;0;0;0;0;0;0;0;0;0;0;2;0;0;1
"20/01/2023";"05:03:00";"80";"AC05 - Atr";"251,800";"BR-116/RJ";"Pista Norte";"Atropelamento de Pedestre Caminhando";2;0;0;0;0;0;0;0;0;0;2;0;0;0;1
"20/01/2023";"07:10:00";"132";"AC03 - Aci";"416";"BR-101/RJ";"Pista Sul";"Abalroamento Longitudinal";2;0;0;0;0;0;0;0;0;0;2;0;0;0;0
"20/01/2023";"08:34:00";"195";"AC03 - Aci";"144,699";"BR-116/SP";"Pista Norte";"Engavetamento";3;0;0;0;0;0;0;0;0;0;3;0;0;0;0
"20/01/2023";"09:00:00";"219";"AC02 - Aci";"152,399";"BR-116/SP";"Pista Norte";"Abalroamento Longitudinal";1;0;1;0;0;0;0;0;0;0;1;1;0;0;0
"20/01/2023";"09:39:00";"245";"AC02 - Aci";"410";"BR-101/RJ";"Pista Sul";"Engavetamento";2;0;0;1;0;0;0;0;0;0;2;1;1;0;0
"20/01/2023";"10:04:00";"262";"AC03 - Aci";"211,800";"BR-116/SP";"Pista Sul";"Abalroamento Longitudinal";1;0;1;0;0;0;0;0;0;0;2;0;0;0;0
"20/01/2023";"10:12:00";"268";"AC03 - Aci";"218,300";"BR-116/SP";"Pista Sul";"Colisão Traseira";1;0;0;1;0;0;0;0;0;0;3;0;0;0;0
"20/01/2023";"11:06:00";"299";"AC03 - Aci";"423";"BR-101/RJ";"Pista Sul";"Engavetamento";3;0;0;0;0;0;0;0;0;0;3;0;0;0;0
"20/01/2023";"11:16:00";"304";"AC02 - Aci";"177";"BR-116/RJ";"Pista Sul";"Abalroamento Longitudinal";1;0;0;1;0;0;0;0;0;0;1;1;0;0;0
"20/01/2023";"11:57:00";"331";"AC04 - Atr";"485";"BR-101/RJ";"Pista Norte";"Atropelamento de Pedestre Atravessando";0;1;0;1;0;0;0;0;0;0;0;2;0;0;0
"20/01/2023";"12:07:00";"339";"AC02 - Aci";"314";"BR-116/RJ";"Pista Sul";"Choque em Barreira New Jersey";1;0;0;0;0;0;0;0;0;0;0;1;0;0;0
"20/01/2023";"12:42:00";"357";"AC03 - Aci";"42,2000";"BR-116/SP";"Pista Sul";"Colisão Traseira";2;0;0;0;0;0;0;0;0;0;5;0;0;0;0
"20/01/2023";"13:12:00";"376";"AC02 - Aci";"48";"BR-101/SP";"Pista Norte";"Abalroamento Longitudinal";1;0;0;1;0;0;0;0;0;0;1;1;0;0;0
"20/01/2023";"13:22:00";"380";"AC03 - Aci";"143,199";"BR-116/SP";"Pista Sul";"Engavetamento";3;0;0;0;0;0;0;0;0;0;4;0;0;0;0
"20/01/2023";"13:23:00";"381";"AC03 - Aci";"41,4000";"BR-116/SP";"Pista Sul";"Queda de ribanceira";1;0;0;0;0;0;0;0;0;0;1;0;0;0;0
"20/01/2023";"13:44:00";"392";"AC03 - Aci";"45";"BR-101/SP";"Pista Sul";"Colisão Traseira";2;0;0;0;0;0;0;0;0;0;2;0;0;0;0
"20/01/2023";"13:48:00";"395";"AC03 - Aci";"42,8499";"BR-116/SP";"Pista Sul";"Choque em objeto fixo";1;0;0;0;0;0;0;0;0;0;2;0;0;0;0
"20/01/2023";"14:36:00";"432";"AC03 - Aci";"452";"BR-101/RJ";"Pista Sul";"Choque em objeto fixo";1;0;0;0;0;0;0;0;0;0;2;0;0;0;0
"20/01/2023";"15:30:00";"468";"AC02 - Aci";"269,5";"BR-116/RJ";"Pista Sul";"Choque em Defensa";1;0;0;0;0;1;0;0;0;0;1;1;0;0;0
"20/01/2023";"15:49:00";"481";"AC03 - Aci";"232";"BR-116/RJ";"Pista Norte";"Choque em Barreira New Jersey";1;0;0;0;0;0;0;0;0;0;5;0;0;0;0
"20/01/2023";"16:03:00";"493";"AC03 - Aci";"269";"BR-116/RJ";"Pista Sul";"Colisão Traseira";1;0;0;0;0;1;0;0;0;0;3;0;0;0;0
"20/01/2023";"16:14:00";"498";"AC03 - Aci";"160,800";"BR-116/SP";"Pista Norte";"Colisão Traseira";0;0;2;0;0;0;0;0;0;0;2;0;0;0;0
"20/01/2023";"16:27:00";"510";"AC03 - Aci";"234,899";"BR-116/RJ";"Pista Norte";"Engavetamento";3;0;0;0;0;0;0;0;0;0;3;0;0;0;0
"20/01/2023";"16:48:00";"524";"AC02 - Aci";"213,5";"BR-116/RJ";"Pista Sul";"Queda de moto";0;0;0;1;0;0;0;0;0;0;0;1;0;0;0
"20/01/2023";"17:26:00";"546";"AC03 - Aci";"303,200";"BR-116/RJ";"Pista Sul";"Colisão Traseira";1;0;0;0;0;1;0;0;0;0;2;0;0;0;0
"20/01/2023";"17:51:00";"561";"AC03 - Aci";"238";"BR-116/RJ";"Pista Norte";"Choque em Barreira New Jersey";1;0;0;0;0;0;0;0;0;0;1;0;0;0;0
"20/01/2023";"18:12:00";"578";"AC03 - Aci";"232";"BR-116/RJ";"Pista Norte";"Choque em Barreira New Jersey";1;0;0;0;0;0;0;0;0;0;1;0;0;0;0
"20/01/2023";"18:13:00";"579";"AC03 - Aci";"148";"BR-116/SP";"Pista Norte";"Colisão Traseira";0;0;0;1;0;1;0;0;0;0;2;0;0;0;0
"20/01/2023";"18:24:00";"590";"AC02 - Aci";"148,5";"BR-116/SP";"Pista Norte";"Abalroamento Longitudinal";2;0;0;1;0;0;0;0;0;0;2;2;0;0;0
"20/01/2023";"18:53:00";"606";"AC02 - Aci";"195";"BR-116/RJ";"Pista Norte";"Queda de moto";0;0;0;1;0;0;0;0;0;0;0;2;0;0;0
"20/01/2023";"19:25:00";"628";"AC02 - Aci";"189";"BR-116/RJ";"Pista Norte";"Queda de moto";0;0;0;1;0;0;0;0;0;0;1;1;0;0;0
"20/01/2023";"19:28:00";"631";"AC02 - Aci";"25,7999";"BR-116/SP";"Pista Sul";"Engavetamento";1;0;1;0;0;1;0;0;0;0;6;2;0;0;0
"20/01/2023";"20:00:00";"647";"AC03 - Aci";"49,5";"BR-101/SP";"Pista Sul";"Colisão Traseira";2;0;0;0;0;0;0;0;0;0;3;0;0;0;0
"20/01/2023";"20:34:00";"667";"AC03 - Aci";"220";"BR-116/RJ";"Pista Norte";"Atropelamento de Animal";1;0;0;0;0;0;0;0;0;0;1;0;0;0;0
"20/01/2023";"20:37:00";"668";"AC03 - Aci";"524";"BR-101/RJ";"Pista Sul";"Choque em objeto fixo";1;0;0;0;0;0;0;0;0;0;1;0;0;0;0
"20/01/2023";"21:16:00";"682";"AC02 - Aci";"23,8999";"BR-116/SP";"Pista Norte";"Colisão Traseira";1;0;1;0;0;0;0;0;0;0;2;1;0;0;0
"20/01/2023";"22:41:00";"721";"AC03 - Aci";"227,199";"BR-116/SP";"Pista Norte";"Choque em objeto na pista";1;0;0;0;0;0;0;0;0;0;1;0;0;0;0
"20/01/2023";"23:15:00";"740";"AC03 - Aci";"521";"BR-101/RJ";"Pista Sul";"Choque em objeto fixo";1;0;0;0;0;0;0;0;0;0;1;0;0;0;0
"21/01/2023";"00:07:00";"12";"AC03 - Aci";"226,800";"BR-116/SP";"Pista Norte";"Choque em objeto na pista";0;0;1;0;0;0;0;0;0;0;1;0;0;0;0
"21/01/2023";"00:49:00";"28";"AC02 - Aci";"54,5";"BR-116/SP";"Pista Sul";"Choque em objeto fixo";1;0;0;0;0;0;0;0;0;0;0;1;0;0;0
"21/01/2023";"00:57:00";"30";"AC02 - Aci";"445";"BR-101/RJ";"Pista Sul";"Colisão Frontal";2;0;0;0;0;0;0;0;0;0;1;2;0;0;0
"21/01/2023";"04:45:00";"56";"AC03 - Aci";"53,2000";"BR-116/SP";"Pista Sul";"Abalroamento Longitudinal";1;0;1;0;0;0;0;0;0;0;2;0;0;0;0
"21/01/2023";"08:15:00";"142";"AC02 - Aci";"571";"BR-101/RJ";"Pista Sul";"Colisão Traseira";2;0;0;0;0;0;0;0;0;0;0;2;0;0;0
"21/01/2023";"09:00:00";"172";"AC04 - Atr";"46,2999";"BR-101/SP";"Pista Sul";"Atropelamento de Pedestre Atravessando";0;0;0;1;0;0;0;0;0;0;2;1;0;0;0
"21/01/2023";"09:11:00";"183";"AC03 - Aci";"178,5";"BR-116/RJ";"Pista Sul";"Colisão Traseira";1;0;0;0;0;1;0;0;0;0;2;0;0;0;0
"21/01/2023";"09:23:00";"191";"AC03 - Aci";"225,300";"BR-116/SP";"Pista Norte";"Choque em objeto fixo";1;0;0;0;0;0;0;0;0;0;2;0;0;0;0
"21/01/2023";"09:40:00";"210";"AC02 - Aci";"166,600";"BR-116/SP";"Pista Norte";"Queda de moto";0;0;0;1;0;0;0;0;0;0;0;1;0;0;0
"21/01/2023";"11:08:00";"270";"AC03 - Aci";"45,2000";"BR-116/SP";"Pista Sul";"Colisão Traseira";2;0;0;0;0;0;0;0;0;0;4;0;0;0;0
"21/01/2023";"12:48:00";"334";"AC02 - Aci";"122,099";"BR-116/SP";"Pista Sul";"Colisão Traseira";2;0;0;0;0;0;0;0;0;0;5;0;0;0;0
"21/01/2023";"12:56:00";"344";"AC03 - Aci";"185,899";"BR-116/RJ";"Pista Norte";"Engavetamento";3;0;0;0;0;0;0;0;0;0;3;0;0;0;0
"21/01/2023";"13:16:00";"352";"AC03 - Aci";"521";"BR-101/RJ";"Pista Norte";"Choque em objeto fixo";1;0;0;0;0;0;0;0;0;0;2;0;0;0;0
"21/01/2023";"14:16:00";"385";"AC03 - Aci";"455";"BR-101/RJ";"Pista Norte";"Engavetamento";3;0;0;0;0;0;0;0;0;0;6;0;0;0;0
"21/01/2023";"14:18:00";"387";"AC02 - Aci";"229";"BR-116/SP";"Pista Norte";"Colisão Traseira";1;0;0;1;0;0;0;0;0;0;4;0;1;0;0
"21/01/2023";"14:21:00";"390";"AC03 - Aci";"230,399";"BR-116/SP";"Pista Norte";"Abalroamento Longitudinal";1;0;0;1;0;0;0;0;0;0;2;0;0;0;0
"21/01/2023";"15:35:00";"431";"AC02 - Aci";"171,300";"BR-116/RJ";"Pista Sul";"Colisão Traseira";1;0;1;0;0;0;0;0;0;0;1;2;0;0;0
"21/01/2023";"15:59:00";"443";"AC03 - Aci";"39,5";"BR-101/SP";"Pista Sul";"Colisão Traseira";2;0;0;0;0;0;0;0;0;0;7;0;0;0;0
"21/01/2023";"16:25:00";"458";"AC02 - Aci";"284,299";"BR-116/RJ";"Pista Norte";"Capotamento";1;0;0;0;0;0;0;0;0;0;0;1;0;0;0
"21/01/2023";"16:55:00";"478";"AC02 - Aci";"271,399";"BR-116/RJ";"Pista Sul";"Choque em Defensa";1;0;0;0;0;0;0;0;0;0;0;4;0;0;0
"21/01/2023";"17:38:00";"502";"AC02 - Aci";"288";"BR-116/RJ";"Pista Norte";"Colisão Traseira";1;0;1;0;0;0;0;0;0;0;1;0;1;0;0
"21/01/2023";"18:11:00";"511";"AC02 - Aci";"212,399";"BR-116/SP";"Pista Sul";"Abalroamento Longitudinal";2;0;0;0;0;0;0;0;0;0;3;0;2;0;0
"21/01/2023";"18:21:00";"517";"AC02 - Aci";"310,799";"BR-116/RJ";"Pista Norte";"Choque em objeto fixo";1;0;0;0;0;0;0;0;0;0;0;1;0;0;0
"21/01/2023";"18:33:00";"525";"AC02 - Aci";"471";"BR-101/RJ";"Pista Norte";"Queda de moto";0;0;0;1;0;0;0;0;0;0;0;1;0;0;0
"21/01/2023";"18:42:00";"532";"AC03 - Aci";"37,5999";"BR-116/SP";"Pista Sul";"Choque em Barreira New Jersey";1;0;0;0;0;0;0;0;0;0;1;0;0;0;0
"21/01/2023";"18:56:00";"538";"AC03 - Aci";"251";"BR-116/RJ";"Pista Norte";"Choque em objeto na pista";1;0;0;0;0;0;0;0;0;0;1;0;0;0;0
"21/01/2023";"22:36:00";"610";"AC02 - Aci";"437";"BR-101/RJ";"Pista Norte";"Atropelamento de Animal";0;0;0;0;0;1;0;0;0;0;1;1;0;0;0
"21/01/2023";"22:45:00";"614";"AC03 - Aci";"144,5";"BR-116/SP";"Pista Norte";"Choque em objeto fixo";1;0;0;0;0;0;0;0;0;0;1;0;0;0;0
"22/01/2023";"01:36:00";"31";"AC01 - Aci";"105,599";"BR-116/SP";"Pista Sul";"Choque Talude";2;0;0;0;0;1;0;0;0;0;2;0;0;0;1
"22/01/2023";"05:09:00";"77";"AC03 - Aci";"128";"BR-116/SP";"Pista Norte";"Queda de moto";0;0;0;1;0;0;0;0;0;0;1;0;0;0;0
"22/01/2023";"05:22:00";"82";"AC04 - Atr";"34,0999";"BR-101/SP";"Pista Norte";"Atropelamento de Pedestre Atravessando";0;1;0;1;0;0;0;0;0;0;1;0;1;0;0
"22/01/2023";"07:20:00";"124";"AC02 - Aci";"301";"BR-116/RJ";"Pista Sul";"Queda de moto";0;0;0;1;0;0;0;0;0;0;0;0;0;1;0
"22/01/2023";"08:14:00";"156";"AC02 - Aci";"228,800";"BR-116/RJ";"Pista Norte";"Queda de Carga";0;0;0;1;0;0;0;0;0;0;0;2;0;0;0
"22/01/2023";"08:42:00";"179";"AC03 - Aci";"121";"BR-116/SP";"Pista Norte";"Colisão Traseira";1;0;0;0;0;2;0;0;0;0;3;0;0;0;0
"22/01/2023";"09:00:00";"189";"AC03 - Aci";"121,099";"BR-116/SP";"Pista Norte";"Colisão Traseira";3;0;0;0;0;0;0;0;0;0;7;0;0;0;0
"22/01/2023";"09:12:00";"196";"AC03 - Aci";"121,300";"BR-116/SP";"Pista Norte";"Colisão Traseira";2;0;0;0;0;0;0;0;0;0;10;0;0;0;0
"22/01/2023";"09:55:00";"221";"AC02 - Aci";"51";"BR-101/SP";"Pista Norte";"Abalroamento Longitudinal";1;0;0;1;0;0;0;0;0;0;2;0;1;0;0
"22/01/2023";"10:58:00";"261";"AC02 - Aci";"95,5";"BR-116/SP";"Pista Norte";"Engavetamento";3;0;0;1;0;0;0;0;0;0;8;0;1;0;0
"22/01/2023";"11:18:00";"271";"AC04 - Atr";"580,099";"BR-101/RJ";"Pista Norte";"Atropelamento de Pedestre Atravessando";0;1;0;0;1;0;0;0;0;0;1;0;1;0;0
"22/01/2023";"12:18:00";"304";"AC02 - Aci";"223";"BR-116/SP";"Pista Norte";"Queda de moto";0;0;0;1;0;0;0;0;0;0;1;1;0;0;0
"22/01/2023";"13:28:00";"335";"AC01 - Aci";"40,2000";"BR-116/SP";"Pista Sul";"Choque em Barreira New Jersey";0;0;0;1;0;0;0;0;0;0;0;0;0;0;1
"22/01/2023";"14:03:00";"352";"AC03 - Aci";"420";"BR-101/RJ";"Pista Sul";"Colisão Traseira";2;0;0;0;0;0;0;0;0;0;2;0;0;0;0
"22/01/2023";"14:32:00";"374";"AC03 - Aci";"45,3499";"BR-116/SP";"Pista Norte";"Abalroamento Longitudinal";1;0;0;0;0;1;0;0;0;0;3;0;0;0;0
"22/01/2023";"15:25:00";"408";"AC03 - Aci";"35";"BR-101/SP";"Pista Norte";"Colisão Traseira";1;0;0;0;0;1;0;0;0;0;5;0;0;0;0
"22/01/2023";"15:43:00";"427";"AC02 - Aci";"211,5";"BR-116/SP";"Pista Norte";"Colisão Traseira";2;0;0;0;0;0;0;0;0;0;3;2;0;0;0
"22/01/2023";"15:47:00";"432";"AC02 - Aci";"81,5500";"BR-116/SP";"Pista Sul";"Capotamento";1;0;1;0;0;0;0;0;0;0;2;2;3;0;0
"22/01/2023";"16:08:00";"445";"AC03 - Aci";"291";"BR-116/RJ";"Pista Norte";"Colisão Traseira";2;0;0;0;0;0;0;0;0;0;2;0;0;0;0
"22/01/2023";"16:12:00";"447";"AC03 - Aci";"439";"BR-101/RJ";"Pista Norte";"Engavetamento";2;0;0;1;0;0;0;0;0;0;3;0;0;0;0
"22/01/2023";"17:29:00";"499";"AC02 - Aci";"216";"BR-116/SP";"Pista Norte";"Choque em Barreira New Jersey";1;0;0;0;0;0;0;0;0;0;4;1;0;0;0
"22/01/2023";"18:37:00";"544";"AC02 - Aci";"189";"BR-116/RJ";"Pista Norte";"Queda de moto";0;0;0;1;0;0;0;0;0;0;0;1;0;0;0
"22/01/2023";"19:19:00";"570";"AC02 - Aci";"186";"BR-116/RJ";"Pista Norte";"Queda de moto";0;0;0;1;0;0;0;0;0;0;0;1;0;0;0
"22/01/2023";"19:56:00";"585";"AC03 - Aci";"431";"BR-101/RJ";"Pista Norte";"Choque em objeto fixo";1;0;0;0;0;0;0;0;0;0;1;0;0;0;0
"22/01/2023";"20:21:00";"596";"AC02 - Aci";"45";"BR-101/SP";"Pista Norte";"Colisão Frontal";2;0;0;0;0;0;0;0;0;0;1;1;0;0;0
"22/01/2023";"20:57:00";"614";"AC03 - Aci";"172";"BR-116/RJ";"Pista Norte";"Choque em Barreira New Jersey";1;0;0;0;0;0;0;0;0;0;1;0;0;0;0
"23/01/2023";"00:22:00";"23";"AC02 - Aci";"178";"BR-116/RJ";"Pista Sul";"Choque em Barreira New Jersey";1;0;0;0;0;0;0;0;0;0;0;0;1;0;0
"23/01/2023";"01:33:00";"35";"AC02 - Aci";"435";"BR-101/RJ";"Pista Sul";"Capotamento";1;0;0;0;0;0;0;0;0;0;0;0;1;0;0
"23/01/2023";"02:23:00";"47";"AC02 - Aci";"139,399";"BR-116/SP";"Pista Norte";"Choque em Barreira New Jersey";1;0;0;0;0;0;0;0;0;0;0;0;1;0;0
"23/01/2023";"02:51:00";"50";"AC03 - Aci";"89";"BR-116/SP";"Pista Norte";"Choque em objeto na pista";1;0;0;0;0;0;0;0;0;0;3;0;0;0;0
"23/01/2023";"02:53:00";"51";"AC03 - Aci";"89";"BR-116/SP";"Pista Norte";"Choque em objeto na pista";1;0;0;0;0;0;0;0;0;0;4;0;0;0;0
"23/01/2023";"04:36:00";"79";"AC03 - Aci";"215,100";"BR-116/SP";"Pista Sul";"Choque em Barreira New Jersey";1;0;0;0;0;0;0;0;0;0;1;0;0;0;0