data;horario;n_da_ocorrencia;tipo_de_ocorrencia;km;trecho;sentido;tipo_de_acidente;automovel;bicicleta;caminhao;moto;onibus;outros;tracao_animal;transporte_de_cargas_especiais;trator_maquinas;utilitarios;ilesos;levemente_feridos;moderadamente_feridos;gravemente_feridos;mortos
"23/01/2023";"04:51:00";"84";"AC03 - Aci";"224,899";"BR-116/SP";"Pista Norte";"Engavetamento";0;0;4;0;0;0;0;0;0;0;4;0;0;0;0
"23/01/2023";"07:52:00";"176";"AC03 - Aci";"109";"BR-116/SP";"Pista Sul";"Choque em Defensa";1;0;0;0;0;0;0;0;0;0;4;0;0;0;0
"23/01/2023";"08:21:00";"206";"AC04 - Atr";"281";"BR-116/RJ";"Pista Norte";"Atropelamento de Pedestre Atravessando";0;1;0;1;0;0;0;0;0;0;0;1;1;0;0
"23/01/2023";"09:11:00";"246";"AC02 - Aci";"478";"BR-101/RJ";"Pista Norte";"Colisão Frontal";1;0;0;1;0;0;0;0;0;0;0;2;0;0;0
"23/01/2023";"09:44:00";"276";"AC03 - Aci";"492";"BR-101/RJ";"Pista Norte";"Colisão Traseira";2;0;0;0;0;0;0;0;0;0;2;0;0;0;0
"23/01/2023";"09:57:00";"284";"AC03 - Aci";"503";"BR-101/RJ";"Pista Sul";"Colisão Traseira";2;0;0;0;0;0;0;0;0;0;2;0;0;0;0
"23/01/2023";"10:16:00";"294";"AC03 - Aci";"477";"BR-101/RJ";"Pista Sul";"Engavetamento";2;0;0;0;0;1;0;0;0;0;3;0;0;0;0
"23/01/2023";"10:24:00";"302";"AC03 - Aci";"419";"BR-101/RJ";"Pista Sul";"Engavetamento";3;0;0;0;0;1;0;0;0;0;4;0;0;0;0
"23/01/2023";"11:01:00";"328";"AC03 - Aci";"86,9499";"BR-116/SP";"Pista Sul";"Outros";1;0;0;0;0;0;0;0;0;0;2;0;0;0;0
"23/01/2023";"11:56:00";"362";"AC03 - Aci";"450";"BR-101/RJ";"Pista Norte";"Colisão Traseira";1;0;1;0;0;0;0;0;0;0;5;0;0;0;0
"23/01/2023";"13:17:00";"411";"AC02 - Aci";"229,300";"BR-116/RJ";"Pista Norte";"Engavetamento";0;0;3;0;0;0;0;0;0;0;2;1;0;0;0
"23/01/2023";"14:27:00";"453";"AC02 - Aci";"416";"BR-101/RJ";"Pista Sul";"Capotamento";1;0;0;0;0;0;0;0;0;0;0;1;0;0;0
"23/01/2023";"15:54:00";"517";"AC02 - Aci";"173";"BR-116/RJ";"Pista Sul";"Colisão Traseira";1;0;0;1;0;0;0;0;0;0;1;1;0;0;0
"23/01/2023";"16:12:00";"528";"AC03 - Aci";"211,5";"BR-116/SP";"Pista Sul";"Engavetamento";2;0;1;0;0;0;0;0;0;0;4;0;0;0;0
"23/01/2023";"17:06:00";"567";"AC02 - Aci";"153,699";"BR-116/SP";"Pista Sul";"Choque em Defensa";1;0;1;0;0;0;0;0;0;0;14;3;0;0;0
"23/01/2023";"17:11:00";"569";"AC02 - Aci";"216";"BR-116/SP";"Pista Norte";"Colisão Traseira";1;0;0;1;0;0;0;0;0;0;1;0;1;0;0
"23/01/2023";"18:35:00";"628";"AC02 - Aci";"247,399";"BR-116/RJ";"Pista Norte";"Colisão Traseira";0;0;2;0;0;0;0;0;0;0;1;1;0;0;0
"23/01/2023";"18:39:00";"630";"AC01 - Aci";"244,399";"BR-116/RJ";"Pista Norte";"Engavetamento";1;0;3;0;0;0;0;0;0;0;7;0;0;0;1
"23/01/2023";"20:00:00";"684";"AC02 - Aci";"328,350";"BR-116/RJ";"Pista Sul";"Colisão Traseira";0;0;2;0;0;0;0;0;0;0;1;1;0;0;0
"23/01/2023";"21:08:00";"714";"AC03 - Aci";"316";"BR-116/RJ";"Pista Norte";"Choque em Barreira New Jersey";1;0;0;0;0;0;0;0;0;0;2;0;0;0;0
"23/01/2023";"22:49:00";"740";"AC03 - Aci";"480,600";"BR-101/RJ";"Pista Sul";"Outros";1;0;0;0;0;0;0;0;0;0;1;0;0;0;0
"24/01/2023";"01:04:00";"33";"AC02 - Aci";"202,800";"BR-116/RJ";"Pista Sul";"Colisão Traseira";1;0;0;0;0;1;0;0;0;0;1;1;0;0;0
"24/01/2023";"07:15:00";"132";"AC02 - Aci";"220";"BR-116/SP";"Pista Sul";"Colisão Traseira";1;0;0;1;0;0;0;0;0;0;1;1;0;0;0
"24/01/2023";"08:13:00";"172";"AC03 - Aci";"390";"BR-101/RJ";"Pista Sul";"Queda de ribanceira";1;0;0;0;0;0;0;0;0;0;1;0;0;0;0
"24/01/2023";"08:15:00";"175";"AC02 - Aci";"208";"BR-116/SP";"Pista Sul";"Engavetamento";3;0;0;0;0;0;0;0;0;0;3;0;0;1;0
"24/01/2023";"09:11:00";"216";"AC02 - Aci";"487";"BR-101/RJ";"Pista Sul";"Queda de moto";0;0;0;1;0;0;0;0;0;0;0;1;0;0;0
"24/01/2023";"09:26:00";"225";"AC03 - Aci";"144,699";"BR-116/SP";"Pista Norte";"Choque em objeto na pista";2;0;0;0;0;1;0;0;0;0;3;0;0;0;0
"24/01/2023";"11:19:00";"307";"AC03 - Aci";"204,800";"BR-116/SP";"Pista Sul";"Abalroamento Longitudinal";1;0;1;0;0;0;0;0;0;0;3;0;0;0;0
"24/01/2023";"11:51:00";"324";"AC03 - Aci";"223,5";"BR-116/SP";"Pista Norte";"Choque em objeto na pista";2;0;0;0;0;0;0;0;0;0;2;0;0;0;0
"24/01/2023";"13:13:00";"375";"AC03 - Aci";"487,600";"BR-101/RJ";"Pista Sul";"Colisão Traseira";1;0;1;0;0;0;0;0;0;0;2;0;0;0;0
"24/01/2023";"15:59:00";"465";"AC02 - Aci";"204";"BR-116/RJ";"Pista Norte";"Queda de ribanceira";1;0;0;0;0;0;0;0;0;0;0;0;1;0;0
"24/01/2023";"16:54:00";"492";"AC03 - Aci";"268,299";"BR-116/RJ";"Pista Norte";"Colisão Traseira";2;0;0;0;0;0;0;0;0;0;2;0;0;0;0
"24/01/2023";"17:56:00";"529";"AC02 - Aci";"493";"BR-101/RJ";"Pista Sul";"Choque em objeto fixo";1;0;0;0;0;0;0;0;0;0;0;2;2;0;0
"24/01/2023";"18:52:00";"575";"AC02 - Aci";"227,100";"BR-116/SP";"Pista Norte";"Colisão Traseira";1;0;0;1;0;0;0;0;0;0;1;1;0;0;0
"24/01/2023";"19:10:00";"588";"AC03 - Aci";"189";"BR-116/RJ";"Pista Sul";"Colisão Traseira";1;0;0;0;0;1;0;0;0;0;5;0;0;0;0
"24/01/2023";"21:37:00";"649";"AC03 - Aci";"229";"BR-116/SP";"Pista Norte";"Colisão Traseira";1;0;0;0;0;1;0;0;0;0;5;0;0;0;0
"24/01/2023";"22:16:00";"663";"AC02 - Aci";"451";"BR-101/RJ";"Pista Norte";"Queda de ribanceira";1;0;0;0;0;0;0;0;0;0;0;1;0;0;0
"25/01/2023";"01:33:00";"27";"AC02 - Aci";"435";"BR-101/RJ";"Pista Sul";"Choque em objeto fixo";0;0;0;1;0;0;0;0;0;0;0;1;1;0;0
"25/01/2023";"01:57:00";"31";"AC03 - Aci";"215,600";"BR-116/SP";"Pista Sul";"Choque em objeto na pista";1;0;0;0;0;0;0;0;0;0;4;0;0;0;0
"25/01/2023";"04:14:00";"40";"AC03 - Aci";"219,300";"BR-116/RJ";"Pista Norte";"Abalroamento Longitudinal";0;0;2;0;0;0;0;0;0;0;4;0;0;0;0
"25/01/2023";"05:16:00";"55";"AC03 - Aci";"565";"BR-101/RJ";"Pista Norte";"Choque em objeto fixo";1;0;0;0;0;0;0;0;0;0;1;0;0;0;0
"25/01/2023";"06:47:00";"86";"AC02 - Aci";"146,75";"BR-116/SP";"Pista Sul";"Engavetamento";2;0;2;0;0;0;0;0;0;0;11;3;0;0;0
"25/01/2023";"06:54:00";"93";"AC02 - Aci";"597";"BR-101/RJ";"Pista Norte";"Queda de moto";0;0;0;1;0;0;0;0;0;0;0;0;1;0;0
"25/01/2023";"07:06:00";"99";"AC02 - Aci";"62";"BR-116/SP";"Pista Norte";"Colisão Traseira";1;0;0;0;0;1;0;0;0;0;1;1;0;0;0
"25/01/2023";"07:16:00";"103";"AC02 - Aci";"173";"BR-116/RJ";"Pista Norte";"Queda de moto";0;0;0;1;0;0;0;0;0;0;0;1;0;0;0
"25/01/2023";"07:35:00";"128";"AC03 - Aci";"62";"BR-116/SP";"Pista Norte";"Colisão Traseira";2;0;0;0;0;0;0;0;0;0;6;0;0;0;0
"25/01/2023";"07:37:00";"131";"AC03 - Aci";"151";"BR-116/SP";"Pista Norte";"Engavetamento";0;0;3;0;0;0;0;0;0;0;3;0;0;0;0
"25/01/2023";"08:11:00";"153";"AC04 - Atr";"52";"BR-101/SP";"Pista Sul";"Atropelamento de Pedestre Atravessando";0;1;0;0;1;0;0;0;0;0;1;1;0;0;0
"25/01/2023";"08:49:00";"173";"AC02 - Aci";"134,800";"BR-116/SP";"Pista Sul";"Colisão Traseira";0;0;0;1;0;1;0;0;0;0;2;1;0;0;0
"25/01/2023";"09:42:00";"200";"AC02 - Aci";"205,800";"BR-116/SP";"Pista Sul";"Abalroamento Longitudinal";0;0;0;1;0;1;0;0;0;0;1;1;1;0;0
"25/01/2023";"11:41:00";"280";"AC02 - Aci";"150,899";"BR-116/SP";"Pista Sul";"Choque em Barreira New Jersey";1;0;0;0;0;0;0;0;0;0;1;2;0;0;0
"25/01/2023";"13:20:00";"332";"AC04 - Atr";"381";"BR-101/RJ";"Pista Norte";"Atropelamento de Pedestre Atravessando";0;0;0;0;0;1;0;0;0;0;1;1;0;0;0
"25/01/2023";"14:31:00";"367";"AC03 - Aci";"49,5";"BR-101/SP";"Pista Sul";"Colisão Traseira";1;0;0;1;0;0;0;0;0;0;4;0;0;0;0
"25/01/2023";"14:59:00";"388";"AC03 - Aci";"265,200";"BR-116/RJ";"Pista Sul";"Abalroamento Longitudinal";0;0;2;0;0;0;0;0;0;0;2;0;0;0;0
"25/01/2023";"15:52:00";"419";"AC02 - Aci";"271,5";"BR-116/RJ";"Pista Sul";"Colisão Traseira";1;0;1;0;0;0;0;0;0;0;1;1;0;0;0
"25/01/2023";"16:30:00";"441";"AC02 - Aci";"425";"BR-101/RJ";"Pista Sul";"Colisão Traseira";2;0;0;0;0;0;0;0;0;0;2;1;0;0;0
"25/01/2023";"16:54:00";"458";"AC03 - Aci";"212,899";"BR-116/SP";"Pista Sul";"Engavetamento";2;0;0;0;0;1;0;0;0;0;3;0;0;0;0
"25/01/2023";"17:03:00";"462";"AC03 - Aci";"104";"BR-116/SP";"Pista Sul";"Engavetamento";3;0;0;0;0;0;0;0;0;0;6;0;0;0;0
"25/01/2023";"17:11:00";"463";"AC03 - Aci";"230,199";"BR-116/SP";"Pista Sul";"Abalroamento Longitudinal";2;0;0;0;0;1;0;0;0;0;3;0;0;0;0
"25/01/2023";"17:16:00";"465";"AC03 - Aci";"211,050";"BR-116/SP";"Pista Sul";"Colisão Traseira";2;0;0;0;0;0;0;0;0;0;2;0;0;0;0
"25/01/2023";"18:06:00";"500";"AC02 - Aci";"212,899";"BR-116/SP";"Pista Sul";"Colisão Traseira";0;0;0;1;0;1;0;0;0;0;1;0;1;0;0
"25/01/2023";"18:10:00";"504";"AC03 - Aci";"94,6999";"BR-116/SP";"Pista Sul";"Abalroamento Longitudinal";1;0;0;0;0;1;0;0;0;0;3;0;0;0;0
"25/01/2023";"18:25:00";"508";"AC03 - Aci";"211";"BR-116/SP";"Pista Sul";"Engavetamento";3;0;0;0;0;0;0;0;0;0;3;0;0;0;0
"25/01/2023";"18:35:00";"513";"AC03 - Aci";"490";"BR-101/RJ";"Pista Norte";"Colisão Traseira";2;0;0;0;0;0;0;0;0;0;3;0;0;0;0
"25/01/2023";"19:50:00";"548";"AC02 - Aci";"208,800";"BR-116/SP";"Pista Norte";"Colisão Traseira";2;0;0;0;0;0;0;0;0;0;2;1;0;0;0
"25/01/2023";"21:58:00";"607";"AC02 - Aci";"46";"BR-101/SP";"Pista Sul";"Colisão Traseira";1;0;0;1;0;0;0;0;0;0;3;0;1;0;0
"25/01/2023";"23:27:00";"633";"AC01 - Aci";"12,6499";"BR-116/SP";"Pista Sul";"Colisão Traseira";0;0;2;1;0;0;0;0;0;0;2;0;0;0;1
"25/01/2023";"23:31:00";"634";"AC03 - Aci";"204";"BR-116/SP";"Pista Sul";"Choque em Barreira New Jersey";1;0;0;0;0;0;0;0;0;0;5;0;0;0;0
"25/01/2023";"23:33:00";"636";"AC03 - Aci";"89,9000";"BR-116/SP";"Pista Norte";"Choque em objeto na pista";2;0;3;0;0;0;0;0;0;0;7;0;0;0;0
"25/01/2023";"23:37:00";"638";"AC03 - Aci";"223";"BR-116/SP";"Pista Norte";"Colisão Traseira";0;0;1;0;0;1;0;0;0;0;2;0;0;0;0
"26/01/2023";"00:37:00";"15";"AC03 - Aci";"56,2999";"BR-116/SP";"Pista Sul";"Abalroamento Longitudinal";2;0;0;0;0;0;0;0;0;0;3;0;0;0;0
"26/01/2023";"04:30:00";"49";"AC03 - Aci";"495";"BR-101/RJ";"Pista Norte";"Choque em objeto fixo";1;0;0;0;0;0;0;0;0;0;4;0;0;0;0
"26/01/2023";"06:58:00";"119";"AC04 - Atr";"477";"BR-101/RJ";"Pista Norte";"Atropelamento de Pedestre Atravessando";1;0;0;0;0;0;0;0;0;0;1;1;0;0;0
"26/01/2023";"07:05:00";"126";"AC03 - Aci";"209,100";"BR-116/SP";"Pista Sul";"Abalroamento Longitudinal";1;0;1;0;0;0;0;0;0;0;2;0;0;0;0
"26/01/2023";"07:58:00";"169";"AC02 - Aci";"308,899";"BR-116/RJ";"Pista Norte";"Colisão Traseira";1;0;0;1;0;0;0;0;0;0;1;0;1;0;0
"26/01/2023";"08:13:00";"187";"AC04 - Atr";"51,2000";"BR-101/SP";"Pista Norte";"Atropelamento de Pedestre Caminhando";0;1;0;1;0;0;0;0;0;0;1;0;1;0;0
"26/01/2023";"08:13:00";"188";"AC04 - Atr";"227,399";"BR-116/SP";"Pista Sul";"Atropelamento de Pedestre Atravessando";1;1;0;0;0;0;0;0;0;0;1;0;0;1;0
"26/01/2023";"08:24:00";"194";"AC02 - Aci";"315,600";"BR-116/RJ";"Pista Sul";"Colisão Traseira";2;0;0;0;0;0;0;0;0;0;0;2;0;0;0
"26/01/2023";"09:25:00";"251";"AC03 - Aci";"494";"BR-101/RJ";"Pista Sul";"Engavetamento";3;0;0;0;0;2;0;0;0;0;5;0;0;0;0
"26/01/2023";"09:31:00";"257";"AC03 - Aci";"225,899";"BR-116/SP";"Pista Norte";"Colisão Traseira";2;0;0;0;0;0;0;0;0;0;3;0;0;0;0
"26/01/2023";"10:16:00";"294";"AC02 - Aci";"505";"BR-101/RJ";"Pista Norte";"Colisão Traseira";1;0;0;1;0;0;0;0;0;0;1;0;1;0;0
"26/01/2023";"10:42:00";"315";"AC03 - Aci";"252,699";"BR-116/RJ";"Pista Sul";"Abalroamento Longitudinal";2;0;0;0;0;0;0;0;0;0;6;0;0;0;0
"26/01/2023";"10:56:00";"328";"AC02 - Aci";"46";"BR-101/SP";"Pista Norte";"Choque em objeto fixo";1;0;0;0;0;0;0;0;0;0;1;1;0;0;0
"26/01/2023";"11:22:00";"347";"AC02 - Aci";"145,899";"BR-116/SP";"Pista Norte";"Choque em objeto na pista";1;0;0;0;0;0;0;0;0;0;0;0;1;0;0
"26/01/2023";"13:41:00";"424";"AC03 - Aci";"116,900";"BR-116/SP";"Pista Norte";"Choque em objeto fixo";0;0;1;0;0;0;0;0;0;0;1;0;0;0;0
"26/01/2023";"15:33:00";"499";"AC03 - Aci";"309,399";"BR-116/RJ";"Pista Sul";"Choque em objeto fixo";1;0;0;0;0;0;0;0;0;0;2;0;0;0;0
"26/01/2023";"16:55:00";"555";"AC04 - Atr";"314,820";"BR-116/RJ";"Pista Sul";"Atropelamento de Pedestre Atravessando";0;1;0;0;1;0;0;0;0;0;40;1;0;0;0
"26/01/2023";"17:14:00";"571";"AC02 - Aci";"230";"BR-116/SP";"Pista Norte";"Colisão Traseira";1;0;0;1;0;0;0;0;0;0;2;1;0;0;0
"26/01/2023";"19:16:00";"658";"AC03 - Aci";"129,100";"BR-116/SP";"Pista Norte";"Choque em objeto fixo";1;0;0;0;0;0;0;0;0;0;1;0;0;0;0
"26/01/2023";"19:42:00";"672";"AC03 - Aci";"330";"BR-116/RJ";"Pista Sul";"Choque em objeto na pista";1;0;0;0;0;0;0;0;0;0;1;0;0;0;0
"26/01/2023";"20:55:00";"720";"AC03 - Aci";"40,2999";"BR-101/SP";"Pista Sul";"Choque em objeto fixo";1;0;0;0;0;0;0;0;0;0;2;0;0;0;0
"26/01/2023";"21:22:00";"729";"AC03 - Aci";"228";"BR-116/SP";"Pista Norte";"Choque em Barreira New Jersey";0;0;1;0;0;0;0;0;0;0;1;0;0;0;0
"26/01/2023";"21:53:00";"741";"AC04 - Atr";"215,800";"BR-116/SP";"Pista Norte";"Atropelamento de Pedestre Atravessando";1;0;0;0;0;0;0;0;0;0;4;0;1;1;0
"26/01/2023";"22:37:00";"753";"AC02 - Aci";"293";"BR-116/RJ";"Pista Norte";"Choque em Barreira New Jersey";1;0;0;0;0;0;0;0;0;0;0;2;0;0;0
"26/01/2023";"23:13:00";"768";"AC02 - Aci";"229,600";"BR-116/RJ";"Pista Norte";"Tombamento";0;0;1;0;0;0;0;0;0;0;0;0;1;0;0
"26/01/2023";"23:44:00";"778";"AC03 - Aci";"309,5";"BR-116/RJ";"Pista Norte";"Abalroamento Longitudinal";1;0;1;0;0;0;0;0;0;0;2;0;0;0;0
"26/01/2023";"23:51:00";"781";"AC02 - Aci";"573";"BR-101/RJ";"Pista Norte";"Atropelamento de Animal";0;0;0;1;0;0;0;0;0;0;0;1;1;0;0
"27/01/2023";"01:50:00";"35";"AC03 - Aci";"214,600";"BR-116/SP";"Pista Norte";"Choque em Defensa";1;0;0;0;0;0;0;0;0;0;1;0;0;0;0
"27/01/2023";"01:52:00";"36";"AC03 - Aci";"141,800";"BR-116/SP";"Pista Sul";"Choque em objeto na pista";1;0;0;0;0;0;0;0;0;0;5;0;0;0;0
"27/01/2023";"04:25:00";"62";"AC04 - Atr";"225,300";"BR-116/SP";"Pista Sul";"Atropelamento de Pedestre Caminhando";0;0;0;0;0;1;0;0;0;0;1;0;0;1;0
"27/01/2023";"04:50:00";"65";"AC03 - Aci";"99,8000";"BR-116/SP";"Pista Sul";"Choque em objeto na pista";1;0;0;0;0;0;0;0;0;0;3;0;0;0;0
"27/01/2023";"05:00:00";"70";"AC02 - Aci";"154,300";"BR-116/SP";"Pista Norte";"Queda de moto";0;0;0;1;0;0;0;0;0;0;0;0;1;0;0
"27/01/2023";"05:43:00";"91";"AC02 - Aci";"216,399";"BR-116/SP";"Pista Norte";"Abalroamento Longitudinal";1;0;0;1;0;0;0;0;0;0;2;1;0;0;0
"27/01/2023";"09:20:00";"256";"AC02 - Aci";"204,5";"BR-116/SP";"Pista Norte";"Colisão Traseira";1;0;0;0;0;1;0;0;0;0;2;0;1;0;0
"27/01/2023";"09:31:00";"264";"AC02 - Aci";"230,199";"BR-116/SP";"Pista Sul";"Colisão Traseira";1;0;1;0;0;0;0;0;0;0;2;1;1;0;0
"27/01/2023";"09:38:00";"270";"AC02 - Aci";"228,199";"BR-116/SP";"Pista Sul";"Colisão Traseira";2;0;0;0;0;0;0;0;0;0;0;2;0;0;0
"27/01/2023";"10:49:00";"319";"AC02 - Aci";"177,399";"BR-116/RJ";"Pista Sul";"Abalroamento Longitudinal";1;0;0;1;0;0;0;0;0;0;1;0;1;0;0
"27/01/2023";"10:58:00";"324";"AC03 - Aci";"113,800";"BR-116/SP";"Pista Sul";"Abalroamento Longitudinal";1;0;0;0;0;1;0;0;0;0;2;0;0;0;0
"27/01/2023";"11:06:00";"329";"AC03 - Aci";"177,399";"BR-116/RJ";"Pista Sul";"Abalroamento Longitudinal";1;0;0;0;0;1;0;0;0;0;2;0;0;0;0
"27/01/2023";"11:50:00";"361";"AC02 - Aci";"138,699";"BR-116/SP";"Pista Norte";"Queda de moto";0;0;0;1;0;0;0;0;0;0;0;0;1;0;0
"27/01/2023";"12:44:00";"389";"AC02 - Aci";"172";"BR-116/RJ";"Pista Norte";"Colisão Traseira";1;0;0;1;0;0;0;0;0;0;1;1;0;0;0
"27/01/2023";"13:04:00";"399";"AC02 - Aci";"417,700";"BR-101/RJ";"Pista Sul";"Colisão Traseira";1;0;0;0;0;1;0;0;0;0;1;0;1;0;0
"27/01/2023";"13:14:00";"404";"AC02 - Aci";"106,300";"BR-116/SP";"Pista Sul";"Queda de moto";0;0;0;1;0;0;0;0;0;0;0;0;0;2;0
"27/01/2023";"14:06:00";"435";"AC02 - Aci";"186";"BR-116/RJ";"Pista Norte";"Engavetamento";3;0;0;0;0;0;0;0;0;0;2;2;0;0;0
"27/01/2023";"14:13:00";"444";"AC03 - Aci";"94,8000";"BR-116/SP";"Pista Sul";"Outros";0;0;1;0;0;0;0;0;0;0;1;0;0;0;0
"27/01/2023";"14:18:00";"446";"AC03 - Aci";"226,600";"BR-116/RJ";"Pista Sul";"Colisão Traseira";1;0;0;0;0;1;0;0;0;0;2;0;0;0;0
"27/01/2023";"14:39:00";"454";"AC03 - Aci";"418";"BR-101/RJ";"Pista Sul";"Colisão Traseira";1;0;0;0;0;1;0;0;0;0;2;0;0;0;0
"27/01/2023";"14:40:00";"456";"AC02 - Aci";"84";"BR-116/SP";"Pista Sul";"Queda de moto";0;0;0;1;0;0;0;0;0;0;0;2;0;0;0
"27/01/2023";"14:55:00";"463";"AC02 - Aci";"443";"BR-101/RJ";"Pista Norte";"Queda de moto";0;0;0;1;0;0;0;0;0;0;0;1;0;0;0
"27/01/2023";"15:19:00";"478";"AC03 - Aci";"120,199";"BR-116/SP";"Pista Norte";;2;0;0;0;0;0;0;0;0;0;5;0;0;0;0
"27/01/2023";"15:45:00";"495";"AC03 - Aci";"185";"BR-116/RJ";"Pista Sul";"Colisão Traseira";1;0;0;0;0;1;0;0;0;0;2;0;0;0;0
"27/01/2023";"15:46:00";"496";"AC02 - Aci";"81,8000";"BR-116/SP";"Pista Sul";"Colisão Traseira";2;0;0;0;0;0;0;0;0;0;2;1;0;0;0
"27/01/2023";"17:11:00";"561";"AC03 - Aci";"301,200";"BR-116/RJ";"Pista Norte";"Abalroamento Longitudinal";2;0;0;0;0;0;0;0;0;0;4;0;0;0;0
"27/01/2023";"17:30:00";"575";"AC02 - Aci";"304,799";"BR-116/RJ";"Pista Norte";"Abalroamento Transversal";3;0;0;0;0;0;0;0;0;0;5;1;0;0;0
"27/01/2023";"18:10:00";"607";"AC03 - Aci";"218,300";"BR-116/SP";"Pista Sul";"Abalroamento Longitudinal";1;0;0;1;0;1;0;0;0;0;3;0;0;0;0
"27/01/2023";"18:15:00";"611";"AC02 - Aci";"95,2799";"BR-116/SP";"Pista Sul";"Engavetamento";2;0;1;0;0;1;0;0;0;0;7;1;0;0;0
"27/01/2023";"18:44:00";"626";"AC03 - Aci";"40,1500";"BR-101/SP";"Pista Sul";"Colisão Traseira";2;0;0;0;0;0;0;0;0;0;7;0;0;0;0
"27/01/2023";"19:20:00";"654";"AC02 - Aci";"197";"BR-116/RJ";"Pista Sul";"Choque em Barreira New Jersey";1;0;0;0;0;0;0;0;0;0;5;0;1;0;0
"27/01/2023";"21:57:00";"724";"AC03 - Aci";"93";"BR-116/SP";"Pista Sul";"Engavetamento";3;0;0;0;0;0;0;0;0;0;10;0;0;0;0
"27/01/2023";"21:59:00";"725";"AC03 - Aci";"221";"BR-116/RJ";"Pista Sul";"Atropelamento de Animal";1;0;0;0;0;0;0;0;0;0;2;0;0;0;0
"27/01/2023";"23:44:00";"755";"AC02 - Aci";"6,19999";"BR-116/SP";"Pista Sul";"Colisão Traseira";0;0;2;0;0;0;0;0;0;0;1;0;1;0;0
"28/01/2023";"01:38:00";"26";"AC02 - Aci";"485";"BR-101/RJ";"Pista Norte";"Colisão Traseira";0;0;0;1;0;1;0;0;0;0;2;1;0;0;0
"28/01/2023";"03:39:00";"49";"AC01 - Aci";"578";"BR-101/RJ";"Pista Norte";"Choque em objeto fixo";1;0;0;0;0;0;0;0;0;0;0;0;0;0;1
"28/01/2023";"04:55:00";"58";"AC02 - Aci";"106,800";"BR-116/SP";"Pista Sul";"Choque em Barreira New Jersey";1;0;0;0;0;0;0;0;0;0;0;1;0;0;0
"28/01/2023";"05:29:00";"65";"AC03 - Aci";"514";"BR-101/RJ";"Pista Norte";"Choque em objeto fixo";1;0;0;0;0;0;0;0;0;0;2;0;0;0;0
"28/01/2023";"05:50:00";"70";"AC03 - Aci";"214,100";"BR-116/SP";"Pista Norte";"Choque em Barreira New Jersey";1;0;0;0;0;2;0;0;0;0;3;0;0;0;0
"28/01/2023";"08:34:00";"140";"AC02 - Aci";"35,2999";"BR-101/SP";"Pista Sul";"Abalroamento Longitudinal";2;0;0;0;0;0;0;0;0;0;4;0;1;0;0
"28/01/2023";"09:08:00";"159";"AC03 - Aci";"404";"BR-101/RJ";"Pista Sul";"Abalroamento Longitudinal";2;0;0;0;0;0;0;0;0;0;3;0;0;0;0
"28/01/2023";"10:08:00";"201";"AC03 - Aci";"82,4000";"BR-116/SP";"Pista Norte";"Engavetamento";3;0;0;0;0;0;0;0;0;0;8;0;0;0;0
"28/01/2023";"10:11:00";"202";"AC03 - Aci";"575";"BR-101/RJ";"Pista Norte";"Colisão Traseira";1;0;0;0;0;1;0;0;0;0;2;0;0;0;0
"28/01/2023";"11:07:00";"229";"AC03 - Aci";"296";"BR-116/RJ";"Pista Sul";"Choque em objeto na pista";1;0;1;0;0;0;0;0;0;0;3;0;0;0;0
"28/01/2023";"11:11:00";"231";"AC02 - Aci";"46";"BR-101/SP";"Pista Sul";"Abalroamento Longitudinal";1;0;0;1;0;0;0;0;0;0;1;1;0;0;0
"28/01/2023";"11:39:00";"257";"AC03 - Aci";"176";"BR-116/RJ";"Pista Sul";"Colisão Traseira";2;0;0;0;0;0;0;0;0;0;6;0;0;0;0
"28/01/2023";"14:11:00";"324";"AC02 - Aci";"138,5";"BR-116/SP";"Pista Sul";"Colisão Traseira";1;0;0;1;0;0;0;0;0;0;4;1;0;0;0
"28/01/2023";"15:13:00";"356";"AC03 - Aci";"165,399";"BR-116/SP";"Pista Sul";"Abalroamento Longitudinal";1;0;1;0;0;1;0;0;0;0;3;0;0;0;0
"28/01/2023";"15:19:00";"361";"AC03 - Aci";"165,399";"BR-116/SP";"Pista Sul";"Colisão Traseira";1;0;0;0;0;1;0;0;0;0;5;0;0;0;0
"28/01/2023";"15:28:00";"370";"AC03 - Aci";"58";"BR-116/SP";"Pista Norte";"Queda de moto";0;0;0;1;0;0;0;0;0;0;2;0;0;0;0
"28/01/2023";"17:14:00";"414";"AC02 - Aci";"338";"BR-116/RJ";"Pista Norte";"Queda de ribanceira";1;0;0;0;0;0;0;0;0;0;0;0;3;0;0
"28/01/2023";"17:15:00";"416";"AC03 - Aci";"400";"BR-101/RJ";"Pista Sul";"Choque em Barreira New Jersey";1;0;0;0;0;0;0;0;0;0;3;0;0;0;0
"28/01/2023";"17:30:00";"427";"AC02 - Aci";"206,699";"BR-116/SP";"Pista Norte";"Choque em Barreira New Jersey";1;0;0;0;0;0;0;0;0;0;2;0;1;0;0
"28/01/2023";"17:31:00";"428";"AC03 - Aci";"238";"BR-116/RJ";"Pista Norte";"Choque em Barreira New Jersey";1;0;0;0;0;0;0;0;0;0;1;0;0;0;0
"28/01/2023";"17:35:00";"432";"AC02 - Aci";"316,899";"BR-116/RJ";"Pista Sul";"Colisão Frontal";2;0;0;0;0;0;0;0;0;0;0;0;2;0;0
"28/01/2023";"18:03:00";"444";"AC02 - Aci";"3,20000";"BR-116/SP";"Pista Norte";"Capotamento";1;0;0;0;0;0;0;0;0;0;1;2;0;0;0
"28/01/2023";"18:15:00";"451";"AC03 - Aci";"238,600";"BR-116/RJ";"Pista Norte";"Choque em objeto fixo";1;0;0;0;0;0;0;0;0;0;1;0;0;0;0
"28/01/2023";"18:18:00";"452";"AC03 - Aci";"123,199";"BR-116/SP";"Pista Sul";"Abalroamento Longitudinal";1;0;1;0;0;0;0;0;0;0;7;0;0;0;0
"28/01/2023";"18:27:00";"458";"AC03 - Aci";"208";"BR-116/SP";"Pista Sul";"Engavetamento";5;0;0;0;0;0;0;0;0;0;13;0;0;0;0
"28/01/2023";"18:43:00";"465";"AC03 - Aci";"181";"BR-116/RJ";"Pista Norte";"Abalroamento Longitudinal";2;0;0;0;0;0;0;0;0;0;2;0;0;0;0
"28/01/2023";"18:57:00";"478";"AC02 - Aci";"398";"BR-101/RJ";"Pista Norte";"Colisão Traseira";2;0;0;0;0;0;0;0;0;0;4;3;0;0;0
"28/01/2023";"19:32:00";"495";"AC02 - Aci";"383";"BR-101/RJ";"Pista Norte";"Choque em objeto fixo";1;0;0;0;0;0;0;0;0;0;0;1;0;0;0