data;horario;n_da_ocorrencia;tipo_de_ocorrencia;km;trecho;sentido;tipo_de_acidente;automovel;bicicleta;caminhao;moto;onibus;outros;tracao_animal;transporte_de_cargas_especiais;trator_maquinas;utilitarios;ilesos;levemente_feridos;moderadamente_feridos;gravemente_feridos;mortos
"28/01/2023";"19:46:00";"501";"AC03 - Aci";"224,050";"BR-116/SP";"Pista Sul";"Choque em Barreira New Jersey";1;0;0;0;0;0;0;0;0;0;1;0;0;0;0
"28/01/2023";"20:04:00";"512";"AC03 - Aci";"26,5";"BR-116/SP";"Pista Sul";"Choque em Barreira New Jersey";1;0;0;0;0;0;0;0;0;0;2;0;0;0;0
"28/01/2023";"20:19:00";"521";"AC02 - Aci";"45";"BR-101/SP";"Pista Sul";"Colisão Frontal";1;0;0;1;0;0;0;0;0;0;1;0;0;1;0
"28/01/2023";"20:52:00";"535";"AC01 - Aci";"329,200";"BR-116/RJ";"Pista Norte";"Abalroamento Longitudinal";1;0;0;1;0;0;0;0;0;0;0;0;2;0;1
"28/01/2023";"21:44:00";"552";"AC03 - Aci";"478";"BR-101/RJ";"Pista Sul";"Abalroamento Longitudinal";2;0;0;0;0;0;0;0;0;0;2;0;0;0;0
"28/01/2023";"22:28:00";"569";"AC02 - Aci";"232";"BR-116/RJ";"Pista Norte";"Choque em Barreira New Jersey";1;0;0;0;0;0;0;0;0;0;0;3;0;0;0
"28/01/2023";"23:15:00";"579";"AC03 - Aci";"56,7000";"BR-116/SP";"Pista Norte";"Engavetamento";3;0;0;0;0;0;0;0;0;0;12;0;0;0;0
"28/01/2023";"23:41:00";"586";"AC03 - Aci";"398,5";"BR-101/RJ";"Pista Norte";"Atropelamento de Animal";1;0;0;0;0;0;0;0;0;0;3;0;0;0;0
"29/01/2023";"00:35:00";"20";"AC03 - Aci";"225";"BR-116/SP";"Pista Norte";"Abalroamento Longitudinal";1;0;0;0;0;1;0;0;0;0;2;0;0;0;0
"29/01/2023";"05:03:00";"55";"AC01 - Aci";"154,699";"BR-116/SP";"Pista Norte";"Colisão Traseira";1;0;0;0;1;0;0;0;0;0;5;1;0;0;2
"29/01/2023";"05:16:00";"58";"AC03 - Aci";"214,199";"BR-116/SP";"Pista Norte";"Colisão Traseira";2;0;0;0;0;0;0;0;0;0;6;0;0;0;0
"29/01/2023";"07:32:00";"92";"AC02 - Aci";"192";"BR-116/RJ";"Pista Sul";"Colisão Traseira";1;0;0;0;1;0;0;0;0;0;4;1;0;0;0
"29/01/2023";"10:51:00";"189";"AC02 - Aci";"255";"BR-116/RJ";"Pista Norte";"Capotamento";1;0;0;0;0;0;0;0;0;0;0;1;0;0;0
"29/01/2023";"11:53:00";"207";"AC02 - Aci";"185";"BR-116/RJ";"Pista Sul";"Engavetamento";4;0;0;0;0;4;0;0;0;0;7;1;0;0;0
"29/01/2023";"12:41:00";"222";"AC02 - Aci";"110,349";"BR-116/SP";"Pista Norte";"Queda de moto";0;0;0;1;0;0;0;0;0;0;0;0;1;0;0
"29/01/2023";"14:50:00";"292";"AC02 - Aci";"406";"BR-101/RJ";"Pista Sul";"Engavetamento";2;0;1;0;0;0;0;0;0;0;3;2;0;0;0
"29/01/2023";"15:00:00";"299";"AC02 - Aci";"22";"BR-116/SP";"Pista Norte";"Queda de ribanceira";0;0;1;0;0;0;0;0;0;0;0;0;0;1;0
"29/01/2023";"15:51:00";"324";"AC02 - Aci";"568,5";"BR-101/RJ";"Pista Sul";"Colisão Traseira";2;0;0;0;0;0;0;0;0;0;1;1;0;0;0
"29/01/2023";"16:12:00";"343";"AC02 - Aci";"503";"BR-101/RJ";"Pista Norte";"Colisão Frontal";1;0;0;1;0;0;0;0;0;0;1;0;1;0;0
"29/01/2023";"16:14:00";"345";"AC02 - Aci";"185,100";"BR-116/SP";"Pista Sul";"Colisão Traseira";1;0;0;1;0;0;0;0;0;0;1;2;0;0;0
"29/01/2023";"16:27:00";"352";"AC03 - Aci";"76,4499";"BR-116/SP";"Pista Sul";"Engavetamento";3;0;0;0;0;0;0;0;0;0;9;0;0;0;0
"29/01/2023";"16:49:00";"366";"AC02 - Aci";"326,600";"BR-116/RJ";"Pista Sul";"Choque em Defensa";0;0;1;0;0;0;0;0;0;0;0;1;0;0;0
"29/01/2023";"18:13:00";"415";"AC03 - Aci";"96,5999";"BR-116/SP";"Pista Sul";"Colisão Traseira";2;0;0;0;0;0;0;0;0;0;10;0;0;0;0
"29/01/2023";"18:27:00";"430";"AC03 - Aci";"99,4000";"BR-116/SP";"Pista Sul";"Colisão Traseira";1;0;0;0;0;1;0;0;0;0;4;0;0;0;0
"29/01/2023";"18:49:00";"441";"AC02 - Aci";"144,699";"BR-116/SP";"Pista Norte";"Abalroamento Longitudinal";1;0;0;1;0;0;0;0;0;0;1;1;0;0;0
"29/01/2023";"19:16:00";"458";"AC03 - Aci";"96,5999";"BR-116/SP";"Pista Sul";"Colisão Traseira";2;0;0;0;0;0;0;0;0;0;6;0;0;0;0
"29/01/2023";"19:50:00";"476";"AC03 - Aci";"305";"BR-116/RJ";"Pista Sul";"Abalroamento Longitudinal";1;0;0;0;0;1;0;0;0;0;3;0;0;0;0
"29/01/2023";"19:53:00";"480";"AC03 - Aci";"97,0999";"BR-116/SP";"Pista Sul";"Engavetamento";3;0;0;0;0;0;0;0;0;0;8;0;0;0;0
"29/01/2023";"19:54:00";"481";"AC03 - Aci";"267,600";"BR-116/RJ";"Pista Norte";"Choque em Barreira New Jersey";1;0;0;0;0;0;0;0;0;0;2;0;0;0;0
"29/01/2023";"21:22:00";"511";"AC02 - Aci";"410";"BR-101/RJ";"Pista Norte";"Engavetamento";1;0;1;0;1;0;0;0;0;0;9;1;0;0;0
"29/01/2023";"21:55:00";"524";"AC02 - Aci";"11,8000";"BR-116/SP";"Pista Norte";"Choque em Barreira New Jersey";1;0;0;0;0;0;0;0;0;0;3;1;0;0;0
"29/01/2023";"21:56:00";"525";"AC03 - Aci";"148";"BR-116/SP";"Pista Sul";"Choque em objeto fixo";1;0;0;0;0;1;0;0;0;0;3;0;0;0;0
"29/01/2023";"22:14:00";"528";"AC03 - Aci";"142";"BR-116/SP";"Pista Norte";"Choque em Defensa";1;0;0;0;0;0;0;0;0;0;1;0;0;0;0
"30/01/2023";"00:33:00";"18";"AC03 - Aci";"476";"BR-101/RJ";"Pista Sul";"Capotamento";1;0;0;0;0;0;0;0;0;0;1;0;0;0;0
"30/01/2023";"02:47:00";"38";"AC02 - Aci";"228,800";"BR-116/SP";"Pista Norte";"Engavetamento";4;0;0;1;0;0;0;0;0;0;2;2;2;0;0
"30/01/2023";"02:53:00";"40";"AC02 - Aci";"211,199";"BR-116/SP";"Pista Norte";"Colisão Traseira";0;0;2;0;0;0;0;0;0;0;1;0;0;1;0
"30/01/2023";"04:56:00";"53";"AC03 - Aci";"165,199";"BR-116/SP";"Pista Norte";"Atropelamento de Animal";1;0;0;0;0;0;0;0;0;0;2;0;0;0;0
"30/01/2023";"05:23:00";"65";"AC03 - Aci";"287,700";"BR-116/RJ";"Pista Norte";"Abalroamento Longitudinal";1;0;0;0;0;1;0;0;0;0;5;0;0;0;0
"30/01/2023";"05:43:00";"76";"AC03 - Aci";"172";"BR-116/RJ";"Pista Norte";"Engavetamento";2;0;1;0;0;0;0;0;0;0;5;0;0;0;0
"30/01/2023";"05:54:00";"78";"AC02 - Aci";"185,899";"BR-116/RJ";"Pista Norte";"Engavetamento";2;0;0;0;0;2;0;0;0;0;3;1;0;0;0
"30/01/2023";"08:32:00";"171";"AC03 - Aci";"461,899";"BR-101/RJ";"Pista Norte";"Choque em objeto na pista";1;0;0;0;0;0;0;0;0;0;4;0;0;0;0
"30/01/2023";"10:43:00";"261";"AC02 - Aci";"300";"BR-116/RJ";"Pista Sul";"Queda de ribanceira";1;0;0;0;0;0;0;0;0;0;0;1;0;0;0
"30/01/2023";"11:47:00";"303";"AC03 - Aci";"233";"BR-116/RJ";"Pista Sul";"Abalroamento Longitudinal";0;0;2;0;0;0;0;0;0;0;2;0;0;0;0
"30/01/2023";"11:55:00";"313";"AC03 - Aci";"126,970";"BR-116/SP";"Pista Sul";"Choque em objeto fixo";1;0;0;0;0;0;0;0;0;0;5;0;0;0;0
"30/01/2023";"12:19:00";"326";"AC03 - Aci";"100,599";"BR-116/SP";"Pista Sul";"Choque em Barreira New Jersey";1;0;0;0;0;0;0;0;0;0;1;0;0;0;0
"30/01/2023";"12:57:00";"345";"AC03 - Aci";"232";"BR-116/RJ";"Pista Sul";"Colisão Traseira";1;0;0;0;0;1;0;0;0;0;2;0;0;0;0
"30/01/2023";"15:31:00";"422";"AC03 - Aci";"477";"BR-101/RJ";"Pista Sul";"Colisão Traseira";2;0;0;0;0;0;0;0;0;0;2;0;0;0;0
"30/01/2023";"15:51:00";"432";"AC02 - Aci";"193,300";"BR-116/RJ";"Pista Norte";"Queda de moto";0;0;0;1;0;0;0;0;0;0;0;0;2;0;0
"30/01/2023";"15:54:00";"436";"AC02 - Aci";"25";"BR-101/SP";"Pista Norte";"Choque em objeto fixo";1;0;0;0;0;0;0;0;0;0;0;2;0;0;0
"30/01/2023";"16:12:00";"449";"AC03 - Aci";"36";"BR-116/SP";"Pista Sul";"Choque em objeto na pista";1;0;0;0;0;0;0;0;0;0;3;0;0;0;0
"30/01/2023";"16:36:00";"467";"AC03 - Aci";"227";"BR-116/SP";"Pista Norte";"Colisão Traseira";1;0;1;0;0;0;0;0;0;0;2;0;0;0;0
"30/01/2023";"17:25:00";"486";"AC03 - Aci";"429";"BR-101/RJ";"Pista Sul";"Choque em objeto fixo";1;0;0;0;0;0;0;0;0;0;1;0;0;0;0
"30/01/2023";"17:40:00";"494";"AC02 - Aci";"146";"BR-116/SP";"Pista Norte";"Queda de moto";0;0;0;1;0;0;0;0;0;0;0;1;0;0;0
"30/01/2023";"17:41:00";"495";"AC02 - Aci";"418";"BR-101/RJ";"Pista Sul";"Colisão Frontal";2;0;0;0;0;0;0;0;0;0;2;3;1;0;0
"30/01/2023";"18:24:00";"519";"AC03 - Aci";"145";"BR-116/SP";"Pista Sul";"Engavetamento";3;0;0;0;0;0;0;0;0;0;3;0;0;0;0
"30/01/2023";"19:13:00";"574";"AC03 - Aci";"228";"BR-116/RJ";"Pista Norte";"Choque em Barreira New Jersey";1;0;0;0;0;0;0;0;0;0;1;0;0;0;0
"30/01/2023";"20:14:00";"610";"AC02 - Aci";"182,199";"BR-116/RJ";"Pista Norte";"Choque em objeto fixo";1;0;0;0;0;1;0;0;0;0;1;1;0;0;0
"30/01/2023";"21:16:00";"637";"AC03 - Aci";"224,5";"BR-116/RJ";"Pista Norte";"Choque em objeto fixo";0;0;1;0;0;0;0;0;0;0;1;0;0;0;0
"30/01/2023";"21:56:00";"651";"AC01 - Aci";"140,800";"BR-116/SP";"Pista Sul";"Colisão Traseira";5;0;0;0;0;0;0;0;0;0;9;0;0;1;1
"30/01/2023";"22:33:00";"663";"AC03 - Aci";"232,300";"BR-116/RJ";"Pista Norte";"Choque em objeto fixo";1;0;0;0;0;0;0;0;0;0;1;0;0;0;0
"31/01/2023";"01:31:00";"37";"AC03 - Aci";"229";"BR-116/SP";"Pista Norte";"Colisão Traseira";1;0;0;0;0;1;0;0;0;0;2;0;0;0;0
"31/01/2023";"01:59:00";"43";"AC02 - Aci";"309,5";"BR-116/RJ";"Pista Sul";"Colisão Frontal";0;0;1;1;0;0;0;0;0;0;1;0;0;1;0
"31/01/2023";"08:52:00";"197";"AC03 - Aci";"496";"BR-101/RJ";"Pista Sul";"Engavetamento";3;0;0;0;0;0;0;0;0;0;3;0;0;0;0
"31/01/2023";"09:55:00";"248";"AC03 - Aci";"209,899";"BR-116/SP";"Pista Norte";"Choque em objeto fixo";0;0;1;0;0;0;0;0;0;0;2;0;0;0;0
"31/01/2023";"11:41:00";"316";"AC02 - Aci";"221,300";"BR-116/RJ";"Pista Sul";"Choque em Defensa";1;0;0;0;0;0;0;0;0;0;0;2;0;0;0
"31/01/2023";"12:52:00";"351";"AC02 - Aci";"177,800";"BR-116/SP";"Pista Sul";"Colisão Traseira";0;0;1;1;0;0;0;0;0;0;1;0;0;1;0
"31/01/2023";"13:11:00";"362";"AC02 - Aci";"223";"BR-116/SP";"Pista Sul";"Queda de moto";0;0;0;1;0;0;0;0;0;0;0;1;0;0;0
"31/01/2023";"13:52:00";"387";"AC02 - Aci";"229";"BR-116/SP";"Pista Norte";"Abalroamento Longitudinal";0;0;0;1;0;1;0;0;0;0;1;2;0;0;0
"31/01/2023";"15:03:00";"426";"AC02 - Aci";"190";"BR-116/RJ";"Pista Sul";"Colisão Traseira";1;0;1;0;0;0;0;0;0;0;1;1;0;0;0
"31/01/2023";"16:24:00";"486";"AC02 - Aci";"161,25";"BR-116/SP";"Pista Norte";"Engavetamento";1;0;2;0;0;0;0;0;0;0;2;1;0;0;0
"31/01/2023";"17:25:00";"520";"AC03 - Aci";"147,350";"BR-116/SP";"Pista Norte";"Choque em veículo parado na pista";2;0;0;0;0;0;0;0;0;0;4;0;0;0;0
"31/01/2023";"19:40:00";"601";"AC03 - Aci";"230";"BR-116/RJ";"Pista Norte";"Choque em Barreira New Jersey";1;0;0;0;0;0;0;0;0;0;3;0;0;0;0
"31/01/2023";"20:16:00";"623";"AC03 - Aci";"223,899";"BR-116/SP";"Pista Norte";"Colisão Traseira";0;0;1;0;0;1;0;0;0;0;2;0;0;0;0
"31/01/2023";"20:45:00";"632";"AC03 - Aci";"51,2999";"BR-116/SP";"Pista Norte";"Atropelamento de Animal";1;0;0;0;0;0;0;0;0;0;1;0;0;0;0
"31/01/2023";"22:40:00";"675";"AC02 - Aci";"280,200";"BR-116/RJ";"Pista Norte";"Colisão Traseira";0;0;2;0;0;0;0;0;0;0;3;1;0;0;0
"01/02/2023";"00:03:00";"4";"AC03 - Aci";"482";"BR-101/RJ";"Pista Sul";"Queda de ribanceira";1;0;0;0;0;0;0;0;0;0;1;0;0;0;0
"01/02/2023";"01:13:00";"40";"AC03 - Aci";"107,400";"BR-116/SP";"Pista Norte";"Colisão Traseira";1;0;0;0;0;1;0;0;0;0;2;0;0;0;0
"01/02/2023";"01:51:00";"51";"AC03 - Aci";"308";"BR-116/RJ";"Pista Norte";"Abalroamento Longitudinal";1;0;1;0;0;0;0;0;0;0;2;0;0;0;0
"01/02/2023";"02:05:00";"55";"AC03 - Aci";"68,9000";"BR-116/SP";"Pista Sul";"Choque em objeto na pista";1;0;0;0;0;0;0;0;0;0;1;0;0;0;0
"01/02/2023";"06:08:00";"97";"AC03 - Aci";"108,800";"BR-116/SP";"Pista Norte";"Choque em objeto fixo";1;0;0;0;0;0;0;0;0;0;1;0;0;0;0
"01/02/2023";"07:15:00";"144";"AC03 - Aci";"226,399";"BR-116/SP";"Pista Sul";"Choque em Defensa";1;0;0;0;0;0;0;0;0;0;1;0;0;0;0
"01/02/2023";"07:31:00";"162";"AC02 - Aci";"506";"BR-101/RJ";"Pista Norte";"Colisão Traseira";1;0;0;1;0;0;0;0;0;0;1;2;0;0;0
"01/02/2023";"08:11:00";"191";"AC03 - Aci";"390";"BR-101/RJ";"Pista Sul";"Colisão Traseira";1;0;0;0;0;1;0;0;0;0;2;0;0;0;0
"01/02/2023";"08:13:00";"193";"AC02 - Aci";"229";"BR-116/SP";"Pista Sul";"Queda de moto";0;0;0;1;0;0;0;0;0;0;0;0;1;0;0
"01/02/2023";"09:03:00";"229";"AC02 - Aci";"311,200";"BR-116/RJ";"Pista Norte";"Choque em objeto fixo";0;0;0;1;0;0;0;0;0;0;0;0;2;0;0
"01/02/2023";"09:42:00";"250";"AC03 - Aci";"474,600";"BR-101/RJ";"Pista Sul";"Colisão Traseira";1;0;1;0;0;0;0;0;0;0;2;0;0;0;0
"01/02/2023";"10:23:00";"282";"AC03 - Aci";"93,3000";"BR-116/SP";"Pista Norte";"Engavetamento";2;0;0;0;0;1;0;0;0;0;4;0;0;0;0
"01/02/2023";"11:14:00";"313";"AC03 - Aci";"187,800";"BR-116/RJ";"Pista Norte";"Colisão Traseira";2;0;0;0;0;0;0;0;0;0;2;0;0;0;0
"01/02/2023";"12:58:00";"374";"AC02 - Aci";"196,5";"BR-116/RJ";"Pista Sul";"Abalroamento Longitudinal";1;0;1;0;0;0;0;0;0;0;1;1;0;0;0
"01/02/2023";"13:10:00";"380";"AC03 - Aci";"196,399";"BR-116/RJ";"Pista Sul";"Engavetamento";2;0;0;0;0;1;0;0;0;0;3;0;0;0;0
"01/02/2023";"14:19:00";"423";"AC02 - Aci";"486";"BR-101/RJ";"Pista Norte";"Abalroamento Longitudinal";0;0;0;1;0;1;0;0;0;0;0;1;2;0;0
"01/02/2023";"16:08:00";"491";"AC02 - Aci";"176";"BR-116/RJ";"Pista Sul";"Colisão Traseira";1;0;0;1;0;0;0;0;0;0;1;2;0;0;0
"01/02/2023";"16:17:00";"497";"AC03 - Aci";"154,399";"BR-116/SP";"Pista Norte";"Colisão Traseira";2;0;0;0;0;0;0;0;0;0;6;0;0;0;0
"01/02/2023";"16:41:00";"513";"AC02 - Aci";"480,5";"BR-101/RJ";"Pista Norte";"Capotamento";1;0;0;0;0;0;0;0;0;0;3;1;0;0;0
"01/02/2023";"17:56:00";"561";"AC03 - Aci";"161,899";"BR-116/SP";"Pista Norte";"Choque em Defensa";0;0;1;0;0;0;0;0;0;0;1;0;0;0;0
"01/02/2023";"18:04:00";"569";"AC03 - Aci";"418";"BR-101/RJ";"Pista Norte";"Colisão Traseira";2;0;0;0;0;0;0;0;0;0;5;0;0;0;0
"01/02/2023";"18:29:00";"589";"AC03 - Aci";"108,5";"BR-116/SP";"Pista Sul";"Abalroamento Longitudinal";1;0;1;0;0;0;0;0;0;0;2;0;0;0;0
"01/02/2023";"18:30:00";"590";"AC03 - Aci";"227";"BR-116/SP";"Pista Norte";"Abalroamento Longitudinal";0;0;0;2;0;0;0;0;0;0;2;0;0;0;0
"01/02/2023";"19:11:00";"614";"AC03 - Aci";"150,199";"BR-116/SP";"Pista Norte";"Colisão Traseira";1;0;1;0;0;0;0;0;0;0;2;0;0;0;0
"01/02/2023";"19:54:00";"635";"AC03 - Aci";"278,600";"BR-116/RJ";"Pista Norte";"Choque em Barreira New Jersey";1;0;0;0;0;0;0;0;0;0;1;0;0;0;0
"01/02/2023";"20:08:00";"642";"AC02 - Aci";"181,699";"BR-116/RJ";"Pista Sul";"Abalroamento Longitudinal";1;0;1;0;0;0;0;0;0;0;2;1;0;0;0
"01/02/2023";"20:08:00";"643";"AC03 - Aci";"191";"BR-116/SP";"Pista Sul";"Colisão Traseira";0;0;2;0;0;0;0;0;0;0;2;0;0;0;0
"01/02/2023";"20:42:00";"652";"AC03 - Aci";"496,600";"BR-101/RJ";"Pista Norte";"Queda de ribanceira";0;0;1;0;0;0;0;0;0;0;3;0;0;0;0
"01/02/2023";"21:12:00";"662";"AC03 - Aci";"241,800";"BR-116/RJ";"Pista Sul";"Choque em Defensa";0;0;1;0;0;0;0;0;0;0;1;0;0;0;0
"01/02/2023";"21:16:00";"663";"AC02 - Aci";"176,800";"BR-116/RJ";"Pista Norte";"Choque em Barreira New Jersey";1;0;0;0;0;0;0;0;0;0;0;1;0;0;0
"02/02/2023";"02:41:00";"51";"AC03 - Aci";"171,800";"BR-116/RJ";"Pista Norte";"Choque em Defensa";0;0;1;0;0;0;0;0;0;0;1;0;0;0;0
"02/02/2023";"07:44:00";"166";"AC02 - Aci";"139,899";"BR-116/SP";"Pista Sul";"Colisão Traseira";2;0;0;0;0;0;0;0;0;0;1;2;0;0;0
"02/02/2023";"08:03:00";"181";"AC02 - Aci";"145";"BR-116/SP";"Pista Sul";"Colisão Traseira";0;0;0;1;0;1;0;0;0;0;1;1;0;0;0
"02/02/2023";"08:32:00";"205";"AC02 - Aci";"474";"BR-101/RJ";"Pista Norte";"Colisão Frontal";0;0;1;2;0;0;0;0;0;0;1;3;0;0;0
"02/02/2023";"12:16:00";"372";"AC03 - Aci";"145";"BR-116/SP";"Pista Sul";"Colisão Traseira";1;0;0;0;0;1;0;0;0;0;6;0;0;0;0
"02/02/2023";"13:01:00";"392";"AC03 - Aci";"225";"BR-116/SP";"Pista Sul";"Abalroamento Longitudinal";1;0;1;0;0;0;0;0;0;0;2;0;0;0;0
"02/02/2023";"13:02:00";"393";"AC02 - Aci";"145,100";"BR-116/SP";"Pista Sul";"Queda de moto";0;0;0;1;0;1;0;0;0;0;1;0;0;1;0
"02/02/2023";"13:58:00";"420";"AC02 - Aci";"204,5";"BR-116/SP";"Pista Sul";"Abalroamento Longitudinal";1;0;1;0;0;0;0;0;0;0;6;1;0;0;0
"02/02/2023";"14:14:00";"429";"AC02 - Aci";"117,849";"BR-116/SP";"Pista Sul";"Queda de Carga";0;0;0;1;0;0;0;0;0;0;0;0;2;0;0
"02/02/2023";"14:23:00";"433";"AC03 - Aci";"299";"BR-116/RJ";"Pista Norte";"Abalroamento Longitudinal";0;0;1;0;0;1;0;0;0;0;2;0;0;0;0
"02/02/2023";"14:39:00";"443";"AC03 - Aci";"217,199";"BR-116/SP";"Pista Norte";"Colisão Traseira";1;0;0;0;0;1;0;0;0;0;2;0;0;0;0
"02/02/2023";"17:35:00";"538";"AC02 - Aci";"254,600";"BR-116/RJ";"Pista Sul";"Engavetamento";3;0;0;0;0;1;0;0;0;0;1;6;0;0;0
"02/02/2023";"18:11:00";"569";"AC03 - Aci";"65,1999";"BR-116/SP";"Pista Norte";"Abalroamento Longitudinal";1;0;1;0;0;0;0;0;0;0;5;0;0;0;0
"02/02/2023";"20:07:00";"624";"AC03 - Aci";"23,1000";"BR-116/SP";"Pista Norte";"Choque em Barreira New Jersey";0;0;1;0;0;0;0;0;0;0;2;0;0;0;0
"02/02/2023";"21:01:00";"656";"AC03 - Aci";"287,399";"BR-116/RJ";"Pista Sul";"Colisão Traseira";1;0;0;0;0;1;0;0;0;0;2;0;0;0;0
"02/02/2023";"22:56:00";"703";"AC02 - Aci";"61,0999";"BR-116/SP";"Pista Sul";"Colisão Traseira";2;0;0;0;0;0;0;0;0;0;1;0;1;0;0
"03/02/2023";"00:04:00";"13";"AC02 - Aci";"560";"BR-101/RJ";"Pista Sul";"Atropelamento de Animal";0;0;0;1;0;0;0;0;0;0;0;0;1;0;0
"03/02/2023";"06:27:00";"101";"AC03 - Aci";"386,5";"BR-101/RJ";"Pista Norte";"Choque em objeto fixo";1;0;0;0;0;0;0;0;0;0;1;0;0;0;0
"03/02/2023";"07:17:00";"130";"AC02 - Aci";"218,800";"BR-116/SP";"Pista Sul";"Colisão Traseira";1;0;0;1;0;0;0;0;0;0;2;1;0;0;0
"03/02/2023";"07:36:00";"149";"AC03 - Aci";"185";"BR-116/SP";"Pista Norte";"Colisão Traseira";2;0;0;0;0;0;0;0;0;0;2;0;0;0;0
"03/02/2023";"07:56:00";"160";"AC02 - Aci";"171,5";"BR-116/RJ";"Pista Norte";"Abalroamento Longitudinal";1;0;0;1;0;0;0;0;0;0;1;0;1;0;0
"03/02/2023";"09:00:00";"212";"AC02 - Aci";"226,5";"BR-116/RJ";"Pista Sul";"Queda de moto";0;0;0;1;0;0;0;0;0;0;0;1;0;0;0
"03/02/2023";"09:43:00";"247";"AC02 - Aci";"326,899";"BR-116/RJ";"Pista Norte";"Tombamento";0;0;1;0;0;0;0;0;0;0;0;0;0;1;0
"03/02/2023";"10:48:00";"298";"AC02 - Aci";"573";"BR-101/RJ";"Pista Norte";"Colisão Traseira";2;0;0;0;0;0;0;0;0;0;1;1;0;0;0
"03/02/2023";"13:07:00";"371";"AC03 - Aci";"199,300";"BR-116/SP";"Pista Norte";"Choque em objeto fixo";0;0;1;0;0;0;0;0;0;0;1;0;0;0;0
"03/02/2023";"13:15:00";"378";"AC03 - Aci";"225,25";"BR-116/SP";"Pista Norte";"Tombamento";0;0;1;0;0;0;0;0;0;0;1;0;0;0;0
"03/02/2023";"13:31:00";"389";"AC03 - Aci";"477,799";"BR-101/RJ";"Pista Sul";"Choque em Defensa";1;0;0;0;0;0;0;0;0;0;1;0;0;0;0
"03/02/2023";"13:51:00";"400";"AC02 - Aci";"222";"BR-116/SP";"Pista Sul";"Colisão Traseira";1;0;0;1;0;0;0;0;0;0;1;1;0;0;0
"03/02/2023";"14:14:00";"418";"AC03 - Aci";"499";"BR-101/RJ";"Pista Sul";"Colisão Traseira";1;0;1;0;0;0;0;0;0;0;2;0;0;0;0
"03/02/2023";"14:45:00";"432";"AC03 - Aci";"164";"BR-116/SP";"Pista Sul";"Choque em veículo parado na pista";0;0;1;0;0;1;0;0;0;0;2;0;0;0;0
"03/02/2023";"14:57:00";"437";"AC03 - Aci";"166,300";"BR-116/SP";"Pista Sul";"Colisão Frontal";1;0;1;0;0;0;0;0;0;0;2;0;0;0;0
"03/02/2023";"15:10:00";"442";"AC03 - Aci";"80";"BR-116/SP";"Pista Norte";"Colisão Traseira";2;0;0;0;0;0;0;0;0;0;3;0;0;0;0
"03/02/2023";"15:21:00";"449";"AC03 - Aci";"91,0999";"BR-116/SP";"Pista Norte";"Abalroamento Longitudinal";1;0;1;0;0;0;0;0;0;0;2;0;0;0;0
"03/02/2023";"15:48:00";"459";"AC03 - Aci";"230,300";"BR-116/SP";"Pista Norte";"Colisão Traseira";2;0;0;1;0;0;0;0;0;0;8;0;0;0;0
"03/02/2023";"16:33:00";"485";"AC02 - Aci";"106,699";"BR-116/SP";"Pista Norte";"Choque em objeto na pista";0;0;0;1;0;0;0;0;0;0;0;1;0;0;0
"03/02/2023";"16:40:00";"488";"AC02 - Aci";"255,899";"BR-116/RJ";"Pista Sul";"Colisão Traseira";1;0;0;0;0;1;0;0;0;0;8;1;0;0;0
"03/02/2023";"17:29:00";"515";"AC03 - Aci";"211,800";"BR-116/SP";"Pista Norte";"Colisão Traseira";1;0;0;0;0;1;0;0;0;0;2;0;0;0;0
"03/02/2023";"17:50:00";"526";"AC03 - Aci";"108";"BR-116/SP";"Pista Norte";"Abalroamento Longitudinal";1;0;0;0;0;1;0;0;0;0;2;0;0;0;0
"03/02/2023";"17:54:00";"528";"AC02 - Aci";"279,899";"BR-116/RJ";"Pista Sul";"Abalroamento Longitudinal";1;0;1;0;0;0;0;0;0;0;2;0;1;0;0
"03/02/2023";"18:18:00";"538";"AC02 - Aci";"214";"BR-116/SP";"Pista Norte";"Abalroamento Longitudinal";1;0;0;1;0;0;0;0;0;0;1;0;1;0;0
"03/02/2023";"18:18:00";"539";"AC03 - Aci";"275,600";"BR-116/RJ";"Pista Sul";"Engavetamento";3;0;0;0;0;0;0;0;0;0;3;0;0;0;0
"03/02/2023";"18:30:00";"546";"AC02 - Aci";"428";"BR-101/RJ";"Pista Sul";"Colisão Traseira";2;0;0;0;0;0;0;0;0;0;1;2;0;0;0
"03/02/2023";"21:05:00";"631";"AC02 - Aci";"225";"BR-116/SP";"Pista Norte";"Choque em Barreira New Jersey";0;0;0;1;0;0;0;0;0;0;0;0;2;0;0
"03/02/2023";"21:38:00";"644";"AC02 - Aci";"191";"BR-116/SP";"Pista Norte";"Colisão Traseira";1;0;1;0;0;0;0;0;0;0;3;2;1;0;0
"03/02/2023";"21:55:00";"654";"AC02 - Aci";"426";"BR-101/RJ";"Pista Sul";"Atropelamento de Animal";0;0;0;1;0;0;0;0;0;0;0;1;0;0;0
"03/02/2023";"23:10:00";"685";"AC03 - Aci";"257,450";"BR-116/RJ";"Pista Norte";"Atropelamento de Animal";1;0;0;0;0;0;0;0;0;0;1;0;0;0;0
"04/02/2023";"00:15:00";"13";"AC03 - Aci";"326,899";"BR-116/RJ";"Pista Norte";"Abalroamento Longitudinal";1;0;1;0;1;0;0;0;0;0;54;0;0;0;0
"04/02/2023";"00:16:00";"15";"AC02 - Aci";"48,5";"BR-116/SP";"Pista Sul";"Colisão Traseira";1;0;1;0;0;0;0;0;0;0;1;4;0;0;0
"04/02/2023";"01:46:00";"36";"AC03 - Aci";"57,0499";"BR-116/SP";"Pista Sul";"Choque em Defensa";1;0;0;0;0;0;0;0;0;0;1;0;0;0;0
"04/02/2023";"03:00:00";"45";"AC05 - Atr";"178,5";"BR-116/SP";"Pista Norte";"Atropelamento de Pedestre Caminhando";1;0;0;0;0;0;0;0;0;0;1;0;0;0;1
"04/02/2023";"04:49:00";"58";"AC03 - Aci";"204,5";"BR-116/SP";"Pista Norte";"Colisão Traseira";0;0;1;0;1;0;0;0;0;0;2;0;0;0;0
"04/02/2023";"05:43:00";"68";"AC02 - Aci";"313,399";"BR-116/RJ";"Pista Norte";"Choque em Barreira New Jersey";1;0;0;0;0;0;0;0;0;0;0;3;1;0;0
"04/02/2023";"05:55:00";"74";"AC03 - Aci";"570";"BR-101/RJ";"Pista Sul";"Choque em objeto fixo";1;0;0;0;0;0;0;0;0;0;1;0;0;0;0
"04/02/2023";"06:15:00";"78";"AC03 - Aci";"180";"BR-116/RJ";"Pista Norte";"Capotamento";1;0;0;0;0;0;0;0;0;0;2;0;0;0;0
"04/02/2023";"06:22:00";"82";"AC05 - Atr";"485";"BR-101/RJ";"Pista Norte";"Atropelamento de Pedestre Atravessando";0;1;0;1;0;0;0;0;0;0;0;1;0;0;1