data;horario;n_da_ocorrencia;tipo_de_ocorrencia;km;trecho;sentido;tipo_de_acidente;automovel;bicicleta;caminhao;moto;onibus;outros;tracao_animal;transporte_de_cargas_especiais;trator_maquinas;utilitarios;ilesos;levemente_feridos;moderadamente_feridos;gravemente_feridos;mortos
"10/02/2023";"17:32:00";"495";"AC02 - Aci";"264,700";"BR-116/RJ";"Pista Sul";"Abalroamento Longitudinal";1;0;1;0;0;0;0;0;0;0;0;3;0;0;0
"10/02/2023";"17:39:00";"499";"AC03 - Aci";"147";"BR-116/SP";"Pista Sul";"Engavetamento";3;0;2;0;0;0;0;0;0;0;5;0;0;0;0
"10/02/2023";"17:49:00";"502";"AC02 - Aci";"220";"BR-116/SP";"Pista Norte";"Abalroamento Longitudinal";1;0;0;1;0;0;0;0;0;0;1;1;0;0;0
"10/02/2023";"18:20:00";"511";"AC02 - Aci";"243,600";"BR-116/RJ";"Pista Norte";"Tombamento";0;0;1;0;0;0;0;0;0;0;0;0;1;0;0
"10/02/2023";"18:44:00";"532";"AC03 - Aci";"65,0999";"BR-116/SP";"Pista Sul";"Choque em Barreira New Jersey";0;0;1;0;0;0;0;0;0;0;1;0;0;0;0
"10/02/2023";"18:52:00";"537";"AC02 - Aci";"214";"BR-116/SP";"Pista Sul";"Abalroamento Longitudinal";1;0;0;1;0;0;0;0;0;0;1;1;0;0;0
"10/02/2023";"18:58:00";"541";"AC02 - Aci";"230";"BR-116/SP";"Pista Sul";"Abalroamento Longitudinal";1;0;0;1;0;0;0;0;0;0;1;1;0;0;0
"10/02/2023";"19:25:00";"561";"AC03 - Aci";"153,199";"BR-116/SP";"Pista Norte";"Abalroamento Longitudinal";1;0;0;1;0;0;0;0;0;0;2;0;0;0;0
"10/02/2023";"20:06:00";"585";"AC03 - Aci";"51,2000";"BR-116/SP";"Pista Norte";"Choque em objeto na pista";1;0;0;0;0;0;0;0;0;0;1;0;0;0;0
"10/02/2023";"20:06:00";"587";"AC03 - Aci";"51,2000";"BR-116/SP";"Pista Norte";"Choque em objeto na pista";1;0;0;0;0;0;0;0;0;0;1;0;0;0;0
"10/02/2023";"20:13:00";"591";"AC03 - Aci";"444";"BR-101/RJ";"Pista Norte";"Choque em Barreira New Jersey";1;0;0;0;0;0;0;0;0;0;1;0;0;0;0
"10/02/2023";"20:49:00";"609";"AC03 - Aci";"225,699";"BR-116/SP";"Pista Norte";"Abalroamento Longitudinal";1;0;0;0;0;1;0;0;0;0;5;0;0;0;0
"10/02/2023";"21:25:00";"621";"AC02 - Aci";"529";"BR-101/RJ";"Pista Sul";"Capotamento";1;0;0;0;0;0;0;0;0;0;0;1;0;0;0
"10/02/2023";"22:22:00";"635";"AC03 - Aci";"522";"BR-101/RJ";"Pista Norte";"Choque em Barreira New Jersey";1;0;0;0;0;0;0;0;0;0;1;0;0;0;0
"11/02/2023";"00:12:00";"11";"AC02 - Aci";"108,900";"BR-116/SP";"Pista Norte";"Abalroamento Longitudinal";2;0;0;0;0;0;0;0;0;0;5;0;1;0;0
"11/02/2023";"00:20:00";"15";"AC03 - Aci";"86,9499";"BR-116/SP";"Pista Norte";"Choque em objeto fixo";0;0;1;0;0;0;0;0;0;0;1;0;0;0;0
"11/02/2023";"03:33:00";"52";"AC02 - Aci";"141,600";"BR-116/SP";"Pista Norte";"Queda de moto";0;0;0;1;0;0;0;0;0;0;0;1;0;0;0
"11/02/2023";"06:40:00";"105";"AC02 - Aci";"129";"BR-116/SP";"Pista Sul";"Queda de moto";0;0;0;1;0;0;0;0;0;0;0;0;0;1;0
"11/02/2023";"08:47:00";"174";"AC03 - Aci";"208";"BR-116/RJ";"Pista Sul";"Engavetamento";2;0;0;0;0;2;0;0;0;0;5;0;0;0;0
"11/02/2023";"08:57:00";"178";"AC03 - Aci";"390";"BR-101/RJ";"Pista Norte";"Choque em objeto fixo";1;0;0;0;0;0;0;0;0;0;1;0;0;0;0
"11/02/2023";"09:03:00";"182";"AC03 - Aci";"101";"BR-116/SP";"Pista Norte";"Colisão Traseira";2;0;0;0;0;0;0;0;0;0;7;0;0;0;0
"11/02/2023";"10:28:00";"247";"AC02 - Aci";"484";"BR-101/RJ";"Pista Sul";"Colisão Traseira";1;0;0;1;0;0;0;0;0;0;2;1;0;0;0
"11/02/2023";"11:53:00";"290";"AC03 - Aci";"215,300";"BR-116/SP";"Pista Sul";"Choque em objeto na pista";2;0;1;0;0;0;0;0;0;0;3;0;0;0;0
"11/02/2023";"13:00:00";"322";"AC02 - Aci";"262,899";"BR-116/RJ";"Pista Sul";"Queda de moto";0;0;0;1;0;0;0;0;0;0;1;1;0;0;0
"11/02/2023";"13:27:00";"335";"AC04 - Atr";"485";"BR-101/RJ";"Pista Norte";"Atropelamento de Pedestre Atravessando";0;1;0;0;0;1;0;0;0;0;1;1;0;0;0
"11/02/2023";"14:13:00";"356";"AC02 - Aci";"160";"BR-116/SP";"Pista Norte";"Colisão Traseira";1;0;0;1;0;0;0;0;0;0;2;0;0;1;0
"11/02/2023";"14:54:00";"381";"AC03 - Aci";"218";"BR-116/SP";"Pista Norte";"Colisão Traseira";1;0;1;0;0;0;0;0;0;0;2;0;0;0;0
"11/02/2023";"16:20:00";"424";"AC03 - Aci";"197";"BR-116/SP";"Pista Sul";"Colisão Traseira";1;0;2;0;0;0;0;0;0;0;4;0;0;0;0
"11/02/2023";"16:34:00";"431";"AC02 - Aci";"187,699";"BR-116/RJ";"Pista Norte";"Abalroamento Longitudinal";1;0;0;1;0;0;0;0;0;0;1;0;1;0;0
"11/02/2023";"17:07:00";"444";"AC03 - Aci";"443";"BR-101/RJ";"Pista Sul";"Colisão Frontal";2;0;0;0;0;0;0;0;0;0;2;0;0;0;0
"11/02/2023";"17:34:00";"456";"AC03 - Aci";"434";"BR-101/RJ";"Pista Sul";"Colisão Frontal";2;0;0;0;0;0;0;0;0;0;6;0;0;0;0
"11/02/2023";"17:41:00";"462";"AC03 - Aci";"222";"BR-116/SP";"Pista Norte";"Colisão Traseira";2;0;0;0;0;0;0;0;0;0;4;0;0;0;0
"11/02/2023";"18:00:00";"471";"AC03 - Aci";"3,70000";"BR-116/SP";"Pista Sul";"Choque em objeto fixo";0;0;1;0;0;0;0;0;0;0;1;0;0;0;0
"11/02/2023";"18:17:00";"476";"AC03 - Aci";"416";"BR-101/RJ";"Pista Sul";"Choque em Barreira New Jersey";1;0;0;0;0;0;0;0;0;0;1;0;0;0;0
"11/02/2023";"18:50:00";"488";"AC02 - Aci";"194,350";"BR-116/RJ";"Pista Sul";"Capotamento";1;0;0;0;0;0;0;0;0;0;1;2;2;0;0
"11/02/2023";"19:40:00";"508";"AC02 - Aci";"42";"BR-101/SP";"Pista Sul";"Colisão Traseira";1;0;0;1;0;0;0;0;0;0;5;1;0;0;0
"11/02/2023";"20:33:00";"531";"AC03 - Aci";"149,949";"BR-116/SP";"Pista Sul";"Choque em objeto fixo";1;0;0;0;0;0;0;0;0;0;1;0;0;0;0
"11/02/2023";"21:05:00";"543";"AC02 - Aci";"411";"BR-101/RJ";"Pista Norte";"Colisão Traseira";2;0;0;0;0;0;0;0;0;0;1;0;1;0;0
"11/02/2023";"21:14:00";"549";"AC02 - Aci";"258";"BR-116/RJ";"Pista Sul";"Choque em Barreira New Jersey";1;0;0;0;0;0;0;0;0;0;0;1;0;0;0
"12/02/2023";"01:32:00";"28";"AC02 - Aci";"145,5";"BR-116/SP";"Pista Norte";"Colisão Traseira";1;0;1;0;0;0;0;0;0;0;1;0;1;0;0
"12/02/2023";"02:08:00";"35";"AC03 - Aci";"201";"BR-116/RJ";"Pista Sul";"Atropelamento de Animal";0;0;0;0;1;0;0;0;0;0;21;0;0;0;0
"12/02/2023";"02:16:00";"37";"AC02 - Aci";"228,800";"BR-116/SP";"Pista Norte";"Colisão Traseira";2;0;0;0;0;0;0;0;0;0;0;4;0;0;0
"12/02/2023";"04:15:00";"43";"AC02 - Aci";"45,7999";"BR-116/SP";"Pista Norte";"Choque em objeto fixo";1;0;0;0;0;0;0;0;0;0;4;1;0;0;0
"12/02/2023";"04:32:00";"47";"AC02 - Aci";"319";"BR-116/RJ";"Pista Sul";"Colisão Traseira";2;0;0;0;0;0;0;0;0;0;2;0;1;0;0
"12/02/2023";"04:49:00";"50";"AC02 - Aci";"229,5";"BR-116/SP";"Pista Sul";"Choque em Barreira New Jersey";1;0;0;0;0;0;0;0;0;0;0;1;0;0;0
"12/02/2023";"07:00:00";"83";"AC02 - Aci";"429";"BR-101/RJ";"Pista Norte";"Choque em objeto fixo";1;0;0;0;0;0;0;0;0;0;0;1;0;0;0
"12/02/2023";"07:41:00";"95";"AC03 - Aci";"480,299";"BR-101/RJ";"Pista Sul";"Choque em objeto fixo";1;0;0;0;0;0;0;0;0;0;1;0;0;0;0
"12/02/2023";"09:41:00";"161";"AC04 - Atr";"189";"BR-116/SP";"Pista Sul";"Atropelamento de Pedestre Atravessando";0;1;1;0;0;0;0;0;0;0;1;0;1;0;0
"12/02/2023";"10:11:00";"175";"AC03 - Aci";"143";"BR-116/SP";"Pista Norte";"Colisão Traseira";1;0;0;0;0;1;0;0;0;0;4;0;0;0;0
"12/02/2023";"10:27:00";"186";"AC03 - Aci";"143";"BR-116/SP";"Pista Norte";"Colisão Traseira";1;0;0;0;0;0;0;0;0;0;1;0;0;0;0
"12/02/2023";"10:29:00";"187";"AC03 - Aci";"66,0999";"BR-116/SP";"Pista Sul";"Choque em Barreira New Jersey";1;0;0;0;0;0;0;0;0;0;1;0;0;0;0
"12/02/2023";"10:33:00";"189";"AC03 - Aci";"404";"BR-101/RJ";"Pista Norte";"Choque em objeto fixo";1;0;0;0;0;0;0;0;0;0;0;1;0;0;0
"12/02/2023";"11:03:00";"202";"AC02 - Aci";"109";"BR-116/SP";"Pista Norte";"Queda de moto";0;0;0;1;0;0;0;0;0;0;0;2;0;0;0
"12/02/2023";"13:36:00";"276";"AC03 - Aci";"258";"BR-116/RJ";"Pista Sul";"Choque em Barreira New Jersey";1;0;0;0;0;0;0;0;0;0;4;0;0;0;0
"12/02/2023";"15:20:00";"325";"AC03 - Aci";"135,199";"BR-116/SP";"Pista Sul";"Colisão Traseira";2;0;0;0;0;1;0;0;0;0;5;0;0;0;0
"12/02/2023";"15:33:00";"331";"AC03 - Aci";"203,5";"BR-116/SP";"Pista Sul";"Engavetamento";3;0;0;0;0;0;0;0;0;0;3;0;0;0;0
"12/02/2023";"15:53:00";"342";"AC03 - Aci";"46";"BR-101/SP";"Pista Sul";"Colisão Traseira";2;0;0;0;0;0;0;0;0;0;7;0;0;0;0
"12/02/2023";"16:45:00";"374";"AC03 - Aci";"487";"BR-101/RJ";"Pista Sul";"Colisão Traseira";2;0;0;0;0;0;0;0;0;0;5;0;0;0;0
"12/02/2023";"16:59:00";"377";"AC03 - Aci";"205,399";"BR-116/RJ";"Pista Sul";"Choque em Defensa";1;0;0;0;0;0;0;0;0;0;3;0;0;0;0
"12/02/2023";"17:16:00";"382";"AC02 - Aci";"176,550";"BR-116/RJ";"Pista Norte";"Choque em Barreira New Jersey";1;0;0;0;0;0;0;0;0;0;0;2;0;0;0
"12/02/2023";"17:25:00";"389";"AC03 - Aci";"186";"BR-116/RJ";"Pista Norte";"Colisão Traseira";2;0;0;0;0;0;0;0;0;0;5;0;0;0;0
"12/02/2023";"17:47:00";"398";"AC03 - Aci";"126";"BR-116/SP";"Pista Sul";"Colisão Traseira";2;0;0;0;0;0;0;0;0;0;5;0;0;0;0
"12/02/2023";"17:52:00";"404";"AC03 - Aci";"390,100";"BR-101/RJ";"Pista Norte";"Choque em Barreira New Jersey";0;0;0;0;1;0;0;0;0;0;28;0;0;0;0
"12/02/2023";"17:58:00";"411";"AC03 - Aci";"514";"BR-101/RJ";"Pista Sul";"Choque em objeto fixo";1;0;0;0;0;0;0;0;0;0;3;2;0;0;0
"12/02/2023";"18:08:00";"414";"AC03 - Aci";"480";"BR-101/RJ";"Pista Norte";"Choque em objeto fixo";1;0;0;0;0;0;0;0;0;0;3;0;0;0;0
"12/02/2023";"18:14:00";"419";"AC03 - Aci";"1,75";"BR-116/SP";"Pista Norte";"Colisão Traseira";2;0;0;0;0;0;0;0;0;0;4;0;0;0;0
"12/02/2023";"18:25:00";"427";"AC03 - Aci";"126";"BR-116/SP";"Pista Sul";"Engavetamento";3;0;0;0;0;0;0;0;0;0;14;0;0;0;0
"12/02/2023";"18:39:00";"435";"AC02 - Aci";"208,320";"BR-116/SP";"Pista Sul";"Abalroamento Longitudinal";1;0;0;1;0;0;0;0;0;0;1;1;1;0;0
"12/02/2023";"19:58:00";"464";"AC02 - Aci";"484,600";"BR-101/RJ";"Pista Sul";"Abalroamento Longitudinal";1;0;0;1;0;0;0;0;0;0;2;0;2;0;0
"12/02/2023";"20:10:00";"473";"AC03 - Aci";"210,800";"BR-116/SP";"Pista Norte";"Choque em Defensa";0;0;0;0;1;0;0;0;0;0;2;0;0;0;0
"12/02/2023";"21:53:00";"512";"AC04 - Atr";"170,5";"BR-116/RJ";"Pista Sul";"Atropelamento de Pedestre Atravessando";0;1;0;0;0;1;0;0;0;0;1;1;1;0;0
"12/02/2023";"22:56:00";"537";"AC03 - Aci";"226,600";"BR-116/SP";"Pista Norte";"Colisão Traseira";1;0;0;0;0;0;0;0;0;0;1;0;0;0;0
"13/02/2023";"02:42:00";"37";"AC03 - Aci";"193,5";"BR-116/RJ";"Pista Sul";"Atropelamento de Animal";1;0;0;0;0;0;0;0;0;0;1;0;0;0;0
"13/02/2023";"03:06:00";"40";"AC03 - Aci";"179";"BR-116/RJ";"Pista Sul";"Colisão Traseira";2;0;0;0;0;0;0;0;0;0;2;0;0;0;0
"13/02/2023";"04:23:00";"53";"AC02 - Aci";"109,199";"BR-116/SP";"Pista Norte";"Choque em Barreira New Jersey";1;0;0;0;0;0;0;0;0;0;0;1;0;0;0
"13/02/2023";"05:17:00";"65";"AC02 - Aci";"204,5";"BR-116/SP";"Pista Norte";"Choque em Barreira New Jersey";0;0;1;0;0;0;0;0;0;0;1;1;0;0;0
"13/02/2023";"06:16:00";"82";"AC03 - Aci";"174,5";"BR-116/RJ";"Pista Norte";"Colisão Traseira";1;0;0;0;0;1;0;0;0;0;3;0;0;0;0
"13/02/2023";"07:35:00";"143";"AC02 - Aci";"271,600";"BR-116/RJ";"Pista Norte";"Colisão Traseira";1;0;1;0;0;0;0;0;0;0;1;1;0;0;0
"13/02/2023";"07:57:00";"160";"AC03 - Aci";"217,199";"BR-116/SP";"Pista Norte";"Choque em Barreira New Jersey";0;0;1;0;0;0;0;0;0;0;1;0;0;0;0
"13/02/2023";"08:19:00";"175";"AC03 - Aci";"422,5";"BR-101/RJ";"Pista Sul";"Engavetamento";3;0;0;0;0;0;0;0;0;0;3;0;0;0;0
"13/02/2023";"08:39:00";"194";"AC02 - Aci";"133";"BR-116/SP";"Pista Sul";"Queda de moto";0;0;0;1;0;0;0;0;0;0;0;0;1;0;0
"13/02/2023";"08:49:00";"199";"AC02 - Aci";"549";"BR-101/RJ";"Pista Norte";"Choque em objeto fixo";1;0;0;0;0;0;0;0;0;0;0;1;0;0;0
"13/02/2023";"09:03:00";"210";"AC02 - Aci";"230,199";"BR-116/SP";"Pista Sul";"Abalroamento Longitudinal";1;0;0;1;0;0;0;0;0;0;1;1;0;0;0
"13/02/2023";"09:45:00";"231";"AC03 - Aci";"245";"BR-116/RJ";"Pista Norte";"Choque em Barreira New Jersey";1;0;0;0;0;0;0;0;0;0;1;0;0;0;0
"13/02/2023";"10:32:00";"276";"AC02 - Aci";"311";"BR-116/RJ";"Pista Sul";"Colisão Traseira";1;0;1;0;0;0;0;0;0;0;3;1;0;0;0
"13/02/2023";"10:38:00";"282";"AC02 - Aci";"230,100";"BR-116/SP";"Pista Norte";"Abalroamento Longitudinal";0;0;0;1;0;1;0;0;0;0;0;2;0;0;0
"13/02/2023";"10:53:00";"285";"AC03 - Aci";"305";"BR-116/RJ";"Pista Sul";"Outros";1;0;1;0;0;0;0;0;0;0;2;0;0;0;0
"13/02/2023";"11:32:00";"312";"AC02 - Aci";"188";"BR-116/RJ";"Pista Norte";"Abalroamento Longitudinal";0;0;0;1;0;1;0;0;0;0;1;1;0;0;0
"13/02/2023";"13:03:00";"372";"AC03 - Aci";"214";"BR-116/RJ";"Pista Norte";"Choque em objeto fixo";0;0;1;0;0;0;0;0;0;0;1;0;0;0;0
"13/02/2023";"14:23:00";"426";"AC02 - Aci";"526,400";"BR-101/RJ";"Pista Sul";"Engavetamento";3;0;0;0;0;0;0;0;0;0;7;0;1;0;0
"13/02/2023";"15:44:00";"472";"AC02 - Aci";"216,899";"BR-116/RJ";"Pista Sul";"Abalroamento Longitudinal";1;0;0;1;0;0;0;0;0;0;2;1;0;0;0
"13/02/2023";"17:05:00";"524";"AC03 - Aci";"522,099";"BR-101/RJ";"Pista Sul";"Choque em objeto fixo";1;0;0;0;0;0;0;0;0;0;1;0;0;0;0
"13/02/2023";"18:13:00";"571";"AC04 - Atr";"473,299";"BR-101/RJ";"Pista Norte";"Atropelamento de Pedestre Atravessando";0;1;0;1;0;0;0;0;0;0;1;1;0;0;0
"13/02/2023";"20:39:00";"645";"AC03 - Aci";"233,600";"BR-116/RJ";"Pista Sul";"Choque em Barreira New Jersey";1;0;0;0;0;0;0;0;0;0;4;0;0;0;0
"13/02/2023";"21:01:00";"652";"AC03 - Aci";"233,600";"BR-116/RJ";"Pista Sul";"Abalroamento Longitudinal";0;0;2;0;0;0;0;0;0;0;2;0;0;0;0
"13/02/2023";"23:19:00";"693";"AC02 - Aci";"284,149";"BR-116/RJ";"Pista Norte";"Colisão Traseira";0;0;2;0;0;0;0;0;0;0;1;0;1;0;0
"13/02/2023";"23:41:00";"696";"AC05 - Atr";"131,080";"BR-116/SP";"Pista Sul";"Atropelamento de Pedestre Atravessando";0;1;0;1;0;0;0;0;0;0;0;1;0;0;1
"14/02/2023";"01:55:00";"31";"AC03 - Aci";"226";"BR-116/SP";"Pista Norte";"Choque em objeto na pista";1;0;0;0;0;0;0;0;0;0;1;0;0;0;0
"14/02/2023";"03:50:00";"62";"AC01 - Aci";"394";"BR-101/RJ";"Pista Sul";"Engavetamento";2;0;1;0;0;0;0;0;0;0;1;1;0;0;1
"14/02/2023";"04:28:00";"64";"AC03 - Aci";"280,600";"BR-116/RJ";"Pista Norte";"Engavetamento";0;0;2;0;1;0;0;0;0;0;21;0;0;0;0
"14/02/2023";"06:08:00";"103";"AC03 - Aci";"294,700";"BR-116/RJ";"Pista Sul";"Choque em Defensa";1;0;0;0;0;0;0;0;0;0;1;0;0;0;0
"14/02/2023";"07:03:00";"148";"AC03 - Aci";"187";"BR-116/RJ";"Pista Norte";"Colisão Traseira";1;0;1;0;0;0;0;0;0;0;2;0;0;0;0
"14/02/2023";"07:29:00";"173";"AC02 - Aci";"219,800";"BR-116/SP";"Pista Sul";"Colisão Traseira";1;0;0;1;0;0;0;0;0;0;1;1;0;0;0
"14/02/2023";"08:16:00";"214";"AC02 - Aci";"179,800";"BR-116/RJ";"Pista Norte";"Queda de moto";0;0;0;1;0;0;0;0;0;0;0;2;0;0;0
"14/02/2023";"08:18:00";"218";"AC03 - Aci";"219,199";"BR-116/SP";"Pista Sul";"Colisão Traseira";1;0;0;0;0;1;0;0;0;0;2;0;0;0;0
"14/02/2023";"08:22:00";"219";"AC02 - Aci";"241";"BR-116/RJ";"Pista Sul";"Capotamento";1;0;0;0;0;0;0;0;0;0;0;0;1;0;0
"14/02/2023";"08:33:00";"232";"AC02 - Aci";"172,75";"BR-116/RJ";"Pista Norte";"Queda de moto";0;0;0;1;0;0;0;0;0;0;0;1;0;0;0
"14/02/2023";"08:34:00";"234";"AC03 - Aci";"172";"BR-116/RJ";"Pista Norte";"Queda de moto";0;0;0;1;0;0;0;0;0;0;1;0;0;0;0
"14/02/2023";"09:48:00";"312";"AC03 - Aci";"180";"BR-116/RJ";"Pista Sul";"Engavetamento";1;0;1;0;0;1;0;0;0;0;3;0;0;0;0
"14/02/2023";"10:44:00";"356";"AC03 - Aci";"143,600";"BR-116/SP";"Pista Norte";"Colisão Traseira";0;0;2;0;0;0;0;0;0;0;2;0;0;0;0
"14/02/2023";"11:20:00";"383";"AC02 - Aci";"204,5";"BR-116/SP";"Pista Sul";"Colisão Traseira";1;0;1;0;0;0;0;0;0;0;2;0;1;0;0
"14/02/2023";"13:28:00";"457";"AC03 - Aci";"185";"BR-116/RJ";"Pista Norte";"Engavetamento";3;0;0;0;0;0;0;0;0;0;3;0;0;0;0
"14/02/2023";"13:33:00";"462";"AC02 - Aci";"567";"BR-101/RJ";"Pista Norte";"Queda de ribanceira";1;0;0;0;0;0;0;0;0;0;1;1;0;0;0
"14/02/2023";"14:02:00";"478";"AC02 - Aci";"127";"BR-116/SP";"Pista Sul";"Colisão Traseira";1;0;1;0;0;0;0;0;0;0;1;1;0;0;0
"14/02/2023";"14:09:00";"487";"AC03 - Aci";"16,5";"BR-101/SP";"Pista Sul";"Colisão Traseira";2;0;0;0;0;0;0;0;0;0;3;0;0;0;0
"14/02/2023";"14:44:00";"511";"AC02 - Aci";"142,800";"BR-116/SP";"Pista Norte";"Colisão Traseira";0;0;2;0;0;0;0;0;0;0;0;2;0;0;0
"14/02/2023";"14:46:00";"512";"AC02 - Aci";"219,899";"BR-116/SP";"Pista Sul";"Colisão Traseira";1;0;0;2;0;0;0;0;0;0;2;1;0;0;0
"14/02/2023";"15:31:00";"541";"AC03 - Aci";"96";"BR-116/SP";"Pista Sul";"Colisão Traseira";1;0;1;0;0;0;0;0;0;0;2;0;0;0;0
"14/02/2023";"16:27:00";"584";"AC02 - Aci";"242,399";"BR-116/RJ";"Pista Sul";"Choque em objeto na pista";1;0;0;0;0;0;0;0;0;0;0;2;0;0;0
"14/02/2023";"16:46:00";"597";"AC02 - Aci";"108,699";"BR-116/SP";"Pista Sul";"Tombamento";0;0;1;0;0;0;0;0;0;0;0;1;0;0;0
"14/02/2023";"18:20:00";"655";"AC03 - Aci";"232";"BR-116/RJ";"Pista Norte";"Choque Talude";1;0;0;0;0;0;0;0;0;0;3;0;0;0;0
"14/02/2023";"18:34:00";"664";"AC03 - Aci";"106,800";"BR-116/SP";"Pista Sul";"Colisão Traseira";1;0;1;0;0;0;0;0;0;0;2;0;0;0;0
"14/02/2023";"20:29:00";"736";"AC03 - Aci";"24,75";"BR-116/SP";"Pista Norte";"Choque em objeto na pista";1;0;0;0;0;0;0;0;0;0;4;0;0;0;0
"14/02/2023";"21:10:00";"755";"AC03 - Aci";"327";"BR-116/RJ";"Pista Norte";"Atropelamento de Animal";1;0;0;0;0;0;0;0;0;0;2;0;0;0;0
"14/02/2023";"21:42:00";"773";"AC02 - Aci";"404";"BR-101/RJ";"Pista Sul";"Queda de moto";0;0;0;1;0;0;0;0;0;0;0;1;0;0;0
"15/02/2023";"04:47:00";"77";"AC02 - Aci";"46,9500";"BR-101/SP";"Pista Norte";"Capotamento";1;0;0;0;0;0;0;0;0;0;0;0;4;0;0
"15/02/2023";"06:05:00";"104";"AC03 - Aci";"294,600";"BR-116/RJ";"Pista Sul";"Abalroamento Longitudinal";1;0;0;0;0;0;0;0;0;0;1;0;0;0;0
"15/02/2023";"06:35:00";"125";"AC03 - Aci";"171,899";"BR-116/RJ";"Pista Norte";"Colisão Traseira";1;0;0;0;0;1;0;0;0;0;3;0;0;0;0
"15/02/2023";"08:24:00";"212";"AC02 - Aci";"229,100";"BR-116/SP";"Pista Sul";"Abalroamento Longitudinal";1;0;0;1;0;0;0;0;0;0;2;1;0;0;0
"15/02/2023";"09:38:00";"273";"AC02 - Aci";"137,850";"BR-116/SP";"Pista Sul";"Colisão Traseira";1;0;1;0;0;0;0;0;0;0;2;1;0;0;0
"15/02/2023";"11:26:00";"344";"AC03 - Aci";"78";"BR-116/SP";"Pista Norte";"Engavetamento";2;0;0;0;0;2;0;0;0;0;7;0;0;0;0
"15/02/2023";"11:56:00";"364";"AC03 - Aci";"178";"BR-116/RJ";"Pista Sul";"Colisão Traseira";2;0;0;0;0;0;0;0;0;0;2;0;0;0;0
"15/02/2023";"12:15:00";"376";"AC03 - Aci";"234,399";"BR-116/RJ";"Pista Sul";"Choque em objeto fixo";1;0;0;0;0;0;0;0;0;0;1;0;0;0;0
"15/02/2023";"12:20:00";"381";"AC03 - Aci";"229,949";"BR-116/SP";"Pista Sul";"Colisão Traseira";2;0;0;0;0;0;0;0;0;0;2;0;0;0;0
"15/02/2023";"12:50:00";"399";"AC03 - Aci";"130,800";"BR-116/SP";"Pista Sul";"Colisão Traseira";2;0;0;0;0;0;0;0;0;0;4;0;0;0;0
"15/02/2023";"13:09:00";"415";"AC03 - Aci";"230";"BR-116/SP";"Pista Norte";"Colisão Traseira";2;0;0;0;0;0;0;0;0;0;2;0;0;0;0
"15/02/2023";"15:36:00";"536";"AC03 - Aci";"50";"BR-116/SP";"Pista Norte";"Colisão Traseira";1;0;0;0;0;1;0;0;0;0;4;0;0;0;0
"15/02/2023";"15:37:00";"538";"AC02 - Aci";"429";"BR-101/RJ";"Pista Sul";"Queda de moto";0;0;0;1;0;0;0;0;0;0;0;1;0;0;0
"15/02/2023";"16:21:00";"576";"AC03 - Aci";"284";"BR-116/RJ";"Pista Norte";"Colisão Traseira";1;0;1;0;0;0;0;0;0;0;2;0;0;0;0
"15/02/2023";"17:17:00";"608";"AC03 - Aci";"172";"BR-116/RJ";"Pista Sul";"Colisão Frontal";0;0;1;0;0;1;0;0;0;0;2;0;0;0;0
"15/02/2023";"21:50:00";"780";"AC02 - Aci";"42";"BR-101/SP";"Pista Norte";"Atropelamento de Pedestre Atravessando";0;1;0;1;0;0;0;0;0;0;1;0;1;0;0
"15/02/2023";"22:10:00";"793";"AC02 - Aci";"383";"BR-101/RJ";"Pista Sul";"Queda de ribanceira";1;0;0;0;0;0;0;0;0;0;0;0;1;0;0
"15/02/2023";"22:46:00";"815";"AC02 - Aci";"46";"BR-101/SP";"Pista Norte";"Queda de moto";0;0;0;1;0;1;0;0;0;0;1;0;1;0;0
"15/02/2023";"23:55:00";"834";"AC02 - Aci";"200,899";"BR-116/RJ";"Pista Sul";"Colisão Traseira";0;0;2;0;0;0;0;0;0;0;1;0;2;0;0
"16/02/2023";"00:09:00";"17";"AC02 - Aci";"216";"BR-116/SP";"Pista Norte";"Colisão Traseira";0;0;0;1;0;0;0;0;0;0;0;1;0;0;0
"16/02/2023";"03:12:00";"44";"AC04 - Atr";"68,5500";"BR-116/SP";"Pista Sul";"Atropelamento de Pedestre Atravessando";1;0;0;0;0;0;0;0;0;0;1;0;0;1;0
"16/02/2023";"06:52:00";"121";"AC02 - Aci";"171";"BR-116/RJ";"Pista Norte";"Colisão Traseira";1;0;0;1;0;0;0;0;0;0;1;1;0;0;0
"16/02/2023";"06:58:00";"131";"AC03 - Aci";"221,199";"BR-116/SP";"Pista Sul";"Choque em Barreira New Jersey";1;0;0;0;0;0;0;0;0;0;4;0;0;0;0
"16/02/2023";"07:37:00";"159";"AC02 - Aci";"229,300";"BR-116/SP";"Pista Sul";"Queda de moto";0;0;0;1;0;1;0;0;0;0;1;1;0;0;0
"16/02/2023";"08:27:00";"219";"AC02 - Aci";"176";"BR-116/RJ";"Pista Norte";"Queda de moto";0;0;0;1;0;0;0;0;0;0;0;1;0;0;0
"16/02/2023";"08:43:00";"233";"AC02 - Aci";"224,300";"BR-116/SP";"Pista Sul";"Queda de moto";1;0;0;1;0;0;0;0;0;0;1;0;1;0;0
"16/02/2023";"11:08:00";"333";"AC02 - Aci";"223,199";"BR-116/SP";"Pista Sul";"Queda de moto";0;0;0;1;0;0;0;0;0;0;1;1;0;0;0
"16/02/2023";"12:06:00";"370";"AC04 - Atr";"271";"BR-116/RJ";"Pista Sul";"Atropelamento de Pedestre Atravessando";0;0;0;0;0;1;0;0;0;0;1;0;0;1;0
"16/02/2023";"12:09:00";"371";"AC03 - Aci";"187";"BR-116/RJ";"Pista Norte";"Colisão Traseira";2;0;0;0;0;0;0;0;0;0;2;0;0;0;0
"16/02/2023";"13:18:00";"404";"AC03 - Aci";"70,5999";"BR-116/SP";"Pista Sul";"Colisão Traseira";0;0;1;0;0;1;0;0;0;0;2;0;0;0;0
"16/02/2023";"13:33:00";"412";"AC03 - Aci";"202,5";"BR-116/RJ";"Pista Sul";"Abalroamento Longitudinal";2;0;0;0;0;0;0;0;0;0;2;0;0;0;0
"16/02/2023";"17:01:00";"554";"AC03 - Aci";"273,5";"BR-116/RJ";"Pista Norte";"Abalroamento Longitudinal";1;0;1;0;0;0;0;0;0;0;2;0;0;0;0
"16/02/2023";"17:05:00";"555";"AC03 - Aci";"216,199";"BR-116/SP";"Pista Norte";"Engavetamento";2;0;1;0;0;0;0;0;0;0;6;0;0;0;0
"16/02/2023";"18:13:00";"604";"AC03 - Aci";"309,799";"BR-116/RJ";"Pista Norte";"Colisão Traseira";1;0;0;1;0;0;0;0;0;0;5;0;0;0;0