data;horario;n_da_ocorrencia;tipo_de_ocorrencia;km;trecho;sentido;tipo_de_acidente;automovel;bicicleta;caminhao;moto;onibus;outros;tracao_animal;transporte_de_cargas_especiais;trator_maquinas;utilitarios;ilesos;levemente_feridos;moderadamente_feridos;gravemente_feridos;mortos
"16/02/2023";"18:25:00";"613";"AC03 - Aci";"276,100";"BR-116/RJ";"Pista Sul";"Capotamento";1;0;0;0;0;1;0;0;0;0;3;0;0;0;0
"16/02/2023";"18:26:00";"616";"AC02 - Aci";"497";"BR-101/RJ";"Pista Sul";"Atropelamento de Pedestre Atravessando";0;0;0;1;0;0;0;0;0;0;0;0;2;0;0
"16/02/2023";"19:36:00";"671";"AC03 - Aci";"152";"BR-116/SP";"Pista Norte";"Engavetamento";1;0;0;0;0;3;0;0;0;0;4;0;0;0;0
"16/02/2023";"20:02:00";"684";"AC02 - Aci";"217,5";"BR-116/SP";"Pista Sul";"Choque em Barreira New Jersey";1;0;0;0;0;0;0;0;0;0;2;1;0;0;0
"16/02/2023";"20:05:00";"687";"AC03 - Aci";"57";"BR-116/SP";"Pista Sul";"Colisão Traseira";1;0;0;0;0;1;0;0;0;0;2;0;0;0;0
"16/02/2023";"20:06:00";"688";"AC02 - Aci";"196";"BR-116/SP";"Pista Norte";"Choque em Barreira New Jersey";1;0;0;0;0;0;0;0;0;0;1;1;0;0;0
"16/02/2023";"21:01:00";"715";"AC03 - Aci";"409";"BR-101/RJ";"Pista Norte";"Atropelamento de Animal";1;0;0;0;0;0;0;0;0;0;1;0;0;0;0
"16/02/2023";"21:41:00";"730";"AC02 - Aci";"146,800";"BR-116/SP";"Pista Norte";"Colisão Traseira";1;0;0;0;0;1;0;0;0;0;1;1;0;0;0
"16/02/2023";"22:35:00";"750";"AC02 - Aci";"98,5999";"BR-116/SP";"Pista Norte";"Queda de moto";0;0;0;1;0;0;0;0;0;0;0;2;0;0;0
"16/02/2023";"22:45:00";"756";"AC03 - Aci";"192";"BR-116/RJ";"Pista Norte";"Choque em Barreira New Jersey";1;0;0;0;0;0;0;0;0;0;1;0;0;0;0
"17/02/2023";"01:43:00";"30";"AC03 - Aci";"146";"BR-116/SP";"Pista Sul";"Choque em Defensa";1;0;0;0;0;0;0;0;0;0;1;0;0;0;0
"17/02/2023";"03:39:00";"55";"AC02 - Aci";"88";"BR-116/SP";"Pista Norte";"Choque em Barreira New Jersey";0;0;1;0;0;0;0;0;0;0;0;1;0;0;0
"17/02/2023";"03:42:00";"56";"AC02 - Aci";"169";"BR-116/SP";"Pista Sul";"Colisão Traseira";0;0;2;0;0;0;0;0;0;0;1;1;0;0;0
"17/02/2023";"06:38:00";"106";"AC05 - Atr";"220,600";"BR-116/SP";"Pista Norte";"Atropelamento de Pedestre Atravessando";0;0;1;1;0;0;0;0;0;0;1;0;0;0;1
"17/02/2023";"06:48:00";"118";"AC02 - Aci";"295";"BR-116/RJ";"Pista Sul";"Abalroamento Longitudinal";1;0;0;1;0;0;0;0;0;0;1;1;0;0;0
"17/02/2023";"07:24:00";"143";"AC02 - Aci";"223,600";"BR-116/SP";"Pista Norte";"Colisão Traseira";2;0;0;0;0;0;0;0;0;0;1;1;0;0;0
"17/02/2023";"07:33:00";"147";"AC03 - Aci";"147";"BR-116/SP";"Pista Norte";"Colisão Traseira";2;0;0;0;0;0;0;0;0;0;2;0;0;0;0
"17/02/2023";"07:58:00";"162";"AC02 - Aci";"146";"BR-116/SP";"Pista Sul";"Colisão Traseira";1;0;0;1;0;0;0;0;0;0;1;0;1;0;0
"17/02/2023";"08:57:00";"199";"AC02 - Aci";"138";"BR-116/SP";"Pista Sul";"Colisão Traseira";1;0;0;1;0;0;0;0;0;0;2;0;2;0;0
"17/02/2023";"11:49:00";"314";"AC03 - Aci";"211";"BR-116/SP";"Pista Norte";"Colisão Traseira";1;0;0;0;0;1;0;0;0;0;2;0;0;0;0
"17/02/2023";"13:17:00";"358";"AC01 - Aci";"475,5";"BR-101/RJ";"Pista Norte";"Colisão Frontal";1;0;0;1;0;0;0;0;0;0;1;0;0;0;1
"17/02/2023";"15:54:00";"447";"AC03 - Aci";"230";"BR-116/RJ";"Pista Norte";"Choque em objeto na pista";1;0;0;0;0;0;0;0;0;0;1;0;0;0;0
"17/02/2023";"16:06:00";"457";"AC03 - Aci";"273,200";"BR-116/RJ";"Pista Sul";"Colisão Traseira";1;0;0;0;0;1;0;0;0;0;2;0;0;0;0
"17/02/2023";"16:08:00";"459";"AC03 - Aci";"217,300";"BR-116/SP";"Pista Norte";"Colisão Traseira";2;0;0;0;0;0;0;0;0;0;2;0;0;0;0
"17/02/2023";"16:55:00";"493";"AC03 - Aci";"238,300";"BR-116/RJ";"Pista Norte";"Choque em Defensa";1;0;0;0;0;0;0;0;0;0;1;0;0;0;0
"17/02/2023";"17:52:00";"536";"AC03 - Aci";"108,900";"BR-116/SP";"Pista Norte";"Engavetamento";2;0;1;0;0;0;0;0;0;0;7;0;0;0;0
"17/02/2023";"18:34:00";"567";"AC03 - Aci";"486";"BR-101/RJ";"Pista Sul";"Abalroamento Longitudinal";2;0;0;0;0;0;0;0;0;0;4;0;0;0;0
"17/02/2023";"18:39:00";"572";"AC03 - Aci";"154";"BR-116/SP";"Pista Sul";"Engavetamento";1;0;1;1;0;0;0;0;0;0;3;0;0;0;0
"17/02/2023";"18:40:00";"573";"AC03 - Aci";"186";"BR-116/SP";"Pista Norte";"Choque em Defensa";1;0;0;0;0;0;0;0;0;0;1;0;0;0;0
"17/02/2023";"18:45:00";"576";"AC02 - Aci";"186,300";"BR-116/RJ";"Pista Norte";"Abalroamento Longitudinal";1;0;0;0;0;1;0;0;0;0;2;1;0;0;0
"17/02/2023";"19:12:00";"587";"AC02 - Aci";"281";"BR-116/RJ";"Pista Sul";"Abalroamento Longitudinal";1;0;1;0;0;0;0;0;0;0;1;1;0;0;0
"17/02/2023";"20:01:00";"610";"AC03 - Aci";"491";"BR-101/RJ";"Pista Norte";"Choque em objeto fixo";1;0;0;0;0;0;0;0;0;0;1;0;0;0;0
"17/02/2023";"20:44:00";"629";"AC03 - Aci";"180";"BR-116/SP";"Pista Norte";"Abalroamento Longitudinal";2;0;0;0;0;0;0;0;0;0;2;0;0;0;0
"17/02/2023";"21:10:00";"646";"AC03 - Aci";"42,4000";"BR-101/SP";"Pista Sul";"Choque em Barreira New Jersey";1;0;0;0;0;0;0;0;0;0;1;0;0;0;0
"17/02/2023";"21:17:00";"652";"AC02 - Aci";"99,8000";"BR-116/SP";"Pista Sul";"Engavetamento";3;0;0;0;0;0;0;0;0;0;0;2;1;0;0
"17/02/2023";"21:30:00";"658";"AC03 - Aci";"421";"BR-101/RJ";"Pista Sul";"Choque em objeto fixo";1;0;0;0;0;0;0;0;0;0;4;0;0;0;0
"17/02/2023";"23:30:00";"702";"AC03 - Aci";"182,199";"BR-116/SP";"Pista Norte";"Engavetamento";1;0;0;0;0;2;0;0;0;0;3;0;0;0;0
"17/02/2023";"23:57:00";"717";"AC03 - Aci";"226,5";"BR-116/RJ";"Pista Sul";"Choque em Barreira New Jersey";1;0;0;0;0;0;0;0;0;0;1;0;0;0;0
"18/02/2023";"00:14:00";"15";"AC04 - Atr";"134,149";"BR-116/SP";"Pista Norte";"Atropelamento de Pedestre Atravessando";0;0;1;0;0;1;0;0;0;0;1;1;0;0;0
"18/02/2023";"01:38:00";"36";"AC03 - Aci";"147,899";"BR-116/SP";"Pista Norte";"Choque em Barreira New Jersey";1;0;0;0;0;0;0;0;0;0;3;0;0;0;0
"18/02/2023";"01:58:00";"44";"AC03 - Aci";"510";"BR-101/RJ";"Pista Norte";"Colisão Traseira";2;0;0;0;0;0;0;0;0;0;3;0;0;0;0
"18/02/2023";"02:24:00";"51";"AC02 - Aci";"174";"BR-116/RJ";"Pista Norte";"Abalroamento Longitudinal";2;0;0;0;0;0;0;0;0;0;1;1;0;0;0
"18/02/2023";"02:26:00";"52";"AC02 - Aci";"196";"BR-116/RJ";"Pista Norte";"Queda de moto";0;0;0;1;0;0;0;0;0;0;1;0;1;0;0
"18/02/2023";"03:18:00";"57";"AC03 - Aci";"176,399";"BR-116/SP";"Pista Norte";"Atropelamento de Animal";1;0;0;0;0;0;0;0;0;0;3;0;0;0;0
"18/02/2023";"03:35:00";"64";"AC05 - Atr";"228,800";"BR-116/SP";"Pista Norte";"Atropelamento de Pedestre Caminhando";0;0;0;0;0;1;0;0;0;0;1;0;0;0;1
"18/02/2023";"04:05:00";"68";"AC03 - Aci";"102,800";"BR-116/SP";"Pista Norte";"Abalroamento Longitudinal";1;0;0;0;0;1;0;0;0;0;6;0;0;0;0
"18/02/2023";"05:00:00";"83";"AC02 - Aci";"196";"BR-116/RJ";"Pista Norte";"Abalroamento Longitudinal";2;0;0;0;0;0;0;0;0;0;2;2;0;0;0
"18/02/2023";"05:11:00";"85";"AC02 - Aci";"121,699";"BR-116/SP";"Pista Sul";"Choque Talude";1;0;0;0;0;0;0;0;0;0;0;1;0;0;0
"18/02/2023";"06:30:00";"117";"AC03 - Aci";"337,299";"BR-116/RJ";"Pista Sul";"Abalroamento Longitudinal";1;0;0;0;0;1;0;0;0;0;2;0;0;0;0
"18/02/2023";"06:51:00";"130";"AC02 - Aci";"161,899";"BR-116/SP";"Pista Norte";"Engavetamento";3;0;0;0;0;0;0;0;0;0;5;1;0;0;0
"18/02/2023";"06:56:00";"135";"AC03 - Aci";"134,600";"BR-116/SP";"Pista Norte";"Colisão Traseira";2;0;0;0;0;0;0;0;0;0;5;0;0;0;0
"18/02/2023";"08:49:00";"219";"AC03 - Aci";"204,5";"BR-116/SP";"Pista Norte";"Abalroamento Longitudinal";1;0;1;0;0;0;0;0;0;0;3;0;0;0;0
"18/02/2023";"09:07:00";"235";"AC02 - Aci";"131,100";"BR-116/SP";"Pista Norte";"Colisão Traseira";1;0;0;1;0;0;0;0;0;0;2;0;0;1;0
"18/02/2023";"09:14:00";"244";"AC03 - Aci";"162,399";"BR-116/SP";"Pista Norte";"Engavetamento";3;0;0;0;0;0;0;0;0;0;11;0;0;0;0
"18/02/2023";"09:43:00";"256";"AC02 - Aci";"423";"BR-101/RJ";"Pista Sul";"Engavetamento";2;0;0;0;0;1;0;0;0;0;2;2;0;0;0
"18/02/2023";"10:08:00";"272";"AC03 - Aci";"131,399";"BR-116/SP";"Pista Norte";"Colisão Traseira";2;0;0;0;0;0;0;0;0;0;2;0;0;0;0
"18/02/2023";"11:32:00";"320";"AC03 - Aci";"485";"BR-101/RJ";"Pista Sul";"Colisão Frontal";1;0;1;0;0;0;0;0;0;0;2;0;0;0;0
"18/02/2023";"12:14:00";"351";"AC03 - Aci";"471";"BR-101/RJ";"Pista Norte";"Colisão Traseira";2;0;0;0;0;0;0;0;0;0;2;0;0;0;0
"18/02/2023";"14:15:00";"424";"AC03 - Aci";"163,899";"BR-116/SP";"Pista Norte";"Engavetamento";3;0;0;0;0;0;0;0;0;0;6;0;0;0;0
"18/02/2023";"14:17:00";"428";"AC03 - Aci";"27";"BR-116/SP";"Pista Sul";"Outros";1;0;0;0;0;0;0;0;0;0;4;0;0;0;0
"18/02/2023";"14:17:00";"427";"AC03 - Aci";"218,350";"BR-116/SP";"Pista Norte";"Colisão Traseira";2;0;0;0;0;0;0;0;0;0;5;0;0;0;0
"18/02/2023";"14:32:00";"440";"AC03 - Aci";"161,899";"BR-116/SP";"Pista Norte";"Engavetamento";3;0;0;0;0;0;0;0;0;0;5;0;0;0;0
"18/02/2023";"14:48:00";"447";"AC03 - Aci";"161,300";"BR-116/SP";"Pista Norte";"Colisão Traseira";2;0;0;0;0;0;0;0;0;0;4;0;0;0;0
"18/02/2023";"15:31:00";"466";"AC03 - Aci";"521";"BR-101/RJ";"Pista Norte";"Abalroamento Longitudinal";2;0;0;0;0;0;0;0;0;0;4;0;0;0;0
"18/02/2023";"15:46:00";"478";"AC03 - Aci";"189,899";"BR-116/RJ";"Pista Norte";"Colisão Traseira";1;0;0;1;0;0;0;0;0;0;2;0;0;0;0
"18/02/2023";"16:27:00";"506";"AC03 - Aci";"204,5";"BR-116/SP";"Pista Sul";"Abalroamento Longitudinal";1;0;0;0;0;0;0;0;0;0;1;0;0;0;0
"18/02/2023";"16:29:00";"508";"AC02 - Aci";"199,300";"BR-116/RJ";"Pista Norte";"Engavetamento";4;0;0;0;0;0;0;0;0;0;5;2;0;0;0
"18/02/2023";"16:34:00";"511";"AC03 - Aci";"5";"BR-116/SP";"Pista Sul";"Capotamento";1;0;0;0;0;0;0;0;0;0;1;0;0;0;0
"18/02/2023";"17:58:00";"552";"AC03 - Aci";"129";"BR-116/SP";"Pista Norte";"Colisão Traseira";2;0;0;0;0;0;0;0;0;0;4;0;0;0;0
"18/02/2023";"18:35:00";"576";"AC03 - Aci";"335,200";"BR-116/RJ";"Pista Norte";"Abalroamento Longitudinal";2;0;0;0;0;0;0;0;0;0;5;0;0;0;0
"18/02/2023";"21:13:00";"644";"AC02 - Aci";"277,399";"BR-116/RJ";"Pista Sul";"Queda de moto";0;0;0;1;0;0;0;0;0;0;0;2;0;0;0
"18/02/2023";"22:48:00";"673";"AC03 - Aci";"223";"BR-116/SP";"Pista Sul";"Choque em Defensa";1;0;0;0;0;0;0;0;0;0;3;0;0;0;0
"18/02/2023";"23:49:00";"686";"AC03 - Aci";"532";"BR-101/RJ";"Pista Sul";"Choque em Defensa";1;0;0;0;0;0;0;0;0;0;1;0;0;0;0
"19/02/2023";"00:30:00";"17";"AC03 - Aci";"146,800";"BR-116/SP";"Pista Sul";"Colisão Traseira";2;0;0;0;0;0;0;0;0;0;4;0;0;0;0
"19/02/2023";"00:56:00";"27";"AC02 - Aci";"222";"BR-116/SP";"Pista Norte";"Choque em objeto fixo";1;0;0;0;0;0;0;0;0;0;0;1;0;0;0
"19/02/2023";"01:49:00";"43";"AC02 - Aci";"319";"BR-116/RJ";"Pista Sul";"Colisão Traseira";1;0;1;0;0;0;0;0;0;0;1;1;0;0;0
"19/02/2023";"02:27:00";"49";"AC03 - Aci";"49";"BR-116/SP";"Pista Sul";"Capotamento";1;0;0;0;0;0;0;0;0;0;2;0;0;0;0
"19/02/2023";"02:32:00";"50";"AC03 - Aci";"125,800";"BR-116/SP";"Pista Sul";"Choque em Barreira New Jersey";1;0;0;0;0;0;0;0;0;0;5;0;0;0;0
"19/02/2023";"02:37:00";"51";"AC03 - Aci";"532";"BR-101/RJ";"Pista Norte";"Colisão Frontal";2;0;1;0;0;0;0;0;0;0;4;0;0;0;0
"19/02/2023";"05:27:00";"98";"AC03 - Aci";"339";"BR-116/RJ";"Pista Sul";"Choque Talude";1;0;0;0;0;0;0;0;0;0;1;0;0;0;0
"19/02/2023";"05:28:00";"99";"AC03 - Aci";"212,899";"BR-116/SP";"Pista Sul";"Abalroamento Longitudinal";1;0;0;0;0;0;0;0;0;0;1;0;0;0;0
"19/02/2023";"05:55:00";"109";"AC03 - Aci";"211,5";"BR-116/SP";"Pista Norte";"Choque em Barreira New Jersey";1;0;0;0;0;0;0;0;0;0;1;0;0;0;0
"19/02/2023";"06:14:00";"113";"AC03 - Aci";"314";"BR-116/RJ";"Pista Sul";"Queda de moto";0;0;0;1;0;0;0;0;0;0;1;0;0;0;0
"19/02/2023";"06:21:00";"116";"AC03 - Aci";"40";"BR-101/SP";"Pista Sul";"Queda de ribanceira";1;0;0;0;0;0;0;0;0;0;1;0;0;0;0
"19/02/2023";"07:17:00";"133";"AC03 - Aci";"316";"BR-116/RJ";"Pista Norte";"Outros";1;0;0;0;0;0;0;0;0;0;2;0;0;0;0
"19/02/2023";"07:53:00";"147";"AC02 - Aci";"34,5999";"BR-116/SP";"Pista Sul";"Choque em objeto fixo";2;0;0;0;0;0;0;0;0;0;3;2;0;0;0
"19/02/2023";"08:16:00";"155";"AC02 - Aci";"241,800";"BR-116/RJ";"Pista Sul";"Queda de ribanceira";1;0;0;0;0;0;0;0;0;0;0;2;0;0;0
"19/02/2023";"08:36:00";"165";"AC02 - Aci";"224,899";"BR-116/SP";"Pista Norte";"Colisão Traseira";1;0;1;0;0;0;0;0;0;0;2;2;0;0;0
"19/02/2023";"09:01:00";"171";"AC02 - Aci";"227";"BR-116/RJ";"Pista Sul";"Tombamento";0;0;1;0;0;0;0;0;0;0;0;1;0;0;0
"19/02/2023";"09:24:00";"179";"AC03 - Aci";"227";"BR-116/RJ";"Pista Sul";"Outros";0;0;1;0;0;0;0;0;0;0;1;0;0;0;0
"19/02/2023";"10:32:00";"221";"AC02 - Aci";"18";"BR-101/SP";"Pista Norte";"Abalroamento Longitudinal";2;0;0;0;0;0;0;0;0;0;7;1;0;0;0
"19/02/2023";"11:11:00";"242";"AC03 - Aci";"417";"BR-101/RJ";"Pista Norte";"Engavetamento";4;0;1;0;0;1;0;0;0;0;6;0;0;0;0
"19/02/2023";"12:01:00";"270";"AC02 - Aci";"126";"BR-116/SP";"Pista Sul";"Choque em Defensa";1;0;0;0;0;0;0;0;0;0;0;1;0;0;0
"19/02/2023";"12:54:00";"300";"AC03 - Aci";"425";"BR-101/RJ";"Pista Norte";"Abalroamento Longitudinal";2;0;0;0;0;0;0;0;0;0;2;0;0;0;0
"19/02/2023";"14:18:00";"356";"AC03 - Aci";"236";"BR-116/RJ";"Pista Norte";"Choque em Barreira New Jersey";1;0;0;0;0;0;0;0;0;0;1;0;0;0;0
"19/02/2023";"14:27:00";"358";"AC03 - Aci";"25";"BR-101/SP";"Pista Sul";"Choque em Barreira New Jersey";1;0;0;0;0;0;0;0;0;0;1;0;0;0;0
"19/02/2023";"16:02:00";"400";"AC03 - Aci";"387";"BR-101/RJ";"Pista Sul";"Abalroamento Longitudinal";2;0;0;0;0;0;0;0;0;0;1;1;0;0;0
"19/02/2023";"17:08:00";"441";"AC04 - Atr";"48,2000";"BR-101/SP";"Pista Norte";"Atropelamento de Pedestre Atravessando";1;1;0;0;0;0;0;0;0;0;3;1;0;0;0
"19/02/2023";"17:49:00";"456";"AC04 - Atr";"544";"BR-101/RJ";"Pista Norte";"Atropelamento de Pedestre Atravessando";1;0;0;0;0;0;0;0;0;0;5;0;1;0;0
"19/02/2023";"19:51:00";"507";"AC05 - Atr";"144,300";"BR-116/SP";"Pista Sul";"Atropelamento de Pedestre Caminhando";0;0;0;0;0;1;0;0;0;0;1;0;0;0;1
"19/02/2023";"20:49:00";"525";"AC03 - Aci";"421,5";"BR-101/RJ";"Pista Sul";"Choque em Defensa";1;0;0;0;0;0;0;0;0;0;1;0;0;0;0
"19/02/2023";"21:18:00";"537";"AC03 - Aci";"176";"BR-116/RJ";"Pista Sul";"Abalroamento Longitudinal";1;0;1;0;0;0;0;0;0;0;3;0;0;0;0
"19/02/2023";"22:59:00";"566";"AC03 - Aci";"219";"BR-116/SP";"Pista Sul";"Choque em objeto fixo";1;0;0;0;0;0;0;0;0;0;4;0;0;0;0
"20/02/2023";"00:00:00";"2";"AC02 - Aci";"507";"BR-101/RJ";"Pista Norte";"Abalroamento Longitudinal";2;0;0;0;0;0;0;0;0;0;4;2;0;0;0
"20/02/2023";"00:14:00";"16";"AC01 - Aci";"61,9000";"BR-116/SP";"Pista Norte";"Queda de moto";0;0;1;1;0;0;0;0;0;0;1;0;0;0;1
"20/02/2023";"03:38:00";"45";"AC03 - Aci";"446";"BR-101/RJ";"Pista Norte";"Choque em objeto fixo";1;0;0;0;0;0;0;0;0;0;2;0;0;0;0
"20/02/2023";"08:20:00";"118";"AC03 - Aci";"564";"BR-101/RJ";"Pista Sul";"Abalroamento Longitudinal";2;0;0;0;0;0;0;0;0;0;4;0;0;0;0
"20/02/2023";"08:25:00";"121";"AC02 - Aci";"174,600";"BR-116/RJ";"Pista Sul";"Colisão Traseira";2;0;0;0;0;0;0;0;0;0;1;1;0;0;0
"20/02/2023";"08:59:00";"132";"AC02 - Aci";"139,699";"BR-116/SP";"Pista Norte";"Queda de moto";0;0;0;1;0;0;0;0;0;0;0;1;0;1;0
"20/02/2023";"09:22:00";"145";"AC03 - Aci";"220,600";"BR-116/SP";"Pista Norte";"Abalroamento Longitudinal";1;0;0;0;0;1;0;0;0;0;2;0;0;0;0
"20/02/2023";"09:38:00";"151";"AC02 - Aci";"228,199";"BR-116/SP";"Pista Sul";"Queda de moto";0;0;0;1;0;0;0;0;0;0;0;2;0;0;0
"20/02/2023";"10:01:00";"165";"AC02 - Aci";"531";"BR-101/RJ";"Pista Norte";"Choque em Defensa";1;0;0;0;0;0;0;0;0;0;3;1;0;0;0
"20/02/2023";"10:11:00";"174";"AC02 - Aci";"215,800";"BR-116/RJ";"Pista Norte";"Capotamento";1;0;0;0;0;0;0;0;0;0;0;0;0;1;0
"20/02/2023";"10:24:00";"179";"AC02 - Aci";"417";"BR-101/RJ";"Pista Sul";"Engavetamento";3;0;0;0;0;0;0;0;0;0;6;1;1;0;0
"20/02/2023";"11:31:00";"209";"AC03 - Aci";"411";"BR-101/RJ";"Pista Sul";"Abalroamento Longitudinal";1;0;0;1;0;0;0;0;0;0;2;0;0;0;0
"20/02/2023";"11:57:00";"217";"AC02 - Aci";"213";"BR-116/SP";"Pista Sul";"Engavetamento";1;0;2;0;0;0;0;0;0;0;2;3;0;0;0
"20/02/2023";"12:25:00";"233";"AC02 - Aci";"237,800";"BR-116/RJ";"Pista Norte";"Queda de moto";0;0;0;1;0;0;0;0;0;0;0;0;1;0;0
"20/02/2023";"12:32:00";"241";"AC03 - Aci";"237,800";"BR-116/RJ";"Pista Norte";"Outros";1;0;0;0;0;0;0;0;0;0;1;0;0;0;0
"20/02/2023";"15:33:00";"326";"AC03 - Aci";"145,5";"BR-116/SP";"Pista Norte";"Engavetamento";3;0;0;0;0;0;0;0;0;0;6;0;0;0;0
"20/02/2023";"16:05:00";"348";"AC02 - Aci";"186,800";"BR-116/RJ";"Pista Norte";"Colisão Traseira";1;0;1;0;0;0;0;0;0;0;1;4;0;0;0
"20/02/2023";"16:40:00";"365";"AC03 - Aci";"121,699";"BR-116/SP";"Pista Norte";"Colisão Traseira";1;0;0;0;0;1;0;0;0;0;2;0;0;0;0
"20/02/2023";"17:18:00";"388";"AC03 - Aci";"512";"BR-101/RJ";"Pista Norte";"Colisão Frontal";2;0;0;0;0;0;0;0;0;0;2;0;0;0;0
"20/02/2023";"17:19:00";"389";"AC03 - Aci";"512";"BR-101/RJ";"Pista Norte";"Outros";1;0;0;0;0;0;0;0;0;0;1;0;0;0;0
"20/02/2023";"17:42:00";"402";"AC04 - Atr";"199";"BR-116/RJ";"Pista Norte";"Atropelamento de Pedestre Atravessando";0;1;0;1;0;0;0;0;0;0;1;1;0;0;0
"20/02/2023";"17:46:00";"405";"AC03 - Aci";"210,100";"BR-116/SP";"Pista Sul";"Abalroamento Longitudinal";1;0;0;1;0;0;0;0;0;0;3;0;0;0;0
"20/02/2023";"17:53:00";"410";"AC02 - Aci";"202,300";"BR-116/SP";"Pista Norte";"Abalroamento Longitudinal";0;0;0;1;0;1;0;0;0;0;1;0;0;1;0
"20/02/2023";"17:58:00";"412";"AC03 - Aci";"580";"BR-101/RJ";"Pista Sul";"Colisão Frontal";2;0;0;0;0;0;0;0;0;0;2;0;0;0;0
"20/02/2023";"19:17:00";"449";"AC02 - Aci";"36";"BR-101/SP";"Pista Norte";"Colisão Frontal";1;0;0;1;0;0;0;0;0;0;1;0;1;0;0
"20/02/2023";"19:27:00";"455";"AC05 - Atr";"400,200";"BR-101/RJ";"Pista Sul";"Atropelamento de Pedestre Atravessando";2;0;0;0;0;0;0;0;0;0;2;0;0;0;1
"20/02/2023";"21:18:00";"515";"AC02 - Aci";"146,899";"BR-116/SP";"Pista Norte";"Abalroamento Longitudinal";1;0;1;0;0;0;0;0;0;0;1;4;0;0;0
"20/02/2023";"21:39:00";"524";"AC03 - Aci";"330,799";"BR-116/RJ";"Pista Norte";"Choque em Barreira New Jersey";1;0;0;0;0;0;0;0;0;0;1;0;0;0;0
"20/02/2023";"23:20:00";"563";"AC03 - Aci";"191";"BR-116/SP";"Pista Norte";"Choque em objeto fixo";1;0;0;0;0;0;0;0;0;0;1;0;0;0;0
"21/02/2023";"00:06:00";"13";"AC03 - Aci";"312,700";"BR-116/RJ";"Pista Sul";"Choque em Defensa";0;0;1;0;0;0;0;0;0;0;1;0;0;0;0
"21/02/2023";"02:59:00";"58";"AC03 - Aci";"180";"BR-116/SP";"Pista Norte";"Atropelamento de Animal";1;0;0;0;0;0;0;0;0;0;2;0;0;0;0
"21/02/2023";"05:58:00";"95";"AC02 - Aci";"37,7999";"BR-116/SP";"Pista Norte";"Choque em Barreira New Jersey";1;0;0;0;0;0;0;0;0;0;1;0;1;0;0
"21/02/2023";"06:21:00";"101";"AC03 - Aci";"415";"BR-101/RJ";"Pista Norte";"Choque em objeto fixo";1;0;0;0;0;0;0;0;0;0;1;0;0;0;0
"21/02/2023";"06:33:00";"104";"AC03 - Aci";"72,3000";"BR-116/SP";"Pista Norte";"Queda de ribanceira";1;0;0;0;0;0;0;0;0;0;1;0;0;0;0
"21/02/2023";"07:28:00";"127";"AC03 - Aci";"36";"BR-101/SP";"Pista Norte";"Colisão Traseira";1;0;0;0;0;1;0;0;0;0;2;0;0;0;0
"21/02/2023";"09:22:00";"165";"AC03 - Aci";"283";"BR-116/RJ";"Pista Sul";"Colisão Traseira";2;0;0;0;0;0;0;0;0;0;3;0;0;0;0
"21/02/2023";"11:17:00";"232";"AC03 - Aci";"421";"BR-101/RJ";"Pista Sul";"Colisão Traseira";1;0;0;0;0;1;0;0;0;0;2;0;0;0;0
"21/02/2023";"12:54:00";"266";"AC03 - Aci";"138,699";"BR-116/SP";"Pista Sul";"Colisão Traseira";2;0;0;0;0;0;0;0;0;0;8;0;0;0;0
"21/02/2023";"14:36:00";"329";"AC02 - Aci";"437";"BR-101/RJ";"Pista Norte";"Capotamento";1;0;0;0;0;0;0;0;0;0;0;3;0;0;0
"21/02/2023";"15:14:00";"347";"AC03 - Aci";"47,2999";"BR-116/SP";"Pista Norte";"Choque em objeto fixo";1;0;0;0;0;0;0;0;0;0;2;0;0;0;0
"21/02/2023";"15:53:00";"365";"AC03 - Aci";"442,799";"BR-101/RJ";"Pista Sul";"Capotamento";1;0;0;0;0;0;0;0;0;0;1;0;0;0;0
"21/02/2023";"16:20:00";"384";"AC03 - Aci";"123,800";"BR-116/SP";"Pista Sul";"Abalroamento Longitudinal";2;0;0;0;0;0;0;0;0;0;5;0;0;0;0
"21/02/2023";"18:34:00";"451";"AC03 - Aci";"40";"BR-101/SP";"Pista Sul";"Engavetamento";3;0;0;0;0;0;0;0;0;0;10;0;0;0;0
"21/02/2023";"19:25:00";"494";"AC03 - Aci";"530";"BR-101/RJ";"Pista Sul";"Colisão Traseira";1;0;0;0;0;1;0;0;0;0;2;0;0;0;0
"21/02/2023";"20:21:00";"534";"AC03 - Aci";"208,300";"BR-116/SP";"Pista Norte";"Choque em objeto fixo";1;0;0;0;0;0;0;0;0;0;1;0;0;0;0
"21/02/2023";"20:22:00";"535";"AC03 - Aci";"413";"BR-101/RJ";"Pista Sul";"Choque em objeto fixo";1;0;0;0;0;0;0;0;0;0;4;0;0;0;0
"21/02/2023";"21:43:00";"572";"AC03 - Aci";"222";"BR-116/SP";"Pista Norte";"Queda de moto";0;0;0;1;0;0;0;0;0;0;2;0;0;0;0
"21/02/2023";"21:46:00";"573";"AC03 - Aci";"275";"BR-116/RJ";"Pista Sul";"Colisão Frontal";1;0;0;0;0;1;0;0;0;0;3;0;0;0;0
"21/02/2023";"21:57:00";"578";"AC03 - Aci";"489";"BR-101/RJ";"Pista Sul";"Colisão Traseira";2;0;0;0;0;0;0;0;0;0;8;0;0;0;0
"21/02/2023";"21:59:00";"579";"AC04 - Atr";"58,4000";"BR-116/SP";"Pista Sul";"Atropelamento de Pedestre Caminhando";1;0;0;0;0;0;0;0;0;0;1;0;0;1;0
"21/02/2023";"22:25:00";"589";"AC02 - Aci";"264,600";"BR-116/RJ";"Pista Norte";"Choque em Barreira New Jersey";2;0;1;0;0;0;0;0;0;0;0;5;0;0;0
"21/02/2023";"22:31:00";"590";"AC02 - Aci";"575";"BR-101/RJ";"Pista Norte";"Choque em objeto fixo";1;0;0;0;0;0;0;0;0;0;0;3;0;0;0
"22/02/2023";"00:48:00";"20";"AC03 - Aci";"434";"BR-101/RJ";"Pista Sul";"Choque em objeto fixo";1;0;0;0;0;1;0;0;0;0;2;0;0;0;0
"22/02/2023";"03:07:00";"50";"AC02 - Aci";"485";"BR-101/RJ";"Pista Norte";"Choque em objeto fixo";1;0;0;0;0;0;0;0;0;0;0;2;0;0;0
"22/02/2023";"03:08:00";"51";"AC02 - Aci";"226,199";"BR-116/SP";"Pista Sul";"Colisão Traseira";0;0;2;0;0;0;0;0;0;0;1;3;0;0;0
"22/02/2023";"03:45:00";"58";"AC03 - Aci";"224,600";"BR-116/SP";"Pista Sul";"Engavetamento";1;0;2;0;0;0;0;0;0;0;3;0;0;0;0
"22/02/2023";"03:58:00";"63";"AC02 - Aci";"297";"BR-116/RJ";"Pista Sul";"Choque em objeto fixo";1;0;0;0;0;0;0;0;0;0;4;1;0;0;0