data;horario;n_da_ocorrencia;tipo_de_ocorrencia;km;trecho;sentido;tipo_de_acidente;automovel;bicicleta;caminhao;moto;onibus;outros;tracao_animal;transporte_de_cargas_especiais;trator_maquinas;utilitarios;ilesos;levemente_feridos;moderadamente_feridos;gravemente_feridos;mortos
"22/02/2023";"06:20:00";"108";"AC02 - Aci";"161";"BR-116/SP";"Pista Sul";"Colisão Traseira";0;0;0;1;0;1;0;0;0;0;1;0;1;0;0
"22/02/2023";"07:06:00";"135";"AC03 - Aci";"578,099";"BR-101/RJ";"Pista Norte";"Choque em objeto fixo";1;0;0;0;0;0;0;0;0;0;1;0;0;0;0
"22/02/2023";"07:34:00";"157";"AC03 - Aci";"223,350";"BR-116/SP";"Pista Sul";"Choque em objeto fixo";1;0;0;0;0;0;0;0;0;0;0;1;0;0;0
"22/02/2023";"07:45:00";"167";"AC02 - Aci";"282";"BR-116/RJ";"Pista Norte";"Colisão Traseira";1;0;1;0;0;0;0;0;0;0;1;1;0;0;0
"22/02/2023";"08:17:00";"189";"AC02 - Aci";"84";"BR-116/SP";"Pista Norte";"Queda de moto";0;0;0;1;0;0;0;0;0;0;0;1;0;0;0
"22/02/2023";"09:22:00";"230";"AC02 - Aci";"220";"BR-116/SP";"Pista Sul";"Queda de moto";0;0;0;1;0;0;0;0;0;0;1;0;1;0;0
"22/02/2023";"09:37:00";"239";"AC03 - Aci";"419";"BR-101/RJ";"Pista Norte";"Colisão Traseira";2;0;0;0;0;0;0;0;0;0;7;0;0;0;0
"22/02/2023";"09:58:00";"251";"AC02 - Aci";"442";"BR-101/RJ";"Pista Norte";"Queda de moto";0;0;0;1;0;0;0;0;0;0;0;1;0;0;0
"22/02/2023";"10:02:00";"253";"AC02 - Aci";"419";"BR-101/RJ";"Pista Norte";"Engavetamento";3;0;0;0;0;0;0;0;0;0;2;1;0;0;0
"22/02/2023";"10:38:00";"272";"AC03 - Aci";"324,899";"BR-116/RJ";"Pista Sul";"Colisão Traseira";2;0;0;0;0;0;0;0;0;0;6;0;0;0;0
"22/02/2023";"11:49:00";"312";"AC02 - Aci";"108,800";"BR-116/SP";"Pista Sul";"Colisão Traseira";1;0;0;1;0;0;0;0;0;0;2;0;1;0;0
"22/02/2023";"12:55:00";"353";"AC03 - Aci";"144,399";"BR-116/SP";"Pista Sul";"Engavetamento";3;0;0;0;0;1;0;0;0;0;4;0;0;0;0
"22/02/2023";"13:18:00";"364";"AC02 - Aci";"434";"BR-101/RJ";"Pista Norte";"Abalroamento Longitudinal";1;0;0;1;0;0;0;0;0;0;2;1;0;0;0
"22/02/2023";"13:41:00";"372";"AC03 - Aci";"106,900";"BR-116/SP";"Pista Sul";"Abalroamento Longitudinal";2;0;0;0;0;0;0;0;0;0;5;0;0;0;0
"22/02/2023";"13:48:00";"376";"AC02 - Aci";"48,0999";"BR-101/SP";"Pista Norte";"Queda de moto";0;0;0;1;0;0;0;0;0;0;0;1;0;0;0
"22/02/2023";"15:23:00";"428";"AC03 - Aci";"228";"BR-116/SP";"Pista Sul";"Colisão Traseira";2;0;0;0;0;0;0;0;0;0;2;0;0;0;0
"22/02/2023";"15:46:00";"444";"AC02 - Aci";"432";"BR-101/RJ";"Pista Norte";"Colisão Traseira";2;0;0;0;0;0;0;0;0;0;3;1;0;0;0
"22/02/2023";"16:22:00";"472";"AC03 - Aci";"210,199";"BR-116/SP";"Pista Sul";"Colisão Traseira";2;0;0;0;0;0;0;0;0;0;7;0;0;0;0
"22/02/2023";"17:04:00";"496";"AC03 - Aci";"105";"BR-116/SP";"Pista Sul";"Colisão Traseira";0;0;0;1;0;1;0;0;0;0;2;0;0;0;0
"22/02/2023";"17:40:00";"527";"AC03 - Aci";"154,5";"BR-116/SP";"Pista Sul";"Choque em Barreira New Jersey";1;0;0;0;0;0;0;0;0;0;3;0;0;0;0
"22/02/2023";"18:25:00";"568";"AC02 - Aci";"40,5";"BR-101/SP";"Pista Sul";"Queda de moto";0;0;0;1;0;0;0;0;0;0;1;0;1;0;0
"22/02/2023";"19:43:00";"603";"AC03 - Aci";"193";"BR-116/SP";"Pista Sul";"Choque em objeto fixo";1;0;0;0;0;0;0;0;0;0;2;0;0;0;0
"22/02/2023";"19:54:00";"608";"AC02 - Aci";"214,600";"BR-116/SP";"Pista Sul";"Queda de moto";0;0;0;1;0;0;0;0;0;0;0;1;0;0;0
"22/02/2023";"20:12:00";"618";"AC03 - Aci";"285,200";"BR-116/RJ";"Pista Norte";"Choque em Barreira New Jersey";1;0;0;0;0;0;0;0;0;0;1;0;0;0;0
"23/02/2023";"02:53:00";"37";"AC02 - Aci";"4,15000";"BR-116/SP";"Pista Norte";"Tombamento";0;0;2;0;0;0;0;0;0;0;3;1;0;0;0
"23/02/2023";"06:38:00";"95";"AC02 - Aci";"80,6999";"BR-116/SP";"Pista Norte";"Queda de moto";0;0;0;1;0;0;0;0;0;0;1;1;0;0;0
"23/02/2023";"08:01:00";"171";"AC02 - Aci";"174";"BR-116/RJ";"Pista Norte";"Engavetamento";3;0;0;0;0;0;0;0;0;0;3;1;0;0;0
"23/02/2023";"09:09:00";"216";"AC02 - Aci";"38,2999";"BR-116/SP";"Pista Sul";"Colisão Traseira";2;0;0;0;0;0;0;0;0;0;5;2;0;0;0
"23/02/2023";"10:24:00";"272";"AC03 - Aci";"434";"BR-101/RJ";"Pista Norte";"Colisão Traseira";2;0;0;0;0;0;0;0;0;0;8;0;0;0;0
"23/02/2023";"10:26:00";"275";"AC02 - Aci";"68";"BR-116/SP";"Pista Sul";"Abalroamento Longitudinal";0;0;0;1;0;1;0;0;0;0;1;1;0;0;0
"23/02/2023";"12:29:00";"350";"AC02 - Aci";"172,800";"BR-116/RJ";"Pista Sul";"Colisão Traseira";1;0;0;1;0;0;0;0;0;0;1;0;1;0;0
"23/02/2023";"13:16:00";"383";"AC02 - Aci";"308,899";"BR-116/RJ";"Pista Sul";"Choque em objeto fixo";1;0;0;0;0;0;0;0;0;0;0;1;0;0;0
"23/02/2023";"13:23:00";"388";"AC03 - Aci";"80,1999";"BR-116/SP";"Pista Sul";"Colisão Traseira";1;0;0;0;0;1;0;0;0;0;2;0;0;0;0
"23/02/2023";"14:01:00";"406";"AC03 - Aci";"432,899";"BR-101/RJ";"Pista Norte";"Colisão Traseira";2;0;0;0;0;0;0;0;0;0;3;0;0;0;0
"23/02/2023";"14:01:00";"407";"AC02 - Aci";"195,100";"BR-116/SP";"Pista Norte";"Colisão Traseira";0;0;2;0;0;0;0;0;0;0;1;0;1;0;0
"23/02/2023";"14:25:00";"426";"AC02 - Aci";"212,699";"BR-116/SP";"Pista Norte";"Queda de moto";0;0;0;1;0;0;0;0;0;0;1;1;0;0;0
"23/02/2023";"15:15:00";"457";"AC03 - Aci";"221,5";"BR-116/SP";"Pista Norte";"Colisão Traseira";1;0;1;0;0;0;0;0;0;0;3;0;0;0;0
"23/02/2023";"16:05:00";"489";"AC03 - Aci";"430";"BR-101/RJ";"Pista Sul";"Choque em Barreira New Jersey";1;0;0;0;0;0;0;0;0;0;1;0;0;0;0
"23/02/2023";"17:31:00";"543";"AC03 - Aci";"229,399";"BR-116/RJ";"Pista Norte";"Choque Talude";0;0;1;0;0;0;0;0;0;0;1;0;0;0;0
"23/02/2023";"17:41:00";"549";"AC03 - Aci";"287,299";"BR-116/RJ";"Pista Norte";"Abalroamento Longitudinal";1;0;1;0;0;0;0;0;0;0;3;0;0;0;0
"23/02/2023";"18:23:00";"580";"AC03 - Aci";"191,699";"BR-116/SP";"Pista Norte";"Choque Talude";1;0;0;0;0;0;0;0;0;0;2;0;0;0;0
"23/02/2023";"19:23:00";"618";"AC03 - Aci";"185,300";"BR-116/RJ";"Pista Norte";"Colisão Traseira";2;0;0;0;0;0;0;0;0;0;2;0;0;0;0
"23/02/2023";"19:38:00";"626";"AC03 - Aci";"220";"BR-116/SP";"Pista Norte";"Abalroamento Longitudinal";2;0;1;0;0;0;0;0;0;0;3;0;0;0;0
"23/02/2023";"20:24:00";"657";"AC02 - Aci";"50,5";"BR-101/SP";"Pista Sul";"Atropelamento de Pedestre Atravessando";0;1;0;1;0;0;0;0;0;0;1;1;0;0;0
"23/02/2023";"21:28:00";"679";"AC02 - Aci";"309,5";"BR-116/RJ";"Pista Norte";"Colisão Traseira";2;0;0;0;0;0;0;0;0;0;2;1;0;0;0
"23/02/2023";"22:38:00";"706";"AC02 - Aci";"174";"BR-116/RJ";"Pista Sul";"Colisão Traseira";2;0;0;0;0;0;0;0;0;0;1;3;0;0;0
"23/02/2023";"23:46:00";"729";"AC03 - Aci";"496";"BR-101/RJ";"Pista Norte";"Choque em objeto fixo";1;0;0;0;0;0;0;0;0;0;1;0;0;0;0
"24/02/2023";"01:42:00";"26";"AC03 - Aci";"393";"BR-101/RJ";"Pista Sul";"Atropelamento de Animal";1;0;0;0;0;0;0;0;0;0;1;0;0;0;0
"24/02/2023";"03:01:00";"40";"AC03 - Aci";"245,899";"BR-116/RJ";"Pista Norte";"Choque em Barreira New Jersey";0;0;0;0;0;1;0;0;0;0;1;0;0;0;0
"24/02/2023";"03:45:00";"44";"AC03 - Aci";"245,899";"BR-116/RJ";"Pista Sul";"Choque em objeto na pista";0;0;1;0;0;0;0;0;0;0;1;0;0;0;0
"24/02/2023";"04:06:00";"47";"AC05 - Atr";"69,9000";"BR-116/SP";"Pista Norte";"Atropelamento de Pedestre Caminhando";0;0;0;0;0;1;0;0;0;0;1;0;0;0;1
"24/02/2023";"05:23:00";"67";"AC04 - Atr";"187,600";"BR-116/RJ";"Pista Norte";"Atropelamento de Pedestre Caminhando";0;0;0;0;0;1;0;0;0;0;1;0;0;1;0
"24/02/2023";"06:43:00";"110";"AC03 - Aci";"146,600";"BR-116/SP";"Pista Norte";"Colisão Traseira";1;0;1;0;0;0;0;0;0;0;3;0;0;0;0
"24/02/2023";"08:47:00";"211";"AC02 - Aci";"227,800";"BR-116/SP";"Pista Sul";"Engavetamento";3;0;0;1;0;0;0;0;0;0;2;2;0;0;0
"24/02/2023";"10:19:00";"284";"AC03 - Aci";"32,7999";"BR-116/SP";"Pista Norte";"Colisão Traseira";1;0;1;0;0;0;0;0;0;0;2;0;0;0;0
"24/02/2023";"11:03:00";"309";"AC03 - Aci";"408,5";"BR-101/RJ";"Pista Sul";"Atropelamento de Animal";1;0;0;0;0;0;0;0;0;0;1;0;0;0;0
"24/02/2023";"12:03:00";"339";"AC04 - Atr";"147,800";"BR-116/SP";"Pista Sul";"Atropelamento de Pedestre Caminhando";1;1;0;0;0;0;0;0;0;0;1;0;1;0;0
"24/02/2023";"13:16:00";"371";"AC03 - Aci";"224,100";"BR-116/SP";"Pista Sul";"Abalroamento Longitudinal";1;0;1;0;0;0;0;0;0;0;2;0;0;0;0
"24/02/2023";"14:24:00";"413";"AC02 - Aci";"427";"BR-101/RJ";"Pista Norte";"Engavetamento";1;0;0;0;0;2;0;0;0;0;2;1;0;0;0
"24/02/2023";"15:19:00";"443";"AC03 - Aci";"320,700";"BR-116/RJ";"Pista Norte";"Colisão Traseira";1;0;1;0;0;0;0;0;0;0;4;0;0;0;0
"24/02/2023";"17:28:00";"518";"AC02 - Aci";"200";"BR-116/RJ";"Pista Sul";"Capotamento";1;0;0;0;0;0;0;0;0;0;0;2;1;0;0
"24/02/2023";"17:54:00";"532";"AC02 - Aci";"144";"BR-116/SP";"Pista Norte";"Queda de moto";0;0;0;1;0;0;0;0;0;0;0;0;1;0;0
"24/02/2023";"19:27:00";"588";"AC03 - Aci";"579";"BR-101/RJ";"Pista Sul";"Colisão Traseira";1;0;0;0;0;1;0;0;0;0;2;0;0;0;0
"24/02/2023";"20:28:00";"614";"AC03 - Aci";"142,800";"BR-116/SP";"Pista Sul";"Colisão Traseira";1;0;0;0;0;1;0;0;0;0;2;0;0;0;0
"24/02/2023";"20:30:00";"615";"AC02 - Aci";"417";"BR-101/RJ";"Pista Sul";"Colisão Frontal";2;0;0;0;0;0;0;0;0;0;0;0;3;1;0
"24/02/2023";"21:13:00";"634";"AC03 - Aci";"64";"BR-116/SP";"Pista Norte";"Choque em objeto fixo";1;0;0;0;0;0;0;0;0;0;2;0;0;0;0
"24/02/2023";"22:22:00";"660";"AC02 - Aci";"304";"BR-116/RJ";"Pista Norte";"Colisão Traseira";1;0;1;0;0;0;0;0;0;0;4;1;0;0;0
"24/02/2023";"22:41:00";"665";"AC03 - Aci";"225";"BR-116/SP";"Pista Norte";"Choque em objeto fixo";1;0;0;0;0;0;0;0;0;0;1;0;0;0;0
"24/02/2023";"22:54:00";"669";"AC02 - Aci";"215";"BR-116/SP";"Pista Sul";"Choque em Barreira New Jersey";0;0;0;1;0;0;0;0;0;0;0;0;0;1;0
"24/02/2023";"23:32:00";"677";"AC02 - Aci";"56,2000";"BR-116/SP";"Pista Sul";"Queda de ribanceira";0;0;1;0;0;0;0;0;0;0;0;1;0;0;0
"25/02/2023";"01:30:00";"35";"AC03 - Aci";"522";"BR-101/RJ";"Pista Norte";"Choque em objeto fixo";1;0;0;0;0;0;0;0;0;0;1;0;0;0;0
"25/02/2023";"02:12:00";"41";"AC02 - Aci";"209,899";"BR-116/SP";"Pista Sul";"Choque em Barreira New Jersey";0;0;0;1;0;0;0;0;0;0;0;0;0;1;0
"25/02/2023";"13:57:00";"341";"AC02 - Aci";"128,300";"BR-116/SP";"Pista Sul";"Colisão Traseira";1;0;1;0;0;0;0;0;0;0;1;1;0;0;0
"25/02/2023";"16:01:00";"419";"AC03 - Aci";"230,100";"BR-116/SP";"Pista Norte";"Engavetamento";3;0;0;0;0;0;0;0;0;0;3;0;0;0;0
"25/02/2023";"19:31:00";"526";"AC04 - Atr";"506";"BR-101/RJ";"Pista Sul";"Atropelamento de Pedestre Atravessando";1;0;0;0;0;0;0;0;0;0;1;1;0;0;0
"25/02/2023";"19:31:00";"527";"AC04 - Atr";"193";"BR-116/RJ";"Pista Norte";"Atropelamento de Pedestre Atravessando";1;0;0;0;0;0;0;0;0;0;1;0;0;1;0
"25/02/2023";"19:52:00";"534";"AC03 - Aci";"267";"BR-116/RJ";"Pista Norte";"Atropelamento de Animal";1;0;0;0;0;0;0;0;0;0;4;0;0;0;0
"26/02/2023";"07:21:00";"83";"AC02 - Aci";"176,399";"BR-116/RJ";"Pista Sul";"Colisão Traseira";1;0;0;1;0;0;0;0;0;0;2;1;0;0;0
"26/02/2023";"08:52:00";"114";"AC02 - Aci";"183";"BR-116/RJ";"Pista Sul";"Abalroamento Longitudinal";1;0;0;1;0;0;0;0;0;0;1;1;0;0;0
"26/02/2023";"08:53:00";"115";"AC02 - Aci";"229";"BR-116/SP";"Pista Sul";"Choque em Barreira New Jersey";1;0;0;0;0;0;0;0;0;0;0;0;1;0;0
"26/02/2023";"11:26:00";"185";"AC02 - Aci";"423";"BR-101/RJ";"Pista Norte";"Colisão Frontal";1;0;0;1;0;0;0;0;0;0;3;0;0;1;0
"26/02/2023";"11:34:00";"192";"AC02 - Aci";"471";"BR-101/RJ";"Pista Norte";"Colisão Traseira";1;0;0;1;0;0;0;0;0;0;1;1;0;0;0
"26/02/2023";"14:23:00";"262";"AC03 - Aci";"37";"BR-116/SP";"Pista Sul";"Choque em objeto fixo";1;0;0;0;0;0;0;0;0;0;2;0;0;0;0
"26/02/2023";"16:41:00";"332";"AC02 - Aci";"103,099";"BR-116/SP";"Pista Sul";"Engavetamento";3;0;0;0;0;0;0;0;0;0;8;1;0;0;0
"26/02/2023";"17:51:00";"383";"AC03 - Aci";"295,299";"BR-116/RJ";"Pista Norte";"Choque em objeto fixo";1;0;0;0;0;0;0;0;0;0;2;0;0;0;0
"26/02/2023";"20:03:00";"459";"AC02 - Aci";"230,149";"BR-116/SP";"Pista Norte";"Colisão Traseira";1;0;0;1;0;0;0;0;0;0;1;1;0;0;0
"26/02/2023";"20:56:00";"476";"AC02 - Aci";"172,300";"BR-116/RJ";"Pista Sul";"Queda de moto";0;0;0;1;0;0;0;0;0;0;0;1;0;0;0
"26/02/2023";"21:05:00";"480";"AC02 - Aci";"216,899";"BR-116/SP";"Pista Sul";"Abalroamento Longitudinal";0;0;0;1;0;1;0;0;0;0;1;1;0;0;0
"27/02/2023";"02:28:00";"36";"AC02 - Aci";"55,7999";"BR-116/SP";"Pista Norte";"Tombamento";0;0;0;0;1;0;0;0;0;0;0;8;0;0;0
"27/02/2023";"03:17:00";"42";"AC01 - Aci";"184,5";"BR-116/RJ";"Pista Sul";"Engavetamento";2;0;1;0;0;0;0;0;0;0;5;0;0;0;1
"27/02/2023";"04:52:00";"57";"AC03 - Aci";"270,100";"BR-116/RJ";"Pista Norte";"Colisão Traseira";0;0;1;0;1;0;0;0;0;0;16;0;0;0;0
"27/02/2023";"06:49:00";"105";"AC02 - Aci";"183";"BR-116/RJ";"Pista Sul";"Engavetamento";4;0;0;1;0;0;0;0;0;0;3;2;0;0;0
"27/02/2023";"06:56:00";"110";"AC03 - Aci";"472,600";"BR-101/RJ";"Pista Norte";"Choque em Defensa";1;0;0;0;0;0;0;0;0;0;1;0;0;0;0
"27/02/2023";"07:02:00";"116";"AC02 - Aci";"247";"BR-116/RJ";"Pista Sul";"Abalroamento Longitudinal";2;0;0;0;0;0;0;0;0;0;1;1;0;0;0
"27/02/2023";"07:07:00";"124";"AC03 - Aci";"336";"BR-116/RJ";"Pista Norte";"Choque em objeto fixo";1;0;0;0;0;0;0;0;0;0;1;0;0;0;0
"27/02/2023";"07:08:00";"127";"AC03 - Aci";"220,100";"BR-116/SP";"Pista Sul";"Colisão Traseira";1;0;1;0;0;0;0;0;0;0;3;0;0;0;0
"27/02/2023";"07:16:00";"133";"AC03 - Aci";"202,600";"BR-116/RJ";"Pista Sul";"Choque em Defensa";1;0;0;0;0;0;0;0;0;0;1;0;0;0;0
"27/02/2023";"07:57:00";"159";"AC02 - Aci";"165";"BR-116/SP";"Pista Norte";"Queda de moto";0;0;0;1;0;0;0;0;0;0;0;1;0;0;0
"27/02/2023";"09:09:00";"213";"AC02 - Aci";"101,900";"BR-116/SP";"Pista Sul";"Queda de moto";0;0;0;1;0;0;0;0;0;0;0;0;2;0;0
"27/02/2023";"09:10:00";"214";"AC03 - Aci";"140,699";"BR-116/SP";"Pista Norte";"Engavetamento";3;0;0;0;0;0;0;0;0;0;5;0;0;0;0
"27/02/2023";"10:49:00";"280";"AC02 - Aci";"130,5";"BR-116/SP";"Pista Norte";"Capotamento";1;0;0;0;0;0;0;0;0;0;1;1;0;0;0
"27/02/2023";"11:07:00";"294";"AC02 - Aci";"228";"BR-116/SP";"Pista Sul";"Colisão Traseira";1;0;1;0;0;0;0;0;0;0;2;1;0;0;0
"27/02/2023";"11:59:00";"317";"AC03 - Aci";"418";"BR-101/RJ";"Pista Sul";"Choque em objeto fixo";0;0;1;0;0;0;0;0;0;0;1;0;0;0;0
"27/02/2023";"12:32:00";"334";"AC02 - Aci";"93,8000";"BR-116/SP";"Pista Norte";"Choque em Barreira New Jersey";0;0;0;1;0;0;0;0;0;0;0;0;1;0;0
"27/02/2023";"14:39:00";"391";"AC03 - Aci";"324";"BR-116/RJ";"Pista Norte";"Colisão Traseira";1;0;1;0;0;0;0;0;0;0;3;0;0;0;0
"27/02/2023";"15:39:00";"417";"AC03 - Aci";"566";"BR-101/RJ";"Pista Norte";"Queda de ribanceira";1;0;0;0;0;0;0;0;0;0;2;0;0;0;0
"27/02/2023";"17:05:00";"468";"AC03 - Aci";"36,5999";"BR-116/SP";"Pista Sul";"Choque em Barreira New Jersey";1;0;0;0;0;0;0;0;0;0;1;0;0;0;0
"27/02/2023";"17:08:00";"470";"AC03 - Aci";"69,3000";"BR-116/SP";"Pista Norte";"Colisão Traseira";2;0;0;0;0;0;0;0;0;0;2;0;0;0;0
"27/02/2023";"17:26:00";"479";"AC03 - Aci";"219";"BR-116/SP";"Pista Norte";"Abalroamento Longitudinal";1;0;1;0;0;0;0;0;0;0;2;0;0;0;0
"27/02/2023";"18:51:00";"533";"AC02 - Aci";"389";"BR-101/RJ";"Pista Norte";"Abalroamento Longitudinal";1;0;0;1;0;1;0;0;0;0;4;0;1;0;0
"27/02/2023";"18:52:00";"535";"AC03 - Aci";"515";"BR-101/RJ";"Pista Sul";"Choque em objeto fixo";1;0;0;0;0;0;0;0;0;0;1;0;0;0;0
"27/02/2023";"19:51:00";"551";"AC02 - Aci";"163";"BR-116/SP";"Pista Sul";"Abalroamento Longitudinal";1;0;1;0;0;0;0;0;0;0;2;1;0;0;0
"27/02/2023";"20:35:00";"567";"AC03 - Aci";"310";"BR-116/RJ";"Pista Norte";"Colisão Traseira";2;0;0;0;0;0;0;0;0;0;8;0;0;0;0
"27/02/2023";"21:42:00";"590";"AC02 - Aci";"323,049";"BR-116/RJ";"Pista Sul";"Tombamento";0;0;1;0;0;0;0;0;0;0;0;0;0;1;0
"27/02/2023";"22:57:00";"610";"AC03 - Aci";"429";"BR-101/RJ";"Pista Norte";"Choque em objeto fixo";1;0;0;0;0;0;0;0;0;0;1;0;0;0;0
"28/02/2023";"01:05:00";"19";"AC03 - Aci";"225,300";"BR-116/RJ";"Pista Norte";"Tombamento";0;0;1;0;0;0;0;0;0;0;1;0;0;0;0
"28/02/2023";"03:19:00";"31";"AC03 - Aci";"237";"BR-116/RJ";"Pista Norte";"Choque em Barreira New Jersey";0;0;1;0;0;0;0;0;0;0;1;0;0;0;0
"28/02/2023";"06:31:00";"67";"AC02 - Aci";"133";"BR-116/SP";"Pista Norte";"Queda de moto";0;0;0;1;0;0;0;0;0;0;0;0;1;0;0
"28/02/2023";"06:44:00";"74";"AC03 - Aci";"207,100";"BR-116/SP";"Pista Sul";"Colisão Traseira";1;0;0;1;0;0;0;0;0;0;3;0;0;0;0
"28/02/2023";"06:49:00";"76";"AC02 - Aci";"219,899";"BR-116/SP";"Pista Sul";"Abalroamento Longitudinal";0;0;0;1;0;1;0;0;0;0;1;0;1;1;0
"28/02/2023";"06:59:00";"84";"AC02 - Aci";"220,399";"BR-116/SP";"Pista Sul";"Abalroamento Longitudinal";1;0;0;1;0;0;0;0;0;0;1;2;0;0;0
"28/02/2023";"07:06:00";"90";"AC02 - Aci";"173";"BR-116/RJ";"Pista Norte";"Colisão Traseira";1;0;0;1;0;0;0;0;0;0;2;1;0;0;0
"28/02/2023";"08:28:00";"145";"AC03 - Aci";"208";"BR-116/SP";"Pista Sul";"Abalroamento Longitudinal";0;0;0;1;0;1;0;0;0;0;2;0;0;0;0
"28/02/2023";"09:36:00";"191";"AC03 - Aci";"209,899";"BR-116/SP";"Pista Sul";"Colisão Traseira";1;0;0;0;0;1;0;0;0;0;2;0;0;0;0
"28/02/2023";"10:19:00";"210";"AC03 - Aci";"178,800";"BR-116/RJ";"Pista Norte";"Colisão Traseira";2;0;0;0;0;0;0;0;0;0;5;0;0;0;0
"28/02/2023";"10:22:00";"211";"AC03 - Aci";"204,5";"BR-116/SP";"Pista Sul";"Queda de moto";0;0;0;1;0;0;0;0;0;0;1;0;0;0;0
"28/02/2023";"11:33:00";"244";"AC03 - Aci";"302";"BR-116/RJ";"Pista Sul";"Outros";0;0;1;0;0;0;0;0;0;0;1;0;0;0;0
"28/02/2023";"12:42:00";"285";"AC03 - Aci";"310";"BR-116/RJ";"Pista Sul";"Colisão Traseira";1;0;1;0;0;0;0;0;0;0;2;0;0;0;0
"28/02/2023";"13:21:00";"303";"AC03 - Aci";"283,399";"BR-116/RJ";"Pista Sul";"Abalroamento Longitudinal";1;0;1;0;0;0;0;0;0;0;2;0;0;0;0
"28/02/2023";"13:58:00";"321";"AC02 - Aci";"311";"BR-116/RJ";"Pista Norte";"Queda de moto";0;0;0;1;0;0;0;0;0;0;0;1;0;0;0
"28/02/2023";"14:09:00";"327";"AC03 - Aci";"312,899";"BR-116/RJ";"Pista Norte";"Colisão Traseira";1;0;0;0;1;0;0;0;0;0;2;0;0;0;0
"28/02/2023";"14:34:00";"343";"AC03 - Aci";"312,200";"BR-116/RJ";"Pista Norte";"Colisão Traseira";2;0;0;0;0;0;0;0;0;0;2;0;0;0;0
"28/02/2023";"15:25:00";"377";"AC02 - Aci";"59";"BR-116/SP";"Pista Sul";"Queda de moto";0;0;0;1;0;1;0;0;0;0;1;1;0;0;0
"28/02/2023";"15:28:00";"380";"AC02 - Aci";"462";"BR-101/RJ";"Pista Sul";"Abalroamento Longitudinal";1;0;1;0;0;0;0;0;0;0;1;2;0;0;0
"28/02/2023";"16:27:00";"417";"AC03 - Aci";"14";"BR-101/SP";"Pista Sul";"Queda de ribanceira";1;0;0;0;0;0;0;0;0;0;3;0;0;0;0
"28/02/2023";"16:37:00";"422";"AC02 - Aci";"214,800";"BR-116/SP";"Pista Norte";"Engavetamento";3;0;0;0;0;0;0;0;0;0;2;1;0;0;0
"28/02/2023";"17:39:00";"457";"AC02 - Aci";"308";"BR-116/RJ";"Pista Norte";"Colisão Traseira";1;0;1;0;0;0;0;0;0;0;1;3;1;0;0
"28/02/2023";"17:48:00";"459";"AC03 - Aci";"328,700";"BR-116/RJ";"Pista Norte";"Choque em objeto na pista";3;0;0;0;0;0;0;0;0;0;3;0;0;0;0
"28/02/2023";"18:06:00";"470";"AC02 - Aci";"515";"BR-101/RJ";"Pista Sul";"Capotamento";2;0;0;0;0;0;0;0;0;0;0;3;0;0;0
"28/02/2023";"18:09:00";"473";"AC03 - Aci";"157";"BR-116/SP";"Pista Sul";"Colisão Traseira";1;0;0;0;0;1;0;0;0;0;3;0;0;0;0
"28/02/2023";"18:59:00";"509";"AC02 - Aci";"123,099";"BR-116/SP";"Pista Norte";"Engavetamento";1;0;0;1;1;0;0;0;0;0;30;1;0;0;0
"28/02/2023";"20:12:00";"555";"AC02 - Aci";"50";"BR-101/SP";"Pista Norte";"Queda de moto";0;0;0;1;0;0;0;0;0;0;0;1;0;0;0
"28/02/2023";"20:24:00";"562";"AC03 - Aci";"287";"BR-116/RJ";"Pista Sul";"Abalroamento Longitudinal";1;0;2;0;0;0;0;0;0;0;3;0;0;0;0
"28/02/2023";"20:41:00";"575";"AC03 - Aci";"304";"BR-116/RJ";"Pista Norte";"Colisão Traseira";1;0;1;0;0;0;0;0;0;0;2;0;0;0;0
"28/02/2023";"21:18:00";"589";"AC03 - Aci";"221";"BR-116/RJ";"Pista Sul";"Atropelamento de Animal";1;0;0;0;0;0;0;0;0;0;1;0;0;0;0
"28/02/2023";"21:40:00";"599";"AC03 - Aci";"305,399";"BR-116/RJ";"Pista Norte";"Colisão Traseira";0;0;2;0;0;0;0;0;0;0;2;0;0;0;0
"28/02/2023";"22:41:00";"629";"AC03 - Aci";"308,799";"BR-116/RJ";"Pista Sul";"Abalroamento Longitudinal";1;0;1;0;0;0;0;0;0;0;2;0;0;0;0
"28/02/2023";"23:55:00";"654";"AC03 - Aci";"523";"BR-101/RJ";"Pista Sul";"Capotamento";1;0;0;0;0;0;0;0;0;0;1;0;0;0;0
"01/03/2023";"02:29:00";"48";"Acidente s";"230";"BR-116/RJ";"Pista Sul";"Atropelamento de animal";0;0;0;0;0;0;0;0;1;0;2;0;0;0;0
"01/03/2023";"03:02:00";"53";"Acidente c";"168";"BR-116/SP";"Pista Norte";"Colisão traseira";1;0;0;0;0;0;0;0;1;0;0;2;0;0;0
"01/03/2023";"06:18:00";"111";"Acidente c";"481";"BR-101/RJ";"Pista Norte";"Choque em objeto fixo";0;0;0;0;0;0;0;0;1;0;0;1;0;0;0
"01/03/2023";"06:53:00";"138";"Acidente s";"56";"BR-116/SP";"Pista Norte";"Colisão traseira";0;0;0;0;0;0;0;0;1;1;2;0;0;0;0
"01/03/2023";"07:32:00";"169";"Acidente s";"56";"BR-116/SP";"Pista Norte";"Choque em objeto fixo";0;0;0;0;0;0;0;0;1;0;1;0;0;0;0
"01/03/2023";"08:21:00";"206";"Acidente c";"228,3";"BR-116/SP";"Pista Sul";"Abalroamento longitudinal";0;1;0;0;0;0;0;0;1;0;1;1;0;0;0
"01/03/2023";"10:05:00";"279";"Acidente c";"456";"BR-101/RJ";"Pista Norte";"Abalroamento longitudinal";1;1;0;0;0;0;0;0;0;0;3;1;0;0;0
"01/03/2023";"10:20:00";"291";"Acidente c";"411,5";"BR-101/RJ";"Pista Sul";"Colisão traseira";0;1;0;0;0;0;0;0;1;0;1;1;0;0;0
"01/03/2023";"11:24:00";"326";"Acidente s";"168";"BR-116/SP";"Pista Sul";"Choque em objeto fixo";1;0;0;0;0;0;0;0;0;0;1;0;0;0;0
"01/03/2023";"12:14:00";"351";"Acidente s";"57,8";"BR-116/SP";"Pista Sul";"Colisão traseira";0;0;0;0;0;0;0;0;1;1;2;0;0;0;0
"01/03/2023";"12:15:00";"352";"Acidente c";"487";"BR-101/RJ";"Pista Norte";"Abalroamento longitudinal";0;1;0;0;0;0;0;0;1;0;1;1;0;0;0
"01/03/2023";"13:16:00";"379";"Acidente c";"188,5";"BR-116/SP";"Pista Norte";"Colisão traseira";0;1;0;0;0;0;0;0;1;0;1;0;0;1;1