data;horario;n_da_ocorrencia;tipo_de_ocorrencia;km;trecho;sentido;tipo_de_acidente;automovel;bicicleta;caminhao;moto;onibus;outros;tracao_animal;transporte_de_cargas_especiais;trator_maquinas;utilitarios;ilesos;levemente_feridos;moderadamente_feridos;gravemente_feridos;mortos
"01/03/2023";"14:11:00";"407";"Atropelame";"233,15";"BR-116/RJ";"Pista Norte";"Atropelamento de pedestre caminhando";0;0;0;0;0;0;0;0;0;0;0;0;0;0;1
"01/03/2023";"15:30:00";"448";"Acidente s";"156,7";"BR-116/SP";"Pista Norte";"Abalroamento longitudinal";1;0;0;0;0;0;0;0;1;0;3;0;0;0;0
"01/03/2023";"15:48:00";"455";"Acidente c";"188,4";"BR-116/SP";"Pista Sul";"Colisão traseira";2;0;0;0;0;0;0;0;0;0;1;1;0;0;0
"01/03/2023";"15:59:00";"466";"Acidente s";"57";"BR-116/SP";"Pista Norte";"Colisão traseira";0;0;0;0;0;0;0;0;2;0;5;2;0;0;0
"01/03/2023";"16:19:00";"477";"Acidente s";"158,4";"BR-116/SP";"Pista Norte";"Colisão traseira";0;0;0;0;0;0;0;0;1;1;2;0;0;0;0
"01/03/2023";"17:27:00";"519";"Acidente c";"220,5";"BR-116/SP";"Pista Norte";"Colisão traseira";1;0;0;0;0;0;0;0;1;0;1;1;0;0;0
"01/03/2023";"19:26:00";"595";"Acidente s";"103,9";"BR-116/SP";"Pista Sul";"Colisão traseira";1;0;0;0;0;1;0;0;0;0;0;0;0;0;0
"01/03/2023";"19:55:00";"608";"Acidente c";"154,3";"BR-116/SP";"Pista Sul";"Colisão traseira";1;0;0;0;0;0;0;0;1;0;1;1;0;0;0
"01/03/2023";"21:17:00";"650";"Acidente c";"153";"BR-116/SP";"Pista Sul";"Queda de moto";0;1;0;0;0;0;0;0;0;0;0;1;0;0;0
"01/03/2023";"22:00:00";"664";"Acidente s";"524,6";"BR-101/RJ";"Pista Norte";"Choque em objeto fixo";0;0;0;0;0;0;0;0;1;0;1;0;0;0;0
"02/03/2023";"05:52:00";"64";"Acidente c";"228";"BR-116/SP";"Pista Sul";"Abalroamento longitudinal";0;1;0;0;0;0;0;0;0;1;1;2;0;0;0
"02/03/2023";"07:16:00";"121";"Acidente c";"35,1";"BR-116/SP";"Pista Norte";"Abalroamento longitudinal";1;0;0;0;0;0;0;0;1;0;2;2;2;0;0
"02/03/2023";"09:01:00";"195";"Acidente c";"131,8";"BR-116/SP";"Pista Sul";"Abalroamento longitudinal";1;1;0;0;0;0;0;0;0;0;2;1;1;0;0
"02/03/2023";"09:38:00";"217";"Acidente s";"219";"BR-116/SP";"Pista Sul";"Abalroamento longitudinal";0;0;0;0;0;0;0;0;2;0;0;0;0;0;0
"02/03/2023";"10:50:00";"259";"Acidente c";"289,7";"BR-116/RJ";"Pista Norte";"Capotamento";0;0;0;0;0;0;0;0;1;0;0;0;1;0;0
"02/03/2023";"12:13:00";"311";"Acidente c";"228,6";"BR-116/RJ";"Pista Norte";"Tombamento";1;0;0;0;0;0;0;0;0;0;0;2;0;0;0
"02/03/2023";"12:22:00";"316";"Acidente s";"420";"BR-101/RJ";"Pista Sul";"Choque em objeto fixo";0;0;0;0;0;0;0;0;1;0;0;0;0;0;0
"02/03/2023";"13:49:00";"370";"Acidente s";"116,6";"BR-116/SP";"Pista Sul";"Colisão traseira";1;0;0;0;0;1;0;0;0;0;5;0;0;0;0
"02/03/2023";"15:30:00";"432";"Acidente c";"35";"BR-101/SP";"Pista Sul";"Abalroamento longitudinal";0;1;0;0;0;0;0;0;1;0;1;1;1;0;0
"02/03/2023";"15:41:00";"436";"Acidente s";"100,15";"BR-116/SP";"Pista Sul";"Colisão traseira";1;1;0;0;0;0;0;0;0;0;3;0;0;0;0
"02/03/2023";"17:14:00";"482";"Acidente s";"233";"BR-116/RJ";"Pista Norte";"Choque em objeto fixo";0;0;0;0;0;0;0;0;1;0;0;0;0;0;0
"02/03/2023";"17:24:00";"491";"Acidente c";"219";"BR-116/SP";"Pista Sul";"Abalroamento longitudinal";0;1;0;0;0;0;0;0;1;0;1;2;0;0;0
"02/03/2023";"17:52:00";"509";"Acidente c";"157,5";"BR-116/SP";"Pista Sul";"Engavetamento";0;0;0;0;0;0;0;0;5;0;7;2;0;0;0
"02/03/2023";"17:58:00";"513";"Acidente s";"157";"BR-116/SP";"Pista Sul";"Colisão traseira";1;0;0;0;0;0;0;0;1;0;2;0;0;0;0
"02/03/2023";"18:14:00";"522";"Acidente s";"116,5";"BR-116/SP";"Pista Sul";"Abalroamento longitudinal";1;0;0;0;0;0;0;0;1;0;3;0;0;0;0
"02/03/2023";"19:48:00";"574";"Acidente s";"557,3";"BR-101/RJ";"Pista Norte";"Choque em defensa";0;0;0;0;0;0;0;0;1;0;2;0;0;0;0
"02/03/2023";"22:08:00";"633";"Atropelame";"238,5";"BR-116/RJ";"Pista Sul";"Atropelamento de pedestre atravessando";0;0;0;0;0;0;0;0;0;1;1;0;0;0;1
"03/03/2023";"02:13:00";"33";"Acidente c";"106,4";"BR-116/SP";"Pista Norte";"Engavetamento";2;0;0;0;0;0;1;0;0;0;3;1;0;0;0
"03/03/2023";"02:16:00";"35";"Acidente c";"218,8";"BR-116/SP";"Pista Sul";"Choque em barreira New Jersey";0;0;0;0;0;0;0;0;1;0;0;1;0;0;0
"03/03/2023";"05:39:00";"62";"Acidente s";"147";"BR-116/SP";"Pista Norte";"Engavetamento";1;0;0;0;0;0;0;0;1;1;3;0;0;0;0
"03/03/2023";"05:53:00";"66";"Acidente c";"217,7";"BR-116/SP";"Pista Sul";"Abalroamento longitudinal";0;0;0;0;0;0;0;0;2;0;4;1;0;0;1
"03/03/2023";"06:29:00";"81";"Acidente c";"219,85";"BR-116/SP";"Pista Sul";"Colisão traseira";0;1;0;0;0;0;0;0;1;0;2;2;0;0;0
"03/03/2023";"06:43:00";"93";"Acidente c";"227";"BR-116/SP";"Pista Sul";"Colisão traseira";0;1;0;0;0;0;0;0;1;0;1;2;0;0;0
"03/03/2023";"07:02:00";"106";"Acidente s";"229";"BR-116/RJ";"Pista Norte";"Choque Talude";1;0;0;0;0;0;0;0;0;0;1;0;0;0;0
"03/03/2023";"07:48:00";"142";"Acidente s";"213,55";"BR-116/SP";"Pista Sul";"Engavetamento";2;0;0;0;0;0;0;0;2;0;7;0;0;0;0
"03/03/2023";"08:02:00";"147";"Acidente s";"229,9";"BR-116/RJ";"Pista Norte";"Abalroamento longitudinal";1;0;0;0;0;0;0;0;2;1;5;0;0;0;0
"03/03/2023";"08:09:00";"151";"Acidente s";"35,7";"BR-116/SP";"Pista Sul";"Abalroamento longitudinal";2;0;0;0;0;0;0;0;0;0;4;0;0;0;0
"03/03/2023";"09:19:00";"197";"Acidente s";"227,9";"BR-116/SP";"Pista Norte";"Choque em defensa";0;0;0;0;0;0;0;0;1;0;1;0;0;0;0
"03/03/2023";"11:55:00";"286";"Acidente s";"61,55";"BR-116/SP";"Pista Sul";"Choque em barreira New Jersey";0;0;0;0;0;0;0;0;1;0;1;0;0;0;0
"03/03/2023";"13:56:00";"342";"Acidente s";"322,8";"BR-116/RJ";"Pista Norte";"Choque em defensa";0;0;0;0;0;0;0;0;1;0;2;0;0;0;0
"03/03/2023";"16:07:00";"421";"Acidente s";"275";"BR-116/RJ";"Pista Norte";"Colisão traseira";0;0;0;0;0;0;0;0;2;0;2;0;0;0;0
"03/03/2023";"16:22:00";"435";"Acidente s";"555";"BR-101/RJ";"Pista Norte";"Colisão traseira";0;0;0;0;0;0;0;0;2;1;4;0;0;0;0
"03/03/2023";"17:10:00";"479";"Acidente c";"320,5";"BR-116/RJ";"Pista Norte";"Choque em barreira New Jersey";0;0;0;0;0;0;0;0;1;0;0;1;0;0;0
"03/03/2023";"17:38:00";"499";"Acidente s";"209,6";"BR-116/SP";"Pista Sul";"Colisão traseira";0;0;0;0;0;0;0;0;2;0;3;0;0;0;0
"03/03/2023";"19:20:00";"562";"Acidente c";"385";"BR-101/RJ";"Pista Norte";"Engavetamento";0;0;0;0;0;0;0;0;1;2;2;1;0;0;0
"03/03/2023";"19:30:00";"564";"Acidente c";"481";"BR-101/RJ";"Pista Sul";"Colisão frontal";0;0;0;0;0;0;0;0;2;0;4;1;0;0;0
"03/03/2023";"22:49:00";"639";"Acidente c";"146";"BR-116/SP";"Pista Norte";"Abalroamento longitudinal";1;1;0;0;0;0;0;0;0;0;1;2;0;0;0
"03/03/2023";"23:36:00";"661";"Acidente s";"137,3";"BR-116/SP";"Pista Sul";"Abalroamento longitudinal";1;0;0;0;0;0;0;0;1;0;2;0;0;0;0
"04/03/2023";"05:28:00";"39";"Acidente c";"227,5";"BR-116/SP";"Pista Sul";"Queda de moto";0;1;0;0;0;0;0;0;0;0;0;0;0;0;1
"04/03/2023";"06:33:00";"56";"Acidente c";"467";"BR-101/RJ";"Pista Norte";"Choque Talude";0;0;0;0;0;0;0;0;1;0;0;1;0;0;0
"04/03/2023";"08:35:00";"132";"Acidente s";"44,6";"BR-116/SP";"Pista Norte";"Colisão traseira";0;0;0;0;0;0;0;0;1;1;5;0;0;0;0
"04/03/2023";"14:34:00";"294";"Acidente c";"205,1";"BR-116/SP";"Pista Norte";"Colisão traseira";0;0;0;0;0;0;0;0;2;0;0;0;2;0;0
"04/03/2023";"15:52:00";"337";"Acidente s";"141,1";"BR-116/SP";"Pista Norte";"Queda de ribanceira";0;0;0;0;0;0;0;0;1;0;1;0;0;0;0
"04/03/2023";"16:10:00";"347";"Acidente s";"517";"BR-101/RJ";"Pista Norte";"Choque em objeto fixo";0;0;0;0;0;0;0;0;1;0;1;0;0;0;0
"04/03/2023";"18:03:00";"392";"Acidente c";"229,15";"BR-116/SP";"Pista Sul";"Abalroamento longitudinal";0;2;0;0;0;0;0;0;0;0;1;2;0;0;0
"04/03/2023";"20:13:00";"469";"Acidente s";"291,4";"BR-116/RJ";"Pista Sul";"Capotamento";0;0;0;0;0;0;0;0;1;0;1;0;0;0;0
"04/03/2023";"20:17:00";"473";"Acidente s";"387,1";"BR-101/RJ";"Pista Norte";"Choque em objeto fixo";0;0;0;0;0;0;0;0;1;0;1;0;0;0;0
"04/03/2023";"21:59:00";"506";"Acidente s";"573";"BR-101/RJ";"Pista Norte";"Choque em objeto fixo";0;0;0;0;0;0;0;0;1;0;1;0;0;0;0
"04/03/2023";"22:23:00";"516";"Atropelame";"230,45";"BR-116/SP";"Pista Sul";"Atropelamento de pedestre caminhando";1;0;0;0;0;0;0;0;0;0;1;1;0;0;0
"04/03/2023";"22:53:00";"522";"Acidente s";"108,2";"BR-116/SP";"Pista Sul";"Colisão traseira";0;0;0;0;0;0;0;0;1;1;2;0;0;0;0
"05/03/2023";"00:24:00";"20";"Acidente s";"208";"BR-116/SP";"Pista Sul";"Outros";0;0;0;0;0;0;0;0;1;0;1;0;0;0;0
"05/03/2023";"00:45:00";"24";"Acidente c";"208,2";"BR-116/SP";"Pista Sul";"Colisão traseira";0;1;0;0;0;0;0;0;1;0;3;2;0;0;0
"05/03/2023";"01:13:00";"34";"Acidente s";"300";"BR-116/RJ";"Pista Sul";"Choque em defensa";1;0;0;0;0;0;0;0;0;0;1;0;0;0;0
"05/03/2023";"02:50:00";"51";"Acidente c";"267";"BR-116/RJ";"Pista Sul";"Choque em barreira New Jersey";0;0;0;0;0;0;0;0;1;0;0;0;1;0;0
"05/03/2023";"03:05:00";"53";"Acidente s";"125,1";"BR-116/SP";"Pista Sul";"Capotamento";0;0;0;0;0;0;0;0;1;0;1;0;0;0;0
"05/03/2023";"06:14:00";"77";"Acidente s";"268,9";"BR-116/RJ";"Pista Sul";"Queda de ribanceira";0;0;0;0;0;0;0;0;1;0;3;0;0;0;0
"05/03/2023";"09:09:00";"125";"Acidente c";"420";"BR-101/RJ";"Pista Norte";"Colisão traseira";0;0;0;0;0;0;0;0;2;0;0;1;1;0;0
"05/03/2023";"11:37:00";"194";"Acidente s";"188,2";"BR-116/SP";"Pista Norte";"Choque em defensa";0;0;0;0;0;0;0;0;1;0;1;0;0;0;0
"05/03/2023";"12:16:00";"215";"Acidente c";"413";"BR-101/RJ";"Pista Norte";"Capotamento";0;0;0;0;0;0;0;0;1;0;1;0;0;1;0
"05/03/2023";"15:58:00";"296";"Acidente s";"64,6";"BR-116/SP";"Pista Sul";"Abalroamento longitudinal";0;0;0;0;0;0;0;0;2;0;2;0;0;0;0
"05/03/2023";"16:02:00";"301";"Acidente s";"147,9";"BR-116/SP";"Pista Norte";"Choque em barreira New Jersey";0;0;0;0;0;0;0;0;1;0;1;0;0;0;0
"05/03/2023";"17:35:00";"348";"Acidente c";"50";"BR-101/SP";"Pista Norte";"Abalroamento longitudinal";0;1;0;0;0;0;0;0;1;0;0;1;0;0;0
"05/03/2023";"18:38:00";"393";"Atropelame";"470";"BR-101/RJ";"Pista Norte";"Atropelamento de pedestre atravessando";0;1;0;0;0;0;0;0;0;0;1;1;0;0;0
"05/03/2023";"18:39:00";"394";"Acidente s";"124,7";"BR-116/SP";"Pista Sul";"Engavetamento";0;0;0;0;0;1;0;0;2;0;7;0;0;0;0
"05/03/2023";"18:55:00";"403";"Acidente c";"490";"BR-101/RJ";"Pista Sul";"Colisão frontal";0;0;0;0;0;0;0;0;2;0;0;0;1;0;0
"05/03/2023";"18:58:00";"404";"Acidente s";"122,5";"BR-116/SP";"Pista Sul";"Outros";0;0;0;0;0;0;0;0;1;0;1;0;0;0;0
"05/03/2023";"19:58:00";"430";"Acidente c";"7,2";"BR-116/SP";"Pista Sul";"Capotamento";0;0;0;0;0;0;0;0;1;0;1;0;1;0;0
"05/03/2023";"21:47:00";"474";"Acidente s";"110";"BR-116/SP";"Pista Norte";"Choque em objeto na pista";0;0;0;0;0;0;0;0;1;0;3;0;0;0;0
"05/03/2023";"22:43:00";"489";"Acidente c";"5";"BR-116/SP";"Pista Norte";"Choque em objeto fixo";0;0;0;0;0;0;0;0;1;0;0;1;0;0;0
"05/03/2023";"22:54:00";"496";"Acidente c";"274";"BR-116/RJ";"Pista Sul";"Queda de moto";0;1;0;0;0;0;0;0;0;0;0;0;1;0;0
"05/03/2023";"23:08:00";"504";"Acidente c";"409";"BR-101/RJ";"Pista Norte";"Colisão traseira";0;1;0;0;0;0;0;0;1;0;0;0;1;0;0
"06/03/2023";"00:43:00";"26";"Acidente s";"98";"BR-116/SP";"Pista Sul";"Colisão traseira";1;0;0;0;0;0;0;0;1;0;5;0;0;0;0
"06/03/2023";"01:37:00";"37";"Acidente s";"228";"BR-116/SP";"Pista Sul";"Choque em defensa";0;0;0;0;0;0;0;0;1;0;1;0;0;0;0
"06/03/2023";"04:10:00";"67";"Acidente s";"330,1";"BR-116/RJ";"Pista Sul";"Atropelamento de animal";1;0;0;0;0;0;0;0;0;0;1;0;0;0;0
"06/03/2023";"05:03:00";"72";"Acidente c";"220,7";"BR-116/SP";"Pista Sul";"Queda de moto";0;1;0;0;0;0;0;0;0;0;0;1;0;0;0
"06/03/2023";"05:55:00";"79";"Acidente c";"212,2";"BR-116/SP";"Pista Sul";"Engavetamento";1;0;0;0;0;1;0;0;1;0;3;1;0;0;0
"06/03/2023";"05:59:00";"81";"Acidente s";"229,05";"BR-116/SP";"Pista Sul";"Colisão traseira";0;0;0;0;0;0;0;0;2;0;2;0;0;0;0
"06/03/2023";"06:07:00";"91";"Acidente s";"182,3";"BR-116/SP";"Pista Norte";"Colisão traseira";2;0;0;0;0;0;0;0;0;0;2;0;0;0;0
"06/03/2023";"06:25:00";"97";"Acidente c";"302";"BR-116/RJ";"Pista Norte";"Queda de Carga";0;1;0;0;0;0;0;0;0;0;0;1;1;0;0
"06/03/2023";"06:57:00";"113";"Acidente s";"185,9";"BR-116/SP";"Pista Norte";"Queda de ribanceira";0;0;0;0;0;0;0;0;1;0;1;0;0;0;0
"06/03/2023";"07:40:00";"142";"Acidente s";"111,2";"BR-116/SP";"Pista Norte";"Abalroamento longitudinal";0;1;0;0;0;0;0;0;0;1;2;0;0;0;0
"06/03/2023";"07:48:00";"147";"Acidente c";"138,87";"BR-116/SP";"Pista Sul";"Abalroamento longitudinal";0;1;0;0;0;0;0;0;2;0;4;0;1;0;0
"06/03/2023";"07:48:00";"146";"Acidente s";"229,8";"BR-116/RJ";"Pista Norte";"Abalroamento longitudinal";0;0;0;0;0;0;0;0;1;1;2;0;0;0;0
"06/03/2023";"08:54:00";"182";"Acidente s";"417,8";"BR-101/RJ";"Pista Sul";"Engavetamento";0;0;0;1;0;0;0;0;3;0;47;0;0;0;0
"06/03/2023";"09:07:00";"190";"Acidente s";"45,85";"BR-101/SP";"Pista Norte";"Colisão traseira";0;0;0;0;0;0;0;0;2;0;3;0;0;0;0
"06/03/2023";"09:26:00";"200";"Acidente s";"232";"BR-116/RJ";"Pista Norte";"Capotamento";0;0;0;0;0;0;0;0;1;0;1;0;0;0;0
"06/03/2023";"09:42:00";"210";"Acidente s";"232";"BR-116/RJ";"Pista Norte";"Outros";0;0;0;0;0;0;0;0;1;0;1;0;0;0;0
"06/03/2023";"10:33:00";"248";"Acidente s";"226,7";"BR-116/RJ";"Pista Sul";"Choque em objeto fixo";0;0;0;0;0;0;0;0;1;0;1;0;0;0;0
"06/03/2023";"10:36:00";"252";"Acidente s";"226";"BR-116/RJ";"Pista Sul";"Choque em defensa";0;0;0;0;0;0;0;0;1;0;1;0;0;0;0
"06/03/2023";"10:37:00";"253";"Acidente s";"429,5";"BR-101/RJ";"Pista Sul";"Choque em objeto fixo";1;0;0;0;0;0;0;0;0;0;2;0;0;0;0
"06/03/2023";"12:41:00";"313";"Acidente s";"182,3";"BR-116/SP";"Pista Norte";"Colisão traseira";2;0;0;0;0;0;0;0;0;0;2;0;0;0;0
"06/03/2023";"14:43:00";"370";"Acidente c";"222,58";"BR-116/SP";"Pista Norte";"Colisão traseira";0;1;0;0;0;0;0;0;1;0;1;0;1;0;0
"06/03/2023";"14:53:00";"378";"Acidente s";"514";"BR-101/RJ";"Pista Sul";"Choque em objeto fixo";0;0;0;0;0;0;0;0;1;0;1;0;0;0;0
"06/03/2023";"15:21:00";"397";"Acidente s";"121,9";"BR-116/SP";"Pista Sul";"Colisão traseira";1;0;0;0;0;0;0;0;1;0;2;0;0;0;0
"06/03/2023";"16:00:00";"416";"Acidente c";"51";"BR-101/SP";"Pista Sul";"Colisão traseira";0;0;0;1;0;0;0;0;1;0;1;0;1;0;0
"06/03/2023";"16:05:00";"422";"Acidente c";"216,8";"BR-116/RJ";"Pista Sul";"Queda de moto";0;1;0;0;0;0;0;0;0;0;0;0;1;0;0
"06/03/2023";"16:09:00";"426";"Acidente c";"67";"BR-116/SP";"Pista Sul";"Queda de moto";0;1;0;0;0;0;0;0;0;0;0;1;0;0;0
"06/03/2023";"22:22:00";"597";"Acidente c";"161";"BR-116/SP";"Pista Norte";"Queda de moto";0;1;0;0;0;0;0;0;0;0;0;1;0;0;0
"06/03/2023";"23:01:00";"611";"Acidente c";"169";"BR-116/SP";"Pista Sul";"Colisão traseira";1;0;0;0;0;0;0;0;1;0;1;0;1;0;0
"06/03/2023";"23:13:00";"614";"Atropelame";"264,5";"BR-116/RJ";"Pista Sul";"Atropelamento de pedestre atravessando";1;0;0;0;0;0;0;0;0;0;1;1;0;0;0
"07/03/2023";"02:28:00";"43";"Acidente s";"230";"BR-116/SP";"Pista Sul";"Colisão traseira";2;0;0;0;0;0;0;0;0;0;2;0;0;0;0
"07/03/2023";"05:02:00";"57";"Acidente c";"481";"BR-101/RJ";"Pista Norte";"Queda de moto";0;1;0;0;0;0;0;0;0;0;0;1;0;0;0
"07/03/2023";"07:07:00";"115";"Acidente s";"159";"BR-116/SP";"Pista Norte";"Abalroamento longitudinal";0;0;0;0;0;0;0;0;2;0;3;0;0;0;0
"07/03/2023";"11:20:00";"270";"Acidente s";"67";"BR-116/SP";"Pista Sul";"Colisão traseira";0;0;0;0;0;0;0;0;2;0;1;0;0;0;0
"07/03/2023";"11:52:00";"291";"Acidente s";"206,6";"BR-116/SP";"Pista Sul";"Capotamento";0;0;0;0;0;0;0;0;1;1;5;0;0;0;0
"07/03/2023";"13:33:00";"341";"Acidente s";"269";"BR-116/RJ";"Pista Norte";"Choque em objeto fixo";0;0;0;0;0;0;0;0;1;0;0;0;0;0;0
"07/03/2023";"14:44:00";"381";"Acidente s";"429";"BR-101/RJ";"Pista Sul";"Choque em objeto fixo";0;0;0;0;0;0;0;0;1;0;0;0;0;0;0
"07/03/2023";"14:50:00";"385";"Acidente s";"123,1";"BR-116/SP";"Pista Sul";"Choque em objeto na pista";0;0;0;0;0;0;0;0;1;0;1;0;0;0;0
"07/03/2023";"15:05:00";"397";"Acidente s";"230";"BR-116/SP";"Pista Norte";"Abalroamento longitudinal";0;0;0;0;0;0;0;0;2;1;3;0;0;0;0
"07/03/2023";"16:12:00";"426";"Acidente s";"103,4";"BR-116/SP";"Pista Norte";"Engavetamento";2;0;0;0;0;0;0;0;1;0;4;0;0;0;0
"07/03/2023";"16:18:00";"429";"Acidente c";"482,6";"BR-101/RJ";"Pista Norte";"Queda de moto";0;1;0;0;0;0;0;0;0;0;0;2;0;0;0
"07/03/2023";"16:58:00";"446";"Atropelame";"50,8";"BR-101/SP";"Pista Norte";"Atropelamento de pedestre atravessando";0;1;1;0;0;0;0;0;0;0;1;1;1;0;0
"07/03/2023";"17:28:00";"460";"Acidente c";"233";"BR-116/RJ";"Pista Norte";"Queda de moto";0;1;0;0;0;0;0;0;0;0;0;2;0;0;0
"07/03/2023";"17:32:00";"464";"Acidente c";"157,3";"BR-116/SP";"Pista Sul";"Colisão traseira";0;1;0;0;0;0;0;0;1;0;1;0;1;0;0
"07/03/2023";"17:59:00";"481";"Acidente s";"41";"BR-116/SP";"Pista Norte";"Choque em objeto fixo";0;0;0;0;0;0;0;0;1;0;1;0;0;0;0
"07/03/2023";"20:46:00";"550";"Atropelame";"385,9";"BR-101/RJ";"Pista Sul";"Atropelamento de pedestre atravessando";0;0;0;0;0;0;0;0;0;1;1;0;0;0;1
"07/03/2023";"22:06:00";"570";"Acidente c";"459";"BR-101/RJ";"Pista Sul";"Capotamento";0;0;0;0;0;0;0;0;1;0;0;0;1;0;0
"08/03/2023";"03:40:00";"44";"Acidente s";"400";"BR-101/RJ";"Pista Norte";"Atropelamento de animal";0;0;0;0;0;0;0;0;1;0;1;0;0;0;0
"08/03/2023";"09:10:00";"156";"Acidente c";"542";"BR-101/RJ";"Pista Norte";"Abalroamento longitudinal";0;1;0;0;0;0;0;0;1;0;1;1;0;0;0
"08/03/2023";"10:20:00";"207";"Acidente s";"83,6";"BR-116/SP";"Pista Norte";"Choque em objeto fixo";1;0;0;0;0;0;0;0;0;0;2;0;0;0;0
"08/03/2023";"10:25:00";"212";"Acidente c";"211,15";"BR-116/SP";"Pista Norte";"Engavetamento";0;1;0;1;0;0;0;0;2;0;11;2;0;0;0
"08/03/2023";"10:28:00";"213";"Acidente c";"110,4";"BR-116/SP";"Pista Norte";"Abalroamento longitudinal";1;0;0;0;0;0;0;0;1;0;1;2;0;0;0
"08/03/2023";"10:56:00";"225";"Atropelame";"45";"BR-101/SP";"Pista Sul";"Atropelamento de pedestre atravessando";0;0;1;0;0;0;0;0;1;0;0;1;0;0;0
"08/03/2023";"11:25:00";"243";"Acidente c";"85,1";"BR-116/SP";"Pista Sul";"Tombamento";1;0;0;0;0;0;0;0;0;0;0;0;1;0;0
"08/03/2023";"12:40:00";"282";"Acidente c";"424";"BR-101/RJ";"Pista Norte";"Engavetamento";0;0;0;1;0;0;1;0;1;1;1;1;0;0;0
"08/03/2023";"13:21:00";"298";"Acidente c";"194";"BR-116/SP";"Pista Sul";"Queda de moto";0;1;0;0;0;0;0;0;0;0;0;1;0;0;0
"08/03/2023";"13:51:00";"310";"Acidente c";"138,8";"BR-116/SP";"Pista Norte";"Engavetamento";0;0;0;0;0;0;0;0;3;0;2;2;0;0;0
"08/03/2023";"15:15:00";"348";"Acidente s";"250,4";"BR-116/RJ";"Pista Norte";"Colisão traseira";1;0;0;0;0;0;0;0;1;0;0;0;0;0;0
"08/03/2023";"15:20:00";"350";"Acidente c";"230";"BR-116/SP";"Pista Sul";"Colisão traseira";0;1;0;0;0;0;0;0;1;0;1;1;0;0;0
"08/03/2023";"17:39:00";"423";"Acidente s";"219,1";"BR-116/SP";"Pista Sul";"Engavetamento";0;0;0;0;0;0;0;0;3;0;3;0;0;0;0
"08/03/2023";"18:01:00";"436";"Acidente s";"228";"BR-116/SP";"Pista Sul";"Choque em defensa";0;0;0;0;0;0;0;0;1;0;2;0;0;0;0
"08/03/2023";"18:07:00";"442";"Acidente c";"504";"BR-101/RJ";"Pista Sul";"Abalroamento longitudinal";0;1;0;0;0;0;1;0;0;0;1;0;1;0;0
"08/03/2023";"18:27:00";"456";"Acidente c";"107,2";"BR-116/SP";"Pista Sul";"Queda de moto";0;1;0;0;0;0;0;0;0;0;0;0;1;0;0
"08/03/2023";"18:53:00";"472";"Acidente s";"230";"BR-116/SP";"Pista Sul";"Choque em defensa";0;0;0;0;0;1;0;0;0;0;1;0;0;0;0
"08/03/2023";"19:28:00";"501";"Acidente s";"157,5";"BR-116/SP";"Pista Sul";"Colisão traseira";0;0;0;0;0;0;0;0;1;1;4;0;0;0;0
"08/03/2023";"23:58:00";"575";"Acidente c";"575";"BR-101/RJ";"Pista Sul";"Queda de moto";0;1;0;0;0;0;0;0;0;0;1;1;0;0;0
"09/03/2023";"05:24:00";"58";"Acidente s";"181,4";"BR-116/SP";"Pista Sul";"Abalroamento longitudinal";1;0;0;0;0;0;0;0;1;0;3;0;0;0;0
"09/03/2023";"07:23:00";"120";"Acidente c";"208,2";"BR-116/SP";"Pista Sul";"Engavetamento";1;2;0;0;0;0;0;0;0;0;1;4;0;0;0
"09/03/2023";"07:24:00";"121";"Acidente s";"278";"BR-116/RJ";"Pista Norte";"Colisão traseira";1;0;0;0;0;0;0;0;0;1;2;0;0;0;0
"09/03/2023";"07:35:00";"131";"Acidente c";"219,9";"BR-116/SP";"Pista Sul";"Queda de moto";0;1;0;0;0;0;0;0;1;0;1;1;0;0;0
"09/03/2023";"07:42:00";"137";"Acidente c";"105";"BR-116/SP";"Pista Sul";"Abalroamento longitudinal";1;1;0;0;0;0;0;0;1;0;2;0;0;0;1
"09/03/2023";"07:47:00";"140";"Acidente c";"229,85";"BR-116/SP";"Pista Sul";"Queda de moto";0;1;0;0;0;0;0;0;0;0;2;1;0;1;0
"09/03/2023";"08:11:00";"152";"Acidente c";"575";"BR-101/RJ";"Pista Norte";"Abalroamento longitudinal";1;1;0;0;0;0;0;0;0;0;1;1;0;0;0
"09/03/2023";"08:53:00";"182";"Acidente c";"183,1";"BR-116/SP";"Pista Sul";"Choque em defensa";0;0;0;0;0;0;0;0;1;0;0;1;0;0;0
"09/03/2023";"09:41:00";"202";"Acidente s";"67";"BR-116/SP";"Pista Sul";"Colisão traseira";0;0;0;0;0;0;0;0;1;1;0;0;0;0;0
"09/03/2023";"09:47:00";"205";"Acidente c";"228";"BR-116/SP";"Pista Sul";"Colisão traseira";0;0;0;0;0;0;0;0;2;0;2;0;1;0;0
"09/03/2023";"10:01:00";"214";"Acidente s";"225";"BR-116/SP";"Pista Sul";"Engavetamento";1;0;0;0;0;0;1;0;2;0;4;0;0;0;0
"09/03/2023";"12:01:00";"279";"Acidente c";"222,1";"BR-116/SP";"Pista Sul";"Queda de moto";0;1;0;0;0;0;0;0;0;1;1;1;0;0;0
"09/03/2023";"12:35:00";"298";"Acidente s";"228";"BR-116/RJ";"Pista Sul";"Choque em objeto fixo";0;0;0;0;0;0;0;0;1;0;1;0;0;0;0
"09/03/2023";"16:24:00";"424";"Acidente c";"228";"BR-116/RJ";"Pista Sul";"Engavetamento";2;0;0;0;0;0;0;0;1;0;3;2;0;0;0
"09/03/2023";"16:59:00";"439";"Acidente s";"388,4";"BR-101/RJ";"Pista Sul";"Capotamento";0;0;0;0;0;0;0;0;2;0;2;0;0;0;0
"09/03/2023";"17:32:00";"461";"Acidente s";"154,4";"BR-116/SP";"Pista Sul";"Choque em objeto fixo";0;0;0;0;0;0;0;0;1;0;2;0;0;0;0