data;horario;n_da_ocorrencia;tipo_de_ocorrencia;km;trecho;sentido;tipo_de_acidente;automovel;bicicleta;caminhao;moto;onibus;outros;tracao_animal;transporte_de_cargas_especiais;trator_maquinas;utilitarios;ilesos;levemente_feridos;moderadamente_feridos;gravemente_feridos;mortos
"09/03/2023";"17:40:00";"468";"Acidente s";"231";"BR-116/SP";"Pista Sul";"Engavetamento";0;0;0;0;0;0;0;0;1;2;3;0;0;0;0
"09/03/2023";"18:50:00";"501";"Acidente s";"220,3";"BR-116/SP";"Pista Norte";"Colisão traseira";0;0;0;0;0;0;0;0;1;1;2;0;0;0;0
"09/03/2023";"19:04:00";"511";"Acidente s";"236";"BR-116/RJ";"Pista Norte";"Abalroamento longitudinal";2;0;0;0;0;0;0;0;0;0;2;0;0;0;0
"09/03/2023";"21:46:00";"591";"Acidente s";"23,6";"BR-116/SP";"Pista Norte";"Choque em objeto fixo";1;0;0;0;0;0;0;0;0;0;1;0;0;0;0
"09/03/2023";"23:33:00";"624";"Acidente s";"229,3";"BR-116/SP";"Pista Norte";"Choque em objeto fixo";0;0;0;0;0;0;0;0;1;0;1;0;0;0;0
"09/03/2023";"23:36:00";"626";"Acidente s";"336";"BR-116/RJ";"Pista Norte";"Choque em objeto fixo";0;0;0;0;0;0;0;0;1;0;1;0;0;0;0
"10/03/2023";"01:53:00";"45";"Acidente s";"179,5";"BR-116/SP";"Pista Sul";"Atropelamento de animal";0;0;0;0;0;0;0;0;1;0;2;0;0;0;0
"10/03/2023";"02:22:00";"52";"Acidente s";"135,5";"BR-116/SP";"Pista Sul";"Choque em objeto na pista";0;0;0;0;0;0;0;0;1;0;4;0;0;0;0
"10/03/2023";"02:57:00";"62";"Acidente s";"172,7";"BR-116/SP";"Pista Sul";"Choque em objeto fixo";0;0;0;0;0;0;0;0;1;0;2;0;0;0;0
"10/03/2023";"04:24:00";"77";"Acidente s";"127,55";"BR-116/SP";"Pista Norte";"Atropelamento de animal";0;0;0;0;0;0;0;0;1;0;2;0;0;0;0
"10/03/2023";"06:42:00";"118";"Acidente s";"202";"BR-116/SP";"Pista Norte";"Abalroamento longitudinal";1;0;0;0;0;0;0;0;1;0;2;0;0;0;0
"10/03/2023";"07:39:00";"157";"Atropelame";"47,007";"BR-101/SP";"Pista Norte";"Atropelamento de pedestre atravessando";0;0;1;0;0;0;0;0;1;0;2;1;0;0;0
"10/03/2023";"07:52:00";"169";"Acidente s";"229";"BR-116/SP";"Pista Sul";"Colisão traseira";0;0;0;0;0;1;0;0;1;0;2;0;0;0;0
"10/03/2023";"08:06:00";"184";"Acidente c";"144,7";"BR-116/SP";"Pista Sul";"Queda de moto";0;1;0;0;0;0;0;0;0;0;0;2;0;0;0
"10/03/2023";"08:45:00";"207";"Acidente s";"41,7";"BR-101/SP";"Pista Norte";"Colisão traseira";1;0;0;0;0;0;0;0;1;0;2;0;0;0;0
"10/03/2023";"09:46:00";"254";"Acidente c";"220,5";"BR-116/SP";"Pista Sul";"Colisão traseira";0;1;0;0;0;0;0;0;1;0;1;1;0;0;0
"10/03/2023";"09:46:00";"253";"Acidente s";"497,5";"BR-101/RJ";"Pista Sul";"Engavetamento";0;0;0;0;0;0;0;0;2;1;6;0;0;0;0
"10/03/2023";"10:10:00";"270";"Acidente c";"274,1";"BR-116/RJ";"Pista Sul";"Choque em barreira New Jersey";0;0;0;0;0;0;0;0;1;0;0;1;0;0;0
"10/03/2023";"10:10:00";"269";"Acidente c";"144,15";"BR-116/SP";"Pista Sul";"Choque em defensa";1;0;0;0;0;0;0;0;0;0;0;0;0;0;1
"10/03/2023";"12:59:00";"366";"Acidente s";"525,5";"BR-101/RJ";"Pista Sul";"Abalroamento longitudinal";0;0;0;0;0;0;1;0;1;0;0;0;0;0;0
"10/03/2023";"13:34:00";"388";"Acidente c";"224,2";"BR-116/SP";"Pista Norte";"Colisão traseira";0;1;0;0;0;0;0;0;1;0;1;1;0;0;0
"10/03/2023";"13:54:00";"402";"Acidente c";"67";"BR-116/SP";"Pista Sul";"Colisão traseira";1;0;0;0;0;0;0;0;2;0;0;2;1;0;0
"10/03/2023";"14:55:00";"435";"Acidente c";"276,6";"BR-116/RJ";"Pista Sul";"Abalroamento longitudinal";0;1;0;0;0;0;0;0;1;0;2;1;0;0;0
"10/03/2023";"16:04:00";"485";"Acidente s";"201";"BR-116/SP";"Pista Norte";"Choque em objeto fixo";0;0;0;0;0;0;0;0;1;0;1;0;0;0;0
"10/03/2023";"17:37:00";"542";"Acidente s";"155";"BR-116/SP";"Pista Norte";"Colisão traseira";1;0;0;0;0;0;0;0;1;0;4;0;0;0;0
"10/03/2023";"18:10:00";"561";"Acidente s";"149,4";"BR-116/SP";"Pista Norte";"Engavetamento";0;0;0;0;0;0;0;0;3;0;4;0;0;0;0
"10/03/2023";"18:12:00";"564";"Acidente s";"1,4";"BR-101/SP";"Pista Norte";"Choque em objeto fixo";1;0;0;0;0;0;0;0;0;0;0;0;0;0;0
"10/03/2023";"21:10:00";"674";"Acidente s";"20,9";"BR-101/SP";"Pista Sul";"Choque em objeto fixo";0;0;0;0;0;0;0;0;1;0;1;0;0;0;0
"10/03/2023";"21:36:00";"687";"Acidente s";"222,4";"BR-116/SP";"Pista Sul";"Abalroamento longitudinal";1;0;0;1;0;0;0;0;1;0;3;0;0;0;0
"10/03/2023";"21:43:00";"690";"Acidente s";"125";"BR-116/SP";"Pista Norte";"Colisão traseira";0;0;0;0;0;0;0;0;1;1;3;0;0;0;0
"10/03/2023";"21:53:00";"697";"Acidente s";"202";"BR-116/SP";"Pista Sul";"Colisão traseira";1;0;0;0;0;0;0;0;0;1;2;0;0;0;0
"10/03/2023";"22:02:00";"699";"Acidente s";"482";"BR-101/RJ";"Pista Norte";"Abalroamento longitudinal";0;0;0;0;0;0;0;0;1;1;2;0;0;0;0
"10/03/2023";"23:34:00";"741";"Acidente s";"210,5";"BR-116/SP";"Pista Norte";"Colisão traseira";0;0;0;0;0;0;0;0;1;1;4;0;0;0;0
"10/03/2023";"23:42:00";"746";"Acidente c";"582";"BR-101/RJ";"Pista Sul";"Queda de moto";0;1;0;0;0;0;0;0;0;0;0;0;0;1;0
"10/03/2023";"23:44:00";"748";"Acidente s";"50";"BR-101/SP";"Pista Norte";"Abalroamento longitudinal";0;1;0;0;0;0;0;0;1;0;2;0;0;0;0
"11/03/2023";"00:15:00";"17";"Acidente c";"483";"BR-101/RJ";"Pista Norte";"Colisão traseira";0;1;0;0;0;0;0;0;0;1;1;1;1;0;0
"11/03/2023";"02:05:00";"48";"Acidente s";"524";"BR-101/RJ";"Pista Sul";"Choque em objeto fixo";0;0;0;0;0;0;0;0;1;0;1;0;0;0;0
"11/03/2023";"03:01:00";"60";"Acidente s";"212";"BR-116/SP";"Pista Norte";"Colisão traseira";0;0;0;0;0;0;0;0;1;1;4;0;0;0;0
"11/03/2023";"08:34:00";"157";"Acidente c";"103,1";"BR-116/SP";"Pista Sul";"Queda de moto";0;1;0;0;0;0;0;0;0;0;0;0;2;0;0
"11/03/2023";"10:11:00";"220";"Acidente s";"384";"BR-101/RJ";"Pista Sul";"Colisão traseira";0;0;0;0;0;0;0;0;2;0;0;0;0;0;0
"11/03/2023";"10:38:00";"237";"Acidente s";"228,3";"BR-116/RJ";"Pista Sul";"Colisão traseira";0;0;0;0;0;0;0;0;2;0;0;0;0;0;0
"11/03/2023";"12:32:00";"290";"Acidente s";"124,95";"BR-116/SP";"Pista Norte";"Colisão traseira";1;0;0;0;0;0;0;0;1;0;2;0;0;0;0
"11/03/2023";"13:11:00";"309";"Acidente s";"123";"BR-116/SP";"Pista Norte";"Abalroamento longitudinal";0;0;0;0;0;0;0;0;1;1;3;0;0;0;0
"11/03/2023";"15:00:00";"351";"Acidente c";"135";"BR-116/SP";"Pista Norte";"Colisão traseira";1;0;0;0;0;0;0;0;0;1;1;0;1;0;0
"11/03/2023";"15:07:00";"358";"Acidente s";"482,5";"BR-101/RJ";"Pista Norte";"Colisão traseira";0;1;0;0;0;0;0;0;0;1;1;0;0;0;0
"11/03/2023";"17:35:00";"427";"Acidente c";"222,68";"BR-116/SP";"Pista Norte";"Abalroamento longitudinal";0;1;0;0;0;0;0;0;1;0;1;0;1;0;0
"11/03/2023";"18:34:00";"452";"Acidente s";"557";"BR-101/RJ";"Pista Norte";"Choque em defensa";0;0;0;0;0;0;0;0;1;0;1;0;0;0;0
"11/03/2023";"19:27:00";"468";"Acidente s";"296";"BR-116/RJ";"Pista Sul";"Choque em objeto fixo";0;0;0;0;0;0;0;0;1;0;1;0;0;0;0
"11/03/2023";"19:39:00";"474";"Acidente c";"421,5";"BR-101/RJ";"Pista Norte";"Queda de moto";0;1;0;0;0;0;0;0;0;0;0;0;1;0;0
"11/03/2023";"20:20:00";"490";"Acidente c";"384";"BR-101/RJ";"Pista Norte";"Capotamento";0;0;0;0;0;0;0;0;1;0;0;0;0;0;1
"11/03/2023";"20:26:00";"496";"Acidente s";"381";"BR-101/RJ";"Pista Norte";"Choque em barreira New Jersey";0;0;0;0;0;0;1;0;0;0;1;0;0;0;0
"11/03/2023";"20:50:00";"514";"Acidente s";"583";"BR-101/RJ";"Pista Norte";"Choque em objeto fixo";0;0;0;0;0;0;0;0;1;0;1;0;0;0;0
"11/03/2023";"21:24:00";"523";"Acidente s";"423";"BR-101/RJ";"Pista Norte";"Colisão traseira";1;0;0;0;0;0;0;0;1;0;2;0;0;0;0
"11/03/2023";"22:00:00";"539";"Acidente s";"51,2";"BR-116/SP";"Pista Norte";"Abalroamento longitudinal";1;0;0;0;0;0;0;0;0;1;2;0;0;0;0
"11/03/2023";"22:47:00";"551";"Atropelame";"145,3";"BR-116/SP";"Pista Norte";"Atropelamento de pedestre atravessando";0;0;0;0;0;0;0;0;1;0;1;1;0;0;0
"11/03/2023";"23:45:00";"562";"Acidente s";"215,6";"BR-116/SP";"Pista Norte";"Choque em barreira New Jersey";0;0;0;0;0;0;0;0;1;0;2;0;0;0;0
"12/03/2023";"02:52:00";"46";"Acidente c";"268,4";"BR-116/RJ";"Pista Sul";"Choque em defensa";0;0;0;0;0;0;0;0;1;0;0;1;0;0;0
"12/03/2023";"04:41:00";"58";"Acidente c";"227";"BR-116/SP";"Pista Sul";"Colisão traseira";1;0;0;0;0;0;0;0;1;0;1;1;0;0;0
"12/03/2023";"04:45:00";"61";"Acidente s";"39";"BR-116/SP";"Pista Norte";"Choque em objeto fixo";0;0;0;0;0;0;0;0;1;0;2;0;0;0;0
"12/03/2023";"06:26:00";"81";"Acidente s";"162,2";"BR-116/SP";"Pista Norte";"Choque em objeto na pista";0;0;0;0;0;0;0;0;1;0;1;0;0;0;0
"12/03/2023";"07:49:00";"114";"Acidente c";"231,9";"BR-116/RJ";"Pista Norte";"Choque em barreira New Jersey";1;0;0;0;0;0;0;0;0;0;0;1;0;0;0
"12/03/2023";"11:09:00";"175";"Acidente c";"72";"BR-116/SP";"Pista Sul";"Colisão traseira";0;0;0;0;0;0;0;0;2;0;3;1;0;0;0
"12/03/2023";"15:29:00";"270";"Acidente s";"264,5";"BR-116/RJ";"Pista Norte";"Abalroamento longitudinal";0;0;0;0;0;0;0;0;1;1;1;0;0;0;0
"12/03/2023";"16:01:00";"291";"Acidente c";"236";"BR-116/RJ";"Pista Norte";"Engavetamento";0;0;0;0;0;0;0;0;1;2;2;1;0;0;0
"12/03/2023";"16:04:00";"292";"Acidente s";"94,5";"BR-116/SP";"Pista Sul";"Abalroamento longitudinal";0;0;0;0;0;0;0;0;3;1;7;0;0;0;0
"12/03/2023";"16:24:00";"305";"Acidente s";"100,1";"BR-116/SP";"Pista Sul";"Colisão traseira";0;0;0;0;0;0;0;0;1;1;2;0;0;0;0
"12/03/2023";"16:27:00";"306";"Acidente c";"502";"BR-101/RJ";"Pista Norte";"Colisão frontal";0;0;0;0;0;0;0;0;2;0;0;0;2;0;0
"12/03/2023";"16:44:00";"314";"Acidente s";"208,1";"BR-116/SP";"Pista Sul";"Engavetamento";0;0;0;0;0;0;0;0;4;1;0;0;0;0;0
"12/03/2023";"17:39:00";"341";"Acidente s";"506";"BR-101/RJ";"Pista Norte";"Colisão traseira";0;1;0;0;0;0;0;0;1;0;2;0;0;0;0
"12/03/2023";"17:41:00";"343";"Acidente s";"267,2";"BR-116/RJ";"Pista Norte";"Choque em barreira New Jersey";0;0;0;0;0;0;0;0;1;0;1;0;0;0;0
"12/03/2023";"18:01:00";"351";"Acidente s";"141,2";"BR-116/SP";"Pista Sul";"Abalroamento longitudinal";0;0;0;0;0;0;0;0;1;0;1;0;0;0;0
"12/03/2023";"18:02:00";"353";"Acidente s";"437";"BR-101/RJ";"Pista Norte";"Choque em defensa";0;0;0;0;0;0;0;0;1;0;1;0;0;0;0
"12/03/2023";"18:11:00";"355";"Acidente c";"565";"BR-101/RJ";"Pista Norte";"Choque em objeto fixo";0;0;0;0;0;0;0;0;1;0;0;4;1;0;0
"12/03/2023";"19:22:00";"394";"Acidente s";"2";"BR-101/SP";"Pista Norte";"Choque em objeto fixo";0;0;0;0;0;0;0;0;1;0;1;0;0;0;0
"12/03/2023";"19:58:00";"406";"Acidente c";"387";"BR-101/RJ";"Pista Sul";"Colisão traseira";0;0;0;0;0;0;0;0;2;0;1;2;0;0;0
"12/03/2023";"20:24:00";"414";"Acidente c";"576";"BR-101/RJ";"Pista Norte";"Abalroamento longitudinal";0;1;0;0;0;0;0;0;0;1;1;1;0;0;0
"12/03/2023";"21:23:00";"434";"Acidente s";"166,8";"BR-116/SP";"Pista Sul";"Choque em barreira New Jersey";0;0;0;0;0;0;0;0;1;0;2;0;0;0;0
"12/03/2023";"21:58:00";"446";"Acidente s";"117,3";"BR-116/SP";"Pista Norte";"Choque em objeto fixo";0;0;0;0;0;0;0;0;1;0;1;0;0;0;0
"12/03/2023";"22:11:00";"452";"Acidente s";"267,1";"BR-116/RJ";"Pista Sul";"Abalroamento longitudinal";0;0;0;0;0;0;0;0;2;0;3;0;0;0;0
"12/03/2023";"23:23:00";"473";"Acidente s";"595";"BR-101/RJ";"Pista Norte";"Choque em objeto fixo";0;0;0;0;0;0;0;0;1;0;1;0;0;0;0
"12/03/2023";"23:27:00";"475";"Acidente s";"476";"BR-101/RJ";"Pista Norte";"Capotamento";0;0;0;0;0;0;0;0;1;0;1;0;0;0;0
"13/03/2023";"01:09:00";"25";"Acidente s";"277,9";"BR-116/RJ";"Pista Norte";"Choque em barreira New Jersey";0;0;0;0;0;0;0;0;1;0;1;0;0;0;0
"13/03/2023";"02:42:00";"35";"Acidente c";"319,8";"BR-116/RJ";"Pista Norte";"Colisão traseira";2;0;0;0;0;0;0;0;0;0;1;0;1;0;0
"13/03/2023";"05:18:00";"47";"Acidente s";"453";"BR-101/RJ";"Pista Sul";"Capotamento";0;0;0;0;0;0;0;0;1;0;1;0;0;0;0
"13/03/2023";"06:29:00";"73";"Acidente c";"206,35";"BR-116/SP";"Pista Sul";"Abalroamento longitudinal";0;1;0;0;0;0;0;0;1;0;1;1;0;0;0
"13/03/2023";"07:32:00";"113";"Atropelame";"282,1";"BR-116/RJ";"Pista Sul";"Atropelamento de pedestre atravessando";0;0;0;0;0;1;0;0;0;0;0;1;0;0;1
"13/03/2023";"08:00:00";"133";"Acidente c";"225,5";"BR-116/SP";"Pista Sul";"Colisão traseira";0;1;0;0;0;0;0;0;1;0;0;3;0;0;0
"13/03/2023";"08:55:00";"160";"Acidente s";"233,6";"BR-116/RJ";"Pista Norte";"Colisão traseira";1;0;0;0;0;0;0;0;1;0;2;0;0;0;0
"13/03/2023";"10:26:00";"212";"Acidente c";"223";"BR-116/SP";"Pista Sul";"Abalroamento longitudinal";1;0;0;0;0;0;0;0;0;1;1;1;0;0;0
"13/03/2023";"17:02:00";"396";"Acidente s";"145";"BR-116/SP";"Pista Norte";"Colisão traseira";2;0;0;0;0;0;0;0;0;0;4;0;0;0;0
"13/03/2023";"17:57:00";"418";"Acidente s";"127";"BR-116/SP";"Pista Sul";"Abalroamento longitudinal";0;1;0;0;0;0;0;0;1;0;2;0;0;0;0
"13/03/2023";"19:29:00";"457";"Acidente s";"145,8";"BR-116/SP";"Pista Norte";"Abalroamento longitudinal";1;0;0;0;0;0;0;0;1;0;2;0;0;0;0
"13/03/2023";"22:36:00";"524";"Acidente c";"53";"BR-116/SP";"Pista Sul";"Abalroamento longitudinal";0;0;0;0;0;0;0;0;2;0;1;1;0;0;0
"14/03/2023";"03:50:00";"39";"Acidente c";"107";"BR-116/SP";"Pista Norte";"Colisão traseira";1;0;0;0;0;0;1;0;0;0;1;0;1;0;0
"14/03/2023";"07:43:00";"126";"Acidente c";"223,5";"BR-116/SP";"Pista Sul";"Colisão traseira";0;1;0;0;0;0;0;0;1;0;1;1;0;0;0
"14/03/2023";"08:17:00";"145";"Acidente c";"277,75";"BR-116/RJ";"Pista Sul";"Colisão traseira";2;0;0;0;0;0;0;0;0;0;1;1;0;0;0
"14/03/2023";"10:33:00";"231";"Atropelame";"70,7";"BR-116/SP";"Pista Norte";"Atropelamento de pedestre caminhando";0;0;0;0;0;0;0;0;1;0;1;0;1;0;0
"14/03/2023";"10:44:00";"234";"Acidente s";"387,9";"BR-101/RJ";"Pista Sul";"Colisão traseira";0;0;0;0;0;0;0;0;2;0;2;0;0;0;0
"14/03/2023";"11:54:00";"260";"Acidente s";"137,3";"BR-116/SP";"Pista Norte";"Choque em defensa";0;0;0;0;0;0;0;0;2;0;2;0;0;0;0
"14/03/2023";"13:44:00";"317";"Acidente s";"219,65";"BR-116/SP";"Pista Norte";"Colisão traseira";0;1;0;0;0;0;0;0;0;1;2;0;0;0;0
"14/03/2023";"14:48:00";"354";"Acidente c";"384";"BR-101/RJ";"Pista Norte";"Colisão traseira";0;1;0;0;0;0;0;0;1;0;1;1;0;0;0
"14/03/2023";"19:24:00";"502";"Acidente s";"152";"BR-116/SP";"Pista Norte";"Engavetamento";0;0;0;0;0;0;0;0;1;2;3;0;0;0;0
"14/03/2023";"19:43:00";"516";"Acidente s";"213,9";"BR-116/SP";"Pista Norte";"Colisão traseira";0;0;0;0;0;0;0;0;2;0;2;0;0;0;0
"14/03/2023";"19:45:00";"519";"Acidente s";"95,38";"BR-116/SP";"Pista Sul";"Engavetamento";0;0;0;0;0;0;0;0;2;1;4;0;0;0;0
"14/03/2023";"22:46:00";"588";"Acidente s";"295,8";"BR-116/RJ";"Pista Sul";"Tombamento";1;0;0;0;0;0;0;0;0;0;1;0;0;0;0
"15/03/2023";"00:57:00";"16";"Acidente c";"223";"BR-116/SP";"Pista Norte";"Colisão frontal";0;1;0;0;0;0;0;0;1;0;1;1;0;0;0
"15/03/2023";"01:08:00";"18";"Acidente s";"204,8";"BR-116/SP";"Pista Sul";"Choque em barreira New Jersey";0;0;0;0;0;0;0;0;1;0;1;0;0;0;0
"15/03/2023";"03:06:00";"42";"Acidente s";"23,1";"BR-116/SP";"Pista Norte";"Colisão traseira";3;0;0;0;0;0;0;0;0;0;3;0;0;0;0
"15/03/2023";"06:01:00";"73";"Atropelame";"147";"BR-116/SP";"Pista Norte";"Atropelamento de pedestre atravessando";0;0;1;0;0;0;0;0;1;0;1;0;1;0;0
"15/03/2023";"06:54:00";"97";"Acidente c";"1";"BR-116/SP";"Pista Norte";"Colisão traseira";1;0;0;0;0;0;0;0;1;0;1;1;0;0;0
"15/03/2023";"07:07:00";"104";"Acidente s";"200,9";"BR-116/SP";"Pista Norte";"Colisão traseira";1;0;0;0;0;0;0;0;1;0;4;0;0;0;0
"15/03/2023";"11:54:00";"277";"Acidente s";"486";"BR-101/RJ";"Pista Sul";"Abalroamento longitudinal";1;1;0;0;0;0;0;0;0;0;2;0;0;0;0
"15/03/2023";"12:46:00";"304";"Atropelame";"433";"BR-101/RJ";"Pista Norte";"Atropelamento de pedestre atravessando";0;0;1;0;0;0;0;0;1;0;1;1;0;0;0
"15/03/2023";"13:05:00";"314";"Acidente s";"109";"BR-116/SP";"Pista Norte";"Engavetamento";2;0;0;0;0;0;0;0;1;2;5;0;0;0;0
"15/03/2023";"16:33:00";"426";"Acidente c";"220,4";"BR-116/SP";"Pista Norte";"Abalroamento longitudinal";0;1;0;0;0;0;0;0;1;0;1;1;0;0;0
"15/03/2023";"16:46:00";"433";"Acidente s";"46";"BR-101/SP";"Pista Sul";"Engavetamento";0;0;0;0;0;0;0;0;3;0;3;0;0;0;0
"15/03/2023";"17:03:00";"440";"Acidente s";"205";"BR-116/SP";"Pista Norte";"Abalroamento longitudinal";1;0;0;0;0;0;0;0;1;0;2;0;0;0;0
"15/03/2023";"18:26:00";"491";"Acidente c";"215,6";"BR-116/SP";"Pista Sul";"Colisão traseira";0;1;0;0;0;0;0;0;1;0;0;2;0;0;0
"15/03/2023";"19:20:00";"524";"Acidente c";"218";"BR-116/SP";"Pista Norte";"Colisão traseira";0;1;0;0;0;0;0;0;1;0;4;0;0;1;0
"16/03/2023";"02:28:00";"43";"Acidente s";"187";"BR-116/SP";"Pista Norte";"Choque em objeto na pista";0;0;0;0;0;0;1;0;0;0;2;0;0;0;0
"16/03/2023";"03:00:00";"46";"Acidente s";"180,9";"BR-116/SP";"Pista Sul";"Choque em barreira New Jersey";1;0;0;0;0;0;0;0;0;0;1;0;0;0;0
"16/03/2023";"07:38:00";"147";"Acidente c";"152,19";"BR-116/SP";"Pista Norte";"Colisão traseira";1;0;0;0;0;0;0;0;1;0;1;2;0;0;0
"16/03/2023";"07:44:00";"155";"Acidente s";"97,15";"BR-116/SP";"Pista Sul";"Colisão traseira";1;0;0;0;0;0;0;0;2;0;4;0;0;0;0
"16/03/2023";"07:54:00";"161";"Acidente s";"394";"BR-101/RJ";"Pista Sul";"Engavetamento";0;0;0;0;0;0;0;0;3;0;4;0;0;0;0
"16/03/2023";"08:01:00";"169";"Acidente c";"95,4";"BR-116/SP";"Pista Sul";"Colisão traseira";0;0;0;0;0;1;0;0;2;0;6;4;1;0;0
"16/03/2023";"09:06:00";"215";"Acidente s";"165,2";"BR-116/SP";"Pista Sul";"Colisão traseira";0;0;0;0;0;0;0;0;1;1;2;0;0;0;0
"16/03/2023";"09:28:00";"226";"Acidente s";"89,5";"BR-116/SP";"Pista Sul";"Colisão traseira";1;0;0;0;0;0;0;0;1;0;4;0;0;0;0
"16/03/2023";"10:24:00";"252";"Acidente c";"495";"BR-101/RJ";"Pista Norte";"Colisão frontal";0;0;0;0;0;0;0;0;2;0;3;0;2;0;1
"16/03/2023";"11:28:00";"286";"Acidente s";"319";"BR-116/RJ";"Pista Sul";"Choque em objeto na pista";1;0;0;0;0;0;0;0;1;0;2;0;0;0;0
"16/03/2023";"11:36:00";"293";"Acidente c";"222,8";"BR-116/SP";"Pista Sul";"Abalroamento longitudinal";0;1;0;0;0;0;0;0;0;1;0;1;0;0;0
"16/03/2023";"12:32:00";"311";"Acidente c";"229";"BR-116/SP";"Pista Sul";"Abalroamento longitudinal";0;1;0;0;0;0;0;0;1;0;1;1;0;0;0
"16/03/2023";"14:26:00";"366";"Acidente s";"304,6";"BR-116/RJ";"Pista Sul";"Abalroamento longitudinal";1;0;0;0;0;0;0;0;1;0;3;0;0;0;0
"16/03/2023";"14:32:00";"369";"Acidente c";"312,3";"BR-116/RJ";"Pista Norte";"Colisão traseira";0;1;0;0;0;0;0;0;1;0;1;1;0;0;0
"16/03/2023";"14:48:00";"375";"Acidente s";"312,2";"BR-116/RJ";"Pista Norte";"Colisão traseira";0;0;0;0;0;0;0;0;2;0;8;0;0;0;0
"16/03/2023";"15:22:00";"397";"Acidente s";"72,1";"BR-116/SP";"Pista Norte";"Choque em defensa";1;0;0;0;0;0;0;0;0;0;1;0;0;0;0
"16/03/2023";"15:49:00";"412";"Acidente s";"209";"BR-116/SP";"Pista Norte";"Abalroamento longitudinal";1;0;0;0;0;0;0;0;1;0;2;0;0;0;0
"16/03/2023";"16:44:00";"443";"Acidente s";"147,8";"BR-116/SP";"Pista Norte";"Abalroamento longitudinal";1;0;0;0;0;0;0;0;1;0;4;0;0;0;0
"16/03/2023";"17:49:00";"483";"Acidente s";"89,7";"BR-116/SP";"Pista Sul";"Colisão traseira";0;0;0;0;0;0;0;0;2;0;2;0;0;0;0
"16/03/2023";"17:59:00";"487";"Acidente c";"92";"BR-116/SP";"Pista Sul";"Engavetamento";0;1;0;0;0;0;0;0;2;0;3;1;0;0;0
"16/03/2023";"19:03:00";"517";"Acidente c";"387";"BR-101/RJ";"Pista Sul";"Choque em barreira New Jersey";0;0;0;0;0;0;0;0;1;0;0;1;0;0;0
"16/03/2023";"19:27:00";"528";"Acidente s";"95";"BR-116/SP";"Pista Sul";"Engavetamento";1;0;0;0;0;0;0;0;2;0;3;0;0;0;0
"16/03/2023";"19:58:00";"540";"Acidente s";"30,5";"BR-116/SP";"Pista Sul";"Colisão traseira";1;0;0;0;0;0;0;0;1;0;2;0;0;0;0
"16/03/2023";"22:18:00";"592";"Acidente s";"79,7";"BR-116/SP";"Pista Sul";"Abalroamento longitudinal";1;0;0;0;0;0;0;0;0;1;2;0;0;0;0
"16/03/2023";"22:25:00";"595";"Acidente c";"79,7";"BR-116/SP";"Pista Sul";"Colisão traseira";0;1;0;0;0;0;0;0;1;0;0;0;2;0;0
"16/03/2023";"22:40:00";"600";"Acidente s";"229,5";"BR-116/SP";"Pista Norte";"Colisão traseira";0;1;0;0;0;0;0;0;1;0;2;0;0;0;0
"16/03/2023";"23:06:00";"605";"Acidente s";"157,5";"BR-116/SP";"Pista Sul";"Choque em defensa";0;0;0;0;0;0;0;0;1;0;1;0;0;0;0
"16/03/2023";"23:18:00";"606";"Acidente s";"214";"BR-116/SP";"Pista Norte";"Colisão traseira";0;0;0;0;0;0;0;0;2;0;2;0;0;0;0
"17/03/2023";"00:43:00";"26";"Acidente s";"157";"BR-116/SP";"Pista Norte";"Colisão traseira";2;0;0;0;0;0;0;0;0;0;2;0;0;0;0
"17/03/2023";"00:58:00";"28";"Atropelame";"16,35";"BR-116/SP";"Pista Sul";"Atropelamento de pedestre atravessando";1;0;0;0;0;0;0;0;0;0;1;0;0;0;1
"17/03/2023";"01:48:00";"35";"Acidente s";"220,6";"BR-116/RJ";"Pista Norte";"Choque em defensa";1;0;0;0;0;0;0;0;0;1;1;0;0;0;0
"17/03/2023";"02:05:00";"39";"Acidente c";"334,3";"BR-116/RJ";"Pista Sul";"Tombamento";1;0;0;0;0;0;0;0;0;0;0;1;0;0;0
"17/03/2023";"06:56:00";"110";"Acidente c";"102,3";"BR-116/SP";"Pista Norte";"Colisão traseira";2;1;0;0;0;0;0;0;0;0;0;1;2;0;0
"17/03/2023";"09:16:00";"199";"Acidente s";"229,7";"BR-116/RJ";"Pista Norte";"Engavetamento";0;0;0;0;0;0;0;0;1;3;4;0;0;0;0
"17/03/2023";"10:36:00";"259";"Acidente c";"315,5";"BR-116/RJ";"Pista Norte";"Engavetamento";0;0;0;0;0;0;0;0;3;0;3;3;0;0;0
"17/03/2023";"12:48:00";"320";"Acidente s";"117";"BR-116/SP";"Pista Norte";"Choque em objeto fixo";0;0;0;0;0;0;0;0;1;0;2;0;0;0;0
"17/03/2023";"16:22:00";"434";"Acidente s";"486";"BR-101/RJ";"Pista Norte";"Engavetamento";0;0;0;0;0;0;0;0;3;0;3;0;0;0;0
"17/03/2023";"16:48:00";"449";"Acidente c";"487,4";"BR-101/RJ";"Pista Norte";"Abalroamento longitudinal";0;1;0;1;0;0;0;0;0;0;1;1;0;0;0
"17/03/2023";"17:34:00";"475";"Acidente s";"221";"BR-116/SP";"Pista Norte";"Abalroamento longitudinal";1;0;0;0;0;0;0;0;1;0;3;0;0;0;0
"17/03/2023";"18:45:00";"504";"Acidente s";"574";"BR-101/RJ";"Pista Sul";"Choque em objeto na pista";0;0;0;0;0;0;0;0;1;0;1;0;0;0;0