data;horario;n_da_ocorrencia;tipo_de_ocorrencia;km;trecho;sentido;tipo_de_acidente;automovel;bicicleta;caminhao;moto;onibus;outros;tracao_animal;transporte_de_cargas_especiais;trator_maquinas;utilitarios;ilesos;levemente_feridos;moderadamente_feridos;gravemente_feridos;mortos
"25/03/2023";"13:38:00";"315";"Acidente s";"219,7";"BR-116/RJ";"Pista Sul";"Colisão traseira";0;0;0;0;0;0;0;0;2;0;2;0;0;0;0
"25/03/2023";"15:45:00";"379";"Acidente s";"38,4";"BR-101/SP";"Pista Sul";"Choque em objeto fixo";0;0;0;0;0;0;0;0;1;0;0;0;0;0;0
"25/03/2023";"15:56:00";"386";"Acidente c";"222";"BR-116/RJ";"Pista Sul";"Abalroamento longitudinal";0;1;0;0;0;0;0;0;1;0;1;0;1;0;0
"25/03/2023";"15:57:00";"389";"Acidente s";"231";"BR-116/SP";"Pista Sul";"Colisão traseira";1;0;0;0;0;0;0;0;0;1;2;0;0;0;0
"25/03/2023";"16:22:00";"400";"Acidente s";"211,6";"BR-116/SP";"Pista Norte";"Engavetamento";0;0;0;0;0;0;0;0;3;0;7;0;0;0;0
"25/03/2023";"16:47:00";"410";"Acidente c";"229";"BR-116/SP";"Pista Norte";"Queda de moto";0;1;0;0;0;0;0;0;0;0;0;0;1;0;0
"25/03/2023";"18:58:00";"458";"Acidente s";"45,9";"BR-101/SP";"Pista Sul";"Colisão traseira";0;1;0;0;0;0;0;0;1;0;2;0;0;0;0
"25/03/2023";"19:39:00";"474";"Acidente c";"218,8";"BR-116/SP";"Pista Sul";"Colisão traseira";0;1;0;0;0;0;0;0;1;0;2;1;0;0;0
"25/03/2023";"19:43:00";"476";"Atropelame";"140,8";"BR-116/SP";"Pista Norte";"Atropelamento de pedestre atravessando";1;0;0;0;0;0;0;0;0;0;1;0;0;1;0
"25/03/2023";"19:52:00";"477";"Acidente s";"218,8";"BR-116/SP";"Pista Sul";"Engavetamento";0;0;0;0;0;0;0;0;3;0;6;0;0;0;0
"25/03/2023";"20:07:00";"484";"Atropelame";"409";"BR-101/RJ";"Pista Sul";"Atropelamento de pedestre caminhando";0;0;0;0;0;0;0;0;1;0;1;0;1;0;0
"25/03/2023";"20:36:00";"495";"Acidente c";"44,55";"BR-116/SP";"Pista Norte";"Choque em defensa";0;0;0;0;0;0;0;0;1;0;0;0;1;0;0
"25/03/2023";"22:10:00";"516";"Acidente s";"309,9";"BR-116/RJ";"Pista Norte";"Colisão traseira";0;0;0;0;0;0;0;0;1;1;2;0;0;0;0
"25/03/2023";"22:39:00";"522";"Acidente c";"490,8";"BR-101/RJ";"Pista Sul";"Colisão frontal";0;0;0;0;0;0;0;0;2;0;0;7;0;0;0
"25/03/2023";"23:23:00";"537";"Acidente c";"35,5";"BR-101/SP";"Pista Sul";"Atropelamento de animal";0;1;0;0;0;0;0;0;0;0;0;1;0;0;0
"26/03/2023";"00:55:00";"24";"Acidente s";"452";"BR-101/RJ";"Pista Sul";"Capotamento";0;0;0;0;0;0;0;0;1;0;1;0;0;0;0
"26/03/2023";"02:24:00";"39";"Acidente c";"46,3";"BR-116/SP";"Pista Sul";"Colisão traseira";0;1;0;0;0;0;0;0;1;0;5;1;0;0;0
"26/03/2023";"02:44:00";"42";"Acidente c";"232,2";"BR-116/RJ";"Pista Norte";"Tombamento";1;0;0;0;0;0;0;0;0;0;0;0;1;0;0
"26/03/2023";"05:06:00";"58";"Acidente s";"404";"BR-101/RJ";"Pista Norte";"Choque em barreira New Jersey";0;0;0;0;0;0;0;0;1;0;0;0;0;0;0
"26/03/2023";"06:13:00";"68";"Acidente s";"311";"BR-116/RJ";"Pista Norte";"Choque em objeto fixo";0;0;0;0;0;0;0;0;1;0;1;0;0;0;0
"26/03/2023";"10:11:00";"173";"Acidente s";"275";"BR-116/RJ";"Pista Norte";"Choque em defensa";0;0;0;0;0;0;0;0;1;0;2;0;0;0;0
"26/03/2023";"10:33:00";"189";"Acidente c";"40,8";"BR-101/SP";"Pista Sul";"Abalroamento longitudinal";0;0;0;0;0;0;0;0;2;0;0;2;0;0;0
"26/03/2023";"12:05:00";"229";"Acidente c";"227";"BR-116/RJ";"Pista Norte";"Choque em barreira New Jersey";0;0;0;0;0;0;0;0;1;0;0;1;0;0;0
"26/03/2023";"12:13:00";"237";"Acidente s";"389";"BR-101/RJ";"Pista Norte";"Abalroamento longitudinal";0;0;0;0;0;0;0;0;2;0;2;0;0;0;0
"26/03/2023";"12:50:00";"250";"Acidente s";"262";"BR-116/RJ";"Pista Norte";"Choque em objeto fixo";0;0;0;0;0;0;0;0;1;0;0;0;0;0;0
"26/03/2023";"14:02:00";"277";"Acidente s";"300,1";"BR-116/RJ";"Pista Norte";"Abalroamento longitudinal";0;1;0;0;0;0;0;0;0;1;3;0;0;0;0
"26/03/2023";"14:09:00";"280";"Acidente s";"106,2";"BR-116/SP";"Pista Sul";"Colisão traseira";0;0;0;0;0;0;0;0;2;0;3;0;0;0;0
"26/03/2023";"14:32:00";"287";"Acidente s";"120";"BR-116/SP";"Pista Sul";"Colisão traseira";0;0;0;0;0;0;0;0;2;0;5;0;0;0;0
"26/03/2023";"14:42:00";"293";"Acidente c";"104,95";"BR-116/SP";"Pista Sul";"Colisão traseira";0;1;0;0;0;0;0;0;1;0;2;0;1;0;0
"26/03/2023";"15:19:00";"314";"Acidente s";"210,2";"BR-116/SP";"Pista Sul";"Colisão traseira";0;0;0;0;0;0;0;0;1;1;2;0;0;0;0
"26/03/2023";"16:51:00";"366";"Acidente s";"236";"BR-116/RJ";"Pista Norte";"Colisão traseira";1;0;0;0;0;0;0;0;0;1;1;0;0;0;0
"26/03/2023";"17:14:00";"378";"Acidente c";"46";"BR-101/SP";"Pista Norte";"Abalroamento longitudinal";0;0;0;0;0;0;0;0;2;0;1;1;0;0;0
"26/03/2023";"19:13:00";"438";"Acidente c";"224,3";"BR-116/SP";"Pista Sul";"Abalroamento longitudinal";0;0;0;0;0;0;0;0;1;1;1;2;0;0;0
"26/03/2023";"20:21:00";"472";"Acidente c";"428";"BR-101/RJ";"Pista Sul";"Abalroamento longitudinal";0;0;0;0;0;0;0;0;2;0;6;0;2;0;0
"26/03/2023";"22:20:00";"512";"Acidente s";"207,2";"BR-116/SP";"Pista Sul";"Engavetamento";0;0;0;0;0;0;0;0;1;2;3;0;0;0;0
"26/03/2023";"22:23:00";"513";"Acidente s";"154";"BR-116/SP";"Pista Sul";"Choque em objeto fixo";0;0;0;0;0;0;0;0;1;0;2;0;0;0;0
"26/03/2023";"22:32:00";"519";"Acidente s";"309,9";"BR-116/RJ";"Pista Norte";"Choque em barreira New Jersey";0;0;0;0;0;0;0;0;1;0;1;0;0;0;0
"26/03/2023";"23:23:00";"529";"Acidente c";"292,75";"BR-116/RJ";"Pista Sul";"Abalroamento longitudinal";0;1;0;0;0;0;0;0;0;1;1;0;1;0;0
"27/03/2023";"05:59:00";"66";"Acidente s";"385";"BR-101/RJ";"Pista Sul";"Colisão traseira";0;0;0;0;0;0;0;0;2;0;3;0;0;0;0
"27/03/2023";"07:32:00";"105";"Acidente c";"211,6";"BR-116/SP";"Pista Sul";"Abalroamento longitudinal";0;1;0;0;0;0;0;0;1;0;1;1;0;0;0
"27/03/2023";"08:35:00";"140";"Acidente c";"492,5";"BR-101/RJ";"Pista Sul";"Abalroamento longitudinal";0;1;0;0;0;0;0;0;1;0;2;0;1;0;0
"27/03/2023";"09:34:00";"187";"Acidente c";"39,3";"BR-101/SP";"Pista Norte";"Queda de moto";0;1;0;0;0;0;0;0;0;0;0;1;0;0;0
"27/03/2023";"09:52:00";"201";"Acidente c";"204,5";"BR-116/SP";"Pista Sul";"Queda de moto";0;1;0;0;0;0;0;0;0;1;1;1;0;0;0
"27/03/2023";"10:34:00";"227";"Acidente c";"204,5";"BR-116/SP";"Pista Norte";"Colisão traseira";0;0;0;0;0;0;0;0;2;0;0;2;0;0;0
"27/03/2023";"10:34:00";"226";"Acidente c";"218,4";"BR-116/SP";"Pista Sul";"Engavetamento";0;2;0;0;0;0;0;0;0;1;3;1;0;0;0
"27/03/2023";"11:13:00";"250";"Acidente c";"91,75";"BR-116/SP";"Pista Sul";"Capotamento";0;0;0;0;0;0;0;0;1;0;0;0;0;0;1
"27/03/2023";"12:53:00";"308";"Acidente c";"58,6";"BR-116/SP";"Pista Sul";"Colisão traseira";1;0;0;0;0;0;0;0;1;0;1;1;0;0;0
"27/03/2023";"13:05:00";"316";"Acidente c";"419,9";"BR-101/RJ";"Pista Sul";"Engavetamento";0;0;0;0;0;0;0;0;3;0;0;1;0;0;0
"27/03/2023";"13:09:00";"320";"Acidente s";"499";"BR-101/RJ";"Pista Sul";"Choque em objeto fixo";0;0;0;0;0;0;0;0;1;0;0;0;0;0;0
"27/03/2023";"13:24:00";"325";"Acidente s";"18,85";"BR-116/SP";"Pista Sul";"Tombamento";1;0;0;0;0;0;0;0;0;0;0;0;0;0;0
"27/03/2023";"13:35:00";"333";"Acidente c";"52";"BR-101/SP";"Pista Norte";"Abalroamento longitudinal";0;1;0;0;0;0;0;0;1;0;0;1;0;0;0
"27/03/2023";"13:53:00";"340";"Acidente c";"417";"BR-101/RJ";"Pista Sul";"Choque em defensa";1;0;0;0;0;0;1;0;0;0;0;1;0;0;0
"27/03/2023";"14:17:00";"348";"Acidente c";"441";"BR-101/RJ";"Pista Sul";"Choque em defensa";1;0;0;0;0;0;0;0;1;0;0;1;0;0;0
"27/03/2023";"15:20:00";"374";"Acidente s";"153";"BR-116/SP";"Pista Norte";"Colisão traseira";0;0;0;0;0;0;0;0;1;1;2;0;0;0;0
"27/03/2023";"15:21:00";"376";"Acidente c";"538";"BR-101/RJ";"Pista Sul";"Queda de moto";0;1;0;0;0;0;0;0;0;0;0;1;0;0;0
"27/03/2023";"16:14:00";"395";"Acidente s";"320";"BR-116/RJ";"Pista Norte";"Choque em defensa";0;0;0;0;0;0;0;0;1;0;2;0;0;0;0
"27/03/2023";"17:26:00";"432";"Acidente c";"443";"BR-101/RJ";"Pista Sul";"Choque em barreira New Jersey";1;0;0;0;0;0;0;0;0;0;1;1;0;0;0
"27/03/2023";"18:19:00";"459";"Acidente s";"215";"BR-116/SP";"Pista Sul";"Engavetamento";0;0;0;0;0;0;0;0;3;0;4;0;0;0;0
"27/03/2023";"18:29:00";"467";"Acidente c";"148,3";"BR-116/SP";"Pista Norte";"Abalroamento longitudinal";0;1;0;0;0;0;0;0;1;0;1;0;1;0;0
"27/03/2023";"18:37:00";"471";"Acidente s";"105,4";"BR-116/SP";"Pista Sul";"Choque Talude";1;0;0;0;0;0;0;0;0;0;0;0;0;0;0
"27/03/2023";"19:28:00";"495";"Acidente s";"29,8";"BR-116/SP";"Pista Norte";"Colisão traseira";0;0;0;0;0;0;0;0;1;1;1;0;0;0;0
"27/03/2023";"23:22:00";"567";"Acidente s";"222,9";"BR-116/RJ";"Pista Sul";"Colisão traseira";2;0;0;0;0;0;0;0;0;0;2;0;0;0;0
"28/03/2023";"03:15:00";"46";"Acidente s";"243,5";"BR-116/RJ";"Pista Norte";"Tombamento";1;0;0;0;0;0;0;0;0;0;1;0;0;0;0
"28/03/2023";"03:58:00";"51";"Acidente s";"25,1";"BR-116/SP";"Pista Norte";"Colisão traseira";0;0;0;0;0;0;0;0;1;1;2;0;0;0;0
"28/03/2023";"06:04:00";"64";"Acidente c";"224,8";"BR-116/SP";"Pista Sul";"Colisão traseira";0;1;0;0;0;0;0;0;1;0;1;1;0;0;0
"28/03/2023";"07:00:00";"105";"Acidente s";"220,5";"BR-116/SP";"Pista Sul";"Colisão traseira";0;0;0;0;0;0;0;0;2;0;3;0;0;0;0
"28/03/2023";"07:14:00";"116";"Acidente c";"261,9";"BR-116/RJ";"Pista Norte";"Colisão traseira";2;0;0;0;0;0;0;0;0;0;1;1;0;0;0
"28/03/2023";"07:42:00";"143";"Acidente c";"390";"BR-101/RJ";"Pista Norte";"Queda de moto";0;1;0;0;0;0;0;0;0;0;0;0;1;0;0
"28/03/2023";"07:58:00";"155";"Acidente s";"390";"BR-101/RJ";"Pista Norte";"Colisão traseira";0;0;0;0;0;0;0;0;1;1;2;0;0;0;0
"28/03/2023";"08:12:00";"169";"Acidente c";"229,7";"BR-116/SP";"Pista Sul";"Colisão traseira";0;1;0;0;0;0;0;0;1;0;1;0;2;0;0
"28/03/2023";"09:54:00";"245";"Acidente s";"243,5";"BR-116/RJ";"Pista Norte";"Colisão traseira";2;0;0;0;0;0;0;0;0;0;2;0;0;0;0
"28/03/2023";"12:00:00";"307";"Acidente c";"198,3";"BR-116/SP";"Pista Sul";"Abalroamento longitudinal";0;1;0;0;0;0;0;0;1;0;1;0;0;1;0
"28/03/2023";"16:20:00";"423";"Acidente s";"298";"BR-116/RJ";"Pista Norte";"Abalroamento longitudinal";0;0;0;0;0;0;0;0;1;1;2;0;0;0;0
"28/03/2023";"17:53:00";"470";"Acidente c";"167,7";"BR-116/SP";"Pista Norte";"Atropelamento de pedestre atravessando";0;1;1;0;0;0;0;0;0;0;0;2;1;0;0
"28/03/2023";"18:48:00";"493";"Atropelame";"48,8";"BR-101/SP";"Pista Norte";"Atropelamento de pedestre atravessando";0;0;0;0;0;0;0;0;1;0;1;1;0;0;0
"28/03/2023";"19:22:00";"505";"Acidente s";"522";"BR-101/RJ";"Pista Sul";"Choque em objeto fixo";0;0;0;0;0;0;0;0;1;0;1;0;0;0;0
"28/03/2023";"22:04:00";"553";"Acidente c";"161";"BR-116/SP";"Pista Sul";"Choque em objeto fixo";0;0;0;0;0;0;0;0;1;0;0;1;0;0;0
"28/03/2023";"23:01:00";"565";"Acidente c";"186,1";"BR-116/SP";"Pista Sul";"Atropelamento de pedestre caminhando";0;1;0;0;0;0;0;0;0;0;0;2;0;0;0
"28/03/2023";"23:52:00";"574";"Acidente c";"228";"BR-116/RJ";"Pista Norte";"Queda de ribanceira";1;0;0;0;0;0;0;0;0;0;0;1;0;0;0
"29/03/2023";"02:45:00";"43";"Acidente c";"207";"BR-116/SP";"Pista Norte";"Colisão traseira";1;1;0;0;0;0;0;0;0;0;0;0;2;0;0
"29/03/2023";"06:58:00";"112";"Acidente c";"141,7";"BR-116/SP";"Pista Norte";"Abalroamento longitudinal";0;0;0;0;0;0;0;0;2;0;1;2;0;0;0
"29/03/2023";"07:04:00";"117";"Acidente s";"145,75";"BR-116/SP";"Pista Sul";"Engavetamento";0;0;0;0;0;0;0;0;2;3;6;0;0;0;0
"29/03/2023";"07:16:00";"124";"Acidente s";"145,4";"BR-116/SP";"Pista Norte";"Colisão traseira";0;0;0;0;0;0;0;0;1;1;2;0;0;0;0
"29/03/2023";"08:24:00";"169";"Acidente c";"228,9";"BR-116/SP";"Pista Sul";"Abalroamento longitudinal";0;1;0;0;0;0;0;0;1;0;1;1;1;0;0
"29/03/2023";"08:53:00";"187";"Acidente c";"266,4";"BR-116/RJ";"Pista Sul";"Abalroamento longitudinal";0;0;0;0;0;0;0;0;1;1;4;0;0;1;0
"29/03/2023";"09:34:00";"210";"Acidente s";"84";"BR-116/SP";"Pista Norte";"Engavetamento";0;0;0;0;0;0;0;0;2;1;1;0;0;0;0
"29/03/2023";"09:46:00";"216";"Acidente c";"275,1";"BR-116/RJ";"Pista Norte";"Colisão traseira";0;0;0;1;0;0;0;0;2;0;1;2;0;0;0
"29/03/2023";"11:28:00";"267";"Acidente s";"232,95";"BR-116/RJ";"Pista Norte";"Choque em objeto fixo";1;0;0;0;0;0;0;0;0;0;2;0;0;0;0
"29/03/2023";"12:12:00";"292";"Acidente s";"139,15";"BR-116/SP";"Pista Norte";"Colisão traseira";0;0;0;0;0;0;0;0;2;0;3;0;0;0;0
"29/03/2023";"14:20:00";"354";"Acidente c";"124";"BR-116/SP";"Pista Norte";"Colisão traseira";0;0;0;0;0;0;1;0;1;0;0;3;0;0;0
"29/03/2023";"14:36:00";"359";"Acidente s";"170";"BR-116/SP";"Pista Norte";"Choque em defensa";0;0;0;0;0;0;0;0;1;0;1;0;0;0;0
"29/03/2023";"14:45:00";"368";"Acidente s";"215,5";"BR-116/SP";"Pista Sul";"Engavetamento";2;0;0;0;0;0;0;0;1;0;3;0;0;0;0
"29/03/2023";"16:11:00";"417";"Acidente c";"200,1";"BR-116/SP";"Pista Sul";"Abalroamento longitudinal";0;1;0;0;0;0;0;0;1;0;3;0;1;0;0
"29/03/2023";"16:13:00";"419";"Acidente c";"230,5";"BR-116/SP";"Pista Sul";"Engavetamento";2;0;0;0;0;0;0;0;1;0;0;1;0;0;0
"29/03/2023";"16:31:00";"427";"Acidente c";"230";"BR-116/SP";"Pista Norte";"Colisão traseira";0;1;0;0;0;0;0;0;0;1;2;1;0;0;0
"29/03/2023";"16:56:00";"443";"Acidente s";"262,1";"BR-116/RJ";"Pista Norte";"Abalroamento longitudinal";0;0;0;0;0;0;0;0;1;1;3;0;0;0;0
"29/03/2023";"17:53:00";"470";"Acidente s";"211";"BR-116/SP";"Pista Sul";"Engavetamento";1;0;0;0;0;0;0;0;1;2;4;0;0;0;0
"29/03/2023";"17:55:00";"472";"Acidente c";"227";"BR-116/SP";"Pista Norte";"Queda de moto";0;1;0;0;0;0;0;0;0;0;0;1;0;0;0
"29/03/2023";"18:37:00";"498";"Acidente c";"225,3";"BR-116/SP";"Pista Norte";"Engavetamento";0;2;0;0;0;0;0;0;1;0;3;1;0;0;0
"29/03/2023";"18:38:00";"499";"Acidente s";"258,7";"BR-116/RJ";"Pista Norte";"Colisão traseira";2;0;0;0;0;0;0;0;0;0;2;0;0;0;0
"29/03/2023";"19:03:00";"518";"Acidente s";"467";"BR-101/RJ";"Pista Norte";"Choque em objeto na pista";0;0;0;1;0;0;0;0;0;0;1;0;0;0;0
"29/03/2023";"19:05:00";"520";"Acidente s";"207,4";"BR-116/SP";"Pista Sul";"Colisão traseira";0;0;0;0;0;0;0;0;1;1;1;0;0;0;0
"29/03/2023";"19:15:00";"529";"Acidente c";"230";"BR-116/SP";"Pista Norte";"Engavetamento";0;0;0;0;0;1;0;0;1;1;4;1;0;0;0
"29/03/2023";"20:03:00";"551";"Acidente s";"153";"BR-116/SP";"Pista Norte";"Colisão traseira";0;0;0;0;0;0;0;0;2;0;3;0;0;0;0
"29/03/2023";"21:54:00";"597";"Acidente s";"204,1";"BR-116/SP";"Pista Sul";"Outros";1;0;0;0;0;0;0;0;0;0;1;0;0;0;0
"29/03/2023";"22:27:00";"609";"Acidente c";"184,7";"BR-116/SP";"Pista Norte";"Choque em defensa";0;0;0;0;0;0;0;0;1;0;0;0;1;0;0
"29/03/2023";"23:40:00";"628";"Acidente c";"226,5";"BR-116/SP";"Pista Norte";"Colisão traseira";0;0;0;0;0;0;0;0;2;0;0;2;0;0;0
"30/03/2023";"02:48:00";"51";"Acidente c";"115,3";"BR-116/SP";"Pista Norte";"Colisão traseira";1;0;0;0;0;0;0;0;1;0;1;0;2;0;0
"30/03/2023";"05:36:00";"82";"Atropelame";"211,9";"BR-116/SP";"Pista Norte";"Atropelamento de pedestre atravessando";0;0;1;1;0;0;0;0;1;0;25;1;0;0;1
"30/03/2023";"05:57:00";"88";"Acidente c";"212,1";"BR-116/SP";"Pista Norte";"Colisão traseira";0;1;0;0;0;0;0;0;2;0;2;2;0;0;0
"30/03/2023";"08:54:00";"202";"Acidente c";"144";"BR-116/SP";"Pista Sul";"Colisão traseira";0;2;0;0;0;0;0;0;0;0;0;1;0;0;0
"30/03/2023";"10:17:00";"257";"Acidente c";"322,3";"BR-116/RJ";"Pista Norte";"Abalroamento longitudinal";0;0;0;1;0;0;0;0;1;0;1;1;0;0;0
"30/03/2023";"11:27:00";"303";"Acidente c";"255";"BR-116/RJ";"Pista Sul";"Capotamento";0;0;0;0;0;0;0;0;1;0;0;0;1;0;0
"30/03/2023";"12:03:00";"320";"Acidente c";"107,8";"BR-116/SP";"Pista Norte";"Queda de moto";0;1;0;0;0;0;0;0;0;0;0;1;0;0;0
"30/03/2023";"12:40:00";"334";"Acidente s";"481,7";"BR-101/RJ";"Pista Sul";"Colisão traseira";1;0;0;0;0;0;0;0;1;0;0;0;0;0;0
"30/03/2023";"13:08:00";"350";"Acidente c";"224,8";"BR-116/SP";"Pista Sul";"Choque em defensa";1;0;0;0;0;0;0;0;0;0;0;1;0;0;0
"30/03/2023";"14:54:00";"399";"Acidente s";"209";"BR-116/SP";"Pista Norte";"Abalroamento longitudinal";1;0;0;0;0;0;0;0;1;0;2;0;0;0;0
"30/03/2023";"15:15:00";"406";"Acidente s";"210,5";"BR-116/SP";"Pista Sul";"Colisão traseira";0;0;0;0;0;0;1;0;1;0;4;0;0;0;0
"30/03/2023";"15:38:00";"419";"Acidente c";"269,2";"BR-116/RJ";"Pista Sul";"Engavetamento";0;0;0;0;0;0;0;0;3;0;5;1;0;0;0
"30/03/2023";"18:06:00";"498";"Acidente s";"449";"BR-101/RJ";"Pista Sul";"Colisão traseira";0;0;0;0;0;0;0;0;2;0;3;0;0;0;0
"30/03/2023";"18:25:00";"509";"Acidente c";"542";"BR-101/RJ";"Pista Norte";"Choque em objeto fixo";0;0;0;0;0;0;0;0;1;0;0;1;0;0;0
"30/03/2023";"18:43:00";"517";"Acidente c";"225";"BR-116/SP";"Pista Norte";"Colisão traseira";0;0;0;2;0;0;0;0;0;0;113;11;1;0;0
"30/03/2023";"22:02:00";"591";"Acidente s";"231,3";"BR-116/SP";"Pista Sul";"Colisão traseira";2;0;0;0;0;0;0;0;0;0;2;0;0;0;0
"30/03/2023";"22:24:00";"596";"Acidente c";"384,8";"BR-101/RJ";"Pista Norte";"Capotamento";0;0;0;0;0;0;1;0;0;0;0;1;0;0;0
"30/03/2023";"22:30:00";"601";"Acidente s";"134";"BR-116/SP";"Pista Norte";"Colisão traseira";1;0;0;0;0;0;0;0;1;0;3;0;0;0;0
"30/03/2023";"22:40:00";"607";"Acidente c";"134";"BR-116/SP";"Pista Norte";"Colisão traseira";0;1;0;0;0;0;0;0;1;0;3;1;0;0;0
"30/03/2023";"22:51:00";"611";"Acidente c";"231";"BR-116/RJ";"Pista Norte";"Choque em barreira New Jersey";0;0;0;0;0;0;0;0;1;0;3;1;0;0;0
"31/03/2023";"01:09:00";"25";"Acidente s";"292,6";"BR-116/RJ";"Pista Norte";"Choque em objeto na pista";0;0;0;0;0;0;0;0;1;0;1;0;0;0;0
"31/03/2023";"01:38:00";"30";"Acidente c";"303";"BR-116/RJ";"Pista Sul";"Queda de ribanceira";0;0;0;0;0;0;0;0;1;0;0;3;0;0;0
"31/03/2023";"02:28:00";"40";"Acidente s";"224,9";"BR-116/SP";"Pista Sul";"Choque em defensa";1;0;0;0;0;0;0;0;0;0;1;0;0;0;0
"31/03/2023";"07:25:00";"109";"Acidente c";"139,9";"BR-116/SP";"Pista Sul";"Colisão traseira";0;1;0;0;0;0;0;0;0;1;1;1;0;0;0
"31/03/2023";"07:37:00";"115";"Acidente s";"211,1";"BR-116/SP";"Pista Sul";"Colisão traseira";0;0;0;0;0;0;0;0;2;0;2;0;0;0;0
"31/03/2023";"08:11:00";"146";"Acidente s";"126,5";"BR-116/SP";"Pista Sul";"Queda de moto";0;1;0;0;0;0;0;0;0;0;2;0;0;0;0
"31/03/2023";"08:19:00";"152";"Acidente s";"226,3";"BR-116/RJ";"Pista Sul";"Choque em objeto fixo";1;0;0;0;0;0;0;0;0;0;0;0;0;0;0
"31/03/2023";"08:20:00";"153";"Acidente s";"96,1";"BR-116/SP";"Pista Norte";"Choque Talude";0;0;0;0;0;0;0;0;1;0;1;0;0;0;0
"31/03/2023";"09:24:00";"193";"Acidente s";"268";"BR-116/RJ";"Pista Norte";"Tombamento";0;0;0;0;0;0;0;0;1;0;2;0;0;0;0
"31/03/2023";"09:36:00";"201";"Acidente s";"216,5";"BR-116/SP";"Pista Sul";"Colisão traseira";0;1;0;0;0;0;0;0;1;0;2;0;0;0;0
"31/03/2023";"10:43:00";"247";"Acidente s";"186,5";"BR-116/SP";"Pista Sul";"Abalroamento longitudinal";1;0;0;0;0;0;0;0;1;0;2;0;0;0;0
"31/03/2023";"11:25:00";"270";"Acidente c";"41";"BR-116/SP";"Pista Norte";"Colisão traseira";0;0;0;0;0;0;0;0;1;1;4;1;0;0;0
"31/03/2023";"11:42:00";"277";"Acidente s";"227,5";"BR-116/SP";"Pista Sul";"Abalroamento longitudinal";0;0;0;0;0;0;0;0;1;1;2;0;0;0;0
"31/03/2023";"11:48:00";"281";"Acidente s";"324";"BR-116/RJ";"Pista Sul";"Colisão frontal";0;0;0;0;0;0;0;0;2;0;2;0;0;0;0
"31/03/2023";"12:28:00";"302";"Acidente c";"182,8";"BR-116/SP";"Pista Norte";"Colisão traseira";0;0;0;0;0;0;0;0;2;0;4;2;0;0;0
"31/03/2023";"12:38:00";"303";"Acidente c";"382";"BR-101/RJ";"Pista Sul";"Abalroamento longitudinal";0;0;0;0;0;0;0;0;2;0;0;1;0;0;0
"31/03/2023";"13:19:00";"320";"Acidente c";"512,9";"BR-101/RJ";"Pista Norte";"Abalroamento longitudinal";0;1;0;0;0;0;0;0;1;0;0;2;0;0;0
"31/03/2023";"13:35:00";"332";"Acidente s";"219,4";"BR-116/SP";"Pista Norte";"Abalroamento transversal";1;0;0;0;0;0;0;0;1;0;2;0;0;0;0
"31/03/2023";"13:39:00";"335";"Acidente s";"211,3";"BR-116/SP";"Pista Norte";"Colisão traseira";0;0;0;0;0;0;0;0;1;1;1;0;0;0;0
"31/03/2023";"14:10:00";"344";"Acidente c";"262";"BR-116/RJ";"Pista Norte";"Choque em barreira New Jersey";1;0;0;0;0;0;0;0;1;0;0;1;1;0;0
"31/03/2023";"15:29:00";"381";"Acidente c";"9";"BR-116/SP";"Pista Norte";"Colisão traseira";2;0;0;0;0;0;0;0;1;0;3;0;1;0;0
"31/03/2023";"15:29:00";"379";"Acidente s";"118";"BR-116/SP";"Pista Norte";"Engavetamento";0;0;0;0;0;0;0;0;1;0;3;0;0;0;0
"31/03/2023";"15:58:00";"395";"Acidente c";"108,8";"BR-116/SP";"Pista Sul";"Abalroamento longitudinal";0;1;0;0;0;0;0;0;1;0;2;0;1;0;0
"31/03/2023";"16:50:00";"425";"Acidente s";"219";"BR-116/SP";"Pista Sul";"Colisão traseira";0;0;0;0;0;0;0;0;1;1;2;0;0;0;0
"31/03/2023";"16:54:00";"428";"Acidente c";"35";"BR-101/SP";"Pista Sul";"Abalroamento longitudinal";0;1;0;0;0;0;0;0;1;0;1;0;1;0;0
"31/03/2023";"18:12:00";"467";"Acidente s";"111,6";"BR-116/SP";"Pista Norte";"Colisão traseira";0;0;0;0;0;0;0;0;2;0;2;0;0;0;0
"31/03/2023";"18:12:00";"468";"Acidente c";"539";"BR-101/RJ";"Pista Norte";"Capotamento";0;0;0;0;0;0;0;0;1;0;0;2;0;0;0
"31/03/2023";"18:41:00";"486";"Acidente c";"285,2";"BR-116/RJ";"Pista Sul";"Engavetamento";2;0;0;0;0;0;0;0;1;0;3;0;0;0;1
"31/03/2023";"18:46:00";"487";"Acidente c";"473";"BR-101/RJ";"Pista Sul";"Abalroamento longitudinal";0;1;0;0;0;0;0;0;1;0;1;0;1;0;0
"31/03/2023";"18:53:00";"491";"Acidente c";"216,5";"BR-116/SP";"Pista Sul";"Abalroamento longitudinal";1;0;0;0;0;0;0;0;1;0;1;1;0;0;0
"31/03/2023";"19:03:00";"496";"Acidente s";"114";"BR-116/SP";"Pista Norte";"Engavetamento";2;0;0;0;0;0;0;0;0;1;4;0;0;0;0
"31/03/2023";"19:44:00";"508";"Acidente s";"116,7";"BR-116/SP";"Pista Norte";"Colisão traseira";2;0;0;0;0;0;0;0;0;0;2;0;0;0;0
"31/03/2023";"19:51:00";"511";"Acidente s";"527";"BR-101/RJ";"Pista Sul";"Choque em objeto fixo";0;0;0;0;0;0;0;0;1;0;1;0;0;0;0
"31/03/2023";"19:55:00";"514";"Acidente s";"408";"BR-101/RJ";"Pista Norte";"Choque em objeto fixo";0;0;0;0;0;0;0;0;1;0;1;0;0;0;0
"31/03/2023";"20:02:00";"518";"Acidente s";"527";"BR-101/RJ";"Pista Sul";"Choque em objeto fixo";0;0;0;0;0;0;0;0;1;0;1;0;0;0;0