data;horario;n_da_ocorrencia;tipo_de_ocorrencia;km;trecho;sentido;tipo_de_acidente;automovel;bicicleta;caminhao;moto;onibus;outros;tracao_animal;transporte_de_cargas_especiais;trator_maquinas;utilitarios;ilesos;levemente_feridos;moderadamente_feridos;gravemente_feridos;mortos
"31/03/2023";"20:16:00";"522";"Acidente s";"230";"BR-116/RJ";"Pista Norte";"Choque em objeto fixo";1;0;0;0;0;0;0;0;0;0;1;0;0;0;0
"31/03/2023";"20:25:00";"526";"Acidente s";"45,1";"BR-101/SP";"Pista Norte";"Queda de moto";0;1;0;0;0;0;0;0;1;0;2;0;0;0;0
"31/03/2023";"22:17:00";"574";"Acidente s";"233";"BR-116/RJ";"Pista Norte";"Choque em objeto fixo";0;0;0;0;0;0;0;0;1;0;1;0;0;0;0
"31/03/2023";"23:49:00";"600";"Acidente s";"284";"BR-116/RJ";"Pista Norte";"Abalroamento longitudinal";0;0;0;0;0;0;0;0;1;1;2;0;0;0;0
"01/04/2023";"05:24:00";"46";"Acidente c";"56,3";"BR-116/SP";"Pista Sul";"Colisão traseira";0;0;0;0;0;0;0;0;2;0;1;1;0;0;0
"01/04/2023";"06:29:00";"57";"Acidente c";"245,45";"BR-116/RJ";"Pista Norte";"Tombamento";1;0;0;0;0;0;0;0;1;0;0;2;1;1;0
"01/04/2023";"06:38:00";"61";"Acidente c";"229,5";"BR-116/RJ";"Pista Norte";"Engavetamento";2;0;0;0;0;0;0;0;3;0;4;0;0;2;0
"01/04/2023";"06:40:00";"62";"Acidente c";"113,1";"BR-116/SP";"Pista Norte";"Queda de moto";0;1;0;0;0;0;0;0;0;0;0;0;0;1;0
"01/04/2023";"06:54:00";"67";"Acidente s";"210";"BR-116/SP";"Pista Sul";"Engavetamento";2;0;0;0;0;0;0;0;1;0;0;3;0;0;0
"01/04/2023";"07:41:00";"90";"Acidente c";"212,6";"BR-116/SP";"Pista Norte";"Colisão traseira";0;0;0;0;0;0;0;0;1;2;2;1;0;0;0
"01/04/2023";"08:43:00";"122";"Acidente c";"226";"BR-116/SP";"Pista Sul";"Colisão traseira";0;0;0;0;0;0;1;0;1;0;5;0;1;0;0
"01/04/2023";"09:08:00";"133";"Acidente c";"230,8";"BR-116/SP";"Pista Sul";"Engavetamento";0;0;0;0;0;0;0;0;3;0;2;0;1;0;0
"01/04/2023";"09:55:00";"157";"Acidente c";"205,1";"BR-116/SP";"Pista Norte";"Queda de moto";0;1;0;0;0;0;0;0;0;0;0;2;0;0;0
"01/04/2023";"10:31:00";"175";"Acidente c";"230,5";"BR-116/SP";"Pista Sul";"Abalroamento longitudinal";0;1;0;0;0;0;0;0;1;0;2;0;1;0;0
"01/04/2023";"11:34:00";"197";"Acidente c";"233";"BR-116/RJ";"Pista Sul";"Queda de moto";0;1;0;0;0;0;0;0;0;0;0;1;0;0;0
"01/04/2023";"11:56:00";"214";"Acidente c";"228,1";"BR-116/RJ";"Pista Norte";"Tombamento";1;0;0;0;0;0;0;0;0;0;0;1;0;0;0
"01/04/2023";"12:22:00";"223";"Acidente s";"228,1";"BR-116/RJ";"Pista Norte";"Choque em objeto fixo";0;0;0;0;0;0;1;0;0;0;1;0;0;0;0
"01/04/2023";"12:38:00";"226";"Acidente s";"53,8";"BR-116/SP";"Pista Sul";"Abalroamento longitudinal";2;0;0;0;0;0;0;0;0;0;1;0;0;0;0
"01/04/2023";"13:04:00";"237";"Acidente c";"230,2";"BR-116/SP";"Pista Sul";"Queda de moto";0;1;0;0;0;0;0;0;0;0;0;1;0;0;0
"01/04/2023";"13:17:00";"244";"Acidente c";"230";"BR-116/SP";"Pista Sul";"Abalroamento longitudinal";0;1;0;0;0;0;0;0;1;0;1;0;1;0;0
"01/04/2023";"14:15:00";"269";"Acidente s";"474";"BR-116/RJ";"Pista Sul";"Colisão frontal";0;0;0;0;0;0;0;0;2;0;2;0;0;0;0
"01/04/2023";"14:18:00";"272";"Acidente c";"501,5";"BR-116/RJ";"Pista Sul";"Capotamento";0;0;0;0;0;0;0;0;1;0;0;1;0;0;0
"01/04/2023";"14:39:00";"280";"Acidente c";"134,6";"BR-116/SP";"Pista Norte";"Choque em barreira New Jersey";0;0;0;0;0;0;0;0;1;0;0;2;0;0;0
"01/04/2023";"15:25:00";"305";"Acidente c";"211,5";"BR-116/SP";"Pista Norte";"Colisão traseira";0;0;0;0;0;0;0;0;1;1;1;3;0;0;0
"01/04/2023";"16:26:00";"337";"Acidente c";"206,5";"BR-116/SP";"Pista Norte";"Choque em objeto fixo";0;0;0;0;0;0;0;0;1;0;0;0;1;0;0
"01/04/2023";"16:59:00";"355";"Acidente s";"413";"BR-116/RJ";"Pista Norte";"Choque em barreira New Jersey";0;0;0;0;0;0;0;0;1;0;0;0;0;0;0
"01/04/2023";"17:34:00";"375";"Acidente s";"264,7";"BR-116/RJ";"Pista Norte";"Choque em objeto fixo";0;0;0;0;0;0;1;0;0;0;1;0;0;0;0
"01/04/2023";"21:28:00";"475";"Acidente s";"91";"BR-116/SP";"Pista Norte";"Choque em objeto fixo";0;0;0;0;0;0;0;0;1;0;1;0;0;0;0
"01/04/2023";"21:31:00";"476";"Acidente c";"400";"BR-116/RJ";"Pista Norte";"Queda de moto";0;1;0;0;0;0;0;0;0;0;0;0;1;0;0
"01/04/2023";"21:36:00";"479";"Acidente s";"495";"BR-116/RJ";"Pista Sul";"Choque em objeto fixo";0;0;0;0;0;0;0;0;1;0;3;0;0;0;0
"01/04/2023";"21:47:00";"481";"Acidente c";"400,7";"BR-116/RJ";"Pista Norte";"Atropelamento de animal";0;1;0;1;0;0;0;0;0;0;1;0;1;0;0
"02/04/2023";"00:05:00";"16";"Acidente s";"47,7";"BR-116/SP";"Pista Sul";"Choque em barreira New Jersey";0;0;0;0;0;0;0;0;1;0;0;0;0;0;0
"02/04/2023";"00:41:00";"26";"Acidente s";"528";"BR-116/RJ";"Pista Norte";"Choque em objeto fixo";0;0;0;0;0;0;1;0;0;0;0;0;0;0;0
"02/04/2023";"01:59:00";"39";"Acidente c";"224,8";"BR-116/RJ";"Pista Norte";"Capotamento";0;0;0;0;0;0;0;0;1;0;0;1;0;0;0
"02/04/2023";"02:38:00";"46";"Acidente s";"165,7";"BR-116/SP";"Pista Norte";"Colisão traseira";0;0;0;0;0;0;0;0;1;1;2;0;0;0;0
"02/04/2023";"06:51:00";"90";"Acidente c";"224,8";"BR-116/RJ";"Pista Sul";"Capotamento";0;0;0;0;0;0;0;0;1;0;0;1;0;0;0
"02/04/2023";"10:59:00";"186";"Acidente c";"482";"BR-116/RJ";"Pista Sul";"Colisão traseira";0;0;0;0;0;0;0;0;1;1;2;1;0;0;0
"02/04/2023";"12:38:00";"215";"Acidente c";"125,5";"BR-116/SP";"Pista Sul";"Colisão traseira";0;0;0;0;0;0;0;0;2;0;0;8;0;0;0
"02/04/2023";"13:36:00";"235";"Acidente c";"166,6";"BR-116/SP";"Pista Norte";"Queda de ribanceira";0;1;0;0;0;0;0;0;0;0;0;1;0;0;0
"02/04/2023";"18:54:00";"368";"Acidente s";"393";"BR-116/RJ";"Pista Norte";"Colisão traseira";0;0;0;0;0;0;0;0;2;0;4;0;0;0;0
"02/04/2023";"20:00:00";"392";"Acidente c";"86,1";"BR-116/SP";"Pista Norte";"Colisão traseira";1;0;0;0;0;0;0;0;1;0;3;1;0;0;0
"02/04/2023";"21:36:00";"419";"Acidente s";"390";"BR-116/RJ";"Pista Sul";"Queda de ribanceira";0;0;0;0;0;0;0;0;1;0;0;0;0;0;0
"02/04/2023";"21:37:00";"420";"Acidente s";"37";"BR-116/SP";"Pista Sul";"Choque em barreira New Jersey";0;0;0;0;0;0;0;0;1;0;5;0;0;0;0
"02/04/2023";"23:44:00";"449";"Acidente s";"223,3";"BR-116/SP";"Pista Sul";"Choque em objeto fixo";0;0;0;0;0;0;0;0;1;0;1;0;0;0;0
"03/04/2023";"03:15:00";"38";"Acidente s";"157,5";"BR-116/SP";"Pista Norte";"Colisão traseira";0;0;0;0;0;0;0;0;2;0;5;0;0;0;0
"03/04/2023";"04:20:00";"45";"Acidente s";"407";"BR-116/RJ";"Pista Sul";"Choque em objeto fixo";0;0;0;0;0;0;0;0;1;0;0;0;0;0;0
"03/04/2023";"05:18:00";"55";"Acidente s";"226,7";"BR-116/SP";"Pista Norte";"Abalroamento longitudinal";2;0;0;0;0;0;0;0;0;0;2;0;0;0;0
"03/04/2023";"05:53:00";"63";"Acidente c";"224,1";"BR-116/SP";"Pista Sul";"Abalroamento longitudinal";0;1;0;0;0;0;0;0;1;0;2;0;1;0;0
"03/04/2023";"06:06:00";"65";"Acidente c";"212,5";"BR-116/SP";"Pista Sul";"Engavetamento";0;0;0;1;0;0;0;0;2;0;0;35;0;0;0
"03/04/2023";"07:00:00";"102";"Acidente s";"126";"BR-116/SP";"Pista Sul";"Engavetamento";0;0;0;0;0;1;0;0;2;0;4;0;0;0;0
"03/04/2023";"07:04:00";"106";"Acidente c";"298";"BR-116/RJ";"Pista Norte";"Abalroamento longitudinal";0;0;0;0;0;0;0;0;2;0;0;0;1;0;0
"03/04/2023";"07:09:00";"110";"Acidente s";"393";"BR-116/RJ";"Pista Norte";"Capotamento";0;0;0;0;0;0;0;0;1;0;1;0;0;0;0
"03/04/2023";"07:35:00";"126";"Acidente c";"312,15";"BR-116/RJ";"Pista Sul";"Engavetamento";0;0;0;0;0;0;0;0;3;0;1;2;0;0;0
"03/04/2023";"07:43:00";"129";"Acidente s";"302";"BR-116/RJ";"Pista Sul";"Queda de moto";0;1;0;0;0;0;0;0;0;0;1;0;0;0;0
"03/04/2023";"07:45:00";"133";"Acidente s";"298,1";"BR-116/RJ";"Pista Sul";"Choque em objeto na pista";0;1;0;0;0;0;0;0;0;0;2;0;0;0;0
"03/04/2023";"08:00:00";"142";"Acidente c";"225";"BR-116/SP";"Pista Sul";"Colisão traseira";0;0;0;0;0;0;0;0;2;0;2;1;0;0;0
"03/04/2023";"08:14:00";"153";"Acidente c";"225,6";"BR-116/SP";"Pista Sul";"Abalroamento longitudinal";0;1;0;0;0;0;0;0;2;0;4;1;0;0;0
"03/04/2023";"10:10:00";"222";"Acidente c";"577";"BR-116/RJ";"Pista Sul";"Queda de moto";0;1;0;0;0;0;0;0;0;0;0;1;0;0;0
"03/04/2023";"11:22:00";"254";"Acidente s";"204,5";"BR-116/SP";"Pista Norte";"Choque em objeto fixo";1;0;0;0;0;0;0;0;0;0;1;0;0;0;0
"03/04/2023";"12:35:00";"284";"Acidente c";"204,5";"BR-116/SP";"Pista Sul";"Abalroamento longitudinal";0;0;0;0;0;0;0;0;1;1;1;1;0;0;0
"03/04/2023";"12:52:00";"290";"Acidente c";"436";"BR-116/RJ";"Pista Sul";"Colisão frontal";0;1;0;0;0;0;0;0;1;0;2;0;1;0;1
"03/04/2023";"13:08:00";"300";"Acidente s";"437";"BR-116/RJ";"Pista Norte";"Queda de moto";0;1;0;0;0;0;0;0;0;0;1;0;0;0;0
"03/04/2023";"13:58:00";"318";"Acidente s";"166,2";"BR-116/SP";"Pista Sul";"Colisão traseira";1;0;0;0;0;0;0;0;0;0;1;0;0;0;0
"03/04/2023";"14:06:00";"323";"Acidente c";"394,9";"BR-116/RJ";"Pista Sul";"Tombamento";1;0;0;0;0;0;0;0;0;0;0;0;0;0;1
"03/04/2023";"14:28:00";"332";"Acidente s";"110";"BR-116/SP";"Pista Norte";"Abalroamento longitudinal";0;0;0;1;0;0;0;0;1;0;2;0;0;0;0
"03/04/2023";"15:19:00";"361";"Acidente c";"229";"BR-116/SP";"Pista Norte";"Abalroamento longitudinal";1;1;0;0;0;0;0;0;0;0;1;1;0;0;0
"03/04/2023";"16:08:00";"393";"Acidente s";"227,6";"BR-116/SP";"Pista Norte";"Choque em barreira New Jersey";0;0;0;0;0;0;0;0;1;0;1;0;0;0;0
"03/04/2023";"19:45:00";"501";"Acidente s";"428";"BR-116/RJ";"Pista Sul";"Choque em objeto fixo";0;0;0;0;0;0;0;0;1;0;3;0;0;0;0
"03/04/2023";"22:37:00";"546";"Acidente c";"291";"BR-116/RJ";"Pista Norte";"Choque em barreira New Jersey";0;0;0;0;0;0;0;0;1;0;1;1;0;0;0
"04/04/2023";"02:00:00";"37";"Acidente c";"224,3";"BR-116/SP";"Pista Sul";"Colisão traseira";0;0;0;0;0;0;0;0;1;1;1;0;0;1;0
"04/04/2023";"04:03:00";"48";"Acidente c";"185,8";"BR-116/SP";"Pista Norte";"Choque em defensa";1;0;0;0;0;0;0;0;0;0;0;1;0;0;0
"04/04/2023";"05:38:00";"62";"Acidente s";"36,3";"BR-116/SP";"Pista Norte";"Choque em objeto fixo";1;0;0;0;0;0;0;0;0;0;1;0;0;0;0
"04/04/2023";"05:40:00";"63";"Acidente c";"309,7";"BR-116/RJ";"Pista Norte";"Choque em defensa";0;0;0;0;0;0;0;0;1;0;0;1;0;0;0
"04/04/2023";"06:53:00";"80";"Acidente c";"221,65";"BR-116/SP";"Pista Sul";"Abalroamento longitudinal";0;1;0;0;0;0;0;0;1;0;1;1;0;0;0
"04/04/2023";"12:50:00";"243";"Acidente c";"510";"BR-116/RJ";"Pista Sul";"Abalroamento longitudinal";0;1;0;0;0;0;0;0;1;0;0;0;2;0;0
"04/04/2023";"13:38:00";"263";"Acidente c";"145,5";"BR-116/SP";"Pista Norte";"Choque em objeto na pista";0;0;0;0;0;0;0;0;0;1;0;2;0;0;0
"04/04/2023";"15:10:00";"308";"Acidente s";"313,4";"BR-116/RJ";"Pista Norte";"Choque em objeto fixo";0;0;0;0;0;0;0;0;1;0;1;0;0;0;0
"04/04/2023";"16:13:00";"334";"Acidente c";"229";"BR-116/RJ";"Pista Sul";"Colisão traseira";1;0;0;0;0;0;1;0;0;0;0;1;0;0;0
"04/04/2023";"16:23:00";"336";"Acidente c";"470";"BR-116/RJ";"Pista Norte";"Capotamento";0;0;0;0;0;0;0;0;1;0;0;1;0;0;0
"04/04/2023";"16:52:00";"348";"Acidente s";"243";"BR-116/RJ";"Pista Sul";"Colisão traseira";1;0;0;0;0;0;0;0;1;0;0;0;0;0;0
"04/04/2023";"18:18:00";"395";"Acidente s";"477";"BR-116/RJ";"Pista Sul";"Colisão traseira";0;0;0;0;0;0;0;0;2;0;2;0;0;0;0
"04/04/2023";"19:38:00";"434";"Acidente s";"152";"BR-116/SP";"Pista Norte";"Engavetamento";0;0;0;0;0;0;0;0;3;0;6;0;0;0;0
"04/04/2023";"19:56:00";"437";"Acidente c";"145";"BR-116/SP";"Pista Norte";"Choque em barreira New Jersey";0;0;0;0;0;0;0;0;1;0;0;1;0;0;0
"05/04/2023";"03:17:00";"38";"Acidente s";"292,5";"BR-116/RJ";"Pista Sul";"Tombamento";1;0;0;0;0;0;0;0;0;0;1;0;0;0;0
"05/04/2023";"06:32:00";"74";"Acidente s";"189,3";"BR-116/SP";"Pista Sul";"Colisão traseira";0;0;0;0;0;0;0;0;1;1;2;0;0;0;0
"05/04/2023";"07:28:00";"106";"Acidente c";"472";"BR-116/RJ";"Pista Norte";"Abalroamento longitudinal";0;2;0;0;0;0;0;0;0;0;0;2;0;0;0
"05/04/2023";"07:54:00";"127";"Acidente s";"190";"BR-116/SP";"Pista Norte";"Choque em objeto na pista";1;0;0;0;0;0;0;0;1;0;4;0;0;0;0
"05/04/2023";"08:05:00";"138";"Acidente s";"111";"BR-116/SP";"Pista Norte";"Colisão traseira";0;0;0;0;0;0;0;0;2;0;2;0;0;0;0
"05/04/2023";"08:30:00";"156";"Acidente c";"219";"BR-116/SP";"Pista Norte";"Queda de moto";0;1;0;0;0;0;0;0;0;1;0;1;0;0;0
"05/04/2023";"09:39:00";"191";"Atropelame";"83";"BR-116/SP";"Pista Norte";"Atropelamento de pedestre atravessando";0;0;1;0;0;0;0;0;1;0;1;0;0;1;0
"05/04/2023";"09:42:00";"192";"Acidente s";"164,8";"BR-116/SP";"Pista Norte";"Abalroamento longitudinal";1;0;0;0;0;0;0;0;1;0;2;0;0;0;0
"05/04/2023";"09:52:00";"201";"Acidente s";"489,2";"BR-116/RJ";"Pista Norte";"Colisão traseira";0;0;0;1;0;0;0;0;1;0;2;0;0;0;0
"05/04/2023";"11:27:00";"238";"Acidente c";"385";"BR-116/RJ";"Pista Sul";"Engavetamento";0;0;0;0;0;0;0;0;3;0;0;1;0;0;0
"05/04/2023";"13:52:00";"305";"Acidente s";"150";"BR-116/SP";"Pista Sul";"Atropelamento de animal";0;0;0;0;0;0;0;0;1;0;1;0;0;0;0
"05/04/2023";"14:10:00";"316";"Acidente c";"71,4";"BR-116/SP";"Pista Norte";"Choque em objeto fixo";0;0;0;0;0;0;0;0;1;0;1;1;0;0;0
"05/04/2023";"18:48:00";"463";"Acidente c";"76,4";"BR-116/SP";"Pista Sul";"Abalroamento longitudinal";1;0;0;0;0;0;0;0;1;1;2;1;1;0;0
"05/04/2023";"18:50:00";"464";"Acidente s";"156,4";"BR-116/SP";"Pista Norte";"Colisão traseira";0;0;0;0;0;0;0;0;2;0;3;0;0;0;0
"06/04/2023";"05:10:00";"59";"Acidente s";"286,4";"BR-116/RJ";"Pista Norte";"Tombamento";1;0;0;0;0;0;0;0;0;0;0;0;0;0;0
"06/04/2023";"05:26:00";"60";"Acidente s";"286,4";"BR-116/RJ";"Pista Norte";"Colisão traseira";2;0;0;0;0;0;0;0;0;0;2;0;0;0;0
"06/04/2023";"06:00:00";"64";"Acidente c";"420,9";"BR-116/RJ";"Pista Sul";"Colisão frontal";0;0;0;0;0;0;0;0;2;0;1;1;0;0;0
"06/04/2023";"07:12:00";"113";"Acidente c";"221,8";"BR-116/SP";"Pista Norte";"Abalroamento longitudinal";0;1;0;0;0;0;0;0;1;0;2;1;0;0;0
"06/04/2023";"07:20:00";"121";"Acidente c";"221,4";"BR-116/SP";"Pista Norte";"Colisão traseira";0;1;0;0;0;0;0;0;1;0;1;1;0;0;0
"06/04/2023";"09:28:00";"192";"Acidente c";"469";"BR-116/RJ";"Pista Sul";"Colisão frontal";1;0;1;0;0;0;0;0;1;0;1;3;1;0;0
"06/04/2023";"09:37:00";"199";"Acidente s";"192,1";"BR-116/SP";"Pista Norte";"Abalroamento longitudinal";1;0;0;0;0;0;0;0;1;0;1;0;0;0;0
"06/04/2023";"10:32:00";"228";"Acidente s";"36,2";"BR-116/SP";"Pista Norte";"Outros";0;0;0;0;0;0;0;0;1;0;0;0;0;0;0
"06/04/2023";"11:03:00";"246";"Acidente s";"229";"BR-116/SP";"Pista Sul";"Abalroamento longitudinal";0;2;0;0;0;0;0;0;0;1;3;0;0;0;0
"06/04/2023";"12:44:00";"292";"Acidente s";"27";"BR-116/SP";"Pista Norte";"Choque em barreira New Jersey";0;0;0;0;0;0;0;0;1;0;2;0;0;0;0
"06/04/2023";"13:07:00";"299";"Acidente s";"210,5";"BR-116/SP";"Pista Sul";"Abalroamento longitudinal";1;0;0;0;0;0;0;0;1;0;3;0;0;0;0
"06/04/2023";"14:31:00";"336";"Acidente s";"228";"BR-116/RJ";"Pista Sul";"Colisão traseira";1;0;0;0;0;0;0;0;1;0;2;0;0;0;0
"06/04/2023";"14:47:00";"344";"Acidente s";"286";"BR-116/RJ";"Pista Norte";"Colisão traseira";0;0;0;0;0;1;0;0;1;0;2;0;0;0;0
"06/04/2023";"17:00:00";"414";"Acidente c";"147,85";"BR-116/SP";"Pista Sul";"Queda de moto";0;1;0;0;0;0;0;0;0;0;0;1;0;0;0
"06/04/2023";"17:26:00";"429";"Acidente c";"575";"BR-116/RJ";"Pista Norte";"Colisão traseira";0;0;0;0;0;0;0;0;2;0;6;1;0;0;0
"06/04/2023";"17:44:00";"439";"Acidente s";"217,3";"BR-116/SP";"Pista Norte";"Colisão traseira";0;0;0;0;0;0;0;0;1;1;3;0;0;0;0
"06/04/2023";"17:49:00";"443";"Atropelame";"474";"BR-116/RJ";"Pista Norte";"Atropelamento de pedestre atravessando";0;0;0;0;0;0;0;0;1;0;1;0;1;0;0
"06/04/2023";"18:39:00";"485";"Atropelame";"222,85";"BR-116/RJ";"Pista Sul";"Atropelamento de pedestre caminhando";0;0;0;0;0;0;0;0;0;1;1;0;0;0;1
"06/04/2023";"18:42:00";"487";"Acidente c";"482";"BR-116/RJ";"Pista Norte";"Colisão traseira";0;0;0;0;0;0;0;0;2;0;3;1;0;0;0
"06/04/2023";"18:45:00";"490";"Acidente s";"542,3";"BR-116/RJ";"Pista Norte";"Choque em objeto fixo";0;0;0;0;0;0;0;0;1;0;3;0;0;0;0
"06/04/2023";"18:45:00";"491";"Atropelame";"82";"BR-116/SP";"Pista Sul";"Atropelamento de pedestre atravessando";0;0;1;0;0;0;0;0;0;1;1;1;1;0;0
"06/04/2023";"18:54:00";"494";"Acidente s";"151,7";"BR-116/SP";"Pista Norte";"Colisão traseira";0;0;0;0;0;0;0;0;2;0;3;0;0;0;0
"06/04/2023";"19:04:00";"499";"Acidente c";"205,5";"BR-116/SP";"Pista Norte";"Choque em barreira New Jersey";0;0;0;0;0;0;0;0;1;0;0;1;0;0;1
"06/04/2023";"20:06:00";"531";"Acidente s";"230,2";"BR-116/SP";"Pista Norte";"Colisão traseira";0;0;0;0;0;0;0;0;1;1;2;0;0;0;0
"06/04/2023";"20:15:00";"535";"Acidente s";"156";"BR-116/SP";"Pista Sul";"Colisão traseira";0;0;0;0;0;0;0;0;1;1;5;0;0;0;0
"06/04/2023";"21:04:00";"564";"Acidente s";"595,6";"BR-116/RJ";"Pista Norte";"Choque em objeto fixo";0;0;0;0;0;0;0;0;1;0;1;0;0;0;0
"06/04/2023";"21:27:00";"575";"Acidente s";"428,2";"BR-116/RJ";"Pista Norte";"Abalroamento longitudinal";0;0;0;0;0;0;0;0;2;0;2;0;0;0;0
"07/04/2023";"04:25:00";"76";"Acidente c";"230";"BR-116/SP";"Pista Norte";"Abalroamento longitudinal";0;1;0;0;0;0;0;0;1;1;2;0;1;0;0
"07/04/2023";"06:49:00";"101";"Acidente s";"385";"BR-116/RJ";"Pista Norte";"Abalroamento longitudinal";1;0;0;0;0;0;0;0;1;0;2;0;0;0;0
"07/04/2023";"08:29:00";"148";"Acidente c";"110";"BR-116/SP";"Pista Sul";"Queda de moto";0;1;0;0;0;0;0;0;0;0;0;2;0;0;0
"07/04/2023";"09:08:00";"161";"Acidente c";"142,84";"BR-116/SP";"Pista Norte";"Engavetamento";0;0;0;0;0;0;0;0;7;0;17;0;2;0;0
"07/04/2023";"09:17:00";"164";"Acidente s";"93,1";"BR-116/SP";"Pista Norte";"Colisão traseira";0;0;0;0;0;0;0;0;1;1;3;0;0;0;0
"07/04/2023";"10:03:00";"193";"Acidente c";"479";"BR-116/RJ";"Pista Norte";"Abalroamento longitudinal";0;0;0;0;0;0;0;0;2;0;4;1;0;0;0
"07/04/2023";"11:30:00";"227";"Acidente c";"44";"BR-116/SP";"Pista Sul";"Colisão traseira";0;1;0;0;0;0;0;0;1;0;1;0;1;0;0
"07/04/2023";"12:17:00";"248";"Acidente s";"290";"BR-116/RJ";"Pista Sul";"Colisão traseira";0;0;0;0;0;0;0;0;1;1;1;0;0;0;0
"07/04/2023";"13:16:00";"264";"Acidente s";"26";"BR-116/SP";"Pista Sul";"Choque em barreira New Jersey";0;0;0;0;0;0;0;0;1;0;0;0;0;0;0
"07/04/2023";"13:22:00";"267";"Acidente s";"514";"BR-116/RJ";"Pista Sul";"Choque em objeto fixo";0;0;0;0;0;0;0;0;1;0;3;0;0;0;0
"07/04/2023";"13:30:00";"272";"Acidente c";"228";"BR-116/SP";"Pista Sul";"Colisão traseira";1;1;0;0;0;0;0;0;0;0;1;0;1;0;0
"07/04/2023";"13:31:00";"273";"Acidente s";"523";"BR-116/RJ";"Pista Norte";"Choque em objeto fixo";0;0;0;0;0;0;0;0;1;0;1;0;0;0;0
"07/04/2023";"14:12:00";"285";"Acidente c";"52,3";"BR-116/SP";"Pista Norte";"Colisão traseira";0;1;0;0;0;0;0;0;1;0;1;0;1;0;0
"07/04/2023";"15:52:00";"327";"Acidente s";"6";"BR-116/SP";"Pista Sul";"Colisão traseira";0;0;0;0;0;0;0;0;1;1;4;0;0;0;0
"07/04/2023";"15:56:00";"329";"Acidente s";"37,7";"BR-116/SP";"Pista Sul";"Choque em defensa";0;0;0;0;0;0;0;0;1;0;1;0;0;0;0
"07/04/2023";"16:47:00";"360";"Acidente s";"528";"BR-116/RJ";"Pista Norte";"Choque em objeto fixo";0;0;0;0;0;0;0;0;1;0;1;0;0;0;0
"07/04/2023";"16:52:00";"363";"Acidente c";"541,4";"BR-116/RJ";"Pista Sul";"Choque em objeto fixo";0;0;0;0;0;0;0;0;1;0;0;0;0;0;1
"07/04/2023";"16:57:00";"366";"Acidente s";"112";"BR-116/SP";"Pista Sul";"Colisão traseira";0;0;0;0;0;0;0;0;1;1;1;0;0;0;0
"07/04/2023";"16:57:00";"365";"Acidente s";"232,7";"BR-116/RJ";"Pista Norte";"Choque em objeto fixo";0;0;0;0;0;0;0;0;1;0;1;0;0;0;0
"07/04/2023";"19:11:00";"411";"Acidente s";"215";"BR-116/SP";"Pista Sul";"Colisão traseira";0;0;0;0;0;0;0;0;1;1;2;0;0;0;0
"07/04/2023";"19:37:00";"422";"Acidente s";"187";"BR-116/SP";"Pista Norte";"Choque em barreira New Jersey";0;0;0;0;0;0;0;0;1;0;1;0;0;0;0
"07/04/2023";"20:29:00";"440";"Acidente s";"550,1";"BR-116/RJ";"Pista Norte";"Queda de moto";0;1;0;0;0;0;0;0;0;0;2;0;0;0;0
"07/04/2023";"22:44:00";"468";"Acidente s";"202";"BR-116/SP";"Pista Sul";"Choque em objeto fixo";0;0;0;0;0;0;0;0;1;0;1;0;0;0;0
"07/04/2023";"22:52:00";"470";"Acidente s";"158";"BR-116/SP";"Pista Sul";"Abalroamento longitudinal";0;0;0;0;0;0;0;0;2;0;6;0;0;0;0
"07/04/2023";"23:36:00";"479";"Atropelame";"512";"BR-116/RJ";"Pista Norte";"Atropelamento de pedestre atravessando";0;0;0;0;0;0;0;0;1;0;1;1;0;0;0
"08/04/2023";"00:01:00";"15";"Atropelame";"229,5";"BR-116/SP";"Pista Sul";"Atropelamento de pedestre caminhando";0;0;0;0;0;0;0;0;1;0;1;1;0;0;1
"08/04/2023";"01:52:00";"26";"Acidente s";"496";"BR-116/RJ";"Pista Norte";"Queda de ribanceira";0;0;0;0;0;0;0;0;1;0;1;0;0;0;0
"08/04/2023";"02:20:00";"31";"Acidente c";"266,7";"BR-116/RJ";"Pista Sul";"Capotamento";0;0;0;0;0;0;0;0;1;0;0;3;0;0;0
"08/04/2023";"03:54:00";"41";"Acidente c";"129,25";"BR-116/SP";"Pista Norte";"Abalroamento longitudinal";1;0;0;0;0;0;0;0;1;0;0;2;0;0;0
"08/04/2023";"04:25:00";"49";"Acidente c";"36,7";"BR-116/SP";"Pista Sul";"Choque em defensa";0;0;0;0;0;0;0;0;1;0;2;2;0;0;0
"08/04/2023";"06:23:00";"56";"Acidente c";"449";"BR-116/RJ";"Pista Norte";"Colisão frontal";0;0;0;1;0;0;0;0;1;0;2;1;1;1;0
"08/04/2023";"06:50:00";"67";"Acidente s";"130,4";"BR-116/SP";"Pista Sul";"Capotamento";0;0;0;0;0;0;0;0;1;1;2;0;0;0;0
"08/04/2023";"07:02:00";"71";"Acidente c";"417";"BR-116/RJ";"Pista Sul";"Capotamento";0;0;0;0;0;0;0;0;1;0;0;1;0;0;0
"08/04/2023";"07:07:00";"72";"Acidente c";"231,3";"BR-116/RJ";"Pista Norte";"Choque em objeto fixo";0;0;0;0;0;0;0;0;2;0;1;2;0;0;0
"08/04/2023";"07:34:00";"78";"Acidente s";"229,8";"BR-116/RJ";"Pista Norte";"Choque em objeto fixo";1;0;0;0;0;0;0;0;0;0;0;0;0;0;0
"08/04/2023";"07:34:00";"79";"Acidente c";"481,2";"BR-116/RJ";"Pista Norte";"Choque em barreira New Jersey";0;0;0;0;0;0;0;0;1;0;0;1;0;0;0