data;horario;n_da_ocorrencia;tipo_de_ocorrencia;km;trecho;sentido;tipo_de_acidente;automovel;bicicleta;caminhao;moto;onibus;outros;tracao_animal;transporte_de_cargas_especiais;trator_maquinas;utilitarios;ilesos;levemente_feridos;moderadamente_feridos;gravemente_feridos;mortos
"14/04/2023";"01:18:00";"40";"Acidente c";"145,6";"BR-116/SP";"Pista Norte";"Engavetamento";0;0;0;0;0;0;1;0;1;1;1;3;0;0;0
"14/04/2023";"04:43:00";"63";"Acidente s";"394";"BR-116/RJ";"Pista Sul";"Atropelamento de animal";0;0;0;0;0;0;0;0;1;0;1;0;0;0;0
"14/04/2023";"07:03:00";"115";"Acidente c";"207";"BR-116/SP";"Pista Sul";"Colisão traseira";0;2;0;0;0;0;0;0;0;0;0;1;2;0;0
"14/04/2023";"07:28:00";"137";"Acidente c";"217,8";"BR-116/SP";"Pista Sul";"Colisão traseira";0;1;0;0;0;0;0;0;1;0;1;1;0;0;0
"14/04/2023";"09:13:00";"202";"Acidente c";"145,8";"BR-116/SP";"Pista Sul";"Engavetamento";0;0;0;0;0;0;0;0;3;0;2;1;2;0;0
"14/04/2023";"11:29:00";"280";"Acidente s";"277,2";"BR-116/RJ";"Pista Norte";"Engavetamento";1;0;0;0;0;0;0;0;2;1;4;0;0;0;0
"14/04/2023";"12:27:00";"301";"Acidente c";"259";"BR-116/RJ";"Pista Sul";"Capotamento";0;0;0;0;0;0;0;0;1;0;0;1;0;0;0
"14/04/2023";"12:40:00";"306";"Acidente c";"182,3";"BR-116/SP";"Pista Norte";"Queda de moto";0;1;0;0;0;0;0;0;0;0;0;1;0;0;0
"14/04/2023";"13:34:00";"324";"Acidente s";"482";"BR-116/RJ";"Pista Norte";"Abalroamento longitudinal";0;1;0;1;0;0;0;0;0;0;2;0;0;0;0
"14/04/2023";"14:25:00";"350";"Acidente s";"134,6";"BR-116/SP";"Pista Norte";"Colisão traseira";0;0;0;0;0;0;0;0;2;0;4;0;0;0;0
"14/04/2023";"14:34:00";"356";"Acidente s";"323";"BR-116/RJ";"Pista Norte";"Choque em objeto fixo";0;0;0;0;0;0;0;0;1;0;0;0;0;0;0
"14/04/2023";"15:40:00";"384";"Acidente c";"147";"BR-116/SP";"Pista Sul";"Choque em objeto fixo";0;1;0;0;0;0;0;0;0;0;0;1;0;0;0
"14/04/2023";"15:41:00";"385";"Acidente s";"418";"BR-116/RJ";"Pista Sul";"Choque em objeto fixo";0;0;0;0;0;0;0;0;1;0;1;0;0;0;0
"14/04/2023";"15:50:00";"392";"Acidente s";"429";"BR-116/RJ";"Pista Sul";"Choque em objeto fixo";0;0;0;0;0;0;0;0;1;0;1;0;0;0;0
"14/04/2023";"16:11:00";"398";"Acidente s";"418";"BR-116/RJ";"Pista Sul";"Colisão frontal";0;0;0;0;0;0;0;0;2;0;2;0;0;0;0
"14/04/2023";"16:43:00";"415";"Acidente c";"215,1";"BR-116/SP";"Pista Norte";"Colisão traseira";1;1;0;0;0;0;0;0;0;0;1;1;0;0;0
"14/04/2023";"17:30:00";"441";"Acidente s";"226,5";"BR-116/RJ";"Pista Norte";"Choque em defensa";0;0;0;0;0;0;0;0;1;0;1;0;0;0;0
"14/04/2023";"17:34:00";"443";"Acidente s";"435,7";"BR-116/RJ";"Pista Sul";"Choque em barreira New Jersey";0;0;0;0;0;0;0;0;1;0;3;0;0;0;0
"14/04/2023";"22:29:00";"576";"Acidente s";"247";"BR-116/RJ";"Pista Norte";"Capotamento";0;0;0;0;0;0;0;0;1;0;1;0;0;0;0
"14/04/2023";"23:30:00";"592";"Acidente c";"265,8";"BR-116/RJ";"Pista Norte";"Queda de ribanceira";0;0;0;0;0;0;0;0;1;0;0;1;0;0;0
"15/04/2023";"01:40:00";"26";"Acidente c";"28";"BR-116/SP";"Pista Sul";"Abalroamento longitudinal";2;0;0;0;0;0;0;0;0;0;0;0;0;2;0
"15/04/2023";"03:51:00";"42";"Acidente c";"316";"BR-116/RJ";"Pista Norte";"Abalroamento longitudinal";0;0;0;0;0;0;0;0;1;1;1;1;0;0;0
"15/04/2023";"06:19:00";"59";"Acidente c";"151,85";"BR-116/SP";"Pista Norte";"Capotamento";0;0;0;0;0;0;0;0;1;0;0;1;2;0;0
"15/04/2023";"06:30:00";"68";"Acidente s";"217,8";"BR-116/SP";"Pista Sul";"Choque em objeto na pista";0;0;0;0;0;0;0;0;2;1;3;0;0;0;0
"15/04/2023";"08:00:00";"112";"Acidente s";"317";"BR-116/RJ";"Pista Norte";"Choque em objeto na pista";0;0;0;0;0;0;0;0;1;0;0;0;0;0;0
"15/04/2023";"08:43:00";"129";"Acidente s";"212";"BR-116/SP";"Pista Sul";"Engavetamento";0;0;0;0;0;0;0;0;3;0;5;0;0;0;0
"15/04/2023";"11:12:00";"199";"Acidente s";"229,4";"BR-116/RJ";"Pista Norte";"Colisão traseira";1;0;0;0;0;0;0;0;0;1;2;0;0;0;0
"15/04/2023";"12:20:00";"227";"Acidente s";"328";"BR-116/RJ";"Pista Norte";"Colisão traseira";1;0;0;0;0;0;0;0;1;0;2;0;0;0;0
"15/04/2023";"14:38:00";"274";"Acidente s";"150,3";"BR-116/SP";"Pista Sul";"Colisão traseira";1;0;0;0;0;0;0;0;1;0;3;0;0;0;0
"15/04/2023";"14:41:00";"275";"Acidente s";"428";"BR-116/RJ";"Pista Norte";"Colisão traseira";1;0;0;0;0;0;0;0;1;0;2;0;0;0;0
"15/04/2023";"18:20:00";"350";"Acidente s";"145,8";"BR-116/SP";"Pista Sul";"Engavetamento";0;0;0;0;0;0;0;0;1;3;7;0;0;0;0
"15/04/2023";"18:51:00";"366";"Acidente s";"71,8";"BR-116/SP";"Pista Sul";"Abalroamento longitudinal";0;0;0;0;0;0;0;0;2;0;6;0;0;0;0
"15/04/2023";"21:37:00";"421";"Acidente s";"596,5";"BR-116/RJ";"Pista Norte";"Choque em objeto fixo";0;0;0;0;0;0;0;0;1;0;1;0;0;0;0
"15/04/2023";"21:48:00";"424";"Acidente s";"428,3";"BR-116/RJ";"Pista Norte";"Choque em objeto fixo";0;0;0;0;0;0;0;0;1;0;1;0;0;0;0
"15/04/2023";"21:59:00";"427";"Acidente c";"438";"BR-116/RJ";"Pista Sul";"Abalroamento longitudinal";0;0;0;0;0;0;0;0;2;0;3;2;1;0;0
"16/04/2023";"00:00:00";"15";"Acidente s";"514";"BR-116/RJ";"Pista Norte";"Choque em objeto fixo";0;0;0;0;0;0;0;0;1;0;1;0;0;0;0
"16/04/2023";"00:01:00";"16";"Acidente s";"297";"BR-116/RJ";"Pista Norte";"Choque em objeto fixo";0;0;0;0;0;0;0;0;1;0;1;0;0;0;0
"16/04/2023";"02:34:00";"36";"Acidente s";"205,35";"BR-116/SP";"Pista Norte";"Choque em objeto fixo";0;0;0;0;0;0;0;0;1;0;4;0;0;0;0
"16/04/2023";"02:43:00";"38";"Acidente s";"1,5";"BR-116/SP";"Pista Sul";"Capotamento";0;0;0;0;0;0;0;0;1;0;0;0;0;0;0
"16/04/2023";"03:11:00";"42";"Acidente s";"297";"BR-116/RJ";"Pista Sul";"Atropelamento de animal";0;0;0;0;0;0;0;0;1;0;4;0;0;0;0
"16/04/2023";"03:30:00";"44";"Acidente s";"483";"BR-116/RJ";"Pista Norte";"Choque em objeto na pista";0;1;0;0;0;0;0;0;1;0;2;0;0;0;0
"16/04/2023";"04:33:00";"54";"Acidente s";"565,6";"BR-116/RJ";"Pista Norte";"Capotamento";0;0;0;0;0;0;0;0;1;0;1;0;0;0;0
"16/04/2023";"06:39:00";"76";"Acidente c";"388";"BR-116/RJ";"Pista Norte";"Choque em objeto fixo";0;0;0;0;0;0;0;0;1;0;0;1;0;0;0
"16/04/2023";"06:40:00";"77";"Acidente c";"418";"BR-116/RJ";"Pista Norte";"Abalroamento transversal";0;0;0;0;0;0;0;0;2;0;0;1;1;0;0
"16/04/2023";"06:45:00";"80";"Acidente c";"166";"BR-116/SP";"Pista Norte";"Colisão traseira";0;1;0;0;0;0;0;0;0;1;1;0;1;0;0
"16/04/2023";"06:58:00";"87";"Acidente s";"166";"BR-116/SP";"Pista Norte";"Colisão traseira";0;0;0;0;0;0;0;0;2;0;3;0;0;0;0
"16/04/2023";"07:08:00";"95";"Acidente c";"482";"BR-116/RJ";"Pista Sul";"Colisão traseira";0;0;0;1;0;0;0;0;2;0;1;1;1;0;0
"16/04/2023";"09:27:00";"139";"Acidente s";"228,1";"BR-116/SP";"Pista Norte";"Abalroamento longitudinal";0;0;0;0;0;0;0;0;2;0;6;0;0;0;0
"16/04/2023";"09:49:00";"145";"Acidente s";"314";"BR-116/RJ";"Pista Norte";"Choque em veículo parado na pista";0;0;1;0;0;0;0;0;1;0;2;0;0;0;0
"16/04/2023";"13:31:00";"240";"Acidente s";"120,85";"BR-116/SP";"Pista Sul";"Colisão traseira";0;0;0;0;0;0;0;0;2;0;3;0;0;0;0
"16/04/2023";"15:12:00";"274";"Acidente c";"417";"BR-116/RJ";"Pista Sul";"Colisão traseira";0;1;0;0;0;0;0;0;1;0;1;0;1;0;0
"16/04/2023";"16:41:00";"306";"Acidente c";"233";"BR-116/RJ";"Pista Norte";"Queda de moto";0;1;0;0;0;0;0;0;0;0;0;1;0;0;0
"16/04/2023";"19:07:00";"368";"Acidente s";"206";"BR-116/SP";"Pista Sul";"Engavetamento";0;0;0;0;0;0;0;0;3;0;10;0;0;0;0
"16/04/2023";"19:45:00";"384";"Acidente c";"63,8";"BR-116/SP";"Pista Norte";"Colisão frontal";1;0;0;0;0;0;0;0;1;0;0;3;0;0;0
"16/04/2023";"19:57:00";"387";"Acidente c";"222,3";"BR-116/SP";"Pista Norte";"Abalroamento longitudinal";0;1;0;0;0;0;0;0;0;1;2;1;0;0;0
"16/04/2023";"22:27:00";"436";"Acidente s";"511";"BR-116/RJ";"Pista Norte";"Choque em defensa";0;0;0;0;0;0;0;0;1;0;1;0;0;0;0
"16/04/2023";"22:30:00";"437";"Acidente s";"221,8";"BR-116/SP";"Pista Norte";"Abalroamento longitudinal";0;1;0;0;0;0;0;0;0;1;3;0;0;0;0
"17/04/2023";"00:32:00";"21";"Acidente s";"579";"BR-116/RJ";"Pista Sul";"Choque em objeto fixo";0;0;0;0;0;0;0;0;1;0;1;0;0;0;0
"17/04/2023";"00:38:00";"27";"Acidente c";"482";"BR-116/RJ";"Pista Sul";"Abalroamento longitudinal";0;1;0;0;0;0;0;0;0;0;0;1;0;0;0
"17/04/2023";"04:16:00";"59";"Acidente s";"278,8";"BR-116/RJ";"Pista Norte";"Outros";1;0;0;0;0;0;0;0;0;0;1;0;0;0;0
"17/04/2023";"05:27:00";"70";"Acidente c";"303";"BR-116/RJ";"Pista Norte";"Queda de moto";0;1;0;0;0;0;0;0;0;0;1;0;1;0;0
"17/04/2023";"06:30:00";"92";"Acidente s";"463";"BR-116/RJ";"Pista Norte";"Choque em barreira New Jersey";0;0;0;0;0;0;0;0;1;0;1;0;0;0;0
"17/04/2023";"06:36:00";"95";"Acidente c";"205,6";"BR-116/SP";"Pista Sul";"Queda de moto";0;1;0;0;0;0;0;0;0;1;1;0;1;0;0
"17/04/2023";"07:22:00";"127";"Acidente c";"205";"BR-116/SP";"Pista Sul";"Abalroamento longitudinal";0;0;1;0;0;0;0;0;1;0;1;0;1;0;0
"17/04/2023";"07:37:00";"135";"Acidente s";"384";"BR-116/RJ";"Pista Norte";"Colisão traseira";0;0;0;0;0;0;0;0;2;0;2;0;0;0;0
"17/04/2023";"07:56:00";"148";"Acidente s";"143";"BR-116/SP";"Pista Norte";"Abalroamento longitudinal";1;0;0;0;0;0;0;0;1;0;3;0;0;0;0
"17/04/2023";"08:00:00";"151";"Acidente c";"146,5";"BR-116/SP";"Pista Sul";"Queda de moto";0;1;0;0;0;0;0;0;0;0;0;1;0;0;0
"17/04/2023";"08:22:00";"165";"Acidente c";"218";"BR-116/SP";"Pista Sul";"Colisão traseira";0;1;0;0;0;0;0;0;1;0;1;1;0;0;0
"17/04/2023";"09:14:00";"205";"Acidente c";"229";"BR-116/SP";"Pista Sul";"Engavetamento";1;0;0;0;0;2;0;0;1;0;3;0;1;0;0
"17/04/2023";"09:30:00";"216";"Acidente c";"222,8";"BR-116/SP";"Pista Sul";"Colisão traseira";0;0;0;0;0;0;2;0;0;0;1;0;1;0;0
"17/04/2023";"10:51:00";"269";"Acidente s";"592";"BR-116/RJ";"Pista Norte";"Queda de ribanceira";1;0;0;0;0;0;0;0;0;0;3;0;0;0;0
"17/04/2023";"12:28:00";"300";"Acidente s";"15,7";"BR-116/SP";"Pista Sul";"Abalroamento longitudinal";1;0;0;0;0;0;0;0;1;0;0;0;0;0;0
"17/04/2023";"12:56:00";"306";"Acidente s";"245,6";"BR-116/RJ";"Pista Norte";"Tombamento";1;0;0;0;0;0;0;0;0;0;1;0;0;0;0
"17/04/2023";"13:01:00";"307";"Acidente c";"570";"BR-116/RJ";"Pista Norte";"Queda de moto";0;1;0;0;0;0;0;0;0;0;0;1;0;0;0
"17/04/2023";"17:34:00";"427";"Acidente c";"54";"BR-116/SP";"Pista Norte";"Queda de moto";0;1;0;0;0;0;0;0;0;0;0;0;1;0;0
"17/04/2023";"18:22:00";"456";"Acidente c";"110";"BR-116/SP";"Pista Norte";"Colisão traseira";1;1;0;0;0;0;0;0;0;0;1;1;0;0;0
"17/04/2023";"19:18:00";"483";"Acidente c";"215,2";"BR-116/SP";"Pista Sul";"Colisão traseira";0;0;0;0;0;0;0;0;1;1;0;1;0;0;0
"17/04/2023";"22:52:00";"569";"Acidente s";"45";"BR-116/SP";"Pista Norte";"Abalroamento longitudinal";0;0;0;0;0;0;0;0;2;0;2;0;0;0;0
"18/04/2023";"03:42:00";"60";"Atropelame";"217,05";"BR-116/SP";"Pista Norte";"Atropelamento de pedestre atravessando";1;0;0;0;0;0;0;0;0;0;1;0;0;0;1
"18/04/2023";"06:44:00";"102";"Acidente s";"180";"BR-116/SP";"Pista Sul";"Abalroamento longitudinal";0;0;0;0;0;0;0;0;1;1;2;0;0;0;0
"18/04/2023";"08:27:00";"179";"Acidente c";"229";"BR-116/SP";"Pista Sul";"Colisão traseira";0;1;0;0;0;0;0;0;1;0;2;1;0;0;0
"18/04/2023";"12:00:00";"285";"Acidente c";"227,9";"BR-116/SP";"Pista Sul";"Abalroamento longitudinal";0;1;0;0;0;0;0;0;1;0;3;1;0;0;0
"18/04/2023";"12:28:00";"297";"Acidente c";"304";"BR-116/RJ";"Pista Sul";"Queda de moto";0;1;0;0;0;0;0;0;0;0;0;0;1;0;0
"18/04/2023";"13:16:00";"312";"Acidente c";"108";"BR-116/SP";"Pista Norte";"Queda de moto";0;1;0;0;0;0;0;0;0;0;0;1;0;0;0
"18/04/2023";"13:29:00";"320";"Acidente s";"227,9";"BR-116/RJ";"Pista Norte";"Choque em barreira New Jersey";0;0;0;0;0;0;0;0;1;0;1;0;0;0;0
"18/04/2023";"14:10:00";"338";"Acidente s";"165,2";"BR-116/SP";"Pista Norte";"Colisão traseira";1;0;0;0;0;0;0;0;0;1;2;0;0;0;0
"18/04/2023";"16:13:00";"386";"Acidente c";"231";"BR-116/SP";"Pista Sul";"Abalroamento longitudinal";0;0;0;0;0;0;0;0;1;2;1;1;0;0;0
"18/04/2023";"16:14:00";"387";"Acidente s";"254";"BR-116/RJ";"Pista Sul";"Choque em objeto na pista";2;0;0;0;0;0;0;0;0;0;2;0;0;0;0
"18/04/2023";"17:57:00";"435";"Acidente s";"161,3";"BR-116/SP";"Pista Norte";"Colisão traseira";0;0;0;0;0;0;0;0;2;0;6;0;0;0;0
"18/04/2023";"18:35:00";"459";"Acidente c";"79,5";"BR-116/SP";"Pista Norte";"Colisão traseira";0;1;0;0;0;0;0;0;0;1;1;0;1;0;0
"18/04/2023";"18:37:00";"460";"Acidente c";"480";"BR-116/RJ";"Pista Norte";"Abalroamento longitudinal";0;1;0;0;0;0;0;0;1;0;2;1;0;0;0
"18/04/2023";"18:57:00";"473";"Acidente c";"149,2";"BR-116/SP";"Pista Sul";"Abalroamento longitudinal";0;1;0;0;0;0;0;0;1;0;1;1;0;0;0
"18/04/2023";"19:26:00";"479";"Acidente c";"129";"BR-116/SP";"Pista Sul";"Colisão traseira";0;0;0;0;0;0;0;0;1;1;1;1;0;0;0
"18/04/2023";"22:56:00";"538";"Acidente s";"125";"BR-116/SP";"Pista Sul";"Capotamento";0;0;0;0;0;0;0;0;1;0;1;0;0;0;0
"18/04/2023";"23:36:00";"544";"Acidente c";"214,5";"BR-116/SP";"Pista Norte";"Choque em barreira New Jersey";0;0;0;0;0;0;0;0;1;0;0;1;0;0;0
"19/04/2023";"00:09:00";"17";"Acidente c";"90,2";"BR-116/SP";"Pista Norte";"Choque em objeto fixo";0;0;0;0;0;0;0;0;1;0;0;0;1;0;0
"19/04/2023";"00:14:00";"18";"Acidente s";"211,2";"BR-116/SP";"Pista Norte";"Choque em barreira New Jersey";0;0;0;0;0;0;0;0;1;0;1;0;0;0;0
"19/04/2023";"02:43:00";"36";"Acidente s";"74,3";"BR-116/SP";"Pista Norte";"Choque em barreira New Jersey";1;0;0;0;0;0;0;0;0;0;1;0;0;0;0
"19/04/2023";"02:53:00";"37";"Acidente s";"74,3";"BR-116/SP";"Pista Sul";"Choque em objeto na pista";0;0;0;0;0;0;1;0;2;0;4;0;0;0;0
"19/04/2023";"02:54:00";"38";"Acidente c";"74,3";"BR-116/SP";"Pista Norte";"Colisão traseira";1;0;0;0;0;0;0;0;1;0;5;2;0;0;0
"19/04/2023";"04:47:00";"54";"Acidente c";"223,5";"BR-116/SP";"Pista Sul";"Colisão traseira";0;0;0;0;0;0;1;0;1;0;1;0;0;1;0
"19/04/2023";"04:48:00";"55";"Acidente s";"230";"BR-116/SP";"Pista Norte";"Engavetamento";0;0;0;0;0;0;2;0;2;1;6;0;0;0;0
"19/04/2023";"05:38:00";"59";"Acidente c";"131";"BR-116/SP";"Pista Sul";"Colisão traseira";0;2;0;0;0;0;0;0;0;0;0;1;1;0;0
"19/04/2023";"06:07:00";"71";"Acidente s";"98,8";"BR-116/SP";"Pista Sul";"Choque em objeto fixo";0;0;0;0;0;0;0;0;1;0;1;0;0;0;0
"19/04/2023";"07:18:00";"99";"Acidente s";"479,5";"BR-116/RJ";"Pista Norte";"Engavetamento";0;0;0;0;0;0;0;0;2;1;4;0;0;0;0
"19/04/2023";"07:54:00";"111";"Acidente c";"145";"BR-116/SP";"Pista Norte";"Capotamento";0;0;0;0;0;0;0;0;1;0;0;2;0;0;0
"19/04/2023";"08:17:00";"130";"Acidente s";"418";"BR-116/RJ";"Pista Norte";"Choque em objeto fixo";0;0;0;0;0;0;0;0;1;0;1;0;0;0;0
"19/04/2023";"08:27:00";"137";"Acidente s";"210,05";"BR-116/SP";"Pista Sul";"Colisão traseira";0;1;0;0;0;0;0;0;1;0;2;0;0;0;0
"19/04/2023";"08:28:00";"138";"Acidente c";"519,7";"BR-116/RJ";"Pista Norte";"Colisão frontal";0;0;0;0;0;0;0;0;2;0;0;0;1;0;0
"19/04/2023";"08:35:00";"143";"Acidente c";"153";"BR-116/SP";"Pista Norte";"Abalroamento longitudinal";1;0;0;0;0;0;0;0;1;0;3;1;0;0;0
"19/04/2023";"08:47:00";"152";"Acidente s";"278,8";"BR-116/RJ";"Pista Sul";"Choque em objeto fixo";0;0;0;0;0;0;0;0;1;0;1;0;0;0;0
"19/04/2023";"08:48:00";"154";"Acidente s";"210";"BR-116/SP";"Pista Sul";"Colisão traseira";0;0;0;0;0;0;0;0;2;0;2;0;0;0;0
"19/04/2023";"08:50:00";"155";"Acidente c";"230,25";"BR-116/SP";"Pista Sul";"Colisão traseira";0;2;0;0;0;0;0;0;0;1;1;3;0;0;0
"19/04/2023";"10:39:00";"198";"Acidente c";"224,55";"BR-116/SP";"Pista Norte";"Engavetamento";0;0;0;0;0;0;0;0;3;0;3;1;0;0;0
"19/04/2023";"12:02:00";"241";"Acidente s";"226";"BR-116/SP";"Pista Norte";"Colisão traseira";1;0;0;0;0;0;0;0;1;0;4;0;0;0;0
"19/04/2023";"12:04:00";"243";"Acidente c";"12,5";"BR-116/SP";"Pista Sul";"Choque em barreira New Jersey";0;0;0;0;0;0;0;0;1;0;0;1;0;0;0
"19/04/2023";"16:00:00";"345";"Atropelame";"252";"BR-116/RJ";"Pista Norte";"Atropelamento de pedestre atravessando";0;0;0;0;0;0;0;0;1;0;2;0;0;0;1
"19/04/2023";"17:42:00";"397";"Acidente s";"108";"BR-116/SP";"Pista Sul";"Colisão traseira";0;1;0;0;0;0;0;0;0;1;2;0;0;0;0
"19/04/2023";"18:12:00";"415";"Acidente s";"484";"BR-116/RJ";"Pista Sul";"Colisão frontal";0;0;0;0;0;0;0;0;2;0;4;0;0;0;0
"19/04/2023";"18:30:00";"433";"Acidente s";"220";"BR-116/SP";"Pista Sul";"Abalroamento longitudinal";0;1;0;0;0;0;0;0;1;0;2;0;0;0;0
"19/04/2023";"19:03:00";"453";"Acidente s";"223";"BR-116/SP";"Pista Norte";"Abalroamento longitudinal";1;0;0;0;0;0;0;0;1;0;2;0;0;0;0
"19/04/2023";"20:23:00";"480";"Acidente c";"492";"BR-116/RJ";"Pista Norte";"Atropelamento de pedestre atravessando";0;1;1;0;0;0;0;0;0;0;0;1;0;1;0
"19/04/2023";"20:36:00";"483";"Acidente s";"223";"BR-116/SP";"Pista Norte";"Colisão traseira";1;0;0;0;0;0;0;0;1;0;2;0;0;0;0
"19/04/2023";"20:51:00";"487";"Acidente s";"259,65";"BR-116/RJ";"Pista Sul";"Choque em barreira New Jersey";1;0;0;0;0;0;0;0;0;0;1;0;0;0;0
"19/04/2023";"20:52:00";"488";"Acidente s";"259,55";"BR-116/RJ";"Pista Norte";"Choque em objeto na pista";0;0;0;0;0;0;0;0;2;0;3;0;0;0;0
"19/04/2023";"21:09:00";"494";"Acidente s";"35,8";"BR-116/SP";"Pista Sul";"Abalroamento longitudinal";2;0;0;0;0;0;0;0;1;1;4;0;0;0;0
"19/04/2023";"21:55:00";"510";"Acidente c";"144";"BR-116/SP";"Pista Sul";"Queda de moto";0;1;0;0;0;0;0;0;0;0;0;1;0;0;0
"19/04/2023";"22:33:00";"522";"Acidente s";"208";"BR-116/SP";"Pista Norte";"Colisão traseira";0;0;0;0;0;0;0;0;1;1;2;0;0;0;0
"19/04/2023";"22:41:00";"526";"Acidente s";"103,3";"BR-116/SP";"Pista Norte";"Choque em objeto na pista";0;0;0;0;0;0;0;0;1;0;3;0;0;0;0
"19/04/2023";"23:42:00";"541";"Acidente s";"418";"BR-116/RJ";"Pista Sul";"Choque em objeto fixo";0;0;0;0;0;0;0;0;1;0;2;0;0;0;0
"20/04/2023";"00:03:00";"15";"Acidente s";"165";"BR-116/SP";"Pista Norte";"Abalroamento longitudinal";1;0;0;0;0;0;0;0;1;0;2;0;0;0;0
"20/04/2023";"03:34:00";"34";"Acidente s";"250,35";"BR-116/RJ";"Pista Norte";"Colisão traseira";1;0;0;0;0;0;0;0;0;1;2;0;0;0;0
"20/04/2023";"06:06:00";"56";"Acidente s";"310,5";"BR-116/RJ";"Pista Norte";"Choque em objeto fixo";0;0;0;0;0;0;0;0;1;0;1;0;0;0;0
"20/04/2023";"07:18:00";"103";"Acidente s";"282,15";"BR-116/RJ";"Pista Sul";"Choque em barreira New Jersey";0;0;0;0;0;0;0;0;1;0;3;0;0;0;0
"20/04/2023";"07:36:00";"123";"Acidente s";"275";"BR-116/RJ";"Pista Sul";"Abalroamento longitudinal";0;0;0;0;0;0;0;0;2;0;3;0;0;0;0
"20/04/2023";"08:53:00";"181";"Acidente s";"182,3";"BR-116/SP";"Pista Norte";"Queda de moto";0;1;0;0;0;0;0;0;0;0;1;0;0;0;0
"20/04/2023";"10:38:00";"246";"Acidente s";"122,6";"BR-116/SP";"Pista Norte";"Engavetamento";0;0;0;0;0;0;0;0;3;0;3;0;0;0;0
"20/04/2023";"11:33:00";"269";"Acidente s";"582";"BR-116/RJ";"Pista Norte";"Choque em objeto fixo";0;0;0;0;0;0;0;0;1;0;2;0;0;0;0
"20/04/2023";"13:18:00";"311";"Acidente c";"66";"BR-116/SP";"Pista Sul";"Choque em objeto fixo";0;0;0;0;0;0;0;0;1;0;0;1;0;0;0
"20/04/2023";"14:50:00";"357";"Acidente s";"228";"BR-116/SP";"Pista Sul";"Colisão traseira";0;1;0;0;0;0;1;0;1;0;3;0;0;0;0
"20/04/2023";"14:53:00";"358";"Acidente s";"289";"BR-116/RJ";"Pista Norte";"Abalroamento longitudinal";0;0;0;0;0;0;0;0;1;1;2;0;0;0;0
"20/04/2023";"15:04:00";"367";"Acidente c";"227,75";"BR-116/SP";"Pista Sul";"Queda de moto";0;1;0;0;0;0;0;0;0;0;0;1;0;0;0
"20/04/2023";"15:18:00";"370";"Acidente c";"470";"BR-116/RJ";"Pista Sul";"Abalroamento longitudinal";0;1;0;1;0;0;0;0;0;0;1;1;0;0;0
"20/04/2023";"15:27:00";"376";"Acidente c";"229";"BR-116/SP";"Pista Norte";"Colisão traseira";0;1;0;0;0;0;0;0;1;0;1;1;0;0;0
"20/04/2023";"16:00:00";"391";"Acidente s";"230";"BR-116/RJ";"Pista Norte";"Colisão traseira";2;0;0;0;0;0;0;0;0;0;2;0;0;0;0
"20/04/2023";"16:20:00";"406";"Acidente s";"203";"BR-116/SP";"Pista Norte";"Colisão traseira";0;0;0;0;0;0;0;0;1;1;1;0;0;0;0
"20/04/2023";"16:33:00";"416";"Acidente c";"205,2";"BR-116/SP";"Pista Norte";"Colisão traseira";0;0;0;0;0;0;0;0;1;1;1;1;0;0;0
"20/04/2023";"16:51:00";"424";"Acidente s";"156";"BR-116/SP";"Pista Norte";"Colisão traseira";0;1;0;0;0;0;0;0;1;0;2;0;0;0;0
"20/04/2023";"16:55:00";"425";"Acidente s";"270";"BR-116/RJ";"Pista Sul";"Colisão traseira";1;0;0;0;0;0;0;0;1;0;2;0;0;0;0
"20/04/2023";"17:12:00";"431";"Acidente c";"189,2";"BR-116/SP";"Pista Norte";"Queda de moto";0;1;0;0;0;0;0;0;0;0;0;1;0;0;0
"20/04/2023";"17:44:00";"444";"Acidente s";"147,75";"BR-116/SP";"Pista Norte";"Abalroamento longitudinal";0;1;0;0;0;0;1;0;0;0;2;0;0;0;0
"20/04/2023";"17:49:00";"450";"Acidente s";"570";"BR-116/RJ";"Pista Sul";"Choque em objeto fixo";0;0;0;0;0;0;0;0;1;0;1;0;0;0;0
"20/04/2023";"17:51:00";"452";"Acidente c";"169,2";"BR-116/SP";"Pista Norte";"Queda de moto";0;1;0;0;0;0;0;0;0;0;0;0;1;0;0
"20/04/2023";"18:27:00";"479";"Acidente s";"225,4";"BR-116/RJ";"Pista Sul";"Choque em defensa";1;0;0;0;0;0;0;0;0;0;3;0;0;0;0
"20/04/2023";"18:29:00";"482";"Acidente s";"487";"BR-116/RJ";"Pista Sul";"Engavetamento";0;0;0;0;0;0;0;0;3;0;3;0;0;0;0
"20/04/2023";"18:57:00";"502";"Acidente c";"220";"BR-116/SP";"Pista Sul";"Abalroamento longitudinal";0;1;0;0;0;0;0;0;0;1;1;0;1;0;0
"20/04/2023";"19:08:00";"511";"Acidente s";"227";"BR-116/SP";"Pista Norte";"Abalroamento longitudinal";0;0;0;0;0;0;0;0;2;0;3;0;0;0;0
"20/04/2023";"19:26:00";"520";"Acidente c";"205";"BR-116/SP";"Pista Norte";"Abalroamento longitudinal";0;1;0;0;0;0;0;0;1;0;1;1;0;0;0
"20/04/2023";"19:50:00";"537";"Acidente s";"189,4";"BR-116/SP";"Pista Sul";"Atropelamento de animal";1;0;0;0;0;0;0;0;0;0;1;0;0;0;0
"20/04/2023";"20:55:00";"562";"Acidente s";"203";"BR-116/SP";"Pista Norte";"Engavetamento";0;0;0;0;0;0;0;0;2;1;6;0;0;0;0
"20/04/2023";"21:45:00";"588";"Acidente s";"65,05";"BR-116/SP";"Pista Sul";"Abalroamento longitudinal";1;0;0;0;0;0;0;0;1;0;2;0;0;0;0