data;horario;n_da_ocorrencia;tipo_de_ocorrencia;km;trecho;sentido;tipo_de_acidente;automovel;bicicleta;caminhao;moto;onibus;outros;tracao_animal;transporte_de_cargas_especiais;trator_maquinas;utilitarios;ilesos;levemente_feridos;moderadamente_feridos;gravemente_feridos;mortos
"20/04/2023";"22:32:00";"597";"Acidente c";"116,5";"BR-116/SP";"Pista Sul";"Colisão traseira";1;0;0;0;0;0;0;0;1;0;0;1;1;1;0
"20/04/2023";"23:52:00";"618";"Acidente s";"68,8";"BR-116/SP";"Pista Norte";"Choque em barreira New Jersey";0;0;0;0;0;0;0;0;1;0;1;0;0;0;0
"21/04/2023";"06:25:00";"96";"Acidente s";"381";"BR-116/RJ";"Pista Sul";"Colisão traseira";0;0;0;0;0;0;0;0;1;1;2;0;0;0;0
"21/04/2023";"06:52:00";"108";"Acidente s";"144,65";"BR-116/SP";"Pista Norte";"Colisão traseira";0;0;0;0;0;0;0;0;1;1;2;0;0;0;0
"21/04/2023";"07:30:00";"126";"Acidente c";"146,5";"BR-116/SP";"Pista Norte";"Engavetamento";0;1;0;0;0;0;0;0;4;0;13;2;0;0;0
"21/04/2023";"07:42:00";"129";"Acidente s";"314";"BR-116/RJ";"Pista Norte";"Abalroamento longitudinal";1;0;0;0;0;0;0;0;1;0;0;0;0;0;0
"21/04/2023";"07:59:00";"137";"Acidente c";"386";"BR-116/RJ";"Pista Sul";"Colisão traseira";0;1;0;1;0;0;0;0;0;0;30;1;0;0;0
"21/04/2023";"08:08:00";"140";"Acidente c";"22,6";"BR-116/SP";"Pista Sul";"Outros";1;0;0;0;0;0;0;0;0;0;0;1;0;0;0
"21/04/2023";"08:35:00";"164";"Acidente s";"153";"BR-116/SP";"Pista Norte";"Engavetamento";0;0;0;0;0;0;0;0;3;0;3;0;0;0;0
"21/04/2023";"08:39:00";"166";"Acidente s";"163";"BR-116/SP";"Pista Norte";"Engavetamento";0;0;0;0;0;0;0;0;4;0;16;0;0;0;0
"21/04/2023";"08:39:00";"165";"Acidente s";"203,9";"BR-116/SP";"Pista Norte";"Colisão traseira";0;0;0;0;0;0;0;0;1;1;2;0;0;0;0
"21/04/2023";"09:16:00";"177";"Acidente s";"214";"BR-116/SP";"Pista Norte";"Engavetamento";0;0;0;0;0;0;0;0;1;3;5;0;0;0;0
"21/04/2023";"09:26:00";"181";"Acidente s";"46";"BR-116/SP";"Pista Sul";"Colisão traseira";0;0;0;0;0;0;0;0;2;0;2;0;0;0;0
"21/04/2023";"11:15:00";"235";"Acidente c";"45,6";"BR-116/SP";"Pista Sul";"Engavetamento";0;0;0;0;0;0;0;0;3;0;0;1;0;0;0
"21/04/2023";"14:56:00";"313";"Acidente c";"504";"BR-116/RJ";"Pista Norte";"Colisão frontal";0;1;0;0;0;0;0;0;1;0;2;1;0;0;0
"21/04/2023";"15:06:00";"318";"Acidente s";"146";"BR-116/SP";"Pista Norte";"Engavetamento";0;0;0;0;0;0;0;0;4;0;6;0;0;0;0
"21/04/2023";"16:27:00";"362";"Acidente s";"318";"BR-116/RJ";"Pista Sul";"Choque em objeto na pista";1;1;0;0;0;0;0;0;1;0;0;0;0;0;0
"21/04/2023";"16:31:00";"363";"Acidente s";"220,3";"BR-116/SP";"Pista Sul";"Abalroamento longitudinal";0;0;0;0;0;0;0;0;2;0;2;0;0;0;0
"21/04/2023";"18:51:00";"412";"Acidente c";"510,9";"BR-116/RJ";"Pista Sul";"Colisão frontal";0;0;0;0;0;0;0;0;2;0;4;2;1;0;0
"21/04/2023";"19:08:00";"419";"Acidente s";"406,5";"BR-116/RJ";"Pista Norte";"Capotamento";0;0;0;0;0;0;0;0;1;0;1;0;0;0;0
"21/04/2023";"21:20:00";"461";"Acidente s";"433,2";"BR-116/RJ";"Pista Sul";"Atropelamento de animal";0;0;0;0;0;0;0;0;1;0;1;0;0;0;0
"22/04/2023";"00:18:00";"17";"Acidente s";"172,4";"BR-116/SP";"Pista Norte";"Abalroamento longitudinal";0;0;0;0;0;1;0;0;0;2;3;0;0;0;0
"22/04/2023";"02:04:00";"25";"Acidente s";"229,8";"BR-116/SP";"Pista Norte";"Choque em objeto fixo";0;0;0;0;0;0;0;0;1;0;1;0;0;0;0
"22/04/2023";"02:12:00";"27";"Acidente c";"145,3";"BR-116/SP";"Pista Norte";"Choque em barreira New Jersey";0;0;0;0;0;0;0;0;1;0;0;1;0;0;0
"22/04/2023";"03:07:00";"37";"Acidente s";"216";"BR-116/SP";"Pista Norte";"Colisão traseira";0;0;0;0;0;1;0;0;1;1;4;0;0;0;0
"22/04/2023";"05:10:00";"49";"Acidente s";"27,8";"BR-116/SP";"Pista Norte";"Choque em objeto fixo";0;0;0;0;0;1;0;0;0;0;0;0;0;0;0
"22/04/2023";"07:47:00";"74";"Acidente c";"197,5";"BR-116/SP";"Pista Norte";"Queda de moto";0;1;0;0;0;0;0;0;0;0;0;2;0;0;0
"22/04/2023";"09:00:00";"104";"Acidente c";"117";"BR-116/SP";"Pista Norte";"Queda de moto";0;1;0;0;0;0;0;0;0;0;0;1;0;0;0
"22/04/2023";"09:21:00";"111";"Acidente s";"47,6";"BR-116/SP";"Pista Norte";"Engavetamento";0;0;0;0;0;0;0;0;2;1;3;0;0;0;0
"22/04/2023";"10:19:00";"134";"Atropelame";"50,2";"BR-116/SP";"Pista Norte";"Atropelamento de pedestre atravessando";0;1;0;0;0;0;0;0;0;0;1;1;0;0;0
"22/04/2023";"11:01:00";"145";"Atropelame";"471";"BR-116/RJ";"Pista Norte";"Atropelamento de pedestre atravessando";0;0;0;0;0;0;0;0;1;0;1;0;0;1;0
"22/04/2023";"11:28:00";"148";"Acidente s";"47";"BR-116/SP";"Pista Norte";"Colisão traseira";0;0;0;0;0;0;0;0;2;0;2;0;0;0;0
"22/04/2023";"13:40:00";"195";"Acidente c";"67";"BR-116/SP";"Pista Sul";"Queda de moto";0;1;0;0;0;0;0;0;0;0;0;1;0;0;0
"22/04/2023";"17:22:00";"263";"Acidente c";"284";"BR-116/RJ";"Pista Sul";"Capotamento";0;0;0;0;0;0;0;0;1;0;0;0;1;0;0
"22/04/2023";"18:15:00";"280";"Atropelame";"487";"BR-116/RJ";"Pista Sul";"Atropelamento de pedestre atravessando";0;1;0;0;0;0;0;0;0;0;1;0;1;0;0
"22/04/2023";"18:50:00";"300";"Acidente s";"496";"BR-116/RJ";"Pista Sul";"Abalroamento longitudinal";1;0;0;0;0;0;0;0;2;0;3;0;0;0;0
"22/04/2023";"19:34:00";"313";"Acidente c";"120,3";"BR-116/SP";"Pista Sul";"Abalroamento longitudinal";0;1;0;0;0;0;0;0;1;0;2;0;0;1;0
"22/04/2023";"21:23:00";"341";"Acidente c";"77,8";"BR-116/SP";"Pista Sul";"Colisão traseira";0;0;0;0;0;0;0;0;2;0;1;2;0;0;0
"22/04/2023";"21:27:00";"343";"Acidente s";"86,95";"BR-116/SP";"Pista Norte";"Colisão traseira";0;0;0;0;0;0;0;0;2;0;2;0;0;0;0
"22/04/2023";"23:21:00";"367";"Acidente s";"4,2";"BR-116/SP";"Pista Sul";"Choque em barreira New Jersey";0;0;0;0;0;0;0;0;1;0;4;0;0;0;0
"22/04/2023";"23:48:00";"373";"Acidente s";"405,5";"BR-116/RJ";"Pista Sul";"Choque em objeto fixo";0;0;0;0;0;0;0;0;1;0;1;0;0;0;0
"23/04/2023";"01:05:00";"28";"Acidente c";"67,2";"BR-116/SP";"Pista Sul";"Queda de moto";0;1;0;0;0;0;0;0;0;0;0;0;1;0;0
"23/04/2023";"02:47:00";"45";"Acidente c";"225,55";"BR-116/SP";"Pista Norte";"Atropelamento de animal";0;0;0;0;0;0;0;0;1;0;0;1;0;0;0
"23/04/2023";"07:13:00";"84";"Acidente s";"95";"BR-116/SP";"Pista Norte";"Choque em defensa";0;0;0;0;0;0;0;0;1;0;0;0;0;0;0
"23/04/2023";"07:23:00";"86";"Acidente c";"168,9";"BR-116/SP";"Pista Sul";"Choque em objeto fixo";0;1;0;0;0;0;0;0;0;0;0;0;0;0;1
"23/04/2023";"10:59:00";"146";"Acidente c";"562";"BR-116/RJ";"Pista Sul";"Abalroamento longitudinal";0;1;0;1;0;0;0;0;0;0;0;2;0;0;0
"23/04/2023";"11:23:00";"153";"Acidente c";"224";"BR-116/SP";"Pista Norte";"Queda de moto";0;1;0;0;0;0;0;0;0;0;0;1;0;0;0
"23/04/2023";"12:01:00";"165";"Acidente s";"109";"BR-116/SP";"Pista Sul";"Colisão traseira";0;0;0;0;0;0;0;0;2;0;0;0;0;0;0
"23/04/2023";"12:10:00";"168";"Acidente s";"106,45";"BR-116/SP";"Pista Sul";"Engavetamento";0;0;0;0;0;0;0;0;3;0;1;0;0;0;0
"23/04/2023";"12:15:00";"169";"Acidente c";"38";"BR-116/SP";"Pista Sul";"Queda de moto";0;1;0;0;0;0;0;0;0;0;0;2;0;0;0
"23/04/2023";"12:19:00";"171";"Acidente s";"104,8";"BR-116/SP";"Pista Sul";"Colisão traseira";0;0;0;0;0;0;0;0;2;0;0;0;0;0;0
"23/04/2023";"13:12:00";"194";"Acidente c";"217,34";"BR-116/RJ";"Pista Sul";"Queda de moto";0;1;0;0;0;0;0;0;0;0;0;0;1;0;0
"23/04/2023";"14:27:00";"219";"Acidente c";"100,9";"BR-116/SP";"Pista Sul";"Colisão traseira";0;1;0;0;0;0;0;0;1;0;2;1;0;0;0
"23/04/2023";"14:33:00";"223";"Acidente c";"76";"BR-116/SP";"Pista Sul";"Engavetamento";0;1;0;0;0;0;0;0;1;0;3;1;1;0;0
"23/04/2023";"14:35:00";"224";"Acidente c";"103,8";"BR-116/SP";"Pista Sul";"Abalroamento longitudinal";0;1;0;0;0;0;0;0;1;0;1;1;0;0;0
"23/04/2023";"14:35:00";"225";"Acidente c";"154";"BR-116/SP";"Pista Norte";"Abalroamento longitudinal";1;0;0;0;0;0;0;0;1;0;6;1;0;0;0
"23/04/2023";"14:40:00";"229";"Acidente s";"75";"BR-116/SP";"Pista Sul";"Engavetamento";0;0;0;0;0;0;0;0;2;1;4;0;0;0;0
"23/04/2023";"15:10:00";"241";"Acidente s";"565";"BR-116/RJ";"Pista Norte";"Colisão traseira";0;0;0;0;0;0;0;0;2;0;2;0;0;0;0
"23/04/2023";"15:59:00";"257";"Acidente c";"267,98";"BR-116/RJ";"Pista Sul";"Abalroamento longitudinal";1;0;0;0;1;0;0;0;0;0;19;0;0;2;1
"23/04/2023";"16:22:00";"266";"Acidente s";"424";"BR-116/RJ";"Pista Norte";"Colisão traseira";0;0;0;0;0;0;0;0;1;1;2;0;0;0;0
"23/04/2023";"17:12:00";"293";"Acidente c";"290,4";"BR-116/RJ";"Pista Sul";"Queda de moto";0;1;0;0;0;0;0;0;0;0;0;1;1;0;0
"23/04/2023";"22:26:00";"431";"Acidente s";"213";"BR-116/SP";"Pista Norte";"Choque em barreira New Jersey";0;0;0;0;0;0;0;0;1;0;3;0;0;0;0
"23/04/2023";"22:44:00";"438";"Acidente c";"570";"BR-116/RJ";"Pista Norte";"Choque em objeto fixo";0;0;0;0;0;0;0;0;1;0;0;0;1;0;0
"23/04/2023";"22:49:00";"439";"Acidente c";"218,1";"BR-116/SP";"Pista Norte";"Colisão traseira";0;0;0;0;0;0;0;0;2;0;1;3;0;0;0
"23/04/2023";"23:04:00";"442";"Acidente s";"213";"BR-116/SP";"Pista Norte";"Choque em barreira New Jersey";0;0;0;0;0;0;0;0;1;0;1;0;0;0;0
"24/04/2023";"00:43:00";"20";"Acidente s";"182";"BR-116/SP";"Pista Norte";"Choque em objeto na pista";0;0;0;1;0;1;0;0;0;0;2;0;0;0;0
"24/04/2023";"01:17:00";"26";"Acidente s";"27,9";"BR-116/SP";"Pista Sul";"Choque em barreira New Jersey";1;0;0;0;0;0;0;0;0;0;1;0;0;0;0
"24/04/2023";"01:36:00";"29";"Acidente c";"206,3";"BR-116/SP";"Pista Norte";"Engavetamento";1;0;0;0;0;0;1;0;1;0;1;3;0;0;0
"24/04/2023";"02:26:00";"35";"Acidente s";"230,003";"BR-116/RJ";"Pista Norte";"Choque em barreira New Jersey";1;0;0;0;0;0;0;0;0;0;1;0;0;0;0
"24/04/2023";"03:27:00";"39";"Acidente s";"3,2";"BR-116/SP";"Pista Sul";"Choque em barreira New Jersey";1;0;0;0;0;0;0;0;0;0;1;0;0;0;0
"24/04/2023";"05:34:00";"56";"Acidente c";"214";"BR-116/SP";"Pista Norte";"Capotamento";0;0;0;0;0;0;0;0;1;0;2;3;1;0;0
"24/04/2023";"06:17:00";"76";"Acidente s";"226";"BR-116/SP";"Pista Sul";"Capotamento";0;0;0;0;0;0;0;0;1;0;1;0;0;0;0
"24/04/2023";"07:23:00";"111";"Acidente s";"222,05";"BR-116/SP";"Pista Norte";"Abalroamento longitudinal";0;1;0;0;0;0;0;0;0;1;1;0;0;0;0
"24/04/2023";"07:52:00";"119";"Acidente c";"484";"BR-116/RJ";"Pista Norte";"Colisão traseira";0;1;0;0;0;0;0;0;1;0;1;1;0;0;0
"24/04/2023";"08:02:00";"129";"Acidente c";"219";"BR-116/SP";"Pista Sul";"Colisão traseira";0;1;0;0;0;0;0;0;1;0;1;1;0;0;0
"24/04/2023";"08:03:00";"131";"Acidente s";"219,1";"BR-116/SP";"Pista Sul";"Colisão traseira";1;0;0;0;0;0;0;0;0;1;1;0;0;0;0
"24/04/2023";"08:16:00";"140";"Acidente c";"420";"BR-116/RJ";"Pista Norte";"Abalroamento longitudinal";0;1;0;0;0;0;1;0;0;0;1;0;1;0;0
"24/04/2023";"08:28:00";"146";"Acidente s";"211";"BR-116/SP";"Pista Norte";"Colisão traseira";0;0;0;0;0;0;0;0;2;0;2;0;0;0;0
"24/04/2023";"08:45:00";"162";"Acidente s";"226,5";"BR-116/RJ";"Pista Norte";"Tombamento";1;0;0;0;0;0;0;0;0;0;1;0;0;0;0
"24/04/2023";"09:01:00";"174";"Acidente s";"108";"BR-116/SP";"Pista Sul";"Engavetamento";1;0;0;0;0;1;0;0;1;0;3;0;0;0;0
"24/04/2023";"09:44:00";"196";"Acidente c";"138,6";"BR-116/SP";"Pista Sul";"Engavetamento";2;1;0;0;0;0;0;0;0;0;2;0;1;0;0
"24/04/2023";"10:36:00";"219";"Acidente s";"135,7";"BR-116/SP";"Pista Sul";"Colisão traseira";1;0;0;0;0;0;0;0;1;0;2;0;0;0;0
"24/04/2023";"12:13:00";"267";"Acidente s";"416,9";"BR-116/RJ";"Pista Sul";"Abalroamento longitudinal";0;0;0;0;0;0;0;0;2;0;5;0;0;0;0
"24/04/2023";"12:43:00";"278";"Acidente c";"574";"BR-116/RJ";"Pista Norte";"Abalroamento longitudinal";1;1;0;0;0;0;0;0;0;0;1;1;0;0;0
"24/04/2023";"16:26:00";"388";"Acidente s";"227,2";"BR-116/RJ";"Pista Norte";"Tombamento";1;0;0;0;0;0;0;0;0;0;1;0;0;0;0
"24/04/2023";"17:27:00";"424";"Acidente s";"324,9";"BR-116/RJ";"Pista Sul";"Colisão traseira";1;0;0;0;0;0;0;0;1;0;2;0;0;0;0
"24/04/2023";"21:48:00";"520";"Acidente c";"476";"BR-116/RJ";"Pista Sul";"Queda de moto";0;1;0;0;0;0;0;0;0;0;0;0;1;0;0
"25/04/2023";"01:30:00";"26";"Acidente s";"7,2";"BR-116/SP";"Pista Sul";"Tombamento";1;0;0;0;0;0;0;0;0;0;1;0;0;0;0
"25/04/2023";"06:58:00";"78";"Acidente c";"226,3";"BR-116/SP";"Pista Sul";"Engavetamento";0;0;0;0;0;0;0;0;2;1;2;1;0;0;0
"25/04/2023";"08:24:00";"150";"Acidente c";"46";"BR-116/SP";"Pista Sul";"Queda de moto";0;1;0;0;0;0;0;0;0;0;0;0;1;0;0
"25/04/2023";"08:36:00";"158";"Acidente s";"491";"BR-116/RJ";"Pista Sul";"Choque em objeto fixo";0;0;0;0;0;0;0;0;1;0;1;0;0;0;0
"25/04/2023";"09:28:00";"188";"Acidente s";"220,1";"BR-116/SP";"Pista Sul";"Engavetamento";1;0;0;0;0;0;0;0;1;1;3;0;0;0;0
"25/04/2023";"09:50:00";"206";"Atropelame";"49";"BR-116/SP";"Pista Norte";"Atropelamento de pedestre atravessando";0;0;1;0;0;0;0;0;1;0;1;1;0;0;0
"25/04/2023";"10:15:00";"222";"Acidente s";"218,7";"BR-116/SP";"Pista Sul";"Engavetamento";0;0;0;0;0;0;0;0;2;1;3;0;0;0;0
"25/04/2023";"10:55:00";"239";"Acidente c";"389,5";"BR-116/RJ";"Pista Sul";"Queda de moto";1;1;0;0;0;0;0;0;0;0;1;0;0;0;1
"25/04/2023";"12:21:00";"273";"Acidente c";"213,8";"BR-116/SP";"Pista Norte";"Capotamento";0;0;0;0;0;0;0;0;2;0;1;1;0;0;0
"25/04/2023";"12:38:00";"279";"Acidente s";"160,2";"BR-116/SP";"Pista Norte";"Abalroamento longitudinal";0;0;0;0;0;0;0;0;1;1;2;0;0;0;0
"25/04/2023";"12:53:00";"289";"Acidente s";"81,8";"BR-116/SP";"Pista Sul";"Colisão traseira";1;0;0;0;0;0;0;0;1;0;0;0;0;0;0
"25/04/2023";"13:22:00";"301";"Acidente c";"214";"BR-116/SP";"Pista Norte";"Colisão traseira";0;1;0;0;0;0;0;0;1;0;1;1;0;0;0
"25/04/2023";"13:38:00";"308";"Acidente c";"155";"BR-116/SP";"Pista Norte";"Queda de moto";0;1;0;0;0;0;0;0;0;0;0;1;0;0;0
"25/04/2023";"14:04:00";"320";"Acidente c";"50";"BR-116/SP";"Pista Norte";"Colisão traseira";0;1;0;0;0;0;0;0;1;0;1;1;0;0;0
"25/04/2023";"16:31:00";"380";"Acidente s";"231";"BR-116/SP";"Pista Norte";"Abalroamento longitudinal";1;0;0;0;0;0;0;0;1;0;2;0;0;0;0
"25/04/2023";"17:36:00";"417";"Acidente s";"239";"BR-116/RJ";"Pista Sul";"Choque em objeto na pista";0;0;0;0;0;0;0;0;2;1;3;0;0;0;0
"25/04/2023";"17:39:00";"420";"Acidente s";"308";"BR-116/RJ";"Pista Sul";"Colisão traseira";0;0;0;0;0;0;0;0;2;0;3;0;0;0;0
"25/04/2023";"19:07:00";"476";"Acidente c";"142,9";"BR-116/SP";"Pista Norte";"Abalroamento longitudinal";0;1;0;0;0;0;0;0;1;0;1;1;0;0;0
"25/04/2023";"19:44:00";"495";"Acidente c";"108,95";"BR-116/SP";"Pista Sul";"Colisão traseira";0;0;0;0;0;0;0;0;2;0;0;1;2;1;0
"25/04/2023";"20:18:00";"507";"Acidente s";"206";"BR-116/SP";"Pista Sul";"Colisão traseira";0;0;0;0;0;1;0;0;1;1;5;0;0;0;0
"25/04/2023";"20:38:00";"512";"Acidente s";"501";"BR-116/RJ";"Pista Norte";"Choque em objeto fixo";0;0;0;0;0;0;0;0;1;0;2;0;0;0;0
"25/04/2023";"21:46:00";"539";"Acidente s";"452";"BR-116/RJ";"Pista Norte";"Choque em objeto fixo";0;0;0;0;0;0;0;0;1;0;2;0;0;0;0
"25/04/2023";"22:32:00";"560";"Acidente s";"153,1";"BR-116/SP";"Pista Norte";"Abalroamento longitudinal";0;0;0;0;0;0;0;0;2;0;3;0;0;0;0
"26/04/2023";"04:38:00";"56";"Acidente s";"329";"BR-116/RJ";"Pista Sul";"Atropelamento de animal";0;0;0;0;0;0;0;0;1;0;0;0;0;0;0
"26/04/2023";"05:35:00";"61";"Acidente c";"172,95";"BR-116/SP";"Pista Sul";"Queda de moto";0;1;0;0;0;0;0;0;0;0;0;0;1;0;0
"26/04/2023";"06:35:00";"80";"Acidente c";"226,1";"BR-116/SP";"Pista Sul";"Colisão traseira";0;2;0;0;0;0;0;0;0;0;1;1;0;0;0
"26/04/2023";"06:53:00";"92";"Acidente c";"226,2";"BR-116/SP";"Pista Sul";"Colisão traseira";0;2;0;0;0;0;0;0;0;0;1;1;0;0;0
"26/04/2023";"10:25:00";"250";"Acidente c";"227,3";"BR-116/SP";"Pista Sul";"Colisão frontal";0;1;0;0;0;0;0;0;1;0;2;1;0;0;0
"26/04/2023";"11:43:00";"286";"Acidente s";"287,7";"BR-116/RJ";"Pista Norte";"Abalroamento longitudinal";2;0;0;0;0;0;0;0;0;0;0;0;0;0;0
"26/04/2023";"11:44:00";"287";"Acidente s";"206";"BR-116/SP";"Pista Sul";"Colisão traseira";2;0;0;0;0;0;0;0;0;0;3;0;0;0;0
"26/04/2023";"13:34:00";"337";"Acidente c";"226,7";"BR-116/SP";"Pista Sul";"Abalroamento longitudinal";0;1;0;0;0;0;0;0;1;0;1;1;0;0;0
"26/04/2023";"13:44:00";"339";"Acidente s";"226,7";"BR-116/SP";"Pista Sul";"Colisão traseira";0;0;0;0;0;0;0;0;2;0;3;0;0;0;0
"26/04/2023";"17:04:00";"413";"Acidente s";"69,55";"BR-116/SP";"Pista Sul";"Tombamento";1;0;0;0;0;0;0;0;0;0;1;1;0;0;0
"26/04/2023";"17:21:00";"422";"Acidente s";"63";"BR-116/SP";"Pista Sul";"Colisão traseira";0;0;0;0;0;0;0;0;3;0;6;0;0;0;0
"26/04/2023";"17:40:00";"431";"Acidente s";"70,1";"BR-116/SP";"Pista Norte";"Colisão traseira";1;0;0;0;0;0;0;0;1;0;5;0;0;0;0
"26/04/2023";"18:11:00";"449";"Acidente s";"68";"BR-116/SP";"Pista Sul";"Abalroamento longitudinal";1;0;0;0;0;0;0;0;1;0;2;0;0;0;0
"26/04/2023";"18:37:00";"466";"Acidente s";"68,8";"BR-116/SP";"Pista Sul";"Abalroamento longitudinal";1;0;0;0;0;0;0;0;1;0;2;0;0;0;0
"26/04/2023";"19:03:00";"484";"Acidente s";"157,3";"BR-116/SP";"Pista Sul";"Engavetamento";0;0;0;0;0;0;0;0;3;0;3;0;0;0;0
"26/04/2023";"20:10:00";"517";"Acidente c";"226";"BR-116/RJ";"Pista Sul";"Tombamento";1;0;0;0;0;0;0;0;0;0;0;1;0;0;0
"26/04/2023";"20:58:00";"539";"Acidente s";"219";"BR-116/SP";"Pista Sul";"Abalroamento longitudinal";0;0;0;0;0;0;0;0;2;0;4;0;0;0;0
"27/04/2023";"00:23:00";"20";"Atropelame";"47";"BR-116/SP";"Pista Sul";"Atropelamento de pedestre atravessando";0;0;1;0;0;0;0;0;0;1;1;0;1;0;0
"27/04/2023";"05:55:00";"64";"Acidente c";"209";"BR-116/SP";"Pista Sul";"Engavetamento";1;0;0;0;0;0;0;0;2;1;3;1;0;0;0
"27/04/2023";"05:57:00";"65";"Acidente c";"494";"BR-116/RJ";"Pista Norte";"Colisão frontal";0;0;0;0;0;0;0;0;2;0;0;0;2;0;0
"27/04/2023";"07:12:00";"104";"Acidente c";"219";"BR-116/SP";"Pista Sul";"Colisão traseira";0;1;0;0;0;0;0;0;0;1;0;1;0;0;0
"27/04/2023";"07:44:00";"130";"Acidente c";"137,4";"BR-116/SP";"Pista Sul";"Colisão traseira";0;1;0;0;0;0;0;0;1;0;1;1;0;0;0
"27/04/2023";"07:48:00";"134";"Acidente s";"116,2";"BR-116/SP";"Pista Norte";"Colisão traseira";0;0;0;0;0;0;0;0;2;0;4;0;0;0;0
"27/04/2023";"09:10:00";"192";"Acidente s";"143";"BR-116/SP";"Pista Sul";"Colisão traseira";0;0;0;0;0;0;0;0;2;0;2;0;0;0;0
"27/04/2023";"09:46:00";"212";"Acidente s";"140";"BR-116/SP";"Pista Sul";"Engavetamento";0;0;0;0;0;0;0;0;3;0;4;0;0;0;0
"27/04/2023";"11:04:00";"260";"Acidente c";"47";"BR-116/SP";"Pista Norte";"Abalroamento longitudinal";0;1;0;0;0;0;0;0;1;0;1;0;1;0;0
"27/04/2023";"11:47:00";"269";"Acidente s";"97,6";"BR-116/SP";"Pista Norte";"Colisão frontal";0;1;0;0;0;0;0;0;1;0;2;0;0;0;0
"27/04/2023";"13:01:00";"310";"Acidente c";"81";"BR-116/SP";"Pista Sul";"Queda de moto";0;1;0;0;0;0;0;0;0;0;0;1;0;0;0
"27/04/2023";"15:00:00";"370";"Acidente s";"228";"BR-116/SP";"Pista Sul";"Abalroamento longitudinal";1;0;0;0;0;0;0;0;1;0;4;0;0;0;0
"27/04/2023";"15:23:00";"380";"Acidente c";"277";"BR-116/RJ";"Pista Norte";"Queda de moto";0;1;0;0;0;0;0;0;0;0;0;0;1;0;0
"27/04/2023";"16:12:00";"408";"Acidente s";"289";"BR-116/RJ";"Pista Sul";"Colisão traseira";0;0;0;0;0;0;0;0;2;0;0;0;0;0;0
"27/04/2023";"16:43:00";"421";"Acidente c";"218,5";"BR-116/SP";"Pista Norte";"Colisão traseira";0;2;0;0;0;0;0;0;0;1;1;2;0;0;0
"27/04/2023";"17:16:00";"437";"Acidente s";"227";"BR-116/RJ";"Pista Norte";"Choque em barreira New Jersey";1;0;0;0;0;0;0;0;0;0;1;0;0;0;0
"27/04/2023";"17:45:00";"457";"Acidente s";"283,2";"BR-116/RJ";"Pista Norte";"Colisão traseira";0;0;0;0;0;0;0;0;2;0;6;0;0;0;0
"27/04/2023";"18:46:00";"495";"Acidente s";"279";"BR-116/RJ";"Pista Norte";"Abalroamento longitudinal";0;1;0;0;0;0;0;0;1;0;2;0;0;0;0
"27/04/2023";"19:28:00";"515";"Acidente c";"247,85";"BR-116/RJ";"Pista Norte";"Engavetamento";1;1;0;0;0;1;0;0;1;0;1;0;2;1;0
"27/04/2023";"19:57:00";"528";"Acidente s";"125,3";"BR-116/SP";"Pista Norte";"Abalroamento longitudinal";1;0;0;0;0;0;0;0;0;1;2;0;0;0;0
"27/04/2023";"20:41:00";"544";"Acidente s";"224";"BR-116/SP";"Pista Norte";"Abalroamento longitudinal";1;0;0;0;0;0;0;0;1;0;3;0;0;0;0
"28/04/2023";"00:28:00";"17";"Acidente s";"390";"BR-116/RJ";"Pista Norte";"Choque em barreira New Jersey";0;0;0;0;0;0;0;0;1;0;1;0;0;0;0
"28/04/2023";"04:33:00";"42";"Acidente s";"271,8";"BR-116/RJ";"Pista Sul";"Atropelamento de animal";1;0;0;0;0;0;0;0;0;0;1;0;0;0;0
"28/04/2023";"06:39:00";"81";"Acidente c";"146,1";"BR-116/SP";"Pista Sul";"Colisão traseira";0;1;0;0;0;0;0;0;0;1;0;1;0;0;0
"28/04/2023";"07:32:00";"120";"Acidente c";"218,09";"BR-116/SP";"Pista Sul";"Abalroamento longitudinal";0;1;0;0;0;0;0;0;1;0;1;1;0;0;0
"28/04/2023";"07:38:00";"124";"Acidente s";"209,5";"BR-116/SP";"Pista Norte";"Engavetamento";0;0;0;0;0;0;0;0;3;0;3;0;0;0;0
"28/04/2023";"08:01:00";"136";"Acidente s";"186";"BR-116/SP";"Pista Norte";"Choque em defensa";1;0;0;0;0;0;0;0;0;0;1;0;0;0;0
"28/04/2023";"08:27:00";"151";"Acidente s";"106,6";"BR-116/SP";"Pista Sul";"Colisão traseira";0;0;0;0;0;0;0;0;2;0;2;0;0;0;0
"28/04/2023";"09:27:00";"183";"Acidente s";"148";"BR-116/SP";"Pista Sul";"Colisão traseira";1;0;0;0;0;0;0;0;1;0;2;0;0;0;0
"28/04/2023";"09:33:00";"187";"Acidente c";"220";"BR-116/SP";"Pista Sul";"Engavetamento";0;1;0;0;0;0;0;0;2;0;2;1;0;0;0
"28/04/2023";"10:42:00";"226";"Acidente s";"390";"BR-116/RJ";"Pista Norte";"Queda de ribanceira";0;0;0;0;0;0;0;0;1;0;1;0;0;0;0
"28/04/2023";"11:17:00";"244";"Acidente s";"232";"BR-116/RJ";"Pista Norte";"Choque em barreira New Jersey";0;0;0;0;0;0;0;0;1;0;2;0;0;0;0
"28/04/2023";"13:14:00";"305";"Acidente c";"319";"BR-116/RJ";"Pista Sul";"Colisão traseira";0;0;0;0;0;0;0;0;2;0;2;1;1;0;0
"28/04/2023";"13:48:00";"314";"Acidente c";"211,9";"BR-116/SP";"Pista Sul";"Abalroamento longitudinal";0;1;0;0;0;0;0;0;0;1;0;1;0;0;0
"28/04/2023";"14:21:00";"333";"Acidente c";"229";"BR-116/SP";"Pista Sul";"Colisão traseira";0;1;0;0;0;0;0;0;1;0;1;1;0;0;0