data;horario;n_da_ocorrencia;tipo_de_ocorrencia;km;trecho;sentido;tipo_de_acidente;automovel;bicicleta;caminhao;moto;onibus;outros;tracao_animal;transporte_de_cargas_especiais;trator_maquinas;utilitarios;ilesos;levemente_feridos;moderadamente_feridos;gravemente_feridos;mortos
"05/05/2023";"21:31:00";"591";"Acidente s";"116,55";"BR-116/SP";"Pista Norte";"Colisão traseira";0;0;0;0;0;0;0;0;1;1;1;0;0;0;0
"06/05/2023";"00:55:00";"21";"Atropelame";"287";"BR-116/RJ";"Pista Sul";"Atropelamento de pedestre atravessando";0;0;1;0;0;0;0;0;0;1;1;0;1;0;0
"06/05/2023";"00:59:00";"22";"Acidente s";"306,8";"BR-116/RJ";"Pista Sul";"Atropelamento de animal";1;0;0;0;0;0;0;0;0;0;1;0;0;0;0
"06/05/2023";"03:12:00";"46";"Acidente s";"125,9";"BR-116/SP";"Pista Sul";"Colisão traseira";1;0;0;0;0;0;0;0;2;0;0;0;0;0;0
"06/05/2023";"05:02:00";"64";"Acidente s";"107,6";"BR-116/SP";"Pista Norte";"Abalroamento longitudinal";0;0;0;0;0;0;0;0;1;1;5;0;0;0;0
"06/05/2023";"05:55:00";"70";"Acidente s";"117,5";"BR-116/SP";"Pista Norte";"Engavetamento";1;0;0;3;0;0;0;0;0;0;87;0;0;0;0
"06/05/2023";"06:24:00";"72";"Acidente s";"146,6";"BR-116/SP";"Pista Sul";"Abalroamento longitudinal";1;0;0;0;0;0;0;0;1;0;2;0;0;0;0
"06/05/2023";"07:44:00";"105";"Acidente s";"86,95";"BR-116/SP";"Pista Sul";"Choque em objeto fixo";0;0;0;0;0;0;0;0;1;0;1;0;0;0;0
"06/05/2023";"08:23:00";"120";"Acidente s";"86,95";"BR-116/SP";"Pista Norte";"Colisão traseira";0;0;0;0;0;0;0;0;2;0;6;0;0;0;0
"06/05/2023";"08:23:00";"121";"Acidente c";"563,5";"BR-101/RJ";"Pista Sul";"Choque em objeto fixo";0;0;0;0;0;0;0;0;1;0;1;1;0;0;0
"06/05/2023";"08:24:00";"123";"Acidente s";"236,3";"BR-116/RJ";"Pista Norte";"Choque em barreira New Jersey";0;0;0;0;0;0;0;0;1;0;1;0;0;0;0
"06/05/2023";"08:44:00";"135";"Acidente s";"389";"BR-101/RJ";"Pista Sul";"Abalroamento longitudinal";1;0;0;0;0;0;0;0;1;0;5;0;0;0;0
"06/05/2023";"10:13:00";"173";"Acidente s";"87,1";"BR-116/SP";"Pista Sul";"Colisão traseira";1;0;0;0;0;0;0;0;0;1;1;0;0;0;0
"06/05/2023";"10:50:00";"195";"Acidente s";"285";"BR-116/RJ";"Pista Norte";"Colisão traseira";0;0;0;0;0;0;0;0;2;0;2;0;0;0;0
"06/05/2023";"10:52:00";"197";"Acidente c";"436";"BR-101/RJ";"Pista Sul";"Colisão frontal";0;2;0;0;0;0;0;0;0;0;1;1;0;0;0
"06/05/2023";"11:15:00";"216";"Acidente c";"505";"BR-101/RJ";"Pista Norte";"Colisão frontal";0;0;0;0;0;0;0;0;2;0;1;3;0;0;0
"06/05/2023";"12:12:00";"240";"Acidente s";"485";"BR-101/RJ";"Pista Sul";"Engavetamento";0;0;0;0;0;0;0;0;3;0;11;0;0;0;0
"06/05/2023";"17:49:00";"373";"Atropelame";"214,5";"BR-116/SP";"Pista Sul";"Atropelamento de pedestre atravessando";0;0;1;0;1;0;0;0;0;0;1;0;0;1;0
"06/05/2023";"18:20:00";"383";"Atropelame";"511";"BR-101/RJ";"Pista Sul";"Atropelamento de pedestre atravessando";0;1;0;0;0;0;0;0;0;0;1;1;0;0;0
"06/05/2023";"19:37:00";"412";"Acidente s";"212";"BR-116/SP";"Pista Norte";"Choque em barreira New Jersey";0;0;0;0;0;0;0;0;1;0;2;0;0;0;0
"06/05/2023";"20:18:00";"431";"Acidente c";"117,5";"BR-116/SP";"Pista Sul";"Colisão traseira";0;0;0;0;0;0;0;0;2;0;5;0;1;0;0
"06/05/2023";"20:51:00";"438";"Acidente c";"214,8";"BR-116/SP";"Pista Sul";"Choque em objeto fixo";0;1;0;0;0;0;0;0;0;0;0;0;0;1;0
"06/05/2023";"23:37:00";"475";"Acidente c";"133";"BR-116/SP";"Pista Norte";"Choque em objeto fixo";0;0;0;0;0;0;0;0;1;0;0;1;0;0;0
"06/05/2023";"23:46:00";"481";"Acidente s";"318,3";"BR-116/RJ";"Pista Norte";"Choque em objeto fixo";0;0;0;0;0;0;0;0;1;0;1;0;0;0;0
"07/05/2023";"00:48:00";"21";"Acidente s";"275,1";"BR-116/RJ";"Pista Norte";"Choque em objeto fixo";0;0;0;0;0;0;0;0;1;0;1;0;0;0;0
"07/05/2023";"01:54:00";"33";"Acidente c";"207,2";"BR-116/SP";"Pista Sul";"Choque em objeto fixo";0;0;0;0;0;0;0;0;1;0;1;4;0;0;0
"07/05/2023";"06:49:00";"73";"Acidente s";"144";"BR-116/SP";"Pista Sul";"Choque em objeto fixo";0;0;0;0;0;0;0;0;1;0;2;0;0;0;0
"07/05/2023";"06:53:00";"77";"Acidente s";"28";"BR-116/SP";"Pista Norte";"Abalroamento longitudinal";0;0;0;0;0;0;0;0;1;1;2;0;0;0;0
"07/05/2023";"08:05:00";"102";"Acidente s";"227,9";"BR-116/RJ";"Pista Norte";"Colisão traseira";1;0;0;0;0;0;0;0;0;1;2;0;0;0;0
"07/05/2023";"08:54:00";"118";"Acidente s";"226,6";"BR-116/RJ";"Pista Sul";"Queda de moto";0;1;0;0;0;0;0;0;0;0;1;0;0;0;0
"07/05/2023";"10:39:00";"155";"Acidente c";"106,95";"BR-116/SP";"Pista Sul";"Queda de moto";0;1;0;0;0;0;0;0;0;0;1;0;1;0;0
"07/05/2023";"13:10:00";"200";"Acidente s";"487";"BR-101/RJ";"Pista Norte";"Colisão traseira";0;0;0;0;0;0;0;0;2;0;5;0;0;0;0
"07/05/2023";"13:39:00";"214";"Acidente c";"291,8";"BR-116/RJ";"Pista Norte";"Queda de moto";0;1;0;0;0;0;0;0;0;0;0;1;0;0;0
"07/05/2023";"15:11:00";"241";"Acidente s";"102,7";"BR-116/SP";"Pista Sul";"Engavetamento";0;0;0;0;0;0;0;0;3;0;6;0;0;0;0
"07/05/2023";"16:06:00";"260";"Acidente s";"387";"BR-101/RJ";"Pista Norte";"Colisão traseira";0;0;0;0;0;0;0;0;1;1;2;0;0;0;0
"07/05/2023";"16:37:00";"271";"Acidente c";"144";"BR-116/SP";"Pista Sul";"Queda de moto";0;1;0;0;0;0;0;0;0;0;0;1;0;0;0
"07/05/2023";"18:03:00";"304";"Acidente c";"207,2";"BR-116/SP";"Pista Sul";"Engavetamento";0;0;0;0;0;0;0;0;3;0;9;2;0;0;0
"07/05/2023";"18:17:00";"308";"Acidente s";"221";"BR-116/SP";"Pista Norte";"Choque em barreira New Jersey";0;0;0;0;0;0;0;0;1;0;1;0;0;0;0
"07/05/2023";"18:48:00";"327";"Acidente s";"228";"BR-116/SP";"Pista Sul";"Abalroamento longitudinal";1;0;0;0;0;0;0;0;1;0;2;0;0;0;0
"07/05/2023";"19:28:00";"348";"Acidente c";"203";"BR-116/SP";"Pista Sul";"Engavetamento";0;0;0;0;0;0;0;0;3;1;7;2;0;0;0
"07/05/2023";"19:46:00";"360";"Acidente c";"485";"BR-101/RJ";"Pista Sul";"Colisão frontal";0;1;0;0;0;0;0;0;1;0;0;1;0;1;0
"07/05/2023";"21:35:00";"401";"Acidente c";"517";"BR-101/RJ";"Pista Norte";"Atropelamento de animal";0;0;0;0;0;0;0;0;1;0;0;1;0;0;0
"07/05/2023";"22:52:00";"420";"Acidente s";"132,1";"BR-116/SP";"Pista Sul";"Atropelamento de animal";0;0;0;0;0;0;0;0;1;0;1;0;0;0;0
"08/05/2023";"05:39:00";"66";"Acidente s";"58";"BR-116/SP";"Pista Sul";"Atropelamento de animal";1;0;0;0;0;0;0;0;0;0;1;0;0;0;0
"08/05/2023";"05:50:00";"69";"Acidente s";"229";"BR-116/SP";"Pista Sul";"Colisão traseira";0;0;0;0;0;0;0;0;2;0;4;0;0;0;0
"08/05/2023";"06:36:00";"83";"Acidente c";"127,5";"BR-116/SP";"Pista Norte";"Colisão traseira";0;1;0;0;0;0;0;0;0;1;0;1;0;0;0
"08/05/2023";"06:51:00";"90";"Acidente c";"228";"BR-116/SP";"Pista Sul";"Colisão traseira";0;1;0;0;0;0;0;0;1;0;1;1;0;0;0
"08/05/2023";"07:06:00";"101";"Acidente c";"227";"BR-116/SP";"Pista Sul";"Colisão traseira";0;1;0;0;0;0;0;0;1;0;1;0;0;1;0
"08/05/2023";"09:38:00";"178";"Acidente s";"207";"BR-116/SP";"Pista Sul";"Engavetamento";0;0;0;0;0;0;0;0;3;0;4;0;0;0;0
"08/05/2023";"11:40:00";"243";"Acidente s";"28,5";"BR-116/SP";"Pista Sul";"Choque em objeto fixo";0;0;0;0;0;0;0;0;1;0;1;0;0;0;0
"08/05/2023";"12:05:00";"253";"Acidente c";"227,8";"BR-116/SP";"Pista Norte";"Capotamento";0;0;0;0;0;0;0;0;1;1;0;2;0;0;0
"08/05/2023";"12:57:00";"277";"Acidente c";"282";"BR-116/RJ";"Pista Norte";"Capotamento";0;0;0;0;0;0;0;0;1;0;0;2;0;0;0
"08/05/2023";"15:05:00";"342";"Acidente s";"315,4";"BR-116/RJ";"Pista Sul";"Choque em barreira New Jersey";0;0;0;0;0;0;0;0;1;0;1;0;0;0;0
"08/05/2023";"19:04:00";"476";"Acidente c";"139,9";"BR-116/SP";"Pista Sul";"Colisão traseira";1;0;0;0;0;1;0;0;0;0;2;0;0;1;0
"08/05/2023";"19:13:00";"480";"Acidente c";"53";"BR-116/SP";"Pista Norte";"Abalroamento longitudinal";0;1;0;0;0;0;0;0;1;0;3;1;0;0;0
"08/05/2023";"19:41:00";"494";"Acidente c";"113";"BR-116/SP";"Pista Sul";"Queda de moto";0;1;0;0;0;0;0;0;0;0;1;1;0;0;0
"08/05/2023";"22:33:00";"537";"Acidente s";"396";"BR-101/RJ";"Pista Norte";"Atropelamento de animal";0;0;0;0;0;0;0;0;1;0;0;0;0;0;0
"08/05/2023";"22:51:00";"546";"Acidente c";"434";"BR-101/RJ";"Pista Sul";"Choque em objeto fixo";0;0;0;0;0;0;0;0;1;0;0;1;0;0;0
"09/05/2023";"06:04:00";"59";"Acidente s";"226,5";"BR-116/SP";"Pista Sul";"Colisão traseira";0;0;0;0;0;0;0;0;2;0;3;0;0;0;0
"09/05/2023";"06:27:00";"65";"Acidente s";"230,05";"BR-116/SP";"Pista Sul";"Colisão traseira";0;0;0;0;0;0;0;0;1;1;2;0;0;0;0
"09/05/2023";"07:34:00";"116";"Acidente c";"208,3";"BR-116/SP";"Pista Sul";"Colisão traseira";0;1;0;0;0;0;0;0;1;0;1;1;0;0;0
"09/05/2023";"09:49:00";"203";"Acidente c";"101,6";"BR-116/SP";"Pista Norte";"Abalroamento longitudinal";1;0;0;0;0;0;0;0;1;0;1;1;0;0;0
"09/05/2023";"11:01:00";"232";"Acidente c";"384,2";"BR-101/RJ";"Pista Norte";"Queda de moto";0;1;0;0;0;0;0;0;0;0;0;1;0;0;0
"09/05/2023";"13:07:00";"283";"Acidente c";"231";"BR-116/SP";"Pista Sul";"Abalroamento longitudinal";0;1;0;0;0;0;0;0;1;0;1;1;0;0;0
"09/05/2023";"14:23:00";"330";"Acidente c";"28";"BR-101/SP";"Pista Norte";"Colisão frontal";0;0;0;0;0;0;0;0;2;0;0;4;0;0;0
"09/05/2023";"16:06:00";"378";"Acidente c";"214,9";"BR-116/SP";"Pista Norte";"Colisão traseira";0;1;0;0;0;0;0;0;0;1;1;1;0;0;0
"09/05/2023";"17:42:00";"429";"Acidente c";"311";"BR-116/RJ";"Pista Sul";"Colisão traseira";1;0;0;0;0;0;0;0;1;0;0;1;0;0;0
"09/05/2023";"17:50:00";"433";"Acidente c";"149";"BR-116/SP";"Pista Sul";"Colisão traseira";0;1;0;0;0;0;0;0;0;2;2;2;0;0;0
"09/05/2023";"18:33:00";"458";"Atropelame";"297,2";"BR-116/RJ";"Pista Norte";"Choque em objeto fixo";0;0;0;0;0;0;0;0;1;0;0;1;0;0;0
"09/05/2023";"19:20:00";"486";"Acidente c";"217,4";"BR-116/SP";"Pista Sul";"Abalroamento longitudinal";0;1;0;0;0;0;0;0;0;1;1;2;0;0;0
"09/05/2023";"19:39:00";"494";"Atropelame";"485,3";"BR-101/RJ";"Pista Sul";"Atropelamento de pedestre atravessando";0;0;1;0;0;1;0;0;0;0;1;0;1;0;0
"09/05/2023";"20:24:00";"516";"Acidente c";"221,3";"BR-116/SP";"Pista Norte";"Colisão traseira";0;1;0;0;0;0;0;0;1;0;3;1;0;0;0
"09/05/2023";"22:51:00";"553";"Acidente s";"22";"BR-101/SP";"Pista Norte";"Choque em barreira New Jersey";0;0;0;0;0;0;0;0;1;0;1;0;0;0;0
"10/05/2023";"01:02:00";"22";"Acidente s";"59,6";"BR-116/SP";"Pista Sul";"Choque em objeto fixo";0;0;0;0;0;1;0;0;0;0;0;0;0;0;0
"10/05/2023";"01:25:00";"30";"Acidente s";"408";"BR-101/RJ";"Pista Sul";"Colisão traseira";0;0;0;0;0;0;0;0;2;0;3;0;0;0;0
"10/05/2023";"04:09:00";"49";"Acidente s";"191,5";"BR-116/SP";"Pista Norte";"Choque em objeto fixo";1;0;0;0;0;0;0;0;0;0;1;0;0;0;0
"10/05/2023";"05:27:00";"60";"Acidente s";"26,4";"BR-101/SP";"Pista Norte";"Choque em objeto fixo";1;0;0;0;0;0;0;0;0;0;1;0;0;0;0
"10/05/2023";"06:08:00";"73";"Atropelame";"210,5";"BR-116/SP";"Pista Norte";"Atropelamento de pedestre atravessando";0;0;1;0;0;0;1;0;0;1;2;0;1;0;0
"10/05/2023";"06:37:00";"88";"Acidente s";"228,8";"BR-116/SP";"Pista Sul";"Engavetamento";0;0;0;0;0;0;0;0;3;0;3;0;0;0;0
"10/05/2023";"07:45:00";"138";"Acidente c";"220,4";"BR-116/RJ";"Pista Norte";"Choque em barreira New Jersey";0;0;0;0;0;0;0;0;1;0;3;0;1;0;0
"10/05/2023";"08:50:00";"183";"Acidente c";"227,1";"BR-116/SP";"Pista Sul";"Abalroamento longitudinal";0;1;0;0;0;0;0;0;1;0;2;1;0;0;0
"10/05/2023";"11:39:00";"280";"Acidente s";"529";"BR-101/RJ";"Pista Sul";"Choque em objeto fixo";0;0;0;0;0;0;0;0;1;0;1;0;0;0;0
"10/05/2023";"13:07:00";"314";"Acidente s";"463";"BR-101/RJ";"Pista Norte";"Choque em objeto fixo";0;0;0;0;0;0;0;0;1;0;2;0;0;0;0
"10/05/2023";"13:24:00";"322";"Acidente s";"463";"BR-101/RJ";"Pista Norte";"Colisão traseira";1;0;0;0;0;0;0;0;1;0;3;0;0;0;0
"10/05/2023";"13:50:00";"336";"Acidente c";"385";"BR-101/RJ";"Pista Sul";"Colisão traseira";0;0;0;0;0;0;0;0;2;0;1;1;0;0;0
"10/05/2023";"14:50:00";"364";"Acidente s";"118,6";"BR-116/SP";"Pista Norte";"Colisão traseira";1;0;0;0;0;0;0;0;1;0;1;0;0;0;0
"10/05/2023";"15:55:00";"398";"Acidente s";"520";"BR-101/RJ";"Pista Sul";"Choque em objeto fixo";0;0;0;0;0;0;0;0;1;0;1;0;0;0;0
"10/05/2023";"16:02:00";"404";"Acidente s";"226,3";"BR-116/RJ";"Pista Sul";"Abalroamento longitudinal";1;0;0;0;0;0;0;0;1;1;3;0;0;0;0
"10/05/2023";"16:27:00";"410";"Acidente c";"156,9";"BR-116/SP";"Pista Sul";"Queda de moto";0;1;0;0;0;0;0;0;0;0;0;1;0;0;0
"10/05/2023";"16:53:00";"426";"Acidente s";"52,7";"BR-116/SP";"Pista Norte";"Colisão traseira";0;0;0;0;0;0;0;0;1;1;1;0;0;0;0
"10/05/2023";"17:57:00";"450";"Atropelame";"18,9";"BR-101/SP";"Pista Norte";"Atropelamento de pedestre caminhando";0;1;0;0;0;0;0;0;0;0;0;0;1;1;0
"10/05/2023";"17:58:00";"451";"Acidente s";"14,78";"BR-116/SP";"Pista Sul";"Choque em objeto fixo";0;0;0;0;0;1;0;0;0;0;2;0;0;0;0
"10/05/2023";"18:01:00";"452";"Acidente s";"222,3";"BR-116/SP";"Pista Norte";"Engavetamento";0;0;0;0;0;0;0;0;3;0;5;0;0;0;0
"10/05/2023";"18:07:00";"459";"Acidente s";"156,8";"BR-116/SP";"Pista Norte";"Engavetamento";3;0;0;0;0;0;0;0;0;0;3;0;0;0;0
"10/05/2023";"18:54:00";"485";"Acidente s";"226";"BR-116/SP";"Pista Sul";"Abalroamento longitudinal";1;0;0;0;0;0;0;0;1;0;2;0;0;0;0
"10/05/2023";"20:15:00";"523";"Acidente s";"108,8";"BR-116/SP";"Pista Norte";"Choque em objeto fixo";0;0;0;0;0;0;0;0;1;1;2;0;0;0;0
"10/05/2023";"22:11:00";"553";"Acidente c";"569,7";"BR-101/RJ";"Pista Norte";"Outros";0;0;0;0;0;0;0;0;1;0;0;1;0;0;0
"11/05/2023";"04:07:00";"38";"Acidente c";"146,9";"BR-116/SP";"Pista Norte";"Capotamento";0;0;0;0;0;0;0;0;2;0;0;0;0;1;1
"11/05/2023";"06:05:00";"54";"Acidente c";"165,5";"BR-116/SP";"Pista Sul";"Abalroamento longitudinal";1;0;0;0;0;0;0;0;1;0;1;1;0;0;0
"11/05/2023";"06:31:00";"64";"Acidente c";"206,45";"BR-116/SP";"Pista Sul";"Engavetamento";1;0;0;0;0;0;0;0;2;1;1;1;0;0;0
"11/05/2023";"06:59:00";"83";"Acidente c";"219,7";"BR-116/SP";"Pista Sul";"Colisão traseira";0;1;0;0;0;0;0;0;1;0;1;1;0;0;0
"11/05/2023";"07:29:00";"108";"Acidente s";"227,9";"BR-116/SP";"Pista Norte";"Colisão traseira";1;0;0;0;0;0;0;0;0;1;2;0;0;0;0
"11/05/2023";"08:08:00";"132";"Acidente s";"152";"BR-116/SP";"Pista Norte";"Queda de moto";0;1;0;0;0;0;0;0;0;0;0;1;0;0;0
"11/05/2023";"08:27:00";"143";"Acidente s";"584,7";"BR-101/RJ";"Pista Sul";"Choque em objeto fixo";0;0;0;0;0;0;0;0;1;0;1;0;0;0;0
"11/05/2023";"09:01:00";"165";"Acidente c";"144,6";"BR-116/SP";"Pista Sul";"Colisão traseira";0;1;0;0;0;0;0;0;1;0;0;1;0;0;0
"11/05/2023";"09:16:00";"174";"Acidente s";"221,3";"BR-116/SP";"Pista Norte";"Choque em barreira New Jersey";1;0;0;0;0;0;0;0;0;0;0;0;0;0;0
"11/05/2023";"12:41:00";"274";"Acidente s";"116,5";"BR-116/SP";"Pista Norte";"Queda de Carga";0;0;0;0;0;0;0;0;2;0;3;0;0;0;0
"11/05/2023";"15:17:00";"351";"Acidente c";"298,89";"BR-116/RJ";"Pista Sul";"Queda de moto";0;1;0;0;0;0;0;0;0;0;0;0;0;0;1
"11/05/2023";"16:43:00";"389";"Acidente c";"167";"BR-116/SP";"Pista Norte";"Queda de moto";0;1;0;0;0;0;0;0;0;0;0;1;0;0;0
"11/05/2023";"17:24:00";"407";"Acidente s";"401,4";"BR-101/RJ";"Pista Sul";"Choque em barreira New Jersey";0;0;0;0;0;0;0;0;1;0;1;0;0;0;0
"11/05/2023";"17:55:00";"424";"Acidente s";"138";"BR-116/SP";"Pista Sul";"Colisão traseira";0;0;0;0;0;0;1;0;1;0;2;0;0;0;0
"11/05/2023";"18:01:00";"430";"Acidente s";"130,3";"BR-116/SP";"Pista Sul";"Colisão traseira";2;0;0;0;0;0;0;0;0;0;2;0;0;0;0
"11/05/2023";"18:05:00";"432";"Acidente s";"302,3";"BR-116/RJ";"Pista Sul";"Engavetamento";1;0;0;1;0;0;0;0;1;0;31;0;0;0;0
"11/05/2023";"18:43:00";"452";"Acidente s";"209";"BR-116/SP";"Pista Norte";"Colisão traseira";0;0;0;0;0;0;0;0;2;0;2;0;0;0;0
"11/05/2023";"19:25:00";"462";"Acidente s";"145,3";"BR-116/SP";"Pista Sul";"Queda de moto";0;1;0;0;0;0;0;0;0;0;2;0;0;0;0
"11/05/2023";"20:13:00";"482";"Acidente s";"476,5";"BR-101/RJ";"Pista Norte";"Capotamento";0;0;0;0;0;0;0;0;1;0;1;0;0;0;0
"11/05/2023";"21:17:00";"507";"Acidente c";"566";"BR-101/RJ";"Pista Norte";"Atropelamento de animal";0;1;0;0;0;1;0;0;0;0;1;0;0;1;0
"11/05/2023";"23:25:00";"549";"Acidente s";"167";"BR-116/SP";"Pista Sul";"Choque em barreira New Jersey";0;0;0;0;0;0;0;0;1;0;1;0;0;0;0
"12/05/2023";"00:03:00";"15";"Acidente s";"117,8";"BR-116/SP";"Pista Sul";"Choque em barreira New Jersey";0;0;0;0;0;0;0;0;1;0;1;0;0;0;0
"12/05/2023";"06:55:00";"97";"Acidente s";"39";"BR-116/SP";"Pista Sul";"Choque em objeto na pista";1;0;0;0;0;0;0;0;1;0;2;0;0;0;0
"12/05/2023";"07:09:00";"109";"Acidente s";"8,95";"BR-116/SP";"Pista Sul";"Choque em objeto na pista";1;0;0;0;0;0;0;0;0;0;1;0;0;0;0
"12/05/2023";"08:08:00";"146";"Acidente s";"158";"BR-116/SP";"Pista Norte";"Colisão traseira";0;0;0;0;0;0;0;0;2;0;6;0;0;0;0
"12/05/2023";"08:48:00";"177";"Acidente s";"272";"BR-116/RJ";"Pista Norte";"Abalroamento longitudinal";0;0;0;0;0;0;0;0;1;1;2;0;0;0;0
"12/05/2023";"08:58:00";"187";"Acidente c";"156";"BR-116/SP";"Pista Norte";"Engavetamento";0;0;0;0;0;0;0;0;3;0;0;3;0;0;0
"12/05/2023";"09:15:00";"204";"Acidente s";"112";"BR-116/SP";"Pista Norte";"Colisão traseira";1;0;0;0;0;0;1;0;2;0;5;0;0;0;0
"12/05/2023";"10:29:00";"238";"Acidente c";"435";"BR-101/RJ";"Pista Sul";"Colisão traseira";1;0;0;0;0;0;0;0;1;0;1;0;1;0;0
"12/05/2023";"10:43:00";"242";"Acidente s";"219";"BR-116/SP";"Pista Sul";"Engavetamento";4;0;0;0;0;0;0;0;0;0;4;0;0;0;0
"12/05/2023";"10:49:00";"243";"Acidente c";"227,5";"BR-116/SP";"Pista Sul";"Colisão traseira";0;0;0;0;0;0;0;0;2;0;1;1;0;0;0
"12/05/2023";"11:54:00";"271";"Acidente c";"38";"BR-101/SP";"Pista Sul";"Abalroamento longitudinal";0;0;0;0;0;0;0;0;2;0;1;2;0;0;0
"12/05/2023";"13:16:00";"312";"Acidente s";"84,3";"BR-116/SP";"Pista Norte";"Choque em barreira New Jersey";0;0;0;0;0;0;0;0;1;0;2;0;0;0;0
"12/05/2023";"14:21:00";"337";"Acidente s";"430";"BR-101/RJ";"Pista Sul";"Colisão frontal";0;0;0;0;0;0;0;0;2;0;2;0;0;0;0
"12/05/2023";"17:29:00";"440";"Acidente c";"147";"BR-116/SP";"Pista Norte";"Abalroamento longitudinal";0;1;0;0;0;0;0;0;1;0;4;1;0;0;0
"12/05/2023";"17:51:00";"451";"Acidente s";"287,8";"BR-116/RJ";"Pista Norte";"Choque em objeto na pista";1;0;0;0;0;0;0;0;1;0;2;0;0;0;0
"12/05/2023";"19:02:00";"489";"Acidente s";"214,8";"BR-116/SP";"Pista Norte";"Colisão traseira";0;0;0;0;0;0;0;0;2;0;6;0;0;0;0
"12/05/2023";"19:40:00";"510";"Acidente s";"143,2";"BR-116/SP";"Pista Norte";"Engavetamento";0;0;0;0;0;1;0;0;3;0;6;0;0;0;0
"12/05/2023";"19:55:00";"515";"Acidente s";"131,2";"BR-116/SP";"Pista Norte";"Colisão traseira";1;0;0;0;0;0;0;0;1;0;4;0;0;0;0
"12/05/2023";"20:39:00";"539";"Acidente s";"566";"BR-101/RJ";"Pista Norte";"Choque em objeto fixo";0;0;0;0;0;0;0;0;1;0;1;0;0;0;0
"12/05/2023";"22:39:00";"568";"Acidente s";"455";"BR-101/RJ";"Pista Norte";"Choque em objeto fixo";0;0;0;0;0;0;0;0;1;0;1;0;0;0;0
"13/05/2023";"00:38:00";"23";"Acidente c";"147,5";"BR-116/SP";"Pista Sul";"Choque em objeto fixo";0;0;0;0;0;1;0;0;1;0;0;1;0;1;0
"13/05/2023";"01:34:00";"33";"Acidente s";"194";"BR-116/SP";"Pista Sul";"Abalroamento longitudinal";2;0;0;0;0;0;0;0;0;0;2;0;0;0;0
"13/05/2023";"01:40:00";"36";"Acidente c";"101,1";"BR-116/SP";"Pista Norte";"Choque em barreira New Jersey";0;0;0;0;0;0;0;0;1;0;0;0;1;0;0
"13/05/2023";"02:18:00";"41";"Acidente c";"218,8";"BR-116/SP";"Pista Norte";"Colisão traseira";0;0;0;2;0;0;0;0;0;0;2;1;0;0;0
"13/05/2023";"03:17:00";"52";"Acidente s";"211,3";"BR-116/SP";"Pista Norte";"Colisão traseira";2;0;0;0;0;0;0;0;0;0;2;0;0;0;0
"13/05/2023";"06:18:00";"75";"Acidente s";"324,9";"BR-116/RJ";"Pista Sul";"Queda de Carga";0;1;0;0;0;0;0;0;0;0;1;0;0;0;0
"13/05/2023";"06:32:00";"77";"Acidente c";"495";"BR-101/RJ";"Pista Norte";"Colisão frontal";0;0;0;0;0;0;0;0;1;1;1;1;0;0;0
"13/05/2023";"09:06:00";"141";"Acidente c";"289,7";"BR-116/RJ";"Pista Norte";"Choque em barreira New Jersey";0;0;0;0;0;0;0;0;1;0;0;1;0;0;0
"13/05/2023";"09:34:00";"154";"Acidente s";"108,1";"BR-116/SP";"Pista Norte";"Colisão traseira";0;0;0;0;0;0;0;0;2;0;2;0;0;0;0
"13/05/2023";"10:08:00";"165";"Acidente s";"124";"BR-116/SP";"Pista Norte";"Colisão traseira";0;0;0;0;0;0;0;0;2;0;2;0;0;0;0
"13/05/2023";"10:08:00";"166";"Acidente c";"133";"BR-116/SP";"Pista Norte";"Queda de moto";0;1;0;0;0;0;0;0;0;0;1;1;0;0;0
"13/05/2023";"11:10:00";"188";"Acidente c";"470";"BR-101/RJ";"Pista Norte";"Choque em objeto fixo";0;0;0;0;0;0;0;0;1;0;0;0;1;0;0
"13/05/2023";"11:50:00";"203";"Acidente s";"146";"BR-116/SP";"Pista Sul";"Colisão traseira";0;0;0;0;0;0;0;0;2;0;2;0;0;0;0
"13/05/2023";"12:10:00";"211";"Acidente c";"246,85";"BR-116/RJ";"Pista Norte";"Tombamento";1;0;0;0;0;0;0;0;0;0;0;0;0;0;1
"13/05/2023";"13:24:00";"243";"Acidente s";"155,2";"BR-116/SP";"Pista Norte";"Abalroamento longitudinal";0;0;0;0;0;0;1;0;1;0;2;0;0;0;0
"13/05/2023";"13:41:00";"249";"Acidente s";"155,3";"BR-116/SP";"Pista Norte";"Colisão traseira";0;0;0;0;0;0;0;0;2;0;3;0;0;0;0
"13/05/2023";"14:09:00";"256";"Acidente c";"72,25";"BR-116/SP";"Pista Sul";"Queda de moto";0;1;0;0;0;0;0;0;0;0;1;1;0;0;0
"13/05/2023";"15:31:00";"297";"Acidente s";"165,2";"BR-116/SP";"Pista Norte";"Colisão traseira";1;0;0;0;0;0;0;0;1;0;3;0;0;0;0
"13/05/2023";"17:19:00";"334";"Acidente s";"576";"BR-101/RJ";"Pista Sul";"Atropelamento de pedestre atravessando";0;0;1;0;0;0;0;0;1;1;4;0;0;0;0
"13/05/2023";"18:29:00";"353";"Acidente s";"225,8";"BR-116/RJ";"Pista Sul";"Abalroamento longitudinal";0;0;0;0;0;0;0;0;1;0;1;0;0;0;0
"13/05/2023";"19:05:00";"370";"Acidente c";"229,8";"BR-116/SP";"Pista Sul";"Engavetamento";1;0;0;0;0;0;0;0;2;0;9;1;0;0;0
"13/05/2023";"22:08:00";"431";"Acidente s";"297,4";"BR-116/RJ";"Pista Sul";"Choque em barreira New Jersey";0;0;0;0;0;0;1;0;1;2;4;0;0;0;0