data;horario;n_da_ocorrencia;tipo_de_ocorrencia;km;trecho;sentido;tipo_de_acidente;automovel;bicicleta;caminhao;moto;onibus;outros;tracao_animal;transporte_de_cargas_especiais;trator_maquinas;utilitarios;ilesos;levemente_feridos;moderadamente_feridos;gravemente_feridos;mortos
"22/05/2023";"17:51:00";"425";"Acidente s";"118,2";"BR-116/SP";"Pista Norte";"Abalroamento longitudinal";1;0;0;0;0;0;0;0;1;0;4;0;0;0;0
"22/05/2023";"18:23:00";"444";"Acidente c";"222";"BR-116/SP";"Pista Norte";"Abalroamento longitudinal";0;1;0;0;0;0;0;0;1;0;1;1;0;0;0
"22/05/2023";"23:17:00";"540";"Acidente c";"39,8";"BR-116/SP";"Pista Sul";"Abalroamento longitudinal";0;1;0;1;0;0;0;0;0;0;40;1;0;0;0
"23/05/2023";"03:29:00";"39";"Acidente s";"193,5";"BR-116/SP";"Pista Norte";"Colisão traseira";2;0;0;0;0;0;0;0;0;0;2;0;0;0;0
"23/05/2023";"04:36:00";"45";"Acidente s";"88,1";"BR-116/SP";"Pista Norte";"Tombamento";1;0;0;0;0;0;0;0;0;0;0;1;0;0;0
"23/05/2023";"06:13:00";"58";"Acidente s";"98,8";"BR-116/SP";"Pista Sul";"Queda de moto";0;1;0;0;0;0;0;0;0;0;1;0;0;0;0
"23/05/2023";"08:10:00";"129";"Acidente s";"432";"BR-101/RJ";"Pista Sul";"Choque em objeto fixo";0;0;0;0;0;0;0;0;1;0;3;0;0;0;0
"23/05/2023";"08:14:00";"130";"Acidente s";"208";"BR-116/SP";"Pista Sul";"Engavetamento";0;0;0;0;0;0;0;0;2;2;4;0;0;0;0
"23/05/2023";"08:14:00";"131";"Acidente c";"201";"BR-116/SP";"Pista Norte";"Queda de moto";0;1;0;0;0;0;0;0;0;0;1;1;0;0;0
"23/05/2023";"08:35:00";"152";"Acidente c";"481";"BR-101/RJ";"Pista Norte";"Colisão frontal";0;1;0;0;0;0;0;0;1;0;3;1;0;0;0
"23/05/2023";"10:38:00";"241";"Acidente s";"212,3";"BR-116/SP";"Pista Sul";"Engavetamento";0;0;0;0;0;1;1;0;1;0;3;0;0;0;0
"23/05/2023";"11:19:00";"258";"Acidente c";"145,8";"BR-116/SP";"Pista Sul";"Abalroamento longitudinal";0;0;0;1;0;0;1;0;0;0;3;1;0;0;0
"23/05/2023";"14:08:00";"340";"Acidente c";"230,8";"BR-116/SP";"Pista Sul";"Queda de moto";0;1;0;0;0;0;0;0;0;0;0;0;1;0;0
"23/05/2023";"15:17:00";"379";"Acidente s";"153,9";"BR-116/SP";"Pista Norte";"Abalroamento longitudinal";1;0;0;0;0;0;0;0;1;0;2;0;0;0;0
"23/05/2023";"15:21:00";"382";"Acidente s";"145,5";"BR-116/SP";"Pista Sul";"Choque em barreira New Jersey";0;0;0;0;0;1;0;0;0;0;1;0;0;0;0
"23/05/2023";"16:05:00";"403";"Acidente s";"230";"BR-116/SP";"Pista Norte";"Abalroamento longitudinal";1;0;0;0;0;0;1;0;1;0;5;0;0;0;0
"23/05/2023";"17:01:00";"424";"Acidente s";"206";"BR-116/SP";"Pista Norte";"Abalroamento longitudinal";0;0;0;0;0;0;0;0;2;0;3;0;0;0;0
"23/05/2023";"17:21:00";"437";"Acidente c";"157";"BR-116/SP";"Pista Norte";"Engavetamento";0;0;0;0;0;0;0;0;3;0;7;1;0;0;0
"24/05/2023";"00:52:00";"29";"Acidente s";"141,85";"BR-116/SP";"Pista Sul";"Choque em veículo parado na pista";2;0;0;0;0;0;0;0;0;0;2;0;0;0;0
"24/05/2023";"05:42:00";"88";"Acidente c";"230";"BR-116/SP";"Pista Sul";"Queda de moto";1;1;0;0;0;0;0;0;0;0;1;1;0;0;0
"24/05/2023";"07:34:00";"159";"Acidente c";"122,9";"BR-116/SP";"Pista Norte";"Colisão traseira";1;1;0;0;0;0;0;0;0;0;0;0;1;0;0
"24/05/2023";"08:35:00";"190";"Acidente s";"116";"BR-116/SP";"Pista Norte";"Colisão traseira";0;0;0;0;0;0;0;0;2;0;2;0;0;0;0
"24/05/2023";"12:49:00";"322";"Acidente c";"439";"BR-101/RJ";"Pista Norte";"Colisão frontal";0;0;0;0;0;0;0;0;2;0;1;2;0;0;0
"24/05/2023";"14:55:00";"391";"Acidente s";"157,4";"BR-116/SP";"Pista Norte";"Abalroamento longitudinal";1;0;0;0;0;1;0;0;0;0;2;0;0;0;0
"24/05/2023";"17:35:00";"473";"Acidente s";"140,75";"BR-116/SP";"Pista Norte";"Abalroamento longitudinal";0;0;0;0;0;0;0;0;2;0;2;0;0;0;0
"24/05/2023";"20:23:00";"542";"Acidente s";"39,3";"BR-116/SP";"Pista Sul";"Capotamento";0;0;0;0;0;0;0;0;1;0;0;0;0;0;0
"24/05/2023";"21:07:00";"569";"Acidente c";"145";"BR-116/SP";"Pista Norte";"Abalroamento longitudinal";1;0;0;0;0;0;0;0;1;0;2;1;0;0;0
"24/05/2023";"22:49:00";"600";"Acidente c";"51,8";"BR-116/SP";"Pista Sul";"Colisão traseira";2;0;0;0;0;0;0;0;0;0;0;1;0;0;0
"24/05/2023";"23:24:00";"612";"Acidente s";"223";"BR-116/SP";"Pista Norte";"Choque em objeto fixo";0;0;0;0;0;0;0;0;2;0;3;0;0;0;0
"25/05/2023";"01:39:00";"33";"Acidente c";"285,1";"BR-116/RJ";"Pista Norte";"Capotamento";0;0;0;0;0;0;0;0;1;0;0;0;1;0;0
"25/05/2023";"05:38:00";"66";"Acidente c";"145,5";"BR-116/SP";"Pista Norte";"Colisão traseira";0;0;0;0;0;0;0;0;2;0;2;0;1;0;0
"25/05/2023";"05:38:00";"67";"Acidente c";"271";"BR-116/RJ";"Pista Norte";"Colisão traseira";1;0;0;0;0;0;0;0;1;0;0;3;0;0;0
"25/05/2023";"06:49:00";"96";"Acidente c";"223,5";"BR-116/SP";"Pista Sul";"Colisão traseira";0;1;0;0;0;0;0;0;1;0;1;2;0;0;0
"25/05/2023";"06:52:00";"98";"Acidente c";"208";"BR-116/SP";"Pista Norte";"Abalroamento longitudinal";0;1;0;0;0;0;0;0;0;1;1;1;0;0;0
"25/05/2023";"07:21:00";"119";"Acidente c";"412";"BR-101/RJ";"Pista Norte";"Colisão traseira";0;1;0;0;0;0;0;0;1;0;1;0;1;0;0
"25/05/2023";"07:27:00";"122";"Acidente c";"142,4";"BR-116/SP";"Pista Norte";"Queda de moto";0;1;0;0;0;0;0;0;0;0;0;1;0;0;0
"25/05/2023";"08:44:00";"163";"Acidente c";"147";"BR-116/SP";"Pista Sul";"Colisão traseira";0;0;0;0;0;0;0;0;2;0;1;1;0;0;0
"25/05/2023";"08:51:00";"166";"Acidente s";"161";"BR-116/SP";"Pista Norte";"Colisão traseira";1;0;0;0;0;0;0;0;1;0;2;0;0;0;0
"25/05/2023";"09:01:00";"179";"Acidente s";"154";"BR-116/SP";"Pista Sul";"Colisão traseira";1;0;0;0;0;0;0;0;1;0;3;0;0;0;0
"25/05/2023";"10:48:00";"245";"Acidente c";"188";"BR-116/SP";"Pista Sul";"Queda de moto";0;1;0;0;0;0;0;0;0;1;1;1;0;0;0
"25/05/2023";"11:08:00";"252";"Acidente c";"400";"BR-101/RJ";"Pista Norte";"Engavetamento";0;0;0;0;0;0;0;0;2;1;4;0;1;0;0
"25/05/2023";"12:08:00";"277";"Acidente s";"490";"BR-101/RJ";"Pista Sul";"Choque em barreira New Jersey";0;0;0;0;0;0;0;0;1;0;1;0;0;0;0
"25/05/2023";"12:43:00";"291";"Acidente s";"326,5";"BR-116/RJ";"Pista Norte";"Colisão traseira";0;0;0;0;0;1;0;0;1;0;0;0;0;0;0
"25/05/2023";"13:33:00";"313";"Acidente s";"487,5";"BR-101/RJ";"Pista Sul";"Colisão traseira";0;0;0;0;0;0;0;0;2;0;2;0;0;0;0
"25/05/2023";"14:25:00";"335";"Acidente s";"205,9";"BR-116/SP";"Pista Sul";"Abalroamento longitudinal";0;0;0;0;0;0;0;0;1;1;2;0;0;0;0
"25/05/2023";"16:06:00";"382";"Atropelame";"149,49";"BR-116/SP";"Pista Norte";"Atropelamento de pedestre atravessando";0;0;0;0;0;0;0;0;2;0;2;1;0;0;0
"25/05/2023";"16:14:00";"386";"Acidente c";"311,8";"BR-116/RJ";"Pista Norte";"Engavetamento";2;0;0;0;0;0;0;0;1;0;1;0;2;0;0
"25/05/2023";"16:44:00";"398";"Acidente s";"332";"BR-116/RJ";"Pista Norte";"Colisão traseira";0;0;0;0;0;0;0;0;1;1;1;0;0;0;0
"25/05/2023";"17:23:00";"416";"Acidente s";"252";"BR-116/RJ";"Pista Norte";"Colisão traseira";0;0;0;0;0;0;0;0;1;1;3;0;0;0;0
"25/05/2023";"17:49:00";"432";"Acidente c";"311,8";"BR-116/RJ";"Pista Norte";"Abalroamento longitudinal";0;1;0;0;0;0;0;0;1;0;1;1;0;0;0
"25/05/2023";"18:06:00";"441";"Acidente s";"146";"BR-116/SP";"Pista Sul";"Colisão traseira";0;0;0;0;0;0;1;0;0;1;2;0;0;0;0
"25/05/2023";"18:17:00";"447";"Acidente c";"220,5";"BR-116/SP";"Pista Norte";"Queda de moto";0;1;0;0;0;0;0;0;0;0;0;2;0;0;0
"25/05/2023";"18:17:00";"446";"Acidente s";"157,7";"BR-116/SP";"Pista Sul";"Engavetamento";0;0;0;0;0;0;0;0;3;0;4;0;0;0;0
"25/05/2023";"18:22:00";"450";"Acidente c";"156,2";"BR-116/SP";"Pista Norte";"Abalroamento longitudinal";1;1;0;0;0;0;0;0;1;0;2;0;0;0;1
"25/05/2023";"18:24:00";"452";"Acidente s";"433";"BR-101/RJ";"Pista Norte";"Choque em objeto fixo";0;0;0;0;0;0;0;0;1;0;1;0;0;0;0
"25/05/2023";"18:34:00";"459";"Acidente c";"155,6";"BR-116/SP";"Pista Sul";"Colisão traseira";0;1;0;0;0;0;0;0;0;1;1;1;0;0;0
"25/05/2023";"18:36:00";"461";"Acidente s";"279,2";"BR-116/RJ";"Pista Sul";"Colisão traseira";1;0;0;0;0;0;0;0;1;0;4;0;0;0;0
"25/05/2023";"19:47:00";"498";"Acidente c";"227";"BR-116/SP";"Pista Norte";"Engavetamento";1;0;0;0;0;0;0;0;2;0;3;1;0;0;0
"25/05/2023";"20:29:00";"510";"Atropelame";"219,8";"BR-116/SP";"Pista Sul";"Atropelamento de pedestre atravessando";0;0;0;0;0;0;0;0;0;1;1;2;0;0;0
"25/05/2023";"20:51:00";"522";"Acidente s";"158,9";"BR-116/SP";"Pista Norte";"Abalroamento longitudinal";2;0;0;0;0;0;0;0;0;0;2;0;0;0;0
"26/05/2023";"03:21:00";"43";"Acidente s";"412";"BR-101/RJ";"Pista Sul";"Capotamento";0;0;0;0;0;0;0;0;1;0;1;0;0;0;0
"26/05/2023";"03:54:00";"48";"Acidente s";"190";"BR-116/SP";"Pista Norte";"Abalroamento longitudinal";1;0;0;0;0;0;0;0;0;1;2;0;0;0;0
"26/05/2023";"05:42:00";"58";"Acidente c";"49,7";"BR-101/SP";"Pista Norte";"Colisão frontal";0;2;0;0;0;0;0;0;0;0;0;3;0;0;0
"26/05/2023";"06:20:00";"69";"Acidente s";"235,7";"BR-116/RJ";"Pista Norte";"Choque em defensa";1;0;0;0;0;0;0;0;0;0;0;0;0;0;0
"26/05/2023";"07:19:00";"112";"Acidente s";"139,3";"BR-116/SP";"Pista Sul";"Colisão traseira";0;0;0;0;0;0;0;0;2;0;2;0;0;0;0
"26/05/2023";"07:26:00";"119";"Acidente s";"308";"BR-116/RJ";"Pista Sul";"Colisão traseira";1;0;0;0;0;0;0;0;1;0;2;0;0;0;0
"26/05/2023";"07:29:00";"121";"Acidente s";"139";"BR-116/SP";"Pista Norte";"Engavetamento";1;0;0;0;0;0;0;0;2;0;3;0;0;0;0
"26/05/2023";"07:39:00";"124";"Acidente c";"223";"BR-116/SP";"Pista Sul";"Colisão traseira";0;1;0;0;0;0;0;0;1;1;1;1;0;0;0
"26/05/2023";"07:52:00";"130";"Acidente c";"230,9";"BR-116/SP";"Pista Sul";"Colisão traseira";0;1;0;0;0;0;0;0;1;0;1;1;0;0;0
"26/05/2023";"08:12:00";"147";"Acidente s";"93,5";"BR-116/SP";"Pista Norte";"Abalroamento longitudinal";2;0;0;0;0;0;0;0;1;0;3;2;0;0;0
"26/05/2023";"10:52:00";"226";"Acidente c";"165,2";"BR-116/SP";"Pista Sul";"Colisão traseira";1;0;0;0;0;0;0;0;1;0;1;1;0;0;0
"26/05/2023";"10:54:00";"228";"Acidente c";"189";"BR-116/SP";"Pista Sul";"Colisão traseira";1;1;0;0;0;0;0;0;0;0;1;1;0;0;0
"26/05/2023";"11:51:00";"250";"Acidente c";"304";"BR-116/RJ";"Pista Norte";"Engavetamento";2;0;0;0;0;0;0;0;4;0;9;1;0;0;0
"26/05/2023";"12:39:00";"271";"Acidente s";"227";"BR-116/RJ";"Pista Norte";"Choque em objeto fixo";1;0;0;0;0;0;0;0;0;0;1;0;0;0;0
"26/05/2023";"13:13:00";"282";"Acidente s";"303";"BR-116/RJ";"Pista Sul";"Engavetamento";0;0;0;0;0;0;0;0;6;0;8;0;0;0;0
"26/05/2023";"14:36:00";"330";"Acidente c";"465";"BR-101/RJ";"Pista Norte";"Abalroamento longitudinal";0;1;0;0;0;0;0;0;1;0;0;2;0;0;0
"26/05/2023";"16:57:00";"391";"Acidente s";"63";"BR-116/SP";"Pista Sul";"Colisão traseira";0;1;0;0;0;0;0;0;1;0;2;0;0;0;0
"26/05/2023";"17:33:00";"407";"Acidente c";"74,75";"BR-116/SP";"Pista Sul";"Choque em objeto na pista";0;0;0;0;0;0;0;0;1;0;0;1;0;0;0
"26/05/2023";"18:33:00";"454";"Acidente c";"216";"BR-116/SP";"Pista Sul";"Queda de moto";0;1;0;0;0;0;0;0;0;0;0;2;0;0;0
"26/05/2023";"19:40:00";"489";"Acidente s";"46";"BR-101/SP";"Pista Norte";"Colisão traseira";0;0;0;0;0;0;0;0;1;1;2;0;0;0;0
"26/05/2023";"19:41:00";"490";"Acidente s";"214";"BR-116/SP";"Pista Norte";"Colisão traseira";0;0;0;0;0;0;0;0;2;0;3;0;0;0;0
"26/05/2023";"20:10:00";"503";"Acidente s";"227";"BR-116/SP";"Pista Norte";"Engavetamento";0;0;0;0;0;0;0;0;2;1;3;0;0;0;0
"26/05/2023";"23:24:00";"567";"Acidente s";"54,9";"BR-116/SP";"Pista Norte";"Choque em defensa";0;0;0;0;0;0;0;0;2;0;2;0;0;0;0
"27/05/2023";"04:27:00";"51";"Acidente s";"571";"BR-101/RJ";"Pista Norte";"Choque em defensa";0;0;0;0;0;0;0;0;1;0;2;0;0;0;0
"27/05/2023";"04:31:00";"52";"Acidente c";"29,4";"BR-116/SP";"Pista Norte";"Colisão traseira";2;0;0;0;0;0;0;0;0;0;1;0;0;1;0
"27/05/2023";"05:53:00";"65";"Acidente s";"274,47";"BR-116/RJ";"Pista Norte";"Choque em barreira New Jersey";1;0;0;0;0;0;0;0;0;0;1;0;0;0;0
"27/05/2023";"06:49:00";"86";"Acidente c";"218,4";"BR-116/SP";"Pista Sul";"Colisão traseira";0;0;0;0;0;0;0;0;2;0;0;2;0;0;0
"27/05/2023";"07:01:00";"88";"Acidente c";"386";"BR-101/RJ";"Pista Sul";"Abalroamento transversal";0;0;0;0;0;0;0;0;2;0;0;2;0;0;0
"27/05/2023";"07:52:00";"112";"Acidente s";"316";"BR-116/RJ";"Pista Sul";"Abalroamento longitudinal";0;1;0;0;0;1;0;0;0;0;2;0;0;0;0
"27/05/2023";"10:05:00";"187";"Acidente s";"209,8";"BR-116/SP";"Pista Sul";"Colisão traseira";1;0;0;0;0;0;0;0;1;0;2;0;0;0;0
"27/05/2023";"11:09:00";"221";"Acidente s";"44,3";"BR-116/SP";"Pista Norte";"Choque em objeto fixo";0;0;0;0;0;0;0;0;1;0;1;0;0;0;0
"27/05/2023";"11:58:00";"251";"Acidente s";"244,5";"BR-116/RJ";"Pista Norte";"Colisão traseira";1;0;0;0;0;0;0;0;1;0;5;0;0;0;0
"27/05/2023";"12:11:00";"258";"Acidente s";"282";"BR-116/RJ";"Pista Norte";"Colisão traseira";0;0;0;0;0;0;0;0;2;0;0;0;0;0;0
"27/05/2023";"12:48:00";"269";"Acidente s";"156";"BR-116/SP";"Pista Norte";"Engavetamento";0;0;0;0;0;0;0;0;3;0;4;0;0;0;0
"27/05/2023";"13:27:00";"286";"Acidente s";"209,9";"BR-116/SP";"Pista Sul";"Engavetamento";0;0;0;0;0;0;0;0;2;1;4;0;0;0;0
"27/05/2023";"14:18:00";"312";"Acidente s";"203,5";"BR-116/SP";"Pista Norte";"Choque em barreira New Jersey";0;0;0;0;0;0;0;0;1;0;1;0;0;0;0
"27/05/2023";"15:45:00";"360";"Acidente s";"339";"BR-116/RJ";"Pista Norte";"Queda de moto";0;1;0;0;0;0;0;0;0;0;0;0;0;0;0
"27/05/2023";"16:15:00";"376";"Acidente s";"200,5";"BR-116/SP";"Pista Sul";"Colisão traseira";0;0;0;0;0;0;0;0;2;0;3;0;0;0;0
"27/05/2023";"16:33:00";"383";"Acidente c";"204,5";"BR-116/SP";"Pista Norte";"Abalroamento longitudinal";0;1;0;0;0;0;0;0;1;0;1;0;1;0;0
"27/05/2023";"17:10:00";"393";"Acidente s";"138";"BR-116/SP";"Pista Norte";"Choque em objeto na pista";1;0;0;0;0;0;0;0;0;0;1;0;0;0;0
"27/05/2023";"19:48:00";"464";"Acidente c";"301,7";"BR-116/RJ";"Pista Sul";"Queda de ribanceira";0;0;0;0;0;0;0;0;1;0;0;1;0;0;0
"27/05/2023";"21:24:00";"490";"Acidente s";"198";"BR-116/SP";"Pista Norte";"Choque em objeto na pista";1;0;0;0;0;0;0;0;0;0;0;0;0;0;0
"27/05/2023";"22:41:00";"509";"Atropelame";"209,9";"BR-116/SP";"Pista Sul";"Atropelamento de pedestre atravessando";0;0;0;0;0;0;0;0;1;0;2;1;0;0;0
"27/05/2023";"23:59:00";"536";"Acidente s";"224,6";"BR-116/SP";"Pista Sul";"Colisão traseira";0;0;0;0;0;0;0;0;2;0;1;1;0;0;0
"28/05/2023";"01:35:00";"30";"Acidente c";"201,7";"BR-116/SP";"Pista Norte";"Colisão traseira";0;0;0;0;0;0;0;0;2;0;4;1;0;0;0
"28/05/2023";"01:53:00";"31";"Acidente s";"218";"BR-116/SP";"Pista Sul";"Colisão traseira";0;0;0;0;0;0;1;0;1;0;2;0;0;0;0
"28/05/2023";"02:12:00";"37";"Acidente c";"52";"BR-101/SP";"Pista Sul";"Queda de moto";0;1;0;0;0;0;0;0;0;0;0;1;0;0;0
"28/05/2023";"04:13:00";"51";"Atropelame";"206,1";"BR-116/SP";"Pista Norte";"Atropelamento de pedestre atravessando";0;0;0;0;0;0;0;0;0;1;1;2;0;0;0
"28/05/2023";"04:56:00";"60";"Acidente c";"42,8";"BR-116/SP";"Pista Norte";"Colisão traseira";0;0;0;0;0;0;0;0;2;0;4;1;0;0;0
"28/05/2023";"06:15:00";"74";"Acidente c";"311,3";"BR-116/RJ";"Pista Norte";"Choque em barreira New Jersey";0;0;0;0;0;0;0;0;1;0;0;0;0;0;1
"28/05/2023";"07:01:00";"98";"Acidente s";"332,8";"BR-116/RJ";"Pista Sul";"Choque em barreira New Jersey";0;0;0;0;0;0;0;0;1;0;0;0;0;0;0
"28/05/2023";"08:52:00";"147";"Acidente s";"33,2";"BR-116/SP";"Pista Sul";"Colisão traseira";0;0;0;0;0;0;0;0;1;1;1;0;0;0;0
"28/05/2023";"11:31:00";"219";"Acidente c";"165,2";"BR-116/SP";"Pista Norte";"Engavetamento";1;0;0;0;0;0;0;0;3;0;6;2;2;0;0
"28/05/2023";"14:11:00";"266";"Acidente c";"312,55";"BR-116/RJ";"Pista Norte";"Choque em barreira New Jersey";0;0;0;0;0;0;0;0;1;0;0;1;0;0;0
"28/05/2023";"15:47:00";"314";"Acidente c";"44,3";"BR-116/SP";"Pista Norte";"Queda de ribanceira";0;0;0;0;0;0;0;0;1;0;1;2;0;0;0
"28/05/2023";"16:15:00";"327";"Acidente s";"291,5";"BR-116/RJ";"Pista Norte";"Colisão traseira";0;1;0;0;0;0;0;0;1;0;0;0;0;0;0
"28/05/2023";"16:21:00";"329";"Acidente s";"104";"BR-116/SP";"Pista Sul";"Colisão traseira";0;0;0;0;0;0;0;0;1;1;1;0;0;0;0
"28/05/2023";"16:38:00";"337";"Acidente s";"74";"BR-116/SP";"Pista Sul";"Colisão traseira";1;0;0;0;0;0;0;0;1;0;0;0;0;0;0
"28/05/2023";"16:49:00";"339";"Acidente c";"232,5";"BR-116/RJ";"Pista Norte";"Choque em objeto fixo";0;0;0;0;0;0;0;0;1;0;0;0;1;0;0
"28/05/2023";"17:27:00";"364";"Acidente c";"74";"BR-116/SP";"Pista Sul";"Queda de moto";0;1;0;0;0;0;0;0;0;0;0;2;0;0;0
"28/05/2023";"17:35:00";"368";"Acidente s";"146,4";"BR-116/SP";"Pista Norte";"Engavetamento";1;0;0;0;0;0;0;0;2;0;7;0;0;0;0
"28/05/2023";"18:18:00";"394";"Acidente c";"216,3";"BR-116/SP";"Pista Norte";"Colisão traseira";0;0;0;0;0;0;0;0;2;0;4;2;0;0;0
"28/05/2023";"18:29:00";"399";"Acidente s";"427";"BR-101/RJ";"Pista Norte";"Choque em objeto fixo";0;0;0;0;0;0;0;0;1;0;0;0;0;0;0
"28/05/2023";"18:35:00";"405";"Acidente s";"65";"BR-116/SP";"Pista Norte";"Engavetamento";0;0;0;0;0;0;0;0;3;0;12;0;0;0;0
"28/05/2023";"19:05:00";"418";"Acidente c";"235,3";"BR-116/RJ";"Pista Sul";"Abalroamento longitudinal";0;1;0;0;0;0;0;0;1;0;0;0;1;0;0
"28/05/2023";"19:36:00";"431";"Atropelame";"220,4";"BR-116/SP";"Pista Sul";"Atropelamento de pedestre atravessando";0;0;0;1;0;0;0;0;0;0;20;0;0;0;1
"28/05/2023";"20:28:00";"443";"Acidente s";"51,2";"BR-116/SP";"Pista Norte";"Outros";0;0;0;0;0;0;0;0;1;0;1;0;0;0;0
"28/05/2023";"21:21:00";"457";"Acidente s";"491";"BR-101/RJ";"Pista Norte";"Choque em objeto fixo";0;0;0;0;0;0;0;0;1;0;1;0;0;0;0
"28/05/2023";"21:50:00";"465";"Acidente s";"87,1";"BR-116/SP";"Pista Norte";"Colisão traseira";0;0;0;0;0;0;0;0;1;1;2;0;0;0;0
"28/05/2023";"22:29:00";"477";"Acidente s";"551";"BR-101/RJ";"Pista Sul";"Atropelamento de animal";0;0;0;1;0;0;0;0;0;0;24;0;0;0;0
"29/05/2023";"00:19:00";"16";"Acidente s";"522";"BR-101/RJ";"Pista Norte";"Choque em objeto fixo";0;0;0;0;0;0;0;0;1;0;2;0;0;0;0
"29/05/2023";"00:34:00";"18";"Acidente c";"216,3";"BR-116/SP";"Pista Norte";"Choque em barreira New Jersey";0;0;0;0;0;0;0;0;1;0;0;2;0;0;0
"29/05/2023";"04:07:00";"66";"Acidente s";"446";"BR-101/RJ";"Pista Norte";"Choque em objeto fixo";0;0;0;0;0;0;0;0;1;0;1;0;0;0;0
"29/05/2023";"04:22:00";"69";"Acidente s";"446";"BR-101/RJ";"Pista Norte";"Choque em objeto fixo";0;0;0;0;0;0;0;0;1;0;1;0;0;0;0
"29/05/2023";"05:20:00";"81";"Acidente s";"417";"BR-101/RJ";"Pista Norte";"Choque em objeto fixo";0;0;0;0;0;0;0;0;1;0;1;0;0;0;0
"29/05/2023";"05:50:00";"89";"Atropelame";"167,1";"BR-116/SP";"Pista Norte";"Colisão traseira";0;1;1;0;0;0;0;0;0;0;0;3;0;0;0
"29/05/2023";"06:04:00";"92";"Acidente s";"383";"BR-101/RJ";"Pista Norte";"Colisão traseira";0;0;0;0;0;0;0;0;1;1;2;0;0;0;0
"29/05/2023";"07:42:00";"144";"Acidente c";"138,8";"BR-116/SP";"Pista Sul";"Abalroamento longitudinal";0;1;0;0;0;0;0;0;1;0;2;1;0;0;0
"29/05/2023";"08:05:00";"165";"Acidente c";"108";"BR-116/SP";"Pista Sul";"Colisão frontal";0;1;0;0;0;0;0;0;0;1;1;1;0;0;0
"29/05/2023";"08:48:00";"199";"Acidente c";"444";"BR-101/RJ";"Pista Norte";"Capotamento";0;0;0;0;0;0;1;0;0;0;0;1;0;0;0
"29/05/2023";"08:49:00";"201";"Acidente s";"513";"BR-101/RJ";"Pista Sul";"Choque em objeto fixo";0;0;0;1;0;0;0;0;0;0;1;0;0;0;0
"29/05/2023";"09:05:00";"210";"Acidente c";"58";"BR-116/SP";"Pista Norte";"Outros";0;1;0;1;0;0;0;0;0;0;0;1;0;0;0
"29/05/2023";"09:32:00";"220";"Acidente c";"223,3";"BR-116/SP";"Pista Norte";"Colisão traseira";0;1;0;0;0;0;0;0;1;0;1;1;0;0;0
"29/05/2023";"09:45:00";"231";"Acidente s";"225";"BR-116/SP";"Pista Norte";"Abalroamento longitudinal";1;0;0;0;0;0;0;0;1;0;4;0;0;0;0
"29/05/2023";"10:04:00";"238";"Acidente s";"575";"BR-101/RJ";"Pista Norte";"Choque em objeto fixo";0;1;0;0;0;0;0;0;0;0;2;0;0;0;0
"29/05/2023";"12:13:00";"297";"Acidente s";"542,5";"BR-101/RJ";"Pista Sul";"Choque em objeto fixo";0;0;0;0;0;0;0;0;1;0;1;0;0;0;0
"29/05/2023";"12:33:00";"304";"Acidente s";"226";"BR-116/RJ";"Pista Norte";"Choque em defensa";0;0;0;0;0;0;0;0;1;0;1;0;0;0;0
"29/05/2023";"12:53:00";"314";"Acidente s";"529";"BR-101/RJ";"Pista Sul";"Choque em objeto fixo";0;0;0;0;0;0;0;0;1;0;1;0;0;0;0
"29/05/2023";"13:04:00";"320";"Acidente s";"231,7";"BR-116/RJ";"Pista Norte";"Choque em barreira New Jersey";0;0;0;0;0;0;0;0;1;0;0;0;0;0;0
"29/05/2023";"13:19:00";"327";"Acidente s";"413";"BR-101/RJ";"Pista Norte";"Choque em objeto fixo";0;0;0;0;0;0;0;0;1;0;1;0;0;0;0
"29/05/2023";"13:30:00";"332";"Acidente s";"234,1";"BR-116/RJ";"Pista Sul";"Choque em barreira New Jersey";0;0;0;0;0;0;0;0;1;0;1;0;0;0;0
"29/05/2023";"13:56:00";"341";"Acidente c";"228,8";"BR-116/RJ";"Pista Norte";"Queda de ribanceira";0;0;0;0;0;0;0;0;1;0;0;1;0;0;0
"29/05/2023";"15:41:00";"396";"Acidente s";"223,5";"BR-116/SP";"Pista Norte";"Tombamento";1;0;0;0;0;0;0;0;0;0;0;0;0;0;0
"29/05/2023";"16:56:00";"428";"Acidente c";"279,33";"BR-116/RJ";"Pista Sul";"Abalroamento longitudinal";1;0;0;0;0;1;0;0;0;0;2;0;1;0;0
"29/05/2023";"18:26:00";"469";"Atropelame";"132,34";"BR-116/SP";"Pista Norte";"Atropelamento de pedestre caminhando";0;0;0;0;0;0;0;0;0;1;1;0;0;0;1
"29/05/2023";"19:38:00";"498";"Acidente c";"480";"BR-101/RJ";"Pista Sul";"Colisão frontal";0;2;0;0;0;0;0;0;0;0;0;0;2;0;0
"29/05/2023";"21:29:00";"532";"Acidente s";"105,8";"BR-116/SP";"Pista Norte";"Choque em barreira New Jersey";0;0;0;0;0;0;0;0;1;0;3;0;0;0;0
"30/05/2023";"02:44:00";"25";"Acidente s";"123,1";"BR-116/SP";"Pista Sul";"Colisão traseira";2;0;0;0;0;0;0;0;0;0;2;0;0;0;0
"30/05/2023";"02:59:00";"32";"Acidente c";"145,6";"BR-116/SP";"Pista Norte";"Colisão traseira";1;0;0;0;0;0;0;0;1;0;1;1;0;0;0
"30/05/2023";"06:01:00";"61";"Acidente s";"108,2";"BR-116/SP";"Pista Sul";"Abalroamento longitudinal";1;0;0;0;0;0;0;0;1;0;3;0;0;0;0
"30/05/2023";"07:28:00";"110";"Acidente c";"186";"BR-116/SP";"Pista Sul";"Abalroamento longitudinal";0;2;0;0;0;0;0;0;0;0;0;2;0;0;0