data;horario;n_da_ocorrencia;tipo_de_ocorrencia;km;trecho;sentido;tipo_de_acidente;automovel;bicicleta;caminhao;moto;onibus;outros;tracao_animal;transporte_de_cargas_especiais;trator_maquinas;utilitarios;ilesos;levemente_feridos;moderadamente_feridos;gravemente_feridos;mortos
"30/05/2023";"07:47:00";"122";"Acidente s";"522";"BR-101/RJ";"Pista Norte";"Choque em objeto fixo";0;0;0;0;0;0;0;0;1;0;1;0;0;0;0
"30/05/2023";"08:01:00";"132";"Acidente s";"515";"BR-101/RJ";"Pista Norte";"Choque em objeto fixo";0;0;0;0;0;0;0;0;1;0;1;0;0;0;0
"30/05/2023";"08:09:00";"137";"Acidente c";"528";"BR-101/RJ";"Pista Norte";"Choque em barreira New Jersey";0;0;0;0;0;0;0;0;1;0;0;1;0;0;0
"30/05/2023";"08:11:00";"138";"Acidente c";"232,5";"BR-116/RJ";"Pista Norte";"Choque em objeto fixo";0;0;0;0;0;0;0;0;1;0;0;1;0;0;0
"30/05/2023";"08:27:00";"151";"Acidente s";"515";"BR-101/RJ";"Pista Norte";"Choque em veículo parado na pista";0;0;0;0;0;0;0;0;1;0;1;0;0;0;0
"30/05/2023";"11:31:00";"268";"Acidente s";"482";"BR-101/RJ";"Pista Norte";"Abalroamento longitudinal";0;0;0;0;0;0;0;0;2;0;2;0;0;0;0
"30/05/2023";"12:38:00";"306";"Atropelame";"6";"BR-116/SP";"Pista Sul";"Atropelamento de pedestre caminhando";0;0;0;0;0;0;0;0;0;1;0;1;0;0;0
"30/05/2023";"13:15:00";"322";"Acidente c";"250,4";"BR-116/RJ";"Pista Norte";"Choque em objeto fixo";0;0;0;0;0;0;0;0;1;0;0;2;1;0;0
"30/05/2023";"13:23:00";"325";"Atropelame";"273,4";"BR-116/RJ";"Pista Norte";"Atropelamento de pedestre caminhando";0;0;0;0;0;0;0;0;1;0;1;0;1;0;0
"30/05/2023";"14:00:00";"345";"Acidente s";"86,95";"BR-116/SP";"Pista Sul";"Colisão traseira";0;0;0;0;0;0;0;0;2;0;3;0;0;0;0
"30/05/2023";"14:31:00";"356";"Atropelame";"121";"BR-116/SP";"Pista Norte";"Atropelamento de pedestre caminhando";0;0;0;0;0;0;0;0;1;0;1;0;1;0;0
"30/05/2023";"15:25:00";"384";"Acidente s";"323";"BR-116/RJ";"Pista Sul";"Queda de ribanceira";0;0;0;0;0;0;0;0;1;0;1;0;0;0;0
"30/05/2023";"16:09:00";"400";"Acidente c";"201";"BR-116/SP";"Pista Norte";"Queda de moto";0;1;0;0;0;0;0;0;0;0;0;0;1;0;0
"30/05/2023";"18:14:00";"451";"Acidente s";"524";"BR-101/RJ";"Pista Norte";"Abalroamento longitudinal";1;0;0;0;0;0;0;0;1;0;7;0;0;0;0
"30/05/2023";"19:26:00";"487";"Acidente s";"142";"BR-116/SP";"Pista Norte";"Colisão traseira";0;0;0;0;0;0;0;0;2;0;2;0;0;0;0
"30/05/2023";"19:58:00";"497";"Acidente c";"231";"BR-116/SP";"Pista Sul";"Engavetamento";0;0;0;0;0;0;0;0;3;0;1;2;0;0;0
"30/05/2023";"20:52:00";"529";"Acidente s";"155,5";"BR-116/SP";"Pista Sul";"Colisão traseira";0;0;0;0;0;0;0;0;1;1;2;0;0;0;0
"31/05/2023";"00:29:00";"17";"Acidente s";"39,3";"BR-116/SP";"Pista Norte";"Tombamento";1;0;0;0;0;0;0;0;0;0;1;0;0;0;0
"31/05/2023";"01:09:00";"25";"Acidente s";"199";"BR-116/SP";"Pista Sul";"Colisão traseira";2;0;0;0;0;0;0;0;0;0;2;0;0;0;0
"31/05/2023";"04:51:00";"44";"Acidente c";"58,3";"BR-116/SP";"Pista Sul";"Choque em barreira New Jersey";0;0;0;0;0;0;0;0;1;0;0;1;0;0;0
"31/05/2023";"05:19:00";"48";"Acidente s";"206,6";"BR-116/SP";"Pista Sul";"Abalroamento longitudinal";0;0;0;0;0;0;0;0;1;1;1;0;0;0;0
"31/05/2023";"05:36:00";"52";"Acidente s";"202";"BR-116/SP";"Pista Norte";"Colisão traseira";0;0;0;0;0;0;0;0;2;0;0;0;0;0;0
"31/05/2023";"06:47:00";"75";"Acidente s";"126,8";"BR-116/SP";"Pista Norte";"Choque em barreira New Jersey";0;0;0;0;0;0;0;0;1;0;1;0;0;0;0
"31/05/2023";"06:55:00";"79";"Acidente s";"41,5";"BR-116/SP";"Pista Sul";"Choque em barreira New Jersey";0;0;0;0;0;0;0;0;1;0;1;0;0;0;0
"31/05/2023";"08:02:00";"110";"Acidente s";"65";"BR-116/SP";"Pista Sul";"Choque em barreira New Jersey";0;0;0;0;0;0;0;0;1;0;1;0;0;0;0
"31/05/2023";"08:38:00";"136";"Acidente c";"221";"BR-116/SP";"Pista Sul";"Queda de moto";0;1;0;0;0;0;0;0;0;0;0;1;0;0;0
"31/05/2023";"08:54:00";"145";"Acidente c";"155";"BR-116/SP";"Pista Norte";"Engavetamento";0;0;0;0;0;0;0;0;3;0;0;1;0;0;0
"31/05/2023";"09:31:00";"158";"Acidente c";"216";"BR-116/SP";"Pista Sul";"Abalroamento longitudinal";1;1;0;0;0;0;0;0;0;0;1;1;0;0;0
"31/05/2023";"10:04:00";"172";"Acidente c";"225,5";"BR-116/SP";"Pista Norte";"Abalroamento longitudinal";1;0;0;0;0;0;0;0;1;0;2;1;0;0;0
"31/05/2023";"10:09:00";"175";"Acidente s";"232";"BR-116/RJ";"Pista Norte";"Choque em objeto fixo";0;0;0;0;0;0;0;0;1;0;2;0;0;0;0
"31/05/2023";"11:05:00";"203";"Acidente s";"76,7";"BR-116/SP";"Pista Norte";"Choque em barreira New Jersey";1;0;0;0;0;0;0;0;0;0;2;0;0;0;0
"31/05/2023";"11:43:00";"220";"Acidente c";"443";"BR-101/RJ";"Pista Norte";"Queda de moto";0;1;0;0;0;0;0;0;0;0;0;1;0;0;0
"31/05/2023";"11:58:00";"224";"Acidente s";"38";"BR-116/SP";"Pista Sul";"Choque em objeto fixo";0;0;0;0;0;0;0;0;1;0;1;0;0;0;0
"31/05/2023";"12:21:00";"233";"Acidente s";"70,7";"BR-116/SP";"Pista Norte";"Choque em barreira New Jersey";0;0;0;0;0;0;0;0;1;0;1;0;0;0;0
"31/05/2023";"12:31:00";"236";"Acidente s";"86,95";"BR-116/SP";"Pista Norte";"Choque em objeto fixo";1;0;0;0;0;0;0;0;0;0;1;0;0;0;0
"31/05/2023";"12:43:00";"244";"Acidente s";"498,8";"BR-101/RJ";"Pista Norte";"Queda de ribanceira";0;0;0;0;0;0;0;0;1;0;1;0;0;0;0
"31/05/2023";"12:58:00";"248";"Acidente s";"70,7";"BR-116/SP";"Pista Norte";"Abalroamento longitudinal";1;0;0;0;0;0;0;0;1;0;2;0;0;0;0
"31/05/2023";"13:36:00";"257";"Acidente s";"496";"BR-101/RJ";"Pista Sul";"Choque em barreira New Jersey";0;0;0;1;0;0;0;0;0;0;1;0;0;0;0
"31/05/2023";"13:36:00";"258";"Acidente s";"222,5";"BR-116/SP";"Pista Norte";"Choque em defensa";1;0;0;0;0;0;0;0;0;0;0;0;0;0;0
"31/05/2023";"14:53:00";"284";"Acidente s";"226";"BR-116/SP";"Pista Norte";"Engavetamento";1;0;0;0;0;0;0;0;2;0;3;0;0;0;0
"31/05/2023";"16:25:00";"314";"Acidente s";"221";"BR-116/SP";"Pista Sul";"Engavetamento";2;0;0;0;0;0;0;0;1;0;0;0;0;0;0
"31/05/2023";"17:34:00";"347";"Acidente c";"148,3";"BR-116/SP";"Pista Norte";"Engavetamento";0;0;0;0;0;0;0;0;3;0;7;0;1;0;0
"31/05/2023";"18:07:00";"369";"Acidente c";"106,2";"BR-116/SP";"Pista Sul";"Engavetamento";0;0;0;0;0;0;0;0;3;0;7;2;1;0;0
"31/05/2023";"18:19:00";"379";"Acidente c";"506";"BR-101/RJ";"Pista Norte";"Colisão frontal";0;2;0;0;0;0;0;0;0;0;0;0;3;0;0
"31/05/2023";"19:05:00";"402";"Acidente s";"157,5";"BR-116/SP";"Pista Sul";"Colisão traseira";0;0;0;0;0;0;0;0;2;0;2;0;0;0;0
"31/05/2023";"19:10:00";"406";"Acidente s";"216";"BR-116/SP";"Pista Sul";"Engavetamento";3;0;0;0;0;0;0;0;1;0;8;0;0;0;0
"31/05/2023";"19:15:00";"410";"Acidente s";"274,5";"BR-116/SP";"Pista Sul";"Colisão traseira";6;0;0;0;0;0;0;0;0;0;14;0;0;0;0
"31/05/2023";"20:07:00";"433";"Acidente s";"387";"BR-101/RJ";"Pista Sul";"Colisão traseira";0;0;0;0;0;0;0;0;2;0;2;0;0;0;0
"31/05/2023";"21:53:00";"463";"Acidente s";"306";"BR-116/RJ";"Pista Sul";"Atropelamento de animal";0;0;0;0;0;0;0;0;1;0;1;0;0;0;0
"31/05/2023";"23:11:00";"479";"Acidente s";"331,5";"BR-116/RJ";"Pista Norte";"Colisão traseira";1;0;0;0;0;0;0;0;0;1;3;0;0;0;0
"01/06/2023";"01:52:00";"26";"Acidente s";"229";"BR-116/RJ";"Pista Norte";"Choque em defensa";1;0;0;0;0;0;0;0;0;0;1;0;0;0;0
"01/06/2023";"05:10:00";"43";"Acidente c";"255,65";"BR-116/RJ";"Pista Sul";"Choque em objeto fixo";1;0;0;0;0;0;0;0;0;0;0;1;0;0;1
"01/06/2023";"05:58:00";"51";"Acidente s";"156,7";"BR-116/SP";"Pista Norte";"Choque em objeto fixo";0;0;0;0;0;0;0;0;1;0;1;0;0;0;0
"01/06/2023";"07:21:00";"94";"Atropelame";"49,5";"BR-101/SP";"Pista Norte";"Atropelamento de pedestre atravessando";0;1;1;0;0;0;0;0;0;0;0;1;0;0;0
"01/06/2023";"08:00:00";"122";"Acidente s";"228,9";"BR-116/SP";"Pista Sul";"Engavetamento";0;0;0;0;0;0;1;0;2;0;4;0;0;0;0
"01/06/2023";"10:25:00";"227";"Acidente s";"214,1";"BR-116/SP";"Pista Sul";"Abalroamento longitudinal";1;0;0;0;0;0;0;0;1;0;4;0;0;0;0
"01/06/2023";"13:04:00";"304";"Acidente s";"48,5";"BR-116/SP";"Pista Norte";"Colisão traseira";1;0;0;0;0;0;0;0;0;1;2;0;0;0;0
"01/06/2023";"13:32:00";"318";"Acidente s";"221";"BR-116/SP";"Pista Norte";"Colisão traseira";1;0;0;0;0;0;0;0;1;0;2;0;0;0;0
"01/06/2023";"14:20:00";"339";"Acidente c";"204,5";"BR-116/SP";"Pista Norte";"Colisão traseira";1;0;0;0;0;0;1;0;1;0;4;1;0;0;0
"01/06/2023";"14:21:00";"342";"Acidente s";"483";"BR-101/RJ";"Pista Norte";"Colisão traseira";0;1;0;0;0;0;0;0;1;0;2;0;0;0;0
"01/06/2023";"16:40:00";"399";"Acidente c";"504";"BR-101/RJ";"Pista Sul";"Colisão traseira";0;1;0;1;0;0;0;0;0;0;0;1;0;1;0
"01/06/2023";"18:45:00";"476";"Acidente s";"66,4";"BR-116/SP";"Pista Norte";"Choque em objeto fixo";0;0;0;0;0;0;0;0;1;0;0;0;0;0;0
"01/06/2023";"18:48:00";"478";"Acidente s";"215";"BR-116/SP";"Pista Sul";"Abalroamento longitudinal";1;0;0;0;0;0;0;0;1;0;2;0;0;0;0
"01/06/2023";"18:57:00";"483";"Acidente c";"208,5";"BR-116/SP";"Pista Norte";"Abalroamento longitudinal";0;1;0;0;0;0;0;0;0;0;0;2;0;0;0
"01/06/2023";"19:16:00";"501";"Acidente s";"23";"BR-101/SP";"Pista Norte";"Choque em objeto fixo";0;0;0;0;0;0;0;0;1;0;0;0;0;0;0
"01/06/2023";"19:47:00";"514";"Acidente s";"209,5";"BR-116/SP";"Pista Norte";"Colisão traseira";0;0;0;0;0;0;0;0;2;0;2;0;0;0;0
"01/06/2023";"20:52:00";"546";"Acidente s";"210,8";"BR-116/SP";"Pista Norte";"Colisão traseira";0;0;0;0;0;0;0;0;1;1;3;0;0;0;0
"02/06/2023";"01:49:00";"40";"Acidente c";"190,3";"BR-116/SP";"Pista Sul";"Colisão traseira";1;0;0;0;0;0;0;0;1;0;1;1;0;0;0
"02/06/2023";"02:28:00";"47";"Acidente s";"20,8";"BR-116/SP";"Pista Sul";"Abalroamento longitudinal";1;0;0;1;0;0;0;0;0;0;34;0;0;0;0
"02/06/2023";"05:31:00";"74";"Acidente c";"292";"BR-116/RJ";"Pista Norte";"Choque em defensa";0;0;0;0;0;0;0;0;1;0;0;1;0;0;0
"02/06/2023";"06:42:00";"98";"Acidente s";"528";"BR-101/RJ";"Pista Sul";"Capotamento";0;0;0;0;0;1;0;0;0;0;1;0;0;0;0
"02/06/2023";"08:06:00";"135";"Acidente c";"223";"BR-116/SP";"Pista Norte";"Abalroamento longitudinal";0;1;0;0;0;0;0;0;1;0;2;1;0;0;0
"02/06/2023";"10:15:00";"231";"Acidente s";"118,6";"BR-116/SP";"Pista Norte";"Engavetamento";0;0;0;0;0;0;0;0;1;2;0;0;0;0;0
"02/06/2023";"11:25:00";"268";"Acidente s";"325";"BR-116/RJ";"Pista Sul";"Abalroamento longitudinal";1;0;0;0;0;0;0;0;1;0;5;0;0;0;0
"02/06/2023";"11:56:00";"286";"Acidente s";"585";"BR-101/RJ";"Pista Norte";"Tombamento";1;0;0;0;0;0;0;0;0;0;1;0;0;0;0
"02/06/2023";"12:31:00";"301";"Acidente c";"17,6";"BR-116/SP";"Pista Norte";"Colisão traseira";0;0;0;0;0;0;0;0;2;0;3;0;1;0;0
"02/06/2023";"12:56:00";"317";"Acidente s";"92";"BR-116/SP";"Pista Sul";"Abalroamento longitudinal";1;0;0;0;0;0;0;0;1;0;2;0;0;0;0
"02/06/2023";"13:38:00";"336";"Acidente s";"438";"BR-101/RJ";"Pista Norte";"Colisão traseira";2;0;0;0;0;0;0;0;0;0;4;0;0;0;0
"02/06/2023";"15:37:00";"397";"Acidente c";"222";"BR-116/SP";"Pista Sul";"Abalroamento longitudinal";0;0;0;0;0;0;0;0;1;1;1;1;0;0;0
"02/06/2023";"17:10:00";"446";"Atropelame";"407,4";"BR-101/RJ";"Pista Sul";"Atropelamento de pedestre atravessando";0;0;1;0;0;0;0;0;1;0;1;0;1;0;0
"02/06/2023";"18:55:00";"490";"Atropelame";"407,3";"BR-101/RJ";"Pista Norte";"Atropelamento de pedestre atravessando";0;0;0;0;0;0;0;0;1;0;1;0;0;0;1
"02/06/2023";"19:16:00";"500";"Acidente c";"148,7";"BR-116/SP";"Pista Norte";"Abalroamento longitudinal";0;1;0;0;0;0;0;0;1;0;1;0;1;0;0
"02/06/2023";"19:42:00";"506";"Acidente c";"149,5";"BR-116/SP";"Pista Norte";"Colisão traseira";0;1;0;0;0;0;0;0;1;0;3;1;0;0;0
"02/06/2023";"20:21:00";"526";"Acidente c";"148,1";"BR-116/SP";"Pista Norte";"Colisão traseira";0;1;0;0;0;0;0;0;1;0;2;1;0;0;0
"02/06/2023";"21:06:00";"546";"Acidente s";"226,6";"BR-116/SP";"Pista Norte";"Abalroamento longitudinal";0;0;0;0;0;0;0;0;2;0;2;0;0;0;0
"02/06/2023";"23:16:00";"585";"Acidente s";"51,1";"BR-101/SP";"Pista Norte";"Colisão traseira";0;2;0;0;0;0;0;0;0;0;3;0;0;0;0
"03/06/2023";"05:40:00";"71";"Acidente s";"266,7";"BR-116/RJ";"Pista Norte";"Atropelamento de animal";1;0;0;0;0;0;0;0;2;0;9;0;0;0;0
"03/06/2023";"06:05:00";"75";"Acidente c";"324";"BR-116/RJ";"Pista Sul";"Choque em defensa";0;0;0;0;0;0;0;0;1;0;0;1;0;0;0
"03/06/2023";"10:06:00";"183";"Acidente c";"222";"BR-116/SP";"Pista Sul";"Queda de moto";0;1;0;0;0;0;0;0;0;0;1;1;0;0;0
"03/06/2023";"12:42:00";"246";"Acidente s";"384";"BR-101/RJ";"Pista Sul";"Abalroamento longitudinal";0;0;0;0;0;0;0;0;1;1;2;0;0;0;0
"03/06/2023";"16:38:00";"337";"Acidente c";"122,7";"BR-116/SP";"Pista Sul";"Queda de moto";0;1;0;0;0;0;0;0;0;0;0;0;2;0;0
"03/06/2023";"17:37:00";"359";"Acidente c";"223,6";"BR-116/SP";"Pista Norte";"Abalroamento longitudinal";0;1;0;0;0;0;0;0;0;1;1;1;0;0;0
"03/06/2023";"19:11:00";"396";"Atropelame";"230,8";"BR-116/SP";"Pista Sul";"Atropelamento de pedestre atravessando";0;1;0;0;0;0;0;0;1;0;3;1;0;0;0
"03/06/2023";"22:46:00";"435";"Acidente s";"229,5";"BR-116/SP";"Pista Norte";"Colisão traseira";0;0;0;0;0;0;0;0;2;0;3;0;0;0;0
"04/06/2023";"06:09:00";"76";"Acidente s";"217";"BR-116/SP";"Pista Norte";"Colisão traseira";0;0;0;0;0;0;0;0;1;1;1;0;0;0;0
"04/06/2023";"08:08:00";"112";"Acidente c";"228";"BR-116/SP";"Pista Norte";"Colisão traseira";0;0;0;0;0;0;0;0;1;1;0;1;0;0;0
"04/06/2023";"12:00:00";"182";"Acidente s";"276,6";"BR-116/RJ";"Pista Sul";"Choque em objeto fixo";0;0;0;0;0;0;0;0;1;0;1;0;0;0;0
"04/06/2023";"16:19:00";"282";"Acidente s";"305";"BR-116/RJ";"Pista Norte";"Colisão traseira";0;0;0;0;0;0;0;0;2;0;2;0;0;0;0
"04/06/2023";"18:53:00";"348";"Acidente c";"219,2";"BR-116/SP";"Pista Norte";"Queda de moto";0;1;0;0;0;0;0;0;0;0;0;1;0;0;0
"04/06/2023";"19:07:00";"354";"Acidente s";"201";"BR-116/SP";"Pista Sul";"Choque em objeto fixo";0;0;0;0;0;0;0;0;1;0;2;0;0;0;0
"04/06/2023";"19:18:00";"360";"Acidente c";"65";"BR-116/SP";"Pista Sul";"Choque em barreira New Jersey";0;1;0;0;0;0;0;0;2;0;1;0;1;1;0
"04/06/2023";"19:41:00";"370";"Acidente c";"145";"BR-116/SP";"Pista Sul";"Queda de moto";0;1;0;0;0;0;0;0;0;0;0;1;0;0;0
"04/06/2023";"20:38:00";"388";"Acidente s";"36,2";"BR-116/SP";"Pista Norte";"Atropelamento de animal";0;0;0;0;0;0;0;0;2;0;5;0;0;0;0
"05/06/2023";"04:59:00";"45";"Acidente s";"322,3";"BR-116/RJ";"Pista Norte";"Choque em objeto fixo";0;0;0;0;0;0;0;0;1;0;1;0;0;0;0
"05/06/2023";"06:59:00";"89";"Acidente c";"219";"BR-116/SP";"Pista Sul";"Abalroamento longitudinal";0;1;0;0;0;0;0;0;1;0;1;1;0;0;0
"05/06/2023";"07:22:00";"98";"Acidente s";"137,9";"BR-116/SP";"Pista Sul";"Engavetamento";0;0;0;0;0;0;0;0;3;0;5;0;0;0;0
"05/06/2023";"07:38:00";"108";"Acidente c";"218";"BR-116/SP";"Pista Sul";"Colisão traseira";0;1;0;0;0;0;0;0;0;1;1;1;0;0;0
"05/06/2023";"07:50:00";"115";"Acidente c";"263";"BR-116/RJ";"Pista Norte";"Abalroamento longitudinal";1;0;0;0;0;0;0;0;1;0;1;1;0;0;0
"05/06/2023";"07:57:00";"119";"Acidente s";"217,1";"BR-116/SP";"Pista Norte";"Colisão traseira";0;0;0;0;0;0;0;0;1;1;2;0;0;0;0
"05/06/2023";"08:15:00";"136";"Acidente s";"157,5";"BR-116/SP";"Pista Sul";"Colisão traseira";0;0;0;0;0;0;0;0;2;0;2;0;0;0;0
"05/06/2023";"08:26:00";"144";"Acidente c";"220";"BR-116/SP";"Pista Sul";"Colisão traseira";0;1;0;0;0;0;0;0;1;1;1;1;0;0;0
"05/06/2023";"11:05:00";"239";"Acidente s";"411,8";"BR-101/RJ";"Pista Sul";"Engavetamento";0;0;0;0;0;0;0;0;3;0;3;0;0;0;0
"05/06/2023";"11:32:00";"252";"Acidente c";"223";"BR-116/SP";"Pista Sul";"Abalroamento longitudinal";1;1;0;0;0;0;0;0;0;0;1;1;0;0;0
"05/06/2023";"12:58:00";"280";"Acidente c";"555";"BR-101/RJ";"Pista Norte";"Abalroamento longitudinal";1;0;0;0;0;0;0;0;1;0;1;1;0;0;0
"05/06/2023";"15:01:00";"329";"Acidente s";"225,1";"BR-116/SP";"Pista Sul";"Abalroamento longitudinal";1;0;0;2;0;0;0;0;0;0;3;0;0;0;0
"05/06/2023";"16:17:00";"364";"Acidente s";"518";"BR-101/RJ";"Pista Sul";"Abalroamento longitudinal";0;0;0;0;0;0;0;0;1;1;2;0;0;0;0
"05/06/2023";"16:34:00";"371";"Acidente c";"227";"BR-116/SP";"Pista Norte";"Colisão traseira";0;1;0;0;0;0;1;0;0;0;8;1;0;0;0
"05/06/2023";"18:19:00";"414";"Acidente c";"45,8";"BR-101/SP";"Pista Sul";"Atropelamento de animal";0;1;0;0;0;0;0;0;0;0;0;0;1;0;0
"05/06/2023";"18:59:00";"428";"Acidente s";"210,5";"BR-116/SP";"Pista Norte";"Colisão traseira";0;0;0;0;0;0;0;0;2;0;4;0;0;0;0
"05/06/2023";"21:34:00";"476";"Acidente c";"225,5";"BR-116/SP";"Pista Norte";"Abalroamento longitudinal";1;0;0;0;0;0;0;0;1;0;2;1;0;0;0
"06/06/2023";"02:26:00";"36";"Acidente s";"201,4";"BR-116/SP";"Pista Norte";"Choque em defensa";1;0;0;0;0;0;0;0;0;0;1;0;0;0;0
"06/06/2023";"05:39:00";"51";"Acidente s";"159";"BR-116/SP";"Pista Norte";"Abalroamento longitudinal";1;0;0;0;0;0;0;0;0;1;2;0;0;0;0
"06/06/2023";"06:21:00";"61";"Atropelame";"201,4";"BR-116/SP";"Pista Norte";"Atropelamento de pedestre atravessando";0;0;0;0;0;0;0;0;1;0;1;0;1;0;0
"06/06/2023";"08:25:00";"146";"Acidente s";"139";"BR-116/SP";"Pista Sul";"Engavetamento";1;0;0;0;0;0;0;0;2;0;4;0;0;0;0
"06/06/2023";"08:48:00";"166";"Acidente s";"159";"BR-116/SP";"Pista Norte";"Colisão traseira";0;0;0;0;0;0;0;0;2;0;3;0;0;0;0
"06/06/2023";"09:00:00";"173";"Acidente s";"159";"BR-116/SP";"Pista Norte";"Colisão traseira";0;0;0;0;0;0;0;0;2;0;3;0;0;0;0
"06/06/2023";"09:32:00";"192";"Acidente c";"306,5";"BR-116/RJ";"Pista Sul";"Abalroamento longitudinal";0;1;0;0;0;0;0;0;0;1;0;1;0;0;0
"06/06/2023";"10:23:00";"221";"Acidente c";"227";"BR-116/SP";"Pista Sul";"Colisão traseira";1;1;0;0;0;0;0;0;0;0;3;2;0;0;0
"06/06/2023";"11:12:00";"249";"Acidente s";"465";"BR-101/RJ";"Pista Norte";"Colisão traseira";0;0;0;0;0;0;0;0;1;1;2;0;0;0;0
"06/06/2023";"11:51:00";"273";"Acidente s";"217,95";"BR-116/SP";"Pista Norte";"Colisão traseira";0;2;0;0;0;0;0;0;0;0;2;0;0;0;0
"06/06/2023";"12:11:00";"279";"Acidente s";"223,5";"BR-116/RJ";"Pista Sul";"Choque em defensa";0;0;0;0;0;0;0;0;1;0;1;0;0;0;0
"06/06/2023";"13:39:00";"311";"Acidente s";"217,2";"BR-116/SP";"Pista Sul";"Abalroamento longitudinal";0;0;0;0;0;0;0;0;2;0;2;0;0;0;0
"06/06/2023";"22:05:00";"555";"Acidente c";"194,6";"BR-116/SP";"Pista Norte";"Colisão traseira";0;0;0;0;0;0;0;0;1;0;0;1;0;0;0
"06/06/2023";"22:25:00";"561";"Acidente s";"223";"BR-116/SP";"Pista Norte";"Abalroamento longitudinal";0;0;0;0;0;0;0;0;2;0;3;0;0;0;0
"06/06/2023";"22:41:00";"567";"Acidente s";"95,3";"BR-116/SP";"Pista Norte";"Colisão traseira";2;0;0;0;0;0;0;0;0;0;2;0;0;0;0
"06/06/2023";"22:44:00";"568";"Acidente c";"228,3";"BR-116/SP";"Pista Norte";"Abalroamento longitudinal";0;1;0;0;0;0;0;0;0;1;1;0;0;0;1
"06/06/2023";"22:57:00";"572";"Acidente c";"207,6";"BR-116/SP";"Pista Norte";"Capotamento";0;0;0;0;0;0;0;0;1;0;0;1;0;0;1
"07/06/2023";"00:01:00";"15";"Acidente s";"230,5";"BR-116/SP";"Pista Sul";"Colisão traseira";1;0;0;0;0;0;0;0;1;0;2;0;0;0;0
"07/06/2023";"05:28:00";"62";"Acidente s";"106";"BR-116/SP";"Pista Sul";"Choque em defensa";1;0;0;0;0;0;0;0;0;0;1;0;0;0;0
"07/06/2023";"07:39:00";"108";"Acidente s";"155,1";"BR-116/SP";"Pista Norte";"Abalroamento longitudinal";2;0;0;0;0;0;0;0;1;0;3;0;0;0;0
"07/06/2023";"08:50:00";"161";"Acidente c";"390";"BR-101/RJ";"Pista Norte";"Abalroamento longitudinal";0;1;0;0;0;0;0;0;1;0;0;1;0;0;0
"07/06/2023";"09:13:00";"171";"Acidente c";"552";"BR-101/RJ";"Pista Norte";"Colisão traseira";0;0;0;0;0;0;0;0;1;1;1;1;0;0;0
"07/06/2023";"09:17:00";"173";"Acidente s";"221,4";"BR-116/SP";"Pista Norte";"Colisão traseira";0;0;0;0;0;0;0;0;1;1;2;0;0;0;0
"07/06/2023";"09:22:00";"176";"Acidente s";"157,7";"BR-116/SP";"Pista Norte";"Choque em barreira New Jersey";0;0;0;0;0;0;0;0;1;0;2;0;0;0;0
"07/06/2023";"11:46:00";"236";"Atropelame";"136,4";"BR-116/SP";"Pista Sul";"Atropelamento de pedestre atravessando";0;0;1;0;0;0;0;0;1;0;1;0;1;0;0
"07/06/2023";"13:09:00";"269";"Acidente s";"227,2";"BR-116/SP";"Pista Norte";"Colisão traseira";1;0;0;0;0;0;0;0;0;1;3;0;0;0;0
"07/06/2023";"13:19:00";"274";"Atropelame";"478";"BR-101/RJ";"Pista Norte";"Atropelamento de pedestre atravessando";0;1;0;0;0;0;0;0;0;0;1;2;0;0;0
"07/06/2023";"15:10:00";"323";"Acidente s";"144";"BR-116/SP";"Pista Sul";"Engavetamento";1;0;0;0;0;0;0;0;2;0;8;0;0;0;0
"07/06/2023";"15:38:00";"348";"Acidente s";"148";"BR-116/SP";"Pista Norte";"Colisão traseira";1;0;0;0;0;0;0;0;1;0;3;0;0;0;0
"07/06/2023";"15:44:00";"355";"Acidente c";"40,8";"BR-116/SP";"Pista Sul";"Queda de moto";0;1;0;0;0;0;0;0;0;0;0;1;0;0;0
"07/06/2023";"16:23:00";"381";"Acidente s";"155,6";"BR-116/SP";"Pista Norte";"Engavetamento";0;0;0;0;0;0;0;0;3;0;4;0;0;0;0
"07/06/2023";"16:37:00";"391";"Acidente s";"16,6";"BR-116/SP";"Pista Sul";"Choque Talude";0;0;0;0;0;0;0;0;1;0;1;0;0;0;0
"07/06/2023";"17:47:00";"425";"Acidente s";"114";"BR-116/SP";"Pista Norte";"Colisão traseira";1;0;0;0;0;0;0;0;1;0;0;0;0;0;0
"07/06/2023";"18:09:00";"434";"Acidente s";"230";"BR-116/SP";"Pista Norte";"Abalroamento longitudinal";1;0;0;0;0;0;0;0;1;0;2;0;0;0;0
"07/06/2023";"18:17:00";"441";"Acidente c";"81,7";"BR-116/SP";"Pista Norte";"Queda de moto";0;1;0;0;0;0;0;0;0;0;0;0;1;0;0
"07/06/2023";"18:19:00";"444";"Acidente c";"230,1";"BR-116/SP";"Pista Sul";"Abalroamento longitudinal";0;1;0;0;0;0;0;0;1;0;1;1;0;0;0
"07/06/2023";"18:23:00";"448";"Acidente s";"205";"BR-116/SP";"Pista Sul";"Engavetamento";1;0;0;0;0;0;0;0;1;1;7;0;0;0;0
"07/06/2023";"19:41:00";"505";"Acidente c";"230";"BR-116/SP";"Pista Norte";"Engavetamento";0;1;0;0;0;0;0;0;2;0;5;1;0;0;0
"07/06/2023";"20:32:00";"527";"Acidente s";"189,1";"BR-116/SP";"Pista Sul";"Abalroamento longitudinal";0;0;0;0;0;0;0;0;1;1;1;0;0;0;0