data;horario;n_da_ocorrencia;tipo_de_ocorrencia;km;trecho;sentido;tipo_de_acidente;automovel;bicicleta;caminhao;moto;onibus;outros;tracao_animal;transporte_de_cargas_especiais;trator_maquinas;utilitarios;ilesos;levemente_feridos;moderadamente_feridos;gravemente_feridos;mortos
"15/06/2023";"20:17:00";"480";"Atropelame";"488";"BR-101/RJ";"Pista Sul";"Atropelamento de pedestre atravessando";0;0;0;0;0;0;0;0;1;0;1;1;0;0;0
"15/06/2023";"20:24:00";"482";"Acidente c";"210,5";"BR-116/SP";"Pista Norte";"Abalroamento longitudinal";0;1;0;0;0;0;0;0;1;0;2;1;0;0;0
"15/06/2023";"20:26:00";"483";"Acidente c";"227,6";"BR-116/SP";"Pista Norte";"Abalroamento longitudinal";0;1;0;0;0;0;0;0;0;1;1;1;0;0;0
"15/06/2023";"20:47:00";"492";"Acidente s";"210,5";"BR-116/SP";"Pista Norte";"Abalroamento longitudinal";0;0;0;0;0;0;0;0;2;0;2;0;0;0;0
"15/06/2023";"21:01:00";"499";"Acidente s";"96";"BR-116/SP";"Pista Sul";"Queda de ribanceira";0;0;0;0;0;0;0;0;1;0;1;0;0;0;0
"16/06/2023";"00:29:00";"22";"Acidente s";"232,2";"BR-116/RJ";"Pista Norte";"Choque Talude";0;0;0;0;0;0;0;0;1;0;2;0;0;0;0
"16/06/2023";"01:23:00";"27";"Acidente s";"74,8";"BR-116/SP";"Pista Norte";"Choque em objeto fixo";0;0;0;0;0;0;0;0;1;0;1;0;0;0;0
"16/06/2023";"02:21:00";"38";"Acidente c";"211";"BR-116/SP";"Pista Sul";"Colisão traseira";0;0;0;0;0;0;0;0;2;0;1;2;0;0;0
"16/06/2023";"03:38:00";"51";"Acidente s";"126";"BR-116/SP";"Pista Sul";"Choque em defensa";0;0;0;0;0;0;0;0;1;0;0;0;0;0;0
"16/06/2023";"06:44:00";"84";"Acidente c";"212";"BR-116/SP";"Pista Sul";"Colisão traseira";0;1;0;0;0;0;0;0;1;0;2;1;0;0;0
"16/06/2023";"07:51:00";"133";"Acidente c";"44";"BR-116/SP";"Pista Sul";"Choque em barreira New Jersey";1;0;0;0;0;0;0;0;0;0;0;1;0;0;0
"16/06/2023";"08:39:00";"162";"Acidente c";"227,65";"BR-116/SP";"Pista Sul";"Colisão traseira";2;0;0;0;0;0;0;0;0;0;0;3;0;0;0
"16/06/2023";"08:43:00";"167";"Acidente c";"158";"BR-116/SP";"Pista Norte";"Abalroamento longitudinal";0;1;0;0;0;0;0;0;1;0;1;0;1;0;0
"16/06/2023";"08:46:00";"172";"Acidente c";"53,3";"BR-116/SP";"Pista Sul";"Abalroamento longitudinal";0;1;0;0;0;0;0;0;0;1;1;0;1;0;0
"16/06/2023";"08:46:00";"173";"Acidente c";"223,5";"BR-116/SP";"Pista Sul";"Abalroamento longitudinal";0;1;0;0;0;0;0;0;0;1;1;2;0;0;0
"16/06/2023";"11:26:00";"273";"Acidente s";"416";"BR-101/RJ";"Pista Sul";"Engavetamento";0;0;0;0;0;0;0;0;3;0;3;0;0;0;0
"16/06/2023";"13:34:00";"342";"Acidente c";"64,9";"BR-116/SP";"Pista Sul";"Colisão traseira";0;0;0;0;0;0;0;0;1;1;1;1;0;0;0
"16/06/2023";"15:28:00";"397";"Acidente s";"324,9";"BR-116/RJ";"Pista Sul";"Colisão traseira";1;0;0;0;0;0;0;0;1;0;2;0;0;0;0
"16/06/2023";"17:51:00";"466";"Acidente c";"157,3";"BR-116/SP";"Pista Norte";"Queda de moto";0;1;0;0;0;0;0;0;0;0;0;0;1;0;0
"16/06/2023";"18:06:00";"475";"Acidente s";"157,2";"BR-116/SP";"Pista Sul";"Colisão traseira";0;0;0;0;0;0;0;0;1;1;2;0;0;0;0
"16/06/2023";"18:10:00";"478";"Acidente c";"164,1";"BR-116/SP";"Pista Norte";"Abalroamento longitudinal";0;1;0;0;0;0;0;0;0;1;1;1;0;0;0
"16/06/2023";"18:30:00";"491";"Acidente c";"94,7";"BR-116/SP";"Pista Sul";"Colisão traseira";0;1;0;0;0;0;0;0;1;0;1;1;0;0;0
"16/06/2023";"18:35:00";"493";"Acidente c";"275,8";"BR-116/RJ";"Pista Sul";"Colisão traseira";1;0;0;0;0;0;0;0;1;0;1;1;0;0;0
"16/06/2023";"19:30:00";"522";"Acidente c";"504";"BR-101/RJ";"Pista Norte";"Atropelamento de animal";0;1;0;0;0;0;0;0;0;0;0;1;0;0;0
"16/06/2023";"20:44:00";"554";"Acidente s";"224,15";"BR-116/SP";"Pista Sul";"Colisão traseira";0;0;0;0;0;0;0;0;2;0;2;0;0;0;0
"16/06/2023";"21:15:00";"568";"Acidente c";"125";"BR-116/SP";"Pista Sul";"Choque Talude";1;0;0;0;0;0;0;0;0;0;0;0;1;0;0
"16/06/2023";"22:24:00";"583";"Acidente s";"481,2";"BR-101/RJ";"Pista Norte";"Choque em objeto fixo";0;0;0;0;0;0;0;0;1;0;3;0;0;0;0
"16/06/2023";"23:57:00";"619";"Acidente c";"18,55";"BR-116/SP";"Pista Norte";"Capotamento";0;0;0;0;0;0;0;0;1;0;0;1;0;0;0
"16/06/2023";"23:57:00";"618";"Acidente s";"107,9";"BR-116/SP";"Pista Norte";"Colisão traseira";0;0;0;0;0;0;0;0;2;0;5;0;0;0;0
"17/06/2023";"00:41:00";"20";"Acidente s";"430";"BR-101/RJ";"Pista Sul";"Choque em objeto fixo";0;0;0;0;0;0;0;0;1;0;1;0;0;0;0
"17/06/2023";"02:22:00";"36";"Acidente s";"232,9";"BR-116/RJ";"Pista Norte";"Choque Talude";0;0;0;0;0;0;0;0;1;0;1;0;0;0;0
"17/06/2023";"02:44:00";"42";"Acidente c";"210,5";"BR-116/SP";"Pista Norte";"Choque em objeto fixo";0;0;0;0;0;0;0;0;1;0;0;0;1;0;0
"17/06/2023";"03:47:00";"50";"Acidente c";"57,6";"BR-116/SP";"Pista Sul";"Colisão frontal";1;0;0;0;0;0;0;0;3;0;9;0;2;1;0
"17/06/2023";"09:15:00";"149";"Acidente c";"233";"BR-116/RJ";"Pista Norte";"Queda de moto";0;1;0;0;0;0;0;0;0;0;0;1;0;0;0
"17/06/2023";"09:39:00";"162";"Acidente s";"232,6";"BR-116/RJ";"Pista Norte";"Choque em objeto fixo";1;0;0;0;0;0;0;0;1;0;2;0;0;0;0
"17/06/2023";"09:47:00";"167";"Acidente c";"383";"BR-101/RJ";"Pista Sul";"Capotamento";0;0;0;0;0;0;0;0;1;0;0;1;0;0;0
"17/06/2023";"09:56:00";"172";"Acidente c";"51";"BR-116/SP";"Pista Sul";"Queda de moto";0;1;0;0;0;0;0;0;0;0;0;0;1;0;0
"17/06/2023";"10:00:00";"176";"Acidente c";"292";"BR-116/RJ";"Pista Sul";"Abalroamento longitudinal";0;1;0;0;0;0;0;0;0;1;0;1;0;0;0
"17/06/2023";"15:36:00";"303";"Acidente c";"149,5";"BR-116/SP";"Pista Norte";"Choque em defensa";0;1;0;0;0;0;0;0;0;0;0;2;0;0;0
"17/06/2023";"17:08:00";"342";"Acidente c";"213,4";"BR-116/SP";"Pista Sul";"Colisão traseira";0;0;0;0;0;0;0;0;2;0;5;1;0;0;0
"17/06/2023";"19:23:00";"382";"Acidente s";"145,7";"BR-116/SP";"Pista Sul";"Colisão traseira";0;0;0;0;0;0;0;0;2;0;3;0;0;0;0
"17/06/2023";"20:38:00";"410";"Acidente c";"157,2";"BR-116/SP";"Pista Norte";"Colisão traseira";0;0;0;0;0;0;0;0;2;0;6;0;1;0;0
"17/06/2023";"22:21:00";"439";"Acidente s";"465";"BR-101/RJ";"Pista Norte";"Choque em objeto fixo";0;0;0;0;0;0;0;0;1;0;2;0;0;0;0
"17/06/2023";"22:24:00";"441";"Acidente s";"211,5";"BR-116/SP";"Pista Sul";"Colisão traseira";0;0;0;0;0;0;0;0;2;0;4;0;0;0;0
"17/06/2023";"22:27:00";"443";"Acidente c";"243";"BR-116/RJ";"Pista Sul";"Choque em defensa";0;0;0;0;0;0;0;0;1;0;0;3;0;0;0
"18/06/2023";"01:02:00";"25";"Acidente s";"161,5";"BR-116/SP";"Pista Sul";"Colisão traseira";0;0;0;0;0;0;0;0;1;1;5;0;0;0;0
"18/06/2023";"01:30:00";"31";"Acidente s";"57,3";"BR-116/SP";"Pista Norte";"Choque em objeto fixo";0;0;0;0;0;0;0;0;1;0;2;0;0;0;0
"18/06/2023";"04:33:00";"54";"Acidente s";"439";"BR-101/RJ";"Pista Norte";"Atropelamento de animal";0;0;0;0;0;0;0;0;1;0;1;0;0;0;0
"18/06/2023";"06:45:00";"68";"Acidente s";"146";"BR-116/SP";"Pista Sul";"Choque em objeto fixo";0;0;0;0;0;0;0;0;1;0;2;0;0;0;0
"18/06/2023";"07:09:00";"79";"Acidente c";"578";"BR-101/RJ";"Pista Sul";"Abalroamento longitudinal";1;1;0;0;0;0;0;0;0;0;1;1;0;0;0
"18/06/2023";"14:24:00";"229";"Acidente s";"215";"BR-116/SP";"Pista Norte";"Choque em barreira New Jersey";0;0;0;0;0;0;0;0;1;0;2;0;0;0;0
"18/06/2023";"15:01:00";"244";"Acidente s";"117";"BR-116/SP";"Pista Sul";"Colisão traseira";0;0;0;0;0;0;0;0;2;0;4;0;0;0;0
"18/06/2023";"15:32:00";"261";"Acidente s";"124";"BR-116/SP";"Pista Sul";"Colisão traseira";0;0;0;0;0;0;0;0;2;0;3;0;0;0;0
"18/06/2023";"17:40:00";"320";"Acidente s";"117,5";"BR-116/SP";"Pista Sul";"Abalroamento longitudinal";0;0;0;1;0;0;0;0;1;0;49;0;0;0;0
"18/06/2023";"19:09:00";"357";"Acidente c";"57,6";"BR-116/SP";"Pista Norte";"Abalroamento longitudinal";1;0;0;0;0;0;0;0;1;0;2;0;5;0;0
"19/06/2023";"02:45:00";"36";"Acidente s";"136,7";"BR-116/SP";"Pista Sul";"Abalroamento longitudinal";0;0;0;0;0;0;0;0;1;1;3;0;0;0;0
"19/06/2023";"06:46:00";"88";"Acidente c";"205,6";"BR-116/SP";"Pista Norte";"Colisão traseira";0;1;0;0;0;0;0;0;1;0;2;1;0;0;0
"19/06/2023";"08:05:00";"138";"Acidente s";"402";"BR-101/RJ";"Pista Sul";"Engavetamento";0;0;0;0;0;0;0;0;3;0;6;0;0;0;0
"19/06/2023";"09:36:00";"195";"Acidente s";"229,2";"BR-116/RJ";"Pista Norte";"Abalroamento longitudinal";1;0;0;0;0;0;0;0;1;0;2;0;0;0;0
"19/06/2023";"10:16:00";"217";"Acidente c";"192,2";"BR-116/SP";"Pista Sul";"Abalroamento longitudinal";1;0;0;0;0;0;0;0;1;0;2;1;0;0;0
"19/06/2023";"11:29:00";"255";"Acidente s";"395,1";"BR-101/RJ";"Pista Sul";"Choque em objeto fixo";1;0;0;0;0;0;0;0;0;0;1;0;0;0;0
"19/06/2023";"12:21:00";"273";"Acidente s";"230";"BR-116/RJ";"Pista Norte";"Colisão traseira";2;0;0;0;0;0;0;0;0;0;2;0;0;0;0
"19/06/2023";"13:40:00";"298";"Acidente s";"210";"BR-116/SP";"Pista Sul";"Choque em barreira New Jersey";0;0;0;0;0;0;0;0;1;0;1;0;0;0;0
"19/06/2023";"14:08:00";"312";"Acidente c";"332,2";"BR-116/RJ";"Pista Norte";"Abalroamento longitudinal";0;0;0;0;0;0;0;0;2;0;0;1;0;4;1
"19/06/2023";"14:21:00";"317";"Acidente c";"111";"BR-116/SP";"Pista Sul";"Queda de moto";0;1;0;0;0;0;0;0;0;0;0;0;1;0;0
"19/06/2023";"16:57:00";"374";"Acidente c";"493";"BR-101/RJ";"Pista Norte";"Colisão frontal";1;0;0;0;0;0;0;0;2;0;2;1;1;0;0
"19/06/2023";"17:48:00";"386";"Acidente c";"229,95";"BR-116/SP";"Pista Norte";"Queda de moto";0;1;0;0;0;0;0;0;0;0;0;1;0;0;0
"19/06/2023";"18:17:00";"401";"Acidente s";"318,7";"BR-116/RJ";"Pista Sul";"Colisão traseira";1;0;0;0;0;1;0;0;0;0;3;0;0;0;0
"19/06/2023";"18:50:00";"419";"Acidente s";"154";"BR-116/SP";"Pista Sul";"Colisão traseira";0;0;0;0;0;1;0;0;1;0;4;0;0;0;0
"19/06/2023";"20:43:00";"462";"Acidente c";"284,1";"BR-116/RJ";"Pista Norte";"Colisão traseira";1;0;0;0;0;0;0;0;1;0;1;0;4;0;0
"19/06/2023";"22:52:00";"495";"Acidente s";"122";"BR-116/SP";"Pista Sul";"Queda de moto";0;1;0;0;0;0;0;0;0;0;2;0;0;0;0
"20/06/2023";"04:49:00";"38";"Acidente c";"389";"BR-101/RJ";"Pista Norte";"Choque em objeto fixo";0;0;0;0;0;0;0;0;1;0;1;1;0;0;0
"20/06/2023";"04:55:00";"42";"Acidente c";"281";"BR-116/RJ";"Pista Sul";"Tombamento";1;0;0;0;0;0;0;0;0;0;0;1;0;0;0
"20/06/2023";"05:04:00";"43";"Acidente c";"216,9";"BR-116/SP";"Pista Sul";"Colisão traseira";0;0;0;0;0;0;0;0;2;0;1;1;0;0;0
"20/06/2023";"07:52:00";"111";"Acidente s";"284";"BR-116/RJ";"Pista Norte";"Colisão traseira";0;0;0;0;0;0;0;0;2;0;0;0;0;0;0
"20/06/2023";"07:52:00";"110";"Acidente c";"232,1";"BR-116/RJ";"Pista Norte";"Tombamento";1;0;0;0;0;0;0;0;0;0;0;0;1;0;0
"20/06/2023";"08:21:00";"121";"Acidente c";"164,6";"BR-116/SP";"Pista Norte";"Queda de ribanceira";1;0;0;0;0;0;0;0;0;0;0;0;0;1;0
"20/06/2023";"13:52:00";"291";"Acidente c";"165,1";"BR-116/SP";"Pista Sul";"Queda de moto";0;1;0;0;0;0;0;0;0;0;0;0;1;0;0
"20/06/2023";"14:46:00";"312";"Acidente s";"489";"BR-101/RJ";"Pista Norte";"Abalroamento longitudinal";1;0;0;0;0;0;0;0;1;0;4;0;0;0;0
"20/06/2023";"14:59:00";"315";"Acidente s";"47,8";"BR-116/SP";"Pista Sul";"Choque em barreira New Jersey";1;0;0;0;0;0;0;0;0;0;1;0;0;0;0
"20/06/2023";"16:04:00";"345";"Acidente c";"279,7";"BR-116/RJ";"Pista Sul";"Abalroamento longitudinal";1;0;0;0;0;0;0;0;1;0;4;0;1;0;0
"20/06/2023";"17:23:00";"377";"Acidente c";"486";"BR-101/RJ";"Pista Sul";"Colisão traseira";0;0;0;0;0;0;0;0;2;0;2;1;0;0;0
"20/06/2023";"17:25:00";"379";"Acidente c";"250,3";"BR-116/RJ";"Pista Norte";"Colisão traseira";1;0;0;0;0;0;0;0;1;0;1;1;0;0;0
"20/06/2023";"17:31:00";"381";"Acidente c";"390";"BR-101/RJ";"Pista Norte";"Capotamento";0;0;0;0;0;0;0;0;1;0;1;1;0;0;0
"20/06/2023";"17:37:00";"385";"Acidente s";"250,5";"BR-116/RJ";"Pista Norte";"Engavetamento";0;0;0;0;0;0;0;0;3;0;3;0;0;0;0
"20/06/2023";"17:56:00";"397";"Acidente c";"204,5";"BR-116/SP";"Pista Sul";"Queda de moto";0;1;0;0;0;0;0;0;0;0;0;1;0;0;0
"20/06/2023";"18:06:00";"405";"Acidente s";"136,1";"BR-116/SP";"Pista Sul";"Colisão traseira";0;0;0;0;0;0;0;0;2;0;3;0;0;0;0
"20/06/2023";"18:17:00";"410";"Acidente s";"143,7";"BR-116/SP";"Pista Sul";"Atropelamento de animal";1;0;0;0;0;0;0;0;0;0;1;0;0;0;0
"20/06/2023";"18:55:00";"425";"Acidente s";"446";"BR-101/RJ";"Pista Sul";"Colisão traseira";1;0;0;0;0;1;0;0;0;0;2;0;0;0;0
"20/06/2023";"19:03:00";"428";"Acidente s";"164,6";"BR-116/SP";"Pista Norte";"Abalroamento longitudinal";0;0;0;0;0;0;0;0;1;1;2;0;0;0;0
"20/06/2023";"21:58:00";"511";"Acidente c";"215";"BR-116/SP";"Pista Sul";"Colisão traseira";0;0;0;0;0;0;0;0;2;0;0;3;0;0;0
"20/06/2023";"22:03:00";"513";"Acidente s";"86,95";"BR-116/SP";"Pista Norte";"Colisão traseira";0;0;0;0;0;0;0;0;2;0;4;0;0;0;0
"20/06/2023";"23:32:00";"533";"Acidente s";"461,7";"BR-101/RJ";"Pista Sul";"Choque em objeto fixo";0;0;0;0;0;0;0;0;1;0;1;0;0;0;0
"21/06/2023";"07:31:00";"121";"Acidente c";"144,75";"BR-116/SP";"Pista Norte";"Engavetamento";0;0;0;0;1;0;0;0;2;0;3;1;0;0;0
"21/06/2023";"07:56:00";"131";"Acidente s";"147,85";"BR-116/SP";"Pista Norte";"Colisão traseira";0;0;0;0;0;0;0;0;1;1;3;0;0;0;0
"21/06/2023";"12:48:00";"309";"Acidente c";"428";"BR-101/RJ";"Pista Sul";"Abalroamento transversal";0;0;0;0;0;0;0;0;2;0;0;2;0;0;0
"21/06/2023";"14:00:00";"346";"Acidente c";"222";"BR-116/RJ";"Pista Norte";"Choque em barreira New Jersey";0;0;0;0;0;0;0;0;1;0;0;2;0;0;0
"21/06/2023";"14:33:00";"364";"Acidente c";"222";"BR-116/RJ";"Pista Norte";"Engavetamento";5;0;0;0;0;0;0;0;4;0;12;3;1;0;0
"21/06/2023";"14:37:00";"365";"Acidente s";"230";"BR-116/RJ";"Pista Norte";"Choque em barreira New Jersey";1;0;0;0;0;0;0;0;0;0;0;0;0;0;0
"21/06/2023";"14:48:00";"368";"Acidente s";"229,3";"BR-116/RJ";"Pista Norte";"Choque em barreira New Jersey";1;0;0;0;0;0;0;0;0;0;1;0;0;0;0
"21/06/2023";"17:08:00";"426";"Acidente s";"279";"BR-116/RJ";"Pista Sul";"Choque Talude";1;0;0;0;0;0;0;0;1;0;3;0;0;0;0
"21/06/2023";"19:35:00";"509";"Acidente s";"98,8";"BR-116/SP";"Pista Sul";"Choque em objeto fixo";0;0;0;0;0;0;0;0;1;0;0;0;0;0;0
"21/06/2023";"20:04:00";"518";"Acidente c";"116,6";"BR-116/SP";"Pista Norte";"Engavetamento";0;0;0;0;0;0;0;0;3;0;0;0;2;0;0
"21/06/2023";"21:12:00";"535";"Acidente c";"515";"BR-101/RJ";"Pista Sul";"Colisão traseira";0;1;0;1;0;0;0;0;0;0;0;0;1;0;0
"21/06/2023";"21:36:00";"543";"Acidente s";"219,1";"BR-116/SP";"Pista Norte";"Choque em defensa";0;0;0;0;0;0;0;0;1;0;3;0;0;0;0
"21/06/2023";"21:39:00";"545";"Acidente c";"217,2";"BR-116/SP";"Pista Sul";"Choque em barreira New Jersey";0;0;0;0;0;0;0;0;1;0;0;2;0;0;0
"21/06/2023";"21:56:00";"551";"Acidente c";"310,45";"BR-116/RJ";"Pista Sul";"Queda de moto";0;1;0;0;0;0;0;0;0;0;1;0;1;0;0
"21/06/2023";"22:09:00";"558";"Acidente c";"428,5";"BR-101/RJ";"Pista Norte";"Queda de ribanceira";1;0;0;0;0;0;0;0;0;0;0;0;1;0;0
"21/06/2023";"22:22:00";"560";"Acidente s";"150,6";"BR-116/SP";"Pista Norte";"Abalroamento longitudinal";2;0;0;0;0;0;0;0;0;0;3;0;0;0;0
"21/06/2023";"23:00:00";"570";"Acidente c";"79,8";"BR-116/SP";"Pista Norte";"Queda de moto";0;1;0;0;0;0;0;0;0;0;1;1;0;0;0
"21/06/2023";"23:20:00";"574";"Atropelame";"52,25";"BR-116/SP";"Pista Sul";"Atropelamento de pedestre atravessando";0;0;0;1;0;0;0;0;1;0;1;0;0;1;0
"22/06/2023";"00:32:00";"23";"Acidente c";"50,2";"BR-101/SP";"Pista Norte";"Colisão frontal";0;1;0;0;0;0;0;0;1;0;1;0;1;0;0
"22/06/2023";"06:09:00";"80";"Acidente c";"219,2";"BR-116/SP";"Pista Norte";"Queda de moto";0;1;0;0;0;0;0;0;0;1;0;1;0;0;0
"22/06/2023";"07:24:00";"117";"Acidente s";"212";"BR-116/SP";"Pista Sul";"Colisão traseira";0;1;0;0;0;0;0;0;1;0;3;0;0;0;0
"22/06/2023";"08:33:00";"158";"Acidente s";"222,7";"BR-116/SP";"Pista Sul";"Abalroamento longitudinal";0;0;0;0;0;0;0;0;2;0;4;0;0;0;0
"22/06/2023";"09:32:00";"202";"Acidente s";"278";"BR-116/RJ";"Pista Norte";"Abalroamento longitudinal";0;0;0;0;0;0;1;0;0;2;3;0;0;0;0
"22/06/2023";"11:23:00";"256";"Acidente s";"311";"BR-116/RJ";"Pista Sul";"Abalroamento longitudinal";0;0;0;0;0;0;0;0;2;0;3;0;0;0;0
"22/06/2023";"11:44:00";"261";"Acidente s";"124,1";"BR-116/SP";"Pista Norte";"Colisão traseira";0;0;0;0;0;0;0;0;1;1;2;0;0;0;0
"22/06/2023";"12:50:00";"293";"Acidente c";"266,8";"BR-116/RJ";"Pista Sul";"Colisão traseira";0;0;0;0;0;0;0;0;2;0;4;1;0;0;0
"22/06/2023";"13:21:00";"305";"Acidente s";"206";"BR-116/SP";"Pista Sul";"Colisão traseira";1;0;0;0;0;0;0;0;1;0;3;0;0;0;0
"22/06/2023";"14:10:00";"327";"Acidente s";"34";"BR-116/SP";"Pista Norte";"Choque em objeto fixo";1;0;0;0;0;0;0;0;0;0;1;0;0;0;0
"22/06/2023";"15:13:00";"363";"Atropelame";"207,95";"BR-116/SP";"Pista Sul";"Atropelamento de pedestre atravessando";0;0;1;0;0;0;1;0;0;0;1;0;1;0;0
"22/06/2023";"15:51:00";"378";"Acidente s";"230";"BR-116/SP";"Pista Norte";"Colisão traseira";0;0;0;0;0;0;0;0;1;1;1;0;0;0;0
"22/06/2023";"16:41:00";"406";"Acidente c";"156,3";"BR-116/SP";"Pista Norte";"Colisão traseira";0;1;0;0;0;0;0;0;1;0;2;0;2;0;0
"22/06/2023";"17:21:00";"432";"Acidente c";"224";"BR-116/SP";"Pista Norte";"Choque em defensa";0;0;0;0;0;0;0;0;1;0;0;1;0;0;0
"22/06/2023";"17:43:00";"448";"Acidente s";"41";"BR-101/SP";"Pista Norte";"Queda de ribanceira";0;0;0;0;0;0;0;0;1;0;1;0;0;0;0
"22/06/2023";"18:11:00";"464";"Acidente s";"230,2";"BR-116/SP";"Pista Norte";"Colisão traseira";0;0;0;0;0;0;0;0;2;0;2;0;0;0;0
"22/06/2023";"19:34:00";"504";"Acidente c";"147,2";"BR-116/SP";"Pista Norte";"Colisão traseira";0;1;0;0;0;0;0;0;1;0;1;0;0;1;0
"23/06/2023";"05:53:00";"60";"Acidente c";"263,6";"BR-116/RJ";"Pista Sul";"Colisão traseira";2;0;0;0;0;0;0;0;0;0;1;1;0;0;0
"23/06/2023";"06:22:00";"71";"Acidente c";"205,1";"BR-116/SP";"Pista Norte";"Choque em veículo parado na pista";2;0;0;0;0;0;0;0;1;0;1;0;3;0;0
"23/06/2023";"08:12:00";"136";"Acidente c";"218,5";"BR-116/SP";"Pista Norte";"Abalroamento longitudinal";0;0;0;0;0;0;0;0;1;2;0;2;0;0;0
"23/06/2023";"09:46:00";"188";"Acidente s";"269";"BR-116/RJ";"Pista Sul";"Choque em barreira New Jersey";1;0;0;0;0;0;0;0;0;0;2;0;0;0;0
"23/06/2023";"14:48:00";"329";"Acidente s";"124";"BR-116/SP";"Pista Norte";"Colisão traseira";0;0;0;0;0;0;0;0;2;0;5;0;0;0;0
"23/06/2023";"14:56:00";"332";"Acidente c";"70,7";"BR-116/SP";"Pista Norte";"Outros";1;0;0;0;0;0;0;0;0;0;1;0;0;1;0
"23/06/2023";"15:52:00";"373";"Acidente s";"215,8";"BR-116/SP";"Pista Norte";"Colisão traseira";0;1;0;0;0;0;0;0;1;0;2;0;0;0;0
"23/06/2023";"17:09:00";"404";"Acidente c";"219";"BR-116/SP";"Pista Sul";"Abalroamento longitudinal";0;1;0;0;0;0;0;0;1;0;1;1;1;0;0
"23/06/2023";"17:43:00";"434";"Acidente s";"303";"BR-116/RJ";"Pista Sul";"Engavetamento";1;0;0;0;0;0;0;0;2;0;3;0;0;0;0
"23/06/2023";"20:55:00";"538";"Acidente c";"226,15";"BR-116/SP";"Pista Norte";"Queda de moto";0;1;0;0;0;0;0;0;0;0;1;1;0;0;0
"24/06/2023";"00:14:00";"14";"Acidente s";"224";"BR-116/SP";"Pista Norte";"Engavetamento";0;0;0;0;0;0;0;0;2;1;3;0;0;0;0
"24/06/2023";"00:45:00";"21";"Acidente c";"98";"BR-116/SP";"Pista Norte";"Colisão traseira";0;1;0;0;0;0;0;0;1;0;1;0;0;1;0
"24/06/2023";"01:22:00";"28";"Acidente s";"224,01";"BR-116/SP";"Pista Sul";"Choque em defensa";0;0;0;0;0;0;0;0;1;0;1;0;0;0;0
"24/06/2023";"03:40:00";"44";"Acidente s";"145,7";"BR-116/SP";"Pista Sul";"Engavetamento";1;0;0;0;0;0;0;0;2;0;5;0;0;0;0
"24/06/2023";"06:03:00";"64";"Acidente s";"130";"BR-116/SP";"Pista Norte";"Colisão traseira";0;0;0;0;0;0;0;0;2;0;2;0;0;0;0
"24/06/2023";"06:20:00";"68";"Acidente c";"229,1";"BR-116/SP";"Pista Norte";"Queda de moto";0;1;0;0;0;0;0;0;0;1;1;1;0;0;0
"24/06/2023";"06:36:00";"71";"Acidente c";"221,9";"BR-116/RJ";"Pista Sul";"Queda de moto";0;1;0;0;0;0;0;0;0;0;0;0;1;0;0
"24/06/2023";"08:56:00";"146";"Acidente s";"27";"BR-116/SP";"Pista Sul";"Outros";0;0;0;0;0;0;0;0;0;0;1;0;0;0;0
"24/06/2023";"09:38:00";"174";"Acidente s";"228,2";"BR-116/RJ";"Pista Norte";"Tombamento";1;0;0;0;0;0;0;0;0;0;1;0;0;0;0
"24/06/2023";"09:58:00";"184";"Acidente s";"146,5";"BR-116/SP";"Pista Sul";"Colisão traseira";0;0;0;0;0;0;0;0;1;1;4;0;0;0;0
"24/06/2023";"11:44:00";"230";"Acidente s";"99";"BR-116/SP";"Pista Norte";"Queda de moto";0;1;0;0;0;0;0;0;0;0;0;0;0;0;0
"24/06/2023";"12:24:00";"251";"Acidente c";"216,5";"BR-116/SP";"Pista Norte";"Abalroamento longitudinal";0;1;0;0;0;0;0;0;1;0;1;2;0;0;0
"24/06/2023";"12:49:00";"268";"Acidente s";"217,2";"BR-116/SP";"Pista Norte";"Colisão traseira";0;0;0;0;0;0;0;0;2;0;5;0;0;0;0
"24/06/2023";"14:45:00";"313";"Acidente s";"245";"BR-116/RJ";"Pista Norte";"Engavetamento";0;0;0;0;0;0;0;0;3;0;4;0;0;0;0
"24/06/2023";"15:05:00";"324";"Acidente c";"101";"BR-116/SP";"Pista Norte";"Queda de moto";0;1;0;0;0;0;0;0;0;0;0;1;0;0;0
"24/06/2023";"16:12:00";"351";"Acidente s";"211";"BR-116/SP";"Pista Norte";"Engavetamento";0;0;0;0;0;0;0;0;4;1;7;0;0;0;0
"24/06/2023";"18:54:00";"408";"Acidente s";"147,5";"BR-116/SP";"Pista Norte";"Colisão traseira";0;0;0;0;0;0;0;0;2;0;2;0;0;0;0
"24/06/2023";"19:09:00";"420";"Acidente s";"148,05";"BR-116/SP";"Pista Norte";"Colisão traseira";0;0;0;0;0;0;0;0;2;0;3;0;0;0;0
"24/06/2023";"19:18:00";"422";"Acidente s";"148,05";"BR-116/SP";"Pista Norte";"Colisão traseira";0;0;0;0;0;0;0;0;2;0;6;0;0;0;0
"24/06/2023";"19:46:00";"429";"Acidente s";"148,1";"BR-116/SP";"Pista Norte";"Colisão traseira";0;0;0;0;0;0;0;0;2;0;2;0;0;0;0
"24/06/2023";"20:22:00";"450";"Acidente c";"228";"BR-116/SP";"Pista Norte";"Queda de moto";0;1;0;0;0;0;0;0;0;0;0;0;0;1;0
"24/06/2023";"20:34:00";"454";"Atropelame";"70,5";"BR-116/SP";"Pista Norte";"Atropelamento de pedestre atravessando";0;0;0;0;0;0;0;0;1;0;0;0;0;0;1
"24/06/2023";"22:35:00";"487";"Acidente s";"229,9";"BR-116/SP";"Pista Sul";"Abalroamento longitudinal";0;0;0;0;0;0;0;0;1;1;2;0;0;0;0
"24/06/2023";"23:28:00";"494";"Acidente s";"404,4";"BR-101/RJ";"Pista Norte";"Capotamento";0;0;0;0;0;0;0;0;1;0;1;0;0;0;0