data;horario;n_da_ocorrencia;tipo_de_ocorrencia;km;trecho;sentido;tipo_de_acidente;automovel;bicicleta;caminhao;moto;onibus;outros;tracao_animal;transporte_de_cargas_especiais;trator_maquinas;utilitarios;ilesos;levemente_feridos;moderadamente_feridos;gravemente_feridos;mortos
"10/07/2023";"12:07:00";"308";"Acidente c";"393";"BR-101/RJ";"Pista Norte";"Engavetamento";0;0;0;0;0;0;0;0;2;1;3;1;0;0;0
"10/07/2023";"12:36:00";"321";"Acidente s";"101";"BR-116/SP";"Pista Sul";"Colisão traseira";0;0;0;0;0;1;0;0;0;1;4;0;0;0;0
"10/07/2023";"12:59:00";"326";"Acidente c";"471";"BR-101/RJ";"Pista Sul";"Abalroamento transversal";0;0;0;0;0;0;0;0;2;0;0;2;0;0;0
"10/07/2023";"14:07:00";"362";"Atropelame";"452";"BR-101/RJ";"Pista Sul";"Atropelamento de pedestre atravessando";0;0;0;0;0;0;0;0;1;0;1;1;0;0;0
"10/07/2023";"15:42:00";"417";"Acidente c";"485";"BR-101/RJ";"Pista Norte";"Queda de moto";0;1;0;0;0;0;0;0;0;0;0;1;1;0;0
"10/07/2023";"16:30:00";"439";"Acidente s";"452";"BR-101/RJ";"Pista Norte";"Choque em objeto fixo";1;0;0;0;0;0;0;0;0;0;1;0;0;0;0
"10/07/2023";"17:16:00";"466";"Acidente s";"195,3";"BR-116/SP";"Pista Sul";"Choque em defensa";1;0;0;0;0;0;0;0;1;0;2;0;0;0;0
"10/07/2023";"18:05:00";"485";"Acidente s";"124,1";"BR-116/SP";"Pista Norte";"Colisão traseira";0;1;0;0;0;0;0;0;0;1;2;0;0;0;0
"10/07/2023";"19:34:00";"541";"Acidente s";"160";"BR-116/SP";"Pista Norte";"Abalroamento longitudinal";1;0;0;1;0;0;0;0;0;0;5;0;0;0;0
"10/07/2023";"20:18:00";"561";"Acidente s";"381";"BR-101/RJ";"Pista Norte";"Colisão traseira";1;0;0;0;0;0;0;0;1;0;2;0;0;0;0
"10/07/2023";"21:02:00";"582";"Acidente s";"79,8";"BR-116/SP";"Pista Sul";"Atropelamento de animal";0;0;0;0;0;0;0;0;1;0;4;0;0;0;0
"10/07/2023";"21:06:00";"588";"Atropelame";"107,95";"BR-116/SP";"Pista Sul";"Atropelamento de pedestre caminhando";0;0;0;0;0;0;0;0;1;0;2;0;1;0;0
"10/07/2023";"22:04:00";"605";"Acidente s";"155,7";"BR-116/SP";"Pista Sul";"Abalroamento longitudinal";0;0;0;0;0;0;0;0;1;1;2;0;0;0;0
"11/07/2023";"00:30:00";"16";"Atropelame";"308,9";"BR-116/RJ";"Pista Sul";"Atropelamento de pedestre caminhando";0;0;0;0;0;0;0;0;0;1;1;0;0;1;0
"11/07/2023";"00:36:00";"19";"Acidente c";"219,15";"BR-116/SP";"Pista Sul";"Choque em barreira New Jersey";0;0;0;0;0;0;0;0;1;0;0;1;0;0;0
"11/07/2023";"01:07:00";"26";"Acidente s";"505,3";"BR-101/RJ";"Pista Sul";"Choque em objeto fixo";0;0;0;0;0;0;0;0;1;0;1;0;0;0;0
"11/07/2023";"01:27:00";"32";"Acidente s";"108,7";"BR-116/SP";"Pista Norte";"Choque em defensa";1;0;0;0;0;0;0;0;0;0;1;0;0;0;0
"11/07/2023";"02:12:00";"40";"Acidente c";"387";"BR-101/RJ";"Pista Sul";"Choque em objeto fixo";0;0;0;0;0;0;0;0;1;0;0;0;1;0;0
"11/07/2023";"05:17:00";"60";"Acidente c";"161,5";"BR-116/SP";"Pista Norte";"Colisão traseira";1;0;0;0;0;0;0;0;1;0;1;0;1;0;0
"11/07/2023";"05:25:00";"61";"Acidente s";"388,3";"BR-101/RJ";"Pista Sul";"Colisão traseira";0;0;0;0;0;0;0;0;2;0;0;0;0;0;0
"11/07/2023";"05:32:00";"62";"Acidente c";"173,2";"BR-116/SP";"Pista Sul";"Colisão traseira";0;0;0;0;0;0;0;0;1;1;0;1;0;0;0
"11/07/2023";"07:40:00";"127";"Acidente s";"223,7";"BR-116/SP";"Pista Sul";"Colisão traseira";0;0;0;0;0;0;0;0;2;0;2;0;0;0;0
"11/07/2023";"08:12:00";"143";"Acidente s";"500,3";"BR-101/RJ";"Pista Norte";"Queda de moto";0;1;0;0;0;0;0;0;0;0;0;0;0;0;0
"11/07/2023";"08:24:00";"149";"Acidente c";"488";"BR-101/RJ";"Pista Sul";"Queda de moto";0;1;0;0;0;0;0;0;0;0;0;1;0;0;0
"11/07/2023";"08:51:00";"167";"Acidente s";"147";"BR-116/SP";"Pista Norte";"Abalroamento longitudinal";1;0;0;0;0;0;0;0;1;0;2;0;0;0;0
"11/07/2023";"09:00:00";"173";"Acidente c";"218,6";"BR-116/SP";"Pista Sul";"Queda de moto";0;1;0;0;0;0;0;0;0;1;1;1;0;0;0
"11/07/2023";"10:15:00";"224";"Acidente s";"148,1";"BR-116/SP";"Pista Norte";"Engavetamento";0;0;0;0;0;0;0;0;3;1;4;0;0;0;0
"11/07/2023";"11:11:00";"255";"Acidente c";"53";"BR-116/SP";"Pista Sul";"Queda de ribanceira";0;1;0;0;0;0;0;0;0;0;0;0;1;0;0
"11/07/2023";"11:34:00";"267";"Acidente c";"213,9";"BR-116/SP";"Pista Norte";"Colisão traseira";0;2;0;0;0;0;0;0;0;0;1;1;1;0;0
"11/07/2023";"14:10:00";"343";"Acidente c";"100,15";"BR-116/SP";"Pista Sul";"Choque em barreira New Jersey";0;0;0;0;0;0;0;0;2;0;4;0;0;1;0
"11/07/2023";"16:07:00";"394";"Acidente s";"108";"BR-116/SP";"Pista Norte";"Engavetamento";1;0;0;1;0;0;0;0;4;0;48;0;0;0;0
"11/07/2023";"17:50:00";"446";"Acidente c";"149,65";"BR-116/SP";"Pista Sul";"Abalroamento longitudinal";0;1;0;0;0;0;0;0;1;0;1;2;0;0;0
"11/07/2023";"23:23:00";"574";"Acidente c";"106";"BR-116/SP";"Pista Sul";"Colisão traseira";0;0;0;0;0;0;0;0;2;0;4;1;1;0;0
"12/07/2023";"07:31:00";"98";"Acidente c";"223,6";"BR-116/SP";"Pista Sul";"Engavetamento";0;2;0;0;0;0;0;0;1;0;2;2;0;0;0
"12/07/2023";"07:43:00";"105";"Acidente s";"222";"BR-116/SP";"Pista Sul";"Engavetamento";0;0;0;1;0;0;0;0;2;0;3;0;0;0;0
"12/07/2023";"07:55:00";"112";"Acidente c";"98,95";"BR-116/SP";"Pista Sul";"Colisão traseira";1;0;0;0;0;0;0;0;1;0;0;0;1;0;0
"12/07/2023";"08:50:00";"145";"Acidente c";"209";"BR-116/SP";"Pista Sul";"Colisão traseira";0;1;0;0;0;0;0;0;1;0;1;1;0;0;0
"12/07/2023";"09:21:00";"165";"Acidente s";"121";"BR-116/SP";"Pista Norte";"Colisão traseira";1;0;0;0;0;0;0;0;1;0;0;0;0;0;0
"12/07/2023";"10:13:00";"192";"Acidente c";"110";"BR-116/SP";"Pista Norte";"Colisão traseira";0;0;0;0;0;0;0;0;2;0;2;0;1;0;0
"12/07/2023";"11:17:00";"210";"Acidente c";"229,3";"BR-116/SP";"Pista Sul";"Colisão traseira";1;0;0;0;0;0;0;0;1;0;1;1;0;0;0
"12/07/2023";"11:46:00";"224";"Acidente s";"508";"BR-101/RJ";"Pista Sul";"Colisão traseira";0;0;0;0;0;0;0;0;2;0;0;0;0;0;0
"12/07/2023";"13:28:00";"264";"Acidente s";"226,5";"BR-116/RJ";"Pista Norte";"Tombamento";1;0;0;0;0;0;0;0;0;0;0;0;0;0;0
"12/07/2023";"14:15:00";"281";"Acidente s";"95,9";"BR-116/SP";"Pista Norte";"Abalroamento longitudinal";1;0;0;0;0;0;0;0;1;1;7;0;0;0;0
"12/07/2023";"15:21:00";"312";"Acidente c";"110";"BR-116/SP";"Pista Norte";"Queda de moto";0;0;0;0;0;0;0;0;1;0;0;1;0;0;0
"12/07/2023";"16:29:00";"353";"Acidente s";"204,1";"BR-116/SP";"Pista Norte";"Abalroamento longitudinal";2;0;0;0;0;0;0;0;0;0;3;0;0;0;0
"12/07/2023";"18:42:00";"424";"Acidente c";"64,7";"BR-116/SP";"Pista Norte";"Abalroamento longitudinal";0;0;0;0;0;0;0;0;1;1;1;0;1;0;0
"12/07/2023";"20:36:00";"456";"Acidente c";"176,5";"BR-116/SP";"Pista Norte";"Choque em barreira New Jersey";0;0;0;0;0;0;0;0;1;0;1;1;0;0;0
"12/07/2023";"20:40:00";"460";"Acidente s";"230,4";"BR-116/RJ";"Pista Norte";"Choque Talude";0;0;0;0;0;0;0;0;1;0;2;0;0;0;0
"12/07/2023";"22:02:00";"491";"Acidente s";"491";"BR-101/RJ";"Pista Sul";"Abalroamento longitudinal";0;0;0;0;0;0;0;0;2;0;2;0;0;0;0
"12/07/2023";"23:07:00";"510";"Acidente c";"394";"BR-101/RJ";"Pista Norte";"Abalroamento longitudinal";0;0;0;0;0;0;1;0;1;0;1;3;0;0;0
"13/07/2023";"01:33:00";"24";"Acidente c";"4,3";"BR-116/SP";"Pista Norte";"Colisão traseira";2;0;0;0;0;0;0;0;0;0;1;1;0;0;0
"13/07/2023";"06:35:00";"79";"Acidente s";"250,5";"BR-116/RJ";"Pista Norte";"Colisão traseira";1;0;0;0;0;0;0;0;0;1;2;0;0;0;0
"13/07/2023";"06:49:00";"91";"Acidente s";"0,4";"BR-116/SP";"Pista Sul";"Abalroamento longitudinal";2;0;0;0;0;0;0;0;0;0;2;0;0;0;0
"13/07/2023";"07:36:00";"145";"Acidente c";"216,9";"BR-116/SP";"Pista Norte";"Queda de moto";0;1;0;0;0;0;0;0;0;0;1;1;0;0;0
"13/07/2023";"09:56:00";"256";"Acidente s";"59";"BR-116/SP";"Pista Sul";"Colisão traseira";0;0;0;0;0;0;0;0;2;0;0;0;0;0;0
"13/07/2023";"10:09:00";"264";"Acidente s";"51";"BR-116/SP";"Pista Sul";"Colisão traseira";0;0;0;0;0;0;0;0;1;1;0;0;0;0;0
"13/07/2023";"11:07:00";"314";"Acidente c";"97";"BR-116/SP";"Pista Norte";"Outros";0;0;0;0;0;0;0;0;1;0;0;1;0;0;0
"13/07/2023";"11:50:00";"342";"Acidente s";"219";"BR-116/SP";"Pista Sul";"Engavetamento";0;0;0;0;0;0;0;0;3;0;3;0;0;0;0
"13/07/2023";"12:19:00";"356";"Acidente c";"295";"BR-116/RJ";"Pista Norte";"Colisão traseira";0;0;0;0;0;0;0;0;2;0;0;0;1;0;0
"13/07/2023";"20:14:00";"665";"Acidente c";"52,3";"BR-101/SP";"Pista Sul";"Colisão traseira";0;1;0;0;0;0;0;0;1;0;0;0;1;0;0
"13/07/2023";"21:58:00";"695";"Acidente c";"214,5";"BR-116/SP";"Pista Sul";"Choque em barreira New Jersey";0;0;0;0;0;0;0;0;1;0;1;1;0;0;0
"14/07/2023";"01:23:00";"26";"Acidente s";"45,8";"BR-116/SP";"Pista Sul";"Choque em defensa";0;0;0;0;0;0;0;0;1;0;2;0;0;0;0
"14/07/2023";"04:22:00";"59";"Acidente c";"149,9";"BR-116/SP";"Pista Norte";"Choque em veículo parado na pista";0;0;0;0;0;0;1;0;2;0;2;1;0;0;0
"14/07/2023";"05:01:00";"67";"Acidente c";"226,9";"BR-116/SP";"Pista Sul";"Colisão traseira";0;0;0;0;0;0;0;0;1;1;1;1;0;0;0
"14/07/2023";"05:09:00";"69";"Acidente c";"292,2";"BR-116/RJ";"Pista Norte";"Tombamento";1;0;0;0;0;0;0;0;0;0;0;1;0;0;0
"14/07/2023";"06:14:00";"87";"Acidente s";"46";"BR-116/SP";"Pista Sul";"Abalroamento longitudinal";1;0;0;0;0;0;0;0;1;0;0;0;0;0;0
"14/07/2023";"06:30:00";"91";"Atropelame";"207,6";"BR-116/SP";"Pista Sul";"Atropelamento de pedestre atravessando";0;1;0;0;0;0;0;0;0;0;0;0;0;2;0
"14/07/2023";"06:32:00";"93";"Acidente c";"518,9";"BR-101/RJ";"Pista Norte";"Colisão frontal";0;0;0;0;0;0;0;0;2;0;0;4;0;0;0
"14/07/2023";"06:33:00";"94";"Acidente c";"207,6";"BR-116/SP";"Pista Norte";"Colisão traseira";0;0;0;0;0;0;0;0;2;0;1;0;1;0;0
"14/07/2023";"06:50:00";"105";"Acidente c";"418";"BR-101/RJ";"Pista Sul";"Abalroamento transversal";0;0;0;0;0;0;0;0;2;0;1;0;1;0;0
"14/07/2023";"07:17:00";"128";"Acidente c";"155";"BR-116/SP";"Pista Sul";"Colisão traseira";1;0;0;0;0;0;0;0;1;0;2;2;0;0;0
"14/07/2023";"07:38:00";"146";"Acidente s";"157,9";"BR-116/SP";"Pista Norte";"Engavetamento";0;0;0;0;0;0;0;0;4;0;4;0;0;0;0
"14/07/2023";"08:03:00";"173";"Acidente c";"281";"BR-116/RJ";"Pista Norte";"Choque em objeto fixo";0;1;0;0;0;0;0;0;0;0;0;0;1;0;0
"14/07/2023";"08:21:00";"186";"Acidente s";"222";"BR-116/SP";"Pista Norte";"Colisão traseira";0;0;0;0;0;0;0;0;1;1;4;0;0;0;0
"14/07/2023";"08:37:00";"194";"Acidente s";"165,4";"BR-116/SP";"Pista Norte";"Abalroamento longitudinal";1;0;0;0;0;0;0;0;1;0;2;0;0;0;0
"14/07/2023";"09:39:00";"232";"Acidente s";"223";"BR-116/SP";"Pista Norte";"Engavetamento";0;0;0;0;0;0;0;0;2;1;3;0;0;0;0
"14/07/2023";"09:50:00";"238";"Acidente s";"225,2";"BR-116/SP";"Pista Sul";"Colisão traseira";0;0;0;0;0;0;0;0;1;1;2;0;0;0;0
"14/07/2023";"10:52:00";"278";"Acidente c";"139";"BR-116/SP";"Pista Sul";"Engavetamento";0;0;0;0;0;0;0;0;3;0;8;1;0;0;0
"14/07/2023";"11:21:00";"295";"Acidente c";"82";"BR-116/SP";"Pista Norte";"Engavetamento";0;0;0;0;0;0;0;0;3;0;2;2;0;0;0
"14/07/2023";"12:41:00";"327";"Acidente s";"6";"BR-101/SP";"Pista Sul";"Choque em objeto fixo";0;0;0;0;0;0;0;0;1;0;1;0;0;0;0
"14/07/2023";"13:22:00";"349";"Acidente c";"229,9";"BR-116/SP";"Pista Norte";"Abalroamento longitudinal";0;1;0;0;0;0;0;0;0;1;1;1;0;0;0
"14/07/2023";"15:04:00";"406";"Acidente s";"158";"BR-116/SP";"Pista Norte";"Engavetamento";0;0;0;0;0;0;0;0;3;0;7;0;0;0;0
"14/07/2023";"15:32:00";"421";"Acidente s";"24,5";"BR-116/SP";"Pista Norte";"Engavetamento";0;0;0;0;0;0;0;0;3;0;3;0;0;0;0
"14/07/2023";"15:48:00";"436";"Acidente c";"106,4";"BR-116/SP";"Pista Sul";"Queda de moto";0;1;0;0;0;0;0;0;0;0;0;0;1;0;0
"14/07/2023";"15:54:00";"439";"Acidente c";"221";"BR-116/SP";"Pista Norte";"Colisão traseira";0;0;0;0;0;0;0;0;2;0;0;3;0;0;0
"14/07/2023";"15:56:00";"441";"Acidente c";"51";"BR-101/SP";"Pista Norte";"Abalroamento transversal";0;1;0;0;0;0;0;0;1;0;1;1;0;0;0
"14/07/2023";"16:28:00";"452";"Acidente s";"157";"BR-116/SP";"Pista Norte";"Engavetamento";0;0;0;0;0;0;0;0;3;0;7;0;0;0;0
"14/07/2023";"16:43:00";"460";"Acidente s";"97,4";"BR-116/SP";"Pista Sul";"Abalroamento longitudinal";0;2;0;0;0;0;0;0;0;0;2;0;0;0;0
"14/07/2023";"16:46:00";"462";"Acidente c";"112,8";"BR-116/SP";"Pista Norte";"Colisão traseira";0;0;0;0;0;0;0;0;2;0;2;1;0;0;0
"14/07/2023";"17:21:00";"480";"Acidente s";"390";"BR-101/RJ";"Pista Sul";"Colisão traseira";0;1;0;0;0;0;0;0;1;0;2;0;0;0;0
"14/07/2023";"17:48:00";"494";"Acidente s";"247,7";"BR-116/RJ";"Pista Sul";"Choque em barreira New Jersey";0;0;0;0;0;0;0;0;1;1;1;0;0;0;0
"14/07/2023";"18:10:00";"515";"Acidente c";"220,8";"BR-116/SP";"Pista Norte";"Colisão traseira";0;1;0;0;0;0;0;0;1;0;2;0;1;0;0
"14/07/2023";"18:24:00";"527";"Acidente s";"524,5";"BR-101/RJ";"Pista Norte";"Choque em objeto fixo";0;0;0;0;0;0;0;0;1;0;1;0;0;0;0
"14/07/2023";"18:32:00";"536";"Acidente c";"184,3";"BR-116/SP";"Pista Sul";"Abalroamento longitudinal";1;1;0;0;0;0;0;0;0;0;1;0;1;0;0
"14/07/2023";"19:29:00";"567";"Acidente s";"142,8";"BR-116/SP";"Pista Norte";"Engavetamento";1;0;0;0;0;0;0;0;1;1;4;0;0;0;0
"14/07/2023";"19:42:00";"579";"Acidente c";"456";"BR-101/RJ";"Pista Norte";"Abalroamento longitudinal";0;1;0;0;0;0;0;0;1;0;1;0;1;0;0
"14/07/2023";"19:55:00";"583";"Acidente s";"101,1";"BR-116/SP";"Pista Sul";"Colisão traseira";1;0;0;0;0;0;0;0;1;0;7;0;0;0;0
"14/07/2023";"20:54:00";"604";"Acidente s";"86,95";"BR-116/SP";"Pista Norte";"Engavetamento";0;0;0;0;0;0;0;0;3;0;3;0;0;0;0
"15/07/2023";"00:18:00";"19";"Acidente c";"318";"BR-116/RJ";"Pista Norte";"Capotamento";0;0;0;0;0;0;0;0;1;0;0;1;0;0;0
"15/07/2023";"00:27:00";"21";"Acidente c";"196,6";"BR-116/SP";"Pista Sul";"Queda de moto";0;1;0;0;0;0;0;0;0;0;0;0;1;0;0
"15/07/2023";"03:26:00";"48";"Atropelame";"222";"BR-116/SP";"Pista Norte";"Atropelamento de pedestre caminhando";0;0;0;0;0;0;0;0;1;0;1;0;0;0;1
"15/07/2023";"06:20:00";"78";"Acidente s";"509,1";"BR-101/RJ";"Pista Sul";"Choque em defensa";0;0;0;0;0;0;0;0;1;0;3;0;0;0;0
"15/07/2023";"06:29:00";"80";"Acidente s";"192,3";"BR-116/SP";"Pista Sul";"Queda de moto";0;1;0;0;0;0;0;0;0;0;1;0;0;0;0
"15/07/2023";"07:21:00";"109";"Acidente s";"218";"BR-116/SP";"Pista Norte";"Capotamento";0;0;0;0;0;0;0;0;2;0;2;0;0;0;0
"15/07/2023";"07:56:00";"125";"Acidente s";"210";"BR-116/SP";"Pista Sul";"Colisão traseira";0;0;0;0;0;0;0;0;1;1;3;0;0;0;0
"15/07/2023";"08:11:00";"131";"Acidente s";"123";"BR-116/SP";"Pista Norte";"Colisão traseira";0;0;0;0;0;0;0;0;2;0;3;0;0;0;0
"15/07/2023";"08:41:00";"146";"Acidente c";"125";"BR-116/SP";"Pista Norte";"Engavetamento";0;0;0;0;0;0;0;0;4;0;0;2;0;0;0
"15/07/2023";"08:42:00";"147";"Acidente s";"123,4";"BR-116/SP";"Pista Norte";"Engavetamento";0;0;0;0;0;0;0;0;3;0;10;0;0;0;0
"15/07/2023";"09:22:00";"168";"Acidente s";"123,4";"BR-116/SP";"Pista Norte";"Colisão traseira";0;0;0;0;0;0;0;0;1;1;4;0;0;0;0
"15/07/2023";"09:36:00";"180";"Acidente s";"127,6";"BR-116/SP";"Pista Norte";"Colisão traseira";0;0;0;0;0;0;0;0;2;0;2;0;0;0;0
"15/07/2023";"10:11:00";"197";"Acidente s";"123,5";"BR-116/SP";"Pista Norte";"Colisão traseira";0;0;0;0;0;0;0;0;1;1;3;0;0;0;0
"15/07/2023";"10:57:00";"217";"Acidente s";"230,2";"BR-116/SP";"Pista Norte";"Abalroamento longitudinal";1;0;0;0;0;0;0;0;1;0;5;0;0;0;0
"15/07/2023";"16:17:00";"328";"Acidente s";"104";"BR-116/SP";"Pista Sul";"Engavetamento";0;0;0;0;0;0;0;0;2;2;2;0;0;0;0
"15/07/2023";"17:22:00";"354";"Acidente c";"229";"BR-116/SP";"Pista Norte";"Colisão traseira";0;1;0;0;0;0;0;0;0;1;1;0;1;0;0
"15/07/2023";"18:44:00";"380";"Acidente c";"53";"BR-116/SP";"Pista Sul";"Colisão traseira";0;1;0;0;0;0;0;0;1;0;3;2;0;0;0
"15/07/2023";"18:52:00";"382";"Acidente c";"53,3";"BR-116/SP";"Pista Sul";"Engavetamento";0;0;0;0;0;0;0;0;4;0;2;2;0;0;0
"15/07/2023";"18:59:00";"384";"Acidente s";"127";"BR-116/SP";"Pista Sul";"Engavetamento";0;0;0;0;0;0;0;0;2;1;6;0;0;0;0
"15/07/2023";"20:05:00";"411";"Acidente s";"149";"BR-116/SP";"Pista Sul";"Engavetamento";0;0;0;0;0;0;0;0;2;1;4;0;0;0;0
"15/07/2023";"21:11:00";"432";"Acidente s";"419";"BR-101/RJ";"Pista Norte";"Choque em barreira New Jersey";0;0;0;0;0;0;0;0;1;0;1;0;0;0;0
"16/07/2023";"00:15:00";"14";"Acidente s";"254,7";"BR-116/RJ";"Pista Norte";"Atropelamento de animal";1;0;0;0;0;0;0;0;0;0;1;0;0;0;0
"16/07/2023";"00:28:00";"19";"Acidente s";"254,7";"BR-116/RJ";"Pista Norte";"Choque em barreira New Jersey";0;0;0;0;0;0;0;0;1;0;1;0;0;0;0
"16/07/2023";"00:36:00";"23";"Acidente s";"254,7";"BR-116/RJ";"Pista Norte";"Atropelamento de animal";0;0;0;0;0;0;0;0;1;0;4;0;0;0;0
"16/07/2023";"01:24:00";"28";"Acidente s";"84";"BR-116/SP";"Pista Sul";"Abalroamento longitudinal";0;0;0;0;0;0;0;0;2;0;4;0;0;0;0
"16/07/2023";"03:58:00";"46";"Acidente s";"139,8";"BR-116/SP";"Pista Sul";"Choque em objeto fixo";0;0;0;0;0;0;0;0;1;0;1;0;0;0;0
"16/07/2023";"06:01:00";"59";"Acidente s";"56";"BR-116/SP";"Pista Norte";"Choque em barreira New Jersey";0;0;0;0;0;0;0;0;1;0;0;0;0;0;0
"16/07/2023";"06:14:00";"62";"Acidente s";"201";"BR-116/SP";"Pista Norte";"Choque em defensa";0;0;0;0;0;0;0;0;1;0;1;0;0;0;0
"16/07/2023";"11:52:00";"198";"Acidente c";"418,5";"BR-101/RJ";"Pista Sul";"Queda de ribanceira";0;1;0;0;0;0;0;0;0;0;0;0;0;1;0
"16/07/2023";"12:04:00";"201";"Acidente s";"104,8";"BR-116/SP";"Pista Sul";"Capotamento";0;0;0;0;0;0;0;0;1;0;2;0;0;0;0
"16/07/2023";"12:34:00";"217";"Acidente s";"104,7";"BR-116/SP";"Pista Norte";"Colisão traseira";0;0;0;0;0;0;0;0;2;0;5;0;0;0;0
"16/07/2023";"13:53:00";"250";"Acidente s";"223";"BR-116/SP";"Pista Norte";"Colisão traseira";0;0;0;0;0;0;0;0;1;1;1;0;0;0;0
"16/07/2023";"14:57:00";"284";"Acidente c";"73,4";"BR-116/SP";"Pista Sul";"Abalroamento longitudinal";0;1;0;0;0;0;0;0;1;0;0;0;1;0;0
"16/07/2023";"16:08:00";"326";"Acidente s";"39,9";"BR-116/SP";"Pista Sul";"Engavetamento";0;0;0;0;0;0;0;0;1;2;4;0;0;0;0
"16/07/2023";"17:06:00";"358";"Acidente s";"44";"BR-101/SP";"Pista Sul";"Colisão traseira";0;0;0;0;0;0;0;0;2;0;2;0;0;0;0
"16/07/2023";"17:58:00";"384";"Acidente s";"513,5";"BR-101/RJ";"Pista Sul";"Colisão traseira";0;1;0;0;0;0;0;0;1;0;2;0;0;0;0
"16/07/2023";"18:09:00";"390";"Acidente c";"511";"BR-101/RJ";"Pista Sul";"Colisão frontal";0;0;0;0;0;0;0;0;2;0;1;1;1;0;0
"16/07/2023";"19:02:00";"417";"Acidente s";"30,3";"BR-101/SP";"Pista Norte";"Atropelamento de animal";0;0;0;0;0;0;0;0;1;0;1;0;0;0;0
"16/07/2023";"19:04:00";"419";"Atropelame";"590,8";"BR-101/RJ";"Pista Sul";"Atropelamento de pedestre atravessando";0;0;0;0;0;0;0;0;1;0;1;0;1;0;0
"16/07/2023";"20:11:00";"450";"Acidente s";"222";"BR-116/SP";"Pista Norte";"Outros";0;0;0;0;0;0;0;0;1;0;2;0;0;0;0
"16/07/2023";"20:27:00";"459";"Acidente s";"437";"BR-101/RJ";"Pista Sul";"Choque em defensa";0;0;0;0;0;1;0;0;0;0;1;0;0;0;0
"17/07/2023";"04:06:00";"41";"Acidente s";"51,65";"BR-116/SP";"Pista Norte";"Choque em barreira New Jersey";1;0;0;0;0;0;0;0;0;0;1;0;0;0;0
"17/07/2023";"06:55:00";"86";"Acidente c";"511";"BR-101/RJ";"Pista Norte";"Colisão frontal";0;0;0;0;0;0;0;0;2;0;0;0;2;0;0
"17/07/2023";"07:44:00";"110";"Acidente s";"427";"BR-101/RJ";"Pista Norte";"Colisão traseira";0;0;0;1;0;0;0;0;1;0;0;0;0;0;0
"17/07/2023";"08:47:00";"154";"Acidente c";"223,1";"BR-116/SP";"Pista Sul";"Abalroamento longitudinal";0;1;0;0;0;0;0;0;1;0;3;1;0;0;0
"17/07/2023";"09:13:00";"170";"Acidente s";"221,9";"BR-116/SP";"Pista Sul";"Engavetamento";1;0;0;0;0;0;0;0;1;1;2;0;0;0;0
"17/07/2023";"09:34:00";"184";"Acidente c";"219,9";"BR-116/SP";"Pista Sul";"Engavetamento";0;1;0;0;0;0;0;0;2;0;2;1;1;0;0
"17/07/2023";"11:46:00";"248";"Acidente s";"303";"BR-116/RJ";"Pista Norte";"Choque em objeto na pista";0;0;0;0;0;0;0;0;1;0;4;0;0;0;0
"17/07/2023";"12:55:00";"272";"Acidente s";"182,3";"BR-116/SP";"Pista Norte";"Colisão traseira";1;0;0;0;0;0;0;0;1;0;4;0;0;0;0
"17/07/2023";"13:29:00";"291";"Acidente c";"227,5";"BR-116/SP";"Pista Sul";"Colisão traseira";0;1;0;0;0;0;0;0;1;0;0;1;0;0;0
"17/07/2023";"14:50:00";"329";"Acidente c";"313";"BR-116/RJ";"Pista Norte";"Queda de moto";0;1;0;0;0;0;0;0;0;0;0;1;0;0;0
"17/07/2023";"15:29:00";"348";"Acidente s";"210";"BR-116/SP";"Pista Sul";"Colisão traseira";0;1;0;0;0;0;0;0;1;0;2;0;0;0;0
"17/07/2023";"17:48:00";"427";"Acidente c";"82";"BR-116/SP";"Pista Norte";"Queda de moto";0;1;0;0;0;0;0;0;0;0;0;2;0;0;0
"17/07/2023";"18:45:00";"448";"Acidente s";"224,2";"BR-116/SP";"Pista Norte";"Engavetamento";1;0;0;0;0;0;0;0;3;0;6;0;0;0;0
"17/07/2023";"19:36:00";"465";"Acidente c";"495";"BR-101/RJ";"Pista Norte";"Queda de moto";0;1;0;0;0;0;0;0;0;0;0;1;0;0;0
"17/07/2023";"20:23:00";"486";"Acidente s";"410";"BR-101/RJ";"Pista Norte";"Atropelamento de animal";0;0;0;0;0;0;0;0;1;0;3;0;0;0;0
"17/07/2023";"22:04:00";"510";"Acidente s";"285";"BR-116/RJ";"Pista Norte";"Capotamento";0;0;0;0;0;0;0;0;1;0;1;0;0;0;0
"17/07/2023";"22:37:00";"518";"Acidente c";"408";"BR-101/RJ";"Pista Sul";"Queda de moto";0;1;0;0;0;0;0;0;0;0;0;1;0;0;0
"18/07/2023";"03:04:00";"30";"Acidente s";"69";"BR-116/SP";"Pista Norte";"Colisão traseira";1;0;0;0;0;0;0;0;0;1;1;0;0;0;0
"18/07/2023";"05:06:00";"39";"Acidente s";"463";"BR-101/RJ";"Pista Sul";"Colisão traseira";1;0;0;0;0;0;1;0;0;0;11;0;0;0;0
"18/07/2023";"06:11:00";"56";"Acidente c";"227,1";"BR-116/SP";"Pista Sul";"Colisão traseira";0;1;0;0;0;0;0;0;1;0;2;1;0;0;0
"18/07/2023";"06:35:00";"67";"Acidente c";"218,9";"BR-116/SP";"Pista Norte";"Queda de moto";0;1;0;0;0;0;0;0;0;0;0;2;0;0;0
"18/07/2023";"06:37:00";"68";"Acidente s";"471";"BR-101/RJ";"Pista Sul";"Abalroamento longitudinal";0;0;0;0;0;0;0;0;2;0;5;0;0;0;0
"18/07/2023";"06:38:00";"72";"Acidente c";"206,9";"BR-116/SP";"Pista Sul";"Colisão traseira";0;1;0;0;0;0;0;0;1;0;3;1;0;0;0