data;horario;n_da_ocorrencia;tipo_de_ocorrencia;km;trecho;sentido;tipo_de_acidente;automovel;bicicleta;caminhao;moto;onibus;outros;tracao_animal;transporte_de_cargas_especiais;trator_maquinas;utilitarios;ilesos;levemente_feridos;moderadamente_feridos;gravemente_feridos;mortos
"18/07/2023";"06:47:00";"79";"Acidente c";"206,95";"BR-116/SP";"Pista Sul";"Abalroamento longitudinal";0;1;0;0;0;0;0;0;1;0;1;1;0;0;0
"18/07/2023";"07:13:00";"94";"Acidente c";"34";"BR-116/SP";"Pista Sul";"Abalroamento longitudinal";0;1;0;0;0;0;0;0;0;1;1;1;0;0;0
"18/07/2023";"07:19:00";"102";"Acidente c";"456";"BR-101/RJ";"Pista Norte";"Abalroamento longitudinal";0;1;0;0;0;0;0;0;1;0;1;1;0;0;0
"18/07/2023";"07:55:00";"127";"Acidente c";"221,8";"BR-116/SP";"Pista Sul";"Abalroamento longitudinal";0;1;0;0;0;0;0;0;1;0;1;1;0;0;0
"18/07/2023";"07:59:00";"129";"Acidente s";"498,8";"BR-101/RJ";"Pista Norte";"Choque em objeto fixo";0;0;0;0;0;0;0;0;1;0;1;0;0;0;0
"18/07/2023";"08:05:00";"131";"Acidente s";"389";"BR-101/RJ";"Pista Norte";"Abalroamento longitudinal";0;1;0;0;0;0;0;0;1;0;0;0;0;0;0
"18/07/2023";"08:06:00";"132";"Acidente s";"22";"BR-116/SP";"Pista Sul";"Outros";1;0;0;0;0;0;0;0;0;0;2;0;0;0;0
"18/07/2023";"11:31:00";"276";"Acidente s";"484,5";"BR-101/RJ";"Pista Norte";"Choque em barreira New Jersey";0;0;0;0;0;0;0;0;1;0;0;0;0;0;0
"18/07/2023";"12:18:00";"285";"Acidente s";"417";"BR-101/RJ";"Pista Sul";"Choque Talude";0;0;0;0;0;0;0;0;1;0;1;0;0;0;0
"18/07/2023";"12:31:00";"293";"Acidente c";"109";"BR-116/SP";"Pista Sul";"Abalroamento longitudinal";1;1;0;0;0;0;0;0;0;0;0;0;1;0;0
"18/07/2023";"12:46:00";"300";"Acidente c";"107,9";"BR-116/SP";"Pista Sul";"Queda de moto";0;1;0;0;0;0;0;0;0;0;0;0;1;0;0
"18/07/2023";"14:55:00";"354";"Acidente c";"383";"BR-101/RJ";"Pista Sul";"Colisão traseira";0;0;0;0;0;0;0;0;1;1;1;1;0;0;0
"18/07/2023";"15:34:00";"372";"Acidente c";"200,15";"BR-116/SP";"Pista Sul";"Abalroamento longitudinal";0;1;0;0;0;0;0;0;1;0;3;0;0;1;0
"18/07/2023";"16:02:00";"383";"Acidente s";"100";"BR-116/SP";"Pista Sul";"Choque em defensa";1;0;0;0;0;0;0;0;0;0;1;0;0;0;0
"18/07/2023";"17:08:00";"410";"Acidente c";"293";"BR-116/RJ";"Pista Norte";"Queda de moto";0;1;0;0;0;0;0;0;0;0;0;1;0;0;0
"18/07/2023";"17:13:00";"414";"Acidente c";"215,05";"BR-116/SP";"Pista Norte";"Engavetamento";0;2;0;0;0;0;0;0;1;0;3;1;0;0;0
"18/07/2023";"18:11:00";"443";"Atropelame";"228,5";"BR-116/SP";"Pista Sul";"Atropelamento de pedestre atravessando";0;0;1;0;0;0;0;0;1;0;1;1;0;0;0
"18/07/2023";"18:15:00";"445";"Acidente s";"157,2";"BR-116/SP";"Pista Sul";"Colisão traseira";0;1;0;0;0;0;0;0;1;0;3;0;0;0;0
"18/07/2023";"19:30:00";"481";"Acidente c";"219,1";"BR-116/SP";"Pista Norte";"Abalroamento longitudinal";0;1;0;0;0;0;0;0;1;0;0;2;0;0;0
"18/07/2023";"20:14:00";"496";"Acidente s";"212,6";"BR-116/SP";"Pista Norte";"Abalroamento longitudinal";1;0;0;0;0;0;0;0;1;0;3;0;0;0;0
"18/07/2023";"21:05:00";"513";"Acidente s";"231,8";"BR-116/RJ";"Pista Sul";"Choque em objeto fixo";0;0;0;0;0;0;0;0;1;0;1;0;0;0;0
"19/07/2023";"00:15:00";"15";"Acidente s";"82";"BR-116/SP";"Pista Norte";"Colisão traseira";0;0;0;0;0;0;0;0;1;1;2;0;0;0;0
"19/07/2023";"06:09:00";"66";"Acidente s";"108,6";"BR-116/SP";"Pista Sul";"Abalroamento longitudinal";1;0;0;0;0;0;0;0;1;0;0;0;0;0;0
"19/07/2023";"07:17:00";"112";"Acidente s";"315,4";"BR-116/RJ";"Pista Norte";"Abalroamento longitudinal";1;0;0;0;0;0;0;0;1;0;0;0;0;0;0
"19/07/2023";"07:52:00";"132";"Acidente s";"165,2";"BR-116/SP";"Pista Norte";"Engavetamento";2;0;0;0;0;1;0;0;0;1;6;0;0;0;0
"19/07/2023";"08:24:00";"150";"Acidente c";"226";"BR-116/SP";"Pista Sul";"Colisão traseira";0;1;0;0;0;0;0;0;0;1;1;1;0;0;0
"19/07/2023";"09:35:00";"196";"Acidente c";"233";"BR-116/RJ";"Pista Sul";"Colisão traseira";0;0;0;0;0;0;0;0;2;0;4;1;0;0;0
"19/07/2023";"09:53:00";"210";"Acidente s";"30,9";"BR-116/SP";"Pista Sul";"Abalroamento longitudinal";1;0;0;0;0;0;0;0;1;0;2;0;0;0;0
"19/07/2023";"11:06:00";"255";"Acidente c";"482";"BR-101/RJ";"Pista Norte";"Abalroamento longitudinal";0;1;0;0;0;0;0;0;1;0;1;1;1;0;0
"19/07/2023";"12:35:00";"296";"Acidente s";"263";"BR-116/RJ";"Pista Sul";"Colisão traseira";0;0;0;0;0;1;0;0;1;0;5;0;0;0;0
"19/07/2023";"12:47:00";"302";"Acidente s";"45,5";"BR-101/SP";"Pista Norte";"Colisão traseira";0;0;0;0;0;2;0;0;0;0;5;0;0;0;0
"19/07/2023";"13:09:00";"314";"Acidente c";"564";"BR-101/RJ";"Pista Norte";"Capotamento";0;0;0;0;0;0;0;0;1;0;0;0;0;1;0
"19/07/2023";"14:17:00";"339";"Acidente s";"216,2";"BR-116/SP";"Pista Sul";"Abalroamento longitudinal";1;0;0;0;0;0;0;0;1;0;2;0;0;0;0
"19/07/2023";"14:24:00";"346";"Acidente s";"104,5";"BR-116/SP";"Pista Norte";"Abalroamento longitudinal";1;0;0;0;0;0;0;0;1;0;5;0;0;0;0
"19/07/2023";"16:16:00";"402";"Acidente s";"236";"BR-116/RJ";"Pista Norte";"Choque em objeto fixo";0;0;0;0;0;0;0;0;1;0;0;0;0;0;0
"19/07/2023";"16:47:00";"418";"Acidente c";"423";"BR-101/RJ";"Pista Sul";"Colisão frontal";0;0;0;0;1;0;0;0;1;0;1;3;0;0;0
"19/07/2023";"18:03:00";"468";"Acidente s";"415";"BR-101/RJ";"Pista Sul";"Choque em objeto fixo";0;0;0;0;0;1;0;0;0;0;1;0;0;0;0
"19/07/2023";"18:04:00";"470";"Acidente s";"144,6";"BR-116/SP";"Pista Norte";"Colisão traseira";0;0;0;0;0;0;0;0;2;0;4;0;0;0;0
"19/07/2023";"18:10:00";"475";"Acidente s";"143,9";"BR-116/SP";"Pista Norte";"Colisão traseira";0;0;0;0;0;0;0;0;2;0;4;0;0;0;0
"19/07/2023";"18:19:00";"485";"Acidente s";"203,5";"BR-116/SP";"Pista Norte";"Colisão traseira";0;0;0;0;0;0;0;0;2;1;5;0;0;0;0
"19/07/2023";"18:31:00";"492";"Acidente s";"423,7";"BR-101/RJ";"Pista Sul";"Choque em objeto fixo";0;0;0;0;0;0;0;0;1;0;1;0;0;0;0
"19/07/2023";"19:36:00";"534";"Acidente s";"390";"BR-101/RJ";"Pista Norte";"Choque em defensa";0;0;0;0;0;0;0;0;1;0;1;0;0;0;0
"19/07/2023";"20:12:00";"547";"Acidente c";"323,1";"BR-116/RJ";"Pista Sul";"Tombamento";1;0;0;0;0;0;0;0;0;0;0;1;0;0;0
"19/07/2023";"20:29:00";"555";"Acidente s";"323,1";"BR-116/RJ";"Pista Norte";"Choque em objeto na pista";0;0;0;0;0;0;0;0;1;0;1;0;0;0;0
"19/07/2023";"20:44:00";"560";"Acidente s";"485,5";"BR-101/RJ";"Pista Norte";"Choque em objeto fixo";0;0;0;0;0;0;0;0;1;0;1;0;0;0;0
"19/07/2023";"22:13:00";"584";"Acidente s";"524";"BR-101/RJ";"Pista Sul";"Choque em objeto fixo";0;0;0;0;0;0;0;0;1;0;1;0;0;0;0
"19/07/2023";"23:28:00";"613";"Acidente s";"321,6";"BR-116/RJ";"Pista Sul";"Colisão traseira";0;0;0;0;0;0;0;0;1;1;1;0;0;0;0
"20/07/2023";"00:43:00";"25";"Acidente s";"27";"BR-116/SP";"Pista Sul";"Choque em objeto fixo";1;0;0;0;0;0;0;0;0;0;1;0;0;0;0
"20/07/2023";"00:50:00";"27";"Acidente s";"232,3";"BR-116/RJ";"Pista Norte";"Choque Talude";0;0;0;0;0;0;0;0;1;0;1;0;0;0;0
"20/07/2023";"02:14:00";"40";"Acidente s";"229,1";"BR-116/RJ";"Pista Norte";"Choque Talude";1;0;0;0;0;0;0;0;0;0;1;0;0;0;0
"20/07/2023";"04:34:00";"62";"Acidente s";"89,2";"BR-116/SP";"Pista Norte";"Queda de ribanceira";0;0;0;0;0;0;0;0;1;0;3;0;0;0;0
"20/07/2023";"05:37:00";"67";"Acidente s";"232";"BR-116/RJ";"Pista Norte";"Tombamento";1;0;0;0;0;0;0;0;0;0;0;0;0;0;0
"20/07/2023";"06:35:00";"86";"Acidente s";"186,2";"BR-116/SP";"Pista Norte";"Abalroamento longitudinal";1;0;0;0;0;0;1;0;0;1;3;0;0;0;0
"20/07/2023";"06:43:00";"94";"Acidente c";"415,2";"BR-101/RJ";"Pista Sul";"Choque em objeto fixo";0;0;0;0;0;0;0;0;1;0;0;1;0;0;0
"20/07/2023";"08:01:00";"148";"Acidente s";"154,5";"BR-116/SP";"Pista Sul";"Colisão traseira";1;0;0;0;0;0;0;0;1;1;3;0;0;0;0
"20/07/2023";"08:19:00";"164";"Acidente s";"275";"BR-116/RJ";"Pista Norte";"Choque em objeto na pista";0;0;0;0;0;0;0;0;1;0;1;0;0;0;0
"20/07/2023";"08:51:00";"182";"Acidente s";"146";"BR-116/SP";"Pista Norte";"Engavetamento";1;0;0;0;0;0;0;0;2;0;4;0;0;0;0
"20/07/2023";"09:29:00";"205";"Acidente s";"166,6";"BR-116/SP";"Pista Sul";"Colisão traseira";0;0;0;0;0;0;0;0;1;1;1;0;0;0;0
"20/07/2023";"09:40:00";"208";"Acidente c";"223,55";"BR-116/SP";"Pista Sul";"Colisão traseira";0;1;0;0;0;0;0;0;1;0;1;1;0;0;0
"20/07/2023";"10:25:00";"234";"Acidente s";"219";"BR-116/SP";"Pista Sul";"Engavetamento";1;0;0;0;0;0;0;0;2;0;4;0;0;0;0
"20/07/2023";"12:04:00";"266";"Acidente c";"440";"BR-101/RJ";"Pista Sul";"Choque em objeto fixo";0;0;0;0;0;0;0;0;1;0;0;1;0;0;0
"20/07/2023";"12:43:00";"277";"Acidente c";"223,8";"BR-116/SP";"Pista Sul";"Colisão traseira";0;1;0;0;0;0;0;0;0;1;0;1;0;0;0
"20/07/2023";"12:53:00";"286";"Acidente s";"86,9";"BR-116/SP";"Pista Norte";"Colisão traseira";0;0;0;0;0;0;0;0;2;0;2;0;0;0;0
"20/07/2023";"13:07:00";"293";"Acidente s";"230,9";"BR-116/SP";"Pista Norte";"Abalroamento longitudinal";0;0;0;0;0;0;0;0;1;1;3;0;0;0;0
"20/07/2023";"13:25:00";"306";"Acidente s";"230,8";"BR-116/SP";"Pista Norte";"Colisão traseira";1;0;0;0;0;0;0;0;1;0;3;0;0;0;0
"20/07/2023";"13:46:00";"319";"Acidente s";"216";"BR-116/SP";"Pista Norte";"Colisão traseira";1;0;0;0;0;0;0;0;1;0;3;0;0;0;0
"20/07/2023";"14:44:00";"356";"Acidente s";"115,4";"BR-116/SP";"Pista Sul";"Colisão traseira";1;0;0;0;0;0;0;0;1;0;0;0;0;0;0
"20/07/2023";"15:37:00";"378";"Acidente c";"306";"BR-116/RJ";"Pista Norte";"Engavetamento";0;0;0;0;0;0;0;0;4;0;1;0;1;0;0
"20/07/2023";"16:16:00";"404";"Acidente s";"105";"BR-116/SP";"Pista Sul";"Engavetamento";0;0;0;0;0;0;0;0;5;0;7;0;0;0;0
"20/07/2023";"16:45:00";"416";"Acidente c";"106,7";"BR-116/SP";"Pista Norte";"Colisão traseira";0;1;0;0;0;0;0;0;1;0;0;0;1;0;0
"20/07/2023";"17:27:00";"434";"Acidente s";"326,3";"BR-116/RJ";"Pista Norte";"Colisão traseira";0;0;0;0;0;0;0;0;1;1;2;0;0;0;0
"20/07/2023";"17:31:00";"438";"Acidente s";"100,5";"BR-116/SP";"Pista Sul";"Engavetamento";1;0;0;0;0;0;0;0;2;1;4;0;0;0;0
"20/07/2023";"18:35:00";"473";"Acidente s";"572";"BR-101/RJ";"Pista Sul";"Abalroamento longitudinal";0;0;0;0;0;0;1;0;1;0;3;0;0;0;0
"20/07/2023";"19:54:00";"510";"Acidente c";"193,8";"BR-116/SP";"Pista Norte";"Colisão traseira";1;0;0;0;0;0;0;0;0;1;1;0;0;1;0
"20/07/2023";"20:05:00";"517";"Acidente s";"307,8";"BR-116/RJ";"Pista Sul";"Choque em objeto na pista";1;0;0;0;0;0;0;0;1;1;3;0;0;0;0
"20/07/2023";"21:46:00";"557";"Acidente c";"34,8";"BR-116/SP";"Pista Norte";"Colisão traseira";1;0;0;0;0;0;0;0;1;0;1;2;0;0;0
"21/07/2023";"05:00:00";"38";"Acidente c";"157,8";"BR-116/SP";"Pista Sul";"Colisão traseira";0;0;0;0;0;0;0;0;2;0;3;1;0;0;0
"21/07/2023";"08:08:00";"124";"Acidente c";"112,7";"BR-116/SP";"Pista Norte";"Colisão traseira";0;1;0;0;0;0;0;0;1;0;1;0;1;0;0
"21/07/2023";"09:32:00";"172";"Acidente c";"230";"BR-116/SP";"Pista Norte";"Queda de moto";0;1;0;0;0;0;0;0;0;0;0;1;0;0;0
"21/07/2023";"09:48:00";"178";"Acidente s";"5,3";"BR-116/SP";"Pista Sul";"Colisão traseira";0;0;0;0;0;0;0;0;1;1;5;0;0;0;0
"21/07/2023";"10:12:00";"191";"Acidente c";"218,5";"BR-116/SP";"Pista Sul";"Abalroamento longitudinal";0;1;0;0;0;0;0;0;1;0;1;1;0;0;0
"21/07/2023";"10:32:00";"202";"Acidente s";"116";"BR-116/SP";"Pista Norte";"Colisão traseira";0;0;0;0;0;0;0;0;1;1;3;0;0;0;0
"21/07/2023";"10:47:00";"209";"Acidente s";"116,4";"BR-116/SP";"Pista Norte";"Colisão traseira";0;0;0;0;0;0;0;0;2;0;6;0;0;0;0
"21/07/2023";"10:51:00";"211";"Acidente s";"508";"BR-101/RJ";"Pista Sul";"Colisão traseira";0;0;0;0;0;0;0;0;1;1;1;0;0;0;0
"21/07/2023";"11:25:00";"225";"Acidente s";"280";"BR-116/RJ";"Pista Norte";"Colisão traseira";0;0;0;0;0;0;0;0;2;0;0;0;0;0;0
"21/07/2023";"14:55:00";"300";"Acidente s";"332";"BR-116/RJ";"Pista Norte";"Colisão traseira";0;0;0;0;0;0;0;0;2;0;0;0;0;0;0
"21/07/2023";"15:01:00";"303";"Acidente s";"219";"BR-116/SP";"Pista Sul";"Colisão traseira";0;1;0;0;0;0;0;0;0;1;2;0;0;0;0
"21/07/2023";"15:02:00";"305";"Acidente s";"229";"BR-116/SP";"Pista Sul";"Colisão traseira";1;0;0;0;0;0;0;0;1;0;2;0;0;0;0
"21/07/2023";"17:18:00";"369";"Acidente c";"257";"BR-116/RJ";"Pista Sul";"Capotamento";0;0;0;0;0;0;1;0;0;0;0;0;1;0;0
"21/07/2023";"17:40:00";"377";"Acidente c";"105";"BR-116/SP";"Pista Norte";"Colisão traseira";0;1;0;0;0;0;0;0;1;0;2;1;0;0;0
"21/07/2023";"17:43:00";"379";"Acidente c";"148";"BR-116/SP";"Pista Norte";"Abalroamento longitudinal";0;1;0;0;0;0;0;0;0;1;1;0;1;0;0
"21/07/2023";"18:19:00";"394";"Acidente s";"145";"BR-116/SP";"Pista Norte";"Colisão traseira";1;0;0;0;0;0;0;0;1;0;2;0;0;0;0
"21/07/2023";"18:25:00";"395";"Acidente c";"213,5";"BR-116/SP";"Pista Sul";"Choque em barreira New Jersey";0;1;0;0;0;0;0;0;0;0;0;1;0;0;0
"21/07/2023";"18:33:00";"402";"Acidente c";"50,5";"BR-101/SP";"Pista Norte";"Abalroamento longitudinal";0;1;0;0;0;0;0;0;1;0;1;1;0;0;0
"21/07/2023";"18:54:00";"410";"Acidente c";"483";"BR-101/RJ";"Pista Norte";"Colisão traseira";0;1;0;0;0;0;0;0;1;0;0;0;1;1;0
"21/07/2023";"19:15:00";"418";"Acidente c";"142";"BR-116/SP";"Pista Sul";"Queda de moto";0;1;0;0;0;0;0;0;0;0;1;1;0;0;0
"21/07/2023";"19:22:00";"422";"Acidente s";"281,6";"BR-116/RJ";"Pista Sul";"Colisão traseira";1;0;0;1;0;0;0;0;0;0;12;0;0;0;0
"21/07/2023";"19:27:00";"423";"Acidente s";"156,7";"BR-116/SP";"Pista Sul";"Queda de moto";0;1;0;0;0;0;0;0;0;0;2;0;0;0;0
"21/07/2023";"21:05:00";"467";"Acidente s";"221,4";"BR-116/SP";"Pista Norte";"Colisão traseira";1;0;0;0;0;0;0;0;0;1;2;0;0;0;0
"21/07/2023";"21:27:00";"474";"Acidente c";"216,4";"BR-116/SP";"Pista Norte";"Colisão traseira";1;0;0;0;0;0;0;0;1;0;2;0;1;0;0
"21/07/2023";"22:22:00";"495";"Acidente c";"219,3";"BR-116/SP";"Pista Norte";"Colisão traseira";0;1;0;0;0;0;0;0;1;0;0;2;1;0;0
"22/07/2023";"00:52:00";"19";"Acidente s";"542";"BR-101/RJ";"Pista Norte";"Choque em objeto fixo";0;0;0;0;0;0;0;0;1;0;1;0;0;0;0
"22/07/2023";"05:21:00";"55";"Acidente s";"317,5";"BR-116/RJ";"Pista Norte";"Choque em objeto fixo";0;0;0;0;0;0;0;0;1;0;3;0;0;0;0
"22/07/2023";"05:53:00";"62";"Acidente c";"116";"BR-116/SP";"Pista Sul";"Colisão traseira";0;0;0;0;0;0;0;0;2;0;1;1;0;0;0
"22/07/2023";"06:07:00";"68";"Acidente s";"221,7";"BR-116/SP";"Pista Norte";"Abalroamento longitudinal";0;0;0;0;0;1;0;0;1;0;5;0;0;0;0
"22/07/2023";"06:45:00";"83";"Acidente s";"463";"BR-101/RJ";"Pista Sul";"Queda de moto";0;1;0;0;0;0;0;0;0;0;2;0;0;0;0
"22/07/2023";"07:53:00";"123";"Acidente c";"230,2";"BR-116/SP";"Pista Sul";"Colisão traseira";0;1;0;0;0;0;0;0;1;0;3;1;0;0;0
"22/07/2023";"08:27:00";"143";"Acidente c";"228";"BR-116/RJ";"Pista Sul";"Colisão traseira";0;1;0;0;0;0;0;0;0;1;1;1;0;0;0
"22/07/2023";"09:02:00";"167";"Acidente c";"47";"BR-116/SP";"Pista Norte";"Capotamento";0;1;0;0;0;0;0;0;1;0;0;4;0;0;0
"22/07/2023";"10:44:00";"228";"Acidente c";"275,95";"BR-116/RJ";"Pista Sul";"Queda de moto";0;1;0;0;0;0;0;0;0;0;0;2;0;0;0
"22/07/2023";"11:01:00";"236";"Acidente s";"69,8";"BR-116/SP";"Pista Sul";"Choque em barreira New Jersey";1;0;0;0;0;0;0;0;0;0;1;0;0;0;0
"22/07/2023";"11:26:00";"251";"Acidente s";"158,9";"BR-116/SP";"Pista Norte";"Colisão traseira";0;0;0;0;0;0;0;0;2;0;2;0;0;0;0
"22/07/2023";"13:30:00";"304";"Acidente c";"154";"BR-116/SP";"Pista Sul";"Queda de moto";0;1;0;0;0;0;0;0;0;0;0;1;0;0;0
"22/07/2023";"14:43:00";"344";"Acidente c";"490";"BR-101/RJ";"Pista Sul";"Capotamento";0;0;0;0;0;0;0;0;1;0;0;1;0;0;0
"22/07/2023";"14:45:00";"346";"Acidente c";"137,6";"BR-116/SP";"Pista Norte";"Queda de moto";0;1;0;0;0;0;0;0;0;0;0;1;1;0;0
"22/07/2023";"15:46:00";"387";"Acidente s";"155,2";"BR-116/SP";"Pista Sul";"Abalroamento longitudinal";1;0;0;0;0;0;0;0;1;0;5;0;0;0;0
"22/07/2023";"16:51:00";"416";"Acidente s";"147,3";"BR-116/SP";"Pista Norte";"Engavetamento";0;0;0;0;0;0;0;0;2;1;4;0;0;0;0
"22/07/2023";"17:22:00";"429";"Acidente s";"106,7";"BR-116/SP";"Pista Sul";"Engavetamento";0;0;0;0;0;0;0;0;1;2;4;0;0;0;0
"22/07/2023";"18:20:00";"460";"Acidente c";"289,5";"BR-116/RJ";"Pista Sul";"Abalroamento longitudinal";0;1;0;0;0;0;0;0;1;0;1;0;0;1;0
"22/07/2023";"23:33:00";"557";"Acidente c";"201";"BR-116/SP";"Pista Sul";"Queda de moto";0;1;0;0;0;0;0;0;0;0;0;1;0;0;0
"23/07/2023";"01:25:00";"35";"Acidente s";"220,6";"BR-116/RJ";"Pista Norte";"Atropelamento de animal";0;0;0;0;0;0;0;0;1;0;1;0;0;0;0
"23/07/2023";"01:45:00";"39";"Acidente c";"485";"BR-101/RJ";"Pista Norte";"Choque em objeto fixo";0;1;0;0;0;0;0;0;0;0;0;0;0;2;0
"23/07/2023";"02:20:00";"44";"Acidente c";"407,2";"BR-101/RJ";"Pista Norte";"Choque em objeto fixo";0;1;0;0;0;0;0;0;0;0;0;1;1;0;0
"23/07/2023";"04:27:00";"58";"Acidente s";"217,5";"BR-116/SP";"Pista Norte";"Colisão traseira";0;0;0;0;0;0;0;0;2;0;2;0;0;0;0
"23/07/2023";"04:42:00";"61";"Acidente c";"121,9";"BR-116/SP";"Pista Sul";"Choque em barreira New Jersey";0;0;0;0;0;0;0;0;1;0;0;0;1;0;0
"23/07/2023";"05:57:00";"69";"Acidente c";"210,8";"BR-116/SP";"Pista Sul";"Colisão traseira";0;0;0;0;0;0;0;0;2;0;1;1;0;0;0
"23/07/2023";"07:04:00";"94";"Acidente c";"263";"BR-116/RJ";"Pista Norte";"Engavetamento";0;0;0;0;0;0;0;0;3;0;6;4;1;0;0
"23/07/2023";"07:50:00";"115";"Acidente s";"72,4";"BR-116/SP";"Pista Sul";"Choque em objeto fixo";0;0;0;0;0;0;0;0;1;0;1;0;0;0;0
"23/07/2023";"09:30:00";"154";"Acidente s";"182";"BR-116/SP";"Pista Norte";"Choque em objeto fixo";0;0;0;0;0;0;0;0;1;0;1;0;0;0;0
"23/07/2023";"09:37:00";"157";"Acidente c";"95,3";"BR-116/SP";"Pista Norte";"Colisão traseira";0;0;0;0;0;0;0;0;2;0;5;1;0;0;0
"23/07/2023";"09:55:00";"166";"Acidente s";"71";"BR-116/SP";"Pista Sul";"Outros";0;0;0;0;0;0;0;0;1;0;1;0;0;0;0
"23/07/2023";"11:20:00";"204";"Acidente c";"140,8";"BR-116/SP";"Pista Norte";"Engavetamento";0;0;0;0;0;0;0;0;3;0;7;1;0;0;0
"23/07/2023";"12:07:00";"224";"Acidente c";"142,6";"BR-116/SP";"Pista Norte";"Abalroamento longitudinal";0;1;0;0;0;0;0;0;1;0;4;1;0;0;0
"23/07/2023";"12:25:00";"233";"Acidente s";"140,5";"BR-116/SP";"Pista Sul";"Engavetamento";0;0;0;0;0;0;0;0;3;0;9;0;0;0;0
"23/07/2023";"13:03:00";"244";"Acidente c";"115,3";"BR-116/SP";"Pista Sul";"Colisão traseira";0;2;0;0;0;0;0;0;0;0;1;0;2;0;0
"23/07/2023";"13:22:00";"254";"Acidente c";"170,3";"BR-116/SP";"Pista Norte";"Capotamento";0;0;0;0;0;0;0;0;1;0;0;1;0;0;0
"23/07/2023";"14:11:00";"275";"Acidente c";"76,8";"BR-116/SP";"Pista Sul";"Colisão traseira";0;1;0;0;0;0;0;0;1;0;5;1;0;0;0
"23/07/2023";"14:44:00";"294";"Acidente s";"270";"BR-116/RJ";"Pista Norte";"Colisão traseira";0;0;0;0;0;0;0;0;2;0;5;0;0;0;0
"23/07/2023";"15:15:00";"309";"Acidente c";"481";"BR-101/RJ";"Pista Norte";"Queda de moto";0;1;0;0;0;0;0;0;0;0;1;1;0;0;0
"23/07/2023";"15:57:00";"339";"Acidente s";"225";"BR-116/SP";"Pista Norte";"Abalroamento longitudinal";1;0;0;0;0;0;0;0;1;0;2;0;0;0;0
"23/07/2023";"16:41:00";"359";"Acidente s";"281,7";"BR-116/RJ";"Pista Norte";"Colisão traseira";0;0;0;0;0;0;0;0;2;0;6;0;0;0;0
"23/07/2023";"17:05:00";"371";"Atropelame";"51";"BR-101/SP";"Pista Norte";"Atropelamento de pedestre atravessando";0;0;1;0;0;0;0;0;1;0;1;1;0;0;0
"23/07/2023";"17:56:00";"399";"Acidente s";"281,1";"BR-116/RJ";"Pista Norte";"Colisão traseira";0;0;0;0;0;0;0;0;2;0;5;0;0;0;0
"23/07/2023";"18:13:00";"410";"Acidente c";"139,7";"BR-116/SP";"Pista Sul";"Abalroamento longitudinal";0;1;0;0;0;0;0;0;1;0;1;1;0;0;0
"23/07/2023";"18:41:00";"427";"Acidente c";"229,81";"BR-116/SP";"Pista Sul";"Engavetamento";0;0;0;0;0;0;0;0;3;0;4;1;0;0;0
"23/07/2023";"18:42:00";"428";"Acidente c";"204,7";"BR-116/SP";"Pista Sul";"Engavetamento";0;1;0;1;0;0;0;0;1;0;2;1;0;0;0
"23/07/2023";"18:45:00";"430";"Acidente s";"139,7";"BR-116/SP";"Pista Sul";"Colisão traseira";0;2;0;0;0;0;0;0;0;0;2;0;0;0;0
"23/07/2023";"18:46:00";"431";"Acidente c";"274,2";"BR-116/RJ";"Pista Norte";"Colisão frontal";0;0;0;0;0;0;0;0;4;0;7;0;0;2;0
"23/07/2023";"18:46:00";"432";"Acidente s";"288,6";"BR-116/RJ";"Pista Norte";"Colisão traseira";0;0;0;0;0;0;0;0;2;0;5;0;0;0;0
"23/07/2023";"19:06:00";"447";"Acidente c";"503,2";"BR-101/RJ";"Pista Norte";"Colisão frontal";0;1;0;0;0;0;0;0;1;0;0;0;0;1;1
"23/07/2023";"19:19:00";"455";"Acidente s";"186,8";"BR-116/SP";"Pista Sul";"Colisão traseira";0;0;0;0;0;0;0;0;1;1;3;0;0;0;0
"23/07/2023";"20:02:00";"476";"Acidente c";"224,7";"BR-116/SP";"Pista Norte";"Colisão traseira";1;0;0;0;0;0;0;0;1;0;1;1;0;0;1
"23/07/2023";"20:44:00";"493";"Acidente c";"205,4";"BR-116/SP";"Pista Norte";"Tombamento";1;0;0;0;0;0;0;0;0;0;0;1;0;0;0
"23/07/2023";"20:46:00";"494";"Acidente s";"155,7";"BR-116/SP";"Pista Sul";"Colisão traseira";0;0;0;0;0;0;0;0;2;0;9;0;0;0;0
"23/07/2023";"21:20:00";"509";"Acidente s";"201";"BR-116/SP";"Pista Sul";"Choque em objeto fixo";0;0;0;0;0;0;0;0;1;0;1;0;0;0;0
"23/07/2023";"22:08:00";"523";"Acidente s";"205,6";"BR-116/SP";"Pista Norte";"Abalroamento longitudinal";1;0;0;0;0;0;0;0;1;0;4;0;0;0;0
"23/07/2023";"22:26:00";"529";"Acidente c";"486,5";"BR-101/RJ";"Pista Norte";"Colisão traseira";0;0;0;0;0;0;0;0;2;0;2;0;2;0;0
"24/07/2023";"02:08:00";"32";"Atropelame";"222,5";"BR-116/SP";"Pista Sul";"Atropelamento de pedestre caminhando";0;0;0;0;0;0;0;0;0;1;1;0;0;0;1
"24/07/2023";"05:22:00";"60";"Acidente s";"328,35";"BR-116/RJ";"Pista Sul";"Outros";0;0;0;0;0;0;0;0;1;0;1;0;0;0;0
"24/07/2023";"05:44:00";"66";"Acidente s";"25,5";"BR-116/SP";"Pista Norte";"Abalroamento longitudinal";2;0;0;0;0;0;0;0;0;0;4;0;0;0;0
"24/07/2023";"06:09:00";"76";"Acidente s";"219,2";"BR-116/SP";"Pista Norte";"Engavetamento";0;0;0;0;0;0;0;0;3;0;3;0;0;0;0
"24/07/2023";"06:17:00";"79";"Acidente s";"314";"BR-116/RJ";"Pista Sul";"Colisão frontal";0;0;0;0;0;0;0;0;2;0;2;0;0;0;0