data;horario;n_da_ocorrencia;tipo_de_ocorrencia;km;trecho;sentido;tipo_de_acidente;automovel;bicicleta;caminhao;moto;onibus;outros;tracao_animal;transporte_de_cargas_especiais;trator_maquinas;utilitarios;ilesos;levemente_feridos;moderadamente_feridos;gravemente_feridos;mortos
"24/07/2023";"06:59:00";"110";"Acidente c";"160";"BR-116/SP";"Pista Sul";"Abalroamento longitudinal";0;1;0;0;0;0;0;0;1;0;1;0;1;0;0
"24/07/2023";"07:57:00";"149";"Acidente s";"214";"BR-116/SP";"Pista Sul";"Abalroamento longitudinal";0;2;0;0;0;0;0;0;0;0;2;0;0;0;0
"24/07/2023";"08:24:00";"170";"Acidente s";"160,7";"BR-116/SP";"Pista Norte";"Abalroamento longitudinal";0;0;0;0;0;0;0;0;1;1;4;0;0;0;0
"24/07/2023";"08:26:00";"172";"Acidente s";"106,9";"BR-116/SP";"Pista Norte";"Colisão traseira";0;0;0;0;0;0;0;0;2;0;2;0;0;0;0
"24/07/2023";"09:27:00";"216";"Acidente s";"206,8";"BR-116/SP";"Pista Norte";"Colisão traseira";1;0;0;0;0;0;0;0;1;0;2;0;0;0;0
"24/07/2023";"15:28:00";"409";"Acidente c";"38";"BR-116/SP";"Pista Norte";"Queda de moto";0;1;0;0;0;0;0;0;0;0;0;1;0;0;0
"24/07/2023";"16:32:00";"444";"Acidente c";"581,2";"BR-101/RJ";"Pista Norte";"Colisão frontal";0;0;0;0;0;0;0;0;3;0;2;3;0;0;0
"24/07/2023";"16:54:00";"452";"Acidente c";"217,5";"BR-116/SP";"Pista Norte";"Queda de moto";0;1;0;0;0;0;0;0;0;0;0;1;0;0;0
"24/07/2023";"18:12:00";"484";"Acidente c";"228,8";"BR-116/SP";"Pista Norte";"Engavetamento";1;0;0;0;0;0;0;0;2;0;4;0;1;0;0
"24/07/2023";"20:03:00";"539";"Acidente c";"24,4";"BR-101/SP";"Pista Norte";"Queda de moto";0;1;0;0;0;0;0;0;0;0;0;2;0;0;0
"24/07/2023";"21:29:00";"571";"Acidente s";"270,3";"BR-116/RJ";"Pista Norte";"Abalroamento longitudinal";1;0;0;0;0;0;0;0;1;0;3;0;0;0;0
"24/07/2023";"21:54:00";"579";"Acidente c";"385";"BR-101/RJ";"Pista Norte";"Colisão frontal";0;1;0;0;0;0;0;0;1;0;1;1;0;1;0
"24/07/2023";"22:05:00";"581";"Acidente s";"199";"BR-116/SP";"Pista Sul";"Atropelamento de animal";0;0;0;0;0;0;0;0;1;0;1;0;0;0;0
"25/07/2023";"04:11:00";"49";"Acidente c";"191,6";"BR-116/SP";"Pista Norte";"Queda de moto";0;1;0;0;0;0;0;0;0;0;0;1;0;0;0
"25/07/2023";"05:46:00";"66";"Acidente s";"230,8";"BR-116/SP";"Pista Sul";"Engavetamento";0;0;0;2;0;0;0;0;0;1;37;0;0;0;0
"25/07/2023";"06:13:00";"75";"Acidente s";"6,1";"BR-116/SP";"Pista Sul";"Choque em objeto na pista";0;0;0;0;0;0;0;0;1;0;0;0;0;0;0
"25/07/2023";"06:21:00";"76";"Acidente c";"223,3";"BR-116/SP";"Pista Norte";"Capotamento";0;0;0;0;0;0;0;0;1;1;1;1;0;0;0
"25/07/2023";"07:09:00";"107";"Acidente c";"222,8";"BR-116/SP";"Pista Sul";"Engavetamento";0;2;0;0;0;0;0;0;1;0;6;1;0;0;0
"25/07/2023";"08:04:00";"148";"Acidente s";"117,7";"BR-116/SP";"Pista Norte";"Choque em objeto fixo";0;0;0;0;0;0;0;0;1;0;0;0;0;0;0
"25/07/2023";"08:22:00";"156";"Acidente c";"205";"BR-116/SP";"Pista Sul";"Colisão traseira";0;1;0;1;0;0;0;0;0;0;1;0;0;0;1
"25/07/2023";"08:57:00";"177";"Acidente s";"197";"BR-116/SP";"Pista Sul";"Abalroamento longitudinal";0;0;0;0;0;0;0;0;1;1;0;0;0;0;0
"25/07/2023";"10:00:00";"224";"Acidente s";"101,6";"BR-116/SP";"Pista Sul";"Colisão traseira";0;0;0;0;0;0;0;0;2;0;5;0;0;0;0
"25/07/2023";"11:28:00";"275";"Acidente c";"515,2";"BR-101/RJ";"Pista Norte";"Capotamento";0;0;0;0;0;0;0;0;1;0;0;4;1;0;0
"25/07/2023";"11:30:00";"278";"Acidente c";"220";"BR-116/SP";"Pista Sul";"Colisão traseira";0;1;0;0;0;0;0;0;1;0;1;1;0;0;0
"25/07/2023";"13:39:00";"326";"Acidente c";"229,8";"BR-116/SP";"Pista Sul";"Engavetamento";2;1;0;0;0;0;0;0;0;0;2;1;0;0;0
"25/07/2023";"14:14:00";"339";"Acidente c";"575";"BR-101/RJ";"Pista Norte";"Queda de moto";0;2;0;0;0;0;0;0;0;0;1;0;1;0;0
"25/07/2023";"14:37:00";"344";"Acidente s";"486";"BR-101/RJ";"Pista Norte";"Colisão traseira";1;0;0;0;0;0;0;0;1;0;2;0;0;0;0
"25/07/2023";"15:02:00";"361";"Acidente s";"78";"BR-116/SP";"Pista Sul";"Colisão traseira";1;0;0;0;0;0;0;0;1;0;0;0;0;0;0
"25/07/2023";"17:41:00";"439";"Acidente c";"504";"BR-101/RJ";"Pista Norte";"Abalroamento longitudinal";0;1;0;0;0;0;0;0;1;0;4;0;1;0;0
"25/07/2023";"18:15:00";"457";"Atropelame";"215";"BR-116/SP";"Pista Norte";"Atropelamento de pedestre atravessando";0;0;1;0;0;0;0;0;1;0;1;0;1;0;0
"25/07/2023";"19:13:00";"483";"Acidente s";"532";"BR-101/RJ";"Pista Sul";"Choque em objeto fixo";0;0;0;0;0;0;0;0;1;0;1;0;0;0;0
"25/07/2023";"20:50:00";"521";"Atropelame";"391,8";"BR-101/RJ";"Pista Sul";"Atropelamento de pedestre atravessando";0;0;0;0;0;0;0;0;0;1;1;0;0;0;1
"25/07/2023";"23:20:00";"558";"Acidente c";"113,1";"BR-116/SP";"Pista Sul";"Choque em barreira New Jersey";0;0;0;0;0;0;0;0;1;0;0;1;0;0;0
"25/07/2023";"23:57:00";"561";"Acidente c";"129,55";"BR-116/SP";"Pista Norte";"Choque em barreira New Jersey";0;0;0;0;0;0;0;0;1;0;1;2;0;0;0
"26/07/2023";"03:53:00";"48";"Acidente c";"145";"BR-116/SP";"Pista Sul";"Choque em barreira New Jersey";0;0;0;0;0;0;0;0;1;0;0;1;0;0;0
"26/07/2023";"04:31:00";"49";"Acidente s";"229";"BR-116/SP";"Pista Sul";"Abalroamento longitudinal";0;0;0;1;0;0;0;0;1;0;2;0;0;0;0
"26/07/2023";"05:33:00";"55";"Acidente c";"219";"BR-116/SP";"Pista Norte";"Queda de moto";1;1;0;0;0;0;0;0;0;0;1;1;0;0;0
"26/07/2023";"08:02:00";"134";"Acidente c";"209,8";"BR-116/SP";"Pista Sul";"Colisão traseira";0;1;0;0;0;0;0;0;1;0;1;1;0;0;0
"26/07/2023";"08:14:00";"139";"Acidente c";"223,6";"BR-116/SP";"Pista Sul";"Colisão traseira";0;1;0;0;0;0;0;0;1;0;0;2;0;0;0
"26/07/2023";"08:36:00";"155";"Acidente c";"199";"BR-116/SP";"Pista Sul";"Colisão traseira";0;0;0;0;0;0;0;0;2;0;3;1;0;0;0
"26/07/2023";"10:03:00";"203";"Acidente s";"226";"BR-116/SP";"Pista Sul";"Colisão traseira";0;0;0;0;0;0;0;0;1;1;2;0;0;0;0
"26/07/2023";"10:06:00";"205";"Acidente c";"228";"BR-116/SP";"Pista Sul";"Colisão traseira";0;1;0;0;0;0;0;0;1;0;0;2;0;0;0
"26/07/2023";"10:09:00";"207";"Acidente s";"301,8";"BR-116/RJ";"Pista Sul";"Colisão traseira";0;0;0;0;0;0;0;0;2;0;2;0;0;0;0
"26/07/2023";"10:13:00";"209";"Acidente c";"544";"BR-101/RJ";"Pista Norte";"Colisão traseira";0;0;0;0;0;0;0;0;2;0;2;1;0;0;0
"26/07/2023";"10:51:00";"232";"Acidente s";"300,5";"BR-116/RJ";"Pista Sul";"Colisão traseira";0;0;0;0;0;0;0;0;2;0;2;0;0;0;0
"26/07/2023";"10:52:00";"233";"Acidente s";"227,1";"BR-116/SP";"Pista Sul";"Engavetamento";3;0;0;0;0;0;1;0;1;0;7;0;0;0;0
"26/07/2023";"12:36:00";"275";"Acidente c";"155";"BR-116/SP";"Pista Norte";"Abalroamento longitudinal";1;0;0;0;0;0;0;0;1;0;1;1;0;0;0
"26/07/2023";"13:28:00";"303";"Acidente s";"230,1";"BR-116/SP";"Pista Sul";"Colisão traseira";0;0;0;0;0;0;0;0;2;0;5;0;0;0;0
"26/07/2023";"13:37:00";"312";"Acidente c";"230";"BR-116/SP";"Pista Sul";"Engavetamento";0;2;0;0;0;0;0;0;1;0;3;1;0;0;0
"26/07/2023";"13:48:00";"314";"Acidente s";"192,7";"BR-116/SP";"Pista Sul";"Abalroamento longitudinal";0;0;0;0;0;0;0;0;2;0;4;0;0;0;0
"26/07/2023";"13:53:00";"318";"Acidente c";"382,8";"BR-101/RJ";"Pista Norte";"Colisão traseira";1;0;0;0;0;0;0;0;1;0;0;3;0;0;0
"26/07/2023";"14:27:00";"335";"Acidente c";"313";"BR-116/RJ";"Pista Norte";"Choque em objeto na pista";0;1;0;0;0;0;0;0;0;0;0;1;0;0;0
"26/07/2023";"14:32:00";"338";"Acidente c";"210,2";"BR-116/SP";"Pista Sul";"Abalroamento longitudinal";0;2;0;0;0;0;0;0;1;0;1;1;1;0;0
"26/07/2023";"14:44:00";"343";"Acidente s";"39";"BR-116/SP";"Pista Sul";"Abalroamento longitudinal";0;0;0;0;0;0;1;0;0;1;1;0;0;0;0
"26/07/2023";"20:35:00";"510";"Acidente s";"443";"BR-101/RJ";"Pista Norte";"Atropelamento de animal";0;0;0;0;0;0;0;0;1;0;1;0;0;0;0
"26/07/2023";"21:38:00";"539";"Acidente s";"146,7";"BR-116/SP";"Pista Sul";"Colisão traseira";0;0;0;0;0;0;0;0;1;1;3;0;0;0;0
"26/07/2023";"21:48:00";"546";"Atropelame";"404,5";"BR-101/RJ";"Pista Norte";"Atropelamento de pedestre atravessando";0;0;0;0;0;0;0;0;0;1;1;0;0;0;1
"27/07/2023";"03:03:00";"35";"Acidente s";"95,1";"BR-116/SP";"Pista Sul";"Colisão traseira";1;0;0;0;0;0;0;0;0;1;2;0;0;0;0
"27/07/2023";"05:42:00";"47";"Acidente c";"213,8";"BR-116/SP";"Pista Norte";"Colisão traseira";1;0;0;0;0;0;0;0;1;0;1;0;1;0;0
"27/07/2023";"06:15:00";"58";"Acidente c";"213,8";"BR-116/SP";"Pista Sul";"Colisão traseira";0;1;0;0;0;0;0;0;1;0;1;0;1;0;0
"27/07/2023";"06:19:00";"64";"Acidente s";"207,7";"BR-116/SP";"Pista Sul";"Choque em barreira New Jersey";1;0;0;0;0;0;0;0;0;0;1;0;0;0;0
"27/07/2023";"07:41:00";"122";"Acidente s";"211";"BR-116/SP";"Pista Sul";"Colisão traseira";0;0;0;0;0;0;0;0;2;0;3;0;0;0;0
"27/07/2023";"07:46:00";"124";"Acidente s";"210";"BR-116/SP";"Pista Sul";"Abalroamento longitudinal";0;0;0;0;0;0;1;0;1;0;4;0;0;0;0
"27/07/2023";"08:09:00";"143";"Acidente s";"117";"BR-116/SP";"Pista Norte";"Engavetamento";0;0;0;0;0;0;0;0;3;0;7;0;0;0;0
"27/07/2023";"08:17:00";"151";"Acidente s";"46";"BR-101/SP";"Pista Sul";"Colisão frontal";0;0;0;0;0;0;0;0;2;0;2;0;0;0;0
"27/07/2023";"09:26:00";"203";"Acidente c";"492";"BR-101/RJ";"Pista Norte";"Colisão frontal";0;1;0;0;0;0;0;0;1;0;1;0;1;0;0
"27/07/2023";"11:29:00";"272";"Acidente s";"217,25";"BR-116/SP";"Pista Norte";"Colisão traseira";1;0;0;0;0;0;0;0;0;1;2;0;0;0;0
"27/07/2023";"12:58:00";"315";"Acidente c";"48,3";"BR-116/SP";"Pista Norte";"Colisão traseira";0;1;0;0;0;0;0;0;1;0;0;1;0;0;0
"27/07/2023";"13:40:00";"341";"Acidente s";"49,1";"BR-116/SP";"Pista Sul";"Colisão traseira";1;0;0;0;0;0;0;0;1;0;0;0;0;0;0
"27/07/2023";"14:37:00";"374";"Acidente c";"75";"BR-116/SP";"Pista Norte";"Queda de moto";0;1;0;0;0;0;0;0;0;0;0;0;2;0;0
"27/07/2023";"15:53:00";"419";"Acidente c";"313,45";"BR-116/RJ";"Pista Norte";"Queda de moto";0;1;0;0;0;0;0;0;0;0;0;2;0;0;0
"27/07/2023";"16:41:00";"440";"Acidente s";"220,3";"BR-116/SP";"Pista Norte";"Colisão traseira";0;0;0;0;0;0;0;0;2;0;2;0;0;0;0
"27/07/2023";"17:22:00";"459";"Atropelame";"473";"BR-101/RJ";"Pista Norte";"Atropelamento de pedestre atravessando";0;0;0;0;0;0;0;0;1;0;1;1;0;0;0
"27/07/2023";"18:37:00";"501";"Atropelame";"115,8";"BR-116/SP";"Pista Sul";"Atropelamento de pedestre caminhando";1;0;0;0;0;0;0;0;0;0;0;0;0;0;1
"27/07/2023";"19:42:00";"531";"Acidente c";"107,1";"BR-116/SP";"Pista Norte";"Queda de moto";0;1;0;0;0;0;0;0;0;0;0;0;2;0;0
"27/07/2023";"22:39:00";"591";"Acidente s";"213,5";"BR-116/SP";"Pista Norte";"Queda de moto";0;1;0;0;0;0;0;0;0;0;2;0;0;0;0
"27/07/2023";"23:36:00";"605";"Acidente s";"116";"BR-116/SP";"Pista Sul";"Abalroamento longitudinal";1;0;0;0;0;0;0;0;1;0;5;0;0;0;0
"28/07/2023";"00:41:00";"22";"Acidente s";"226,3";"BR-116/RJ";"Pista Sul";"Atropelamento de animal";0;0;0;0;0;0;0;0;1;0;1;0;0;0;0
"28/07/2023";"05:04:00";"58";"Acidente s";"153,4";"BR-116/SP";"Pista Norte";"Capotamento";0;0;0;0;0;0;0;0;1;0;1;0;0;0;0
"28/07/2023";"05:12:00";"60";"Acidente s";"388,2";"BR-101/RJ";"Pista Norte";"Choque em objeto fixo";1;0;0;0;0;0;0;0;0;0;1;0;0;0;0
"28/07/2023";"06:48:00";"93";"Acidente c";"222,4";"BR-116/SP";"Pista Sul";"Engavetamento";1;1;0;0;0;0;0;0;0;1;3;1;0;0;0
"28/07/2023";"07:57:00";"150";"Acidente s";"219";"BR-116/SP";"Pista Norte";"Colisão traseira";1;0;0;0;0;0;1;0;0;0;5;0;0;0;0
"28/07/2023";"09:10:00";"190";"Acidente s";"312";"BR-116/RJ";"Pista Norte";"Choque em barreira New Jersey";1;0;0;0;0;0;0;0;0;0;0;0;0;0;0
"28/07/2023";"09:44:00";"218";"Acidente s";"285,8";"BR-116/RJ";"Pista Sul";"Colisão traseira";1;0;0;0;0;0;0;0;1;0;0;0;0;0;0
"28/07/2023";"10:12:00";"235";"Acidente c";"227,7";"BR-116/SP";"Pista Sul";"Engavetamento";0;0;0;1;0;0;0;0;3;0;49;2;0;0;0
"28/07/2023";"11:18:00";"277";"Acidente c";"53,7";"BR-116/SP";"Pista Sul";"Engavetamento";0;0;0;1;0;0;0;0;2;0;40;1;0;0;0
"28/07/2023";"11:28:00";"286";"Acidente c";"227,8";"BR-116/SP";"Pista Norte";"Abalroamento longitudinal";0;1;0;0;0;0;0;0;0;1;1;1;0;0;0
"28/07/2023";"11:29:00";"287";"Acidente c";"278,8";"BR-116/RJ";"Pista Sul";"Colisão frontal";1;0;0;0;0;0;0;0;1;0;1;1;0;0;0
"28/07/2023";"11:47:00";"296";"Acidente c";"218,8";"BR-116/SP";"Pista Sul";"Abalroamento longitudinal";0;1;0;0;0;0;0;0;1;0;1;0;1;0;0
"28/07/2023";"13:23:00";"346";"Atropelame";"413,5";"BR-101/RJ";"Pista Norte";"Atropelamento de pedestre atravessando";0;0;1;0;0;0;0;0;0;1;1;0;1;0;0
"28/07/2023";"14:34:00";"392";"Acidente c";"105,95";"BR-116/SP";"Pista Sul";"Choque em defensa";0;0;0;0;0;0;0;0;1;0;0;0;1;0;0
"28/07/2023";"14:45:00";"403";"Acidente s";"225,5";"BR-116/SP";"Pista Sul";"Choque em defensa";0;0;0;0;0;0;0;0;1;0;1;0;0;0;0
"28/07/2023";"14:50:00";"405";"Acidente s";"228,2";"BR-116/SP";"Pista Sul";"Engavetamento";0;0;0;0;0;0;0;0;3;3;7;0;0;0;0
"28/07/2023";"16:13:00";"455";"Acidente c";"74,1";"BR-116/SP";"Pista Norte";"Capotamento";0;0;0;0;0;0;0;0;1;0;0;1;0;0;0
"28/07/2023";"16:27:00";"467";"Acidente c";"159,4";"BR-116/SP";"Pista Norte";"Abalroamento longitudinal";0;1;0;0;0;0;0;0;0;1;1;0;1;0;0
"28/07/2023";"17:35:00";"511";"Acidente c";"500";"BR-101/RJ";"Pista Norte";"Queda de moto";0;1;0;0;0;0;0;0;0;0;0;0;1;0;0
"28/07/2023";"19:06:00";"576";"Acidente s";"136,8";"BR-116/SP";"Pista Sul";"Colisão traseira";0;0;0;0;0;0;0;0;2;0;3;0;0;0;0
"28/07/2023";"19:23:00";"587";"Acidente c";"155,5";"BR-116/SP";"Pista Norte";"Abalroamento longitudinal";0;0;0;0;0;0;0;0;1;1;1;1;0;0;0
"28/07/2023";"20:13:00";"609";"Acidente s";"10,9";"BR-116/SP";"Pista Sul";"Engavetamento";2;0;0;0;0;0;1;0;0;0;5;0;0;0;0
"28/07/2023";"20:49:00";"624";"Acidente c";"428";"BR-101/RJ";"Pista Norte";"Choque em objeto fixo";0;0;0;0;0;0;0;0;1;0;2;1;1;0;0
"28/07/2023";"21:00:00";"628";"Acidente s";"517";"BR-101/RJ";"Pista Sul";"Choque em objeto fixo";0;0;0;0;0;0;0;0;1;0;1;0;0;0;0
"28/07/2023";"21:13:00";"636";"Acidente s";"71,6";"BR-116/SP";"Pista Norte";"Choque em barreira New Jersey";0;0;0;0;0;0;1;0;0;0;0;0;0;0;0
"28/07/2023";"22:24:00";"659";"Acidente s";"145,7";"BR-116/SP";"Pista Norte";"Colisão traseira";0;1;0;0;0;0;0;0;1;0;2;0;0;0;0
"28/07/2023";"22:33:00";"662";"Acidente c";"511,2";"BR-101/RJ";"Pista Sul";"Abalroamento longitudinal";0;1;0;0;0;0;0;0;1;0;4;1;0;0;0
"28/07/2023";"23:55:00";"685";"Acidente c";"229,3";"BR-116/SP";"Pista Sul";"Tombamento";1;0;0;0;0;0;0;0;0;0;1;0;1;0;0
"28/07/2023";"23:58:00";"686";"Acidente c";"49,6";"BR-116/SP";"Pista Norte";"Queda de moto";0;1;0;0;0;0;0;0;0;0;0;0;1;0;0
"29/07/2023";"00:23:00";"16";"Acidente c";"522,2";"BR-101/RJ";"Pista Sul";"Colisão frontal";0;2;0;0;0;0;0;0;0;0;0;1;2;0;0
"29/07/2023";"02:14:00";"37";"Acidente c";"218,7";"BR-116/SP";"Pista Sul";"Colisão traseira";0;0;0;0;0;0;0;0;2;0;2;1;1;0;0
"29/07/2023";"04:36:00";"60";"Acidente s";"491,1";"BR-101/RJ";"Pista Sul";"Capotamento";0;0;0;0;0;0;0;0;1;0;1;0;0;0;0
"29/07/2023";"05:29:00";"66";"Acidente s";"486";"BR-101/RJ";"Pista Sul";"Colisão frontal";0;0;0;0;0;0;0;0;2;0;3;0;0;0;0
"29/07/2023";"06:46:00";"84";"Acidente s";"3";"BR-101/SP";"Pista Sul";"Choque em objeto fixo";0;0;0;0;0;0;0;0;1;0;1;0;0;0;0
"29/07/2023";"07:31:00";"112";"Acidente s";"546,4";"BR-101/RJ";"Pista Sul";"Choque em objeto fixo";0;0;0;0;0;0;0;0;1;0;2;0;0;0;0
"29/07/2023";"07:44:00";"117";"Acidente s";"429";"BR-101/RJ";"Pista Norte";"Choque em objeto fixo";0;0;0;0;0;0;0;0;1;0;1;0;0;0;0
"29/07/2023";"09:04:00";"153";"Acidente s";"152,9";"BR-116/SP";"Pista Norte";"Choque em objeto fixo";0;0;0;0;0;0;0;0;1;0;1;0;0;0;0
"29/07/2023";"10:32:00";"192";"Acidente s";"226";"BR-116/RJ";"Pista Sul";"Choque em barreira New Jersey";0;0;0;0;0;0;0;0;1;0;0;0;0;0;0
"29/07/2023";"10:34:00";"193";"Acidente s";"232,9";"BR-116/RJ";"Pista Norte";"Choque em objeto fixo";0;0;0;0;0;0;0;0;1;0;1;0;0;0;0
"29/07/2023";"10:42:00";"197";"Acidente s";"232,4";"BR-116/RJ";"Pista Norte";"Choque em barreira New Jersey";0;0;0;0;0;0;0;0;1;0;0;0;0;0;0
"29/07/2023";"10:58:00";"203";"Acidente s";"429";"BR-101/RJ";"Pista Norte";"Choque em objeto fixo";0;0;0;0;0;0;0;0;1;0;0;0;0;0;0
"29/07/2023";"11:01:00";"205";"Acidente s";"246";"BR-116/RJ";"Pista Norte";"Choque em defensa";0;0;0;0;0;0;0;0;1;0;0;0;0;0;0
"29/07/2023";"11:07:00";"206";"Acidente s";"203";"BR-116/SP";"Pista Norte";"Colisão traseira";0;0;0;0;0;0;0;0;2;0;0;0;0;0;0
"29/07/2023";"11:41:00";"220";"Acidente s";"401";"BR-101/RJ";"Pista Sul";"Queda de ribanceira";0;0;0;0;0;0;0;0;1;0;1;0;0;0;0
"29/07/2023";"11:52:00";"225";"Acidente s";"254";"BR-116/RJ";"Pista Norte";"Choque em barreira New Jersey";0;0;0;0;0;0;0;0;1;0;0;0;0;0;0
"29/07/2023";"12:11:00";"231";"Acidente s";"555";"BR-101/RJ";"Pista Sul";"Capotamento";0;0;0;0;0;0;0;0;1;0;0;0;0;0;0
"29/07/2023";"12:31:00";"239";"Acidente s";"233,1";"BR-116/RJ";"Pista Norte";"Choque em barreira New Jersey";0;0;0;0;0;0;0;0;1;0;0;0;0;0;0
"29/07/2023";"12:42:00";"241";"Acidente c";"228,1";"BR-116/SP";"Pista Sul";"Colisão traseira";0;1;0;0;0;0;0;0;1;0;1;0;1;0;0
"29/07/2023";"12:54:00";"245";"Acidente s";"430";"BR-101/RJ";"Pista Norte";"Choque em defensa";0;0;0;0;0;0;0;0;1;0;0;0;0;0;0
"29/07/2023";"13:12:00";"254";"Acidente c";"230,9";"BR-116/RJ";"Pista Norte";"Abalroamento longitudinal";2;0;0;0;0;0;0;0;0;0;0;0;0;1;0
"29/07/2023";"14:18:00";"273";"Acidente s";"459";"BR-101/RJ";"Pista Norte";"Choque em objeto fixo";1;0;0;0;0;0;0;0;0;0;0;0;0;0;0
"29/07/2023";"14:29:00";"279";"Acidente s";"236";"BR-116/RJ";"Pista Norte";"Colisão traseira";0;0;0;0;0;0;0;0;2;0;0;0;0;0;0
"29/07/2023";"15:05:00";"299";"Acidente c";"34";"BR-116/SP";"Pista Norte";"Choque em defensa";0;0;0;0;0;0;0;0;1;0;0;4;0;0;0
"29/07/2023";"16:15:00";"329";"Acidente c";"212";"BR-116/SP";"Pista Sul";"Outros";0;0;0;0;0;0;0;0;1;0;0;1;0;0;0
"29/07/2023";"16:18:00";"330";"Acidente s";"204,5";"BR-116/SP";"Pista Norte";"Queda de moto";0;1;0;0;0;0;0;0;1;0;4;0;0;0;0
"29/07/2023";"16:49:00";"347";"Acidente s";"518";"BR-101/RJ";"Pista Norte";"Choque em objeto fixo";0;0;0;0;0;0;0;0;1;0;1;0;0;0;0
"29/07/2023";"17:08:00";"354";"Acidente s";"107,5";"BR-116/SP";"Pista Sul";"Engavetamento";0;0;0;0;0;0;0;0;3;0;7;0;0;0;0
"29/07/2023";"17:22:00";"366";"Acidente s";"482";"BR-101/RJ";"Pista Norte";"Abalroamento longitudinal";0;0;0;0;0;0;0;0;2;0;2;0;0;0;0
"29/07/2023";"19:29:00";"407";"Acidente s";"491";"BR-101/RJ";"Pista Sul";"Choque em objeto fixo";0;0;0;0;0;0;0;0;1;0;2;0;0;0;0
"29/07/2023";"21:07:00";"438";"Acidente c";"38";"BR-116/SP";"Pista Norte";"Capotamento";1;0;0;0;0;0;0;0;3;0;3;1;2;0;0
"29/07/2023";"21:34:00";"449";"Acidente s";"435";"BR-101/RJ";"Pista Sul";"Choque em objeto fixo";0;0;0;0;0;0;0;0;1;0;1;0;0;0;0
"29/07/2023";"21:43:00";"450";"Acidente c";"135";"BR-116/SP";"Pista Norte";"Colisão frontal";0;1;0;0;0;0;0;0;1;2;3;0;0;1;0
"29/07/2023";"21:55:00";"454";"Atropelame";"150,83";"BR-116/SP";"Pista Sul";"Atropelamento de pedestre atravessando";0;0;0;0;0;0;0;0;1;0;1;0;0;0;1
"29/07/2023";"22:13:00";"456";"Acidente s";"225";"BR-116/SP";"Pista Norte";"Choque em barreira New Jersey";0;0;0;0;0;0;0;0;1;0;4;0;0;0;0
"29/07/2023";"23:57:00";"476";"Acidente s";"213";"BR-116/SP";"Pista Sul";"Choque em barreira New Jersey";0;0;0;0;0;0;0;0;1;0;3;0;0;0;0
"30/07/2023";"00:07:00";"17";"Acidente s";"522,3";"BR-101/RJ";"Pista Sul";"Capotamento";0;0;0;0;0;0;0;0;1;0;1;0;0;0;0
"30/07/2023";"00:29:00";"24";"Acidente s";"221,5";"BR-116/SP";"Pista Sul";"Choque em barreira New Jersey";0;0;0;0;0;0;0;0;1;0;1;0;0;0;0
"30/07/2023";"00:36:00";"26";"Acidente c";"232,3";"BR-116/RJ";"Pista Norte";"Choque em barreira New Jersey";0;0;0;0;0;0;0;0;1;0;1;1;0;0;0
"30/07/2023";"00:44:00";"28";"Acidente s";"217,8";"BR-116/SP";"Pista Sul";"Capotamento";0;0;0;0;0;0;0;0;1;0;1;0;0;0;0
"30/07/2023";"01:26:00";"36";"Acidente s";"494";"BR-101/RJ";"Pista Norte";"Choque em objeto fixo";0;0;0;0;0;0;0;0;1;0;1;0;0;0;0
"30/07/2023";"04:11:00";"49";"Acidente s";"15,6";"BR-116/SP";"Pista Norte";"Choque em objeto fixo";0;0;0;0;0;0;0;0;2;0;2;0;0;0;0
"30/07/2023";"06:22:00";"64";"Acidente s";"222";"BR-116/SP";"Pista Norte";"Capotamento";0;0;0;0;0;0;0;0;2;0;3;0;0;0;0
"30/07/2023";"06:44:00";"72";"Acidente s";"551,5";"BR-101/RJ";"Pista Sul";"Choque em objeto fixo";0;0;0;0;0;0;0;0;1;0;2;0;0;0;0
"30/07/2023";"08:27:00";"110";"Acidente s";"132,8";"BR-116/SP";"Pista Norte";"Colisão traseira";0;0;0;0;0;0;0;0;2;0;1;0;0;0;0
"30/07/2023";"08:39:00";"112";"Acidente c";"225,9";"BR-116/SP";"Pista Norte";"Queda de moto";0;1;0;0;0;0;0;0;0;0;0;2;0;0;0
"30/07/2023";"08:46:00";"114";"Acidente s";"119,1";"BR-116/SP";"Pista Norte";"Colisão traseira";0;0;0;0;0;0;0;0;2;0;6;0;0;0;0
"30/07/2023";"11:13:00";"166";"Acidente c";"489";"BR-101/RJ";"Pista Norte";"Colisão frontal";0;0;0;0;0;0;0;0;3;0;0;0;0;5;0
"30/07/2023";"11:26:00";"169";"Acidente c";"65";"BR-116/SP";"Pista Sul";"Colisão traseira";1;1;0;0;0;0;0;0;0;0;1;0;1;0;0
"30/07/2023";"11:43:00";"178";"Acidente c";"132,9";"BR-116/SP";"Pista Norte";"Capotamento";1;0;0;0;0;0;0;0;1;0;3;0;1;0;0
"30/07/2023";"14:35:00";"248";"Acidente s";"106,1";"BR-116/SP";"Pista Sul";"Colisão traseira";0;0;0;0;0;0;0;0;2;0;0;0;0;0;0
"30/07/2023";"15:16:00";"261";"Acidente c";"504";"BR-101/RJ";"Pista Sul";"Colisão traseira";0;1;0;0;0;0;0;0;1;0;1;0;1;0;0
"30/07/2023";"15:21:00";"264";"Acidente s";"301,9";"BR-116/RJ";"Pista Norte";"Colisão traseira";0;0;0;0;0;0;0;0;2;0;0;0;0;0;0
"30/07/2023";"15:33:00";"273";"Acidente s";"155,3";"BR-116/SP";"Pista Sul";"Engavetamento";0;0;0;0;0;0;0;0;3;1;4;0;0;0;0
"30/07/2023";"16:05:00";"285";"Acidente s";"395";"BR-101/RJ";"Pista Norte";"Colisão traseira";0;0;0;0;0;0;0;0;2;0;2;0;0;0;0