data;horario;n_da_ocorrencia;tipo_de_ocorrencia;km;trecho;sentido;tipo_de_acidente;automovel;bicicleta;caminhao;moto;onibus;outros;tracao_animal;transporte_de_cargas_especiais;trator_maquinas;utilitarios;ilesos;levemente_feridos;moderadamente_feridos;gravemente_feridos;mortos
"07/08/2023";"07:32:00";"130";"Acidente s";"153,95";"BR-116/SP";"Pista Sul";"Engavetamento";0;0;0;0;0;0;0;0;3;0;3;0;0;0;0
"07/08/2023";"08:07:00";"149";"Acidente s";"109,3";"BR-116/SP";"Pista Sul";"Engavetamento";0;0;0;0;0;0;0;0;2;1;1;0;0;0;0
"07/08/2023";"08:15:00";"158";"Acidente s";"247";"BR-116/RJ";"Pista Norte";"Abalroamento longitudinal";2;0;0;0;0;0;0;0;0;0;2;0;0;0;0
"07/08/2023";"08:39:00";"175";"Acidente s";"138,6";"BR-116/SP";"Pista Sul";"Colisão traseira";0;0;0;0;0;0;0;0;1;1;2;0;0;0;0
"07/08/2023";"08:49:00";"183";"Acidente s";"39,5";"BR-116/SP";"Pista Norte";"Choque em objeto fixo";0;0;0;0;0;0;0;0;1;0;1;0;0;0;0
"07/08/2023";"08:54:00";"189";"Acidente s";"108";"BR-116/SP";"Pista Sul";"Engavetamento";2;0;0;0;0;0;0;0;1;0;0;0;0;0;0
"07/08/2023";"08:54:00";"190";"Acidente c";"218";"BR-116/SP";"Pista Sul";"Abalroamento longitudinal";1;0;0;0;0;0;0;0;1;0;0;2;0;0;0
"07/08/2023";"09:01:00";"195";"Acidente c";"310";"BR-116/RJ";"Pista Norte";"Abalroamento longitudinal";0;1;0;0;0;0;0;0;1;0;1;1;0;0;0
"07/08/2023";"09:15:00";"206";"Acidente c";"155";"BR-116/SP";"Pista Sul";"Colisão traseira";1;1;0;0;0;0;0;0;0;0;1;0;1;0;0
"07/08/2023";"09:20:00";"211";"Acidente c";"386";"BR-101/RJ";"Pista Sul";"Engavetamento";0;1;0;0;0;0;0;0;1;1;2;1;0;0;0
"07/08/2023";"09:37:00";"221";"Acidente c";"260,3";"BR-116/RJ";"Pista Norte";"Queda de moto";0;1;0;0;0;0;0;0;0;0;0;0;1;0;0
"07/08/2023";"09:46:00";"226";"Acidente c";"471";"BR-101/RJ";"Pista Sul";"Colisão traseira";0;1;0;0;0;0;0;0;1;0;1;1;0;0;0
"07/08/2023";"10:06:00";"238";"Acidente s";"39,5";"BR-116/SP";"Pista Norte";"Colisão traseira";0;0;0;0;0;0;0;0;1;1;3;0;0;0;0
"07/08/2023";"11:01:00";"271";"Acidente s";"228";"BR-116/SP";"Pista Norte";"Abalroamento longitudinal";1;0;0;0;0;0;0;0;1;0;3;0;0;0;0
"07/08/2023";"11:11:00";"275";"Acidente s";"231,3";"BR-116/RJ";"Pista Sul";"Abalroamento longitudinal";1;0;0;0;0;0;0;0;0;1;2;0;0;0;0
"07/08/2023";"12:00:00";"296";"Acidente s";"127,5";"BR-116/SP";"Pista Sul";"Colisão traseira";0;0;0;0;0;0;0;0;2;0;2;0;0;0;0
"07/08/2023";"13:27:00";"333";"Acidente c";"219,2";"BR-116/SP";"Pista Norte";"Abalroamento longitudinal";1;0;0;0;0;0;0;0;1;0;3;1;0;0;0
"07/08/2023";"13:51:00";"345";"Acidente c";"135,6";"BR-116/SP";"Pista Sul";"Colisão traseira";0;1;0;0;0;0;0;0;1;0;1;2;0;0;0
"07/08/2023";"15:03:00";"381";"Acidente s";"155";"BR-116/SP";"Pista Sul";"Colisão traseira";1;0;0;0;0;0;1;0;0;0;2;0;0;0;0
"07/08/2023";"15:24:00";"387";"Acidente c";"309,2";"BR-116/RJ";"Pista Sul";"Queda de moto";0;1;0;0;0;0;0;0;0;0;0;0;1;0;0
"07/08/2023";"19:24:00";"506";"Acidente s";"214,3";"BR-116/SP";"Pista Norte";"Abalroamento longitudinal";0;0;0;0;0;0;0;0;2;0;2;0;0;0;0
"07/08/2023";"20:07:00";"527";"Acidente c";"317,9";"BR-116/RJ";"Pista Sul";"Queda de moto";0;1;0;0;0;0;0;0;0;0;0;0;1;0;0
"07/08/2023";"21:38:00";"562";"Atropelame";"186,42";"BR-116/SP";"Pista Norte";"Atropelamento de pedestre atravessando";0;0;0;0;0;0;0;0;1;1;2;0;0;0;1
"07/08/2023";"23:22:00";"582";"Acidente s";"213,1";"BR-116/SP";"Pista Norte";"Abalroamento longitudinal";1;0;0;0;0;0;0;0;1;0;2;0;0;0;0
"08/08/2023";"02:44:00";"56";"Acidente s";"209,1";"BR-116/SP";"Pista Sul";"Choque em barreira New Jersey";1;0;0;0;0;0;0;0;0;0;2;0;0;0;0
"08/08/2023";"03:12:00";"60";"Acidente s";"111,7";"BR-116/SP";"Pista Norte";"Choque em barreira New Jersey";1;0;0;0;0;0;0;0;0;0;1;0;0;0;0
"08/08/2023";"04:54:00";"67";"Acidente s";"398,6";"BR-101/RJ";"Pista Norte";"Atropelamento de animal";0;0;0;0;0;1;0;0;0;0;1;0;0;0;0
"08/08/2023";"06:59:00";"105";"Acidente c";"488";"BR-101/RJ";"Pista Sul";"Colisão traseira";0;1;0;0;0;0;0;0;1;0;1;1;0;0;0
"08/08/2023";"07:54:00";"138";"Acidente c";"183";"BR-116/SP";"Pista Norte";"Colisão traseira";0;0;0;0;0;0;0;0;2;0;0;0;2;0;0
"08/08/2023";"09:11:00";"180";"Acidente c";"543";"BR-101/RJ";"Pista Sul";"Choque em objeto fixo";0;0;0;0;0;0;0;0;1;0;0;2;0;0;0
"08/08/2023";"09:16:00";"183";"Acidente c";"99";"BR-116/SP";"Pista Norte";"Queda de moto";0;1;0;0;0;0;0;0;0;0;0;1;0;0;0
"08/08/2023";"09:51:00";"197";"Acidente s";"522";"BR-101/RJ";"Pista Sul";"Choque em objeto fixo";0;0;0;0;0;0;0;0;1;0;1;0;0;0;0
"08/08/2023";"11:14:00";"241";"Acidente c";"212,5";"BR-116/SP";"Pista Sul";"Colisão frontal";1;1;0;0;0;0;0;0;0;0;0;1;3;0;0
"08/08/2023";"12:00:00";"265";"Acidente s";"277,3";"BR-116/RJ";"Pista Norte";"Choque em barreira New Jersey";0;0;0;0;0;0;0;0;1;0;1;0;0;0;0
"08/08/2023";"12:33:00";"276";"Acidente c";"39";"BR-116/SP";"Pista Sul";"Queda de moto";0;1;0;0;0;0;0;0;0;0;0;1;0;0;0
"08/08/2023";"12:35:00";"277";"Acidente s";"484";"BR-101/RJ";"Pista Norte";"Colisão traseira";0;0;0;0;0;0;0;0;2;0;2;0;0;0;0
"08/08/2023";"13:06:00";"284";"Acidente s";"429,9";"BR-101/RJ";"Pista Norte";"Choque em objeto fixo";0;0;0;0;0;0;0;0;1;0;0;0;0;0;0
"08/08/2023";"14:27:00";"317";"Acidente s";"432";"BR-101/RJ";"Pista Norte";"Colisão frontal";0;0;0;0;0;0;0;0;2;0;3;0;0;0;0
"08/08/2023";"14:52:00";"327";"Acidente s";"524";"BR-101/RJ";"Pista Sul";"Abalroamento longitudinal";2;0;0;0;0;0;0;0;0;0;2;0;0;0;0
"08/08/2023";"15:00:00";"330";"Acidente c";"219";"BR-116/SP";"Pista Norte";"Queda de moto";0;1;0;0;0;0;0;0;0;0;1;1;0;0;0
"08/08/2023";"15:05:00";"332";"Acidente s";"28,5";"BR-101/SP";"Pista Sul";"Queda de ribanceira";1;0;0;0;0;0;0;0;0;0;2;0;0;0;0
"08/08/2023";"15:41:00";"343";"Acidente s";"208,2";"BR-116/SP";"Pista Norte";"Abalroamento longitudinal";1;0;0;0;0;0;0;0;1;0;2;0;0;0;0
"08/08/2023";"16:06:00";"350";"Acidente c";"219";"BR-116/SP";"Pista Sul";"Queda de moto";0;1;0;0;0;0;0;0;0;0;1;1;0;0;0
"08/08/2023";"20:00:00";"455";"Acidente c";"45,45";"BR-101/SP";"Pista Sul";"Capotamento";0;0;0;0;0;0;0;0;1;0;0;0;1;0;0
"09/08/2023";"05:35:00";"69";"Acidente s";"54,2";"BR-116/SP";"Pista Norte";"Abalroamento longitudinal";1;0;0;0;0;0;0;0;0;1;1;0;0;0;0
"09/08/2023";"06:05:00";"73";"Acidente c";"211";"BR-116/SP";"Pista Sul";"Choque em barreira New Jersey";0;0;0;0;0;0;0;0;1;0;0;0;0;1;0
"09/08/2023";"06:52:00";"97";"Acidente s";"294";"BR-116/RJ";"Pista Sul";"Abalroamento longitudinal";0;0;0;0;0;0;0;0;2;0;0;0;0;0;0
"09/08/2023";"07:11:00";"109";"Acidente c";"233,9";"BR-116/RJ";"Pista Norte";"Capotamento";0;0;0;0;0;0;0;0;1;0;1;0;2;0;0
"09/08/2023";"07:24:00";"123";"Acidente s";"432,7";"BR-101/RJ";"Pista Norte";"Choque em objeto fixo";0;0;0;0;0;0;0;0;1;0;1;0;0;0;0
"09/08/2023";"07:31:00";"126";"Acidente s";"226,3";"BR-116/RJ";"Pista Sul";"Choque em defensa";0;0;0;0;0;0;0;0;1;0;1;0;0;0;0
"09/08/2023";"09:04:00";"174";"Acidente c";"505";"BR-101/RJ";"Pista Sul";"Abalroamento longitudinal";0;1;0;0;0;0;0;0;1;0;1;0;1;0;0
"09/08/2023";"13:29:00";"303";"Acidente s";"201";"BR-116/SP";"Pista Norte";"Choque em barreira New Jersey";0;0;0;0;0;0;0;0;1;0;1;0;0;0;0
"09/08/2023";"17:01:00";"380";"Acidente c";"311,9";"BR-116/RJ";"Pista Norte";"Colisão traseira";0;0;0;0;0;0;0;0;2;0;3;0;4;0;0
"09/08/2023";"17:39:00";"401";"Acidente s";"447";"BR-101/RJ";"Pista Sul";"Capotamento";0;0;0;0;0;0;0;0;1;0;1;0;0;0;0
"09/08/2023";"17:42:00";"404";"Acidente c";"147,2";"BR-116/SP";"Pista Norte";"Colisão traseira";0;1;0;0;0;0;0;0;1;0;2;1;0;0;0
"09/08/2023";"19:38:00";"455";"Acidente c";"160,6";"BR-116/SP";"Pista Norte";"Choque em objeto fixo";0;1;0;0;0;0;0;0;0;0;0;0;0;1;0
"09/08/2023";"21:11:00";"486";"Acidente s";"210,1";"BR-116/SP";"Pista Sul";"Colisão traseira";1;0;0;0;0;0;0;0;1;0;3;0;0;0;0
"09/08/2023";"22:13:00";"503";"Acidente c";"220";"BR-116/SP";"Pista Norte";"Abalroamento longitudinal";0;1;0;0;0;0;0;0;1;0;1;1;0;0;0
"10/08/2023";"05:47:00";"64";"Atropelame";"75";"BR-116/SP";"Pista Norte";"Atropelamento de pedestre caminhando";0;0;0;0;0;0;0;0;1;0;1;0;1;0;0
"10/08/2023";"06:57:00";"103";"Acidente c";"51,1";"BR-116/SP";"Pista Sul";"Colisão traseira";0;1;0;0;0;0;0;0;1;0;1;1;0;0;0
"10/08/2023";"07:07:00";"113";"Acidente c";"210,05";"BR-116/SP";"Pista Norte";"Capotamento";0;0;0;0;0;0;0;0;1;0;0;1;0;0;0
"10/08/2023";"08:04:00";"165";"Acidente s";"158,3";"BR-116/SP";"Pista Norte";"Engavetamento";0;0;0;0;0;0;0;0;2;2;4;0;0;0;0
"10/08/2023";"08:29:00";"184";"Acidente c";"146,9";"BR-116/SP";"Pista Sul";"Engavetamento";0;0;0;0;0;0;1;0;2;0;4;2;0;0;0
"10/08/2023";"08:47:00";"196";"Acidente s";"147";"BR-116/SP";"Pista Sul";"Abalroamento longitudinal";1;0;0;0;0;0;0;0;1;0;2;0;0;0;0
"10/08/2023";"09:11:00";"212";"Acidente s";"143,9";"BR-116/SP";"Pista Sul";"Colisão traseira";0;0;0;0;0;0;0;0;2;0;2;0;0;0;0
"10/08/2023";"09:46:00";"232";"Acidente s";"143,9";"BR-116/SP";"Pista Sul";"Engavetamento";0;0;0;0;0;0;0;0;3;0;3;0;0;0;0
"10/08/2023";"09:58:00";"239";"Acidente s";"109,3";"BR-116/SP";"Pista Sul";"Abalroamento longitudinal";1;0;0;0;0;0;0;0;1;0;2;0;0;0;0
"10/08/2023";"10:18:00";"257";"Acidente c";"218,8";"BR-116/SP";"Pista Sul";"Abalroamento longitudinal";0;0;0;0;0;0;0;0;2;0;1;0;1;0;0
"10/08/2023";"12:04:00";"309";"Acidente c";"123";"BR-116/SP";"Pista Norte";"Engavetamento";1;0;0;0;0;0;0;0;4;0;3;2;0;1;0
"10/08/2023";"12:12:00";"316";"Acidente s";"182,3";"BR-116/SP";"Pista Norte";"Colisão traseira";2;0;0;0;0;0;0;0;0;0;2;0;0;0;0
"10/08/2023";"12:57:00";"336";"Acidente c";"127,6";"BR-116/SP";"Pista Norte";"Colisão traseira";0;1;0;0;0;0;0;0;1;0;1;0;0;1;0
"10/08/2023";"12:57:00";"337";"Acidente s";"504";"BR-101/RJ";"Pista Sul";"Colisão traseira";0;0;0;0;0;0;0;0;1;1;2;0;0;0;0
"10/08/2023";"14:27:00";"370";"Acidente s";"57,3";"BR-116/SP";"Pista Norte";"Colisão traseira";0;0;0;0;0;0;0;0;2;0;4;0;0;0;0
"10/08/2023";"14:45:00";"381";"Acidente s";"115,6";"BR-116/SP";"Pista Norte";"Queda de moto";0;1;0;0;0;0;0;0;0;0;1;0;0;0;0
"10/08/2023";"15:04:00";"390";"Acidente c";"217,9";"BR-116/SP";"Pista Norte";"Colisão traseira";0;1;0;0;0;0;0;0;1;0;2;0;1;0;0
"10/08/2023";"15:38:00";"403";"Acidente s";"233";"BR-116/RJ";"Pista Norte";"Abalroamento longitudinal";1;0;0;0;0;1;0;0;0;0;2;0;0;0;0
"10/08/2023";"16:07:00";"421";"Acidente s";"262,4";"BR-116/RJ";"Pista Norte";"Colisão traseira";0;0;0;0;0;0;0;0;2;0;3;0;0;0;0
"10/08/2023";"16:24:00";"430";"Acidente c";"303";"BR-116/RJ";"Pista Norte";"Colisão traseira";0;0;0;0;0;0;0;0;2;0;3;2;0;0;0
"10/08/2023";"16:27:00";"432";"Acidente s";"302,4";"BR-116/RJ";"Pista Norte";"Abalroamento longitudinal";1;0;0;0;0;0;0;0;1;0;3;0;0;0;0
"10/08/2023";"17:29:00";"461";"Acidente s";"220,15";"BR-116/SP";"Pista Norte";"Abalroamento longitudinal";0;0;0;0;0;0;0;0;1;1;2;0;0;0;0
"10/08/2023";"18:45:00";"510";"Acidente s";"223";"BR-116/SP";"Pista Sul";"Colisão traseira";0;1;0;0;0;0;0;0;1;0;4;0;0;0;0
"10/08/2023";"18:58:00";"519";"Acidente c";"302,7";"BR-116/RJ";"Pista Norte";"Engavetamento";2;0;0;0;0;0;0;0;1;0;2;1;0;0;0
"10/08/2023";"19:06:00";"525";"Acidente s";"218,9";"BR-116/SP";"Pista Norte";"Choque em barreira New Jersey";0;0;0;0;0;0;0;0;1;0;1;0;0;0;0
"10/08/2023";"19:41:00";"541";"Acidente c";"304,9";"BR-116/RJ";"Pista Norte";"Colisão traseira";0;0;0;0;0;0;1;0;1;0;1;0;1;0;0
"10/08/2023";"19:50:00";"546";"Acidente c";"196,2";"BR-116/SP";"Pista Norte";"Choque em barreira New Jersey";0;0;0;0;0;0;0;0;1;0;0;0;1;0;0
"10/08/2023";"20:24:00";"556";"Acidente c";"45,8";"BR-116/SP";"Pista Sul";"Choque em barreira New Jersey";0;0;0;0;0;0;0;0;1;0;1;1;0;0;0
"10/08/2023";"21:18:00";"571";"Acidente c";"401";"BR-101/RJ";"Pista Norte";"Choque em barreira New Jersey";0;0;0;0;0;0;0;0;1;0;0;0;1;0;0
"10/08/2023";"23:12:00";"594";"Acidente s";"185,5";"BR-116/SP";"Pista Sul";"Choque em defensa";0;0;0;0;0;0;0;0;1;0;2;0;0;0;0
"11/08/2023";"07:51:00";"160";"Acidente c";"169";"BR-116/SP";"Pista Norte";"Colisão traseira";1;1;0;0;0;0;0;0;0;0;1;0;1;0;0
"11/08/2023";"08:00:00";"166";"Acidente s";"160,4";"BR-116/SP";"Pista Norte";"Engavetamento";0;0;0;0;0;0;0;0;4;0;8;0;0;0;0
"11/08/2023";"08:27:00";"188";"Acidente s";"229,3";"BR-116/RJ";"Pista Norte";"Tombamento";1;0;0;0;0;0;0;0;0;0;1;0;0;0;0
"11/08/2023";"08:58:00";"211";"Acidente c";"518";"BR-101/RJ";"Pista Sul";"Queda de moto";0;1;0;0;0;0;0;0;0;0;0;0;0;2;0
"11/08/2023";"09:22:00";"227";"Acidente s";"97,1";"BR-116/SP";"Pista Norte";"Colisão traseira";0;0;0;0;0;0;0;0;3;0;4;0;0;0;0
"11/08/2023";"09:26:00";"231";"Acidente s";"140";"BR-116/SP";"Pista Sul";"Colisão traseira";0;0;0;0;0;0;0;0;1;1;3;0;0;0;0
"11/08/2023";"10:32:00";"262";"Acidente s";"490";"BR-101/RJ";"Pista Norte";"Colisão frontal";0;0;0;1;0;0;0;0;1;0;2;0;0;0;0
"11/08/2023";"12:44:00";"329";"Acidente s";"212,8";"BR-116/SP";"Pista Sul";"Abalroamento longitudinal";2;0;0;0;0;0;0;0;0;0;2;0;0;0;0
"11/08/2023";"13:28:00";"343";"Acidente s";"212,8";"BR-116/SP";"Pista Sul";"Colisão traseira";0;0;0;0;0;0;0;0;2;0;3;0;0;0;0
"11/08/2023";"14:55:00";"388";"Acidente s";"28,5";"BR-116/SP";"Pista Sul";"Choque em barreira New Jersey";1;0;0;0;0;0;0;0;0;0;1;0;0;0;0
"11/08/2023";"15:32:00";"405";"Acidente s";"232";"BR-116/RJ";"Pista Norte";"Choque em objeto fixo";1;0;0;0;0;0;0;0;0;0;2;0;0;0;0
"11/08/2023";"16:26:00";"429";"Acidente c";"215";"BR-116/SP";"Pista Norte";"Choque em barreira New Jersey";0;0;0;0;0;0;0;0;1;0;0;1;0;0;0
"11/08/2023";"16:31:00";"432";"Acidente s";"187,4";"BR-116/SP";"Pista Norte";"Choque em defensa";1;0;0;0;0;0;0;0;0;0;2;0;0;0;0
"11/08/2023";"17:00:00";"455";"Acidente s";"154,7";"BR-116/SP";"Pista Sul";"Abalroamento longitudinal";0;0;0;0;0;0;0;0;2;0;4;0;0;0;0
"11/08/2023";"17:37:00";"473";"Acidente s";"295";"BR-116/RJ";"Pista Norte";"Colisão traseira";0;0;0;0;0;0;0;0;2;0;4;0;0;0;0
"11/08/2023";"18:10:00";"490";"Acidente s";"239";"BR-116/RJ";"Pista Sul";"Abalroamento longitudinal";2;0;0;0;0;0;0;0;0;0;2;0;0;0;0
"11/08/2023";"18:47:00";"520";"Acidente c";"147,6";"BR-116/SP";"Pista Norte";"Abalroamento longitudinal";0;1;0;0;0;0;0;0;1;0;1;1;0;0;0
"11/08/2023";"18:57:00";"526";"Acidente c";"494";"BR-101/RJ";"Pista Norte";"Abalroamento longitudinal";0;1;0;0;0;0;0;0;1;0;1;0;0;2;0
"11/08/2023";"19:06:00";"528";"Acidente c";"383";"BR-101/RJ";"Pista Sul";"Queda de moto";0;1;0;0;0;0;0;0;0;0;0;1;1;0;0
"11/08/2023";"22:11:00";"629";"Acidente c";"219,1";"BR-116/SP";"Pista Norte";"Colisão traseira";1;0;0;0;0;0;0;0;1;0;4;1;0;0;0
"12/08/2023";"00:06:00";"17";"Acidente s";"316,95";"BR-116/RJ";"Pista Norte";"Choque em defensa";0;0;0;0;0;0;0;0;1;0;2;0;0;0;0
"12/08/2023";"03:09:00";"52";"Atropelame";"58";"BR-116/SP";"Pista Sul";"Atropelamento de pedestre atravessando";0;0;0;1;0;0;0;0;0;0;48;0;0;0;1
"12/08/2023";"06:50:00";"98";"Acidente c";"54";"BR-116/SP";"Pista Norte";"Queda de moto";0;1;0;0;0;0;0;0;0;0;0;0;1;0;0
"12/08/2023";"07:47:00";"126";"Acidente c";"230,95";"BR-116/SP";"Pista Norte";"Choque em defensa";1;0;0;0;0;0;0;0;1;0;1;1;0;0;0
"12/08/2023";"08:59:00";"166";"Acidente c";"222,3";"BR-116/SP";"Pista Sul";"Abalroamento longitudinal";0;1;0;0;0;0;0;0;1;0;3;1;0;0;0
"12/08/2023";"09:29:00";"177";"Acidente s";"161";"BR-116/SP";"Pista Norte";"Colisão traseira";0;0;0;0;0;0;0;0;1;1;0;0;0;0;0
"12/08/2023";"09:44:00";"180";"Acidente c";"145";"BR-116/SP";"Pista Sul";"Colisão traseira";0;1;0;0;0;0;0;0;1;0;1;0;1;0;0
"12/08/2023";"10:51:00";"204";"Acidente c";"145";"BR-116/SP";"Pista Sul";"Colisão traseira";0;1;0;0;0;0;0;0;1;0;3;0;1;0;0
"12/08/2023";"11:03:00";"208";"Acidente c";"219,9";"BR-116/SP";"Pista Sul";"Capotamento";0;0;0;0;0;0;0;0;2;0;4;1;0;0;0
"12/08/2023";"12:04:00";"224";"Acidente c";"109,9";"BR-116/SP";"Pista Norte";"Engavetamento";0;0;0;0;0;0;0;0;3;0;0;2;0;0;0
"12/08/2023";"12:11:00";"227";"Acidente s";"218,3";"BR-116/SP";"Pista Sul";"Colisão traseira";0;0;0;0;0;0;0;0;1;1;5;0;0;0;0
"12/08/2023";"13:33:00";"262";"Acidente c";"532";"BR-101/RJ";"Pista Sul";"Colisão traseira";0;0;0;0;0;0;0;0;2;0;2;0;0;1;0
"12/08/2023";"14:04:00";"279";"Acidente c";"253";"BR-116/RJ";"Pista Sul";"Colisão frontal";0;0;0;0;0;0;1;0;1;0;1;3;1;0;0
"12/08/2023";"15:21:00";"311";"Acidente c";"155,8";"BR-116/SP";"Pista Sul";"Engavetamento";0;0;0;0;0;0;0;0;3;0;5;2;0;0;0
"12/08/2023";"16:31:00";"348";"Acidente s";"18,9";"BR-116/SP";"Pista Sul";"Tombamento";1;0;0;0;0;0;0;0;0;0;1;0;0;0;0
"12/08/2023";"16:36:00";"351";"Acidente s";"58";"BR-116/SP";"Pista Norte";"Choque em defensa";1;0;0;0;0;0;0;0;0;0;1;0;0;0;0
"12/08/2023";"16:52:00";"358";"Acidente c";"320";"BR-116/RJ";"Pista Norte";"Colisão traseira";0;0;0;0;0;0;0;0;1;1;1;1;1;0;0
"12/08/2023";"17:14:00";"364";"Acidente c";"385";"BR-101/RJ";"Pista Sul";"Engavetamento";0;0;0;0;0;0;0;0;3;0;4;1;0;0;0
"12/08/2023";"18:32:00";"390";"Acidente c";"49";"BR-101/SP";"Pista Sul";"Colisão traseira";0;1;0;0;0;0;0;0;1;0;1;1;0;0;0
"12/08/2023";"18:37:00";"392";"Acidente c";"268,5";"BR-116/RJ";"Pista Norte";"Colisão traseira";0;0;0;0;0;0;0;0;2;0;3;2;1;0;0
"12/08/2023";"19:21:00";"407";"Atropelame";"485";"BR-101/RJ";"Pista Sul";"Atropelamento de pedestre atravessando";0;0;0;0;0;0;0;0;0;1;1;0;0;1;0
"12/08/2023";"19:37:00";"415";"Acidente s";"281";"BR-116/RJ";"Pista Sul";"Abalroamento longitudinal";0;0;0;0;0;1;0;0;0;1;2;0;0;0;0
"12/08/2023";"20:29:00";"430";"Acidente s";"70,8";"BR-116/SP";"Pista Sul";"Choque em barreira New Jersey";0;0;0;0;0;0;0;0;1;0;5;0;0;0;0
"12/08/2023";"22:30:00";"458";"Acidente s";"226,4";"BR-116/SP";"Pista Sul";"Capotamento";0;0;0;0;0;0;0;0;1;0;1;0;0;0;0
"12/08/2023";"23:18:00";"464";"Acidente s";"24,05";"BR-116/SP";"Pista Norte";"Choque em objeto fixo";0;0;0;0;0;0;0;0;1;0;1;0;0;0;0
"12/08/2023";"23:54:00";"473";"Acidente s";"211,8";"BR-116/SP";"Pista Sul";"Choque em barreira New Jersey";0;0;0;0;0;0;0;0;1;0;1;0;0;0;0
"13/08/2023";"02:14:00";"29";"Acidente s";"509";"BR-101/RJ";"Pista Norte";"Outros";0;0;0;0;0;0;0;0;1;0;1;0;0;0;0
"13/08/2023";"10:26:00";"138";"Acidente s";"440,6";"BR-101/RJ";"Pista Sul";"Choque em objeto fixo";0;0;0;0;0;0;0;0;1;0;2;0;0;0;0
"13/08/2023";"10:36:00";"146";"Acidente c";"180";"BR-116/SP";"Pista Norte";"Capotamento";0;0;0;0;0;0;0;0;1;0;2;1;0;0;0
"13/08/2023";"11:53:00";"181";"Acidente s";"384";"BR-101/RJ";"Pista Norte";"Capotamento";0;0;0;0;0;0;0;0;1;0;1;0;0;0;0
"13/08/2023";"12:13:00";"186";"Acidente c";"274,3";"BR-116/RJ";"Pista Norte";"Capotamento";0;0;0;0;0;0;0;0;1;0;0;0;1;0;0
"13/08/2023";"14:27:00";"228";"Acidente s";"432,7";"BR-101/RJ";"Pista Norte";"Choque em objeto fixo";0;0;0;0;0;0;0;0;1;0;1;0;0;0;0
"13/08/2023";"17:20:00";"294";"Acidente s";"488";"BR-101/RJ";"Pista Sul";"Colisão traseira";0;0;0;0;0;1;0;0;1;1;4;0;0;0;0
"13/08/2023";"18:19:00";"320";"Acidente s";"284";"BR-116/RJ";"Pista Norte";"Colisão traseira";0;0;0;0;0;0;0;0;2;0;3;0;0;0;0
"13/08/2023";"19:00:00";"341";"Acidente c";"201";"BR-116/SP";"Pista Sul";"Queda de moto";0;1;0;0;0;0;0;0;0;0;0;2;0;0;0
"13/08/2023";"19:29:00";"349";"Acidente s";"221,4";"BR-116/SP";"Pista Sul";"Colisão traseira";0;0;0;0;0;0;0;0;1;1;4;0;0;0;0
"13/08/2023";"19:47:00";"354";"Acidente s";"428";"BR-101/RJ";"Pista Norte";"Abalroamento longitudinal";0;0;0;0;0;0;0;0;1;1;2;0;0;0;0
"13/08/2023";"21:02:00";"378";"Acidente s";"165,5";"BR-116/SP";"Pista Sul";"Abalroamento longitudinal";1;0;0;0;0;0;0;0;1;0;1;0;0;0;0
"13/08/2023";"21:02:00";"377";"Acidente s";"235,6";"BR-116/RJ";"Pista Norte";"Choque em barreira New Jersey";1;0;0;0;0;0;0;0;0;0;3;0;0;0;0
"13/08/2023";"22:08:00";"392";"Acidente c";"51,6";"BR-101/SP";"Pista Sul";"Abalroamento longitudinal";0;1;0;0;0;0;0;0;0;1;1;0;1;0;0
"13/08/2023";"23:54:00";"414";"Acidente c";"91,4";"BR-116/SP";"Pista Sul";"Colisão traseira";1;0;0;0;0;0;0;0;1;0;1;1;0;0;0
"14/08/2023";"00:12:00";"18";"Acidente s";"234";"BR-116/RJ";"Pista Norte";"Choque em barreira New Jersey";0;0;0;0;0;0;0;0;1;0;2;0;0;0;0
"14/08/2023";"04:29:00";"50";"Acidente s";"423";"BR-101/RJ";"Pista Sul";"Choque em objeto fixo";0;0;0;0;0;0;0;0;1;0;3;0;0;0;0
"14/08/2023";"06:46:00";"78";"Acidente c";"225";"BR-116/SP";"Pista Norte";"Queda de moto";0;1;0;0;0;0;0;0;1;0;1;1;1;0;0
"14/08/2023";"06:52:00";"85";"Acidente s";"226";"BR-116/RJ";"Pista Sul";"Choque em barreira New Jersey";0;0;0;0;0;0;0;0;1;0;2;0;0;0;0
"14/08/2023";"07:13:00";"97";"Acidente c";"392";"BR-101/RJ";"Pista Sul";"Colisão traseira";0;1;0;0;0;0;0;0;1;0;1;0;1;0;0
"14/08/2023";"07:25:00";"103";"Acidente c";"158,3";"BR-116/SP";"Pista Norte";"Colisão traseira";0;0;0;0;0;0;1;0;0;1;2;1;0;0;0
"14/08/2023";"09:00:00";"148";"Acidente c";"228";"BR-116/RJ";"Pista Norte";"Choque Talude";0;0;0;0;0;0;0;0;1;0;1;1;0;0;0
"14/08/2023";"10:39:00";"197";"Acidente c";"230,2";"BR-116/SP";"Pista Sul";"Colisão traseira";0;1;0;0;0;0;0;0;1;0;1;1;0;0;0
"14/08/2023";"10:40:00";"199";"Acidente c";"442,8";"BR-101/RJ";"Pista Sul";"Colisão frontal";0;0;0;1;0;0;0;0;1;0;42;3;0;0;2
"14/08/2023";"13:03:00";"242";"Acidente s";"224,3";"BR-116/SP";"Pista Sul";"Colisão traseira";0;0;0;0;0;0;0;0;2;0;2;0;0;0;0
"14/08/2023";"13:54:00";"262";"Acidente s";"524";"BR-101/RJ";"Pista Norte";"Choque em objeto fixo";0;0;0;0;0;0;0;0;1;0;1;0;0;0;0
"14/08/2023";"13:57:00";"265";"Acidente s";"480";"BR-101/RJ";"Pista Sul";"Choque em objeto fixo";0;0;0;0;0;0;0;0;1;0;1;0;0;0;0