data;horario;n_da_ocorrencia;tipo_de_ocorrencia;km;trecho;sentido;tipo_de_acidente;automovel;bicicleta;caminhao;moto;onibus;outros;tracao_animal;transporte_de_cargas_especiais;trator_maquinas;utilitarios;ilesos;levemente_feridos;moderadamente_feridos;gravemente_feridos;mortos
"14/08/2023";"14:17:00";"273";"Acidente c";"484";"BR-101/RJ";"Pista Sul";"Engavetamento";0;2;0;0;0;0;0;0;1;0;2;2;0;0;0
"14/08/2023";"15:53:00";"318";"Acidente s";"51,35";"BR-116/SP";"Pista Norte";"Choque em objeto na pista";1;0;0;0;0;0;0;0;0;0;0;0;0;0;0
"14/08/2023";"16:11:00";"324";"Acidente c";"522";"BR-101/RJ";"Pista Norte";"Choque em objeto fixo";0;0;0;0;0;0;0;0;1;0;0;3;0;0;0
"14/08/2023";"18:20:00";"381";"Acidente c";"50,8";"BR-116/SP";"Pista Norte";"Colisão traseira";1;0;0;0;0;0;0;0;1;0;2;0;2;0;0
"14/08/2023";"18:34:00";"388";"Acidente c";"221,6";"BR-116/SP";"Pista Sul";"Abalroamento longitudinal";0;1;0;0;0;0;0;0;1;0;2;1;0;0;0
"14/08/2023";"18:37:00";"390";"Acidente c";"148";"BR-116/SP";"Pista Norte";"Colisão traseira";0;1;0;0;0;0;0;0;1;0;2;1;0;0;0
"14/08/2023";"23:00:00";"483";"Acidente s";"221,9";"BR-116/RJ";"Pista Sul";"Choque em objeto na pista";1;0;0;0;0;0;0;0;1;0;2;0;0;0;0
"15/08/2023";"01:48:00";"31";"Acidente s";"74,2";"BR-116/SP";"Pista Norte";"Abalroamento longitudinal";0;0;0;0;0;0;0;0;1;1;2;0;0;0;0
"15/08/2023";"04:34:00";"53";"Acidente s";"452";"BR-101/RJ";"Pista Sul";"Choque em objeto fixo";1;0;0;0;0;0;0;0;0;0;2;0;0;0;0
"15/08/2023";"06:22:00";"80";"Acidente s";"231";"BR-116/SP";"Pista Norte";"Abalroamento longitudinal";1;0;0;0;0;0;0;0;1;0;2;0;0;0;0
"15/08/2023";"07:36:00";"140";"Acidente s";"26,5";"BR-116/SP";"Pista Sul";"Colisão traseira";1;0;0;0;0;0;0;0;1;0;2;0;0;0;0
"15/08/2023";"08:56:00";"200";"Atropelame";"486";"BR-101/RJ";"Pista Sul";"Atropelamento de pedestre atravessando";0;0;0;0;0;0;0;0;1;0;1;0;0;1;0
"15/08/2023";"12:02:00";"302";"Acidente s";"228,9";"BR-116/SP";"Pista Sul";"Abalroamento longitudinal";1;0;0;0;0;0;1;0;0;0;3;0;0;0;0
"15/08/2023";"13:26:00";"341";"Acidente s";"45,8";"BR-101/SP";"Pista Norte";"Abalroamento longitudinal";0;0;0;0;0;0;0;0;1;1;3;0;0;0;0
"15/08/2023";"15:20:00";"376";"Acidente s";"224,1";"BR-116/SP";"Pista Norte";"Colisão traseira";1;0;0;1;0;0;0;0;0;0;46;0;0;0;0
"15/08/2023";"15:55:00";"395";"Acidente c";"107,15";"BR-116/SP";"Pista Sul";"Colisão traseira";2;0;0;0;0;0;0;0;0;0;1;0;1;0;0
"15/08/2023";"20:44:00";"513";"Acidente s";"528,65";"BR-101/RJ";"Pista Norte";"Choque em objeto fixo";0;0;0;0;0;0;0;0;1;0;5;0;0;0;0
"16/08/2023";"03:00:00";"32";"Acidente s";"232,3";"BR-116/RJ";"Pista Norte";"Tombamento";1;0;0;0;0;0;0;0;0;0;1;0;0;0;0
"16/08/2023";"05:17:00";"54";"Atropelame";"210,6";"BR-116/SP";"Pista Norte";"Atropelamento de pedestre atravessando";0;0;1;0;0;0;0;0;1;0;1;1;0;0;0
"16/08/2023";"06:00:00";"60";"Acidente s";"476";"BR-101/RJ";"Pista Sul";"Choque em objeto fixo";0;0;0;0;0;0;0;0;1;0;2;0;0;0;0
"16/08/2023";"08:07:00";"139";"Acidente c";"336,8";"BR-116/RJ";"Pista Sul";"Queda de moto";0;1;0;0;0;0;0;0;0;0;0;2;0;0;0
"16/08/2023";"08:50:00";"173";"Acidente s";"247,2";"BR-116/RJ";"Pista Norte";"Colisão traseira";1;0;0;0;0;0;0;0;1;0;5;0;0;0;0
"16/08/2023";"09:17:00";"193";"Acidente s";"227,8";"BR-116/SP";"Pista Sul";"Engavetamento";0;2;0;0;0;0;0;0;1;0;3;0;0;0;0
"16/08/2023";"11:51:00";"279";"Acidente s";"77,9";"BR-116/SP";"Pista Sul";"Atropelamento de animal";0;0;0;0;0;0;0;0;1;0;1;0;0;0;0
"16/08/2023";"13:27:00";"329";"Acidente c";"290";"BR-116/RJ";"Pista Norte";"Choque em defensa";2;0;0;0;0;0;0;0;1;0;2;0;2;0;0
"16/08/2023";"14:15:00";"358";"Acidente c";"154,7";"BR-116/SP";"Pista Sul";"Abalroamento longitudinal";0;1;0;0;0;0;0;0;0;1;1;1;0;0;0
"16/08/2023";"17:02:00";"439";"Acidente s";"388";"BR-101/RJ";"Pista Norte";"Colisão traseira";0;0;0;0;0;0;0;0;2;0;2;0;0;0;0
"16/08/2023";"17:30:00";"450";"Acidente s";"213";"BR-116/SP";"Pista Norte";"Colisão traseira";0;0;0;0;0;0;0;0;2;0;2;0;0;0;0
"16/08/2023";"20:43:00";"547";"Acidente s";"30";"BR-116/SP";"Pista Sul";"Colisão traseira";2;0;0;0;0;0;0;0;0;0;2;0;0;0;0
"16/08/2023";"21:12:00";"555";"Acidente s";"539,3";"BR-101/RJ";"Pista Norte";"Choque em objeto fixo";0;0;0;0;0;0;0;0;1;0;1;0;0;0;0
"16/08/2023";"21:53:00";"569";"Acidente s";"226,2";"BR-116/SP";"Pista Sul";"Colisão traseira";1;0;0;0;0;0;0;0;0;1;2;0;0;0;0
"16/08/2023";"23:32:00";"601";"Acidente c";"144,65";"BR-116/SP";"Pista Sul";"Abalroamento longitudinal";1;0;0;0;0;0;0;0;1;0;1;0;0;1;0
"17/08/2023";"04:33:00";"51";"Acidente c";"308,8";"BR-116/RJ";"Pista Sul";"Atropelamento de animal";0;0;0;0;0;0;0;0;2;0;0;1;0;0;0
"17/08/2023";"07:35:00";"123";"Acidente s";"331";"BR-116/RJ";"Pista Norte";"Tombamento";1;0;0;0;0;0;0;0;0;0;0;0;0;0;0
"17/08/2023";"07:57:00";"137";"Acidente s";"209,5";"BR-116/SP";"Pista Norte";"Colisão traseira";0;0;0;0;0;0;0;0;2;0;2;0;0;0;0
"17/08/2023";"08:01:00";"138";"Acidente c";"263";"BR-116/RJ";"Pista Norte";"Colisão traseira";1;0;0;0;0;0;0;0;0;1;1;1;0;0;0
"17/08/2023";"08:40:00";"162";"Acidente c";"113";"BR-116/SP";"Pista Sul";"Queda de moto";0;1;0;0;0;0;0;0;0;0;0;1;0;0;0
"17/08/2023";"08:43:00";"166";"Acidente s";"205,6";"BR-116/SP";"Pista Sul";"Engavetamento";0;0;0;0;0;0;0;0;4;0;4;0;0;0;0
"17/08/2023";"09:04:00";"176";"Acidente c";"481,5";"BR-101/RJ";"Pista Sul";"Queda de moto";0;1;0;0;0;0;0;0;0;0;0;1;0;0;0
"17/08/2023";"11:28:00";"234";"Acidente s";"229,8";"BR-116/SP";"Pista Sul";"Engavetamento";0;0;0;0;0;0;0;0;3;0;7;0;0;0;0
"17/08/2023";"13:20:00";"279";"Acidente s";"127,8";"BR-116/SP";"Pista Norte";"Choque em defensa";0;0;0;0;0;0;0;0;1;0;0;0;0;0;0
"17/08/2023";"14:54:00";"326";"Acidente s";"155,2";"BR-116/SP";"Pista Sul";"Engavetamento";0;0;0;0;0;0;0;0;1;2;3;0;0;0;0
"17/08/2023";"16:49:00";"379";"Acidente c";"174,6";"BR-116/SP";"Pista Norte";"Capotamento";0;0;0;0;0;0;0;0;1;0;1;1;0;0;0
"17/08/2023";"17:56:00";"415";"Acidente c";"153,8";"BR-116/SP";"Pista Sul";"Abalroamento longitudinal";0;1;0;0;0;0;0;0;1;0;1;1;0;0;0
"17/08/2023";"18:14:00";"429";"Acidente c";"75";"BR-116/SP";"Pista Sul";"Queda de moto";0;1;0;0;0;0;0;0;0;0;0;1;0;0;0
"17/08/2023";"19:55:00";"473";"Acidente c";"108,7";"BR-116/SP";"Pista Sul";"Abalroamento longitudinal";0;1;0;0;0;0;0;0;0;1;1;2;0;0;0
"17/08/2023";"20:47:00";"500";"Acidente c";"160,15";"BR-116/SP";"Pista Sul";"Tombamento";1;0;0;0;0;0;0;0;0;0;0;0;0;1;0
"17/08/2023";"22:14:00";"522";"Acidente s";"217,2";"BR-116/SP";"Pista Sul";"Colisão traseira";0;0;0;0;0;0;0;0;1;1;3;0;0;0;0
"18/08/2023";"00:41:00";"27";"Acidente s";"59,2";"BR-116/SP";"Pista Norte";"Abalroamento longitudinal";2;0;0;0;0;0;0;0;0;0;2;0;0;0;0
"18/08/2023";"05:29:00";"75";"Acidente c";"56,6";"BR-116/SP";"Pista Sul";"Atropelamento de animal";1;0;0;0;0;0;0;0;0;0;0;1;0;0;0
"18/08/2023";"06:43:00";"106";"Acidente c";"227,3";"BR-116/SP";"Pista Sul";"Queda de moto";0;1;0;0;0;0;0;0;0;1;1;1;0;0;0
"18/08/2023";"06:59:00";"117";"Atropelame";"278,9";"BR-116/RJ";"Pista Sul";"Atropelamento de pedestre caminhando";1;0;0;0;0;0;0;0;0;0;2;0;0;0;1
"18/08/2023";"07:19:00";"128";"Acidente s";"318";"BR-116/RJ";"Pista Norte";"Engavetamento";0;0;0;0;0;0;0;0;3;0;6;0;0;0;0
"18/08/2023";"07:50:00";"152";"Acidente s";"147,1";"BR-116/SP";"Pista Norte";"Engavetamento";0;0;0;0;0;0;0;0;2;1;1;0;0;0;0
"18/08/2023";"08:16:00";"166";"Acidente s";"211,2";"BR-116/SP";"Pista Sul";"Colisão traseira";0;0;0;0;0;0;0;0;2;0;2;0;0;0;0
"18/08/2023";"08:24:00";"173";"Acidente c";"222,8";"BR-116/SP";"Pista Sul";"Queda de moto";0;1;0;0;0;0;0;0;0;0;0;1;0;0;0
"18/08/2023";"09:14:00";"206";"Acidente c";"280";"BR-116/RJ";"Pista Sul";"Colisão traseira";0;1;0;0;0;0;0;0;1;0;1;0;1;0;0
"18/08/2023";"09:21:00";"208";"Acidente c";"207";"BR-116/SP";"Pista Sul";"Abalroamento longitudinal";0;1;0;0;0;0;0;0;1;0;4;1;0;0;0
"18/08/2023";"09:23:00";"211";"Acidente c";"275";"BR-116/RJ";"Pista Sul";"Abalroamento longitudinal";1;0;0;0;0;0;0;0;1;0;1;3;0;0;0
"18/08/2023";"10:47:00";"256";"Acidente s";"154,9";"BR-116/SP";"Pista Sul";"Engavetamento";0;0;0;1;0;0;0;0;2;0;16;0;0;0;0
"18/08/2023";"10:48:00";"259";"Acidente s";"250";"BR-116/RJ";"Pista Norte";"Colisão traseira";0;0;0;0;0;0;0;0;1;1;1;0;0;0;0
"18/08/2023";"11:12:00";"265";"Acidente s";"273";"BR-116/RJ";"Pista Sul";"Abalroamento longitudinal";0;0;0;0;0;0;1;0;1;0;4;0;0;0;0
"18/08/2023";"12:18:00";"290";"Acidente s";"228,5";"BR-116/SP";"Pista Norte";"Colisão traseira";0;0;0;0;0;0;0;0;2;0;0;0;0;0;0
"18/08/2023";"12:30:00";"295";"Acidente s";"11,2";"BR-101/SP";"Pista Sul";"Abalroamento longitudinal";0;0;0;0;0;0;0;0;2;0;4;0;0;0;0
"18/08/2023";"12:34:00";"296";"Acidente c";"271";"BR-116/RJ";"Pista Sul";"Abalroamento longitudinal";0;1;0;0;0;0;0;0;1;0;1;1;0;0;0
"18/08/2023";"13:06:00";"310";"Acidente s";"291";"BR-116/RJ";"Pista Sul";"Abalroamento longitudinal";1;0;0;0;0;0;0;0;1;0;0;0;0;0;0
"18/08/2023";"14:02:00";"337";"Acidente s";"77";"BR-116/SP";"Pista Norte";"Abalroamento longitudinal";0;0;0;0;0;0;0;0;2;0;0;0;0;0;0
"18/08/2023";"14:17:00";"348";"Acidente s";"93,6";"BR-116/SP";"Pista Norte";"Abalroamento longitudinal";0;2;0;0;0;0;0;0;0;0;0;0;0;0;0
"18/08/2023";"14:32:00";"355";"Acidente s";"416";"BR-101/RJ";"Pista Sul";"Abalroamento longitudinal";0;0;0;0;0;0;0;0;2;0;2;0;0;0;0
"18/08/2023";"14:34:00";"357";"Acidente s";"229";"BR-116/SP";"Pista Sul";"Engavetamento";0;0;0;0;0;0;1;0;2;0;3;0;0;0;0
"18/08/2023";"15:03:00";"370";"Acidente c";"112,1";"BR-116/SP";"Pista Sul";"Engavetamento";0;1;0;0;0;0;0;0;1;1;1;1;0;0;0
"18/08/2023";"15:08:00";"371";"Acidente s";"117";"BR-116/SP";"Pista Norte";"Engavetamento";2;0;0;0;0;0;1;0;0;0;0;0;0;0;0
"18/08/2023";"15:25:00";"377";"Acidente c";"476,8";"BR-101/RJ";"Pista Norte";"Colisão frontal";0;2;0;0;0;0;0;0;0;0;0;0;3;0;0
"18/08/2023";"15:36:00";"381";"Acidente c";"226,1";"BR-116/SP";"Pista Sul";"Abalroamento longitudinal";0;1;0;0;0;0;0;0;0;1;1;1;0;0;0
"18/08/2023";"15:48:00";"390";"Acidente s";"389";"BR-101/RJ";"Pista Sul";"Choque em objeto na pista";0;0;0;0;0;0;0;0;1;0;3;0;0;0;0
"18/08/2023";"16:49:00";"417";"Acidente c";"71,3";"BR-116/SP";"Pista Norte";"Abalroamento longitudinal";0;1;0;0;0;0;0;0;2;0;3;1;0;0;0
"18/08/2023";"17:22:00";"434";"Acidente c";"142";"BR-116/SP";"Pista Norte";"Engavetamento";0;0;0;0;0;0;0;0;4;1;7;1;1;0;0
"18/08/2023";"17:32:00";"437";"Acidente c";"104,8";"BR-116/SP";"Pista Sul";"Abalroamento longitudinal";0;1;0;0;0;0;0;0;1;0;1;1;0;0;0
"18/08/2023";"18:25:00";"475";"Acidente c";"105";"BR-116/SP";"Pista Sul";"Engavetamento";0;0;0;0;0;0;0;0;3;0;3;0;1;0;0
"18/08/2023";"18:28:00";"480";"Atropelame";"243";"BR-116/RJ";"Pista Norte";"Atropelamento de pedestre caminhando";0;1;0;0;0;0;0;0;0;0;1;0;1;0;0
"18/08/2023";"21:11:00";"556";"Acidente s";"563";"BR-101/RJ";"Pista Norte";"Choque em objeto fixo";0;0;0;0;0;0;0;0;1;0;1;0;0;0;0
"18/08/2023";"22:48:00";"578";"Acidente c";"186,1";"BR-116/SP";"Pista Norte";"Choque em defensa";0;0;0;0;0;0;0;0;1;0;3;1;0;0;0
"19/08/2023";"00:00:00";"17";"Acidente s";"520";"BR-101/RJ";"Pista Norte";"Choque em objeto fixo";1;0;0;0;0;0;0;0;0;0;1;0;0;0;0
"19/08/2023";"00:13:00";"19";"Acidente s";"310,5";"BR-116/RJ";"Pista Sul";"Atropelamento de animal";0;0;0;0;0;0;0;0;1;0;1;0;0;0;0
"19/08/2023";"02:54:00";"61";"Acidente s";"145,4";"BR-116/SP";"Pista Norte";"Choque em objeto fixo";0;0;0;0;0;0;0;0;1;0;1;0;0;0;0
"19/08/2023";"06:58:00";"118";"Acidente s";"218,1";"BR-116/SP";"Pista Norte";"Abalroamento longitudinal";0;0;0;0;0;0;0;0;2;0;5;0;0;0;0
"19/08/2023";"07:40:00";"148";"Acidente s";"143,6";"BR-116/SP";"Pista Norte";"Colisão traseira";0;0;0;0;0;0;0;0;1;1;3;0;0;0;0
"19/08/2023";"08:36:00";"182";"Acidente c";"149,1";"BR-116/SP";"Pista Norte";"Colisão traseira";0;2;0;0;0;0;0;0;0;0;1;1;0;0;0
"19/08/2023";"08:39:00";"183";"Acidente s";"225,9";"BR-116/SP";"Pista Norte";"Colisão traseira";0;0;0;0;0;0;0;0;1;1;3;0;0;0;0
"19/08/2023";"08:52:00";"190";"Acidente c";"149,2";"BR-116/SP";"Pista Norte";"Engavetamento";0;0;0;0;0;0;0;0;3;0;9;2;1;0;0
"19/08/2023";"09:30:00";"215";"Acidente s";"72,2";"BR-116/SP";"Pista Norte";"Queda de ribanceira";1;0;0;0;0;0;0;0;0;0;1;0;0;0;0
"19/08/2023";"11:24:00";"286";"Acidente s";"216,7";"BR-116/RJ";"Pista Sul";"Engavetamento";0;0;0;0;0;0;0;0;3;0;3;0;0;0;0
"19/08/2023";"12:34:00";"324";"Acidente s";"129,3";"BR-116/SP";"Pista Norte";"Queda de moto";0;1;0;0;0;0;0;0;0;0;2;0;0;0;0
"19/08/2023";"12:47:00";"327";"Acidente c";"43,1";"BR-101/SP";"Pista Norte";"Colisão frontal";0;0;0;0;0;0;0;0;2;0;3;1;0;0;0
"19/08/2023";"13:59:00";"366";"Acidente c";"52,6";"BR-116/SP";"Pista Norte";"Queda de moto";0;1;0;0;0;0;0;0;0;0;0;1;1;0;0
"19/08/2023";"15:10:00";"416";"Acidente c";"114";"BR-116/SP";"Pista Sul";"Abalroamento longitudinal";1;0;0;0;0;0;0;0;1;0;2;2;0;0;0
"19/08/2023";"15:11:00";"417";"Acidente s";"144,55";"BR-116/SP";"Pista Sul";"Colisão traseira";0;0;0;0;0;0;0;0;2;0;6;0;0;0;0
"19/08/2023";"15:35:00";"425";"Acidente s";"277";"BR-116/RJ";"Pista Norte";"Abalroamento longitudinal";0;0;0;0;0;0;0;0;2;0;7;0;0;0;0
"19/08/2023";"17:48:00";"484";"Acidente s";"212,9";"BR-116/SP";"Pista Norte";"Queda de moto";0;1;0;0;0;0;0;0;0;0;2;0;0;0;0
"19/08/2023";"19:31:00";"532";"Acidente s";"389,85";"BR-101/RJ";"Pista Norte";"Choque em defensa";1;0;0;0;0;0;0;0;0;0;1;0;0;0;0
"19/08/2023";"19:54:00";"538";"Acidente s";"486";"BR-101/RJ";"Pista Sul";"Colisão traseira";0;0;0;0;0;1;0;0;1;0;3;0;0;0;0
"19/08/2023";"21:39:00";"573";"Acidente c";"327,5";"BR-116/RJ";"Pista Sul";"Choque em barreira New Jersey";0;0;0;0;0;0;0;0;1;0;0;1;0;0;0
"19/08/2023";"22:56:00";"587";"Acidente c";"506,4";"BR-101/RJ";"Pista Sul";"Queda de moto";0;1;0;0;0;0;0;0;1;0;1;0;0;1;0
"19/08/2023";"23:29:00";"594";"Acidente s";"480,6";"BR-101/RJ";"Pista Sul";"Capotamento";0;0;0;0;0;0;0;0;1;0;1;0;0;0;0
"20/08/2023";"00:39:00";"24";"Acidente s";"38";"BR-116/SP";"Pista Sul";"Choque em barreira New Jersey";0;0;0;0;0;0;0;0;1;0;2;0;0;0;0
"20/08/2023";"00:59:00";"28";"Acidente s";"114,4";"BR-116/SP";"Pista Sul";"Capotamento";0;0;0;0;0;0;0;0;2;0;2;0;0;0;0
"20/08/2023";"01:35:00";"33";"Acidente c";"229,8";"BR-116/SP";"Pista Norte";"Capotamento";0;0;0;0;0;0;0;0;2;0;1;1;0;0;0
"20/08/2023";"02:33:00";"44";"Atropelame";"393,7";"BR-101/RJ";"Pista Sul";"Atropelamento de pedestre caminhando";0;0;0;0;0;0;0;0;1;0;1;1;0;0;1
"20/08/2023";"03:44:00";"52";"Acidente s";"217,6";"BR-116/SP";"Pista Norte";"Abalroamento longitudinal";0;0;0;1;0;0;0;0;1;0;53;0;0;0;0
"20/08/2023";"05:30:00";"70";"Acidente s";"391,6";"BR-101/RJ";"Pista Sul";"Choque em barreira New Jersey";0;0;0;0;0;0;0;0;1;0;2;0;0;0;0
"20/08/2023";"08:08:00";"114";"Acidente c";"228,8";"BR-116/SP";"Pista Norte";"Abalroamento longitudinal";0;1;0;0;0;0;0;0;1;0;2;1;0;0;0
"20/08/2023";"09:26:00";"153";"Acidente c";"98,7";"BR-116/SP";"Pista Norte";"Queda de moto";0;1;0;0;0;0;0;0;0;0;0;1;0;0;0
"20/08/2023";"10:43:00";"184";"Atropelame";"244,8";"BR-116/RJ";"Pista Sul";"Atropelamento de pedestre atravessando";0;0;0;0;0;0;0;0;0;1;1;0;1;0;0
"20/08/2023";"12:09:00";"216";"Acidente s";"253";"BR-116/RJ";"Pista Sul";"Colisão traseira";0;0;0;0;0;0;0;0;2;0;7;0;0;0;0
"20/08/2023";"13:00:00";"245";"Acidente s";"255,4";"BR-116/RJ";"Pista Norte";"Choque em defensa";0;0;0;0;0;0;0;0;1;0;1;0;0;0;0
"20/08/2023";"13:05:00";"246";"Acidente c";"154";"BR-116/SP";"Pista Sul";"Colisão traseira";0;1;0;0;0;0;0;0;1;0;2;2;0;0;0
"20/08/2023";"13:39:00";"259";"Acidente s";"279,3";"BR-116/RJ";"Pista Sul";"Choque em objeto fixo";0;0;0;0;0;0;0;0;1;0;3;0;0;0;0
"20/08/2023";"13:45:00";"261";"Acidente s";"106,5";"BR-116/SP";"Pista Sul";"Abalroamento longitudinal";0;0;0;0;0;0;0;0;1;1;3;0;0;0;0
"20/08/2023";"15:57:00";"317";"Acidente s";"101";"BR-116/SP";"Pista Sul";"Colisão traseira";0;1;0;0;0;0;0;0;1;0;2;0;0;0;0
"20/08/2023";"16:30:00";"335";"Acidente c";"215,4";"BR-116/SP";"Pista Norte";"Abalroamento longitudinal";0;1;0;0;0;0;0;0;0;1;2;0;1;0;0
"20/08/2023";"17:55:00";"383";"Acidente s";"395";"BR-101/RJ";"Pista Sul";"Colisão traseira";0;0;0;0;0;0;0;0;2;0;5;0;0;0;0
"20/08/2023";"18:37:00";"409";"Acidente s";"198,65";"BR-116/SP";"Pista Norte";"Queda de moto";0;1;0;0;0;0;0;0;0;0;1;0;0;0;0
"20/08/2023";"20:35:00";"451";"Acidente s";"405,1";"BR-101/RJ";"Pista Norte";"Atropelamento de animal";0;0;0;0;0;0;0;0;1;0;1;0;0;0;0
"20/08/2023";"21:17:00";"466";"Acidente s";"218,8";"BR-116/SP";"Pista Sul";"Colisão traseira";0;0;0;0;0;0;0;0;1;1;2;0;0;0;0
"20/08/2023";"21:28:00";"471";"Acidente s";"207,2";"BR-116/SP";"Pista Sul";"Colisão traseira";0;0;0;0;0;0;0;0;2;0;5;0;0;0;0
"20/08/2023";"22:27:00";"488";"Acidente s";"223";"BR-116/SP";"Pista Norte";"Queda de ribanceira";0;0;0;0;0;0;0;0;1;0;1;0;0;0;0
"20/08/2023";"23:47:00";"503";"Acidente c";"230,8";"BR-116/SP";"Pista Sul";"Colisão traseira";0;0;0;0;0;0;0;0;2;0;0;4;0;0;0
"21/08/2023";"02:10:00";"28";"Acidente s";"215,7";"BR-116/SP";"Pista Sul";"Choque em barreira New Jersey";0;0;0;0;0;0;0;0;1;0;1;0;0;0;0
"21/08/2023";"02:15:00";"29";"Acidente c";"105,1";"BR-116/SP";"Pista Sul";"Choque em objeto fixo";0;0;0;0;0;0;0;0;1;0;0;1;0;0;0
"21/08/2023";"04:25:00";"43";"Acidente s";"88,1";"BR-116/SP";"Pista Sul";"Atropelamento de animal";0;0;0;0;0;0;0;0;2;0;7;0;0;0;0
"21/08/2023";"05:27:00";"53";"Acidente s";"230";"BR-116/RJ";"Pista Norte";"Abalroamento longitudinal";1;0;0;0;0;0;0;0;0;1;2;0;0;0;0
"21/08/2023";"05:57:00";"60";"Acidente s";"472";"BR-101/RJ";"Pista Sul";"Queda de moto";0;1;0;0;0;0;0;0;0;0;1;0;0;0;0
"21/08/2023";"07:21:00";"119";"Acidente c";"220";"BR-116/SP";"Pista Sul";"Abalroamento longitudinal";0;1;0;0;0;0;0;0;1;0;1;1;0;0;0
"21/08/2023";"07:59:00";"148";"Acidente s";"142,5";"BR-116/SP";"Pista Norte";"Engavetamento";0;0;0;0;0;1;0;0;3;0;4;0;0;0;0
"21/08/2023";"08:26:00";"167";"Acidente c";"528";"BR-101/RJ";"Pista Sul";"Abalroamento longitudinal";0;1;0;0;0;0;0;0;1;0;1;1;0;0;0
"21/08/2023";"09:06:00";"194";"Acidente s";"221,8";"BR-116/SP";"Pista Sul";"Abalroamento longitudinal";0;0;0;0;0;0;0;0;1;1;2;0;0;0;0
"21/08/2023";"09:20:00";"212";"Acidente s";"154,2";"BR-116/SP";"Pista Sul";"Engavetamento";1;0;0;0;0;0;0;0;2;0;4;0;0;0;0
"21/08/2023";"10:07:00";"240";"Acidente c";"71";"BR-116/SP";"Pista Sul";"Abalroamento longitudinal";1;1;0;0;0;0;0;0;0;0;1;1;0;0;0
"21/08/2023";"11:40:00";"301";"Acidente s";"134,9";"BR-116/SP";"Pista Norte";"Colisão traseira";0;0;0;0;0;0;0;0;1;1;2;0;0;0;0
"21/08/2023";"13:12:00";"344";"Acidente c";"201";"BR-116/SP";"Pista Norte";"Queda de moto";0;1;0;0;0;0;0;0;0;0;0;0;1;0;0
"21/08/2023";"13:14:00";"346";"Acidente s";"7,7";"BR-116/SP";"Pista Norte";"Colisão traseira";0;0;0;0;0;0;1;0;1;0;0;0;0;0;0
"21/08/2023";"13:45:00";"359";"Acidente s";"115,3";"BR-116/SP";"Pista Norte";"Colisão traseira";1;0;0;0;0;0;0;0;1;0;2;0;0;0;0
"21/08/2023";"14:44:00";"395";"Acidente c";"45,8";"BR-116/SP";"Pista Norte";"Queda de moto";0;1;0;0;0;0;0;0;0;0;0;0;1;0;0
"21/08/2023";"15:08:00";"410";"Acidente s";"98,8";"BR-116/SP";"Pista Sul";"Tombamento";1;0;0;0;0;0;0;0;0;0;1;0;0;0;0
"21/08/2023";"15:13:00";"414";"Acidente s";"5,6";"BR-116/SP";"Pista Sul";"Choque em objeto fixo";0;0;0;0;0;0;0;0;1;0;3;0;0;0;0
"21/08/2023";"16:31:00";"451";"Acidente s";"302,8";"BR-116/RJ";"Pista Sul";"Engavetamento";1;0;0;0;0;0;0;0;1;1;3;0;0;0;0
"21/08/2023";"17:09:00";"462";"Acidente c";"223";"BR-116/SP";"Pista Sul";"Abalroamento longitudinal";0;1;0;0;0;0;0;0;0;1;1;1;0;0;0
"21/08/2023";"18:01:00";"494";"Acidente c";"142,4";"BR-116/SP";"Pista Norte";"Queda de moto";0;1;0;0;0;0;0;0;0;0;0;1;0;0;0
"21/08/2023";"18:12:00";"499";"Acidente s";"296";"BR-116/RJ";"Pista Norte";"Colisão traseira";2;0;0;0;0;0;0;0;0;0;2;0;0;0;0
"21/08/2023";"18:17:00";"500";"Acidente s";"148,7";"BR-116/SP";"Pista Norte";"Colisão traseira";0;0;0;0;0;0;0;0;2;0;2;0;0;0;0
"21/08/2023";"19:51:00";"538";"Acidente c";"278,8";"BR-116/RJ";"Pista Norte";"Abalroamento longitudinal";0;0;0;0;0;0;0;0;2;0;1;0;1;0;0
"21/08/2023";"19:58:00";"541";"Acidente c";"399";"BR-101/RJ";"Pista Sul";"Queda de moto";0;1;0;0;0;0;0;0;0;0;0;1;1;0;0
"21/08/2023";"22:45:00";"587";"Acidente c";"148,55";"BR-116/SP";"Pista Norte";"Queda de moto";0;1;0;0;0;0;0;0;0;0;0;1;1;0;0
"21/08/2023";"23:13:00";"593";"Acidente c";"142,3";"BR-116/SP";"Pista Sul";"Engavetamento";1;0;0;0;0;0;0;0;2;0;2;0;1;0;0
"22/08/2023";"05:19:00";"63";"Acidente c";"258,5";"BR-116/RJ";"Pista Norte";"Colisão traseira";2;0;0;0;0;0;0;0;0;0;0;2;0;0;0
"22/08/2023";"07:04:00";"108";"Acidente c";"284,7";"BR-116/RJ";"Pista Sul";"Abalroamento longitudinal";1;0;0;0;0;0;0;0;1;0;1;1;0;0;0
"22/08/2023";"07:14:00";"114";"Acidente c";"112,8";"BR-116/SP";"Pista Sul";"Colisão traseira";0;0;0;0;0;0;0;0;1;1;1;0;1;0;0
"22/08/2023";"07:40:00";"130";"Acidente s";"111,6";"BR-116/SP";"Pista Sul";"Colisão traseira";2;0;0;0;0;0;0;0;0;0;2;0;0;0;0
"22/08/2023";"07:43:00";"133";"Acidente s";"221";"BR-116/SP";"Pista Norte";"Engavetamento";0;0;0;0;0;0;0;0;2;1;3;0;0;0;0
"22/08/2023";"07:47:00";"134";"Acidente s";"155,1";"BR-116/SP";"Pista Sul";"Colisão traseira";0;0;0;0;0;0;0;0;2;0;2;0;0;0;0
"22/08/2023";"07:56:00";"142";"Acidente s";"112,5";"BR-116/SP";"Pista Sul";"Colisão traseira";1;0;0;0;0;0;0;0;1;0;3;0;0;0;0