data;horario;n_da_ocorrencia;tipo_de_ocorrencia;km;trecho;sentido;tipo_de_acidente;automovel;bicicleta;caminhao;moto;onibus;outros;tracao_animal;transporte_de_cargas_especiais;trator_maquinas;utilitarios;ilesos;levemente_feridos;moderadamente_feridos;gravemente_feridos;mortos
"22/08/2023";"10:12:00";"223";"Acidente s";"157,6";"BR-116/SP";"Pista Sul";"Engavetamento";0;0;0;0;0;0;0;0;3;0;3;0;0;0;0
"22/08/2023";"13:53:00";"312";"Acidente c";"479";"BR-101/RJ";"Pista Norte";"Queda de moto";0;1;0;0;0;0;0;0;0;0;0;2;0;0;0
"22/08/2023";"15:47:00";"367";"Acidente s";"124,1";"BR-116/SP";"Pista Norte";"Colisão traseira";0;0;0;0;0;0;0;0;1;1;3;0;0;0;0
"22/08/2023";"18:37:00";"448";"Atropelame";"34,7";"BR-101/SP";"Pista Norte";"Atropelamento de pedestre atravessando";1;0;0;0;0;0;0;0;0;0;2;0;0;0;1
"22/08/2023";"21:10:00";"507";"Acidente s";"403";"BR-101/RJ";"Pista Sul";"Choque em barreira New Jersey";0;0;0;0;0;0;0;0;1;0;1;0;0;0;0
"22/08/2023";"21:37:00";"513";"Acidente c";"208";"BR-116/SP";"Pista Norte";"Queda de moto";0;1;0;0;0;0;0;0;0;0;0;1;0;0;0
"23/08/2023";"00:18:00";"24";"Acidente s";"301,8";"BR-116/RJ";"Pista Sul";"Colisão traseira";2;0;0;0;0;0;0;0;0;0;2;0;0;0;0
"23/08/2023";"03:45:00";"60";"Acidente s";"279,5";"BR-116/RJ";"Pista Sul";"Choque em defensa";1;0;0;0;0;0;0;0;0;0;1;0;0;0;0
"23/08/2023";"05:27:00";"71";"Acidente c";"14";"BR-116/SP";"Pista Sul";"Atropelamento de animal";0;0;0;0;0;0;0;0;1;0;0;0;0;2;0
"23/08/2023";"06:46:00";"100";"Acidente c";"213,1";"BR-116/SP";"Pista Sul";"Queda de moto";0;1;0;0;0;0;0;0;0;0;0;2;0;0;0
"23/08/2023";"07:23:00";"130";"Acidente c";"145";"BR-116/SP";"Pista Sul";"Abalroamento longitudinal";1;1;0;0;0;0;0;0;0;1;2;1;0;0;0
"23/08/2023";"07:42:00";"142";"Acidente s";"112,7";"BR-116/SP";"Pista Norte";"Engavetamento";0;0;0;0;0;0;0;0;2;1;1;0;0;0;0
"23/08/2023";"08:03:00";"160";"Acidente c";"316,9";"BR-116/RJ";"Pista Norte";"Abalroamento longitudinal";0;1;0;0;0;0;0;0;1;0;1;1;0;0;0
"23/08/2023";"08:06:00";"162";"Acidente s";"221";"BR-116/SP";"Pista Sul";"Abalroamento longitudinal";1;0;0;1;0;0;0;0;0;0;3;0;0;0;0
"23/08/2023";"08:07:00";"164";"Acidente s";"223";"BR-116/SP";"Pista Sul";"Colisão traseira";0;0;0;0;0;0;0;0;2;0;2;0;0;0;0
"23/08/2023";"10:22:00";"236";"Acidente c";"228,8";"BR-116/SP";"Pista Sul";"Abalroamento longitudinal";1;1;0;0;0;0;0;0;0;0;1;0;1;0;0
"23/08/2023";"16:55:00";"429";"Acidente c";"113,3";"BR-116/SP";"Pista Norte";"Engavetamento";0;0;0;0;0;0;0;0;3;0;2;2;0;0;0
"23/08/2023";"17:19:00";"442";"Acidente s";"113,3";"BR-116/SP";"Pista Norte";"Colisão traseira";1;0;0;0;0;0;0;0;1;0;3;0;0;0;0
"23/08/2023";"18:40:00";"498";"Acidente s";"220";"BR-116/SP";"Pista Norte";"Abalroamento longitudinal";1;0;0;0;0;0;0;0;1;0;2;0;0;0;0
"23/08/2023";"19:00:00";"507";"Acidente c";"229";"BR-116/SP";"Pista Norte";"Abalroamento longitudinal";1;1;0;0;0;0;0;0;0;0;1;1;0;0;0
"23/08/2023";"19:13:00";"516";"Acidente s";"207";"BR-116/SP";"Pista Sul";"Engavetamento";0;0;0;0;0;0;0;0;3;0;6;0;0;0;0
"23/08/2023";"21:51:00";"575";"Acidente s";"228";"BR-116/SP";"Pista Sul";"Colisão traseira";0;0;0;0;0;0;0;0;2;0;3;0;0;0;0
"23/08/2023";"23:32:00";"599";"Acidente s";"38,4";"BR-116/SP";"Pista Norte";"Choque em barreira New Jersey";1;0;0;0;0;0;0;0;0;0;1;0;0;0;0
"24/08/2023";"00:12:00";"20";"Acidente s";"384,5";"BR-101/RJ";"Pista Norte";"Choque em objeto fixo";0;0;0;0;0;0;0;0;1;0;1;0;0;0;0
"24/08/2023";"00:34:00";"26";"Acidente c";"149,5";"BR-116/SP";"Pista Norte";"Colisão traseira";0;0;0;0;0;0;0;0;1;1;1;1;0;0;0
"24/08/2023";"01:50:00";"40";"Acidente c";"61,4";"BR-116/SP";"Pista Sul";"Choque em defensa";1;0;0;0;0;0;0;0;0;0;0;1;0;0;0
"24/08/2023";"06:27:00";"94";"Acidente s";"323,4";"BR-116/RJ";"Pista Sul";"Abalroamento longitudinal";0;0;0;0;0;0;0;0;2;0;2;0;0;0;0
"24/08/2023";"06:30:00";"96";"Acidente s";"213,9";"BR-116/SP";"Pista Sul";"Abalroamento longitudinal";1;0;0;0;0;0;0;0;1;0;5;0;0;0;0
"24/08/2023";"07:06:00";"122";"Acidente c";"219,1";"BR-116/SP";"Pista Sul";"Abalroamento longitudinal";0;1;0;0;0;0;0;0;1;0;1;1;0;0;0
"24/08/2023";"08:20:00";"194";"Acidente s";"219";"BR-116/RJ";"Pista Norte";"Colisão traseira";1;0;0;0;0;0;0;0;1;0;2;0;0;0;0
"24/08/2023";"09:50:00";"260";"Acidente s";"303";"BR-116/RJ";"Pista Norte";"Abalroamento longitudinal";1;0;0;0;0;0;0;0;1;0;2;0;0;0;0
"24/08/2023";"12:29:00";"365";"Acidente s";"221,7";"BR-116/SP";"Pista Norte";"Engavetamento";0;0;0;0;0;2;0;0;1;0;6;0;0;0;0
"24/08/2023";"14:29:00";"445";"Acidente s";"40,8";"BR-101/SP";"Pista Norte";"Choque Talude";0;0;0;0;0;0;0;0;1;0;1;0;0;0;0
"24/08/2023";"15:37:00";"483";"Acidente s";"110,3";"BR-116/SP";"Pista Norte";"Abalroamento longitudinal";0;0;0;0;0;0;0;0;2;0;2;0;0;0;0
"24/08/2023";"15:56:00";"497";"Acidente c";"508";"BR-101/RJ";"Pista Sul";"Engavetamento";0;2;1;0;0;0;0;0;1;1;2;1;1;0;0
"24/08/2023";"16:27:00";"513";"Acidente c";"225";"BR-116/SP";"Pista Norte";"Colisão traseira";0;1;0;0;0;0;0;0;0;1;2;1;0;0;0
"24/08/2023";"16:35:00";"515";"Acidente s";"229";"BR-116/SP";"Pista Norte";"Colisão traseira";1;0;0;0;0;0;1;0;0;0;2;0;0;0;0
"24/08/2023";"16:42:00";"522";"Acidente s";"192,5";"BR-116/SP";"Pista Sul";"Choque em barreira New Jersey";0;0;0;0;0;0;1;0;0;0;1;0;0;0;0
"24/08/2023";"17:09:00";"540";"Acidente c";"471,7";"BR-101/RJ";"Pista Norte";"Abalroamento longitudinal";0;1;0;0;0;0;0;0;1;0;1;1;0;0;0
"24/08/2023";"18:19:00";"579";"Acidente s";"301,5";"BR-116/RJ";"Pista Norte";"Colisão traseira";1;0;0;0;0;0;0;0;1;0;2;0;0;0;0
"24/08/2023";"18:22:00";"580";"Acidente s";"111,1";"BR-116/SP";"Pista Sul";"Choque em barreira New Jersey";0;0;0;0;0;0;0;0;1;0;1;0;0;0;0
"24/08/2023";"18:44:00";"598";"Atropelame";"310,9";"BR-116/RJ";"Pista Sul";"Atropelamento de pedestre atravessando";0;0;1;0;0;0;0;0;0;1;1;0;1;0;0
"24/08/2023";"18:51:00";"601";"Acidente s";"147,28";"BR-116/SP";"Pista Sul";"Engavetamento";0;0;0;0;0;0;0;0;2;1;4;0;0;0;0
"24/08/2023";"18:51:00";"602";"Acidente s";"320";"BR-116/RJ";"Pista Sul";"Colisão traseira";1;0;0;0;0;0;0;0;1;0;3;0;0;0;0
"24/08/2023";"19:00:00";"608";"Acidente c";"215,5";"BR-116/SP";"Pista Norte";"Abalroamento longitudinal";0;1;0;0;0;0;0;0;1;0;2;1;0;0;0
"24/08/2023";"19:01:00";"611";"Acidente c";"12,3";"BR-116/SP";"Pista Sul";"Queda de ribanceira";1;0;0;0;0;0;0;0;0;0;0;0;1;0;0
"24/08/2023";"21:35:00";"667";"Acidente c";"187,2";"BR-116/SP";"Pista Norte";"Choque em defensa";0;0;0;0;0;0;0;0;1;0;0;1;0;0;0
"24/08/2023";"22:30:00";"689";"Acidente c";"218,2";"BR-116/SP";"Pista Norte";"Queda de moto";0;1;0;0;0;0;0;0;0;0;1;1;0;0;0
"24/08/2023";"23:23:00";"706";"Acidente s";"24,4";"BR-116/SP";"Pista Norte";"Abalroamento longitudinal";0;0;0;0;0;0;0;0;1;1;1;0;0;0;0
"24/08/2023";"23:30:00";"710";"Acidente s";"215,8";"BR-116/RJ";"Pista Norte";"Colisão traseira";2;0;0;0;0;0;0;0;0;0;2;0;0;0;0
"25/08/2023";"04:25:00";"67";"Acidente s";"199";"BR-116/SP";"Pista Sul";"Colisão traseira";1;0;0;0;0;0;0;0;1;0;2;0;0;0;0
"25/08/2023";"06:26:00";"93";"Acidente c";"207";"BR-116/SP";"Pista Sul";"Colisão traseira";0;0;0;0;0;0;0;0;2;0;1;1;0;0;0
"25/08/2023";"06:57:00";"117";"Acidente s";"129";"BR-116/SP";"Pista Norte";"Abalroamento longitudinal";1;0;0;0;0;0;0;0;0;1;2;0;0;0;0
"25/08/2023";"07:59:00";"179";"Acidente s";"259,9";"BR-116/RJ";"Pista Sul";"Abalroamento longitudinal";0;0;0;0;0;0;0;0;1;1;3;0;0;0;0
"25/08/2023";"08:21:00";"202";"Acidente c";"134,45";"BR-116/SP";"Pista Sul";"Colisão traseira";0;0;0;0;0;0;0;0;3;0;2;3;0;0;0
"25/08/2023";"10:45:00";"288";"Acidente s";"582,5";"BR-101/RJ";"Pista Sul";"Abalroamento longitudinal";0;0;0;0;0;0;0;0;1;1;2;0;0;0;0
"25/08/2023";"12:19:00";"338";"Acidente s";"155,55";"BR-116/SP";"Pista Sul";"Engavetamento";3;0;0;0;0;0;0;0;0;0;4;0;0;0;0
"25/08/2023";"13:21:00";"371";"Acidente s";"312";"BR-116/RJ";"Pista Sul";"Abalroamento longitudinal";1;0;0;0;0;0;1;0;0;0;13;0;0;0;0
"25/08/2023";"13:28:00";"375";"Acidente s";"184,5";"BR-116/SP";"Pista Sul";"Choque em objeto fixo";1;0;0;0;0;0;0;0;0;0;1;0;0;0;0
"25/08/2023";"14:41:00";"419";"Acidente s";"229";"BR-116/SP";"Pista Sul";"Engavetamento";0;0;0;0;0;0;0;0;1;2;6;0;0;0;0
"25/08/2023";"16:48:00";"481";"Acidente s";"437,4";"BR-101/RJ";"Pista Sul";"Choque em objeto fixo";0;0;0;0;0;0;0;0;1;0;1;0;0;0;0
"25/08/2023";"17:09:00";"490";"Acidente s";"150,3";"BR-116/SP";"Pista Norte";"Colisão traseira";0;0;0;0;0;0;2;0;0;0;2;0;0;0;0
"25/08/2023";"17:35:00";"505";"Acidente s";"120,7";"BR-116/SP";"Pista Sul";"Choque em objeto na pista";0;0;0;0;0;0;0;0;2;0;7;0;0;0;0
"25/08/2023";"17:45:00";"508";"Acidente c";"400,6";"BR-101/RJ";"Pista Norte";"Choque em barreira New Jersey";0;0;0;1;0;0;0;0;1;0;4;0;1;0;0
"25/08/2023";"18:07:00";"527";"Acidente s";"104,75";"BR-116/SP";"Pista Sul";"Engavetamento";0;0;0;0;0;0;0;0;2;1;6;0;0;0;0
"25/08/2023";"18:25:00";"538";"Acidente c";"418";"BR-101/RJ";"Pista Norte";"Colisão frontal";0;0;0;0;0;0;0;0;3;0;2;0;1;0;0
"25/08/2023";"18:27:00";"539";"Acidente c";"205,1";"BR-116/SP";"Pista Sul";"Colisão traseira";1;0;0;0;0;0;0;0;1;0;1;1;0;0;0
"25/08/2023";"18:30:00";"541";"Acidente c";"486";"BR-101/RJ";"Pista Norte";"Queda de moto";0;1;0;0;0;0;0;0;0;0;0;0;1;0;0
"25/08/2023";"18:30:00";"542";"Acidente s";"73,6";"BR-116/SP";"Pista Norte";"Choque em barreira New Jersey";0;0;0;0;0;0;0;0;1;0;2;0;0;0;0
"25/08/2023";"19:05:00";"560";"Acidente s";"109,2";"BR-116/SP";"Pista Sul";"Colisão traseira";0;0;0;0;0;0;0;0;1;1;2;0;0;0;0
"25/08/2023";"21:05:00";"609";"Acidente s";"187,1";"BR-116/SP";"Pista Norte";"Choque em barreira New Jersey";0;0;0;0;0;0;0;0;1;0;1;0;0;0;0
"25/08/2023";"22:50:00";"644";"Acidente c";"308,4";"BR-116/RJ";"Pista Sul";"Colisão traseira";1;1;0;0;0;0;0;0;0;0;1;0;0;0;1
"25/08/2023";"23:13:00";"650";"Acidente c";"220";"BR-116/SP";"Pista Sul";"Choque em barreira New Jersey";1;0;0;0;0;0;0;0;0;0;0;0;1;0;0
"25/08/2023";"23:31:00";"657";"Acidente s";"214,5";"BR-116/SP";"Pista Sul";"Choque em barreira New Jersey";0;0;0;0;0;0;0;0;1;0;2;0;0;0;0
"26/08/2023";"01:11:00";"34";"Atropelame";"222,5";"BR-116/SP";"Pista Sul";"Atropelamento de pedestre caminhando";0;0;0;1;0;0;0;0;0;0;31;0;1;0;0
"26/08/2023";"01:42:00";"38";"Atropelame";"222,5";"BR-116/SP";"Pista Sul";"Atropelamento de pedestre caminhando";0;0;0;0;0;0;0;0;0;1;1;0;1;0;0
"26/08/2023";"03:01:00";"57";"Acidente s";"490";"BR-101/RJ";"Pista Sul";"Choque em objeto fixo";0;0;0;0;0;1;0;0;0;0;1;0;0;0;0
"26/08/2023";"04:22:00";"70";"Acidente s";"217,9";"BR-116/SP";"Pista Norte";"Tombamento";1;0;0;0;0;0;0;0;0;0;3;0;0;0;0
"26/08/2023";"06:04:00";"84";"Acidente c";"314";"BR-116/RJ";"Pista Norte";"Abalroamento longitudinal";0;0;0;0;0;0;0;0;2;0;1;0;1;0;0
"26/08/2023";"06:46:00";"99";"Acidente c";"71,3";"BR-116/SP";"Pista Norte";"Queda de ribanceira";0;0;0;0;0;0;0;0;1;0;0;1;0;0;0
"26/08/2023";"06:50:00";"102";"Acidente s";"275";"BR-116/RJ";"Pista Sul";"Engavetamento";1;1;0;0;0;0;0;0;1;0;5;0;0;0;0
"26/08/2023";"08:05:00";"138";"Acidente s";"26";"BR-116/SP";"Pista Sul";"Choque em objeto fixo";0;0;0;0;0;0;0;0;1;0;3;0;0;0;0
"26/08/2023";"08:18:00";"146";"Acidente s";"182,3";"BR-116/SP";"Pista Norte";"Colisão traseira";0;0;0;0;0;0;0;0;2;0;2;0;0;0;0
"26/08/2023";"08:24:00";"148";"Acidente s";"269";"BR-116/RJ";"Pista Sul";"Colisão traseira";0;0;0;0;0;0;0;0;2;0;5;0;0;0;0
"26/08/2023";"08:27:00";"149";"Acidente s";"415";"BR-101/RJ";"Pista Sul";"Capotamento";0;0;0;0;0;0;1;0;0;0;1;0;0;0;0
"26/08/2023";"08:50:00";"152";"Acidente s";"26";"BR-116/SP";"Pista Sul";"Capotamento";0;0;0;0;0;0;0;0;1;0;2;0;0;0;0
"26/08/2023";"08:56:00";"157";"Acidente c";"234";"BR-116/RJ";"Pista Norte";"Choque em barreira New Jersey";0;0;0;0;0;0;0;0;1;0;0;2;0;0;0
"26/08/2023";"08:58:00";"158";"Acidente s";"146,4";"BR-116/SP";"Pista Norte";"Colisão traseira";0;0;0;1;0;0;1;0;0;0;11;0;0;0;0
"26/08/2023";"09:16:00";"165";"Acidente s";"515";"BR-101/RJ";"Pista Sul";"Choque em objeto fixo";0;0;0;0;0;0;0;0;1;0;1;0;0;0;0
"26/08/2023";"09:44:00";"175";"Acidente s";"26";"BR-116/SP";"Pista Sul";"Choque em barreira New Jersey";0;0;0;0;0;0;0;0;1;0;0;0;0;0;0
"26/08/2023";"09:46:00";"176";"Acidente s";"235,5";"BR-116/RJ";"Pista Norte";"Choque em barreira New Jersey";0;0;0;0;0;0;0;0;1;0;2;0;0;0;0
"26/08/2023";"10:27:00";"202";"Acidente c";"246,5";"BR-116/RJ";"Pista Sul";"Choque em barreira New Jersey";0;0;0;0;0;0;0;0;1;0;0;1;0;0;0
"26/08/2023";"11:50:00";"235";"Acidente s";"225,9";"BR-116/RJ";"Pista Sul";"Choque em objeto fixo";0;0;0;0;0;0;0;0;1;0;2;0;0;0;0
"26/08/2023";"12:09:00";"241";"Acidente s";"496";"BR-101/RJ";"Pista Sul";"Choque em defensa";0;0;0;0;0;0;0;0;1;0;1;0;0;0;0
"26/08/2023";"14:33:00";"290";"Acidente s";"213";"BR-116/SP";"Pista Sul";"Colisão traseira";0;0;0;0;0;0;0;0;2;0;2;0;0;0;0
"26/08/2023";"15:30:00";"306";"Acidente s";"308";"BR-116/RJ";"Pista Norte";"Atropelamento de animal";0;0;0;0;0;0;0;0;1;0;4;0;0;0;0
"26/08/2023";"15:35:00";"308";"Acidente c";"529";"BR-101/RJ";"Pista Sul";"Capotamento";0;0;0;0;0;0;0;0;1;0;2;1;0;0;0
"26/08/2023";"16:00:00";"320";"Acidente s";"234,2";"BR-116/RJ";"Pista Norte";"Choque em defensa";0;0;0;0;0;0;0;0;1;0;5;0;0;0;0
"26/08/2023";"16:54:00";"337";"Acidente s";"442";"BR-101/RJ";"Pista Sul";"Choque em objeto fixo";0;0;0;0;0;0;0;0;1;0;4;0;0;0;0
"26/08/2023";"19:35:00";"381";"Acidente s";"218,7";"BR-116/SP";"Pista Norte";"Choque em objeto na pista";0;0;0;0;0;0;0;0;1;0;2;0;0;0;0
"26/08/2023";"19:43:00";"384";"Acidente s";"148";"BR-116/SP";"Pista Norte";"Engavetamento";0;0;0;0;0;0;0;0;1;3;4;0;0;0;0
"26/08/2023";"20:07:00";"395";"Atropelame";"112,3";"BR-116/SP";"Pista Sul";"Atropelamento de pedestre caminhando";0;0;0;0;0;0;0;0;1;0;1;1;0;0;0
"26/08/2023";"20:18:00";"398";"Acidente s";"495";"BR-101/RJ";"Pista Norte";"Choque em objeto fixo";0;0;0;0;0;0;0;0;1;0;1;0;0;0;0
"26/08/2023";"23:33:00";"424";"Acidente s";"322,8";"BR-116/RJ";"Pista Norte";"Abalroamento longitudinal";0;0;0;0;0;0;0;0;2;0;2;0;0;0;0
"27/08/2023";"01:46:00";"24";"Acidente s";"322,2";"BR-116/RJ";"Pista Sul";"Choque em objeto fixo";0;0;0;0;0;0;0;0;1;0;1;0;0;0;0
"27/08/2023";"03:48:00";"43";"Acidente c";"76";"BR-116/SP";"Pista Sul";"Queda de moto";0;1;0;0;0;0;0;0;0;0;0;1;1;0;0
"27/08/2023";"03:54:00";"46";"Acidente s";"238";"BR-116/RJ";"Pista Sul";"Choque em defensa";1;0;0;0;0;0;0;0;0;0;1;0;0;0;0
"27/08/2023";"04:22:00";"52";"Acidente s";"182";"BR-116/SP";"Pista Sul";"Atropelamento de animal";1;0;0;0;0;0;0;0;0;0;1;0;0;0;0
"27/08/2023";"04:27:00";"53";"Acidente s";"298";"BR-116/RJ";"Pista Norte";"Choque em objeto fixo";0;0;0;0;0;0;0;0;1;0;1;0;0;0;0
"27/08/2023";"04:30:00";"55";"Acidente s";"186,2";"BR-116/SP";"Pista Sul";"Atropelamento de animal";0;0;0;0;0;0;0;0;1;0;1;0;0;0;0
"27/08/2023";"06:01:00";"64";"Acidente s";"94";"BR-116/SP";"Pista Sul";"Colisão traseira";0;0;0;1;0;0;0;0;1;0;36;0;0;0;0
"27/08/2023";"06:51:00";"77";"Acidente s";"291";"BR-116/RJ";"Pista Norte";"Choque Talude";0;0;0;0;0;0;0;0;1;0;1;0;0;0;0
"27/08/2023";"06:52:00";"78";"Acidente s";"226";"BR-116/RJ";"Pista Sul";"Choque em defensa";0;0;0;0;0;0;0;0;1;0;1;0;0;0;0
"27/08/2023";"08:10:00";"106";"Acidente s";"226,3";"BR-116/RJ";"Pista Sul";"Choque em barreira New Jersey";0;0;0;0;0;0;0;0;1;0;1;0;0;0;0
"27/08/2023";"08:12:00";"108";"Acidente s";"133,9";"BR-116/SP";"Pista Norte";"Choque em barreira New Jersey";0;0;0;0;0;0;0;0;1;0;1;0;0;0;0
"27/08/2023";"08:39:00";"118";"Acidente s";"387";"BR-101/RJ";"Pista Norte";"Colisão traseira";0;0;0;0;0;0;0;0;2;0;2;0;0;0;0
"27/08/2023";"09:23:00";"133";"Acidente s";"50,6";"BR-101/SP";"Pista Sul";"Colisão traseira";0;0;0;0;0;0;0;0;2;0;2;0;0;0;0
"27/08/2023";"10:03:00";"149";"Acidente c";"246,2";"BR-116/RJ";"Pista Sul";"Choque em defensa";0;0;0;0;0;0;0;0;1;0;0;1;1;0;0
"27/08/2023";"10:15:00";"155";"Acidente s";"233,3";"BR-116/RJ";"Pista Sul";"Choque em objeto fixo";0;0;0;0;0;0;0;0;1;0;2;0;0;0;0
"27/08/2023";"10:32:00";"157";"Acidente c";"202";"BR-116/SP";"Pista Sul";"Choque em objeto fixo";0;0;0;0;0;0;0;0;1;0;0;0;1;0;0
"27/08/2023";"10:33:00";"159";"Acidente s";"236";"BR-116/RJ";"Pista Norte";"Choque em barreira New Jersey";0;0;0;0;0;0;0;0;1;0;2;0;0;0;0
"27/08/2023";"12:17:00";"189";"Acidente s";"234";"BR-116/RJ";"Pista Norte";"Choque em barreira New Jersey";0;0;0;0;0;0;0;0;1;0;2;0;0;0;0
"27/08/2023";"13:04:00";"204";"Acidente c";"155,5";"BR-116/SP";"Pista Norte";"Capotamento";0;0;0;0;0;0;0;0;1;0;2;1;0;0;0
"27/08/2023";"15:05:00";"250";"Acidente c";"191,6";"BR-116/SP";"Pista Norte";"Choque em barreira New Jersey";0;0;0;0;0;0;0;0;1;0;0;2;0;0;0
"27/08/2023";"15:07:00";"251";"Acidente s";"51,2";"BR-116/SP";"Pista Norte";"Choque em objeto na pista";1;0;0;0;0;0;0;0;1;0;4;0;0;0;0
"27/08/2023";"15:08:00";"252";"Acidente s";"96,9";"BR-116/SP";"Pista Sul";"Engavetamento";0;0;0;0;0;0;0;0;3;0;7;0;0;0;0
"27/08/2023";"15:19:00";"258";"Acidente c";"416,5";"BR-101/RJ";"Pista Sul";"Queda de moto";0;1;0;0;0;0;0;0;0;0;0;1;0;0;0
"27/08/2023";"15:45:00";"269";"Acidente s";"226,3";"BR-116/RJ";"Pista Sul";"Choque em defensa";0;0;0;0;0;0;0;0;1;0;1;0;0;0;0
"27/08/2023";"16:05:00";"276";"Acidente s";"191,6";"BR-116/SP";"Pista Norte";"Colisão traseira";0;0;0;0;0;0;0;0;2;0;4;0;0;0;0
"27/08/2023";"16:35:00";"288";"Acidente s";"231,5";"BR-116/RJ";"Pista Norte";"Choque em barreira New Jersey";0;0;0;0;0;0;0;0;1;0;2;0;0;0;0
"27/08/2023";"17:12:00";"296";"Acidente s";"227,6";"BR-116/RJ";"Pista Norte";"Choque em defensa";0;0;0;0;0;0;0;0;1;0;1;0;0;0;0
"27/08/2023";"17:37:00";"305";"Acidente s";"282,8";"BR-116/RJ";"Pista Norte";"Choque em objeto fixo";0;0;0;0;0;0;0;0;1;0;1;0;0;0;0
"27/08/2023";"18:11:00";"324";"Acidente s";"160";"BR-116/SP";"Pista Norte";"Colisão traseira";0;0;0;0;0;0;0;0;2;0;8;0;0;0;0
"27/08/2023";"18:26:00";"327";"Acidente c";"162";"BR-116/SP";"Pista Norte";"Colisão traseira";0;1;0;0;0;0;0;0;0;1;1;1;0;0;0
"27/08/2023";"18:31:00";"331";"Acidente c";"413";"BR-101/RJ";"Pista Norte";"Colisão traseira";0;0;0;1;0;0;0;0;1;0;11;0;1;0;0
"27/08/2023";"18:31:00";"329";"Acidente c";"219";"BR-116/SP";"Pista Norte";"Colisão traseira";0;0;0;0;0;0;0;0;2;0;2;2;0;0;0
"27/08/2023";"18:32:00";"332";"Acidente c";"159,4";"BR-116/SP";"Pista Norte";"Engavetamento";0;1;0;0;0;0;0;0;3;0;7;3;0;0;0
"27/08/2023";"18:52:00";"342";"Acidente s";"231,4";"BR-116/RJ";"Pista Sul";"Choque em objeto fixo";0;0;0;0;0;0;0;0;1;0;3;0;0;0;0
"27/08/2023";"18:53:00";"343";"Acidente c";"542";"BR-101/RJ";"Pista Sul";"Queda de ribanceira";0;0;0;0;0;0;0;0;1;0;0;1;0;0;0
"27/08/2023";"19:16:00";"352";"Acidente s";"130";"BR-116/SP";"Pista Norte";"Choque em objeto fixo";0;0;0;0;0;0;0;0;1;0;2;0;0;0;0
"27/08/2023";"20:41:00";"373";"Acidente c";"218,8";"BR-116/SP";"Pista Norte";"Colisão traseira";0;1;0;0;0;0;0;0;0;1;1;1;0;0;0
"27/08/2023";"20:47:00";"377";"Acidente s";"497";"BR-101/RJ";"Pista Norte";"Queda de ribanceira";0;0;0;0;0;0;0;0;1;0;1;0;0;0;0
"27/08/2023";"22:04:00";"397";"Acidente s";"12,5";"BR-116/SP";"Pista Sul";"Atropelamento de animal";0;0;0;0;0;0;0;0;1;0;3;0;0;0;0
"27/08/2023";"22:19:00";"398";"Acidente s";"519";"BR-101/RJ";"Pista Norte";"Choque em objeto fixo";0;0;0;0;0;0;0;0;1;0;1;0;0;0;0
"28/08/2023";"00:16:00";"20";"Acidente s";"384";"BR-101/RJ";"Pista Norte";"Abalroamento longitudinal";1;0;0;0;0;0;0;0;1;0;3;0;0;0;0
"28/08/2023";"03:15:00";"42";"Acidente s";"549";"BR-101/RJ";"Pista Norte";"Choque em objeto fixo";0;0;0;0;0;0;0;0;1;0;1;0;0;0;0
"28/08/2023";"05:25:00";"56";"Acidente c";"462,8";"BR-101/RJ";"Pista Norte";"Choque em objeto fixo";0;1;0;0;0;0;0;0;0;0;0;1;0;0;0
"28/08/2023";"05:39:00";"59";"Acidente s";"437";"BR-101/RJ";"Pista Norte";"Queda de ribanceira";0;0;0;0;0;0;0;0;1;0;1;0;0;0;0
"28/08/2023";"05:43:00";"62";"Acidente s";"58";"BR-116/SP";"Pista Sul";"Outros";0;0;0;0;0;0;0;0;1;1;2;0;0;0;0
"28/08/2023";"06:16:00";"73";"Acidente s";"40,7";"BR-101/SP";"Pista Sul";"Choque em objeto fixo";0;0;0;0;0;0;0;0;1;0;1;0;0;0;0
"28/08/2023";"06:16:00";"72";"Acidente s";"285";"BR-116/RJ";"Pista Sul";"Choque em objeto fixo";0;0;0;0;0;0;0;0;1;0;1;0;0;0;0
"28/08/2023";"06:30:00";"78";"Acidente c";"282";"BR-116/RJ";"Pista Sul";"Choque Talude";0;0;0;0;0;0;0;0;1;0;0;1;0;0;0
"28/08/2023";"07:09:00";"96";"Acidente s";"576";"BR-101/RJ";"Pista Norte";"Choque em objeto fixo";0;0;0;0;0;0;0;0;1;0;2;0;0;0;0
"28/08/2023";"07:10:00";"97";"Acidente c";"45";"BR-116/SP";"Pista Sul";"Queda de moto";1;1;0;0;0;0;0;0;0;0;1;0;1;1;0
"28/08/2023";"07:39:00";"114";"Acidente s";"99";"BR-116/SP";"Pista Norte";"Outros";0;0;0;0;0;0;0;0;1;0;1;0;0;0;0
"28/08/2023";"08:11:00";"126";"Acidente c";"298";"BR-116/RJ";"Pista Norte";"Queda de moto";0;1;0;0;0;0;0;0;0;0;0;0;1;0;0
"28/08/2023";"08:52:00";"145";"Acidente s";"228,05";"BR-116/SP";"Pista Sul";"Atropelamento de animal";0;0;0;0;0;0;0;0;1;0;1;0;0;0;0
"28/08/2023";"09:12:00";"157";"Acidente c";"274,9";"BR-116/RJ";"Pista Sul";"Choque em barreira New Jersey";0;0;0;0;0;0;0;0;1;0;0;1;1;0;0
"28/08/2023";"10:08:00";"192";"Acidente s";"223,4";"BR-116/RJ";"Pista Norte";"Choque em objeto fixo";0;0;0;0;0;0;0;0;1;0;1;0;0;0;0
"28/08/2023";"11:13:00";"223";"Acidente s";"232,9";"BR-116/RJ";"Pista Norte";"Queda de ribanceira";0;0;0;0;0;0;0;0;1;0;1;0;0;0;0