data;horario;n_da_ocorrencia;tipo_de_ocorrencia;km;trecho;sentido;tipo_de_acidente;automovel;bicicleta;caminhao;moto;onibus;outros;tracao_animal;transporte_de_cargas_especiais;trator_maquinas;utilitarios;ilesos;levemente_feridos;moderadamente_feridos;gravemente_feridos;mortos
"28/08/2023";"11:14:00";"224";"Acidente s";"205";"BR-116/SP";"Pista Norte";"Choque em defensa";1;0;0;0;0;0;0;0;0;0;1;0;0;0;0
"28/08/2023";"12:55:00";"266";"Acidente c";"146,7";"BR-116/SP";"Pista Norte";"Colisão traseira";0;1;0;0;0;0;0;0;1;0;1;0;1;0;0
"28/08/2023";"14:08:00";"296";"Acidente s";"38,5";"BR-101/SP";"Pista Norte";"Choque em objeto fixo";0;0;0;0;0;0;0;0;1;0;2;0;0;0;0
"28/08/2023";"17:08:00";"378";"Acidente c";"34,8";"BR-116/SP";"Pista Norte";"Choque em defensa";0;0;0;0;0;0;0;0;1;0;0;1;1;0;0
"28/08/2023";"17:34:00";"394";"Acidente s";"14,4";"BR-116/SP";"Pista Sul";"Queda de ribanceira";0;0;0;0;0;0;0;0;1;0;1;0;0;0;0
"28/08/2023";"19:11:00";"437";"Acidente s";"484";"BR-101/RJ";"Pista Sul";"Colisão traseira";0;0;0;0;0;0;0;0;2;0;3;0;0;0;0
"28/08/2023";"19:24:00";"445";"Acidente s";"85,7";"BR-116/SP";"Pista Sul";"Colisão traseira";0;0;0;0;0;0;0;0;2;0;5;0;0;0;0
"28/08/2023";"19:48:00";"452";"Acidente s";"85,7";"BR-116/SP";"Pista Sul";"Queda de moto";0;1;0;0;0;0;0;0;0;0;1;0;0;0;0
"28/08/2023";"22:11:00";"516";"Acidente s";"27,9";"BR-116/SP";"Pista Sul";"Choque em objeto na pista";0;0;0;0;0;0;0;0;1;0;3;0;0;0;0
"28/08/2023";"23:37:00";"540";"Acidente s";"214";"BR-116/SP";"Pista Sul";"Choque em barreira New Jersey";0;0;0;0;0;0;0;0;1;0;1;0;0;0;0
"29/08/2023";"02:32:00";"39";"Acidente s";"77,4";"BR-116/SP";"Pista Sul";"Capotamento";0;0;0;0;0;0;0;0;1;0;1;0;0;0;0
"29/08/2023";"02:54:00";"42";"Acidente c";"211,2";"BR-116/SP";"Pista Norte";"Colisão traseira";2;0;0;0;0;0;0;0;0;0;1;1;0;0;0
"29/08/2023";"04:45:00";"54";"Acidente s";"211,1";"BR-116/SP";"Pista Norte";"Abalroamento longitudinal";0;0;0;0;0;0;0;0;1;1;2;0;0;0;0
"29/08/2023";"06:21:00";"72";"Acidente s";"231";"BR-116/SP";"Pista Sul";"Colisão traseira";1;0;0;0;0;0;0;0;1;0;2;0;0;0;0
"29/08/2023";"07:57:00";"135";"Acidente s";"159";"BR-116/SP";"Pista Norte";"Engavetamento";0;0;0;0;0;0;0;0;3;0;3;0;0;0;0
"29/08/2023";"13:42:00";"325";"Atropelame";"45,6";"BR-101/SP";"Pista Sul";"Atropelamento de pedestre atravessando";0;1;1;0;0;0;0;0;0;0;0;3;0;0;0
"29/08/2023";"14:23:00";"338";"Acidente s";"299";"BR-116/RJ";"Pista Norte";"Colisão traseira";2;0;0;0;0;0;0;0;0;0;2;0;0;0;0
"29/08/2023";"15:37:00";"378";"Acidente c";"53,4";"BR-116/SP";"Pista Sul";"Abalroamento longitudinal";1;0;0;0;0;0;0;0;1;0;4;0;0;1;0
"29/08/2023";"17:16:00";"438";"Acidente c";"110,5";"BR-116/SP";"Pista Norte";"Abalroamento longitudinal";0;1;0;0;0;0;0;0;1;1;2;0;1;0;0
"29/08/2023";"18:57:00";"495";"Acidente c";"162,1";"BR-116/SP";"Pista Norte";"Queda de moto";0;1;0;0;0;0;0;0;0;0;0;1;0;0;0
"29/08/2023";"23:06:00";"564";"Acidente s";"307,8";"BR-116/RJ";"Pista Sul";"Choque em objeto fixo";1;0;0;0;0;0;0;0;0;0;1;0;0;0;0
"30/08/2023";"00:23:00";"19";"Acidente s";"112,8";"BR-116/SP";"Pista Norte";"Colisão traseira";0;0;0;0;0;0;0;0;2;0;2;0;0;0;0
"30/08/2023";"01:21:00";"25";"Acidente s";"147,9";"BR-116/SP";"Pista Norte";"Capotamento";0;0;0;0;0;0;0;0;1;0;1;0;0;0;0
"30/08/2023";"05:47:00";"65";"Acidente c";"154";"BR-116/SP";"Pista Norte";"Queda de moto";0;1;0;0;0;0;0;0;0;0;0;0;1;0;0
"30/08/2023";"06:50:00";"99";"Acidente c";"279,8";"BR-116/RJ";"Pista Norte";"Abalroamento longitudinal";1;0;0;0;0;0;0;0;1;0;0;3;0;0;0
"30/08/2023";"10:33:00";"268";"Acidente s";"115,9";"BR-116/SP";"Pista Norte";"Engavetamento";0;0;0;0;0;0;1;0;3;0;5;0;0;0;0
"30/08/2023";"11:25:00";"294";"Acidente c";"461";"BR-101/RJ";"Pista Sul";"Choque em objeto fixo";0;0;0;0;0;0;0;0;1;0;0;1;0;0;0
"30/08/2023";"12:28:00";"321";"Acidente c";"227";"BR-116/SP";"Pista Norte";"Queda de moto";0;1;0;0;0;0;0;0;0;0;0;1;0;0;0
"30/08/2023";"13:22:00";"341";"Acidente c";"163";"BR-116/SP";"Pista Norte";"Queda de moto";0;1;0;0;0;0;0;0;0;0;0;1;0;0;0
"30/08/2023";"14:47:00";"379";"Acidente s";"108,2";"BR-116/SP";"Pista Norte";"Colisão traseira";2;0;0;0;0;0;0;0;0;0;2;0;0;0;0
"30/08/2023";"15:06:00";"393";"Acidente c";"142,2";"BR-116/SP";"Pista Norte";"Queda de moto";0;1;0;0;0;0;0;0;0;0;0;2;0;0;0
"30/08/2023";"16:57:00";"454";"Acidente s";"156,3";"BR-116/SP";"Pista Sul";"Engavetamento";0;0;0;0;0;0;0;0;3;0;3;0;0;0;0
"30/08/2023";"19:54:00";"548";"Acidente c";"215,5";"BR-116/SP";"Pista Norte";"Queda de moto";0;1;0;0;0;0;0;0;0;0;0;1;0;0;0
"30/08/2023";"21:55:00";"593";"Acidente c";"209,7";"BR-116/SP";"Pista Sul";"Queda de moto";1;1;0;0;0;0;0;0;0;0;2;1;0;0;0
"30/08/2023";"22:32:00";"602";"Acidente c";"57";"BR-116/SP";"Pista Sul";"Colisão traseira";0;0;0;0;0;0;0;0;2;0;3;1;1;0;0
"30/08/2023";"23:40:00";"621";"Acidente s";"597";"BR-101/RJ";"Pista Sul";"Choque em objeto fixo";0;0;0;0;0;0;0;0;1;0;1;0;0;0;0
"31/08/2023";"01:47:00";"35";"Acidente s";"144,1";"BR-116/SP";"Pista Norte";"Colisão traseira";1;0;0;0;0;0;0;0;1;0;3;0;0;0;0
"31/08/2023";"05:13:00";"74";"Acidente s";"212,1";"BR-116/SP";"Pista Sul";"Choque em barreira New Jersey";0;0;0;0;0;0;0;0;1;0;1;0;0;0;0
"31/08/2023";"05:37:00";"79";"Acidente s";"26";"BR-116/SP";"Pista Sul";"Colisão traseira";2;0;0;0;0;0;0;0;0;0;3;0;0;0;0
"31/08/2023";"07:01:00";"117";"Acidente s";"225";"BR-116/SP";"Pista Sul";"Engavetamento";0;0;0;0;0;0;0;0;1;2;3;0;0;0;0
"31/08/2023";"07:14:00";"136";"Acidente c";"213,5";"BR-116/SP";"Pista Sul";"Colisão traseira";1;1;0;0;0;0;0;0;0;0;1;0;1;0;0
"31/08/2023";"07:22:00";"140";"Acidente c";"223,4";"BR-116/SP";"Pista Sul";"Colisão traseira";0;1;0;0;0;0;0;0;1;0;2;1;0;0;0
"31/08/2023";"07:31:00";"149";"Acidente c";"230,3";"BR-116/SP";"Pista Norte";"Colisão traseira";0;1;0;0;0;0;1;0;0;0;3;1;0;0;0
"31/08/2023";"07:52:00";"164";"Acidente s";"258";"BR-116/RJ";"Pista Norte";"Engavetamento";1;0;0;0;0;0;0;0;2;0;3;0;0;0;0
"31/08/2023";"08:27:00";"187";"Acidente c";"58";"BR-116/SP";"Pista Sul";"Choque em barreira New Jersey";0;0;0;0;0;0;0;0;1;0;0;0;1;0;0
"31/08/2023";"08:30:00";"190";"Acidente c";"227,2";"BR-116/SP";"Pista Sul";"Queda de moto";0;1;0;0;0;0;0;0;0;0;0;0;0;1;0
"31/08/2023";"08:41:00";"196";"Acidente c";"219,3";"BR-116/SP";"Pista Sul";"Queda de moto";0;1;0;0;0;0;0;0;0;0;0;2;0;0;0
"31/08/2023";"09:42:00";"233";"Acidente s";"155";"BR-116/SP";"Pista Sul";"Colisão traseira";0;0;0;0;0;0;0;0;2;0;2;0;0;0;0
"31/08/2023";"14:00:00";"373";"Acidente c";"111,65";"BR-116/SP";"Pista Sul";"Abalroamento longitudinal";1;0;0;0;0;0;0;0;1;0;1;0;1;0;0
"31/08/2023";"16:06:00";"441";"Acidente s";"315,2";"BR-116/RJ";"Pista Sul";"Colisão traseira";1;0;0;0;0;0;0;0;1;0;2;0;0;0;0
"31/08/2023";"16:48:00";"463";"Acidente s";"218,2";"BR-116/SP";"Pista Norte";"Engavetamento";0;0;0;0;0;0;1;0;1;1;3;0;0;0;0
"31/08/2023";"18:32:00";"515";"Acidente s";"200,6";"BR-116/SP";"Pista Norte";"Atropelamento de animal";0;0;0;0;0;0;0;0;1;0;1;0;0;0;0
"31/08/2023";"20:11:00";"568";"Acidente s";"493";"BR-101/RJ";"Pista Norte";"Abalroamento longitudinal";0;0;0;0;0;1;0;0;1;0;3;0;0;0;0
"31/08/2023";"20:51:00";"582";"Acidente s";"286,9";"BR-116/RJ";"Pista Norte";"Abalroamento longitudinal";0;0;0;0;0;0;0;0;2;0;4;0;0;0;0
"01/09/2023";"02:27:00";"38";"Acidente c";"2,5";"BR-116/SP";"Pista Norte";"Queda de ribanceira";2;0;0;0;0;0;0;0;0;0;0;1;1;0;0
"01/09/2023";"02:52:00";"42";"Acidente s";"53";"BR-116/SP";"Pista Norte";"Outros";1;0;0;0;0;0;0;0;0;0;0;0;0;0;0
"01/09/2023";"06:58:00";"114";"Acidente c";"213,3";"BR-116/SP";"Pista Sul";"Colisão traseira";0;1;0;0;0;0;0;0;1;0;1;2;0;0;0
"01/09/2023";"07:26:00";"145";"Acidente c";"143";"BR-116/SP";"Pista Norte";"Engavetamento";1;0;0;0;0;0;0;0;3;0;3;1;0;0;0
"01/09/2023";"07:35:00";"153";"Acidente c";"296";"BR-116/RJ";"Pista Sul";"Choque em defensa";0;0;0;0;0;0;0;0;1;0;0;0;1;0;0
"01/09/2023";"08:44:00";"199";"Acidente c";"225,9";"BR-116/SP";"Pista Sul";"Colisão traseira";0;1;0;0;0;0;0;0;1;0;2;1;0;0;0
"01/09/2023";"08:47:00";"202";"Acidente c";"222,1";"BR-116/SP";"Pista Sul";"Queda de moto";0;1;0;0;0;0;0;0;0;0;0;1;0;0;0
"01/09/2023";"09:38:00";"232";"Acidente s";"275";"BR-116/RJ";"Pista Sul";"Colisão traseira";1;0;0;0;0;0;0;0;1;0;3;0;0;0;0
"01/09/2023";"10:43:00";"275";"Acidente s";"110,6";"BR-116/SP";"Pista Norte";"Colisão traseira";1;0;0;0;0;0;0;0;1;0;6;0;0;0;0
"01/09/2023";"11:40:00";"299";"Acidente s";"473,8";"BR-101/RJ";"Pista Sul";"Colisão traseira";0;0;0;0;0;0;1;0;1;0;2;0;0;0;0
"01/09/2023";"12:52:00";"330";"Acidente c";"60";"BR-116/SP";"Pista Sul";"Choque em barreira New Jersey";0;0;0;0;0;0;0;0;1;0;0;0;1;0;0
"01/09/2023";"14:56:00";"392";"Acidente c";"477";"BR-101/RJ";"Pista Sul";"Engavetamento";0;0;0;0;0;0;0;0;3;0;4;0;1;0;0
"01/09/2023";"16:38:00";"454";"Acidente s";"142,1";"BR-116/SP";"Pista Norte";"Engavetamento";0;0;0;0;0;0;0;0;3;0;7;0;0;0;0
"01/09/2023";"17:37:00";"498";"Acidente c";"323";"BR-116/RJ";"Pista Norte";"Colisão frontal";0;2;0;0;0;0;0;0;1;0;0;3;0;1;0
"01/09/2023";"18:51:00";"535";"Acidente s";"223,3";"BR-116/SP";"Pista Norte";"Abalroamento longitudinal";1;0;0;0;0;0;0;0;1;0;2;0;0;0;0
"01/09/2023";"19:03:00";"539";"Acidente c";"39";"BR-116/SP";"Pista Sul";"Choque em barreira New Jersey";0;0;0;0;0;0;0;0;1;0;0;4;0;0;0
"01/09/2023";"19:58:00";"565";"Atropelame";"45,8";"BR-101/SP";"Pista Sul";"Atropelamento de pedestre atravessando";0;1;0;0;0;0;0;0;0;0;1;0;1;0;0
"01/09/2023";"20:18:00";"571";"Acidente c";"119,2";"BR-116/SP";"Pista Norte";"Capotamento";0;0;0;0;0;1;0;0;0;1;1;0;1;0;0
"01/09/2023";"21:01:00";"589";"Acidente s";"47,9";"BR-101/SP";"Pista Sul";"Colisão traseira";0;0;0;0;0;0;0;0;1;1;2;0;0;0;0
"01/09/2023";"21:16:00";"598";"Acidente c";"244,7";"BR-116/RJ";"Pista Sul";"Capotamento";0;0;0;0;0;0;0;0;1;0;0;2;0;0;0
"01/09/2023";"21:23:00";"601";"Acidente c";"219,1";"BR-116/SP";"Pista Sul";"Colisão frontal";0;1;0;0;0;0;0;0;1;0;2;1;0;0;0
"01/09/2023";"23:03:00";"629";"Acidente s";"145,3";"BR-116/SP";"Pista Norte";"Queda de moto";0;1;0;0;0;0;0;0;0;0;1;0;0;0;0
"02/09/2023";"04:56:00";"63";"Acidente c";"226";"BR-116/SP";"Pista Sul";"Queda de moto";0;1;0;0;0;0;0;0;0;0;0;1;0;0;0
"02/09/2023";"05:39:00";"75";"Acidente c";"146,2";"BR-116/SP";"Pista Sul";"Queda de moto";0;1;0;0;0;0;0;0;0;0;0;0;0;0;1
"02/09/2023";"05:51:00";"78";"Acidente s";"211,5";"BR-116/SP";"Pista Sul";"Abalroamento longitudinal";1;0;0;0;0;0;0;0;1;0;2;0;0;0;0
"02/09/2023";"06:53:00";"104";"Acidente c";"165,2";"BR-116/SP";"Pista Norte";"Queda de moto";0;1;0;0;0;0;0;0;0;0;0;1;0;0;0
"02/09/2023";"07:19:00";"118";"Acidente c";"142,3";"BR-116/SP";"Pista Sul";"Abalroamento longitudinal";0;1;0;0;0;0;0;0;1;0;2;0;2;0;0
"02/09/2023";"08:16:00";"151";"Acidente s";"119,8";"BR-116/SP";"Pista Sul";"Colisão traseira";0;0;0;0;0;0;0;0;2;0;2;0;0;0;0
"02/09/2023";"09:06:00";"178";"Acidente c";"48";"BR-101/SP";"Pista Sul";"Abalroamento transversal";0;1;0;0;0;0;0;0;1;0;2;1;0;0;0
"02/09/2023";"09:09:00";"182";"Acidente s";"145,8";"BR-116/SP";"Pista Sul";"Abalroamento longitudinal";1;0;0;0;0;0;0;0;1;0;5;0;0;0;0
"02/09/2023";"09:13:00";"187";"Acidente c";"283";"BR-116/RJ";"Pista Sul";"Abalroamento longitudinal";0;1;0;0;0;0;0;0;1;0;1;0;1;0;0
"02/09/2023";"09:13:00";"186";"Acidente c";"218,8";"BR-116/SP";"Pista Norte";"Queda de moto";0;1;0;0;0;0;0;0;0;0;0;1;0;0;0
"02/09/2023";"11:43:00";"268";"Acidente c";"216,96";"BR-116/SP";"Pista Norte";"Capotamento";0;0;0;0;0;0;0;0;1;0;0;2;0;0;0
"02/09/2023";"13:16:00";"318";"Acidente c";"224,45";"BR-116/SP";"Pista Sul";"Colisão traseira";0;1;0;0;0;0;0;0;1;0;2;1;0;0;0
"02/09/2023";"13:22:00";"323";"Acidente s";"230,3";"BR-116/SP";"Pista Sul";"Colisão traseira";0;0;0;0;0;0;0;0;2;0;2;0;0;0;0
"02/09/2023";"13:54:00";"344";"Acidente s";"156,1";"BR-116/SP";"Pista Norte";"Engavetamento";0;0;0;0;0;0;0;0;4;0;7;0;0;0;0
"02/09/2023";"14:02:00";"351";"Acidente s";"421";"BR-101/RJ";"Pista Norte";"Colisão traseira";1;0;0;0;0;0;0;0;1;0;2;0;0;0;0
"02/09/2023";"16:13:00";"467";"Acidente s";"119,5";"BR-116/SP";"Pista Norte";"Colisão traseira";0;0;0;0;0;0;0;0;2;0;5;0;0;0;0
"02/09/2023";"16:42:00";"487";"Acidente s";"119,5";"BR-116/SP";"Pista Norte";"Colisão traseira";0;0;0;0;0;0;0;0;2;0;4;0;0;0;0
"02/09/2023";"17:03:00";"496";"Acidente c";"203,7";"BR-116/SP";"Pista Sul";"Queda de moto";0;1;0;0;0;0;0;0;0;0;0;1;0;0;0
"02/09/2023";"17:55:00";"522";"Acidente c";"493";"BR-101/RJ";"Pista Norte";"Abalroamento longitudinal";0;0;0;0;0;0;0;0;2;0;0;5;0;0;0
"02/09/2023";"18:31:00";"538";"Acidente s";"145,8";"BR-116/SP";"Pista Sul";"Engavetamento";0;1;0;0;0;0;1;0;7;0;24;0;0;0;0
"02/09/2023";"18:34:00";"539";"Acidente s";"28,1";"BR-116/SP";"Pista Sul";"Abalroamento longitudinal";0;0;0;0;0;0;0;0;2;0;3;0;0;0;0
"02/09/2023";"19:05:00";"548";"Acidente c";"311";"BR-116/RJ";"Pista Sul";"Choque em barreira New Jersey";1;0;0;0;0;0;0;0;0;0;0;1;0;0;0
"02/09/2023";"20:04:00";"567";"Acidente s";"225";"BR-116/SP";"Pista Sul";"Colisão traseira";0;0;0;0;0;0;0;0;1;1;2;0;0;0;0
"02/09/2023";"20:33:00";"575";"Acidente c";"424,05";"BR-101/RJ";"Pista Norte";"Colisão frontal";0;0;0;0;0;0;0;0;3;0;0;5;0;0;0
"02/09/2023";"22:29:00";"595";"Acidente c";"275,5";"BR-116/RJ";"Pista Norte";"Choque em objeto na pista";0;0;0;0;0;0;0;0;1;0;0;0;1;0;0
"03/09/2023";"00:45:00";"26";"Acidente c";"147,44";"BR-116/SP";"Pista Sul";"Capotamento";0;0;0;0;0;0;0;0;2;0;1;0;2;0;0
"03/09/2023";"02:10:00";"42";"Acidente c";"150,25";"BR-116/SP";"Pista Norte";"Queda de moto";0;1;0;0;0;0;0;0;0;0;0;0;1;0;0
"03/09/2023";"02:29:00";"44";"Acidente c";"305";"BR-116/RJ";"Pista Sul";"Abalroamento longitudinal";0;0;0;1;0;0;0;0;1;0;20;0;1;0;0
"03/09/2023";"04:22:00";"58";"Acidente s";"217";"BR-116/SP";"Pista Norte";"Choque em objeto fixo";0;0;0;0;0;0;0;0;1;0;1;0;0;0;0
"03/09/2023";"05:27:00";"69";"Acidente c";"484";"BR-101/RJ";"Pista Norte";"Colisão frontal";0;0;0;0;0;0;0;0;2;0;1;0;2;0;0
"03/09/2023";"07:22:00";"133";"Acidente s";"298";"BR-116/RJ";"Pista Sul";"Choque em objeto fixo";0;0;0;0;0;0;0;0;1;0;1;0;0;0;0
"03/09/2023";"13:05:00";"291";"Acidente c";"293,3";"BR-116/RJ";"Pista Sul";"Queda de ribanceira";0;0;0;0;0;0;0;0;1;0;0;0;1;0;0
"03/09/2023";"14:48:00";"342";"Acidente c";"233,6";"BR-116/RJ";"Pista Norte";"Engavetamento";0;0;0;0;0;0;0;0;3;1;1;0;1;0;0
"03/09/2023";"18:44:00";"486";"Acidente s";"440";"BR-101/RJ";"Pista Norte";"Colisão traseira";0;0;0;0;0;0;0;0;2;0;5;0;0;0;0
"03/09/2023";"21:38:00";"550";"Acidente s";"282";"BR-116/RJ";"Pista Norte";"Choque em objeto fixo";0;0;0;0;0;0;0;0;1;0;1;0;0;0;0
"03/09/2023";"22:15:00";"563";"Acidente s";"4,25";"BR-116/SP";"Pista Norte";"Choque em objeto fixo";1;0;0;0;0;0;0;0;0;0;1;0;0;0;0
"03/09/2023";"22:24:00";"567";"Acidente c";"273,25";"BR-116/RJ";"Pista Sul";"Choque em barreira New Jersey";0;0;0;0;0;0;0;0;2;0;2;1;0;0;0
"04/09/2023";"06:07:00";"86";"Acidente c";"187,3";"BR-116/SP";"Pista Norte";"Queda de moto";0;1;0;0;0;0;0;0;0;0;0;1;0;0;0
"04/09/2023";"06:19:00";"91";"Acidente s";"212,3";"BR-116/SP";"Pista Sul";"Colisão traseira";0;1;0;0;0;0;0;0;1;0;2;0;0;0;0
"04/09/2023";"07:48:00";"159";"Acidente s";"214,8";"BR-116/SP";"Pista Sul";"Colisão traseira";0;0;0;0;0;0;0;0;2;0;3;0;0;0;0
"04/09/2023";"08:03:00";"168";"Acidente c";"144,9";"BR-116/SP";"Pista Sul";"Abalroamento longitudinal";0;1;0;0;0;0;0;0;1;0;1;0;1;0;0
"04/09/2023";"08:25:00";"189";"Acidente s";"216,8";"BR-116/SP";"Pista Sul";"Colisão traseira";0;0;0;2;0;0;0;0;0;0;2;0;0;0;0
"04/09/2023";"09:11:00";"228";"Acidente s";"51,5";"BR-116/SP";"Pista Sul";"Colisão traseira";1;0;0;0;0;0;0;0;1;0;4;0;0;0;0
"04/09/2023";"10:43:00";"306";"Acidente s";"213";"BR-116/SP";"Pista Sul";"Colisão traseira";1;0;0;0;0;1;0;0;0;0;2;0;0;0;0
"04/09/2023";"10:45:00";"309";"Acidente s";"118";"BR-116/SP";"Pista Sul";"Colisão traseira";0;0;0;0;0;0;0;0;1;1;2;0;0;0;0
"04/09/2023";"11:08:00";"321";"Acidente s";"216,8";"BR-116/SP";"Pista Sul";"Abalroamento longitudinal";1;0;0;0;0;0;0;0;1;0;4;0;0;0;0
"04/09/2023";"12:03:00";"352";"Acidente s";"213";"BR-116/SP";"Pista Sul";"Choque em barreira New Jersey";1;0;0;0;0;0;0;0;0;0;1;0;0;0;0
"04/09/2023";"12:04:00";"353";"Acidente c";"305";"BR-116/RJ";"Pista Norte";"Tombamento";1;0;0;0;0;0;0;0;0;0;0;0;1;0;0
"04/09/2023";"12:13:00";"358";"Acidente s";"151,55";"BR-116/SP";"Pista Norte";"Abalroamento longitudinal";1;0;0;0;0;0;0;0;1;0;7;0;0;0;0
"04/09/2023";"12:15:00";"359";"Acidente s";"17,3";"BR-116/SP";"Pista Norte";"Tombamento";1;0;0;0;0;0;0;0;0;0;2;0;0;0;0
"04/09/2023";"13:34:00";"405";"Acidente c";"482";"BR-101/RJ";"Pista Sul";"Abalroamento longitudinal";0;1;0;0;0;0;0;0;1;0;1;1;0;0;0
"04/09/2023";"15:46:00";"497";"Acidente s";"155";"BR-116/SP";"Pista Sul";"Colisão traseira";0;0;0;0;0;0;0;0;2;0;2;0;0;0;0
"04/09/2023";"16:29:00";"525";"Acidente s";"145,5";"BR-116/SP";"Pista Norte";"Colisão traseira";1;0;0;0;0;0;0;0;1;0;3;0;0;0;0
"04/09/2023";"16:54:00";"540";"Acidente s";"145,3";"BR-116/SP";"Pista Norte";"Colisão traseira";1;0;0;0;0;0;0;0;1;0;2;0;0;0;0
"04/09/2023";"17:04:00";"546";"Acidente s";"105,8";"BR-116/SP";"Pista Sul";"Abalroamento longitudinal";1;0;0;0;0;0;0;0;1;0;3;0;0;0;0
"04/09/2023";"17:16:00";"556";"Acidente s";"279";"BR-116/RJ";"Pista Sul";"Colisão traseira";2;0;0;0;0;0;0;0;0;0;0;0;0;0;0
"04/09/2023";"18:28:00";"598";"Acidente s";"210,05";"BR-116/SP";"Pista Norte";"Engavetamento";0;0;0;0;0;0;0;0;4;0;7;0;0;0;0
"04/09/2023";"18:42:00";"606";"Acidente c";"532";"BR-101/RJ";"Pista Sul";"Abalroamento longitudinal";1;0;0;0;0;0;0;0;1;0;0;2;0;0;0
"04/09/2023";"19:34:00";"637";"Acidente s";"224,7";"BR-116/SP";"Pista Sul";"Colisão traseira";0;0;0;0;0;0;0;0;2;0;2;0;0;0;0
"04/09/2023";"19:58:00";"648";"Acidente s";"547";"BR-101/RJ";"Pista Sul";"Atropelamento de animal";0;0;0;0;0;0;0;0;1;0;0;0;0;0;0
"04/09/2023";"20:44:00";"663";"Acidente c";"214,4";"BR-116/SP";"Pista Norte";"Abalroamento longitudinal";0;1;0;0;0;0;0;0;1;0;1;1;0;0;0
"04/09/2023";"21:48:00";"688";"Acidente s";"230,5";"BR-116/SP";"Pista Sul";"Choque em objeto na pista";1;0;0;0;0;0;0;0;1;0;3;0;0;0;0
"04/09/2023";"22:15:00";"696";"Acidente s";"186";"BR-116/SP";"Pista Norte";"Atropelamento de animal";0;0;0;0;0;0;0;0;1;0;1;0;0;0;0
"04/09/2023";"23:13:00";"709";"Acidente c";"121";"BR-116/SP";"Pista Norte";"Queda de moto";0;1;0;0;0;0;0;0;0;0;0;0;1;0;0
"04/09/2023";"23:36:00";"713";"Acidente c";"121,7";"BR-116/SP";"Pista Norte";"Colisão traseira";2;0;0;0;0;0;0;0;0;0;1;1;0;0;0
"05/09/2023";"04:47:00";"57";"Acidente s";"216,8";"BR-116/SP";"Pista Norte";"Abalroamento longitudinal";2;0;0;0;0;0;0;0;0;0;4;0;0;0;0
"05/09/2023";"05:39:00";"68";"Acidente c";"144";"BR-116/SP";"Pista Norte";"Choque em barreira New Jersey";0;0;0;0;0;0;0;0;1;0;0;1;0;0;0
"05/09/2023";"06:02:00";"76";"Acidente c";"208,1";"BR-116/SP";"Pista Sul";"Colisão traseira";0;1;0;0;0;0;0;0;1;0;4;1;0;0;0
"05/09/2023";"06:16:00";"83";"Acidente c";"166,8";"BR-116/SP";"Pista Sul";"Colisão traseira";0;0;1;0;0;0;0;0;0;1;1;0;1;0;0
"05/09/2023";"08:07:00";"154";"Acidente s";"161,9";"BR-116/SP";"Pista Norte";"Queda de moto";0;1;0;0;0;0;0;0;0;0;1;0;0;0;0
"05/09/2023";"08:29:00";"167";"Acidente s";"224";"BR-116/SP";"Pista Sul";"Colisão traseira";0;1;0;0;0;0;0;0;1;0;3;0;0;0;0
"05/09/2023";"10:22:00";"252";"Acidente c";"480";"BR-101/RJ";"Pista Norte";"Abalroamento longitudinal";0;1;0;0;0;0;0;0;1;0;2;1;1;0;0
"05/09/2023";"15:11:00";"404";"Acidente s";"515";"BR-101/RJ";"Pista Sul";"Choque em objeto fixo";0;0;0;0;0;0;0;0;1;0;3;0;0;0;0
"05/09/2023";"15:35:00";"418";"Acidente s";"463";"BR-101/RJ";"Pista Sul";"Choque em objeto fixo";0;0;0;0;0;0;0;0;1;0;1;0;0;0;0
"05/09/2023";"15:42:00";"425";"Acidente c";"219";"BR-116/SP";"Pista Norte";"Colisão traseira";0;1;0;0;0;0;0;0;0;1;1;0;0;1;0
"05/09/2023";"15:48:00";"429";"Acidente s";"151";"BR-116/SP";"Pista Norte";"Colisão traseira";1;0;0;0;0;0;0;0;1;0;2;0;0;0;0
"05/09/2023";"16:36:00";"452";"Acidente s";"389";"BR-101/RJ";"Pista Norte";"Choque em objeto na pista";0;0;0;0;0;0;0;0;1;0;1;0;0;0;0
"05/09/2023";"16:42:00";"456";"Acidente c";"221,4";"BR-116/SP";"Pista Sul";"Engavetamento";0;1;0;0;0;0;1;0;1;0;2;1;0;0;0
"05/09/2023";"18:05:00";"517";"Acidente s";"244,2";"BR-116/RJ";"Pista Norte";"Choque em barreira New Jersey";1;0;0;0;0;0;0;0;0;0;1;0;0;0;0
"05/09/2023";"18:28:00";"530";"Acidente c";"220,3";"BR-116/SP";"Pista Norte";"Engavetamento";0;2;0;0;0;0;0;0;1;0;3;0;1;0;0
"05/09/2023";"19:26:00";"559";"Acidente s";"53";"BR-116/SP";"Pista Norte";"Colisão traseira";0;0;0;0;0;0;0;0;2;0;2;0;0;0;0
"05/09/2023";"19:32:00";"561";"Acidente c";"528,5";"BR-101/RJ";"Pista Norte";"Capotamento";0;0;0;0;0;0;0;0;1;0;0;1;0;0;0
"05/09/2023";"20:41:00";"591";"Acidente s";"434";"BR-101/RJ";"Pista Norte";"Queda de ribanceira";1;0;0;0;0;0;0;0;0;0;1;0;0;0;0
"05/09/2023";"21:14:00";"607";"Acidente c";"228";"BR-116/SP";"Pista Norte";"Queda de moto";0;1;0;0;0;0;0;0;0;0;0;1;0;0;0
"05/09/2023";"21:18:00";"610";"Atropelame";"324,7";"BR-116/RJ";"Pista Sul";"Atropelamento de pedestre atravessando";1;0;0;0;0;0;0;0;1;0;1;0;1;0;0
"05/09/2023";"21:40:00";"617";"Acidente s";"78,8";"BR-116/SP";"Pista Sul";"Abalroamento longitudinal";2;0;0;0;0;0;0;0;0;0;2;0;0;0;0