data;horario;n_da_ocorrencia;tipo_de_ocorrencia;km;trecho;sentido;tipo_de_acidente;automovel;bicicleta;caminhao;moto;onibus;outros;tracao_animal;transporte_de_cargas_especiais;trator_maquinas;utilitarios;ilesos;levemente_feridos;moderadamente_feridos;gravemente_feridos;mortos
"06/09/2023";"05:40:00";"77";"Acidente s";"444,5";"BR-101/RJ";"Pista Sul";"Choque em objeto fixo";0;0;0;0;0;0;0;0;1;0;5;0;0;0;0
"06/09/2023";"06:46:00";"105";"Acidente s";"226";"BR-116/RJ";"Pista Sul";"Colisão traseira";0;0;0;0;0;0;0;0;1;0;1;0;0;0;0
"06/09/2023";"07:11:00";"117";"Acidente s";"252,7";"BR-116/RJ";"Pista Norte";"Colisão traseira";0;0;0;0;0;0;0;0;2;0;2;0;0;0;0
"06/09/2023";"09:24:00";"213";"Acidente s";"219";"BR-116/SP";"Pista Sul";"Abalroamento longitudinal";0;1;0;0;0;0;0;0;1;0;2;0;0;0;0
"06/09/2023";"11:15:00";"269";"Acidente c";"233,8";"BR-116/RJ";"Pista Norte";"Engavetamento";2;0;0;0;0;0;0;0;1;0;2;0;1;0;0
"06/09/2023";"11:29:00";"274";"Acidente s";"235";"BR-116/RJ";"Pista Norte";"Engavetamento";3;0;0;0;0;0;0;0;2;0;5;0;0;0;0
"06/09/2023";"11:45:00";"284";"Acidente s";"153,6";"BR-116/SP";"Pista Sul";"Colisão traseira";0;0;0;0;0;0;0;0;2;0;5;0;0;0;0
"06/09/2023";"13:04:00";"333";"Acidente s";"219";"BR-116/SP";"Pista Sul";"Colisão traseira";0;0;0;0;0;0;0;0;1;1;2;0;0;0;0
"06/09/2023";"13:14:00";"341";"Acidente c";"223";"BR-116/SP";"Pista Sul";"Colisão traseira";0;1;0;0;0;0;1;0;0;0;1;1;0;0;0
"06/09/2023";"13:43:00";"355";"Acidente s";"417,8";"BR-101/RJ";"Pista Norte";"Choque em defensa";0;0;0;0;0;0;1;0;0;0;1;0;0;0;0
"06/09/2023";"14:58:00";"395";"Acidente s";"232,8";"BR-116/RJ";"Pista Norte";"Choque em barreira New Jersey";0;0;0;0;0;0;0;0;1;0;1;0;0;0;0
"06/09/2023";"15:01:00";"396";"Acidente s";"583,8";"BR-101/RJ";"Pista Sul";"Choque em barreira New Jersey";1;0;0;0;0;0;0;0;0;0;0;0;0;0;0
"06/09/2023";"15:04:00";"398";"Acidente c";"218";"BR-116/RJ";"Pista Norte";"Abalroamento longitudinal";0;1;0;0;0;0;0;0;0;1;1;0;1;0;0
"06/09/2023";"15:13:00";"401";"Acidente s";"423";"BR-101/RJ";"Pista Sul";"Abalroamento longitudinal";0;0;0;0;0;0;0;0;2;0;3;0;0;0;0
"06/09/2023";"16:32:00";"443";"Acidente c";"325,1";"BR-116/RJ";"Pista Sul";"Abalroamento longitudinal";0;1;0;0;0;0;0;0;0;1;1;1;0;0;0
"06/09/2023";"17:38:00";"486";"Acidente c";"226,4";"BR-116/RJ";"Pista Sul";"Choque em defensa";0;0;0;0;0;0;0;0;1;0;2;1;0;0;0
"06/09/2023";"17:42:00";"489";"Acidente c";"138,8";"BR-116/SP";"Pista Sul";"Engavetamento";0;1;0;0;0;0;0;0;2;0;4;1;0;0;0
"06/09/2023";"18:08:00";"507";"Acidente s";"42,6";"BR-116/SP";"Pista Norte";"Engavetamento";0;0;0;0;0;0;0;0;3;0;6;0;0;0;0
"06/09/2023";"18:22:00";"513";"Acidente c";"230,8";"BR-116/SP";"Pista Norte";"Engavetamento";1;1;0;0;0;0;1;0;0;0;3;2;0;0;0
"06/09/2023";"18:31:00";"518";"Acidente c";"230,9";"BR-116/RJ";"Pista Norte";"Capotamento";0;0;0;0;0;0;0;0;1;0;2;1;0;0;0
"06/09/2023";"18:35:00";"522";"Atropelame";"308,8";"BR-116/RJ";"Pista Norte";"Atropelamento de pedestre atravessando";0;0;1;0;0;0;0;0;0;1;1;1;0;0;0
"06/09/2023";"19:20:00";"553";"Acidente c";"84,4";"BR-116/SP";"Pista Sul";"Queda de moto";0;1;0;0;0;0;0;0;0;0;1;1;0;0;0
"06/09/2023";"19:27:00";"555";"Acidente c";"395";"BR-101/RJ";"Pista Norte";"Queda de moto";0;1;0;0;0;0;0;0;0;0;0;1;0;0;0
"06/09/2023";"19:30:00";"558";"Acidente s";"521";"BR-101/RJ";"Pista Norte";"Choque em objeto fixo";0;0;0;0;0;0;0;0;1;0;3;0;0;0;0
"06/09/2023";"19:57:00";"571";"Acidente c";"219";"BR-116/SP";"Pista Sul";"Colisão traseira";0;1;0;0;0;0;0;0;1;0;1;1;0;0;0
"06/09/2023";"20:28:00";"583";"Acidente c";"208,2";"BR-116/SP";"Pista Sul";"Capotamento";0;0;0;0;0;0;0;0;1;0;0;1;0;0;0
"06/09/2023";"23:06:00";"627";"Acidente s";"22,25";"BR-116/SP";"Pista Norte";"Abalroamento longitudinal";0;0;0;1;0;0;0;0;1;0;45;0;0;0;0
"07/09/2023";"00:52:00";"32";"Acidente c";"17,6";"BR-116/SP";"Pista Sul";"Atropelamento de animal";0;0;0;0;0;0;0;0;1;0;0;2;1;0;0
"07/09/2023";"00:55:00";"33";"Acidente s";"289,7";"BR-116/RJ";"Pista Norte";"Tombamento";1;0;0;0;0;0;0;0;0;0;1;0;0;0;0
"07/09/2023";"01:22:00";"38";"Acidente s";"596";"BR-101/RJ";"Pista Norte";"Choque em objeto fixo";0;0;0;0;0;0;0;0;1;0;1;0;0;0;0
"07/09/2023";"02:04:00";"45";"Acidente s";"125";"BR-116/SP";"Pista Norte";"Abalroamento longitudinal";0;0;0;0;0;0;0;0;1;0;1;0;0;0;0
"07/09/2023";"03:56:00";"72";"Acidente s";"246,9";"BR-116/RJ";"Pista Norte";"Capotamento";0;0;0;0;0;0;0;0;1;0;1;0;0;0;0
"07/09/2023";"04:29:00";"78";"Acidente s";"246,75";"BR-116/RJ";"Pista Norte";"Colisão traseira";1;0;0;0;0;0;0;0;1;0;2;0;0;0;0
"07/09/2023";"06:44:00";"117";"Acidente s";"165,2";"BR-116/SP";"Pista Norte";"Engavetamento";0;0;0;0;0;0;0;0;3;0;11;0;0;0;0
"07/09/2023";"06:51:00";"123";"Acidente c";"476";"BR-101/RJ";"Pista Norte";"Colisão frontal";0;1;0;0;0;0;0;0;1;0;1;1;0;0;0
"07/09/2023";"06:56:00";"128";"Acidente s";"203,5";"BR-116/SP";"Pista Norte";"Engavetamento";0;0;0;0;0;0;0;0;2;1;5;0;0;0;0
"07/09/2023";"07:57:00";"171";"Acidente s";"170";"BR-116/SP";"Pista Norte";"Choque em objeto fixo";0;0;0;0;0;0;0;0;1;0;3;0;0;0;0
"07/09/2023";"08:03:00";"173";"Acidente c";"45";"BR-101/SP";"Pista Norte";"Colisão frontal";0;0;0;0;0;0;0;0;2;0;0;0;1;3;1
"07/09/2023";"08:31:00";"190";"Acidente s";"176";"BR-116/SP";"Pista Norte";"Colisão traseira";0;0;0;0;0;0;0;0;1;1;2;0;0;0;0
"07/09/2023";"08:36:00";"192";"Acidente s";"162";"BR-116/SP";"Pista Norte";"Colisão traseira";0;0;0;0;0;0;0;0;2;0;7;0;0;0;0
"07/09/2023";"09:07:00";"215";"Acidente c";"261,7";"BR-116/RJ";"Pista Norte";"Engavetamento";0;1;0;0;0;0;0;0;5;0;15;1;0;0;0
"07/09/2023";"09:28:00";"230";"Acidente s";"165,9";"BR-116/SP";"Pista Norte";"Abalroamento longitudinal";1;0;0;0;0;0;0;0;1;0;4;0;0;0;0
"07/09/2023";"10:21:00";"266";"Acidente c";"442";"BR-101/RJ";"Pista Sul";"Abalroamento longitudinal";0;0;0;0;0;0;0;0;2;0;5;1;0;0;0
"07/09/2023";"10:56:00";"291";"Acidente s";"157,8";"BR-116/SP";"Pista Sul";"Capotamento";0;0;0;0;0;0;0;0;1;0;2;0;0;0;0
"07/09/2023";"11:11:00";"300";"Acidente s";"529";"BR-101/RJ";"Pista Norte";"Abalroamento longitudinal";0;0;0;0;0;0;0;0;1;1;2;0;0;0;0
"07/09/2023";"11:33:00";"312";"Acidente c";"114";"BR-116/SP";"Pista Norte";"Abalroamento longitudinal";0;1;0;1;0;0;0;0;1;0;51;0;0;1;0
"07/09/2023";"11:49:00";"326";"Acidente s";"281,85";"BR-116/RJ";"Pista Sul";"Engavetamento";0;0;0;0;0;0;0;0;2;1;3;0;0;0;0
"07/09/2023";"12:05:00";"337";"Acidente c";"433";"BR-101/RJ";"Pista Sul";"Abalroamento transversal";0;1;0;0;0;0;0;0;1;0;2;1;0;0;0
"07/09/2023";"12:12:00";"341";"Acidente s";"487";"BR-101/RJ";"Pista Sul";"Colisão traseira";0;0;0;0;0;0;0;0;1;1;2;0;0;0;0
"07/09/2023";"12:37:00";"357";"Acidente s";"117";"BR-116/SP";"Pista Norte";"Abalroamento longitudinal";1;0;0;0;0;0;0;0;1;0;3;0;0;0;0
"07/09/2023";"13:08:00";"372";"Acidente s";"383";"BR-101/RJ";"Pista Sul";"Colisão traseira";0;0;0;0;0;0;0;0;2;1;3;0;0;0;0
"07/09/2023";"13:49:00";"391";"Acidente s";"213,2";"BR-116/SP";"Pista Norte";"Colisão traseira";0;0;0;0;0;0;0;0;2;0;6;0;0;0;0
"07/09/2023";"15:01:00";"429";"Acidente s";"123,5";"BR-116/SP";"Pista Sul";"Colisão traseira";0;0;0;0;0;0;0;0;2;0;6;0;0;0;0
"07/09/2023";"15:45:00";"453";"Acidente c";"50";"BR-101/SP";"Pista Norte";"Abalroamento longitudinal";0;1;0;0;0;0;0;0;1;0;0;1;0;0;0
"07/09/2023";"15:53:00";"458";"Acidente c";"139,7";"BR-116/SP";"Pista Sul";"Choque em barreira New Jersey";0;1;0;0;0;0;0;0;0;0;0;0;1;0;0
"07/09/2023";"16:28:00";"477";"Acidente s";"279";"BR-116/RJ";"Pista Sul";"Tombamento";1;0;0;0;0;0;0;0;0;0;0;0;0;0;0
"07/09/2023";"16:32:00";"480";"Acidente c";"205,6";"BR-116/SP";"Pista Sul";"Queda de moto";0;1;0;0;0;0;0;0;0;0;0;2;0;0;0
"07/09/2023";"23:03:00";"602";"Acidente c";"301";"BR-116/RJ";"Pista Sul";"Queda de ribanceira";0;0;0;0;0;0;0;0;1;0;0;0;0;1;0
"08/09/2023";"00:31:00";"26";"Acidente s";"418";"BR-101/RJ";"Pista Norte";"Atropelamento de animal";0;0;0;0;0;0;0;0;1;0;0;0;0;0;0
"08/09/2023";"01:36:00";"39";"Acidente c";"490";"BR-101/RJ";"Pista Sul";"Colisão traseira";1;1;0;0;0;0;0;0;0;0;1;1;0;0;0
"08/09/2023";"03:33:00";"57";"Acidente s";"6";"BR-116/SP";"Pista Sul";"Choque em barreira New Jersey";1;0;0;0;0;0;0;0;0;0;1;0;0;0;0
"08/09/2023";"06:23:00";"86";"Acidente c";"299,1";"BR-116/RJ";"Pista Norte";"Colisão traseira";0;1;0;0;0;0;0;0;1;0;2;0;1;0;0
"08/09/2023";"06:47:00";"113";"Acidente s";"149,75";"BR-116/SP";"Pista Sul";"Capotamento";0;0;0;0;0;0;0;0;1;0;1;0;0;0;0
"08/09/2023";"07:15:00";"129";"Acidente s";"396,2";"BR-101/RJ";"Pista Sul";"Queda de Carga";0;0;0;0;0;0;0;0;1;0;1;0;0;0;0
"08/09/2023";"10:03:00";"228";"Acidente c";"42,9";"BR-116/SP";"Pista Norte";"Abalroamento longitudinal";1;0;0;0;0;0;0;0;1;0;1;0;1;0;0
"08/09/2023";"10:49:00";"257";"Acidente c";"422";"BR-101/RJ";"Pista Sul";"Queda de moto";0;1;0;0;0;0;0;0;0;0;0;1;0;0;0
"08/09/2023";"11:37:00";"276";"Acidente c";"215,1";"BR-116/SP";"Pista Norte";"Colisão traseira";1;0;0;0;0;0;0;0;2;0;3;1;1;0;0
"08/09/2023";"11:50:00";"283";"Acidente s";"60,8";"BR-116/SP";"Pista Sul";"Tombamento";1;0;0;0;0;0;0;0;0;0;3;0;0;0;0
"08/09/2023";"12:10:00";"290";"Acidente s";"215,1";"BR-116/SP";"Pista Norte";"Abalroamento longitudinal";1;0;0;0;0;0;0;0;0;1;2;0;0;0;0
"08/09/2023";"12:13:00";"292";"Acidente c";"439";"BR-101/RJ";"Pista Norte";"Abalroamento longitudinal";1;0;0;0;0;0;0;0;1;0;0;2;0;0;0
"08/09/2023";"13:13:00";"316";"Acidente c";"221";"BR-116/SP";"Pista Sul";"Queda de moto";0;1;0;0;0;0;0;0;0;0;0;2;0;0;0
"08/09/2023";"13:30:00";"322";"Acidente c";"149,5";"BR-116/SP";"Pista Norte";"Colisão traseira";0;0;0;0;0;0;0;0;2;0;1;0;1;0;0
"08/09/2023";"13:50:00";"329";"Atropelame";"310";"BR-116/RJ";"Pista Sul";"Atropelamento de pedestre atravessando";0;0;1;0;0;0;0;0;1;0;1;0;1;0;0
"08/09/2023";"14:10:00";"344";"Acidente c";"226,6";"BR-116/SP";"Pista Norte";"Abalroamento longitudinal";1;1;0;0;0;0;0;0;0;0;1;0;0;1;0
"08/09/2023";"14:43:00";"360";"Acidente s";"232,6";"BR-116/RJ";"Pista Norte";"Tombamento";1;0;0;0;0;0;0;0;0;0;1;0;0;0;0
"08/09/2023";"15:00:00";"373";"Acidente c";"158";"BR-116/SP";"Pista Norte";"Abalroamento longitudinal";0;1;0;0;0;0;0;0;1;0;1;1;0;0;0
"08/09/2023";"15:50:00";"404";"Acidente c";"578,5";"BR-101/RJ";"Pista Norte";"Queda de moto";0;1;0;0;0;0;0;0;0;0;0;1;0;0;0
"08/09/2023";"16:05:00";"410";"Acidente c";"219,8";"BR-116/SP";"Pista Sul";"Queda de moto";0;1;0;0;0;0;0;0;0;0;1;1;0;0;0
"08/09/2023";"16:29:00";"423";"Acidente s";"188,2";"BR-116/SP";"Pista Norte";"Choque em objeto fixo";1;0;0;0;0;0;0;0;0;0;1;0;0;0;0
"08/09/2023";"16:44:00";"433";"Acidente s";"154,7";"BR-116/SP";"Pista Sul";"Abalroamento longitudinal";2;0;0;0;0;0;0;0;0;0;4;0;0;0;0
"08/09/2023";"16:51:00";"437";"Acidente c";"52";"BR-101/SP";"Pista Norte";"Abalroamento longitudinal";0;1;0;0;0;0;0;0;1;0;1;0;1;0;0
"08/09/2023";"16:53:00";"438";"Acidente c";"223";"BR-116/SP";"Pista Norte";"Choque em objeto fixo";0;0;0;0;0;0;0;0;1;0;0;1;0;0;0
"08/09/2023";"16:56:00";"441";"Acidente s";"132,8";"BR-116/SP";"Pista Norte";"Colisão traseira";0;0;0;0;0;0;0;0;2;0;3;0;0;0;0
"08/09/2023";"17:31:00";"460";"Acidente c";"47,4";"BR-116/SP";"Pista Sul";"Choque em barreira New Jersey";2;0;0;0;0;0;0;0;0;0;0;1;0;2;0
"08/09/2023";"18:56:00";"495";"Acidente s";"402";"BR-101/RJ";"Pista Norte";"Choque em barreira New Jersey";0;0;0;0;0;0;0;0;1;0;2;0;0;0;0
"08/09/2023";"19:04:00";"501";"Acidente s";"457";"BR-101/RJ";"Pista Sul";"Choque em objeto na pista";0;0;0;0;0;1;0;0;1;0;2;0;0;0;0
"08/09/2023";"19:29:00";"514";"Acidente s";"117";"BR-116/SP";"Pista Norte";"Choque em barreira New Jersey";0;0;0;0;0;0;0;0;1;0;1;0;0;0;0
"08/09/2023";"19:53:00";"527";"Atropelame";"80,8";"BR-116/SP";"Pista Norte";"Atropelamento de pedestre atravessando";0;0;0;0;0;0;0;0;1;0;2;0;0;0;1
"09/09/2023";"00:37:00";"23";"Acidente s";"388";"BR-101/RJ";"Pista Norte";"Colisão traseira";0;0;0;0;0;0;0;0;2;0;4;0;0;0;0
"09/09/2023";"05:00:00";"71";"Acidente s";"227,7";"BR-116/SP";"Pista Norte";"Choque em defensa";0;0;0;0;0;0;0;0;1;0;4;0;0;0;0
"09/09/2023";"06:47:00";"113";"Acidente s";"219,9";"BR-116/SP";"Pista Sul";"Abalroamento longitudinal";1;0;0;0;0;0;0;0;1;0;2;0;0;0;0
"09/09/2023";"09:33:00";"206";"Acidente c";"141,5";"BR-116/SP";"Pista Norte";"Queda de moto";0;1;0;0;0;0;0;0;0;0;0;1;1;0;0
"09/09/2023";"09:56:00";"219";"Acidente s";"113";"BR-116/SP";"Pista Norte";"Abalroamento longitudinal";0;1;0;0;0;0;0;0;1;0;0;0;0;0;0
"09/09/2023";"10:10:00";"224";"Acidente c";"504";"BR-101/RJ";"Pista Norte";"Abalroamento longitudinal";0;0;0;0;0;0;0;0;2;0;3;0;1;0;0
"09/09/2023";"10:14:00";"227";"Acidente c";"44,9";"BR-101/SP";"Pista Norte";"Colisão traseira";0;1;0;0;0;0;0;0;1;0;2;1;0;0;0
"09/09/2023";"10:31:00";"237";"Acidente s";"119";"BR-116/SP";"Pista Norte";"Colisão traseira";0;0;0;0;0;0;0;0;1;1;1;0;0;0;0
"09/09/2023";"11:58:00";"277";"Acidente s";"1,4";"BR-101/SP";"Pista Norte";"Choque em objeto fixo";0;0;0;0;0;0;0;0;1;0;3;0;0;0;0
"09/09/2023";"12:11:00";"283";"Acidente c";"389";"BR-101/RJ";"Pista Sul";"Choque em objeto fixo";0;0;0;0;0;0;0;0;1;0;0;0;1;0;0
"09/09/2023";"12:49:00";"300";"Acidente c";"477";"BR-101/RJ";"Pista Sul";"Choque em objeto fixo";0;1;0;0;0;0;0;0;0;0;0;1;0;0;0
"09/09/2023";"13:52:00";"329";"Acidente c";"90";"BR-116/SP";"Pista Sul";"Capotamento";0;0;0;0;0;0;0;0;1;0;1;2;2;0;0
"09/09/2023";"13:54:00";"330";"Acidente s";"143";"BR-116/SP";"Pista Norte";"Engavetamento";0;0;0;0;0;0;0;0;1;1;2;0;0;0;0
"09/09/2023";"13:59:00";"332";"Acidente c";"428";"BR-101/RJ";"Pista Norte";"Abalroamento longitudinal";0;0;0;0;0;0;0;0;2;0;1;0;0;1;0
"09/09/2023";"14:35:00";"345";"Acidente c";"156,2";"BR-116/SP";"Pista Norte";"Colisão traseira";0;1;0;0;0;0;0;0;1;0;1;1;0;0;0
"09/09/2023";"16:29:00";"407";"Acidente s";"102,6";"BR-116/SP";"Pista Sul";"Colisão traseira";0;0;0;0;0;0;0;0;2;0;7;0;0;0;0
"09/09/2023";"20:20:00";"525";"Acidente c";"35";"BR-101/SP";"Pista Sul";"Colisão traseira";0;0;0;0;0;0;0;0;2;0;3;1;0;0;0
"09/09/2023";"21:04:00";"537";"Acidente c";"253,48";"BR-116/RJ";"Pista Norte";"Colisão traseira";2;0;0;0;0;0;0;0;0;0;1;0;1;0;0
"09/09/2023";"21:29:00";"544";"Acidente c";"557";"BR-101/RJ";"Pista Sul";"Colisão frontal";0;0;0;0;0;0;0;0;2;0;1;1;1;0;0
"09/09/2023";"21:54:00";"552";"Acidente s";"526";"BR-101/RJ";"Pista Norte";"Choque em objeto fixo";0;0;0;0;0;0;0;0;1;0;1;0;0;0;0
"09/09/2023";"22:03:00";"554";"Acidente s";"224,1";"BR-116/SP";"Pista Norte";"Choque em defensa";0;0;0;0;0;0;0;0;1;0;2;0;0;0;0
"09/09/2023";"23:01:00";"566";"Acidente s";"390";"BR-101/RJ";"Pista Sul";"Abalroamento longitudinal";0;0;0;0;0;0;0;0;2;0;2;0;0;0;0
"09/09/2023";"23:17:00";"571";"Acidente c";"321,3";"BR-116/RJ";"Pista Sul";"Colisão traseira";0;0;0;0;0;0;0;0;2;0;0;0;3;0;0
"09/09/2023";"23:47:00";"575";"Acidente c";"109";"BR-116/SP";"Pista Norte";"Capotamento";0;0;0;0;0;0;0;0;1;0;0;0;1;0;0
"10/09/2023";"00:20:00";"19";"Acidente s";"212,7";"BR-116/SP";"Pista Norte";"Choque em defensa";0;0;0;0;0;0;0;0;1;0;3;0;0;0;0
"10/09/2023";"02:19:00";"46";"Acidente s";"230,2";"BR-116/SP";"Pista Norte";"Choque em defensa";1;0;0;0;0;0;0;0;0;0;1;0;0;0;0
"10/09/2023";"03:03:00";"52";"Acidente c";"202";"BR-116/SP";"Pista Norte";"Capotamento";0;0;0;0;0;0;0;0;1;0;1;1;0;0;0
"10/09/2023";"04:46:00";"66";"Acidente s";"40";"BR-116/SP";"Pista Norte";"Colisão traseira";0;0;0;0;0;0;0;0;2;0;2;0;0;0;0
"10/09/2023";"05:02:00";"69";"Acidente c";"101,5";"BR-116/SP";"Pista Sul";"Queda de moto";0;1;0;0;0;0;0;0;0;0;0;0;1;0;0
"10/09/2023";"05:07:00";"70";"Acidente c";"476";"BR-101/RJ";"Pista Norte";"Queda de moto";0;1;0;0;0;0;0;0;0;0;0;0;2;0;0
"10/09/2023";"06:13:00";"82";"Acidente s";"407";"BR-101/RJ";"Pista Norte";"Choque em defensa";0;0;0;0;0;0;0;0;1;0;1;0;0;0;0
"10/09/2023";"07:39:00";"122";"Acidente c";"504";"BR-101/RJ";"Pista Sul";"Abalroamento longitudinal";0;0;0;0;0;0;0;0;2;0;1;3;1;0;0
"10/09/2023";"08:07:00";"137";"Acidente s";"195";"BR-116/SP";"Pista Norte";"Colisão traseira";1;0;0;0;0;0;0;0;1;0;2;0;0;0;0
"10/09/2023";"09:11:00";"167";"Acidente c";"226,3";"BR-116/RJ";"Pista Sul";"Queda de moto";0;1;0;0;0;0;0;0;0;0;0;1;0;0;0
"10/09/2023";"09:17:00";"173";"Acidente s";"565";"BR-101/RJ";"Pista Norte";"Colisão traseira";0;0;0;0;0;0;0;0;1;1;3;0;0;0;0
"10/09/2023";"10:54:00";"216";"Acidente c";"142,5";"BR-116/SP";"Pista Sul";"Engavetamento";0;0;0;0;0;0;0;0;4;0;5;4;0;0;0
"10/09/2023";"10:58:00";"217";"Acidente s";"139,3";"BR-116/SP";"Pista Sul";"Engavetamento";0;0;0;0;0;0;0;0;4;0;10;0;0;0;0
"10/09/2023";"11:04:00";"220";"Acidente s";"97,7";"BR-116/SP";"Pista Sul";"Colisão traseira";0;0;0;0;0;0;0;0;1;1;3;0;0;0;0
"10/09/2023";"11:17:00";"227";"Acidente s";"419,9";"BR-101/RJ";"Pista Sul";"Colisão traseira";0;0;0;0;0;0;0;0;2;0;4;0;0;0;0
"10/09/2023";"11:37:00";"234";"Acidente s";"76,5";"BR-116/SP";"Pista Sul";"Colisão traseira";0;0;0;0;0;0;0;0;2;0;2;0;0;0;0
"10/09/2023";"11:47:00";"238";"Acidente s";"136";"BR-116/SP";"Pista Sul";"Colisão traseira";0;0;0;0;0;0;0;0;2;0;5;0;0;0;0
"10/09/2023";"12:29:00";"259";"Acidente s";"290,9";"BR-116/RJ";"Pista Sul";"Colisão traseira";0;0;0;0;0;0;0;0;1;1;2;0;0;0;0
"10/09/2023";"12:31:00";"261";"Acidente c";"136";"BR-116/SP";"Pista Sul";"Engavetamento";0;0;0;0;0;0;0;0;3;0;3;2;0;0;0
"10/09/2023";"12:41:00";"267";"Acidente s";"312";"BR-116/RJ";"Pista Norte";"Engavetamento";0;0;0;0;0;0;0;0;3;0;6;0;0;0;0
"10/09/2023";"13:22:00";"284";"Acidente s";"61";"BR-116/SP";"Pista Sul";"Colisão traseira";0;0;0;0;0;0;1;0;1;0;16;0;0;0;0
"10/09/2023";"13:39:00";"296";"Acidente c";"103,2";"BR-116/SP";"Pista Sul";"Engavetamento";0;0;0;0;0;0;0;0;3;0;5;3;0;0;0
"10/09/2023";"14:04:00";"312";"Acidente s";"61,2";"BR-116/SP";"Pista Sul";"Colisão traseira";0;0;0;0;0;0;0;0;2;0;3;0;0;0;0
"10/09/2023";"14:21:00";"327";"Acidente c";"61";"BR-116/SP";"Pista Sul";"Engavetamento";0;0;0;0;0;0;0;0;3;0;11;1;0;0;0
"10/09/2023";"14:56:00";"345";"Acidente s";"299";"BR-116/RJ";"Pista Norte";"Engavetamento";0;0;0;0;0;0;0;0;3;0;9;0;0;0;0
"10/09/2023";"15:09:00";"350";"Acidente s";"299";"BR-116/RJ";"Pista Norte";"Colisão traseira";0;0;0;0;0;0;0;0;2;0;5;0;0;0;0
"10/09/2023";"15:36:00";"363";"Acidente c";"152";"BR-116/SP";"Pista Sul";"Engavetamento";1;0;0;0;0;0;0;0;1;1;4;1;0;0;0
"10/09/2023";"17:20:00";"426";"Atropelame";"418";"BR-101/RJ";"Pista Sul";"Atropelamento de pedestre caminhando";0;0;0;0;0;0;0;0;1;0;5;0;1;0;0
"10/09/2023";"18:11:00";"446";"Atropelame";"473,6";"BR-101/RJ";"Pista Norte";"Atropelamento de pedestre atravessando";0;0;0;0;0;0;0;0;0;1;1;1;0;0;0
"10/09/2023";"18:56:00";"472";"Acidente s";"248,15";"BR-116/RJ";"Pista Sul";"Choque em objeto fixo";0;0;0;0;0;0;0;0;1;0;4;0;0;0;0
"10/09/2023";"19:58:00";"515";"Acidente s";"463";"BR-101/RJ";"Pista Sul";"Choque em barreira New Jersey";0;0;0;0;0;0;0;0;1;0;2;0;0;0;0
"10/09/2023";"21:32:00";"564";"Acidente s";"205,2";"BR-116/SP";"Pista Sul";"Colisão traseira";0;0;0;0;0;0;0;0;2;0;4;0;0;0;0
"10/09/2023";"22:10:00";"579";"Acidente s";"147,2";"BR-116/SP";"Pista Sul";"Engavetamento";0;0;0;0;0;0;0;0;3;0;6;0;0;0;0
"11/09/2023";"01:11:00";"43";"Acidente s";"92,2";"BR-116/SP";"Pista Norte";"Abalroamento longitudinal";0;0;0;1;0;0;1;0;1;0;47;0;0;0;0
"11/09/2023";"05:15:00";"72";"Acidente c";"416,5";"BR-101/RJ";"Pista Norte";"Abalroamento longitudinal";0;0;0;0;0;0;0;0;2;0;1;0;1;0;0
"11/09/2023";"06:14:00";"95";"Acidente s";"428";"BR-101/RJ";"Pista Norte";"Abalroamento longitudinal";0;0;0;0;0;0;0;0;2;0;2;0;0;0;0
"11/09/2023";"06:15:00";"99";"Acidente c";"506";"BR-101/RJ";"Pista Sul";"Abalroamento longitudinal";0;1;0;0;0;0;0;0;1;0;1;1;0;0;0
"11/09/2023";"06:25:00";"104";"Acidente s";"231,6";"BR-116/RJ";"Pista Norte";"Colisão traseira";1;0;0;0;0;0;0;0;0;1;2;0;0;0;0
"11/09/2023";"06:31:00";"108";"Acidente s";"272,7";"BR-116/RJ";"Pista Sul";"Choque em objeto fixo";0;0;0;0;0;0;0;0;1;0;3;0;0;0;0
"11/09/2023";"06:47:00";"117";"Acidente c";"154,4";"BR-116/SP";"Pista Sul";"Colisão traseira";0;1;0;0;0;0;0;0;0;1;1;1;0;0;0
"11/09/2023";"07:52:00";"157";"Acidente s";"161";"BR-116/SP";"Pista Norte";"Colisão traseira";0;0;0;0;0;0;0;0;3;0;7;0;0;0;0
"11/09/2023";"08:50:00";"189";"Acidente c";"222,6";"BR-116/SP";"Pista Sul";"Colisão traseira";0;1;0;0;0;0;0;0;1;0;1;1;0;0;0
"11/09/2023";"09:40:00";"211";"Acidente s";"295";"BR-116/RJ";"Pista Sul";"Choque em barreira New Jersey";0;0;0;0;0;0;0;0;1;0;1;0;0;0;0
"11/09/2023";"12:46:00";"297";"Acidente s";"156,1";"BR-116/SP";"Pista Norte";"Abalroamento longitudinal";1;0;0;0;0;0;0;0;1;0;4;0;0;0;0
"11/09/2023";"12:54:00";"301";"Acidente c";"52,2";"BR-116/SP";"Pista Norte";"Queda de moto";0;1;0;0;0;0;0;0;0;0;1;0;2;0;0
"11/09/2023";"15:20:00";"375";"Acidente s";"138,2";"BR-116/SP";"Pista Norte";"Queda de ribanceira";0;0;0;0;0;0;0;0;1;0;1;0;0;0;0
"11/09/2023";"16:31:00";"414";"Acidente c";"492";"BR-101/RJ";"Pista Sul";"Colisão traseira";0;0;0;0;0;0;0;0;2;0;1;3;0;0;0
"11/09/2023";"16:35:00";"418";"Acidente s";"48";"BR-101/SP";"Pista Sul";"Abalroamento longitudinal";0;1;0;0;0;0;0;0;1;0;2;0;0;0;0
"11/09/2023";"16:38:00";"422";"Acidente c";"145";"BR-116/SP";"Pista Sul";"Queda de moto";0;1;0;0;0;0;0;0;0;0;0;1;0;0;0