data;horario;n_da_ocorrencia;tipo_de_ocorrencia;km;trecho;sentido;tipo_de_acidente;automovel;bicicleta;caminhao;moto;onibus;outros;tracao_animal;transporte_de_cargas_especiais;trator_maquinas;utilitarios;ilesos;levemente_feridos;moderadamente_feridos;gravemente_feridos;mortos
"11/09/2023";"17:35:00";"453";"Atropelame";"185,25";"BR-116/SP";"Pista Norte";"Atropelamento de pedestre atravessando";0;0;0;1;0;0;0;0;0;0;51;0;0;0;1
"11/09/2023";"17:52:00";"464";"Acidente c";"152,4";"BR-116/SP";"Pista Sul";"Engavetamento";0;0;0;1;0;0;0;0;2;0;43;1;0;0;0
"11/09/2023";"18:26:00";"478";"Acidente c";"299,8";"BR-116/RJ";"Pista Norte";"Colisão traseira";0;0;0;0;0;0;0;0;2;0;1;0;1;0;0
"11/09/2023";"18:47:00";"484";"Acidente c";"487";"BR-101/RJ";"Pista Sul";"Engavetamento";0;0;0;0;0;0;0;0;3;0;3;0;1;0;0
"11/09/2023";"20:39:00";"540";"Acidente s";"211";"BR-116/SP";"Pista Sul";"Abalroamento longitudinal";0;1;0;0;0;0;0;0;0;1;2;0;0;0;0
"11/09/2023";"21:10:00";"550";"Acidente c";"226,3";"BR-116/RJ";"Pista Sul";"Tombamento";1;0;0;0;0;0;0;0;0;0;0;1;0;0;0
"11/09/2023";"22:32:00";"577";"Acidente s";"216,8";"BR-116/SP";"Pista Sul";"Colisão traseira";0;0;0;1;0;0;0;0;1;0;2;0;0;0;0
"12/09/2023";"03:41:00";"50";"Acidente s";"132";"BR-116/SP";"Pista Norte";"Colisão traseira";1;0;0;0;0;0;0;0;0;1;2;0;0;0;0
"12/09/2023";"06:52:00";"123";"Acidente c";"471";"BR-101/RJ";"Pista Norte";"Abalroamento transversal";0;0;0;0;0;0;0;0;2;0;4;1;0;0;0
"12/09/2023";"08:07:00";"190";"Acidente c";"135,6";"BR-116/SP";"Pista Sul";"Colisão traseira";0;1;0;0;0;0;0;0;1;0;3;2;0;0;0
"12/09/2023";"10:01:00";"279";"Acidente c";"525";"BR-101/RJ";"Pista Sul";"Abalroamento transversal";0;1;0;0;0;0;0;0;1;0;1;0;1;0;0
"12/09/2023";"10:49:00";"315";"Acidente s";"223,1";"BR-116/SP";"Pista Norte";"Engavetamento";0;0;0;0;0;0;0;0;1;2;3;0;0;0;0
"12/09/2023";"11:53:00";"352";"Acidente c";"279";"BR-116/RJ";"Pista Norte";"Queda de moto";0;1;0;0;0;0;0;0;0;0;0;0;1;0;0
"12/09/2023";"12:25:00";"370";"Acidente c";"217,2";"BR-116/RJ";"Pista Norte";"Abalroamento longitudinal";1;0;0;0;0;0;1;0;0;0;3;0;1;0;0
"12/09/2023";"14:32:00";"429";"Acidente c";"211,2";"BR-116/SP";"Pista Sul";"Queda de moto";0;1;0;0;0;0;0;0;0;0;0;1;0;0;0
"12/09/2023";"14:43:00";"434";"Acidente s";"110,7";"BR-116/SP";"Pista Sul";"Choque em barreira New Jersey";1;0;0;0;0;0;0;0;1;0;2;0;0;0;0
"12/09/2023";"15:23:00";"454";"Acidente s";"208,6";"BR-116/SP";"Pista Norte";"Colisão traseira";2;0;0;0;0;0;0;0;0;0;2;0;0;0;0
"12/09/2023";"18:55:00";"565";"Acidente c";"212,1";"BR-116/SP";"Pista Sul";"Colisão traseira";0;1;0;1;0;0;0;0;0;0;4;1;0;0;0
"12/09/2023";"19:03:00";"572";"Acidente c";"423";"BR-101/RJ";"Pista Sul";"Colisão frontal";0;1;0;0;0;0;0;0;1;0;1;0;1;0;0
"12/09/2023";"22:00:00";"649";"Acidente c";"155,2";"BR-116/SP";"Pista Norte";"Abalroamento longitudinal";0;0;0;0;0;0;0;0;2;0;2;1;0;0;0
"12/09/2023";"22:26:00";"654";"Acidente c";"387";"BR-101/RJ";"Pista Sul";"Colisão traseira";1;1;0;0;0;0;0;0;0;0;0;1;0;0;0
"12/09/2023";"23:32:00";"668";"Acidente s";"239";"BR-116/RJ";"Pista Sul";"Abalroamento longitudinal";1;0;0;0;0;0;0;0;0;1;1;0;0;0;0
"13/09/2023";"02:06:00";"38";"Acidente c";"47";"BR-116/SP";"Pista Sul";"Abalroamento longitudinal";2;0;0;0;0;0;0;0;0;0;1;0;0;1;0
"13/09/2023";"05:47:00";"76";"Acidente s";"283,6";"BR-116/RJ";"Pista Norte";"Colisão traseira";1;0;0;0;0;0;0;0;0;1;2;0;0;0;0
"13/09/2023";"06:33:00";"99";"Acidente s";"204,5";"BR-116/SP";"Pista Sul";"Queda de moto";0;1;0;0;0;0;0;0;0;0;1;0;0;0;0
"13/09/2023";"06:40:00";"103";"Acidente c";"139,5";"BR-116/SP";"Pista Sul";"Queda de moto";0;1;0;0;0;0;0;0;0;0;0;0;1;0;0
"13/09/2023";"07:09:00";"130";"Acidente s";"149,3";"BR-116/SP";"Pista Sul";"Abalroamento longitudinal";0;0;0;0;0;0;0;0;1;1;2;0;0;0;0
"13/09/2023";"07:12:00";"131";"Acidente c";"230,4";"BR-116/SP";"Pista Sul";"Colisão traseira";0;1;0;0;0;0;0;0;1;0;4;2;0;0;0
"13/09/2023";"08:03:00";"183";"Acidente c";"216,9";"BR-116/SP";"Pista Sul";"Abalroamento longitudinal";0;1;0;0;1;0;0;0;1;0;3;0;0;1;0
"13/09/2023";"09:15:00";"240";"Acidente c";"226,35";"BR-116/RJ";"Pista Sul";"Tombamento";2;0;0;0;0;0;0;0;0;0;1;0;1;0;0
"13/09/2023";"09:46:00";"259";"Acidente s";"17,1";"BR-116/SP";"Pista Norte";"Choque em objeto na pista";0;0;0;0;0;0;0;0;1;0;3;0;0;0;0
"13/09/2023";"09:52:00";"261";"Acidente s";"33,9";"BR-116/SP";"Pista Sul";"Choque em objeto fixo";0;0;0;0;0;0;0;0;1;0;1;0;0;0;0
"13/09/2023";"10:50:00";"288";"Acidente s";"576";"BR-101/RJ";"Pista Norte";"Colisão traseira";0;0;0;0;0;0;0;0;1;1;4;0;0;0;0
"13/09/2023";"13:17:00";"366";"Acidente c";"225,4";"BR-116/RJ";"Pista Norte";"Queda de moto";0;1;0;0;0;0;0;0;0;1;1;1;0;0;0
"13/09/2023";"14:45:00";"415";"Acidente s";"155,5";"BR-116/SP";"Pista Norte";"Abalroamento longitudinal";1;0;0;0;0;0;0;0;1;0;3;0;0;0;0
"13/09/2023";"16:07:00";"467";"Acidente s";"65,5";"BR-116/SP";"Pista Sul";"Colisão traseira";0;0;0;0;0;0;0;0;2;0;3;0;0;0;0
"13/09/2023";"17:19:00";"507";"Acidente c";"506";"BR-101/RJ";"Pista Sul";"Colisão traseira";0;1;0;0;0;0;1;0;0;0;1;0;1;0;0
"13/09/2023";"18:03:00";"529";"Acidente c";"244";"BR-116/RJ";"Pista Norte";"Choque em barreira New Jersey";0;0;0;0;0;0;0;0;1;0;0;1;0;0;0
"13/09/2023";"18:16:00";"537";"Acidente c";"400";"BR-101/RJ";"Pista Sul";"Atropelamento de pedestre atravessando";0;1;0;0;0;0;0;0;0;0;0;0;2;0;0
"13/09/2023";"18:17:00";"538";"Acidente s";"480";"BR-101/RJ";"Pista Norte";"Colisão traseira";0;1;0;0;0;0;0;0;1;0;0;0;0;0;0
"13/09/2023";"18:22:00";"542";"Acidente c";"229,5";"BR-116/SP";"Pista Norte";"Colisão traseira";0;2;0;0;0;0;0;0;0;0;1;2;0;0;0
"13/09/2023";"19:02:00";"564";"Acidente s";"492";"BR-101/RJ";"Pista Norte";"Colisão traseira";0;0;0;0;0;0;0;0;2;0;2;0;0;0;0
"13/09/2023";"19:35:00";"578";"Acidente c";"551";"BR-101/RJ";"Pista Norte";"Atropelamento de pedestre atravessando";1;0;0;0;0;0;0;0;0;0;0;0;0;0;1
"13/09/2023";"21:03:00";"612";"Acidente s";"154";"BR-116/SP";"Pista Norte";"Abalroamento longitudinal";1;0;0;0;0;0;0;0;1;0;2;0;0;0;0
"14/09/2023";"00:15:00";"20";"Acidente s";"158";"BR-116/SP";"Pista Sul";"Choque em objeto na pista";0;0;0;0;0;0;0;0;1;0;1;0;0;0;0
"14/09/2023";"00:25:00";"22";"Acidente c";"414,2";"BR-101/RJ";"Pista Sul";"Colisão traseira";0;1;0;0;0;0;0;0;1;0;0;2;0;0;0
"14/09/2023";"04:17:00";"67";"Acidente s";"407,5";"BR-101/RJ";"Pista Sul";"Choque em barreira New Jersey";0;0;0;0;0;0;0;0;1;0;1;0;0;0;0
"14/09/2023";"06:56:00";"128";"Acidente c";"206";"BR-116/SP";"Pista Norte";"Queda de moto";0;1;0;0;0;0;0;0;0;0;0;1;0;0;0
"14/09/2023";"06:56:00";"129";"Acidente s";"309";"BR-116/RJ";"Pista Sul";"Colisão traseira";0;0;0;0;0;0;0;0;2;0;5;0;0;0;0
"14/09/2023";"07:15:00";"145";"Acidente s";"230";"BR-116/SP";"Pista Norte";"Engavetamento";1;0;0;0;0;0;0;0;2;0;5;0;0;0;0
"14/09/2023";"07:21:00";"148";"Acidente c";"303,7";"BR-116/RJ";"Pista Sul";"Abalroamento longitudinal";0;2;0;0;0;0;0;0;1;0;1;0;1;0;1
"14/09/2023";"07:42:00";"165";"Acidente c";"144,2";"BR-116/SP";"Pista Sul";"Engavetamento";0;0;0;0;0;0;0;0;5;0;7;1;0;0;0
"14/09/2023";"07:46:00";"166";"Acidente c";"304";"BR-116/RJ";"Pista Norte";"Engavetamento";0;0;0;0;0;0;0;0;2;1;3;1;0;0;0
"14/09/2023";"09:05:00";"218";"Acidente s";"229,1";"BR-116/RJ";"Pista Norte";"Choque em barreira New Jersey";1;0;0;0;0;0;0;0;0;0;1;0;0;0;0
"14/09/2023";"09:37:00";"233";"Acidente s";"415";"BR-101/RJ";"Pista Norte";"Abalroamento longitudinal";0;0;0;0;0;0;1;0;1;0;2;0;0;0;0
"14/09/2023";"09:50:00";"244";"Acidente s";"158";"BR-116/SP";"Pista Norte";"Engavetamento";0;0;0;0;0;0;0;0;2;1;6;0;0;0;0
"14/09/2023";"11:15:00";"279";"Acidente s";"244,2";"BR-116/RJ";"Pista Sul";"Engavetamento";1;0;0;1;0;0;0;0;0;1;27;0;0;0;0
"14/09/2023";"14:34:00";"386";"Acidente c";"155,6";"BR-116/SP";"Pista Norte";"Queda de moto";0;1;0;0;0;0;0;0;0;0;0;1;0;0;0
"14/09/2023";"16:13:00";"438";"Acidente c";"231";"BR-116/SP";"Pista Sul";"Queda de moto";0;1;0;0;0;0;0;0;0;0;0;1;0;0;0
"14/09/2023";"16:36:00";"451";"Acidente c";"422";"BR-101/RJ";"Pista Sul";"Colisão frontal";2;0;0;0;0;0;0;0;0;0;2;0;1;0;0
"14/09/2023";"17:05:00";"460";"Acidente c";"254,55";"BR-116/RJ";"Pista Sul";"Colisão frontal";0;0;0;0;0;0;0;0;2;0;4;1;0;0;0
"14/09/2023";"17:06:00";"461";"Acidente c";"482";"BR-101/RJ";"Pista Norte";"Colisão traseira";0;0;0;0;0;0;0;0;2;0;2;1;0;0;0
"14/09/2023";"17:19:00";"470";"Acidente s";"102,8";"BR-116/SP";"Pista Sul";"Choque em barreira New Jersey";1;0;0;0;0;0;0;0;0;0;1;0;0;0;0
"14/09/2023";"17:24:00";"471";"Acidente s";"226,4";"BR-116/RJ";"Pista Sul";"Choque em barreira New Jersey";0;0;0;0;0;0;0;0;1;0;1;0;0;0;0
"14/09/2023";"17:39:00";"475";"Acidente s";"147";"BR-116/SP";"Pista Norte";"Engavetamento";0;0;0;0;0;0;0;0;3;0;5;0;0;0;0
"14/09/2023";"17:55:00";"480";"Acidente c";"264,7";"BR-116/RJ";"Pista Norte";"Queda de ribanceira";0;0;0;0;0;0;0;0;1;0;1;0;2;0;0
"14/09/2023";"18:57:00";"521";"Acidente c";"81,1";"BR-116/SP";"Pista Sul";"Abalroamento longitudinal";1;1;0;0;0;0;0;0;0;0;1;0;1;0;0
"14/09/2023";"20:08:00";"547";"Acidente s";"146";"BR-116/SP";"Pista Sul";"Engavetamento";0;0;0;0;0;0;0;0;3;0;4;0;0;0;0
"14/09/2023";"21:16:00";"565";"Acidente s";"39,5";"BR-101/SP";"Pista Sul";"Choque em objeto fixo";0;0;0;0;0;0;0;0;1;0;1;0;0;0;0
"14/09/2023";"22:21:00";"583";"Acidente s";"214,3";"BR-116/SP";"Pista Norte";"Colisão traseira";0;0;0;0;0;0;0;0;1;1;3;0;0;0;0
"14/09/2023";"22:21:00";"582";"Acidente s";"46,8";"BR-101/SP";"Pista Norte";"Colisão traseira";0;0;0;0;0;0;0;0;1;1;2;0;0;0;0
"14/09/2023";"23:52:00";"604";"Acidente c";"328,8";"BR-116/RJ";"Pista Norte";"Colisão traseira";0;0;0;0;0;0;0;0;2;0;3;1;0;0;0
"15/09/2023";"01:14:00";"35";"Acidente s";"461,5";"BR-101/RJ";"Pista Sul";"Choque em objeto fixo";0;0;0;0;0;0;0;0;1;0;1;0;0;0;0
"15/09/2023";"03:20:00";"47";"Acidente s";"232,1";"BR-116/RJ";"Pista Norte";"Choque em barreira New Jersey";1;0;0;0;0;0;0;0;0;0;1;0;0;0;0
"15/09/2023";"04:04:00";"51";"Acidente s";"144,8";"BR-116/SP";"Pista Sul";"Colisão traseira";2;0;0;0;0;0;0;0;0;0;2;0;0;0;0
"15/09/2023";"06:59:00";"93";"Acidente s";"143,6";"BR-116/SP";"Pista Norte";"Choque em objeto fixo";0;0;0;0;0;0;0;0;1;0;1;0;0;0;0
"15/09/2023";"07:04:00";"99";"Acidente s";"132,3";"BR-116/SP";"Pista Sul";"Abalroamento longitudinal";1;0;0;0;0;0;0;0;1;0;2;0;0;0;0
"15/09/2023";"07:14:00";"109";"Acidente s";"419";"BR-101/RJ";"Pista Sul";"Colisão traseira";0;0;0;0;0;0;0;0;1;1;2;0;0;0;0
"15/09/2023";"07:27:00";"119";"Acidente s";"495";"BR-101/RJ";"Pista Norte";"Abalroamento longitudinal";1;0;0;0;0;0;0;0;1;0;3;0;0;0;0
"15/09/2023";"07:50:00";"145";"Acidente s";"221";"BR-116/SP";"Pista Sul";"Abalroamento longitudinal";0;0;0;0;0;0;0;0;2;0;2;0;0;0;0
"15/09/2023";"09:32:00";"212";"Acidente s";"56,3";"BR-116/SP";"Pista Norte";"Colisão traseira";0;0;0;0;0;0;0;0;2;0;3;0;0;0;0
"15/09/2023";"10:58:00";"257";"Acidente s";"431";"BR-101/RJ";"Pista Sul";"Choque em objeto fixo";1;0;0;0;0;0;0;0;0;0;1;0;0;0;0
"15/09/2023";"13:44:00";"326";"Acidente s";"50,3";"BR-101/SP";"Pista Norte";"Colisão traseira";0;0;0;0;0;0;0;0;2;0;3;0;0;0;0
"15/09/2023";"16:36:00";"404";"Acidente c";"228,5";"BR-116/SP";"Pista Sul";"Colisão traseira";0;1;0;0;0;0;0;0;1;0;1;1;0;0;0
"15/09/2023";"17:44:00";"435";"Acidente c";"258,8";"BR-116/RJ";"Pista Sul";"Colisão frontal";0;0;0;0;0;0;0;0;2;0;1;1;1;0;0
"15/09/2023";"18:29:00";"459";"Acidente c";"103,9";"BR-116/SP";"Pista Sul";"Engavetamento";0;0;0;0;0;0;0;0;3;0;5;1;0;0;0
"15/09/2023";"18:38:00";"466";"Acidente c";"230,8";"BR-116/SP";"Pista Norte";"Colisão traseira";0;1;0;0;0;0;0;0;0;1;1;1;0;0;0
"15/09/2023";"18:57:00";"473";"Acidente s";"280,4";"BR-116/RJ";"Pista Norte";"Engavetamento";0;0;0;0;0;0;0;0;3;0;6;0;0;0;0
"15/09/2023";"18:59:00";"474";"Acidente s";"495";"BR-101/RJ";"Pista Sul";"Capotamento";0;0;0;0;0;0;0;0;1;0;3;0;0;0;0
"15/09/2023";"19:06:00";"477";"Acidente s";"100";"BR-116/SP";"Pista Sul";"Colisão traseira";0;0;0;0;0;0;0;0;2;0;2;0;0;0;0
"15/09/2023";"19:49:00";"495";"Acidente c";"320,6";"BR-116/RJ";"Pista Sul";"Choque em objeto fixo";0;0;0;0;0;0;0;0;1;0;0;0;1;0;0
"15/09/2023";"20:37:00";"517";"Acidente s";"226,3";"BR-116/RJ";"Pista Sul";"Choque em objeto fixo";0;0;0;0;0;0;0;0;1;0;1;0;0;0;0
"15/09/2023";"21:09:00";"538";"Acidente c";"300,4";"BR-116/RJ";"Pista Norte";"Abalroamento longitudinal";0;1;0;0;0;0;0;0;0;1;1;0;0;1;0
"15/09/2023";"21:25:00";"543";"Acidente s";"275";"BR-116/RJ";"Pista Norte";"Capotamento";0;0;0;0;0;0;0;0;1;0;1;0;0;0;0
"15/09/2023";"21:40:00";"547";"Acidente s";"230,2";"BR-116/RJ";"Pista Norte";"Choque em barreira New Jersey";0;0;0;0;0;0;0;0;1;0;1;0;0;0;0
"15/09/2023";"22:34:00";"563";"Acidente c";"389,4";"BR-101/RJ";"Pista Sul";"Engavetamento";0;0;0;0;0;1;0;0;2;0;2;0;0;2;0
"15/09/2023";"22:54:00";"568";"Acidente s";"224,8";"BR-116/RJ";"Pista Sul";"Choque em barreira New Jersey";0;0;0;0;0;0;0;0;1;0;1;0;0;0;0
"15/09/2023";"23:05:00";"574";"Acidente s";"542,6";"BR-101/RJ";"Pista Sul";"Choque em defensa";0;0;0;0;0;0;0;0;1;0;1;0;0;0;0
"16/09/2023";"03:24:00";"50";"Atropelame";"49";"BR-101/SP";"Pista Norte";"Atropelamento de pedestre atravessando";1;0;0;0;0;0;0;0;0;0;1;0;1;0;0
"16/09/2023";"07:25:00";"131";"Acidente s";"259,4";"BR-116/RJ";"Pista Sul";"Choque em objeto fixo";0;0;0;0;0;0;0;0;1;0;1;0;0;0;0
"16/09/2023";"07:57:00";"162";"Acidente c";"145,7";"BR-116/SP";"Pista Sul";"Engavetamento";0;1;0;0;0;0;0;0;1;1;2;1;0;0;0
"16/09/2023";"09:03:00";"193";"Acidente s";"156,7";"BR-116/SP";"Pista Norte";"Colisão traseira";0;0;0;0;0;0;0;0;1;1;7;0;0;0;0
"16/09/2023";"11:43:00";"287";"Acidente c";"117,8";"BR-116/SP";"Pista Norte";"Colisão traseira";0;0;0;0;0;0;0;0;2;0;2;1;0;0;0
"16/09/2023";"11:49:00";"288";"Acidente s";"442";"BR-101/RJ";"Pista Norte";"Choque em objeto fixo";0;0;0;0;0;0;0;0;1;0;4;0;0;0;0
"16/09/2023";"14:09:00";"360";"Acidente s";"296";"BR-116/RJ";"Pista Norte";"Choque em barreira New Jersey";0;0;0;0;0;0;0;0;1;0;1;0;0;0;0
"16/09/2023";"14:40:00";"377";"Acidente c";"493";"BR-101/RJ";"Pista Norte";"Atropelamento de animal";0;1;0;0;0;0;0;0;0;0;0;1;1;0;0
"16/09/2023";"15:43:00";"410";"Acidente c";"145,3";"BR-116/SP";"Pista Norte";"Colisão traseira";0;1;0;0;0;0;0;0;1;0;1;1;0;0;0
"16/09/2023";"15:50:00";"415";"Acidente s";"29";"BR-101/SP";"Pista Norte";"Abalroamento longitudinal";0;0;0;0;0;0;0;0;2;0;5;0;0;0;0
"16/09/2023";"16:04:00";"421";"Acidente s";"140,4";"BR-116/SP";"Pista Sul";"Engavetamento";0;0;0;0;0;0;0;0;1;2;3;0;0;0;0
"16/09/2023";"16:13:00";"425";"Acidente c";"222,3";"BR-116/SP";"Pista Norte";"Abalroamento longitudinal";0;1;0;0;0;0;0;0;1;0;4;1;0;0;0
"16/09/2023";"17:13:00";"457";"Acidente c";"422";"BR-101/RJ";"Pista Norte";"Capotamento";0;0;0;0;0;0;0;0;2;0;1;1;0;0;0
"16/09/2023";"18:38:00";"501";"Acidente c";"525";"BR-101/RJ";"Pista Norte";"Abalroamento longitudinal";0;0;0;0;0;0;0;0;2;0;0;1;0;0;0
"16/09/2023";"19:11:00";"517";"Atropelame";"212,3";"BR-116/SP";"Pista Norte";"Atropelamento de pedestre atravessando";0;0;1;0;0;0;0;0;0;1;1;0;0;0;1
"16/09/2023";"21:06:00";"566";"Acidente s";"395,5";"BR-101/RJ";"Pista Norte";"Atropelamento de pedestre atravessando";0;0;1;0;0;0;0;0;1;0;3;0;0;0;0
"16/09/2023";"21:30:00";"577";"Acidente s";"525";"BR-101/RJ";"Pista Norte";"Abalroamento longitudinal";1;0;0;1;0;0;0;0;0;0;0;0;0;0;0
"16/09/2023";"21:36:00";"579";"Acidente c";"116,8";"BR-116/SP";"Pista Sul";"Colisão traseira";0;0;0;0;0;0;0;0;2;0;2;2;1;0;0
"16/09/2023";"22:51:00";"600";"Acidente c";"229,9";"BR-116/SP";"Pista Sul";"Colisão traseira";0;0;0;1;0;0;0;0;1;0;2;1;0;0;0
"17/09/2023";"01:15:00";"35";"Acidente s";"386";"BR-101/RJ";"Pista Sul";"Abalroamento longitudinal";0;0;0;0;0;0;0;0;2;0;2;0;0;0;0
"17/09/2023";"03:55:00";"55";"Acidente s";"167,8";"BR-116/SP";"Pista Norte";"Atropelamento de animal";0;0;0;0;0;0;0;0;1;0;2;0;0;0;0
"17/09/2023";"07:08:00";"105";"Acidente c";"298,8";"BR-116/RJ";"Pista Norte";"Tombamento";1;0;0;0;0;0;0;0;0;0;0;2;1;0;0
"17/09/2023";"08:05:00";"131";"Acidente c";"520";"BR-101/RJ";"Pista Norte";"Colisão frontal";0;0;0;0;0;0;0;0;2;0;0;0;0;7;0
"17/09/2023";"09:26:00";"161";"Acidente c";"226";"BR-116/RJ";"Pista Sul";"Queda de moto";0;1;0;0;0;0;0;0;0;0;0;2;0;0;0
"17/09/2023";"09:41:00";"170";"Acidente s";"519";"BR-101/RJ";"Pista Sul";"Colisão traseira";0;0;0;0;0;0;0;0;2;0;2;0;0;0;0
"17/09/2023";"12:20:00";"243";"Acidente s";"202,5";"BR-116/SP";"Pista Norte";"Colisão traseira";0;0;0;0;0;0;0;0;1;1;5;0;0;0;0
"17/09/2023";"14:56:00";"308";"Acidente c";"386";"BR-101/RJ";"Pista Norte";"Colisão traseira";0;1;0;0;0;0;0;0;1;0;1;2;1;0;0
"17/09/2023";"19:15:00";"453";"Atropelame";"85,9";"BR-116/SP";"Pista Sul";"Atropelamento de pedestre caminhando";0;0;0;0;0;0;0;0;1;0;1;0;0;0;1
"17/09/2023";"19:50:00";"478";"Acidente s";"416";"BR-101/RJ";"Pista Norte";"Choque em barreira New Jersey";0;0;0;0;0;1;0;0;0;0;1;0;0;0;0
"17/09/2023";"20:26:00";"489";"Acidente s";"199,4";"BR-116/SP";"Pista Sul";"Abalroamento longitudinal";1;0;0;0;0;0;0;0;1;0;3;0;0;0;0
"17/09/2023";"20:57:00";"499";"Acidente s";"196,8";"BR-116/SP";"Pista Norte";"Choque em objeto fixo";0;0;0;0;0;0;0;0;1;0;1;0;0;0;0
"17/09/2023";"21:11:00";"511";"Acidente c";"29,5";"BR-101/SP";"Pista Norte";"Abalroamento longitudinal";0;0;0;0;0;0;0;0;1;1;1;1;0;0;0
"17/09/2023";"21:43:00";"520";"Acidente c";"490";"BR-101/RJ";"Pista Sul";"Queda de moto";0;0;0;0;0;0;0;0;1;2;2;1;1;0;0
"17/09/2023";"21:55:00";"522";"Acidente c";"408";"BR-101/RJ";"Pista Norte";"Capotamento";0;0;0;0;0;1;0;0;0;0;0;1;0;0;0
"17/09/2023";"22:00:00";"526";"Acidente s";"384,5";"BR-101/RJ";"Pista Sul";"Colisão traseira";0;0;0;0;0;0;0;0;1;1;2;0;0;0;0
"18/09/2023";"00:33:00";"30";"Acidente c";"308,75";"BR-116/RJ";"Pista Sul";"Colisão traseira";1;0;0;0;0;0;0;0;1;0;1;0;0;1;0
"18/09/2023";"01:17:00";"47";"Acidente s";"257,8";"BR-116/RJ";"Pista Sul";"Choque em objeto fixo";0;0;0;0;0;0;0;0;1;0;3;0;0;0;0
"18/09/2023";"06:39:00";"116";"Acidente s";"187,6";"BR-116/SP";"Pista Norte";"Choque em barreira New Jersey";0;0;0;0;0;0;1;0;0;0;1;0;0;0;0
"18/09/2023";"07:05:00";"138";"Acidente c";"225,4";"BR-116/SP";"Pista Sul";"Colisão traseira";0;1;0;0;0;0;0;0;1;0;1;1;0;0;0
"18/09/2023";"07:08:00";"141";"Acidente s";"139,2";"BR-116/SP";"Pista Sul";"Engavetamento";0;0;0;0;0;0;0;0;3;0;4;0;0;0;0
"18/09/2023";"07:24:00";"151";"Acidente s";"131,4";"BR-116/SP";"Pista Sul";"Engavetamento";0;0;0;0;0;0;0;0;2;2;4;0;0;0;0
"18/09/2023";"09:32:00";"263";"Acidente c";"226,4";"BR-116/SP";"Pista Sul";"Colisão traseira";1;1;0;0;0;0;0;0;0;0;1;1;0;0;0
"18/09/2023";"09:47:00";"271";"Acidente s";"101";"BR-116/SP";"Pista Norte";"Abalroamento longitudinal";0;0;0;0;0;0;0;0;3;0;5;0;0;0;0
"18/09/2023";"10:56:00";"321";"Acidente c";"469";"BR-101/RJ";"Pista Norte";"Queda de moto";0;1;0;0;0;0;0;0;0;0;0;2;0;0;0
"18/09/2023";"11:02:00";"325";"Acidente s";"230";"BR-116/SP";"Pista Sul";"Choque em objeto fixo";1;0;0;0;0;0;0;0;0;0;1;0;0;0;0
"18/09/2023";"12:29:00";"384";"Acidente s";"224,6";"BR-116/SP";"Pista Norte";"Colisão traseira";0;0;0;0;0;0;1;0;1;0;3;0;0;0;0
"18/09/2023";"12:56:00";"398";"Acidente c";"240,7";"BR-116/RJ";"Pista Sul";"Colisão traseira";0;0;0;0;0;0;0;0;2;0;4;1;0;0;0
"18/09/2023";"14:20:00";"445";"Acidente c";"427";"BR-101/RJ";"Pista Norte";"Colisão frontal";0;0;0;0;0;0;1;0;1;0;1;0;1;0;0
"18/09/2023";"15:20:00";"488";"Acidente s";"235,9";"BR-116/RJ";"Pista Norte";"Colisão traseira";0;0;0;0;0;0;0;0;1;1;2;0;0;0;0
"18/09/2023";"16:47:00";"541";"Acidente s";"120";"BR-116/SP";"Pista Norte";"Engavetamento";0;0;0;0;0;0;0;0;3;1;1;0;0;0;0
"18/09/2023";"16:48:00";"542";"Acidente c";"514";"BR-101/RJ";"Pista Sul";"Queda de moto";0;1;0;0;0;0;0;0;0;0;0;1;0;0;0
"18/09/2023";"17:06:00";"553";"Acidente s";"51,2";"BR-116/SP";"Pista Norte";"Queda de moto";0;1;0;0;0;0;0;0;0;0;1;0;0;0;0
"18/09/2023";"19:38:00";"640";"Acidente s";"233";"BR-116/RJ";"Pista Norte";"Atropelamento de animal";0;0;0;1;0;0;0;0;0;0;32;0;0;0;0
"18/09/2023";"19:50:00";"649";"Acidente s";"227";"BR-116/RJ";"Pista Sul";"Choque em objeto fixo";1;0;0;0;0;0;0;0;0;0;1;0;0;0;0
"19/09/2023";"00:08:00";"20";"Acidente s";"419";"BR-101/RJ";"Pista Sul";"Choque em objeto fixo";0;0;0;0;0;0;1;0;0;0;1;0;0;0;0
"19/09/2023";"01:46:00";"51";"Acidente s";"227,65";"BR-116/SP";"Pista Sul";"Capotamento";0;0;0;0;0;0;0;0;1;0;1;0;0;0;0
"19/09/2023";"05:00:00";"81";"Acidente c";"142,1";"BR-116/SP";"Pista Norte";"Capotamento";0;0;0;0;0;0;1;0;0;0;0;1;0;0;0
"19/09/2023";"06:36:00";"112";"Atropelame";"575";"BR-101/RJ";"Pista Sul";"Atropelamento de pedestre atravessando";0;1;1;0;0;0;0;0;0;0;0;2;0;0;0
"19/09/2023";"07:00:00";"130";"Acidente c";"111,1";"BR-116/SP";"Pista Norte";"Queda de moto";1;1;0;0;0;0;0;0;0;0;1;1;0;0;0
"19/09/2023";"08:55:00";"212";"Acidente s";"258";"BR-116/RJ";"Pista Norte";"Choque em objeto na pista";0;0;0;0;0;0;0;0;1;0;1;0;0;0;0
"19/09/2023";"09:06:00";"225";"Acidente s";"223,9";"BR-116/SP";"Pista Sul";"Colisão traseira";0;0;0;0;0;0;0;0;1;1;1;0;0;0;0
"19/09/2023";"10:44:00";"288";"Acidente c";"315,9";"BR-116/RJ";"Pista Norte";"Colisão traseira";0;1;0;0;0;0;0;0;1;0;1;1;0;0;0
"19/09/2023";"13:55:00";"386";"Acidente s";"411";"BR-101/RJ";"Pista Sul";"Choque Talude";0;0;0;0;0;0;0;0;1;0;4;0;0;0;0