data;horario;n_da_ocorrencia;tipo_de_ocorrencia;km;trecho;sentido;tipo_de_acidente;automovel;bicicleta;caminhao;moto;onibus;outros;tracao_animal;transporte_de_cargas_especiais;trator_maquinas;utilitarios;ilesos;levemente_feridos;moderadamente_feridos;gravemente_feridos;mortos
"27/09/2023";"11:22:00";"322";"Acidente s";"147";"BR-116/SP";"Pista Norte";"Capotamento";0;0;0;0;0;1;0;0;0;0;1;0;0;0;0
"27/09/2023";"11:24:00";"324";"Acidente s";"212";"BR-116/SP";"Pista Sul";"Atropelamento de animal";0;0;0;0;0;0;0;0;1;0;1;0;0;0;0
"27/09/2023";"11:34:00";"334";"Acidente c";"478";"BR-101/RJ";"Pista Norte";"Choque em barreira New Jersey";1;0;0;0;0;0;0;0;0;0;1;1;0;0;0
"27/09/2023";"14:52:00";"462";"Acidente s";"224,65";"BR-116/SP";"Pista Sul";"Choque em defensa";0;0;0;0;0;0;0;0;2;1;3;0;0;0;0
"27/09/2023";"16:23:00";"497";"Acidente s";"217,5";"BR-116/SP";"Pista Sul";"Choque em barreira New Jersey";0;0;0;0;0;0;0;0;1;0;1;0;0;0;0
"27/09/2023";"17:23:00";"531";"Acidente s";"147,9";"BR-116/SP";"Pista Norte";"Colisão traseira";0;0;0;0;0;0;0;0;1;1;3;0;0;0;0
"27/09/2023";"17:55:00";"562";"Acidente s";"226,2";"BR-116/SP";"Pista Norte";"Engavetamento";0;0;0;0;0;0;0;0;1;2;3;0;0;0;0
"27/09/2023";"18:04:00";"572";"Acidente s";"113,8";"BR-116/SP";"Pista Norte";"Colisão traseira";0;0;0;0;0;0;0;0;2;0;3;0;0;0;0
"27/09/2023";"18:29:00";"583";"Acidente c";"86,95";"BR-116/SP";"Pista Sul";"Choque em barreira New Jersey";0;1;0;0;0;0;0;0;0;0;0;1;0;0;0
"27/09/2023";"19:09:00";"599";"Acidente c";"222,5";"BR-116/SP";"Pista Norte";"Abalroamento longitudinal";0;1;0;0;0;1;0;0;0;0;1;1;0;0;0
"27/09/2023";"19:09:00";"600";"Acidente s";"58,9";"BR-116/SP";"Pista Sul";"Abalroamento longitudinal";0;0;0;0;0;0;0;0;1;1;2;0;0;0;0
"27/09/2023";"19:13:00";"601";"Acidente s";"187,3";"BR-116/SP";"Pista Sul";"Choque em defensa";0;0;0;0;0;0;0;0;1;0;1;0;0;0;0
"27/09/2023";"19:55:00";"620";"Acidente s";"484";"BR-101/RJ";"Pista Sul";"Colisão traseira";0;0;0;0;0;0;1;0;0;1;13;0;0;0;0
"27/09/2023";"19:55:00";"621";"Acidente s";"187,3";"BR-116/SP";"Pista Sul";"Colisão traseira";1;0;0;0;0;0;0;0;1;0;4;0;0;0;0
"27/09/2023";"20:06:00";"627";"Acidente s";"86,8";"BR-116/SP";"Pista Norte";"Abalroamento longitudinal";1;0;0;0;0;0;0;0;1;0;4;0;0;0;0
"28/09/2023";"00:20:00";"25";"Acidente s";"332,6";"BR-116/RJ";"Pista Norte";"Choque em objeto fixo";1;0;0;0;0;0;0;0;0;0;1;0;0;0;0
"28/09/2023";"01:28:00";"39";"Acidente c";"225";"BR-116/RJ";"Pista Sul";"Choque em barreira New Jersey";0;0;0;0;0;0;0;0;1;0;0;2;0;0;0
"28/09/2023";"02:40:00";"51";"Acidente s";"227,15";"BR-116/RJ";"Pista Norte";"Choque em barreira New Jersey";1;0;0;0;0;0;0;0;0;0;1;0;0;0;0
"28/09/2023";"03:26:00";"59";"Acidente s";"484";"BR-101/RJ";"Pista Norte";"Choque em objeto fixo";0;0;0;0;0;0;0;0;1;0;1;0;0;0;0
"28/09/2023";"03:54:00";"62";"Acidente s";"474";"BR-101/RJ";"Pista Sul";"Choque em objeto fixo";0;0;0;0;0;0;0;0;1;0;1;0;0;0;0
"28/09/2023";"05:41:00";"83";"Acidente c";"230,4";"BR-116/SP";"Pista Sul";"Capotamento";0;0;0;0;2;0;0;0;1;0;3;1;0;0;0
"28/09/2023";"05:48:00";"87";"Acidente c";"228";"BR-116/SP";"Pista Sul";"Abalroamento longitudinal";0;1;0;0;0;0;0;0;1;0;1;0;1;0;0
"28/09/2023";"06:18:00";"96";"Acidente c";"270,5";"BR-116/RJ";"Pista Sul";"Choque em defensa";0;0;0;0;0;0;0;0;1;0;0;0;1;0;0
"28/09/2023";"06:56:00";"126";"Acidente s";"155";"BR-116/SP";"Pista Sul";"Engavetamento";0;0;0;0;0;0;0;0;4;0;5;0;0;0;0
"28/09/2023";"07:18:00";"145";"Acidente c";"528,5";"BR-101/RJ";"Pista Norte";"Choque em objeto fixo";0;0;0;0;0;0;0;0;1;0;0;1;0;0;0
"28/09/2023";"07:48:00";"171";"Acidente c";"388";"BR-101/RJ";"Pista Sul";"Engavetamento";1;1;0;0;0;0;0;0;2;0;6;2;0;0;0
"28/09/2023";"07:54:00";"176";"Acidente s";"154";"BR-116/SP";"Pista Norte";"Colisão traseira";0;0;0;0;0;0;0;0;1;1;2;0;0;0;0
"28/09/2023";"08:36:00";"204";"Acidente s";"252";"BR-116/RJ";"Pista Sul";"Choque em objeto fixo";0;0;0;0;0;0;0;0;1;0;2;0;0;0;0
"28/09/2023";"09:07:00";"224";"Acidente s";"278,7";"BR-116/RJ";"Pista Sul";"Choque em objeto fixo";0;0;0;0;0;0;0;0;1;0;1;0;0;0;0
"28/09/2023";"10:28:00";"272";"Acidente s";"144";"BR-116/SP";"Pista Norte";"Colisão traseira";0;0;0;0;0;0;0;0;2;0;0;0;0;0;0
"28/09/2023";"11:33:00";"308";"Acidente s";"282";"BR-116/RJ";"Pista Norte";"Choque em barreira New Jersey";0;0;0;0;0;0;0;0;1;0;1;0;0;0;0
"28/09/2023";"12:46:00";"338";"Acidente s";"232,7";"BR-116/RJ";"Pista Norte";"Choque Talude";1;0;0;0;0;0;0;0;0;0;1;0;0;0;0
"28/09/2023";"13:02:00";"346";"Acidente s";"231,5";"BR-116/RJ";"Pista Sul";"Choque em barreira New Jersey";0;0;0;0;0;0;0;0;1;0;1;0;0;0;0
"28/09/2023";"14:18:00";"387";"Acidente s";"484";"BR-101/RJ";"Pista Norte";"Colisão traseira";0;0;0;0;0;0;0;0;2;0;2;0;0;0;0
"28/09/2023";"14:19:00";"389";"Acidente c";"281";"BR-116/RJ";"Pista Sul";"Colisão traseira";2;0;0;0;0;0;0;0;0;0;1;0;1;0;0
"28/09/2023";"14:33:00";"394";"Acidente s";"279";"BR-116/RJ";"Pista Sul";"Choque em barreira New Jersey";0;0;0;0;0;0;0;0;1;0;1;0;0;0;0
"28/09/2023";"15:33:00";"425";"Acidente s";"462,9";"BR-101/RJ";"Pista Norte";"Choque em defensa";0;0;0;0;0;0;0;0;1;0;2;0;0;0;0
"28/09/2023";"15:39:00";"427";"Acidente s";"333";"BR-116/RJ";"Pista Norte";"Queda de ribanceira";0;0;0;0;0;0;1;0;0;0;2;0;0;0;0
"28/09/2023";"16:23:00";"455";"Acidente s";"406";"BR-101/RJ";"Pista Sul";"Engavetamento";1;0;0;0;0;0;0;0;2;0;7;0;0;0;0
"28/09/2023";"16:43:00";"463";"Acidente c";"110,9";"BR-116/SP";"Pista Norte";"Queda de moto";0;1;0;0;0;0;1;0;0;0;2;0;1;0;0
"28/09/2023";"17:15:00";"477";"Acidente c";"220";"BR-116/SP";"Pista Sul";"Colisão traseira";1;0;0;0;0;0;0;0;1;0;1;1;0;0;0
"28/09/2023";"18:26:00";"518";"Acidente s";"462";"BR-101/RJ";"Pista Norte";"Engavetamento";0;0;0;1;0;1;0;0;0;1;92;0;0;0;0
"28/09/2023";"18:34:00";"521";"Acidente s";"462";"BR-101/RJ";"Pista Norte";"Choque Talude";0;0;0;1;0;0;0;0;0;0;45;0;0;0;0
"29/09/2023";"01:36:00";"33";"Acidente c";"30,5";"BR-116/SP";"Pista Norte";"Colisão traseira";2;0;0;0;0;0;0;0;0;0;1;1;0;0;0
"29/09/2023";"03:49:00";"45";"Acidente s";"23,3";"BR-116/SP";"Pista Sul";"Choque em barreira New Jersey";1;0;0;0;0;0;0;0;0;0;1;0;0;0;0
"29/09/2023";"04:45:00";"50";"Acidente s";"100,1";"BR-116/SP";"Pista Norte";"Colisão traseira";2;0;0;0;0;0;0;0;0;0;2;0;0;0;0
"29/09/2023";"05:09:00";"55";"Acidente s";"209";"BR-116/SP";"Pista Sul";"Choque em defensa";0;0;0;0;0;0;0;0;1;0;1;0;0;0;0
"29/09/2023";"05:36:00";"61";"Acidente c";"417,9";"BR-101/RJ";"Pista Sul";"Choque Talude";0;0;0;0;0;0;0;0;1;0;1;0;1;0;0
"29/09/2023";"06:12:00";"77";"Acidente s";"333";"BR-116/RJ";"Pista Norte";"Colisão traseira";1;0;0;0;0;0;0;0;1;0;2;0;0;0;0
"29/09/2023";"06:38:00";"92";"Acidente s";"304,2";"BR-116/RJ";"Pista Sul";"Choque em defensa";0;0;0;0;0;0;0;0;1;0;1;0;0;0;0
"29/09/2023";"08:02:00";"158";"Acidente s";"218";"BR-116/SP";"Pista Norte";"Queda de moto";0;1;0;0;0;0;0;0;0;0;2;0;0;0;0
"29/09/2023";"08:17:00";"165";"Acidente s";"280,5";"BR-116/RJ";"Pista Norte";"Tombamento";1;0;0;0;0;0;0;0;0;0;2;0;0;0;0
"29/09/2023";"08:51:00";"190";"Acidente s";"282,1";"BR-116/RJ";"Pista Norte";"Choque em barreira New Jersey";0;0;0;0;0;0;0;0;1;0;1;0;0;0;0
"29/09/2023";"11:07:00";"259";"Acidente c";"101,5";"BR-116/SP";"Pista Norte";"Engavetamento";2;0;0;0;0;0;0;0;3;0;7;2;0;0;0
"29/09/2023";"11:35:00";"274";"Acidente s";"159,5";"BR-116/SP";"Pista Sul";"Colisão traseira";2;0;0;0;0;0;0;0;0;0;2;0;0;0;0
"29/09/2023";"13:05:00";"327";"Acidente s";"219,5";"BR-116/SP";"Pista Sul";"Colisão traseira";1;0;0;0;0;0;0;0;1;0;2;0;0;0;0
"29/09/2023";"13:17:00";"330";"Acidente s";"229,05";"BR-116/RJ";"Pista Norte";"Abalroamento longitudinal";1;0;0;0;0;0;0;0;1;0;3;0;0;0;0
"29/09/2023";"14:31:00";"365";"Acidente s";"112";"BR-116/SP";"Pista Sul";"Colisão traseira";0;0;0;1;0;0;0;0;1;0;15;0;0;0;0
"29/09/2023";"15:24:00";"387";"Acidente s";"101,2";"BR-116/SP";"Pista Norte";"Capotamento";1;0;0;0;0;0;0;0;1;0;2;0;0;0;0
"29/09/2023";"16:22:00";"412";"Acidente c";"148,5";"BR-116/SP";"Pista Norte";"Colisão traseira";2;0;0;0;0;0;0;0;0;0;1;0;1;0;0
"29/09/2023";"18:13:00";"469";"Acidente c";"110,6";"BR-116/SP";"Pista Sul";"Queda de moto";0;1;0;0;0;0;0;0;0;0;0;0;1;0;0
"29/09/2023";"18:41:00";"482";"Acidente c";"51,2";"BR-116/SP";"Pista Sul";"Abalroamento longitudinal";0;1;0;0;0;0;0;0;1;0;1;0;1;0;0
"29/09/2023";"19:23:00";"504";"Acidente c";"560";"BR-101/RJ";"Pista Norte";"Atropelamento de animal";0;1;0;0;0;0;0;0;0;0;0;0;1;0;0
"29/09/2023";"19:39:00";"510";"Acidente c";"112,4";"BR-116/SP";"Pista Sul";"Capotamento";0;0;0;0;0;0;0;0;1;0;0;0;1;0;0
"29/09/2023";"20:24:00";"530";"Acidente s";"214,8";"BR-116/SP";"Pista Norte";"Atropelamento de animal";0;0;0;0;0;0;1;0;0;0;1;0;0;0;0
"29/09/2023";"20:35:00";"536";"Acidente c";"303,9";"BR-116/RJ";"Pista Norte";"Atropelamento de animal";0;0;0;0;0;0;0;0;1;0;0;1;0;0;1
"29/09/2023";"20:45:00";"541";"Acidente c";"508";"BR-101/RJ";"Pista Sul";"Abalroamento longitudinal";0;1;0;0;0;0;0;0;1;0;1;0;2;0;0
"29/09/2023";"20:59:00";"550";"Acidente s";"219,15";"BR-116/SP";"Pista Norte";"Colisão traseira";0;0;0;0;0;0;0;0;2;0;3;0;0;0;0
"30/09/2023";"06:01:00";"92";"Acidente s";"441";"BR-101/RJ";"Pista Norte";"Choque em objeto fixo";0;0;0;0;0;0;0;0;1;0;2;0;0;0;0
"30/09/2023";"08:58:00";"215";"Acidente s";"227,7";"BR-116/SP";"Pista Sul";"Engavetamento";0;0;0;0;0;0;0;0;2;1;5;0;0;0;0
"30/09/2023";"09:59:00";"251";"Acidente c";"436";"BR-101/RJ";"Pista Norte";"Choque em objeto fixo";0;1;0;0;0;0;0;0;0;0;0;2;0;0;0
"30/09/2023";"10:49:00";"273";"Acidente c";"228,8";"BR-116/SP";"Pista Sul";"Abalroamento longitudinal";0;1;0;0;0;0;0;0;1;0;1;1;0;0;0
"30/09/2023";"10:52:00";"275";"Acidente s";"229,95";"BR-116/SP";"Pista Sul";"Choque em defensa";0;0;0;0;0;0;0;0;1;0;1;0;0;0;0
"30/09/2023";"12:48:00";"317";"Acidente s";"323";"BR-116/RJ";"Pista Norte";"Engavetamento";0;0;0;0;0;0;0;0;3;0;6;0;0;0;0
"30/09/2023";"12:58:00";"321";"Acidente s";"230,6";"BR-116/SP";"Pista Norte";"Engavetamento";0;0;0;0;0;0;0;0;3;0;8;0;0;0;0
"30/09/2023";"15:47:00";"419";"Acidente c";"227,5";"BR-116/SP";"Pista Norte";"Queda de moto";0;1;0;0;0;0;0;0;0;0;0;1;1;0;0
"30/09/2023";"17:02:00";"449";"Acidente s";"206,1";"BR-116/SP";"Pista Sul";"Colisão traseira";0;0;0;0;0;0;0;0;2;0;2;0;0;0;0
"30/09/2023";"17:44:00";"465";"Acidente c";"507";"BR-101/RJ";"Pista Norte";"Atropelamento de animal";0;1;0;0;0;0;0;0;0;0;0;0;1;0;0
"30/09/2023";"17:48:00";"468";"Acidente s";"154,7";"BR-116/SP";"Pista Sul";"Engavetamento";0;0;0;0;0;0;0;0;2;1;10;0;0;0;0
"30/09/2023";"18:27:00";"482";"Acidente s";"151,8";"BR-116/SP";"Pista Sul";"Abalroamento longitudinal";1;0;0;0;0;0;0;0;1;0;3;0;0;0;0
"30/09/2023";"18:34:00";"488";"Acidente s";"179,6";"BR-116/SP";"Pista Norte";"Choque em objeto fixo";0;0;0;0;0;0;0;0;1;0;1;0;0;0;0
"30/09/2023";"18:46:00";"492";"Acidente c";"508,5";"BR-101/RJ";"Pista Norte";"Atropelamento de pedestre atravessando";0;0;0;0;0;0;0;0;0;1;1;0;1;0;0
"30/09/2023";"18:53:00";"493";"Acidente c";"233";"BR-116/RJ";"Pista Norte";"Choque Talude";0;1;0;0;0;0;0;0;0;0;0;0;0;1;0
"30/09/2023";"19:05:00";"498";"Acidente c";"152,5";"BR-116/SP";"Pista Norte";"Queda de moto";0;1;0;0;0;0;0;0;0;0;0;0;1;0;0
"30/09/2023";"19:28:00";"503";"Acidente s";"486";"BR-101/RJ";"Pista Sul";"Colisão traseira";0;0;0;0;0;0;0;0;2;0;3;0;0;0;0
"30/09/2023";"19:45:00";"508";"Acidente s";"156";"BR-116/SP";"Pista Sul";"Abalroamento longitudinal";1;0;0;0;0;0;0;0;1;0;2;0;0;0;0
"30/09/2023";"19:55:00";"513";"Acidente s";"589,5";"BR-101/RJ";"Pista Sul";"Colisão traseira";0;0;0;0;0;0;0;0;2;0;3;0;0;0;0
"30/09/2023";"20:01:00";"516";"Acidente s";"243";"BR-116/RJ";"Pista Sul";"Abalroamento longitudinal";1;0;0;0;0;0;0;0;1;0;2;0;0;0;0
"30/09/2023";"21:54:00";"552";"Acidente s";"117,65";"BR-116/SP";"Pista Norte";"Choque em objeto fixo";0;0;0;0;0;0;0;0;1;0;1;0;0;0;0
"30/09/2023";"23:18:00";"575";"Acidente s";"220";"BR-116/RJ";"Pista Sul";"Atropelamento de animal";0;0;0;0;0;0;0;0;2;0;7;0;0;0;0
"01/10/2023";"00:48:00";"35";"Acidente c";"144";"BR-116/SP";"Pista Norte";"Capotamento";0;0;0;0;0;1;0;0;1;0;1;1;0;0;0
"01/10/2023";"02:16:00";"56";"Acidente s";"511";"BR-101/RJ";"Pista Sul";"Choque em objeto fixo";0;0;0;0;0;1;0;0;0;0;1;0;0;0;0
"01/10/2023";"03:33:00";"68";"Acidente s";"223";"BR-116/SP";"Pista Norte";"Outros";0;0;0;0;0;0;0;0;1;0;1;0;0;0;0
"01/10/2023";"04:48:00";"83";"Acidente s";"224,95";"BR-116/SP";"Pista Sul";"Choque em barreira New Jersey";0;0;0;0;0;0;0;0;1;0;1;0;0;0;0
"01/10/2023";"04:48:00";"82";"Acidente s";"191,6";"BR-116/SP";"Pista Norte";"Capotamento";0;0;0;0;0;0;0;0;1;0;1;0;0;0;0
"01/10/2023";"05:22:00";"89";"Acidente c";"36,6";"BR-116/SP";"Pista Sul";"Choque em defensa";0;0;0;0;0;0;0;0;1;0;0;0;1;0;0
"01/10/2023";"05:55:00";"97";"Acidente c";"381";"BR-101/RJ";"Pista Norte";"Atropelamento de pedestre atravessando";0;0;1;0;0;0;0;0;1;0;1;1;0;0;0
"01/10/2023";"06:15:00";"106";"Acidente s";"217,8";"BR-116/SP";"Pista Norte";"Choque em barreira New Jersey";0;0;0;0;0;0;0;0;1;0;2;0;0;0;0
"01/10/2023";"06:16:00";"107";"Acidente c";"65";"BR-116/SP";"Pista Sul";"Abalroamento longitudinal";1;0;0;0;0;0;0;0;1;0;1;1;0;0;0
"01/10/2023";"06:22:00";"108";"Acidente s";"90";"BR-116/SP";"Pista Norte";"Choque em objeto fixo";1;0;0;0;0;0;0;0;0;0;1;0;0;0;0
"01/10/2023";"06:35:00";"113";"Acidente c";"43,3";"BR-101/SP";"Pista Norte";"Choque em objeto fixo";0;0;0;0;0;0;0;0;1;0;0;1;0;0;0
"01/10/2023";"07:16:00";"123";"Atropelame";"231";"BR-116/SP";"Pista Norte";"Atropelamento de pedestre caminhando";0;0;0;0;0;0;0;0;0;1;1;0;1;0;0
"01/10/2023";"07:20:00";"125";"Acidente c";"296";"BR-116/RJ";"Pista Norte";"Outros";0;0;0;0;0;0;0;0;1;0;0;6;0;0;0
"01/10/2023";"08:30:00";"157";"Acidente s";"330,8";"BR-116/RJ";"Pista Norte";"Choque em barreira New Jersey";0;0;0;0;0;0;0;0;1;0;1;0;0;0;0
"01/10/2023";"08:35:00";"158";"Acidente c";"180,9";"BR-116/SP";"Pista Norte";"Choque em objeto na pista";0;0;0;0;0;0;0;0;1;0;0;1;0;0;0
"01/10/2023";"09:42:00";"189";"Acidente s";"132,8";"BR-116/SP";"Pista Norte";"Choque em objeto fixo";0;0;0;0;0;0;0;0;1;0;1;0;0;0;0
"01/10/2023";"09:49:00";"192";"Acidente s";"105";"BR-116/SP";"Pista Sul";"Abalroamento longitudinal";1;0;0;0;0;0;0;0;1;0;3;0;0;0;0
"01/10/2023";"11:20:00";"226";"Acidente s";"224,05";"BR-116/RJ";"Pista Norte";"Choque em objeto fixo";0;0;0;0;0;0;0;0;1;0;1;0;0;0;0
"01/10/2023";"11:39:00";"235";"Acidente s";"213";"BR-116/SP";"Pista Sul";"Choque em barreira New Jersey";0;0;0;0;0;0;0;0;1;0;1;0;0;0;0
"01/10/2023";"11:41:00";"237";"Acidente s";"421";"BR-101/RJ";"Pista Sul";"Choque em defensa";0;0;0;0;0;0;0;0;1;0;1;0;0;0;0
"01/10/2023";"11:54:00";"241";"Acidente s";"274";"BR-116/RJ";"Pista Sul";"Choque em defensa";0;0;0;0;0;0;0;0;1;0;2;0;0;0;0
"01/10/2023";"11:58:00";"242";"Acidente c";"198";"BR-116/SP";"Pista Norte";"Choque em barreira New Jersey";0;0;0;0;0;0;0;0;1;0;2;1;0;0;0
"01/10/2023";"12:53:00";"262";"Acidente s";"222,9";"BR-116/SP";"Pista Norte";"Choque em defensa";0;0;0;0;0;0;0;0;1;0;1;0;0;0;0
"01/10/2023";"12:58:00";"265";"Acidente s";"38,7";"BR-116/SP";"Pista Norte";"Choque em defensa";1;0;0;0;0;0;0;0;1;0;2;0;0;0;0
"01/10/2023";"13:37:00";"284";"Acidente c";"85,1";"BR-116/SP";"Pista Sul";"Abalroamento longitudinal";0;1;0;0;0;0;0;0;0;1;1;1;0;0;0
"01/10/2023";"13:38:00";"285";"Acidente s";"565";"BR-101/RJ";"Pista Sul";"Choque em objeto fixo";0;0;0;0;0;0;0;0;1;0;1;0;0;0;0
"01/10/2023";"13:54:00";"293";"Acidente s";"442";"BR-101/RJ";"Pista Norte";"Choque em objeto fixo";0;0;0;0;0;0;0;0;1;0;1;0;0;0;0
"01/10/2023";"14:42:00";"315";"Acidente s";"26,3";"BR-116/SP";"Pista Sul";"Choque em objeto fixo";0;0;0;0;0;0;0;0;1;0;1;0;0;0;0
"01/10/2023";"15:06:00";"323";"Acidente s";"106,6";"BR-116/SP";"Pista Sul";"Colisão traseira";0;0;0;0;0;0;0;0;2;0;4;0;0;0;0
"01/10/2023";"15:29:00";"329";"Acidente s";"43,2";"BR-116/SP";"Pista Norte";"Colisão traseira";1;0;0;1;0;0;0;0;0;0;47;0;0;0;0
"01/10/2023";"15:30:00";"330";"Acidente s";"388";"BR-101/RJ";"Pista Sul";"Choque em objeto fixo";0;0;0;0;0;0;0;0;1;0;1;0;0;0;0
"01/10/2023";"15:41:00";"335";"Acidente s";"100";"BR-116/SP";"Pista Sul";"Engavetamento";0;0;0;0;0;0;0;0;2;1;6;0;0;0;0
"01/10/2023";"15:52:00";"337";"Acidente s";"429";"BR-101/RJ";"Pista Sul";"Choque em objeto fixo";0;0;0;0;0;0;0;0;1;0;1;0;0;0;0
"01/10/2023";"16:28:00";"355";"Acidente c";"279,2";"BR-116/RJ";"Pista Sul";"Choque em defensa";0;0;0;0;0;0;0;0;2;0;3;1;0;0;0
"01/10/2023";"17:29:00";"380";"Acidente s";"226";"BR-116/RJ";"Pista Sul";"Choque em objeto fixo";0;0;0;0;0;0;0;0;1;0;2;0;0;0;0
"01/10/2023";"17:52:00";"388";"Acidente s";"312,7";"BR-116/RJ";"Pista Norte";"Choque em objeto fixo";0;0;0;0;0;0;0;0;1;0;1;0;0;0;0
"01/10/2023";"18:03:00";"393";"Acidente c";"244,1";"BR-116/RJ";"Pista Sul";"Capotamento";0;0;0;0;0;0;0;0;1;0;0;0;1;0;0
"01/10/2023";"18:09:00";"398";"Acidente s";"227";"BR-116/RJ";"Pista Norte";"Choque em defensa";0;0;0;0;0;0;0;0;1;0;2;0;0;0;0
"01/10/2023";"18:15:00";"402";"Acidente c";"74,3";"BR-116/SP";"Pista Sul";"Abalroamento longitudinal";0;1;0;0;0;0;0;0;1;0;1;0;1;0;0
"01/10/2023";"18:37:00";"419";"Acidente c";"226,5";"BR-116/SP";"Pista Norte";"Queda de moto";0;1;0;0;0;0;0;0;0;0;0;1;0;0;0
"01/10/2023";"19:48:00";"440";"Acidente s";"179,5";"BR-116/SP";"Pista Sul";"Engavetamento";1;0;0;0;0;0;0;0;3;0;5;0;0;0;0
"01/10/2023";"22:58:00";"481";"Acidente s";"295";"BR-116/RJ";"Pista Norte";"Choque em objeto na pista";0;0;0;0;0;0;0;0;3;0;3;0;0;0;0
"01/10/2023";"23:04:00";"483";"Acidente s";"295";"BR-116/RJ";"Pista Sul";"Choque em objeto na pista";0;0;0;0;0;0;0;0;3;0;3;0;0;0;0
"01/10/2023";"23:12:00";"488";"Acidente s";"205,7";"BR-116/SP";"Pista Norte";"Choque em barreira New Jersey";0;0;0;0;0;0;0;0;1;0;1;0;0;0;0
"01/10/2023";"23:52:00";"498";"Acidente s";"223";"BR-116/SP";"Pista Norte";"Colisão traseira";0;0;0;0;0;0;0;0;2;0;3;0;0;0;0
"01/10/2023";"23:58:00";"500";"Acidente s";"114,6";"BR-116/SP";"Pista Norte";"Colisão traseira";0;0;0;0;0;0;0;0;1;1;3;0;0;0;0
"02/10/2023";"04:40:00";"42";"Acidente s";"167,7";"BR-116/SP";"Pista Sul";"Colisão traseira";1;0;0;0;0;0;0;0;1;0;2;0;0;0;0
"02/10/2023";"05:38:00";"49";"Acidente s";"226,3";"BR-116/RJ";"Pista Sul";"Choque em defensa";0;0;0;0;0;0;0;0;1;0;1;0;0;0;0
"02/10/2023";"05:39:00";"50";"Acidente c";"216";"BR-116/SP";"Pista Sul";"Choque em barreira New Jersey";0;0;0;0;0;0;0;0;1;0;0;1;2;0;0
"02/10/2023";"06:09:00";"61";"Acidente c";"210";"BR-116/SP";"Pista Sul";"Abalroamento longitudinal";0;1;0;0;0;0;0;0;1;0;1;1;0;0;0
"02/10/2023";"06:30:00";"74";"Acidente s";"224";"BR-116/RJ";"Pista Norte";"Choque em objeto fixo";0;0;0;0;0;0;0;0;1;0;1;0;0;0;0
"02/10/2023";"07:02:00";"96";"Acidente s";"247,2";"BR-116/RJ";"Pista Norte";"Capotamento";0;0;0;0;0;0;0;0;1;0;1;0;0;0;0
"02/10/2023";"07:15:00";"108";"Acidente c";"392,8";"BR-101/RJ";"Pista Norte";"Queda de moto";0;1;0;0;0;0;0;0;0;0;0;1;0;0;0
"02/10/2023";"07:57:00";"144";"Acidente s";"576";"BR-101/RJ";"Pista Norte";"Engavetamento";0;0;0;0;0;0;0;0;2;1;3;0;0;0;0
"02/10/2023";"08:29:00";"168";"Acidente c";"228,8";"BR-116/SP";"Pista Sul";"Abalroamento longitudinal";0;2;0;0;0;0;0;0;0;0;0;2;2;0;0
"02/10/2023";"10:31:00";"272";"Acidente s";"540,2";"BR-101/RJ";"Pista Sul";"Choque em objeto fixo";0;0;0;0;0;0;0;0;1;0;1;0;0;0;0
"02/10/2023";"10:33:00";"274";"Acidente s";"199";"BR-116/SP";"Pista Norte";"Choque em objeto na pista";0;0;0;0;0;0;0;0;1;1;2;0;0;0;0
"02/10/2023";"11:01:00";"290";"Acidente s";"65,14";"BR-116/SP";"Pista Sul";"Outros";0;0;0;0;0;0;0;0;1;0;2;0;0;0;0
"02/10/2023";"11:52:00";"317";"Acidente c";"128,8";"BR-116/SP";"Pista Sul";"Queda de moto";0;1;0;0;0;0;0;0;0;0;0;0;1;0;0
"02/10/2023";"13:31:00";"363";"Atropelame";"226,3";"BR-116/RJ";"Pista Norte";"Atropelamento de pedestre caminhando";0;0;0;0;0;0;0;0;0;1;1;0;0;1;0
"02/10/2023";"13:37:00";"367";"Acidente s";"538";"BR-101/RJ";"Pista Sul";"Choque em objeto fixo";1;0;0;0;0;0;0;0;0;0;1;0;0;0;0
"02/10/2023";"14:51:00";"402";"Acidente s";"434";"BR-101/RJ";"Pista Norte";"Choque em objeto fixo";1;0;0;0;0;0;0;0;0;0;2;0;0;0;0
"02/10/2023";"14:55:00";"406";"Acidente c";"442";"BR-101/RJ";"Pista Sul";"Colisão frontal";0;0;0;0;0;0;0;0;2;0;2;0;1;0;0
"02/10/2023";"16:18:00";"446";"Acidente s";"528,2";"BR-101/RJ";"Pista Sul";"Choque em objeto fixo";0;0;0;0;0;0;0;0;1;0;1;0;0;0;0
"02/10/2023";"16:35:00";"454";"Acidente c";"430";"BR-101/RJ";"Pista Norte";"Choque Talude";0;0;0;0;0;0;0;0;1;0;0;1;0;0;0
"02/10/2023";"18:35:00";"522";"Acidente s";"203";"BR-116/SP";"Pista Norte";"Engavetamento";0;0;0;0;0;0;0;0;2;1;6;0;0;0;0
"02/10/2023";"18:47:00";"529";"Acidente s";"211,7";"BR-116/SP";"Pista Norte";"Abalroamento longitudinal";0;0;0;0;0;0;0;0;1;1;2;0;0;0;0
"02/10/2023";"19:25:00";"539";"Acidente c";"219";"BR-116/SP";"Pista Sul";"Colisão traseira";0;1;0;0;0;0;0;0;1;0;1;1;0;0;0
"02/10/2023";"23:13:00";"607";"Acidente s";"579";"BR-101/RJ";"Pista Sul";"Choque em objeto fixo";0;0;0;0;0;0;0;0;1;0;1;0;0;0;0
"03/10/2023";"02:15:00";"44";"Acidente c";"222,6";"BR-116/SP";"Pista Sul";"Queda de moto";0;1;0;0;0;0;0;0;0;0;0;0;1;0;0
"03/10/2023";"07:12:00";"120";"Acidente s";"542";"BR-101/RJ";"Pista Norte";"Choque em objeto fixo";0;0;0;0;0;0;0;0;1;0;2;0;0;0;0