data;horario;n_da_ocorrencia;tipo_de_ocorrencia;km;trecho;sentido;tipo_de_acidente;automovel;bicicleta;caminhao;moto;onibus;outros;tracao_animal;transporte_de_cargas_especiais;trator_maquinas;utilitarios;ilesos;levemente_feridos;moderadamente_feridos;gravemente_feridos;mortos
"03/10/2023";"07:39:00";"140";"Acidente c";"138,1";"BR-116/SP";"Pista Sul";"Colisão traseira";0;1;0;0;0;0;0;0;1;0;2;1;0;0;0
"03/10/2023";"09:00:00";"203";"Acidente c";"165,2";"BR-116/SP";"Pista Norte";"Engavetamento";0;0;0;0;0;0;0;0;3;0;6;1;0;0;0
"03/10/2023";"09:02:00";"206";"Acidente s";"227";"BR-116/SP";"Pista Sul";"Colisão traseira";0;0;0;0;0;0;0;0;2;0;2;0;0;0;0
"03/10/2023";"09:57:00";"255";"Acidente s";"209";"BR-116/SP";"Pista Norte";"Colisão traseira";0;0;0;0;0;0;0;0;1;1;1;0;0;0;0
"03/10/2023";"11:08:00";"302";"Acidente s";"227";"BR-116/SP";"Pista Sul";"Colisão traseira";0;0;0;0;0;0;0;0;2;0;2;0;0;0;0
"03/10/2023";"11:52:00";"320";"Acidente c";"108,85";"BR-116/SP";"Pista Norte";"Tombamento";1;0;0;0;0;0;0;0;1;0;1;1;0;0;0
"03/10/2023";"12:18:00";"329";"Acidente c";"210,1";"BR-116/SP";"Pista Sul";"Capotamento";0;0;0;0;0;0;0;0;1;0;0;1;0;0;0
"03/10/2023";"12:28:00";"334";"Acidente c";"231";"BR-116/SP";"Pista Sul";"Engavetamento";0;0;0;0;0;0;0;0;3;0;4;1;0;0;0
"03/10/2023";"12:56:00";"346";"Acidente c";"222";"BR-116/SP";"Pista Norte";"Colisão traseira";0;1;0;0;0;0;0;0;1;0;3;0;1;0;0
"03/10/2023";"14:51:00";"404";"Acidente c";"21";"BR-116/SP";"Pista Sul";"Queda de moto";0;1;0;0;0;0;0;0;0;0;0;0;0;1;0
"03/10/2023";"16:33:00";"452";"Acidente c";"197,8";"BR-116/SP";"Pista Sul";"Colisão traseira";1;1;0;0;0;0;0;0;0;0;1;0;0;1;0
"03/10/2023";"17:53:00";"492";"Acidente c";"135,7";"BR-116/SP";"Pista Sul";"Abalroamento longitudinal";0;1;0;0;0;0;0;0;1;0;1;0;1;0;0
"03/10/2023";"23:53:00";"616";"Acidente c";"51,1";"BR-116/SP";"Pista Norte";"Queda de moto";0;1;0;0;0;0;0;0;0;0;0;0;0;1;0
"04/10/2023";"00:37:00";"26";"Acidente s";"278,8";"BR-116/RJ";"Pista Norte";"Choque em objeto fixo";1;0;0;0;0;0;0;0;0;0;1;0;0;0;0
"04/10/2023";"01:58:00";"36";"Acidente c";"251,6";"BR-116/RJ";"Pista Norte";"Choque em objeto na pista";0;0;0;0;0;0;0;0;1;0;0;2;0;0;0
"04/10/2023";"02:32:00";"42";"Acidente c";"251,6";"BR-116/RJ";"Pista Norte";"Choque em objeto na pista";0;0;0;0;0;0;0;0;1;0;0;2;0;0;0
"04/10/2023";"07:25:00";"131";"Acidente s";"225,4";"BR-116/SP";"Pista Sul";"Abalroamento longitudinal";0;0;0;0;0;0;0;0;2;0;2;0;0;0;0
"04/10/2023";"08:08:00";"166";"Acidente c";"154,4";"BR-116/SP";"Pista Norte";"Queda de moto";0;1;0;0;0;0;0;0;0;0;1;0;1;0;0
"04/10/2023";"08:14:00";"169";"Acidente c";"218,4";"BR-116/SP";"Pista Norte";"Queda de moto";0;1;0;0;0;0;0;0;0;0;1;1;0;0;0
"04/10/2023";"09:24:00";"227";"Acidente c";"223";"BR-116/SP";"Pista Sul";"Colisão traseira";0;1;0;0;0;0;0;0;0;1;1;2;0;0;0
"04/10/2023";"10:02:00";"253";"Acidente c";"482";"BR-101/RJ";"Pista Norte";"Abalroamento longitudinal";0;1;0;0;0;0;0;0;1;0;1;0;1;0;0
"04/10/2023";"11:05:00";"295";"Acidente s";"151";"BR-116/SP";"Pista Sul";"Colisão traseira";1;0;0;0;0;0;0;0;0;1;2;0;0;0;0
"04/10/2023";"12:22:00";"321";"Acidente c";"169,8";"BR-116/SP";"Pista Norte";"Colisão traseira";0;1;0;0;0;0;0;0;1;0;2;0;0;1;0
"04/10/2023";"19:06:00";"539";"Acidente s";"22,5";"BR-116/SP";"Pista Norte";"Atropelamento de animal";0;0;0;0;0;0;0;0;1;0;1;0;0;0;0
"04/10/2023";"19:39:00";"547";"Acidente c";"202,7";"BR-116/SP";"Pista Norte";"Engavetamento";1;0;0;0;0;0;0;0;2;1;6;1;0;0;0
"04/10/2023";"20:05:00";"560";"Acidente s";"471";"BR-101/RJ";"Pista Norte";"Abalroamento longitudinal";0;0;0;1;0;0;0;0;1;0;2;0;0;0;0
"04/10/2023";"21:14:00";"585";"Acidente s";"88,15";"BR-116/SP";"Pista Norte";"Atropelamento de animal";0;0;0;0;0;0;0;0;1;0;1;0;0;0;0
"04/10/2023";"22:42:00";"622";"Acidente s";"219,6";"BR-116/SP";"Pista Norte";"Abalroamento longitudinal";1;0;0;0;0;0;0;0;0;1;2;0;0;0;0
"05/10/2023";"04:52:00";"49";"Acidente s";"390";"BR-101/RJ";"Pista Norte";"Choque em barreira New Jersey";0;0;0;0;0;0;0;0;1;0;1;0;0;0;0
"05/10/2023";"06:08:00";"73";"Acidente s";"227,6";"BR-116/SP";"Pista Sul";"Abalroamento longitudinal";0;0;0;0;0;0;0;0;1;1;2;0;0;0;0
"05/10/2023";"06:33:00";"89";"Acidente s";"230,8";"BR-116/SP";"Pista Norte";"Abalroamento longitudinal";1;0;0;0;0;0;0;0;1;0;2;0;0;0;0
"05/10/2023";"06:56:00";"101";"Acidente s";"138,55";"BR-116/SP";"Pista Sul";"Engavetamento";2;0;0;0;0;0;0;0;2;0;4;0;0;0;0
"05/10/2023";"07:02:00";"104";"Acidente s";"70,8";"BR-116/SP";"Pista Norte";"Choque em barreira New Jersey";0;0;0;0;0;0;0;0;1;0;2;0;0;0;0
"05/10/2023";"07:42:00";"137";"Acidente s";"144";"BR-116/SP";"Pista Norte";"Colisão traseira";0;0;0;0;0;0;0;0;2;0;2;0;0;0;0
"05/10/2023";"07:51:00";"146";"Acidente s";"162";"BR-116/SP";"Pista Norte";"Colisão traseira";1;0;0;0;0;0;0;0;1;0;3;0;0;0;0
"05/10/2023";"07:55:00";"149";"Acidente c";"146,8";"BR-116/SP";"Pista Sul";"Queda de moto";0;1;0;0;0;0;0;0;0;0;0;0;1;0;0
"05/10/2023";"07:56:00";"153";"Acidente s";"327,3";"BR-116/RJ";"Pista Norte";"Choque em barreira New Jersey";0;0;0;0;0;0;0;0;1;0;1;0;0;0;0
"05/10/2023";"08:11:00";"162";"Acidente s";"22,3";"BR-116/SP";"Pista Sul";"Choque em barreira New Jersey";1;0;0;0;0;0;0;0;0;0;1;0;0;0;0
"05/10/2023";"08:16:00";"165";"Acidente c";"304,9";"BR-116/RJ";"Pista Norte";"Outros";2;0;0;0;0;0;0;0;1;0;3;1;0;0;0
"05/10/2023";"08:40:00";"186";"Acidente c";"107";"BR-116/SP";"Pista Sul";"Colisão traseira";1;0;0;0;0;0;0;0;1;0;3;1;0;0;0
"05/10/2023";"09:39:00";"224";"Acidente s";"215,1";"BR-116/SP";"Pista Sul";"Abalroamento longitudinal";0;0;0;0;0;0;0;0;1;1;2;0;0;0;0
"05/10/2023";"11:42:00";"297";"Acidente c";"206";"BR-116/SP";"Pista Sul";"Abalroamento longitudinal";0;1;0;0;0;0;0;0;1;0;1;1;0;0;0
"05/10/2023";"15:07:00";"420";"Acidente s";"290";"BR-116/RJ";"Pista Sul";"Colisão traseira";0;0;0;0;0;0;0;0;2;0;2;0;0;0;0
"05/10/2023";"15:24:00";"429";"Acidente s";"23,85";"BR-116/SP";"Pista Norte";"Outros";0;0;0;0;0;0;0;0;1;0;0;0;0;0;0
"05/10/2023";"16:35:00";"478";"Acidente s";"291";"BR-116/RJ";"Pista Norte";"Colisão traseira";0;0;0;0;0;0;0;0;2;0;0;0;0;0;0
"05/10/2023";"17:53:00";"511";"Acidente c";"97";"BR-116/SP";"Pista Norte";"Queda de moto";0;1;0;0;0;0;0;0;0;0;0;0;1;0;0
"05/10/2023";"18:35:00";"537";"Acidente s";"205,1";"BR-116/SP";"Pista Sul";"Colisão traseira";0;0;0;0;0;0;0;0;2;0;2;0;0;0;0
"05/10/2023";"19:10:00";"560";"Acidente s";"326,1";"BR-116/RJ";"Pista Norte";"Choque em objeto fixo";0;0;0;0;0;0;0;0;1;0;1;0;0;0;0
"05/10/2023";"19:22:00";"565";"Acidente c";"225";"BR-116/SP";"Pista Norte";"Engavetamento";1;1;0;0;0;0;0;0;1;0;2;1;0;0;0
"05/10/2023";"20:02:00";"587";"Acidente c";"43,3";"BR-101/SP";"Pista Sul";"Colisão frontal";0;1;0;0;0;0;0;0;1;0;0;1;0;1;0
"05/10/2023";"21:12:00";"623";"Acidente s";"542,3";"BR-101/RJ";"Pista Norte";"Choque em objeto fixo";0;0;0;0;0;0;0;0;1;0;1;0;0;0;0
"05/10/2023";"22:42:00";"657";"Acidente c";"163,3";"BR-116/SP";"Pista Norte";"Queda de moto";0;1;0;0;0;0;0;0;0;0;0;0;0;1;0
"06/10/2023";"06:34:00";"124";"Acidente s";"219,6";"BR-116/RJ";"Pista Norte";"Choque em barreira New Jersey";0;0;0;0;0;0;0;0;1;0;2;0;0;0;0
"06/10/2023";"06:44:00";"133";"Acidente c";"491";"BR-101/RJ";"Pista Sul";"Colisão frontal";0;1;0;0;0;0;0;0;1;0;1;0;0;0;1
"06/10/2023";"06:49:00";"136";"Acidente c";"456";"BR-101/RJ";"Pista Norte";"Colisão frontal";0;0;0;0;0;0;1;0;1;0;0;1;1;0;0
"06/10/2023";"06:53:00";"139";"Acidente s";"276";"BR-116/RJ";"Pista Sul";"Choque em barreira New Jersey";0;0;0;0;0;0;0;0;1;0;1;0;0;0;0
"06/10/2023";"07:33:00";"182";"Acidente s";"234,45";"BR-116/RJ";"Pista Sul";"Colisão traseira";1;0;0;0;0;0;0;0;1;0;2;0;0;0;0
"06/10/2023";"07:48:00";"194";"Acidente c";"425";"BR-101/RJ";"Pista Sul";"Abalroamento longitudinal";0;0;0;0;0;0;0;0;2;0;0;7;0;0;0
"06/10/2023";"07:48:00";"193";"Acidente s";"267,8";"BR-116/RJ";"Pista Sul";"Abalroamento longitudinal";1;0;0;0;0;0;0;0;1;0;2;0;0;0;0
"06/10/2023";"08:38:00";"237";"Acidente s";"271";"BR-116/RJ";"Pista Sul";"Choque em objeto na pista";0;0;0;0;0;0;0;0;1;0;1;0;0;0;0
"06/10/2023";"09:02:00";"259";"Acidente s";"24,2";"BR-116/SP";"Pista Norte";"Choque em barreira New Jersey";0;0;0;0;0;0;0;0;1;0;2;0;0;0;0
"06/10/2023";"09:03:00";"260";"Acidente c";"215,95";"BR-116/SP";"Pista Sul";"Colisão traseira";0;1;0;0;0;0;0;0;0;1;1;1;0;0;0
"06/10/2023";"09:16:00";"266";"Acidente s";"215,95";"BR-116/SP";"Pista Sul";"Choque em defensa";0;0;0;0;0;0;0;0;1;0;0;0;0;0;0
"06/10/2023";"09:17:00";"267";"Acidente s";"488";"BR-101/RJ";"Pista Sul";"Abalroamento longitudinal";2;0;0;0;0;0;0;0;0;0;2;0;0;0;0
"06/10/2023";"09:29:00";"285";"Acidente s";"385";"BR-101/RJ";"Pista Sul";"Choque em objeto fixo";0;0;0;0;0;0;0;0;1;0;1;0;0;0;0
"06/10/2023";"11:21:00";"363";"Acidente c";"215,1";"BR-116/SP";"Pista Norte";"Queda de moto";0;1;0;0;0;0;0;0;0;0;0;1;0;0;0
"06/10/2023";"12:02:00";"383";"Acidente s";"97,6";"BR-116/SP";"Pista Sul";"Engavetamento";0;0;0;0;0;0;0;0;4;0;12;0;0;0;0
"06/10/2023";"14:05:00";"453";"Acidente s";"151,5";"BR-116/SP";"Pista Norte";"Engavetamento";1;1;0;0;0;0;0;0;1;0;4;0;0;0;0
"06/10/2023";"14:25:00";"461";"Acidente s";"152,2";"BR-116/SP";"Pista Norte";"Choque em barreira New Jersey";1;0;0;0;0;0;0;0;0;0;1;0;0;0;0
"06/10/2023";"14:26:00";"462";"Acidente s";"211";"BR-116/SP";"Pista Sul";"Choque em barreira New Jersey";0;0;0;0;0;0;0;0;1;0;1;0;0;0;0
"06/10/2023";"15:42:00";"504";"Acidente s";"104,75";"BR-116/SP";"Pista Norte";"Choque em barreira New Jersey";0;0;0;0;0;0;0;0;1;0;2;0;0;0;0
"06/10/2023";"16:37:00";"530";"Acidente s";"334,1";"BR-116/RJ";"Pista Sul";"Choque em barreira New Jersey";1;0;0;0;0;0;0;0;0;0;1;0;0;0;0
"06/10/2023";"16:48:00";"540";"Acidente c";"229";"BR-116/SP";"Pista Norte";"Colisão traseira";0;1;0;0;0;0;0;0;1;0;1;0;0;1;0
"06/10/2023";"17:24:00";"559";"Acidente s";"179,3";"BR-116/SP";"Pista Sul";"Outros";1;0;0;0;0;0;0;0;0;0;1;0;0;0;0
"06/10/2023";"17:48:00";"577";"Acidente c";"250";"BR-116/RJ";"Pista Sul";"Choque em barreira New Jersey";0;0;0;0;0;1;0;0;0;1;2;0;1;0;0
"06/10/2023";"18:02:00";"582";"Acidente s";"104,1";"BR-116/SP";"Pista Sul";"Colisão traseira";0;1;0;0;0;0;0;0;1;0;2;0;0;0;0
"06/10/2023";"18:15:00";"590";"Acidente s";"442";"BR-101/RJ";"Pista Norte";"Choque em objeto fixo";0;0;0;0;0;0;0;0;1;0;0;0;0;0;0
"06/10/2023";"18:45:00";"612";"Acidente c";"398";"BR-101/RJ";"Pista Sul";"Colisão traseira";0;0;0;0;0;0;0;0;2;0;0;3;0;0;0
"06/10/2023";"18:52:00";"615";"Acidente s";"108,5";"BR-116/SP";"Pista Sul";"Colisão traseira";1;0;0;0;0;0;0;0;1;0;2;0;0;0;0
"06/10/2023";"19:12:00";"636";"Acidente s";"214,8";"BR-116/SP";"Pista Norte";"Colisão traseira";0;0;0;0;0;0;0;0;1;1;3;0;0;0;0
"06/10/2023";"19:25:00";"647";"Atropelame";"85,55";"BR-116/SP";"Pista Norte";"Atropelamento de pedestre caminhando";0;0;0;0;0;0;0;0;1;0;2;1;0;0;0
"06/10/2023";"19:43:00";"661";"Acidente s";"48,3";"BR-101/SP";"Pista Sul";"Colisão traseira";0;0;0;0;0;0;0;0;2;0;2;0;0;0;0
"06/10/2023";"23:21:00";"747";"Atropelame";"53,2";"BR-116/SP";"Pista Sul";"Atropelamento de pedestre caminhando";0;0;0;0;0;0;0;0;1;0;2;1;0;0;0
"07/10/2023";"00:33:00";"22";"Acidente c";"227,85";"BR-116/SP";"Pista Norte";"Colisão traseira";0;1;0;0;0;0;0;0;1;0;1;1;0;0;0
"07/10/2023";"04:37:00";"70";"Acidente s";"232";"BR-116/RJ";"Pista Norte";"Choque em barreira New Jersey";1;0;0;0;0;0;0;0;0;0;1;0;0;0;0
"07/10/2023";"06:29:00";"100";"Acidente c";"182,3";"BR-116/SP";"Pista Norte";"Colisão traseira";1;0;0;0;0;0;0;0;1;0;2;1;0;0;0
"07/10/2023";"07:36:00";"150";"Acidente s";"189";"BR-116/SP";"Pista Sul";"Choque em objeto fixo";0;0;0;0;0;0;0;0;1;0;1;0;0;0;0
"07/10/2023";"10:54:00";"289";"Acidente s";"227,3";"BR-116/SP";"Pista Sul";"Tombamento";0;0;0;0;0;0;1;0;0;0;0;0;0;0;0
"07/10/2023";"13:11:00";"358";"Acidente s";"144,8";"BR-116/SP";"Pista Sul";"Colisão traseira";0;0;0;0;0;0;0;0;1;1;3;0;0;0;0
"07/10/2023";"13:30:00";"369";"Acidente s";"146";"BR-116/SP";"Pista Norte";"Colisão traseira";0;0;0;0;0;0;0;0;2;0;3;0;0;0;0
"07/10/2023";"15:15:00";"436";"Acidente s";"513";"BR-101/RJ";"Pista Norte";"Abalroamento longitudinal";0;0;0;0;0;0;0;0;1;1;2;0;0;0;0
"07/10/2023";"15:32:00";"449";"Acidente s";"155,1";"BR-116/SP";"Pista Norte";"Abalroamento longitudinal";1;0;0;0;0;0;0;0;1;0;2;0;0;0;0
"07/10/2023";"16:16:00";"474";"Acidente s";"258";"BR-116/RJ";"Pista Sul";"Colisão frontal";0;0;0;0;0;0;0;0;2;0;6;0;0;0;0
"07/10/2023";"17:11:00";"502";"Acidente c";"391";"BR-101/RJ";"Pista Norte";"Colisão traseira";0;0;0;0;0;0;0;0;1;1;2;2;1;0;0
"07/10/2023";"17:36:00";"509";"Acidente c";"415";"BR-101/RJ";"Pista Norte";"Colisão traseira";1;1;0;0;0;0;0;0;0;0;2;0;0;1;1
"07/10/2023";"18:33:00";"538";"Acidente s";"219,8";"BR-116/SP";"Pista Norte";"Abalroamento longitudinal";1;0;0;0;0;0;0;0;1;0;2;0;0;0;0
"07/10/2023";"18:41:00";"544";"Acidente s";"549,6";"BR-101/RJ";"Pista Norte";"Atropelamento de animal";0;0;0;0;0;0;0;0;1;0;2;0;0;0;0
"07/10/2023";"20:44:00";"604";"Atropelame";"84,8";"BR-116/SP";"Pista Norte";"Atropelamento de pedestre atravessando";0;1;0;0;0;0;0;0;0;0;0;0;2;0;0
"07/10/2023";"20:51:00";"607";"Acidente s";"125,1";"BR-116/SP";"Pista Norte";"Choque em objeto fixo";0;0;0;0;0;0;0;0;1;0;1;0;0;0;0
"07/10/2023";"21:13:00";"612";"Acidente c";"321,2";"BR-116/RJ";"Pista Norte";"Choque em barreira New Jersey";0;1;0;0;0;0;0;0;0;0;0;0;1;0;0
"07/10/2023";"22:43:00";"637";"Atropelame";"85,6";"BR-116/SP";"Pista Norte";"Atropelamento de pedestre atravessando";0;0;0;0;0;0;0;0;0;1;1;0;1;0;0
"07/10/2023";"23:02:00";"641";"Acidente s";"476";"BR-101/RJ";"Pista Sul";"Choque em objeto fixo";0;0;0;0;0;0;0;0;1;0;1;0;0;0;0
"07/10/2023";"23:18:00";"647";"Acidente c";"418";"BR-101/RJ";"Pista Norte";"Queda de moto";0;1;0;0;0;0;0;0;0;0;0;1;0;0;0
"07/10/2023";"23:26:00";"648";"Atropelame";"51,45";"BR-116/SP";"Pista Sul";"Atropelamento de pedestre atravessando";0;0;0;0;0;0;0;0;0;1;1;0;1;0;0
"08/10/2023";"02:10:00";"39";"Acidente s";"223,45";"BR-116/SP";"Pista Sul";"Choque em objeto fixo";0;0;0;0;0;0;0;0;1;0;1;0;0;0;0
"08/10/2023";"02:14:00";"41";"Acidente s";"105,2";"BR-116/SP";"Pista Sul";"Choque em objeto fixo";0;0;0;0;0;0;0;0;1;0;2;0;0;0;0
"08/10/2023";"03:49:00";"62";"Acidente s";"417,5";"BR-101/RJ";"Pista Sul";"Choque em objeto fixo";0;0;0;0;0;0;0;0;1;0;2;0;0;0;0
"08/10/2023";"04:55:00";"70";"Acidente c";"227,9";"BR-116/SP";"Pista Norte";"Colisão traseira";0;0;0;0;0;0;0;0;2;1;2;0;1;0;0
"08/10/2023";"05:05:00";"72";"Acidente c";"145,3";"BR-116/SP";"Pista Sul";"Queda de moto";0;1;0;0;0;0;0;0;0;0;0;1;0;0;0
"08/10/2023";"06:21:00";"87";"Acidente c";"318";"BR-116/RJ";"Pista Norte";"Choque em objeto fixo";0;0;0;0;0;0;0;0;1;0;0;1;0;0;0
"08/10/2023";"06:35:00";"92";"Acidente c";"217";"BR-116/SP";"Pista Norte";"Choque em barreira New Jersey";0;0;0;0;0;0;0;0;1;0;0;1;0;0;0
"08/10/2023";"06:54:00";"98";"Acidente s";"482";"BR-101/RJ";"Pista Sul";"Choque em objeto fixo";0;0;0;0;0;0;0;0;1;0;1;0;0;0;0
"08/10/2023";"07:46:00";"126";"Acidente s";"215,6";"BR-116/SP";"Pista Sul";"Choque em objeto fixo";0;0;0;0;0;0;0;0;1;0;0;0;0;0;0
"08/10/2023";"08:39:00";"148";"Acidente c";"389";"BR-101/RJ";"Pista Sul";"Colisão traseira";0;1;0;0;0;0;0;0;1;0;1;0;1;0;0
"08/10/2023";"08:40:00";"150";"Acidente s";"147,8";"BR-116/SP";"Pista Sul";"Abalroamento longitudinal";0;0;0;0;0;0;0;0;2;0;2;0;0;0;0
"08/10/2023";"09:02:00";"163";"Acidente s";"139";"BR-116/SP";"Pista Sul";"Colisão traseira";0;0;0;0;0;0;0;0;2;0;5;0;0;0;0
"08/10/2023";"10:05:00";"197";"Acidente s";"229";"BR-116/SP";"Pista Norte";"Engavetamento";1;0;0;0;0;0;0;0;2;0;6;0;0;0;0
"08/10/2023";"10:17:00";"203";"Acidente s";"3,5";"BR-116/SP";"Pista Sul";"Colisão traseira";0;0;0;0;0;0;0;0;1;1;3;0;0;0;0
"08/10/2023";"11:15:00";"233";"Acidente s";"278,8";"BR-116/RJ";"Pista Norte";"Abalroamento longitudinal";1;0;0;0;0;0;0;0;1;0;2;0;0;0;0
"08/10/2023";"14:39:00";"331";"Acidente s";"145";"BR-116/SP";"Pista Norte";"Abalroamento longitudinal";0;0;0;0;0;0;0;0;2;0;4;0;0;0;0
"08/10/2023";"14:57:00";"341";"Acidente c";"387";"BR-101/RJ";"Pista Norte";"Colisão traseira";0;0;0;0;0;0;0;0;2;0;1;1;0;0;0
"08/10/2023";"15:38:00";"360";"Acidente s";"245";"BR-116/RJ";"Pista Norte";"Choque em barreira New Jersey";0;0;0;0;0;0;0;0;1;0;4;0;0;0;0
"08/10/2023";"15:50:00";"369";"Acidente s";"60";"BR-116/SP";"Pista Norte";"Choque em defensa";0;0;0;0;0;0;0;0;2;0;1;0;0;0;0
"08/10/2023";"16:49:00";"402";"Acidente c";"49,5";"BR-101/SP";"Pista Norte";"Colisão traseira";0;2;0;0;0;0;0;0;0;0;1;1;0;0;0
"08/10/2023";"16:50:00";"403";"Atropelame";"152,85";"BR-116/SP";"Pista Norte";"Atropelamento de pedestre atravessando";0;0;0;0;0;0;0;0;0;1;0;0;2;0;0
"08/10/2023";"17:05:00";"409";"Acidente s";"97";"BR-116/SP";"Pista Sul";"Choque em barreira New Jersey";1;0;0;0;0;0;0;0;0;0;1;0;0;0;0
"08/10/2023";"17:46:00";"431";"Acidente s";"97,5";"BR-116/SP";"Pista Sul";"Abalroamento longitudinal";0;0;0;0;0;0;0;0;2;0;8;0;0;0;0
"08/10/2023";"17:50:00";"435";"Acidente s";"558";"BR-101/RJ";"Pista Norte";"Choque em defensa";0;0;0;0;0;0;0;0;1;0;1;0;0;0;0
"08/10/2023";"17:50:00";"434";"Acidente c";"154,7";"BR-116/SP";"Pista Sul";"Colisão traseira";0;1;0;0;0;0;0;0;0;1;1;2;0;0;0
"08/10/2023";"19:28:00";"499";"Acidente s";"482";"BR-101/RJ";"Pista Sul";"Abalroamento longitudinal";0;0;0;0;0;0;0;0;1;1;3;0;0;0;0
"08/10/2023";"20:25:00";"526";"Acidente s";"128";"BR-116/SP";"Pista Sul";"Colisão traseira";0;0;0;0;0;0;0;0;2;0;3;0;0;0;0
"08/10/2023";"20:30:00";"529";"Acidente c";"468";"BR-101/RJ";"Pista Norte";"Choque Talude";0;0;0;0;0;0;0;0;1;0;0;2;0;0;0
"09/10/2023";"00:28:00";"25";"Acidente s";"169,9";"BR-116/SP";"Pista Sul";"Choque em barreira New Jersey";0;0;0;0;0;0;0;0;1;0;1;0;0;0;0
"09/10/2023";"00:42:00";"29";"Acidente s";"448";"BR-101/RJ";"Pista Sul";"Choque em objeto fixo";0;0;0;0;0;0;0;0;1;0;1;0;0;0;0
"09/10/2023";"04:00:00";"63";"Atropelame";"178,35";"BR-116/SP";"Pista Norte";"Atropelamento de pedestre atravessando";0;0;0;0;0;0;0;0;1;0;1;0;0;0;1
"09/10/2023";"05:25:00";"83";"Acidente s";"213,6";"BR-116/SP";"Pista Norte";"Engavetamento";2;0;0;1;0;0;0;0;0;0;3;0;0;0;0
"09/10/2023";"06:13:00";"89";"Acidente c";"486";"BR-101/RJ";"Pista Norte";"Colisão frontal";1;0;0;0;0;0;0;0;1;0;1;1;0;0;0
"09/10/2023";"06:35:00";"102";"Acidente s";"228,1";"BR-116/SP";"Pista Sul";"Colisão traseira";0;0;0;0;0;0;0;0;2;0;2;0;0;0;0
"09/10/2023";"06:37:00";"103";"Acidente s";"155,9";"BR-116/SP";"Pista Sul";"Colisão traseira";0;0;0;0;0;0;0;0;2;0;2;0;0;0;0
"09/10/2023";"06:47:00";"105";"Acidente c";"416";"BR-101/RJ";"Pista Norte";"Capotamento";0;0;0;0;0;0;1;0;0;0;6;1;4;1;0
"09/10/2023";"07:45:00";"134";"Acidente c";"139,4";"BR-116/SP";"Pista Sul";"Colisão traseira";0;1;0;0;0;0;0;0;0;1;1;0;2;0;0
"09/10/2023";"07:58:00";"140";"Acidente c";"230,1";"BR-116/SP";"Pista Sul";"Engavetamento";0;1;0;0;0;0;0;0;1;1;1;1;0;0;0
"09/10/2023";"08:22:00";"161";"Acidente s";"484";"BR-101/RJ";"Pista Sul";"Colisão traseira";0;0;0;0;0;0;0;0;2;0;3;0;0;0;0
"09/10/2023";"08:43:00";"169";"Acidente s";"273";"BR-116/RJ";"Pista Norte";"Choque em barreira New Jersey";0;0;0;0;0;0;0;0;1;0;1;0;0;0;0
"09/10/2023";"08:54:00";"177";"Acidente s";"223";"BR-116/SP";"Pista Sul";"Choque em objeto fixo";0;0;0;0;0;0;0;0;1;0;1;0;0;0;0
"09/10/2023";"09:19:00";"193";"Acidente c";"223";"BR-116/SP";"Pista Sul";"Queda de moto";0;1;0;0;0;0;0;0;0;0;0;1;0;0;0
"09/10/2023";"09:26:00";"199";"Acidente s";"108,6";"BR-116/SP";"Pista Sul";"Colisão traseira";0;0;0;0;0;0;0;0;2;0;4;0;0;0;0
"09/10/2023";"09:38:00";"204";"Acidente s";"226,1";"BR-116/RJ";"Pista Sul";"Choque em barreira New Jersey";0;0;0;0;0;0;0;0;1;0;1;0;0;0;0
"09/10/2023";"09:39:00";"209";"Acidente s";"219";"BR-116/SP";"Pista Sul";"Colisão traseira";0;0;0;0;0;0;0;0;1;1;2;0;0;0;0
"09/10/2023";"09:58:00";"221";"Acidente s";"226,1";"BR-116/RJ";"Pista Sul";"Choque em defensa";0;0;0;0;0;0;0;0;1;0;1;0;0;0;0
"09/10/2023";"10:20:00";"240";"Acidente c";"140";"BR-116/SP";"Pista Norte";"Queda de moto";0;1;0;0;0;0;0;0;0;0;0;1;0;0;0
"09/10/2023";"10:32:00";"245";"Acidente s";"166,8";"BR-116/SP";"Pista Norte";"Colisão traseira";1;0;0;0;0;0;0;0;0;1;2;0;0;0;0
"09/10/2023";"10:43:00";"250";"Acidente s";"227";"BR-116/SP";"Pista Sul";"Engavetamento";1;0;0;0;0;0;0;0;2;0;4;0;0;0;0
"09/10/2023";"10:46:00";"253";"Acidente c";"222,5";"BR-116/SP";"Pista Sul";"Colisão traseira";0;1;0;0;0;0;0;0;1;0;3;1;0;0;0
"09/10/2023";"11:07:00";"264";"Acidente s";"253";"BR-116/RJ";"Pista Norte";"Choque em objeto na pista";0;0;0;0;0;0;0;0;1;0;2;0;0;0;0
"09/10/2023";"11:29:00";"280";"Acidente s";"220,85";"BR-116/RJ";"Pista Sul";"Colisão traseira";1;0;0;0;0;0;0;0;1;0;3;0;0;0;0
"09/10/2023";"15:36:00";"413";"Acidente c";"161,15";"BR-116/SP";"Pista Norte";"Colisão traseira";0;1;0;0;0;0;0;0;1;0;1;0;0;1;0
"09/10/2023";"15:45:00";"419";"Acidente s";"225";"BR-116/SP";"Pista Norte";"Colisão traseira";0;0;0;0;0;0;0;0;2;0;2;0;0;0;0
"09/10/2023";"15:58:00";"424";"Acidente s";"227";"BR-116/SP";"Pista Norte";"Colisão traseira";1;0;0;0;0;0;1;0;0;0;4;0;0;0;0
"09/10/2023";"16:04:00";"427";"Acidente c";"230";"BR-116/SP";"Pista Norte";"Colisão traseira";0;1;0;0;0;0;0;0;1;0;1;1;0;0;0