data;horario;n_da_ocorrencia;tipo_de_ocorrencia;km;trecho;sentido;tipo_de_acidente;automovel;bicicleta;caminhao;moto;onibus;outros;tracao_animal;transporte_de_cargas_especiais;trator_maquinas;utilitarios;ilesos;levemente_feridos;moderadamente_feridos;gravemente_feridos;mortos
"09/10/2023";"16:44:00";"446";"Acidente c";"148,2";"BR-116/SP";"Pista Norte";"Colisão traseira";0;1;0;0;0;0;0;0;1;0;1;0;0;1;0
"09/10/2023";"16:57:00";"458";"Acidente c";"241,6";"BR-116/RJ";"Pista Sul";"Choque em barreira New Jersey";2;0;0;0;0;0;0;0;1;0;1;1;0;1;0
"09/10/2023";"18:33:00";"492";"Acidente c";"144,9";"BR-116/SP";"Pista Sul";"Colisão traseira";0;0;0;0;0;0;0;0;1;1;1;1;0;0;0
"09/10/2023";"19:08:00";"515";"Acidente s";"280,2";"BR-116/RJ";"Pista Norte";"Abalroamento longitudinal";0;0;0;0;0;0;0;0;1;1;2;0;0;0;0
"09/10/2023";"19:17:00";"520";"Acidente c";"162";"BR-116/SP";"Pista Norte";"Engavetamento";0;0;0;0;0;0;0;0;3;1;3;1;0;0;0
"09/10/2023";"22:01:00";"592";"Acidente c";"483";"BR-101/RJ";"Pista Norte";"Queda de ribanceira";0;0;0;0;0;0;0;0;1;0;0;0;0;1;0
"09/10/2023";"22:52:00";"613";"Atropelame";"219,2";"BR-116/SP";"Pista Sul";"Atropelamento de pedestre atravessando";0;0;0;0;0;0;0;0;0;1;1;0;0;0;1
"10/10/2023";"04:48:00";"57";"Acidente c";"230,2";"BR-116/SP";"Pista Sul";"Choque em defensa";0;0;0;0;0;0;0;0;1;0;0;1;0;0;0
"10/10/2023";"07:31:00";"151";"Acidente s";"248,5";"BR-116/RJ";"Pista Sul";"Choque em barreira New Jersey";0;0;0;0;0;0;0;0;1;0;1;0;0;0;0
"10/10/2023";"08:15:00";"188";"Acidente s";"442";"BR-101/RJ";"Pista Norte";"Capotamento";0;0;0;0;0;0;0;0;1;0;1;0;0;0;0
"10/10/2023";"08:20:00";"196";"Acidente s";"135,4";"BR-116/SP";"Pista Sul";"Abalroamento longitudinal";0;1;0;0;0;0;0;0;1;0;4;0;0;0;0
"10/10/2023";"11:15:00";"337";"Acidente s";"6";"BR-116/SP";"Pista Sul";"Choque em objeto fixo";0;0;0;0;0;0;0;0;1;0;0;0;0;0;0
"10/10/2023";"11:36:00";"343";"Acidente c";"575,8";"BR-101/RJ";"Pista Sul";"Abalroamento longitudinal";0;0;0;0;0;0;0;0;1;1;1;0;1;0;0
"10/10/2023";"11:54:00";"354";"Acidente c";"147,8";"BR-116/SP";"Pista Norte";"Engavetamento";0;1;0;0;0;1;0;0;1;0;2;0;1;0;0
"10/10/2023";"12:44:00";"380";"Acidente c";"222,9";"BR-116/SP";"Pista Sul";"Abalroamento longitudinal";1;2;0;0;0;0;0;0;1;0;3;0;0;1;0
"10/10/2023";"12:56:00";"386";"Acidente s";"147,8";"BR-116/SP";"Pista Norte";"Colisão traseira";0;1;0;0;0;0;0;0;1;0;3;0;0;0;0
"10/10/2023";"13:16:00";"400";"Atropelame";"136,3";"BR-116/SP";"Pista Norte";"Atropelamento de pedestre atravessando";0;0;0;0;0;0;0;0;1;0;4;1;0;0;0
"10/10/2023";"13:31:00";"409";"Acidente s";"459";"BR-101/RJ";"Pista Norte";"Abalroamento longitudinal";0;0;0;0;0;0;0;0;2;0;3;0;0;0;0
"10/10/2023";"14:24:00";"443";"Acidente s";"150,4";"BR-116/SP";"Pista Norte";"Colisão traseira";2;0;0;0;0;0;0;0;0;0;2;0;0;0;0
"10/10/2023";"15:42:00";"484";"Acidente c";"218,5";"BR-116/SP";"Pista Norte";"Queda de moto";0;1;0;0;0;0;0;0;0;0;1;1;0;0;0
"10/10/2023";"16:10:00";"503";"Acidente c";"456";"BR-101/RJ";"Pista Norte";"Colisão frontal";0;0;0;0;0;0;0;0;3;0;1;3;0;0;0
"10/10/2023";"16:40:00";"520";"Acidente s";"204";"BR-116/SP";"Pista Sul";"Atropelamento de animal";0;0;0;0;0;1;0;0;0;1;2;0;0;0;0
"10/10/2023";"18:42:00";"595";"Acidente c";"149,6";"BR-116/SP";"Pista Sul";"Abalroamento longitudinal";0;1;0;0;0;0;0;0;0;1;1;1;0;0;0
"10/10/2023";"19:43:00";"620";"Acidente s";"498";"BR-101/RJ";"Pista Sul";"Atropelamento de animal";0;0;0;0;0;0;0;0;1;0;1;0;0;0;0
"10/10/2023";"20:08:00";"636";"Acidente s";"33,6";"BR-101/SP";"Pista Norte";"Atropelamento de animal";0;0;0;0;0;0;0;0;1;0;4;0;0;0;0
"10/10/2023";"21:51:00";"678";"Acidente c";"147";"BR-116/SP";"Pista Norte";"Engavetamento";1;0;0;0;0;0;0;0;2;0;3;1;0;0;0
"10/10/2023";"22:05:00";"681";"Atropelame";"156,8";"BR-116/SP";"Pista Sul";"Atropelamento de pedestre atravessando";0;1;1;0;0;0;0;0;0;0;0;2;1;0;0
"10/10/2023";"23:24:00";"700";"Acidente s";"243,3";"BR-116/RJ";"Pista Sul";"Colisão traseira";1;0;0;0;0;0;0;0;1;0;2;0;0;0;0
"11/10/2023";"02:52:00";"58";"Acidente s";"286";"BR-116/RJ";"Pista Sul";"Abalroamento longitudinal";1;0;0;0;0;0;0;0;2;0;0;0;0;0;0
"11/10/2023";"03:38:00";"69";"Acidente s";"64,88";"BR-116/SP";"Pista Sul";"Colisão traseira";2;0;0;0;0;0;0;0;0;0;2;0;0;0;0
"11/10/2023";"05:59:00";"93";"Acidente c";"222,1";"BR-116/SP";"Pista Sul";"Abalroamento longitudinal";0;1;0;0;0;0;0;0;1;0;2;0;1;0;0
"11/10/2023";"06:17:00";"104";"Acidente s";"114,6";"BR-116/SP";"Pista Norte";"Tombamento";1;0;0;0;0;0;0;0;0;0;0;0;0;0;0
"11/10/2023";"06:30:00";"119";"Acidente c";"219,1";"BR-116/SP";"Pista Sul";"Abalroamento longitudinal";0;1;0;0;0;0;0;0;1;0;2;1;0;0;0
"11/10/2023";"06:49:00";"123";"Acidente s";"147";"BR-116/SP";"Pista Norte";"Colisão traseira";0;0;0;0;0;0;0;0;2;0;3;0;0;0;0
"11/10/2023";"07:14:00";"149";"Acidente s";"267";"BR-116/RJ";"Pista Norte";"Capotamento";0;0;0;0;0;0;0;0;1;0;1;0;0;0;0
"11/10/2023";"07:44:00";"178";"Acidente c";"43";"BR-116/SP";"Pista Sul";"Choque em objeto na pista";0;1;0;0;0;0;0;0;0;0;0;0;1;0;0
"11/10/2023";"07:46:00";"180";"Acidente c";"145,2";"BR-116/SP";"Pista Sul";"Colisão traseira";0;1;0;0;0;0;0;0;1;0;1;1;0;0;0
"11/10/2023";"07:47:00";"181";"Acidente c";"267";"BR-116/RJ";"Pista Norte";"Engavetamento";0;0;0;0;0;0;0;0;2;1;1;2;0;0;0
"11/10/2023";"07:50:00";"184";"Acidente s";"141";"BR-116/SP";"Pista Norte";"Abalroamento longitudinal";1;0;0;0;0;0;0;0;1;0;3;0;0;0;0
"11/10/2023";"08:10:00";"201";"Acidente c";"488";"BR-101/RJ";"Pista Sul";"Abalroamento longitudinal";0;1;0;0;0;0;0;0;1;0;1;1;0;0;0
"11/10/2023";"08:59:00";"230";"Acidente s";"51,9";"BR-101/SP";"Pista Sul";"Engavetamento";0;0;0;0;0;0;0;0;3;0;4;0;0;0;0
"11/10/2023";"09:16:00";"249";"Acidente s";"104";"BR-116/SP";"Pista Sul";"Engavetamento";0;0;0;0;0;0;0;0;3;1;7;0;0;0;0
"11/10/2023";"10:33:00";"301";"Acidente s";"310";"BR-116/RJ";"Pista Sul";"Abalroamento longitudinal";1;0;0;0;0;0;0;0;1;0;2;0;0;0;0
"11/10/2023";"10:34:00";"304";"Acidente s";"490";"BR-101/RJ";"Pista Sul";"Choque em objeto fixo";0;0;0;0;0;0;0;0;1;0;1;0;0;0;0
"11/10/2023";"12:08:00";"365";"Acidente c";"158,6";"BR-116/SP";"Pista Norte";"Colisão traseira";0;0;0;0;0;0;0;0;1;1;1;1;0;0;0
"11/10/2023";"12:22:00";"372";"Acidente s";"97,9";"BR-116/SP";"Pista Sul";"Colisão traseira";0;0;0;0;0;0;0;0;1;1;5;0;0;0;0
"11/10/2023";"12:27:00";"373";"Acidente c";"442";"BR-101/RJ";"Pista Sul";"Abalroamento longitudinal";2;0;0;0;0;0;0;0;0;0;4;1;0;0;0
"11/10/2023";"13:54:00";"424";"Acidente s";"155";"BR-116/SP";"Pista Sul";"Colisão traseira";0;0;0;0;0;0;0;0;1;1;2;0;0;0;0
"11/10/2023";"14:17:00";"437";"Acidente c";"381";"BR-101/RJ";"Pista Sul";"Engavetamento";0;0;0;0;0;0;0;0;3;0;2;2;1;0;0
"11/10/2023";"14:40:00";"458";"Acidente s";"215,6";"BR-116/SP";"Pista Sul";"Colisão traseira";2;0;0;0;0;0;0;0;0;0;3;0;0;0;0
"11/10/2023";"15:21:00";"494";"Acidente s";"216,6";"BR-116/SP";"Pista Sul";"Choque em barreira New Jersey";1;0;0;0;0;0;0;0;0;0;1;0;0;0;0
"11/10/2023";"15:22:00";"496";"Acidente s";"225,5";"BR-116/SP";"Pista Norte";"Colisão traseira";0;0;0;0;0;0;0;0;2;0;2;0;0;0;0
"11/10/2023";"15:41:00";"507";"Acidente c";"100,25";"BR-116/SP";"Pista Sul";"Colisão traseira";0;1;0;0;0;0;0;0;1;0;0;1;0;0;0
"11/10/2023";"17:03:00";"573";"Acidente c";"106,6";"BR-116/SP";"Pista Sul";"Colisão traseira";0;0;0;0;0;0;0;0;1;1;1;1;0;0;0
"11/10/2023";"18:12:00";"625";"Acidente s";"229,7";"BR-116/SP";"Pista Sul";"Engavetamento";0;0;0;0;0;0;0;0;3;0;4;0;0;0;0
"11/10/2023";"20:50:00";"732";"Acidente c";"207,5";"BR-116/SP";"Pista Norte";"Queda de moto";0;1;0;0;0;0;0;0;0;0;0;1;0;0;0
"11/10/2023";"21:04:00";"742";"Acidente s";"220,8";"BR-116/SP";"Pista Norte";"Abalroamento longitudinal";1;0;0;0;0;0;0;0;1;0;6;0;0;0;0
"11/10/2023";"23:24:00";"809";"Acidente s";"116,7";"BR-116/SP";"Pista Norte";"Colisão traseira";0;1;0;0;0;0;0;0;0;1;2;0;0;0;0
"12/10/2023";"00:27:00";"33";"Acidente c";"199,4";"BR-116/SP";"Pista Norte";"Choque em barreira New Jersey";0;0;0;0;0;0;0;0;1;0;0;1;0;0;0
"12/10/2023";"02:22:00";"62";"Atropelame";"222,3";"BR-116/SP";"Pista Sul";"Atropelamento de pedestre caminhando";0;0;0;0;0;0;0;0;1;0;1;0;0;0;1
"12/10/2023";"02:53:00";"72";"Atropelame";"157,4";"BR-116/SP";"Pista Norte";"Atropelamento de pedestre atravessando";0;0;1;0;0;0;0;0;0;1;0;0;0;1;0
"12/10/2023";"03:35:00";"82";"Acidente s";"395";"BR-101/RJ";"Pista Norte";"Atropelamento de animal";0;0;0;0;0;0;0;0;1;0;1;0;0;0;0
"12/10/2023";"05:38:00";"107";"Acidente s";"216";"BR-116/SP";"Pista Norte";"Colisão traseira";0;0;0;0;0;0;0;0;2;0;2;0;0;0;0
"12/10/2023";"05:46:00";"111";"Acidente s";"227";"BR-116/SP";"Pista Sul";"Choque em objeto fixo";0;0;0;0;0;0;0;0;1;0;0;0;0;0;0
"12/10/2023";"06:11:00";"121";"Acidente c";"158,1";"BR-116/SP";"Pista Norte";"Engavetamento";0;0;0;0;0;0;0;0;3;0;12;0;1;0;0
"12/10/2023";"06:16:00";"123";"Acidente s";"118";"BR-116/SP";"Pista Norte";"Engavetamento";0;0;0;0;0;0;0;0;3;2;8;0;0;0;0
"12/10/2023";"06:23:00";"124";"Acidente c";"148,1";"BR-116/SP";"Pista Sul";"Queda de moto";0;1;0;0;0;0;0;0;0;0;0;1;0;0;0
"12/10/2023";"06:36:00";"130";"Acidente s";"387,8";"BR-101/RJ";"Pista Sul";"Queda de ribanceira";0;0;0;0;0;0;0;0;1;0;1;0;0;0;0
"12/10/2023";"07:13:00";"142";"Acidente s";"118";"BR-116/SP";"Pista Norte";"Colisão traseira";0;0;0;0;0;0;0;0;1;1;3;0;0;0;0
"12/10/2023";"07:24:00";"148";"Acidente c";"158";"BR-116/SP";"Pista Norte";"Colisão traseira";0;1;0;0;0;0;0;0;0;1;2;1;0;0;0
"12/10/2023";"07:55:00";"166";"Acidente s";"269";"BR-116/RJ";"Pista Sul";"Choque em defensa";0;0;0;0;0;0;1;0;0;0;3;0;0;0;0
"12/10/2023";"08:45:00";"189";"Acidente s";"203";"BR-116/SP";"Pista Norte";"Engavetamento";0;0;0;0;0;0;0;0;2;0;6;0;0;0;0
"12/10/2023";"08:52:00";"192";"Acidente s";"143";"BR-116/SP";"Pista Norte";"Colisão traseira";0;0;0;0;0;0;0;0;2;0;2;0;0;0;0
"12/10/2023";"08:56:00";"193";"Acidente c";"108";"BR-116/SP";"Pista Norte";"Abalroamento longitudinal";0;1;0;0;0;0;0;0;1;0;3;0;1;0;0
"12/10/2023";"09:11:00";"199";"Acidente s";"165,2";"BR-116/SP";"Pista Norte";"Abalroamento longitudinal";1;0;0;0;0;0;0;0;1;0;5;0;0;0;0
"12/10/2023";"09:17:00";"202";"Acidente s";"78,7";"BR-116/SP";"Pista Norte";"Colisão traseira";0;0;0;0;0;0;0;0;2;0;5;0;0;0;0
"12/10/2023";"10:19:00";"240";"Acidente s";"203";"BR-116/SP";"Pista Norte";"Engavetamento";0;0;0;0;0;0;0;0;1;2;6;0;0;0;0
"12/10/2023";"11:05:00";"265";"Acidente s";"163";"BR-116/SP";"Pista Norte";"Colisão traseira";0;0;0;0;0;0;0;0;1;1;3;0;0;0;0
"12/10/2023";"11:21:00";"275";"Acidente s";"425";"BR-101/RJ";"Pista Sul";"Choque em objeto fixo";0;0;0;0;0;0;0;0;1;0;1;0;0;0;0
"12/10/2023";"12:24:00";"315";"Acidente s";"269,7";"BR-116/RJ";"Pista Norte";"Capotamento";0;0;0;0;0;0;1;0;0;1;4;0;0;0;0
"12/10/2023";"12:49:00";"332";"Acidente c";"138,9";"BR-116/SP";"Pista Norte";"Engavetamento";0;1;0;0;0;0;0;0;2;0;5;0;2;0;0
"12/10/2023";"13:10:00";"345";"Acidente s";"506";"BR-101/RJ";"Pista Sul";"Colisão traseira";0;0;0;0;0;0;0;0;2;0;2;0;0;0;0
"12/10/2023";"13:18:00";"349";"Acidente s";"74,2";"BR-116/SP";"Pista Sul";"Choque em defensa";1;0;0;0;0;0;0;0;0;0;1;0;0;0;0
"12/10/2023";"13:30:00";"356";"Acidente s";"227";"BR-116/SP";"Pista Sul";"Colisão traseira";0;0;0;0;0;0;0;0;1;1;2;0;0;0;0
"12/10/2023";"13:41:00";"366";"Acidente c";"86";"BR-116/SP";"Pista Sul";"Abalroamento longitudinal";0;2;0;0;0;0;0;0;1;0;4;1;0;0;0
"12/10/2023";"14:56:00";"407";"Acidente c";"117";"BR-116/SP";"Pista Sul";"Queda de moto";0;1;0;0;0;0;0;0;0;0;0;2;0;0;0
"12/10/2023";"15:10:00";"414";"Acidente c";"197";"BR-116/SP";"Pista Norte";"Choque em objeto fixo";0;0;0;0;0;0;0;0;1;0;2;1;0;0;0
"12/10/2023";"16:23:00";"454";"Acidente s";"150";"BR-116/SP";"Pista Norte";"Abalroamento longitudinal";0;0;0;0;0;0;0;0;1;1;2;0;0;0;0
"12/10/2023";"16:52:00";"472";"Acidente s";"51,1";"BR-116/SP";"Pista Norte";"Colisão traseira";0;0;0;0;0;0;0;0;2;0;4;0;0;0;0
"12/10/2023";"17:23:00";"495";"Acidente s";"233,5";"BR-116/RJ";"Pista Norte";"Colisão traseira";0;0;0;0;0;0;0;0;2;0;5;0;0;0;0
"12/10/2023";"18:12:00";"519";"Acidente s";"31,6";"BR-116/SP";"Pista Sul";"Choque em barreira New Jersey";1;0;0;0;0;0;0;0;1;0;2;0;0;0;0
"12/10/2023";"19:27:00";"554";"Acidente s";"276,4";"BR-116/RJ";"Pista Norte";"Choque em barreira New Jersey";1;0;0;0;0;0;0;0;0;0;1;0;0;0;0
"12/10/2023";"19:44:00";"562";"Acidente s";"482";"BR-101/RJ";"Pista Sul";"Colisão traseira";0;0;0;0;0;0;0;0;1;1;2;0;0;0;0
"12/10/2023";"20:05:00";"571";"Acidente s";"276,4";"BR-116/RJ";"Pista Norte";"Abalroamento longitudinal";0;0;0;0;0;0;0;0;2;0;2;0;0;0;0
"12/10/2023";"23:31:00";"640";"Acidente s";"246";"BR-116/RJ";"Pista Sul";"Choque em defensa";0;0;0;0;0;0;0;0;1;0;1;0;0;0;0
"13/10/2023";"00:19:00";"21";"Acidente s";"74,1";"BR-116/SP";"Pista Norte";"Choque em barreira New Jersey";0;0;0;0;0;0;0;0;1;0;1;0;0;0;0
"13/10/2023";"03:06:00";"39";"Acidente s";"222";"BR-116/SP";"Pista Norte";"Choque em barreira New Jersey";0;0;0;0;0;0;0;0;1;0;1;0;0;0;0
"13/10/2023";"04:05:00";"49";"Acidente c";"167,8";"BR-116/SP";"Pista Norte";"Atropelamento de animal";1;0;0;0;0;0;0;0;1;0;1;2;0;0;0
"13/10/2023";"10:32:00";"203";"Acidente s";"226,4";"BR-116/RJ";"Pista Norte";"Choque em defensa";0;0;0;0;0;0;0;0;1;0;1;0;0;0;0
"13/10/2023";"10:53:00";"216";"Acidente s";"234";"BR-116/RJ";"Pista Sul";"Choque em barreira New Jersey";0;0;0;0;0;0;0;0;1;0;1;0;0;0;0
"13/10/2023";"11:07:00";"227";"Acidente s";"417";"BR-101/RJ";"Pista Norte";"Choque em barreira New Jersey";0;0;0;0;0;0;0;0;1;0;5;0;0;0;0
"13/10/2023";"12:15:00";"259";"Acidente s";"220,6";"BR-116/RJ";"Pista Sul";"Choque em barreira New Jersey";0;0;0;0;0;0;0;0;1;0;3;0;0;0;0
"13/10/2023";"14:12:00";"292";"Acidente s";"234";"BR-116/RJ";"Pista Norte";"Capotamento";0;0;0;0;0;0;0;0;1;0;1;0;0;0;0
"13/10/2023";"14:31:00";"300";"Acidente s";"268,6";"BR-116/RJ";"Pista Sul";"Capotamento";0;0;0;0;0;0;0;0;1;0;0;0;0;0;0
"13/10/2023";"16:35:00";"345";"Acidente c";"150,2";"BR-116/SP";"Pista Sul";"Engavetamento";0;0;0;0;0;0;0;0;2;1;3;2;0;0;0
"13/10/2023";"16:41:00";"347";"Acidente s";"217";"BR-116/SP";"Pista Sul";"Colisão traseira";0;1;0;0;0;0;0;0;1;0;2;0;0;0;0
"13/10/2023";"16:47:00";"349";"Acidente c";"219";"BR-116/SP";"Pista Sul";"Colisão traseira";0;1;0;0;0;0;0;0;1;0;1;1;0;0;0
"13/10/2023";"18:54:00";"407";"Acidente c";"207,3";"BR-116/SP";"Pista Norte";"Abalroamento longitudinal";0;0;0;0;0;0;0;0;2;0;2;0;1;0;0
"13/10/2023";"19:44:00";"430";"Acidente c";"220";"BR-116/SP";"Pista Norte";"Abalroamento longitudinal";0;1;0;0;0;0;0;0;1;0;1;1;0;0;0
"13/10/2023";"20:18:00";"446";"Acidente s";"567";"BR-101/RJ";"Pista Norte";"Atropelamento de animal";0;0;0;0;0;0;0;0;1;0;1;0;0;0;0
"13/10/2023";"21:34:00";"473";"Acidente s";"228,9";"BR-116/SP";"Pista Sul";"Abalroamento longitudinal";0;0;0;0;0;0;0;0;2;0;2;0;0;0;0
"14/10/2023";"01:26:00";"33";"Acidente s";"191";"BR-116/SP";"Pista Norte";"Atropelamento de animal";0;0;0;0;0;0;0;0;1;0;5;0;0;0;0
"14/10/2023";"06:16:00";"68";"Acidente c";"554";"BR-101/RJ";"Pista Norte";"Colisão frontal";0;0;0;0;0;0;1;0;1;0;0;5;0;0;1
"14/10/2023";"06:52:00";"81";"Acidente c";"245,4";"BR-116/RJ";"Pista Sul";"Choque em objeto fixo";0;0;0;0;0;0;0;0;1;0;0;4;0;0;0
"14/10/2023";"07:43:00";"101";"Acidente s";"442";"BR-101/RJ";"Pista Norte";"Colisão traseira";0;0;0;0;0;0;0;0;2;0;4;0;0;0;0
"14/10/2023";"07:48:00";"103";"Acidente s";"515";"BR-101/RJ";"Pista Norte";"Choque em defensa";0;0;0;0;0;0;0;0;1;0;1;0;0;0;0
"14/10/2023";"08:10:00";"113";"Acidente s";"137,9";"BR-116/SP";"Pista Norte";"Colisão traseira";0;0;0;0;0;0;0;0;1;1;2;0;0;0;0
"14/10/2023";"08:33:00";"128";"Acidente s";"229,95";"BR-116/RJ";"Pista Norte";"Choque em objeto fixo";1;0;0;0;0;0;0;0;0;0;1;0;0;0;0
"14/10/2023";"10:51:00";"204";"Acidente s";"491";"BR-101/RJ";"Pista Sul";"Choque Talude";0;0;0;1;0;0;0;0;0;0;1;0;0;0;0
"14/10/2023";"12:16:00";"233";"Acidente s";"247,2";"BR-116/RJ";"Pista Norte";"Choque em defensa";0;0;0;0;0;0;0;0;1;0;3;0;0;0;0
"14/10/2023";"13:23:00";"253";"Acidente s";"182,3";"BR-116/SP";"Pista Norte";"Colisão traseira";1;0;0;0;0;0;0;0;1;0;3;0;0;0;0
"14/10/2023";"13:48:00";"264";"Acidente s";"515";"BR-101/RJ";"Pista Sul";"Abalroamento longitudinal";0;0;0;0;0;0;0;0;2;0;2;0;0;0;0
"14/10/2023";"13:54:00";"270";"Acidente c";"157,9";"BR-116/SP";"Pista Sul";"Queda de moto";0;1;0;0;0;0;0;0;0;0;0;0;1;0;0
"14/10/2023";"15:11:00";"313";"Acidente s";"219";"BR-116/SP";"Pista Norte";"Abalroamento longitudinal";0;0;0;1;0;0;0;0;1;0;5;0;0;0;0
"14/10/2023";"16:29:00";"341";"Acidente c";"40,4";"BR-116/SP";"Pista Norte";"Choque em barreira New Jersey";0;0;0;0;0;0;0;0;1;0;0;1;0;0;0
"14/10/2023";"17:54:00";"368";"Acidente s";"500,4";"BR-101/RJ";"Pista Norte";"Choque em objeto fixo";0;0;0;0;0;0;0;0;1;0;3;0;0;0;0
"14/10/2023";"17:54:00";"369";"Acidente s";"429,2";"BR-101/RJ";"Pista Norte";"Choque em objeto fixo";0;0;0;0;0;0;0;0;1;0;1;0;0;0;0
"14/10/2023";"18:42:00";"401";"Acidente s";"244";"BR-116/RJ";"Pista Sul";"Choque em objeto fixo";0;0;0;0;0;0;0;0;1;0;1;0;0;0;0
"14/10/2023";"23:05:00";"480";"Acidente c";"438,5";"BR-101/RJ";"Pista Sul";"Choque em objeto fixo";0;0;0;0;0;0;0;0;1;0;0;0;1;0;0
"15/10/2023";"01:08:00";"31";"Acidente s";"157,2";"BR-116/SP";"Pista Norte";"Queda de ribanceira";0;0;0;0;0;0;0;0;1;0;1;0;0;0;0
"15/10/2023";"01:47:00";"27";"Acidente c";"2,8";"BR-116/SP";"Pista Sul";"Choque em objeto fixo";0;0;0;1;0;0;0;0;0;0;23;3;6;0;0
"15/10/2023";"02:12:00";"41";"Acidente s";"175,6";"BR-116/SP";"Pista Sul";"Atropelamento de animal";0;0;0;0;0;0;0;0;1;0;2;0;0;0;0
"15/10/2023";"04:43:00";"67";"Atropelame";"155,6";"BR-116/SP";"Pista Norte";"Atropelamento de pedestre atravessando";0;0;1;0;0;0;0;0;0;1;1;1;0;0;0
"15/10/2023";"05:21:00";"72";"Acidente s";"229,15";"BR-116/RJ";"Pista Norte";"Choque Talude";0;0;0;0;0;0;0;0;1;0;1;0;0;0;0
"15/10/2023";"06:25:00";"84";"Acidente s";"231";"BR-116/SP";"Pista Sul";"Colisão traseira";0;0;0;0;0;0;0;0;1;1;5;0;0;0;0
"15/10/2023";"09:04:00";"153";"Acidente c";"116,4";"BR-116/SP";"Pista Norte";"Queda de moto";0;1;0;0;0;0;0;0;0;0;0;2;0;0;0
"15/10/2023";"12:48:00";"265";"Acidente s";"76";"BR-116/SP";"Pista Sul";"Engavetamento";0;0;0;0;0;1;0;0;2;0;5;0;0;0;0
"15/10/2023";"13:35:00";"283";"Acidente s";"106,7";"BR-116/SP";"Pista Sul";"Engavetamento";0;0;0;0;0;0;0;0;2;1;3;0;0;0;0
"15/10/2023";"13:56:00";"295";"Acidente s";"209,3";"BR-116/SP";"Pista Norte";"Abalroamento longitudinal";0;0;0;0;0;0;0;0;3;0;5;0;0;0;0
"15/10/2023";"14:20:00";"307";"Acidente s";"103";"BR-116/SP";"Pista Sul";"Colisão traseira";0;0;0;0;0;0;0;0;1;1;1;0;0;0;0
"15/10/2023";"14:26:00";"312";"Acidente s";"100";"BR-116/SP";"Pista Sul";"Colisão traseira";0;0;0;0;0;0;0;0;2;0;0;0;0;0;0
"15/10/2023";"14:26:00";"313";"Acidente s";"149,2";"BR-116/SP";"Pista Sul";"Engavetamento";0;0;0;0;0;0;1;0;1;1;7;0;0;0;0
"15/10/2023";"15:30:00";"345";"Acidente c";"248,5";"BR-116/RJ";"Pista Norte";"Engavetamento";0;0;0;0;0;0;0;0;3;0;9;3;1;0;0
"15/10/2023";"16:07:00";"369";"Acidente s";"104,5";"BR-116/SP";"Pista Sul";"Colisão traseira";0;0;0;0;0;0;0;0;2;0;6;0;0;0;0
"15/10/2023";"16:27:00";"379";"Acidente s";"118,2";"BR-116/SP";"Pista Sul";"Engavetamento";0;0;0;0;0;0;0;0;1;4;5;0;0;0;0
"15/10/2023";"20:04:00";"504";"Acidente c";"48,5";"BR-101/SP";"Pista Norte";"Abalroamento longitudinal";0;1;0;0;0;0;0;0;1;0;3;1;0;0;0
"15/10/2023";"23:29:00";"588";"Acidente s";"213,75";"BR-116/SP";"Pista Sul";"Choque em barreira New Jersey";0;0;0;0;0;0;0;0;1;0;1;0;0;0;0
"16/10/2023";"01:47:00";"43";"Acidente s";"154";"BR-116/SP";"Pista Sul";"Capotamento";0;0;0;0;0;0;0;0;1;0;2;0;0;0;0
"16/10/2023";"02:24:00";"51";"Acidente c";"139,4";"BR-116/SP";"Pista Norte";"Choque em defensa";0;0;0;0;0;0;0;0;1;0;3;2;0;0;0
"16/10/2023";"04:17:00";"66";"Acidente s";"334";"BR-116/RJ";"Pista Norte";"Abalroamento longitudinal";1;0;0;0;0;0;0;0;1;0;2;0;0;0;0
"16/10/2023";"06:53:00";"116";"Acidente c";"165,6";"BR-116/SP";"Pista Norte";"Queda de moto";0;1;0;0;0;0;0;0;0;0;0;2;0;0;0
"16/10/2023";"08:02:00";"180";"Acidente s";"227,7";"BR-116/SP";"Pista Sul";"Abalroamento longitudinal";0;0;0;0;0;0;0;0;1;1;2;0;0;0;0
"16/10/2023";"08:04:00";"181";"Acidente c";"320,3";"BR-116/RJ";"Pista Norte";"Abalroamento longitudinal";1;0;0;0;0;0;0;0;1;0;1;1;0;0;0
"16/10/2023";"08:59:00";"225";"Acidente s";"154,3";"BR-116/SP";"Pista Sul";"Colisão traseira";0;0;0;0;0;0;0;0;2;0;2;0;0;0;0
"16/10/2023";"09:03:00";"227";"Acidente s";"196,5";"BR-116/SP";"Pista Sul";"Choque Talude";0;0;0;0;0;0;0;0;1;0;1;0;0;0;0
"16/10/2023";"09:09:00";"235";"Acidente c";"499";"BR-101/RJ";"Pista Sul";"Choque em objeto fixo";0;0;0;0;0;0;0;0;1;0;0;1;0;0;0
"16/10/2023";"09:44:00";"263";"Acidente s";"218";"BR-116/SP";"Pista Sul";"Engavetamento";0;0;0;0;0;0;1;0;2;0;6;0;0;0;0
"16/10/2023";"09:48:00";"267";"Acidente c";"146";"BR-116/SP";"Pista Norte";"Queda de moto";0;1;0;0;0;0;0;0;0;0;0;1;0;0;0
"16/10/2023";"10:13:00";"290";"Acidente c";"224";"BR-116/SP";"Pista Norte";"Colisão traseira";0;1;0;0;0;0;0;0;1;0;1;0;1;0;0
"16/10/2023";"10:24:00";"296";"Acidente s";"81";"BR-116/SP";"Pista Sul";"Tombamento";1;0;0;0;0;0;0;0;0;0;1;0;0;0;0