data;horario;n_da_ocorrencia;tipo_de_ocorrencia;km;trecho;sentido;tipo_de_acidente;automovel;bicicleta;caminhao;moto;onibus;outros;tracao_animal;transporte_de_cargas_especiais;trator_maquinas;utilitarios;ilesos;levemente_feridos;moderadamente_feridos;gravemente_feridos;mortos
"16/10/2023";"11:59:00";"351";"Acidente s";"228,9";"BR-116/SP";"Pista Sul";"Colisão traseira";0;0;0;0;0;1;0;0;1;0;3;0;0;0;0
"16/10/2023";"14:40:00";"440";"Acidente s";"249,8";"BR-116/RJ";"Pista Sul";"Choque em barreira New Jersey";0;0;0;0;0;0;0;0;1;0;1;0;0;0;0
"16/10/2023";"14:55:00";"453";"Acidente c";"84,4";"BR-116/SP";"Pista Sul";"Queda de moto";0;1;0;0;0;0;0;0;0;0;0;2;0;0;0
"16/10/2023";"15:03:00";"460";"Acidente s";"74,6";"BR-116/SP";"Pista Norte";"Abalroamento longitudinal";0;0;0;0;0;0;0;0;1;1;4;0;0;0;0
"16/10/2023";"15:59:00";"498";"Acidente s";"229,4";"BR-116/SP";"Pista Norte";"Colisão traseira";0;1;0;0;0;0;0;0;1;0;3;0;0;0;0
"16/10/2023";"16:18:00";"511";"Acidente c";"220";"BR-116/SP";"Pista Norte";"Abalroamento longitudinal";0;1;0;0;0;0;0;0;1;0;2;0;1;0;0
"16/10/2023";"18:29:00";"592";"Acidente c";"334,5";"BR-116/RJ";"Pista Sul";"Choque em barreira New Jersey";0;0;0;0;0;0;0;0;1;0;0;1;1;0;0
"16/10/2023";"19:57:00";"636";"Atropelame";"554";"BR-101/RJ";"Pista Norte";"Atropelamento de pedestre caminhando";0;0;0;0;0;0;0;0;0;1;1;0;0;0;1
"17/10/2023";"00:11:00";"20";"Acidente s";"225";"BR-116/SP";"Pista Sul";"Colisão traseira";1;1;0;0;0;0;0;0;0;0;2;0;0;0;0
"17/10/2023";"01:50:00";"48";"Acidente s";"63";"BR-116/SP";"Pista Sul";"Choque em barreira New Jersey";1;0;0;0;0;0;0;0;0;0;0;0;0;0;0
"17/10/2023";"02:34:00";"57";"Acidente c";"326,1";"BR-116/RJ";"Pista Norte";"Choque em objeto fixo";0;0;0;0;0;0;0;0;1;1;2;1;0;0;0
"17/10/2023";"02:40:00";"59";"Acidente s";"229";"BR-116/SP";"Pista Norte";"Choque em barreira New Jersey";0;0;0;0;0;0;0;0;1;0;1;0;0;0;0
"17/10/2023";"06:55:00";"128";"Acidente s";"51";"BR-116/SP";"Pista Norte";"Choque em objeto fixo";0;0;0;0;0;0;0;0;1;0;2;0;0;0;0
"17/10/2023";"07:40:00";"154";"Acidente s";"265";"BR-116/RJ";"Pista Sul";"Choque em defensa";0;0;0;0;0;0;0;0;1;0;4;0;0;0;0
"17/10/2023";"08:08:00";"178";"Acidente c";"229,3";"BR-116/SP";"Pista Norte";"Abalroamento longitudinal";0;1;0;0;0;0;0;0;1;0;2;1;0;0;0
"17/10/2023";"08:42:00";"210";"Acidente s";"511";"BR-101/RJ";"Pista Norte";"Colisão traseira";0;0;0;0;0;0;0;0;1;1;2;0;0;0;0
"17/10/2023";"08:58:00";"227";"Acidente s";"282";"BR-116/RJ";"Pista Norte";"Choque em defensa";1;0;0;0;0;0;0;0;0;0;1;0;0;0;0
"17/10/2023";"09:16:00";"242";"Acidente c";"198";"BR-116/SP";"Pista Sul";"Abalroamento longitudinal";0;1;0;0;0;0;1;0;0;1;3;1;0;0;0
"17/10/2023";"12:22:00";"354";"Acidente c";"322";"BR-116/RJ";"Pista Norte";"Colisão traseira";0;1;0;0;0;0;0;0;1;0;0;2;0;1;0
"17/10/2023";"12:33:00";"357";"Acidente c";"224,8";"BR-116/SP";"Pista Norte";"Colisão traseira";0;1;0;0;0;0;0;0;0;1;1;0;1;0;0
"17/10/2023";"15:53:00";"469";"Acidente s";"206";"BR-116/SP";"Pista Norte";"Colisão traseira";2;0;0;0;0;0;0;0;0;0;2;0;0;0;0
"17/10/2023";"16:03:00";"476";"Acidente s";"206";"BR-116/SP";"Pista Norte";"Colisão traseira";1;0;0;0;0;0;0;0;1;0;4;0;0;0;0
"17/10/2023";"18:20:00";"534";"Acidente s";"222,05";"BR-116/SP";"Pista Norte";"Abalroamento longitudinal";0;2;0;0;0;0;0;0;0;0;3;0;0;0;0
"17/10/2023";"18:27:00";"539";"Acidente s";"281,1";"BR-116/RJ";"Pista Norte";"Abalroamento longitudinal";1;0;0;0;0;0;0;0;1;0;3;0;0;0;0
"17/10/2023";"18:33:00";"542";"Acidente c";"208,5";"BR-116/SP";"Pista Norte";"Colisão traseira";0;0;0;0;0;0;0;0;2;0;4;0;1;0;0
"17/10/2023";"22:30:00";"632";"Acidente s";"309,5";"BR-116/RJ";"Pista Sul";"Colisão traseira";0;0;0;0;0;0;0;0;2;0;6;0;0;0;0
"17/10/2023";"22:44:00";"633";"Acidente s";"54,1";"BR-116/SP";"Pista Norte";"Colisão traseira";2;0;0;0;0;0;0;0;0;0;0;0;0;0;0
"17/10/2023";"23:38:00";"643";"Acidente c";"183,6";"BR-116/SP";"Pista Sul";"Colisão traseira";2;0;0;0;0;0;0;0;0;0;1;0;1;0;0
"18/10/2023";"00:12:00";"18";"Acidente c";"154,85";"BR-116/SP";"Pista Sul";"Colisão traseira";1;1;0;0;0;0;0;0;0;1;2;0;0;1;1
"18/10/2023";"01:43:00";"36";"Acidente s";"212";"BR-116/SP";"Pista Norte";"Atropelamento de animal";0;0;0;0;0;0;0;0;1;0;7;0;0;0;0
"18/10/2023";"05:37:00";"72";"Acidente c";"228,5";"BR-116/SP";"Pista Norte";"Colisão traseira";0;0;0;0;0;0;0;0;1;1;1;1;0;0;0
"18/10/2023";"07:18:00";"134";"Acidente c";"206";"BR-116/SP";"Pista Sul";"Queda de moto";0;1;0;0;0;0;0;0;0;1;1;1;0;0;0
"18/10/2023";"08:21:00";"188";"Acidente s";"477";"BR-101/RJ";"Pista Sul";"Colisão traseira";0;0;0;1;0;0;0;0;1;0;2;0;0;0;0
"18/10/2023";"12:25:00";"342";"Acidente c";"506";"BR-101/RJ";"Pista Sul";"Abalroamento longitudinal";0;0;0;1;0;0;0;0;0;1;1;1;0;0;0
"18/10/2023";"12:37:00";"349";"Acidente s";"232,2";"BR-116/RJ";"Pista Sul";"Colisão traseira";2;0;0;0;0;0;0;0;0;0;2;0;0;0;0
"18/10/2023";"15:02:00";"428";"Acidente c";"144,6";"BR-116/SP";"Pista Sul";"Abalroamento longitudinal";1;0;0;0;0;0;0;0;1;0;6;1;0;0;0
"18/10/2023";"15:24:00";"438";"Acidente s";"142,4";"BR-116/SP";"Pista Sul";"Abalroamento longitudinal";0;0;0;0;0;0;0;0;2;1;3;0;0;0;0
"18/10/2023";"16:43:00";"478";"Acidente c";"229,2";"BR-116/RJ";"Pista Norte";"Tombamento";1;0;0;0;0;0;0;0;0;0;0;1;0;0;0
"18/10/2023";"18:45:00";"524";"Acidente c";"232";"BR-116/RJ";"Pista Norte";"Abalroamento longitudinal";3;0;0;1;0;0;0;0;0;0;17;0;1;0;0
"18/10/2023";"21:20:00";"577";"Atropelame";"175,2";"BR-116/SP";"Pista Norte";"Atropelamento de pedestre caminhando";0;0;0;0;0;0;0;0;1;0;2;0;0;0;1
"18/10/2023";"23:00:00";"602";"Acidente s";"102,6";"BR-116/SP";"Pista Norte";"Colisão traseira";1;0;0;0;0;0;0;0;0;1;2;0;0;0;0
"18/10/2023";"23:16:00";"606";"Acidente s";"103,6";"BR-116/SP";"Pista Norte";"Colisão traseira";2;0;0;0;0;0;0;0;0;0;2;0;0;0;0
"19/10/2023";"06:44:00";"104";"Acidente s";"220,7";"BR-116/SP";"Pista Norte";"Engavetamento";0;0;0;0;0;0;0;0;3;0;3;0;0;0;0
"19/10/2023";"07:31:00";"134";"Acidente s";"222,1";"BR-116/SP";"Pista Norte";"Engavetamento";0;0;0;0;0;0;0;0;4;0;5;0;0;0;0
"19/10/2023";"08:09:00";"158";"Acidente s";"223";"BR-116/SP";"Pista Sul";"Abalroamento longitudinal";0;1;0;0;0;0;0;0;1;0;2;0;0;0;0
"19/10/2023";"08:17:00";"165";"Acidente s";"211,1";"BR-116/SP";"Pista Sul";"Colisão traseira";2;0;0;0;0;0;0;0;0;0;2;0;0;0;0
"19/10/2023";"08:46:00";"195";"Acidente s";"226,7";"BR-116/SP";"Pista Norte";"Abalroamento longitudinal";0;0;0;0;0;0;0;0;1;1;3;0;0;0;0
"19/10/2023";"09:15:00";"220";"Acidente s";"418";"BR-101/RJ";"Pista Sul";"Choque em objeto fixo";0;0;0;0;0;0;0;0;1;0;1;0;0;0;0
"19/10/2023";"10:33:00";"273";"Acidente c";"146,2";"BR-116/SP";"Pista Sul";"Queda de moto";0;1;0;0;0;0;0;0;0;0;0;1;0;0;0
"19/10/2023";"10:48:00";"279";"Acidente s";"429";"BR-101/RJ";"Pista Norte";"Choque em objeto fixo";1;0;0;0;0;0;0;0;0;0;2;0;0;0;0
"19/10/2023";"12:09:00";"326";"Acidente c";"230,6";"BR-116/SP";"Pista Sul";"Abalroamento longitudinal";0;1;0;0;0;0;0;0;1;0;1;1;1;0;0
"19/10/2023";"14:14:00";"392";"Atropelame";"219";"BR-116/SP";"Pista Norte";"Atropelamento de pedestre caminhando";0;0;0;0;0;0;0;0;0;1;1;0;1;0;0
"19/10/2023";"14:34:00";"402";"Acidente s";"229,8";"BR-116/RJ";"Pista Norte";"Choque Talude";1;0;0;0;0;0;0;0;0;0;1;0;0;0;0
"19/10/2023";"16:18:00";"447";"Acidente c";"224,5";"BR-116/SP";"Pista Norte";"Abalroamento longitudinal";1;1;0;0;0;0;0;0;1;0;2;0;0;2;0
"19/10/2023";"17:43:00";"480";"Acidente c";"145,45";"BR-116/SP";"Pista Norte";"Queda de moto";0;1;0;0;0;0;0;0;0;0;0;0;2;0;0
"19/10/2023";"22:11:00";"606";"Acidente s";"211,3";"BR-116/SP";"Pista Sul";"Capotamento";0;0;0;0;0;0;0;0;1;0;1;0;0;0;0
"19/10/2023";"23:13:00";"625";"Acidente s";"103,25";"BR-116/SP";"Pista Norte";"Colisão traseira";2;0;0;0;0;0;0;0;0;0;2;0;0;0;0
"20/10/2023";"01:39:00";"40";"Acidente s";"230,5";"BR-116/SP";"Pista Norte";"Colisão traseira";1;0;0;0;0;0;0;0;1;0;1;0;0;0;0
"20/10/2023";"03:22:00";"58";"Acidente c";"544";"BR-101/RJ";"Pista Sul";"Choque em objeto na pista";1;0;0;0;0;0;0;0;0;0;0;2;1;0;0
"20/10/2023";"05:58:00";"86";"Acidente s";"136,61";"BR-116/SP";"Pista Norte";"Abalroamento longitudinal";1;0;0;0;0;0;1;0;1;0;4;0;0;0;0
"20/10/2023";"07:20:00";"140";"Acidente c";"221,9";"BR-116/SP";"Pista Sul";"Colisão traseira";0;1;0;0;0;0;0;0;1;0;1;1;0;0;0
"20/10/2023";"07:45:00";"155";"Acidente s";"482,5";"BR-101/RJ";"Pista Sul";"Colisão frontal";1;0;0;0;0;0;0;0;1;0;5;0;0;0;0
"20/10/2023";"08:49:00";"201";"Acidente c";"227,5";"BR-116/SP";"Pista Sul";"Abalroamento longitudinal";0;1;0;0;0;0;0;0;1;0;1;1;0;0;0
"20/10/2023";"09:59:00";"251";"Acidente c";"43";"BR-101/SP";"Pista Sul";"Queda de moto";0;1;0;0;0;0;0;0;0;0;0;1;0;0;0
"20/10/2023";"10:22:00";"265";"Acidente s";"295";"BR-116/RJ";"Pista Sul";"Abalroamento longitudinal";1;0;0;0;0;0;0;0;1;0;2;0;0;0;0
"20/10/2023";"11:42:00";"306";"Acidente s";"229,6";"BR-116/SP";"Pista Sul";"Colisão traseira";0;0;0;0;0;0;0;0;1;1;3;0;0;0;0
"20/10/2023";"12:25:00";"331";"Acidente s";"145";"BR-116/SP";"Pista Norte";"Choque em barreira New Jersey";0;0;0;0;0;0;0;0;1;0;1;0;0;0;0
"20/10/2023";"13:02:00";"348";"Acidente s";"262,2";"BR-116/RJ";"Pista Norte";"Choque em barreira New Jersey";0;0;0;0;0;0;0;0;1;0;1;0;0;0;0
"20/10/2023";"14:25:00";"389";"Acidente c";"226";"BR-116/SP";"Pista Norte";"Choque em objeto fixo";1;0;0;0;0;0;0;0;0;0;0;1;0;0;0
"20/10/2023";"14:51:00";"417";"Acidente c";"557";"BR-101/RJ";"Pista Norte";"Queda de moto";0;1;0;0;0;0;0;0;0;0;0;1;0;0;0
"20/10/2023";"15:34:00";"436";"Acidente s";"106,4";"BR-116/SP";"Pista Sul";"Colisão traseira";0;0;0;0;0;0;0;0;2;0;2;0;0;0;0
"20/10/2023";"16:06:00";"449";"Acidente c";"490";"BR-101/RJ";"Pista Norte";"Choque Talude";1;0;0;0;0;0;0;0;0;0;0;1;0;0;0
"20/10/2023";"16:46:00";"464";"Acidente s";"36,3";"BR-116/SP";"Pista Sul";"Choque em defensa";0;0;0;0;0;0;0;0;1;0;1;0;0;0;0
"20/10/2023";"19:13:00";"530";"Acidente c";"107";"BR-116/SP";"Pista Sul";"Abalroamento longitudinal";0;0;0;0;0;0;0;0;2;0;5;0;1;0;0
"20/10/2023";"21:42:00";"592";"Acidente s";"233";"BR-116/RJ";"Pista Sul";"Choque em objeto fixo";0;0;0;0;0;0;0;0;1;0;5;0;0;0;0
"21/10/2023";"02:00:00";"49";"Acidente s";"215,5";"BR-116/SP";"Pista Norte";"Choque em barreira New Jersey";0;0;0;0;0;0;0;0;1;0;1;0;0;0;0
"21/10/2023";"02:25:00";"52";"Atropelame";"252";"BR-116/RJ";"Pista Norte";"Atropelamento de pedestre atravessando";1;0;1;0;0;0;0;0;0;0;2;0;1;0;0
"21/10/2023";"10:47:00";"269";"Acidente c";"127,9";"BR-116/SP";"Pista Sul";"Colisão traseira";0;1;0;0;0;0;0;0;0;1;1;1;0;0;0
"21/10/2023";"13:19:00";"337";"Acidente c";"484";"BR-101/RJ";"Pista Sul";"Colisão frontal";0;0;0;0;0;0;0;0;2;0;1;0;2;0;0
"21/10/2023";"13:23:00";"339";"Acidente s";"282";"BR-116/RJ";"Pista Norte";"Choque em objeto fixo";0;0;0;0;0;0;0;0;1;0;1;0;0;0;0
"21/10/2023";"16:03:00";"398";"Acidente c";"202,2";"BR-116/SP";"Pista Norte";"Capotamento";0;0;0;0;0;0;0;0;1;1;3;1;0;0;0
"21/10/2023";"17:25:00";"430";"Acidente s";"55,1";"BR-116/SP";"Pista Norte";"Capotamento";0;0;0;0;0;0;0;0;1;0;1;0;0;0;0
"21/10/2023";"17:37:00";"435";"Acidente c";"265";"BR-116/RJ";"Pista Norte";"Choque em barreira New Jersey";0;0;0;0;0;0;0;0;1;0;0;1;0;0;0
"21/10/2023";"18:17:00";"451";"Acidente s";"41,5";"BR-116/SP";"Pista Norte";"Colisão traseira";0;0;0;0;0;0;0;0;1;1;3;0;0;0;0
"21/10/2023";"19:42:00";"481";"Acidente s";"401";"BR-101/RJ";"Pista Norte";"Choque em barreira New Jersey";0;0;0;0;0;0;0;0;1;0;1;0;0;0;0
"21/10/2023";"19:45:00";"483";"Acidente c";"430";"BR-101/RJ";"Pista Sul";"Choque em objeto fixo";0;0;0;0;0;0;0;0;1;0;0;1;0;0;0
"21/10/2023";"20:25:00";"493";"Acidente c";"157,3";"BR-116/SP";"Pista Norte";"Engavetamento";0;0;0;0;0;0;0;0;3;0;2;1;0;0;0
"21/10/2023";"20:35:00";"495";"Acidente c";"408";"BR-101/RJ";"Pista Sul";"Colisão frontal";0;0;0;0;0;0;0;0;2;0;0;2;0;0;0
"21/10/2023";"21:52:00";"528";"Acidente c";"136,2";"BR-116/SP";"Pista Sul";"Colisão traseira";0;1;0;0;0;0;0;0;0;1;1;2;0;0;0
"21/10/2023";"22:32:00";"544";"Atropelame";"211,9";"BR-116/SP";"Pista Sul";"Atropelamento de pedestre atravessando";0;0;0;0;0;0;0;0;1;0;3;0;0;0;1
"21/10/2023";"23:24:00";"556";"Atropelame";"317";"BR-116/RJ";"Pista Norte";"Atropelamento de pedestre atravessando";0;0;1;0;0;0;0;0;0;1;1;0;1;0;0
"21/10/2023";"23:58:00";"563";"Acidente c";"451";"BR-101/RJ";"Pista Norte";"Colisão frontal";0;0;0;0;0;0;0;0;2;0;1;1;0;0;0
"22/10/2023";"00:29:00";"18";"Acidente c";"147,3";"BR-116/SP";"Pista Sul";"Choque em objeto fixo";0;0;0;0;0;0;0;0;1;0;0;1;0;0;0
"22/10/2023";"01:04:00";"24";"Acidente c";"226,1";"BR-116/SP";"Pista Sul";"Colisão traseira";0;0;0;0;0;0;0;0;3;0;2;1;0;0;0
"22/10/2023";"01:44:00";"37";"Acidente s";"431";"BR-101/RJ";"Pista Norte";"Choque em barreira New Jersey";0;0;0;0;0;0;0;0;1;0;1;0;0;0;0
"22/10/2023";"04:02:00";"59";"Acidente c";"96";"BR-116/SP";"Pista Sul";"Abalroamento longitudinal";1;0;0;0;0;0;0;0;1;0;1;0;1;0;0
"22/10/2023";"05:16:00";"69";"Acidente s";"185,3";"BR-116/SP";"Pista Sul";"Queda de ribanceira";0;0;0;0;0;0;0;0;1;0;1;0;0;0;0
"22/10/2023";"07:31:00";"118";"Acidente s";"143,1";"BR-116/SP";"Pista Sul";"Abalroamento longitudinal";1;0;0;0;0;0;0;0;1;0;2;0;0;0;0
"22/10/2023";"07:33:00";"119";"Acidente s";"530";"BR-101/RJ";"Pista Sul";"Choque em objeto fixo";0;0;0;0;0;0;0;0;1;0;1;0;0;0;0
"22/10/2023";"07:57:00";"129";"Acidente c";"143";"BR-116/SP";"Pista Sul";"Colisão traseira";0;0;0;0;0;0;0;0;2;0;0;4;0;0;0
"22/10/2023";"08:58:00";"157";"Acidente s";"557";"BR-101/RJ";"Pista Sul";"Choque em objeto fixo";0;0;0;0;0;0;0;0;1;0;2;0;0;0;0
"22/10/2023";"10:39:00";"197";"Acidente c";"232,3";"BR-116/RJ";"Pista Norte";"Queda de moto";0;1;0;0;0;0;0;0;0;0;0;1;1;0;0
"22/10/2023";"10:44:00";"199";"Acidente c";"571";"BR-101/RJ";"Pista Norte";"Abalroamento longitudinal";0;2;0;0;0;0;0;0;0;0;0;1;1;0;0
"22/10/2023";"11:53:00";"223";"Acidente c";"542";"BR-101/RJ";"Pista Sul";"Queda de moto";0;1;0;0;0;0;0;0;0;0;0;1;1;0;0
"22/10/2023";"12:48:00";"244";"Acidente s";"109,6";"BR-116/SP";"Pista Sul";"Colisão traseira";0;0;0;0;0;0;0;0;2;0;5;0;0;0;0
"22/10/2023";"13:09:00";"253";"Acidente s";"62";"BR-116/SP";"Pista Norte";"Colisão traseira";0;0;0;0;0;0;0;0;2;0;2;0;0;0;0
"22/10/2023";"16:41:00";"346";"Acidente c";"325,7";"BR-116/RJ";"Pista Norte";"Colisão traseira";0;0;0;1;0;0;0;0;0;1;22;3;0;0;0
"22/10/2023";"16:47:00";"350";"Acidente s";"233";"BR-116/RJ";"Pista Sul";"Choque Talude";0;0;0;0;0;0;0;0;1;0;1;0;0;0;0
"22/10/2023";"16:48:00";"351";"Acidente c";"31,6";"BR-116/SP";"Pista Norte";"Colisão traseira";2;0;0;0;0;0;0;0;0;0;1;0;1;0;0
"22/10/2023";"17:05:00";"363";"Acidente c";"102";"BR-116/SP";"Pista Sul";"Colisão traseira";0;1;0;0;0;0;0;0;0;1;1;2;0;0;0
"22/10/2023";"18:30:00";"395";"Acidente c";"557";"BR-101/RJ";"Pista Norte";"Queda de moto";0;1;0;0;0;0;0;0;0;0;1;1;0;0;0
"22/10/2023";"18:31:00";"396";"Acidente c";"485";"BR-101/RJ";"Pista Sul";"Abalroamento longitudinal";0;1;0;0;0;0;0;0;1;0;2;1;1;0;0
"22/10/2023";"18:46:00";"402";"Acidente s";"36,9";"BR-101/SP";"Pista Sul";"Queda de moto";0;1;0;0;0;0;0;0;0;0;1;0;0;0;0
"23/10/2023";"02:03:00";"37";"Acidente c";"329,8";"BR-116/RJ";"Pista Sul";"Colisão traseira";2;0;0;0;0;0;0;0;0;0;0;2;0;0;0
"23/10/2023";"07:15:00";"119";"Acidente s";"224";"BR-116/SP";"Pista Sul";"Colisão traseira";1;0;0;0;0;0;0;0;1;0;2;0;0;0;0
"23/10/2023";"07:51:00";"144";"Acidente c";"229,8";"BR-116/SP";"Pista Sul";"Queda de moto";0;1;0;0;0;0;0;0;0;1;1;1;0;0;0
"23/10/2023";"08:56:00";"203";"Acidente c";"154";"BR-116/SP";"Pista Sul";"Colisão traseira";0;2;0;0;0;0;0;0;0;0;1;1;0;0;0
"23/10/2023";"09:13:00";"215";"Acidente c";"224";"BR-116/SP";"Pista Sul";"Colisão traseira";0;0;0;0;0;0;0;0;2;0;1;0;1;0;0
"23/10/2023";"10:39:00";"266";"Acidente c";"222,2";"BR-116/SP";"Pista Sul";"Engavetamento";0;2;0;0;0;0;0;0;1;0;3;1;0;0;0
"23/10/2023";"16:52:00";"472";"Acidente s";"36";"BR-101/SP";"Pista Sul";"Choque em objeto na pista";0;0;0;0;0;0;0;0;1;0;1;0;0;0;0
"23/10/2023";"17:08:00";"480";"Atropelame";"170,1";"BR-116/SP";"Pista Norte";"Atropelamento de pedestre atravessando";1;0;1;0;0;0;0;0;1;0;5;1;0;0;0
"23/10/2023";"17:45:00";"499";"Acidente s";"36,6";"BR-116/SP";"Pista Sul";"Tombamento";1;0;0;0;0;0;0;0;0;0;1;0;0;0;0
"23/10/2023";"18:34:00";"521";"Atropelame";"303";"BR-116/RJ";"Pista Sul";"Atropelamento de pedestre caminhando";0;0;1;0;0;0;0;0;0;1;1;1;0;0;0
"23/10/2023";"19:05:00";"538";"Acidente s";"145";"BR-116/SP";"Pista Norte";"Choque em barreira New Jersey";0;0;0;0;0;0;0;0;1;0;1;0;0;0;0
"23/10/2023";"22:17:00";"614";"Acidente c";"146,6";"BR-116/SP";"Pista Sul";"Queda de moto";0;1;0;0;0;0;0;0;0;1;1;1;0;0;0
"23/10/2023";"23:55:00";"638";"Acidente s";"328,6";"BR-116/RJ";"Pista Norte";"Atropelamento de animal";0;0;0;0;0;0;0;0;1;0;2;0;0;0;0
"24/10/2023";"01:05:00";"30";"Acidente s";"299";"BR-116/RJ";"Pista Norte";"Colisão traseira";1;0;0;0;0;0;0;0;1;0;2;0;0;0;0
"24/10/2023";"03:01:00";"52";"Acidente s";"216,96";"BR-116/SP";"Pista Norte";"Choque em barreira New Jersey";1;0;0;0;0;0;0;0;0;0;1;0;0;0;0
"24/10/2023";"04:25:00";"61";"Acidente s";"254";"BR-116/RJ";"Pista Sul";"Choque em objeto fixo";0;0;0;0;0;0;0;0;1;0;1;0;0;0;0
"24/10/2023";"06:16:00";"86";"Acidente c";"250";"BR-116/RJ";"Pista Norte";"Engavetamento";3;0;0;0;0;0;0;0;1;0;4;1;0;0;0
"24/10/2023";"07:55:00";"177";"Acidente s";"224,8";"BR-116/SP";"Pista Sul";"Engavetamento";1;0;0;0;0;0;0;0;2;0;3;0;0;0;0
"24/10/2023";"09:01:00";"226";"Acidente c";"207,8";"BR-116/SP";"Pista Sul";"Engavetamento";0;0;0;0;0;0;0;0;4;0;3;1;0;0;0
"24/10/2023";"10:38:00";"283";"Acidente c";"521";"BR-101/RJ";"Pista Sul";"Abalroamento longitudinal";0;1;0;0;0;0;0;0;1;0;1;1;0;0;0
"24/10/2023";"11:28:00";"305";"Acidente s";"519";"BR-101/RJ";"Pista Norte";"Choque em objeto fixo";0;0;0;0;0;0;0;0;1;0;1;0;0;0;0
"24/10/2023";"13:47:00";"386";"Acidente c";"227";"BR-116/RJ";"Pista Sul";"Colisão traseira";2;0;0;0;0;0;0;0;0;0;2;0;1;0;0
"24/10/2023";"16:06:00";"472";"Acidente s";"165,2";"BR-116/SP";"Pista Norte";"Colisão traseira";1;0;0;0;0;0;0;0;1;0;2;0;0;0;0
"24/10/2023";"17:34:00";"512";"Acidente c";"327";"BR-116/RJ";"Pista Norte";"Queda de moto";0;1;0;0;0;0;0;0;0;0;0;0;1;0;0
"24/10/2023";"18:14:00";"545";"Acidente s";"142";"BR-116/SP";"Pista Norte";"Colisão traseira";1;0;0;0;0;0;0;0;1;0;1;0;0;0;0
"24/10/2023";"19:18:00";"583";"Acidente s";"505,6";"BR-101/RJ";"Pista Sul";"Engavetamento";0;0;0;0;0;0;0;0;3;0;6;0;0;0;0
"24/10/2023";"22:09:00";"659";"Acidente c";"277,1";"BR-116/RJ";"Pista Sul";"Queda de moto";0;1;0;0;0;0;0;0;0;0;0;0;2;0;0
"25/10/2023";"03:17:00";"64";"Acidente s";"94,95";"BR-116/SP";"Pista Norte";"Atropelamento de animal";1;0;0;0;0;0;1;0;0;0;2;0;0;0;0
"25/10/2023";"03:58:00";"73";"Acidente s";"225,5";"BR-116/SP";"Pista Norte";"Colisão traseira";2;0;0;0;0;0;0;0;0;0;2;0;0;0;0
"25/10/2023";"04:50:00";"78";"Acidente s";"40";"BR-116/SP";"Pista Sul";"Atropelamento de animal";0;0;0;0;0;0;0;0;1;0;3;0;0;0;0
"25/10/2023";"06:16:00";"113";"Acidente c";"264";"BR-116/RJ";"Pista Norte";"Abalroamento longitudinal";1;0;0;0;0;0;0;0;1;0;1;0;4;0;0
"25/10/2023";"07:35:00";"188";"Acidente s";"273";"BR-116/RJ";"Pista Norte";"Choque em barreira New Jersey";1;0;0;0;0;0;0;0;0;0;1;0;0;0;0
"25/10/2023";"07:50:00";"199";"Acidente c";"227,95";"BR-116/SP";"Pista Sul";"Colisão traseira";0;1;0;0;0;0;0;0;1;0;1;1;0;0;0
"25/10/2023";"07:54:00";"202";"Acidente c";"138,5";"BR-116/SP";"Pista Sul";"Abalroamento longitudinal";0;1;0;0;0;0;0;0;1;0;3;1;0;0;0
"25/10/2023";"08:37:00";"233";"Acidente c";"137";"BR-116/SP";"Pista Sul";"Engavetamento";1;0;0;0;0;0;0;0;4;0;10;2;0;0;0
"25/10/2023";"08:43:00";"238";"Acidente s";"136,7";"BR-116/SP";"Pista Sul";"Colisão traseira";1;0;0;0;0;0;0;0;1;0;2;0;0;0;0
"25/10/2023";"11:05:00";"337";"Acidente s";"223,6";"BR-116/SP";"Pista Sul";"Abalroamento longitudinal";1;0;0;0;0;0;0;0;1;0;3;0;0;0;0
"25/10/2023";"11:42:00";"358";"Acidente s";"244,7";"BR-116/RJ";"Pista Norte";"Choque Talude";1;0;0;0;0;0;0;0;0;0;1;0;0;0;0
"25/10/2023";"11:49:00";"363";"Acidente s";"232";"BR-116/RJ";"Pista Sul";"Choque em barreira New Jersey";0;0;0;0;0;0;0;0;1;0;2;0;0;0;0
"25/10/2023";"12:53:00";"395";"Acidente s";"137";"BR-116/SP";"Pista Norte";"Outros";0;0;0;0;0;0;0;0;1;0;1;0;0;0;0
"25/10/2023";"13:42:00";"410";"Acidente s";"162,2";"BR-116/SP";"Pista Norte";"Choque em defensa";1;0;0;0;0;0;0;0;0;0;1;0;0;0;0
"25/10/2023";"13:49:00";"414";"Acidente c";"222,1";"BR-116/SP";"Pista Norte";"Colisão traseira";0;1;0;0;0;0;0;0;1;0;1;1;0;0;0
"25/10/2023";"14:04:00";"426";"Acidente s";"36,1";"BR-116/SP";"Pista Norte";"Abalroamento longitudinal";1;0;0;0;0;0;0;0;1;0;4;0;0;0;0
"25/10/2023";"14:33:00";"442";"Acidente s";"229,6";"BR-116/RJ";"Pista Norte";"Choque em objeto fixo";0;0;0;0;0;0;0;0;1;0;2;0;0;0;0
"25/10/2023";"16:23:00";"488";"Acidente s";"482";"BR-101/RJ";"Pista Norte";"Abalroamento longitudinal";1;0;0;0;0;0;0;0;1;0;4;0;0;0;0
"25/10/2023";"16:42:00";"494";"Acidente s";"415,5";"BR-101/RJ";"Pista Sul";"Capotamento";0;0;0;0;0;0;0;0;1;0;2;0;0;0;0
"25/10/2023";"17:38:00";"517";"Acidente c";"225,92";"BR-116/SP";"Pista Norte";"Choque em barreira New Jersey";0;0;0;0;0;0;0;0;1;0;0;0;0;0;1