data;horario;n_da_ocorrencia;tipo_de_ocorrencia;km;trecho;sentido;tipo_de_acidente;automovel;bicicleta;caminhao;moto;onibus;outros;tracao_animal;transporte_de_cargas_especiais;trator_maquinas;utilitarios;ilesos;levemente_feridos;moderadamente_feridos;gravemente_feridos;mortos
"25/10/2023";"18:35:00";"561";"Acidente c";"574";"BR-101/RJ";"Pista Norte";"Queda de moto";0;1;0;0;0;0;0;0;0;0;0;1;0;0;0
"25/10/2023";"20:24:00";"610";"Acidente s";"225,8";"BR-116/SP";"Pista Norte";"Colisão traseira";0;0;0;0;0;0;0;0;2;0;1;0;0;0;0
"25/10/2023";"23:06:00";"684";"Acidente c";"229,6";"BR-116/RJ";"Pista Norte";"Colisão traseira";2;0;0;0;0;0;0;0;0;0;0;1;1;0;0
"26/10/2023";"04:27:00";"59";"Acidente s";"495";"BR-101/RJ";"Pista Sul";"Choque em objeto fixo";0;0;0;0;0;0;0;0;1;0;1;0;0;0;0
"26/10/2023";"05:11:00";"66";"Acidente s";"154,9";"BR-116/SP";"Pista Norte";"Abalroamento longitudinal";1;0;0;0;0;0;0;0;1;0;2;0;0;0;0
"26/10/2023";"05:37:00";"73";"Acidente s";"234";"BR-116/RJ";"Pista Norte";"Abalroamento longitudinal";1;0;0;0;0;0;0;0;0;1;2;0;0;0;0
"26/10/2023";"06:30:00";"94";"Acidente s";"108";"BR-116/SP";"Pista Norte";"Choque em objeto fixo";0;0;0;0;0;0;0;0;1;0;2;0;0;0;0
"26/10/2023";"06:38:00";"99";"Acidente c";"161";"BR-116/SP";"Pista Sul";"Queda de moto";0;1;0;0;0;0;0;0;0;0;0;0;1;0;0
"26/10/2023";"06:40:00";"100";"Acidente s";"475";"BR-101/RJ";"Pista Sul";"Capotamento";0;0;0;0;0;0;0;0;1;0;1;0;0;0;0
"26/10/2023";"06:55:00";"107";"Acidente s";"88";"BR-116/SP";"Pista Norte";"Choque em objeto fixo";0;0;0;0;0;0;0;0;1;0;2;0;0;0;0
"26/10/2023";"06:59:00";"111";"Acidente s";"516";"BR-101/RJ";"Pista Norte";"Capotamento";0;0;0;0;0;0;0;0;1;0;1;0;0;0;0
"26/10/2023";"07:22:00";"123";"Acidente s";"429,3";"BR-101/RJ";"Pista Norte";"Choque em objeto fixo";0;0;0;0;0;0;0;0;1;0;2;0;0;0;0
"26/10/2023";"07:27:00";"126";"Acidente s";"66";"BR-116/SP";"Pista Sul";"Choque em barreira New Jersey";0;0;0;0;0;0;0;0;1;0;2;0;0;0;0
"26/10/2023";"08:09:00";"161";"Acidente c";"158";"BR-116/SP";"Pista Norte";"Queda de moto";0;1;0;0;0;0;0;0;0;0;0;1;0;0;0
"26/10/2023";"08:14:00";"166";"Acidente s";"499";"BR-101/RJ";"Pista Norte";"Choque em objeto fixo";0;0;0;0;0;0;0;0;1;0;1;0;0;0;0
"26/10/2023";"08:42:00";"184";"Acidente c";"473";"BR-101/RJ";"Pista Norte";"Abalroamento longitudinal";1;0;0;0;0;0;0;0;1;0;1;2;0;0;0
"26/10/2023";"09:32:00";"224";"Acidente c";"218";"BR-116/SP";"Pista Sul";"Colisão traseira";0;1;0;0;0;0;0;0;1;0;1;2;0;0;0
"26/10/2023";"10:23:00";"254";"Acidente s";"226,5";"BR-116/RJ";"Pista Sul";"Choque em defensa";0;0;0;0;0;0;0;0;1;0;1;0;0;0;0
"26/10/2023";"11:14:00";"277";"Acidente s";"197,2";"BR-116/SP";"Pista Norte";"Engavetamento";3;0;0;0;0;0;0;0;1;0;5;0;0;0;0
"26/10/2023";"12:33:00";"318";"Acidente c";"218,6";"BR-116/SP";"Pista Sul";"Engavetamento";0;0;0;0;0;0;0;0;4;0;5;1;0;0;0
"26/10/2023";"14:14:00";"369";"Acidente s";"216,1";"BR-116/SP";"Pista Norte";"Choque em barreira New Jersey";1;0;0;0;0;0;0;0;0;0;1;0;0;0;0
"26/10/2023";"14:48:00";"383";"Atropelame";"230,1";"BR-116/SP";"Pista Sul";"Atropelamento de pedestre atravessando";0;0;0;0;0;0;0;0;1;0;1;1;0;0;0
"26/10/2023";"15:27:00";"403";"Acidente s";"269,8";"BR-116/RJ";"Pista Sul";"Choque em objeto na pista";1;0;0;0;0;0;0;0;0;0;2;0;0;0;0
"26/10/2023";"15:30:00";"406";"Acidente s";"270,1";"BR-116/RJ";"Pista Sul";"Choque em objeto na pista";1;0;0;0;0;0;0;0;0;0;1;0;0;0;0
"26/10/2023";"17:19:00";"465";"Acidente s";"285,1";"BR-116/RJ";"Pista Norte";"Abalroamento longitudinal";1;0;0;0;0;0;0;0;0;1;2;0;0;0;0
"26/10/2023";"19:40:00";"530";"Acidente s";"147";"BR-116/SP";"Pista Norte";"Abalroamento longitudinal";1;0;0;0;0;0;0;0;1;0;2;0;0;0;0
"26/10/2023";"21:13:00";"582";"Acidente s";"267,4";"BR-116/RJ";"Pista Norte";"Atropelamento de animal";2;0;0;0;0;0;0;0;0;0;2;0;0;0;0
"27/10/2023";"00:48:00";"25";"Acidente s";"540";"BR-101/RJ";"Pista Sul";"Choque em objeto fixo";0;0;0;0;0;0;0;0;1;0;1;0;0;0;0
"27/10/2023";"02:14:00";"40";"Acidente c";"199,5";"BR-116/SP";"Pista Norte";"Choque em defensa";0;0;0;0;0;0;0;0;1;0;0;0;3;1;0
"27/10/2023";"06:31:00";"91";"Acidente s";"231,4";"BR-116/RJ";"Pista Sul";"Choque em objeto fixo";0;0;0;0;0;0;0;0;1;0;2;0;0;0;0
"27/10/2023";"08:29:00";"185";"Acidente c";"588";"BR-101/RJ";"Pista Norte";"Colisão traseira";0;0;0;0;0;0;0;0;2;0;2;1;0;0;0
"27/10/2023";"09:12:00";"218";"Acidente c";"163,3";"BR-116/SP";"Pista Norte";"Abalroamento longitudinal";0;1;0;0;0;0;0;0;1;0;2;0;1;0;0
"27/10/2023";"09:55:00";"250";"Acidente c";"223,2";"BR-116/SP";"Pista Norte";"Colisão traseira";0;0;0;0;0;0;0;0;2;0;1;1;0;0;0
"27/10/2023";"11:58:00";"315";"Acidente s";"108";"BR-116/SP";"Pista Norte";"Colisão traseira";0;0;0;0;0;0;0;0;1;1;2;0;0;0;0
"27/10/2023";"17:16:00";"497";"Acidente s";"218";"BR-116/SP";"Pista Norte";"Colisão traseira";0;0;0;0;0;0;0;0;2;0;2;0;0;0;0
"27/10/2023";"17:52:00";"513";"Acidente s";"72,2";"BR-116/SP";"Pista Norte";"Abalroamento longitudinal";1;0;0;0;0;0;0;0;1;0;5;0;0;0;0
"27/10/2023";"18:58:00";"552";"Acidente s";"147,8";"BR-116/SP";"Pista Norte";"Engavetamento";0;0;0;0;0;0;0;0;3;0;6;0;0;0;0
"27/10/2023";"19:35:00";"562";"Acidente s";"452,2";"BR-101/RJ";"Pista Sul";"Colisão frontal";0;0;0;0;0;1;0;0;1;0;6;0;0;0;0
"27/10/2023";"21:22:00";"599";"Acidente s";"239,9";"BR-116/RJ";"Pista Sul";"Choque em objeto fixo";0;0;0;0;0;0;0;0;1;0;2;0;0;0;0
"27/10/2023";"22:19:00";"617";"Acidente s";"19,8";"BR-116/SP";"Pista Sul";"Choque em objeto fixo";1;0;0;0;0;0;0;0;0;0;1;0;0;0;0
"27/10/2023";"22:46:00";"626";"Acidente s";"81,5";"BR-116/SP";"Pista Norte";"Queda de moto";0;1;0;0;0;0;0;0;0;0;1;0;0;0;0
"28/10/2023";"01:12:00";"39";"Acidente c";"49,4";"BR-116/SP";"Pista Norte";"Capotamento";0;0;0;1;0;0;1;0;1;0;63;0;0;0;1
"28/10/2023";"01:13:00";"40";"Acidente s";"70,7";"BR-116/SP";"Pista Norte";"Choque em barreira New Jersey";0;0;0;0;0;0;0;0;1;0;1;0;0;0;0
"28/10/2023";"01:36:00";"44";"Acidente c";"338,95";"BR-116/RJ";"Pista Sul";"Queda de moto";1;1;0;1;0;0;0;0;0;0;33;0;0;0;1
"28/10/2023";"03:25:00";"68";"Acidente s";"232";"BR-116/RJ";"Pista Norte";"Choque Talude";0;0;0;0;0;0;0;0;1;0;2;0;0;0;0
"28/10/2023";"05:47:00";"84";"Acidente s";"285";"BR-116/RJ";"Pista Sul";"Choque Talude";0;0;0;0;0;0;0;0;2;1;3;0;0;0;0
"28/10/2023";"06:00:00";"94";"Acidente s";"273,4";"BR-116/RJ";"Pista Norte";"Choque em barreira New Jersey";0;0;0;0;0;0;0;0;1;0;1;0;0;0;0
"28/10/2023";"07:12:00";"130";"Acidente s";"198,3";"BR-116/SP";"Pista Sul";"Colisão traseira";2;0;0;0;0;0;0;0;0;0;3;0;0;0;0
"28/10/2023";"07:14:00";"131";"Acidente s";"219,2";"BR-116/SP";"Pista Sul";"Engavetamento";0;0;0;0;0;0;0;0;1;2;4;0;0;0;0
"28/10/2023";"07:18:00";"134";"Acidente c";"231";"BR-116/SP";"Pista Sul";"Abalroamento longitudinal";0;1;0;0;0;0;0;0;1;0;2;1;0;0;0
"28/10/2023";"08:29:00";"179";"Acidente c";"206,3";"BR-116/SP";"Pista Sul";"Abalroamento longitudinal";0;1;0;1;0;0;0;0;0;1;33;0;0;0;1
"28/10/2023";"08:39:00";"187";"Acidente s";"482";"BR-101/RJ";"Pista Norte";"Abalroamento longitudinal";0;0;0;0;0;0;0;0;2;0;6;0;0;0;0
"28/10/2023";"10:45:00";"262";"Acidente c";"222,5";"BR-116/SP";"Pista Sul";"Abalroamento longitudinal";0;2;0;0;0;0;0;0;0;0;1;1;0;0;0
"28/10/2023";"11:06:00";"276";"Acidente s";"71,8";"BR-116/SP";"Pista Norte";"Engavetamento";1;0;0;0;0;0;0;0;2;2;5;0;0;0;0
"28/10/2023";"11:25:00";"286";"Acidente s";"320,7";"BR-116/RJ";"Pista Sul";"Choque em objeto fixo";1;0;0;0;0;0;0;0;0;0;1;0;0;0;0
"28/10/2023";"12:40:00";"323";"Acidente s";"156,2";"BR-116/SP";"Pista Sul";"Outros";0;0;0;0;0;0;0;0;1;0;1;0;0;0;0
"28/10/2023";"13:02:00";"335";"Acidente s";"224";"BR-116/SP";"Pista Sul";"Abalroamento longitudinal";0;0;0;0;0;0;0;0;2;1;6;0;0;0;0
"28/10/2023";"13:41:00";"358";"Acidente s";"139,95";"BR-116/SP";"Pista Sul";"Colisão traseira";0;0;0;0;0;0;0;0;1;1;4;0;0;0;0
"28/10/2023";"15:37:00";"426";"Acidente s";"406";"BR-101/RJ";"Pista Sul";"Colisão traseira";0;0;0;0;0;0;0;0;2;0;5;0;0;0;0
"28/10/2023";"18:30:00";"483";"Acidente c";"108";"BR-116/SP";"Pista Norte";"Colisão traseira";0;0;0;0;0;0;0;0;1;1;2;0;1;0;0
"28/10/2023";"18:39:00";"489";"Acidente c";"143,15";"BR-116/SP";"Pista Norte";"Abalroamento longitudinal";0;0;0;0;0;0;0;0;2;0;2;1;2;0;0
"28/10/2023";"19:01:00";"500";"Acidente c";"472";"BR-101/RJ";"Pista Norte";"Abalroamento longitudinal";0;2;0;0;0;0;0;0;1;0;4;0;0;1;0
"28/10/2023";"20:26:00";"544";"Acidente s";"229,7";"BR-116/SP";"Pista Norte";"Choque em objeto fixo";0;0;0;0;0;0;0;0;1;1;5;0;0;0;0
"28/10/2023";"22:10:00";"571";"Acidente c";"110,5";"BR-116/SP";"Pista Sul";"Queda de moto";0;1;0;0;0;0;0;0;0;1;1;0;0;1;0
"28/10/2023";"22:43:00";"575";"Acidente c";"227,35";"BR-116/SP";"Pista Norte";"Colisão traseira";0;1;0;0;0;0;0;0;0;1;0;0;1;0;0
"29/10/2023";"01:07:00";"35";"Acidente s";"320,7";"BR-116/RJ";"Pista Sul";"Choque em objeto fixo";0;0;0;0;0;0;0;0;1;0;5;0;0;0;0
"29/10/2023";"02:49:00";"63";"Atropelame";"228,8";"BR-116/SP";"Pista Sul";"Atropelamento de pedestre atravessando";0;0;0;0;0;0;0;0;1;0;1;0;1;0;0
"29/10/2023";"03:15:00";"68";"Acidente c";"151,6";"BR-116/SP";"Pista Norte";"Colisão traseira";0;1;0;0;0;0;0;0;0;1;1;0;0;1;0
"29/10/2023";"03:30:00";"71";"Acidente c";"151,8";"BR-116/SP";"Pista Norte";"Engavetamento";1;0;0;1;0;0;1;0;1;0;50;0;2;0;0
"29/10/2023";"04:39:00";"78";"Acidente s";"152,3";"BR-116/SP";"Pista Norte";"Engavetamento";1;0;0;0;0;0;0;0;2;0;12;0;0;0;0
"29/10/2023";"05:01:00";"79";"Acidente c";"228,5";"BR-116/SP";"Pista Norte";"Colisão traseira";0;1;0;0;0;0;0;0;1;0;1;0;0;1;0
"29/10/2023";"05:49:00";"86";"Acidente s";"158,9";"BR-116/SP";"Pista Norte";"Outros";0;0;0;0;0;0;0;0;1;0;1;0;0;0;0
"29/10/2023";"06:28:00";"106";"Acidente c";"216,5";"BR-116/SP";"Pista Norte";"Choque em objeto fixo";0;0;0;0;0;0;0;0;1;0;0;0;1;0;0
"29/10/2023";"09:01:00";"175";"Acidente s";"75";"BR-116/SP";"Pista Norte";"Colisão traseira";0;0;0;0;0;0;0;0;2;0;5;0;0;0;0
"29/10/2023";"09:11:00";"179";"Acidente s";"22,3";"BR-116/SP";"Pista Sul";"Choque Talude";0;0;0;0;0;0;0;0;1;0;1;0;0;0;0
"29/10/2023";"12:54:00";"290";"Acidente s";"120,5";"BR-116/SP";"Pista Norte";"Queda de moto";0;1;0;0;0;0;0;0;0;0;2;0;0;0;0
"29/10/2023";"14:58:00";"352";"Acidente c";"45,75";"BR-101/SP";"Pista Sul";"Queda de moto";0;1;0;0;0;0;0;0;0;0;0;2;0;0;0
"29/10/2023";"16:24:00";"403";"Acidente c";"227";"BR-116/SP";"Pista Sul";"Colisão traseira";0;0;0;1;0;0;0;0;1;0;62;2;0;0;0
"29/10/2023";"17:21:00";"438";"Acidente s";"145";"BR-116/SP";"Pista Sul";"Abalroamento longitudinal";0;0;0;0;0;0;0;0;1;1;1;0;0;0;0
"29/10/2023";"17:39:00";"443";"Acidente s";"236,4";"BR-116/RJ";"Pista Norte";"Choque em barreira New Jersey";0;0;0;0;0;0;0;0;1;0;2;0;0;0;0
"29/10/2023";"17:56:00";"461";"Acidente s";"182";"BR-116/SP";"Pista Sul";"Choque em defensa";0;0;0;0;0;0;0;0;1;0;2;0;0;0;0
"29/10/2023";"18:09:00";"469";"Acidente s";"232,5";"BR-116/RJ";"Pista Norte";"Capotamento";0;0;0;0;0;0;0;0;1;0;2;0;0;0;0
"29/10/2023";"18:25:00";"476";"Acidente c";"69,8";"BR-116/SP";"Pista Sul";"Choque em barreira New Jersey";0;0;0;0;0;0;0;0;1;0;0;2;0;0;0
"29/10/2023";"19:07:00";"496";"Acidente s";"134,4";"BR-116/SP";"Pista Norte";"Abalroamento longitudinal";1;0;0;0;0;0;0;0;1;0;4;0;0;0;0
"29/10/2023";"19:09:00";"497";"Acidente c";"145,9";"BR-116/SP";"Pista Sul";"Engavetamento";0;0;0;0;0;0;0;0;1;3;4;0;1;0;0
"29/10/2023";"19:31:00";"509";"Acidente c";"389";"BR-101/RJ";"Pista Norte";"Choque em barreira New Jersey";0;0;0;0;0;0;0;0;1;0;0;1;0;0;0
"29/10/2023";"19:39:00";"513";"Acidente c";"40,5";"BR-101/SP";"Pista Sul";"Queda de moto";0;1;0;0;0;0;0;0;0;0;1;1;0;0;0
"29/10/2023";"21:45:00";"568";"Acidente s";"524";"BR-101/RJ";"Pista Norte";"Choque em objeto fixo";0;0;0;0;0;0;0;0;1;0;2;0;0;0;0
"29/10/2023";"21:51:00";"569";"Acidente s";"183,6";"BR-116/SP";"Pista Norte";"Choque em objeto fixo";1;0;0;0;0;0;0;0;0;0;1;0;0;0;0
"29/10/2023";"22:59:00";"580";"Acidente s";"542";"BR-101/RJ";"Pista Norte";"Choque em objeto fixo";0;0;0;0;0;0;0;0;1;0;2;0;0;0;0
"29/10/2023";"23:05:00";"583";"Acidente s";"222,9";"BR-116/SP";"Pista Sul";"Abalroamento longitudinal";0;0;0;0;0;0;0;0;1;1;2;0;0;0;0
"29/10/2023";"23:39:00";"590";"Acidente c";"476";"BR-101/RJ";"Pista Sul";"Choque em objeto fixo";0;0;0;0;0;0;0;0;1;0;1;1;0;0;0
"30/10/2023";"00:25:00";"24";"Acidente c";"427";"BR-101/RJ";"Pista Sul";"Choque em objeto fixo";0;0;0;0;0;0;0;0;1;0;0;1;0;0;0
"30/10/2023";"02:59:00";"53";"Acidente c";"41,6";"BR-116/SP";"Pista Sul";"Colisão traseira";1;0;0;1;0;0;0;0;0;0;2;9;0;1;0
"30/10/2023";"05:29:00";"74";"Acidente c";"267,6";"BR-116/RJ";"Pista Sul";"Tombamento";1;0;0;0;0;0;0;0;0;0;1;0;1;0;0
"30/10/2023";"07:32:00";"152";"Acidente c";"258,7";"BR-116/RJ";"Pista Sul";"Choque em veículo parado na pista";1;1;0;0;0;0;0;0;0;0;1;1;0;0;0
"30/10/2023";"08:00:00";"174";"Acidente c";"203";"BR-116/SP";"Pista Sul";"Queda de moto";0;1;0;0;0;0;0;0;0;0;0;1;0;0;0
"30/10/2023";"15:06:00";"490";"Acidente s";"226,8";"BR-116/SP";"Pista Sul";"Choque em barreira New Jersey";0;0;0;0;0;0;0;0;1;0;1;0;0;0;0
"30/10/2023";"17:14:00";"562";"Acidente c";"575";"BR-101/RJ";"Pista Norte";"Colisão traseira";0;1;0;0;0;0;0;0;1;0;1;1;0;0;0
"30/10/2023";"19:32:00";"654";"Acidente s";"217";"BR-116/SP";"Pista Sul";"Colisão traseira";0;1;0;0;0;0;0;0;1;0;2;0;0;0;0
"30/10/2023";"19:52:00";"666";"Acidente c";"230,2";"BR-116/RJ";"Pista Sul";"Queda de moto";0;1;0;0;0;0;0;0;0;0;0;1;0;0;0
"31/10/2023";"04:36:00";"69";"Acidente s";"79,2";"BR-116/SP";"Pista Sul";"Colisão traseira";1;0;0;1;0;0;0;0;0;0;40;0;0;0;0
"31/10/2023";"06:58:00";"129";"Acidente s";"524";"BR-101/RJ";"Pista Sul";"Abalroamento longitudinal";0;0;0;0;0;0;0;0;2;0;3;0;0;0;0
"31/10/2023";"07:37:00";"159";"Acidente c";"221,3";"BR-116/SP";"Pista Norte";"Abalroamento longitudinal";1;1;0;0;0;0;0;0;1;0;2;0;0;0;1
"31/10/2023";"09:25:00";"238";"Acidente c";"223,5";"BR-116/SP";"Pista Sul";"Engavetamento";0;2;0;0;0;0;0;0;1;0;2;1;0;0;0
"31/10/2023";"10:42:00";"286";"Acidente s";"9,2";"BR-116/SP";"Pista Sul";"Colisão traseira";1;0;0;0;0;0;0;0;1;0;2;0;0;0;0
"31/10/2023";"12:19:00";"338";"Acidente c";"218,2";"BR-116/SP";"Pista Norte";"Colisão traseira";1;0;0;0;0;0;0;0;0;1;2;1;0;0;0
"31/10/2023";"13:11:00";"359";"Acidente s";"229";"BR-116/SP";"Pista Sul";"Choque em barreira New Jersey";0;0;0;0;0;0;0;0;1;1;2;0;0;0;0
"31/10/2023";"13:27:00";"370";"Acidente s";"221,2";"BR-116/SP";"Pista Sul";"Engavetamento";1;0;0;0;0;0;0;0;2;0;3;0;0;0;0
"31/10/2023";"14:07:00";"386";"Acidente c";"487";"BR-101/RJ";"Pista Sul";"Abalroamento longitudinal";0;1;0;0;0;0;0;0;1;0;1;0;1;0;0
"31/10/2023";"15:46:00";"451";"Acidente s";"146";"BR-116/SP";"Pista Sul";"Colisão traseira";0;0;0;0;0;0;0;0;1;1;3;0;0;0;0
"31/10/2023";"17:53:00";"519";"Acidente s";"413";"BR-101/RJ";"Pista Sul";"Choque em objeto fixo";0;0;0;0;0;0;0;0;1;0;1;0;0;0;0
"31/10/2023";"18:27:00";"535";"Acidente s";"216,6";"BR-116/SP";"Pista Norte";"Engavetamento";0;0;0;0;0;0;0;0;3;0;10;0;0;0;0
"31/10/2023";"18:43:00";"543";"Acidente c";"226";"BR-116/SP";"Pista Norte";"Abalroamento longitudinal";0;1;0;0;0;0;0;0;1;1;3;2;0;0;0
"31/10/2023";"19:17:00";"562";"Atropelame";"305,8";"BR-116/RJ";"Pista Sul";"Atropelamento de pedestre atravessando";0;0;0;0;0;0;0;0;0;1;1;0;1;0;0
"31/10/2023";"19:26:00";"568";"Acidente c";"216,4";"BR-116/SP";"Pista Sul";"Engavetamento";0;0;0;0;0;0;0;0;3;0;2;2;0;0;0
"31/10/2023";"20:26:00";"589";"Acidente s";"217";"BR-116/SP";"Pista Sul";"Colisão traseira";0;0;0;1;0;0;0;0;1;0;2;0;0;0;0
"31/10/2023";"21:51:00";"620";"Acidente s";"515";"BR-101/RJ";"Pista Sul";"Choque Talude";0;0;0;0;0;0;0;0;1;0;1;0;0;0;0
"31/10/2023";"23:37:00";"647";"Acidente s";"483";"BR-101/RJ";"Pista Norte";"Choque em objeto fixo";0;0;0;0;0;0;0;0;1;0;4;0;0;0;0
"01/11/2023";"00:01:00";"20";"Acidente s";"248,3";"BR-116/RJ";"Pista Sul";"Choque em objeto na pista";0;0;0;0;0;0;0;0;2;0;4;0;0;0;0
"01/11/2023";"03:20:00";"48";"Acidente s";"81";"BR-116/SP";"Pista Sul";"Tombamento";1;0;0;0;0;0;0;0;0;0;1;0;0;0;0
"01/11/2023";"05:35:00";"71";"Acidente c";"387";"BR-101/RJ";"Pista Norte";"Abalroamento longitudinal";0;1;0;0;0;0;0;0;1;0;1;1;0;0;0
"01/11/2023";"06:21:00";"91";"Acidente s";"197,5";"BR-116/SP";"Pista Norte";"Choque em barreira New Jersey";1;0;0;0;0;0;0;0;0;0;1;0;0;0;0
"01/11/2023";"06:39:00";"105";"Acidente s";"5";"BR-101/SP";"Pista Norte";"Choque em objeto fixo";1;0;0;0;0;0;0;0;0;0;2;0;0;0;0
"01/11/2023";"07:59:00";"166";"Acidente s";"307";"BR-116/RJ";"Pista Norte";"Colisão traseira";0;0;0;0;0;0;0;0;2;0;1;0;0;0;0
"01/11/2023";"08:11:00";"170";"Acidente s";"452,7";"BR-101/RJ";"Pista Sul";"Engavetamento";0;0;0;0;0;0;0;0;3;0;3;0;0;0;0
"01/11/2023";"09:09:00";"210";"Acidente s";"165,65";"BR-116/SP";"Pista Sul";"Colisão traseira";2;0;0;0;0;0;0;0;0;0;3;0;0;0;0
"01/11/2023";"09:19:00";"220";"Acidente c";"209,2";"BR-116/SP";"Pista Norte";"Colisão traseira";0;0;0;0;0;0;0;0;1;1;1;1;0;0;0
"01/11/2023";"12:36:00";"315";"Acidente s";"198";"BR-116/SP";"Pista Sul";"Choque em objeto fixo";0;0;0;0;0;0;0;0;1;0;1;0;0;0;0
"01/11/2023";"15:05:00";"384";"Acidente c";"220";"BR-116/RJ";"Pista Norte";"Choque em barreira New Jersey";0;0;0;0;0;0;0;0;1;0;0;0;1;0;0
"01/11/2023";"16:32:00";"424";"Acidente s";"159";"BR-116/SP";"Pista Norte";"Colisão traseira";0;0;0;0;0;0;0;0;1;1;3;0;0;0;0
"01/11/2023";"16:50:00";"437";"Acidente c";"221";"BR-116/SP";"Pista Norte";"Queda de moto";0;1;0;0;0;0;0;0;0;0;1;0;1;0;0
"01/11/2023";"17:48:00";"464";"Atropelame";"216,55";"BR-116/SP";"Pista Sul";"Atropelamento de pedestre atravessando";0;0;0;0;0;0;0;0;1;0;0;2;0;0;1
"01/11/2023";"20:27:00";"555";"Acidente c";"44";"BR-101/SP";"Pista Sul";"Abalroamento longitudinal";0;1;0;0;0;1;0;0;0;1;2;1;0;0;0
"01/11/2023";"23:00:00";"606";"Acidente c";"259,4";"BR-116/RJ";"Pista Sul";"Colisão traseira";0;0;0;0;0;0;0;0;1;1;2;0;1;0;0
"01/11/2023";"23:18:00";"607";"Acidente c";"394,6";"BR-101/RJ";"Pista Norte";"Queda de moto";0;1;0;0;0;0;0;0;0;0;1;1;0;0;0
"02/11/2023";"00:43:00";"24";"Acidente c";"289";"BR-116/RJ";"Pista Norte";"Choque em objeto fixo";0;0;0;0;0;0;0;0;1;0;0;3;1;0;0
"02/11/2023";"00:56:00";"27";"Acidente s";"492";"BR-101/RJ";"Pista Norte";"Queda de moto";0;1;0;0;0;0;0;0;0;0;1;0;0;0;0
"02/11/2023";"01:46:00";"36";"Acidente c";"214,1";"BR-116/SP";"Pista Norte";"Colisão traseira";0;1;0;0;0;0;0;0;1;0;1;1;0;0;0
"02/11/2023";"02:47:00";"42";"Acidente c";"51,6";"BR-101/SP";"Pista Sul";"Abalroamento longitudinal";0;1;0;0;0;0;0;0;1;0;2;1;0;0;0
"02/11/2023";"04:37:00";"61";"Acidente s";"408";"BR-101/RJ";"Pista Norte";"Atropelamento de animal";0;0;0;0;0;0;0;0;3;0;5;0;0;0;0
"02/11/2023";"06:56:00";"123";"Acidente s";"480";"BR-101/RJ";"Pista Sul";"Capotamento";0;0;0;0;0;0;0;0;1;0;1;0;0;0;0
"02/11/2023";"07:10:00";"134";"Acidente s";"270,8";"BR-116/RJ";"Pista Norte";"Engavetamento";0;0;0;0;0;0;0;0;3;0;8;0;0;0;0
"02/11/2023";"07:30:00";"147";"Acidente s";"225";"BR-116/SP";"Pista Norte";"Engavetamento";0;0;0;1;0;0;0;0;2;0;7;0;0;0;0
"02/11/2023";"07:35:00";"150";"Acidente c";"201,05";"BR-116/SP";"Pista Sul";"Tombamento";1;0;0;0;0;0;0;0;0;0;0;1;0;0;0
"02/11/2023";"07:41:00";"153";"Acidente s";"115,5";"BR-116/SP";"Pista Norte";"Engavetamento";0;0;0;0;0;0;0;0;2;1;4;0;0;0;0
"02/11/2023";"08:35:00";"179";"Acidente s";"121,5";"BR-116/SP";"Pista Norte";"Colisão traseira";0;0;0;0;0;0;0;0;2;0;4;0;0;0;0
"02/11/2023";"08:46:00";"187";"Acidente s";"124";"BR-116/SP";"Pista Norte";"Colisão traseira";0;0;0;0;0;0;0;0;2;0;3;0;0;0;0
"02/11/2023";"08:49:00";"190";"Acidente s";"157,9";"BR-116/SP";"Pista Norte";"Colisão traseira";0;0;0;0;0;0;0;0;2;0;8;0;0;0;0
"02/11/2023";"09:45:00";"214";"Acidente s";"161";"BR-116/SP";"Pista Norte";"Abalroamento longitudinal";1;0;0;0;0;0;0;0;1;0;3;0;0;0;0
"02/11/2023";"12:18:00";"306";"Acidente s";"162,6";"BR-116/SP";"Pista Norte";"Colisão traseira";0;0;0;0;0;0;0;0;1;1;2;0;0;0;0
"02/11/2023";"13:36:00";"344";"Acidente c";"46";"BR-101/SP";"Pista Sul";"Colisão frontal";0;1;0;0;0;0;0;0;1;0;1;1;0;0;0
"02/11/2023";"16:07:00";"420";"Acidente s";"43,5";"BR-101/SP";"Pista Norte";"Choque em objeto fixo";0;0;0;0;0;0;0;0;1;0;2;0;0;0;0
"02/11/2023";"16:08:00";"421";"Acidente s";"23,3";"BR-116/SP";"Pista Norte";"Abalroamento longitudinal";0;0;0;0;0;0;0;0;2;0;2;0;0;0;0
"02/11/2023";"16:33:00";"430";"Atropelame";"322,1";"BR-116/RJ";"Pista Norte";"Atropelamento de pedestre atravessando";0;0;1;0;0;0;0;0;1;0;1;0;1;0;0
"02/11/2023";"19:54:00";"517";"Atropelame";"212,9";"BR-116/SP";"Pista Norte";"Atropelamento de pedestre caminhando";0;0;0;0;0;0;0;0;1;0;1;1;0;0;1
"03/11/2023";"06:55:00";"109";"Acidente c";"214,9";"BR-116/SP";"Pista Norte";"Colisão traseira";0;0;0;0;0;0;0;0;2;0;3;1;0;0;0
"03/11/2023";"08:08:00";"162";"Acidente s";"229";"BR-116/RJ";"Pista Norte";"Choque Talude";1;0;0;0;0;0;0;0;0;0;1;0;0;0;0
"03/11/2023";"08:16:00";"170";"Acidente s";"233,4";"BR-116/RJ";"Pista Norte";"Engavetamento";0;0;0;0;0;0;0;0;3;0;3;0;0;0;0
"03/11/2023";"10:37:00";"269";"Acidente s";"212,2";"BR-116/SP";"Pista Sul";"Choque em barreira New Jersey";0;0;0;0;0;0;0;0;1;0;1;0;0;0;0