data;horario;n_da_ocorrencia;tipo_de_ocorrencia;km;trecho;sentido;tipo_de_acidente;automovel;bicicleta;caminhao;moto;onibus;outros;tracao_animal;transporte_de_cargas_especiais;trator_maquinas;utilitarios;ilesos;levemente_feridos;moderadamente_feridos;gravemente_feridos;mortos
"03/11/2023";"12:54:00";"343";"Acidente c";"220,5";"BR-116/SP";"Pista Norte";"Abalroamento longitudinal";1;0;0;0;0;0;0;0;1;0;0;2;0;0;0
"03/11/2023";"13:11:00";"348";"Acidente s";"233,4";"BR-116/RJ";"Pista Sul";"Colisão traseira";1;0;0;0;0;0;0;0;1;0;4;0;0;0;0
"03/11/2023";"14:01:00";"378";"Acidente s";"74,5";"BR-116/SP";"Pista Sul";"Choque em barreira New Jersey";1;0;0;0;0;0;0;0;0;0;1;0;0;0;0
"03/11/2023";"15:00:00";"405";"Acidente c";"305";"BR-116/RJ";"Pista Norte";"Choque em objeto fixo";1;0;0;0;0;0;0;0;0;0;0;0;1;0;0
"03/11/2023";"16:37:00";"452";"Acidente s";"105";"BR-116/SP";"Pista Sul";"Colisão traseira";1;0;0;0;0;0;0;0;1;0;3;0;0;0;0
"03/11/2023";"18:16:00";"521";"Acidente c";"148";"BR-116/SP";"Pista Norte";"Engavetamento";0;0;0;0;0;0;0;0;3;0;6;1;0;0;0
"03/11/2023";"18:27:00";"526";"Acidente c";"214,5";"BR-116/SP";"Pista Norte";"Colisão traseira";0;0;0;0;0;0;0;0;2;0;2;1;0;0;0
"03/11/2023";"19:03:00";"549";"Acidente c";"445";"BR-101/RJ";"Pista Norte";"Colisão traseira";0;0;0;0;0;0;0;0;2;0;0;3;0;0;0
"03/11/2023";"20:11:00";"583";"Acidente s";"277,4";"BR-116/RJ";"Pista Norte";"Choque em barreira New Jersey";0;0;0;0;0;0;0;0;1;0;4;0;0;0;0
"03/11/2023";"20:33:00";"598";"Acidente s";"296";"BR-116/RJ";"Pista Sul";"Choque em objeto fixo";0;0;0;0;0;0;0;0;1;0;1;0;0;0;0
"04/11/2023";"04:15:00";"68";"Acidente s";"201,2";"BR-116/SP";"Pista Norte";"Choque em objeto fixo";0;0;0;0;0;0;0;0;1;0;1;0;0;0;0
"04/11/2023";"04:22:00";"69";"Acidente s";"155,7";"BR-116/SP";"Pista Sul";"Engavetamento";0;0;0;0;0;0;0;0;1;2;4;0;0;0;0
"04/11/2023";"04:28:00";"72";"Acidente s";"160,9";"BR-116/SP";"Pista Norte";"Outros";0;0;0;0;0;0;0;0;1;0;1;0;0;0;0
"04/11/2023";"06:57:00";"113";"Acidente s";"417,7";"BR-101/RJ";"Pista Sul";"Choque em objeto fixo";0;0;0;0;0;0;0;0;1;0;2;0;0;0;0
"04/11/2023";"07:43:00";"134";"Acidente c";"227";"BR-116/SP";"Pista Sul";"Engavetamento";1;0;0;0;0;0;0;0;6;0;6;1;0;0;0
"04/11/2023";"09:59:00";"197";"Acidente c";"222,8";"BR-116/SP";"Pista Sul";"Colisão traseira";0;1;0;0;0;0;0;0;1;0;1;0;1;0;0
"04/11/2023";"13:23:00";"303";"Atropelame";"92,2";"BR-116/SP";"Pista Norte";"Atropelamento de pedestre atravessando";0;0;0;0;0;0;0;0;1;0;1;1;0;0;0
"04/11/2023";"13:45:00";"311";"Atropelame";"324,9";"BR-116/RJ";"Pista Norte";"Atropelamento de pedestre atravessando";0;0;0;0;0;0;0;0;1;0;1;1;0;0;0
"04/11/2023";"14:30:00";"327";"Acidente c";"108,9";"BR-116/SP";"Pista Sul";"Engavetamento";0;0;0;0;0;0;0;0;2;1;6;0;1;0;0
"04/11/2023";"15:32:00";"362";"Acidente c";"504";"BR-101/RJ";"Pista Norte";"Queda de moto";0;1;0;0;0;0;0;0;0;0;0;0;1;0;0
"04/11/2023";"16:06:00";"374";"Acidente c";"422,4";"BR-101/RJ";"Pista Sul";"Queda de moto";0;1;0;0;0;0;0;0;0;0;0;0;1;0;0
"04/11/2023";"16:32:00";"389";"Acidente s";"104,2";"BR-116/SP";"Pista Sul";"Engavetamento";0;0;0;0;0;0;0;0;3;2;15;0;0;0;0
"04/11/2023";"16:48:00";"399";"Acidente s";"103,3";"BR-116/SP";"Pista Sul";"Engavetamento";0;0;0;0;0;0;0;0;3;0;3;0;0;0;0
"04/11/2023";"18:28:00";"451";"Acidente s";"437";"BR-101/RJ";"Pista Norte";"Abalroamento longitudinal";0;0;0;1;0;0;0;0;1;0;2;0;0;0;0
"04/11/2023";"19:44:00";"483";"Acidente c";"533,8";"BR-101/RJ";"Pista Sul";"Colisão frontal";0;0;0;0;0;0;0;0;2;0;1;0;1;0;0
"04/11/2023";"20:53:00";"502";"Acidente s";"487";"BR-101/RJ";"Pista Sul";"Choque em objeto na pista";0;0;0;0;0;0;0;0;1;0;1;0;0;0;0
"04/11/2023";"22:31:00";"524";"Acidente s";"423";"BR-101/RJ";"Pista Sul";"Choque Talude";0;0;0;0;0;0;0;0;1;0;1;0;0;0;0
"04/11/2023";"22:59:00";"533";"Acidente c";"217,95";"BR-116/SP";"Pista Sul";"Colisão traseira";0;0;0;0;0;0;0;0;2;0;4;2;0;0;0
"04/11/2023";"23:52:00";"547";"Acidente c";"183,6";"BR-116/SP";"Pista Norte";"Engavetamento";0;0;0;0;0;0;0;0;3;0;6;1;0;0;0
"05/11/2023";"01:22:00";"31";"Acidente c";"215,3";"BR-116/SP";"Pista Sul";"Colisão traseira";0;0;0;1;0;0;0;0;3;0;1;4;0;0;1
"05/11/2023";"01:35:00";"34";"Acidente c";"216,1";"BR-116/SP";"Pista Norte";"Queda de moto";0;1;0;0;0;0;0;0;0;1;1;2;0;0;0
"05/11/2023";"01:51:00";"37";"Acidente s";"501";"BR-101/RJ";"Pista Norte";"Choque em objeto fixo";0;0;0;0;0;0;0;0;1;0;2;0;0;0;0
"05/11/2023";"04:06:00";"59";"Acidente c";"401";"BR-101/RJ";"Pista Sul";"Choque em objeto fixo";0;0;0;0;0;0;0;0;1;0;0;1;0;0;0
"05/11/2023";"05:19:00";"69";"Acidente s";"320";"BR-116/RJ";"Pista Sul";"Atropelamento de animal";0;0;0;0;0;0;0;0;1;0;1;0;0;0;0
"05/11/2023";"06:14:00";"82";"Acidente s";"586";"BR-101/RJ";"Pista Norte";"Choque em objeto fixo";0;0;0;0;0;0;0;0;1;0;1;0;0;0;0
"05/11/2023";"08:01:00";"121";"Acidente s";"88,1";"BR-116/SP";"Pista Sul";"Colisão traseira";2;0;0;0;0;0;0;0;0;0;3;0;0;0;0
"05/11/2023";"11:17:00";"198";"Acidente c";"142";"BR-116/SP";"Pista Sul";"Choque em defensa";0;0;0;0;0;0;0;0;1;0;0;1;0;0;0
"05/11/2023";"11:46:00";"215";"Acidente s";"139";"BR-116/SP";"Pista Sul";"Colisão traseira";1;0;0;0;0;0;0;0;1;0;3;0;0;0;0
"05/11/2023";"12:11:00";"224";"Acidente c";"197";"BR-116/SP";"Pista Norte";"Colisão traseira";1;0;0;0;0;0;0;0;1;0;1;3;0;0;0
"05/11/2023";"13:09:00";"247";"Acidente s";"471";"BR-101/RJ";"Pista Norte";"Choque em objeto fixo";0;0;0;0;0;0;0;0;1;0;1;0;0;0;0
"05/11/2023";"13:47:00";"268";"Acidente s";"76";"BR-116/SP";"Pista Sul";"Engavetamento";0;0;0;1;0;0;0;0;3;0;4;0;0;0;0
"05/11/2023";"16:23:00";"359";"Acidente s";"165";"BR-116/SP";"Pista Sul";"Colisão traseira";0;0;0;0;0;0;0;0;1;1;4;0;0;0;0
"05/11/2023";"16:53:00";"375";"Acidente c";"48,7";"BR-101/SP";"Pista Norte";"Abalroamento longitudinal";0;2;0;0;0;0;0;0;0;0;0;1;0;0;0
"05/11/2023";"18:08:00";"412";"Acidente c";"140";"BR-116/SP";"Pista Sul";"Abalroamento longitudinal";0;1;0;0;0;0;0;0;0;1;2;0;1;0;0
"05/11/2023";"18:51:00";"440";"Atropelame";"404";"BR-101/RJ";"Pista Sul";"Atropelamento de pedestre atravessando";0;0;0;0;0;0;0;0;0;1;1;0;1;0;0
"05/11/2023";"18:55:00";"442";"Atropelame";"68,6";"BR-116/SP";"Pista Sul";"Atropelamento de pedestre caminhando";0;1;0;0;0;0;0;0;0;0;1;0;1;0;0
"05/11/2023";"20:57:00";"487";"Acidente s";"218,8";"BR-116/SP";"Pista Norte";"Engavetamento";1;0;0;0;0;0;0;0;3;0;9;0;0;0;0
"05/11/2023";"21:09:00";"491";"Acidente c";"541";"BR-101/RJ";"Pista Sul";"Queda de moto";0;1;0;0;0;0;0;0;0;0;0;1;0;0;0
"05/11/2023";"23:55:00";"515";"Acidente s";"238";"BR-116/RJ";"Pista Norte";"Choque em defensa";0;0;0;0;0;0;0;0;1;0;1;0;0;0;0
"06/11/2023";"05:32:00";"62";"Acidente s";"231";"BR-116/SP";"Pista Norte";"Choque em defensa";1;0;0;0;0;0;0;0;0;0;1;0;0;0;0
"06/11/2023";"06:30:00";"82";"Acidente c";"114";"BR-116/SP";"Pista Norte";"Tombamento";0;0;0;0;0;0;1;0;0;0;0;1;0;0;0
"06/11/2023";"06:53:00";"103";"Acidente s";"207";"BR-116/SP";"Pista Sul";"Engavetamento";0;0;0;0;0;0;0;0;3;0;3;0;0;0;0
"06/11/2023";"07:06:00";"116";"Acidente s";"223";"BR-116/SP";"Pista Norte";"Engavetamento";0;0;0;0;0;0;0;0;3;0;3;0;0;0;0
"06/11/2023";"07:29:00";"127";"Acidente s";"471";"BR-101/RJ";"Pista Sul";"Abalroamento longitudinal";0;1;0;0;0;0;0;0;1;0;2;0;0;0;0
"06/11/2023";"08:00:00";"157";"Acidente c";"298";"BR-116/RJ";"Pista Norte";"Choque em objeto fixo";0;0;0;0;0;0;0;0;1;0;3;2;0;0;0
"06/11/2023";"10:16:00";"234";"Acidente c";"155";"BR-116/SP";"Pista Sul";"Colisão frontal";0;1;0;0;0;0;0;0;1;0;1;1;0;0;0
"06/11/2023";"10:33:00";"240";"Acidente s";"250,6";"BR-116/RJ";"Pista Sul";"Choque em objeto na pista";0;0;0;0;0;0;0;0;1;0;2;0;0;0;0
"06/11/2023";"11:24:00";"270";"Acidente s";"155";"BR-116/SP";"Pista Sul";"Engavetamento";0;0;0;0;0;0;0;0;4;0;4;0;0;0;0
"06/11/2023";"12:15:00";"295";"Acidente c";"164,15";"BR-116/SP";"Pista Norte";"Queda de moto";0;1;0;0;0;0;0;0;0;0;0;1;0;0;0
"06/11/2023";"12:28:00";"303";"Acidente c";"258,3";"BR-116/RJ";"Pista Sul";"Colisão traseira";0;0;0;0;0;0;0;0;2;0;4;2;0;0;0
"06/11/2023";"13:03:00";"334";"Acidente s";"317";"BR-116/RJ";"Pista Norte";"Choque em objeto fixo";1;0;0;0;0;0;0;0;0;0;2;0;0;0;0
"06/11/2023";"14:46:00";"385";"Acidente s";"201,4";"BR-116/SP";"Pista Sul";"Choque em objeto na pista";0;0;0;0;0;0;0;0;1;0;7;0;0;0;0
"06/11/2023";"14:47:00";"387";"Acidente s";"56,9";"BR-116/SP";"Pista Norte";"Choque em objeto fixo";1;0;0;0;0;0;0;0;0;0;1;0;0;0;0
"06/11/2023";"17:21:00";"457";"Acidente s";"158";"BR-116/SP";"Pista Norte";"Colisão traseira";0;0;0;0;0;0;0;0;2;0;4;0;0;0;0
"06/11/2023";"18:27:00";"500";"Acidente c";"117,4";"BR-116/SP";"Pista Norte";"Queda de ribanceira";0;0;0;0;0;0;0;0;1;0;0;0;1;1;0
"06/11/2023";"20:28:00";"552";"Atropelame";"146,72";"BR-116/SP";"Pista Norte";"Atropelamento de pedestre atravessando";0;0;0;0;0;0;0;0;0;1;1;0;0;0;1
"06/11/2023";"22:13:00";"591";"Acidente s";"222";"BR-116/SP";"Pista Norte";"Colisão traseira";0;0;0;0;0;0;0;0;2;0;2;0;0;0;0
"06/11/2023";"23:24:00";"612";"Acidente c";"138,5";"BR-116/SP";"Pista Sul";"Colisão traseira";0;1;0;0;0;0;0;0;1;0;1;1;0;0;0
"07/11/2023";"02:04:00";"36";"Acidente c";"13,85";"BR-116/SP";"Pista Norte";"Colisão traseira";2;0;0;1;0;0;0;0;0;0;44;1;3;1;0
"07/11/2023";"03:56:00";"47";"Acidente s";"165,9";"BR-116/SP";"Pista Norte";"Atropelamento de animal";0;0;0;0;0;0;0;0;1;0;1;0;0;0;0
"07/11/2023";"05:08:00";"62";"Acidente c";"22,5";"BR-116/SP";"Pista Norte";"Queda de ribanceira";1;0;0;0;0;0;0;0;0;0;0;1;0;0;0
"07/11/2023";"06:37:00";"99";"Acidente s";"152,7";"BR-116/SP";"Pista Norte";"Abalroamento longitudinal";1;0;0;0;0;0;0;0;1;0;2;0;0;0;0
"07/11/2023";"06:48:00";"115";"Acidente s";"141,4";"BR-116/SP";"Pista Norte";"Colisão traseira";0;0;0;0;0;0;0;0;2;0;3;0;0;0;0
"07/11/2023";"08:50:00";"219";"Acidente c";"47,6";"BR-101/SP";"Pista Sul";"Queda de moto";0;1;0;0;0;0;0;0;0;0;0;1;0;0;0
"07/11/2023";"14:08:00";"394";"Acidente c";"223,5";"BR-116/SP";"Pista Norte";"Colisão traseira";0;1;0;0;0;0;0;0;1;0;1;0;2;0;0
"07/11/2023";"14:55:00";"421";"Acidente s";"36";"BR-116/SP";"Pista Sul";"Colisão traseira";2;0;0;0;0;0;0;0;0;0;2;0;0;0;0
"07/11/2023";"15:19:00";"427";"Atropelame";"46,6";"BR-101/SP";"Pista Sul";"Atropelamento de pedestre atravessando";0;1;1;0;0;0;0;0;0;0;0;0;0;2;0
"07/11/2023";"17:15:00";"485";"Acidente c";"212,5";"BR-116/SP";"Pista Norte";"Choque em barreira New Jersey";1;0;0;0;0;0;0;0;2;0;2;1;0;0;0
"07/11/2023";"17:24:00";"491";"Acidente s";"154,5";"BR-116/SP";"Pista Sul";"Abalroamento longitudinal";0;1;0;0;0;0;0;0;0;1;2;0;0;0;0
"07/11/2023";"17:31:00";"497";"Acidente c";"117,3";"BR-116/SP";"Pista Norte";"Queda de moto";0;1;0;0;0;0;0;0;0;0;0;1;0;0;0
"07/11/2023";"17:33:00";"499";"Acidente s";"116,25";"BR-116/SP";"Pista Norte";"Engavetamento";0;0;0;0;0;0;0;0;3;1;4;0;0;0;0
"07/11/2023";"17:37:00";"501";"Acidente c";"214";"BR-116/SP";"Pista Norte";"Engavetamento";0;0;0;0;0;0;0;0;4;0;6;1;0;0;0
"07/11/2023";"17:42:00";"505";"Acidente s";"135,5";"BR-116/SP";"Pista Sul";"Colisão traseira";0;0;0;0;0;0;0;0;1;1;3;0;0;0;0
"07/11/2023";"18:10:00";"521";"Acidente c";"575";"BR-101/RJ";"Pista Sul";"Atropelamento de pedestre atravessando";0;1;1;0;0;0;0;0;0;0;0;1;1;0;0
"07/11/2023";"18:16:00";"526";"Acidente s";"217,5";"BR-116/SP";"Pista Norte";"Choque em barreira New Jersey";1;0;0;0;0;0;0;0;0;0;1;0;0;0;0
"07/11/2023";"18:31:00";"532";"Acidente c";"522";"BR-101/RJ";"Pista Sul";"Choque em objeto fixo";0;0;0;0;0;0;0;0;1;0;0;1;0;0;0
"07/11/2023";"18:35:00";"535";"Acidente s";"131,75";"BR-116/SP";"Pista Norte";"Choque em objeto fixo";0;0;0;0;0;0;0;0;1;0;1;0;0;0;0
"07/11/2023";"21:43:00";"631";"Acidente s";"123";"BR-116/SP";"Pista Sul";"Capotamento";0;0;0;0;0;0;0;0;1;0;1;0;0;0;0
"07/11/2023";"21:50:00";"634";"Acidente s";"212,3";"BR-116/SP";"Pista Norte";"Abalroamento longitudinal";0;0;0;0;0;0;0;0;2;0;3;0;0;0;0
"08/11/2023";"00:22:00";"26";"Acidente s";"21";"BR-116/SP";"Pista Sul";"Choque em objeto fixo";1;0;0;0;0;0;0;0;0;0;1;0;0;0;0
"08/11/2023";"06:40:00";"113";"Acidente s";"229";"BR-116/SP";"Pista Sul";"Abalroamento longitudinal";0;1;0;0;0;0;0;0;1;0;2;0;0;0;0
"08/11/2023";"07:07:00";"131";"Acidente c";"52";"BR-101/SP";"Pista Sul";"Queda de moto";0;1;0;0;0;0;0;0;0;0;1;1;0;0;0
"08/11/2023";"07:29:00";"152";"Acidente s";"224,9";"BR-116/SP";"Pista Sul";"Colisão traseira";0;0;0;0;0;0;1;0;1;0;4;0;0;0;0
"08/11/2023";"08:02:00";"175";"Acidente c";"228,9";"BR-116/SP";"Pista Sul";"Abalroamento longitudinal";0;1;0;0;0;0;0;0;1;0;1;1;0;0;0
"08/11/2023";"14:25:00";"418";"Acidente c";"210";"BR-116/SP";"Pista Norte";"Abalroamento longitudinal";0;1;0;0;0;0;0;0;1;0;1;1;0;0;0
"08/11/2023";"15:07:00";"445";"Acidente s";"218,8";"BR-116/SP";"Pista Sul";"Choque em barreira New Jersey";0;0;0;0;0;0;0;0;2;0;5;0;0;0;0
"08/11/2023";"15:32:00";"459";"Acidente s";"181,4";"BR-116/SP";"Pista Norte";"Abalroamento transversal";1;0;0;0;0;0;0;0;1;0;2;0;0;0;0
"08/11/2023";"16:25:00";"478";"Acidente c";"143,4";"BR-116/SP";"Pista Norte";"Colisão traseira";0;0;0;0;0;0;0;0;2;0;3;2;0;0;0
"08/11/2023";"17:08:00";"498";"Acidente s";"236";"BR-116/RJ";"Pista Sul";"Colisão traseira";2;0;0;0;0;0;0;0;0;0;3;0;0;0;0
"08/11/2023";"17:34:00";"510";"Acidente s";"112,3";"BR-116/SP";"Pista Norte";"Colisão traseira";1;0;0;0;0;0;0;0;0;1;2;0;0;0;0
"08/11/2023";"18:41:00";"556";"Acidente c";"315";"BR-116/RJ";"Pista Norte";"Choque em barreira New Jersey";0;0;0;0;0;0;0;0;1;0;0;1;0;0;0
"09/11/2023";"03:30:00";"52";"Acidente s";"395";"BR-101/RJ";"Pista Norte";"Atropelamento de animal";0;0;0;0;0;0;0;0;1;0;2;0;0;0;0
"09/11/2023";"05:59:00";"85";"Acidente c";"445";"BR-101/RJ";"Pista Norte";"Choque em objeto fixo";1;0;0;0;0;0;0;0;0;0;1;1;0;0;0
"09/11/2023";"06:55:00";"132";"Atropelame";"227,9";"BR-116/SP";"Pista Norte";"Atropelamento de pedestre atravessando";0;0;0;0;0;0;0;0;0;1;1;0;0;0;1
"09/11/2023";"06:58:00";"133";"Atropelame";"152,6";"BR-116/SP";"Pista Norte";"Atropelamento de pedestre atravessando";1;0;1;0;0;0;0;0;0;0;2;0;1;0;0
"09/11/2023";"08:05:00";"183";"Acidente c";"206,5";"BR-116/SP";"Pista Sul";"Abalroamento longitudinal";0;1;0;0;0;0;0;0;1;0;1;1;0;0;0
"09/11/2023";"08:23:00";"197";"Acidente s";"217";"BR-116/SP";"Pista Sul";"Colisão traseira";0;0;0;0;0;0;0;0;2;0;3;0;0;0;0
"09/11/2023";"09:11:00";"237";"Acidente c";"227";"BR-116/SP";"Pista Sul";"Engavetamento";0;0;0;0;0;0;0;0;4;0;3;2;0;0;0
"09/11/2023";"09:23:00";"243";"Acidente c";"220,9";"BR-116/SP";"Pista Sul";"Engavetamento";1;1;0;0;0;0;0;0;1;0;5;0;1;0;0
"09/11/2023";"12:12:00";"327";"Acidente c";"155";"BR-116/SP";"Pista Norte";"Choque em barreira New Jersey";0;0;0;0;0;0;0;0;1;0;0;0;0;1;0
"09/11/2023";"12:39:00";"338";"Acidente s";"413";"BR-101/RJ";"Pista Sul";"Colisão traseira";0;0;0;0;0;0;0;0;2;0;3;0;0;0;0
"09/11/2023";"14:45:00";"410";"Acidente s";"325";"BR-116/RJ";"Pista Sul";"Abalroamento longitudinal";1;0;0;0;0;0;0;0;1;0;2;0;0;0;0
"09/11/2023";"15:02:00";"420";"Acidente c";"52,5";"BR-101/SP";"Pista Sul";"Abalroamento longitudinal";0;1;0;0;0;0;0;0;1;0;1;1;0;0;0
"09/11/2023";"18:38:00";"543";"Acidente c";"138";"BR-116/SP";"Pista Sul";"Abalroamento longitudinal";0;1;0;0;0;0;0;0;1;0;1;1;0;0;0
"09/11/2023";"19:22:00";"569";"Acidente s";"227,6";"BR-116/SP";"Pista Norte";"Colisão traseira";0;0;0;0;0;0;0;0;2;0;3;0;0;0;0
"09/11/2023";"20:17:00";"595";"Acidente c";"228";"BR-116/SP";"Pista Norte";"Engavetamento";1;0;0;1;0;0;0;0;1;0;6;1;0;0;0
"09/11/2023";"20:47:00";"609";"Acidente s";"1,3";"BR-101/SP";"Pista Norte";"Choque em objeto na pista";0;0;0;0;0;0;0;0;1;0;1;0;0;0;0
"09/11/2023";"21:03:00";"619";"Acidente s";"245,2";"BR-116/RJ";"Pista Sul";"Abalroamento transversal";1;0;0;0;0;0;0;0;1;0;2;0;0;0;0
"09/11/2023";"21:51:00";"637";"Acidente s";"80,7";"BR-116/SP";"Pista Sul";"Atropelamento de animal";1;0;0;0;0;0;0;0;1;0;2;0;0;0;0
"10/11/2023";"01:38:00";"48";"Acidente s";"454";"BR-101/RJ";"Pista Sul";"Atropelamento de animal";0;0;0;0;0;0;0;0;1;0;1;0;0;0;0
"10/11/2023";"01:39:00";"50";"Acidente s";"37,75";"BR-116/SP";"Pista Sul";"Choque em objeto fixo";0;0;0;0;0;0;0;0;1;0;1;0;0;0;0
"10/11/2023";"03:25:00";"64";"Acidente c";"224,15";"BR-116/RJ";"Pista Norte";"Tombamento";1;0;0;0;0;0;0;0;0;0;0;1;0;0;0
"10/11/2023";"03:52:00";"70";"Acidente c";"59,8";"BR-116/SP";"Pista Norte";"Abalroamento longitudinal";0;1;0;1;0;0;0;0;0;0;41;0;1;0;0
"10/11/2023";"04:06:00";"73";"Acidente s";"85,4";"BR-116/SP";"Pista Sul";"Colisão traseira";1;0;0;0;0;0;0;0;0;0;1;0;0;0;0
"10/11/2023";"07:40:00";"175";"Acidente c";"110";"BR-116/SP";"Pista Norte";"Queda de moto";0;1;0;0;0;0;0;0;0;0;1;1;0;0;0
"10/11/2023";"10:40:00";"311";"Acidente s";"219";"BR-116/SP";"Pista Norte";"Colisão traseira";1;0;0;0;0;0;0;0;1;0;2;0;0;0;0
"10/11/2023";"11:50:00";"350";"Acidente c";"312";"BR-116/RJ";"Pista Norte";"Queda de moto";0;1;0;0;0;0;0;0;0;0;0;1;1;0;0
"10/11/2023";"12:05:00";"356";"Atropelame";"139,7";"BR-116/SP";"Pista Norte";"Atropelamento de pedestre caminhando";0;0;0;0;0;0;0;0;1;0;3;1;0;0;0
"10/11/2023";"13:16:00";"385";"Acidente c";"210,1";"BR-116/SP";"Pista Sul";"Engavetamento";0;0;0;0;0;0;0;0;4;0;6;1;0;0;0
"10/11/2023";"14:01:00";"410";"Acidente c";"287";"BR-116/RJ";"Pista Sul";"Colisão traseira";2;0;0;0;0;0;0;0;0;0;1;0;0;1;0
"10/11/2023";"15:09:00";"452";"Acidente s";"210";"BR-116/SP";"Pista Norte";"Colisão traseira";2;0;0;0;0;0;0;0;0;0;2;0;0;0;0
"10/11/2023";"15:41:00";"468";"Acidente c";"134";"BR-116/SP";"Pista Sul";"Colisão traseira";0;1;0;0;0;0;0;0;1;0;1;0;0;1;0
"10/11/2023";"15:50:00";"471";"Acidente s";"136";"BR-116/SP";"Pista Norte";"Engavetamento";0;0;0;0;0;0;0;0;1;2;3;0;0;0;0
"10/11/2023";"16:29:00";"490";"Acidente c";"132,1";"BR-116/SP";"Pista Sul";"Engavetamento";0;0;0;0;0;0;1;0;2;0;2;1;0;0;0
"10/11/2023";"16:43:00";"499";"Acidente s";"225";"BR-116/SP";"Pista Sul";"Engavetamento";0;0;0;0;0;0;0;0;2;0;2;0;0;0;0
"10/11/2023";"17:22:00";"522";"Acidente c";"216";"BR-116/SP";"Pista Norte";"Colisão traseira";0;1;0;0;0;0;0;0;1;0;1;0;1;0;0
"10/11/2023";"18:10:00";"553";"Acidente s";"476";"BR-101/RJ";"Pista Sul";"Colisão traseira";0;0;0;0;0;0;0;0;1;1;2;0;0;0;0
"10/11/2023";"18:26:00";"566";"Acidente s";"226,4";"BR-116/SP";"Pista Sul";"Choque em barreira New Jersey";0;0;0;0;0;0;0;0;1;0;1;0;0;0;0
"10/11/2023";"19:27:00";"593";"Acidente s";"217";"BR-116/SP";"Pista Norte";"Colisão traseira";0;0;0;0;0;0;0;0;2;0;2;0;0;0;0
"10/11/2023";"19:58:00";"608";"Acidente c";"55,4";"BR-116/SP";"Pista Norte";"Capotamento";0;0;0;0;0;0;0;0;1;0;0;0;1;0;0
"10/11/2023";"21:49:00";"665";"Acidente c";"223";"BR-116/SP";"Pista Norte";"Colisão traseira";1;1;0;0;0;0;0;0;0;0;1;0;1;0;0
"10/11/2023";"21:51:00";"666";"Acidente c";"307,4";"BR-116/RJ";"Pista Norte";"Choque em barreira New Jersey";0;0;0;0;0;0;0;0;1;0;0;1;0;0;0
"11/11/2023";"01:20:00";"36";"Acidente s";"485";"BR-101/RJ";"Pista Sul";"Choque em objeto fixo";0;0;0;0;0;0;0;0;1;0;0;0;0;0;0
"11/11/2023";"05:12:00";"68";"Acidente c";"189";"BR-116/SP";"Pista Norte";"Choque em objeto fixo";1;0;0;0;0;0;0;0;0;0;0;0;1;0;0
"11/11/2023";"05:41:00";"76";"Acidente s";"50";"BR-116/SP";"Pista Norte";"Choque em defensa";0;0;0;0;0;0;0;0;1;0;1;0;0;0;0
"11/11/2023";"05:45:00";"77";"Acidente c";"144,9";"BR-116/SP";"Pista Norte";"Queda de moto";0;1;0;0;0;0;0;0;0;0;0;1;0;0;0
"11/11/2023";"06:37:00";"107";"Acidente s";"595,1";"BR-101/RJ";"Pista Sul";"Choque em defensa";0;0;0;0;0;0;0;0;1;0;1;0;0;0;0
"11/11/2023";"06:52:00";"121";"Acidente c";"384";"BR-101/RJ";"Pista Norte";"Abalroamento longitudinal";0;0;0;0;0;0;0;0;2;0;1;1;0;0;0
"11/11/2023";"08:51:00";"208";"Acidente c";"101";"BR-116/SP";"Pista Norte";"Colisão traseira";0;1;0;0;0;0;0;0;1;0;1;1;1;0;0
"11/11/2023";"08:55:00";"215";"Acidente c";"400";"BR-101/RJ";"Pista Sul";"Abalroamento longitudinal";0;1;0;0;0;0;0;0;1;0;2;0;1;0;0
"11/11/2023";"09:18:00";"232";"Acidente s";"203,2";"BR-116/SP";"Pista Norte";"Colisão traseira";1;0;0;0;0;0;0;0;1;0;4;0;0;0;0
"11/11/2023";"10:36:00";"293";"Acidente s";"478";"BR-101/RJ";"Pista Sul";"Colisão traseira";0;0;0;0;0;0;0;0;2;0;2;0;0;0;0
"11/11/2023";"11:00:00";"305";"Acidente s";"157";"BR-116/SP";"Pista Norte";"Colisão traseira";0;0;0;0;0;0;0;0;2;0;5;0;0;0;0
"11/11/2023";"12:00:00";"339";"Acidente s";"217,8";"BR-116/SP";"Pista Norte";"Abalroamento longitudinal";0;0;0;0;0;0;0;0;1;1;2;0;0;0;0
"11/11/2023";"12:13:00";"344";"Acidente c";"112,9";"BR-116/SP";"Pista Norte";"Capotamento";0;0;0;0;0;0;0;0;1;0;0;1;0;0;0
"11/11/2023";"12:24:00";"350";"Acidente c";"146,05";"BR-116/SP";"Pista Sul";"Abalroamento longitudinal";1;0;0;0;0;0;0;0;1;1;3;0;1;0;0
"11/11/2023";"15:19:00";"451";"Acidente c";"476";"BR-101/RJ";"Pista Norte";"Engavetamento";1;1;0;0;0;0;0;0;1;0;3;0;1;0;0
"11/11/2023";"16:13:00";"487";"Acidente s";"504,3";"BR-101/RJ";"Pista Sul";"Colisão traseira";0;1;0;0;0;0;0;0;1;0;2;0;0;0;0
"11/11/2023";"16:34:00";"495";"Acidente c";"421";"BR-101/RJ";"Pista Norte";"Colisão traseira";0;1;0;0;0;0;0;0;1;0;3;0;1;0;0
"11/11/2023";"17:33:00";"519";"Acidente s";"227,3";"BR-116/SP";"Pista Sul";"Choque em defensa";0;0;0;0;0;0;0;0;1;0;2;0;0;0;0
"11/11/2023";"18:39:00";"549";"Acidente s";"227,8";"BR-116/RJ";"Pista Sul";"Choque em objeto fixo";1;0;0;0;0;0;0;0;1;0;2;0;0;0;0