data;horario;n_da_ocorrencia;tipo_de_ocorrencia;km;trecho;sentido;tipo_de_acidente;automovel;bicicleta;caminhao;moto;onibus;outros;tracao_animal;transporte_de_cargas_especiais;trator_maquinas;utilitarios;ilesos;levemente_feridos;moderadamente_feridos;gravemente_feridos;mortos
"11/11/2023";"19:55:00";"580";"Acidente s";"225";"BR-116/SP";"Pista Norte";"Choque em defensa";1;0;0;0;0;0;0;0;0;0;3;0;0;0;0
"12/11/2023";"05:37:00";"79";"Acidente s";"210";"BR-116/SP";"Pista Sul";"Abalroamento longitudinal";0;0;0;0;0;0;0;0;1;1;2;0;0;0;0
"12/11/2023";"08:31:00";"150";"Acidente c";"501";"BR-101/RJ";"Pista Sul";"Capotamento";0;0;0;0;0;0;0;0;1;0;0;0;1;0;0
"12/11/2023";"12:10:00";"259";"Acidente s";"547";"BR-101/RJ";"Pista Sul";"Capotamento";0;0;0;0;0;0;0;0;1;0;2;0;0;0;0
"12/11/2023";"12:47:00";"282";"Acidente s";"51,3";"BR-116/SP";"Pista Sul";"Abalroamento longitudinal";1;0;0;0;0;0;0;0;0;1;2;0;0;0;0
"12/11/2023";"14:36:00";"366";"Acidente c";"140,4";"BR-116/SP";"Pista Norte";"Colisão traseira";0;1;0;0;0;0;0;0;1;0;2;0;1;0;0
"12/11/2023";"14:46:00";"370";"Acidente c";"228,3";"BR-116/SP";"Pista Sul";"Abalroamento longitudinal";0;1;0;0;0;0;0;0;1;0;1;1;0;0;0
"12/11/2023";"14:58:00";"380";"Acidente c";"424";"BR-101/RJ";"Pista Norte";"Engavetamento";0;0;0;0;0;0;0;0;1;2;3;1;0;0;0
"12/11/2023";"15:08:00";"386";"Acidente s";"117";"BR-116/SP";"Pista Sul";"Queda de moto";0;1;0;0;0;0;0;0;0;0;1;0;0;0;0
"12/11/2023";"15:16:00";"392";"Acidente s";"69";"BR-116/SP";"Pista Sul";"Choque em defensa";1;0;0;0;0;0;0;0;0;0;1;0;0;0;0
"12/11/2023";"15:48:00";"414";"Acidente c";"95";"BR-116/SP";"Pista Sul";"Engavetamento";0;0;0;0;0;0;0;0;5;0;4;1;0;0;0
"12/11/2023";"15:50:00";"417";"Acidente c";"423";"BR-101/RJ";"Pista Sul";"Abalroamento longitudinal";0;1;0;0;0;0;0;0;1;0;1;1;0;0;0
"12/11/2023";"16:07:00";"424";"Acidente s";"428";"BR-101/RJ";"Pista Norte";"Abalroamento longitudinal";0;0;0;0;0;0;0;0;2;0;6;0;0;0;0
"12/11/2023";"16:40:00";"448";"Acidente c";"95,5";"BR-116/SP";"Pista Sul";"Engavetamento";0;0;0;2;0;0;0;0;0;1;59;0;7;0;0
"12/11/2023";"16:40:00";"449";"Acidente c";"524";"BR-101/RJ";"Pista Sul";"Colisão frontal";0;0;0;0;0;0;0;0;2;0;9;1;0;0;0
"12/11/2023";"16:45:00";"456";"Acidente s";"207,8";"BR-116/SP";"Pista Sul";"Colisão traseira";0;0;0;0;0;0;0;0;2;0;3;0;0;0;0
"12/11/2023";"19:15:00";"545";"Acidente c";"415,6";"BR-101/RJ";"Pista Norte";"Colisão frontal";0;1;0;0;0;0;0;0;1;0;2;0;0;2;0
"12/11/2023";"19:32:00";"555";"Acidente s";"386";"BR-101/RJ";"Pista Norte";"Abalroamento longitudinal";0;0;0;0;0;0;0;0;2;0;0;0;0;0;0
"12/11/2023";"22:08:00";"620";"Acidente s";"226,5";"BR-116/SP";"Pista Norte";"Choque em objeto fixo";0;0;0;0;0;0;0;0;1;0;2;0;0;0;0
"12/11/2023";"22:22:00";"624";"Acidente s";"125";"BR-116/SP";"Pista Norte";"Choque em objeto na pista";0;0;0;0;0;0;0;0;2;0;2;0;0;0;0
"12/11/2023";"23:30:00";"641";"Acidente s";"96";"BR-116/SP";"Pista Norte";"Capotamento";0;0;0;0;0;0;0;0;1;0;3;0;0;0;0
"12/11/2023";"23:41:00";"644";"Acidente c";"228,7";"BR-116/SP";"Pista Norte";"Colisão traseira";0;0;0;1;0;0;0;0;0;1;5;1;0;0;0
"13/11/2023";"03:33:00";"42";"Acidente c";"215,3";"BR-116/RJ";"Pista Norte";"Colisão traseira";2;0;0;0;0;0;0;0;0;0;2;0;1;0;0
"13/11/2023";"05:33:00";"57";"Acidente s";"498";"BR-101/RJ";"Pista Sul";"Queda de moto";0;1;0;0;0;0;0;0;0;0;1;0;0;0;0
"13/11/2023";"06:09:00";"83";"Acidente c";"215,9";"BR-116/SP";"Pista Sul";"Choque em objeto fixo";0;1;0;0;0;0;0;0;0;0;0;1;0;0;0
"13/11/2023";"06:42:00";"109";"Acidente s";"154,9";"BR-116/SP";"Pista Sul";"Colisão traseira";0;0;0;0;0;0;0;0;2;0;3;0;0;0;0
"13/11/2023";"06:57:00";"118";"Acidente c";"225,8";"BR-116/SP";"Pista Sul";"Queda de moto";0;1;0;0;0;0;0;0;0;0;0;1;0;0;0
"13/11/2023";"07:06:00";"127";"Acidente c";"299,8";"BR-116/RJ";"Pista Norte";"Engavetamento";0;0;0;0;0;0;0;0;2;3;4;2;0;0;0
"13/11/2023";"07:36:00";"156";"Acidente s";"235";"BR-116/RJ";"Pista Norte";"Colisão traseira";2;0;0;0;0;0;0;0;0;0;2;0;0;0;0
"13/11/2023";"08:23:00";"192";"Acidente s";"148,85";"BR-116/SP";"Pista Sul";"Engavetamento";0;0;0;0;0;0;0;0;2;1;3;0;0;0;0
"13/11/2023";"08:35:00";"203";"Acidente s";"152";"BR-116/SP";"Pista Sul";"Colisão traseira";2;0;0;0;0;0;0;0;0;0;2;0;0;0;0
"13/11/2023";"09:12:00";"233";"Acidente c";"317";"BR-116/RJ";"Pista Sul";"Abalroamento longitudinal";1;0;0;0;0;0;0;0;2;0;2;1;0;0;0
"13/11/2023";"09:47:00";"255";"Acidente c";"525";"BR-101/RJ";"Pista Sul";"Abalroamento longitudinal";0;0;0;0;0;0;0;0;2;0;2;0;1;0;0
"13/11/2023";"12:26:00";"350";"Acidente c";"218,8";"BR-116/SP";"Pista Sul";"Queda de moto";0;1;0;0;0;0;0;0;1;0;1;0;1;0;0
"13/11/2023";"13:21:00";"388";"Acidente c";"216,95";"BR-116/SP";"Pista Sul";"Colisão traseira";0;0;0;0;0;0;0;0;2;0;2;1;0;0;0
"13/11/2023";"13:26:00";"390";"Acidente c";"484,2";"BR-101/RJ";"Pista Sul";"Colisão traseira";0;0;0;0;0;0;0;0;1;1;2;0;1;0;0
"13/11/2023";"14:54:00";"446";"Acidente c";"26";"BR-116/SP";"Pista Sul";"Queda de moto";0;1;0;0;0;0;0;0;0;0;0;0;2;0;0
"13/11/2023";"15:28:00";"474";"Acidente c";"394";"BR-101/RJ";"Pista Norte";"Colisão traseira";1;1;0;0;0;0;0;0;0;0;1;0;0;1;0
"13/11/2023";"15:56:00";"495";"Acidente s";"219,7";"BR-116/SP";"Pista Norte";"Colisão traseira";1;0;0;0;0;0;0;0;1;0;2;0;0;0;0
"13/11/2023";"16:15:00";"506";"Acidente s";"165,2";"BR-116/SP";"Pista Sul";"Abalroamento longitudinal";0;0;0;0;0;0;0;0;1;1;3;0;0;0;0
"13/11/2023";"17:07:00";"543";"Acidente s";"279,9";"BR-116/RJ";"Pista Norte";"Choque em objeto na pista";0;0;0;0;0;0;0;0;2;0;3;0;0;0;0
"13/11/2023";"17:13:00";"548";"Acidente s";"512";"BR-101/RJ";"Pista Sul";"Abalroamento longitudinal";0;0;0;0;0;0;0;0;2;0;2;0;0;0;0
"13/11/2023";"17:30:00";"558";"Acidente c";"36";"BR-101/SP";"Pista Norte";"Abalroamento longitudinal";0;0;0;0;0;0;0;0;2;0;1;0;1;0;0
"13/11/2023";"17:32:00";"560";"Acidente c";"212,6";"BR-116/SP";"Pista Norte";"Colisão traseira";0;1;0;0;0;0;0;0;1;0;3;1;0;0;0
"13/11/2023";"18:03:00";"580";"Atropelame";"384,7";"BR-101/RJ";"Pista Norte";"Atropelamento de pedestre atravessando";1;0;0;0;0;0;0;0;0;0;1;0;0;0;1
"13/11/2023";"18:24:00";"596";"Acidente c";"226,5";"BR-116/SP";"Pista Norte";"Colisão traseira";0;1;0;0;0;0;0;0;2;0;2;0;1;0;0
"13/11/2023";"18:40:00";"608";"Acidente s";"523,6";"BR-101/RJ";"Pista Norte";"Choque em objeto fixo";0;0;0;0;0;0;0;0;1;0;1;0;0;0;0
"13/11/2023";"19:12:00";"626";"Acidente s";"147,2";"BR-116/SP";"Pista Norte";"Abalroamento longitudinal";1;0;0;0;0;0;0;0;1;0;5;0;0;0;0
"13/11/2023";"21:01:00";"684";"Acidente s";"106";"BR-116/SP";"Pista Sul";"Choque em barreira New Jersey";0;0;0;0;0;0;0;0;1;0;2;0;0;0;0
"13/11/2023";"21:05:00";"686";"Acidente s";"115,9";"BR-116/SP";"Pista Sul";"Colisão traseira";1;0;0;0;0;0;0;0;1;0;2;0;0;0;0
"13/11/2023";"21:52:00";"704";"Acidente s";"231,7";"BR-116/RJ";"Pista Norte";"Capotamento";0;0;0;0;0;0;0;0;1;0;1;0;0;0;0
"13/11/2023";"23:18:00";"725";"Atropelame";"219";"BR-116/SP";"Pista Sul";"Atropelamento de pedestre atravessando";0;1;1;0;0;0;0;0;0;0;0;2;0;0;0
"13/11/2023";"23:39:00";"732";"Acidente c";"324,9";"BR-116/RJ";"Pista Sul";"Colisão traseira";0;0;0;0;0;0;0;0;1;1;4;1;0;0;0
"13/11/2023";"23:59:00";"738";"Acidente s";"548,7";"BR-101/RJ";"Pista Sul";"Choque em objeto fixo";0;0;0;0;0;0;0;0;1;0;1;0;0;0;0
"14/11/2023";"00:08:00";"20";"Atropelame";"411";"BR-101/RJ";"Pista Norte";"Atropelamento de pedestre atravessando";0;0;1;0;0;0;0;0;0;1;1;0;1;0;0
"14/11/2023";"00:08:00";"22";"Acidente c";"269";"BR-116/RJ";"Pista Norte";"Colisão traseira";2;0;0;0;0;0;0;0;0;0;0;2;0;0;0
"14/11/2023";"01:33:00";"38";"Acidente c";"231,8";"BR-116/RJ";"Pista Sul";"Colisão traseira";1;0;0;0;0;0;0;0;1;0;1;1;0;0;0
"14/11/2023";"01:59:00";"47";"Acidente c";"94,8";"BR-116/SP";"Pista Norte";"Colisão traseira";1;0;0;0;0;0;0;0;0;1;1;1;0;0;0
"14/11/2023";"02:16:00";"50";"Acidente c";"106,35";"BR-116/SP";"Pista Norte";"Abalroamento longitudinal";2;0;0;0;0;0;0;0;0;0;2;1;0;0;0
"14/11/2023";"04:33:00";"76";"Acidente c";"9";"BR-116/SP";"Pista Sul";"Colisão traseira";1;0;0;0;0;0;0;0;1;0;2;0;2;0;0
"14/11/2023";"05:24:00";"87";"Acidente s";"144,3";"BR-116/SP";"Pista Sul";"Choque em objeto na pista";0;0;0;0;0;0;0;0;1;0;1;0;0;0;0
"14/11/2023";"06:00:00";"101";"Acidente c";"218,1";"BR-116/SP";"Pista Sul";"Colisão traseira";0;1;0;0;0;0;0;0;1;0;5;1;0;0;0
"14/11/2023";"06:42:00";"130";"Acidente s";"13,9";"BR-116/SP";"Pista Norte";"Tombamento";1;0;0;0;0;0;0;0;0;0;1;0;0;0;0
"14/11/2023";"07:16:00";"162";"Acidente s";"261";"BR-116/RJ";"Pista Sul";"Choque em objeto fixo";0;0;0;0;0;0;1;0;0;0;2;0;0;0;0
"14/11/2023";"07:26:00";"172";"Acidente c";"145,3";"BR-116/SP";"Pista Sul";"Colisão traseira";0;2;0;0;0;0;0;0;0;0;1;1;0;0;0
"14/11/2023";"08:06:00";"212";"Acidente s";"48,7";"BR-101/SP";"Pista Sul";"Colisão traseira";0;0;0;0;0;0;0;0;2;0;7;0;0;0;0
"14/11/2023";"08:40:00";"239";"Acidente c";"222,1";"BR-116/SP";"Pista Norte";"Abalroamento longitudinal";0;1;0;0;0;0;0;0;1;0;3;1;0;0;0
"14/11/2023";"11:11:00";"358";"Acidente c";"152,3";"BR-116/SP";"Pista Norte";"Queda de moto";0;1;0;0;0;0;0;0;0;0;0;1;0;0;0
"14/11/2023";"11:12:00";"359";"Acidente c";"257,1";"BR-116/RJ";"Pista Sul";"Abalroamento longitudinal";1;0;0;0;0;0;0;0;1;0;2;1;0;0;0
"14/11/2023";"15:20:00";"526";"Acidente s";"229,4";"BR-116/RJ";"Pista Norte";"Colisão traseira";1;0;0;0;0;0;0;0;1;0;2;0;0;0;0
"14/11/2023";"15:29:00";"536";"Acidente c";"226,8";"BR-116/SP";"Pista Norte";"Choque em barreira New Jersey";0;0;0;0;0;0;0;0;1;0;0;1;0;0;0
"14/11/2023";"17:26:00";"609";"Acidente s";"220,7";"BR-116/SP";"Pista Norte";"Engavetamento";1;0;0;0;0;0;0;0;2;0;4;0;0;0;0
"14/11/2023";"17:31:00";"612";"Acidente s";"429";"BR-101/RJ";"Pista Sul";"Abalroamento longitudinal";0;0;0;0;0;1;0;0;2;0;2;0;0;0;0
"14/11/2023";"17:55:00";"632";"Acidente c";"213";"BR-116/SP";"Pista Norte";"Engavetamento";1;2;0;0;0;0;0;0;0;1;3;1;1;0;0
"14/11/2023";"18:37:00";"657";"Acidente c";"161";"BR-116/SP";"Pista Norte";"Colisão traseira";0;1;0;0;0;0;0;0;1;0;1;1;0;0;0
"14/11/2023";"18:44:00";"661";"Acidente s";"69,5";"BR-116/SP";"Pista Norte";"Engavetamento";0;0;0;0;0;0;0;0;3;1;5;0;0;0;0
"14/11/2023";"19:34:00";"686";"Acidente s";"278,7";"BR-116/RJ";"Pista Sul";"Colisão traseira";1;0;0;0;0;0;0;0;1;0;2;0;0;0;0
"14/11/2023";"19:38:00";"690";"Acidente s";"488";"BR-101/RJ";"Pista Norte";"Abalroamento longitudinal";0;0;0;0;0;0;0;0;2;0;5;0;0;0;0
"14/11/2023";"20:17:00";"706";"Acidente c";"15,7";"BR-116/SP";"Pista Sul";"Choque em barreira New Jersey";1;0;0;0;0;0;0;0;0;0;0;0;0;1;0
"14/11/2023";"20:46:00";"725";"Atropelame";"64,4";"BR-116/SP";"Pista Sul";"Atropelamento de pedestre atravessando";0;0;1;0;0;0;0;0;0;1;1;1;0;0;0
"14/11/2023";"20:47:00";"726";"Acidente s";"487";"BR-101/RJ";"Pista Sul";"Engavetamento";1;0;0;0;0;0;0;0;2;0;6;0;0;0;0
"14/11/2023";"21:19:00";"741";"Atropelame";"484";"BR-101/RJ";"Pista Norte";"Atropelamento de pedestre atravessando";0;0;0;0;0;0;0;0;1;0;1;2;0;0;0
"14/11/2023";"23:40:00";"793";"Acidente c";"223";"BR-116/SP";"Pista Norte";"Queda de moto";0;1;0;0;0;0;0;0;0;0;0;1;0;0;0
"15/11/2023";"00:24:00";"24";"Acidente c";"194,35";"BR-116/SP";"Pista Norte";"Colisão traseira";1;1;0;0;0;0;0;0;0;0;1;0;0;0;1
"15/11/2023";"01:55:00";"42";"Acidente c";"193,4";"BR-116/SP";"Pista Sul";"Colisão traseira";1;0;0;0;0;0;0;0;0;1;1;0;1;0;0
"15/11/2023";"02:19:00";"48";"Acidente s";"277";"BR-116/RJ";"Pista Norte";"Choque em barreira New Jersey";1;0;0;0;0;0;0;0;0;0;1;0;0;0;0
"15/11/2023";"05:26:00";"76";"Acidente c";"315,2";"BR-116/RJ";"Pista Sul";"Choque em barreira New Jersey";0;0;0;0;0;0;0;0;1;0;0;0;1;0;0
"15/11/2023";"05:30:00";"77";"Acidente s";"129,4";"BR-116/SP";"Pista Sul";"Engavetamento";0;0;0;0;0;0;0;0;1;2;1;0;0;0;0
"15/11/2023";"07:14:00";"110";"Acidente s";"112,6";"BR-116/SP";"Pista Norte";"Colisão traseira";0;0;0;0;0;0;0;0;1;1;5;0;0;0;0
"15/11/2023";"07:51:00";"127";"Acidente s";"112,4";"BR-116/SP";"Pista Norte";"Colisão traseira";0;0;0;0;0;0;0;0;2;0;5;0;0;0;0
"15/11/2023";"08:12:00";"137";"Acidente s";"116";"BR-116/SP";"Pista Norte";"Engavetamento";0;0;0;0;0;0;0;0;4;0;9;0;0;0;0
"15/11/2023";"08:36:00";"144";"Acidente s";"229,1";"BR-116/SP";"Pista Norte";"Abalroamento longitudinal";1;0;0;0;0;0;0;0;1;0;3;0;0;0;0
"15/11/2023";"10:35:00";"227";"Acidente s";"108,6";"BR-116/SP";"Pista Norte";"Colisão traseira";2;0;0;0;0;0;0;0;0;0;2;0;0;0;0
"15/11/2023";"11:29:00";"262";"Acidente s";"156,1";"BR-116/SP";"Pista Norte";"Abalroamento longitudinal";0;0;0;0;0;0;0;0;1;1;3;0;0;0;0
"15/11/2023";"12:10:00";"286";"Acidente c";"111";"BR-116/SP";"Pista Sul";"Abalroamento longitudinal";0;1;0;0;0;0;0;0;1;0;3;0;2;0;0
"15/11/2023";"12:30:00";"296";"Acidente s";"95,38";"BR-116/SP";"Pista Norte";"Abalroamento longitudinal";1;0;0;1;0;0;0;0;0;0;20;0;0;0;0
"15/11/2023";"13:32:00";"330";"Acidente c";"229,2";"BR-116/RJ";"Pista Norte";"Queda de moto";0;1;0;0;0;0;0;0;0;0;0;2;0;0;0
"15/11/2023";"13:37:00";"332";"Acidente s";"576";"BR-101/RJ";"Pista Sul";"Colisão traseira";0;0;0;0;0;0;0;0;2;0;2;0;0;0;0
"15/11/2023";"13:47:00";"336";"Acidente s";"154";"BR-116/SP";"Pista Norte";"Choque em objeto na pista";0;0;0;0;0;0;0;0;1;0;2;0;0;0;0
"15/11/2023";"14:05:00";"347";"Acidente s";"99,1";"BR-116/SP";"Pista Sul";"Colisão traseira";2;0;0;0;0;0;0;0;0;0;2;0;0;0;0
"15/11/2023";"14:07:00";"348";"Acidente s";"154";"BR-116/SP";"Pista Norte";"Choque em objeto na pista";0;0;0;0;0;0;0;0;1;0;1;0;0;0;0
"15/11/2023";"14:27:00";"364";"Acidente s";"140,1";"BR-116/SP";"Pista Sul";"Engavetamento";0;0;0;0;0;0;0;0;4;0;10;0;0;0;0
"15/11/2023";"14:51:00";"381";"Acidente s";"157,9";"BR-116/SP";"Pista Sul";"Tombamento";1;0;0;0;0;0;0;0;0;0;2;0;0;0;0
"15/11/2023";"15:27:00";"400";"Acidente c";"267,5";"BR-116/RJ";"Pista Norte";"Colisão traseira";0;0;0;0;0;0;0;0;2;0;4;0;1;0;0
"15/11/2023";"16:21:00";"425";"Acidente s";"69";"BR-116/SP";"Pista Norte";"Colisão traseira";0;0;0;0;0;0;0;0;2;0;2;0;0;0;0
"15/11/2023";"16:41:00";"438";"Acidente s";"63,5";"BR-116/SP";"Pista Norte";"Choque em objeto fixo";0;0;0;0;0;0;0;0;1;0;3;0;0;0;0
"15/11/2023";"17:18:00";"463";"Acidente s";"19";"BR-116/SP";"Pista Sul";"Choque em objeto fixo";1;0;0;0;0;0;0;0;0;0;2;0;0;0;0
"15/11/2023";"18:44:00";"503";"Acidente s";"23,3";"BR-101/SP";"Pista Norte";"Queda de moto";0;1;0;0;0;0;0;0;0;0;1;0;0;0;0
"15/11/2023";"19:57:00";"528";"Acidente s";"228";"BR-116/RJ";"Pista Sul";"Choque em objeto fixo";0;0;0;0;0;0;0;0;1;0;1;0;0;0;0
"15/11/2023";"21:53:00";"566";"Acidente c";"51,2";"BR-116/SP";"Pista Sul";"Choque em objeto fixo";0;0;0;0;0;0;0;0;1;0;0;0;1;0;0
"15/11/2023";"22:02:00";"571";"Acidente s";"229,8";"BR-116/SP";"Pista Norte";"Choque em objeto fixo";0;0;0;0;0;0;0;0;1;0;1;0;0;0;0
"15/11/2023";"23:53:00";"593";"Acidente c";"226,5";"BR-116/SP";"Pista Norte";"Queda de moto";0;1;0;0;0;0;0;0;0;0;0;0;0;1;0
"16/11/2023";"02:54:00";"41";"Acidente s";"47,6";"BR-101/SP";"Pista Sul";"Atropelamento de animal";0;1;0;0;0;0;0;0;0;0;17;0;0;0;0
"16/11/2023";"05:07:00";"58";"Acidente c";"210,5";"BR-116/SP";"Pista Sul";"Colisão traseira";0;1;0;0;0;0;0;0;2;0;3;2;0;0;0
"16/11/2023";"07:54:00";"158";"Acidente s";"208";"BR-116/SP";"Pista Norte";"Abalroamento longitudinal";1;0;0;0;0;0;0;0;1;0;2;0;0;0;0
"16/11/2023";"08:05:00";"169";"Acidente s";"205";"BR-116/SP";"Pista Sul";"Abalroamento longitudinal";0;0;0;0;0;0;0;0;1;1;4;0;0;0;0
"16/11/2023";"08:45:00";"199";"Acidente s";"96,7";"BR-116/SP";"Pista Sul";"Colisão traseira";0;0;0;0;0;0;0;0;1;1;5;0;0;0;0
"16/11/2023";"10:22:00";"259";"Acidente s";"291";"BR-116/RJ";"Pista Norte";"Choque em barreira New Jersey";0;0;0;0;0;0;0;0;1;0;2;0;0;0;0
"16/11/2023";"10:39:00";"271";"Acidente s";"477,5";"BR-101/RJ";"Pista Sul";"Queda de moto";0;1;0;0;0;0;0;0;0;0;1;0;0;0;0
"16/11/2023";"10:50:00";"284";"Acidente c";"206";"BR-116/SP";"Pista Sul";"Abalroamento longitudinal";0;1;0;0;0;0;1;0;0;0;2;0;0;1;0
"16/11/2023";"11:47:00";"327";"Acidente c";"575";"BR-101/RJ";"Pista Sul";"Colisão traseira";0;1;0;0;0;0;0;0;1;0;2;0;1;0;0
"16/11/2023";"11:51:00";"331";"Acidente s";"144,9";"BR-116/SP";"Pista Norte";"Abalroamento longitudinal";1;0;0;0;0;0;0;0;1;0;2;0;0;0;0
"16/11/2023";"12:10:00";"344";"Acidente c";"98,8";"BR-116/SP";"Pista Norte";"Choque em objeto fixo";0;0;0;0;0;0;0;0;1;0;0;1;0;0;0
"16/11/2023";"12:21:00";"346";"Acidente c";"227";"BR-116/SP";"Pista Sul";"Queda de moto";0;1;0;0;0;0;0;0;0;0;0;1;0;0;0
"16/11/2023";"12:23:00";"347";"Acidente s";"140";"BR-116/SP";"Pista Norte";"Colisão traseira";0;0;0;0;0;0;1;0;1;0;4;0;0;0;0
"16/11/2023";"13:31:00";"390";"Acidente s";"205";"BR-116/SP";"Pista Norte";"Choque em defensa";0;0;0;0;0;0;0;0;1;0;1;0;0;0;0
"16/11/2023";"14:07:00";"409";"Acidente s";"19,1";"BR-116/SP";"Pista Sul";"Choque em barreira New Jersey";0;0;0;0;0;0;0;0;1;0;2;0;0;0;0
"16/11/2023";"17:27:00";"528";"Acidente s";"138,35";"BR-116/SP";"Pista Sul";"Colisão traseira";0;0;0;0;0;0;0;0;2;0;5;0;0;0;0
"16/11/2023";"19:56:00";"613";"Acidente c";"227,65";"BR-116/SP";"Pista Norte";"Colisão traseira";0;1;0;0;0;0;0;0;1;0;1;1;0;0;0
"16/11/2023";"21:04:00";"651";"Acidente c";"317,7";"BR-116/RJ";"Pista Sul";"Colisão traseira";1;0;0;0;0;0;0;0;1;0;1;1;0;0;0
"16/11/2023";"21:07:00";"652";"Acidente c";"124,3";"BR-116/SP";"Pista Norte";"Capotamento";1;0;0;0;0;0;0;0;2;0;2;1;0;0;0
"16/11/2023";"22:08:00";"674";"Acidente s";"126,65";"BR-116/SP";"Pista Norte";"Colisão traseira";1;0;0;0;0;0;0;0;1;0;3;0;0;0;0
"17/11/2023";"03:47:00";"60";"Acidente s";"133,8";"BR-116/SP";"Pista Norte";"Abalroamento longitudinal";1;0;0;1;0;0;0;0;0;0;64;0;0;0;0
"17/11/2023";"04:46:00";"71";"Atropelame";"78,65";"BR-116/SP";"Pista Sul";"Atropelamento de pedestre atravessando";1;0;1;0;0;0;0;0;0;0;1;0;0;1;0
"17/11/2023";"05:42:00";"92";"Acidente c";"502";"BR-101/RJ";"Pista Norte";"Queda de ribanceira";0;1;0;0;0;0;0;0;0;0;0;0;2;0;0
"17/11/2023";"06:45:00";"132";"Acidente c";"241,5";"BR-116/RJ";"Pista Norte";"Choque em barreira New Jersey";1;0;0;0;0;0;0;0;0;0;1;1;0;0;0
"17/11/2023";"08:05:00";"200";"Acidente c";"159,4";"BR-116/SP";"Pista Norte";"Colisão traseira";0;2;0;0;0;0;0;0;0;0;0;0;1;2;0
"17/11/2023";"08:41:00";"232";"Acidente s";"245,5";"BR-116/RJ";"Pista Norte";"Engavetamento";3;0;0;0;0;0;0;0;0;0;3;0;0;0;0
"17/11/2023";"08:46:00";"233";"Acidente c";"318";"BR-116/RJ";"Pista Norte";"Choque em barreira New Jersey";0;0;0;0;0;0;0;0;1;0;1;1;0;0;0
"17/11/2023";"11:29:00";"332";"Acidente s";"236";"BR-116/RJ";"Pista Sul";"Engavetamento";1;0;0;0;0;0;0;0;4;1;6;0;0;0;0
"17/11/2023";"11:56:00";"360";"Acidente c";"395";"BR-101/RJ";"Pista Norte";"Queda de moto";0;1;0;0;0;0;0;0;0;0;0;2;0;0;0
"17/11/2023";"13:20:00";"408";"Acidente c";"202,9";"BR-116/SP";"Pista Norte";"Abalroamento longitudinal";0;0;0;0;0;0;0;0;1;1;2;1;0;0;0
"17/11/2023";"14:04:00";"438";"Acidente s";"473";"BR-101/RJ";"Pista Sul";"Engavetamento";0;0;0;0;0;0;0;0;2;1;3;0;0;0;0
"17/11/2023";"14:52:00";"475";"Acidente c";"227,9";"BR-116/SP";"Pista Sul";"Colisão traseira";0;1;0;0;0;0;0;0;1;0;4;0;0;1;0
"17/11/2023";"15:13:00";"494";"Acidente s";"459";"BR-101/RJ";"Pista Sul";"Choque em objeto fixo";0;0;0;0;0;0;0;0;1;0;1;0;0;0;0
"17/11/2023";"15:24:00";"500";"Acidente c";"116";"BR-116/SP";"Pista Sul";"Colisão traseira";0;1;0;0;0;0;0;0;1;0;1;0;1;0;0
"17/11/2023";"15:58:00";"525";"Acidente c";"562";"BR-101/RJ";"Pista Norte";"Abalroamento transversal";0;1;0;0;0;0;0;0;1;0;1;0;1;0;0
"17/11/2023";"16:48:00";"545";"Acidente s";"486";"BR-101/RJ";"Pista Norte";"Colisão traseira";0;0;0;0;0;0;0;0;2;0;2;0;0;0;0
"17/11/2023";"16:59:00";"548";"Acidente s";"117";"BR-116/SP";"Pista Norte";"Queda de moto";0;1;0;0;0;0;0;0;0;0;0;0;0;0;0
"17/11/2023";"17:03:00";"556";"Acidente s";"117";"BR-116/SP";"Pista Norte";"Choque em objeto fixo";1;0;0;0;0;0;0;0;0;0;3;0;0;0;0
"17/11/2023";"18:16:00";"600";"Acidente c";"324";"BR-116/RJ";"Pista Norte";"Colisão traseira";0;0;0;0;0;0;0;0;2;0;3;0;1;0;0
"17/11/2023";"20:32:00";"692";"Acidente c";"230,2";"BR-116/SP";"Pista Norte";"Abalroamento longitudinal";0;1;0;0;0;0;0;0;0;1;0;1;0;0;0
"17/11/2023";"21:32:00";"716";"Acidente c";"316,7";"BR-116/RJ";"Pista Sul";"Colisão traseira";0;2;0;0;0;0;0;0;0;0;0;2;0;0;0
"17/11/2023";"21:46:00";"719";"Acidente s";"330,8";"BR-116/RJ";"Pista Norte";"Choque em barreira New Jersey";1;0;0;0;0;0;0;0;0;0;1;0;0;0;0
"18/11/2023";"00:09:00";"20";"Acidente s";"231";"BR-116/SP";"Pista Sul";"Colisão traseira";0;0;0;0;0;1;0;0;1;0;3;0;0;0;0
"18/11/2023";"01:28:00";"46";"Acidente s";"170,3";"BR-116/SP";"Pista Sul";"Colisão traseira";0;0;0;0;0;0;0;0;1;1;2;0;0;0;0
"18/11/2023";"01:37:00";"48";"Acidente c";"162,1";"BR-116/SP";"Pista Norte";"Colisão traseira";1;0;0;0;0;0;0;0;1;0;2;0;1;1;0
"18/11/2023";"01:55:00";"54";"Acidente c";"557,8";"BR-101/RJ";"Pista Norte";"Choque em defensa";0;0;0;0;0;0;0;0;1;0;1;1;0;0;0
"18/11/2023";"03:13:00";"72";"Acidente s";"271,2";"BR-116/RJ";"Pista Norte";"Choque em objeto na pista";0;0;0;0;0;0;0;0;1;0;3;0;0;0;0
"18/11/2023";"04:16:00";"84";"Acidente s";"404";"BR-101/RJ";"Pista Norte";"Choque em objeto na pista";0;0;0;0;0;0;0;0;1;0;2;0;0;0;0