data;horario;n_da_ocorrencia;tipo_de_ocorrencia;km;trecho;sentido;tipo_de_acidente;automovel;bicicleta;caminhao;moto;onibus;outros;tracao_animal;transporte_de_cargas_especiais;trator_maquinas;utilitarios;ilesos;levemente_feridos;moderadamente_feridos;gravemente_feridos;mortos
"18/11/2023";"05:33:00";"100";"Acidente s";"116,9";"BR-116/SP";"Pista Sul";"Choque em objeto fixo";0;0;0;0;0;0;0;0;1;0;1;0;0;0;0
"18/11/2023";"05:39:00";"101";"Acidente c";"418";"BR-101/RJ";"Pista Sul";"Colisão frontal";0;0;0;0;0;0;0;0;2;0;0;2;0;1;0
"18/11/2023";"07:10:00";"147";"Acidente s";"160";"BR-116/SP";"Pista Norte";"Engavetamento";0;0;0;0;0;0;0;0;3;0;10;0;0;0;0
"18/11/2023";"07:11:00";"149";"Acidente c";"56";"BR-116/SP";"Pista Sul";"Queda de moto";0;1;0;0;0;0;0;0;0;0;1;1;0;0;0
"18/11/2023";"09:40:00";"268";"Acidente c";"169,3";"BR-116/SP";"Pista Norte";"Engavetamento";0;0;0;0;0;0;0;0;2;1;2;1;4;0;0
"18/11/2023";"09:44:00";"271";"Acidente s";"113,9";"BR-116/SP";"Pista Norte";"Colisão traseira";0;0;0;0;0;0;0;0;2;0;2;0;0;0;0
"18/11/2023";"10:01:00";"284";"Acidente s";"144,5";"BR-116/SP";"Pista Norte";"Colisão traseira";0;0;0;0;0;0;0;0;1;1;2;0;0;0;0
"18/11/2023";"11:35:00";"340";"Acidente s";"117";"BR-116/SP";"Pista Norte";"Choque em barreira New Jersey";0;0;0;0;0;0;0;0;1;0;1;0;0;0;0
"18/11/2023";"12:18:00";"362";"Acidente c";"291";"BR-116/RJ";"Pista Sul";"Capotamento";0;0;0;0;0;0;0;0;1;0;0;0;1;0;0
"18/11/2023";"13:01:00";"379";"Acidente c";"19";"BR-101/SP";"Pista Sul";"Colisão traseira";0;1;0;0;0;0;0;0;1;0;2;1;0;0;0
"18/11/2023";"14:53:00";"458";"Acidente c";"495";"BR-101/RJ";"Pista Sul";"Queda de moto";0;1;0;0;0;0;0;0;0;0;0;1;0;0;0
"18/11/2023";"15:12:00";"468";"Acidente s";"275,5";"BR-116/RJ";"Pista Norte";"Choque em objeto fixo";0;0;0;0;0;0;0;0;1;0;1;0;0;0;0
"18/11/2023";"15:24:00";"478";"Acidente c";"155";"BR-116/SP";"Pista Norte";"Abalroamento longitudinal";1;0;0;0;0;0;0;0;1;0;1;0;1;0;0
"18/11/2023";"15:34:00";"485";"Acidente s";"220,2";"BR-116/SP";"Pista Norte";"Colisão traseira";0;0;0;0;0;0;0;0;1;1;3;0;0;0;0
"18/11/2023";"15:37:00";"488";"Acidente c";"524";"BR-101/RJ";"Pista Sul";"Colisão traseira";0;1;0;0;0;0;0;0;1;0;1;1;0;0;0
"18/11/2023";"15:38:00";"489";"Acidente s";"45";"BR-101/SP";"Pista Norte";"Colisão traseira";0;0;0;0;0;0;0;0;2;0;2;0;0;0;0
"18/11/2023";"15:43:00";"493";"Acidente s";"387";"BR-101/RJ";"Pista Norte";"Colisão traseira";0;0;0;0;0;0;0;0;2;0;2;0;0;0;0
"18/11/2023";"15:52:00";"500";"Acidente c";"222";"BR-116/SP";"Pista Norte";"Colisão traseira";0;1;0;0;0;0;0;0;0;1;1;1;0;0;0
"18/11/2023";"17:01:00";"538";"Acidente s";"506";"BR-101/RJ";"Pista Sul";"Colisão traseira";0;0;0;0;0;1;0;0;1;0;5;0;0;0;0
"18/11/2023";"19:02:00";"615";"Acidente s";"289";"BR-116/RJ";"Pista Norte";"Choque em objeto na pista";0;0;0;0;0;0;0;0;1;0;4;0;0;0;0
"18/11/2023";"21:13:00";"681";"Acidente s";"265,2";"BR-116/RJ";"Pista Norte";"Choque em barreira New Jersey";0;0;0;0;0;0;0;0;1;0;1;0;0;0;0
"18/11/2023";"21:14:00";"683";"Atropelame";"44,5";"BR-101/SP";"Pista Norte";"Atropelamento de pedestre caminhando";0;0;0;0;0;0;0;0;1;0;1;1;0;0;0
"18/11/2023";"21:18:00";"684";"Acidente c";"221,1";"BR-116/SP";"Pista Norte";"Queda de moto";0;1;0;0;0;0;0;0;0;0;0;1;0;0;0
"18/11/2023";"21:21:00";"685";"Acidente c";"146,3";"BR-116/SP";"Pista Sul";"Abalroamento longitudinal";1;0;0;0;0;0;0;0;1;0;1;1;0;0;0
"18/11/2023";"22:15:00";"705";"Acidente c";"51,2";"BR-101/SP";"Pista Norte";"Abalroamento longitudinal";0;1;0;0;0;0;0;0;1;0;1;0;0;1;0
"18/11/2023";"23:26:00";"727";"Acidente c";"453";"BR-101/RJ";"Pista Norte";"Queda de moto";0;1;0;0;0;0;0;0;0;0;0;0;0;1;0
"19/11/2023";"00:47:00";"26";"Acidente c";"27,5";"BR-116/SP";"Pista Sul";"Capotamento";0;0;0;0;0;0;0;0;1;0;0;1;1;1;0
"19/11/2023";"02:59:00";"53";"Acidente s";"277,65";"BR-116/RJ";"Pista Sul";"Choque em barreira New Jersey";0;0;0;0;0;0;0;0;1;0;1;0;0;0;0
"19/11/2023";"03:19:00";"58";"Acidente c";"283,7";"BR-116/RJ";"Pista Norte";"Choque em barreira New Jersey";0;0;0;1;0;0;0;0;1;0;40;0;1;0;0
"19/11/2023";"05:18:00";"81";"Acidente c";"223,1";"BR-116/SP";"Pista Norte";"Choque em objeto fixo";0;0;0;0;0;0;0;0;1;0;1;1;0;0;0
"19/11/2023";"07:46:00";"130";"Acidente c";"36";"BR-116/SP";"Pista Sul";"Choque em defensa";0;0;0;0;0;0;0;0;1;0;0;1;0;0;0
"19/11/2023";"07:52:00";"133";"Acidente s";"314";"BR-116/RJ";"Pista Norte";"Choque em barreira New Jersey";0;0;0;0;0;0;0;0;1;0;1;0;0;0;0
"19/11/2023";"07:54:00";"135";"Acidente c";"111,8";"BR-116/SP";"Pista Norte";"Engavetamento";0;0;0;0;0;0;0;0;3;0;7;0;2;0;0
"19/11/2023";"08:44:00";"157";"Acidente s";"269,8";"BR-116/RJ";"Pista Norte";"Capotamento";0;0;0;0;0;0;0;0;1;0;2;0;0;0;0
"19/11/2023";"08:55:00";"164";"Acidente s";"417";"BR-101/RJ";"Pista Sul";"Abalroamento longitudinal";0;0;0;0;0;0;0;0;2;0;6;0;0;0;0
"19/11/2023";"09:05:00";"171";"Acidente s";"528";"BR-101/RJ";"Pista Sul";"Choque em objeto fixo";0;0;0;0;0;0;0;0;1;0;1;0;0;0;0
"19/11/2023";"09:43:00";"189";"Acidente s";"115";"BR-116/SP";"Pista Norte";"Colisão traseira";1;0;0;0;0;0;0;0;1;0;2;0;0;0;0
"19/11/2023";"09:49:00";"193";"Acidente s";"22";"BR-116/SP";"Pista Sul";"Choque em barreira New Jersey";0;0;0;0;0;0;0;0;1;0;1;0;0;0;0
"19/11/2023";"10:15:00";"203";"Acidente c";"51";"BR-101/SP";"Pista Sul";"Colisão frontal";0;2;0;0;0;0;0;0;1;0;2;1;0;0;0
"19/11/2023";"10:22:00";"206";"Acidente s";"232,4";"BR-116/RJ";"Pista Norte";"Choque em objeto fixo";0;0;0;0;0;0;0;0;1;0;2;0;0;0;0
"19/11/2023";"10:44:00";"219";"Acidente s";"401";"BR-101/RJ";"Pista Norte";"Capotamento";0;0;0;0;0;0;0;0;1;0;1;0;0;0;0
"19/11/2023";"11:39:00";"237";"Acidente s";"492";"BR-101/RJ";"Pista Sul";"Abalroamento longitudinal";0;0;0;0;0;0;0;0;2;0;7;0;0;0;0
"19/11/2023";"12:34:00";"250";"Acidente c";"122,8";"BR-116/SP";"Pista Norte";"Engavetamento";0;0;0;0;0;0;0;0;3;0;8;1;0;0;0
"19/11/2023";"14:39:00";"288";"Acidente c";"226,95";"BR-116/SP";"Pista Norte";"Colisão traseira";0;1;0;0;0;0;0;0;0;0;1;0;1;0;0
"19/11/2023";"16:32:00";"343";"Acidente c";"245,05";"BR-116/RJ";"Pista Norte";"Choque em barreira New Jersey";1;0;0;0;0;0;0;0;2;0;1;0;0;4;0
"19/11/2023";"17:02:00";"364";"Acidente s";"320,4";"BR-116/RJ";"Pista Norte";"Choque em defensa";0;0;0;0;0;0;0;0;1;0;4;0;0;0;0
"19/11/2023";"17:16:00";"372";"Acidente s";"478";"BR-101/RJ";"Pista Sul";"Choque Talude";0;0;0;0;0;0;0;0;1;0;1;0;0;0;0
"19/11/2023";"17:17:00";"374";"Acidente s";"283,3";"BR-116/RJ";"Pista Norte";"Choque Talude";0;0;0;0;0;0;0;0;1;0;3;0;0;0;0
"19/11/2023";"17:23:00";"377";"Atropelame";"40,3";"BR-101/SP";"Pista Sul";"Atropelamento de pedestre atravessando";0;0;2;0;0;0;0;0;1;0;1;1;1;0;0
"19/11/2023";"17:27:00";"380";"Acidente s";"317,3";"BR-116/RJ";"Pista Norte";"Choque em barreira New Jersey";0;0;0;0;0;0;0;0;1;0;1;0;0;0;0
"19/11/2023";"17:41:00";"387";"Acidente s";"37,6";"BR-116/SP";"Pista Norte";"Choque em barreira New Jersey";0;0;0;0;0;0;0;0;1;0;1;0;0;0;0
"19/11/2023";"17:58:00";"394";"Acidente s";"224";"BR-116/RJ";"Pista Norte";"Capotamento";0;0;0;0;0;0;0;0;1;0;1;0;0;0;0
"19/11/2023";"18:17:00";"406";"Acidente s";"34";"BR-116/SP";"Pista Sul";"Choque em objeto fixo";1;0;0;0;0;0;0;0;0;0;2;0;0;0;0
"19/11/2023";"18:25:00";"410";"Acidente s";"423,9";"BR-101/RJ";"Pista Sul";"Choque em objeto fixo";0;0;0;0;0;0;0;0;1;0;1;0;0;0;0
"19/11/2023";"19:40:00";"434";"Acidente s";"576";"BR-101/RJ";"Pista Sul";"Abalroamento longitudinal";0;0;0;0;0;0;0;0;2;0;2;0;0;0;0
"19/11/2023";"19:54:00";"439";"Acidente s";"417";"BR-101/RJ";"Pista Sul";"Choque Talude";0;0;0;0;0;0;0;0;1;0;1;0;0;0;0
"19/11/2023";"20:07:00";"443";"Acidente s";"426,8";"BR-101/RJ";"Pista Sul";"Choque em objeto fixo";0;0;0;0;0;0;0;0;1;0;1;0;0;0;0
"19/11/2023";"20:43:00";"452";"Acidente s";"216";"BR-116/SP";"Pista Sul";"Colisão traseira";0;0;0;0;0;0;0;0;1;1;2;0;0;0;0
"19/11/2023";"21:25:00";"459";"Acidente c";"41,5";"BR-116/SP";"Pista Norte";"Colisão traseira";0;1;0;0;0;0;0;0;1;0;5;0;2;0;0
"19/11/2023";"21:45:00";"463";"Acidente s";"41,7";"BR-116/SP";"Pista Sul";"Choque em barreira New Jersey";1;0;0;0;0;0;0;0;0;0;3;0;0;0;0
"19/11/2023";"23:10:00";"484";"Acidente c";"234";"BR-116/RJ";"Pista Norte";"Choque Talude";0;0;0;0;0;0;0;0;1;0;2;2;0;0;0
"19/11/2023";"23:18:00";"489";"Acidente s";"322";"BR-116/RJ";"Pista Norte";"Choque em objeto fixo";0;0;0;0;0;0;0;0;1;0;1;0;0;0;0
"20/11/2023";"02:25:00";"44";"Acidente c";"480";"BR-101/RJ";"Pista Sul";"Capotamento";0;0;0;0;0;0;0;0;1;0;0;0;2;0;0
"20/11/2023";"06:40:00";"81";"Acidente c";"388";"BR-101/RJ";"Pista Sul";"Colisão traseira";0;1;0;1;0;0;0;0;0;0;1;1;0;0;0
"20/11/2023";"09:28:00";"149";"Acidente s";"429";"BR-101/RJ";"Pista Norte";"Choque em objeto fixo";0;0;0;0;0;0;0;0;1;0;3;0;0;0;0
"20/11/2023";"10:50:00";"182";"Acidente c";"501";"BR-101/RJ";"Pista Sul";"Colisão traseira";0;0;0;0;0;0;0;0;2;0;2;1;0;0;0
"20/11/2023";"11:12:00";"192";"Acidente s";"223";"BR-116/RJ";"Pista Sul";"Choque em objeto fixo";0;0;0;0;0;0;0;0;1;0;0;0;0;0;0
"20/11/2023";"12:21:00";"227";"Acidente s";"442";"BR-101/RJ";"Pista Norte";"Choque em objeto fixo";0;0;0;0;0;0;0;0;1;0;2;0;0;0;0
"20/11/2023";"12:25:00";"229";"Acidente s";"154,2";"BR-116/SP";"Pista Sul";"Colisão traseira";0;0;0;0;0;0;0;0;2;0;4;0;0;0;0
"20/11/2023";"13:05:00";"240";"Acidente s";"139,1";"BR-116/SP";"Pista Sul";"Engavetamento";0;0;0;0;0;0;0;0;3;0;7;0;0;0;0
"20/11/2023";"13:40:00";"255";"Acidente s";"226,3";"BR-116/RJ";"Pista Sul";"Choque em defensa";0;0;0;0;0;0;0;0;1;0;1;0;0;0;0
"20/11/2023";"13:56:00";"263";"Acidente s";"226,3";"BR-116/RJ";"Pista Sul";"Choque em defensa";0;0;0;0;0;0;0;0;1;0;1;0;0;0;0
"20/11/2023";"14:01:00";"270";"Acidente s";"226,3";"BR-116/RJ";"Pista Sul";"Choque em defensa";0;0;0;0;0;0;0;0;1;0;2;0;0;0;0
"20/11/2023";"14:27:00";"280";"Acidente s";"219,9";"BR-116/RJ";"Pista Norte";"Abalroamento longitudinal";1;0;0;0;0;0;0;0;1;0;3;0;0;0;0
"20/11/2023";"15:55:00";"338";"Acidente s";"266";"BR-116/RJ";"Pista Norte";"Colisão traseira";1;0;0;0;0;0;0;0;1;0;4;0;0;0;0
"20/11/2023";"17:06:00";"383";"Acidente c";"230,2";"BR-116/SP";"Pista Sul";"Colisão traseira";0;1;0;0;0;0;0;0;1;0;5;0;0;1;0
"20/11/2023";"19:11:00";"426";"Acidente s";"23,2";"BR-116/SP";"Pista Norte";"Choque em objeto fixo";0;0;0;0;0;0;0;0;1;0;4;0;0;0;0
"20/11/2023";"19:12:00";"428";"Acidente s";"386,6";"BR-101/RJ";"Pista Sul";"Abalroamento longitudinal";0;0;0;0;0;0;0;0;2;0;2;0;0;0;0
"20/11/2023";"19:27:00";"435";"Acidente s";"242";"BR-116/RJ";"Pista Sul";"Outros";0;0;0;0;0;0;0;0;1;0;5;0;0;0;0
"20/11/2023";"20:18:00";"460";"Acidente s";"105";"BR-116/SP";"Pista Sul";"Engavetamento";0;0;0;0;0;0;0;0;3;0;3;0;0;0;0
"20/11/2023";"20:29:00";"463";"Acidente c";"36,3";"BR-116/SP";"Pista Norte";"Abalroamento longitudinal";0;0;0;1;0;0;0;0;1;0;49;1;0;0;0
"20/11/2023";"20:48:00";"469";"Acidente c";"221,5";"BR-116/SP";"Pista Norte";"Engavetamento";1;0;0;0;0;0;0;0;2;0;3;1;0;0;0
"20/11/2023";"21:43:00";"491";"Acidente s";"49";"BR-116/SP";"Pista Norte";"Atropelamento de animal";0;0;0;0;0;0;0;0;1;0;3;0;0;0;0
"20/11/2023";"22:33:00";"510";"Acidente s";"70";"BR-116/SP";"Pista Norte";"Abalroamento longitudinal";0;0;0;1;0;0;0;0;1;0;44;0;0;0;0
"20/11/2023";"23:14:00";"522";"Acidente s";"141,5";"BR-116/SP";"Pista Sul";"Colisão traseira";0;0;0;0;0;0;0;0;2;0;7;0;0;0;0
"21/11/2023";"00:54:00";"36";"Acidente s";"56,7";"BR-116/SP";"Pista Sul";"Atropelamento de animal";0;0;0;0;0;0;0;0;1;0;2;0;0;0;0
"21/11/2023";"01:28:00";"47";"Acidente c";"563,6";"BR-101/RJ";"Pista Norte";"Choque em objeto fixo";0;0;0;0;0;0;0;0;1;0;2;1;1;0;0
"21/11/2023";"06:08:00";"106";"Acidente s";"208";"BR-116/SP";"Pista Sul";"Colisão traseira";0;0;0;0;0;0;0;0;1;1;2;0;0;0;0
"21/11/2023";"06:36:00";"126";"Acidente s";"208,5";"BR-116/SP";"Pista Sul";"Colisão traseira";1;0;0;0;0;0;0;0;1;0;3;0;0;0;0
"21/11/2023";"07:14:00";"153";"Acidente s";"264,3";"BR-116/RJ";"Pista Sul";"Choque em barreira New Jersey";0;0;0;0;0;0;0;0;1;0;0;0;0;0;0
"21/11/2023";"07:22:00";"157";"Acidente c";"224,3";"BR-116/SP";"Pista Norte";"Colisão traseira";0;0;0;1;0;0;0;0;1;0;1;1;0;0;0
"21/11/2023";"09:35:00";"279";"Acidente c";"227,9";"BR-116/SP";"Pista Sul";"Abalroamento longitudinal";0;2;0;0;0;0;0;0;0;0;1;0;1;0;0
"21/11/2023";"10:46:00";"329";"Acidente c";"263,8";"BR-116/RJ";"Pista Sul";"Engavetamento";2;0;0;0;0;0;0;0;1;0;2;2;0;0;0
"21/11/2023";"11:45:00";"356";"Acidente c";"506";"BR-101/RJ";"Pista Norte";"Colisão traseira";0;0;0;0;0;0;0;0;2;0;1;1;0;0;0
"21/11/2023";"12:00:00";"364";"Acidente c";"429";"BR-101/RJ";"Pista Norte";"Queda de moto";0;1;0;0;0;0;0;0;0;0;0;1;0;0;0
"21/11/2023";"12:11:00";"370";"Acidente c";"507,5";"BR-101/RJ";"Pista Norte";"Colisão traseira";0;0;0;0;0;0;0;0;1;1;1;1;0;0;0
"21/11/2023";"12:14:00";"373";"Acidente c";"125";"BR-116/SP";"Pista Sul";"Queda de moto";0;1;0;0;0;0;0;0;0;0;0;0;2;0;0
"21/11/2023";"12:16:00";"378";"Acidente c";"489,9";"BR-101/RJ";"Pista Sul";"Queda de moto";0;1;0;0;0;0;0;0;0;0;0;1;0;0;0
"21/11/2023";"13:23:00";"421";"Acidente s";"261,3";"BR-116/RJ";"Pista Norte";"Choque em objeto fixo";0;0;0;0;0;0;0;0;1;0;3;0;0;0;0
"21/11/2023";"14:24:00";"450";"Acidente s";"145,1";"BR-116/SP";"Pista Sul";"Colisão traseira";0;0;0;0;0;0;0;0;2;0;2;0;0;0;0
"21/11/2023";"15:25:00";"490";"Acidente s";"209,5";"BR-116/SP";"Pista Norte";"Engavetamento";2;0;0;0;0;0;0;0;1;0;3;0;0;0;0
"21/11/2023";"15:55:00";"504";"Acidente s";"32,6";"BR-116/SP";"Pista Sul";"Choque em barreira New Jersey";1;0;0;0;0;0;0;0;0;0;1;0;0;0;0
"21/11/2023";"16:56:00";"525";"Acidente c";"226,8";"BR-116/SP";"Pista Sul";"Queda de moto";0;1;0;0;0;0;0;0;0;0;0;1;0;0;0
"21/11/2023";"17:06:00";"536";"Acidente s";"492,5";"BR-101/RJ";"Pista Sul";"Choque em defensa";0;0;0;0;0;0;0;0;1;0;1;0;0;0;0
"21/11/2023";"17:26:00";"548";"Acidente s";"293";"BR-116/RJ";"Pista Norte";"Choque em barreira New Jersey";0;0;0;0;0;1;0;0;0;0;1;0;0;0;0
"21/11/2023";"17:35:00";"556";"Acidente c";"145";"BR-116/SP";"Pista Sul";"Colisão traseira";0;0;0;0;0;0;0;0;2;0;2;0;1;0;0
"21/11/2023";"19:52:00";"636";"Acidente c";"456";"BR-101/RJ";"Pista Sul";"Abalroamento longitudinal";0;2;0;0;0;0;0;0;0;0;0;2;0;0;0
"21/11/2023";"22:01:00";"692";"Atropelame";"486";"BR-101/RJ";"Pista Norte";"Atropelamento de pedestre atravessando";0;0;0;0;0;0;0;0;1;0;1;0;0;1;0
"21/11/2023";"23:06:00";"716";"Acidente s";"114,2";"BR-116/SP";"Pista Sul";"Choque em objeto fixo";0;0;0;0;0;0;0;0;1;0;1;0;0;0;0
"21/11/2023";"23:59:00";"728";"Acidente s";"202";"BR-116/SP";"Pista Norte";"Colisão traseira";1;0;0;0;0;0;0;0;1;0;4;0;0;0;0
"22/11/2023";"00:36:00";"27";"Acidente c";"102,5";"BR-116/SP";"Pista Norte";"Colisão traseira";1;0;0;0;0;0;0;0;1;0;2;1;0;0;0
"22/11/2023";"00:41:00";"28";"Acidente c";"103,2";"BR-116/SP";"Pista Norte";"Engavetamento";2;0;0;0;0;0;0;0;1;0;2;0;0;0;3
"22/11/2023";"05:43:00";"77";"Acidente s";"229";"BR-116/RJ";"Pista Norte";"Choque em barreira New Jersey";0;0;0;0;0;0;0;0;1;0;1;0;0;0;0
"22/11/2023";"06:12:00";"96";"Acidente s";"212,9";"BR-116/SP";"Pista Norte";"Choque em defensa";0;0;0;0;0;0;0;0;1;0;1;0;0;0;0
"22/11/2023";"06:32:00";"103";"Acidente s";"216,5";"BR-116/SP";"Pista Sul";"Abalroamento longitudinal";0;0;0;0;0;0;0;0;3;0;3;0;0;0;0
"22/11/2023";"07:03:00";"137";"Acidente c";"155,2";"BR-116/SP";"Pista Sul";"Colisão traseira";0;1;0;0;0;0;0;0;1;0;1;1;0;0;0
"22/11/2023";"08:33:00";"209";"Acidente s";"71";"BR-116/SP";"Pista Norte";"Abalroamento longitudinal";0;0;0;0;0;0;0;0;2;0;0;0;0;0;0
"22/11/2023";"09:45:00";"262";"Acidente s";"10,2";"BR-116/SP";"Pista Norte";"Colisão traseira";0;0;0;0;0;0;0;0;2;0;0;0;0;0;0
"22/11/2023";"10:41:00";"298";"Acidente c";"507";"BR-101/RJ";"Pista Sul";"Colisão frontal";0;0;0;0;0;0;0;0;2;0;1;0;0;0;2
"22/11/2023";"12:24:00";"340";"Acidente c";"219,1";"BR-116/SP";"Pista Norte";"Colisão traseira";0;0;0;0;0;0;0;0;1;1;2;1;0;0;0
"22/11/2023";"13:11:00";"378";"Acidente c";"227";"BR-116/RJ";"Pista Sul";"Queda de moto";0;1;0;0;0;0;0;0;0;0;0;1;0;0;0
"22/11/2023";"14:05:00";"414";"Acidente c";"205,9";"BR-116/SP";"Pista Sul";"Choque em objeto fixo";1;0;0;0;0;0;0;0;0;0;0;1;0;0;0
"22/11/2023";"15:43:00";"473";"Acidente c";"223,5";"BR-116/SP";"Pista Sul";"Queda de moto";0;1;0;0;0;0;0;0;0;0;0;1;0;0;0
"22/11/2023";"16:29:00";"502";"Acidente s";"381";"BR-101/RJ";"Pista Sul";"Colisão traseira";2;0;0;0;0;0;0;0;0;0;2;0;0;0;0
"22/11/2023";"16:42:00";"509";"Acidente c";"43,45";"BR-116/SP";"Pista Norte";"Capotamento";0;0;0;0;0;0;1;0;0;0;0;1;1;0;0
"22/11/2023";"17:41:00";"534";"Acidente c";"470,7";"BR-101/RJ";"Pista Norte";"Abalroamento longitudinal";0;1;0;1;0;0;0;0;0;0;1;0;1;0;0
"22/11/2023";"17:47:00";"536";"Acidente c";"485";"BR-101/RJ";"Pista Norte";"Queda de moto";0;1;0;0;0;0;0;0;0;0;0;1;0;0;0
"22/11/2023";"18:59:00";"569";"Acidente c";"46,8";"BR-116/SP";"Pista Norte";"Colisão traseira";0;0;0;0;0;0;0;0;2;0;0;2;0;0;0
"22/11/2023";"19:04:00";"575";"Acidente c";"48,7";"BR-116/SP";"Pista Norte";"Colisão traseira";1;0;0;0;0;0;0;0;1;0;0;4;0;0;0
"22/11/2023";"19:24:00";"582";"Acidente s";"147,5";"BR-116/SP";"Pista Norte";"Engavetamento";0;0;0;0;0;0;0;0;3;0;4;0;0;0;0
"22/11/2023";"20:39:00";"615";"Acidente s";"223";"BR-116/RJ";"Pista Norte";"Choque em barreira New Jersey";0;0;0;0;0;0;0;0;1;0;1;0;0;0;0
"22/11/2023";"20:45:00";"617";"Acidente s";"461";"BR-101/RJ";"Pista Norte";"Choque em objeto fixo";1;0;0;0;0;0;0;0;0;0;1;0;0;0;0
"22/11/2023";"21:43:00";"648";"Atropelame";"176,92";"BR-116/SP";"Pista Norte";"Atropelamento de pedestre atravessando";1;0;0;0;0;0;0;0;0;0;1;0;0;0;1
"22/11/2023";"21:43:00";"649";"Acidente s";"542";"BR-101/RJ";"Pista Sul";"Choque em objeto fixo";0;0;0;0;0;0;0;0;1;0;1;0;0;0;0
"22/11/2023";"22:45:00";"666";"Acidente c";"269,4";"BR-116/RJ";"Pista Norte";"Choque em barreira New Jersey";1;0;0;0;0;1;0;0;0;0;1;1;2;0;0
"22/11/2023";"23:50:00";"686";"Acidente c";"325,7";"BR-116/RJ";"Pista Sul";"Engavetamento";3;0;0;0;0;0;0;0;0;0;2;0;0;1;0
"23/11/2023";"07:23:00";"146";"Acidente s";"156,1";"BR-116/SP";"Pista Sul";"Colisão traseira";0;0;0;0;0;0;0;0;2;0;2;0;0;0;0
"23/11/2023";"07:46:00";"160";"Acidente c";"1";"BR-116/SP";"Pista Norte";"Colisão traseira";1;0;0;0;0;0;0;0;0;1;1;0;0;1;0
"23/11/2023";"07:49:00";"163";"Acidente c";"316";"BR-116/RJ";"Pista Norte";"Queda de moto";0;1;0;0;0;0;0;0;0;1;1;0;1;0;0
"23/11/2023";"09:02:00";"216";"Acidente s";"226,1";"BR-116/SP";"Pista Norte";"Queda de moto";0;1;0;0;0;0;0;0;0;0;1;0;0;0;0
"23/11/2023";"10:08:00";"271";"Acidente s";"490,5";"BR-101/RJ";"Pista Sul";"Choque em objeto fixo";0;0;0;0;0;0;0;0;1;0;1;0;0;0;0
"23/11/2023";"10:11:00";"273";"Acidente s";"221,7";"BR-116/SP";"Pista Norte";"Engavetamento";0;0;0;0;0;0;0;0;3;0;5;0;0;0;0
"23/11/2023";"11:29:00";"308";"Acidente s";"90,65";"BR-116/SP";"Pista Sul";"Choque em barreira New Jersey";0;0;0;0;0;0;0;0;1;0;1;0;0;0;0
"23/11/2023";"11:43:00";"316";"Acidente s";"90,66";"BR-116/SP";"Pista Sul";"Colisão traseira";1;0;0;0;0;0;0;0;0;1;2;0;0;0;0
"23/11/2023";"11:58:00";"323";"Acidente c";"382";"BR-101/RJ";"Pista Sul";"Queda de moto";0;1;0;0;0;0;0;0;0;0;0;0;1;0;0
"23/11/2023";"12:04:00";"328";"Acidente c";"221,9";"BR-116/SP";"Pista Sul";"Colisão traseira";0;1;0;0;0;0;0;0;0;1;0;1;0;0;0
"23/11/2023";"12:53:00";"346";"Acidente c";"139,8";"BR-116/SP";"Pista Sul";"Queda de moto";0;1;0;0;0;0;0;0;0;0;0;2;0;0;0
"23/11/2023";"13:04:00";"353";"Acidente s";"316,7";"BR-116/RJ";"Pista Norte";"Abalroamento transversal";0;0;0;0;0;0;0;0;2;0;4;0;0;0;0
"23/11/2023";"14:24:00";"392";"Acidente c";"288";"BR-116/RJ";"Pista Sul";"Choque em objeto na pista";1;0;0;0;0;0;0;0;1;0;2;1;0;0;0
"23/11/2023";"14:45:00";"402";"Acidente s";"123";"BR-116/SP";"Pista Sul";"Abalroamento longitudinal";1;0;0;0;0;0;0;0;1;0;3;0;0;0;0
"23/11/2023";"15:01:00";"414";"Acidente s";"472";"BR-101/RJ";"Pista Norte";"Choque em objeto fixo";0;0;0;0;0;0;0;0;1;0;1;0;0;0;0
"23/11/2023";"15:20:00";"420";"Acidente c";"222,8";"BR-116/SP";"Pista Norte";"Colisão traseira";0;2;0;0;0;0;0;0;0;0;1;1;0;0;0
"23/11/2023";"15:25:00";"424";"Acidente s";"124,5";"BR-116/SP";"Pista Norte";"Colisão traseira";0;0;0;0;0;0;0;0;2;0;3;0;0;0;0
"23/11/2023";"15:37:00";"429";"Acidente s";"119,1";"BR-116/SP";"Pista Sul";"Engavetamento";1;0;0;0;0;0;0;0;2;0;3;0;0;0;0
"23/11/2023";"16:47:00";"458";"Acidente s";"186,3";"BR-116/SP";"Pista Norte";"Choque em defensa";0;0;0;0;0;0;0;0;1;0;0;0;0;0;0
"23/11/2023";"17:56:00";"500";"Acidente s";"231";"BR-116/SP";"Pista Norte";"Engavetamento";1;0;0;0;0;0;0;0;2;0;4;0;0;0;0
"23/11/2023";"18:03:00";"504";"Acidente c";"227,15";"BR-116/SP";"Pista Norte";"Abalroamento longitudinal";0;1;0;0;0;0;0;0;1;0;1;1;0;0;0
"23/11/2023";"19:07:00";"543";"Acidente s";"529";"BR-101/RJ";"Pista Sul";"Choque em objeto fixo";0;0;0;0;0;0;0;0;1;0;1;0;0;0;0
"23/11/2023";"19:08:00";"544";"Acidente s";"529";"BR-101/RJ";"Pista Sul";"Colisão traseira";0;0;0;0;0;0;0;0;1;1;2;0;0;0;0
"23/11/2023";"19:38:00";"557";"Acidente c";"225,5";"BR-116/SP";"Pista Sul";"Choque em barreira New Jersey";0;1;0;0;0;0;0;0;0;0;0;1;0;0;0
"23/11/2023";"20:12:00";"574";"Acidente c";"22,5";"BR-116/SP";"Pista Sul";"Tombamento";1;0;0;0;0;0;0;0;0;0;2;1;0;0;0