data;horario;n_da_ocorrencia;tipo_de_ocorrencia;km;trecho;sentido;tipo_de_acidente;automovel;bicicleta;caminhao;moto;onibus;outros;tracao_animal;transporte_de_cargas_especiais;trator_maquinas;utilitarios;ilesos;levemente_feridos;moderadamente_feridos;gravemente_feridos;mortos
"23/11/2023";"21:49:00";"613";"Acidente c";"117,6";"BR-116/SP";"Pista Norte";"Capotamento";0;0;0;0;0;0;0;0;1;0;0;0;1;0;0
"23/11/2023";"23:29:00";"637";"Acidente c";"139,6";"BR-116/SP";"Pista Norte";"Colisão traseira";0;1;0;0;0;0;0;0;0;1;1;0;0;1;0
"24/11/2023";"00:02:00";"20";"Acidente c";"332,55";"BR-116/RJ";"Pista Norte";"Colisão traseira";2;0;0;0;0;0;0;0;0;0;1;0;0;1;0
"24/11/2023";"03:29:00";"58";"Acidente s";"229,85";"BR-116/RJ";"Pista Sul";"Choque em objeto fixo";1;0;0;0;0;0;0;0;0;0;1;0;0;0;0
"24/11/2023";"04:14:00";"66";"Acidente c";"331,3";"BR-116/RJ";"Pista Norte";"Colisão traseira";0;0;0;1;0;0;0;0;0;1;43;6;0;0;0
"24/11/2023";"04:34:00";"74";"Acidente c";"308,75";"BR-116/RJ";"Pista Sul";"Choque em objeto fixo";0;0;0;0;0;0;0;0;1;0;0;2;0;0;0
"24/11/2023";"04:51:00";"77";"Acidente s";"384";"BR-101/RJ";"Pista Norte";"Choque em barreira New Jersey";0;0;0;0;0;0;0;0;1;0;1;0;0;0;0
"24/11/2023";"05:28:00";"84";"Acidente s";"227,3";"BR-116/RJ";"Pista Norte";"Capotamento";0;0;0;0;0;0;0;0;1;0;1;0;0;0;0
"24/11/2023";"06:58:00";"124";"Acidente s";"429,5";"BR-101/RJ";"Pista Norte";"Abalroamento longitudinal";0;0;0;0;0;0;1;0;1;0;2;0;0;0;0
"24/11/2023";"07:23:00";"138";"Acidente c";"220,5";"BR-116/SP";"Pista Norte";"Abalroamento longitudinal";0;1;0;0;0;0;0;0;1;0;1;1;0;0;0
"24/11/2023";"08:02:00";"164";"Acidente s";"208";"BR-116/SP";"Pista Sul";"Abalroamento longitudinal";0;1;0;0;0;0;0;0;0;1;2;0;0;0;0
"24/11/2023";"08:32:00";"180";"Acidente c";"244";"BR-116/RJ";"Pista Sul";"Queda de moto";0;1;0;0;0;0;0;0;0;0;1;1;0;0;0
"24/11/2023";"08:44:00";"190";"Acidente s";"113,9";"BR-116/SP";"Pista Sul";"Colisão traseira";0;0;0;0;0;0;0;0;1;1;2;0;0;0;0
"24/11/2023";"09:01:00";"201";"Acidente s";"432,5";"BR-101/RJ";"Pista Norte";"Choque em barreira New Jersey";0;0;0;0;0;0;0;0;1;0;1;0;0;0;0
"24/11/2023";"09:28:00";"217";"Acidente s";"91,65";"BR-116/SP";"Pista Norte";"Colisão traseira";0;0;0;0;0;0;0;0;1;1;3;0;0;0;0
"24/11/2023";"11:04:00";"263";"Acidente c";"548,1";"BR-101/RJ";"Pista Norte";"Capotamento";0;0;0;0;0;0;0;0;1;0;2;0;0;1;0
"24/11/2023";"11:24:00";"271";"Acidente s";"454";"BR-101/RJ";"Pista Sul";"Choque em objeto fixo";0;0;0;0;0;0;0;0;1;0;2;0;0;0;0
"24/11/2023";"11:42:00";"279";"Acidente s";"515";"BR-101/RJ";"Pista Norte";"Choque em defensa";0;0;0;0;0;0;0;0;1;0;1;0;0;0;0
"24/11/2023";"11:56:00";"284";"Acidente c";"226,8";"BR-116/RJ";"Pista Sul";"Choque em defensa";1;0;0;0;0;0;0;0;0;0;0;1;0;0;0
"24/11/2023";"11:59:00";"285";"Acidente s";"20";"BR-101/SP";"Pista Norte";"Choque em objeto fixo";0;0;0;0;0;0;0;0;1;0;1;0;0;0;0
"24/11/2023";"12:13:00";"291";"Acidente s";"102,7";"BR-116/SP";"Pista Norte";"Colisão traseira";0;0;0;0;0;0;0;0;2;0;6;0;0;0;0
"24/11/2023";"13:59:00";"333";"Acidente s";"146,8";"BR-116/SP";"Pista Norte";"Colisão traseira";1;0;0;0;0;0;0;0;1;0;1;0;0;0;0
"24/11/2023";"14:20:00";"346";"Acidente c";"225,6";"BR-116/SP";"Pista Sul";"Choque em objeto fixo";0;0;0;0;0;0;0;0;1;0;0;0;1;0;0
"24/11/2023";"14:32:00";"351";"Acidente s";"226";"BR-116/RJ";"Pista Norte";"Choque em objeto fixo";0;0;0;0;0;0;0;0;1;0;1;0;0;0;0
"24/11/2023";"14:53:00";"361";"Acidente s";"226";"BR-116/RJ";"Pista Norte";"Choque em objeto fixo";1;0;0;0;0;0;0;0;0;0;1;0;0;0;0
"24/11/2023";"15:01:00";"365";"Acidente s";"513";"BR-101/RJ";"Pista Sul";"Colisão traseira";0;0;0;0;0;0;0;0;2;0;3;0;0;0;0
"24/11/2023";"15:42:00";"383";"Acidente c";"105,7";"BR-116/SP";"Pista Norte";"Choque em barreira New Jersey";0;0;0;0;0;0;0;0;1;0;0;0;1;0;0
"24/11/2023";"16:18:00";"404";"Acidente s";"46,5";"BR-116/SP";"Pista Sul";"Abalroamento longitudinal";1;0;0;0;0;0;1;0;0;0;2;0;0;0;0
"24/11/2023";"16:22:00";"405";"Acidente s";"106,6";"BR-116/SP";"Pista Norte";"Choque em objeto na pista";0;0;0;0;0;0;0;0;1;0;1;0;0;0;0
"24/11/2023";"16:54:00";"422";"Acidente c";"11,3";"BR-116/SP";"Pista Sul";"Choque em barreira New Jersey";0;0;0;0;0;0;0;0;1;0;0;2;0;0;0
"24/11/2023";"17:11:00";"429";"Acidente s";"220,9";"BR-116/RJ";"Pista Norte";"Choque em objeto fixo";0;0;0;0;0;0;0;0;1;0;4;0;0;0;0
"24/11/2023";"17:47:00";"448";"Acidente s";"231,5";"BR-116/RJ";"Pista Norte";"Choque em objeto fixo";0;0;0;0;0;0;0;0;1;0;4;0;0;0;0
"24/11/2023";"18:12:00";"455";"Acidente s";"226,45";"BR-116/RJ";"Pista Norte";"Choque em defensa";0;0;0;0;0;0;0;0;1;0;1;0;0;0;0
"24/11/2023";"18:29:00";"460";"Acidente c";"142,95";"BR-116/SP";"Pista Norte";"Abalroamento longitudinal";0;1;0;0;0;0;0;0;1;0;1;0;1;0;0
"24/11/2023";"18:31:00";"461";"Atropelame";"215,6";"BR-116/SP";"Pista Norte";"Atropelamento de pedestre atravessando";0;0;1;0;0;0;0;0;1;0;1;0;1;0;0
"24/11/2023";"18:51:00";"476";"Acidente c";"408";"BR-101/RJ";"Pista Sul";"Colisão traseira";0;1;0;0;0;0;0;0;1;1;5;0;0;1;0
"24/11/2023";"20:00:00";"518";"Acidente s";"21";"BR-101/SP";"Pista Sul";"Colisão traseira";0;0;0;0;0;0;0;0;2;0;4;0;0;0;0
"24/11/2023";"21:27:00";"552";"Acidente c";"197,1";"BR-116/SP";"Pista Sul";"Colisão traseira";1;0;0;0;0;0;0;0;1;0;3;1;0;0;0
"24/11/2023";"21:37:00";"555";"Acidente s";"24,4";"BR-116/SP";"Pista Sul";"Colisão traseira";0;0;0;0;0;0;0;0;1;1;4;0;0;0;0
"24/11/2023";"21:43:00";"556";"Acidente c";"212,5";"BR-116/SP";"Pista Norte";"Colisão traseira";0;1;0;0;0;0;0;0;0;1;2;1;0;0;0
"24/11/2023";"21:46:00";"558";"Acidente s";"164,85";"BR-116/SP";"Pista Norte";"Engavetamento";1;0;0;0;0;0;0;0;3;0;8;0;0;0;0
"25/11/2023";"07:38:00";"153";"Acidente c";"30,7";"BR-116/SP";"Pista Norte";"Colisão traseira";1;0;0;0;0;0;0;0;1;0;4;0;2;0;0
"25/11/2023";"07:53:00";"162";"Acidente s";"53,3";"BR-116/SP";"Pista Norte";"Colisão traseira";1;0;0;0;0;0;0;0;0;1;1;0;0;0;0
"25/11/2023";"08:09:00";"169";"Acidente s";"304,1";"BR-116/RJ";"Pista Norte";"Colisão traseira";1;0;0;0;0;0;0;0;1;0;3;0;0;0;0
"25/11/2023";"08:40:00";"184";"Acidente s";"116,3";"BR-116/SP";"Pista Norte";"Colisão traseira";0;0;0;0;0;0;0;0;1;1;7;0;0;0;0
"25/11/2023";"09:57:00";"250";"Acidente s";"216,9";"BR-116/SP";"Pista Sul";"Choque em barreira New Jersey";0;0;0;0;0;0;0;0;1;0;3;0;0;0;0
"25/11/2023";"10:34:00";"271";"Acidente c";"259";"BR-116/RJ";"Pista Sul";"Choque em barreira New Jersey";0;0;0;0;0;0;0;0;1;0;3;0;0;1;0
"25/11/2023";"14:34:00";"393";"Acidente s";"134";"BR-116/SP";"Pista Sul";"Colisão traseira";0;0;0;0;0;0;0;0;1;1;4;0;0;0;0
"25/11/2023";"14:53:00";"403";"Acidente s";"134";"BR-116/SP";"Pista Sul";"Colisão traseira";0;0;0;0;0;0;0;0;1;1;4;0;0;0;0
"25/11/2023";"15:10:00";"411";"Atropelame";"216";"BR-116/SP";"Pista Sul";"Atropelamento de pedestre atravessando";0;0;1;0;0;0;0;0;0;1;1;0;0;1;0
"25/11/2023";"15:19:00";"413";"Acidente s";"423,5";"BR-101/RJ";"Pista Sul";"Colisão frontal";0;0;0;1;0;0;0;0;1;0;17;0;0;0;0
"25/11/2023";"15:38:00";"423";"Acidente c";"107";"BR-116/SP";"Pista Sul";"Engavetamento";0;0;0;0;0;0;0;0;1;2;2;2;0;0;0
"25/11/2023";"15:46:00";"427";"Acidente s";"250";"BR-116/RJ";"Pista Sul";"Colisão traseira";2;0;0;0;0;0;0;0;0;0;2;0;0;0;0
"25/11/2023";"15:48:00";"429";"Acidente c";"281,45";"BR-116/RJ";"Pista Norte";"Engavetamento";0;0;0;0;0;0;0;0;1;4;4;1;0;0;0
"25/11/2023";"16:28:00";"447";"Acidente c";"220,9";"BR-116/SP";"Pista Norte";"Queda de moto";0;1;0;0;0;0;0;0;0;0;0;1;0;0;0
"25/11/2023";"17:08:00";"465";"Acidente c";"166";"BR-116/SP";"Pista Norte";"Queda de moto";0;1;0;0;0;0;0;0;0;0;0;1;0;0;0
"25/11/2023";"18:19:00";"488";"Acidente c";"157";"BR-116/SP";"Pista Norte";"Queda de moto";0;1;0;0;0;0;0;0;0;0;0;1;0;0;0
"25/11/2023";"18:43:00";"498";"Acidente s";"569,3";"BR-101/RJ";"Pista Norte";"Choque em objeto fixo";0;0;0;0;0;0;0;0;1;0;1;0;0;0;0
"25/11/2023";"18:44:00";"499";"Acidente c";"499";"BR-101/RJ";"Pista Sul";"Queda de moto";0;1;0;0;0;0;0;0;0;0;0;0;1;0;0
"25/11/2023";"20:24:00";"553";"Acidente s";"208";"BR-116/SP";"Pista Norte";"Colisão frontal";0;0;0;0;0;0;0;0;2;0;2;0;0;0;0
"25/11/2023";"21:45:00";"577";"Acidente s";"108,1";"BR-116/SP";"Pista Sul";"Colisão traseira";0;0;0;0;0;0;0;0;2;0;5;0;0;0;0
"26/11/2023";"00:52:00";"37";"Acidente s";"113,3";"BR-116/SP";"Pista Norte";"Colisão traseira";0;0;0;1;0;0;0;0;0;1;48;0;0;0;0
"26/11/2023";"03:09:00";"64";"Acidente s";"198";"BR-116/SP";"Pista Norte";"Colisão traseira";0;0;0;0;0;0;0;0;1;1;5;0;0;0;0
"26/11/2023";"03:59:00";"71";"Acidente s";"194,2";"BR-116/SP";"Pista Norte";"Choque em objeto fixo";0;0;0;0;0;0;0;0;1;0;1;0;0;0;0
"26/11/2023";"04:41:00";"81";"Acidente s";"234";"BR-116/RJ";"Pista Norte";"Choque em objeto fixo";1;0;0;0;0;0;0;0;0;0;1;0;0;0;0
"26/11/2023";"05:51:00";"92";"Acidente s";"223,1";"BR-116/SP";"Pista Norte";"Colisão traseira";0;0;0;0;0;0;0;0;2;0;4;0;0;0;0
"26/11/2023";"07:06:00";"121";"Acidente s";"302";"BR-116/RJ";"Pista Norte";"Capotamento";0;0;0;0;0;0;0;0;1;0;1;0;0;0;0
"26/11/2023";"11:53:00";"244";"Acidente c";"474";"BR-101/RJ";"Pista Norte";"Colisão traseira";0;0;0;0;0;0;0;0;2;1;3;2;0;0;0
"26/11/2023";"15:23:00";"327";"Acidente c";"161,55";"BR-116/SP";"Pista Sul";"Choque em defensa";1;0;0;0;0;0;0;0;0;0;0;1;0;0;0
"26/11/2023";"16:04:00";"347";"Acidente c";"106,6";"BR-116/SP";"Pista Sul";"Colisão traseira";1;1;0;0;0;0;0;0;0;0;1;0;1;0;0
"26/11/2023";"17:59:00";"406";"Acidente s";"442,9";"BR-101/RJ";"Pista Sul";"Choque em objeto fixo";0;0;0;0;0;0;0;0;1;0;4;0;0;0;0
"26/11/2023";"18:25:00";"417";"Acidente c";"413,2";"BR-101/RJ";"Pista Sul";"Tombamento";0;0;0;0;0;0;0;0;2;0;3;1;0;0;0
"26/11/2023";"18:31:00";"422";"Acidente c";"529";"BR-101/RJ";"Pista Sul";"Choque em objeto fixo";0;0;0;0;0;0;0;0;1;0;0;1;0;0;0
"26/11/2023";"19:03:00";"438";"Acidente s";"264,6";"BR-116/RJ";"Pista Sul";"Abalroamento longitudinal";0;0;0;0;0;0;1;0;1;0;2;0;0;0;0
"26/11/2023";"20:02:00";"463";"Acidente c";"154,6";"BR-116/SP";"Pista Sul";"Abalroamento longitudinal";0;1;0;0;0;0;0;0;1;0;1;1;0;0;0
"26/11/2023";"22:10:00";"498";"Acidente c";"219";"BR-116/SP";"Pista Norte";"Queda de moto";0;1;0;0;0;0;0;0;0;0;1;1;0;0;0
"27/11/2023";"01:41:00";"35";"Acidente s";"112,9";"BR-116/SP";"Pista Sul";"Colisão traseira";0;0;0;0;0;1;0;0;1;0;3;0;0;0;0
"27/11/2023";"04:41:00";"56";"Acidente s";"334";"BR-116/RJ";"Pista Sul";"Choque em defensa";1;0;0;0;0;0;0;0;0;0;1;0;0;0;0
"27/11/2023";"04:52:00";"58";"Acidente c";"400";"BR-101/RJ";"Pista Norte";"Queda de ribanceira";0;0;0;0;0;0;0;0;1;0;1;0;0;1;0
"27/11/2023";"05:04:00";"62";"Acidente c";"178,55";"BR-116/SP";"Pista Norte";"Colisão traseira";0;1;0;0;0;0;0;0;1;0;1;1;1;0;0
"27/11/2023";"06:18:00";"84";"Acidente s";"323,8";"BR-116/RJ";"Pista Sul";"Choque em objeto fixo";0;0;0;0;0;0;0;0;1;0;0;0;0;0;0
"27/11/2023";"07:16:00";"113";"Acidente s";"161,6";"BR-116/SP";"Pista Norte";"Colisão traseira";1;0;0;0;0;0;0;0;1;0;3;0;0;0;0
"27/11/2023";"07:33:00";"123";"Atropelame";"199,3";"BR-116/SP";"Pista Sul";"Atropelamento de pedestre atravessando";0;0;0;0;0;0;0;0;1;0;1;0;1;0;0
"27/11/2023";"08:41:00";"184";"Acidente s";"228";"BR-116/RJ";"Pista Sul";"Colisão traseira";1;0;0;0;0;0;0;0;1;0;4;0;0;0;0
"27/11/2023";"08:43:00";"186";"Acidente s";"222,5";"BR-116/SP";"Pista Norte";"Colisão traseira";0;0;0;0;0;0;0;0;1;1;2;0;0;0;0
"27/11/2023";"08:58:00";"197";"Acidente s";"139,4";"BR-116/SP";"Pista Sul";"Engavetamento";0;0;0;0;0;0;1;0;2;0;5;0;0;0;0
"27/11/2023";"13:01:00";"367";"Acidente c";"385";"BR-101/RJ";"Pista Sul";"Engavetamento";1;0;0;1;0;0;0;0;1;0;46;1;0;0;0
"27/11/2023";"13:37:00";"389";"Acidente s";"228";"BR-116/SP";"Pista Sul";"Engavetamento";1;0;0;0;0;0;1;0;0;1;3;0;0;0;0
"27/11/2023";"14:46:00";"420";"Acidente c";"386,5";"BR-101/RJ";"Pista Sul";"Colisão traseira";0;1;0;0;0;0;0;0;1;0;2;1;0;0;0
"27/11/2023";"15:48:00";"449";"Acidente c";"1";"BR-116/SP";"Pista Sul";"Choque em barreira New Jersey";0;0;0;0;0;0;0;0;1;0;1;1;0;0;0
"27/11/2023";"16:06:00";"454";"Acidente s";"103,2";"BR-116/SP";"Pista Sul";"Tombamento";1;0;0;0;0;0;0;0;0;0;2;0;0;0;0
"27/11/2023";"16:26:00";"462";"Acidente s";"101,8";"BR-116/SP";"Pista Sul";"Choque em barreira New Jersey";1;0;0;0;0;0;0;0;0;0;1;0;0;0;0
"27/11/2023";"17:41:00";"497";"Acidente c";"451";"BR-101/RJ";"Pista Sul";"Colisão frontal";0;0;0;0;0;0;0;0;2;0;2;2;0;0;0
"27/11/2023";"17:59:00";"518";"Acidente c";"123";"BR-116/SP";"Pista Norte";"Queda de moto";0;1;0;0;0;0;0;0;0;1;1;1;0;0;0
"27/11/2023";"18:13:00";"531";"Acidente s";"103,2";"BR-116/SP";"Pista Norte";"Engavetamento";0;0;0;0;0;1;0;0;3;1;6;0;0;0;0
"27/11/2023";"18:58:00";"549";"Acidente s";"107";"BR-116/SP";"Pista Sul";"Choque em barreira New Jersey";1;0;0;0;0;0;0;0;0;0;1;0;0;0;0
"27/11/2023";"19:25:00";"563";"Acidente c";"115,3";"BR-116/SP";"Pista Sul";"Queda de moto";0;1;0;0;0;0;0;0;0;0;0;0;1;0;0
"27/11/2023";"20:15:00";"593";"Acidente s";"101,5";"BR-116/SP";"Pista Norte";"Colisão traseira";0;0;0;0;0;0;0;0;1;1;1;0;0;0;0
"27/11/2023";"21:13:00";"613";"Acidente s";"204,5";"BR-116/SP";"Pista Sul";"Choque Talude";0;0;0;0;0;0;0;0;1;0;4;0;0;0;0
"27/11/2023";"22:15:00";"629";"Acidente s";"45";"BR-116/SP";"Pista Norte";"Choque em objeto fixo";0;0;0;0;0;0;0;0;2;0;2;0;0;0;0
"27/11/2023";"22:21:00";"632";"Acidente c";"494";"BR-101/RJ";"Pista Sul";"Queda de ribanceira";0;0;0;0;0;0;0;0;1;0;0;0;1;0;0
"27/11/2023";"23:27:00";"655";"Acidente c";"334";"BR-116/RJ";"Pista Sul";"Choque em barreira New Jersey";1;0;0;0;0;0;0;0;0;0;1;2;1;0;0
"27/11/2023";"23:44:00";"659";"Acidente s";"430";"BR-101/RJ";"Pista Sul";"Choque em objeto fixo";0;0;0;0;0;0;0;0;1;0;1;0;0;0;0
"28/11/2023";"02:10:00";"46";"Acidente s";"257";"BR-116/RJ";"Pista Norte";"Choque em barreira New Jersey";0;0;0;0;0;0;0;0;1;0;2;0;0;0;0
"28/11/2023";"04:13:00";"61";"Acidente s";"32";"BR-116/SP";"Pista Norte";"Colisão traseira";2;0;0;0;0;0;0;0;0;0;3;0;0;0;0
"28/11/2023";"05:45:00";"87";"Acidente s";"157,3";"BR-116/SP";"Pista Sul";"Colisão traseira";0;0;0;0;0;0;0;0;1;1;3;0;0;0;0
"28/11/2023";"06:13:00";"105";"Acidente c";"206,7";"BR-116/SP";"Pista Sul";"Abalroamento longitudinal";0;1;0;0;0;0;0;0;0;1;1;1;0;0;0
"28/11/2023";"07:17:00";"146";"Acidente s";"172";"BR-116/SP";"Pista Sul";"Capotamento";0;0;0;0;0;0;0;0;1;0;1;0;0;0;0
"28/11/2023";"08:09:00";"191";"Acidente c";"210";"BR-116/SP";"Pista Sul";"Colisão traseira";0;1;0;0;0;0;0;0;0;1;0;1;0;0;0
"28/11/2023";"08:39:00";"214";"Acidente c";"230";"BR-116/SP";"Pista Sul";"Abalroamento longitudinal";0;1;0;0;0;0;0;0;1;0;1;1;0;0;0
"28/11/2023";"08:56:00";"230";"Acidente c";"476";"BR-101/RJ";"Pista Sul";"Colisão frontal";0;1;0;0;0;0;0;0;1;0;1;0;1;0;0
"28/11/2023";"09:25:00";"250";"Acidente c";"223,9";"BR-116/SP";"Pista Sul";"Colisão traseira";0;1;0;0;0;0;1;0;0;0;18;0;0;1;0
"28/11/2023";"09:33:00";"259";"Acidente s";"231";"BR-116/SP";"Pista Norte";"Colisão traseira";0;0;0;0;0;0;0;0;1;1;1;0;0;0;0
"28/11/2023";"09:42:00";"264";"Acidente c";"52,1";"BR-101/SP";"Pista Norte";"Abalroamento longitudinal";0;1;0;0;0;0;0;0;0;1;1;1;0;0;0
"28/11/2023";"10:27:00";"291";"Acidente c";"500";"BR-101/RJ";"Pista Norte";"Queda de moto";0;1;0;0;0;0;0;0;0;0;0;0;2;0;0
"28/11/2023";"11:20:00";"315";"Acidente c";"143";"BR-116/SP";"Pista Sul";"Abalroamento longitudinal";1;1;0;0;0;0;0;0;0;0;1;0;0;1;0
"28/11/2023";"11:42:00";"327";"Acidente s";"89,1";"BR-116/SP";"Pista Norte";"Choque em objeto fixo";0;0;0;0;0;0;0;0;1;0;2;0;0;0;0
"28/11/2023";"14:13:00";"388";"Acidente c";"229";"BR-116/RJ";"Pista Norte";"Colisão traseira";1;0;0;0;0;0;0;0;2;0;1;4;1;0;0
"28/11/2023";"14:59:00";"415";"Acidente s";"156,9";"BR-116/SP";"Pista Norte";"Colisão traseira";0;0;0;0;0;0;0;0;2;0;2;0;0;0;0
"28/11/2023";"16:11:00";"450";"Acidente s";"159,2";"BR-116/SP";"Pista Norte";"Colisão traseira";2;0;0;0;0;0;0;0;0;0;2;0;0;0;0
"28/11/2023";"18:42:00";"516";"Acidente s";"281,8";"BR-116/RJ";"Pista Norte";"Colisão traseira";1;0;0;0;0;0;0;0;1;0;5;0;0;0;0
"28/11/2023";"20:23:00";"554";"Acidente s";"225,9";"BR-116/SP";"Pista Sul";"Abalroamento longitudinal";1;0;0;0;0;0;0;0;1;0;3;0;0;0;0
"28/11/2023";"20:54:00";"570";"Acidente s";"225,9";"BR-116/SP";"Pista Sul";"Colisão traseira";1;0;0;1;0;0;0;0;0;0;2;0;0;0;0
"28/11/2023";"22:07:00";"596";"Acidente s";"381";"BR-101/RJ";"Pista Norte";"Colisão traseira";0;0;0;0;0;0;0;0;2;0;2;0;0;0;0
"29/11/2023";"00:47:00";"28";"Acidente s";"36,7";"BR-116/SP";"Pista Sul";"Tombamento";1;0;0;0;0;0;0;0;0;0;1;0;0;0;0
"29/11/2023";"01:12:00";"33";"Acidente c";"36,65";"BR-116/SP";"Pista Sul";"Engavetamento";2;0;0;0;0;0;0;0;1;0;4;0;0;0;1
"29/11/2023";"01:25:00";"35";"Acidente s";"325,4";"BR-116/RJ";"Pista Norte";"Choque em barreira New Jersey";0;0;0;0;0;1;0;0;0;0;1;0;0;0;0
"29/11/2023";"01:27:00";"36";"Acidente s";"68,4";"BR-116/SP";"Pista Norte";"Colisão traseira";2;0;0;0;0;0;0;0;0;0;2;0;0;0;0
"29/11/2023";"04:42:00";"57";"Acidente c";"257,65";"BR-116/RJ";"Pista Norte";"Colisão traseira";2;0;0;0;0;0;0;0;0;0;1;1;0;0;0
"29/11/2023";"08:16:00";"164";"Acidente s";"223,8";"BR-116/SP";"Pista Sul";"Abalroamento longitudinal";0;1;0;0;0;0;0;0;1;0;5;0;0;0;0
"29/11/2023";"10:12:00";"225";"Acidente s";"330";"BR-116/RJ";"Pista Sul";"Choque em objeto fixo";1;0;0;0;0;0;0;0;0;0;1;0;0;0;0
"29/11/2023";"13:58:00";"351";"Acidente c";"215";"BR-116/SP";"Pista Norte";"Atropelamento de animal";0;0;0;0;0;0;0;0;1;0;0;1;0;0;0
"29/11/2023";"14:41:00";"371";"Acidente s";"108";"BR-116/SP";"Pista Norte";"Abalroamento longitudinal";2;0;0;0;0;0;0;0;0;0;2;0;0;0;0
"29/11/2023";"15:38:00";"397";"Acidente s";"73";"BR-116/SP";"Pista Sul";"Abalroamento longitudinal";1;0;0;0;0;0;0;0;1;0;2;0;0;0;0
"29/11/2023";"16:23:00";"422";"Acidente c";"45,2";"BR-116/SP";"Pista Sul";"Abalroamento longitudinal";3;0;0;0;0;0;0;0;0;0;2;0;1;0;0
"29/11/2023";"16:44:00";"432";"Acidente c";"221,4";"BR-116/SP";"Pista Norte";"Colisão traseira";0;1;0;0;0;0;0;0;0;1;1;1;0;0;0
"29/11/2023";"17:09:00";"442";"Acidente c";"230";"BR-116/SP";"Pista Sul";"Queda de moto";0;1;0;0;0;0;0;0;0;0;0;1;0;0;0
"29/11/2023";"18:14:00";"471";"Acidente c";"144,9";"BR-116/SP";"Pista Norte";"Engavetamento";0;0;0;0;0;0;0;0;3;0;2;0;2;0;0
"29/11/2023";"18:34:00";"477";"Acidente s";"139";"BR-116/SP";"Pista Sul";"Colisão traseira";1;0;0;0;0;0;0;0;1;0;3;0;0;0;0
"29/11/2023";"18:40:00";"478";"Acidente c";"222";"BR-116/SP";"Pista Norte";"Abalroamento longitudinal";0;1;0;0;0;0;0;0;0;1;2;1;0;0;0
"29/11/2023";"19:08:00";"490";"Acidente c";"45,5";"BR-116/SP";"Pista Sul";"Colisão frontal";0;0;0;0;0;0;0;0;2;0;1;1;0;0;0
"29/11/2023";"19:37:00";"498";"Acidente s";"203";"BR-116/SP";"Pista Sul";"Choque em defensa";0;0;0;0;0;0;0;0;1;0;1;0;0;0;0
"29/11/2023";"20:56:00";"525";"Acidente c";"218,6";"BR-116/SP";"Pista Sul";"Colisão traseira";0;1;0;0;0;0;0;0;0;1;1;1;0;0;0
"29/11/2023";"21:51:00";"552";"Acidente s";"567";"BR-101/RJ";"Pista Sul";"Choque em objeto fixo";0;0;0;0;0;0;0;0;1;0;1;0;0;0;0
"29/11/2023";"22:10:00";"558";"Acidente s";"540";"BR-101/RJ";"Pista Sul";"Choque em objeto fixo";0;0;0;0;0;0;0;0;1;0;1;0;0;0;0
"29/11/2023";"22:13:00";"559";"Acidente s";"165,2";"BR-116/SP";"Pista Norte";"Abalroamento longitudinal";1;0;0;0;0;0;0;0;1;0;3;0;0;0;0
"29/11/2023";"22:17:00";"560";"Acidente s";"226";"BR-116/SP";"Pista Sul";"Colisão traseira";1;0;0;0;0;0;0;0;0;1;2;0;0;0;0
"30/11/2023";"00:16:00";"24";"Acidente c";"210,6";"BR-116/SP";"Pista Norte";"Colisão traseira";1;0;0;0;0;0;0;0;1;0;1;2;0;0;0
"30/11/2023";"02:47:00";"42";"Acidente c";"26,8";"BR-116/SP";"Pista Sul";"Colisão traseira";1;0;0;0;0;0;0;0;1;0;3;1;0;0;0
"30/11/2023";"05:48:00";"76";"Acidente c";"493";"BR-101/RJ";"Pista Sul";"Colisão frontal";0;0;0;0;0;0;0;0;2;0;0;0;0;1;1
"30/11/2023";"06:49:00";"115";"Acidente s";"155,6";"BR-116/SP";"Pista Sul";"Colisão traseira";1;0;0;0;0;0;0;0;1;0;2;0;0;0;0
"30/11/2023";"07:14:00";"142";"Acidente c";"219,1";"BR-116/SP";"Pista Sul";"Abalroamento longitudinal";0;1;0;0;0;0;0;0;1;0;1;2;0;0;0
"30/11/2023";"07:25:00";"150";"Acidente c";"276";"BR-116/RJ";"Pista Norte";"Colisão traseira";0;1;0;0;0;0;0;0;1;1;1;1;0;1;0
"30/11/2023";"07:50:00";"175";"Acidente c";"229";"BR-116/SP";"Pista Sul";"Colisão traseira";0;1;0;0;0;0;0;0;1;0;1;1;0;0;0
"30/11/2023";"08:08:00";"191";"Acidente s";"205";"BR-116/SP";"Pista Sul";"Abalroamento longitudinal";1;0;0;0;0;0;0;0;1;0;2;0;0;0;0
"30/11/2023";"09:15:00";"240";"Acidente c";"46,6";"BR-101/SP";"Pista Sul";"Abalroamento longitudinal";0;0;1;0;0;0;0;0;1;0;1;0;0;1;0
"30/11/2023";"09:41:00";"260";"Acidente s";"153,3";"BR-116/SP";"Pista Norte";"Colisão traseira";2;0;0;0;0;0;0;0;0;0;3;0;0;0;0
"30/11/2023";"13:20:00";"397";"Acidente c";"300";"BR-116/RJ";"Pista Sul";"Engavetamento";0;0;0;0;0;0;0;0;2;1;1;1;1;0;0
"30/11/2023";"13:36:00";"408";"Acidente c";"166,4";"BR-116/SP";"Pista Norte";"Engavetamento";0;2;0;0;0;0;0;0;1;0;2;2;0;0;0
"30/11/2023";"14:49:00";"448";"Acidente s";"43,3";"BR-116/SP";"Pista Sul";"Colisão traseira";2;0;0;0;0;0;0;0;0;0;2;0;0;0;0
"30/11/2023";"15:14:00";"475";"Acidente c";"230,5";"BR-116/SP";"Pista Norte";"Queda de moto";0;1;0;0;0;0;0;0;0;0;0;1;0;0;0
"30/11/2023";"15:20:00";"477";"Acidente s";"230";"BR-116/RJ";"Pista Norte";"Choque em objeto fixo";1;0;0;0;0;0;0;0;0;0;2;0;0;0;0