data;horario;n_da_ocorrencia;tipo_de_ocorrencia;km;trecho;sentido;tipo_de_acidente;automovel;bicicleta;caminhao;moto;onibus;outros;tracao_animal;transporte_de_cargas_especiais;trator_maquinas;utilitarios;ilesos;levemente_feridos;moderadamente_feridos;gravemente_feridos;mortos
"30/11/2023";"16:23:00";"513";"Acidente s";"155";"BR-116/SP";"Pista Sul";"Engavetamento";2;0;0;0;0;0;0;0;1;2;5;0;0;0;0
"30/11/2023";"16:57:00";"527";"Acidente s";"281";"BR-116/RJ";"Pista Sul";"Choque em barreira New Jersey";0;0;0;0;0;0;0;0;1;0;4;0;0;0;0
"30/11/2023";"17:15:00";"535";"Acidente c";"115,4";"BR-116/SP";"Pista Sul";"Abalroamento longitudinal";0;1;0;0;0;0;0;0;1;0;1;0;1;0;0
"30/11/2023";"17:21:00";"539";"Acidente c";"65";"BR-116/SP";"Pista Sul";"Queda de moto";0;1;0;0;0;0;0;0;0;0;0;0;1;0;0
"30/11/2023";"18:13:00";"575";"Acidente s";"123";"BR-116/SP";"Pista Norte";"Colisão traseira";0;0;0;0;0;0;0;0;1;1;5;0;0;0;0
"30/11/2023";"18:31:00";"587";"Acidente c";"218,7";"BR-116/SP";"Pista Norte";"Abalroamento longitudinal";0;1;0;0;0;0;0;0;1;0;1;0;1;0;0
"30/11/2023";"19:41:00";"628";"Acidente s";"138,9";"BR-116/SP";"Pista Norte";"Choque em barreira New Jersey";0;0;0;0;0;0;0;0;1;0;1;0;0;0;0
"30/11/2023";"19:49:00";"632";"Acidente c";"400";"BR-101/RJ";"Pista Norte";"Atropelamento de pedestre atravessando";0;1;0;0;0;0;0;0;0;0;0;1;0;0;0
"30/11/2023";"20:55:00";"664";"Acidente c";"235,7";"BR-116/RJ";"Pista Sul";"Colisão frontal";0;0;0;1;0;0;0;0;1;0;42;0;0;0;1
"30/11/2023";"21:49:00";"695";"Acidente s";"238,6";"BR-116/RJ";"Pista Sul";"Abalroamento longitudinal";1;0;0;0;0;0;0;0;0;1;2;0;0;0;0
"30/11/2023";"23:54:00";"734";"Acidente s";"299";"BR-116/RJ";"Pista Norte";"Colisão traseira";2;0;0;0;0;0;0;0;0;0;2;0;0;0;0
"01/12/2023";"00:23:00";"22";"Atropelame";"49";"BR-101/SP";"Pista Norte";"Atropelamento de pedestre atravessando";0;1;1;0;0;0;0;0;0;0;1;1;0;0;0
"01/12/2023";"02:08:00";"43";"Acidente c";"32,3";"BR-101/SP";"Pista Norte";"Queda de moto";0;1;0;0;0;0;0;0;0;0;1;0;1;0;0
"01/12/2023";"03:38:00";"56";"Acidente s";"41,1";"BR-116/SP";"Pista Sul";"Choque em barreira New Jersey";1;0;0;0;0;0;0;0;0;0;1;0;0;0;0
"01/12/2023";"03:55:00";"61";"Acidente c";"212,45";"BR-116/SP";"Pista Norte";"Choque em barreira New Jersey";0;0;0;0;0;0;0;0;1;0;2;1;0;0;0
"01/12/2023";"07:31:00";"164";"Acidente c";"138,5";"BR-116/SP";"Pista Norte";"Abalroamento longitudinal";0;0;0;0;0;0;0;0;1;0;0;1;0;0;0
"01/12/2023";"07:44:00";"171";"Acidente s";"144";"BR-116/SP";"Pista Norte";"Colisão traseira";0;0;0;0;0;0;0;0;1;1;2;0;0;0;0
"01/12/2023";"08:28:00";"210";"Acidente s";"218,8";"BR-116/SP";"Pista Sul";"Abalroamento longitudinal";0;1;0;0;0;0;0;0;0;1;2;0;0;0;0
"01/12/2023";"15:34:00";"473";"Acidente c";"59,6";"BR-116/SP";"Pista Norte";"Abalroamento longitudinal";0;1;0;0;0;0;0;0;1;0;0;1;1;0;0
"01/12/2023";"16:16:00";"492";"Acidente c";"504";"BR-101/RJ";"Pista Sul";"Colisão frontal";0;1;0;0;0;0;0;0;1;0;1;0;0;1;0
"01/12/2023";"16:16:00";"493";"Acidente c";"152,6";"BR-116/SP";"Pista Norte";"Colisão traseira";0;1;0;0;0;0;0;0;0;1;1;0;1;0;0
"01/12/2023";"16:47:00";"514";"Acidente s";"106,8";"BR-116/SP";"Pista Sul";"Colisão traseira";0;0;0;0;0;0;0;0;2;0;2;0;0;0;0
"01/12/2023";"17:18:00";"530";"Acidente s";"113,6";"BR-116/SP";"Pista Norte";"Colisão traseira";3;0;0;0;0;0;0;0;0;0;3;0;0;0;0
"01/12/2023";"17:38:00";"539";"Acidente c";"228,7";"BR-116/SP";"Pista Norte";"Colisão traseira";0;1;0;0;0;0;0;0;1;0;1;0;1;0;0
"01/12/2023";"17:56:00";"550";"Acidente s";"98,4";"BR-116/SP";"Pista Norte";"Queda de ribanceira";1;0;0;0;0;0;0;0;0;0;1;0;0;0;0
"01/12/2023";"19:01:00";"597";"Acidente s";"108";"BR-116/SP";"Pista Sul";"Abalroamento longitudinal";1;0;0;0;0;0;0;0;1;0;2;0;0;0;0
"01/12/2023";"19:04:00";"599";"Acidente c";"229,5";"BR-116/SP";"Pista Norte";"Abalroamento longitudinal";0;1;0;0;0;0;0;0;1;0;1;1;0;0;0
"01/12/2023";"19:44:00";"626";"Acidente c";"221,9";"BR-116/SP";"Pista Sul";"Colisão traseira";0;1;0;0;0;0;0;0;1;0;1;1;0;0;0
"01/12/2023";"20:36:00";"659";"Acidente c";"119,5";"BR-116/SP";"Pista Norte";"Colisão traseira";0;1;0;0;0;0;0;0;3;0;5;0;2;0;1
"01/12/2023";"21:22:00";"680";"Acidente s";"201";"BR-116/SP";"Pista Sul";"Abalroamento longitudinal";0;1;0;0;0;0;0;0;1;0;3;0;0;0;0
"02/12/2023";"02:38:00";"59";"Acidente c";"128,5";"BR-116/SP";"Pista Norte";"Queda de moto";0;1;0;0;0;0;0;0;0;1;1;0;1;0;0
"02/12/2023";"04:04:00";"69";"Acidente c";"113,9";"BR-116/SP";"Pista Sul";"Colisão traseira";1;1;0;0;0;0;0;0;0;0;1;0;0;1;0
"02/12/2023";"05:18:00";"79";"Acidente s";"217";"BR-116/SP";"Pista Sul";"Colisão traseira";0;0;0;0;0;0;0;0;2;0;3;0;0;0;0
"02/12/2023";"07:45:00";"144";"Acidente c";"529";"BR-101/RJ";"Pista Sul";"Capotamento";0;0;0;0;0;0;0;0;1;0;2;2;0;0;0
"02/12/2023";"08:39:00";"168";"Acidente s";"215,2";"BR-116/SP";"Pista Norte";"Colisão traseira";0;1;0;1;0;0;0;0;0;0;2;0;0;0;0
"02/12/2023";"08:59:00";"184";"Acidente s";"197,1";"BR-116/SP";"Pista Sul";"Capotamento";0;0;0;0;0;0;0;0;1;0;1;0;0;0;0
"02/12/2023";"09:04:00";"190";"Acidente s";"146";"BR-116/SP";"Pista Norte";"Colisão traseira";0;0;0;0;0;0;0;0;2;0;5;0;0;0;0
"02/12/2023";"09:28:00";"208";"Acidente s";"291";"BR-116/RJ";"Pista Norte";"Choque em barreira New Jersey";0;0;0;0;0;0;0;0;1;0;1;0;0;0;0
"02/12/2023";"10:01:00";"227";"Acidente s";"116,4";"BR-116/SP";"Pista Sul";"Queda de moto";0;1;0;0;0;0;0;0;0;0;1;0;0;0;0
"02/12/2023";"10:30:00";"241";"Acidente c";"225";"BR-116/SP";"Pista Sul";"Abalroamento longitudinal";0;1;0;0;0;0;0;0;0;1;1;1;0;0;0
"02/12/2023";"11:33:00";"269";"Acidente s";"100";"BR-116/SP";"Pista Norte";"Choque em objeto na pista";0;0;0;0;0;0;0;0;2;1;6;0;0;0;0
"02/12/2023";"11:43:00";"277";"Acidente c";"214";"BR-116/SP";"Pista Norte";"Colisão traseira";0;0;0;0;0;0;0;0;2;0;4;1;0;0;0
"02/12/2023";"12:43:00";"312";"Acidente s";"133";"BR-116/SP";"Pista Sul";"Queda de moto";0;1;0;0;0;0;0;0;0;0;2;0;0;0;0
"02/12/2023";"13:04:00";"330";"Acidente c";"210";"BR-116/SP";"Pista Norte";"Queda de moto";0;1;0;0;0;0;0;0;0;1;2;1;0;0;0
"02/12/2023";"14:05:00";"351";"Atropelame";"425";"BR-101/RJ";"Pista Sul";"Atropelamento de pedestre atravessando";0;0;1;0;0;0;1;0;0;0;4;0;0;1;0
"02/12/2023";"14:36:00";"365";"Acidente c";"431";"BR-101/RJ";"Pista Sul";"Queda de moto";0;1;0;0;0;0;0;0;0;0;0;0;1;0;0
"02/12/2023";"14:57:00";"376";"Acidente c";"314";"BR-116/RJ";"Pista Sul";"Queda de moto";0;1;0;0;0;0;0;0;0;0;0;1;1;0;0
"02/12/2023";"14:57:00";"374";"Acidente s";"99";"BR-116/SP";"Pista Sul";"Colisão traseira";0;0;0;0;0;0;0;0;2;0;5;0;0;0;0
"02/12/2023";"15:25:00";"391";"Acidente c";"60";"BR-116/SP";"Pista Sul";"Choque em barreira New Jersey";0;1;0;0;0;0;0;0;0;0;0;1;0;0;0
"02/12/2023";"17:17:00";"444";"Acidente c";"48,7";"BR-101/SP";"Pista Sul";"Abalroamento longitudinal";0;1;0;0;0;0;0;0;1;0;4;1;0;0;0
"02/12/2023";"17:43:00";"456";"Acidente s";"221,3";"BR-116/SP";"Pista Norte";"Abalroamento longitudinal";0;1;0;0;0;0;0;0;1;0;3;0;0;0;0
"02/12/2023";"18:42:00";"483";"Acidente s";"393";"BR-101/RJ";"Pista Norte";"Capotamento";0;0;0;0;0;0;0;0;1;0;0;0;0;0;0
"02/12/2023";"18:51:00";"492";"Acidente c";"221";"BR-116/SP";"Pista Norte";"Engavetamento";0;2;0;0;0;0;0;0;1;0;3;1;1;0;0
"02/12/2023";"19:14:00";"498";"Acidente c";"150,9";"BR-116/SP";"Pista Sul";"Colisão traseira";0;1;0;0;0;0;0;0;1;0;3;0;0;1;1
"02/12/2023";"19:56:00";"520";"Acidente c";"488,8";"BR-101/RJ";"Pista Norte";"Abalroamento longitudinal";0;1;0;0;0;0;0;0;1;0;5;1;0;0;0
"02/12/2023";"22:06:00";"572";"Acidente s";"150,8";"BR-116/SP";"Pista Sul";"Colisão traseira";0;0;0;0;0;0;0;0;1;1;2;0;0;0;0
"02/12/2023";"22:08:00";"573";"Acidente c";"494,8";"BR-101/RJ";"Pista Sul";"Colisão frontal";0;1;0;0;0;0;1;0;0;0;3;0;0;0;1
"02/12/2023";"22:16:00";"577";"Acidente c";"175,5";"BR-116/SP";"Pista Sul";"Colisão frontal";0;1;0;0;0;0;0;0;1;0;4;1;0;0;0
"02/12/2023";"22:35:00";"582";"Acidente s";"230,5";"BR-116/SP";"Pista Sul";"Colisão traseira";0;0;0;0;0;0;0;0;2;0;6;0;0;0;0
"02/12/2023";"22:53:00";"584";"Acidente c";"208";"BR-116/SP";"Pista Norte";"Engavetamento";0;1;0;0;0;0;0;0;2;0;6;0;1;0;0
"02/12/2023";"23:43:00";"598";"Acidente s";"226,4";"BR-116/SP";"Pista Norte";"Choque em defensa";1;0;0;0;0;0;0;0;0;0;1;0;0;0;0
"03/12/2023";"02:28:00";"49";"Acidente s";"407,1";"BR-101/RJ";"Pista Sul";"Choque em defensa";0;0;0;0;0;0;0;0;1;0;1;0;0;0;0
"03/12/2023";"07:28:00";"111";"Acidente s";"158";"BR-116/SP";"Pista Norte";"Queda de moto";0;1;0;0;0;0;0;0;0;0;1;0;0;0;0
"03/12/2023";"07:39:00";"118";"Acidente s";"158";"BR-116/SP";"Pista Norte";"Choque em barreira New Jersey";0;0;0;0;0;0;0;0;1;0;1;0;0;0;0
"03/12/2023";"09:24:00";"179";"Acidente c";"215,1";"BR-116/SP";"Pista Norte";"Colisão traseira";0;1;0;0;0;0;0;0;1;0;1;1;0;0;0
"03/12/2023";"10:46:00";"222";"Acidente c";"72";"BR-116/SP";"Pista Norte";"Abalroamento longitudinal";0;3;0;0;0;0;0;0;0;0;2;3;0;0;0
"03/12/2023";"12:21:00";"254";"Acidente c";"477";"BR-101/RJ";"Pista Norte";"Queda de moto";0;1;0;0;0;0;0;0;0;0;0;1;0;0;0
"03/12/2023";"12:23:00";"255";"Acidente c";"310";"BR-116/RJ";"Pista Sul";"Queda de moto";0;1;0;0;0;0;0;0;0;0;0;1;1;0;0
"03/12/2023";"13:16:00";"280";"Acidente c";"415";"BR-101/RJ";"Pista Norte";"Choque em defensa";0;1;0;0;0;0;0;0;0;0;0;1;1;0;0
"03/12/2023";"14:21:00";"319";"Acidente s";"283";"BR-116/RJ";"Pista Norte";"Colisão traseira";0;0;0;0;0;0;0;0;1;1;6;0;0;0;0
"03/12/2023";"14:44:00";"331";"Acidente c";"46";"BR-101/SP";"Pista Norte";"Colisão traseira";0;1;0;0;0;0;0;0;0;1;1;1;0;0;0
"03/12/2023";"15:04:00";"340";"Acidente s";"108";"BR-116/SP";"Pista Sul";"Abalroamento longitudinal";1;0;0;0;0;0;0;0;1;0;6;0;0;0;0
"03/12/2023";"15:30:00";"353";"Acidente c";"225";"BR-116/SP";"Pista Sul";"Colisão traseira";0;1;0;0;0;0;0;0;1;0;1;0;1;0;0
"03/12/2023";"15:39:00";"357";"Acidente c";"46";"BR-101/SP";"Pista Sul";"Colisão traseira";0;1;0;0;0;0;0;0;1;0;1;1;0;0;0
"03/12/2023";"15:55:00";"368";"Acidente s";"124";"BR-116/SP";"Pista Norte";"Abalroamento longitudinal";1;0;0;0;0;0;0;0;1;0;2;0;0;0;0
"03/12/2023";"16:00:00";"371";"Acidente s";"202";"BR-116/SP";"Pista Sul";"Colisão traseira";0;0;0;0;0;0;0;0;2;0;3;0;0;0;0
"03/12/2023";"16:21:00";"381";"Acidente c";"49";"BR-101/SP";"Pista Norte";"Queda de moto";0;1;0;0;0;0;0;0;0;0;0;1;0;0;0
"03/12/2023";"16:21:00";"379";"Acidente c";"153,2";"BR-116/SP";"Pista Norte";"Abalroamento longitudinal";0;1;0;0;0;0;0;0;1;0;4;1;0;0;0
"03/12/2023";"17:03:00";"406";"Acidente c";"306,5";"BR-116/RJ";"Pista Norte";"Queda de moto";0;1;0;0;0;0;0;0;0;0;0;0;1;0;0
"03/12/2023";"17:06:00";"409";"Acidente s";"85,1";"BR-116/SP";"Pista Sul";"Colisão traseira";0;0;0;0;0;0;0;0;2;0;6;0;0;0;0
"03/12/2023";"17:10:00";"411";"Acidente c";"578";"BR-101/RJ";"Pista Norte";"Colisão frontal";0;1;0;0;0;0;0;0;1;0;1;0;1;0;0
"03/12/2023";"17:11:00";"412";"Acidente c";"306,7";"BR-116/RJ";"Pista Norte";"Engavetamento";0;0;0;0;0;0;0;0;4;0;13;0;1;0;0
"03/12/2023";"19:17:00";"478";"Acidente s";"513";"BR-101/RJ";"Pista Sul";"Choque em objeto fixo";0;0;0;0;0;0;0;0;1;0;1;0;0;0;0
"03/12/2023";"19:34:00";"494";"Acidente s";"67,5";"BR-116/SP";"Pista Sul";"Choque em objeto fixo";0;0;0;0;0;0;0;0;1;0;2;0;0;0;0
"03/12/2023";"21:07:00";"525";"Acidente c";"215,9";"BR-116/RJ";"Pista Norte";"Queda de moto";0;1;0;0;0;0;0;0;0;0;0;1;0;0;0
"03/12/2023";"22:30:00";"553";"Acidente s";"484";"BR-101/RJ";"Pista Sul";"Abalroamento longitudinal";1;0;0;0;0;0;0;0;1;0;2;0;0;0;0
"04/12/2023";"03:08:00";"52";"Acidente s";"82,1";"BR-116/SP";"Pista Sul";"Atropelamento de animal";0;0;0;0;0;0;0;0;1;0;1;0;0;0;0
"04/12/2023";"04:32:00";"72";"Acidente c";"324,9";"BR-116/RJ";"Pista Norte";"Colisão traseira";2;0;0;0;0;0;0;0;0;0;0;4;0;0;0
"04/12/2023";"04:33:00";"73";"Atropelame";"75,2";"BR-116/SP";"Pista Sul";"Atropelamento de pedestre atravessando";0;1;0;0;0;0;0;0;0;0;1;0;0;0;1
"04/12/2023";"04:46:00";"75";"Acidente c";"75,2";"BR-116/SP";"Pista Sul";"Abalroamento longitudinal";1;0;0;0;0;0;0;0;1;0;1;0;1;0;0
"04/12/2023";"05:18:00";"85";"Acidente s";"524,7";"BR-101/RJ";"Pista Norte";"Choque em objeto fixo";0;0;0;0;0;0;0;0;1;0;1;0;0;0;0
"04/12/2023";"05:52:00";"97";"Acidente c";"235,8";"BR-116/RJ";"Pista Norte";"Choque em defensa";1;0;0;0;0;0;0;0;0;0;0;1;0;0;0
"04/12/2023";"06:09:00";"108";"Acidente s";"231";"BR-116/SP";"Pista Norte";"Abalroamento longitudinal";1;0;0;0;0;0;0;0;1;0;2;0;0;0;0
"04/12/2023";"07:00:00";"148";"Acidente c";"215";"BR-116/SP";"Pista Sul";"Engavetamento";0;0;0;0;0;0;0;0;4;0;5;1;0;0;0
"04/12/2023";"07:28:00";"178";"Acidente c";"140,09";"BR-116/SP";"Pista Sul";"Abalroamento longitudinal";0;1;0;0;0;0;0;0;1;0;1;0;1;0;0
"04/12/2023";"08:43:00";"231";"Acidente s";"473";"BR-101/RJ";"Pista Sul";"Colisão traseira";2;0;0;0;0;0;0;0;0;0;2;0;0;0;0
"04/12/2023";"08:52:00";"235";"Acidente s";"222,45";"BR-116/RJ";"Pista Norte";"Colisão traseira";1;0;0;0;0;0;0;0;0;1;2;0;0;0;0
"04/12/2023";"12:43:00";"365";"Acidente s";"61";"BR-116/SP";"Pista Norte";"Capotamento";0;0;0;0;0;0;0;0;1;0;1;0;0;0;0
"04/12/2023";"13:02:00";"375";"Acidente c";"174,8";"BR-116/SP";"Pista Sul";"Colisão traseira";0;1;0;0;0;0;0;0;1;0;1;1;0;0;0
"04/12/2023";"13:13:00";"381";"Acidente s";"59,6";"BR-116/SP";"Pista Norte";"Engavetamento";0;0;0;0;0;0;0;0;2;1;3;0;0;0;0
"04/12/2023";"13:51:00";"397";"Acidente s";"53,4";"BR-116/SP";"Pista Sul";"Colisão traseira";1;0;0;0;0;0;0;0;1;0;2;0;0;0;0
"04/12/2023";"14:27:00";"425";"Acidente s";"211";"BR-116/SP";"Pista Norte";"Colisão traseira";0;0;0;0;0;0;1;0;1;0;3;0;0;0;0
"04/12/2023";"14:31:00";"430";"Acidente s";"337";"BR-116/RJ";"Pista Sul";"Choque em barreira New Jersey";0;0;0;0;0;0;0;0;1;0;1;0;0;0;0
"04/12/2023";"14:44:00";"437";"Acidente s";"411";"BR-101/RJ";"Pista Sul";"Choque em barreira New Jersey";0;0;0;0;0;0;0;0;1;0;2;0;0;0;0
"04/12/2023";"14:54:00";"444";"Acidente s";"156,8";"BR-116/SP";"Pista Norte";"Choque em defensa";1;0;0;0;0;0;0;0;0;0;1;0;0;0;0
"04/12/2023";"16:21:00";"484";"Acidente c";"490,3";"BR-101/RJ";"Pista Norte";"Abalroamento longitudinal";0;1;0;0;0;0;0;0;1;0;1;1;0;0;0
"04/12/2023";"16:59:00";"504";"Acidente s";"166,8";"BR-116/SP";"Pista Sul";"Choque em objeto fixo";1;0;0;0;0;0;0;0;0;0;1;0;0;0;0
"04/12/2023";"17:04:00";"507";"Acidente s";"297,7";"BR-116/RJ";"Pista Sul";"Colisão traseira";0;0;0;0;0;0;0;0;1;1;2;0;0;0;0
"04/12/2023";"17:16:00";"516";"Acidente s";"108";"BR-116/SP";"Pista Norte";"Abalroamento longitudinal";0;0;0;0;0;0;1;0;0;1;4;0;0;0;0
"04/12/2023";"18:19:00";"546";"Acidente s";"214";"BR-116/SP";"Pista Norte";"Colisão traseira";0;0;0;0;0;0;0;0;1;0;1;0;0;0;0
"04/12/2023";"19:29:00";"579";"Acidente s";"515,8";"BR-101/RJ";"Pista Sul";"Choque em objeto fixo";0;0;0;0;0;0;0;0;1;0;1;0;0;0;0
"04/12/2023";"19:50:00";"589";"Acidente s";"162,5";"BR-116/SP";"Pista Norte";"Abalroamento longitudinal";0;0;0;0;0;0;0;0;1;1;3;0;0;0;0
"04/12/2023";"21:15:00";"619";"Acidente s";"24,15";"BR-116/SP";"Pista Norte";"Choque em barreira New Jersey";0;0;0;0;0;0;0;0;1;0;2;0;0;0;0
"04/12/2023";"21:42:00";"631";"Acidente s";"23,6";"BR-116/SP";"Pista Norte";"Colisão traseira";0;0;0;0;0;0;0;0;1;1;3;0;0;0;0
"04/12/2023";"22:38:00";"649";"Acidente c";"426,6";"BR-101/RJ";"Pista Norte";"Colisão frontal";0;0;0;0;0;0;0;0;2;0;1;0;1;1;1
"04/12/2023";"23:24:00";"662";"Acidente s";"146";"BR-116/SP";"Pista Sul";"Choque em defensa";0;0;0;0;0;0;0;0;1;0;3;0;0;0;0
"05/12/2023";"06:14:00";"86";"Acidente s";"46";"BR-116/SP";"Pista Norte";"Choque em barreira New Jersey";0;0;0;0;0;0;0;0;1;0;2;0;0;0;0
"05/12/2023";"06:37:00";"105";"Acidente s";"4,5";"BR-116/SP";"Pista Norte";"Abalroamento longitudinal";2;0;0;0;0;0;0;0;0;0;2;0;0;0;0
"05/12/2023";"07:22:00";"144";"Acidente s";"232,7";"BR-116/RJ";"Pista Norte";"Abalroamento longitudinal";2;0;0;0;0;0;0;0;0;0;2;0;0;0;0
"05/12/2023";"07:39:00";"154";"Acidente c";"322";"BR-116/RJ";"Pista Norte";"Choque em barreira New Jersey";0;1;0;0;0;0;0;0;0;0;0;0;1;0;0
"05/12/2023";"08:06:00";"178";"Acidente c";"210,4";"BR-116/SP";"Pista Norte";"Colisão traseira";0;1;0;0;0;0;0;0;1;0;1;1;0;0;0
"05/12/2023";"10:55:00";"287";"Acidente s";"487";"BR-101/RJ";"Pista Norte";"Engavetamento";0;0;0;0;0;0;0;0;2;1;5;0;0;0;0
"05/12/2023";"11:04:00";"294";"Acidente s";"99,6";"BR-116/SP";"Pista Sul";"Colisão traseira";0;0;0;0;0;0;0;0;1;1;2;0;0;0;0
"05/12/2023";"11:38:00";"312";"Acidente c";"101";"BR-116/SP";"Pista Sul";"Colisão traseira";0;1;0;0;0;0;0;0;0;1;1;1;0;0;0
"05/12/2023";"12:18:00";"340";"Acidente c";"223,4";"BR-116/SP";"Pista Sul";"Abalroamento longitudinal";0;2;0;0;0;0;0;0;0;0;1;0;1;0;0
"05/12/2023";"12:35:00";"344";"Acidente s";"264,6";"BR-116/RJ";"Pista Norte";"Choque em objeto fixo";1;0;0;0;0;0;0;0;0;0;1;0;0;0;0
"05/12/2023";"12:56:00";"354";"Acidente c";"221";"BR-116/SP";"Pista Norte";"Colisão traseira";0;1;0;0;0;0;0;0;1;0;4;2;0;0;0
"05/12/2023";"12:58:00";"356";"Acidente c";"117";"BR-116/SP";"Pista Norte";"Colisão traseira";0;2;0;0;0;0;0;0;0;0;0;0;2;0;0
"05/12/2023";"14:23:00";"401";"Acidente c";"143,5";"BR-116/SP";"Pista Sul";"Queda de moto";0;1;0;0;0;0;0;0;0;0;0;0;1;0;0
"05/12/2023";"15:37:00";"427";"Acidente s";"106,2";"BR-116/SP";"Pista Norte";"Queda de moto";0;1;0;0;0;0;0;0;0;0;1;0;0;0;0
"05/12/2023";"16:53:00";"465";"Acidente c";"153,8";"BR-116/SP";"Pista Sul";"Abalroamento longitudinal";0;1;0;0;0;0;0;0;0;1;1;0;1;0;0
"05/12/2023";"18:32:00";"524";"Acidente c";"186";"BR-116/SP";"Pista Norte";"Queda de moto";0;1;0;0;0;0;0;0;0;0;0;1;0;0;0
"05/12/2023";"19:43:00";"552";"Acidente c";"136,4";"BR-116/SP";"Pista Norte";"Queda de moto";0;1;0;0;0;0;0;0;0;0;0;1;0;0;0
"05/12/2023";"19:55:00";"556";"Acidente c";"482,5";"BR-101/RJ";"Pista Sul";"Colisão traseira";0;0;0;1;0;0;0;0;1;0;51;1;0;0;0
"05/12/2023";"20:19:00";"570";"Acidente s";"218,9";"BR-116/SP";"Pista Norte";"Colisão traseira";1;0;0;0;0;0;0;0;1;0;2;0;0;0;0
"05/12/2023";"23:16:00";"644";"Acidente s";"596,5";"BR-101/RJ";"Pista Norte";"Choque em objeto fixo";0;0;0;0;0;0;0;0;1;0;1;0;0;0;0
"06/12/2023";"00:07:00";"23";"Acidente s";"268";"BR-116/RJ";"Pista Norte";"Choque em barreira New Jersey";0;0;0;0;0;0;0;0;1;0;2;0;0;0;0
"06/12/2023";"00:26:00";"29";"Acidente s";"224,8";"BR-116/SP";"Pista Norte";"Choque em barreira New Jersey";1;0;0;0;0;0;0;0;0;0;1;0;0;0;0
"06/12/2023";"06:15:00";"121";"Acidente s";"484";"BR-101/RJ";"Pista Sul";"Choque em objeto fixo";0;0;0;0;0;0;0;0;1;0;1;0;0;0;0
"06/12/2023";"07:52:00";"188";"Acidente c";"64";"BR-116/SP";"Pista Sul";"Engavetamento";1;0;0;0;0;0;0;0;2;0;1;2;0;0;0
"06/12/2023";"08:59:00";"243";"Acidente s";"209,5";"BR-116/SP";"Pista Sul";"Abalroamento longitudinal";0;0;0;0;0;0;0;0;2;0;2;0;0;0;0
"06/12/2023";"10:31:00";"312";"Acidente c";"153,6";"BR-116/SP";"Pista Sul";"Abalroamento longitudinal";0;1;0;0;0;0;0;0;1;0;1;0;1;0;0
"06/12/2023";"10:43:00";"326";"Acidente s";"232";"BR-116/RJ";"Pista Norte";"Choque em objeto fixo";0;0;0;0;0;0;0;0;1;0;2;0;0;0;0
"06/12/2023";"11:41:00";"646";"Acidente c";"154,45";"BR-116/SP";"Pista Sul";"Queda de moto";0;1;0;0;0;0;0;0;0;0;0;1;0;0;0
"06/12/2023";"16:36:00";"371";"Acidente s";"226";"BR-116/RJ";"Pista Sul";"Abalroamento longitudinal";0;0;0;0;0;0;0;0;1;1;3;0;0;0;0
"06/12/2023";"16:57:00";"395";"Acidente s";"151,9";"BR-116/SP";"Pista Norte";"Colisão traseira";1;0;0;0;0;0;0;0;1;0;3;0;0;0;0
"06/12/2023";"17:03:00";"402";"Acidente c";"113,6";"BR-116/SP";"Pista Norte";"Engavetamento";3;0;0;0;0;0;0;0;0;0;2;1;0;0;0
"06/12/2023";"17:19:00";"412";"Acidente s";"146";"BR-116/SP";"Pista Norte";"Colisão traseira";2;0;0;0;0;0;0;0;0;0;2;0;0;0;0
"06/12/2023";"17:24:00";"415";"Acidente s";"231,3";"BR-116/SP";"Pista Norte";"Colisão traseira";1;0;0;0;0;0;0;0;1;0;2;0;0;0;0
"06/12/2023";"17:26:00";"416";"Acidente s";"215,9";"BR-116/SP";"Pista Norte";"Colisão traseira";0;0;0;0;0;0;0;0;1;1;1;0;0;0;0
"06/12/2023";"17:44:00";"426";"Acidente s";"154";"BR-116/SP";"Pista Sul";"Engavetamento";0;0;0;0;0;0;0;0;3;0;6;0;0;0;0
"06/12/2023";"17:45:00";"427";"Acidente s";"305";"BR-116/RJ";"Pista Sul";"Choque em objeto fixo";0;0;0;0;0;0;0;0;1;0;0;0;0;0;0
"06/12/2023";"20:40:00";"557";"Acidente c";"5,3";"BR-116/SP";"Pista Sul";"Colisão traseira";0;0;0;0;0;0;0;0;1;1;1;0;1;0;0
"06/12/2023";"22:19:00";"615";"Acidente s";"204,5";"BR-116/SP";"Pista Norte";"Abalroamento longitudinal";1;0;0;0;0;0;0;0;1;0;2;0;0;0;0
"06/12/2023";"22:51:00";"628";"Acidente c";"484";"BR-101/RJ";"Pista Sul";"Colisão frontal";0;1;0;0;0;0;0;0;1;0;1;1;0;0;0
"06/12/2023";"23:17:00";"635";"Acidente s";"46,1";"BR-101/SP";"Pista Norte";"Choque em objeto fixo";0;0;0;0;0;0;0;0;1;0;1;0;0;0;0
"07/12/2023";"01:06:00";"38";"Acidente s";"166";"BR-116/SP";"Pista Sul";"Atropelamento de animal";0;0;0;0;0;0;0;0;1;0;2;0;0;0;0
"07/12/2023";"03:30:00";"66";"Acidente s";"62,3";"BR-116/SP";"Pista Norte";"Colisão traseira";2;0;0;0;0;0;0;0;0;0;2;0;0;0;0
"07/12/2023";"04:29:00";"70";"Acidente c";"94,55";"BR-116/SP";"Pista Sul";"Colisão traseira";2;0;0;0;0;0;0;0;0;0;1;0;1;1;0
"07/12/2023";"07:21:00";"145";"Acidente c";"216";"BR-116/SP";"Pista Norte";"Queda de moto";0;1;0;0;0;0;0;0;0;0;0;0;2;0;0