data;horario;n_da_ocorrencia;tipo_de_ocorrencia;km;trecho;sentido;tipo_de_acidente;automovel;bicicleta;caminhao;moto;onibus;outros;tracao_animal;transporte_de_cargas_especiais;trator_maquinas;utilitarios;ilesos;levemente_feridos;moderadamente_feridos;gravemente_feridos;mortos
"07/12/2023";"07:22:00";"147";"Acidente c";"104";"BR-116/SP";"Pista Sul";"Colisão traseira";0;0;0;0;0;0;0;0;2;0;6;1;0;0;0
"07/12/2023";"07:52:00";"166";"Acidente s";"329";"BR-116/RJ";"Pista Norte";"Colisão traseira";2;0;0;0;0;0;0;0;0;0;1;0;0;0;0
"07/12/2023";"08:08:00";"181";"Acidente s";"100";"BR-116/SP";"Pista Sul";"Engavetamento";0;0;0;0;0;0;0;0;3;1;7;0;0;0;0
"07/12/2023";"08:11:00";"183";"Acidente s";"530";"BR-101/RJ";"Pista Norte";"Colisão traseira";0;0;0;0;0;0;0;0;2;0;2;0;0;0;0
"07/12/2023";"08:34:00";"197";"Acidente c";"38";"BR-101/SP";"Pista Norte";"Abalroamento longitudinal";0;1;0;0;0;0;0;0;1;0;2;1;0;0;0
"07/12/2023";"08:36:00";"199";"Acidente s";"150";"BR-116/SP";"Pista Norte";"Engavetamento";1;0;0;0;0;0;0;0;2;0;6;0;0;0;0
"07/12/2023";"08:45:00";"206";"Acidente c";"149,7";"BR-116/SP";"Pista Norte";"Engavetamento";0;0;0;0;0;0;0;0;3;0;3;1;0;0;0
"07/12/2023";"09:42:00";"243";"Acidente s";"230,3";"BR-116/RJ";"Pista Norte";"Choque Talude";1;0;0;0;0;0;0;0;0;0;1;0;0;0;0
"07/12/2023";"11:30:00";"319";"Atropelame";"219";"BR-116/SP";"Pista Norte";"Atropelamento de pedestre atravessando";0;0;0;0;0;0;0;0;0;1;1;0;1;0;0
"07/12/2023";"11:55:00";"338";"Acidente c";"226";"BR-116/SP";"Pista Sul";"Abalroamento longitudinal";0;2;0;0;0;0;0;0;0;0;2;1;0;0;0
"07/12/2023";"14:20:00";"415";"Acidente s";"484";"BR-101/RJ";"Pista Sul";"Colisão traseira";0;1;0;0;0;0;0;0;1;0;2;0;0;0;0
"07/12/2023";"15:50:00";"469";"Acidente s";"548,9";"BR-101/RJ";"Pista Norte";"Choque em objeto fixo";0;0;0;0;0;0;0;0;1;0;1;0;0;0;0
"07/12/2023";"15:57:00";"473";"Acidente c";"235,8";"BR-116/RJ";"Pista Norte";"Choque em objeto fixo";0;0;0;0;0;0;0;0;1;0;0;2;0;0;0
"07/12/2023";"17:03:00";"507";"Acidente c";"385";"BR-101/RJ";"Pista Sul";"Abalroamento longitudinal";1;1;0;0;0;0;0;0;0;0;1;1;0;0;0
"07/12/2023";"17:24:00";"520";"Acidente s";"525";"BR-101/RJ";"Pista Sul";"Colisão traseira";0;0;0;0;0;0;0;0;2;0;4;0;0;0;0
"07/12/2023";"17:48:00";"531";"Acidente c";"574";"BR-101/RJ";"Pista Sul";"Abalroamento longitudinal";0;0;0;0;0;0;0;0;2;0;4;1;0;0;0
"07/12/2023";"19:16:00";"579";"Acidente c";"519";"BR-101/RJ";"Pista Sul";"Abalroamento longitudinal";0;1;0;0;0;0;0;0;1;0;1;0;1;1;0
"07/12/2023";"19:21:00";"581";"Acidente s";"125,8";"BR-116/SP";"Pista Norte";"Colisão traseira";1;0;0;0;0;0;0;0;1;0;2;0;0;0;0
"07/12/2023";"19:31:00";"584";"Acidente c";"144,9";"BR-116/SP";"Pista Sul";"Abalroamento longitudinal";0;1;0;0;0;0;0;0;0;1;1;1;0;0;0
"07/12/2023";"20:02:00";"595";"Acidente s";"485,8";"BR-101/RJ";"Pista Sul";"Abalroamento longitudinal";0;0;0;1;0;0;0;0;2;0;4;0;0;0;0
"07/12/2023";"22:01:00";"641";"Acidente c";"213,8";"BR-116/SP";"Pista Norte";"Engavetamento";0;1;0;0;0;0;0;0;2;0;4;1;0;0;0
"07/12/2023";"22:28:00";"656";"Acidente s";"213,1";"BR-116/SP";"Pista Norte";"Choque em barreira New Jersey";0;0;0;0;0;0;0;0;1;0;1;0;0;0;0
"07/12/2023";"23:36:00";"672";"Acidente s";"104,1";"BR-116/SP";"Pista Norte";"Colisão traseira";2;0;0;0;0;0;0;0;0;0;2;0;0;0;0
"07/12/2023";"23:42:00";"673";"Acidente c";"140,4";"BR-116/SP";"Pista Sul";"Colisão traseira";2;0;0;0;0;0;0;0;0;0;1;0;0;1;0
"08/12/2023";"00:39:00";"27";"Acidente c";"119,9";"BR-116/SP";"Pista Sul";"Abalroamento longitudinal";0;0;0;0;0;0;0;0;1;1;2;4;0;0;0
"08/12/2023";"01:39:00";"38";"Acidente c";"57,6";"BR-116/SP";"Pista Sul";"Queda de moto";0;1;0;0;0;0;0;0;0;0;0;0;1;0;0
"08/12/2023";"02:02:00";"44";"Acidente s";"56";"BR-116/SP";"Pista Norte";"Atropelamento de animal";0;0;0;0;0;0;0;0;1;0;2;0;0;0;0
"08/12/2023";"02:51:00";"53";"Atropelame";"221,6";"BR-116/SP";"Pista Sul";"Atropelamento de pedestre atravessando";0;0;0;0;0;0;0;0;0;1;1;0;0;0;1
"08/12/2023";"03:33:00";"60";"Acidente s";"175,75";"BR-116/SP";"Pista Norte";"Colisão traseira";1;0;0;0;0;0;0;0;1;0;2;0;0;0;0
"08/12/2023";"03:40:00";"61";"Acidente s";"454";"BR-101/RJ";"Pista Sul";"Choque em objeto na pista";0;0;0;0;0;0;0;0;1;0;2;0;0;0;0
"08/12/2023";"04:05:00";"66";"Acidente s";"136,2";"BR-116/SP";"Pista Norte";"Colisão traseira";1;0;0;0;0;0;0;0;0;1;2;0;0;0;0
"08/12/2023";"04:23:00";"72";"Acidente c";"216,8";"BR-116/SP";"Pista Norte";"Choque em barreira New Jersey";0;0;0;0;0;0;0;0;1;0;1;1;0;0;0
"08/12/2023";"05:09:00";"81";"Acidente s";"284,5";"BR-116/RJ";"Pista Sul";"Choque em barreira New Jersey";0;0;0;0;0;0;0;0;1;0;4;0;0;0;0
"08/12/2023";"06:30:00";"118";"Acidente s";"230";"BR-116/RJ";"Pista Norte";"Choque em barreira New Jersey";0;0;0;0;0;0;0;0;1;0;1;0;0;0;0
"08/12/2023";"07:49:00";"173";"Acidente s";"221,05";"BR-116/SP";"Pista Norte";"Engavetamento";0;0;0;1;0;0;0;0;2;0;3;0;0;0;0
"08/12/2023";"07:50:00";"175";"Acidente c";"74,2";"BR-116/SP";"Pista Norte";"Abalroamento longitudinal";1;0;0;0;0;0;0;0;1;0;1;3;0;0;0
"08/12/2023";"08:01:00";"185";"Acidente c";"221";"BR-116/SP";"Pista Sul";"Colisão traseira";0;1;0;0;0;0;0;0;1;0;1;1;0;0;0
"08/12/2023";"08:09:00";"191";"Acidente s";"211";"BR-116/SP";"Pista Norte";"Colisão traseira";0;0;0;0;0;0;0;0;1;1;3;0;0;0;0
"08/12/2023";"08:10:00";"192";"Acidente s";"161";"BR-116/SP";"Pista Norte";"Abalroamento longitudinal";1;0;0;0;0;0;0;0;1;0;2;0;0;0;0
"08/12/2023";"09:24:00";"242";"Acidente c";"482";"BR-101/RJ";"Pista Norte";"Abalroamento longitudinal";0;0;0;0;0;0;0;0;1;1;2;1;0;0;0
"08/12/2023";"11:28:00";"320";"Acidente s";"213";"BR-116/SP";"Pista Sul";"Colisão traseira";1;1;0;0;0;0;0;0;0;0;2;0;0;0;0
"08/12/2023";"12:52:00";"362";"Acidente c";"229";"BR-116/SP";"Pista Norte";"Colisão traseira";2;0;0;0;0;0;0;0;0;0;1;1;0;0;0
"08/12/2023";"12:57:00";"365";"Acidente s";"230";"BR-116/SP";"Pista Norte";"Colisão traseira";0;0;0;0;0;0;0;0;2;0;2;0;0;0;0
"08/12/2023";"13:05:00";"371";"Acidente s";"416";"BR-101/RJ";"Pista Norte";"Choque em defensa";0;0;0;0;0;0;0;0;1;0;1;0;0;0;0
"08/12/2023";"16:09:00";"473";"Acidente s";"86,95";"BR-116/SP";"Pista Norte";"Colisão traseira";0;0;0;0;0;0;0;0;1;1;5;0;0;0;0
"08/12/2023";"16:15:00";"476";"Acidente c";"29";"BR-116/SP";"Pista Norte";"Choque em barreira New Jersey";0;0;0;0;0;0;0;0;1;0;0;0;1;0;0
"08/12/2023";"16:26:00";"479";"Atropelame";"216,3";"BR-116/SP";"Pista Norte";"Atropelamento de pedestre atravessando";0;0;0;0;0;0;1;0;0;0;2;0;1;0;0
"08/12/2023";"16:31:00";"485";"Acidente s";"105";"BR-116/SP";"Pista Sul";"Engavetamento";1;0;0;0;0;0;0;0;2;1;5;0;0;0;0
"08/12/2023";"17:42:00";"516";"Acidente c";"66";"BR-116/SP";"Pista Norte";"Queda de moto";0;1;0;0;0;0;0;0;0;0;0;2;0;0;0
"08/12/2023";"18:18:00";"539";"Acidente c";"63,4";"BR-116/SP";"Pista Sul";"Queda de moto";0;1;0;0;0;0;0;0;0;0;0;1;0;0;0
"08/12/2023";"19:02:00";"573";"Acidente c";"469";"BR-101/RJ";"Pista Norte";"Engavetamento";0;0;0;0;0;0;0;0;2;1;4;2;0;0;0
"08/12/2023";"19:24:00";"589";"Acidente s";"132,5";"BR-116/SP";"Pista Sul";"Engavetamento";0;0;0;0;0;0;0;0;3;0;6;0;0;0;0
"08/12/2023";"20:12:00";"606";"Acidente c";"218";"BR-116/SP";"Pista Norte";"Abalroamento longitudinal";1;1;0;0;0;0;0;0;0;0;1;2;0;0;0
"08/12/2023";"20:19:00";"610";"Acidente s";"402";"BR-101/RJ";"Pista Sul";"Choque em objeto fixo";0;0;0;0;0;1;0;0;0;0;0;0;0;0;0
"08/12/2023";"21:12:00";"638";"Acidente c";"220,1";"BR-116/RJ";"Pista Norte";"Queda de moto";0;1;0;0;0;0;0;0;0;0;0;0;1;0;0
"08/12/2023";"21:41:00";"652";"Acidente c";"220";"BR-116/SP";"Pista Norte";"Engavetamento";0;1;0;0;0;0;0;0;2;0;7;0;1;0;0
"08/12/2023";"21:53:00";"664";"Acidente s";"29,8";"BR-116/SP";"Pista Norte";"Abalroamento longitudinal";0;0;0;0;0;0;0;0;1;0;3;0;0;0;0
"08/12/2023";"22:07:00";"667";"Acidente s";"553";"BR-101/RJ";"Pista Sul";"Choque em defensa";0;0;0;0;0;0;0;0;1;0;2;0;0;0;0
"08/12/2023";"23:01:00";"682";"Acidente s";"537";"BR-101/RJ";"Pista Norte";"Choque em objeto fixo";0;0;0;0;0;0;0;0;1;0;1;0;0;0;0
"09/12/2023";"01:06:00";"34";"Acidente s";"408";"BR-101/RJ";"Pista Norte";"Colisão traseira";0;0;0;0;0;0;0;0;2;0;2;0;0;0;0
"09/12/2023";"02:29:00";"53";"Acidente s";"228";"BR-116/RJ";"Pista Sul";"Choque em objeto na pista";0;0;0;0;0;0;1;0;0;0;1;0;0;0;0
"09/12/2023";"04:18:00";"77";"Acidente s";"570";"BR-101/RJ";"Pista Norte";"Choque em objeto fixo";0;0;0;0;0;0;1;0;0;0;2;0;0;0;0
"09/12/2023";"04:37:00";"81";"Acidente c";"55,5";"BR-116/SP";"Pista Norte";"Choque em barreira New Jersey";0;0;0;0;0;0;0;0;1;0;0;2;0;1;0
"09/12/2023";"04:53:00";"83";"Acidente c";"146";"BR-116/SP";"Pista Sul";"Choque em defensa";0;0;0;0;0;0;0;0;1;0;0;1;0;0;0
"09/12/2023";"07:15:00";"133";"Acidente s";"250,3";"BR-116/RJ";"Pista Norte";"Abalroamento longitudinal";0;0;0;0;0;0;0;0;1;1;2;0;0;0;0
"09/12/2023";"08:57:00";"193";"Acidente s";"498";"BR-101/RJ";"Pista Sul";"Choque em objeto fixo";0;0;0;0;0;0;0;0;1;0;1;0;0;0;0
"09/12/2023";"09:02:00";"194";"Acidente s";"514";"BR-101/RJ";"Pista Sul";"Choque em objeto fixo";0;0;0;0;0;0;0;0;1;0;3;0;0;0;0
"09/12/2023";"10:35:00";"237";"Acidente c";"51";"BR-101/SP";"Pista Norte";"Abalroamento longitudinal";0;2;0;0;0;0;0;0;0;0;3;1;0;0;0
"09/12/2023";"11:07:00";"258";"Acidente s";"3,1";"BR-101/SP";"Pista Sul";"Choque em objeto fixo";0;0;0;0;0;0;0;0;1;0;3;0;0;0;0
"09/12/2023";"11:14:00";"261";"Acidente s";"387,9";"BR-101/RJ";"Pista Sul";"Abalroamento longitudinal";0;0;0;0;0;0;0;0;1;1;2;0;0;0;0
"09/12/2023";"12:44:00";"304";"Acidente s";"21,7";"BR-116/SP";"Pista Sul";"Choque em barreira New Jersey";0;0;0;0;0;0;0;0;1;0;4;0;0;0;0
"09/12/2023";"13:46:00";"338";"Acidente s";"442";"BR-101/RJ";"Pista Sul";"Choque em objeto fixo";0;0;0;0;0;0;0;0;1;0;4;0;0;0;0
"09/12/2023";"13:58:00";"347";"Acidente s";"211";"BR-116/SP";"Pista Norte";"Choque em defensa";0;0;0;0;0;0;0;0;1;0;1;0;0;0;0
"09/12/2023";"14:18:00";"356";"Acidente c";"402";"BR-101/RJ";"Pista Norte";"Queda de ribanceira";0;0;0;0;0;0;0;0;1;0;0;2;0;0;0
"09/12/2023";"15:50:00";"392";"Acidente c";"219,6";"BR-116/SP";"Pista Norte";"Abalroamento longitudinal";0;1;0;0;0;0;0;0;0;1;1;2;0;0;0
"09/12/2023";"15:50:00";"393";"Acidente s";"557";"BR-101/RJ";"Pista Sul";"Choque em objeto fixo";0;0;0;0;0;0;0;0;1;0;2;0;0;0;0
"09/12/2023";"16:04:00";"398";"Acidente s";"233,9";"BR-116/RJ";"Pista Norte";"Choque em objeto fixo";0;0;0;0;0;0;0;0;1;0;2;0;0;0;0
"09/12/2023";"16:05:00";"399";"Acidente s";"106";"BR-116/SP";"Pista Sul";"Colisão traseira";0;0;0;0;0;0;0;0;2;0;3;0;0;0;0
"09/12/2023";"16:40:00";"418";"Acidente c";"73";"BR-116/SP";"Pista Sul";"Abalroamento longitudinal";1;0;0;0;0;0;0;0;1;0;1;1;0;0;0
"09/12/2023";"16:47:00";"422";"Acidente c";"216";"BR-116/SP";"Pista Norte";"Abalroamento longitudinal";0;1;0;0;0;0;0;0;1;0;2;1;0;0;0
"09/12/2023";"16:59:00";"427";"Acidente s";"227,6";"BR-116/RJ";"Pista Norte";"Choque Talude";0;0;0;0;0;0;0;0;1;0;1;0;0;0;0
"09/12/2023";"18:26:00";"469";"Acidente s";"55,2";"BR-116/SP";"Pista Norte";"Choque em barreira New Jersey";0;0;0;0;0;1;0;0;0;0;2;0;0;0;0
"09/12/2023";"18:43:00";"481";"Acidente s";"120,5";"BR-116/SP";"Pista Norte";"Capotamento";0;0;0;0;0;0;0;0;1;0;1;0;0;0;0
"09/12/2023";"18:46:00";"483";"Acidente s";"253,9";"BR-116/RJ";"Pista Norte";"Capotamento";0;0;0;0;0;0;0;0;1;0;4;0;0;0;0
"09/12/2023";"18:46:00";"484";"Acidente s";"231,5";"BR-116/RJ";"Pista Norte";"Choque em objeto fixo";0;0;0;0;0;0;0;0;1;0;4;0;0;0;0
"09/12/2023";"18:51:00";"486";"Acidente c";"36,7";"BR-116/SP";"Pista Sul";"Capotamento";0;0;0;0;0;0;0;0;1;0;0;1;0;0;0
"09/12/2023";"18:54:00";"487";"Acidente c";"217,95";"BR-116/RJ";"Pista Sul";"Abalroamento longitudinal";0;0;0;0;0;0;0;0;2;0;3;1;0;0;0
"09/12/2023";"19:45:00";"509";"Acidente s";"98,55";"BR-116/SP";"Pista Sul";"Choque em objeto na pista";0;0;0;1;0;0;0;0;1;0;4;0;0;0;0
"09/12/2023";"20:00:00";"518";"Acidente c";"306,7";"BR-116/RJ";"Pista Sul";"Atropelamento de pedestre caminhando";0;0;1;0;0;0;0;0;0;1;1;0;0;1;0
"09/12/2023";"23:21:00";"578";"Acidente c";"302,9";"BR-116/RJ";"Pista Sul";"Abalroamento longitudinal";0;1;0;0;0;0;0;0;0;1;1;0;0;0;1
"09/12/2023";"23:39:00";"583";"Acidente s";"230,5";"BR-116/SP";"Pista Sul";"Colisão traseira";0;0;0;0;0;0;0;0;1;1;3;0;0;0;0
"10/12/2023";"00:02:00";"19";"Acidente s";"223,8";"BR-116/SP";"Pista Sul";"Colisão traseira";1;0;0;0;0;0;0;0;1;0;2;0;0;0;0
"10/12/2023";"00:57:00";"30";"Acidente s";"201";"BR-116/SP";"Pista Norte";"Choque em objeto fixo";0;0;0;0;0;0;0;0;1;0;1;0;0;0;0
"10/12/2023";"01:17:00";"35";"Acidente s";"201";"BR-116/SP";"Pista Norte";"Colisão traseira";0;0;0;0;0;0;0;0;1;1;3;0;0;0;0
"10/12/2023";"08:43:00";"150";"Acidente s";"492,5";"BR-101/RJ";"Pista Norte";"Choque em objeto fixo";0;0;0;0;0;0;0;0;1;0;1;0;0;0;0
"10/12/2023";"08:52:00";"154";"Acidente s";"134,5";"BR-116/SP";"Pista Norte";"Colisão traseira";0;0;0;0;0;0;0;0;1;1;2;0;0;0;0
"10/12/2023";"09:31:00";"169";"Acidente c";"118,6";"BR-116/SP";"Pista Norte";"Engavetamento";0;0;0;0;0;0;0;0;1;2;4;1;0;0;0
"10/12/2023";"13:16:00";"251";"Acidente s";"138,9";"BR-116/SP";"Pista Sul";"Engavetamento";1;0;0;0;0;0;1;0;1;0;6;0;0;0;0
"10/12/2023";"14:30:00";"279";"Acidente s";"76,3";"BR-116/SP";"Pista Norte";"Colisão traseira";1;0;0;0;0;1;0;0;0;0;2;0;0;0;0
"10/12/2023";"14:36:00";"281";"Acidente c";"101,1";"BR-116/SP";"Pista Norte";"Abalroamento longitudinal";1;0;0;0;0;1;0;0;0;0;1;1;0;0;0
"10/12/2023";"14:42:00";"285";"Acidente s";"225,8";"BR-116/SP";"Pista Sul";"Colisão traseira";0;1;0;0;0;0;0;0;0;1;2;0;0;0;0
"10/12/2023";"15:46:00";"314";"Acidente c";"108";"BR-116/SP";"Pista Sul";"Queda de moto";0;1;0;0;0;0;0;0;0;0;0;1;0;0;0
"10/12/2023";"16:27:00";"333";"Acidente c";"205,4";"BR-116/SP";"Pista Sul";"Abalroamento longitudinal";0;1;0;0;0;0;0;0;1;0;1;1;0;0;0
"10/12/2023";"17:56:00";"380";"Acidente s";"222,3";"BR-116/SP";"Pista Norte";"Engavetamento";0;0;0;0;0;0;0;0;2;1;6;0;0;0;0
"10/12/2023";"18:12:00";"392";"Acidente c";"108,2";"BR-116/SP";"Pista Sul";"Colisão traseira";0;0;0;0;0;0;0;0;2;0;7;1;0;0;0
"10/12/2023";"19:11:00";"438";"Acidente s";"147,6";"BR-116/SP";"Pista Norte";"Engavetamento";0;0;0;0;0;0;0;0;4;0;12;0;0;0;0
"10/12/2023";"19:11:00";"437";"Acidente c";"415,1";"BR-101/RJ";"Pista Sul";"Choque em objeto fixo";0;0;0;0;0;0;0;0;1;0;1;1;0;0;0
"10/12/2023";"19:25:00";"446";"Acidente s";"478,7";"BR-101/RJ";"Pista Sul";"Choque em objeto fixo";0;0;0;0;0;0;0;0;1;0;1;0;0;0;0
"10/12/2023";"20:38:00";"479";"Acidente c";"47,9";"BR-101/SP";"Pista Sul";"Colisão traseira";0;1;0;0;0;1;0;0;0;0;5;0;1;0;0
"10/12/2023";"21:48:00";"511";"Acidente s";"275";"BR-116/RJ";"Pista Sul";"Choque em barreira New Jersey";0;0;0;0;0;0;0;0;1;0;1;0;0;0;0
"10/12/2023";"21:52:00";"513";"Acidente c";"47";"BR-101/SP";"Pista Norte";"Queda de moto";0;1;0;0;0;0;0;0;0;0;1;1;0;0;0
"10/12/2023";"22:43:00";"530";"Acidente s";"230";"BR-116/RJ";"Pista Sul";"Colisão traseira";2;0;0;0;0;0;0;0;0;0;2;0;0;0;0
"10/12/2023";"23:00:00";"535";"Acidente c";"186";"BR-116/SP";"Pista Sul";"Abalroamento longitudinal";0;0;0;0;0;0;0;0;2;0;5;0;1;0;0
"11/12/2023";"00:08:00";"21";"Acidente s";"218,7";"BR-116/SP";"Pista Norte";"Colisão traseira";0;0;0;0;0;0;0;0;2;0;5;0;0;0;0
"11/12/2023";"00:29:00";"24";"Acidente s";"113";"BR-116/SP";"Pista Norte";"Choque em barreira New Jersey";0;0;0;0;0;0;0;0;1;0;0;0;0;0;0
"11/12/2023";"01:14:00";"37";"Acidente s";"37,65";"BR-116/SP";"Pista Sul";"Atropelamento de animal";0;0;0;0;0;0;0;0;1;0;2;0;0;0;0
"11/12/2023";"01:23:00";"38";"Acidente c";"322,55";"BR-116/RJ";"Pista Sul";"Abalroamento longitudinal";1;0;0;0;0;0;0;0;1;0;1;1;0;0;0
"11/12/2023";"02:56:00";"55";"Acidente c";"144,9";"BR-116/SP";"Pista Norte";"Tombamento";1;0;0;0;0;0;0;0;0;0;1;1;0;0;0
"11/12/2023";"03:43:00";"60";"Acidente s";"231,7";"BR-116/RJ";"Pista Norte";"Choque Talude";0;0;0;0;0;0;0;0;1;0;1;0;0;0;0
"11/12/2023";"04:02:00";"63";"Acidente s";"279,4";"BR-116/RJ";"Pista Sul";"Capotamento";0;0;0;0;0;0;0;0;1;0;1;0;0;0;0
"11/12/2023";"04:16:00";"66";"Acidente s";"69,9";"BR-116/SP";"Pista Norte";"Tombamento";1;0;0;0;0;0;0;0;0;0;1;0;0;0;0
"11/12/2023";"05:18:00";"75";"Acidente s";"198,5";"BR-116/SP";"Pista Norte";"Colisão traseira";1;0;0;0;0;0;0;0;0;0;1;0;0;0;0
"11/12/2023";"05:49:00";"89";"Acidente c";"272";"BR-116/RJ";"Pista Sul";"Colisão traseira";0;0;0;0;0;0;0;0;2;0;1;0;1;0;0
"11/12/2023";"06:02:00";"92";"Acidente s";"291,4";"BR-116/RJ";"Pista Norte";"Outros";1;0;0;0;0;0;0;0;0;0;1;0;0;0;0
"11/12/2023";"06:07:00";"94";"Acidente c";"230,5";"BR-116/SP";"Pista Sul";"Queda de moto";0;1;0;0;0;0;0;0;0;0;0;1;0;0;0
"11/12/2023";"06:44:00";"120";"Acidente c";"224,4";"BR-116/SP";"Pista Sul";"Queda de moto";0;1;0;0;0;0;0;0;0;0;0;1;0;0;0
"11/12/2023";"06:53:00";"124";"Acidente s";"206,8";"BR-116/SP";"Pista Sul";"Engavetamento";0;0;0;0;0;1;0;0;2;0;3;0;0;0;0
"11/12/2023";"07:22:00";"142";"Acidente s";"257,8";"BR-116/RJ";"Pista Norte";"Colisão traseira";2;0;0;0;0;0;0;0;0;0;2;0;0;0;0
"11/12/2023";"07:42:00";"151";"Acidente c";"158,9";"BR-116/SP";"Pista Norte";"Colisão traseira";0;1;0;0;0;0;0;0;1;0;3;0;1;0;0
"11/12/2023";"08:14:00";"172";"Acidente s";"226,2";"BR-116/RJ";"Pista Sul";"Capotamento";0;0;0;0;0;0;0;0;1;0;1;0;0;0;0
"11/12/2023";"08:23:00";"180";"Acidente s";"393";"BR-101/RJ";"Pista Norte";"Choque em barreira New Jersey";0;0;0;0;0;0;0;0;1;0;1;0;0;0;0
"11/12/2023";"08:34:00";"185";"Acidente c";"477";"BR-101/RJ";"Pista Sul";"Colisão traseira";0;1;0;0;0;0;0;0;1;0;1;0;1;0;0
"11/12/2023";"10:14:00";"248";"Acidente s";"224,8";"BR-116/SP";"Pista Norte";"Tombamento";1;0;0;0;0;0;0;0;0;0;1;0;0;0;0
"11/12/2023";"10:35:00";"260";"Acidente s";"221,4";"BR-116/SP";"Pista Norte";"Abalroamento longitudinal";0;1;0;0;0;0;0;0;1;0;2;0;0;0;0
"11/12/2023";"10:49:00";"271";"Acidente s";"223";"BR-116/SP";"Pista Norte";"Engavetamento";0;0;0;0;0;0;1;0;3;0;6;0;0;0;0
"11/12/2023";"12:47:00";"338";"Acidente s";"155,9";"BR-116/SP";"Pista Sul";"Colisão traseira";0;0;0;0;0;0;0;0;2;0;2;0;0;0;0
"11/12/2023";"14:24:00";"372";"Acidente s";"145,7";"BR-116/SP";"Pista Sul";"Abalroamento longitudinal";1;0;0;0;0;0;1;0;0;0;2;0;0;0;0
"11/12/2023";"15:01:00";"392";"Acidente s";"252,8";"BR-116/RJ";"Pista Sul";"Queda de ribanceira";0;0;0;0;0;0;0;0;1;0;2;0;0;0;0
"11/12/2023";"15:05:00";"395";"Acidente s";"227,8";"BR-116/SP";"Pista Norte";"Abalroamento longitudinal";1;0;0;0;0;0;0;0;1;0;2;0;0;0;0
"11/12/2023";"15:05:00";"394";"Acidente c";"191";"BR-116/SP";"Pista Sul";"Queda de moto";0;1;0;0;0;0;0;0;0;0;0;2;0;0;0
"11/12/2023";"15:39:00";"405";"Acidente c";"222,7";"BR-116/SP";"Pista Norte";"Abalroamento longitudinal";0;1;0;0;0;0;0;0;0;1;1;1;0;0;0
"11/12/2023";"16:33:00";"434";"Acidente c";"219,7";"BR-116/SP";"Pista Sul";"Queda de moto";0;1;0;0;0;0;0;0;0;0;0;0;1;0;0
"11/12/2023";"16:40:00";"439";"Acidente s";"208";"BR-116/SP";"Pista Norte";"Engavetamento";2;0;0;0;0;0;1;0;0;0;4;0;0;0;0
"11/12/2023";"16:56:00";"448";"Acidente c";"309";"BR-116/RJ";"Pista Sul";"Colisão traseira";1;0;0;0;0;0;0;0;1;0;0;2;0;0;0
"11/12/2023";"17:10:00";"454";"Acidente c";"49,7";"BR-101/SP";"Pista Norte";"Engavetamento";0;1;0;0;0;0;0;0;2;0;2;1;0;0;0
"11/12/2023";"17:11:00";"455";"Acidente c";"402";"BR-101/RJ";"Pista Sul";"Queda de moto";0;1;0;0;0;0;0;0;0;0;0;2;0;0;0
"11/12/2023";"18:21:00";"483";"Acidente s";"226,7";"BR-116/RJ";"Pista Norte";"Choque Talude";0;0;0;0;0;0;0;0;1;0;1;0;0;0;0
"11/12/2023";"18:55:00";"500";"Acidente s";"222,2";"BR-116/SP";"Pista Sul";"Abalroamento longitudinal";0;0;0;0;0;0;0;0;1;1;2;0;0;0;0
"11/12/2023";"19:06:00";"502";"Acidente s";"530,7";"BR-101/RJ";"Pista Sul";"Choque Talude";0;0;0;0;0;0;0;0;1;0;1;0;0;0;0
"11/12/2023";"19:54:00";"518";"Acidente s";"530,7";"BR-101/RJ";"Pista Sul";"Abalroamento longitudinal";0;0;0;0;0;0;0;0;2;0;2;0;0;0;0
"11/12/2023";"20:27:00";"532";"Acidente c";"215,1";"BR-116/SP";"Pista Sul";"Queda de moto";0;1;0;0;0;0;0;0;0;0;0;0;1;0;0
"11/12/2023";"21:14:00";"549";"Acidente s";"160,85";"BR-116/SP";"Pista Norte";"Abalroamento longitudinal";1;0;0;0;0;0;0;0;1;0;2;0;0;0;0
"11/12/2023";"22:13:00";"575";"Acidente s";"314";"BR-116/RJ";"Pista Sul";"Choque em barreira New Jersey";0;0;0;0;0;0;0;0;1;0;1;0;0;0;0
"12/12/2023";"00:02:00";"19";"Acidente c";"563";"BR-101/RJ";"Pista Sul";"Queda de moto";0;1;0;0;0;0;0;0;0;0;0;1;0;0;0
"12/12/2023";"01:19:00";"32";"Acidente s";"30,4";"BR-116/SP";"Pista Sul";"Colisão traseira";1;0;0;0;0;0;0;0;1;0;2;0;0;0;0
"12/12/2023";"03:23:00";"51";"Acidente s";"261,2";"BR-116/RJ";"Pista Norte";"Choque em objeto na pista";3;0;0;0;0;0;0;0;0;0;3;0;0;0;0
"12/12/2023";"06:47:00";"126";"Acidente c";"220,1";"BR-116/SP";"Pista Sul";"Abalroamento longitudinal";0;1;0;0;0;0;0;0;1;0;1;1;0;0;0
"12/12/2023";"07:42:00";"173";"Acidente c";"229,3";"BR-116/SP";"Pista Sul";"Colisão traseira";0;1;0;0;0;0;0;0;1;0;1;0;2;0;0
"12/12/2023";"07:59:00";"183";"Acidente s";"307";"BR-116/RJ";"Pista Sul";"Colisão traseira";0;0;0;0;0;0;0;0;2;0;5;0;0;0;0
"12/12/2023";"08:43:00";"205";"Acidente c";"218,6";"BR-116/SP";"Pista Sul";"Colisão traseira";0;1;0;0;0;0;0;0;0;1;1;1;0;0;0
"12/12/2023";"09:35:00";"234";"Acidente s";"162";"BR-116/SP";"Pista Norte";"Abalroamento longitudinal";1;0;0;0;0;0;0;0;1;0;2;0;0;0;0