data;horario;n_da_ocorrencia;tipo_de_ocorrencia;km;trecho;sentido;tipo_de_acidente;automovel;bicicleta;caminhao;moto;onibus;outros;tracao_animal;transporte_de_cargas_especiais;trator_maquinas;utilitarios;ilesos;levemente_feridos;moderadamente_feridos;gravemente_feridos;mortos
"29/12/2023";"05:40:00";"86";"Acidente c";"48,5";"BR-101/SP";"Pista Norte";"Abalroamento longitudinal";0;0;0;0;0;0;0;0;2;0;4;2;0;0;0
"29/12/2023";"07:06:00";"114";"Acidente s";"165,2";"BR-116/SP";"Pista Norte";"Abalroamento longitudinal";1;0;0;0;0;0;0;0;1;0;3;0;0;0;0
"29/12/2023";"07:28:00";"128";"Acidente c";"218,5";"BR-116/SP";"Pista Sul";"Abalroamento longitudinal";1;1;0;0;0;0;0;0;0;0;1;1;0;0;0
"29/12/2023";"10:36:00";"247";"Acidente s";"510";"BR-101/RJ";"Pista Sul";"Colisão traseira";0;0;0;0;0;0;0;0;2;0;3;0;0;0;0
"29/12/2023";"11:09:00";"278";"Acidente s";"166,5";"BR-116/SP";"Pista Norte";"Engavetamento";0;0;0;0;0;2;0;0;2;0;12;0;0;0;0
"29/12/2023";"11:51:00";"312";"Acidente s";"166,3";"BR-116/SP";"Pista Norte";"Abalroamento longitudinal";1;0;0;0;0;0;0;0;1;0;2;0;0;0;0
"29/12/2023";"12:15:00";"328";"Acidente c";"219";"BR-116/SP";"Pista Norte";"Queda de moto";0;1;0;0;0;0;0;0;0;0;0;1;0;0;0
"29/12/2023";"12:19:00";"331";"Acidente s";"271";"BR-116/RJ";"Pista Sul";"Choque em objeto fixo";0;0;0;0;0;0;0;0;1;0;1;0;0;0;0
"29/12/2023";"12:25:00";"335";"Acidente s";"504";"BR-101/RJ";"Pista Sul";"Engavetamento";0;0;0;0;0;0;0;0;3;0;10;0;0;0;0
"29/12/2023";"12:52:00";"350";"Acidente s";"157,7";"BR-116/SP";"Pista Norte";"Choque em barreira New Jersey";0;0;0;0;0;0;0;0;1;0;1;0;0;0;0
"29/12/2023";"13:00:00";"355";"Acidente s";"447";"BR-101/RJ";"Pista Norte";"Choque em objeto fixo";0;0;0;0;0;0;0;0;1;0;1;0;0;0;0
"29/12/2023";"13:41:00";"379";"Acidente s";"324,9";"BR-116/RJ";"Pista Norte";"Choque em barreira New Jersey";1;0;0;0;0;0;0;0;0;0;1;0;0;0;0
"29/12/2023";"14:06:00";"397";"Acidente c";"387";"BR-101/RJ";"Pista Sul";"Capotamento";0;0;0;0;0;0;0;0;1;0;0;1;0;0;0
"29/12/2023";"15:35:00";"463";"Acidente s";"272";"BR-116/RJ";"Pista Sul";"Colisão traseira";1;0;0;0;0;0;0;0;1;0;2;0;0;0;0
"29/12/2023";"16:11:00";"489";"Acidente c";"19";"BR-101/SP";"Pista Norte";"Abalroamento longitudinal";0;0;0;0;0;0;0;0;2;0;3;1;1;0;0
"29/12/2023";"17:07:00";"525";"Acidente c";"50,6";"BR-101/SP";"Pista Norte";"Engavetamento";0;0;0;0;0;0;0;0;3;0;7;1;0;0;0
"29/12/2023";"18:50:00";"585";"Acidente c";"216,5";"BR-116/SP";"Pista Sul";"Abalroamento longitudinal";1;0;0;0;0;0;0;0;1;0;3;1;0;0;0
"29/12/2023";"19:06:00";"594";"Atropelame";"410";"BR-101/RJ";"Pista Sul";"Atropelamento de pedestre atravessando";0;0;0;0;0;0;0;0;1;0;3;0;0;0;1
"29/12/2023";"19:21:00";"600";"Acidente c";"219,3";"BR-116/SP";"Pista Norte";"Queda de moto";0;1;0;0;0;0;0;0;0;0;0;0;1;0;0
"29/12/2023";"19:55:00";"619";"Acidente s";"48,5";"BR-116/SP";"Pista Norte";"Colisão traseira";0;0;0;0;0;0;0;0;2;0;1;0;0;0;0
"29/12/2023";"21:12:00";"658";"Atropelame";"305,8";"BR-116/RJ";"Pista Sul";"Atropelamento de pedestre atravessando";0;0;1;0;0;0;0;0;1;0;0;1;0;0;1
"29/12/2023";"21:18:00";"662";"Acidente c";"455";"BR-101/RJ";"Pista Sul";"Abalroamento longitudinal";0;1;0;0;0;0;0;0;1;0;4;1;0;0;0
"29/12/2023";"23:54:00";"701";"Acidente c";"108,6";"BR-116/SP";"Pista Sul";"Queda de moto";0;1;0;0;0;0;0;0;0;0;1;1;0;0;0
"30/12/2023";"01:10:00";"34";"Atropelame";"51,5";"BR-116/SP";"Pista Sul";"Atropelamento de pedestre atravessando";0;0;0;0;0;0;0;0;0;1;1;0;0;0;1
"30/12/2023";"03:08:00";"53";"Acidente c";"531,8";"BR-101/RJ";"Pista Sul";"Capotamento";0;0;0;0;0;0;0;0;1;0;0;1;0;2;0
"30/12/2023";"03:54:00";"64";"Acidente c";"118,9";"BR-116/SP";"Pista Norte";"Colisão traseira";1;0;0;0;0;0;0;0;1;0;0;1;2;0;0
"30/12/2023";"04:26:00";"68";"Acidente c";"307,9";"BR-116/RJ";"Pista Norte";"Abalroamento longitudinal";1;0;0;0;0;0;0;0;1;0;1;1;0;0;0
"30/12/2023";"06:34:00";"93";"Acidente s";"234";"BR-116/RJ";"Pista Sul";"Abalroamento longitudinal";0;0;0;0;0;0;0;0;1;1;2;0;0;0;0
"30/12/2023";"06:48:00";"101";"Acidente s";"440";"BR-101/RJ";"Pista Norte";"Choque em objeto fixo";0;0;0;0;0;0;0;0;1;0;4;0;0;0;0
"30/12/2023";"07:17:00";"113";"Acidente s";"510,8";"BR-101/RJ";"Pista Sul";"Engavetamento";0;0;0;0;0;0;0;0;2;1;7;0;0;0;0
"30/12/2023";"08:03:00";"132";"Acidente s";"251";"BR-116/RJ";"Pista Norte";"Choque em defensa";0;0;0;0;0;0;0;0;1;0;2;0;0;0;0
"30/12/2023";"08:30:00";"149";"Acidente s";"225";"BR-116/SP";"Pista Norte";"Queda de moto";0;1;0;0;0;0;0;0;0;0;1;0;0;0;0
"30/12/2023";"08:35:00";"153";"Acidente s";"225";"BR-116/SP";"Pista Norte";"Queda de moto";0;1;0;0;0;0;0;0;0;0;1;0;0;0;0
"30/12/2023";"08:44:00";"162";"Acidente c";"109";"BR-116/SP";"Pista Norte";"Choque em defensa";1;0;0;0;0;0;0;0;1;0;4;1;0;0;0
"30/12/2023";"09:02:00";"172";"Acidente c";"219";"BR-116/SP";"Pista Sul";"Queda de moto";0;1;0;0;0;0;0;0;0;0;0;2;0;0;0
"30/12/2023";"09:33:00";"186";"Acidente s";"299";"BR-116/RJ";"Pista Sul";"Choque em defensa";0;0;0;0;0;0;0;0;1;0;1;0;0;0;0
"30/12/2023";"09:53:00";"192";"Acidente c";"319";"BR-116/RJ";"Pista Norte";"Queda de moto";0;1;0;0;0;0;0;0;0;0;0;2;0;0;0
"30/12/2023";"10:49:00";"208";"Acidente s";"533";"BR-101/RJ";"Pista Sul";"Engavetamento";0;0;0;0;0;0;0;0;3;0;8;0;0;0;0
"30/12/2023";"10:59:00";"215";"Acidente s";"501";"BR-101/RJ";"Pista Sul";"Colisão traseira";0;0;0;0;0;0;0;0;2;0;6;0;0;0;0
"30/12/2023";"11:46:00";"229";"Acidente s";"508";"BR-101/RJ";"Pista Sul";"Engavetamento";0;0;0;0;0;0;0;0;4;0;6;0;0;0;0
"30/12/2023";"12:10:00";"236";"Acidente c";"422";"BR-101/RJ";"Pista Sul";"Colisão frontal";0;1;0;0;0;0;0;0;2;0;0;4;2;1;1
"30/12/2023";"12:36:00";"246";"Acidente c";"234";"BR-116/RJ";"Pista Norte";"Queda de moto";0;1;0;0;0;0;0;0;0;0;0;2;0;0;0
"30/12/2023";"13:15:00";"262";"Acidente s";"104,5";"BR-116/SP";"Pista Norte";"Colisão traseira";0;0;0;0;0;0;0;0;1;1;5;0;0;0;0
"30/12/2023";"13:52:00";"275";"Acidente s";"35";"BR-101/SP";"Pista Sul";"Engavetamento";0;0;0;0;0;0;0;0;3;2;14;0;0;0;0
"30/12/2023";"13:53:00";"276";"Acidente s";"226,15";"BR-116/SP";"Pista Sul";"Abalroamento longitudinal";0;0;0;0;0;0;0;0;2;0;3;0;0;0;0
"30/12/2023";"13:57:00";"279";"Acidente s";"116,2";"BR-116/SP";"Pista Sul";"Colisão traseira";0;0;0;0;0;0;0;0;1;1;3;0;0;0;0
"30/12/2023";"14:19:00";"288";"Acidente s";"571,9";"BR-101/RJ";"Pista Norte";"Choque em objeto fixo";0;0;0;0;0;0;0;0;1;0;1;0;0;0;0
"30/12/2023";"14:41:00";"298";"Acidente c";"481";"BR-101/RJ";"Pista Norte";"Colisão traseira";0;1;0;0;0;0;0;0;1;0;1;0;1;0;0
"30/12/2023";"15:01:00";"310";"Acidente s";"86";"BR-116/SP";"Pista Sul";"Colisão traseira";0;0;0;0;0;0;0;0;2;0;6;0;0;0;0
"30/12/2023";"15:11:00";"315";"Acidente s";"570,5";"BR-101/RJ";"Pista Sul";"Choque em objeto fixo";0;0;0;0;0;0;0;0;1;0;1;0;0;0;0
"30/12/2023";"15:25:00";"319";"Acidente s";"557";"BR-101/RJ";"Pista Sul";"Choque em objeto fixo";0;0;0;0;0;0;0;0;1;0;2;0;0;0;0
"30/12/2023";"15:35:00";"322";"Acidente s";"233,4";"BR-116/RJ";"Pista Norte";"Choque em barreira New Jersey";1;0;0;0;0;0;0;0;0;0;1;0;0;0;0
"30/12/2023";"15:46:00";"327";"Acidente s";"474";"BR-101/RJ";"Pista Sul";"Choque em objeto fixo";0;0;0;0;0;0;0;0;1;0;4;0;0;0;0
"30/12/2023";"16:41:00";"348";"Acidente s";"530";"BR-101/RJ";"Pista Sul";"Outros";0;0;0;0;0;0;0;0;1;0;1;0;0;0;0
"30/12/2023";"17:06:00";"357";"Acidente s";"95,6";"BR-116/SP";"Pista Sul";"Capotamento";0;0;0;0;0;0;0;0;1;0;4;0;0;0;0
"30/12/2023";"17:42:00";"370";"Acidente c";"104,3";"BR-116/SP";"Pista Sul";"Queda de moto";0;1;0;0;0;0;0;0;0;0;0;0;2;0;0
"30/12/2023";"17:52:00";"375";"Acidente s";"390";"BR-101/RJ";"Pista Norte";"Choque em barreira New Jersey";0;0;0;0;0;0;0;0;1;0;1;0;0;0;0
"30/12/2023";"19:32:00";"421";"Acidente s";"322";"BR-116/RJ";"Pista Norte";"Colisão traseira";0;0;0;0;0;0;0;0;2;1;6;0;0;0;0
"30/12/2023";"20:14:00";"436";"Acidente c";"214";"BR-116/SP";"Pista Norte";"Queda de moto";0;1;0;0;0;0;0;0;0;1;1;2;0;0;0
"30/12/2023";"21:38:00";"450";"Acidente c";"218,2";"BR-116/SP";"Pista Sul";"Colisão traseira";0;1;0;1;0;0;0;0;0;0;25;0;0;0;1
"30/12/2023";"21:40:00";"452";"Acidente s";"21,3";"BR-116/SP";"Pista Sul";"Choque em barreira New Jersey";0;0;0;0;0;0;0;0;1;0;1;0;0;0;0
"30/12/2023";"23:56:00";"482";"Acidente s";"142,5";"BR-116/SP";"Pista Sul";"Colisão traseira";1;0;0;0;0;0;0;0;1;0;2;0;0;0;0
"31/12/2023";"01:34:00";"33";"Atropelame";"62,1";"BR-116/SP";"Pista Sul";"Atropelamento de pedestre atravessando";0;0;0;0;0;0;0;0;0;1;1;0;1;0;0
"31/12/2023";"01:48:00";"35";"Acidente c";"428";"BR-101/RJ";"Pista Norte";"Queda de moto";0;1;0;0;0;0;0;0;0;0;0;1;0;0;0
"31/12/2023";"05:17:00";"53";"Acidente s";"412";"BR-101/RJ";"Pista Sul";"Choque em objeto fixo";0;0;0;0;0;0;0;0;1;0;1;0;0;0;0
"31/12/2023";"05:48:00";"59";"Acidente s";"217,9";"BR-116/SP";"Pista Norte";"Choque em objeto fixo";0;0;0;0;0;0;0;0;1;0;2;0;0;0;0
"31/12/2023";"05:53:00";"60";"Acidente s";"127,7";"BR-116/SP";"Pista Norte";"Abalroamento longitudinal";0;0;0;0;0;0;0;0;2;0;8;0;0;0;0
"31/12/2023";"06:26:00";"70";"Atropelame";"149";"BR-116/SP";"Pista Sul";"Atropelamento de pedestre atravessando";0;0;0;0;0;0;0;0;0;1;1;0;0;1;0
"31/12/2023";"09:59:00";"150";"Acidente s";"274";"BR-116/RJ";"Pista Norte";"Choque em objeto na pista";0;0;0;0;0;0;0;0;1;0;1;0;0;0;0
"31/12/2023";"12:25:00";"191";"Acidente c";"263";"BR-116/RJ";"Pista Sul";"Colisão traseira";0;0;0;0;0;0;0;0;2;0;4;1;0;0;0
"31/12/2023";"12:49:00";"199";"Acidente s";"234";"BR-116/RJ";"Pista Sul";"Choque em objeto fixo";0;0;0;0;0;0;0;0;1;0;1;0;0;0;0
"31/12/2023";"14:03:00";"224";"Acidente c";"157";"BR-116/SP";"Pista Sul";"Queda de moto";0;1;0;0;0;0;0;0;0;0;1;1;0;0;0
"31/12/2023";"15:09:00";"238";"Acidente s";"511";"BR-101/RJ";"Pista Norte";"Colisão traseira";0;0;0;0;0;0;0;0;2;0;2;0;0;0;0
"31/12/2023";"15:44:00";"253";"Atropelame";"511";"BR-101/RJ";"Pista Norte";"Atropelamento de pedestre atravessando";0;0;0;0;0;0;0;0;1;0;1;1;0;0;0
"31/12/2023";"19:11:00";"311";"Acidente s";"25,3";"BR-101/SP";"Pista Sul";"Choque em objeto fixo";0;0;0;0;0;0;0;0;1;0;2;0;0;0;0
"31/12/2023";"19:30:00";"318";"Acidente s";"492";"BR-101/RJ";"Pista Norte";"Abalroamento longitudinal";0;0;0;0;0;0;0;0;2;0;3;0;0;0;0
"31/12/2023";"20:32:00";"337";"Atropelame";"92,2";"BR-116/SP";"Pista Norte";"Atropelamento de pedestre atravessando";0;0;0;0;0;0;0;0;0;1;1;0;0;0;1
"31/12/2023";"21:56:00";"353";"Acidente s";"229,1";"BR-116/SP";"Pista Norte";"Colisão traseira";0;0;0;0;0;0;0;0;2;0;6;0;0;0;0
"31/12/2023";"22:07:00";"354";"Acidente s";"52,6";"BR-116/SP";"Pista Sul";"Colisão traseira";0;0;0;0;0;0;0;0;2;0;2;0;0;0;0
"01/01/2024";"00:00:00";"200";"Com vítima";"36,000";"BR-101/SP";"Decrescente";"Colisão lateral em sentido contrário";1;0;0;1;0;0;0;0;0;0;1;0;2;0;0
"01/01/2024";"01:19:00";"26";"Com vítima";"542,000";"BR-101/RJ";"Decrescente";"Colisão lateral em sentido contrário";2;0;0;0;0;0;0;0;0;0;7;0;2;0;0
"01/01/2024";"02:32:00";"39";"Sem vítima";"207,300";"BR-116/SP";"Decrescente";"Choque";1;0;0;0;0;0;0;0;0;0;4;0;0;0;0
"01/01/2024";"03:13:00";"49";"Sem vítima";"28,400";"BR-101/SP";"Crescente";"Choque";0;0;0;1;0;0;0;0;0;0;1;0;0;0;0
"01/01/2024";"03:18:00";"50";"Sem vítima";"41,100";"BR-101/SP";"Crescente";"Colisão lateral em sentido contrário";1;0;0;0;0;0;0;0;0;0;3;0;0;0;0
"01/01/2024";"04:35:00";"58";"Sem vítima";"6,000";"BR-101/SP";"Decrescente";"Acidentes de outra natureza";1;0;0;0;0;0;0;0;0;0;0;0;0;0;0
"01/01/2024";"04:40:00";"59";"Sem vítima";"485,000";"BR-101/RJ";"Crescente";"Colisão frontal";1;0;0;0;0;0;0;0;0;0;2;0;0;0;0
"01/01/2024";"04:57:00";"60";"Sem vítima";"597,800";"BR-101/RJ";"Crescente";"Choque";1;0;0;0;0;0;0;0;0;0;1;0;0;0;0
"01/01/2024";"06:26:00";"80";"Com vítima";"491,000";"BR-101/RJ";"Decrescente";"Colisão frontal";1;0;0;0;1;0;0;0;0;0;1;0;1;0;0
"01/01/2024";"10:07:00";"136";"Sem vítima";"234,000";"BR-116/RJ";"Crescente";"Choque";1;0;0;0;0;0;0;0;0;0;3;0;0;0;0
"01/01/2024";"10:24:00";"142";"Com vítima";"234,000";"BR-116/RJ";"Decrescente";"Choque";1;0;0;0;0;0;0;0;0;0;2;1;0;0;0
"01/01/2024";"10:25:00";"144";"Sem vítima";"475,000";"BR-101/RJ";"Crescente";"Acidentes de outra natureza";0;0;0;1;0;0;0;0;0;0;0;0;0;0;0
"01/01/2024";"10:29:00";"145";"Sem vítima";"482,000";"BR-101/RJ";"Decrescente";"Colisão traseira";1;0;0;0;0;0;0;0;0;0;0;0;0;0;0
"01/01/2024";"11:09:00";"154";"Sem vítima";"264,000";"BR-116/RJ";"Decrescente";"Acidentes de outra natureza";1;0;0;0;0;0;0;0;0;0;2;0;0;0;0
"01/01/2024";"12:02:00";"164";"Sem vítima";"419,000";"BR-101/RJ";"Decrescente";"Engavetamento";2;0;0;0;0;0;0;0;0;0;6;0;0;0;0
"01/01/2024";"12:11:00";"168";"Com vítima";"90,000";"BR-116/SP";"Crescente";"Atropelamento de pedestre";1;0;0;0;0;0;0;0;0;0;4;0;0;0;1
"01/01/2024";"12:24:00";"171";"Com vítima";"162,000";"BR-116/SP";"Decrescente";"Choque";1;0;0;0;0;0;0;0;0;0;0;1;0;1;0
"01/01/2024";"14:25:00";"212";"Sem vítima";"454,000";"BR-101/RJ";"Crescente";"Colisão frontal";2;0;0;0;0;0;0;0;0;0;2;0;0;0;0
"01/01/2024";"15:31:00";"237";"Com vítima";"425,300";"BR-101/RJ";"Crescente";"Choque";1;0;0;0;0;0;0;0;0;0;0;1;0;0;0
"01/01/2024";"16:01:00";"251";"Sem vítima";"223,500";"BR-116/SP";"Crescente";"Choque";1;0;0;0;0;0;0;0;0;0;1;0;0;0;0
"01/01/2024";"16:03:00";"253";"Com vítima";"506,000";"BR-101/RJ";"Crescente";"Acidentes de outra natureza";0;0;0;1;0;0;0;0;0;0;0;1;0;0;0
"01/01/2024";"16:56:00";"267";"Sem vítima";"40,000";"BR-101/SP";"Decrescente";"Colisão lateral em sentido contrário";2;0;0;0;0;0;0;0;0;0;2;0;0;0;0
"01/01/2024";"18:12:00";"314";"Com vítima";"102,000";"BR-116/SP";"Decrescente";"Atropelamento de pedestre";0;0;0;1;0;0;0;0;0;0;0;2;0;0;0
"01/01/2024";"18:33:00";"327";"Sem vítima";"106,900";"BR-116/SP";"Crescente";"Colisão traseira";2;0;0;0;0;0;0;0;0;0;5;0;0;0;0
"01/01/2024";"18:33:00";"328";"Sem vítima";"100,300";"BR-116/SP";"Crescente";"Engavetamento";3;0;0;0;0;0;0;0;0;0;6;0;0;0;0
"01/01/2024";"19:52:00";"368";"Sem vítima";"51,000";"BR-101/SP";"Decrescente";"Engavetamento";3;0;0;0;0;0;0;0;0;0;6;0;0;0;0
"01/01/2024";"19:58:00";"374";"Sem vítima";"182,300";"BR-116/SP";"Decrescente";"Colisão traseira";2;0;0;0;0;0;0;0;0;0;3;0;0;0;0
"01/01/2024";"20:06:00";"380";"Com vítima";"230,800";"BR-116/SP";"Crescente";"Colisão lateral em sentido contrário";1;0;0;1;0;0;0;0;0;0;0;1;0;0;0
"01/01/2024";"20:27:00";"384";"Sem vítima";"86,700";"BR-116/SP";"Crescente";"Engavetamento";3;0;0;0;0;0;0;0;0;0;12;0;0;0;0
"01/01/2024";"21:12:00";"402";"Com vítima";"530,000";"BR-101/RJ";"Decrescente";"Colisão lateral em sentido contrário";1;0;0;1;0;0;0;0;0;0;0;3;0;2;0
"01/01/2024";"21:44:00";"409";"Com vítima";"208,000";"BR-116/SP";"Crescente";"Colisão lateral em sentido contrário";0;0;0;1;0;0;0;0;0;0;0;2;0;0;0
"01/01/2024";"22:02:00";"416";"Com vítima";"105,500";"BR-116/SP";"Crescente";"Capotamento";1;0;0;0;0;0;0;0;0;0;0;3;2;0;0
"02/01/2024";"00:00:00";"561";"Sem vítima";"274,200";"BR-116/RJ";"Crescente";"Colisão lateral em sentido contrário";1;0;1;0;0;0;0;0;0;0;3;0;0;0;0
"02/01/2024";"00:03:00";"21";"Com vítima";"591,000";"BR-101/RJ";"Crescente";"Colisão traseira";0;0;0;1;0;0;0;0;0;0;0;1;0;0;0
"02/01/2024";"00:36:00";"28";"Sem vítima";"226,000";"BR-116/RJ";"Crescente";"Choque";1;0;0;0;0;0;0;0;0;0;1;0;0;0;0
"02/01/2024";"02:59:00";"45";"Com vítima";"389,800";"BR-101/RJ";"Crescente";"Choque";1;0;0;0;0;0;0;0;0;0;0;0;1;0;0
"02/01/2024";"04:26:00";"57";"Com vítima";"134,317";"BR-116/SP";"Decrescente";"Colisão traseira";0;0;1;1;0;0;0;0;0;0;1;0;0;1;0
"02/01/2024";"04:46:00";"59";"Com vítima";"108,000";"BR-116/SP";"Crescente";"Colisão lateral em sentido contrário";1;0;0;1;0;0;0;0;0;0;1;2;0;0;0
"02/01/2024";"06:20:00";"82";"Com vítima";"67,600";"BR-116/SP";"Decrescente";"Choque";1;0;0;0;0;0;0;0;0;0;0;1;0;0;0
"02/01/2024";"06:57:00";"102";"Sem vítima";"472,000";"BR-101/RJ";"Crescente";"Colisão lateral em sentido contrário";2;0;0;0;0;0;0;0;0;0;3;0;0;0;0
"02/01/2024";"08:36:00";"164";"Sem vítima";"119,000";"BR-116/SP";"Decrescente";"Colisão lateral em sentido contrário";1;0;0;0;0;0;0;0;0;0;1;0;0;0;0
"02/01/2024";"10:01:00";"212";"Com vítima";"117,400";"BR-116/SP";"Decrescente";"Colisão traseira";2;0;0;0;0;0;0;0;0;0;1;2;0;0;0
"02/01/2024";"10:03:00";"215";"Sem vítima";"115,000";"BR-116/SP";"Decrescente";"Colisão traseira";2;0;0;0;0;0;0;0;0;0;6;0;0;0;0
"02/01/2024";"10:05:00";"216";"Sem vítima";"433,000";"BR-101/RJ";"Crescente";"Engavetamento";3;0;0;0;0;0;0;0;0;0;4;0;0;0;0
"02/01/2024";"10:28:00";"232";"Com vítima";"44,200";"BR-101/SP";"Crescente";"Colisão frontal";0;0;0;2;0;0;0;0;0;0;0;0;1;0;0
"02/01/2024";"10:46:00";"245";"Sem vítima";"490,000";"BR-101/RJ";"Decrescente";"Acidentes de outra natureza";2;0;0;0;0;0;0;0;0;0;3;0;0;0;0
"02/01/2024";"10:53:00";"250";"Sem vítima";"117,300";"BR-116/SP";"Decrescente";"Colisão traseira";0;0;0;0;2;0;0;0;0;0;2;0;0;0;0
"02/01/2024";"10:54:00";"249";"Com vítima";"42,000";"BR-101/SP";"Decrescente";"Engavetamento";2;0;0;0;0;0;0;0;0;1;2;0;1;0;0
"02/01/2024";"11:22:00";"267";"Sem vítima";"106,600";"BR-116/SP";"Crescente";"Colisão traseira";2;0;0;0;0;0;0;0;0;0;2;0;0;0;0
"02/01/2024";"12:54:00";"312";"Sem vítima";"88,700";"BR-116/SP";"Decrescente";"Engavetamento";6;0;0;0;0;0;0;0;0;0;17;0;0;0;0
"02/01/2024";"13:03:00";"316";"Sem vítima";"438,000";"BR-101/RJ";"Decrescente";"Colisão traseira";2;0;0;0;0;0;0;0;0;0;2;0;0;0;0
"02/01/2024";"13:42:00";"332";"Sem vítima";"165,200";"BR-116/SP";"Crescente";"Engavetamento";3;0;0;0;0;0;0;0;0;0;6;0;0;0;0
"02/01/2024";"14:03:00";"341";"Sem vítima";"102,000";"BR-116/SP";"Crescente";"Choque";1;0;0;0;0;0;0;0;0;0;1;0;0;0;0
"02/01/2024";"14:26:00";"360";"Sem vítima";"139,600";"BR-116/SP";"Crescente";"Engavetamento";4;0;0;0;0;0;0;0;0;0;8;0;0;0;0
"02/01/2024";"15:05:00";"380";"Sem vítima";"41,100";"BR-116/SP";"Crescente";"Colisão traseira";2;0;0;0;0;0;0;0;0;0;5;0;0;0;0
"02/01/2024";"15:56:00";"411";"Sem vítima";"41,000";"BR-116/SP";"Crescente";"Colisão traseira";1;0;1;0;0;0;0;0;0;0;2;0;0;0;0
"02/01/2024";"16:07:00";"416";"Com vítima";"42,000";"BR-101/SP";"Crescente";"Colisão traseira";1;0;0;1;0;0;0;0;0;0;2;0;2;0;0
"02/01/2024";"16:58:00";"448";"Sem vítima";"419,000";"BR-101/RJ";"Decrescente";"Colisão lateral em sentido contrário";1;0;1;0;0;0;0;0;0;0;2;0;0;0;0
"02/01/2024";"18:53:00";"516";"Com vítima";"232,000";"BR-116/RJ";"Decrescente";"Capotamento";1;0;0;0;0;0;0;0;0;0;0;4;0;0;0
"02/01/2024";"19:00:00";"538";"Sem vítima";"596,000";"BR-101/RJ";"Decrescente";"Choque";1;0;0;0;0;0;0;0;0;0;0;0;0;0;0
"02/01/2024";"22:41:00";"615";"Com vítima";"64,900";"BR-116/SP";"Crescente";"Choque";1;0;0;0;0;0;0;0;0;0;0;0;1;0;0
"02/01/2024";"23:45:00";"635";"Sem vítima";"215,000";"BR-116/SP";"Decrescente";"Choque";1;0;0;0;0;0;0;0;0;0;1;0;0;0;0
"03/01/2024";"00:00:00";"43";"Com vítima";"231,400";"BR-116/RJ";"Crescente";"Choque";1;0;0;0;0;0;0;0;0;0;1;1;0;0;0
"03/01/2024";"00:00:00";"621";"Sem vítima";"29,500";"BR-116/SP";"Decrescente";"Choque";1;0;0;0;0;0;0;0;0;0;0;0;0;0;0
"03/01/2024";"01:55:00";"39";"Sem vítima";"24,400";"BR-116/SP";"Decrescente";"Colisão traseira";1;0;0;0;0;0;0;0;0;0;2;0;0;0;0
"03/01/2024";"03:28:00";"51";"Sem vítima";"235,000";"BR-116/RJ";"Crescente";"Choque";1;0;0;0;0;0;0;0;0;0;5;0;0;0;0
"03/01/2024";"04:43:00";"62";"Sem vítima";"216,000";"BR-116/RJ";"Decrescente";"Atropelamento de pedestre";0;0;1;0;0;0;0;0;0;0;1;0;0;0;0
"03/01/2024";"04:53:00";"64";"Sem vítima";"245,000";"BR-116/RJ";"Decrescente";"Acidentes de outra natureza";0;0;0;0;0;0;0;1;0;0;1;0;0;0;0
"03/01/2024";"06:29:00";"84";"Sem vítima";"125,000";"BR-116/SP";"Decrescente";"Colisão traseira";2;0;0;0;0;0;0;0;0;0;5;0;0;0;0
"03/01/2024";"07:28:00";"123";"Com vítima";"60,500";"BR-116/SP";"Crescente";"Acidentes de outra natureza";0;0;0;1;0;0;0;0;0;0;0;1;0;0;0
"03/01/2024";"07:53:00";"140";"Sem vítima";"227,000";"BR-116/RJ";"Decrescente";"Colisão lateral em sentido contrário";1;0;0;0;0;0;0;0;0;0;1;0;0;0;0
"03/01/2024";"08:44:00";"175";"Sem vítima";"226,800";"BR-116/RJ";"Crescente";"Choque";1;0;0;0;0;0;0;0;0;0;2;0;0;0;0
"03/01/2024";"09:44:00";"205";"Sem vítima";"133,300";"BR-116/SP";"Decrescente";"Colisão traseira";2;0;0;0;0;0;0;0;0;0;5;0;0;0;0
"03/01/2024";"10:18:00";"227";"Sem vítima";"86,500";"BR-116/SP";"Crescente";"Colisão traseira";2;0;0;0;0;0;0;0;0;0;6;0;0;0;0
"03/01/2024";"11:28:00";"273";"Sem vítima";"63,400";"BR-116/SP";"Crescente";"Colisão traseira";2;0;0;0;0;0;0;0;0;0;0;0;0;0;0
"03/01/2024";"11:34:00";"278";"Sem vítima";"230,000";"BR-116/RJ";"Decrescente";"Colisão lateral em sentido contrário";0;0;2;0;0;0;0;0;0;0;2;0;0;0;0
"03/01/2024";"12:30:00";"313";"Com vítima";"488,000";"BR-101/RJ";"Decrescente";"Colisão lateral em sentido contrário";1;0;0;1;0;0;0;0;0;0;0;1;0;0;0
"03/01/2024";"12:39:00";"319";"Sem vítima";"484,000";"BR-101/RJ";"Crescente";"Colisão traseira";2;0;0;0;0;0;0;0;0;0;2;0;0;0;0
"03/01/2024";"13:23:00";"340";"Sem vítima";"220,500";"BR-116/RJ";"Crescente";"Tombamento";0;0;2;0;0;0;0;0;0;0;3;0;0;0;0
"03/01/2024";"13:43:00";"355";"Sem vítima";"230,700";"BR-116/SP";"Crescente";"Colisão lateral em sentido contrário";1;0;1;0;0;0;0;0;0;0;3;0;0;0;0
"03/01/2024";"15:21:00";"406";"Com vítima";"67,000";"BR-116/SP";"Crescente";"Colisão traseira";0;0;2;0;0;0;0;0;0;0;1;0;0;1;0