data;horario;n_da_ocorrencia;tipo_de_ocorrencia;km;trecho;sentido;tipo_de_acidente;automovel;bicicleta;caminhao;moto;onibus;outros;tracao_animal;transporte_de_cargas_especiais;trator_maquinas;utilitarios;ilesos;levemente_feridos;moderadamente_feridos;gravemente_feridos;mortos
"03/01/2024";"15:39:00";"420";"Sem vítima";"225,500";"BR-116/SP";"Decrescente";"Acidentes de outra natureza";0;0;0;1;0;0;0;0;0;0;1;0;0;0;0
"03/01/2024";"15:55:00";"425";"Sem vítima";"62,600";"BR-116/SP";"Crescente";"Colisão traseira";2;0;0;0;0;0;0;0;0;0;2;0;0;0;0
"03/01/2024";"16:00:00";"434";"Com vítima";"227,500";"BR-116/SP";"Decrescente";"Acidentes de outra natureza";0;0;0;1;0;0;0;0;0;0;0;1;0;0;0
"03/01/2024";"16:07:00";"441";"Sem vítima";"432,000";"BR-101/RJ";"Decrescente";"Capotamento";1;0;0;0;0;0;0;0;0;0;1;0;0;0;0
"03/01/2024";"16:25:00";"455";"Sem vítima";"154,700";"BR-116/SP";"Crescente";"Acidentes de outra natureza";0;0;0;1;0;0;0;0;0;0;1;0;0;0;0
"03/01/2024";"16:26:00";"456";"Com vítima";"225,800";"BR-116/SP";"Decrescente";"Acidentes de outra natureza";0;0;1;1;0;0;0;0;0;0;1;1;0;0;0
"03/01/2024";"16:40:00";"462";"Sem vítima";"135,100";"BR-116/SP";"Decrescente";"Colisão traseira";2;0;0;0;0;0;0;0;0;0;3;0;0;0;0
"03/01/2024";"17:17:00";"480";"Sem vítima";"134,000";"BR-116/SP";"Decrescente";"Engavetamento";3;0;0;0;0;0;0;0;0;0;10;0;0;0;0
"03/01/2024";"17:21:00";"483";"Sem vítima";"225,500";"BR-116/SP";"Decrescente";"Choque";1;0;0;0;0;0;0;0;0;0;1;0;0;0;0
"03/01/2024";"17:44:00";"494";"Com vítima";"324,900";"BR-116/RJ";"Crescente";"Colisão traseira";0;0;2;0;0;0;0;0;0;0;0;1;0;0;0
"03/01/2024";"18:07:00";"506";"Sem vítima";"229,400";"BR-116/SP";"Decrescente";"Colisão traseira";1;0;0;0;0;0;0;0;0;0;2;0;0;0;0
"03/01/2024";"19:09:00";"544";"Sem vítima";"209,000";"BR-116/SP";"Decrescente";"Colisão traseira";1;0;0;0;0;0;0;0;0;1;3;0;0;0;0
"03/01/2024";"19:41:00";"556";"Com vítima";"98,800";"BR-116/SP";"Crescente";"Acidentes de outra natureza";0;0;0;1;0;0;0;0;0;0;0;1;0;0;0
"03/01/2024";"21:23:00";"611";"Sem vítima";"175,550";"BR-116/SP";"Crescente";"Colisão traseira";0;0;2;0;0;0;0;0;0;0;3;0;0;0;0
"04/01/2024";"00:00:00";"93";"Sem vítima";"518,000";"BR-101/RJ";"Decrescente";"Choque";1;0;0;0;0;0;0;0;0;0;2;0;0;0;0
"04/01/2024";"00:20:00";"25";"Sem vítima";"271,000";"BR-116/RJ";"Decrescente";"Choque";1;0;0;0;0;0;0;0;0;0;1;0;0;0;0
"04/01/2024";"03:16:00";"52";"Sem vítima";"271,000";"BR-116/RJ";"Crescente";"Choque";1;0;0;0;0;0;0;0;0;0;1;0;0;0;0
"04/01/2024";"05:47:00";"79";"Com vítima";"384,000";"BR-101/RJ";"Decrescente";"Colisão lateral em sentido contrário";2;0;0;0;0;0;0;0;0;0;3;1;0;0;0
"04/01/2024";"08:00:00";"165";"Sem vítima";"319,000";"BR-116/RJ";"Decrescente";"Acidentes de outra natureza";0;0;1;0;0;0;0;0;0;0;0;0;0;0;0
"04/01/2024";"13:02:00";"332";"Com vítima";"74,000";"BR-116/SP";"Crescente";"Colisão traseira";1;0;0;1;0;0;0;0;0;0;5;1;0;0;0
"04/01/2024";"13:23:00";"323";"Com vítima";"10,000";"BR-116/SP";"Decrescente";"Capotamento";1;0;0;0;0;0;0;0;0;0;0;3;1;0;0
"04/01/2024";"14:01:00";"347";"Com vítima";"506,000";"BR-101/RJ";"Crescente";"Atropelamento de pedestre";0;0;0;0;0;0;0;0;0;0;0;0;1;0;0
"04/01/2024";"14:39:00";"321";"Com vítima";"104,650";"BR-116/SP";"Crescente";"Engavetamento";4;0;0;0;0;0;0;0;0;0;13;1;1;0;0
"04/01/2024";"17:23:00";"440";"Sem vítima";"390,000";"BR-101/RJ";"Decrescente";"Choque";1;0;0;0;0;0;0;0;0;0;2;0;0;0;0
"04/01/2024";"18:38:00";"479";"Com vítima";"225,000";"BR-116/SP";"Decrescente";"Queda de moto";0;0;0;2;0;0;0;0;0;0;1;1;0;0;0
"04/01/2024";"23:09:00";"599";"Com vítima";"221,000";"BR-116/SP";"Decrescente";"Atropelamento de pedestre";0;0;1;0;0;0;0;0;0;0;2;0;0;1;0
"05/01/2024";"00:10:00";"22";"Com vítima";"226,300";"BR-116/SP";"Decrescente";"Engavetamento";3;0;0;0;0;0;0;0;0;0;2;0;1;0;0
"05/01/2024";"01:46:00";"46";"Sem vítima";"219,000";"BR-116/SP";"Decrescente";"Choque";1;0;0;0;0;0;0;0;0;0;4;0;0;0;0
"05/01/2024";"06:49:00";"106";"Sem vítima";"526,000";"BR-101/RJ";"Decrescente";"Choque";1;0;0;0;0;0;0;0;0;0;1;0;0;0;0
"05/01/2024";"07:45:00";"138";"Sem vítima";"131,800";"BR-116/SP";"Decrescente";"Engavetamento";3;0;0;0;0;0;0;0;0;0;7;0;0;0;0
"05/01/2024";"09:58:00";"220";"Sem vítima";"283,000";"BR-116/RJ";"Crescente";"Engavetamento";2;0;0;0;0;0;0;0;0;0;2;0;0;0;0
"05/01/2024";"10:19:00";"234";"Com vítima";"140,500";"BR-116/SP";"Crescente";"Colisão traseira";1;0;1;0;0;0;0;0;0;0;1;2;0;0;0
"05/01/2024";"11:11:00";"256";"Com vítima";"233,400";"BR-116/RJ";"Decrescente";"Colisão lateral em sentido contrário";1;0;1;0;0;0;0;0;0;0;2;1;0;0;0
"05/01/2024";"11:12:00";"258";"Sem vítima";"397,000";"BR-101/RJ";"Decrescente";"Colisão lateral em sentido contrário";1;0;1;0;0;0;0;0;0;0;2;0;0;0;0
"05/01/2024";"14:46:00";"344";"Sem vítima";"385,000";"BR-101/RJ";"Decrescente";"Colisão lateral em sentido contrário";1;0;0;0;0;0;0;0;0;0;2;0;0;0;0
"05/01/2024";"15:44:00";"369";"Sem vítima";"266,100";"BR-116/RJ";"Crescente";"Choque";0;0;1;0;0;0;0;0;0;0;1;0;0;0;0
"05/01/2024";"15:47:00";"371";"Sem vítima";"223,000";"BR-116/SP";"Decrescente";"Engavetamento";2;0;1;0;0;0;0;0;0;0;0;0;0;0;0
"05/01/2024";"15:51:00";"374";"Sem vítima";"277,300";"BR-116/RJ";"Crescente";"Colisão lateral em sentido contrário";2;0;0;0;0;0;0;0;0;0;3;0;0;0;0
"05/01/2024";"15:56:00";"377";"Com vítima";"147,000";"BR-116/SP";"Crescente";"Colisão traseira";1;0;0;1;0;0;0;0;0;0;1;1;0;0;0
"05/01/2024";"17:27:00";"422";"Com vítima";"437,000";"BR-101/RJ";"Decrescente";"Tombamento";0;0;1;0;0;0;0;0;0;0;0;3;0;0;0
"05/01/2024";"18:38:00";"463";"Sem vítima";"208,800";"BR-116/SP";"Decrescente";"Engavetamento";2;0;0;0;0;0;0;0;0;0;2;0;0;0;0
"05/01/2024";"19:42:00";"498";"Com vítima";"168,100";"BR-116/SP";"Decrescente";"Acidentes de outra natureza";0;0;0;1;0;0;0;0;0;0;1;0;1;0;0
"05/01/2024";"20:00:00";"508";"Sem vítima";"168,000";"BR-116/SP";"Decrescente";"Colisão traseira";1;0;0;0;0;0;0;0;0;0;3;0;0;0;0
"05/01/2024";"21:38:00";"545";"Com vítima";"48,300";"BR-116/SP";"Decrescente";"Acidentes de outra natureza";0;0;0;1;0;0;0;0;0;0;0;1;0;0;0
"05/01/2024";"22:12:00";"551";"Sem vítima";"217,000";"BR-116/SP";"Decrescente";"Colisão traseira";2;0;0;0;0;0;0;0;0;0;7;0;0;0;0
"06/01/2024";"03:18:00";"38";"Sem vítima";"38,650";"BR-116/SP";"Decrescente";"Choque";1;0;0;0;0;0;0;0;0;0;0;0;0;0;0
"06/01/2024";"03:56:00";"46";"Sem vítima";"475,800";"BR-101/RJ";"Crescente";"Choque";1;0;0;0;0;0;0;0;0;0;1;0;0;0;0
"06/01/2024";"07:34:00";"133";"Sem vítima";"434,000";"BR-101/RJ";"Decrescente";"Choque";1;0;0;0;0;0;0;0;0;0;1;0;0;0;0
"06/01/2024";"08:09:00";"159";"Com vítima";"133,600";"BR-116/SP";"Crescente";"Colisão lateral em sentido contrário";2;0;0;0;0;0;0;0;0;1;4;1;1;0;0
"06/01/2024";"08:20:00";"169";"Com vítima";"554,000";"BR-101/RJ";"Decrescente";"Colisão frontal";1;0;0;1;0;0;0;0;0;0;2;2;0;0;0
"06/01/2024";"08:45:00";"177";"Sem vítima";"116,000";"BR-116/SP";"Decrescente";"Engavetamento";5;0;0;0;0;0;0;0;0;0;10;0;0;0;0
"06/01/2024";"09:29:00";"199";"Com vítima";"495,000";"BR-101/RJ";"Decrescente";"Colisão lateral em sentido contrário";2;0;0;0;0;0;0;0;0;0;2;0;1;0;0
"06/01/2024";"10:52:00";"243";"Sem vítima";"47,700";"BR-116/SP";"Crescente";"Colisão traseira";2;0;0;0;0;0;0;0;0;0;2;0;0;0;0
"06/01/2024";"11:26:00";"259";"Sem vítima";"529,000";"BR-101/RJ";"Crescente";"Choque";1;0;0;0;0;0;0;0;0;0;1;0;0;0;0
"06/01/2024";"12:11:00";"278";"Sem vítima";"156,300";"BR-116/SP";"Crescente";"Engavetamento";4;0;0;0;0;0;0;0;0;0;7;0;0;0;0
"06/01/2024";"12:34:00";"291";"Sem vítima";"45,700";"BR-101/SP";"Crescente";"Colisão lateral em sentido contrário";2;0;0;0;0;0;0;0;0;0;3;0;0;0;0
"06/01/2024";"12:50:00";"297";"Com vítima";"113,600";"BR-116/SP";"Crescente";"Acidentes de outra natureza";0;0;0;1;0;0;0;0;0;0;0;1;0;0;0
"06/01/2024";"13:55:00";"332";"Com vítima";"51,000";"BR-116/SP";"Crescente";"Colisão traseira";1;0;0;1;0;0;0;0;0;0;1;0;0;1;0
"06/01/2024";"13:56:00";"333";"Com vítima";"462,000";"BR-101/RJ";"Decrescente";"Capotamento";1;0;0;0;0;0;0;0;0;0;0;1;0;0;0
"06/01/2024";"14:13:00";"342";"Com vítima";"545,000";"BR-101/RJ";"Decrescente";"Colisão lateral em sentido contrário";1;0;0;1;0;0;0;0;0;0;4;1;0;0;0
"06/01/2024";"15:36:00";"374";"Com vítima";"221,800";"BR-116/SP";"Crescente";"Acidentes de outra natureza";0;0;0;1;0;0;0;0;0;0;0;2;0;0;0
"06/01/2024";"15:42:00";"379";"Sem vítima";"104,000";"BR-116/SP";"Crescente";"Engavetamento";3;0;0;0;0;0;0;0;0;0;3;0;0;0;0
"06/01/2024";"16:10:00";"394";"Com vítima";"284,900";"BR-116/RJ";"Decrescente";"Colisão traseira";0;0;2;0;0;0;0;0;0;0;0;0;1;0;0
"06/01/2024";"16:22:00";"400";"Sem vítima";"55,000";"BR-116/SP";"Decrescente";"Choque";1;0;0;0;0;0;0;0;0;0;1;0;0;0;0
"06/01/2024";"18:30:00";"458";"Sem vítima";"296,000";"BR-116/RJ";"Decrescente";"Choque";1;0;0;0;0;0;0;0;0;0;0;0;0;0;0
"06/01/2024";"19:31:00";"482";"Sem vítima";"93,800";"BR-116/SP";"Decrescente";"Atropelamento de pedestre";0;0;1;0;0;0;0;0;0;0;0;0;0;0;0
"06/01/2024";"20:34:00";"504";"Sem vítima";"177,000";"BR-116/SP";"Crescente";"Atropelamento de pedestre";1;0;0;0;0;0;0;0;0;0;4;0;0;0;0
"06/01/2024";"21:39:00";"528";"Com vítima";"238,200";"BR-116/RJ";"Decrescente";"Colisão lateral em sentido contrário";1;0;1;0;0;0;0;0;0;0;2;3;0;0;0
"06/01/2024";"22:44:00";"542";"Com vítima";"227,700";"BR-116/SP";"Decrescente";"Choque";1;0;0;0;0;0;0;0;0;0;0;0;1;0;0
"07/01/2024";"01:57:00";"32";"Com vítima";"484,000";"BR-101/RJ";"Crescente";"Colisão traseira";2;0;0;0;0;0;0;0;0;0;2;0;1;0;0
"07/01/2024";"05:07:00";"51";"Com vítima";"484,000";"BR-101/RJ";"Crescente";"Colisão frontal";0;0;0;1;0;0;0;0;0;0;0;2;0;0;0
"07/01/2024";"06:30:00";"75";"Sem vítima";"115,300";"BR-116/SP";"Decrescente";"Choque";1;0;0;0;0;0;0;0;0;0;2;0;0;0;0
"07/01/2024";"09:45:00";"160";"Sem vítima";"94,000";"BR-116/SP";"Decrescente";"Acidentes de outra natureza";2;0;0;0;0;0;0;0;0;0;2;0;0;0;0
"07/01/2024";"10:24:00";"179";"Sem vítima";"43,000";"BR-101/SP";"Decrescente";"Colisão traseira";1;0;0;0;0;0;0;0;0;0;3;0;0;0;0
"07/01/2024";"10:45:00";"183";"Com vítima";"428,000";"BR-101/RJ";"Crescente";"Colisão traseira";1;0;0;1;0;0;0;0;0;0;5;1;0;0;0
"07/01/2024";"13:35:00";"256";"Sem vítima";"155,000";"BR-116/SP";"Crescente";"Acidentes de outra natureza";0;0;0;0;0;0;0;1;0;0;0;0;0;0;0
"07/01/2024";"13:50:00";"263";"Sem vítima";"75,000";"BR-116/SP";"Crescente";"Engavetamento";1;0;0;0;0;0;0;0;0;0;1;0;0;0;0
"07/01/2024";"14:15:00";"272";"Com vítima";"8,600";"BR-116/SP";"Crescente";"Colisão lateral em sentido contrário";1;0;0;1;0;0;0;0;0;0;2;1;0;0;0
"07/01/2024";"14:53:00";"294";"Com vítima";"99,800";"BR-116/SP";"Crescente";"Engavetamento";3;0;0;0;0;0;0;0;0;0;4;2;1;1;0
"07/01/2024";"17:15:00";"372";"Sem vítima";"184,650";"BR-116/SP";"Decrescente";"Choque";1;0;0;0;0;0;0;0;0;0;1;0;0;0;0
"07/01/2024";"18:01:00";"394";"Com vítima";"153,650";"BR-116/SP";"Crescente";"Engavetamento";4;0;0;0;0;0;0;0;0;0;11;1;0;0;0
"07/01/2024";"18:59:00";"434";"Sem vítima";"213,000";"BR-116/SP";"Crescente";"Colisão lateral em sentido contrário";2;0;0;0;0;0;0;0;0;0;3;0;0;0;0
"07/01/2024";"20:24:00";"470";"Sem vítima";"69,300";"BR-116/SP";"Crescente";"Colisão lateral em sentido contrário";1;0;0;0;0;0;0;0;0;0;0;0;0;0;0
"07/01/2024";"20:25:00";"472";"Com vítima";"218,350";"BR-116/SP";"Crescente";"Colisão frontal";2;0;0;0;0;0;0;0;0;0;1;1;0;0;0
"07/01/2024";"20:47:00";"485";"Com vítima";"96,200";"BR-116/SP";"Crescente";"Colisão traseira";2;0;0;0;0;0;0;0;0;0;0;1;0;0;0
"07/01/2024";"21:35:00";"488";"Com vítima";"405,000";"BR-101/RJ";"Crescente";"Queda de carga";0;0;0;1;0;0;0;0;0;0;0;1;0;0;0
"07/01/2024";"22:21:00";"525";"Sem vítima";"419,000";"BR-101/RJ";"Decrescente";"Choque";1;0;0;0;0;0;0;0;0;0;0;0;0;0;0
"08/01/2024";"00:00:00";"406";"Com vítima";"243,550";"BR-116/RJ";"Decrescente";"Engavetamento";4;0;1;0;0;0;0;0;0;0;10;1;0;0;0
"08/01/2024";"01:46:00";"30";"Sem vítima";"203,900";"BR-116/SP";"Crescente";"Choque";1;0;0;0;0;0;0;0;0;0;1;0;0;0;0
"08/01/2024";"07:58:00";"150";"Com vítima";"144,950";"BR-116/SP";"Crescente";"Colisão traseira";1;0;0;0;0;0;0;0;0;1;5;0;2;0;0
"08/01/2024";"09:08:00";"199";"Com vítima";"534,000";"BR-101/RJ";"Crescente";"Atropelamento de pedestre";0;0;0;0;0;0;0;0;0;0;0;1;0;0;0
"08/01/2024";"09:50:00";"242";"Sem vítima";"226,800";"BR-116/SP";"Decrescente";"Colisão lateral em sentido contrário";1;0;1;0;0;0;0;0;0;0;2;0;0;0;0
"08/01/2024";"10:39:00";"273";"Sem vítima";"482,000";"BR-101/RJ";"Decrescente";"Colisão traseira";1;0;0;0;0;0;0;0;0;0;1;0;0;0;0
"08/01/2024";"11:01:00";"288";"Com vítima";"227,500";"BR-116/SP";"Decrescente";"Colisão traseira";0;0;0;1;0;0;0;0;0;1;1;0;1;0;0
"08/01/2024";"13:21:00";"316";"Com vítima";"485,000";"BR-101/RJ";"Crescente";"Colisão lateral em sentido contrário";1;0;0;1;0;0;0;0;0;0;0;1;0;0;0
"08/01/2024";"14:08:00";"374";"Com vítima";"230,000";"BR-116/SP";"Crescente";"Colisão lateral em sentido contrário";1;0;0;1;0;0;0;0;0;0;1;1;0;0;0
"08/01/2024";"14:49:00";"391";"Sem vítima";"19,000";"BR-101/SP";"Decrescente";"Colisão lateral em sentido contrário";2;0;0;0;0;0;0;0;0;0;2;0;0;0;0
"08/01/2024";"15:21:00";"411";"Sem vítima";"206,000";"BR-116/SP";"Crescente";"Colisão lateral em sentido contrário";1;0;1;0;0;0;0;0;0;0;2;0;0;0;0
"08/01/2024";"16:17:00";"442";"Sem vítima";"46,500";"BR-116/SP";"Crescente";"Engavetamento";1;0;2;0;0;0;0;0;0;0;3;0;0;0;0
"08/01/2024";"16:21:00";"444";"Sem vítima";"225,000";"BR-116/SP";"Decrescente";"Acidentes de outra natureza";0;0;0;1;0;0;0;0;0;0;1;0;0;0;0
"08/01/2024";"16:44:00";"459";"Sem vítima";"225,000";"BR-116/SP";"Decrescente";"Acidentes de outra natureza";0;0;0;1;0;0;0;0;0;0;1;0;0;0;0
"08/01/2024";"17:21:00";"475";"Sem vítima";"230,000";"BR-116/RJ";"Decrescente";"Colisão lateral em sentido contrário";0;0;1;0;0;0;0;0;0;0;1;0;0;0;0
"08/01/2024";"17:59:00";"491";"Sem vítima";"244,100";"BR-116/RJ";"Decrescente";"Choque";1;0;0;0;0;0;0;0;0;0;1;0;0;0;0
"08/01/2024";"18:20:00";"500";"Com vítima";"221,400";"BR-116/SP";"Crescente";"Colisão lateral em sentido contrário";1;0;0;1;0;0;0;0;0;0;1;1;0;0;0
"08/01/2024";"18:32:00";"505";"Sem vítima";"153,580";"BR-116/SP";"Crescente";"Engavetamento";2;0;0;1;0;0;0;0;0;0;5;0;0;0;0
"08/01/2024";"19:25:00";"521";"Com vítima";"284,000";"BR-116/RJ";"Crescente";"Choque";1;0;0;0;0;0;0;0;0;0;0;1;0;0;0
"08/01/2024";"20:19:00";"544";"Com vítima";"75,000";"BR-116/SP";"Crescente";"Atropelamento de pedestre";0;0;0;0;0;0;0;1;0;0;0;0;0;0;1
"08/01/2024";"20:51:00";"551";"Com vítima";"63,000";"BR-116/SP";"Decrescente";"Atropelamento de pedestre";1;1;0;0;0;0;0;0;0;0;0;0;0;1;0
"08/01/2024";"23:25:00";"609";"Com vítima";"103,100";"BR-116/SP";"Crescente";"Choque";1;0;0;0;0;0;0;0;0;0;1;1;0;0;0
"09/01/2024";"00:00:00";"19";"Com vítima";"454,500";"BR-101/RJ";"Crescente";"Choque";1;0;0;0;0;0;0;0;0;0;1;1;0;0;0
"09/01/2024";"02:16:00";"37";"Sem vítima";"157,800";"BR-116/SP";"Crescente";"Colisão traseira";1;0;0;0;0;0;0;0;0;0;3;0;0;0;0
"09/01/2024";"06:07:00";"64";"Com vítima";"218,000";"BR-116/SP";"Decrescente";"Colisão traseira";1;0;0;0;0;0;0;1;0;0;1;0;1;0;0
"09/01/2024";"06:10:00";"66";"Sem vítima";"216,000";"BR-116/SP";"Decrescente";"Acidentes de outra natureza";0;0;0;0;0;0;0;1;0;0;0;0;0;0;0
"09/01/2024";"06:43:00";"90";"Com vítima";"227,900";"BR-116/SP";"Crescente";"Colisão traseira";1;0;0;1;0;0;0;0;0;0;2;1;0;0;0
"09/01/2024";"07:25:00";"122";"Com vítima";"95,550";"BR-116/SP";"Crescente";"Tombamento";0;0;0;0;0;0;0;1;0;0;0;0;1;0;0
"09/01/2024";"07:28:00";"124";"Sem vítima";"222,000";"BR-116/SP";"Crescente";"Engavetamento";0;0;0;2;0;0;0;0;0;0;2;0;0;0;0
"09/01/2024";"07:42:00";"135";"Sem vítima";"37,000";"BR-101/SP";"Decrescente";"Colisão lateral em sentido contrário";2;0;1;0;0;0;0;0;0;1;10;0;0;0;0
"09/01/2024";"08:19:00";"151";"Com vítima";"185,000";"BR-116/SP";"Decrescente";"Acidentes de outra natureza";0;0;0;1;0;0;0;0;0;0;1;1;0;0;0
"09/01/2024";"08:37:00";"161";"Sem vítima";"224,000";"BR-116/SP";"Crescente";"Engavetamento";2;0;0;0;0;0;0;0;0;0;2;0;0;0;0
"09/01/2024";"08:49:00";"163";"Sem vítima";"207,300";"BR-116/SP";"Crescente";"Colisão traseira";2;0;0;0;0;0;0;0;0;0;2;0;0;0;0
"09/01/2024";"11:49:00";"250";"Sem vítima";"524,000";"BR-101/RJ";"Decrescente";"Choque";1;0;0;0;0;0;0;0;0;0;1;0;0;0;0
"09/01/2024";"13:34:00";"299";"Sem vítima";"271,000";"BR-116/RJ";"Crescente";"Choque";1;0;0;0;0;0;0;0;0;0;2;0;0;0;0
"09/01/2024";"13:53:00";"306";"Com vítima";"55,000";"BR-116/SP";"Crescente";"Choque";1;0;0;0;0;0;0;0;0;0;2;3;0;0;0
"09/01/2024";"15:53:00";"375";"Sem vítima";"225,000";"BR-116/SP";"Decrescente";"Colisão lateral em sentido contrário";0;0;2;0;0;0;0;0;0;0;2;0;0;0;0
"09/01/2024";"16:40:00";"392";"Sem vítima";"481,000";"BR-101/RJ";"Crescente";"Choque";1;0;0;0;0;0;0;0;0;0;1;0;0;0;0
"09/01/2024";"17:06:00";"403";"Sem vítima";"328,000";"BR-116/RJ";"Decrescente";"Acidentes de outra natureza";0;0;1;0;0;0;0;0;0;0;0;0;0;0;0
"09/01/2024";"17:18:00";"413";"Com vítima";"106,100";"BR-116/SP";"Decrescente";"Colisão lateral em sentido contrário";0;0;1;1;0;0;0;0;0;0;1;0;1;0;0
"09/01/2024";"17:51:00";"428";"Com vítima";"164,800";"BR-116/SP";"Crescente";"Colisão lateral em sentido contrário";1;0;0;1;0;0;0;0;0;0;2;0;1;0;0
"09/01/2024";"18:10:00";"438";"Sem vítima";"226,000";"BR-116/SP";"Decrescente";"Acidentes de outra natureza";0;0;0;1;0;0;0;0;0;0;1;0;0;0;0
"09/01/2024";"18:24:00";"444";"Com vítima";"225,000";"BR-116/SP";"Decrescente";"Acidentes de outra natureza";0;0;0;1;0;0;0;0;0;0;0;0;1;0;0
"09/01/2024";"18:44:00";"458";"Com vítima";"226,500";"BR-116/SP";"Decrescente";"Acidentes de outra natureza";0;0;0;1;0;0;0;0;0;0;0;1;0;0;0
"09/01/2024";"19:47:00";"488";"Sem vítima";"226,500";"BR-116/SP";"Decrescente";"Colisão traseira";1;0;0;1;0;0;0;0;0;0;2;0;0;0;0
"09/01/2024";"20:27:00";"510";"Sem vítima";"524,000";"BR-101/RJ";"Decrescente";"Choque";1;0;0;0;0;0;0;0;0;0;4;0;0;0;0
"10/01/2024";"00:00:00";"479";"Sem vítima";"275,000";"BR-116/RJ";"Decrescente";"Colisão traseira";2;0;0;0;0;0;0;0;0;0;3;0;0;0;0
"10/01/2024";"04:18:00";"73";"Com vítima";"275,100";"BR-116/RJ";"Decrescente";"Acidentes de outra natureza";0;0;0;1;0;0;0;0;0;0;0;0;1;0;0
"10/01/2024";"06:48:00";"135";"Com vítima";"140,000";"BR-116/SP";"Crescente";"Colisão traseira";1;0;1;0;0;0;0;1;0;0;1;3;0;0;0
"10/01/2024";"07:04:00";"148";"Sem vítima";"207,000";"BR-116/SP";"Crescente";"Colisão traseira";2;0;0;0;0;0;0;0;0;0;3;0;0;0;0
"10/01/2024";"07:38:00";"179";"Com vítima";"218,000";"BR-116/SP";"Crescente";"Colisão lateral em sentido contrário";0;0;0;1;0;0;0;0;0;0;0;0;1;0;0
"10/01/2024";"09:23:00";"254";"Com vítima";"22,000";"BR-116/SP";"Crescente";"Tombamento";0;0;1;0;0;0;0;0;0;0;0;0;1;0;0
"10/01/2024";"12:15:00";"345";"Sem vítima";"123,350";"BR-116/SP";"Crescente";"Colisão traseira";1;0;0;0;0;0;0;0;0;0;4;0;0;0;0
"10/01/2024";"12:42:00";"360";"Sem vítima";"58,000";"BR-116/SP";"Crescente";"Colisão lateral em sentido contrário";1;0;1;0;0;0;0;0;0;0;3;0;0;0;0
"10/01/2024";"12:50:00";"362";"Sem vítima";"274,800";"BR-116/RJ";"Crescente";"Tombamento";0;0;0;0;0;0;0;1;0;0;1;0;0;0;0
"10/01/2024";"14:22:00";"410";"Sem vítima";"230,200";"BR-116/RJ";"Decrescente";"Tombamento";0;0;1;0;0;0;0;0;0;0;1;0;0;0;0
"10/01/2024";"14:37:00";"418";"Sem vítima";"209,000";"BR-116/SP";"Decrescente";"Colisão traseira";2;0;0;0;0;0;0;0;0;0;3;0;0;0;0
"10/01/2024";"14:57:00";"424";"Com vítima";"209,300";"BR-116/SP";"Decrescente";"Colisão lateral em sentido contrário";1;0;0;1;0;0;0;0;0;0;2;1;0;0;0
"10/01/2024";"15:34:00";"448";"Sem vítima";"412,000";"BR-101/RJ";"Decrescente";"Colisão traseira";2;0;0;0;0;0;0;0;0;0;2;0;0;0;0
"10/01/2024";"16:51:00";"488";"Com vítima";"428,000";"BR-101/RJ";"Decrescente";"Colisão lateral em sentido contrário";2;0;0;0;0;0;0;0;0;0;0;5;0;0;0
"10/01/2024";"17:03:00";"495";"Com vítima";"108,350";"BR-116/SP";"Crescente";"Colisão traseira";1;0;0;1;0;0;0;0;0;0;3;1;1;0;0
"10/01/2024";"18:27:00";"543";"Com vítima";"229,000";"BR-116/SP";"Crescente";"Acidentes de outra natureza";0;0;0;1;0;0;0;0;0;0;0;1;0;0;0
"10/01/2024";"18:54:00";"559";"Com vítima";"572,000";"BR-101/RJ";"Crescente";"Colisão lateral em sentido contrário";1;0;0;1;0;0;0;0;0;0;0;0;2;0;0
"10/01/2024";"19:18:00";"575";"Sem vítima";"126,300";"BR-116/SP";"Crescente";"Choque";1;0;0;0;0;0;0;0;0;0;1;0;0;0;0
"10/01/2024";"19:48:00";"586";"Com vítima";"225,000";"BR-116/SP";"Decrescente";"Engavetamento";1;0;0;2;0;0;0;0;0;0;1;0;2;0;0
"10/01/2024";"20:12:00";"601";"Sem vítima";"217,000";"BR-116/SP";"Decrescente";"Colisão traseira";1;0;0;0;0;0;0;0;0;0;2;0;0;0;0
"10/01/2024";"22:31:00";"647";"Sem vítima";"225,500";"BR-116/RJ";"Decrescente";"Choque";0;0;1;0;0;0;0;0;0;0;1;0;0;0;0
"10/01/2024";"23:26:00";"664";"Sem vítima";"577,000";"BR-101/RJ";"Crescente";"Choque";1;0;0;0;0;0;0;0;0;0;1;0;0;0;0
"11/01/2024";"00:50:00";"29";"Com vítima";"228,900";"BR-116/SP";"Crescente";"Colisão traseira";1;0;0;0;0;0;0;0;0;0;0;1;0;0;0
"11/01/2024";"07:54:00";"153";"Sem vítima";"486,000";"BR-101/RJ";"Crescente";"Engavetamento";4;0;0;0;0;0;0;0;0;0;1;0;0;0;0