data;horario;n_da_ocorrencia;tipo_de_ocorrencia;km;trecho;sentido;tipo_de_acidente;automovel;bicicleta;caminhao;moto;onibus;outros;tracao_animal;transporte_de_cargas_especiais;trator_maquinas;utilitarios;ilesos;levemente_feridos;moderadamente_feridos;gravemente_feridos;mortos
"11/01/2024";"09:46:00";"255";"Sem vítima";"537,000";"BR-101/RJ";"Decrescente";"Colisão lateral em sentido contrário";2;0;0;0;0;0;0;0;0;0;2;0;0;0;0
"11/01/2024";"10:32:00";"291";"Com vítima";"19,900";"BR-116/SP";"Crescente";"Capotamento";1;0;0;0;0;0;0;0;0;0;0;2;1;0;0
"11/01/2024";"12:07:00";"349";"Com vítima";"73,000";"BR-116/SP";"Crescente";"Engavetamento";3;0;0;0;0;0;0;0;0;0;2;1;2;0;0
"11/01/2024";"14:14:00";"413";"Com vítima";"197,400";"BR-116/SP";"Crescente";"Colisão traseira";0;0;1;0;0;0;0;0;0;1;1;1;0;0;0
"11/01/2024";"14:29:00";"424";"Com vítima";"48,000";"BR-101/SP";"Crescente";"Atropelamento de pedestre";0;1;0;0;0;0;0;0;0;0;0;0;0;0;0
"11/01/2024";"14:32:00";"427";"Com vítima";"387,000";"BR-101/RJ";"Decrescente";"Capotamento";2;0;0;0;0;0;0;0;0;0;2;1;0;0;0
"11/01/2024";"16:05:00";"482";"Sem vítima";"295,000";"BR-116/RJ";"Decrescente";"Acidentes de outra natureza";1;0;0;0;0;0;0;0;0;0;1;0;0;0;0
"11/01/2024";"16:48:00";"509";"Sem vítima";"112,000";"BR-116/SP";"Crescente";"Choque";0;0;1;0;0;0;0;0;0;0;0;0;0;0;0
"11/01/2024";"17:06:00";"515";"Sem vítima";"146,200";"BR-116/SP";"Decrescente";"Engavetamento";3;0;0;0;0;0;0;0;0;0;4;0;0;0;0
"11/01/2024";"17:18:00";"523";"Com vítima";"101,700";"BR-116/SP";"Crescente";"Colisão traseira";1;0;0;1;0;0;0;0;0;0;0;0;1;0;0
"11/01/2024";"17:21:00";"527";"Sem vítima";"109,800";"BR-116/SP";"Crescente";"Colisão traseira";2;0;0;0;0;0;0;0;0;0;0;0;0;0;0
"11/01/2024";"20:35:00";"642";"Sem vítima";"29,400";"BR-101/SP";"Crescente";"Colisão traseira";2;0;0;0;0;0;0;0;0;0;2;0;0;0;0
"11/01/2024";"21:11:00";"659";"Sem vítima";"146,000";"BR-116/SP";"Crescente";"Colisão traseira";1;0;0;0;0;0;0;0;0;0;4;0;0;0;0
"11/01/2024";"21:31:00";"671";"Com vítima";"46,000";"BR-101/SP";"Crescente";"Atropelamento de pedestre";0;0;0;1;0;0;0;0;0;0;1;1;1;0;0
"11/01/2024";"21:52:00";"681";"Com vítima";"39,700";"BR-101/SP";"Crescente";"Colisão lateral em sentido contrário";1;0;0;1;0;0;0;0;0;0;2;2;0;0;0
"12/01/2024";"04:29:00";"386";"Sem vítima";"429,000";"BR-101/RJ";"Crescente";"Choque";1;0;0;0;0;0;0;0;0;0;1;0;0;0;0
"12/01/2024";"06:24:00";"119";"Sem vítima";"284,900";"BR-116/RJ";"Crescente";"Colisão lateral em sentido contrário";1;0;0;0;0;0;0;0;0;0;5;0;0;0;0
"12/01/2024";"07:00:00";"150";"Com vítima";"211,050";"BR-116/SP";"Crescente";"Colisão traseira";0;0;0;2;0;0;0;0;0;0;1;1;1;0;0
"12/01/2024";"07:04:00";"152";"Com vítima";"283,000";"BR-116/RJ";"Crescente";"Colisão traseira";1;0;0;1;0;0;0;0;0;0;0;1;1;0;0
"12/01/2024";"07:27:00";"176";"Com vítima";"433,000";"BR-101/RJ";"Decrescente";"Choque";1;0;0;0;0;0;0;0;0;0;0;1;0;0;0
"12/01/2024";"07:27:00";"177";"Com vítima";"316,700";"BR-116/RJ";"Decrescente";"Acidentes de outra natureza";0;0;0;1;0;0;0;0;0;0;0;1;1;0;0
"12/01/2024";"08:00:00";"204";"Com vítima";"146,700";"BR-116/SP";"Decrescente";"Colisão traseira";1;0;0;1;0;0;0;0;0;0;0;4;0;0;0
"12/01/2024";"08:17:00";"216";"Sem vítima";"290,000";"BR-116/RJ";"Decrescente";"Colisão traseira";2;0;0;0;0;0;0;0;0;0;3;0;0;0;0
"12/01/2024";"10:06:00";"286";"Com vítima";"524,000";"BR-101/RJ";"Crescente";"Colisão lateral em sentido contrário";1;0;0;1;0;0;0;0;0;0;1;0;1;0;0
"12/01/2024";"10:59:00";"322";"Com vítima";"80,700";"BR-116/SP";"Decrescente";"Colisão traseira";1;0;0;1;0;0;0;0;0;0;1;1;0;0;0
"12/01/2024";"11:51:00";"346";"Com vítima";"512,000";"BR-101/RJ";"Crescente";"Tombamento";0;0;1;0;0;0;0;0;0;0;0;2;0;0;0
"12/01/2024";"13:36:00";"403";"Sem vítima";"414,000";"BR-101/RJ";"Crescente";"Engavetamento";3;0;0;0;0;0;0;0;0;0;5;0;0;0;0
"12/01/2024";"14:00:00";"417";"Com vítima";"413,200";"BR-101/RJ";"Crescente";"Choque";1;0;0;0;0;0;0;0;0;0;1;2;0;0;0
"12/01/2024";"14:32:00";"439";"Com vítima";"199,200";"BR-116/SP";"Crescente";"Colisão traseira";1;0;1;0;0;0;0;0;0;0;1;1;0;0;0
"12/01/2024";"15:33:00";"464";"Sem vítima";"26,000";"BR-116/SP";"Crescente";"Choque";1;0;0;0;0;0;0;0;0;0;1;0;0;0;0
"12/01/2024";"16:08:00";"489";"Com vítima";"225,500";"BR-116/SP";"Decrescente";"Acidentes de outra natureza";0;0;0;2;0;0;0;0;0;0;1;1;0;0;0
"12/01/2024";"16:21:00";"495";"Com vítima";"275,400";"BR-116/RJ";"Decrescente";"Colisão traseira";2;0;0;0;0;0;0;0;0;0;3;0;2;0;0
"12/01/2024";"16:21:00";"497";"Com vítima";"226,000";"BR-116/SP";"Decrescente";"Acidentes de outra natureza";0;0;0;1;0;0;0;0;0;0;0;1;0;0;0
"12/01/2024";"16:53:00";"521";"Sem vítima";"226,000";"BR-116/SP";"Decrescente";"Colisão lateral em sentido contrário";0;0;0;0;2;0;0;0;0;0;84;0;0;0;0
"12/01/2024";"16:54:00";"520";"Sem vítima";"436,000";"BR-101/RJ";"Crescente";"Choque";1;0;0;0;0;0;0;0;0;0;1;0;0;0;0
"12/01/2024";"18:17:00";"569";"Sem vítima";"415,200";"BR-101/RJ";"Crescente";"Capotamento";1;0;0;0;0;0;0;0;0;0;1;0;0;0;0
"12/01/2024";"18:41:00";"573";"Com vítima";"434,000";"BR-101/RJ";"Crescente";"Colisão frontal";2;0;0;0;0;0;0;0;0;0;5;1;0;0;0
"12/01/2024";"18:46:00";"576";"Com vítima";"225,100";"BR-116/SP";"Decrescente";"Acidentes de outra natureza";0;0;0;1;0;0;0;0;0;0;0;1;0;0;0
"12/01/2024";"19:01:00";"587";"Sem vítima";"511,000";"BR-101/RJ";"Crescente";"Colisão lateral em sentido contrário";2;0;0;0;0;0;0;0;0;0;2;0;0;0;0
"12/01/2024";"19:26:00";"602";"Com vítima";"585,000";"BR-101/RJ";"Decrescente";"Atropelamento de pedestre";0;0;0;0;0;0;0;0;0;0;0;0;0;1;0
"12/01/2024";"19:53:00";"613";"Com vítima";"286,000";"BR-116/RJ";"Crescente";"Colisão traseira";0;0;1;1;0;0;0;0;0;0;0;2;0;0;0
"12/01/2024";"20:37:00";"634";"Com vítima";"51,800";"BR-101/SP";"Decrescente";"Atropelamento de pedestre";0;0;0;0;0;0;0;0;0;0;0;0;0;0;0
"12/01/2024";"20:56:00";"644";"Sem vítima";"501,900";"BR-101/RJ";"Crescente";"Capotamento";1;0;0;0;0;0;0;0;0;0;1;0;0;0;0
"12/01/2024";"21:27:00";"669";"Sem vítima";"251,900";"BR-116/RJ";"Crescente";"Choque";1;0;0;0;0;0;0;0;0;0;2;0;0;0;0
"12/01/2024";"22:58:00";"704";"Com vítima";"215,000";"BR-116/SP";"Crescente";"Atropelamento de pedestre";0;0;0;0;0;0;0;0;0;0;0;0;1;0;0
"12/01/2024";"23:59:00";"723";"Sem vítima";"202,400";"BR-116/SP";"Decrescente";"Colisão traseira";1;0;0;0;1;0;0;0;0;0;6;0;0;0;0
"13/01/2024";"00:00:00";"278";"Sem vítima";"231,000";"BR-116/RJ";"Crescente";"Choque";1;0;0;0;0;0;0;0;0;0;0;0;0;0;0
"13/01/2024";"00:00:00";"319";"Sem vítima";"106,600";"BR-116/SP";"Crescente";"Engavetamento";2;0;0;0;0;0;0;0;0;0;7;0;0;0;0
"13/01/2024";"04:41:00";"60";"Sem vítima";"44,900";"BR-116/SP";"Decrescente";"Colisão lateral em sentido contrário";1;0;0;0;0;0;0;0;0;0;0;0;0;0;0
"13/01/2024";"05:28:00";"76";"Sem vítima";"308,000";"BR-116/RJ";"Decrescente";"Choque";1;0;0;0;0;0;0;0;0;0;1;0;0;0;0
"13/01/2024";"08:39:00";"159";"Com vítima";"59,750";"BR-116/SP";"Crescente";"Colisão traseira";1;0;0;1;0;0;0;0;0;0;3;0;1;0;0
"13/01/2024";"10:28:00";"210";"Com vítima";"43,100";"BR-116/SP";"Crescente";"Choque";1;0;0;0;0;0;0;0;0;0;0;1;0;0;0
"13/01/2024";"10:59:00";"223";"Sem vítima";"563,000";"BR-101/RJ";"Crescente";"Choque";1;0;0;0;0;0;0;0;0;0;1;0;0;0;0
"13/01/2024";"11:39:00";"242";"Sem vítima";"566,000";"BR-101/RJ";"Decrescente";"Colisão traseira";1;0;1;0;0;0;0;0;0;0;3;0;0;0;0
"13/01/2024";"12:39:00";"266";"Com vítima";"52,000";"BR-101/SP";"Crescente";"Engavetamento";2;0;0;1;0;0;0;0;0;0;2;1;0;0;0
"13/01/2024";"13:19:00";"279";"Sem vítima";"320,000";"BR-116/RJ";"Decrescente";"Choque";1;0;0;0;0;0;0;0;0;0;4;0;0;0;0
"13/01/2024";"13:42:00";"285";"Com vítima";"76,700";"BR-116/SP";"Decrescente";"Acidentes de outra natureza";0;0;0;1;0;0;0;0;0;0;1;1;0;0;0
"13/01/2024";"14:14:00";"301";"Com vítima";"242,000";"BR-116/RJ";"Crescente";"Capotamento";1;0;0;0;0;0;0;0;0;0;0;2;0;0;0
"13/01/2024";"14:40:00";"308";"Sem vítima";"154,300";"BR-116/SP";"Crescente";"Colisão traseira";1;0;0;0;0;0;0;0;0;0;2;0;0;0;0
"13/01/2024";"14:41:00";"309";"Sem vítima";"101,700";"BR-116/SP";"Crescente";"Engavetamento";1;0;1;0;0;0;0;0;0;0;3;0;0;0;0
"13/01/2024";"14:55:00";"313";"Sem vítima";"76,600";"BR-116/SP";"Crescente";"Colisão traseira";1;0;0;0;0;0;0;0;0;0;5;0;0;0;0
"13/01/2024";"14:55:00";"314";"Com vítima";"268,500";"BR-116/RJ";"Crescente";"Choque";1;0;0;0;0;0;0;0;0;0;0;3;1;0;0
"13/01/2024";"15:19:00";"327";"Sem vítima";"193,300";"BR-116/SP";"Crescente";"Choque";2;0;0;0;0;0;0;0;0;0;7;0;0;0;0
"13/01/2024";"15:55:00";"344";"Com vítima";"292,000";"BR-116/RJ";"Decrescente";"Queda de moto";0;0;0;1;0;0;0;0;0;0;1;0;0;1;0
"13/01/2024";"16:06:00";"346";"Sem vítima";"227,900";"BR-116/RJ";"Decrescente";"Choque";1;0;0;0;0;0;0;0;0;0;2;0;0;0;0
"13/01/2024";"16:08:00";"347";"Sem vítima";"116,000";"BR-116/SP";"Decrescente";"Acidentes de outra natureza";0;0;0;1;0;0;0;0;0;0;0;0;0;0;0
"13/01/2024";"16:31:00";"362";"Sem vítima";"6,800";"BR-116/SP";"Crescente";"Colisão traseira";1;0;1;0;0;0;0;0;0;0;6;0;0;0;0
"13/01/2024";"17:13:00";"383";"Sem vítima";"570,300";"BR-101/RJ";"Crescente";"Choque";1;0;0;0;0;0;0;0;0;0;1;0;0;0;0
"13/01/2024";"17:16:00";"386";"Com vítima";"227,000";"BR-116/SP";"Crescente";"Acidentes de outra natureza";0;0;0;1;0;0;0;0;0;0;0;1;0;0;0
"13/01/2024";"17:26:00";"392";"Com vítima";"233,900";"BR-116/RJ";"Decrescente";"Capotamento";1;0;0;0;0;0;0;0;0;0;0;2;0;0;0
"13/01/2024";"17:47:00";"402";"Sem vítima";"430,000";"BR-101/RJ";"Crescente";"Choque";1;0;0;0;0;0;0;0;0;0;1;0;0;0;0
"13/01/2024";"18:39:00";"421";"Sem vítima";"219,650";"BR-116/RJ";"Decrescente";"Capotamento";1;0;0;0;0;0;0;0;0;0;0;0;0;0;0
"13/01/2024";"18:58:00";"430";"Sem vítima";"454,000";"BR-101/RJ";"Decrescente";"Engavetamento";3;0;0;0;0;0;0;0;0;0;2;0;0;0;0
"13/01/2024";"19:20:00";"442";"Sem vítima";"231,800";"BR-116/RJ";"Decrescente";"Colisão lateral em sentido contrário";1;0;1;0;0;0;0;0;0;0;2;0;0;0;0
"13/01/2024";"19:36:00";"450";"Com vítima";"395,000";"BR-101/RJ";"Decrescente";"Choque";1;0;0;0;0;0;0;0;0;0;0;1;0;0;0
"13/01/2024";"19:57:00";"457";"Sem vítima";"227,300";"BR-116/RJ";"Decrescente";"Choque";1;0;0;0;0;0;0;0;0;0;0;0;0;0;0
"13/01/2024";"20:58:00";"477";"Com vítima";"219,800";"BR-116/SP";"Crescente";"Colisão lateral em sentido contrário";1;0;0;1;0;0;0;0;0;0;1;0;0;1;0
"13/01/2024";"21:01:00";"479";"Com vítima";"218,000";"BR-116/SP";"Decrescente";"Acidentes de outra natureza";0;0;0;1;0;0;0;0;0;0;1;1;0;0;0
"13/01/2024";"21:39:00";"494";"Com vítima";"219,100";"BR-116/SP";"Decrescente";"Colisão traseira";1;0;0;1;0;0;0;0;0;0;2;0;0;0;1
"13/01/2024";"22:38:00";"503";"Com vítima";"218,900";"BR-116/SP";"Decrescente";"Colisão traseira";1;0;0;1;0;0;0;0;0;0;1;1;0;0;0
"13/01/2024";"23:13:00";"509";"Com vítima";"210,200";"BR-116/SP";"Decrescente";"Choque";1;0;0;0;0;0;0;0;0;0;0;1;0;0;0
"13/01/2024";"23:35:00";"515";"Sem vítima";"222,000";"BR-116/SP";"Decrescente";"Colisão traseira";2;0;0;0;0;0;0;0;0;0;5;0;0;0;0
"13/01/2024";"23:59:00";"517";"Com vítima";"222,100";"BR-116/SP";"Decrescente";"Engavetamento";2;0;0;1;0;0;0;0;0;0;5;0;2;0;0
"14/01/2024";"00:53:00";"26";"Sem vítima";"210,200";"BR-116/SP";"Decrescente";"Choque";1;0;0;0;0;0;0;0;0;0;1;0;0;0;0
"14/01/2024";"02:13:00";"35";"Sem vítima";"590,000";"BR-101/RJ";"Decrescente";"Choque";1;0;0;0;0;0;0;0;0;0;2;0;0;0;0
"14/01/2024";"04:40:00";"58";"Sem vítima";"501,000";"BR-101/RJ";"Crescente";"Colisão lateral em sentido contrário";1;0;1;0;0;0;0;0;0;0;2;0;0;0;0
"14/01/2024";"05:32:00";"66";"Sem vítima";"477,800";"BR-101/RJ";"Crescente";"Choque";1;0;0;0;0;0;0;0;0;0;1;0;0;0;0
"14/01/2024";"06:02:00";"71";"Sem vítima";"251,400";"BR-116/RJ";"Crescente";"Choque";1;0;0;0;0;0;0;0;0;0;1;0;0;0;0
"14/01/2024";"06:07:00";"73";"Sem vítima";"122,000";"BR-116/SP";"Decrescente";"Acidentes de outra natureza";0;0;0;1;0;0;0;0;0;0;0;0;0;0;0
"14/01/2024";"06:26:00";"77";"Com vítima";"47,000";"BR-101/SP";"Crescente";"Colisão traseira";2;0;0;0;0;0;0;0;0;0;1;1;0;0;0
"14/01/2024";"06:33:00";"82";"Com vítima";"127,380";"BR-116/SP";"Crescente";"Choque";0;0;0;1;0;0;0;0;0;0;0;0;0;1;0
"14/01/2024";"06:48:00";"87";"Com vítima";"22,300";"BR-116/SP";"Crescente";"Tombamento";0;0;1;0;0;0;0;0;0;0;0;0;1;0;0
"14/01/2024";"07:32:00";"110";"Sem vítima";"597,000";"BR-101/RJ";"Crescente";"Choque";1;0;0;0;0;0;0;0;0;0;1;0;0;0;0
"14/01/2024";"09:59:00";"183";"Sem vítima";"49,900";"BR-101/SP";"Crescente";"Colisão traseira";2;0;0;0;0;0;0;0;0;0;4;0;0;0;0
"14/01/2024";"10:02:00";"186";"Sem vítima";"95,300";"BR-116/SP";"Decrescente";"Colisão traseira";1;0;0;0;0;0;0;0;0;0;4;0;0;0;0
"14/01/2024";"10:11:00";"190";"Com vítima";"66,300";"BR-116/SP";"Decrescente";"Colisão lateral em sentido contrário";1;0;1;0;0;0;0;0;0;0;1;0;3;0;0
"14/01/2024";"10:27:00";"197";"Sem vítima";"219,000";"BR-116/SP";"Crescente";"Colisão lateral em sentido contrário";1;0;1;0;0;0;0;0;0;0;5;0;0;0;0
"14/01/2024";"11:54:00";"247";"Com vítima";"509,000";"BR-101/RJ";"Crescente";"Choque";0;0;1;1;0;0;0;0;0;0;3;0;1;0;0
"14/01/2024";"13:01:00";"272";"Sem vítima";"452,100";"BR-101/RJ";"Crescente";"Choque";1;0;0;0;0;0;0;0;0;0;2;0;0;0;0
"14/01/2024";"13:16:00";"282";"Sem vítima";"100,400";"BR-116/SP";"Crescente";"Engavetamento";3;0;0;0;0;0;0;0;0;0;8;0;0;0;0
"14/01/2024";"13:44:00";"288";"Com vítima";"84,850";"BR-116/SP";"Crescente";"Acidentes de outra natureza";0;0;0;1;0;0;0;0;0;0;0;0;2;0;0
"14/01/2024";"14:24:00";"306";"Sem vítima";"46,000";"BR-116/SP";"Decrescente";"Choque";1;0;0;0;0;0;0;1;0;0;5;0;0;0;0
"14/01/2024";"16:02:00";"349";"Com vítima";"106,350";"BR-116/SP";"Crescente";"Colisão traseira";0;0;0;1;0;0;0;0;0;0;0;0;1;0;0
"14/01/2024";"16:08:00";"351";"Com vítima";"416,000";"BR-101/RJ";"Crescente";"Acidentes de outra natureza";0;0;0;1;0;0;0;0;0;0;0;1;0;1;0
"14/01/2024";"17:19:00";"394";"Sem vítima";"110,450";"BR-116/SP";"Decrescente";"Colisão traseira";2;0;0;0;0;0;0;0;0;0;3;0;0;0;0
"14/01/2024";"19:26:00";"461";"Com vítima";"297,600";"BR-116/RJ";"Decrescente";"Colisão lateral em sentido contrário";1;0;1;0;0;0;0;0;0;0;2;0;1;0;0
"14/01/2024";"22:16:00";"528";"Com vítima";"230,400";"BR-116/SP";"Crescente";"Engavetamento";3;0;0;0;0;0;0;0;0;0;0;7;1;0;0
"14/01/2024";"22:36:00";"536";"Com vítima";"304,550";"BR-116/RJ";"Crescente";"Acidentes de outra natureza";0;0;1;0;0;0;0;0;0;0;0;0;1;0;0
"14/01/2024";"23:20:00";"546";"Com vítima";"219,000";"BR-116/SP";"Decrescente";"Colisão traseira";2;0;0;0;0;0;0;0;0;0;0;5;0;0;0
"14/01/2024";"23:24:00";"547";"Sem vítima";"390,000";"BR-101/RJ";"Decrescente";"Choque";1;0;0;0;0;0;0;0;0;0;1;0;0;0;0
"14/01/2024";"23:46:00";"553";"Com vítima";"477,000";"BR-101/RJ";"Crescente";"Colisão frontal";1;0;0;1;0;0;0;0;0;0;0;0;3;0;0
"15/01/2024";"01:12:00";"29";"Sem vítima";"195,300";"BR-116/SP";"Crescente";"Colisão traseira";0;0;2;0;0;0;0;0;0;0;2;0;0;0;0
"15/01/2024";"01:15:00";"30";"Sem vítima";"132,000";"BR-116/SP";"Crescente";"Choque";1;0;0;0;0;0;0;0;0;0;2;0;0;0;0
"15/01/2024";"03:50:00";"53";"Sem vítima";"563,000";"BR-101/RJ";"Decrescente";"Choque";1;0;0;0;0;0;0;0;0;0;0;0;0;0;0
"15/01/2024";"05:24:00";"66";"Com vítima";"172,000";"BR-116/SP";"Crescente";"Colisão traseira";0;0;1;0;0;0;0;1;0;0;1;1;0;0;0
"15/01/2024";"05:41:00";"74";"Com vítima";"51,000";"BR-116/SP";"Crescente";"Choque";1;0;0;0;0;0;0;0;0;0;0;0;1;0;0
"15/01/2024";"08:57:00";"191";"Com vítima";"264,000";"BR-116/RJ";"Decrescente";"Capotamento";1;0;0;0;0;0;0;0;0;0;1;3;0;0;0
"15/01/2024";"09:46:00";"224";"Com vítima";"41,800";"BR-101/SP";"Crescente";"Acidentes de outra natureza";0;0;0;1;0;0;0;0;0;0;0;0;2;0;0
"15/01/2024";"11:06:00";"265";"Com vítima";"219,300";"BR-116/SP";"Crescente";"Colisão lateral em sentido contrário";1;0;0;1;0;0;0;0;0;0;1;1;1;0;0
"15/01/2024";"12:52:00";"313";"Com vítima";"576,000";"BR-101/RJ";"Decrescente";"Acidentes de outra natureza";0;0;0;1;0;0;0;0;0;0;0;1;0;0;0
"15/01/2024";"13:04:00";"320";"Sem vítima";"314,800";"BR-116/RJ";"Decrescente";"Engavetamento";4;0;0;0;0;0;0;0;0;0;6;0;0;0;0
"15/01/2024";"13:16:00";"326";"Com vítima";"313,800";"BR-116/RJ";"Decrescente";"Capotamento";1;0;0;0;0;0;0;0;0;0;1;3;0;0;0
"15/01/2024";"14:38:00";"367";"Sem vítima";"576,000";"BR-101/RJ";"Decrescente";"Colisão lateral em sentido contrário";1;0;0;0;0;0;0;0;0;0;1;0;0;0;0
"15/01/2024";"14:51:00";"377";"Sem vítima";"227,650";"BR-116/SP";"Decrescente";"Engavetamento";1;0;2;0;0;0;0;0;0;0;4;0;0;0;0
"15/01/2024";"15:19:00";"396";"Sem vítima";"258,000";"BR-116/RJ";"Crescente";"Colisão lateral em sentido contrário";1;0;1;0;0;0;0;0;0;0;6;0;0;0;0
"15/01/2024";"15:43:00";"411";"Sem vítima";"283,100";"BR-116/RJ";"Crescente";"Colisão traseira";1;0;0;0;0;0;0;0;0;0;3;0;0;0;0
"15/01/2024";"16:52:00";"456";"Sem vítima";"41,900";"BR-101/SP";"Crescente";"Colisão traseira";2;0;0;0;0;0;0;0;0;0;5;0;0;0;0
"15/01/2024";"21:35:00";"605";"Com vítima";"226,600";"BR-116/SP";"Decrescente";"Choque";0;0;0;1;0;0;0;0;0;0;0;0;1;0;0
"15/01/2024";"21:42:00";"608";"Com vítima";"230,100";"BR-116/SP";"Decrescente";"Engavetamento";1;0;0;0;0;0;0;3;0;0;3;0;2;0;3
"15/01/2024";"23:56:00";"643";"Sem vítima";"271,400";"BR-116/RJ";"Crescente";"Choque";1;0;0;0;0;0;0;0;0;0;1;0;0;0;0
"16/01/2024";"00:17:00";"22";"Sem vítima";"231,000";"BR-116/SP";"Decrescente";"Colisão lateral em sentido contrário";1;0;1;0;0;0;0;0;0;0;2;0;0;0;0
"16/01/2024";"01:40:00";"33";"Sem vítima";"36,900";"BR-116/SP";"Decrescente";"Colisão traseira";0;0;2;0;0;0;0;0;0;0;2;0;0;0;0
"16/01/2024";"06:44:00";"98";"Com vítima";"320,400";"BR-116/RJ";"Crescente";"Choque";1;0;0;0;0;0;0;0;0;0;3;2;0;0;0
"16/01/2024";"06:45:00";"99";"Sem vítima";"223,200";"BR-116/SP";"Crescente";"Colisão lateral em sentido contrário";2;0;0;0;0;0;0;0;0;0;2;0;0;0;0
"16/01/2024";"07:48:00";"147";"Com vítima";"209,500";"BR-116/SP";"Decrescente";"Choque";1;0;0;0;0;0;0;0;0;0;0;1;0;0;0
"16/01/2024";"07:50:00";"150";"Com vítima";"210,000";"BR-116/SP";"Crescente";"Colisão lateral em sentido contrário";1;0;0;1;0;0;0;0;0;0;1;1;0;0;0
"16/01/2024";"07:56:00";"153";"Sem vítima";"304,500";"BR-116/RJ";"Decrescente";"Engavetamento";3;0;0;0;0;0;0;0;0;0;3;0;0;0;0
"16/01/2024";"07:59:00";"156";"Com vítima";"217,900";"BR-116/SP";"Decrescente";"Acidentes de outra natureza";0;0;0;1;0;0;0;0;0;0;0;0;1;0;0
"16/01/2024";"08:44:00";"118";"Sem vítima";"307,400";"BR-116/RJ";"Crescente";"Colisão traseira";2;0;0;0;0;0;0;0;0;0;2;0;0;0;0
"16/01/2024";"08:45:00";"190";"Sem vítima";"147,000";"BR-116/SP";"Crescente";"Acidentes de outra natureza";1;0;0;0;0;0;0;0;0;0;0;0;0;0;0
"16/01/2024";"08:55:00";"195";"Sem vítima";"210,500";"BR-116/SP";"Crescente";"Colisão lateral em sentido contrário";1;0;1;0;0;0;0;0;0;0;2;0;0;0;0
"16/01/2024";"09:06:00";"199";"Sem vítima";"147,600";"BR-116/SP";"Decrescente";"Engavetamento";2;0;0;0;0;0;0;0;0;0;2;0;0;0;0
"16/01/2024";"09:25:00";"214";"Sem vítima";"147,700";"BR-116/SP";"Decrescente";"Colisão traseira";1;0;0;0;0;0;0;0;0;0;4;0;0;0;0
"16/01/2024";"09:35:00";"220";"Com vítima";"110,900";"BR-116/SP";"Crescente";"Colisão traseira";1;0;0;1;0;0;0;0;0;0;0;2;0;0;0
"16/01/2024";"10:06:00";"240";"Sem vítima";"285,100";"BR-116/RJ";"Decrescente";"Colisão traseira";0;0;1;0;0;0;0;0;0;0;1;0;0;0;0
"16/01/2024";"10:09:00";"243";"Com vítima";"226,350";"BR-116/RJ";"Crescente";"Tombamento";0;0;0;0;0;0;0;1;0;0;0;0;1;0;0
"16/01/2024";"10:14:00";"246";"Sem vítima";"37,600";"BR-116/SP";"Decrescente";"Colisão lateral em sentido contrário";1;0;1;0;0;0;0;0;0;0;3;0;0;0;0
"16/01/2024";"10:15:00";"248";"Com vítima";"219,000";"BR-116/SP";"Crescente";"Colisão traseira";1;0;0;1;0;0;0;0;0;0;2;1;0;0;0
"16/01/2024";"11:32:00";"292";"Com vítima";"217,800";"BR-116/SP";"Crescente";"Colisão lateral em sentido contrário";1;0;0;1;0;0;0;0;0;0;2;0;1;0;0
"16/01/2024";"11:45:00";"300";"Com vítima";"247,400";"BR-116/RJ";"Crescente";"Colisão traseira";0;0;0;1;0;0;0;0;0;0;0;0;1;0;0
"16/01/2024";"13:44:00";"352";"Com vítima";"506,000";"BR-101/RJ";"Crescente";"Colisão traseira";2;0;0;0;0;0;0;0;0;0;3;1;0;0;0
"16/01/2024";"13:54:00";"357";"Com vítima";"429,000";"BR-101/RJ";"Crescente";"Acidentes de outra natureza";0;0;0;1;0;0;0;0;0;0;0;1;0;0;0
"16/01/2024";"14:08:00";"363";"Sem vítima";"76,500";"BR-116/SP";"Crescente";"Engavetamento";3;0;0;0;0;0;0;0;0;0;3;0;0;0;0
"16/01/2024";"14:34:00";"382";"Com vítima";"109,000";"BR-116/SP";"Decrescente";"Acidentes de outra natureza";0;0;0;1;0;0;0;0;0;0;0;0;2;0;0
"16/01/2024";"17:40:00";"493";"Sem vítima";"6,900";"BR-116/SP";"Decrescente";"Choque";0;0;0;0;0;0;0;0;0;1;1;0;0;0;0
"16/01/2024";"19:11:00";"543";"Sem vítima";"61,200";"BR-116/SP";"Crescente";"Colisão traseira";2;0;0;0;0;0;0;0;0;0;0;0;0;0;0
"16/01/2024";"21:17:00";"602";"Com vítima";"227,950";"BR-116/SP";"Crescente";"Engavetamento";0;0;1;0;1;0;0;1;0;0;3;0;1;0;0
"16/01/2024";"21:46:00";"611";"Sem vítima";"297,000";"BR-116/RJ";"Crescente";"Choque";1;0;0;0;0;0;0;0;0;0;1;0;0;0;0
"17/01/2024";"06:30:00";"96";"Sem vítima";"227,500";"BR-116/SP";"Crescente";"Choque";1;0;0;0;0;0;0;0;0;0;1;0;0;0;0
"17/01/2024";"06:52:00";"111";"Sem vítima";"422,000";"BR-101/RJ";"Crescente";"Tombamento";0;0;1;0;0;0;0;0;0;0;0;0;0;0;0
"17/01/2024";"07:00:00";"117";"Com vítima";"226,100";"BR-116/SP";"Crescente";"Colisão traseira";0;0;0;1;0;0;0;0;0;0;0;0;1;0;0