data;horario;n_da_ocorrencia;tipo_de_ocorrencia;km;trecho;sentido;tipo_de_acidente;automovel;bicicleta;caminhao;moto;onibus;outros;tracao_animal;transporte_de_cargas_especiais;trator_maquinas;utilitarios;ilesos;levemente_feridos;moderadamente_feridos;gravemente_feridos;mortos
"17/01/2024";"07:20:00";"135";"Sem vítima";"298,000";"BR-116/RJ";"Crescente";"Engavetamento";0;0;4;0;0;0;0;0;0;0;4;0;0;0;0
"17/01/2024";"07:54:00";"166";"Com vítima";"142,700";"BR-116/SP";"Crescente";"Colisão traseira";1;0;0;1;0;0;0;0;0;0;2;0;2;0;0
"17/01/2024";"09:06:00";"228";"Sem vítima";"195,000";"BR-116/SP";"Crescente";"Colisão traseira";2;0;0;0;0;0;0;0;0;0;3;0;0;0;0
"17/01/2024";"10:00:00";"262";"Com vítima";"152,000";"BR-116/SP";"Crescente";"Colisão traseira";1;0;0;1;0;0;0;0;0;0;1;0;1;0;0
"17/01/2024";"12:13:00";"331";"Sem vítima";"108,000";"BR-116/SP";"Decrescente";"Colisão lateral em sentido contrário";1;0;0;1;0;0;0;0;0;0;1;0;0;0;0
"17/01/2024";"12:41:00";"348";"Com vítima";"429,000";"BR-101/RJ";"Crescente";"Colisão lateral em sentido contrário";1;0;0;1;0;0;0;0;0;0;4;1;0;0;0
"17/01/2024";"13:05:00";"373";"Sem vítima";"114,200";"BR-116/SP";"Decrescente";"Colisão traseira";1;0;1;0;0;0;0;0;0;0;2;0;0;0;0
"17/01/2024";"14:58:00";"484";"Sem vítima";"571,000";"BR-101/RJ";"Decrescente";"Choque";1;0;0;0;0;0;0;0;0;0;4;0;0;0;0
"17/01/2024";"15:01:00";"488";"Sem vítima";"404,000";"BR-101/RJ";"Decrescente";"Capotamento";1;0;0;0;0;0;0;0;0;0;1;0;0;0;0
"17/01/2024";"15:25:00";"503";"Sem vítima";"211,000";"BR-116/SP";"Crescente";"Colisão lateral em sentido contrário";1;0;0;0;0;0;0;0;0;0;2;0;0;0;0
"17/01/2024";"15:55:00";"533";"Com vítima";"154,800";"BR-116/SP";"Decrescente";"Colisão traseira";0;0;0;1;0;0;0;0;0;1;1;0;0;1;0
"17/01/2024";"16:17:00";"548";"Sem vítima";"125,000";"BR-116/SP";"Crescente";"Acidentes de outra natureza";0;0;0;1;0;0;0;0;0;0;1;0;0;0;0
"17/01/2024";"16:51:00";"567";"Com vítima";"36,000";"BR-101/SP";"Decrescente";"Colisão lateral em sentido contrário";1;0;0;1;0;0;0;0;0;0;2;0;1;0;0
"17/01/2024";"17:29:00";"592";"Sem vítima";"493,000";"BR-101/RJ";"Crescente";"Choque";0;0;1;0;0;0;0;0;0;0;1;0;0;0;0
"17/01/2024";"19:02:00";"662";"Sem vítima";"284,600";"BR-116/RJ";"Decrescente";"Choque";0;0;0;0;0;0;0;0;0;1;0;0;0;0;0
"17/01/2024";"19:35:00";"684";"Sem vítima";"81,000";"BR-116/SP";"Decrescente";"Acidentes de outra natureza";1;0;0;0;0;0;0;0;0;0;0;0;0;0;0
"17/01/2024";"19:37:00";"686";"Com vítima";"230,000";"BR-116/SP";"Decrescente";"Colisão lateral em sentido contrário";0;0;0;1;0;0;0;0;0;0;0;0;0;1;0
"17/01/2024";"20:27:00";"721";"Sem vítima";"115,000";"BR-116/SP";"Decrescente";"Acidentes de outra natureza";1;0;0;0;0;0;0;0;0;0;0;0;0;0;0
"17/01/2024";"21:11:00";"739";"Sem vítima";"75,010";"BR-116/SP";"Crescente";"Colisão traseira";2;0;0;0;0;0;0;0;0;0;0;0;0;0;0
"17/01/2024";"21:46:00";"761";"Com vítima";"205,100";"BR-116/SP";"Decrescente";"Colisão traseira";0;0;1;1;0;0;0;0;0;0;1;0;0;1;0
"18/01/2024";"00:00:00";"509";"Com vítima";"563,000";"BR-101/RJ";"Decrescente";"Capotamento";1;0;0;0;0;0;0;0;0;0;0;1;0;0;0
"18/01/2024";"00:00:00";"739";"Sem vítima";"71,000";"BR-116/SP";"Decrescente";"Colisão traseira";0;0;1;0;0;0;0;1;0;0;2;0;0;0;0
"18/01/2024";"00:09:00";"21";"Sem vítima";"5,800";"BR-116/SP";"Decrescente";"Choque";0;0;0;0;0;0;0;0;0;1;0;0;0;0;0
"18/01/2024";"00:57:00";"30";"Sem vítima";"322,000";"BR-116/RJ";"Crescente";"Acidentes de outra natureza";0;0;0;0;0;0;0;1;0;0;0;0;0;0;0
"18/01/2024";"04:20:00";"67";"Com vítima";"215,800";"BR-116/SP";"Crescente";"Colisão traseira";0;0;1;0;0;0;0;1;0;0;0;3;0;1;1
"18/01/2024";"05:04:00";"78";"Com vítima";"215,000";"BR-116/SP";"Decrescente";"Atropelamento de pedestre";1;0;0;0;0;0;0;0;0;0;3;0;1;0;0
"18/01/2024";"06:25:00";"115";"Sem vítima";"215,000";"BR-116/SP";"Crescente";"Acidentes de outra natureza";1;0;0;0;0;0;0;0;0;0;0;0;0;0;0
"18/01/2024";"07:49:00";"188";"Com vítima";"229,100";"BR-116/SP";"Crescente";"Acidentes de outra natureza";0;0;0;1;0;0;0;0;0;0;0;1;0;0;0
"18/01/2024";"08:19:00";"201";"Sem vítima";"227,000";"BR-116/SP";"Crescente";"Engavetamento";1;0;0;0;0;0;0;0;0;0;1;0;0;0;0
"18/01/2024";"08:28:00";"208";"Com vítima";"221,600";"BR-116/SP";"Decrescente";"Engavetamento";2;0;0;1;0;0;0;0;0;0;2;1;0;0;0
"18/01/2024";"09:25:00";"257";"Sem vítima";"208,300";"BR-116/SP";"Crescente";"Colisão traseira";1;0;0;0;0;0;0;1;0;0;0;0;0;0;0
"18/01/2024";"09:39:00";"267";"Com vítima";"49,000";"BR-101/SP";"Crescente";"Colisão lateral em sentido contrário";0;0;0;1;0;0;0;0;0;0;0;1;0;0;0
"18/01/2024";"09:42:00";"273";"Com vítima";"136,100";"BR-116/SP";"Decrescente";"Acidentes de outra natureza";0;0;0;1;0;0;0;0;0;0;0;2;0;0;0
"18/01/2024";"10:50:00";"324";"Sem vítima";"90,000";"BR-116/SP";"Decrescente";"Acidentes de outra natureza";1;0;0;0;0;0;0;0;0;0;0;0;0;0;0
"18/01/2024";"10:58:00";"334";"Com vítima";"45,500";"BR-101/SP";"Crescente";"Colisão lateral em sentido contrário";1;0;0;1;0;0;0;0;0;0;1;1;0;0;0
"18/01/2024";"11:42:00";"359";"Sem vítima";"504,000";"BR-101/RJ";"Crescente";"Colisão lateral em sentido contrário";2;0;0;0;0;0;0;0;0;0;2;0;0;0;0
"18/01/2024";"11:54:00";"367";"Com vítima";"508,000";"BR-101/RJ";"Crescente";"Colisão lateral em sentido contrário";0;0;0;1;0;0;0;0;0;1;1;1;0;0;0
"18/01/2024";"12:24:00";"385";"Com vítima";"208,000";"BR-116/SP";"Decrescente";"Colisão lateral em sentido contrário";1;0;0;0;0;0;0;1;0;0;2;1;0;0;0
"18/01/2024";"15:02:00";"487";"Sem vítima";"229,000";"BR-116/SP";"Crescente";"Colisão traseira";0;0;0;1;0;0;0;0;0;1;3;0;0;0;0
"18/01/2024";"17:18:00";"564";"Sem vítima";"576,000";"BR-101/RJ";"Crescente";"Colisão frontal";2;0;0;0;0;0;0;0;0;0;2;0;0;0;0
"18/01/2024";"17:23:00";"567";"Sem vítima";"320,300";"BR-116/RJ";"Decrescente";"Choque";1;0;0;0;0;0;0;0;0;0;1;0;0;0;0
"18/01/2024";"18:19:00";"599";"Com vítima";"217,000";"BR-116/SP";"Crescente";"Colisão lateral em sentido contrário";1;0;0;1;0;0;0;0;0;0;0;2;0;0;0
"18/01/2024";"19:28:00";"643";"Com vítima";"51,000";"BR-101/SP";"Crescente";"Atropelamento de pedestre";0;1;0;1;0;0;0;0;0;0;0;1;0;0;0
"18/01/2024";"19:33:00";"647";"Sem vítima";"546,000";"BR-101/RJ";"Crescente";"Colisão lateral em sentido contrário";2;0;0;0;0;0;0;0;0;0;2;0;0;0;0
"18/01/2024";"19:48:00";"660";"Sem vítima";"71,200";"BR-116/SP";"Crescente";"Choque";0;0;0;0;0;0;0;2;0;0;2;0;0;0;0
"18/01/2024";"20:23:00";"669";"Com vítima";"222,000";"BR-116/SP";"Crescente";"Atropelamento de pedestre";1;0;0;0;0;0;0;0;0;0;4;0;0;0;1
"18/01/2024";"20:41:00";"677";"Sem vítima";"230,000";"BR-116/SP";"Decrescente";"Engavetamento";2;0;0;0;0;0;0;0;0;0;5;0;0;0;0
"18/01/2024";"22:20:00";"717";"Sem vítima";"518,000";"BR-101/RJ";"Crescente";"Choque";1;0;0;0;0;0;0;0;0;0;2;0;0;0;0
"19/01/2024";"00:53:00";"27";"Sem vítima";"209,900";"BR-116/SP";"Crescente";"Colisão traseira";0;0;1;0;0;0;0;0;0;0;2;0;0;0;0
"19/01/2024";"02:46:00";"46";"Com vítima";"212,600";"BR-116/SP";"Decrescente";"Capotamento";1;0;0;0;0;0;0;0;0;0;0;2;1;0;0
"19/01/2024";"04:25:00";"62";"Sem vítima";"231,000";"BR-116/RJ";"Decrescente";"Choque";0;0;0;0;0;0;0;1;0;0;0;0;0;0;0
"19/01/2024";"05:12:00";"71";"Sem vítima";"477,000";"BR-101/RJ";"Decrescente";"Capotamento";1;0;0;0;0;0;0;0;0;0;0;0;0;0;0
"19/01/2024";"06:32:00";"108";"Sem vítima";"390,000";"BR-101/RJ";"Decrescente";"Choque";1;0;0;0;0;0;0;0;0;0;1;0;0;0;0
"19/01/2024";"07:38:00";"164";"Sem vítima";"413,000";"BR-101/RJ";"Decrescente";"Choque";1;0;0;0;0;0;0;0;0;0;4;0;0;0;0
"19/01/2024";"07:50:00";"176";"Sem vítima";"412,900";"BR-101/RJ";"Decrescente";"Choque";1;0;0;0;0;0;0;0;0;0;0;0;0;0;0
"19/01/2024";"08:03:00";"185";"Com vítima";"477,000";"BR-101/RJ";"Crescente";"Colisão lateral em sentido contrário";1;0;0;1;0;0;0;0;0;0;1;1;0;0;0
"19/01/2024";"11:07:00";"297";"Sem vítima";"495,000";"BR-101/RJ";"Decrescente";"Acidentes de outra natureza";0;0;0;1;0;0;0;0;0;0;1;0;0;0;0
"19/01/2024";"11:16:00";"304";"Com vítima";"236,000";"BR-116/RJ";"Crescente";"Choque";1;0;0;0;0;0;0;0;0;0;0;3;0;0;0
"19/01/2024";"11:32:00";"312";"Com vítima";"59,000";"BR-116/SP";"Decrescente";"Colisão lateral em sentido contrário";1;0;0;1;0;0;0;0;0;0;1;0;1;0;0
"19/01/2024";"12:00:00";"324";"Com vítima";"418,000";"BR-101/RJ";"Crescente";"Queda de moto";0;0;0;1;0;0;0;0;0;0;0;1;0;0;0
"19/01/2024";"12:08:00";"328";"Sem vítima";"113,100";"BR-116/SP";"Decrescente";"Colisão traseira";2;0;0;0;0;0;0;0;0;0;2;0;0;0;0
"19/01/2024";"12:14:00";"333";"Com vítima";"92,400";"BR-116/SP";"Crescente";"Colisão traseira";1;0;1;0;0;0;0;0;0;0;2;1;0;0;0
"19/01/2024";"12:17:00";"334";"Com vítima";"98,900";"BR-116/SP";"Crescente";"Engavetamento";0;0;0;0;0;0;0;3;0;0;4;1;0;0;0
"19/01/2024";"12:40:00";"341";"Sem vítima";"112,000";"BR-116/SP";"Decrescente";"Colisão traseira";1;0;0;0;0;0;0;0;0;0;1;0;0;0;0
"19/01/2024";"13:40:00";"366";"Sem vítima";"117,000";"BR-116/SP";"Crescente";"Colisão lateral em sentido contrário";1;0;0;0;0;0;0;0;0;0;2;0;0;0;0
"19/01/2024";"13:55:00";"373";"Com vítima";"482,000";"BR-101/RJ";"Decrescente";"Colisão lateral em sentido contrário";1;0;0;0;1;0;0;0;0;0;1;1;0;0;0
"19/01/2024";"17:17:00";"504";"Sem vítima";"106,200";"BR-116/SP";"Decrescente";"Colisão traseira";0;0;0;1;0;0;0;0;0;0;0;0;0;0;0
"19/01/2024";"18:14:00";"545";"Sem vítima";"99,000";"BR-116/SP";"Decrescente";"Acidentes de outra natureza";1;0;0;0;0;0;0;0;0;0;0;0;0;0;0
"19/01/2024";"18:35:00";"557";"Sem vítima";"72,000";"BR-116/SP";"Decrescente";"Colisão traseira";0;0;0;0;0;0;0;0;0;1;3;0;0;0;0
"19/01/2024";"20:54:00";"644";"Com vítima";"303,400";"BR-116/RJ";"Decrescente";"Colisão lateral em sentido contrário";2;0;0;0;0;0;0;0;0;0;1;1;1;0;0
"19/01/2024";"21:01:00";"646";"Com vítima";"217,000";"BR-116/SP";"Decrescente";"Acidentes de outra natureza";0;0;0;1;0;0;0;0;0;0;0;1;0;0;0
"19/01/2024";"23:17:00";"696";"Com vítima";"152,000";"BR-116/SP";"Crescente";"Colisão traseira";0;0;1;1;0;0;0;0;0;0;1;0;0;0;1
"20/01/2024";"03:18:00";"61";"Com vítima";"145,000";"BR-116/SP";"Decrescente";"Colisão traseira";2;0;0;0;0;0;0;0;0;0;1;1;0;0;0
"20/01/2024";"05:31:00";"84";"Sem vítima";"229,000";"BR-116/RJ";"Decrescente";"Capotamento";1;0;0;0;0;0;0;0;0;0;3;0;0;0;0
"20/01/2024";"05:40:00";"85";"Com vítima";"81,000";"BR-116/SP";"Decrescente";"Colisão traseira";1;0;1;0;0;0;0;0;0;0;1;0;1;0;0
"20/01/2024";"06:19:00";"100";"Com vítima";"141,000";"BR-116/SP";"Decrescente";"Colisão lateral em sentido contrário";1;0;1;0;0;0;0;0;0;0;0;0;2;3;1
"20/01/2024";"07:31:00";"143";"Com vítima";"39,000";"BR-101/SP";"Decrescente";"Colisão traseira";1;0;0;1;0;0;0;0;0;0;1;1;0;0;0
"20/01/2024";"09:32:00";"246";"Sem vítima";"384,000";"BR-101/RJ";"Decrescente";"Colisão traseira";2;0;0;0;0;0;0;0;0;0;0;0;0;0;0
"20/01/2024";"12:03:00";"368";"Sem vítima";"481,000";"BR-101/RJ";"Decrescente";"Colisão traseira";2;0;0;0;0;0;0;0;0;0;6;0;0;0;0
"20/01/2024";"12:42:00";"394";"Sem vítima";"107,000";"BR-116/SP";"Decrescente";"Colisão lateral em sentido contrário";1;0;1;0;0;0;0;0;0;0;2;0;0;0;0
"20/01/2024";"12:58:00";"405";"Com vítima";"169,000";"BR-116/SP";"Crescente";"Colisão lateral em sentido contrário";1;0;1;0;0;0;0;0;0;0;2;2;0;0;0
"20/01/2024";"13:04:00";"408";"Sem vítima";"107,000";"BR-116/SP";"Decrescente";"Colisão lateral em sentido contrário";1;0;1;0;0;0;0;0;0;0;0;0;0;0;0
"20/01/2024";"13:33:00";"423";"Com vítima";"221,000";"BR-116/SP";"Crescente";"Colisão lateral em sentido contrário";1;0;0;1;0;0;0;0;0;0;1;1;1;0;0
"20/01/2024";"16:41:00";"528";"Com vítima";"32,000";"BR-101/SP";"Decrescente";"Colisão lateral em sentido contrário";1;0;0;1;0;0;0;0;0;0;2;2;0;0;0
"20/01/2024";"16:42:00";"529";"Com vítima";"225,500";"BR-116/SP";"Crescente";"Tombamento";1;0;1;0;0;0;0;0;0;0;2;1;0;0;0
"20/01/2024";"18:15:00";"574";"Com vítima";"438,000";"BR-101/RJ";"Crescente";"Colisão lateral em sentido contrário";2;0;0;0;0;0;0;0;0;0;3;2;1;0;0
"20/01/2024";"20:41:00";"655";"Com vítima";"52,000";"BR-101/SP";"Decrescente";"Colisão lateral em sentido contrário";1;0;0;1;0;0;0;0;0;0;3;1;0;0;0
"20/01/2024";"21:14:00";"670";"Com vítima";"44,000";"BR-101/SP";"Crescente";"Colisão frontal";1;0;0;1;0;0;0;0;0;0;1;0;1;0;0
"20/01/2024";"22:07:00";"693";"Com vítima";"318,000";"BR-116/RJ";"Crescente";"Colisão traseira";1;0;0;0;0;0;0;0;0;1;0;2;0;0;0
"20/01/2024";"23:05:00";"714";"Sem vítima";"5,000";"BR-101/SP";"Decrescente";"Choque";1;0;0;0;0;0;0;0;0;0;1;0;0;0;0
"20/01/2024";"23:34:00";"719";"Sem vítima";"171,200";"BR-116/SP";"Decrescente";"Colisão traseira";2;0;0;0;0;0;0;0;0;0;5;0;0;0;0
"20/01/2024";"23:40:00";"722";"Com vítima";"406,000";"BR-101/RJ";"Crescente";"Colisão traseira";0;0;0;1;0;0;0;0;0;1;1;1;0;0;0
"21/01/2024";"00:46:00";"26";"Sem vítima";"2,000";"BR-116/SP";"Decrescente";"Choque";1;0;0;0;0;0;0;0;0;0;1;0;0;0;0
"21/01/2024";"05:49:00";"87";"Com vítima";"224,000";"BR-116/SP";"Crescente";"Capotamento";1;0;0;0;0;0;0;0;0;0;0;1;0;0;0
"21/01/2024";"06:05:00";"91";"Sem vítima";"408,000";"BR-101/RJ";"Crescente";"Choque";1;0;0;0;0;0;0;0;0;0;1;0;0;0;0
"21/01/2024";"10:29:00";"219";"Sem vítima";"40,000";"BR-101/SP";"Decrescente";"Colisão traseira";2;0;0;0;0;0;0;0;0;0;0;0;0;0;0
"21/01/2024";"11:05:00";"236";"Sem vítima";"210,000";"BR-116/SP";"Crescente";"Colisão lateral em sentido contrário";1;0;1;0;0;0;0;0;0;0;3;0;0;0;0
"21/01/2024";"12:12:00";"265";"Sem vítima";"153,000";"BR-116/SP";"Crescente";"Engavetamento";3;0;0;0;0;0;0;0;0;0;3;0;0;0;0
"21/01/2024";"13:34:00";"300";"Sem vítima";"501,000";"BR-101/RJ";"Decrescente";"Colisão traseira";2;0;0;0;0;0;0;0;0;0;6;0;0;0;0
"21/01/2024";"13:44:00";"302";"Sem vítima";"113,000";"BR-116/SP";"Crescente";"Colisão traseira";2;0;0;0;0;0;0;0;0;0;2;0;0;0;0
"21/01/2024";"13:54:00";"308";"Sem vítima";"240,000";"BR-116/RJ";"Decrescente";"Colisão traseira";2;0;0;0;0;0;0;0;0;0;4;0;0;0;0
"21/01/2024";"14:56:00";"335";"Sem vítima";"88,000";"BR-116/SP";"Crescente";"Choque";1;0;0;0;0;0;0;0;0;0;4;0;0;0;0
"21/01/2024";"16:09:00";"389";"Sem vítima";"225,000";"BR-116/SP";"Decrescente";"Acidentes de outra natureza";0;0;0;1;0;0;0;0;0;0;2;0;0;0;0
"21/01/2024";"16:56:00";"414";"Sem vítima";"248,000";"BR-116/RJ";"Decrescente";"Acidentes de outra natureza";1;0;0;0;0;0;0;0;0;0;0;0;0;0;0
"21/01/2024";"17:03:00";"420";"Sem vítima";"499,000";"BR-101/RJ";"Decrescente";"Colisão traseira";2;0;0;0;0;0;0;0;0;0;0;0;0;0;0
"21/01/2024";"17:10:00";"424";"Sem vítima";"556,900";"BR-101/RJ";"Crescente";"Capotamento";1;0;0;0;0;0;0;0;0;0;2;0;0;0;0
"21/01/2024";"17:44:00";"446";"Sem vítima";"290,000";"BR-116/RJ";"Decrescente";"Choque";1;0;0;0;0;0;0;0;0;0;0;0;0;0;0
"21/01/2024";"17:52:00";"455";"Com vítima";"247,100";"BR-116/RJ";"Decrescente";"Engavetamento";3;0;1;0;1;0;0;0;0;0;39;1;3;0;0
"21/01/2024";"18:06:00";"472";"Sem vítima";"570,000";"BR-101/RJ";"Crescente";"Choque";1;0;0;0;0;0;0;0;0;0;1;0;0;0;0
"21/01/2024";"18:32:00";"481";"Sem vítima";"230,000";"BR-116/SP";"Crescente";"Colisão traseira";2;0;0;0;0;0;0;0;0;0;4;0;0;0;0
"21/01/2024";"18:49:00";"500";"Sem vítima";"528,000";"BR-101/RJ";"Decrescente";"Capotamento";1;0;0;0;0;0;0;0;0;0;1;0;0;0;0
"21/01/2024";"18:55:00";"502";"Com vítima";"291,300";"BR-116/RJ";"Decrescente";"Colisão traseira";2;0;0;0;0;0;0;0;0;0;0;0;1;0;0
"21/01/2024";"21:33:00";"567";"Com vítima";"481,000";"BR-101/RJ";"Decrescente";"Colisão frontal";2;0;0;0;0;0;0;0;0;0;0;2;0;0;0
"21/01/2024";"23:38:00";"621";"Sem vítima";"227,000";"BR-116/SP";"Decrescente";"Colisão traseira";0;0;1;0;0;0;0;0;0;0;1;0;0;0;0
"22/01/2024";"00:00:00";"681";"Com vítima";"229,200";"BR-116/SP";"Decrescente";"Colisão lateral em sentido contrário";0;0;0;1;0;0;0;0;0;0;0;0;1;0;0
"22/01/2024";"03:59:00";"52";"Com vítima";"222,000";"BR-116/SP";"Crescente";"Tombamento";3;0;0;0;0;0;0;0;0;1;4;0;1;1;0
"22/01/2024";"06:42:00";"120";"Com vítima";"49,300";"BR-101/SP";"Crescente";"Colisão traseira";0;0;0;1;0;0;0;0;0;1;1;1;0;0;0
"22/01/2024";"07:02:00";"145";"Com vítima";"221,000";"BR-116/SP";"Decrescente";"Colisão traseira";3;0;0;0;0;0;0;0;0;0;1;2;0;0;0
"22/01/2024";"07:05:00";"146";"Sem vítima";"429,000";"BR-101/RJ";"Crescente";"Choque";1;0;0;0;0;0;0;0;0;0;0;0;0;0;0
"22/01/2024";"08:00:00";"229";"Com vítima";"59,900";"BR-116/SP";"Decrescente";"Acidentes de outra natureza";0;0;0;1;0;0;0;0;0;0;0;0;2;0;0
"22/01/2024";"08:19:00";"204";"Sem vítima";"114,000";"BR-116/SP";"Decrescente";"Colisão lateral em sentido contrário";1;0;1;0;0;0;0;0;0;0;3;0;0;0;0
"22/01/2024";"09:00:00";"234";"Com vítima";"205,000";"BR-116/SP";"Crescente";"Colisão traseira";0;0;1;1;0;0;0;0;0;0;1;1;0;0;0
"22/01/2024";"09:44:00";"265";"Com vítima";"223,900";"BR-116/SP";"Crescente";"Colisão lateral em sentido contrário";0;0;0;1;0;0;0;0;0;0;0;1;0;0;0
"22/01/2024";"11:01:00";"306";"Sem vítima";"50,000";"BR-116/SP";"Crescente";"Choque";1;0;0;0;0;0;0;0;0;0;2;0;0;0;0
"22/01/2024";"11:57:00";"336";"Sem vítima";"220,000";"BR-116/SP";"Decrescente";"Colisão traseira";2;0;0;0;0;0;0;0;0;0;3;0;0;0;0
"22/01/2024";"12:46:00";"364";"Sem vítima";"229,000";"BR-116/SP";"Crescente";"Engavetamento";3;0;0;0;0;0;0;0;0;0;3;0;0;0;0
"22/01/2024";"12:47:00";"365";"Com vítima";"436,000";"BR-101/RJ";"Decrescente";"Acidentes de outra natureza";1;0;0;0;0;0;0;0;0;0;0;1;0;0;0
"22/01/2024";"13:08:00";"377";"Sem vítima";"429,000";"BR-101/RJ";"Crescente";"Choque";1;0;0;0;0;0;0;0;0;0;1;0;0;0;0
"22/01/2024";"13:36:00";"393";"Sem vítima";"517,000";"BR-101/RJ";"Decrescente";"Choque";1;0;0;0;0;0;0;0;0;0;2;0;0;0;0
"22/01/2024";"14:19:00";"409";"Com vítima";"87,000";"BR-116/SP";"Crescente";"Engavetamento";1;0;1;0;0;0;0;0;0;0;2;1;0;0;0
"22/01/2024";"16:10:00";"483";"Sem vítima";"520,000";"BR-101/RJ";"Decrescente";"Capotamento";1;0;0;0;0;0;0;0;0;0;1;0;0;0;0
"22/01/2024";"16:43:00";"502";"Com vítima";"227,300";"BR-116/SP";"Crescente";"Acidentes de outra natureza";0;0;0;1;0;0;0;0;0;0;0;2;0;0;0
"22/01/2024";"17:05:00";"513";"Com vítima";"423,000";"BR-101/RJ";"Crescente";"Colisão frontal";3;0;0;0;0;0;0;0;0;0;2;1;0;1;1
"22/01/2024";"17:56:00";"544";"Sem vítima";"228,500";"BR-116/SP";"Crescente";"Colisão lateral em sentido contrário";1;0;1;0;0;0;0;0;0;0;2;0;0;0;0
"22/01/2024";"18:11:00";"554";"Sem vítima";"261,800";"BR-116/RJ";"Crescente";"Colisão lateral em sentido contrário";1;0;1;0;0;0;0;0;0;0;5;0;0;0;0
"22/01/2024";"18:47:00";"580";"Com vítima";"556,000";"BR-101/RJ";"Crescente";"Capotamento";1;0;0;0;0;0;0;0;0;0;0;2;0;0;0
"22/01/2024";"20:27:00";"643";"Com vítima";"219,000";"BR-116/SP";"Decrescente";"Engavetamento";1;0;0;1;0;0;0;0;0;0;1;2;1;0;0
"23/01/2024";"00:00:00";"178";"Sem vítima";"219,000";"BR-116/SP";"Decrescente";"Colisão lateral em sentido contrário";2;0;0;0;0;0;0;0;0;0;2;0;0;0;0
"23/01/2024";"00:00:00";"392";"Sem vítima";"73,000";"BR-116/SP";"Decrescente";"Colisão lateral em sentido contrário";1;0;0;0;0;0;0;1;0;0;4;0;0;0;0
"23/01/2024";"05:45:00";"91";"Sem vítima";"452,000";"BR-101/RJ";"Decrescente";"Choque";1;0;0;0;0;0;0;0;0;0;1;0;0;0;0
"23/01/2024";"06:05:00";"97";"Com vítima";"498,000";"BR-101/RJ";"Decrescente";"Capotamento";1;0;0;0;0;0;0;0;0;0;3;0;1;0;0
"23/01/2024";"06:28:00";"110";"Com vítima";"210,000";"BR-116/SP";"Crescente";"Colisão lateral em sentido contrário";0;0;0;2;0;0;0;0;0;0;1;1;0;0;0
"23/01/2024";"06:32:00";"116";"Sem vítima";"240,000";"BR-116/RJ";"Crescente";"Colisão lateral em sentido contrário";1;0;1;0;0;0;0;0;0;0;3;0;0;0;0
"23/01/2024";"06:43:00";"123";"Sem vítima";"216,000";"BR-116/SP";"Crescente";"Acidentes de outra natureza";0;0;0;1;0;0;0;0;0;0;0;0;0;0;0
"23/01/2024";"06:58:00";"137";"Sem vítima";"161,000";"BR-116/SP";"Decrescente";"Colisão traseira";1;0;0;0;0;0;0;0;0;0;1;0;0;0;0
"23/01/2024";"07:47:00";"169";"Com vítima";"218,000";"BR-116/SP";"Crescente";"Colisão traseira";0;0;0;1;1;0;0;0;0;0;1;1;0;0;0
"23/01/2024";"07:48:00";"170";"Sem vítima";"319,000";"BR-116/RJ";"Decrescente";"Colisão traseira";1;0;0;0;0;0;0;0;0;0;1;0;0;0;0
"23/01/2024";"08:04:00";"181";"Sem vítima";"319,000";"BR-116/RJ";"Decrescente";"Colisão lateral em sentido contrário";1;0;0;0;0;0;0;1;0;0;2;0;0;0;0
"23/01/2024";"08:23:00";"191";"Sem vítima";"515,000";"BR-101/RJ";"Decrescente";"Colisão frontal";2;0;0;0;0;0;0;0;0;0;2;0;0;0;0
"23/01/2024";"08:25:00";"192";"Sem vítima";"472,000";"BR-101/RJ";"Decrescente";"Colisão lateral em sentido contrário";2;0;0;0;0;0;0;0;0;0;5;0;0;0;0
"23/01/2024";"09:29:00";"218";"Sem vítima";"225,000";"BR-116/SP";"Decrescente";"Engavetamento";2;0;1;1;0;0;0;1;0;1;6;0;0;0;0
"23/01/2024";"09:56:00";"234";"Sem vítima";"462,000";"BR-101/RJ";"Crescente";"Choque";1;0;0;0;0;0;0;0;0;0;4;0;0;0;0
"23/01/2024";"10:30:00";"245";"Sem vítima";"15,000";"BR-116/SP";"Crescente";"Acidentes de outra natureza";0;0;1;0;0;0;0;0;0;0;1;0;0;0;0
"23/01/2024";"12:27:00";"287";"Sem vítima";"201,000";"BR-116/SP";"Crescente";"Colisão traseira";1;0;1;0;0;0;0;0;0;0;2;0;0;0;0
"23/01/2024";"12:46:00";"293";"Com vítima";"292,000";"BR-116/RJ";"Crescente";"Queda de moto";0;0;0;1;0;0;0;0;0;0;0;1;0;0;0
"23/01/2024";"13:14:00";"302";"Sem vítima";"15,297";"BR-116/SP";"Decrescente";"Acidentes de outra natureza";1;0;0;0;0;0;0;0;0;0;0;0;0;0;0