data;horario;n_da_ocorrencia;tipo_de_ocorrencia;km;trecho;sentido;tipo_de_acidente;automovel;bicicleta;caminhao;moto;onibus;outros;tracao_animal;transporte_de_cargas_especiais;trator_maquinas;utilitarios;ilesos;levemente_feridos;moderadamente_feridos;gravemente_feridos;mortos
"23/01/2024";"14:21:00";"337";"Com vítima";"222,000";"BR-116/SP";"Crescente";"Colisão lateral em sentido contrário";0;0;1;1;0;0;0;0;0;0;1;1;0;0;0
"23/01/2024";"15:22:00";"369";"Sem vítima";"477,000";"BR-101/RJ";"Decrescente";"Colisão lateral em sentido contrário";2;0;0;0;0;0;0;0;0;0;3;0;0;0;0
"23/01/2024";"15:36:00";"376";"Sem vítima";"514,000";"BR-101/RJ";"Decrescente";"Colisão traseira";2;0;0;0;0;0;0;0;0;0;2;0;0;0;0
"23/01/2024";"16:01:00";"397";"Sem vítima";"37,000";"BR-116/SP";"Decrescente";"Choque";1;0;0;0;0;0;0;0;0;0;1;0;0;0;0
"23/01/2024";"16:04:00";"398";"Sem vítima";"17,000";"BR-116/SP";"Crescente";"Acidentes de outra natureza";0;0;1;0;0;0;0;0;0;0;0;0;0;0;0
"23/01/2024";"16:23:00";"409";"Com vítima";"66,000";"BR-116/SP";"Crescente";"Capotamento";1;0;0;0;0;0;0;0;0;0;0;2;0;0;0
"23/01/2024";"16:38:00";"419";"Sem vítima";"429,000";"BR-101/RJ";"Decrescente";"Choque";1;0;0;0;0;0;0;0;0;0;1;0;0;0;0
"23/01/2024";"17:15:00";"431";"Sem vítima";"16,000";"BR-116/SP";"Crescente";"Acidentes de outra natureza";0;0;0;0;0;0;0;1;0;0;0;0;0;0;0
"23/01/2024";"17:37:00";"447";"Sem vítima";"481,000";"BR-101/RJ";"Crescente";"Colisão lateral em sentido contrário";1;0;1;0;0;0;0;0;0;0;4;0;0;0;0
"23/01/2024";"17:52:00";"455";"Com vítima";"556,000";"BR-101/RJ";"Crescente";"Colisão lateral em sentido contrário";2;0;0;0;0;0;0;0;0;0;3;0;1;0;0
"23/01/2024";"17:55:00";"458";"Sem vítima";"387,000";"BR-101/RJ";"Crescente";"Choque";1;0;0;0;0;0;0;0;0;0;1;0;0;0;0
"23/01/2024";"18:50:00";"473";"Sem vítima";"235,800";"BR-116/RJ";"Decrescente";"Choque";0;0;1;0;0;0;0;0;0;0;2;0;0;0;0
"23/01/2024";"18:57:00";"477";"Sem vítima";"111,000";"BR-116/SP";"Decrescente";"Colisão lateral em sentido contrário";1;0;0;0;0;0;0;0;0;0;2;0;0;0;0
"23/01/2024";"21:49:00";"538";"Sem vítima";"219,800";"BR-116/SP";"Crescente";"Colisão lateral em sentido contrário";1;0;0;0;0;0;0;0;0;0;1;0;0;0;0
"23/01/2024";"22:37:00";"548";"Com vítima";"484,000";"BR-101/RJ";"Decrescente";"Colisão lateral em sentido contrário";0;0;0;1;0;0;0;0;0;0;0;0;1;0;0
"24/01/2024";"05:30:00";"64";"Sem vítima";"162,000";"BR-116/SP";"Crescente";"Choque";0;0;1;0;0;0;0;0;0;0;1;0;0;0;0
"24/01/2024";"05:47:00";"67";"Com vítima";"387,000";"BR-101/RJ";"Crescente";"Colisão lateral em sentido contrário";1;0;0;1;0;0;0;0;0;0;0;3;0;0;0
"24/01/2024";"05:54:00";"72";"Com vítima";"31,000";"BR-116/SP";"Crescente";"Colisão traseira";0;0;1;0;1;0;0;0;0;0;30;0;1;0;0
"24/01/2024";"06:04:00";"77";"Com vítima";"229,000";"BR-116/RJ";"Decrescente";"Tombamento";0;0;0;0;0;0;0;1;0;0;0;1;0;0;0
"24/01/2024";"07:01:00";"108";"Sem vítima";"245,000";"BR-116/RJ";"Crescente";"Acidentes de outra natureza";1;0;0;0;0;0;0;0;0;0;0;0;0;0;0
"24/01/2024";"08:35:00";"170";"Com vítima";"306,000";"BR-116/RJ";"Decrescente";"Colisão traseira";2;0;0;0;0;0;0;0;0;0;1;3;0;0;0
"24/01/2024";"08:39:00";"173";"Com vítima";"218,000";"BR-116/SP";"Crescente";"Engavetamento";0;0;3;0;0;0;0;1;0;0;3;1;0;0;0
"24/01/2024";"10:52:00";"258";"Sem vítima";"146,000";"BR-116/SP";"Decrescente";"Engavetamento";6;0;0;0;0;0;0;0;0;0;11;0;0;0;0
"24/01/2024";"11:10:00";"267";"Sem vítima";"15,461";"BR-116/SP";"Decrescente";"Acidentes de outra natureza";0;0;1;0;0;0;0;0;0;0;0;0;0;0;0
"24/01/2024";"11:14:00";"272";"Com vítima";"227,000";"BR-116/SP";"Crescente";"Acidentes de outra natureza";0;0;0;1;0;0;0;0;0;0;0;0;0;1;0
"24/01/2024";"13:29:00";"343";"Com vítima";"214,000";"BR-116/SP";"Crescente";"Colisão traseira";1;0;0;1;0;0;0;0;0;0;1;1;0;0;0
"24/01/2024";"14:15:00";"362";"Com vítima";"451,000";"BR-101/RJ";"Decrescente";"Choque";1;0;0;0;0;0;0;0;0;0;0;0;0;0;1
"24/01/2024";"14:55:00";"378";"Sem vítima";"447,000";"BR-101/RJ";"Decrescente";"Choque";0;0;0;0;0;0;0;0;0;1;1;0;0;0;0
"24/01/2024";"16:04:00";"421";"Com vítima";"262,000";"BR-116/RJ";"Crescente";"Capotamento";1;0;0;0;0;0;0;0;0;0;0;2;0;0;0
"24/01/2024";"16:09:00";"422";"Sem vítima";"230,000";"BR-116/SP";"Crescente";"Engavetamento";2;0;1;0;0;0;0;0;0;0;3;0;0;0;0
"24/01/2024";"17:58:00";"477";"Sem vítima";"155,800";"BR-116/SP";"Crescente";"Colisão lateral em sentido contrário";1;0;1;0;0;0;0;0;0;0;3;0;0;0;0
"24/01/2024";"18:23:00";"490";"Sem vítima";"284,500";"BR-116/RJ";"Crescente";"Choque";1;0;0;0;0;0;0;0;0;0;0;0;0;0;0
"24/01/2024";"18:57:00";"508";"Com vítima";"215,000";"BR-116/SP";"Decrescente";"Colisão traseira";1;0;0;1;0;0;0;0;0;0;2;1;0;0;0
"24/01/2024";"20:49:00";"571";"Sem vítima";"417,000";"BR-101/RJ";"Crescente";"Choque";1;0;0;0;0;0;0;0;0;0;0;0;0;0;0
"24/01/2024";"21:28:00";"590";"Com vítima";"234,700";"BR-116/RJ";"Crescente";"Choque";1;0;0;0;0;0;0;0;0;0;0;1;0;0;0
"24/01/2024";"21:30:00";"592";"Sem vítima";"37,100";"BR-116/SP";"Decrescente";"Colisão lateral em sentido contrário";0;0;1;0;0;0;0;1;0;0;2;0;0;0;0
"25/01/2024";"03:15:00";"45";"Sem vítima";"51,000";"BR-116/SP";"Decrescente";"Tombamento";0;0;1;0;0;0;0;0;0;0;1;0;0;0;0
"25/01/2024";"06:19:00";"85";"Sem vítima";"126,000";"BR-116/SP";"Crescente";"Choque";1;0;0;0;0;0;0;0;0;0;0;0;0;0;0
"25/01/2024";"06:20:00";"84";"Sem vítima";"160,200";"BR-116/SP";"Decrescente";"Colisão lateral em sentido contrário";0;0;1;1;0;0;0;0;0;0;0;0;0;0;0
"25/01/2024";"06:48:00";"106";"Sem vítima";"160,000";"BR-116/SP";"Decrescente";"Colisão lateral em sentido contrário";1;0;1;0;0;0;0;0;0;0;3;0;0;0;0
"25/01/2024";"06:57:00";"114";"Com vítima";"140,370";"BR-116/SP";"Crescente";"Colisão lateral em sentido contrário";0;0;1;1;0;0;0;0;0;0;1;0;0;0;1
"25/01/2024";"08:37:00";"189";"Com vítima";"517,650";"BR-101/RJ";"Crescente";"Colisão lateral em sentido contrário";1;0;0;1;0;0;0;0;0;0;2;1;0;0;0
"25/01/2024";"09:11:00";"214";"Sem vítima";"165,200";"BR-116/SP";"Decrescente";"Colisão lateral em sentido contrário";1;0;0;0;0;0;0;1;0;0;5;0;0;0;0
"25/01/2024";"10:39:00";"276";"Sem vítima";"542,000";"BR-101/RJ";"Decrescente";"Choque";1;0;0;0;0;0;0;0;0;0;0;0;0;0;0
"25/01/2024";"10:59:00";"288";"Com vítima";"222,000";"BR-116/SP";"Crescente";"Engavetamento";1;0;3;0;0;0;0;0;0;0;4;1;0;0;0
"25/01/2024";"11:58:00";"320";"Com vítima";"117,100";"BR-116/SP";"Decrescente";"Colisão lateral em sentido contrário";0;0;0;2;0;0;0;0;0;0;1;1;0;0;0
"25/01/2024";"12:07:00";"322";"Com vítima";"95,000";"BR-116/SP";"Decrescente";"Acidentes de outra natureza";0;0;0;1;0;0;0;0;0;0;0;1;1;0;0
"25/01/2024";"12:44:00";"344";"Com vítima";"6,800";"BR-116/SP";"Crescente";"Colisão traseira";2;0;0;0;0;0;0;0;0;0;3;1;1;0;0
"25/01/2024";"12:49:00";"347";"Sem vítima";"97,000";"BR-116/SP";"Decrescente";"Colisão traseira";0;0;2;0;0;0;0;0;0;0;2;0;0;0;0
"25/01/2024";"14:35:00";"400";"Sem vítima";"100,000";"BR-116/SP";"Decrescente";"Colisão traseira";1;0;1;0;0;0;0;0;0;0;2;0;0;0;0
"25/01/2024";"14:47:00";"404";"Com vítima";"222,000";"BR-116/SP";"Decrescente";"Colisão lateral em sentido contrário";1;0;1;0;0;0;0;0;0;0;1;1;0;0;0
"25/01/2024";"15:03:00";"413";"Sem vítima";"246,900";"BR-116/RJ";"Decrescente";"Colisão lateral em sentido contrário";1;0;0;0;0;0;0;0;0;1;6;0;0;0;0
"25/01/2024";"16:29:00";"446";"Sem vítima";"106,000";"BR-116/SP";"Crescente";"Choque";0;0;0;0;0;0;0;0;0;1;2;0;0;0;0
"25/01/2024";"19:37:00";"550";"Com vítima";"153,000";"BR-116/SP";"Crescente";"Colisão lateral em sentido contrário";1;0;0;1;0;0;0;0;0;0;0;0;1;0;0
"25/01/2024";"22:31:00";"618";"Com vítima";"47,000";"BR-101/SP";"Crescente";"Atropelamento de pedestre";0;0;0;0;0;0;0;0;0;0;0;1;0;0;0
"25/01/2024";"23:04:00";"631";"Com vítima";"50,000";"BR-101/SP";"Crescente";"Colisão lateral em sentido contrário";1;0;0;1;0;0;0;0;0;0;1;1;0;0;0
"26/01/2024";"00:00:00";"100";"Sem vítima";"199,400";"BR-116/SP";"Decrescente";"Choque";0;0;1;0;0;0;0;0;0;0;1;0;0;0;0
"26/01/2024";"00:41:00";"31";"Sem vítima";"515,000";"BR-101/RJ";"Decrescente";"Choque";1;0;0;0;0;0;0;0;0;0;0;0;0;0;0
"26/01/2024";"01:34:00";"48";"Sem vítima";"157,000";"BR-116/SP";"Decrescente";"Choque";1;0;0;0;0;0;0;0;0;0;2;0;0;0;0
"26/01/2024";"02:47:00";"55";"Sem vítima";"478,000";"BR-101/RJ";"Crescente";"Acidentes de outra natureza";1;0;0;0;0;0;0;0;0;0;2;0;0;0;0
"26/01/2024";"03:35:00";"62";"Sem vítima";"231,000";"BR-116/RJ";"Decrescente";"Choque";1;0;0;0;0;0;0;0;0;0;1;0;0;0;0
"26/01/2024";"04:24:00";"71";"Com vítima";"410,000";"BR-101/RJ";"Decrescente";"Acidentes de outra natureza";0;0;0;1;0;0;0;0;0;0;0;0;1;0;0
"26/01/2024";"05:23:00";"80";"Com vítima";"218,000";"BR-116/SP";"Decrescente";"Choque";0;0;0;1;0;0;0;0;0;0;0;0;1;0;0
"26/01/2024";"05:30:00";"82";"Sem vítima";"172,100";"BR-116/SP";"Decrescente";"Colisão lateral em sentido contrário";1;0;0;0;0;0;0;0;0;0;5;0;0;0;0
"26/01/2024";"05:51:00";"92";"Sem vítima";"218,300";"BR-116/SP";"Crescente";"Engavetamento";3;0;0;0;0;0;0;0;0;1;7;0;0;0;0
"26/01/2024";"07:19:00";"149";"Sem vítima";"208,000";"BR-116/SP";"Crescente";"Colisão lateral em sentido contrário";1;0;1;0;0;0;0;0;0;0;2;0;0;0;0
"26/01/2024";"07:51:00";"177";"Sem vítima";"161,000";"BR-116/SP";"Decrescente";"Colisão traseira";0;0;2;0;0;0;0;0;0;0;2;0;0;0;0
"26/01/2024";"08:40:00";"209";"Com vítima";"386,000";"BR-101/RJ";"Decrescente";"Colisão lateral em sentido contrário";0;0;0;1;1;0;0;0;0;0;0;1;0;0;0
"26/01/2024";"09:08:00";"231";"Com vítima";"168,000";"BR-116/SP";"Decrescente";"Atropelamento de pedestre";1;0;0;1;0;0;0;0;0;0;2;0;1;0;0
"26/01/2024";"10:06:00";"265";"Com vítima";"482,000";"BR-101/RJ";"Decrescente";"Colisão lateral em sentido contrário";1;0;0;0;1;0;0;0;0;0;24;1;0;0;0
"26/01/2024";"11:54:00";"334";"Sem vítima";"228,000";"BR-116/SP";"Crescente";"Colisão traseira";2;0;0;0;0;0;0;0;0;0;4;0;0;0;0
"26/01/2024";"13:31:00";"381";"Com vítima";"121,700";"BR-116/SP";"Crescente";"Tombamento";0;0;1;0;0;0;0;0;0;0;0;1;1;0;0
"26/01/2024";"15:26:00";"440";"Sem vítima";"290,000";"BR-116/RJ";"Decrescente";"Colisão traseira";2;0;0;0;0;0;0;0;0;0;2;0;0;0;0
"26/01/2024";"15:34:00";"448";"Sem vítima";"491,000";"BR-101/RJ";"Decrescente";"Choque";1;0;0;0;0;0;0;0;0;0;2;0;0;0;0
"26/01/2024";"17:59:00";"516";"Com vítima";"204,000";"BR-116/SP";"Decrescente";"Colisão traseira";1;0;0;1;0;0;0;0;0;0;1;1;0;0;0
"26/01/2024";"22:12:00";"635";"Com vítima";"316,000";"BR-116/RJ";"Crescente";"Choque";1;0;0;0;0;0;0;0;0;0;0;1;0;0;0
"26/01/2024";"22:25:00";"640";"Sem vítima";"30,600";"BR-116/SP";"Crescente";"Choque";1;0;0;0;0;0;0;0;0;0;0;0;0;0;0
"27/01/2024";"00:00:00";"31";"Com vítima";"64,500";"BR-116/SP";"Crescente";"Colisão traseira";1;0;0;0;0;0;0;0;0;0;0;0;1;0;0
"27/01/2024";"00:26:00";"27";"Com vítima";"107,000";"BR-116/SP";"Decrescente";"Atropelamento de pedestre";0;0;0;1;0;0;0;0;0;0;0;1;0;0;0
"27/01/2024";"03:44:00";"59";"Com vítima";"521,000";"BR-101/RJ";"Decrescente";"Acidentes de outra natureza";1;0;0;0;0;0;0;0;0;0;0;0;1;0;0
"27/01/2024";"05:57:00";"71";"Sem vítima";"393,000";"BR-101/RJ";"Decrescente";"Acidentes de outra natureza";1;0;0;0;0;0;0;0;0;0;0;0;0;0;0
"27/01/2024";"06:46:00";"94";"Com vítima";"210,000";"BR-116/SP";"Crescente";"Acidentes de outra natureza";0;0;0;1;0;0;0;0;0;0;0;1;0;0;0
"27/01/2024";"06:52:00";"98";"Com vítima";"207,000";"BR-116/SP";"Crescente";"Colisão lateral em sentido contrário";2;0;0;0;0;0;0;0;0;0;1;2;0;0;0
"27/01/2024";"08:08:00";"143";"Com vítima";"141,000";"BR-116/SP";"Decrescente";"Colisão traseira";0;0;0;1;0;0;0;0;0;0;0;1;1;0;0
"27/01/2024";"08:52:00";"151";"Com vítima";"226,100";"BR-116/SP";"Decrescente";"Acidentes de outra natureza";0;0;0;1;0;0;0;0;0;0;0;1;1;0;0
"27/01/2024";"08:53:00";"153";"Sem vítima";"134,000";"BR-116/SP";"Crescente";"Colisão lateral em sentido contrário";1;0;1;0;0;0;0;0;0;0;3;0;0;0;0
"27/01/2024";"10:11:00";"187";"Sem vítima";"182,000";"BR-116/SP";"Decrescente";"Engavetamento";3;0;0;0;0;0;0;0;0;0;8;0;0;0;0
"27/01/2024";"10:46:00";"208";"Sem vítima";"323,000";"BR-116/RJ";"Crescente";"Colisão traseira";1;0;0;0;0;0;0;0;0;1;3;0;0;0;0
"27/01/2024";"11:00:00";"212";"Com vítima";"309,000";"BR-116/RJ";"Crescente";"Colisão lateral em sentido contrário";1;0;0;1;0;0;0;0;0;0;1;1;0;0;0
"27/01/2024";"12:37:00";"259";"Sem vítima";"219,000";"BR-116/SP";"Decrescente";"Colisão traseira";2;0;0;0;0;0;0;0;0;0;2;0;0;0;0
"27/01/2024";"12:48:00";"263";"Com vítima";"409,000";"BR-101/RJ";"Decrescente";"Colisão lateral em sentido contrário";1;0;0;1;0;0;0;0;0;0;1;1;0;0;0
"27/01/2024";"13:11:00";"276";"Sem vítima";"481,000";"BR-101/RJ";"Crescente";"Engavetamento";1;0;0;0;0;0;0;0;0;0;1;0;0;0;0
"27/01/2024";"13:28:00";"284";"Com vítima";"223,900";"BR-116/SP";"Crescente";"Acidentes de outra natureza";0;0;0;1;0;0;0;0;0;0;1;1;0;0;0
"27/01/2024";"13:31:00";"287";"Sem vítima";"122,600";"BR-116/SP";"Crescente";"Colisão traseira";2;0;0;0;0;0;0;0;0;0;5;0;0;0;0
"27/01/2024";"14:42:00";"320";"Com vítima";"26,000";"BR-116/SP";"Decrescente";"Colisão traseira";1;0;1;0;0;0;0;0;0;0;1;0;1;0;0
"27/01/2024";"15:12:00";"336";"Com vítima";"462,000";"BR-101/RJ";"Crescente";"Choque";1;0;0;0;0;0;0;0;0;0;0;2;0;0;0
"27/01/2024";"16:09:00";"363";"Sem vítima";"70,000";"BR-116/SP";"Decrescente";"Acidentes de outra natureza";1;0;0;0;0;0;0;0;0;0;0;0;0;0;0
"27/01/2024";"17:45:00";"400";"Com vítima";"411,500";"BR-101/RJ";"Crescente";"Acidentes de outra natureza";0;0;0;1;0;0;0;0;0;0;0;2;0;0;0
"27/01/2024";"19:13:00";"439";"Sem vítima";"468,000";"BR-101/RJ";"Crescente";"Choque";1;0;0;0;0;0;0;0;0;0;1;0;0;0;0
"27/01/2024";"19:16:00";"440";"Com vítima";"513,000";"BR-101/RJ";"Decrescente";"Colisão traseira";2;0;0;0;0;0;0;0;0;0;4;1;0;0;0
"27/01/2024";"20:25:00";"459";"Com vítima";"384,000";"BR-101/RJ";"Decrescente";"Colisão lateral em sentido contrário";1;0;0;1;0;0;0;0;0;0;1;1;0;0;0
"27/01/2024";"22:29:00";"493";"Com vítima";"486,000";"BR-101/RJ";"Crescente";"Colisão lateral em sentido contrário";2;0;0;0;0;0;0;0;0;0;2;0;1;0;0
"27/01/2024";"22:47:00";"496";"Sem vítima";"220,000";"BR-116/SP";"Decrescente";"Acidentes de outra natureza";0;0;0;1;0;0;0;0;0;0;1;0;0;0;0
"27/01/2024";"22:54:00";"497";"Com vítima";"487,000";"BR-101/RJ";"Decrescente";"Choque";1;0;0;0;0;0;0;0;0;0;0;0;2;0;0
"28/01/2024";"00:00:00";"141";"Sem vítima";"96,300";"BR-116/SP";"Decrescente";"Engavetamento";2;0;0;0;0;0;0;0;0;0;7;0;0;0;0
"28/01/2024";"00:00:00";"416";"Com vítima";"316,700";"BR-116/RJ";"Decrescente";"Acidentes de outra natureza";0;0;0;1;0;0;0;0;0;0;0;0;0;1;0
"28/01/2024";"00:10:00";"22";"Sem vítima";"314,000";"BR-116/RJ";"Decrescente";"Choque";1;0;0;0;0;0;0;0;0;0;2;0;0;0;0
"28/01/2024";"00:43:00";"28";"Com vítima";"69,000";"BR-116/SP";"Decrescente";"Colisão frontal";3;0;0;0;0;0;0;0;0;0;7;0;1;0;0
"28/01/2024";"02:01:00";"38";"Sem vítima";"465,000";"BR-101/RJ";"Crescente";"Choque";1;0;0;0;0;0;0;0;0;0;1;0;0;0;0
"28/01/2024";"07:20:00";"90";"Sem vítima";"313,400";"BR-116/RJ";"Decrescente";"Choque";0;0;0;0;0;0;0;1;0;0;1;0;0;0;0
"28/01/2024";"12:06:00";"182";"Sem vítima";"230,300";"BR-116/SP";"Crescente";"Engavetamento";2;0;0;0;0;0;0;0;0;0;3;0;0;0;0
"28/01/2024";"13:29:00";"218";"Com vítima";"15,000";"BR-101/SP";"Decrescente";"Colisão frontal";1;0;0;1;0;0;0;0;0;0;1;0;2;0;0
"28/01/2024";"14:21:00";"242";"Com vítima";"330,000";"BR-116/RJ";"Crescente";"Acidentes de outra natureza";0;0;0;1;0;0;0;0;0;0;1;1;0;0;0
"28/01/2024";"14:34:00";"249";"Sem vítima";"296,000";"BR-116/RJ";"Crescente";"Choque";1;0;0;0;0;0;0;0;0;0;2;0;0;0;0
"28/01/2024";"15:36:00";"280";"Com vítima";"220,000";"BR-116/SP";"Decrescente";"Engavetamento";2;0;0;1;0;0;0;0;0;0;4;2;0;0;0
"28/01/2024";"15:48:00";"285";"Com vítima";"530,000";"BR-101/RJ";"Crescente";"Colisão frontal";2;0;0;0;0;0;0;0;0;0;0;6;0;0;0
"28/01/2024";"16:02:00";"290";"Com vítima";"296,000";"BR-116/RJ";"Decrescente";"Choque";1;0;0;0;0;0;0;0;0;0;0;2;0;0;0
"28/01/2024";"16:08:00";"292";"Com vítima";"263,000";"BR-116/RJ";"Crescente";"Capotamento";0;0;0;0;0;0;0;0;0;1;0;4;0;0;0
"28/01/2024";"16:39:00";"305";"Com vítima";"530,000";"BR-101/RJ";"Decrescente";"Colisão frontal";2;0;0;0;0;0;0;0;0;0;0;0;0;2;0
"28/01/2024";"16:41:00";"307";"Sem vítima";"295,200";"BR-116/RJ";"Crescente";"Choque";1;0;0;0;0;0;0;0;0;0;1;0;0;0;0
"28/01/2024";"17:08:00";"323";"Sem vítima";"528,000";"BR-101/RJ";"Decrescente";"Choque";1;0;0;0;0;0;0;0;0;0;1;0;0;0;0
"28/01/2024";"17:15:00";"327";"Sem vítima";"102,000";"BR-116/SP";"Crescente";"Choque";1;0;0;0;0;0;0;0;0;0;0;0;0;0;0
"28/01/2024";"17:18:00";"329";"Com vítima";"108,000";"BR-116/SP";"Crescente";"Atropelamento de pedestre";1;0;0;0;0;0;0;0;0;0;0;0;1;0;0
"28/01/2024";"18:56:00";"378";"Com vítima";"289,000";"BR-116/RJ";"Decrescente";"Capotamento";1;0;0;0;0;0;0;0;0;0;0;1;0;0;0
"28/01/2024";"19:28:00";"390";"Com vítima";"386,000";"BR-101/RJ";"Decrescente";"Choque";1;0;0;0;0;0;0;0;0;0;0;1;0;0;0
"28/01/2024";"20:21:00";"409";"Sem vítima";"386,000";"BR-101/RJ";"Decrescente";"Acidentes de outra natureza";0;0;0;0;0;0;0;0;0;1;3;0;0;0;0
"28/01/2024";"21:00:00";"274";"Com vítima";"232,000";"BR-116/RJ";"Decrescente";"Choque";1;0;0;0;0;0;0;0;0;0;0;4;0;0;0
"29/01/2024";"00:00:00";"454";"Com vítima";"485,000";"BR-101/RJ";"Crescente";"Atropelamento de pedestre";0;0;1;0;0;0;0;0;0;0;1;0;0;0;1
"29/01/2024";"00:00:00";"532";"Sem vítima";"147,000";"BR-116/SP";"Decrescente";"Colisão traseira";1;0;0;0;0;0;0;0;0;0;1;0;0;0;0
"29/01/2024";"03:25:00";"44";"Com vítima";"144,350";"BR-116/SP";"Decrescente";"Choque";1;0;0;0;0;0;0;0;0;0;0;0;1;0;0
"29/01/2024";"05:51:00";"77";"Com vítima";"210,000";"BR-116/SP";"Crescente";"Colisão lateral em sentido contrário";0;0;0;2;0;0;0;0;0;0;0;2;0;0;0
"29/01/2024";"06:30:00";"100";"Com vítima";"312,400";"BR-116/RJ";"Decrescente";"Choque";1;0;0;0;0;0;0;0;0;0;0;1;0;0;0
"29/01/2024";"07:46:00";"153";"Sem vítima";"223,000";"BR-116/SP";"Decrescente";"Acidentes de outra natureza";1;0;0;0;0;0;0;0;0;0;0;0;0;0;0
"29/01/2024";"08:18:00";"181";"Sem vítima";"149,200";"BR-116/SP";"Crescente";"Engavetamento";2;0;0;0;0;0;0;0;0;0;3;0;0;0;0
"29/01/2024";"08:29:00";"186";"Sem vítima";"210,000";"BR-116/SP";"Crescente";"Colisão traseira";0;0;1;0;1;0;0;0;0;0;3;0;0;0;0
"29/01/2024";"09:02:00";"212";"Com vítima";"577,900";"BR-101/RJ";"Crescente";"Colisão frontal";2;0;0;0;0;0;0;0;0;0;1;1;2;0;0
"29/01/2024";"11:35:00";"322";"Sem vítima";"46,000";"BR-116/SP";"Decrescente";"Acidentes de outra natureza";1;0;0;0;0;0;0;0;0;0;0;0;0;0;0
"29/01/2024";"11:36:00";"324";"Sem vítima";"397,000";"BR-101/RJ";"Crescente";"Acidentes de outra natureza";0;0;0;1;0;0;0;0;0;0;0;0;0;0;0
"29/01/2024";"12:01:00";"338";"Com vítima";"435,000";"BR-101/RJ";"Decrescente";"Colisão traseira";2;0;0;0;0;0;0;0;0;0;1;0;2;0;1
"29/01/2024";"14:09:00";"415";"Sem vítima";"522,000";"BR-101/RJ";"Crescente";"Colisão frontal";2;0;0;0;0;0;0;0;0;0;1;0;0;0;0
"29/01/2024";"14:18:00";"419";"Com vítima";"222,200";"BR-116/SP";"Decrescente";"Colisão lateral em sentido contrário";2;0;0;0;0;0;0;0;0;0;4;0;1;0;0
"29/01/2024";"16:31:00";"501";"Sem vítima";"224,300";"BR-116/RJ";"Crescente";"Colisão traseira";1;0;1;0;0;0;0;0;0;0;2;0;0;0;0
"29/01/2024";"19:00:00";"580";"Sem vítima";"539,000";"BR-101/RJ";"Decrescente";"Choque";0;0;1;0;0;0;0;0;0;0;2;0;0;0;0
"29/01/2024";"20:03:00";"598";"Com vítima";"316,000";"BR-116/RJ";"Decrescente";"Choque";1;0;0;0;0;0;0;0;0;0;1;1;0;0;0
"29/01/2024";"23:40:00";"662";"Com vítima";"230,000";"BR-116/SP";"Decrescente";"Colisão traseira";2;0;0;0;0;0;0;0;0;0;2;1;0;0;0
"29/01/2024";"23:46:00";"663";"Sem vítima";"218,000";"BR-116/SP";"Crescente";"Colisão traseira";0;0;1;0;0;0;0;0;0;0;1;0;0;0;0
"30/01/2024";"03:13:00";"35";"Com vítima";"384,500";"BR-101/RJ";"Decrescente";"Atropelamento de pedestre";1;0;0;0;0;0;0;0;0;0;0;0;0;0;0
"30/01/2024";"04:42:00";"44";"Sem vítima";"188,500";"BR-116/SP";"Crescente";"Choque";1;0;0;0;0;0;0;0;0;0;1;0;0;0;0
"30/01/2024";"04:50:00";"47";"Sem vítima";"93,500";"BR-116/SP";"Decrescente";"Atropelamento de pedestre";0;0;1;0;0;0;0;0;0;0;1;0;0;0;0
"30/01/2024";"07:47:00";"149";"Com vítima";"222,300";"BR-116/SP";"Crescente";"Acidentes de outra natureza";0;0;0;1;0;0;0;0;0;0;0;1;0;0;0
"30/01/2024";"09:07:00";"211";"Sem vítima";"147,000";"BR-116/SP";"Crescente";"Colisão lateral em sentido contrário";1;0;1;0;0;0;0;0;0;0;2;0;0;0;0
"30/01/2024";"09:09:00";"212";"Sem vítima";"227,000";"BR-116/SP";"Crescente";"Colisão lateral em sentido contrário";1;0;0;0;0;0;0;1;0;0;2;0;0;0;0
"30/01/2024";"09:23:00";"220";"Sem vítima";"514,000";"BR-101/RJ";"Crescente";"Colisão frontal";2;0;0;0;0;0;0;0;0;0;5;0;0;0;0
"30/01/2024";"10:52:00";"285";"Com vítima";"225,000";"BR-116/RJ";"Crescente";"Engavetamento";2;0;2;0;0;0;0;0;0;0;5;0;0;1;0
"30/01/2024";"12:24:00";"334";"Sem vítima";"143,000";"BR-116/SP";"Decrescente";"Colisão lateral em sentido contrário";1;0;1;0;0;0;0;0;0;0;3;0;0;0;0
"30/01/2024";"12:54:00";"352";"Sem vítima";"219,000";"BR-116/SP";"Crescente";"Colisão traseira";2;0;0;0;0;0;0;0;0;0;2;0;0;0;0
"30/01/2024";"13:24:00";"377";"Sem vítima";"139,000";"BR-116/SP";"Crescente";"Colisão traseira";1;0;0;0;0;0;0;0;0;1;2;0;0;0;0