data;horario;n_da_ocorrencia;tipo_de_ocorrencia;km;trecho;sentido;tipo_de_acidente;automovel;bicicleta;caminhao;moto;onibus;outros;tracao_animal;transporte_de_cargas_especiais;trator_maquinas;utilitarios;ilesos;levemente_feridos;moderadamente_feridos;gravemente_feridos;mortos
"30/01/2024";"13:33:00";"381";"Com vítima";"226,000";"BR-116/SP";"Crescente";"Acidentes de outra natureza";0;0;0;1;0;0;0;0;0;0;0;1;0;0;0
"30/01/2024";"14:30:00";"406";"Com vítima";"111,000";"BR-116/SP";"Crescente";"Colisão lateral em sentido contrário";0;0;0;1;0;0;0;0;0;0;0;1;0;0;0
"30/01/2024";"16:29:00";"475";"Sem vítima";"114,000";"BR-116/SP";"Crescente";"Colisão lateral em sentido contrário";1;0;1;0;0;0;0;0;0;0;3;0;0;0;0
"30/01/2024";"16:42:00";"478";"Com vítima";"40,000";"BR-101/SP";"Crescente";"Colisão lateral em sentido contrário";1;0;0;1;0;0;0;0;0;0;4;1;0;0;0
"30/01/2024";"16:52:00";"485";"Sem vítima";"159,300";"BR-116/SP";"Decrescente";"Colisão traseira";2;0;0;0;0;0;0;0;0;0;4;0;0;0;0
"30/01/2024";"19:00:00";"558";"Com vítima";"418,000";"BR-101/RJ";"Crescente";"Colisão lateral em sentido contrário";1;0;0;1;0;0;0;0;0;0;1;1;0;0;0
"30/01/2024";"19:26:00";"576";"Sem vítima";"212,000";"BR-116/SP";"Decrescente";"Choque";0;0;1;0;0;0;0;0;0;0;1;0;0;0;0
"30/01/2024";"20:23:00";"603";"Com vítima";"216,600";"BR-116/SP";"Crescente";"Capotamento";1;0;0;0;0;0;0;0;0;0;0;1;0;0;0
"30/01/2024";"20:30:00";"610";"Sem vítima";"150,000";"BR-116/SP";"Decrescente";"Engavetamento";2;0;2;0;0;0;0;0;0;0;4;0;0;0;0
"30/01/2024";"20:33:00";"613";"Sem vítima";"272,000";"BR-116/RJ";"Crescente";"Choque";1;0;0;0;0;0;0;0;0;0;1;0;0;0;0
"30/01/2024";"21:53:00";"643";"Com vítima";"394,000";"BR-101/RJ";"Decrescente";"Atropelamento de pedestre";1;0;0;0;0;0;0;0;0;0;1;1;0;0;0
"30/01/2024";"22:22:00";"653";"Sem vítima";"71,000";"BR-116/SP";"Crescente";"Colisão traseira";0;0;0;0;0;0;0;1;0;0;0;0;0;0;0
"30/01/2024";"22:31:00";"659";"Com vítima";"46,000";"BR-101/SP";"Crescente";"Colisão frontal";0;1;0;1;0;0;0;0;0;0;0;0;1;0;0
"30/01/2024";"23:03:00";"667";"Sem vítima";"276,000";"BR-116/RJ";"Crescente";"Colisão traseira";1;0;1;0;0;0;0;0;0;0;2;0;0;0;0
"30/01/2024";"23:03:00";"668";"Com vítima";"79,150";"BR-116/SP";"Crescente";"Acidentes de outra natureza";0;0;0;0;0;0;0;1;0;0;0;0;1;0;0
"31/01/2024";"00:00:00";"420";"Sem vítima";"278,000";"BR-116/RJ";"Decrescente";"Colisão lateral em sentido contrário";1;0;1;0;0;0;0;0;0;0;6;0;0;0;0
"31/01/2024";"01:59:00";"51";"Sem vítima";"484,000";"BR-101/RJ";"Crescente";"Choque";1;0;0;0;0;0;0;0;0;0;1;0;0;0;0
"31/01/2024";"07:30:00";"173";"Sem vítima";"229,000";"BR-116/RJ";"Decrescente";"Choque";0;0;1;0;0;0;0;0;0;0;1;0;0;0;0
"31/01/2024";"07:59:00";"198";"Com vítima";"214,000";"BR-116/SP";"Crescente";"Acidentes de outra natureza";0;0;0;1;0;0;0;0;0;0;0;2;0;0;0
"31/01/2024";"08:16:00";"205";"Sem vítima";"160,000";"BR-116/SP";"Decrescente";"Colisão lateral em sentido contrário";1;0;1;0;0;0;0;0;0;0;5;0;0;0;0
"31/01/2024";"12:57:00";"363";"Sem vítima";"278,800";"BR-116/RJ";"Decrescente";"Tombamento";0;0;1;0;0;0;0;0;0;0;1;0;0;0;0
"31/01/2024";"14:47:00";"417";"Sem vítima";"214,100";"BR-116/SP";"Crescente";"Colisão lateral em sentido contrário";1;0;1;0;0;0;0;0;0;0;2;0;0;0;0
"31/01/2024";"16:01:00";"452";"Sem vítima";"96,000";"BR-116/SP";"Crescente";"Choque";1;0;0;0;0;0;0;0;0;0;1;0;0;0;0
"31/01/2024";"16:11:00";"458";"Sem vítima";"486,000";"BR-101/RJ";"Decrescente";"Colisão traseira";2;0;0;0;0;0;0;0;0;0;2;0;0;0;0
"31/01/2024";"16:16:00";"460";"Com vítima";"225,500";"BR-116/SP";"Decrescente";"Acidentes de outra natureza";0;0;0;1;0;0;0;0;0;0;0;2;0;0;0
"31/01/2024";"16:24:00";"463";"Sem vítima";"433,000";"BR-101/RJ";"Decrescente";"Colisão traseira";2;0;0;0;0;0;0;0;0;0;4;0;0;0;0
"31/01/2024";"17:15:00";"481";"Com vítima";"209,000";"BR-116/SP";"Decrescente";"Engavetamento";3;0;0;0;0;0;0;0;0;0;2;2;0;0;0
"31/01/2024";"17:51:00";"490";"Com vítima";"219,250";"BR-116/SP";"Crescente";"Colisão lateral em sentido contrário";1;0;0;1;0;0;0;0;0;0;1;1;0;0;0
"31/01/2024";"18:21:00";"508";"Com vítima";"226,000";"BR-116/SP";"Decrescente";"Acidentes de outra natureza";0;0;0;1;0;0;0;0;0;0;0;1;0;0;0
"31/01/2024";"18:34:00";"520";"Com vítima";"422,000";"BR-101/RJ";"Decrescente";"Colisão lateral em sentido contrário";1;0;0;0;1;0;0;0;0;0;18;1;0;0;0
"31/01/2024";"20:02:00";"560";"Sem vítima";"403,000";"BR-101/RJ";"Crescente";"Choque";1;0;0;0;0;0;0;0;0;0;1;0;0;0;0
"31/01/2024";"20:35:00";"566";"Sem vítima";"219,000";"BR-116/SP";"Decrescente";"Engavetamento";3;0;0;0;0;0;0;0;0;0;4;0;0;0;0
"31/01/2024";"21:38:00";"586";"Sem vítima";"225,000";"BR-116/SP";"Decrescente";"Acidentes de outra natureza";0;0;0;1;0;0;0;0;0;0;1;0;0;0;0
"31/01/2024";"21:56:00";"593";"Com vítima";"219,000";"BR-116/SP";"Decrescente";"Engavetamento";2;0;0;1;0;0;0;0;0;0;2;1;0;0;0
"01/02/2024";"00:00:00";"415";"Sem vítima";"272,000";"BR-116/RJ";"Crescente";"Choque";0;0;1;0;0;0;0;0;0;0;1;0;0;0;0
"01/02/2024";"02:42:00";"37";"Sem vítima";"329,000";"BR-116/RJ";"Decrescente";"Choque";0;0;1;0;0;0;0;0;0;0;0;0;0;0;0
"01/02/2024";"05:37:00";"75";"Sem vítima";"271,000";"BR-116/RJ";"Decrescente";"Colisão traseira";0;0;2;0;0;0;0;0;0;0;2;0;0;0;0
"01/02/2024";"05:44:00";"78";"Sem vítima";"231,000";"BR-116/RJ";"Decrescente";"Choque";0;0;0;0;0;0;0;1;0;0;1;0;0;0;0
"01/02/2024";"05:46:00";"80";"Com vítima";"210,000";"BR-116/SP";"Crescente";"Colisão lateral em sentido contrário";1;0;0;1;0;0;0;0;0;0;1;1;0;0;0
"01/02/2024";"06:18:00";"101";"Sem vítima";"209,000";"BR-116/SP";"Crescente";"Colisão lateral em sentido contrário";1;0;0;0;0;0;0;0;0;0;0;0;0;0;0
"01/02/2024";"06:40:00";"113";"Sem vítima";"139,000";"BR-116/SP";"Decrescente";"Acidentes de outra natureza";1;0;0;0;0;0;0;0;0;0;0;0;0;0;0
"01/02/2024";"06:59:00";"123";"Sem vítima";"235,000";"BR-116/RJ";"Decrescente";"Colisão lateral em sentido contrário";0;0;1;0;0;0;0;0;0;0;1;0;0;0;0
"01/02/2024";"06:59:00";"124";"Com vítima";"208,200";"BR-116/SP";"Crescente";"Colisão traseira";1;0;0;1;0;0;0;0;0;0;1;0;1;0;0
"01/02/2024";"13:04:00";"313";"Com vítima";"152,000";"BR-116/SP";"Crescente";"Colisão traseira";1;0;1;0;0;0;0;0;0;0;2;1;0;0;0
"01/02/2024";"15:05:00";"370";"Sem vítima";"231,000";"BR-116/SP";"Decrescente";"Colisão traseira";0;0;2;0;0;0;0;0;0;0;4;0;0;0;0
"01/02/2024";"16:20:00";"409";"Com vítima";"386,000";"BR-101/RJ";"Crescente";"Atropelamento de pedestre";1;0;0;0;0;0;0;0;0;0;1;0;0;1;0
"01/02/2024";"17:30:00";"451";"Com vítima";"99,500";"BR-116/SP";"Crescente";"Acidentes de outra natureza";0;0;0;1;0;0;0;0;0;0;0;0;1;0;0
"01/02/2024";"17:38:00";"454";"Com vítima";"211,000";"BR-116/SP";"Crescente";"Colisão traseira";1;0;0;1;0;0;0;0;0;0;1;1;0;0;0
"01/02/2024";"17:49:00";"458";"Sem vítima";"118,000";"BR-116/SP";"Crescente";"Choque";0;0;0;0;0;0;0;1;0;0;1;0;0;0;0
"01/02/2024";"18:01:00";"467";"Sem vítima";"334,400";"BR-116/RJ";"Crescente";"Choque";2;0;0;0;0;0;0;0;0;0;2;0;0;0;0
"01/02/2024";"18:09:00";"474";"Sem vítima";"154,200";"BR-116/SP";"Crescente";"Colisão traseira";1;0;0;1;0;0;0;0;0;0;2;0;0;0;0
"01/02/2024";"18:36:00";"484";"Com vítima";"570,400";"BR-101/RJ";"Decrescente";"Colisão frontal";2;0;0;0;0;0;0;0;0;0;3;1;0;0;0
"01/02/2024";"20:35:00";"542";"Sem vítima";"524,000";"BR-101/RJ";"Crescente";"Choque";1;0;0;0;0;0;0;0;0;0;3;0;0;0;0
"01/02/2024";"20:57:00";"547";"Com vítima";"156,200";"BR-116/SP";"Crescente";"Choque";1;0;0;0;0;0;0;0;0;0;0;1;0;0;0
"02/02/2024";"00:00:00";"72";"Sem vítima";"204,500";"BR-116/SP";"Crescente";"Colisão traseira";1;0;0;0;0;0;0;0;0;0;1;0;0;0;0
"02/02/2024";"00:00:00";"326";"Com vítima";"161,600";"BR-116/SP";"Decrescente";"Engavetamento";1;0;2;0;0;0;0;0;0;0;2;1;0;0;0
"02/02/2024";"04:45:00";"67";"Sem vítima";"61,900";"BR-116/SP";"Crescente";"Colisão traseira";1;0;0;0;0;0;0;0;0;0;1;0;0;0;0
"02/02/2024";"05:16:00";"75";"Sem vítima";"142,000";"BR-116/SP";"Crescente";"Choque";2;0;1;0;0;0;0;0;0;0;7;0;0;0;0
"02/02/2024";"07:24:00";"143";"Com vítima";"145,000";"BR-116/SP";"Crescente";"Colisão traseira";0;0;0;1;0;0;0;0;0;0;0;2;0;0;0
"02/02/2024";"08:29:00";"190";"Com vítima";"229,000";"BR-116/SP";"Crescente";"Colisão traseira";1;0;0;1;0;0;0;0;0;0;2;1;0;0;0
"02/02/2024";"09:28:00";"208";"Com vítima";"210,000";"BR-116/SP";"Crescente";"Engavetamento";0;0;1;0;0;0;0;1;0;0;1;1;0;0;0
"02/02/2024";"09:28:00";"222";"Sem vítima";"210,000";"BR-116/SP";"Decrescente";"Colisão traseira";1;0;0;0;0;0;0;0;0;0;0;0;0;0;0
"02/02/2024";"10:01:00";"246";"Sem vítima";"407,000";"BR-101/RJ";"Crescente";"Colisão lateral em sentido contrário";1;0;1;0;0;0;0;0;0;0;4;0;0;0;0
"02/02/2024";"10:41:00";"263";"Com vítima";"210,000";"BR-116/SP";"Crescente";"Colisão lateral em sentido contrário";0;0;0;1;0;0;0;0;0;0;1;1;0;0;0
"02/02/2024";"11:00:00";"306";"Sem vítima";"70,800";"BR-116/SP";"Decrescente";"Capotamento";0;0;1;0;0;0;0;0;0;0;1;0;0;0;0
"02/02/2024";"11:08:00";"268";"Com vítima";"400,000";"BR-101/RJ";"Decrescente";"Capotamento";1;0;0;0;0;0;0;0;0;0;0;0;0;0;1
"02/02/2024";"12:19:00";"313";"Sem vítima";"155,000";"BR-116/SP";"Crescente";"Colisão lateral em sentido contrário";1;0;0;0;0;0;0;1;0;0;2;0;0;0;0
"02/02/2024";"12:28:00";"319";"Sem vítima";"70,000";"BR-116/SP";"Decrescente";"Choque";1;0;0;0;0;0;0;0;0;0;1;0;0;0;0
"02/02/2024";"12:33:00";"322";"Sem vítima";"27,900";"BR-116/SP";"Crescente";"Choque";1;0;0;0;0;0;0;0;0;0;1;0;0;0;0
"02/02/2024";"12:46:00";"330";"Com vítima";"214,000";"BR-116/SP";"Decrescente";"Colisão traseira";1;0;1;0;0;0;0;0;0;0;2;1;0;0;0
"02/02/2024";"15:17:00";"398";"Sem vítima";"106,000";"BR-116/SP";"Crescente";"Engavetamento";3;0;0;0;0;0;0;0;0;0;10;0;0;0;0
"02/02/2024";"15:29:00";"404";"Sem vítima";"295,000";"BR-116/RJ";"Crescente";"Choque";1;0;0;0;0;0;0;0;0;0;1;0;0;0;0
"02/02/2024";"15:38:00";"408";"Sem vítima";"112,800";"BR-116/SP";"Crescente";"Colisão lateral em sentido contrário";1;0;0;0;0;0;0;1;0;0;3;0;0;0;0
"02/02/2024";"15:50:00";"413";"Com vítima";"541,000";"BR-101/RJ";"Decrescente";"Capotamento";1;0;0;0;0;0;0;0;0;0;0;1;0;0;0
"02/02/2024";"16:05:00";"417";"Sem vítima";"557,000";"BR-101/RJ";"Crescente";"Capotamento";1;0;0;0;0;0;0;0;0;0;1;0;0;0;0
"02/02/2024";"16:40:00";"437";"Sem vítima";"106,700";"BR-116/SP";"Crescente";"Engavetamento";0;0;2;0;0;0;0;0;0;0;2;0;0;0;0
"02/02/2024";"16:52:00";"438";"Sem vítima";"528,000";"BR-101/RJ";"Crescente";"Choque";1;0;0;0;0;0;0;0;0;0;1;0;0;0;0
"02/02/2024";"17:09:00";"447";"Com vítima";"101,800";"BR-116/SP";"Crescente";"Acidentes de outra natureza";0;0;0;1;0;0;0;0;0;0;0;2;0;0;0
"02/02/2024";"18:52:00";"505";"Sem vítima";"181,000";"BR-116/SP";"Decrescente";"Choque";1;0;0;0;0;0;0;0;0;0;1;0;0;0;0
"02/02/2024";"19:22:00";"527";"Com vítima";"223,000";"BR-116/SP";"Crescente";"Colisão traseira";1;0;0;1;0;0;0;0;0;0;1;1;0;0;0
"02/02/2024";"20:03:00";"540";"Com vítima";"147,300";"BR-116/SP";"Decrescente";"Colisão lateral em sentido contrário";0;0;0;1;0;0;0;0;0;0;0;1;0;0;0
"02/02/2024";"20:34:00";"552";"Sem vítima";"224,000";"BR-116/SP";"Decrescente";"Engavetamento";4;0;0;0;0;0;0;0;0;0;8;0;0;0;0
"02/02/2024";"21:01:00";"569";"Com vítima";"278,700";"BR-116/RJ";"Crescente";"Choque";1;0;0;0;0;0;0;0;0;0;0;0;2;0;0
"02/02/2024";"21:06:00";"570";"Com vítima";"75,300";"BR-116/SP";"Crescente";"Acidentes de outra natureza";0;0;0;1;0;0;0;0;0;0;0;0;1;0;0
"02/02/2024";"21:47:00";"588";"Sem vítima";"229,000";"BR-116/SP";"Decrescente";"Colisão lateral em sentido contrário";1;0;1;0;0;0;0;0;0;0;6;0;0;0;0
"02/02/2024";"23:00:00";"610";"Sem vítima";"481,000";"BR-101/RJ";"Decrescente";"Choque";1;0;0;0;0;0;0;0;0;0;2;0;0;0;0
"03/02/2024";"00:02:00";"20";"Sem vítima";"180,500";"BR-116/SP";"Crescente";"Choque";1;0;1;0;0;0;0;0;0;0;2;0;0;0;0
"03/02/2024";"00:17:00";"25";"Com vítima";"322,000";"BR-116/RJ";"Decrescente";"Atropelamento de pedestre";1;0;0;0;0;0;0;0;0;0;1;1;0;0;0
"03/02/2024";"00:50:00";"33";"Sem vítima";"222,000";"BR-116/SP";"Crescente";"Colisão lateral em sentido contrário";2;0;0;0;0;0;0;0;0;0;1;0;0;0;0
"03/02/2024";"00:54:00";"545";"Com vítima";"503,000";"BR-101/RJ";"Decrescente";"Colisão frontal";1;0;0;1;0;0;0;0;0;0;0;0;0;1;2
"03/02/2024";"06:51:00";"105";"Sem vítima";"218,100";"BR-116/SP";"Decrescente";"Colisão traseira";3;0;0;0;0;0;0;0;0;0;5;0;0;0;0
"03/02/2024";"09:32:00";"191";"Sem vítima";"46,000";"BR-101/SP";"Decrescente";"Colisão traseira";2;0;0;0;0;0;0;0;0;0;3;0;0;0;0
"03/02/2024";"12:05:00";"276";"Sem vítima";"148,100";"BR-116/SP";"Decrescente";"Choque";1;0;0;0;0;0;0;0;0;0;1;0;0;0;0
"03/02/2024";"14:27:00";"359";"Sem vítima";"189,100";"BR-116/SP";"Crescente";"Choque";0;0;2;0;0;0;0;0;0;0;4;0;0;0;0
"03/02/2024";"14:53:00";"373";"Com vítima";"493,000";"BR-101/RJ";"Decrescente";"Acidentes de outra natureza";0;0;0;1;0;0;0;0;0;0;0;0;1;0;0
"03/02/2024";"19:24:00";"494";"Com vítima";"137,000";"BR-116/SP";"Decrescente";"Atropelamento de pedestre";0;0;0;0;0;0;0;0;0;0;0;0;0;0;1
"03/02/2024";"21:15:00";"525";"Sem vítima";"41,000";"BR-116/SP";"Crescente";"Capotamento";1;0;0;0;0;0;0;0;0;0;1;0;0;0;0
"03/02/2024";"23:50:00";"560";"Sem vítima";"212,800";"BR-116/SP";"Crescente";"Choque";1;0;0;0;0;0;0;0;0;0;2;0;0;0;0
"04/02/2024";"01:09:00";"34";"Com vítima";"230,800";"BR-116/SP";"Crescente";"Colisão lateral em sentido contrário";2;0;0;0;0;0;0;0;0;0;2;0;1;0;0
"04/02/2024";"02:15:00";"41";"Com vítima";"3,500";"BR-116/SP";"Decrescente";"Choque";0;0;0;0;1;0;0;0;0;0;37;0;0;1;0
"04/02/2024";"04:01:00";"56";"Sem vítima";"476,000";"BR-101/RJ";"Crescente";"Capotamento";1;0;0;0;0;0;0;0;0;0;1;0;0;0;0
"04/02/2024";"05:03:00";"61";"Com vítima";"523,000";"BR-101/RJ";"Decrescente";"Capotamento";1;0;0;0;0;0;0;0;0;0;0;0;2;0;0
"04/02/2024";"10:49:00";"208";"Sem vítima";"276,600";"BR-116/RJ";"Crescente";"Engavetamento";3;0;0;0;0;0;0;0;0;0;5;0;0;0;0
"04/02/2024";"12:07:00";"244";"Com vítima";"53,900";"BR-116/SP";"Decrescente";"Engavetamento";2;0;0;0;0;0;0;0;0;0;6;1;0;0;0
"04/02/2024";"12:23:00";"247";"Com vítima";"54,300";"BR-116/SP";"Decrescente";"Engavetamento";2;0;0;0;0;0;0;0;0;0;3;2;0;0;0
"04/02/2024";"13:04:00";"262";"Sem vítima";"226,000";"BR-116/SP";"Crescente";"Colisão traseira";2;0;0;0;0;0;0;0;0;0;4;0;0;0;0
"04/02/2024";"14:18:00";"287";"Com vítima";"150,400";"BR-116/SP";"Crescente";"Choque";1;0;0;0;0;0;0;0;0;0;0;1;0;0;0
"04/02/2024";"14:28:00";"291";"Sem vítima";"123,200";"BR-116/SP";"Crescente";"Choque";1;0;0;0;0;0;0;0;0;0;5;0;0;0;0
"04/02/2024";"14:32:00";"292";"Com vítima";"308,200";"BR-116/RJ";"Decrescente";"Capotamento";1;0;0;0;0;0;0;0;0;0;0;0;1;0;0
"04/02/2024";"14:45:00";"301";"Sem vítima";"570,000";"BR-101/RJ";"Decrescente";"Choque";1;0;0;0;0;0;0;0;0;0;2;0;0;0;0
"04/02/2024";"15:22:00";"309";"Com vítima";"564,000";"BR-101/RJ";"Crescente";"Choque";1;0;0;0;0;0;0;0;0;0;0;1;0;0;0
"04/02/2024";"16:00:00";"326";"Sem vítima";"570,000";"BR-101/RJ";"Decrescente";"Choque";1;0;0;0;0;0;0;0;0;0;1;0;0;0;0
"04/02/2024";"16:14:00";"333";"Com vítima";"236,000";"BR-116/RJ";"Decrescente";"Choque";1;0;0;0;0;0;0;0;0;0;1;2;0;0;0
"04/02/2024";"16:18:00";"336";"Sem vítima";"263,450";"BR-116/RJ";"Decrescente";"Choque";1;0;0;0;0;0;0;0;0;0;0;0;0;0;0
"04/02/2024";"16:31:00";"344";"Com vítima";"157,000";"BR-116/SP";"Crescente";"Choque";1;0;0;0;0;0;0;0;0;0;0;1;4;0;0
"04/02/2024";"18:04:00";"379";"Sem vítima";"145,000";"BR-116/SP";"Crescente";"Acidentes de outra natureza";0;0;0;1;0;0;0;0;0;0;2;0;0;0;0
"04/02/2024";"18:12:00";"382";"Sem vítima";"155,000";"BR-116/SP";"Crescente";"Colisão lateral em sentido contrário";1;0;0;0;0;0;0;1;0;0;2;0;0;0;0
"04/02/2024";"20:40:00";"443";"Sem vítima";"448,000";"BR-101/RJ";"Crescente";"Choque";1;0;0;0;0;0;0;0;0;0;1;0;0;0;0
"04/02/2024";"21:39:00";"462";"Com vítima";"211,800";"BR-116/SP";"Crescente";"Atropelamento de pedestre";0;0;0;0;0;0;0;0;0;0;0;0;0;0;0
"05/02/2024";"00:22:00";"22";"Com vítima";"202,500";"BR-116/SP";"Decrescente";"Colisão lateral em sentido contrário";0;0;1;1;0;0;0;0;0;0;1;0;1;0;0
"05/02/2024";"06:28:00";"96";"Com vítima";"218,900";"BR-116/SP";"Crescente";"Colisão lateral em sentido contrário";1;0;0;2;0;0;0;0;0;0;2;2;1;0;0
"05/02/2024";"06:29:00";"98";"Sem vítima";"595,000";"BR-101/RJ";"Crescente";"Choque";1;0;0;0;0;0;0;0;0;0;2;0;0;0;0
"05/02/2024";"07:46:00";"158";"Sem vítima";"160,300";"BR-116/SP";"Decrescente";"Colisão lateral em sentido contrário";1;0;1;0;0;0;0;0;0;0;2;0;0;0;0
"05/02/2024";"08:35:00";"195";"Com vítima";"222,800";"BR-116/SP";"Crescente";"Acidentes de outra natureza";0;0;0;1;0;0;0;0;0;0;0;1;0;0;0
"05/02/2024";"08:45:00";"202";"Com vítima";"273,300";"BR-116/RJ";"Decrescente";"Acidentes de outra natureza";0;0;0;1;0;0;0;0;0;0;0;1;1;0;0
"05/02/2024";"09:20:00";"225";"Sem vítima";"64,200";"BR-116/SP";"Crescente";"Choque";1;0;0;0;0;0;0;0;0;0;3;0;0;0;0
"05/02/2024";"09:21:00";"223";"Com vítima";"211,000";"BR-116/SP";"Crescente";"Colisão traseira";0;0;0;1;0;0;0;0;0;0;0;1;0;0;0
"05/02/2024";"10:54:00";"282";"Sem vítima";"209,000";"BR-116/SP";"Crescente";"Colisão lateral em sentido contrário";1;0;0;0;0;0;0;1;0;0;4;0;0;0;0
"05/02/2024";"13:11:00";"348";"Sem vítima";"564,000";"BR-101/RJ";"Decrescente";"Capotamento";1;0;0;0;0;0;0;0;0;0;1;0;0;0;0
"05/02/2024";"13:50:00";"369";"Com vítima";"221,400";"BR-116/SP";"Crescente";"Colisão lateral em sentido contrário";1;0;0;1;0;0;0;0;0;0;1;0;1;0;0
"05/02/2024";"14:32:00";"394";"Sem vítima";"251,000";"BR-116/RJ";"Crescente";"Colisão traseira";0;0;2;0;0;0;0;0;0;0;0;0;0;0;0
"05/02/2024";"16:59:00";"471";"Com vítima";"471,000";"BR-101/RJ";"Decrescente";"Colisão frontal";1;0;0;1;0;0;0;0;0;0;2;0;0;0;1
"05/02/2024";"17:47:00";"489";"Com vítima";"316,300";"BR-116/RJ";"Decrescente";"Colisão traseira";1;0;0;0;0;0;0;1;0;0;0;3;0;0;0
"05/02/2024";"18:32:00";"520";"Com vítima";"574,000";"BR-101/RJ";"Crescente";"Colisão lateral em sentido contrário";1;0;0;1;0;0;0;0;0;0;1;1;0;0;0
"05/02/2024";"18:57:00";"536";"Sem vítima";"142,300";"BR-116/SP";"Crescente";"Colisão traseira";2;0;0;0;0;0;0;0;0;0;3;0;0;0;0
"05/02/2024";"21:28:00";"611";"Com vítima";"567,000";"BR-101/RJ";"Decrescente";"Colisão traseira";1;0;0;1;0;0;0;0;0;0;0;2;0;0;0
"06/02/2024";"04:22:00";"59";"Com vítima";"74,500";"BR-116/SP";"Decrescente";"Acidentes de outra natureza";0;0;0;1;0;0;0;0;0;0;0;0;1;0;0
"06/02/2024";"05:26:00";"73";"Sem vítima";"224,000";"BR-116/SP";"Crescente";"Engavetamento";2;0;0;0;0;0;0;0;0;0;2;0;0;0;0
"06/02/2024";"07:05:00";"130";"Com vítima";"223,000";"BR-116/SP";"Crescente";"Colisão lateral em sentido contrário";1;0;0;1;0;0;0;0;0;0;2;2;0;0;0
"06/02/2024";"07:12:00";"135";"Com vítima";"385,000";"BR-101/RJ";"Decrescente";"Choque";0;0;1;0;0;0;0;0;0;0;0;1;0;0;0
"06/02/2024";"07:39:00";"159";"Com vítima";"161,000";"BR-116/SP";"Decrescente";"Colisão traseira";1;0;0;1;0;0;0;0;0;0;1;1;0;0;0
"06/02/2024";"07:54:00";"173";"Com vítima";"47,900";"BR-101/SP";"Decrescente";"Acidentes de outra natureza";0;0;0;1;0;0;0;0;0;0;0;1;0;0;0
"06/02/2024";"08:05:00";"178";"Com vítima";"218,800";"BR-116/SP";"Crescente";"Colisão traseira";0;0;0;1;0;0;0;0;0;0;0;1;0;0;0
"06/02/2024";"08:52:00";"195";"Com vítima";"222,900";"BR-116/SP";"Crescente";"Colisão lateral em sentido contrário";1;0;0;1;0;0;0;0;0;0;1;2;0;0;0
"06/02/2024";"10:08:00";"237";"Sem vítima";"423,500";"BR-101/RJ";"Crescente";"Choque";1;0;0;0;0;0;0;0;0;0;2;0;0;0;0
"06/02/2024";"10:41:00";"258";"Sem vítima";"139,000";"BR-116/SP";"Crescente";"Choque";0;0;0;0;0;0;0;0;0;1;2;0;0;0;0
"06/02/2024";"11:42:00";"293";"Sem vítima";"64,000";"BR-116/SP";"Decrescente";"Colisão lateral em sentido contrário";1;0;1;0;0;0;0;0;0;0;2;0;0;0;0
"06/02/2024";"11:59:00";"303";"Sem vítima";"223,000";"BR-116/RJ";"Crescente";"Choque";1;0;0;0;0;0;0;0;0;0;1;0;0;0;0
"06/02/2024";"12:02:00";"304";"Com vítima";"226,800";"BR-116/SP";"Crescente";"Choque";1;0;0;1;0;0;0;0;0;0;1;1;0;0;0
"06/02/2024";"13:30:00";"355";"Com vítima";"554,000";"BR-101/RJ";"Crescente";"Acidentes de outra natureza";0;0;0;1;0;0;0;0;0;0;0;2;0;0;0
"06/02/2024";"14:42:00";"398";"Sem vítima";"145,400";"BR-116/SP";"Decrescente";"Choque";1;0;0;0;0;0;0;0;0;0;2;0;0;0;0
"06/02/2024";"16:01:00";"432";"Sem vítima";"384,000";"BR-101/RJ";"Decrescente";"Colisão lateral em sentido contrário";2;0;1;0;0;0;0;0;0;0;0;0;0;0;0
"06/02/2024";"16:14:00";"436";"Com vítima";"53,000";"BR-116/SP";"Crescente";"Acidentes de outra natureza";0;0;0;1;0;0;0;0;0;0;0;0;0;1;0
"06/02/2024";"16:15:00";"438";"Sem vítima";"11,000";"BR-116/SP";"Decrescente";"Choque";1;0;0;0;0;0;0;0;0;0;0;0;0;0;0
"06/02/2024";"16:43:00";"455";"Com vítima";"453,000";"BR-101/RJ";"Crescente";"Colisão lateral em sentido contrário";1;0;0;1;0;0;0;0;0;0;1;1;0;0;0
"06/02/2024";"17:45:00";"489";"Com vítima";"215,000";"BR-116/SP";"Decrescente";"Colisão lateral em sentido contrário";1;0;0;1;0;0;0;0;0;0;1;1;0;0;0
"06/02/2024";"17:58:00";"497";"Com vítima";"106,000";"BR-116/SP";"Decrescente";"Colisão lateral em sentido contrário";1;0;0;1;0;0;0;0;0;0;1;0;1;0;0
"06/02/2024";"22:32:00";"636";"Sem vítima";"123,200";"BR-116/SP";"Decrescente";"Choque";1;0;0;0;0;0;0;0;0;0;1;0;0;0;0