data;horario;n_da_ocorrencia;tipo_de_ocorrencia;km;trecho;sentido;tipo_de_acidente;automovel;bicicleta;caminhao;moto;onibus;outros;tracao_animal;transporte_de_cargas_especiais;trator_maquinas;utilitarios;ilesos;levemente_feridos;moderadamente_feridos;gravemente_feridos;mortos
"07/02/2024";"00:00:00";"35";"Com vítima";"58,900";"BR-116/SP";"Crescente";"Colisão traseira";1;0;1;0;0;0;0;0;0;0;2;1;1;0;0
"07/02/2024";"00:24:00";"22";"Com vítima";"222,600";"BR-116/SP";"Decrescente";"Colisão traseira";1;0;0;0;1;0;0;0;0;0;1;2;0;0;0
"07/02/2024";"05:32:00";"76";"Com vítima";"104,900";"BR-116/SP";"Crescente";"Acidentes de outra natureza";0;0;0;1;0;0;0;0;0;0;0;0;1;0;0
"07/02/2024";"07:54:00";"195";"Sem vítima";"292,000";"BR-116/RJ";"Decrescente";"Atropelamento de pedestre";1;0;0;0;0;0;0;0;0;0;1;0;0;0;0
"07/02/2024";"08:21:00";"213";"Sem vítima";"306,000";"BR-116/RJ";"Crescente";"Engavetamento";1;0;0;0;0;0;0;0;0;0;1;0;0;0;0
"07/02/2024";"08:35:00";"233";"Com vítima";"220,100";"BR-116/SP";"Crescente";"Colisão lateral em sentido contrário";0;0;1;1;0;0;0;0;0;0;2;2;0;0;0
"07/02/2024";"09:19:00";"263";"Com vítima";"218,500";"BR-116/SP";"Crescente";"Engavetamento";1;0;0;1;0;0;0;0;0;0;1;1;0;0;0
"07/02/2024";"10:16:00";"298";"Com vítima";"218,600";"BR-116/SP";"Crescente";"Engavetamento";1;0;1;0;0;0;0;0;0;1;2;0;1;0;0
"07/02/2024";"11:53:00";"345";"Sem vítima";"227,300";"BR-116/RJ";"Decrescente";"Tombamento";0;0;0;0;0;0;0;1;0;0;1;0;0;0;0
"07/02/2024";"12:43:00";"359";"Sem vítima";"209,000";"BR-116/SP";"Decrescente";"Colisão traseira";1;0;0;0;0;0;0;1;0;0;2;0;0;0;0
"07/02/2024";"13:29:00";"383";"Com vítima";"147,000";"BR-116/SP";"Crescente";"Engavetamento";1;0;0;1;0;0;0;0;0;0;1;1;0;0;0
"07/02/2024";"13:33:00";"386";"Com vítima";"504,000";"BR-101/RJ";"Decrescente";"Atropelamento de pedestre";1;0;0;0;0;0;0;0;0;0;2;1;0;0;0
"07/02/2024";"13:39:00";"389";"Com vítima";"222,000";"BR-116/SP";"Crescente";"Acidentes de outra natureza";0;0;0;1;0;0;0;0;0;0;0;1;0;0;0
"07/02/2024";"15:34:00";"453";"Com vítima";"227,000";"BR-116/SP";"Crescente";"Choque";0;0;1;0;0;0;0;0;0;0;0;0;1;0;0
"07/02/2024";"16:31:00";"484";"Com vítima";"443,000";"BR-101/RJ";"Decrescente";"Acidentes de outra natureza";0;0;0;1;0;0;0;0;0;0;0;0;0;0;1
"07/02/2024";"16:56:00";"494";"Sem vítima";"134,000";"BR-116/SP";"Decrescente";"Choque";1;0;0;0;0;0;0;0;0;0;0;0;0;0;0
"07/02/2024";"18:25:00";"547";"Sem vítima";"479,000";"BR-101/RJ";"Crescente";"Engavetamento";2;0;0;0;0;0;0;0;0;0;2;0;0;0;0
"07/02/2024";"19:08:00";"573";"Sem vítima";"281,500";"BR-116/RJ";"Crescente";"Colisão lateral em sentido contrário";1;0;1;0;0;0;0;0;0;0;2;0;0;0;0
"07/02/2024";"21:20:00";"634";"Sem vítima";"169,000";"BR-116/SP";"Decrescente";"Colisão traseira";1;0;0;0;0;0;0;0;0;0;1;0;0;0;0
"07/02/2024";"21:48:00";"642";"Sem vítima";"229,500";"BR-116/SP";"Decrescente";"Capotamento";1;0;0;0;0;0;0;0;0;0;1;0;0;0;0
"07/02/2024";"23:36:00";"674";"Com vítima";"50,000";"BR-101/SP";"Crescente";"Colisão lateral em sentido contrário";1;0;0;1;0;0;0;0;0;0;3;1;0;0;0
"08/02/2024";"07:47:00";"165";"Com vítima";"210,500";"BR-116/SP";"Crescente";"Acidentes de outra natureza";0;0;0;1;0;0;0;0;0;0;0;1;0;0;0
"08/02/2024";"07:58:00";"176";"Sem vítima";"416,000";"BR-101/RJ";"Crescente";"Colisão traseira";2;0;0;0;0;0;0;0;0;0;2;0;0;0;0
"08/02/2024";"08:08:00";"180";"Sem vítima";"35,000";"BR-101/SP";"Decrescente";"Atropelamento de pedestre";1;0;0;0;0;0;0;0;0;0;1;0;0;0;0
"08/02/2024";"08:21:00";"191";"Com vítima";"225,200";"BR-116/SP";"Crescente";"Colisão traseira";1;0;0;1;0;0;0;0;0;0;1;1;0;0;0
"08/02/2024";"08:27:00";"195";"Com vítima";"230,000";"BR-116/SP";"Crescente";"Acidentes de outra natureza";0;0;0;1;0;0;0;0;0;0;0;1;0;0;0
"08/02/2024";"10:35:00";"288";"Com vítima";"205,500";"BR-116/SP";"Crescente";"Colisão lateral em sentido contrário";1;0;0;1;0;0;0;0;0;0;1;1;0;0;0
"08/02/2024";"10:43:00";"299";"Sem vítima";"54,000";"BR-116/SP";"Crescente";"Capotamento";2;0;0;0;0;0;0;0;0;0;2;0;0;0;0
"08/02/2024";"11:35:00";"333";"Sem vítima";"122,800";"BR-116/SP";"Decrescente";"Colisão lateral em sentido contrário";1;0;1;0;0;0;0;0;0;1;5;0;0;0;0
"08/02/2024";"13:43:00";"409";"Sem vítima";"276,000";"BR-116/RJ";"Decrescente";"Colisão traseira";1;0;0;0;1;0;0;0;0;0;2;0;0;0;0
"08/02/2024";"14:06:00";"423";"Sem vítima";"316,000";"BR-116/RJ";"Decrescente";"Choque";1;0;0;0;0;0;0;0;0;0;1;0;0;0;0
"08/02/2024";"14:15:00";"430";"Com vítima";"295,000";"BR-116/RJ";"Crescente";"Acidentes de outra natureza";0;0;0;1;0;0;0;0;0;0;0;0;1;0;0
"08/02/2024";"15:06:00";"452";"Com vítima";"64,000";"BR-116/SP";"Crescente";"Engavetamento";4;0;0;0;0;0;0;0;0;0;6;1;0;0;0
"08/02/2024";"15:23:00";"467";"Com vítima";"228,200";"BR-116/SP";"Decrescente";"Choque";1;0;0;0;0;0;0;0;0;0;0;0;1;0;0
"08/02/2024";"16:20:00";"495";"Sem vítima";"88,000";"BR-116/SP";"Crescente";"Colisão lateral em sentido contrário";1;0;1;0;0;0;0;0;0;0;2;0;0;0;0
"08/02/2024";"16:22:00";"496";"Sem vítima";"297,000";"BR-116/RJ";"Decrescente";"Colisão lateral em sentido contrário";0;0;1;0;0;0;0;0;0;0;1;0;0;0;0
"08/02/2024";"16:39:00";"506";"Com vítima";"407,000";"BR-101/RJ";"Crescente";"Choque";1;0;0;0;0;0;0;0;0;0;0;1;0;0;0
"08/02/2024";"17:20:00";"530";"Sem vítima";"203,000";"BR-116/SP";"Decrescente";"Colisão traseira";2;0;0;0;0;0;0;0;0;0;2;0;0;0;0
"08/02/2024";"17:29:00";"535";"Com vítima";"133,600";"BR-116/SP";"Decrescente";"Colisão traseira";1;0;1;0;0;0;0;0;0;0;2;2;0;0;0
"08/02/2024";"17:50:00";"553";"Sem vítima";"133,500";"BR-116/SP";"Decrescente";"Engavetamento";2;0;0;0;0;0;0;0;0;1;4;0;0;0;0
"08/02/2024";"17:52:00";"556";"Sem vítima";"101,000";"BR-116/SP";"Crescente";"Colisão traseira";2;0;0;0;0;0;0;0;0;0;2;0;0;0;0
"08/02/2024";"18:16:00";"569";"Sem vítima";"413,000";"BR-101/RJ";"Decrescente";"Colisão lateral em sentido contrário";1;0;1;0;0;0;0;0;0;0;0;0;0;0;0
"08/02/2024";"18:40:00";"582";"Com vítima";"458,500";"BR-101/RJ";"Crescente";"Colisão lateral em sentido contrário";2;0;0;1;0;0;0;0;0;0;3;0;1;0;1
"08/02/2024";"19:01:00";"598";"Sem vítima";"150,000";"BR-116/SP";"Decrescente";"Colisão lateral em sentido contrário";2;0;0;0;0;0;0;0;0;0;0;0;0;0;0
"08/02/2024";"19:44:00";"616";"Sem vítima";"565,500";"BR-101/RJ";"Crescente";"Colisão traseira";1;0;1;0;0;0;0;0;0;0;4;0;0;0;0
"08/02/2024";"20:20:00";"643";"Sem vítima";"428,000";"BR-101/RJ";"Decrescente";"Choque";1;0;0;0;0;0;0;0;0;0;3;0;0;0;0
"08/02/2024";"21:48:00";"694";"Sem vítima";"264,100";"BR-116/RJ";"Crescente";"Acidentes de outra natureza";0;0;0;1;0;0;0;0;0;0;1;0;0;0;0
"08/02/2024";"23:30:00";"728";"Sem vítima";"71,000";"BR-116/SP";"Decrescente";"Choque";1;0;0;0;0;0;0;0;0;0;0;0;0;0;0
"08/02/2024";"23:33:00";"730";"Sem vítima";"276,200";"BR-116/RJ";"Crescente";"Colisão traseira";0;0;2;0;0;0;0;0;0;0;3;0;0;0;0
"09/02/2024";"00:00:00";"318";"Sem vítima";"225,000";"BR-116/RJ";"Decrescente";"Engavetamento";3;0;0;0;0;0;0;0;0;0;10;0;0;0;0
"09/02/2024";"03:42:00";"76";"Sem vítima";"37,500";"BR-116/SP";"Decrescente";"Choque";0;0;0;0;0;0;0;0;0;1;0;0;0;0;0
"09/02/2024";"04:07:00";"80";"Sem vítima";"222,450";"BR-116/SP";"Crescente";"Colisão lateral em sentido contrário";1;0;0;0;0;0;0;0;0;0;5;0;0;0;0
"09/02/2024";"06:18:00";"118";"Sem vítima";"394,000";"BR-101/RJ";"Decrescente";"Colisão lateral em sentido contrário";1;0;0;0;0;0;0;0;0;1;2;0;0;0;0
"09/02/2024";"06:34:00";"132";"Sem vítima";"394,000";"BR-101/RJ";"Crescente";"Colisão traseira";2;0;0;0;0;0;0;0;0;0;4;0;0;0;0
"09/02/2024";"08:56:00";"248";"Com vítima";"387,000";"BR-101/RJ";"Decrescente";"Colisão lateral em sentido contrário";1;0;0;2;0;0;0;0;0;0;2;1;0;0;0
"09/02/2024";"10:40:00";"325";"Com vítima";"229,000";"BR-116/SP";"Crescente";"Colisão lateral em sentido contrário";1;0;0;1;0;0;0;0;0;0;1;1;0;0;0
"09/02/2024";"13:47:00";"436";"Sem vítima";"116,400";"BR-116/SP";"Crescente";"Colisão traseira";1;0;1;0;0;0;0;0;0;0;2;0;0;0;0
"09/02/2024";"13:47:00";"437";"Com vítima";"231,000";"BR-116/SP";"Crescente";"Colisão lateral em sentido contrário";1;0;0;1;0;0;0;0;0;0;1;1;0;0;0
"09/02/2024";"14:13:00";"446";"Sem vítima";"202,000";"BR-116/SP";"Decrescente";"Engavetamento";1;0;1;0;0;0;0;0;0;0;0;0;0;0;0
"09/02/2024";"14:21:00";"450";"Sem vítima";"116,000";"BR-116/SP";"Decrescente";"Colisão traseira";2;0;0;0;0;0;0;0;0;0;2;0;0;0;0
"09/02/2024";"14:29:00";"455";"Sem vítima";"220,000";"BR-116/SP";"Crescente";"Colisão traseira";2;0;0;0;0;0;0;0;0;0;0;0;0;0;0
"09/02/2024";"15:47:00";"504";"Sem vítima";"305,000";"BR-116/RJ";"Crescente";"Engavetamento";3;0;0;0;0;0;0;0;0;0;3;0;0;0;0
"09/02/2024";"15:59:00";"509";"Com vítima";"183,000";"BR-116/SP";"Crescente";"Colisão traseira";0;0;1;1;0;0;0;0;0;0;1;0;1;0;0
"09/02/2024";"16:16:00";"527";"Sem vítima";"161,300";"BR-116/SP";"Decrescente";"Engavetamento";5;0;0;0;0;0;0;0;0;0;13;0;0;0;0
"09/02/2024";"16:22:00";"532";"Sem vítima";"89,500";"BR-116/SP";"Decrescente";"Colisão lateral em sentido contrário";0;0;2;0;0;0;0;0;0;0;2;0;0;0;0
"09/02/2024";"16:34:00";"535";"Sem vítima";"206,000";"BR-116/SP";"Crescente";"Engavetamento";3;0;0;0;0;0;0;0;0;0;3;0;0;0;0
"09/02/2024";"16:54:00";"551";"Sem vítima";"105,500";"BR-116/SP";"Crescente";"Colisão traseira";2;0;0;0;0;0;0;0;0;0;0;0;0;0;0
"09/02/2024";"17:23:00";"569";"Com vítima";"220,600";"BR-116/SP";"Decrescente";"Acidentes de outra natureza";0;0;1;1;0;0;0;0;0;0;1;0;0;0;1
"09/02/2024";"17:30:00";"490";"Sem vítima";"183,000";"BR-116/SP";"Crescente";"Colisão traseira";0;0;0;1;0;0;0;0;0;0;1;0;0;0;0
"09/02/2024";"19:30:00";"653";"Sem vítima";"226,000";"BR-116/SP";"Decrescente";"Colisão lateral em sentido contrário";1;0;1;0;0;0;0;0;0;0;2;0;0;0;0
"09/02/2024";"19:31:00";"654";"Sem vítima";"110,000";"BR-116/SP";"Decrescente";"Acidentes de outra natureza";1;0;0;0;0;0;0;0;0;0;0;0;0;0;0
"09/02/2024";"20:05:00";"671";"Com vítima";"448,000";"BR-101/RJ";"Crescente";"Acidentes de outra natureza";0;0;0;1;0;0;0;0;0;0;0;2;0;0;0
"09/02/2024";"22:43:00";"736";"Com vítima";"139,450";"BR-116/SP";"Decrescente";"Acidentes de outra natureza";0;0;0;1;0;0;0;0;0;0;0;0;1;1;0
"10/02/2024";"02:55:00";"60";"Com vítima";"232,000";"BR-116/RJ";"Decrescente";"Choque";0;0;0;1;0;0;0;0;0;0;0;0;1;0;0
"10/02/2024";"04:58:00";"86";"Sem vítima";"285,000";"BR-116/RJ";"Decrescente";"Choque";1;0;0;0;0;0;0;0;0;0;3;0;0;0;0
"10/02/2024";"07:49:00";"151";"Sem vítima";"492,000";"BR-101/RJ";"Crescente";"Choque";1;0;0;0;0;0;0;0;0;0;2;0;0;0;0
"10/02/2024";"08:35:00";"195";"Sem vítima";"202,000";"BR-116/SP";"Decrescente";"Colisão traseira";0;0;0;1;0;0;0;0;0;0;1;0;0;0;0
"10/02/2024";"08:43:00";"198";"Sem vítima";"234,000";"BR-116/RJ";"Crescente";"Tombamento";0;0;1;0;0;0;0;0;0;0;1;0;0;0;0
"10/02/2024";"08:44:00";"199";"Com vítima";"535,000";"BR-101/RJ";"Decrescente";"Colisão lateral em sentido contrário";1;0;0;1;0;0;0;0;0;0;1;0;1;0;0
"10/02/2024";"08:46:00";"200";"Com vítima";"45,700";"BR-101/SP";"Crescente";"Colisão lateral em sentido contrário";1;0;0;1;0;0;0;0;0;0;1;1;1;0;0
"10/02/2024";"09:03:00";"211";"Com vítima";"289,000";"BR-116/RJ";"Crescente";"Colisão traseira";0;0;0;1;0;0;0;0;0;0;0;0;2;0;0
"10/02/2024";"09:43:00";"230";"Com vítima";"222,400";"BR-116/SP";"Crescente";"Choque";0;0;1;0;0;0;0;0;0;0;0;0;0;0;1
"10/02/2024";"10:34:00";"261";"Sem vítima";"86,600";"BR-116/SP";"Crescente";"Engavetamento";3;0;0;0;0;0;0;0;0;0;7;0;0;0;0
"10/02/2024";"10:55:00";"277";"Sem vítima";"68,000";"BR-116/SP";"Decrescente";"Colisão lateral em sentido contrário";0;0;0;0;0;0;0;2;0;0;2;0;0;0;0
"10/02/2024";"11:13:00";"286";"Com vítima";"159,000";"BR-116/SP";"Decrescente";"Colisão lateral em sentido contrário";1;0;0;1;0;0;0;0;0;0;5;2;0;0;0
"10/02/2024";"11:45:00";"308";"Sem vítima";"204,000";"BR-116/SP";"Decrescente";"Colisão lateral em sentido contrário";1;0;0;0;0;0;0;1;0;0;3;0;0;0;0
"10/02/2024";"11:49:00";"310";"Com vítima";"116,000";"BR-116/SP";"Decrescente";"Colisão lateral em sentido contrário";1;0;0;1;0;0;0;0;0;0;2;1;0;0;0
"10/02/2024";"11:53:00";"313";"Com vítima";"503,000";"BR-101/RJ";"Crescente";"Colisão traseira";2;0;0;0;0;0;0;0;0;0;3;1;0;0;0
"10/02/2024";"13:00:00";"357";"Com vítima";"474,000";"BR-101/RJ";"Crescente";"Atropelamento de pedestre";0;0;0;1;0;0;0;0;0;0;0;0;2;0;0
"10/02/2024";"13:11:00";"365";"Sem vítima";"50,100";"BR-116/SP";"Decrescente";"Colisão lateral em sentido contrário";2;0;0;0;0;0;0;0;0;0;4;0;0;0;0
"10/02/2024";"13:30:00";"377";"Sem vítima";"53,000";"BR-116/SP";"Decrescente";"Engavetamento";3;0;0;0;0;0;0;0;0;0;2;0;0;0;0
"10/02/2024";"14:03:00";"399";"Com vítima";"585,000";"BR-101/RJ";"Crescente";"Colisão lateral em sentido contrário";2;0;0;0;0;0;0;0;0;0;2;2;0;0;0
"10/02/2024";"14:25:00";"416";"Sem vítima";"57,300";"BR-116/SP";"Decrescente";"Colisão traseira";2;0;0;0;0;0;0;0;0;0;6;0;0;0;0
"10/02/2024";"14:35:00";"421";"Com vítima";"297,000";"BR-116/RJ";"Decrescente";"Choque";1;0;0;0;0;0;0;0;0;0;0;1;1;0;0
"10/02/2024";"14:36:00";"422";"Com vítima";"467,000";"BR-101/RJ";"Crescente";"Engavetamento";3;0;0;0;0;0;0;0;0;0;3;0;1;0;0
"10/02/2024";"16:22:00";"486";"Sem vítima";"146,000";"BR-116/SP";"Decrescente";"Colisão traseira";2;0;0;0;0;0;0;0;0;0;4;0;0;0;0
"10/02/2024";"17:50:00";"539";"Com vítima";"424,000";"BR-101/RJ";"Crescente";"Colisão frontal";1;0;0;1;0;0;0;0;0;0;1;0;1;1;0
"10/02/2024";"18:21:00";"559";"Sem vítima";"216,000";"BR-116/SP";"Crescente";"Colisão lateral em sentido contrário";1;0;0;0;0;0;0;1;0;0;4;0;0;0;0
"10/02/2024";"19:23:00";"594";"Com vítima";"521,000";"BR-101/RJ";"Crescente";"Colisão lateral em sentido contrário";2;0;0;0;0;0;0;0;0;0;1;1;0;0;0
"10/02/2024";"20:31:00";"629";"Com vítima";"215,100";"BR-116/RJ";"Decrescente";"Choque";1;0;0;0;0;0;0;0;0;0;0;0;0;1;0
"10/02/2024";"20:46:00";"636";"Com vítima";"146,000";"BR-116/SP";"Decrescente";"Colisão traseira";2;0;0;0;0;0;0;0;0;0;0;2;0;0;0
"10/02/2024";"22:01:00";"671";"Com vítima";"597,000";"BR-101/RJ";"Decrescente";"Acidentes de outra natureza";0;0;0;1;0;0;0;0;0;0;0;0;0;1;0
"11/02/2024";"00:00:00";"548";"Sem vítima";"299,000";"BR-116/RJ";"Crescente";"Acidentes de outra natureza";1;0;0;0;0;0;0;0;0;0;1;0;0;0;0
"11/02/2024";"00:44:00";"26";"Sem vítima";"447,000";"BR-101/RJ";"Decrescente";"Choque";1;0;0;0;0;0;0;0;0;0;5;0;0;0;0
"11/02/2024";"06:37:00";"83";"Sem vítima";"441,000";"BR-101/RJ";"Decrescente";"Choque";1;0;0;0;0;0;0;0;0;0;2;0;0;0;0
"11/02/2024";"06:53:00";"93";"Sem vítima";"425,000";"BR-101/RJ";"Decrescente";"Colisão lateral em sentido contrário";2;0;0;0;0;0;0;0;0;0;3;0;0;0;0
"11/02/2024";"06:57:00";"96";"Sem vítima";"428,000";"BR-101/RJ";"Decrescente";"Choque";1;0;0;0;0;0;0;0;0;0;1;0;0;0;0
"11/02/2024";"10:26:00";"197";"Sem vítima";"425,000";"BR-101/RJ";"Crescente";"Engavetamento";1;0;0;0;0;0;0;0;0;0;1;0;0;0;0
"11/02/2024";"10:49:00";"211";"Sem vítima";"51,000";"BR-101/SP";"Decrescente";"Colisão lateral em sentido contrário";2;0;0;0;0;0;0;0;0;0;6;0;0;0;0
"11/02/2024";"11:46:00";"234";"Sem vítima";"409,000";"BR-101/RJ";"Decrescente";"Choque";1;0;0;0;0;0;0;0;0;0;1;0;0;0;0
"11/02/2024";"12:06:00";"220";"Com vítima";"129,000";"BR-116/SP";"Decrescente";"Acidentes de outra natureza";0;0;0;1;0;0;0;0;0;0;0;0;1;0;0
"11/02/2024";"12:18:00";"255";"Sem vítima";"537,000";"BR-101/RJ";"Crescente";"Colisão lateral em sentido contrário";2;0;0;0;0;0;0;0;0;0;3;0;0;0;0
"11/02/2024";"14:35:00";"325";"Com vítima";"109,350";"BR-116/SP";"Crescente";"Colisão traseira";2;0;0;0;0;0;0;0;0;0;1;0;1;0;0
"11/02/2024";"15:05:00";"336";"Com vítima";"456,000";"BR-101/RJ";"Crescente";"Atropelamento de pedestre";0;0;0;0;0;0;0;0;0;0;0;0;1;0;0
"11/02/2024";"15:51:00";"347";"Sem vítima";"233,600";"BR-116/RJ";"Decrescente";"Choque";0;0;0;0;1;0;0;0;0;0;49;0;0;0;0
"11/02/2024";"18:15:00";"419";"Com vítima";"428,000";"BR-101/RJ";"Decrescente";"Colisão frontal";2;0;0;0;0;0;0;0;0;0;0;2;0;0;0
"11/02/2024";"19:55:00";"470";"Sem vítima";"212,000";"BR-116/SP";"Crescente";"Choque";1;0;0;0;0;0;0;0;0;0;1;0;0;0;0
"11/02/2024";"19:59:00";"471";"Com vítima";"317,000";"BR-116/RJ";"Crescente";"Atropelamento de pedestre";0;0;0;1;0;0;0;0;0;0;1;0;1;0;0
"11/02/2024";"20:16:00";"478";"Sem vítima";"230,500";"BR-116/SP";"Decrescente";"Colisão traseira";2;0;0;0;0;0;0;0;0;0;2;0;0;0;0
"11/02/2024";"20:50:00";"490";"Sem vítima";"39,400";"BR-116/SP";"Crescente";"Atropelamento de pedestre";1;0;0;0;0;0;0;0;0;0;1;0;0;0;0
"11/02/2024";"21:23:00";"502";"Sem vítima";"142,000";"BR-116/SP";"Crescente";"Colisão traseira";2;0;0;0;0;0;0;0;0;0;3;0;0;0;0
"11/02/2024";"21:57:00";"517";"Com vítima";"511,000";"BR-101/RJ";"Crescente";"Colisão lateral em sentido contrário";2;0;0;0;0;0;0;0;0;0;2;0;1;0;0
"12/02/2024";"00:00:00";"248";"Com vítima";"533,500";"BR-101/RJ";"Crescente";"Colisão traseira";1;0;0;1;0;0;0;0;0;0;0;1;0;0;0
"12/02/2024";"00:49:00";"27";"Com vítima";"226,000";"BR-116/SP";"Decrescente";"Acidentes de outra natureza";0;0;0;1;0;0;0;0;0;0;0;1;0;0;0
"12/02/2024";"01:22:00";"32";"Com vítima";"273,000";"BR-116/RJ";"Crescente";"Choque";1;0;0;0;0;0;0;0;0;0;0;1;0;0;0
"12/02/2024";"04:38:00";"65";"Com vítima";"485,000";"BR-101/RJ";"Decrescente";"Colisão frontal";0;0;0;1;1;0;0;0;0;0;1;0;0;2;0
"12/02/2024";"05:47:00";"82";"Com vítima";"291,500";"BR-116/RJ";"Crescente";"Queda de carga";0;0;0;1;0;0;0;0;0;0;0;2;0;0;0
"12/02/2024";"06:06:00";"87";"Sem vítima";"13,000";"BR-116/SP";"Decrescente";"Tombamento";0;0;1;0;0;0;0;0;0;0;1;0;0;0;0
"12/02/2024";"06:38:00";"98";"Sem vítima";"251,000";"BR-116/RJ";"Crescente";"Choque";1;0;0;0;0;0;0;0;0;0;0;0;0;0;0
"12/02/2024";"07:30:00";"128";"Com vítima";"463,000";"BR-101/RJ";"Decrescente";"Colisão lateral em sentido contrário";1;0;0;0;0;0;0;1;0;0;3;0;2;0;0
"12/02/2024";"08:31:00";"155";"Com vítima";"425,000";"BR-101/RJ";"Decrescente";"Colisão lateral em sentido contrário";2;0;0;0;0;0;0;0;0;0;2;1;1;0;0
"12/02/2024";"10:25:00";"201";"Sem vítima";"536,000";"BR-101/RJ";"Crescente";"Engavetamento";3;0;0;0;0;0;0;0;0;0;6;0;0;0;0
"12/02/2024";"10:51:00";"215";"Sem vítima";"227,700";"BR-116/SP";"Decrescente";"Colisão frontal";1;0;1;0;0;0;0;0;0;0;7;0;0;0;0
"12/02/2024";"11:18:00";"228";"Sem vítima";"226,900";"BR-116/SP";"Crescente";"Colisão traseira";1;0;0;0;0;0;0;0;0;0;3;0;0;0;0
"12/02/2024";"12:51:00";"259";"Sem vítima";"148,000";"BR-116/SP";"Crescente";"Choque";1;0;0;0;0;0;0;0;0;0;2;0;0;0;0
"12/02/2024";"13:38:00";"295";"Com vítima";"87,800";"BR-116/SP";"Crescente";"Acidentes de outra natureza";0;0;0;1;0;0;0;0;0;0;0;2;0;0;0
"12/02/2024";"13:53:00";"306";"Com vítima";"421,000";"BR-101/RJ";"Crescente";"Colisão lateral em sentido contrário";1;0;0;1;0;0;0;0;0;0;1;0;2;0;0
"12/02/2024";"15:50:00";"363";"Sem vítima";"63,500";"BR-116/SP";"Decrescente";"Choque";2;0;0;0;0;0;0;0;0;0;1;0;0;0;0
"12/02/2024";"16:11:00";"367";"Sem vítima";"55,000";"BR-116/SP";"Decrescente";"Choque";2;0;0;0;0;0;0;0;0;0;1;0;0;0;0
"12/02/2024";"17:15:00";"410";"Com vítima";"257,500";"BR-116/RJ";"Crescente";"Acidentes de outra natureza";0;0;0;1;0;0;0;0;0;0;0;2;0;0;0
"12/02/2024";"17:41:00";"427";"Com vítima";"26,300";"BR-116/SP";"Crescente";"Choque";1;0;0;0;0;0;0;0;0;0;0;2;0;0;0
"12/02/2024";"17:58:00";"439";"Com vítima";"66,800";"BR-116/SP";"Crescente";"Choque";1;0;0;0;0;0;0;0;0;0;1;1;0;0;0
"12/02/2024";"18:27:00";"446";"Sem vítima";"107,500";"BR-116/SP";"Crescente";"Colisão lateral em sentido contrário";1;0;0;0;0;0;0;1;0;0;1;0;0;0;0
"12/02/2024";"18:45:00";"457";"Com vítima";"487,000";"BR-101/RJ";"Decrescente";"Colisão frontal";1;0;0;1;0;0;0;0;0;0;1;0;1;0;0
"12/02/2024";"19:30:00";"477";"Com vítima";"533,000";"BR-101/RJ";"Crescente";"Colisão lateral em sentido contrário";1;0;0;1;0;0;0;0;0;0;2;1;1;0;0
"12/02/2024";"20:49:00";"516";"Com vítima";"223,000";"BR-116/SP";"Decrescente";"Acidentes de outra natureza";0;0;0;1;0;0;0;0;0;0;0;0;1;0;0
"12/02/2024";"22:01:00";"541";"Sem vítima";"229,000";"BR-116/SP";"Crescente";"Choque";1;0;0;0;0;0;0;0;0;0;2;0;0;0;0
"12/02/2024";"23:22:00";"568";"Com vítima";"89,600";"BR-116/SP";"Decrescente";"Acidentes de outra natureza";1;0;0;0;0;0;0;0;0;0;0;0;0;1;0
"13/02/2024";"00:00:00";"120";"Sem vítima";"9,700";"BR-116/SP";"Crescente";"Choque";1;0;0;0;0;0;0;0;0;0;2;0;0;0;0
"13/02/2024";"03:50:00";"55";"Sem vítima";"67,150";"BR-116/SP";"Crescente";"Choque";0;0;1;0;0;0;0;0;0;0;1;0;0;0;0
"13/02/2024";"07:55:00";"129";"Com vítima";"450,500";"BR-101/RJ";"Crescente";"Tombamento";1;0;1;0;0;0;0;0;0;0;1;2;0;0;0
"13/02/2024";"08:00:00";"132";"Sem vítima";"482,000";"BR-101/RJ";"Decrescente";"Colisão lateral em sentido contrário";2;0;0;0;0;0;0;0;0;0;3;0;0;0;0
"13/02/2024";"11:23:00";"241";"Sem vítima";"428,000";"BR-101/RJ";"Decrescente";"Colisão lateral em sentido contrário";2;0;0;0;0;0;0;0;0;0;4;0;0;0;0
"13/02/2024";"11:45:00";"249";"Sem vítima";"252,900";"BR-116/RJ";"Crescente";"Choque";1;0;0;0;0;0;0;0;0;0;4;0;0;0;0
"13/02/2024";"12:43:00";"288";"Sem vítima";"214,000";"BR-116/SP";"Decrescente";"Colisão lateral em sentido contrário";1;0;1;0;0;0;0;0;0;0;2;0;0;0;0
"13/02/2024";"16:11:00";"395";"Sem vítima";"154,900";"BR-116/SP";"Crescente";"Colisão lateral em sentido contrário";1;0;1;0;0;0;0;0;0;0;4;0;0;0;0