data;horario;n_da_ocorrencia;tipo_de_ocorrencia;km;trecho;sentido;tipo_de_acidente;automovel;bicicleta;caminhao;moto;onibus;outros;tracao_animal;transporte_de_cargas_especiais;trator_maquinas;utilitarios;ilesos;levemente_feridos;moderadamente_feridos;gravemente_feridos;mortos
"13/02/2024";"16:48:00";"414";"Sem vítima";"35,100";"BR-116/SP";"Crescente";"Choque";1;0;0;0;0;0;0;0;0;0;0;0;0;0;0
"13/02/2024";"16:52:00";"417";"Com vítima";"149,800";"BR-116/SP";"Crescente";"Acidentes de outra natureza";0;0;0;1;0;0;0;0;0;0;0;1;0;0;0
"13/02/2024";"16:55:00";"418";"Sem vítima";"42,300";"BR-116/SP";"Crescente";"Choque";1;0;0;0;0;0;0;0;0;0;0;0;0;0;0
"13/02/2024";"17:07:00";"426";"Com vítima";"428,000";"BR-101/RJ";"Decrescente";"Colisão lateral em sentido contrário";1;0;0;1;0;0;0;0;0;0;1;0;2;0;0
"13/02/2024";"17:24:00";"436";"Com vítima";"211,200";"BR-116/SP";"Crescente";"Colisão traseira";1;0;0;1;0;0;0;0;0;0;2;2;0;0;0
"13/02/2024";"18:44:00";"476";"Com vítima";"419,000";"BR-101/RJ";"Decrescente";"Acidentes de outra natureza";0;0;0;1;0;0;0;0;0;0;0;2;0;0;0
"13/02/2024";"19:15:00";"493";"Sem vítima";"34,200";"BR-116/SP";"Crescente";"Colisão traseira";2;0;0;0;0;0;0;0;0;0;0;0;0;0;0
"13/02/2024";"19:16:00";"494";"Sem vítima";"26,000";"BR-116/SP";"Crescente";"Choque";1;0;0;0;0;0;0;0;0;0;0;0;0;0;0
"13/02/2024";"19:46:00";"511";"Sem vítima";"207,000";"BR-116/SP";"Crescente";"Capotamento";1;0;0;0;0;0;0;0;0;0;1;0;0;0;0
"13/02/2024";"21:17:00";"555";"Com vítima";"482,000";"BR-101/RJ";"Decrescente";"Colisão lateral em sentido contrário";2;0;0;0;0;0;0;0;0;0;0;7;2;0;0
"13/02/2024";"21:53:00";"574";"Com vítima";"455,000";"BR-101/RJ";"Crescente";"Acidentes de outra natureza";0;0;0;1;0;0;0;0;0;0;0;1;0;0;0
"13/02/2024";"21:57:00";"575";"Com vítima";"435,000";"BR-101/RJ";"Decrescente";"Colisão traseira";1;0;1;0;0;0;0;0;0;0;1;1;0;0;0
"13/02/2024";"22:31:00";"594";"Com vítima";"49,000";"BR-101/SP";"Crescente";"Colisão lateral em sentido contrário";0;0;0;2;0;0;0;0;0;0;0;0;2;0;0
"14/02/2024";"00:48:00";"37";"Sem vítima";"229,300";"BR-116/SP";"Decrescente";"Choque";1;0;0;0;0;0;0;0;0;0;2;0;0;0;0
"14/02/2024";"01:47:00";"45";"Sem vítima";"96,000";"BR-116/SP";"Crescente";"Choque";0;0;0;0;0;0;0;0;0;1;2;0;0;0;0
"14/02/2024";"02:53:00";"56";"Sem vítima";"147,900";"BR-116/SP";"Decrescente";"Choque";0;0;0;0;0;0;0;1;0;0;1;0;0;0;0
"14/02/2024";"05:18:00";"94";"Com vítima";"114,000";"BR-116/SP";"Decrescente";"Colisão traseira";1;0;1;0;0;0;0;0;0;0;0;2;0;0;0
"14/02/2024";"05:36:00";"99";"Sem vítima";"227,000";"BR-116/SP";"Crescente";"Choque";0;0;0;0;1;0;0;0;0;0;38;0;0;0;0
"14/02/2024";"06:17:00";"109";"Com vítima";"223,700";"BR-116/SP";"Crescente";"Colisão traseira";0;0;0;0;1;0;0;0;0;1;11;3;0;0;0
"14/02/2024";"08:44:00";"212";"Sem vítima";"182,000";"BR-116/SP";"Decrescente";"Colisão traseira";0;0;1;0;0;0;0;1;0;0;2;0;0;0;0
"14/02/2024";"10:39:00";"272";"Com vítima";"205,500";"BR-116/SP";"Crescente";"Colisão lateral em sentido contrário";1;0;0;1;0;0;0;0;0;0;1;1;0;0;0
"14/02/2024";"11:20:00";"298";"Com vítima";"422,000";"BR-101/RJ";"Crescente";"Colisão lateral em sentido contrário";1;0;0;1;0;0;0;0;0;0;1;1;1;0;0
"14/02/2024";"11:36:00";"304";"Sem vítima";"228,000";"BR-116/RJ";"Crescente";"Choque";1;0;0;0;0;0;0;0;0;0;1;0;0;0;0
"14/02/2024";"11:52:00";"316";"Sem vítima";"425,000";"BR-101/RJ";"Crescente";"Colisão lateral em sentido contrário";2;0;0;0;0;0;0;0;0;0;0;0;0;0;0
"14/02/2024";"14:18:00";"392";"Sem vítima";"193,000";"BR-116/SP";"Decrescente";"Colisão lateral em sentido contrário";1;0;1;0;0;0;0;0;0;0;2;0;0;0;0
"14/02/2024";"14:28:00";"400";"Sem vítima";"284,100";"BR-116/RJ";"Decrescente";"Engavetamento";3;0;0;0;0;0;0;0;0;0;3;0;0;0;0
"14/02/2024";"14:30:00";"402";"Sem vítima";"215,000";"BR-116/SP";"Crescente";"Engavetamento";1;0;0;0;0;0;0;0;0;0;1;0;0;0;0
"14/02/2024";"14:49:00";"410";"Sem vítima";"428,000";"BR-101/RJ";"Decrescente";"Colisão transversal";2;0;0;0;0;0;0;0;0;0;2;0;0;0;0
"14/02/2024";"17:18:00";"496";"Sem vítima";"27,000";"BR-116/SP";"Crescente";"Choque";1;0;0;0;0;0;0;0;0;0;0;0;0;0;0
"14/02/2024";"18:04:00";"521";"Sem vítima";"269,000";"BR-116/RJ";"Crescente";"Choque";0;0;1;0;0;0;0;0;0;0;1;0;0;0;0
"14/02/2024";"18:23:00";"536";"Sem vítima";"134,100";"BR-116/SP";"Crescente";"Colisão traseira";1;0;0;0;0;0;0;0;0;0;4;0;0;0;0
"14/02/2024";"19:30:00";"529";"Sem vítima";"243,000";"BR-116/RJ";"Decrescente";"Choque";1;0;0;0;0;0;0;0;0;0;1;0;0;0;0
"14/02/2024";"19:35:00";"585";"Com vítima";"42,000";"BR-101/SP";"Crescente";"Atropelamento de pedestre";0;1;0;1;0;0;0;0;0;0;0;1;0;0;0
"14/02/2024";"20:52:00";"613";"Com vítima";"486,000";"BR-101/RJ";"Decrescente";"Colisão frontal";0;0;0;2;0;0;0;0;0;0;0;0;2;0;0
"14/02/2024";"21:02:00";"608";"Com vítima";"8,000";"BR-116/SP";"Decrescente";"Colisão lateral em sentido contrário";2;0;0;0;0;0;0;0;0;0;0;1;1;0;0
"14/02/2024";"21:02:00";"608";"Com vítima";"8,200";"BR-116/SP";"Decrescente";"Colisão lateral em sentido contrário";2;0;0;0;0;0;0;0;0;0;2;2;2;0;0
"14/02/2024";"21:02:00";"616";"Sem vítima";"8,000";"BR-116/SP";"Decrescente";"Colisão traseira";0;0;2;0;0;0;0;0;0;0;1;0;0;0;0
"14/02/2024";"21:18:00";"620";"Sem vítima";"226,700";"BR-116/SP";"Decrescente";"Colisão frontal";1;0;0;0;0;0;0;0;0;0;1;0;0;0;0
"14/02/2024";"22:57:00";"654";"Com vítima";"422,600";"BR-101/RJ";"Crescente";"Capotamento";0;0;0;0;0;0;0;0;0;1;0;1;0;0;0
"15/02/2024";"00:18:00";"23";"Com vítima";"412,000";"BR-101/RJ";"Decrescente";"Acidentes de outra natureza";0;0;0;1;0;0;0;0;0;0;1;1;0;0;0
"15/02/2024";"01:43:00";"33";"Sem vítima";"16,000";"BR-116/SP";"Crescente";"Choque";1;0;0;0;0;0;0;0;0;0;2;0;0;0;0
"15/02/2024";"01:53:00";"35";"Sem vítima";"381,050";"BR-101/RJ";"Crescente";"Atropelamento de pedestre";1;0;0;0;0;0;0;0;0;0;1;0;0;0;0
"15/02/2024";"02:10:00";"38";"Sem vítima";"380,900";"BR-101/RJ";"Crescente";"Atropelamento de pedestre";1;0;0;0;0;0;0;0;0;0;1;0;0;0;0
"15/02/2024";"02:51:00";"43";"Sem vítima";"233,000";"BR-116/RJ";"Decrescente";"Choque";1;0;0;0;0;0;0;0;0;0;1;0;0;0;0
"15/02/2024";"04:34:00";"59";"Sem vítima";"198,000";"BR-116/SP";"Decrescente";"Colisão lateral em sentido contrário";1;0;0;0;0;0;0;0;0;1;6;0;0;0;0
"15/02/2024";"05:21:00";"69";"Sem vítima";"281,300";"BR-116/RJ";"Crescente";"Choque";1;0;0;0;0;0;0;0;0;0;1;0;0;0;0
"15/02/2024";"06:35:00";"91";"Sem vítima";"218,000";"BR-116/RJ";"Decrescente";"Colisão lateral em sentido contrário";1;0;1;0;0;0;0;0;0;0;2;0;0;0;0
"15/02/2024";"06:39:00";"106";"Sem vítima";"213,000";"BR-116/SP";"Decrescente";"Choque";1;0;0;0;0;0;0;0;0;0;1;0;0;0;0
"15/02/2024";"07:30:00";"145";"Com vítima";"74,000";"BR-116/SP";"Decrescente";"Colisão lateral em sentido contrário";1;0;0;0;0;0;0;1;0;0;2;0;1;0;0
"15/02/2024";"07:31:00";"147";"Sem vítima";"455,000";"BR-101/RJ";"Decrescente";"Colisão lateral em sentido contrário";2;0;0;0;0;0;0;0;0;0;3;0;0;0;0
"15/02/2024";"08:13:00";"168";"Sem vítima";"320,000";"BR-116/RJ";"Decrescente";"Choque";1;0;0;0;0;0;0;0;0;0;1;0;0;0;0
"15/02/2024";"09:13:00";"210";"Sem vítima";"3,000";"BR-101/SP";"Crescente";"Choque";1;0;0;0;0;0;0;0;0;0;1;0;0;0;0
"15/02/2024";"10:02:00";"245";"Com vítima";"234,000";"BR-116/RJ";"Crescente";"Acidentes de outra natureza";0;0;0;1;0;0;0;0;0;0;0;1;0;0;0
"15/02/2024";"10:29:00";"258";"Com vítima";"26,500";"BR-116/SP";"Crescente";"Choque";1;0;0;0;0;0;0;0;0;0;0;2;0;0;0
"15/02/2024";"10:52:00";"278";"Sem vítima";"430,000";"BR-101/RJ";"Crescente";"Choque";1;0;0;0;0;0;0;0;0;0;1;0;0;0;0
"15/02/2024";"10:57:00";"282";"Sem vítima";"570,000";"BR-101/RJ";"Crescente";"Choque";1;0;0;0;0;0;0;0;0;0;2;0;0;0;0
"15/02/2024";"11:32:00";"305";"Com vítima";"429,300";"BR-101/RJ";"Crescente";"Choque";1;0;0;0;0;0;0;0;0;0;4;1;0;0;0
"15/02/2024";"11:37:00";"309";"Com vítima";"436,000";"BR-101/RJ";"Decrescente";"Colisão frontal";2;0;0;0;0;0;0;0;0;0;1;1;0;0;0
"15/02/2024";"11:59:00";"324";"Sem vítima";"38,500";"BR-116/SP";"Decrescente";"Choque";1;0;0;0;0;0;0;0;0;0;2;0;0;0;0
"15/02/2024";"13:03:00";"379";"Sem vítima";"339,000";"BR-116/RJ";"Crescente";"Choque";1;0;0;0;0;0;0;0;0;0;3;0;0;0;0
"15/02/2024";"13:15:00";"367";"Com vítima";"106,750";"BR-116/SP";"Crescente";"Colisão lateral em sentido contrário";0;0;1;0;0;0;0;0;0;0;0;1;0;0;0
"15/02/2024";"13:22:00";"373";"Sem vítima";"49,000";"BR-101/SP";"Crescente";"Engavetamento";1;0;0;0;0;0;0;0;0;0;1;0;0;0;0
"15/02/2024";"13:26:00";"377";"Sem vítima";"107,000";"BR-116/SP";"Crescente";"Engavetamento";5;0;1;0;0;0;0;0;0;0;11;0;0;0;0
"15/02/2024";"13:28:00";"378";"Sem vítima";"331,500";"BR-116/RJ";"Decrescente";"Choque";0;0;0;0;0;0;0;1;0;0;1;0;0;0;0
"15/02/2024";"13:42:00";"383";"Sem vítima";"219,000";"BR-116/SP";"Decrescente";"Colisão traseira";1;0;1;0;0;0;0;0;0;0;2;0;0;0;0
"15/02/2024";"13:57:00";"390";"Com vítima";"491,000";"BR-101/RJ";"Decrescente";"Capotamento";1;0;0;0;0;0;0;0;0;0;0;1;0;0;0
"15/02/2024";"14:21:00";"402";"Sem vítima";"455,000";"BR-101/RJ";"Crescente";"Capotamento";1;0;0;0;0;0;0;0;0;0;1;0;0;0;0
"15/02/2024";"14:55:00";"420";"Sem vítima";"86,950";"BR-116/SP";"Decrescente";"Colisão traseira";0;0;1;0;0;0;0;0;0;1;2;0;0;0;0
"15/02/2024";"15:10:00";"430";"Sem vítima";"528,000";"BR-101/RJ";"Decrescente";"Choque";1;0;0;0;0;0;0;0;0;0;1;0;0;0;0
"15/02/2024";"16:01:00";"455";"Sem vítima";"582,000";"BR-101/RJ";"Decrescente";"Choque";1;0;0;0;0;0;0;0;0;0;1;0;0;0;0
"15/02/2024";"16:59:00";"486";"Sem vítima";"563,000";"BR-101/RJ";"Decrescente";"Choque";1;0;0;0;0;0;0;0;0;0;2;0;0;0;0
"15/02/2024";"17:10:00";"494";"Com vítima";"26,500";"BR-116/SP";"Crescente";"Choque";2;0;0;0;0;0;0;0;0;0;3;1;0;0;0
"15/02/2024";"17:22:00";"502";"Sem vítima";"247,500";"BR-116/RJ";"Crescente";"Acidentes de outra natureza";0;0;0;1;0;0;0;0;0;0;1;0;0;0;0
"15/02/2024";"17:36:00";"507";"Sem vítima";"147,600";"BR-116/SP";"Decrescente";"Colisão traseira";1;0;0;0;0;0;0;0;0;0;1;0;0;0;0
"15/02/2024";"17:42:00";"508";"Sem vítima";"266,850";"BR-116/RJ";"Decrescente";"Capotamento";1;0;0;0;0;0;0;0;0;0;4;0;0;0;0
"15/02/2024";"17:46:00";"512";"Com vítima";"231,000";"BR-116/SP";"Decrescente";"Colisão traseira";0;0;0;2;0;0;0;0;0;0;1;1;0;0;0
"15/02/2024";"17:46:00";"513";"Sem vítima";"144,000";"BR-116/SP";"Crescente";"Engavetamento";2;0;0;0;0;0;0;0;0;0;6;0;0;0;0
"15/02/2024";"18:26:00";"526";"Sem vítima";"28,000";"BR-116/SP";"Crescente";"Acidentes de outra natureza";1;0;0;0;0;0;0;0;0;0;3;0;0;0;0
"15/02/2024";"18:29:00";"529";"Sem vítima";"247,000";"BR-116/RJ";"Crescente";"Colisão traseira";0;0;2;0;0;0;0;0;0;0;2;0;0;0;0
"15/02/2024";"18:32:00";"532";"Com vítima";"140,000";"BR-116/SP";"Crescente";"Colisão lateral em sentido contrário";1;0;0;1;0;0;0;0;0;0;1;0;1;0;0
"15/02/2024";"18:33:00";"533";"Sem vítima";"435,500";"BR-101/RJ";"Crescente";"Colisão lateral em sentido contrário";2;0;0;0;0;0;0;0;0;0;2;0;0;0;0
"15/02/2024";"18:36:00";"535";"Sem vítima";"16,400";"BR-116/SP";"Crescente";"Colisão lateral em sentido contrário";1;0;0;0;0;0;0;0;0;0;1;0;0;0;0
"15/02/2024";"19:01:00";"548";"Sem vítima";"419,000";"BR-101/RJ";"Crescente";"Choque";1;0;0;0;0;0;0;0;0;0;1;0;0;0;0
"15/02/2024";"19:19:00";"561";"Com vítima";"477,000";"BR-101/RJ";"Crescente";"Choque";1;0;0;0;0;0;0;0;0;0;0;4;0;0;0
"15/02/2024";"19:29:00";"456";"Com vítima";"429,000";"BR-101/RJ";"Crescente";"Choque";1;0;0;0;0;0;0;0;0;0;0;5;1;0;0
"15/02/2024";"19:38:00";"565";"Sem vítima";"422,000";"BR-101/RJ";"Crescente";"Choque";1;0;0;0;0;0;0;0;0;0;1;0;0;0;0
"16/02/2024";"05:51:00";"81";"Sem vítima";"547,000";"BR-101/RJ";"Decrescente";"Choque";1;0;0;0;0;0;0;0;0;0;2;0;0;0;0
"16/02/2024";"07:55:00";"161";"Sem vítima";"138,650";"BR-116/SP";"Crescente";"Colisão lateral em sentido contrário";0;0;0;1;0;0;0;0;0;0;1;0;0;0;0
"16/02/2024";"07:59:00";"167";"Com vítima";"222,900";"BR-116/SP";"Crescente";"Colisão lateral em sentido contrário";0;0;0;1;0;0;0;0;0;0;0;1;0;0;0
"16/02/2024";"08:18:00";"179";"Sem vítima";"222,000";"BR-116/SP";"Crescente";"Acidentes de outra natureza";0;0;0;1;0;0;0;0;0;0;1;0;0;0;0
"16/02/2024";"09:59:00";"252";"Sem vítima";"51,000";"BR-116/SP";"Crescente";"Colisão lateral em sentido contrário";1;0;0;0;0;0;0;0;0;0;1;0;0;0;0
"16/02/2024";"11:27:00";"302";"Sem vítima";"282,100";"BR-116/RJ";"Crescente";"Colisão lateral em sentido contrário";1;0;0;0;0;0;0;0;0;0;1;0;0;0;0
"16/02/2024";"12:31:00";"338";"Com vítima";"421,400";"BR-101/RJ";"Crescente";"Colisão lateral em sentido contrário";2;0;0;0;0;0;0;0;0;0;4;1;0;0;0
"16/02/2024";"13:00:00";"348";"Com vítima";"35,000";"BR-101/SP";"Decrescente";"Colisão lateral em sentido contrário";2;0;0;0;0;0;0;0;0;0;0;5;0;0;0
"16/02/2024";"15:25:00";"417";"Com vítima";"584,000";"BR-101/RJ";"Decrescente";"Colisão lateral em sentido contrário";1;0;0;1;0;0;0;0;0;0;4;1;0;0;0
"16/02/2024";"17:39:00";"475";"Com vítima";"483,000";"BR-101/RJ";"Decrescente";"Colisão lateral em sentido contrário";2;0;0;0;0;0;0;0;0;0;3;0;1;0;0
"16/02/2024";"18:03:00";"488";"Com vítima";"324,900";"BR-116/RJ";"Crescente";"Colisão traseira";1;0;0;0;0;0;0;1;0;0;4;2;0;0;0
"16/02/2024";"20:36:00";"559";"Sem vítima";"157,800";"BR-116/SP";"Crescente";"Colisão traseira";1;0;1;0;0;0;0;0;0;0;2;0;0;0;0
"16/02/2024";"20:51:00";"567";"Com vítima";"325,400";"BR-116/RJ";"Decrescente";"Atropelamento de pedestre";0;0;0;0;0;0;0;0;0;0;0;0;0;0;1
"16/02/2024";"21:34:00";"582";"Sem vítima";"116,900";"BR-116/SP";"Crescente";"Choque";1;0;0;0;0;0;0;0;0;0;2;0;0;0;0
"16/02/2024";"21:57:00";"596";"Com vítima";"231,000";"BR-116/SP";"Decrescente";"Colisão traseira";1;0;0;1;0;0;0;0;0;0;1;0;0;1;0
"16/02/2024";"21:58:00";"597";"Sem vítima";"116,900";"BR-116/SP";"Crescente";"Choque";0;0;1;0;0;0;0;0;0;0;1;0;0;0;0
"16/02/2024";"22:27:00";"610";"Sem vítima";"322,900";"BR-116/RJ";"Decrescente";"Choque";1;0;0;0;0;0;0;0;0;0;1;0;0;0;0
"16/02/2024";"22:40:00";"616";"Sem vítima";"220,700";"BR-116/RJ";"Crescente";"Atropelamento de pedestre";1;0;0;0;0;0;0;0;0;0;3;0;0;0;0
"17/02/2024";"00:13:00";"22";"Sem vítima";"228,800";"BR-116/SP";"Decrescente";"Colisão lateral em sentido contrário";2;0;0;0;0;0;0;0;0;0;2;0;0;0;0
"17/02/2024";"01:49:00";"37";"Sem vítima";"312,000";"BR-116/RJ";"Crescente";"Choque";1;0;0;0;0;0;0;0;0;0;1;0;0;0;0
"17/02/2024";"04:36:00";"62";"Sem vítima";"226,000";"BR-116/SP";"Decrescente";"Colisão traseira";1;0;1;0;0;0;0;0;0;0;2;0;0;0;0
"17/02/2024";"08:43:00";"197";"Sem vítima";"69,000";"BR-116/SP";"Decrescente";"Acidentes de outra natureza";1;0;0;0;0;0;0;0;0;0;1;0;0;0;0
"17/02/2024";"10:14:00";"264";"Sem vítima";"285,000";"BR-116/RJ";"Decrescente";"Colisão traseira";2;0;0;0;0;0;0;0;0;0;1;0;0;0;0
"17/02/2024";"10:29:00";"272";"Com vítima";"50,000";"BR-101/SP";"Decrescente";"Colisão lateral em sentido contrário";1;0;0;1;0;0;0;0;0;0;1;0;1;0;0
"17/02/2024";"11:50:00";"306";"Sem vítima";"138,500";"BR-116/SP";"Crescente";"Engavetamento";5;0;0;0;0;0;0;0;0;0;0;0;0;0;0
"17/02/2024";"13:46:00";"365";"Com vítima";"307,400";"BR-116/RJ";"Crescente";"Acidentes de outra natureza";0;0;0;1;0;0;0;0;0;0;0;0;1;1;0
"17/02/2024";"14:42:00";"391";"Com vítima";"577,000";"BR-101/RJ";"Decrescente";"Acidentes de outra natureza";1;0;0;0;0;0;0;0;0;0;0;1;0;0;0
"17/02/2024";"15:41:00";"420";"Sem vítima";"270,350";"BR-116/RJ";"Decrescente";"Colisão traseira";2;0;0;0;0;0;0;0;0;0;3;0;0;0;0
"17/02/2024";"18:09:00";"478";"Sem vítima";"230,700";"BR-116/SP";"Crescente";"Colisão lateral em sentido contrário";1;0;0;0;0;0;0;1;0;0;4;0;0;0;0
"17/02/2024";"18:09:00";"480";"Sem vítima";"223,000";"BR-116/SP";"Crescente";"Choque";1;0;0;0;0;0;0;0;0;0;0;0;0;0;0
"17/02/2024";"18:42:00";"497";"Sem vítima";"38,900";"BR-101/SP";"Crescente";"Colisão lateral em sentido contrário";1;1;0;0;0;0;0;0;0;0;3;0;0;0;0
"17/02/2024";"20:05:00";"526";"Com vítima";"299,100";"BR-116/RJ";"Crescente";"Colisão lateral em sentido contrário";2;0;0;0;0;0;0;0;0;0;0;0;1;0;0
"17/02/2024";"20:41:00";"539";"Sem vítima";"15,280";"BR-101/SP";"Crescente";"Choque";1;0;0;0;0;0;0;0;0;0;2;0;0;0;0
"17/02/2024";"20:48:00";"541";"Sem vítima";"115,900";"BR-116/SP";"Crescente";"Choque";1;0;0;0;0;0;0;0;0;0;0;0;0;0;0
"18/02/2024";"01:16:00";"31";"Sem vítima";"257,000";"BR-116/RJ";"Crescente";"Choque";0;0;0;0;0;0;0;1;0;0;1;0;0;0;0
"18/02/2024";"01:27:00";"34";"Com vítima";"171,970";"BR-116/SP";"Crescente";"Acidentes de outra natureza";0;0;0;0;0;0;0;1;0;0;0;0;0;1;0
"18/02/2024";"01:31:00";"35";"Sem vítima";"224,800";"BR-116/SP";"Decrescente";"Choque";1;0;0;0;0;0;0;0;0;0;1;0;0;0;0
"18/02/2024";"01:39:00";"38";"Sem vítima";"24,000";"BR-101/SP";"Decrescente";"Choque";1;0;0;0;0;0;0;0;0;0;1;0;0;0;0
"18/02/2024";"02:06:00";"42";"Sem vítima";"227,450";"BR-116/SP";"Decrescente";"Choque";1;0;0;0;0;0;0;0;0;0;1;0;0;0;0
"18/02/2024";"02:33:00";"46";"Sem vítima";"156,700";"BR-116/SP";"Decrescente";"Choque";0;0;1;0;0;0;0;0;0;0;1;0;0;0;0
"18/02/2024";"07:15:00";"116";"Sem vítima";"229,000";"BR-116/RJ";"Crescente";"Choque";0;0;1;0;0;0;0;0;0;0;1;0;0;0;0
"18/02/2024";"10:18:00";"179";"Sem vítima";"505,000";"BR-101/RJ";"Decrescente";"Colisão lateral em sentido contrário";1;0;0;0;0;0;0;0;0;0;0;0;0;0;0
"18/02/2024";"11:13:00";"194";"Com vítima";"96,900";"BR-116/SP";"Decrescente";"Engavetamento";4;0;0;0;0;0;0;0;0;0;4;1;0;0;0
"18/02/2024";"11:32:00";"199";"Sem vítima";"97,100";"BR-116/SP";"Decrescente";"Colisão traseira";2;0;0;0;0;0;0;0;0;0;2;0;0;0;0
"18/02/2024";"15:01:00";"296";"Sem vítima";"211,000";"BR-116/SP";"Crescente";"Colisão lateral em sentido contrário";1;0;0;0;0;0;0;1;0;0;3;0;0;0;0
"18/02/2024";"15:01:00";"296";"Sem vítima";"211,100";"BR-116/SP";"Crescente";"Colisão lateral em sentido contrário";1;0;0;0;0;0;0;1;0;0;3;0;0;0;0
"18/02/2024";"15:22:00";"310";"Sem vítima";"135,000";"BR-116/SP";"Crescente";"Colisão traseira";2;0;0;0;0;0;0;0;0;0;4;0;0;0;0
"18/02/2024";"15:22:00";"310";"Sem vítima";"135,700";"BR-116/SP";"Crescente";"Colisão traseira";2;0;0;0;0;0;0;0;0;0;7;0;0;0;0
"18/02/2024";"16:46:00";"355";"Com vítima";"166,000";"BR-116/SP";"Crescente";"Colisão traseira";2;0;0;0;0;0;0;0;0;0;4;0;1;0;0
"18/02/2024";"16:57:00";"359";"Com vítima";"446,000";"BR-101/RJ";"Decrescente";"Colisão lateral em sentido contrário";0;0;0;2;0;0;0;0;0;0;0;2;0;0;0
"18/02/2024";"16:58:00";"360";"Com vítima";"225,500";"BR-116/SP";"Decrescente";"Acidentes de outra natureza";0;0;0;1;0;0;0;0;0;0;0;1;0;0;0
"18/02/2024";"17:06:00";"364";"Sem vítima";"103,100";"BR-116/SP";"Crescente";"Colisão traseira";2;0;0;0;0;0;0;0;0;0;2;0;0;0;0
"18/02/2024";"17:57:00";"393";"Sem vítima";"226,000";"BR-116/SP";"Decrescente";"Colisão traseira";1;0;0;0;0;0;0;0;0;0;1;0;0;0;0
"18/02/2024";"18:46:00";"422";"Sem vítima";"214,700";"BR-116/SP";"Decrescente";"Colisão traseira";1;0;0;0;0;0;0;0;0;0;1;0;0;0;0
"18/02/2024";"18:47:00";"423";"Com vítima";"540,000";"BR-101/RJ";"Crescente";"Choque";1;0;0;0;0;0;0;0;0;0;1;1;0;0;0
"18/02/2024";"20:20:00";"457";"Sem vítima";"122,572";"BR-116/SP";"Decrescente";"Colisão frontal";1;0;1;0;0;0;0;0;0;0;0;0;0;0;0
"18/02/2024";"22:00:00";"487";"Com vítima";"565,000";"BR-101/RJ";"Decrescente";"Colisão traseira";2;0;0;0;0;0;0;0;0;0;7;1;0;0;0
"19/02/2024";"03:07:00";"50";"Com vítima";"478,600";"BR-101/RJ";"Crescente";"Capotamento";1;0;0;0;0;0;0;0;0;0;0;1;1;0;0
"19/02/2024";"06:48:00";"104";"Com vítima";"231,700";"BR-116/RJ";"Decrescente";"Choque";0;0;1;0;0;0;0;0;0;0;0;1;0;0;0
"19/02/2024";"07:02:00";"120";"Com vítima";"24,600";"BR-116/SP";"Crescente";"Colisão traseira";2;0;0;0;0;0;0;0;0;0;3;1;0;0;0
"19/02/2024";"07:37:00";"149";"Sem vítima";"138,000";"BR-116/SP";"Crescente";"Colisão traseira";2;0;0;0;0;0;0;0;0;0;1;0;0;0;0
"19/02/2024";"09:41:00";"207";"Com vítima";"24,000";"BR-101/SP";"Decrescente";"Colisão lateral em sentido contrário";0;0;0;1;0;0;0;0;0;0;0;0;0;1;0
"19/02/2024";"10:32:00";"280";"Com vítima";"222,600";"BR-116/SP";"Decrescente";"Colisão lateral em sentido contrário";1;0;1;0;0;0;0;0;0;0;1;0;1;0;0
"19/02/2024";"11:15:00";"299";"Sem vítima";"279,000";"BR-116/RJ";"Decrescente";"Colisão lateral em sentido contrário";2;0;1;0;0;0;0;0;0;0;0;0;0;0;0
"19/02/2024";"12:46:00";"336";"Com vítima";"146,000";"BR-116/SP";"Decrescente";"Colisão traseira";1;0;0;1;0;0;0;0;0;0;1;2;0;0;0
"19/02/2024";"14:39:00";"382";"Com vítima";"102,350";"BR-116/SP";"Crescente";"Choque";0;0;1;0;0;0;0;0;0;0;0;1;0;0;0
"19/02/2024";"15:10:00";"400";"Sem vítima";"224,200";"BR-116/SP";"Crescente";"Engavetamento";2;0;0;0;0;0;0;0;0;0;2;0;0;0;0
"19/02/2024";"15:29:00";"410";"Sem vítima";"267,000";"BR-116/RJ";"Crescente";"Colisão lateral em sentido contrário";1;0;0;0;0;0;0;1;0;0;2;0;0;0;0
"19/02/2024";"15:38:00";"414";"Sem vítima";"226,300";"BR-116/RJ";"Crescente";"Tombamento";0;0;1;0;0;0;0;0;0;0;1;0;0;0;0
"19/02/2024";"15:47:00";"418";"Com vítima";"46,000";"BR-101/SP";"Crescente";"Colisão lateral em sentido contrário";1;0;0;1;0;0;0;0;0;0;1;1;0;0;0
"19/02/2024";"17:22:00";"467";"Sem vítima";"213,600";"BR-116/SP";"Decrescente";"Choque";1;0;0;0;0;0;0;0;0;0;1;0;0;0;0
"19/02/2024";"17:46:00";"479";"Sem vítima";"135,000";"BR-116/SP";"Crescente";"Colisão traseira";2;0;1;0;0;0;0;0;0;0;3;0;0;0;0