data;horario;n_da_ocorrencia;tipo_de_ocorrencia;km;trecho;sentido;tipo_de_acidente;automovel;bicicleta;caminhao;moto;onibus;outros;tracao_animal;transporte_de_cargas_especiais;trator_maquinas;utilitarios;ilesos;levemente_feridos;moderadamente_feridos;gravemente_feridos;mortos
"19/02/2024";"17:56:00";"488";"Com vítima";"50,500";"BR-101/SP";"Crescente";"Atropelamento de pedestre";0;1;0;1;0;0;0;0;0;0;0;1;0;0;0
"19/02/2024";"18:20:00";"496";"Sem vítima";"86,950";"BR-116/SP";"Crescente";"Colisão frontal";1;0;1;0;0;0;0;0;0;0;0;0;0;0;0
"19/02/2024";"18:36:00";"502";"Com vítima";"542,000";"BR-101/RJ";"Crescente";"Colisão lateral em sentido contrário";1;0;0;0;0;0;0;1;0;0;1;0;1;0;0
"19/02/2024";"19:44:00";"537";"Com vítima";"273,650";"BR-116/RJ";"Crescente";"Colisão traseira";0;0;1;0;1;0;0;0;0;0;5;3;2;0;0
"19/02/2024";"19:46:00";"538";"Sem vítima";"273,000";"BR-116/RJ";"Crescente";"Acidentes de outra natureza";0;0;0;0;1;0;0;0;0;0;0;0;0;0;0
"19/02/2024";"20:08:00";"547";"Sem vítima";"114,100";"BR-116/SP";"Decrescente";"Colisão lateral em sentido contrário";2;0;0;0;0;0;0;0;0;0;0;0;0;0;0
"19/02/2024";"21:06:00";"571";"Com vítima";"221,000";"BR-116/SP";"Decrescente";"Colisão traseira";2;0;0;0;0;0;0;0;0;0;1;1;0;0;0
"19/02/2024";"23:18:00";"604";"Com vítima";"49,000";"BR-116/SP";"Crescente";"Choque";1;0;0;0;0;0;0;0;0;0;0;0;1;0;0
"20/02/2024";"00:00:00";"292";"Sem vítima";"227,500";"BR-116/SP";"Decrescente";"Colisão traseira";2;0;0;0;0;0;0;0;0;0;2;0;0;0;0
"20/02/2024";"01:02:00";"29";"Sem vítima";"107,000";"BR-116/SP";"Decrescente";"Choque";1;0;0;0;0;0;0;0;0;0;1;0;0;0;0
"20/02/2024";"06:06:00";"83";"Sem vítima";"557,000";"BR-101/RJ";"Decrescente";"Choque";1;0;0;0;0;0;0;0;0;0;2;0;0;0;0
"20/02/2024";"06:34:00";"96";"Com vítima";"261,300";"BR-116/RJ";"Crescente";"Colisão lateral em sentido contrário";1;0;1;0;0;0;0;1;0;0;2;0;1;0;0
"20/02/2024";"08:13:00";"185";"Com vítima";"50,000";"BR-101/SP";"Crescente";"Colisão frontal";1;0;0;1;0;0;0;0;0;0;0;2;0;0;0
"20/02/2024";"08:18:00";"188";"Sem vítima";"136,000";"BR-116/SP";"Decrescente";"Acidentes de outra natureza";0;0;1;0;0;0;0;0;0;0;0;0;0;0;0
"20/02/2024";"09:26:00";"239";"Sem vítima";"145,600";"BR-116/SP";"Decrescente";"Colisão lateral em sentido contrário";1;0;0;0;0;0;0;1;0;0;2;0;0;0;0
"20/02/2024";"12:06:00";"312";"Sem vítima";"222,600";"BR-116/SP";"Decrescente";"Colisão lateral em sentido contrário";1;0;0;0;0;0;0;1;0;0;2;0;0;0;0
"20/02/2024";"12:58:00";"325";"Sem vítima";"228,000";"BR-116/RJ";"Crescente";"Choque";1;0;0;0;0;0;0;0;0;0;1;0;0;0;0
"20/02/2024";"15:50:00";"400";"Sem vítima";"101,300";"BR-116/SP";"Crescente";"Colisão lateral em sentido contrário";0;0;2;0;0;0;0;0;0;0;0;0;0;0;0
"20/02/2024";"16:43:00";"429";"Com vítima";"225,000";"BR-116/SP";"Decrescente";"Acidentes de outra natureza";0;0;0;1;0;0;0;0;0;0;0;1;0;0;0
"20/02/2024";"17:12:00";"448";"Sem vítima";"95,000";"BR-116/SP";"Crescente";"Engavetamento";0;0;2;0;0;0;0;0;0;0;2;0;0;0;0
"20/02/2024";"18:17:00";"479";"Sem vítima";"528,000";"BR-101/RJ";"Crescente";"Choque";1;0;0;0;0;0;0;0;0;0;1;0;0;0;0
"20/02/2024";"19:07:00";"502";"Sem vítima";"273,400";"BR-116/RJ";"Crescente";"Choque";1;0;0;0;0;0;0;0;0;1;2;0;0;0;0
"20/02/2024";"19:13:00";"505";"Sem vítima";"157,500";"BR-116/SP";"Crescente";"Engavetamento";3;0;0;0;0;0;0;0;0;0;4;0;0;0;0
"20/02/2024";"20:04:00";"527";"Sem vítima";"221,000";"BR-116/SP";"Decrescente";"Engavetamento";3;0;0;0;0;0;0;0;0;0;3;0;0;0;0
"20/02/2024";"21:26:00";"554";"Sem vítima";"231,000";"BR-116/SP";"Decrescente";"Colisão traseira";1;0;0;0;0;0;0;0;0;0;1;0;0;0;0
"20/02/2024";"22:23:00";"577";"Sem vítima";"165,000";"BR-116/SP";"Decrescente";"Colisão lateral em sentido contrário";2;0;2;0;0;0;0;0;0;0;8;0;0;0;0
"20/02/2024";"22:31:00";"580";"Com vítima";"111,900";"BR-116/SP";"Decrescente";"Colisão traseira";0;0;1;1;0;0;0;0;0;0;1;1;0;0;0
"21/02/2024";"02:00:00";"537";"Com vítima";"127,000";"BR-116/SP";"Crescente";"Atropelamento de pedestre";0;1;0;0;0;0;0;0;0;0;0;0;0;0;0
"21/02/2024";"02:02:00";"42";"Sem vítima";"536,000";"BR-101/RJ";"Crescente";"Colisão lateral em sentido contrário";1;0;0;0;0;0;0;0;0;1;2;0;0;0;0
"21/02/2024";"06:11:00";"80";"Sem vítima";"111,000";"BR-116/SP";"Decrescente";"Colisão lateral em sentido contrário";1;0;0;0;0;0;0;0;0;0;2;0;0;0;0
"21/02/2024";"06:27:00";"88";"Sem vítima";"22,000";"BR-101/SP";"Decrescente";"Capotamento";1;0;0;0;0;0;0;0;0;0;1;0;0;0;0
"21/02/2024";"06:31:00";"93";"Com vítima";"220,000";"BR-116/SP";"Decrescente";"Colisão traseira";1;0;0;1;0;0;0;0;0;0;1;1;0;0;0
"21/02/2024";"07:26:00";"134";"Com vítima";"289,000";"BR-116/RJ";"Crescente";"Colisão traseira";2;0;0;0;0;0;0;0;0;0;0;2;1;0;0
"21/02/2024";"08:53:00";"187";"Sem vítima";"222,000";"BR-116/SP";"Decrescente";"Colisão lateral em sentido contrário";1;0;1;0;0;0;0;0;0;0;2;0;0;0;0
"21/02/2024";"10:39:00";"246";"Sem vítima";"205,000";"BR-116/SP";"Crescente";"Colisão traseira";0;0;2;0;0;0;0;0;0;0;2;0;0;0;0
"21/02/2024";"13:14:00";"319";"Sem vítima";"103,200";"BR-116/SP";"Decrescente";"Colisão lateral em sentido contrário";0;0;1;0;0;0;0;0;0;1;2;0;0;0;0
"21/02/2024";"13:17:00";"321";"Sem vítima";"472,800";"BR-101/RJ";"Crescente";"Colisão traseira";1;0;1;0;0;0;0;0;0;0;3;0;0;0;0
"21/02/2024";"14:35:00";"352";"Com vítima";"269,350";"BR-116/RJ";"Crescente";"Choque";1;0;0;0;0;0;0;0;0;0;3;2;0;0;0
"21/02/2024";"15:51:00";"389";"Sem vítima";"320,000";"BR-116/RJ";"Decrescente";"Acidentes de outra natureza";0;0;0;0;0;0;0;0;0;0;0;0;0;0;0
"21/02/2024";"18:12:00";"464";"Com vítima";"225,500";"BR-116/SP";"Decrescente";"Colisão traseira";1;0;0;1;0;0;0;0;0;0;1;2;0;0;0
"21/02/2024";"18:34:00";"473";"Com vítima";"159,000";"BR-116/SP";"Decrescente";"Colisão traseira";1;0;0;1;0;0;0;0;0;0;1;0;1;0;0
"21/02/2024";"18:39:00";"477";"Sem vítima";"215,000";"BR-116/SP";"Decrescente";"Colisão traseira";2;0;0;0;0;0;0;0;0;0;2;0;0;0;0
"21/02/2024";"19:00:00";"490";"Com vítima";"229,200";"BR-116/SP";"Decrescente";"Acidentes de outra natureza";0;0;0;1;0;0;0;0;0;0;0;1;0;0;0
"21/02/2024";"19:20:00";"508";"Sem vítima";"433,000";"BR-101/RJ";"Decrescente";"Colisão traseira";1;0;0;0;0;0;0;0;0;0;1;0;0;0;0
"21/02/2024";"19:23:00";"510";"Com vítima";"226,800";"BR-116/SP";"Decrescente";"Acidentes de outra natureza";0;0;0;1;0;0;0;0;0;0;0;0;0;0;1
"21/02/2024";"19:30:00";"513";"Sem vítima";"285,000";"BR-116/RJ";"Decrescente";"Choque";1;0;0;0;0;0;0;0;0;0;0;0;0;0;0
"21/02/2024";"19:52:00";"525";"Com vítima";"543,000";"BR-101/RJ";"Decrescente";"Choque";1;0;0;0;0;0;0;0;0;0;0;1;0;0;0
"21/02/2024";"19:58:00";"530";"Sem vítima";"221,700";"BR-116/SP";"Crescente";"Colisão lateral em sentido contrário";1;0;1;0;0;0;0;0;0;0;2;0;0;0;0
"21/02/2024";"21:01:00";"555";"Com vítima";"67,600";"BR-116/SP";"Decrescente";"Engavetamento";3;0;0;0;0;0;0;0;0;0;0;0;3;0;0
"21/02/2024";"21:19:00";"564";"Com vítima";"213,000";"BR-116/SP";"Decrescente";"Choque";1;0;0;0;0;0;0;0;0;0;0;1;0;0;0
"21/02/2024";"22:08:00";"586";"Sem vítima";"230,900";"BR-116/SP";"Crescente";"Engavetamento";1;0;0;0;0;0;0;0;0;0;1;0;0;0;0
"22/02/2024";"00:00:00";"513";"Sem vítima";"107,000";"BR-116/SP";"Crescente";"Colisão lateral em sentido contrário";1;0;0;0;0;0;0;0;0;0;0;0;0;0;0
"22/02/2024";"00:00:00";"589";"Com vítima";"142,500";"BR-116/SP";"Decrescente";"Colisão traseira";2;0;0;0;0;0;0;0;0;0;5;1;0;0;0
"22/02/2024";"01:28:00";"40";"Sem vítima";"416,000";"BR-101/RJ";"Crescente";"Choque";0;0;1;0;0;0;0;0;0;0;0;0;0;0;0
"22/02/2024";"05:04:00";"57";"Sem vítima";"160,400";"BR-116/SP";"Decrescente";"Choque";0;0;3;0;0;0;0;0;0;0;4;0;0;0;0
"22/02/2024";"06:14:00";"92";"Sem vítima";"393,700";"BR-101/RJ";"Crescente";"Colisão traseira";1;0;0;0;1;0;0;0;0;0;1;0;0;0;0
"22/02/2024";"06:45:00";"112";"Sem vítima";"298,000";"BR-116/RJ";"Decrescente";"Choque";1;0;0;0;0;0;0;0;0;0;1;0;0;0;0
"22/02/2024";"06:58:00";"123";"Sem vítima";"539,000";"BR-101/RJ";"Decrescente";"Choque";1;0;0;0;0;0;0;0;0;0;0;0;0;0;0
"22/02/2024";"07:03:00";"128";"Sem vítima";"302,000";"BR-116/RJ";"Crescente";"Choque";1;0;0;0;0;0;0;0;0;0;1;0;0;0;0
"22/02/2024";"07:27:00";"150";"Com vítima";"296,000";"BR-116/RJ";"Crescente";"Choque";1;0;0;0;0;0;0;0;0;0;0;1;0;0;0
"22/02/2024";"07:47:00";"170";"Com vítima";"142,900";"BR-116/SP";"Decrescente";"Colisão traseira";1;0;0;1;0;0;0;0;0;0;1;0;1;0;0
"22/02/2024";"08:15:00";"187";"Sem vítima";"530,000";"BR-101/RJ";"Decrescente";"Choque";1;0;0;0;0;0;0;0;0;0;0;0;0;0;0
"22/02/2024";"09:06:00";"224";"Sem vítima";"134,000";"BR-116/SP";"Crescente";"Engavetamento";1;0;2;0;0;0;0;0;0;0;5;0;0;0;0
"22/02/2024";"09:42:00";"249";"Sem vítima";"215,000";"BR-116/RJ";"Decrescente";"Choque";0;0;1;0;0;0;0;0;0;0;0;0;0;0;0
"22/02/2024";"10:12:00";"269";"Sem vítima";"149,000";"BR-116/SP";"Decrescente";"Colisão traseira";2;0;0;0;0;0;0;0;0;0;3;0;0;0;0
"22/02/2024";"11:16:00";"305";"Sem vítima";"228,000";"BR-116/RJ";"Decrescente";"Colisão traseira";0;0;1;0;0;0;0;0;0;0;1;0;0;0;0
"22/02/2024";"11:18:00";"307";"Sem vítima";"145,000";"BR-116/SP";"Decrescente";"Colisão lateral em sentido contrário";1;0;0;0;0;0;0;0;0;0;1;0;0;0;0
"22/02/2024";"14:06:00";"395";"Com vítima";"485,000";"BR-101/RJ";"Decrescente";"Engavetamento";3;0;0;0;0;0;0;0;0;0;4;1;0;0;0
"22/02/2024";"16:39:00";"476";"Sem vítima";"111,500";"BR-116/SP";"Decrescente";"Engavetamento";3;0;0;0;0;0;0;0;0;0;7;0;0;0;0
"22/02/2024";"16:40:00";"477";"Com vítima";"224,000";"BR-116/SP";"Decrescente";"Atropelamento de pedestre";0;0;0;0;1;0;0;0;0;0;1;0;1;0;0
"22/02/2024";"18:12:00";"527";"Com vítima";"28,000";"BR-101/SP";"Decrescente";"Colisão lateral em sentido contrário";0;0;0;1;1;0;0;0;0;0;3;1;0;0;0
"22/02/2024";"18:20:00";"534";"Com vítima";"154,000";"BR-116/SP";"Crescente";"Engavetamento";3;0;0;1;0;0;0;0;0;0;7;1;0;0;0
"22/02/2024";"19:41:00";"581";"Com vítima";"140,400";"BR-116/SP";"Crescente";"Engavetamento";3;0;1;1;0;0;0;0;0;0;4;1;2;0;0
"22/02/2024";"20:03:00";"591";"Sem vítima";"81,500";"BR-116/SP";"Decrescente";"Colisão traseira";2;0;0;0;0;0;0;0;0;0;0;0;0;0;0
"22/02/2024";"20:05:00";"594";"Sem vítima";"409,000";"BR-101/RJ";"Decrescente";"Atropelamento de pedestre";1;0;0;0;0;0;0;0;0;0;1;0;0;0;0
"22/02/2024";"20:19:00";"600";"Com vítima";"137,780";"BR-116/SP";"Crescente";"Engavetamento";0;0;2;0;0;0;0;1;0;0;1;1;1;0;1
"23/02/2024";"01:33:00";"37";"Com vítima";"394,800";"BR-101/RJ";"Decrescente";"Atropelamento de pedestre";0;0;0;1;0;0;0;0;0;0;0;0;1;0;0
"23/02/2024";"02:15:00";"43";"Sem vítima";"451,000";"BR-101/RJ";"Crescente";"Choque";0;0;1;0;0;0;0;0;0;0;1;0;0;0;0
"23/02/2024";"05:54:00";"74";"Com vítima";"393,000";"BR-101/RJ";"Crescente";"Acidentes de outra natureza";0;0;0;1;0;0;0;0;0;0;0;1;0;0;0
"23/02/2024";"06:00:00";"80";"Sem vítima";"16,900";"BR-116/SP";"Decrescente";"Choque";0;0;1;0;0;0;0;0;0;0;1;0;0;0;0
"23/02/2024";"07:28:00";"149";"Sem vítima";"113,000";"BR-116/SP";"Crescente";"Colisão traseira";2;0;0;0;0;0;0;0;0;0;2;0;0;0;0
"23/02/2024";"07:43:00";"163";"Com vítima";"162,000";"BR-116/SP";"Decrescente";"Colisão lateral em sentido contrário";0;0;0;1;0;0;0;0;0;1;2;0;1;0;0
"23/02/2024";"08:29:00";"203";"Sem vítima";"35,000";"BR-116/SP";"Decrescente";"Colisão traseira";1;0;1;0;0;0;0;0;0;0;0;0;0;0;0
"23/02/2024";"09:35:00";"262";"Com vítima";"227,500";"BR-116/SP";"Crescente";"Colisão lateral em sentido contrário";1;0;0;1;0;0;0;0;0;0;1;0;2;0;0
"23/02/2024";"10:56:00";"318";"Sem vítima";"575,000";"BR-101/RJ";"Crescente";"Colisão lateral em sentido contrário";1;0;0;0;0;0;0;0;0;0;1;0;0;0;0
"23/02/2024";"11:37:00";"340";"Com vítima";"216,000";"BR-116/SP";"Decrescente";"Colisão lateral em sentido contrário";0;0;2;1;0;0;0;0;0;0;5;1;0;0;0
"23/02/2024";"13:08:00";"409";"Sem vítima";"146,650";"BR-116/SP";"Crescente";"Colisão lateral em sentido contrário";1;0;0;0;0;0;0;0;0;0;1;0;0;0;0
"23/02/2024";"13:43:00";"429";"Com vítima";"228,800";"BR-116/SP";"Decrescente";"Colisão lateral em sentido contrário";0;0;1;1;0;0;0;0;0;0;1;1;0;0;0
"23/02/2024";"13:45:00";"430";"Sem vítima";"154,600";"BR-116/SP";"Crescente";"Colisão traseira";1;0;1;0;0;0;0;0;0;0;2;0;0;0;0
"23/02/2024";"14:31:00";"454";"Com vítima";"530,000";"BR-101/RJ";"Decrescente";"Colisão lateral em sentido contrário";1;0;0;1;0;0;0;0;0;0;1;0;1;0;0
"23/02/2024";"14:42:00";"460";"Sem vítima";"151,000";"BR-116/SP";"Crescente";"Colisão lateral em sentido contrário";1;0;0;0;0;0;0;1;0;0;2;0;0;0;0
"23/02/2024";"14:47:00";"462";"Sem vítima";"149,200";"BR-116/SP";"Crescente";"Engavetamento";3;0;0;0;0;0;0;0;0;0;4;0;0;0;0
"23/02/2024";"15:18:00";"480";"Sem vítima";"327,500";"BR-116/RJ";"Crescente";"Acidentes de outra natureza";1;0;0;0;0;0;0;0;0;0;3;0;0;0;0
"23/02/2024";"16:32:00";"517";"Sem vítima";"109,000";"BR-116/SP";"Crescente";"Colisão traseira";1;0;1;0;0;0;0;0;0;0;4;0;0;0;0
"23/02/2024";"16:52:00";"524";"Com vítima";"229,300";"BR-116/SP";"Crescente";"Choque";1;0;2;1;0;0;0;0;0;0;0;2;0;1;0
"23/02/2024";"16:57:00";"528";"Sem vítima";"183,680";"BR-116/SP";"Decrescente";"Choque";1;0;0;0;0;0;0;0;0;0;2;0;0;0;0
"23/02/2024";"17:50:00";"556";"Sem vítima";"124,000";"BR-116/SP";"Decrescente";"Colisão traseira";1;0;0;0;0;0;0;0;0;0;0;0;0;0;0
"23/02/2024";"19:35:00";"625";"Com vítima";"151,150";"BR-116/SP";"Decrescente";"Acidentes de outra natureza";1;0;0;1;0;0;0;0;0;0;1;0;0;0;1
"23/02/2024";"20:04:00";"644";"Com vítima";"46,600";"BR-101/SP";"Crescente";"Colisão lateral em sentido contrário";1;0;0;1;0;0;0;0;0;0;1;0;1;0;0
"23/02/2024";"20:28:00";"656";"Sem vítima";"283,100";"BR-116/RJ";"Crescente";"Colisão traseira";2;0;1;0;0;0;0;0;0;0;0;0;0;0;0
"23/02/2024";"20:29:00";"657";"Sem vítima";"148,050";"BR-116/SP";"Decrescente";"Engavetamento";2;0;0;0;1;0;0;0;0;0;30;0;0;0;0
"24/02/2024";"00:00:00";"88";"Sem vítima";"463,000";"BR-101/RJ";"Crescente";"Choque";0;0;1;0;0;0;0;0;0;0;1;0;0;0;0
"24/02/2024";"00:08:00";"43";"Sem vítima";"289,500";"BR-116/RJ";"Decrescente";"Choque";0;0;0;0;0;0;0;0;0;1;0;0;0;0;0
"24/02/2024";"00:20:00";"24";"Com vítima";"456,400";"BR-101/RJ";"Crescente";"Colisão lateral em sentido contrário";1;0;0;1;0;0;0;0;0;0;1;0;1;1;0
"24/02/2024";"05:49:00";"87";"Sem vítima";"156,800";"BR-116/SP";"Crescente";"Choque";1;0;0;0;0;0;0;0;0;0;2;0;0;0;0
"24/02/2024";"08:24:00";"171";"Com vítima";"148,600";"BR-116/SP";"Decrescente";"Colisão traseira";2;0;0;0;0;0;0;0;0;0;2;1;0;0;0
"24/02/2024";"10:39:00";"254";"Com vítima";"215,400";"BR-116/SP";"Crescente";"Colisão lateral em sentido contrário";0;0;1;1;0;0;0;0;0;0;1;0;1;1;0
"24/02/2024";"11:32:00";"279";"Sem vítima";"169,700";"BR-116/SP";"Decrescente";"Colisão traseira";1;0;0;0;0;0;0;0;0;0;2;0;0;0;0
"24/02/2024";"13:12:00";"334";"Sem vítima";"225,000";"BR-116/SP";"Decrescente";"Colisão traseira";0;0;0;1;0;0;0;0;0;0;0;0;0;0;0
"24/02/2024";"13:23:00";"342";"Sem vítima";"143,400";"BR-116/SP";"Decrescente";"Colisão traseira";2;0;0;0;0;0;0;0;0;0;3;0;0;0;0
"24/02/2024";"13:38:00";"350";"Sem vítima";"222,000";"BR-116/SP";"Crescente";"Engavetamento";3;0;0;0;0;0;0;0;0;0;3;0;0;0;0
"24/02/2024";"13:48:00";"357";"Com vítima";"43,000";"BR-101/SP";"Decrescente";"Acidentes de outra natureza";0;0;0;1;0;0;0;0;0;0;0;1;0;0;0
"24/02/2024";"13:51:00";"361";"Sem vítima";"22,000";"BR-116/SP";"Crescente";"Acidentes de outra natureza";0;0;0;0;0;0;0;1;0;0;0;0;0;0;0
"24/02/2024";"15:08:00";"394";"Sem vítima";"56,600";"BR-116/SP";"Decrescente";"Colisão traseira";0;0;1;0;0;0;0;0;0;1;2;0;0;0;0
"24/02/2024";"15:32:00";"405";"Com vítima";"394,000";"BR-101/RJ";"Decrescente";"Colisão traseira";2;0;0;0;0;0;0;0;0;0;1;1;0;0;0
"24/02/2024";"16:32:00";"432";"Com vítima";"41,000";"BR-101/SP";"Decrescente";"Acidentes de outra natureza";0;0;0;1;0;0;0;0;0;0;1;1;0;0;0
"24/02/2024";"19:29:00";"514";"Com vítima";"48,000";"BR-101/SP";"Decrescente";"Colisão lateral em sentido contrário";1;0;0;1;0;0;0;0;0;0;1;1;0;0;0
"24/02/2024";"20:21:00";"527";"Sem vítima";"387,000";"BR-101/RJ";"Crescente";"Choque";1;0;0;0;0;0;0;0;0;0;1;0;0;0;0
"24/02/2024";"20:32:00";"542";"Sem vítima";"228,000";"BR-116/RJ";"Crescente";"Colisão traseira";1;0;1;0;0;0;0;0;0;0;2;0;0;0;0
"24/02/2024";"23:57:00";"632";"Com vítima";"149,000";"BR-116/SP";"Decrescente";"Acidentes de outra natureza";0;0;0;1;0;0;0;0;0;0;0;0;0;1;0
"25/02/2024";"00:28:00";"27";"Com vítima";"500,000";"BR-101/RJ";"Decrescente";"Acidentes de outra natureza";0;0;0;1;0;0;0;0;0;0;0;0;1;0;0
"25/02/2024";"01:28:00";"43";"Sem vítima";"285,600";"BR-116/RJ";"Decrescente";"Choque";1;0;0;0;0;0;0;0;0;0;3;0;0;0;0
"25/02/2024";"01:34:00";"44";"Com vítima";"217,000";"BR-116/SP";"Decrescente";"Choque";0;0;0;1;0;0;0;0;0;0;0;1;0;0;0
"25/02/2024";"02:20:00";"54";"Sem vítima";"214,000";"BR-116/SP";"Decrescente";"Colisão traseira";2;0;0;0;0;0;0;0;0;0;1;0;0;0;0
"25/02/2024";"02:24:00";"110";"Sem vítima";"296,000";"BR-116/RJ";"Decrescente";"Colisão traseira";1;0;1;0;0;0;0;0;0;0;4;0;0;0;0
"25/02/2024";"03:49:00";"66";"Com vítima";"55,050";"BR-116/SP";"Decrescente";"Colisão traseira";1;0;0;0;0;0;0;1;0;0;1;0;2;0;0
"25/02/2024";"03:55:00";"67";"Sem vítima";"388,000";"BR-101/RJ";"Decrescente";"Atropelamento de pedestre";0;0;0;0;1;0;0;0;0;0;9;0;0;0;0
"25/02/2024";"05:15:00";"80";"Com vítima";"226,900";"BR-116/SP";"Crescente";"Choque";0;0;0;1;0;0;0;0;0;0;0;0;1;0;0
"25/02/2024";"05:53:00";"86";"Sem vítima";"204,900";"BR-116/SP";"Decrescente";"Choque";1;0;0;0;0;0;0;0;0;0;1;0;0;0;0
"25/02/2024";"06:12:00";"91";"Sem vítima";"77,000";"BR-116/SP";"Decrescente";"Acidentes de outra natureza";1;0;0;0;0;0;0;0;0;0;0;0;0;0;0
"25/02/2024";"06:12:00";"92";"Com vítima";"82,000";"BR-116/SP";"Crescente";"Colisão lateral em sentido contrário";1;0;0;0;1;0;0;0;0;0;18;2;0;0;0
"25/02/2024";"06:35:00";"99";"Sem vítima";"63,100";"BR-116/SP";"Crescente";"Colisão traseira";1;0;1;0;0;0;0;0;0;0;5;0;0;0;0
"25/02/2024";"07:53:00";"129";"Sem vítima";"187,700";"BR-116/SP";"Decrescente";"Colisão lateral em sentido contrário";1;0;0;0;0;0;0;0;0;0;1;0;0;0;0
"25/02/2024";"08:53:00";"155";"Sem vítima";"101,000";"BR-116/SP";"Decrescente";"Atropelamento de animal";1;0;0;0;0;0;0;0;0;0;2;0;0;0;0
"25/02/2024";"10:11:00";"195";"Sem vítima";"102,000";"BR-116/SP";"Decrescente";"Colisão traseira";2;0;0;0;0;0;0;0;0;0;6;0;0;0;0
"25/02/2024";"12:21:00";"247";"Sem vítima";"36,000";"BR-116/SP";"Decrescente";"Choque";1;0;0;0;0;0;0;0;0;0;1;0;0;0;0
"25/02/2024";"12:33:00";"253";"Com vítima";"113,000";"BR-116/SP";"Decrescente";"Acidentes de outra natureza";0;0;0;1;0;0;0;0;0;0;0;0;2;0;0
"25/02/2024";"12:50:00";"263";"Sem vítima";"203,000";"BR-116/SP";"Crescente";"Colisão lateral em sentido contrário";2;0;0;0;0;0;0;0;0;0;4;0;0;0;0
"25/02/2024";"13:15:00";"277";"Com vítima";"46,000";"BR-101/SP";"Decrescente";"Colisão lateral em sentido contrário";1;0;0;1;0;0;0;0;0;0;5;1;0;0;0
"25/02/2024";"15:42:00";"350";"Sem vítima";"320,000";"BR-116/RJ";"Decrescente";"Choque";1;0;0;0;0;0;0;0;0;0;3;0;0;0;0
"25/02/2024";"16:13:00";"359";"Sem vítima";"318,500";"BR-116/RJ";"Crescente";"Acidentes de outra natureza";1;0;0;0;0;0;0;0;0;0;2;0;0;0;0
"25/02/2024";"19:07:00";"449";"Sem vítima";"429,000";"BR-101/RJ";"Decrescente";"Choque";1;0;0;0;0;0;0;0;0;0;4;0;0;0;0
"25/02/2024";"20:54:00";"490";"Com vítima";"387,000";"BR-101/RJ";"Decrescente";"Colisão lateral em sentido contrário";2;0;0;0;0;0;0;0;0;0;3;1;0;0;0
"25/02/2024";"21:17:00";"496";"Com vítima";"227,000";"BR-116/SP";"Decrescente";"Colisão lateral em sentido contrário";1;0;0;1;0;0;0;0;0;0;2;1;0;0;0
"25/02/2024";"22:05:00";"518";"Sem vítima";"192,000";"BR-116/SP";"Crescente";"Choque";1;0;0;0;0;0;0;0;0;0;1;0;0;0;0
"26/02/2024";"00:00:00";"223";"Sem vítima";"193,000";"BR-116/SP";"Crescente";"Choque";1;0;0;0;0;0;0;0;0;0;1;0;0;0;0
"26/02/2024";"00:26:00";"24";"Com vítima";"156,900";"BR-116/SP";"Crescente";"Colisão lateral em sentido contrário";0;0;0;1;0;0;0;0;0;0;0;1;0;0;0
"26/02/2024";"02:29:00";"40";"Sem vítima";"305,000";"BR-116/RJ";"Crescente";"Choque";1;0;0;0;0;0;0;0;0;0;1;0;0;0;0
"26/02/2024";"05:27:00";"59";"Sem vítima";"210,000";"BR-116/SP";"Crescente";"Colisão traseira";1;0;1;0;0;0;0;0;0;0;3;0;0;0;0
"26/02/2024";"05:54:00";"65";"Com vítima";"202,000";"BR-116/SP";"Decrescente";"Acidentes de outra natureza";0;0;0;1;0;0;0;0;0;0;1;1;0;0;0
"26/02/2024";"06:14:00";"72";"Sem vítima";"223,000";"BR-116/SP";"Crescente";"Acidentes de outra natureza";0;0;0;0;0;0;0;0;0;0;0;0;0;0;0
"26/02/2024";"06:24:00";"83";"Com vítima";"145,800";"BR-116/SP";"Decrescente";"Tombamento";1;0;0;0;0;0;0;0;0;0;3;1;0;0;0
"26/02/2024";"06:41:00";"94";"Sem vítima";"41,000";"BR-116/SP";"Decrescente";"Acidentes de outra natureza";0;0;0;0;0;0;0;1;0;0;1;0;0;0;0
"26/02/2024";"06:58:00";"112";"Com vítima";"397,000";"BR-101/RJ";"Crescente";"Acidentes de outra natureza";0;0;0;0;1;0;0;0;0;0;13;15;2;0;0
"26/02/2024";"07:13:00";"131";"Com vítima";"206,000";"BR-116/SP";"Crescente";"Colisão lateral em sentido contrário";1;0;1;0;0;0;0;0;0;0;2;1;0;0;0
"26/02/2024";"07:48:00";"159";"Com vítima";"207,000";"BR-116/SP";"Crescente";"Colisão traseira";1;0;0;1;0;0;0;0;0;0;0;2;0;0;0
"26/02/2024";"08:24:00";"182";"Sem vítima";"185,000";"BR-116/SP";"Decrescente";"Acidentes de outra natureza";0;0;0;0;0;0;0;0;0;0;0;0;0;0;0