data;horario;n_da_ocorrencia;tipo_de_ocorrencia;km;trecho;sentido;tipo_de_acidente;automovel;bicicleta;caminhao;moto;onibus;outros;tracao_animal;transporte_de_cargas_especiais;trator_maquinas;utilitarios;ilesos;levemente_feridos;moderadamente_feridos;gravemente_feridos;mortos
"26/02/2024";"08:46:00";"199";"Com vítima";"581,000";"BR-101/RJ";"Decrescente";"Acidentes de outra natureza";0;0;0;1;0;0;0;0;0;0;0;1;0;0;0
"26/02/2024";"08:46:00";"200";"Sem vítima";"161,000";"BR-116/SP";"Decrescente";"Colisão traseira";2;0;0;0;0;0;0;0;0;0;4;0;0;0;0
"26/02/2024";"09:22:00";"202";"Com vítima";"139,900";"BR-116/SP";"Crescente";"Colisão traseira";1;0;1;0;0;0;0;0;0;0;2;1;0;0;0
"26/02/2024";"11:51:00";"308";"Sem vítima";"320,000";"BR-116/RJ";"Decrescente";"Engavetamento";4;0;0;0;0;0;0;0;0;0;5;0;0;0;0
"26/02/2024";"14:34:00";"402";"Sem vítima";"591,000";"BR-101/RJ";"Decrescente";"Choque";1;0;0;0;0;0;0;0;0;0;1;0;0;0;0
"26/02/2024";"14:48:00";"410";"Sem vítima";"294,800";"BR-116/RJ";"Decrescente";"Engavetamento";3;0;0;0;0;0;0;0;0;0;6;0;0;0;0
"26/02/2024";"15:27:00";"434";"Sem vítima";"324,000";"BR-116/RJ";"Decrescente";"Colisão traseira";0;0;1;0;0;0;0;1;0;0;3;0;0;0;0
"26/02/2024";"16:03:00";"445";"Com vítima";"208,000";"BR-116/SP";"Decrescente";"Colisão lateral em sentido contrário";0;0;0;1;0;0;0;0;0;0;0;1;0;0;0
"26/02/2024";"16:13:00";"451";"Com vítima";"235,600";"BR-116/RJ";"Decrescente";"Tombamento";0;0;1;0;0;0;0;0;0;0;0;1;0;0;0
"26/02/2024";"18:22:00";"509";"Com vítima";"61,500";"BR-116/SP";"Decrescente";"Colisão traseira";1;0;0;0;0;0;0;0;0;0;0;1;0;0;0
"26/02/2024";"19:25:00";"538";"Com vítima";"413,000";"BR-101/RJ";"Decrescente";"Atropelamento de pedestre";1;0;0;0;0;0;0;0;0;0;2;1;0;0;1
"26/02/2024";"20:21:00";"558";"Sem vítima";"127,000";"BR-116/SP";"Crescente";"Colisão lateral em sentido contrário";2;0;0;0;0;0;0;1;0;0;4;0;0;0;0
"26/02/2024";"21:00:00";"572";"Sem vítima";"404,000";"BR-101/RJ";"Crescente";"Colisão traseira";1;0;0;0;0;0;0;0;0;0;1;0;0;0;0
"27/02/2024";"05:52:00";"81";"Com vítima";"209,400";"BR-116/SP";"Decrescente";"Colisão lateral em sentido contrário";1;0;0;1;0;0;0;0;0;0;1;0;1;0;0
"27/02/2024";"06:43:00";"108";"Sem vítima";"176,000";"BR-116/SP";"Decrescente";"Colisão lateral em sentido contrário";0;0;2;0;0;0;0;0;0;0;2;0;0;0;0
"27/02/2024";"07:05:00";"132";"Com vítima";"60,500";"BR-116/SP";"Decrescente";"Acidentes de outra natureza";1;0;0;0;0;0;0;0;0;0;0;0;1;0;0
"27/02/2024";"07:08:00";"134";"Com vítima";"407,000";"BR-101/RJ";"Decrescente";"Colisão traseira";0;0;0;1;1;0;0;0;0;0;1;1;0;0;0
"27/02/2024";"07:59:00";"178";"Com vítima";"206,800";"BR-116/SP";"Crescente";"Acidentes de outra natureza";0;0;0;1;0;0;0;0;0;0;0;1;0;0;0
"27/02/2024";"08:33:00";"201";"Sem vítima";"160,300";"BR-116/SP";"Decrescente";"Choque";0;0;1;0;0;0;0;0;0;0;0;0;0;0;0
"27/02/2024";"08:55:00";"221";"Com vítima";"144,000";"BR-116/SP";"Crescente";"Colisão traseira";1;0;1;0;0;0;0;0;0;0;2;1;0;0;0
"27/02/2024";"09:49:00";"260";"Com vítima";"49,000";"BR-101/SP";"Crescente";"Atropelamento de pedestre";0;0;0;0;0;0;0;0;0;0;0;0;0;0;0
"27/02/2024";"09:56:00";"263";"Sem vítima";"233,000";"BR-116/RJ";"Decrescente";"Colisão lateral em sentido contrário";0;0;1;0;0;0;0;0;0;0;1;0;0;0;0
"27/02/2024";"10:21:00";"274";"Com vítima";"229,000";"BR-116/SP";"Decrescente";"Colisão lateral em sentido contrário";0;0;1;1;0;0;0;0;0;0;1;1;0;0;0
"27/02/2024";"14:10:00";"397";"Com vítima";"209,000";"BR-116/SP";"Decrescente";"Engavetamento";2;0;2;0;0;0;0;0;0;0;3;1;0;0;0
"27/02/2024";"14:16:00";"399";"Sem vítima";"209,000";"BR-116/SP";"Decrescente";"Colisão lateral em sentido contrário";0;0;1;0;0;0;0;0;0;0;1;0;0;0;0
"27/02/2024";"15:00:00";"423";"Sem vítima";"169,850";"BR-116/SP";"Decrescente";"Choque";1;0;0;0;0;0;0;0;0;0;2;0;0;0;0
"27/02/2024";"15:06:00";"429";"Sem vítima";"23,600";"BR-116/SP";"Crescente";"Choque";1;0;0;0;0;0;0;0;0;0;2;0;0;0;0
"27/02/2024";"15:18:00";"437";"Sem vítima";"471,000";"BR-101/RJ";"Decrescente";"Acidentes de outra natureza";1;0;0;0;0;0;0;0;0;0;0;0;0;0;0
"27/02/2024";"15:44:00";"456";"Sem vítima";"308,200";"BR-116/RJ";"Decrescente";"Colisão lateral em sentido contrário";1;0;1;0;0;0;0;0;0;0;2;0;0;0;0
"27/02/2024";"18:23:00";"551";"Sem vítima";"415,800";"BR-101/RJ";"Crescente";"Choque";1;0;0;0;0;0;0;0;0;0;1;0;0;0;0
"27/02/2024";"18:26:00";"552";"Com vítima";"483,000";"BR-101/RJ";"Crescente";"Colisão frontal";2;0;0;0;0;0;0;0;0;0;0;1;3;0;0
"27/02/2024";"18:29:00";"557";"Sem vítima";"154,700";"BR-116/SP";"Crescente";"Colisão lateral em sentido contrário";1;0;0;0;0;0;0;0;0;0;1;0;0;0;0
"27/02/2024";"19:52:00";"610";"Com vítima";"107,900";"BR-116/SP";"Crescente";"Choque";0;0;0;1;0;0;0;0;0;0;0;0;1;0;0
"27/02/2024";"21:22:00";"543";"Com vítima";"287,000";"BR-116/RJ";"Crescente";"Colisão traseira";1;0;0;0;0;0;0;0;0;1;0;0;1;0;0
"27/02/2024";"21:36:00";"657";"Com vítima";"223,500";"BR-116/SP";"Crescente";"Acidentes de outra natureza";0;0;0;1;0;0;0;0;0;0;0;1;0;0;0
"27/02/2024";"22:08:00";"673";"Com vítima";"222,100";"BR-116/SP";"Crescente";"Acidentes de outra natureza";0;0;0;1;0;0;0;0;0;0;0;1;0;0;0
"27/02/2024";"22:36:00";"690";"Com vítima";"160,150";"BR-116/SP";"Decrescente";"Colisão traseira";0;0;1;1;0;0;0;0;0;0;1;0;0;0;1
"28/02/2024";"05:26:00";"74";"Sem vítima";"146,000";"BR-116/SP";"Decrescente";"Colisão traseira";1;0;0;0;0;0;0;0;0;0;1;0;0;0;0
"28/02/2024";"06:34:00";"108";"Sem vítima";"220,900";"BR-116/SP";"Decrescente";"Colisão traseira";2;0;0;0;0;0;0;0;0;0;3;0;0;0;0
"28/02/2024";"07:01:00";"122";"Sem vítima";"119,000";"BR-116/SP";"Decrescente";"Colisão traseira";0;0;1;1;0;0;0;0;0;0;2;0;0;0;0
"28/02/2024";"08:07:00";"177";"Com vítima";"145,000";"BR-116/SP";"Crescente";"Colisão traseira";1;0;0;1;0;0;0;0;0;0;2;1;0;0;0
"28/02/2024";"08:39:00";"207";"Sem vítima";"41,300";"BR-101/SP";"Crescente";"Choque";1;0;0;0;0;0;0;0;0;0;3;0;0;0;0
"28/02/2024";"08:42:00";"210";"Sem vítima";"227,300";"BR-116/SP";"Crescente";"Choque";1;0;0;0;0;0;0;0;0;0;1;0;0;0;0
"28/02/2024";"08:56:00";"219";"Com vítima";"109,000";"BR-116/SP";"Decrescente";"Colisão traseira";1;0;0;1;0;0;0;0;0;0;1;1;0;0;0
"28/02/2024";"09:49:00";"246";"Sem vítima";"266,900";"BR-116/RJ";"Decrescente";"Choque";1;0;0;0;0;0;0;0;0;0;1;0;0;0;0
"28/02/2024";"10:28:00";"266";"Com vítima";"417,000";"BR-101/RJ";"Decrescente";"Choque";1;0;0;0;0;0;0;0;0;0;0;1;0;0;0
"28/02/2024";"11:07:00";"285";"Sem vítima";"470,000";"BR-101/RJ";"Crescente";"Engavetamento";1;0;0;0;0;0;0;0;0;0;2;0;0;0;0
"28/02/2024";"11:42:00";"309";"Com vítima";"95,000";"BR-116/SP";"Crescente";"Colisão traseira";1;0;1;0;0;0;0;0;0;0;2;2;0;0;0
"28/02/2024";"11:48:00";"312";"Com vítima";"51,000";"BR-116/SP";"Decrescente";"Acidentes de outra natureza";0;0;0;1;0;0;0;0;0;0;0;1;0;0;0
"28/02/2024";"13:12:00";"344";"Com vítima";"116,100";"BR-116/SP";"Crescente";"Engavetamento";1;0;1;0;0;0;0;0;0;1;2;2;0;0;0
"28/02/2024";"14:19:00";"383";"Sem vítima";"298,000";"BR-116/RJ";"Crescente";"Colisão lateral em sentido contrário";2;0;0;0;0;0;0;0;0;0;2;0;0;0;0
"28/02/2024";"14:24:00";"389";"Com vítima";"572,000";"BR-101/RJ";"Decrescente";"Capotamento";1;0;0;0;0;0;0;0;0;0;0;0;1;0;0
"28/02/2024";"14:49:00";"396";"Sem vítima";"225,000";"BR-116/SP";"Decrescente";"Choque";1;0;0;0;0;0;0;0;0;0;1;0;0;0;0
"28/02/2024";"16:08:00";"449";"Com vítima";"154,000";"BR-116/SP";"Crescente";"Colisão lateral em sentido contrário";0;0;0;1;0;0;0;0;0;0;0;1;0;0;0
"28/02/2024";"17:31:00";"487";"Com vítima";"487,000";"BR-101/RJ";"Crescente";"Colisão lateral em sentido contrário";1;0;0;1;0;0;0;0;0;0;1;1;0;0;0
"28/02/2024";"18:05:00";"506";"Com vítima";"437,000";"BR-101/RJ";"Decrescente";"Colisão traseira";1;0;0;1;0;0;0;0;0;0;2;1;0;0;0
"28/02/2024";"22:24:00";"626";"Com vítima";"583,000";"BR-101/RJ";"Crescente";"Colisão frontal";0;0;0;1;0;0;0;0;0;1;0;1;0;0;0
"28/02/2024";"22:36:00";"618";"Com vítima";"568,000";"BR-101/RJ";"Decrescente";"Colisão transversal";2;0;0;0;0;0;0;0;0;0;2;1;0;0;0
"28/02/2024";"23:02:00";"637";"Sem vítima";"173,000";"BR-116/SP";"Crescente";"Choque";1;0;0;0;0;0;0;0;0;0;1;0;0;0;0
"28/02/2024";"23:32:00";"644";"Com vítima";"141,400";"BR-116/SP";"Decrescente";"Acidentes de outra natureza";0;0;0;1;0;0;0;0;0;0;0;2;0;0;0
"29/02/2024";"00:00:00";"383";"Sem vítima";"468,000";"BR-101/RJ";"Decrescente";"Choque";1;0;0;0;0;0;0;0;0;0;1;0;0;0;0
"29/02/2024";"00:16:00";"22";"Com vítima";"95,250";"BR-116/SP";"Crescente";"Acidentes de outra natureza";0;0;0;1;0;0;0;0;0;0;0;1;0;0;0
"29/02/2024";"02:03:00";"36";"Com vítima";"230,000";"BR-116/SP";"Decrescente";"Atropelamento de pedestre";0;0;0;1;0;0;0;0;0;0;0;1;0;0;0
"29/02/2024";"04:23:00";"47";"Com vítima";"503,000";"BR-101/RJ";"Crescente";"Atropelamento de pedestre";1;0;0;0;0;0;0;0;0;0;1;1;0;0;0
"29/02/2024";"07:20:00";"129";"Com vítima";"227,000";"BR-116/SP";"Crescente";"Acidentes de outra natureza";0;0;0;1;0;0;0;0;0;0;0;1;0;0;0
"29/02/2024";"07:52:00";"150";"Sem vítima";"322,000";"BR-116/RJ";"Crescente";"Colisão traseira";1;0;0;0;0;0;0;0;0;1;3;0;0;0;0
"29/02/2024";"07:57:00";"151";"Sem vítima";"234,000";"BR-116/RJ";"Decrescente";"Colisão lateral em sentido contrário";1;0;1;0;0;0;0;0;0;0;2;0;0;0;0
"29/02/2024";"08:33:00";"188";"Com vítima";"234,150";"BR-116/RJ";"Decrescente";"Colisão traseira";0;0;0;0;0;0;0;2;0;0;2;0;1;0;0
"29/02/2024";"09:08:00";"214";"Sem vítima";"219,000";"BR-116/SP";"Crescente";"Colisão lateral em sentido contrário";1;0;1;0;0;0;0;0;0;0;2;0;0;0;0
"29/02/2024";"16:02:00";"413";"Sem vítima";"86,950";"BR-116/SP";"Crescente";"Colisão traseira";2;0;0;0;0;0;0;0;0;0;0;0;0;0;0
"29/02/2024";"16:28:00";"430";"Sem vítima";"223,000";"BR-116/SP";"Decrescente";"Colisão traseira";1;0;0;0;0;0;0;0;0;0;1;0;0;0;0
"29/02/2024";"16:32:00";"435";"Sem vítima";"117,000";"BR-116/SP";"Crescente";"Colisão lateral em sentido contrário";0;0;1;0;0;0;0;1;0;0;3;0;0;0;0
"29/02/2024";"17:38:00";"471";"Com vítima";"157,000";"BR-116/SP";"Decrescente";"Colisão lateral em sentido contrário";1;0;0;1;0;0;0;0;0;0;1;1;0;0;0
"29/02/2024";"18:04:00";"486";"Com vítima";"267,600";"BR-116/RJ";"Decrescente";"Choque";1;0;0;0;0;0;0;0;0;0;0;1;0;0;0
"29/02/2024";"18:36:00";"502";"Com vítima";"247,300";"BR-116/RJ";"Decrescente";"Colisão lateral em sentido contrário";1;0;1;0;0;0;0;0;0;0;1;0;1;0;0
"29/02/2024";"18:47:00";"508";"Sem vítima";"267,000";"BR-116/RJ";"Decrescente";"Colisão lateral em sentido contrário";1;0;0;0;0;0;0;0;0;0;1;0;0;0;0
"29/02/2024";"19:00:00";"518";"Com vítima";"223,000";"BR-116/SP";"Decrescente";"Colisão traseira";1;0;0;1;0;0;0;0;0;0;1;2;0;0;0
"29/02/2024";"19:07:00";"523";"Com vítima";"565,000";"BR-101/RJ";"Crescente";"Colisão traseira";0;0;0;2;0;0;0;0;0;0;1;1;0;0;0
"29/02/2024";"19:39:00";"533";"Sem vítima";"247,200";"BR-116/RJ";"Decrescente";"Choque";0;0;0;0;0;0;0;1;0;0;1;0;0;0;0
"29/02/2024";"19:49:00";"536";"Sem vítima";"330,000";"BR-116/RJ";"Crescente";"Choque";0;0;1;0;0;0;0;0;0;0;1;0;0;0;0
"29/02/2024";"19:56:00";"540";"Sem vítima";"219,000";"BR-116/SP";"Crescente";"Colisão traseira";1;0;0;0;0;0;0;0;0;0;1;0;0;0;0
"29/02/2024";"20:27:00";"554";"Sem vítima";"247,250";"BR-116/RJ";"Decrescente";"Engavetamento";2;0;1;1;0;0;0;0;0;0;3;0;0;0;0
"29/02/2024";"20:38:00";"556";"Sem vítima";"267,620";"BR-116/RJ";"Decrescente";"Colisão traseira";2;0;0;0;0;0;0;0;0;0;2;0;0;0;0
"29/02/2024";"21:35:00";"584";"Com vítima";"472,000";"BR-101/RJ";"Crescente";"Choque";1;0;0;0;0;0;0;0;0;0;0;0;0;1;0
"29/02/2024";"23:26:00";"617";"Sem vítima";"154,800";"BR-116/SP";"Decrescente";"Choque";2;0;1;0;0;0;0;0;0;0;5;0;0;0;0
"29/02/2024";"23:44:00";"623";"Sem vítima";"210,000";"BR-116/SP";"Crescente";"Choque";1;0;1;0;0;0;0;0;0;0;0;0;0;0;0
"01/03/2024";"04:32:00";"60";"Sem vítima";"389,900";"BR-101/RJ";"Crescente";"Choque";1;0;0;0;0;0;0;0;0;0;1;0;0;0;0
"01/03/2024";"07:47:00";"159";"Com vítima";"138,000";"BR-116/SP";"Crescente";"Colisão lateral em sentido contrário";1;0;0;1;0;0;0;0;0;0;2;0;1;0;0
"01/03/2024";"07:57:00";"163";"Com vítima";"260,000";"BR-116/RJ";"Decrescente";"Atropelamento de pedestre";0;0;0;0;0;0;0;0;0;0;0;0;1;0;0
"01/03/2024";"08:17:00";"178";"Sem vítima";"228,100";"BR-116/RJ";"Decrescente";"Colisão traseira";0;0;2;0;0;0;0;0;0;0;2;0;0;0;0
"01/03/2024";"10:16:00";"252";"Com vítima";"230,000";"BR-116/SP";"Crescente";"Colisão traseira";0;0;1;1;0;0;0;0;0;0;1;1;0;0;0
"01/03/2024";"10:32:00";"264";"Com vítima";"155,200";"BR-116/SP";"Crescente";"Engavetamento";1;0;0;0;1;0;0;0;0;0;63;1;0;0;0
"01/03/2024";"12:34:00";"313";"Com vítima";"224,000";"BR-116/SP";"Crescente";"Colisão traseira";1;0;1;0;0;0;0;0;0;0;1;1;0;0;0
"01/03/2024";"13:39:00";"343";"Com vítima";"228,100";"BR-116/SP";"Decrescente";"Tombamento";0;0;1;0;0;0;0;0;0;0;0;1;0;0;0
"01/03/2024";"13:56:00";"291";"Com vítima";"228,750";"BR-116/SP";"Crescente";"Acidentes de outra natureza";0;0;0;1;0;0;0;0;0;0;0;0;1;0;0
"01/03/2024";"13:57:00";"351";"Sem vítima";"229,000";"BR-116/SP";"Decrescente";"Engavetamento";2;0;0;0;0;0;0;0;0;0;2;0;0;0;0
"01/03/2024";"14:41:00";"368";"Com vítima";"241,800";"BR-116/RJ";"Decrescente";"Choque";0;0;0;0;0;0;0;1;0;0;0;1;0;0;0
"01/03/2024";"14:43:00";"371";"Sem vítima";"222,000";"BR-116/RJ";"Crescente";"Colisão traseira";1;0;1;0;0;0;0;0;0;0;3;0;0;0;0
"01/03/2024";"15:06:00";"380";"Com vítima";"244,200";"BR-116/RJ";"Decrescente";"Engavetamento";0;0;3;0;0;0;0;0;0;0;2;1;0;0;0
"01/03/2024";"15:35:00";"399";"Sem vítima";"173,000";"BR-116/SP";"Decrescente";"Colisão lateral em sentido contrário";1;0;0;0;0;0;0;1;0;0;2;0;0;0;0
"01/03/2024";"15:38:00";"400";"Com vítima";"487,000";"BR-101/RJ";"Crescente";"Colisão lateral em sentido contrário";1;0;0;1;0;0;0;0;0;0;1;0;1;0;0
"01/03/2024";"16:01:00";"408";"Sem vítima";"224,000";"BR-116/SP";"Decrescente";"Acidentes de outra natureza";0;0;0;1;0;0;0;0;0;0;1;0;0;0;0
"01/03/2024";"16:25:00";"421";"Sem vítima";"259,000";"BR-116/RJ";"Crescente";"Tombamento";0;0;1;0;0;0;0;0;0;0;1;0;0;0;0
"01/03/2024";"16:44:00";"433";"Sem vítima";"223,000";"BR-116/SP";"Decrescente";"Engavetamento";2;0;0;0;0;0;0;0;0;0;3;0;0;0;0
"01/03/2024";"17:22:00";"450";"Com vítima";"218,000";"BR-116/SP";"Crescente";"Colisão traseira";1;0;0;1;0;0;0;0;0;0;1;0;0;1;0
"01/03/2024";"18:49:00";"493";"Com vítima";"254,700";"BR-116/RJ";"Decrescente";"Engavetamento";3;0;0;0;0;0;0;0;0;0;3;2;0;0;0
"01/03/2024";"19:15:00";"509";"Sem vítima";"24,000";"BR-116/SP";"Decrescente";"Choque";2;0;0;0;0;0;0;0;0;0;2;0;0;0;0
"01/03/2024";"19:21:00";"512";"Com vítima";"241,000";"BR-116/RJ";"Decrescente";"Colisão lateral em sentido contrário";1;0;1;0;0;0;0;0;0;0;3;1;0;0;0
"01/03/2024";"19:21:00";"513";"Sem vítima";"223,000";"BR-116/SP";"Decrescente";"Engavetamento";2;0;0;0;1;0;0;0;0;0;72;0;0;0;0
"01/03/2024";"20:12:00";"538";"Sem vítima";"248,000";"BR-116/RJ";"Decrescente";"Colisão traseira";2;0;0;0;0;0;0;0;0;0;2;0;0;0;0
"01/03/2024";"20:28:00";"549";"Sem vítima";"451,000";"BR-101/RJ";"Crescente";"Choque";0;0;2;0;0;0;0;0;0;0;2;0;0;0;0
"01/03/2024";"20:37:00";"551";"Sem vítima";"408,000";"BR-101/RJ";"Decrescente";"Colisão traseira";1;0;0;0;0;0;0;0;0;0;1;0;0;0;0
"01/03/2024";"21:35:00";"568";"Sem vítima";"443,000";"BR-101/RJ";"Crescente";"Choque";2;0;0;0;0;0;0;0;0;0;4;0;0;0;0
"01/03/2024";"22:12:00";"577";"Com vítima";"529,000";"BR-101/RJ";"Decrescente";"Capotamento";1;0;0;0;0;0;0;0;0;0;3;1;0;0;0
"01/03/2024";"22:36:00";"585";"Sem vítima";"307,000";"BR-116/RJ";"Crescente";"Colisão traseira";2;0;0;0;0;0;0;0;0;0;0;0;0;0;0
"02/03/2024";"06:49:00";"92";"Sem vítima";"53,200";"BR-116/SP";"Crescente";"Colisão lateral em sentido contrário";1;0;0;0;0;0;0;1;0;0;2;0;0;0;0
"02/03/2024";"07:15:00";"111";"Com vítima";"194,500";"BR-116/SP";"Crescente";"Colisão traseira";1;0;1;0;0;0;0;0;0;0;2;0;1;0;0
"02/03/2024";"07:37:00";"124";"Sem vítima";"159,100";"BR-116/SP";"Decrescente";"Colisão traseira";0;0;1;0;0;0;0;0;0;1;2;0;0;0;0
"02/03/2024";"07:46:00";"131";"Sem vítima";"133,000";"BR-116/SP";"Decrescente";"Colisão traseira";2;0;0;0;0;0;0;0;0;0;2;0;0;0;0
"02/03/2024";"07:59:00";"139";"Sem vítima";"224,050";"BR-116/RJ";"Decrescente";"Choque";1;0;0;0;0;0;0;0;0;0;1;0;0;0;0
"02/03/2024";"09:04:00";"178";"Com vítima";"543,000";"BR-101/RJ";"Decrescente";"Acidentes de outra natureza";1;0;0;0;0;0;0;0;0;0;0;0;2;0;0
"02/03/2024";"09:25:00";"195";"Sem vítima";"491,000";"BR-101/RJ";"Decrescente";"Choque";0;0;1;0;0;0;0;0;0;0;1;0;0;0;0
"02/03/2024";"11:02:00";"239";"Com vítima";"427,000";"BR-101/RJ";"Crescente";"Colisão transversal";1;0;0;1;0;0;0;0;0;0;2;1;0;0;0
"02/03/2024";"13:34:00";"305";"Com vítima";"473,500";"BR-101/RJ";"Crescente";"Colisão traseira";0;0;0;1;1;0;0;0;0;0;2;1;0;0;0
"02/03/2024";"14:34:00";"340";"Com vítima";"172,000";"BR-116/SP";"Crescente";"Colisão traseira";1;0;0;1;0;0;0;0;0;0;1;1;0;0;0
"02/03/2024";"15:55:00";"385";"Sem vítima";"230,550";"BR-116/RJ";"Crescente";"Acidentes de outra natureza";0;0;0;1;0;0;0;0;0;0;1;0;0;0;0
"02/03/2024";"17:41:00";"435";"Com vítima";"46,800";"BR-116/SP";"Decrescente";"Colisão lateral em sentido contrário";3;0;0;0;0;0;0;0;0;0;0;5;2;0;0
"02/03/2024";"22:18:00";"530";"Sem vítima";"62,600";"BR-116/SP";"Decrescente";"Colisão lateral em sentido contrário";1;0;1;0;0;0;0;0;0;0;0;0;0;0;0
"02/03/2024";"22:43:00";"538";"Com vítima";"469,000";"BR-101/RJ";"Crescente";"Colisão frontal";1;0;0;1;0;0;0;0;0;0;2;0;0;1;0
"03/03/2024";"00:38:00";"30";"Sem vítima";"149,950";"BR-116/SP";"Decrescente";"Choque";1;0;0;0;0;0;0;0;0;0;2;0;0;0;0
"03/03/2024";"07:19:00";"88";"Sem vítima";"393,000";"BR-101/RJ";"Crescente";"Colisão traseira";2;0;0;0;0;0;0;0;0;0;3;0;0;0;0
"03/03/2024";"07:56:00";"101";"Sem vítima";"142,300";"BR-116/SP";"Decrescente";"Engavetamento";3;0;0;0;0;0;0;0;0;0;12;0;0;0;0
"03/03/2024";"09:31:00";"136";"Sem vítima";"553,000";"BR-101/RJ";"Decrescente";"Choque";1;0;0;0;0;0;0;0;0;0;2;0;0;0;0
"03/03/2024";"10:39:00";"166";"Sem vítima";"387,000";"BR-101/RJ";"Crescente";"Choque";1;0;0;0;0;0;0;0;0;0;1;0;0;0;0
"03/03/2024";"11:26:00";"187";"Com vítima";"137,800";"BR-116/SP";"Crescente";"Choque";1;0;0;0;0;0;0;0;0;0;4;1;0;0;0
"03/03/2024";"12:22:00";"205";"Com vítima";"244,000";"BR-116/RJ";"Crescente";"Queda de moto";0;0;0;1;0;0;0;0;0;0;0;0;1;0;0
"03/03/2024";"15:36:00";"282";"Sem vítima";"122,000";"BR-116/SP";"Crescente";"Colisão traseira";2;0;0;0;0;0;0;0;0;0;7;0;0;0;0
"03/03/2024";"16:01:00";"294";"Sem vítima";"101,200";"BR-116/SP";"Crescente";"Colisão traseira";2;0;0;0;0;0;0;0;0;0;4;0;0;0;0
"03/03/2024";"16:06:00";"299";"Sem vítima";"103,000";"BR-116/SP";"Crescente";"Colisão traseira";1;0;0;0;0;0;0;0;0;0;1;0;0;0;0
"03/03/2024";"16:51:00";"322";"Com vítima";"416,000";"BR-101/RJ";"Decrescente";"Acidentes de outra natureza";0;0;0;1;0;0;0;0;0;0;0;0;0;1;0
"03/03/2024";"17:11:00";"335";"Sem vítima";"206,800";"BR-116/SP";"Crescente";"Colisão traseira";2;0;0;0;0;0;0;0;0;0;2;0;0;0;0
"03/03/2024";"17:21:00";"340";"Sem vítima";"211,000";"BR-116/SP";"Decrescente";"Choque";1;0;0;0;0;0;0;0;0;0;4;0;0;0;0
"03/03/2024";"17:25:00";"344";"Com vítima";"105,800";"BR-116/SP";"Crescente";"Engavetamento";2;0;0;0;0;0;0;0;0;0;0;0;1;0;0
"03/03/2024";"17:37:00";"352";"Com vítima";"304,200";"BR-116/RJ";"Crescente";"Choque";1;0;0;0;0;0;0;0;0;0;0;0;1;0;0
"03/03/2024";"20:31:00";"431";"Sem vítima";"490,000";"BR-101/RJ";"Decrescente";"Choque";1;0;0;0;0;0;0;0;0;0;4;0;0;0;0
"03/03/2024";"21:41:00";"454";"Com vítima";"323,900";"BR-116/RJ";"Decrescente";"Choque";1;0;0;0;0;0;0;0;0;0;0;0;0;1;0
"03/03/2024";"23:10:00";"480";"Sem vítima";"209,000";"BR-116/SP";"Crescente";"Colisão lateral em sentido contrário";2;0;0;0;0;0;0;0;0;0;0;0;0;0;0
"04/03/2024";"03:28:00";"43";"Sem vítima";"296,500";"BR-116/RJ";"Decrescente";"Atropelamento de pedestre";1;0;0;0;0;0;0;0;0;0;0;0;0;0;0
"04/03/2024";"04:46:00";"48";"Com vítima";"129,000";"BR-116/SP";"Decrescente";"Colisão lateral em sentido contrário";0;0;0;1;0;0;0;0;0;1;1;0;1;0;0
"04/03/2024";"05:44:00";"64";"Com vítima";"101,700";"BR-116/SP";"Decrescente";"Colisão traseira";1;0;0;1;0;0;0;0;0;0;2;0;0;1;0
"04/03/2024";"06:54:00";"106";"Com vítima";"44,400";"BR-101/SP";"Crescente";"Atropelamento de pedestre";1;1;0;0;0;0;0;0;0;0;1;0;0;0;0
"04/03/2024";"07:03:00";"115";"Com vítima";"221,350";"BR-116/SP";"Crescente";"Colisão traseira";1;0;0;1;0;0;0;0;0;0;1;1;0;0;0
"04/03/2024";"07:05:00";"117";"Com vítima";"247,000";"BR-116/RJ";"Decrescente";"Choque";3;0;1;0;0;0;0;0;0;0;8;1;0;0;0
"04/03/2024";"07:13:00";"127";"Sem vítima";"158,100";"BR-116/SP";"Decrescente";"Engavetamento";2;0;0;0;0;0;0;0;0;0;2;0;0;0;0
"04/03/2024";"07:33:00";"144";"Sem vítima";"390,000";"BR-101/RJ";"Decrescente";"Colisão lateral em sentido contrário";1;0;0;0;1;0;0;0;0;0;0;0;0;0;0
"04/03/2024";"08:31:00";"188";"Com vítima";"486,000";"BR-101/RJ";"Decrescente";"Colisão transversal";1;0;0;1;0;0;0;0;0;0;1;1;0;0;0
"04/03/2024";"08:46:00";"196";"Com vítima";"506,000";"BR-101/RJ";"Crescente";"Capotamento";1;0;0;0;0;0;0;0;0;0;0;1;0;0;0
"04/03/2024";"10:14:00";"277";"Sem vítima";"221,100";"BR-116/SP";"Crescente";"Colisão traseira";1;0;0;0;0;0;0;0;0;1;2;0;0;0;0