data;horario;n_da_ocorrencia;tipo_de_ocorrencia;km;trecho;sentido;tipo_de_acidente;automovel;bicicleta;caminhao;moto;onibus;outros;tracao_animal;transporte_de_cargas_especiais;trator_maquinas;utilitarios;ilesos;levemente_feridos;moderadamente_feridos;gravemente_feridos;mortos
"04/03/2024";"11:17:00";"306";"Com vítima";"227,000";"BR-116/SP";"Crescente";"Colisão lateral em sentido contrário";0;0;1;1;0;0;0;0;0;0;1;0;1;0;0
"04/03/2024";"11:33:00";"315";"Com vítima";"230,000";"BR-116/SP";"Crescente";"Colisão lateral em sentido contrário";1;0;0;1;0;0;0;0;0;0;1;2;0;0;0
"04/03/2024";"11:33:00";"315";"Com vítima";"230,950";"BR-116/SP";"Crescente";"Colisão lateral em sentido contrário";1;0;0;1;0;0;0;0;0;0;1;2;0;0;0
"04/03/2024";"14:10:00";"403";"Com vítima";"312,500";"BR-116/RJ";"Decrescente";"Acidentes de outra natureza";0;0;0;1;0;0;0;0;0;0;0;1;0;0;0
"04/03/2024";"16:11:00";"481";"Sem vítima";"130,000";"BR-116/SP";"Decrescente";"Colisão traseira";1;0;1;0;0;0;0;0;0;0;2;0;0;0;0
"04/03/2024";"17:15:00";"512";"Com vítima";"192,400";"BR-116/SP";"Decrescente";"Choque";1;0;0;0;0;0;0;0;0;0;0;1;0;0;0
"04/03/2024";"17:31:00";"489";"Sem vítima";"228,800";"BR-116/SP";"Decrescente";"Colisão lateral em sentido contrário";1;0;1;0;0;0;0;0;0;0;2;0;0;0;0
"04/03/2024";"17:59:00";"543";"Sem vítima";"157,800";"BR-116/SP";"Crescente";"Colisão lateral em sentido contrário";1;0;1;0;0;0;0;0;0;0;2;0;0;0;0
"04/03/2024";"18:17:00";"556";"Sem vítima";"139,000";"BR-116/SP";"Crescente";"Colisão traseira";1;0;0;0;0;0;0;0;0;0;1;0;0;0;0
"04/03/2024";"20:10:00";"613";"Com vítima";"583,000";"BR-101/RJ";"Decrescente";"Choque";1;0;0;0;0;0;0;0;0;0;0;0;2;0;0
"05/03/2024";"00:00:00";"465";"Com vítima";"47,600";"BR-116/SP";"Decrescente";"Colisão traseira";2;0;0;0;0;0;0;0;0;0;3;2;0;0;0
"05/03/2024";"00:22:00";"26";"Sem vítima";"17,400";"BR-116/SP";"Crescente";"Choque";0;0;1;0;0;0;0;0;0;0;0;0;0;0;0
"05/03/2024";"01:47:00";"43";"Sem vítima";"116,000";"BR-116/SP";"Crescente";"Atropelamento de pedestre";0;0;0;0;1;0;0;0;0;0;0;0;0;0;0
"05/03/2024";"03:25:00";"54";"Sem vítima";"225,000";"BR-116/RJ";"Decrescente";"Choque";0;0;1;0;0;0;0;0;0;0;1;0;0;0;0
"05/03/2024";"05:29:00";"69";"Com vítima";"222,000";"BR-116/SP";"Decrescente";"Atropelamento de pedestre";0;0;0;1;0;0;0;0;0;0;1;0;0;1;0
"05/03/2024";"07:14:00";"131";"Com vítima";"105,900";"BR-116/SP";"Crescente";"Capotamento";1;0;0;0;0;0;0;0;0;0;0;1;0;0;0
"05/03/2024";"08:52:00";"194";"Sem vítima";"150,000";"BR-116/SP";"Decrescente";"Colisão traseira";2;0;0;0;0;0;0;0;0;0;2;0;0;0;0
"05/03/2024";"10:41:00";"256";"Com vítima";"385,000";"BR-101/RJ";"Crescente";"Colisão traseira";2;0;0;0;0;0;0;0;0;0;1;2;0;0;0
"05/03/2024";"11:41:00";"286";"Com vítima";"96,000";"BR-116/SP";"Decrescente";"Engavetamento";1;0;1;0;0;0;0;0;0;1;2;0;0;0;1
"05/03/2024";"11:41:00";"286";"Com vítima";"96,950";"BR-116/SP";"Decrescente";"Engavetamento";1;0;1;0;0;0;0;0;0;1;2;0;0;0;1
"05/03/2024";"13:27:00";"343";"Sem vítima";"123,600";"BR-116/SP";"Crescente";"Choque";1;0;0;0;0;0;0;0;0;0;0;0;0;0;0
"05/03/2024";"13:43:00";"346";"Com vítima";"136,300";"BR-116/SP";"Decrescente";"Capotamento";1;0;0;0;0;0;0;0;0;0;0;1;0;0;0
"05/03/2024";"14:17:00";"365";"Sem vítima";"242,000";"BR-116/RJ";"Decrescente";"Acidentes de outra natureza";0;0;0;0;0;0;0;1;0;0;0;0;0;0;0
"05/03/2024";"14:38:00";"380";"Com vítima";"249,000";"BR-116/RJ";"Decrescente";"Colisão traseira";1;0;0;0;0;0;0;0;0;0;0;1;0;0;0
"05/03/2024";"15:01:00";"392";"Com vítima";"205,000";"BR-116/SP";"Decrescente";"Choque";0;0;1;0;0;0;0;0;0;0;0;1;0;0;0
"05/03/2024";"18:52:00";"504";"Com vítima";"143,000";"BR-116/SP";"Decrescente";"Capotamento";1;0;0;0;0;0;0;0;0;0;1;1;0;0;0
"05/03/2024";"19:38:00";"527";"Sem vítima";"276,500";"BR-116/RJ";"Decrescente";"Choque";0;0;0;0;0;0;0;1;0;0;1;0;0;0;0
"05/03/2024";"20:06:00";"545";"Com vítima";"187,000";"BR-116/SP";"Decrescente";"Choque";1;0;0;0;0;0;0;0;0;0;1;1;0;0;0
"05/03/2024";"20:39:00";"566";"Sem vítima";"285,000";"BR-116/RJ";"Decrescente";"Choque";1;0;0;0;0;0;0;0;0;0;1;0;0;0;0
"05/03/2024";"21:20:00";"585";"Sem vítima";"390,200";"BR-101/RJ";"Crescente";"Choque";1;0;0;0;0;0;0;0;0;0;1;0;0;0;0
"05/03/2024";"21:47:00";"596";"Com vítima";"232,500";"BR-116/RJ";"Decrescente";"Capotamento";1;0;0;0;0;0;0;0;0;0;2;2;2;0;0
"05/03/2024";"22:27:00";"611";"Com vítima";"384,000";"BR-101/RJ";"Decrescente";"Capotamento";1;0;0;0;0;0;0;0;0;0;0;1;0;0;0
"05/03/2024";"23:15:00";"621";"Com vítima";"384,500";"BR-101/RJ";"Crescente";"Choque";1;0;0;0;0;0;0;0;0;0;0;1;0;0;0
"06/03/2024";"00:00:00";"426";"Sem vítima";"95,500";"BR-116/SP";"Crescente";"Engavetamento";3;0;0;0;0;0;0;0;0;0;11;0;0;0;0
"06/03/2024";"05:31:00";"68";"Com vítima";"227,000";"BR-116/SP";"Crescente";"Acidentes de outra natureza";0;0;0;1;0;0;0;0;0;0;0;1;0;0;0
"06/03/2024";"05:33:00";"69";"Com vítima";"229,000";"BR-116/SP";"Crescente";"Colisão traseira";2;0;0;0;0;0;0;0;0;0;0;4;0;0;0
"06/03/2024";"05:41:00";"72";"Com vítima";"200,700";"BR-116/SP";"Decrescente";"Choque";0;0;0;1;0;0;0;0;0;0;0;1;0;0;0
"06/03/2024";"07:32:00";"152";"Sem vítima";"131,000";"BR-116/SP";"Crescente";"Colisão traseira";2;0;0;0;0;0;0;0;0;0;2;0;0;0;0
"06/03/2024";"08:09:00";"174";"Sem vítima";"211,800";"BR-116/SP";"Crescente";"Colisão traseira";2;0;0;0;0;0;0;0;0;0;3;0;0;0;0
"06/03/2024";"16:21:00";"429";"Com vítima";"297,000";"BR-116/RJ";"Crescente";"Engavetamento";0;0;3;0;0;0;0;1;0;0;2;0;2;0;0
"06/03/2024";"16:36:00";"439";"Sem vítima";"217,600";"BR-116/SP";"Decrescente";"Colisão traseira";1;0;0;0;0;0;0;0;0;0;1;0;0;0;0
"06/03/2024";"16:42:00";"443";"Sem vítima";"286,000";"BR-116/RJ";"Crescente";"Acidentes de outra natureza";0;0;1;0;0;0;0;0;0;0;0;0;0;0;0
"06/03/2024";"16:55:00";"450";"Com vítima";"296,800";"BR-116/RJ";"Crescente";"Colisão traseira";1;0;0;0;0;0;0;1;0;0;1;1;0;0;0
"06/03/2024";"17:01:00";"453";"Sem vítima";"10,700";"BR-116/SP";"Decrescente";"Choque";1;0;0;0;0;0;0;0;0;0;0;0;0;0;0
"06/03/2024";"17:26:00";"462";"Sem vítima";"40,600";"BR-116/SP";"Crescente";"Acidentes de outra natureza";0;0;0;0;0;0;0;0;0;1;1;0;0;0;0
"06/03/2024";"17:37:00";"466";"Com vítima";"38,000";"BR-116/SP";"Decrescente";"Colisão traseira";2;0;0;0;0;0;0;0;0;0;1;1;0;0;0
"06/03/2024";"17:42:00";"467";"Sem vítima";"115,900";"BR-116/SP";"Decrescente";"Colisão traseira";2;0;0;0;0;0;0;0;0;0;3;0;0;0;0
"06/03/2024";"18:04:00";"476";"Com vítima";"44,000";"BR-101/SP";"Crescente";"Atropelamento de pedestre";1;1;0;0;0;0;0;0;0;0;1;0;0;0;0
"06/03/2024";"21:47:00";"570";"Sem vítima";"226,000";"BR-116/RJ";"Decrescente";"Choque";0;0;1;0;0;0;0;0;0;0;1;0;0;0;0
"06/03/2024";"22:37:00";"592";"Sem vítima";"277,000";"BR-116/RJ";"Crescente";"Engavetamento";2;0;2;0;0;0;0;0;0;0;5;0;0;0;0
"07/03/2024";"00:00:00";"157";"Com vítima";"488,000";"BR-101/RJ";"Decrescente";"Colisão traseira";1;0;0;1;0;0;0;0;0;0;1;1;0;0;0
"07/03/2024";"00:00:00";"670";"Com vítima";"104,000";"BR-116/SP";"Decrescente";"Queda de moto";2;0;0;1;0;0;0;0;0;0;5;0;2;0;2
"07/03/2024";"04:34:00";"67";"Com vítima";"334,500";"BR-116/RJ";"Crescente";"Tombamento";0;0;1;0;0;0;0;0;0;0;0;1;0;0;0
"07/03/2024";"06:20:00";"98";"Sem vítima";"188,100";"BR-116/SP";"Decrescente";"Capotamento";1;0;0;0;0;0;0;0;0;0;1;0;0;0;0
"07/03/2024";"07:31:00";"164";"Sem vítima";"152,800";"BR-116/SP";"Decrescente";"Acidentes de outra natureza";0;0;0;1;0;0;0;0;0;0;1;0;0;0;0
"07/03/2024";"07:33:00";"166";"Sem vítima";"454,000";"BR-101/RJ";"Crescente";"Choque";1;0;0;0;0;0;0;0;0;0;1;0;0;0;0
"07/03/2024";"08:33:00";"217";"Com vítima";"574,000";"BR-101/RJ";"Crescente";"Engavetamento";2;0;0;0;0;0;0;0;0;0;4;0;1;0;0
"07/03/2024";"10:54:00";"304";"Sem vítima";"138,600";"BR-116/SP";"Crescente";"Colisão traseira";0;0;1;0;0;0;0;0;0;0;1;0;0;0;0
"07/03/2024";"13:27:00";"390";"Com vítima";"218,700";"BR-116/SP";"Decrescente";"Capotamento";2;0;0;0;0;0;0;0;0;0;3;3;0;0;0
"07/03/2024";"16:03:00";"471";"Com vítima";"46,300";"BR-116/SP";"Decrescente";"Colisão traseira";1;0;0;1;0;0;0;0;0;0;4;0;1;0;0
"07/03/2024";"16:08:00";"472";"Com vítima";"84,000";"BR-116/SP";"Decrescente";"Tombamento";0;0;1;0;0;0;0;0;0;0;0;2;0;0;0
"07/03/2024";"16:09:00";"473";"Sem vítima";"531,000";"BR-101/RJ";"Crescente";"Choque";1;0;0;0;0;0;0;0;0;0;1;0;0;0;0
"07/03/2024";"17:17:00";"512";"Com vítima";"246,750";"BR-116/RJ";"Decrescente";"Tombamento";0;0;0;0;0;0;0;1;0;0;0;0;0;0;1
"07/03/2024";"18:28:00";"552";"Sem vítima";"159,000";"BR-116/SP";"Decrescente";"Engavetamento";2;0;0;0;0;0;0;0;0;0;2;0;0;0;0
"08/03/2024";"00:00:00";"714";"Com vítima";"283,000";"BR-116/RJ";"Decrescente";"Capotamento";1;0;0;0;0;0;0;0;0;0;0;0;1;0;0
"08/03/2024";"00:58:00";"38";"Sem vítima";"453,000";"BR-101/RJ";"Crescente";"Atropelamento de pedestre";1;0;0;0;0;0;0;0;0;0;1;0;0;0;0
"08/03/2024";"01:11:00";"42";"Sem vítima";"540,000";"BR-101/RJ";"Crescente";"Choque";1;0;0;0;0;0;0;0;0;0;1;0;0;0;0
"08/03/2024";"05:44:00";"83";"Sem vítima";"139,800";"BR-116/SP";"Decrescente";"Choque";1;0;0;0;0;0;0;0;0;0;1;0;0;0;0
"08/03/2024";"06:42:00";"129";"Com vítima";"178,200";"BR-116/SP";"Crescente";"Colisão lateral em sentido contrário";2;0;0;0;0;0;0;0;0;0;0;2;0;0;0
"08/03/2024";"07:08:00";"159";"Com vítima";"149,400";"BR-116/SP";"Crescente";"Acidentes de outra natureza";0;0;0;1;0;0;0;0;0;0;0;2;0;0;0
"08/03/2024";"07:28:00";"173";"Sem vítima";"270,800";"BR-116/RJ";"Crescente";"Capotamento";1;0;0;0;0;0;0;0;0;0;1;0;0;0;0
"08/03/2024";"07:50:00";"193";"Sem vítima";"202,000";"BR-116/SP";"Decrescente";"Colisão traseira";0;0;1;0;0;0;0;0;0;1;2;0;0;0;0
"08/03/2024";"08:00:00";"197";"Com vítima";"313,000";"BR-116/RJ";"Decrescente";"Queda de moto";0;0;0;1;0;0;0;0;0;0;0;0;0;0;2
"08/03/2024";"08:07:00";"205";"Sem vítima";"144,600";"BR-116/SP";"Crescente";"Engavetamento";2;0;0;0;0;0;0;0;0;0;3;0;0;0;0
"08/03/2024";"09:31:00";"270";"Sem vítima";"210,000";"BR-116/SP";"Crescente";"Colisão lateral em sentido contrário";1;0;0;0;0;0;0;1;0;0;2;0;0;0;0
"08/03/2024";"11:42:00";"347";"Sem vítima";"227,700";"BR-116/RJ";"Crescente";"Choque";0;0;1;0;0;0;0;0;0;0;1;0;0;0;0
"08/03/2024";"13:40:00";"405";"Sem vítima";"226,000";"BR-116/SP";"Crescente";"Colisão lateral em sentido contrário";1;0;1;0;0;0;0;0;0;0;2;0;0;0;0
"08/03/2024";"13:54:00";"415";"Com vítima";"210,000";"BR-116/SP";"Crescente";"Colisão lateral em sentido contrário";0;0;1;1;0;0;0;0;0;0;2;1;0;0;0
"08/03/2024";"14:04:00";"421";"Com vítima";"222,600";"BR-116/SP";"Crescente";"Acidentes de outra natureza";0;0;0;1;0;0;0;0;0;0;0;1;0;0;0
"08/03/2024";"14:12:00";"423";"Com vítima";"149,200";"BR-116/SP";"Crescente";"Colisão traseira";0;0;0;0;1;0;0;1;0;0;25;0;1;1;0
"08/03/2024";"14:55:00";"426";"Com vítima";"72,000";"BR-116/SP";"Crescente";"Colisão lateral em sentido contrário";0;0;0;1;0;0;0;0;0;0;1;1;0;0;0
"08/03/2024";"15:07:00";"458";"Sem vítima";"585,000";"BR-101/RJ";"Crescente";"Choque";0;0;1;0;0;0;0;0;0;0;1;0;0;0;0
"08/03/2024";"15:13:00";"461";"Com vítima";"552,000";"BR-101/RJ";"Crescente";"Acidentes de outra natureza";0;0;0;1;0;0;0;0;0;0;0;1;0;0;0
"08/03/2024";"15:57:00";"485";"Sem vítima";"105,800";"BR-116/SP";"Crescente";"Colisão lateral em sentido contrário";1;0;1;0;0;0;0;0;0;0;2;0;0;0;0
"08/03/2024";"17:45:00";"548";"Com vítima";"55,700";"BR-116/SP";"Decrescente";"Acidentes de outra natureza";0;0;0;1;0;0;0;0;0;0;0;1;1;0;0
"08/03/2024";"18:16:00";"568";"Sem vítima";"36,000";"BR-101/SP";"Decrescente";"Engavetamento";3;0;0;0;0;0;0;0;0;0;3;0;0;0;0
"08/03/2024";"19:08:00";"605";"Com vítima";"211,500";"BR-116/SP";"Decrescente";"Colisão lateral em sentido contrário";2;0;0;0;0;0;0;0;0;0;1;1;0;0;0
"08/03/2024";"19:13:00";"606";"Sem vítima";"216,000";"BR-116/SP";"Crescente";"Engavetamento";1;0;0;0;0;0;0;0;0;0;2;0;0;0;0
"08/03/2024";"20:08:00";"642";"Com vítima";"140,900";"BR-116/SP";"Decrescente";"Colisão lateral em sentido contrário";1;0;0;0;0;0;0;1;0;0;2;1;0;0;0
"08/03/2024";"21:00:00";"677";"Com vítima";"76,800";"BR-116/SP";"Decrescente";"Colisão traseira";0;0;1;1;0;0;0;0;0;0;0;1;1;0;0
"08/03/2024";"21:47:00";"702";"Com vítima";"51,000";"BR-101/SP";"Decrescente";"Colisão lateral em sentido contrário";1;0;0;1;0;0;0;0;0;0;1;1;0;0;0
"08/03/2024";"21:56:00";"705";"Sem vítima";"224,100";"BR-116/SP";"Crescente";"Colisão traseira";2;0;0;0;0;0;0;0;0;0;4;0;0;0;0
"09/03/2024";"00:00:00";"367";"Sem vítima";"225,500";"BR-116/RJ";"Crescente";"Atropelamento de pedestre";1;0;0;0;0;0;0;0;0;0;1;0;0;0;0
"09/03/2024";"04:05:00";"389";"Sem vítima";"115,900";"BR-116/SP";"Crescente";"Choque";1;0;0;0;0;0;0;0;0;0;4;0;0;0;0
"09/03/2024";"05:17:00";"74";"Sem vítima";"306,000";"BR-116/RJ";"Crescente";"Atropelamento de pedestre";0;0;1;0;0;0;0;0;0;0;1;0;0;0;0
"09/03/2024";"06:18:00";"86";"Sem vítima";"139,000";"BR-116/SP";"Decrescente";"Choque";1;0;0;0;0;0;0;0;0;0;0;0;0;0;0
"09/03/2024";"06:18:00";"86";"Sem vítima";"139,450";"BR-116/SP";"Decrescente";"Choque";1;0;0;0;0;0;0;0;0;0;0;0;0;0;0
"09/03/2024";"07:31:00";"130";"Sem vítima";"230,000";"BR-116/SP";"Crescente";"Colisão traseira";1;0;0;0;0;0;0;0;0;0;1;0;0;0;0
"09/03/2024";"07:51:00";"139";"Com vítima";"416,000";"BR-101/RJ";"Decrescente";"Acidentes de outra natureza";0;0;0;1;0;0;0;0;0;0;0;1;0;0;0
"09/03/2024";"07:55:00";"141";"Com vítima";"478,000";"BR-101/RJ";"Crescente";"Choque";1;0;0;0;0;0;0;0;0;0;0;1;0;0;0
"09/03/2024";"09:36:00";"192";"Sem vítima";"109,900";"BR-116/SP";"Decrescente";"Engavetamento";1;0;1;0;1;0;0;0;0;0;23;0;0;0;0
"09/03/2024";"09:42:00";"197";"Sem vítima";"112,000";"BR-116/SP";"Decrescente";"Colisão traseira";2;0;0;0;0;0;0;0;0;0;5;0;0;0;0
"09/03/2024";"10:37:00";"219";"Sem vítima";"272,000";"BR-116/RJ";"Decrescente";"Choque";1;0;0;0;0;0;0;0;0;0;0;0;0;0;0
"09/03/2024";"12:13:00";"269";"Sem vítima";"278,000";"BR-116/RJ";"Crescente";"Acidentes de outra natureza";0;0;1;0;0;0;0;0;0;0;0;0;0;0;0
"09/03/2024";"12:34:00";"277";"Sem vítima";"274,000";"BR-116/RJ";"Crescente";"Choque";0;0;1;0;0;0;0;0;0;0;1;0;0;0;0
"09/03/2024";"13:19:00";"296";"Sem vítima";"201,000";"BR-116/SP";"Crescente";"Colisão lateral em sentido contrário";1;0;0;0;0;0;0;0;0;0;0;0;0;0;0
"09/03/2024";"15:07:00";"353";"Com vítima";"229,900";"BR-116/RJ";"Decrescente";"Acidentes de outra natureza";0;0;0;1;0;0;0;0;0;0;0;1;0;0;0
"09/03/2024";"17:01:00";"398";"Com vítima";"302,600";"BR-116/RJ";"Decrescente";"Acidentes de outra natureza";1;0;0;0;0;0;0;0;0;0;1;1;0;0;0
"09/03/2024";"21:08:00";"496";"Sem vítima";"489,500";"BR-101/RJ";"Crescente";"Choque";1;0;0;0;0;0;0;0;0;0;3;0;0;0;0
"09/03/2024";"21:26:00";"502";"Sem vítima";"316,000";"BR-116/RJ";"Crescente";"Colisão traseira";2;0;0;0;0;0;0;0;0;0;7;0;0;0;0
"09/03/2024";"21:50:00";"511";"Com vítima";"231,000";"BR-116/SP";"Crescente";"Atropelamento de pedestre";1;0;0;0;0;0;0;0;0;0;0;0;0;0;1
"09/03/2024";"22:15:00";"517";"Sem vítima";"114,400";"BR-116/SP";"Crescente";"Colisão lateral em sentido contrário";1;0;0;0;0;0;0;1;0;0;2;0;0;0;0
"09/03/2024";"22:28:00";"529";"Com vítima";"388,000";"BR-101/RJ";"Crescente";"Atropelamento de pedestre";0;1;0;1;0;0;0;0;0;0;0;0;0;1;0
"09/03/2024";"22:57:00";"537";"Com vítima";"145,700";"BR-116/SP";"Decrescente";"Colisão traseira";1;0;0;1;0;0;0;0;0;0;1;0;2;0;0
"09/03/2024";"23:26:00";"541";"Com vítima";"113,000";"BR-116/SP";"Decrescente";"Atropelamento de pedestre";0;0;0;1;0;0;0;0;0;0;0;0;1;1;0
"10/03/2024";"00:00:00";"312";"Sem vítima";"267,700";"BR-116/RJ";"Crescente";"Choque";1;0;0;0;0;0;0;0;0;0;1;0;0;0;0
"10/03/2024";"01:44:00";"38";"Sem vítima";"229,000";"BR-116/SP";"Decrescente";"Engavetamento";3;0;0;0;0;0;0;0;0;0;7;0;0;0;0
"10/03/2024";"02:02:00";"41";"Com vítima";"451,000";"BR-101/RJ";"Crescente";"Choque";1;0;0;0;0;0;0;0;0;0;0;2;0;0;0
"10/03/2024";"02:06:00";"42";"Sem vítima";"47,000";"BR-101/SP";"Crescente";"Choque";1;0;0;0;0;0;0;0;0;0;1;0;0;0;0
"10/03/2024";"02:50:00";"47";"Com vítima";"390,000";"BR-101/RJ";"Decrescente";"Choque";1;0;0;0;0;0;0;0;0;0;0;1;0;0;0
"10/03/2024";"03:25:00";"48";"Sem vítima";"224,000";"BR-116/SP";"Decrescente";"Choque";1;0;0;0;0;0;0;0;0;0;4;0;0;0;0
"10/03/2024";"04:04:00";"53";"Sem vítima";"129,800";"BR-116/SP";"Decrescente";"Choque";0;0;0;0;0;0;0;0;0;1;1;0;0;0;0
"10/03/2024";"08:08:00";"121";"Sem vítima";"152,000";"BR-116/SP";"Crescente";"Choque";1;0;1;0;0;0;0;0;0;0;2;0;0;0;0
"10/03/2024";"09:19:00";"147";"Com vítima";"218,000";"BR-116/SP";"Decrescente";"Choque";2;0;0;0;0;0;0;0;0;0;0;0;2;0;0
"10/03/2024";"12:27:00";"232";"Sem vítima";"186,000";"BR-116/SP";"Decrescente";"Choque";2;0;0;0;0;0;0;0;0;0;4;0;0;0;0
"10/03/2024";"13:14:00";"233";"Sem vítima";"129,000";"BR-116/SP";"Crescente";"Colisão traseira";2;0;0;0;0;0;0;0;0;0;4;0;0;0;0
"10/03/2024";"13:14:00";"233";"Sem vítima";"129,100";"BR-116/SP";"Crescente";"Colisão traseira";2;0;0;0;0;0;0;0;0;0;6;0;0;0;0
"10/03/2024";"14:55:00";"286";"Sem vítima";"86,000";"BR-116/SP";"Crescente";"Colisão traseira";1;0;1;0;0;0;0;0;0;0;2;0;0;0;0
"10/03/2024";"15:34:00";"298";"Sem vítima";"260,000";"BR-116/RJ";"Crescente";"Acidentes de outra natureza";1;0;0;0;0;0;0;0;0;0;0;0;0;0;0
"10/03/2024";"16:04:00";"318";"Sem vítima";"31,800";"BR-101/SP";"Crescente";"Colisão traseira";2;0;0;0;0;0;0;0;0;0;8;0;0;0;0
"10/03/2024";"17:47:00";"368";"Com vítima";"314,050";"BR-116/RJ";"Decrescente";"Choque";1;0;0;0;0;0;0;0;0;0;0;0;1;0;0
"10/03/2024";"18:05:00";"377";"Com vítima";"206,000";"BR-116/SP";"Crescente";"Colisão lateral em sentido contrário";1;0;0;1;0;0;0;0;0;0;1;1;0;0;0
"10/03/2024";"18:54:00";"403";"Sem vítima";"75,600";"BR-116/SP";"Decrescente";"Acidentes de outra natureza";0;0;0;1;0;0;0;0;0;0;1;0;0;0;0
"10/03/2024";"20:14:00";"437";"Sem vítima";"291,600";"BR-116/RJ";"Decrescente";"Choque";1;0;0;0;0;0;0;0;0;0;1;0;0;0;0
"11/03/2024";"00:00:00";"62";"Com vítima";"245,000";"BR-116/RJ";"Crescente";"Atropelamento de pedestre";1;0;0;0;0;0;0;0;0;0;1;0;0;1;0
"11/03/2024";"06:15:00";"83";"Com vítima";"198,000";"BR-116/SP";"Crescente";"Colisão lateral em sentido contrário";1;0;0;1;0;0;0;0;0;0;1;0;1;0;0
"11/03/2024";"06:18:00";"86";"Sem vítima";"393,000";"BR-101/RJ";"Crescente";"Choque";1;0;0;0;0;0;0;0;0;0;1;0;0;0;0
"11/03/2024";"07:28:00";"133";"Com vítima";"116,900";"BR-116/SP";"Decrescente";"Colisão lateral em sentido contrário";0;0;0;1;0;0;0;0;0;0;0;1;0;0;0
"11/03/2024";"08:13:00";"167";"Sem vítima";"108,200";"BR-116/SP";"Crescente";"Colisão traseira";1;0;0;0;0;0;0;0;0;0;1;0;0;0;0
"11/03/2024";"09:23:00";"218";"Com vítima";"259,200";"BR-116/RJ";"Crescente";"Choque";1;0;0;0;0;0;0;0;0;0;0;2;0;0;0
"11/03/2024";"11:14:00";"294";"Sem vítima";"103,800";"BR-116/SP";"Decrescente";"Colisão traseira";2;0;1;0;0;0;0;0;0;0;8;0;0;0;0
"11/03/2024";"14:47:00";"408";"Com vítima";"486,800";"BR-101/RJ";"Crescente";"Colisão traseira";1;0;0;1;0;0;0;0;0;0;1;0;1;0;0
"11/03/2024";"15:03:00";"420";"Com vítima";"217,700";"BR-116/SP";"Crescente";"Choque";0;0;1;0;0;0;0;0;0;0;0;0;1;0;0
"11/03/2024";"16:39:00";"468";"Sem vítima";"278,000";"BR-116/RJ";"Crescente";"Acidentes de outra natureza";1;0;0;0;0;0;0;0;0;0;0;0;0;0;0
"11/03/2024";"16:46:00";"472";"Com vítima";"283,600";"BR-116/RJ";"Crescente";"Colisão traseira";1;0;0;1;0;0;0;0;0;0;1;1;0;0;0
"11/03/2024";"17:18:00";"489";"Com vítima";"244,700";"BR-116/RJ";"Crescente";"Choque";1;0;0;0;0;0;0;0;0;0;0;1;0;0;0
"11/03/2024";"17:48:00";"504";"Sem vítima";"144,000";"BR-116/SP";"Decrescente";"Choque";1;0;0;0;0;0;0;0;0;0;2;0;0;0;0
"11/03/2024";"18:42:00";"535";"Sem vítima";"242,700";"BR-116/RJ";"Decrescente";"Choque";1;0;0;0;0;0;0;0;0;0;1;0;0;0;0
"11/03/2024";"19:29:00";"561";"Sem vítima";"183,000";"BR-116/SP";"Crescente";"Choque";0;0;1;0;1;0;0;0;0;0;32;0;0;0;0
"11/03/2024";"19:50:00";"567";"Sem vítima";"182,450";"BR-116/SP";"Crescente";"Colisão traseira";2;0;0;0;0;0;0;0;0;0;2;0;0;0;0
"11/03/2024";"19:50:00";"568";"Com vítima";"545,000";"BR-101/RJ";"Crescente";"Colisão lateral em sentido contrário";1;0;0;0;1;0;0;0;0;0;1;2;1;0;0
"11/03/2024";"22:40:00";"617";"Sem vítima";"216,900";"BR-116/SP";"Crescente";"Colisão traseira";1;0;0;0;1;0;0;0;0;0;2;0;0;0;0
"11/03/2024";"23:32:00";"626";"Com vítima";"161,600";"BR-116/SP";"Decrescente";"Colisão traseira";2;0;0;0;0;0;0;0;0;0;2;0;0;1;0
"12/03/2024";"00:10:00";"23";"Com vítima";"162,100";"BR-116/SP";"Decrescente";"Engavetamento";2;0;1;0;0;0;0;0;0;0;1;2;1;0;0
"12/03/2024";"01:45:00";"37";"Sem vítima";"26,900";"BR-116/SP";"Crescente";"Colisão traseira";1;0;1;0;0;0;0;0;0;0;2;0;0;0;0
"12/03/2024";"05:21:00";"74";"Sem vítima";"109,800";"BR-116/SP";"Crescente";"Colisão traseira";1;0;1;0;0;0;0;0;0;0;3;0;0;0;0
"12/03/2024";"05:35:00";"78";"Sem vítima";"212,000";"BR-116/SP";"Crescente";"Colisão lateral em sentido contrário";0;0;0;1;0;0;0;0;0;1;3;0;0;0;0
"12/03/2024";"05:44:00";"80";"Com vítima";"110,000";"BR-116/SP";"Crescente";"Capotamento";1;0;0;0;0;0;0;0;0;0;1;0;1;0;0
"12/03/2024";"05:56:00";"86";"Com vítima";"386,000";"BR-101/RJ";"Decrescente";"Acidentes de outra natureza";0;0;0;1;0;0;0;0;0;0;0;0;0;1;0
"12/03/2024";"06:41:00";"114";"Sem vítima";"135,000";"BR-116/SP";"Decrescente";"Colisão lateral em sentido contrário";0;0;2;0;0;0;0;0;0;0;4;0;0;0;0