data;horario;n_da_ocorrencia;tipo_de_ocorrencia;km;trecho;sentido;tipo_de_acidente;automovel;bicicleta;caminhao;moto;onibus;outros;tracao_animal;transporte_de_cargas_especiais;trator_maquinas;utilitarios;ilesos;levemente_feridos;moderadamente_feridos;gravemente_feridos;mortos
"12/03/2024";"07:07:00";"120";"Com vítima";"216,000";"BR-116/SP";"Decrescente";"Colisão lateral em sentido contrário";1;0;0;1;0;0;0;0;0;0;2;1;0;0;0
"12/03/2024";"09:14:00";"244";"Sem vítima";"222,800";"BR-116/SP";"Crescente";"Colisão traseira";2;0;0;0;0;0;0;0;0;0;1;0;0;0;0
"12/03/2024";"09:19:00";"252";"Sem vítima";"219,600";"BR-116/SP";"Crescente";"Colisão lateral em sentido contrário";2;0;0;1;0;0;0;0;0;0;3;0;0;0;0
"12/03/2024";"09:25:00";"255";"Com vítima";"51,000";"BR-101/SP";"Crescente";"Colisão lateral em sentido contrário";0;0;1;1;0;0;0;0;0;0;3;0;1;0;0
"12/03/2024";"12:21:00";"359";"Sem vítima";"526,500";"BR-101/RJ";"Crescente";"Colisão lateral em sentido contrário";1;0;0;0;1;0;0;0;0;0;3;0;0;0;0
"12/03/2024";"13:35:00";"398";"Sem vítima";"324,900";"BR-116/RJ";"Decrescente";"Colisão lateral em sentido contrário";0;0;1;0;0;0;0;0;0;0;1;0;0;0;0
"12/03/2024";"13:52:00";"405";"Sem vítima";"54,000";"BR-116/SP";"Crescente";"Engavetamento";1;0;1;0;0;0;0;0;0;1;4;0;0;0;0
"12/03/2024";"14:18:00";"414";"Sem vítima";"306,000";"BR-116/RJ";"Crescente";"Colisão lateral em sentido contrário";1;0;1;0;0;0;0;0;0;0;2;0;0;0;0
"12/03/2024";"15:14:00";"438";"Sem vítima";"175,300";"BR-116/SP";"Crescente";"Choque";1;0;0;0;0;0;0;0;0;0;1;0;0;0;0
"12/03/2024";"18:26:00";"535";"Com vítima";"148,900";"BR-116/SP";"Decrescente";"Colisão lateral em sentido contrário";1;0;0;1;0;0;0;0;0;0;2;0;2;0;0
"12/03/2024";"18:28:00";"537";"Sem vítima";"224,300";"BR-116/SP";"Decrescente";"Colisão lateral em sentido contrário";1;0;0;1;0;0;0;0;0;0;2;0;0;0;0
"12/03/2024";"18:41:00";"546";"Sem vítima";"216,000";"BR-116/SP";"Crescente";"Colisão lateral em sentido contrário";0;0;1;2;0;0;0;0;0;0;3;0;0;0;0
"12/03/2024";"20:02:00";"529";"Com vítima";"436,000";"BR-101/RJ";"Decrescente";"Colisão frontal";1;0;1;0;0;0;0;0;0;0;2;0;2;0;0
"13/03/2024";"02:32:00";"44";"Sem vítima";"166,700";"BR-116/SP";"Crescente";"Colisão traseira";1;0;0;0;0;0;0;0;0;1;5;0;0;0;0
"13/03/2024";"07:40:00";"148";"Com vítima";"47,800";"BR-101/SP";"Crescente";"Acidentes de outra natureza";0;0;0;1;0;0;0;0;0;0;0;2;0;0;0
"13/03/2024";"08:41:00";"194";"Com vítima";"219,300";"BR-116/SP";"Decrescente";"Engavetamento";3;0;1;0;0;0;0;0;0;0;4;1;0;0;0
"13/03/2024";"09:09:00";"207";"Sem vítima";"217,900";"BR-116/SP";"Crescente";"Colisão traseira";2;0;0;0;0;0;0;0;0;0;3;0;0;0;0
"13/03/2024";"10:59:00";"269";"Com vítima";"221,300";"BR-116/SP";"Decrescente";"Engavetamento";6;0;0;0;0;0;0;0;0;0;5;2;0;0;0
"13/03/2024";"11:41:00";"285";"Com vítima";"283,000";"BR-116/RJ";"Crescente";"Colisão traseira";0;0;0;0;0;0;0;0;0;0;0;0;0;0;0
"13/03/2024";"12:42:00";"309";"Com vítima";"51,000";"BR-101/SP";"Crescente";"Colisão lateral em sentido contrário";1;0;0;1;0;0;0;0;0;0;1;0;1;0;0
"13/03/2024";"12:59:00";"288";"Com vítima";"303,100";"BR-116/RJ";"Decrescente";"Acidentes de outra natureza";0;0;0;1;0;0;0;0;0;0;0;1;0;0;0
"13/03/2024";"14:21:00";"359";"Sem vítima";"452,000";"BR-101/RJ";"Crescente";"Choque";0;0;1;0;0;0;0;0;0;0;1;0;0;0;0
"13/03/2024";"14:27:00";"363";"Com vítima";"154,600";"BR-116/SP";"Decrescente";"Acidentes de outra natureza";0;0;0;1;0;0;0;0;0;0;0;1;0;0;0
"13/03/2024";"14:43:00";"370";"Com vítima";"274,400";"BR-116/RJ";"Decrescente";"Colisão traseira";0;0;0;0;0;0;0;0;0;0;0;0;0;0;0
"13/03/2024";"22:50:00";"582";"Com vítima";"86,080";"BR-116/SP";"Decrescente";"Colisão traseira";0;0;2;0;0;0;0;0;0;0;0;0;1;0;0
"14/03/2024";"00:00:00";"107";"Com vítima";"504,000";"BR-101/RJ";"Crescente";"Colisão frontal";1;0;1;0;0;0;0;0;0;0;1;0;0;1;0
"14/03/2024";"00:00:00";"157";"Com vítima";"231,000";"BR-116/RJ";"Decrescente";"Acidentes de outra natureza";0;0;0;1;0;0;0;0;0;0;0;1;0;0;0
"14/03/2024";"06:01:00";"84";"Com vítima";"3,000";"BR-116/SP";"Decrescente";"Atropelamento de pedestre";0;0;0;0;0;0;0;0;0;0;0;0;0;0;0
"14/03/2024";"06:58:00";"112";"Sem vítima";"238,300";"BR-116/RJ";"Decrescente";"Choque";0;0;1;0;0;0;0;0;0;0;2;0;0;0;0
"14/03/2024";"07:03:00";"118";"Sem vítima";"242,000";"BR-116/RJ";"Decrescente";"Acidentes de outra natureza";0;0;0;0;0;0;0;0;0;0;0;0;0;0;0
"14/03/2024";"07:15:00";"133";"Sem vítima";"443,000";"BR-101/RJ";"Decrescente";"Choque";1;0;0;0;0;0;0;0;0;0;1;0;0;0;0
"14/03/2024";"07:37:00";"150";"Com vítima";"491,000";"BR-101/RJ";"Decrescente";"Colisão lateral em sentido contrário";0;0;1;1;0;0;0;0;0;0;1;1;0;0;0
"14/03/2024";"08:34:00";"200";"Com vítima";"212,000";"BR-116/SP";"Decrescente";"Colisão traseira";0;0;0;1;0;0;0;0;0;0;1;1;0;0;0
"14/03/2024";"12:12:00";"317";"Sem vítima";"58,000";"BR-116/SP";"Decrescente";"Acidentes de outra natureza";0;0;0;0;0;0;0;0;0;0;0;0;0;0;0
"14/03/2024";"13:08:00";"335";"Sem vítima";"474,000";"BR-101/RJ";"Crescente";"Colisão lateral em sentido contrário";0;0;0;0;0;0;0;0;0;0;0;0;0;0;0
"14/03/2024";"13:34:00";"306";"Com vítima";"223,000";"BR-116/SP";"Crescente";"Colisão lateral em sentido contrário";0;0;1;1;0;0;0;0;0;0;1;0;0;1;0
"14/03/2024";"15:18:00";"396";"Com vítima";"275,000";"BR-116/RJ";"Crescente";"Colisão lateral em sentido contrário";1;0;0;1;0;0;0;0;0;0;1;1;0;0;0
"14/03/2024";"16:02:00";"425";"Com vítima";"288,300";"BR-116/RJ";"Decrescente";"Engavetamento";5;0;0;0;0;0;0;0;0;0;12;1;0;0;0
"14/03/2024";"16:35:00";"451";"Com vítima";"91,800";"BR-116/SP";"Decrescente";"Colisão traseira";0;0;1;1;0;0;0;0;0;0;1;0;0;0;1
"14/03/2024";"16:50:00";"461";"Com vítima";"81,900";"BR-116/SP";"Crescente";"Colisão traseira";0;0;0;1;0;0;0;0;0;0;0;0;0;1;0
"14/03/2024";"18:14:00";"509";"Sem vítima";"104,500";"BR-116/SP";"Crescente";"Colisão traseira";1;0;0;0;0;0;0;0;0;1;3;0;0;0;0
"14/03/2024";"18:51:00";"523";"Com vítima";"145,500";"BR-116/SP";"Decrescente";"Colisão lateral em sentido contrário";1;0;0;1;0;0;0;0;0;0;3;0;1;0;0
"14/03/2024";"18:55:00";"529";"Com vítima";"223,000";"BR-116/SP";"Decrescente";"Colisão lateral em sentido contrário";0;0;0;1;0;0;0;0;0;0;0;0;1;0;0
"14/03/2024";"19:29:00";"535";"Com vítima";"479,000";"BR-101/RJ";"Decrescente";"Colisão lateral em sentido contrário";1;0;0;1;0;0;0;0;0;0;1;0;1;0;0
"14/03/2024";"22:50:00";"636";"Sem vítima";"227,000";"BR-116/SP";"Crescente";"Acidentes de outra natureza";1;0;0;0;0;0;0;0;0;0;0;0;0;0;0
"15/03/2024";"00:00:00";"382";"Com vítima";"492,200";"BR-101/RJ";"Decrescente";"Colisão lateral em sentido contrário";0;0;0;1;0;0;0;0;0;0;0;1;1;0;0
"15/03/2024";"01:15:00";"40";"Com vítima";"486,000";"BR-101/RJ";"Decrescente";"Colisão traseira";0;0;0;1;0;0;0;0;0;0;0;1;0;0;0
"15/03/2024";"01:25:00";"42";"Com vítima";"221,000";"BR-116/SP";"Decrescente";"Colisão lateral em sentido contrário";2;0;0;0;0;0;0;0;0;0;1;1;0;0;0
"15/03/2024";"04:10:00";"61";"Sem vítima";"217,200";"BR-116/SP";"Decrescente";"Colisão lateral em sentido contrário";1;0;0;0;0;0;0;0;0;0;1;0;0;0;0
"15/03/2024";"04:53:00";"70";"Sem vítima";"232,000";"BR-116/RJ";"Decrescente";"Colisão lateral em sentido contrário";0;0;2;0;0;0;0;0;0;0;2;0;0;0;0
"15/03/2024";"07:46:00";"147";"Sem vítima";"226,700";"BR-116/RJ";"Decrescente";"Colisão traseira";0;0;2;0;0;0;0;0;0;0;2;0;0;0;0
"15/03/2024";"07:55:00";"155";"Sem vítima";"329,000";"BR-116/RJ";"Decrescente";"Acidentes de outra natureza";0;0;1;0;0;0;0;0;0;0;0;0;0;0;0
"15/03/2024";"08:23:00";"181";"Sem vítima";"99,000";"BR-116/SP";"Crescente";"Engavetamento";3;0;0;0;0;0;0;0;0;1;8;0;0;0;0
"15/03/2024";"12:17:00";"305";"Sem vítima";"221,000";"BR-116/SP";"Crescente";"Colisão lateral em sentido contrário";0;0;0;1;0;0;0;0;0;0;0;0;0;0;0
"15/03/2024";"13:42:00";"316";"Sem vítima";"212,000";"BR-116/SP";"Crescente";"Choque";0;0;1;0;0;0;0;0;0;0;0;0;0;0;0
"15/03/2024";"13:53:00";"355";"Com vítima";"387,000";"BR-101/RJ";"Decrescente";"Engavetamento";0;0;3;0;0;0;0;0;0;0;33;5;0;0;0
"15/03/2024";"14:09:00";"361";"Com vítima";"48,000";"BR-101/SP";"Crescente";"Atropelamento de pedestre";0;1;0;1;0;0;0;0;0;0;0;1;0;0;0
"15/03/2024";"14:39:00";"386";"Com vítima";"120,000";"BR-116/SP";"Crescente";"Colisão traseira";0;0;1;0;0;0;0;0;0;0;0;1;0;0;0
"15/03/2024";"14:59:00";"391";"Sem vítima";"251,000";"BR-116/RJ";"Crescente";"Colisão traseira";0;0;3;0;0;0;0;0;0;0;3;0;0;0;0
"15/03/2024";"16:06:00";"432";"Sem vítima";"244,000";"BR-116/RJ";"Decrescente";"Colisão lateral em sentido contrário";1;0;1;0;0;0;0;0;0;0;2;0;0;0;0
"15/03/2024";"16:22:00";"441";"Com vítima";"211,000";"BR-116/SP";"Crescente";"Colisão traseira";1;0;0;1;0;0;0;0;0;0;1;1;0;0;0
"15/03/2024";"16:33:00";"448";"Sem vítima";"233,000";"BR-116/RJ";"Crescente";"Acidentes de outra natureza";1;0;0;0;0;0;0;0;0;0;0;0;0;0;0
"15/03/2024";"16:57:00";"457";"Com vítima";"590,000";"BR-101/RJ";"Crescente";"Colisão frontal";1;0;0;1;0;0;0;0;0;0;2;0;1;0;0
"15/03/2024";"17:27:00";"484";"Sem vítima";"233,000";"BR-116/RJ";"Crescente";"Colisão lateral em sentido contrário";1;0;0;0;0;0;0;0;0;0;1;0;0;0;0
"15/03/2024";"17:27:00";"485";"Sem vítima";"121,600";"BR-116/SP";"Decrescente";"Choque";0;0;0;1;0;0;0;1;0;0;0;0;0;0;0
"15/03/2024";"17:33:00";"487";"Sem vítima";"143,000";"BR-116/SP";"Crescente";"Colisão traseira";1;0;0;0;0;0;0;0;0;0;3;0;0;0;0
"15/03/2024";"19:17:00";"534";"Com vítima";"226,000";"BR-116/SP";"Crescente";"Acidentes de outra natureza";0;0;0;1;0;0;0;0;0;0;0;1;0;0;0
"15/03/2024";"21:12:00";"591";"Com vítima";"407,300";"BR-101/RJ";"Crescente";"Atropelamento de pedestre";0;0;0;1;0;0;0;0;0;0;0;0;1;0;0
"15/03/2024";"22:03:00";"601";"Com vítima";"450,000";"BR-101/RJ";"Decrescente";"Atropelamento de pedestre";0;0;0;1;0;0;0;0;0;0;0;0;1;0;0
"15/03/2024";"22:33:00";"583";"Com vítima";"322,000";"BR-116/RJ";"Decrescente";"Choque";1;0;0;0;0;0;0;0;0;0;2;1;0;0;0
"15/03/2024";"23:13:00";"625";"Sem vítima";"151,800";"BR-116/SP";"Decrescente";"Choque";1;0;0;0;0;0;0;0;0;0;1;0;0;0;0
"16/03/2024";"00:00:00";"366";"Sem vítima";"21,000";"BR-116/SP";"Crescente";"Engavetamento";1;0;0;0;0;0;0;0;0;0;1;0;0;0;0
"16/03/2024";"00:06:00";"24";"Com vítima";"574,000";"BR-101/RJ";"Decrescente";"Colisão frontal";2;0;0;0;0;0;0;0;0;0;0;3;0;1;0
"16/03/2024";"04:28:00";"65";"Com vítima";"45,800";"BR-116/SP";"Decrescente";"Choque";1;0;0;0;0;0;0;0;0;0;0;0;0;1;1
"16/03/2024";"04:57:00";"77";"Com vítima";"71,200";"BR-116/SP";"Decrescente";"Choque";1;0;0;0;0;0;0;0;0;0;0;1;0;0;0
"16/03/2024";"05:23:00";"82";"Sem vítima";"22,000";"BR-116/SP";"Crescente";"Tombamento";0;0;0;0;0;0;0;1;0;0;0;0;0;0;0
"16/03/2024";"05:43:00";"87";"Com vítima";"219,000";"BR-116/SP";"Crescente";"Acidentes de outra natureza";0;0;0;1;0;0;0;0;0;0;0;1;0;0;0
"16/03/2024";"06:56:00";"124";"Sem vítima";"23,000";"BR-116/SP";"Decrescente";"Engavetamento";0;0;1;0;0;0;0;2;0;0;3;0;0;0;0
"16/03/2024";"07:21:00";"130";"Sem vítima";"275,500";"BR-116/RJ";"Decrescente";"Colisão lateral em sentido contrário";0;0;0;0;1;0;0;0;0;0;51;0;0;0;0
"16/03/2024";"07:42:00";"141";"Sem vítima";"115,200";"BR-116/SP";"Decrescente";"Engavetamento";4;0;0;0;0;0;0;0;0;0;10;0;0;0;0
"16/03/2024";"07:43:00";"142";"Com vítima";"96,000";"BR-116/SP";"Crescente";"Colisão traseira";1;0;0;1;0;0;0;0;0;0;1;0;2;0;0
"16/03/2024";"07:56:00";"150";"Sem vítima";"201,000";"BR-116/SP";"Decrescente";"Colisão lateral em sentido contrário";1;0;0;0;0;0;0;0;0;0;1;0;0;0;0
"16/03/2024";"08:10:00";"158";"Sem vítima";"115,800";"BR-116/SP";"Decrescente";"Colisão traseira";1;0;1;0;0;0;0;0;0;0;2;0;0;0;0
"16/03/2024";"08:19:00";"165";"Sem vítima";"116,500";"BR-116/SP";"Decrescente";"Engavetamento";3;0;0;0;0;0;0;0;0;0;4;0;0;0;0
"16/03/2024";"08:32:00";"171";"Com vítima";"224,400";"BR-116/SP";"Crescente";"Colisão lateral em sentido contrário";1;0;0;1;0;0;0;0;0;0;1;2;0;0;0
"16/03/2024";"09:09:00";"193";"Com vítima";"588,000";"BR-101/RJ";"Crescente";"Colisão traseira";2;0;0;0;0;0;0;0;0;0;9;1;0;0;0
"16/03/2024";"09:47:00";"214";"Sem vítima";"216,000";"BR-116/SP";"Decrescente";"Colisão traseira";2;0;0;0;0;0;0;0;0;0;2;0;0;0;0
"16/03/2024";"10:20:00";"237";"Sem vítima";"419,000";"BR-101/RJ";"Crescente";"Engavetamento";3;0;0;0;0;0;0;0;0;0;3;0;0;0;0
"16/03/2024";"10:24:00";"241";"Sem vítima";"218,900";"BR-116/RJ";"Crescente";"Engavetamento";3;0;0;0;0;0;0;0;0;0;2;0;0;0;0
"16/03/2024";"12:52:00";"320";"Com vítima";"115,300";"BR-116/SP";"Crescente";"Capotamento";1;0;0;0;0;0;0;0;0;0;0;0;1;0;0
"16/03/2024";"12:53:00";"329";"Com vítima";"231,000";"BR-116/SP";"Crescente";"Acidentes de outra natureza";0;0;0;1;0;0;0;0;0;0;0;1;0;0;0
"16/03/2024";"13:54:00";"370";"Com vítima";"524,000";"BR-101/RJ";"Crescente";"Engavetamento";3;0;0;0;0;0;0;0;0;0;3;2;0;0;0
"16/03/2024";"14:13:00";"382";"Sem vítima";"481,000";"BR-101/RJ";"Crescente";"Colisão traseira";1;0;1;0;0;0;0;0;0;0;0;0;0;0;0
"16/03/2024";"14:58:00";"402";"Sem vítima";"18,900";"BR-116/SP";"Crescente";"Choque";1;0;0;0;0;0;0;0;0;0;1;0;0;0;0
"16/03/2024";"15:14:00";"412";"Com vítima";"278,000";"BR-116/RJ";"Crescente";"Colisão traseira";1;0;0;1;0;0;0;0;0;0;1;1;0;0;0
"16/03/2024";"18:50:00";"528";"Sem vítima";"158,000";"BR-116/SP";"Crescente";"Choque";1;0;0;0;0;0;0;0;0;0;3;0;0;0;0
"16/03/2024";"19:36:00";"551";"Com vítima";"491,000";"BR-101/RJ";"Decrescente";"Colisão traseira";0;0;0;1;0;0;0;0;0;0;0;1;0;0;0
"17/03/2024";"01:39:00";"40";"Com vítima";"216,200";"BR-116/SP";"Decrescente";"Choque";1;0;0;0;0;0;0;0;0;0;1;0;1;0;0
"17/03/2024";"06:01:00";"76";"Com vítima";"445,600";"BR-101/RJ";"Crescente";"Colisão frontal";2;0;0;0;0;0;0;0;0;0;1;2;0;0;0
"17/03/2024";"07:40:00";"125";"Com vítima";"479,000";"BR-101/RJ";"Crescente";"Acidentes de outra natureza";0;0;0;1;0;0;0;0;0;0;0;1;0;0;0
"17/03/2024";"09:15:00";"178";"Com vítima";"282,500";"BR-116/RJ";"Crescente";"Colisão traseira";0;0;0;2;0;0;0;0;0;0;0;0;0;1;0
"17/03/2024";"12:12:00";"259";"Sem vítima";"468,000";"BR-101/RJ";"Crescente";"Acidentes de outra natureza";0;0;0;1;0;0;0;0;0;0;1;0;0;0;0
"17/03/2024";"12:39:00";"275";"Com vítima";"19,000";"BR-101/SP";"Decrescente";"Colisão lateral em sentido contrário";2;0;0;0;0;0;0;0;0;0;5;2;0;0;0
"17/03/2024";"14:46:00";"347";"Com vítima";"230,000";"BR-116/SP";"Crescente";"Colisão traseira";2;0;0;0;0;0;0;0;0;0;7;2;0;0;0
"17/03/2024";"14:55:00";"354";"Sem vítima";"321,000";"BR-116/RJ";"Decrescente";"Colisão lateral em sentido contrário";1;0;1;0;0;0;0;0;0;0;5;0;0;0;0
"17/03/2024";"15:48:00";"391";"Com vítima";"227,000";"BR-116/SP";"Decrescente";"Colisão lateral em sentido contrário";1;0;0;1;0;0;0;0;0;0;2;1;0;0;0
"17/03/2024";"15:49:00";"392";"Sem vítima";"225,000";"BR-116/SP";"Crescente";"Colisão frontal";2;0;0;0;0;0;0;0;0;0;3;0;0;0;0
"17/03/2024";"17:41:00";"465";"Com vítima";"103,000";"BR-116/SP";"Decrescente";"Colisão traseira";0;0;0;2;0;0;0;0;0;0;0;1;1;2;0
"17/03/2024";"18:05:00";"483";"Sem vítima";"575,400";"BR-101/RJ";"Crescente";"Acidentes de outra natureza";1;0;0;0;0;0;0;0;0;0;2;0;0;0;0
"17/03/2024";"18:19:00";"492";"Com vítima";"482,300";"BR-101/RJ";"Crescente";"Colisão frontal";1;0;0;0;1;0;0;0;0;0;0;1;1;1;0
"17/03/2024";"19:34:00";"546";"Sem vítima";"47,900";"BR-101/SP";"Crescente";"Choque";1;0;0;0;0;0;0;0;0;0;0;0;0;0;0
"17/03/2024";"20:08:00";"571";"Com vítima";"205,300";"BR-116/SP";"Crescente";"Colisão traseira";1;0;0;1;0;0;0;0;0;0;2;1;0;0;0
"17/03/2024";"20:26:00";"584";"Com vítima";"169,000";"BR-116/SP";"Crescente";"Engavetamento";2;0;0;0;0;0;0;0;0;0;1;2;0;0;0
"17/03/2024";"21:14:00";"617";"Sem vítima";"38,800";"BR-116/SP";"Crescente";"Colisão lateral em sentido contrário";1;0;0;0;0;0;0;1;0;0;0;0;0;0;0
"17/03/2024";"22:13:00";"648";"Sem vítima";"117,600";"BR-116/SP";"Decrescente";"Choque";1;0;0;0;0;0;0;0;0;0;0;0;0;0;0
"17/03/2024";"23:29:00";"667";"Com vítima";"505,000";"BR-101/RJ";"Crescente";"Colisão frontal";2;0;0;0;0;0;0;0;0;0;0;2;0;0;0
"17/03/2024";"23:58:00";"676";"Sem vítima";"440,000";"BR-101/RJ";"Decrescente";"Colisão lateral em sentido contrário";1;0;0;0;0;0;0;0;0;0;2;0;0;0;0
"18/03/2024";"03:33:00";"53";"Com vítima";"228,000";"BR-116/SP";"Decrescente";"Colisão traseira";0;0;1;0;0;0;0;1;0;0;1;1;0;0;0
"18/03/2024";"05:13:00";"77";"Sem vítima";"228,000";"BR-116/SP";"Decrescente";"Colisão traseira";1;0;0;0;0;0;0;0;0;0;1;0;0;0;0
"18/03/2024";"06:05:00";"98";"Com vítima";"96,000";"BR-116/SP";"Decrescente";"Capotamento";1;0;0;0;0;0;0;0;0;0;0;0;1;1;0
"18/03/2024";"06:17:00";"103";"Sem vítima";"307,400";"BR-116/RJ";"Crescente";"Choque";1;0;0;0;0;0;0;0;0;0;1;0;0;0;0
"18/03/2024";"06:52:00";"126";"Com vítima";"218,000";"BR-116/SP";"Crescente";"Colisão traseira";1;0;0;1;0;0;0;0;0;0;1;2;0;0;0
"18/03/2024";"10:44:00";"303";"Sem vítima";"229,000";"BR-116/SP";"Crescente";"Engavetamento";1;0;0;0;0;0;0;0;0;1;2;0;0;0;0
"18/03/2024";"12:36:00";"361";"Com vítima";"225,700";"BR-116/RJ";"Decrescente";"Tombamento";0;0;1;0;0;0;0;0;0;0;0;1;0;0;0
"18/03/2024";"13:45:00";"400";"Com vítima";"539,000";"BR-101/RJ";"Crescente";"Choque";1;0;0;0;0;0;0;0;0;0;0;2;0;0;0
"18/03/2024";"15:32:00";"456";"Com vítima";"168,500";"BR-116/SP";"Decrescente";"Colisão traseira";1;0;0;0;0;0;0;0;0;0;1;0;1;0;0
"18/03/2024";"15:52:00";"472";"Com vítima";"166,900";"BR-116/SP";"Decrescente";"Colisão traseira";1;0;0;1;0;0;0;0;0;0;1;1;0;0;0
"18/03/2024";"17:58:00";"541";"Sem vítima";"285,200";"BR-116/RJ";"Crescente";"Choque";1;0;0;0;0;0;0;0;0;0;0;0;0;0;0
"18/03/2024";"18:05:00";"545";"Com vítima";"220,000";"BR-116/SP";"Crescente";"Colisão lateral em sentido contrário";1;0;0;1;0;0;0;0;0;0;1;1;0;0;0
"18/03/2024";"18:48:00";"572";"Sem vítima";"570,200";"BR-101/RJ";"Crescente";"Choque";1;0;0;0;0;0;0;0;0;0;1;0;0;0;0
"18/03/2024";"18:56:00";"578";"Sem vítima";"212,000";"BR-116/SP";"Crescente";"Choque";1;0;0;0;0;0;0;0;0;0;4;0;0;0;0
"18/03/2024";"19:47:00";"597";"Sem vítima";"236,600";"BR-116/RJ";"Crescente";"Choque";1;0;0;0;0;0;0;1;0;0;4;0;0;0;0
"18/03/2024";"20:23:00";"617";"Com vítima";"123,500";"BR-116/SP";"Decrescente";"Colisão traseira";0;0;2;0;0;0;0;0;0;0;0;0;0;1;0
"18/03/2024";"20:57:00";"631";"Sem vítima";"322,000";"BR-116/RJ";"Decrescente";"Colisão frontal";2;0;0;0;0;0;0;0;0;0;0;0;0;0;0
"18/03/2024";"21:58:00";"649";"Sem vítima";"282,000";"BR-116/RJ";"Decrescente";"Colisão lateral em sentido contrário";1;0;1;0;0;0;0;0;0;0;3;0;0;0;0
"18/03/2024";"21:59:00";"650";"Com vítima";"221,000";"BR-116/SP";"Crescente";"Colisão lateral em sentido contrário";1;0;0;1;0;0;0;0;0;0;2;1;0;0;0
"19/03/2024";"00:27:00";"28";"Sem vítima";"271,000";"BR-116/RJ";"Decrescente";"Colisão traseira";0;0;1;0;0;0;0;0;0;0;1;0;0;0;0
"19/03/2024";"08:23:00";"178";"Sem vítima";"219,500";"BR-116/SP";"Decrescente";"Colisão traseira";2;0;0;0;0;0;0;0;0;0;1;0;0;0;0
"19/03/2024";"09:15:00";"209";"Com vítima";"562,000";"BR-101/RJ";"Crescente";"Atropelamento de pedestre";1;1;0;0;0;0;0;0;0;0;1;0;0;0;0
"19/03/2024";"11:03:00";"276";"Com vítima";"230,000";"BR-116/SP";"Decrescente";"Acidentes de outra natureza";1;0;0;0;0;0;0;0;0;0;0;0;0;0;0
"19/03/2024";"11:32:00";"291";"Com vítima";"229,000";"BR-116/SP";"Crescente";"Colisão lateral em sentido contrário";1;0;0;1;0;0;0;1;0;0;2;1;0;0;0
"19/03/2024";"12:17:00";"310";"Com vítima";"165,200";"BR-116/SP";"Decrescente";"Choque";0;0;0;1;0;0;0;0;0;0;0;0;2;0;0
"19/03/2024";"12:26:00";"317";"Sem vítima";"248,000";"BR-116/RJ";"Decrescente";"Colisão lateral em sentido contrário";1;0;0;0;0;0;0;0;0;0;1;0;0;0;0
"19/03/2024";"12:29:00";"318";"Sem vítima";"156,400";"BR-116/SP";"Decrescente";"Colisão traseira";2;0;0;0;0;0;0;0;0;0;2;0;0;0;0
"19/03/2024";"15:59:00";"410";"Com vítima";"227,000";"BR-116/SP";"Decrescente";"Acidentes de outra natureza";0;0;0;1;0;0;0;0;0;0;1;1;0;0;0
"19/03/2024";"17:22:00";"443";"Sem vítima";"225,000";"BR-116/SP";"Decrescente";"Engavetamento";3;0;1;0;0;0;0;0;0;0;4;0;0;0;0
"19/03/2024";"18:11:00";"470";"Sem vítima";"311,500";"BR-116/RJ";"Decrescente";"Choque";1;0;0;0;0;0;0;0;0;0;1;0;0;0;0
"19/03/2024";"18:47:00";"491";"Com vítima";"311,000";"BR-116/RJ";"Decrescente";"Colisão traseira";1;0;0;1;0;0;0;0;0;0;0;1;0;0;0
"19/03/2024";"19:12:00";"506";"Sem vítima";"219,000";"BR-116/SP";"Crescente";"Colisão traseira";1;0;0;0;0;0;0;0;0;0;1;0;0;0;0
"19/03/2024";"21:00:00";"484";"Com vítima";"74,750";"BR-116/SP";"Decrescente";"Choque";0;0;1;1;0;0;0;0;0;0;1;1;0;0;0
"20/03/2024";"01:46:00";"42";"Sem vítima";"114,500";"BR-116/SP";"Crescente";"Colisão traseira";2;0;0;0;0;0;0;0;0;0;2;0;0;0;0
"20/03/2024";"02:13:00";"45";"Sem vítima";"219,000";"BR-116/SP";"Crescente";"Colisão lateral em sentido contrário";1;0;0;0;0;0;0;0;0;0;1;0;0;0;0
"20/03/2024";"03:28:00";"58";"Com vítima";"122,100";"BR-116/SP";"Crescente";"Colisão traseira";0;0;2;0;0;0;0;0;0;0;1;0;0;1;0
"20/03/2024";"06:13:00";"102";"Sem vítima";"125,200";"BR-116/SP";"Decrescente";"Atropelamento de pedestre";1;0;0;0;0;0;0;0;0;0;1;0;0;0;0
"20/03/2024";"07:52:00";"176";"Com vítima";"75,000";"BR-116/SP";"Crescente";"Colisão lateral em sentido contrário";1;0;0;1;0;0;0;0;0;0;1;1;0;0;0
"20/03/2024";"08:07:00";"189";"Sem vítima";"160,000";"BR-116/SP";"Decrescente";"Colisão lateral em sentido contrário";1;0;0;0;0;0;0;1;0;0;3;0;0;0;0