data;horario;n_da_ocorrencia;tipo_de_ocorrencia;km;trecho;sentido;tipo_de_acidente;automovel;bicicleta;caminhao;moto;onibus;outros;tracao_animal;transporte_de_cargas_especiais;trator_maquinas;utilitarios;ilesos;levemente_feridos;moderadamente_feridos;gravemente_feridos;mortos
"20/03/2024";"08:28:00";"208";"Com vítima";"406,400";"BR-101/RJ";"Decrescente";"Colisão lateral em sentido contrário";0;0;2;1;0;0;0;0;0;0;2;0;0;1;0
"20/03/2024";"11:19:00";"311";"Com vítima";"230,100";"BR-116/RJ";"Decrescente";"Acidentes de outra natureza";0;0;0;1;0;0;0;0;0;0;0;1;0;0;0
"20/03/2024";"11:28:00";"315";"Sem vítima";"223,800";"BR-116/SP";"Decrescente";"Colisão lateral em sentido contrário";0;0;2;0;0;0;0;0;0;0;1;0;0;0;0
"20/03/2024";"14:08:00";"390";"Com vítima";"47,000";"BR-116/SP";"Decrescente";"Engavetamento";0;0;0;0;0;0;0;3;0;0;2;1;0;0;0
"20/03/2024";"16:14:00";"457";"Sem vítima";"109,450";"BR-116/SP";"Decrescente";"Choque";0;0;1;0;0;0;0;0;0;0;1;0;0;0;0
"20/03/2024";"18:32:00";"523";"Sem vítima";"111,000";"BR-116/SP";"Crescente";"Engavetamento";0;0;1;0;0;0;0;2;0;0;3;0;0;0;0
"20/03/2024";"18:42:00";"528";"Com vítima";"164,400";"BR-116/SP";"Decrescente";"Choque";0;0;0;0;0;0;0;1;0;0;0;1;0;0;0
"20/03/2024";"19:10:00";"544";"Com vítima";"229,000";"BR-116/SP";"Decrescente";"Choque";0;0;0;1;0;0;0;0;0;0;0;1;0;0;0
"20/03/2024";"20:39:00";"591";"Sem vítima";"276,000";"BR-116/RJ";"Crescente";"Colisão lateral em sentido contrário";0;0;2;0;0;0;0;0;0;0;2;0;0;0;0
"21/03/2024";"00:47:00";"32";"Sem vítima";"29,600";"BR-116/SP";"Decrescente";"Colisão traseira";1;0;1;0;0;0;0;0;0;0;2;0;0;0;0
"21/03/2024";"01:50:00";"41";"Com vítima";"225,000";"BR-116/SP";"Crescente";"Acidentes de outra natureza";0;0;0;1;0;0;0;0;0;0;0;1;0;0;0
"21/03/2024";"05:16:00";"83";"Com vítima";"230,100";"BR-116/SP";"Crescente";"Engavetamento";0;0;0;0;0;0;0;2;0;1;2;0;0;1;1
"21/03/2024";"06:13:00";"117";"Com vítima";"575,000";"BR-101/RJ";"Crescente";"Atropelamento de pedestre";0;1;0;1;0;0;0;0;0;0;0;1;0;0;0
"21/03/2024";"06:20:00";"125";"Sem vítima";"233,000";"BR-116/RJ";"Decrescente";"Colisão traseira";0;0;1;0;1;0;0;0;0;0;28;0;0;0;0
"21/03/2024";"07:31:00";"170";"Com vítima";"499,000";"BR-101/RJ";"Decrescente";"Acidentes de outra natureza";0;0;0;1;0;0;0;0;0;0;0;0;0;2;0
"21/03/2024";"08:07:00";"198";"Com vítima";"138,680";"BR-116/SP";"Crescente";"Colisão traseira";0;0;1;1;0;0;0;0;0;0;1;0;0;1;0
"21/03/2024";"08:21:00";"218";"Com vítima";"216,100";"BR-116/SP";"Crescente";"Colisão lateral em sentido contrário";1;0;0;1;0;0;0;0;0;0;1;0;1;0;0
"21/03/2024";"09:23:00";"269";"Sem vítima";"44,000";"BR-116/SP";"Crescente";"Choque";0;0;1;0;0;0;0;0;0;0;1;0;0;0;0
"21/03/2024";"09:40:00";"280";"Sem vítima";"151,700";"BR-116/SP";"Crescente";"Choque";0;0;0;1;0;0;0;0;0;0;1;0;0;0;0
"21/03/2024";"10:02:00";"303";"Sem vítima";"214,800";"BR-116/SP";"Crescente";"Engavetamento";4;0;0;0;0;0;0;0;0;0;5;0;0;0;0
"21/03/2024";"10:17:00";"318";"Com vítima";"150,000";"BR-116/SP";"Crescente";"Choque";1;0;0;0;0;0;0;0;0;0;0;1;0;0;0
"21/03/2024";"10:37:00";"333";"Com vítima";"230,200";"BR-116/SP";"Crescente";"Colisão traseira";2;0;0;0;0;0;0;0;0;0;1;1;0;0;0
"21/03/2024";"12:52:00";"409";"Com vítima";"210,000";"BR-116/SP";"Crescente";"Choque";0;0;0;1;0;0;0;1;0;0;1;1;0;0;0
"21/03/2024";"14:06:00";"450";"Sem vítima";"280,540";"BR-116/RJ";"Crescente";"Colisão lateral em sentido contrário";1;0;0;0;0;0;0;0;0;0;0;0;0;0;0
"21/03/2024";"14:14:00";"456";"Com vítima";"229,350";"BR-116/RJ";"Decrescente";"Tombamento";0;0;1;0;0;0;0;0;0;0;0;0;1;0;0
"21/03/2024";"14:39:00";"470";"Sem vítima";"136,000";"BR-116/SP";"Decrescente";"Colisão lateral em sentido contrário";1;0;1;0;0;0;0;0;0;0;2;0;0;0;0
"21/03/2024";"14:46:00";"473";"Com vítima";"47,300";"BR-116/SP";"Decrescente";"Acidentes de outra natureza";0;0;0;1;0;0;0;0;0;0;0;1;0;0;0
"21/03/2024";"16:19:00";"537";"Sem vítima";"274,000";"BR-116/RJ";"Decrescente";"Colisão traseira";1;0;1;0;0;0;0;0;0;0;0;0;0;0;0
"21/03/2024";"17:02:00";"565";"Com vítima";"165,000";"BR-116/SP";"Decrescente";"Colisão traseira";1;0;0;1;0;0;0;0;0;0;2;0;1;0;0
"21/03/2024";"17:14:00";"574";"Sem vítima";"146,000";"BR-116/SP";"Crescente";"Colisão lateral em sentido contrário";1;0;1;0;0;0;0;0;0;0;2;0;0;0;0
"21/03/2024";"19:16:00";"646";"Sem vítima";"155,000";"BR-116/SP";"Decrescente";"Colisão traseira";2;0;0;0;0;0;0;0;0;0;4;0;0;0;0
"21/03/2024";"19:18:00";"647";"Sem vítima";"148,000";"BR-116/SP";"Crescente";"Engavetamento";2;0;0;0;0;0;0;0;0;0;2;0;0;0;0
"21/03/2024";"19:31:00";"652";"Com vítima";"108,000";"BR-116/SP";"Decrescente";"Acidentes de outra natureza";0;0;0;1;0;0;0;0;0;0;0;2;0;0;0
"21/03/2024";"20:00:00";"670";"Sem vítima";"148,000";"BR-116/SP";"Crescente";"Colisão traseira";1;0;0;0;0;0;0;0;0;0;1;0;0;0;0
"21/03/2024";"20:17:00";"683";"Sem vítima";"156,200";"BR-116/SP";"Crescente";"Colisão traseira";2;0;0;0;0;0;0;0;0;0;4;0;0;0;0
"21/03/2024";"20:25:00";"687";"Com vítima";"218,000";"BR-116/SP";"Crescente";"Acidentes de outra natureza";0;0;0;1;0;0;0;0;0;0;0;1;0;0;0
"21/03/2024";"23:47:00";"755";"Com vítima";"525,000";"BR-101/RJ";"Crescente";"Colisão lateral em sentido contrário";2;0;0;0;0;0;0;0;0;0;1;1;0;0;0
"22/03/2024";"00:00:00";"32";"Com vítima";"300,100";"BR-116/RJ";"Crescente";"Acidentes de outra natureza";0;0;0;1;0;0;0;0;0;0;0;0;1;0;0
"22/03/2024";"00:00:00";"128";"Com vítima";"292,000";"BR-116/RJ";"Crescente";"Choque";1;0;0;0;0;0;0;0;0;0;0;1;0;0;0
"22/03/2024";"00:00:00";"284";"Sem vítima";"108,000";"BR-116/SP";"Crescente";"Colisão traseira";1;0;0;0;0;0;0;0;0;0;1;0;0;0;0
"22/03/2024";"02:54:00";"44";"Sem vítima";"231,000";"BR-116/RJ";"Decrescente";"Colisão lateral em sentido contrário";1;0;0;0;0;0;0;0;0;0;1;0;0;0;0
"22/03/2024";"05:53:00";"87";"Sem vítima";"23,400";"BR-116/SP";"Crescente";"Choque";0;0;1;0;0;0;0;0;0;0;1;0;0;0;0
"22/03/2024";"06:16:00";"101";"Sem vítima";"314,300";"BR-116/RJ";"Crescente";"Choque";1;0;0;0;0;0;0;0;0;0;2;0;0;0;0
"22/03/2024";"06:45:00";"123";"Sem vítima";"26,000";"BR-116/SP";"Crescente";"Colisão lateral em sentido contrário";1;0;0;0;0;0;0;1;0;0;3;0;0;0;0
"22/03/2024";"06:56:00";"131";"Com vítima";"206,000";"BR-116/SP";"Decrescente";"Acidentes de outra natureza";0;0;0;1;0;0;0;0;0;0;0;1;0;0;0
"22/03/2024";"07:32:00";"156";"Com vítima";"429,000";"BR-101/RJ";"Decrescente";"Choque";1;0;0;0;0;0;0;0;0;0;1;1;0;0;0
"22/03/2024";"07:52:00";"146";"Sem vítima";"86,950";"BR-116/SP";"Crescente";"Colisão lateral em sentido contrário";0;0;2;0;0;0;0;0;0;0;2;0;0;0;0
"22/03/2024";"08:06:00";"178";"Com vítima";"505,000";"BR-101/RJ";"Decrescente";"Colisão transversal";0;0;1;1;0;0;0;0;0;0;1;0;1;0;0
"22/03/2024";"08:49:00";"212";"Sem vítima";"234,000";"BR-116/RJ";"Decrescente";"Choque";1;0;0;0;0;0;0;0;0;0;1;0;0;0;0
"22/03/2024";"09:06:00";"225";"Sem vítima";"469,000";"BR-101/RJ";"Crescente";"Choque";2;0;0;0;0;0;0;0;0;0;2;0;0;0;0
"22/03/2024";"09:09:00";"227";"Com vítima";"157,000";"BR-116/SP";"Decrescente";"Acidentes de outra natureza";0;0;0;1;0;0;0;0;0;0;0;0;1;0;0
"22/03/2024";"09:17:00";"230";"Sem vítima";"224,000";"BR-116/SP";"Decrescente";"Colisão traseira";1;0;1;0;0;0;0;0;0;0;4;0;0;0;0
"22/03/2024";"09:42:00";"245";"Com vítima";"273,400";"BR-116/RJ";"Crescente";"Choque";1;0;0;0;0;0;0;0;0;0;0;1;0;0;0
"22/03/2024";"09:43:00";"246";"Sem vítima";"197,950";"BR-116/SP";"Decrescente";"Choque";0;0;1;0;0;0;0;0;0;0;1;0;0;0;0
"22/03/2024";"09:59:00";"259";"Sem vítima";"112,700";"BR-116/SP";"Decrescente";"Choque";1;0;0;0;0;0;0;0;0;0;2;0;0;0;0
"22/03/2024";"10:15:00";"265";"Sem vítima";"231,000";"BR-116/RJ";"Decrescente";"Colisão lateral em sentido contrário";0;0;2;0;0;0;0;0;0;0;2;0;0;0;0
"22/03/2024";"11:01:00";"285";"Com vítima";"226,300";"BR-116/SP";"Decrescente";"Colisão lateral em sentido contrário";1;0;1;0;0;0;0;0;0;0;1;1;0;0;0
"22/03/2024";"11:33:00";"303";"Sem vítima";"116,000";"BR-116/SP";"Decrescente";"Choque";0;0;0;0;0;0;0;1;0;0;1;0;0;0;0
"22/03/2024";"11:36:00";"306";"Sem vítima";"153,000";"BR-116/SP";"Crescente";"Colisão traseira";1;0;0;0;0;0;0;0;0;0;2;0;0;0;0
"22/03/2024";"11:39:00";"308";"Sem vítima";"41,000";"BR-101/SP";"Decrescente";"Acidentes de outra natureza";0;0;0;1;0;0;0;0;0;0;1;0;0;0;0
"22/03/2024";"12:28:00";"329";"Com vítima";"223,000";"BR-116/SP";"Decrescente";"Acidentes de outra natureza";0;0;0;1;0;0;0;0;0;0;0;0;1;0;0
"22/03/2024";"13:44:00";"373";"Com vítima";"136,800";"BR-116/SP";"Crescente";"Capotamento";1;0;0;0;0;0;0;0;0;0;0;1;0;0;0
"22/03/2024";"14:00:00";"387";"Sem vítima";"424,100";"BR-101/RJ";"Crescente";"Colisão lateral em sentido contrário";2;0;0;0;0;0;0;0;0;0;3;0;0;0;0
"22/03/2024";"14:03:00";"390";"Sem vítima";"145,900";"BR-116/SP";"Decrescente";"Choque";0;0;1;0;0;0;0;0;0;0;1;0;0;0;0
"22/03/2024";"14:10:00";"395";"Com vítima";"219,000";"BR-116/RJ";"Decrescente";"Choque";1;0;0;0;0;0;0;0;0;0;0;1;0;0;0
"22/03/2024";"14:45:00";"407";"Com vítima";"224,000";"BR-116/SP";"Crescente";"Acidentes de outra natureza";0;0;0;1;0;0;0;0;0;0;0;2;0;0;0
"22/03/2024";"14:53:00";"412";"Sem vítima";"429,000";"BR-101/RJ";"Decrescente";"Choque";1;0;0;0;0;0;0;0;0;0;3;0;0;0;0
"22/03/2024";"15:24:00";"430";"Sem vítima";"206,000";"BR-116/SP";"Crescente";"Colisão lateral em sentido contrário";1;0;0;0;0;0;0;1;0;0;2;0;0;0;0
"22/03/2024";"15:52:00";"445";"Sem vítima";"512,000";"BR-101/RJ";"Decrescente";"Colisão traseira";1;0;1;0;0;0;0;0;0;0;5;0;0;0;0
"22/03/2024";"17:46:00";"509";"Sem vítima";"309,500";"BR-116/RJ";"Decrescente";"Colisão traseira";2;0;0;0;0;0;0;0;0;0;2;0;0;0;0
"22/03/2024";"17:49:00";"512";"Com vítima";"223,000";"BR-116/SP";"Decrescente";"Colisão traseira";1;0;0;1;0;0;0;0;0;0;1;1;0;0;0
"22/03/2024";"17:54:00";"516";"Sem vítima";"232,800";"BR-116/RJ";"Decrescente";"Choque";1;0;0;0;0;0;0;0;0;0;1;0;0;0;0
"22/03/2024";"18:40:00";"545";"Com vítima";"155,000";"BR-116/SP";"Decrescente";"Colisão traseira";2;0;0;0;0;0;0;0;0;0;4;2;0;0;0
"22/03/2024";"19:26:00";"569";"Com vítima";"56,000";"BR-116/SP";"Decrescente";"Acidentes de outra natureza";0;0;0;1;0;0;0;0;0;0;0;0;1;0;0
"22/03/2024";"19:26:00";"570";"Com vítima";"24,000";"BR-101/SP";"Decrescente";"Atropelamento de pedestre";1;0;0;0;0;0;0;0;0;0;0;1;0;0;0
"22/03/2024";"19:31:00";"534";"Com vítima";"225,000";"BR-116/SP";"Crescente";"Colisão lateral em sentido contrário";2;0;0;1;0;0;0;0;0;0;3;0;1;0;0
"22/03/2024";"19:37:00";"574";"Com vítima";"304,000";"BR-116/RJ";"Crescente";"Colisão traseira";2;0;0;0;0;0;0;0;0;0;0;1;0;0;0
"22/03/2024";"19:46:00";"577";"Com vítima";"223,000";"BR-116/SP";"Crescente";"Colisão lateral em sentido contrário";1;0;0;1;0;0;0;0;0;0;2;1;0;0;0
"22/03/2024";"21:42:00";"618";"Com vítima";"452,000";"BR-101/RJ";"Decrescente";"Choque";1;0;0;0;0;0;0;0;0;0;0;1;0;0;0
"22/03/2024";"22:56:00";"648";"Sem vítima";"203,000";"BR-116/SP";"Crescente";"Colisão traseira";1;0;1;0;0;0;0;0;0;0;2;0;0;0;0
"22/03/2024";"22:58:00";"649";"Sem vítima";"222,000";"BR-116/SP";"Decrescente";"Engavetamento";3;0;0;0;0;0;0;0;0;0;4;0;0;0;0
"23/03/2024";"00:07:00";"24";"Sem vítima";"116,200";"BR-116/SP";"Crescente";"Choque";1;0;0;0;0;0;0;0;0;0;0;0;0;0;0
"23/03/2024";"00:21:00";"27";"Sem vítima";"18,000";"BR-116/SP";"Decrescente";"Choque";0;0;0;0;0;0;0;0;0;2;0;0;0;0;0
"23/03/2024";"05:00:00";"73";"Sem vítima";"238,000";"BR-116/RJ";"Decrescente";"Choque";1;0;0;0;0;0;0;0;0;0;3;0;0;0;0
"23/03/2024";"06:02:00";"90";"Sem vítima";"27,000";"BR-116/SP";"Decrescente";"Choque";0;0;1;0;0;0;0;0;0;0;1;0;0;0;0
"23/03/2024";"06:09:00";"96";"Sem vítima";"28,000";"BR-116/SP";"Crescente";"Choque";0;0;2;0;0;0;0;0;0;0;0;0;0;0;0
"23/03/2024";"06:24:00";"101";"Sem vítima";"297,000";"BR-116/RJ";"Decrescente";"Colisão traseira";1;0;1;0;0;0;0;0;0;0;2;0;0;0;0
"23/03/2024";"07:41:00";"138";"Sem vítima";"435,000";"BR-101/RJ";"Decrescente";"Choque";1;0;0;0;0;0;0;0;0;0;1;0;0;0;0
"23/03/2024";"07:55:00";"146";"Sem vítima";"154,200";"BR-116/SP";"Crescente";"Colisão lateral em sentido contrário";1;0;0;0;0;0;0;1;0;0;0;0;0;0;0
"23/03/2024";"10:02:00";"198";"Com vítima";"261,500";"BR-116/RJ";"Decrescente";"Capotamento";1;0;0;0;0;0;0;0;0;0;0;1;0;0;0
"23/03/2024";"10:43:00";"215";"Sem vítima";"597,000";"BR-101/RJ";"Crescente";"Colisão lateral em sentido contrário";2;0;0;0;0;0;0;0;0;0;2;0;0;0;0
"23/03/2024";"13:21:00";"276";"Sem vítima";"221,000";"BR-116/SP";"Decrescente";"Colisão traseira";1;0;1;0;0;0;0;0;0;0;3;0;0;0;0
"23/03/2024";"14:01:00";"291";"Com vítima";"147,000";"BR-116/SP";"Crescente";"Colisão lateral em sentido contrário";1;0;0;0;0;0;0;0;0;0;1;2;0;0;0
"23/03/2024";"17:09:00";"359";"Sem vítima";"400,000";"BR-101/RJ";"Crescente";"Choque";1;0;0;0;0;0;0;0;0;0;0;0;0;0;0
"23/03/2024";"17:36:00";"369";"Com vítima";"83,000";"BR-116/SP";"Crescente";"Capotamento";1;0;0;0;0;0;0;0;0;0;0;2;0;0;0
"23/03/2024";"18:00:00";"377";"Sem vítima";"86,950";"BR-116/SP";"Crescente";"Engavetamento";4;0;0;0;0;0;0;0;0;0;7;0;0;0;0
"23/03/2024";"18:05:00";"381";"Sem vítima";"65,000";"BR-116/SP";"Decrescente";"Choque";1;0;0;0;0;0;0;0;0;0;1;0;0;0;0
"23/03/2024";"18:07:00";"382";"Sem vítima";"228,800";"BR-116/RJ";"Decrescente";"Choque";1;0;0;0;0;0;0;0;0;0;2;0;0;0;0
"23/03/2024";"19:16:00";"406";"Sem vítima";"596,000";"BR-101/RJ";"Decrescente";"Choque";1;0;0;0;0;0;0;0;0;0;1;0;0;0;0
"23/03/2024";"19:45:00";"420";"Com vítima";"49,000";"BR-101/SP";"Crescente";"Colisão traseira";3;0;0;0;0;0;0;0;0;0;4;0;1;0;0
"23/03/2024";"19:57:00";"422";"Sem vítima";"121,200";"BR-116/SP";"Crescente";"Capotamento";1;0;0;0;0;0;0;0;0;0;0;0;0;0;0
"23/03/2024";"21:03:00";"438";"Com vítima";"225,000";"BR-116/SP";"Decrescente";"Acidentes de outra natureza";0;0;0;1;0;0;0;0;0;0;0;1;0;0;0
"23/03/2024";"22:04:00";"456";"Sem vítima";"298,800";"BR-116/RJ";"Decrescente";"Colisão traseira";1;0;0;0;0;0;0;1;0;0;0;0;0;0;0
"23/03/2024";"23:39:00";"472";"Sem vítima";"251,600";"BR-116/RJ";"Crescente";"Choque";1;0;0;0;0;0;0;0;0;0;2;0;0;0;0
"24/03/2024";"00:00:00";"161";"Sem vítima";"540,000";"BR-101/RJ";"Crescente";"Choque";1;0;0;0;0;0;0;0;0;0;1;0;0;0;0
"24/03/2024";"03:52:00";"53";"Com vítima";"169,000";"BR-116/SP";"Decrescente";"Choque";1;0;0;0;0;0;0;0;0;0;0;1;0;0;0
"24/03/2024";"06:29:00";"78";"Com vítima";"87,900";"BR-116/SP";"Decrescente";"Colisão traseira";0;0;2;0;0;0;0;0;0;0;0;2;0;0;0
"24/03/2024";"06:52:00";"92";"Sem vítima";"191,100";"BR-116/SP";"Decrescente";"Acidentes de outra natureza";1;0;0;0;0;0;0;0;0;0;1;0;0;0;0
"24/03/2024";"06:53:00";"93";"Sem vítima";"187,200";"BR-116/SP";"Decrescente";"Choque";1;0;0;0;0;0;0;0;0;0;0;0;0;0;0
"24/03/2024";"07:59:00";"109";"Sem vítima";"224,950";"BR-116/RJ";"Crescente";"Choque";1;0;0;0;0;0;0;0;0;0;1;0;0;0;0
"24/03/2024";"08:07:00";"113";"Sem vítima";"465,000";"BR-101/RJ";"Crescente";"Choque";1;0;0;0;0;0;0;0;0;0;1;0;0;0;0
"24/03/2024";"08:44:00";"126";"Com vítima";"482,700";"BR-101/RJ";"Crescente";"Capotamento";1;0;0;0;0;0;0;0;0;0;0;1;1;0;0
"24/03/2024";"08:55:00";"132";"Sem vítima";"201,300";"BR-116/SP";"Decrescente";"Choque";1;0;0;0;0;0;0;0;0;0;1;0;0;0;0
"24/03/2024";"11:54:00";"189";"Sem vítima";"564,000";"BR-101/RJ";"Decrescente";"Capotamento";1;0;0;0;0;0;0;0;0;0;3;0;0;0;0
"24/03/2024";"13:12:00";"222";"Sem vítima";"136,000";"BR-116/SP";"Crescente";"Engavetamento";3;0;0;0;0;0;0;0;0;0;9;0;0;0;0
"24/03/2024";"13:27:00";"229";"Com vítima";"495,000";"BR-101/RJ";"Crescente";"Colisão lateral em sentido contrário";1;0;0;1;0;0;0;0;0;0;1;0;1;0;0
"24/03/2024";"14:16:00";"247";"Com vítima";"216,000";"BR-116/SP";"Crescente";"Colisão lateral em sentido contrário";1;0;0;1;0;0;0;0;0;0;1;1;0;0;0
"24/03/2024";"14:24:00";"251";"Com vítima";"215,900";"BR-116/SP";"Crescente";"Colisão traseira";1;0;0;1;0;0;0;0;0;0;1;0;1;0;0
"24/03/2024";"14:48:00";"262";"Sem vítima";"54,100";"BR-116/SP";"Crescente";"Choque";1;0;0;0;0;0;0;0;0;0;3;0;0;0;0
"24/03/2024";"15:27:00";"282";"Sem vítima";"521,000";"BR-101/RJ";"Decrescente";"Choque";1;0;0;0;0;0;0;0;0;0;1;0;0;0;0
"24/03/2024";"15:35:00";"285";"Sem vítima";"109,300";"BR-116/SP";"Decrescente";"Colisão lateral em sentido contrário";0;0;2;0;0;0;0;0;0;0;2;0;0;0;0
"24/03/2024";"15:51:00";"292";"Com vítima";"334,000";"BR-116/RJ";"Crescente";"Capotamento";1;0;0;0;0;0;0;0;0;0;0;0;1;0;0
"24/03/2024";"16:04:00";"293";"Com vítima";"521,000";"BR-101/RJ";"Decrescente";"Colisão traseira";1;0;1;0;0;0;0;0;0;0;1;0;1;0;0
"24/03/2024";"16:23:00";"302";"Com vítima";"51,000";"BR-116/SP";"Decrescente";"Engavetamento";2;0;0;1;0;0;0;0;0;0;2;2;0;0;0
"24/03/2024";"17:16:00";"320";"Sem vítima";"417,000";"BR-101/RJ";"Decrescente";"Choque";1;0;0;0;0;0;0;0;0;0;1;0;0;0;0
"24/03/2024";"18:25:00";"354";"Sem vítima";"407,000";"BR-101/RJ";"Decrescente";"Colisão traseira";1;0;0;0;0;0;0;0;0;0;0;0;0;0;0
"24/03/2024";"19:04:00";"373";"Sem vítima";"491,700";"BR-101/RJ";"Crescente";"Capotamento";1;0;0;0;0;0;0;0;0;0;1;0;0;0;0
"24/03/2024";"19:04:00";"374";"Com vítima";"596,000";"BR-101/RJ";"Decrescente";"Capotamento";1;0;0;0;0;0;0;0;0;0;0;1;0;0;0
"24/03/2024";"19:52:00";"392";"Com vítima";"559,000";"BR-101/RJ";"Crescente";"Choque";0;0;0;1;0;0;0;0;0;0;0;1;0;0;0
"24/03/2024";"20:44:00";"414";"Sem vítima";"220,700";"BR-116/RJ";"Decrescente";"Colisão traseira";2;0;0;0;0;0;0;0;0;0;6;0;0;0;0
"24/03/2024";"20:50:00";"416";"Sem vítima";"276,000";"BR-116/RJ";"Decrescente";"Choque";1;0;0;0;0;0;0;0;0;0;1;0;0;0;0
"24/03/2024";"20:51:00";"417";"Com vítima";"483,000";"BR-101/RJ";"Decrescente";"Engavetamento";3;0;0;0;0;0;0;0;0;2;2;2;1;0;0
"24/03/2024";"21:12:00";"425";"Sem vítima";"437,000";"BR-101/RJ";"Crescente";"Choque";1;0;0;0;0;0;0;0;0;0;1;0;0;0;0
"24/03/2024";"22:30:00";"444";"Sem vítima";"425,000";"BR-101/RJ";"Decrescente";"Colisão traseira";1;0;0;0;0;0;0;0;0;0;1;0;0;0;0
"25/03/2024";"01:09:00";"37";"Sem vítima";"146,000";"BR-116/SP";"Decrescente";"Colisão traseira";2;0;0;0;0;0;0;0;0;0;2;0;0;0;0
"25/03/2024";"01:17:00";"40";"Com vítima";"527,000";"BR-101/RJ";"Decrescente";"Choque";1;0;0;0;0;0;0;0;0;0;0;1;0;0;0
"25/03/2024";"01:42:00";"43";"Com vítima";"170,100";"BR-116/SP";"Crescente";"Colisão traseira";0;0;2;0;0;0;0;0;0;0;1;1;0;0;0
"25/03/2024";"05:09:00";"72";"Com vítima";"407,000";"BR-101/RJ";"Crescente";"Atropelamento de pedestre";0;0;0;0;0;0;0;0;0;1;1;1;0;0;0
"25/03/2024";"05:46:00";"85";"Com vítima";"19,700";"BR-116/SP";"Crescente";"Colisão traseira";0;0;2;0;0;0;0;0;0;0;0;2;0;0;0
"25/03/2024";"06:17:00";"102";"Com vítima";"54,000";"BR-116/SP";"Crescente";"Colisão traseira";1;0;0;0;0;0;0;0;0;0;1;1;0;0;0
"25/03/2024";"06:29:00";"112";"Com vítima";"190,000";"BR-116/SP";"Decrescente";"Acidentes de outra natureza";1;0;0;0;0;0;0;0;0;0;0;1;0;0;0
"25/03/2024";"06:54:00";"127";"Com vítima";"251,000";"BR-116/RJ";"Crescente";"Tombamento";1;0;0;0;0;0;0;0;0;0;0;1;0;0;0
"25/03/2024";"07:57:00";"175";"Com vítima";"214,000";"BR-116/SP";"Decrescente";"Colisão lateral em sentido contrário";1;0;0;1;0;0;0;0;0;0;1;1;0;0;0
"25/03/2024";"08:05:00";"181";"Sem vítima";"223,000";"BR-116/SP";"Crescente";"Colisão traseira";2;0;0;0;0;0;0;0;0;0;2;0;0;0;0
"25/03/2024";"08:16:00";"190";"Com vítima";"45,000";"BR-101/SP";"Decrescente";"Colisão lateral em sentido contrário";1;0;0;1;0;0;0;0;0;0;1;1;0;0;0
"25/03/2024";"08:47:00";"214";"Sem vítima";"233,700";"BR-116/RJ";"Decrescente";"Colisão traseira";0;0;2;0;0;0;0;0;0;0;0;0;0;0;0
"25/03/2024";"10:49:00";"300";"Sem vítima";"160,200";"BR-116/SP";"Decrescente";"Colisão traseira";0;0;1;0;1;0;0;0;0;0;2;0;0;0;0
"25/03/2024";"11:37:00";"322";"Sem vítima";"472,000";"BR-101/RJ";"Crescente";"Colisão traseira";2;0;0;0;0;0;0;0;0;0;2;0;0;0;0
"25/03/2024";"15:18:00";"448";"Sem vítima";"307,200";"BR-116/RJ";"Crescente";"Colisão lateral em sentido contrário";1;0;0;0;0;0;0;0;0;0;4;0;0;0;0
"25/03/2024";"15:51:00";"466";"Sem vítima";"154,000";"BR-116/SP";"Decrescente";"Colisão lateral em sentido contrário";1;0;1;0;0;0;0;0;0;0;2;0;0;0;0
"25/03/2024";"17:22:00";"526";"Sem vítima";"125,000";"BR-116/SP";"Crescente";"Colisão traseira";2;0;0;0;0;0;0;0;0;0;1;0;0;0;0
"25/03/2024";"18:22:00";"569";"Com vítima";"147,700";"BR-116/SP";"Decrescente";"Colisão traseira";1;0;0;1;0;0;0;0;0;0;1;1;0;0;0
"25/03/2024";"18:56:00";"584";"Com vítima";"98,000";"BR-116/SP";"Crescente";"Acidentes de outra natureza";0;0;0;1;0;0;0;0;0;0;0;1;0;0;0
"25/03/2024";"19:42:00";"616";"Com vítima";"487,000";"BR-101/RJ";"Crescente";"Atropelamento de pedestre";1;0;0;0;0;0;0;0;0;0;1;1;0;0;0
"25/03/2024";"20:06:00";"629";"Com vítima";"83,500";"BR-116/SP";"Decrescente";"Colisão traseira";1;0;0;1;0;0;0;0;0;0;1;1;0;0;0
"25/03/2024";"20:59:00";"653";"Sem vítima";"496,000";"BR-101/RJ";"Crescente";"Choque";1;0;0;0;0;0;0;0;0;0;0;0;0;0;0
"25/03/2024";"21:44:00";"671";"Com vítima";"597,000";"BR-101/RJ";"Decrescente";"Atropelamento de pedestre";0;0;0;0;0;0;0;0;0;0;0;0;0;1;0
"25/03/2024";"21:55:00";"676";"Sem vítima";"229,700";"BR-116/RJ";"Decrescente";"Colisão traseira";1;0;0;0;0;0;0;0;0;0;3;0;0;0;0
"25/03/2024";"22:51:00";"693";"Sem vítima";"127,100";"BR-116/SP";"Decrescente";"Atropelamento de pedestre";1;0;0;0;0;0;0;0;0;0;1;0;0;0;0