data;horario;n_da_ocorrencia;tipo_de_ocorrencia;km;trecho;sentido;tipo_de_acidente;automovel;bicicleta;caminhao;moto;onibus;outros;tracao_animal;transporte_de_cargas_especiais;trator_maquinas;utilitarios;ilesos;levemente_feridos;moderadamente_feridos;gravemente_feridos;mortos
"25/03/2024";"23:05:00";"705";"Com vítima";"98,400";"BR-116/SP";"Crescente";"Acidentes de outra natureza";1;0;0;0;0;0;0;0;0;0;0;2;0;0;0
"25/03/2024";"23:54:00";"706";"Sem vítima";"225,000";"BR-116/SP";"Crescente";"Colisão lateral em sentido contrário";1;0;0;0;0;0;0;0;0;0;1;0;0;0;0
"26/03/2024";"01:10:00";"40";"Com vítima";"28,000";"BR-116/SP";"Decrescente";"Colisão traseira";0;0;0;0;1;0;0;0;0;0;21;2;1;0;0
"26/03/2024";"02:05:00";"46";"Com vítima";"313,800";"BR-116/RJ";"Decrescente";"Choque";1;0;0;0;0;0;0;0;0;0;0;1;0;0;0
"26/03/2024";"08:01:00";"198";"Com vítima";"210,000";"BR-116/SP";"Decrescente";"Engavetamento";4;0;0;0;0;0;0;0;0;0;7;1;0;0;0
"26/03/2024";"08:15:00";"204";"Sem vítima";"279,100";"BR-116/RJ";"Crescente";"Engavetamento";2;0;1;0;0;0;0;0;0;0;5;0;0;0;0
"26/03/2024";"09:07:00";"253";"Sem vítima";"249,000";"BR-116/RJ";"Crescente";"Choque";1;0;0;0;0;0;0;0;0;0;1;0;0;0;0
"26/03/2024";"10:47:00";"334";"Sem vítima";"219,000";"BR-116/SP";"Decrescente";"Colisão lateral em sentido contrário";1;0;1;0;0;0;0;0;0;0;2;0;0;0;0
"26/03/2024";"12:18:00";"378";"Sem vítima";"218,000";"BR-116/SP";"Decrescente";"Colisão lateral em sentido contrário";1;0;1;0;0;0;0;0;0;0;5;0;0;0;0
"26/03/2024";"12:52:00";"390";"Com vítima";"216,000";"BR-116/SP";"Crescente";"Choque";1;0;0;0;0;0;0;0;0;0;0;1;0;0;0
"26/03/2024";"13:15:00";"402";"Com vítima";"86,950";"BR-116/SP";"Crescente";"Choque";1;0;0;0;0;0;0;0;0;0;1;2;0;0;0
"26/03/2024";"16:34:00";"519";"Sem vítima";"204,300";"BR-116/SP";"Decrescente";"Colisão lateral em sentido contrário";1;0;1;0;0;0;0;0;0;0;3;0;0;0;0
"26/03/2024";"17:09:00";"544";"Com vítima";"209,000";"BR-116/SP";"Decrescente";"Acidentes de outra natureza";0;0;0;1;0;0;0;0;0;0;1;1;0;0;0
"26/03/2024";"18:19:00";"579";"Sem vítima";"427,000";"BR-101/RJ";"Crescente";"Colisão lateral em sentido contrário";3;0;0;0;0;0;0;0;0;0;3;0;0;0;0
"26/03/2024";"18:57:00";"600";"Sem vítima";"3,400";"BR-116/SP";"Crescente";"Colisão traseira";1;0;0;0;0;0;0;0;0;0;2;0;0;0;0
"26/03/2024";"19:27:00";"610";"Com vítima";"387,000";"BR-101/RJ";"Decrescente";"Acidentes de outra natureza";0;0;0;1;0;0;0;0;0;0;1;0;1;0;0
"26/03/2024";"19:55:00";"626";"Sem vítima";"220,000";"BR-116/SP";"Decrescente";"Colisão traseira";2;0;0;0;0;0;0;0;0;0;5;0;0;0;0
"26/03/2024";"22:30:00";"700";"Sem vítima";"231,000";"BR-116/SP";"Decrescente";"Colisão lateral em sentido contrário";1;0;0;0;0;0;0;1;0;0;3;0;0;0;0
"27/03/2024";"00:00:00";"472";"Com vítima";"499,000";"BR-101/RJ";"Decrescente";"Choque";1;0;0;0;0;0;0;0;0;0;0;1;0;0;0
"27/03/2024";"00:04:00";"23";"Com vítima";"35,000";"BR-116/SP";"Crescente";"Colisão traseira";0;0;2;0;0;0;0;0;0;0;0;1;0;0;0
"27/03/2024";"02:42:00";"44";"Sem vítima";"382,000";"BR-101/RJ";"Decrescente";"Choque";1;0;0;0;0;0;0;0;0;0;1;0;0;0;0
"27/03/2024";"05:20:00";"89";"Com vítima";"456,000";"BR-101/RJ";"Crescente";"Capotamento";1;0;0;0;0;0;0;0;0;0;0;1;0;0;0
"27/03/2024";"06:10:00";"114";"Com vítima";"227,000";"BR-116/SP";"Crescente";"Acidentes de outra natureza";0;0;0;1;0;0;0;0;0;0;0;1;0;0;0
"27/03/2024";"07:20:00";"151";"Com vítima";"36,700";"BR-116/SP";"Crescente";"Engavetamento";3;0;0;0;0;0;0;0;0;0;5;1;0;0;0
"27/03/2024";"07:20:00";"168";"Sem vítima";"22,100";"BR-116/SP";"Crescente";"Choque";1;0;0;0;0;0;0;0;0;0;2;0;0;0;0
"27/03/2024";"10:11:00";"305";"Com vítima";"384,000";"BR-101/RJ";"Decrescente";"Engavetamento";3;0;0;0;0;0;0;0;0;0;2;1;0;0;0
"27/03/2024";"10:40:00";"318";"Com vítima";"218,800";"BR-116/SP";"Crescente";"Colisão traseira";3;0;0;0;0;0;0;0;0;0;5;1;1;0;0
"27/03/2024";"11:04:00";"330";"Sem vítima";"101,000";"BR-116/SP";"Decrescente";"Queda de moto";0;0;0;1;0;0;0;0;0;0;0;0;0;0;0
"27/03/2024";"13:48:00";"424";"Com vítima";"26,000";"BR-116/SP";"Crescente";"Choque";1;0;0;0;0;0;0;0;0;0;0;1;1;0;0
"27/03/2024";"13:56:00";"431";"Sem vítima";"44,000";"BR-101/SP";"Crescente";"Capotamento";1;0;0;0;0;0;0;0;0;0;2;0;0;0;0
"27/03/2024";"14:16:00";"440";"Sem vítima";"156,000";"BR-116/SP";"Crescente";"Colisão traseira";1;0;0;0;0;0;0;0;0;0;1;0;0;0;0
"27/03/2024";"14:24:00";"446";"Sem vítima";"299,000";"BR-116/RJ";"Decrescente";"Colisão lateral em sentido contrário";2;0;0;0;0;0;0;0;0;0;6;0;0;0;0
"27/03/2024";"14:42:00";"455";"Sem vítima";"299,000";"BR-116/RJ";"Decrescente";"Colisão traseira";2;0;0;0;0;0;0;0;0;0;5;0;0;0;0
"27/03/2024";"14:52:00";"459";"Com vítima";"150,000";"BR-116/SP";"Crescente";"Colisão traseira";1;0;1;0;0;0;0;0;0;0;1;1;0;0;0
"27/03/2024";"15:09:00";"467";"Com vítima";"216,000";"BR-116/SP";"Decrescente";"Colisão lateral em sentido contrário";1;0;0;1;0;0;0;0;0;0;4;0;1;0;0
"27/03/2024";"15:46:00";"487";"Com vítima";"495,000";"BR-101/RJ";"Crescente";"Colisão frontal";1;0;1;1;0;0;0;0;0;0;0;1;1;1;0
"27/03/2024";"16:15:00";"505";"Com vítima";"226,000";"BR-116/RJ";"Decrescente";"Acidentes de outra natureza";0;0;0;1;0;0;0;0;0;0;0;0;1;0;0
"27/03/2024";"16:41:00";"512";"Com vítima";"107,000";"BR-116/SP";"Decrescente";"Engavetamento";1;0;1;0;1;0;0;0;0;0;28;1;0;0;0
"27/03/2024";"18:03:00";"555";"Com vítima";"218,000";"BR-116/SP";"Crescente";"Colisão lateral em sentido contrário";1;0;0;1;0;0;0;0;0;0;1;3;0;0;0
"27/03/2024";"19:04:00";"593";"Com vítima";"224,000";"BR-116/SP";"Decrescente";"Colisão lateral em sentido contrário";1;0;0;1;0;0;0;0;0;0;1;2;0;0;0
"27/03/2024";"19:32:00";"612";"Sem vítima";"216,000";"BR-116/SP";"Decrescente";"Engavetamento";1;0;0;0;0;0;0;1;0;1;3;0;0;0;0
"27/03/2024";"20:19:00";"633";"Sem vítima";"146,000";"BR-116/SP";"Decrescente";"Choque";0;0;0;0;0;0;0;0;0;1;1;0;0;0;0
"27/03/2024";"22:44:00";"702";"Sem vítima";"146,500";"BR-116/SP";"Decrescente";"Engavetamento";4;0;0;0;0;0;0;0;0;1;20;0;0;0;0
"28/03/2024";"00:00:00";"394";"Sem vítima";"225,800";"BR-116/RJ";"Crescente";"Choque";1;0;0;0;0;0;0;0;0;0;1;0;0;0;0
"28/03/2024";"00:00:00";"429";"Com vítima";"476,000";"BR-101/RJ";"Crescente";"Colisão lateral em sentido contrário";1;0;0;1;0;0;0;0;0;0;0;2;0;0;0
"28/03/2024";"03:09:00";"56";"Sem vítima";"492,000";"BR-101/RJ";"Decrescente";"Choque";1;0;0;0;0;0;0;0;0;0;1;0;0;0;0
"28/03/2024";"03:16:00";"58";"Sem vítima";"93,500";"BR-116/SP";"Decrescente";"Atropelamento de pedestre";0;0;0;0;1;0;0;0;0;0;0;0;0;0;0
"28/03/2024";"06:40:00";"114";"Com vítima";"204,300";"BR-116/SP";"Decrescente";"Acidentes de outra natureza";0;0;0;1;0;0;0;0;0;0;0;1;0;0;0
"28/03/2024";"07:01:00";"134";"Sem vítima";"102,000";"BR-116/SP";"Decrescente";"Acidentes de outra natureza";1;0;0;0;0;0;0;0;0;0;0;0;0;0;0
"28/03/2024";"07:11:00";"145";"Sem vítima";"103,900";"BR-116/SP";"Decrescente";"Engavetamento";3;0;0;0;0;0;0;0;0;0;2;0;0;0;0
"28/03/2024";"07:27:00";"159";"Com vítima";"220,000";"BR-116/SP";"Decrescente";"Engavetamento";2;0;0;1;0;0;0;0;0;0;2;1;0;0;0
"28/03/2024";"07:59:00";"179";"Sem vítima";"101,200";"BR-116/SP";"Decrescente";"Colisão traseira";1;0;0;0;0;0;0;0;0;0;1;0;0;0;0
"28/03/2024";"08:24:00";"194";"Com vítima";"210,000";"BR-116/SP";"Decrescente";"Engavetamento";0;0;0;1;0;0;0;0;0;1;1;0;1;0;0
"28/03/2024";"08:59:00";"217";"Sem vítima";"135,100";"BR-116/SP";"Crescente";"Colisão traseira";1;0;1;0;0;0;0;0;0;0;2;0;0;0;0
"28/03/2024";"09:01:00";"219";"Sem vítima";"236,000";"BR-116/RJ";"Decrescente";"Choque";0;0;1;0;0;0;0;0;0;0;1;0;0;0;0
"28/03/2024";"09:12:00";"225";"Com vítima";"234,000";"BR-116/RJ";"Decrescente";"Capotamento";1;0;0;0;0;0;0;0;0;0;0;2;0;0;0
"28/03/2024";"09:45:00";"252";"Sem vítima";"201,000";"BR-116/SP";"Crescente";"Colisão lateral em sentido contrário";1;0;1;0;0;0;0;0;0;0;0;0;0;0;0
"28/03/2024";"10:08:00";"269";"Sem vítima";"232,000";"BR-116/RJ";"Decrescente";"Choque";1;0;0;0;0;0;0;0;0;0;2;0;0;0;0
"28/03/2024";"10:44:00";"289";"Sem vítima";"413,000";"BR-101/RJ";"Decrescente";"Acidentes de outra natureza";1;0;0;0;0;0;0;0;0;0;1;0;0;0;0
"28/03/2024";"10:52:00";"290";"Sem vítima";"101,500";"BR-116/SP";"Crescente";"Colisão traseira";1;0;1;0;0;0;0;0;0;0;2;0;0;0;0
"28/03/2024";"10:53:00";"291";"Sem vítima";"137,000";"BR-116/SP";"Crescente";"Engavetamento";2;0;0;0;0;0;0;0;0;0;2;0;0;0;0
"28/03/2024";"12:59:00";"355";"Sem vítima";"239,100";"BR-116/RJ";"Decrescente";"Colisão traseira";0;0;1;0;0;0;0;1;0;0;2;0;0;0;0
"28/03/2024";"12:59:00";"357";"Sem vítima";"69,300";"BR-116/SP";"Crescente";"Choque";1;0;0;0;0;0;0;0;0;0;1;0;0;0;0
"28/03/2024";"13:24:00";"371";"Com vítima";"221,350";"BR-116/SP";"Decrescente";"Colisão traseira";0;0;0;1;0;0;0;0;0;1;1;1;0;0;0
"28/03/2024";"13:45:00";"384";"Sem vítima";"206,000";"BR-116/SP";"Crescente";"Engavetamento";4;0;0;0;0;0;0;0;0;0;4;0;0;0;0
"28/03/2024";"14:24:00";"408";"Sem vítima";"231,000";"BR-116/SP";"Crescente";"Choque";1;0;0;0;0;0;0;0;0;0;1;0;0;0;0
"28/03/2024";"15:09:00";"431";"Sem vítima";"269,700";"BR-116/RJ";"Decrescente";"Choque";1;0;0;0;0;0;0;0;0;0;1;0;0;0;0
"28/03/2024";"15:37:00";"451";"Sem vítima";"295,000";"BR-116/RJ";"Crescente";"Choque";1;0;0;0;0;0;0;0;0;0;1;0;0;0;0
"28/03/2024";"16:11:00";"473";"Sem vítima";"432,000";"BR-101/RJ";"Decrescente";"Choque";1;0;0;0;0;0;0;0;0;0;2;0;0;0;0
"28/03/2024";"16:21:00";"477";"Sem vítima";"220,000";"BR-116/RJ";"Decrescente";"Acidentes de outra natureza";1;0;0;0;0;0;0;0;0;0;0;0;0;0;0
"28/03/2024";"16:37:00";"491";"Sem vítima";"157,000";"BR-116/SP";"Decrescente";"Colisão traseira";2;0;0;0;0;0;0;0;0;0;2;0;0;0;0
"28/03/2024";"16:41:00";"492";"Sem vítima";"208,000";"BR-116/SP";"Crescente";"Colisão lateral em sentido contrário";1;0;0;0;0;0;0;0;0;0;2;0;0;0;0
"28/03/2024";"16:53:00";"505";"Com vítima";"489,000";"BR-101/RJ";"Decrescente";"Atropelamento de pedestre";1;1;0;0;0;0;0;0;0;0;1;0;0;0;0
"28/03/2024";"17:02:00";"510";"Sem vítima";"226,000";"BR-116/RJ";"Decrescente";"Choque";1;0;0;0;0;0;0;0;0;0;1;0;0;0;0
"28/03/2024";"17:18:00";"514";"Sem vítima";"293,700";"BR-116/RJ";"Crescente";"Choque";0;0;0;0;0;0;0;1;0;0;1;0;0;0;0
"28/03/2024";"17:50:00";"528";"Sem vítima";"43,000";"BR-101/SP";"Crescente";"Choque";1;0;0;0;0;0;0;0;0;0;1;0;0;0;0
"28/03/2024";"17:54:00";"530";"Sem vítima";"388,100";"BR-101/RJ";"Crescente";"Tombamento";0;0;1;0;0;0;0;0;0;0;1;0;0;0;0
"28/03/2024";"18:18:00";"543";"Sem vítima";"134,000";"BR-116/SP";"Decrescente";"Colisão traseira";2;0;0;0;0;0;0;0;0;0;2;0;0;0;0
"28/03/2024";"18:34:00";"557";"Sem vítima";"485,000";"BR-101/RJ";"Crescente";"Colisão traseira";1;0;0;1;0;0;0;0;0;0;4;0;0;0;0
"28/03/2024";"19:43:00";"618";"Sem vítima";"88,500";"BR-116/SP";"Decrescente";"Colisão traseira";1;0;0;0;0;0;0;0;0;0;1;0;0;0;0
"28/03/2024";"19:53:00";"624";"Com vítima";"164,000";"BR-116/SP";"Decrescente";"Engavetamento";3;0;0;0;0;0;0;0;0;0;2;1;0;0;0
"28/03/2024";"20:38:00";"654";"Com vítima";"224,000";"BR-116/SP";"Decrescente";"Engavetamento";3;0;0;0;0;0;0;0;0;0;2;1;0;0;0
"28/03/2024";"21:18:00";"681";"Sem vítima";"261,670";"BR-116/RJ";"Decrescente";"Colisão traseira";0;0;1;0;0;0;0;0;0;1;2;0;0;0;0
"28/03/2024";"21:29:00";"686";"Com vítima";"221,000";"BR-116/SP";"Decrescente";"Colisão lateral em sentido contrário";1;0;0;1;0;0;0;0;0;0;3;2;0;0;0
"28/03/2024";"21:44:00";"695";"Sem vítima";"335,000";"BR-116/RJ";"Decrescente";"Choque";1;0;0;0;0;0;0;0;0;0;1;0;0;0;0
"28/03/2024";"21:45:00";"696";"Sem vítima";"324,000";"BR-116/RJ";"Decrescente";"Choque";1;0;0;0;0;0;0;0;0;0;2;0;0;0;0
"28/03/2024";"21:53:00";"700";"Sem vítima";"164,300";"BR-116/SP";"Decrescente";"Colisão lateral em sentido contrário";2;0;0;0;0;0;0;0;0;0;4;0;0;0;0
"28/03/2024";"22:33:00";"714";"Com vítima";"227,000";"BR-116/SP";"Decrescente";"Colisão traseira";1;0;0;1;0;0;0;0;0;0;1;1;0;0;0
"28/03/2024";"23:20:00";"740";"Sem vítima";"213,600";"BR-116/SP";"Crescente";"Choque";1;0;0;0;0;0;0;0;0;0;1;0;0;0;0
"28/03/2024";"23:23:00";"742";"Sem vítima";"64,900";"BR-116/SP";"Decrescente";"Choque";1;0;0;0;0;0;0;0;0;0;3;0;0;0;0
"29/03/2024";"00:32:00";"38";"Com vítima";"520,000";"BR-101/RJ";"Crescente";"Choque";1;0;0;0;0;0;0;0;0;0;0;4;0;0;0
"29/03/2024";"01:20:00";"56";"Sem vítima";"179,000";"BR-116/SP";"Decrescente";"Choque";1;0;0;0;0;0;0;1;0;1;3;0;0;0;0
"29/03/2024";"01:39:00";"62";"Com vítima";"485,000";"BR-101/RJ";"Crescente";"Choque";1;0;0;0;0;0;0;0;0;0;1;0;1;0;0
"29/03/2024";"03:49:00";"91";"Sem vítima";"38,000";"BR-116/SP";"Decrescente";"Choque";1;0;0;0;0;0;0;0;0;0;2;0;0;0;0
"29/03/2024";"08:37:00";"226";"Sem vítima";"117,000";"BR-116/SP";"Decrescente";"Acidentes de outra natureza";0;0;0;1;0;0;0;0;0;0;1;0;0;0;0
"29/03/2024";"14:03:00";"433";"Sem vítima";"144,600";"BR-116/SP";"Decrescente";"Colisão traseira";2;0;0;0;0;0;0;0;0;0;2;0;0;0;0
"29/03/2024";"14:22:00";"442";"Sem vítima";"226,000";"BR-116/RJ";"Decrescente";"Choque";1;0;0;0;0;0;0;0;0;0;1;0;0;0;0
"29/03/2024";"14:30:00";"448";"Sem vítima";"226,000";"BR-116/RJ";"Decrescente";"Choque";0;0;1;0;0;0;0;0;0;0;1;0;0;0;0
"29/03/2024";"18:23:00";"565";"Sem vítima";"145,000";"BR-116/SP";"Crescente";"Choque";1;0;0;0;0;0;0;0;0;0;1;0;0;0;0
"29/03/2024";"19:45:00";"610";"Sem vítima";"2,000";"BR-116/SP";"Decrescente";"Choque";1;0;0;0;0;0;0;0;0;0;1;0;0;0;0
"29/03/2024";"19:57:00";"612";"Sem vítima";"62,000";"BR-116/SP";"Crescente";"Colisão lateral em sentido contrário";2;0;0;0;2;0;0;0;0;0;74;0;0;0;0
"29/03/2024";"20:48:00";"633";"Sem vítima";"117,750";"BR-116/SP";"Decrescente";"Choque";1;0;0;0;0;0;0;0;0;0;2;0;0;0;0
"29/03/2024";"22:00:00";"658";"Sem vítima";"539,000";"BR-101/RJ";"Decrescente";"Choque";1;0;0;0;0;0;0;0;0;0;3;0;0;0;0
"29/03/2024";"23:22:00";"684";"Com vítima";"552,000";"BR-101/RJ";"Decrescente";"Colisão traseira";2;0;0;0;0;0;0;0;0;0;0;5;2;0;0
"30/03/2024";"00:00:00";"486";"Com vítima";"43,000";"BR-101/SP";"Crescente";"Colisão lateral em sentido contrário";1;0;0;1;0;0;0;0;0;0;2;1;0;0;0
"30/03/2024";"03:34:00";"50";"Sem vítima";"484,000";"BR-101/RJ";"Decrescente";"Choque";1;0;0;0;0;0;0;0;0;0;1;0;0;0;0
"30/03/2024";"05:05:00";"73";"Com vítima";"195,800";"BR-116/SP";"Crescente";"Choque";0;0;0;0;0;0;0;0;0;1;0;0;1;0;0
"30/03/2024";"08:24:00";"183";"Com vítima";"386,000";"BR-101/RJ";"Crescente";"Colisão lateral em sentido contrário";1;0;1;0;0;0;0;0;0;0;2;0;1;0;0
"30/03/2024";"08:37:00";"189";"Sem vítima";"15,000";"BR-116/SP";"Crescente";"Choque";0;0;1;0;0;0;0;0;0;0;1;0;0;0;0
"30/03/2024";"12:02:00";"332";"Sem vítima";"213,000";"BR-116/SP";"Decrescente";"Colisão traseira";1;0;0;0;0;0;0;0;0;1;2;0;0;0;0
"30/03/2024";"14:06:00";"394";"Com vítima";"226,600";"BR-116/SP";"Decrescente";"Atropelamento de pedestre";0;0;0;0;0;0;0;0;0;0;0;0;0;0;0
"30/03/2024";"14:31:00";"409";"Sem vítima";"245,000";"BR-116/RJ";"Decrescente";"Choque";1;0;0;0;0;0;0;0;0;0;1;0;0;0;0
"30/03/2024";"15:18:00";"437";"Sem vítima";"287,000";"BR-116/RJ";"Decrescente";"Choque";1;0;0;0;0;0;0;0;0;0;1;0;0;0;0
"30/03/2024";"16:02:00";"474";"Sem vítima";"146,000";"BR-116/SP";"Crescente";"Engavetamento";3;0;0;0;0;0;0;0;0;0;3;0;0;0;0
"30/03/2024";"17:33:00";"523";"Sem vítima";"80,000";"BR-116/SP";"Crescente";"Colisão lateral em sentido contrário";2;0;0;0;0;0;0;0;0;0;0;0;0;0;0
"30/03/2024";"17:33:00";"524";"Sem vítima";"280,500";"BR-116/RJ";"Crescente";"Choque";1;0;0;0;0;0;0;0;0;0;1;0;0;0;0
"30/03/2024";"18:40:00";"550";"Sem vítima";"33,100";"BR-116/SP";"Crescente";"Atropelamento de pedestre";1;0;1;0;0;0;0;0;0;0;0;0;0;0;0
"30/03/2024";"18:46:00";"554";"Com vítima";"151,000";"BR-116/SP";"Crescente";"Colisão lateral em sentido contrário";1;0;1;0;0;0;0;0;0;0;1;0;2;0;0
"30/03/2024";"19:04:00";"564";"Com vítima";"48,700";"BR-101/SP";"Crescente";"Colisão lateral em sentido contrário";1;0;0;0;0;0;0;0;0;0;1;1;0;0;0
"30/03/2024";"19:05:00";"565";"Sem vítima";"34,000";"BR-116/SP";"Decrescente";"Choque";0;0;1;0;0;0;0;0;0;0;0;0;0;0;0
"30/03/2024";"19:28:00";"580";"Com vítima";"209,000";"BR-116/SP";"Decrescente";"Colisão traseira";1;0;0;1;0;0;0;0;0;0;1;0;1;0;0
"30/03/2024";"20:43:00";"612";"Sem vítima";"158,500";"BR-116/SP";"Crescente";"Choque";1;0;0;0;0;0;0;0;0;0;1;0;0;0;0
"30/03/2024";"21:33:00";"631";"Sem vítima";"243,000";"BR-116/RJ";"Decrescente";"Colisão lateral em sentido contrário";1;0;0;0;0;0;0;0;0;0;1;0;0;0;0
"30/03/2024";"22:50:00";"666";"Sem vítima";"208,000";"BR-116/SP";"Decrescente";"Choque";1;0;0;0;0;0;0;0;0;0;0;0;0;0;0
"30/03/2024";"22:59:00";"673";"Com vítima";"51,000";"BR-101/SP";"Crescente";"Colisão frontal";1;0;0;1;0;0;0;0;0;0;3;1;0;0;0
"31/03/2024";"02:38:00";"46";"Com vítima";"147,700";"BR-116/SP";"Crescente";"Engavetamento";3;0;0;0;0;0;0;0;0;0;2;1;2;0;0
"31/03/2024";"02:51:00";"53";"Sem vítima";"202,000";"BR-116/SP";"Decrescente";"Choque";1;0;0;0;0;0;0;0;0;0;1;0;0;0;0
"31/03/2024";"04:51:00";"73";"Com vítima";"424,900";"BR-101/RJ";"Crescente";"Atropelamento de pedestre";1;0;0;0;0;0;0;0;0;0;1;0;0;1;0
"31/03/2024";"05:41:00";"84";"Com vítima";"88,000";"BR-116/SP";"Decrescente";"Colisão traseira";1;0;0;0;1;0;0;0;0;0;45;0;3;0;0
"31/03/2024";"08:33:00";"161";"Com vítima";"153,400";"BR-116/SP";"Decrescente";"Acidentes de outra natureza";0;0;0;1;0;0;0;0;0;0;0;2;0;0;0
"31/03/2024";"08:49:00";"170";"Com vítima";"31,000";"BR-101/SP";"Decrescente";"Atropelamento de pedestre";1;0;0;0;0;0;0;0;0;0;1;0;1;0;0
"31/03/2024";"12:28:00";"269";"Sem vítima";"145,900";"BR-116/SP";"Crescente";"Engavetamento";5;0;0;0;0;0;0;0;0;0;13;0;0;0;0
"31/03/2024";"13:07:00";"294";"Sem vítima";"171,500";"BR-116/SP";"Decrescente";"Capotamento";0;0;1;0;0;0;0;0;0;0;2;0;0;0;0
"31/03/2024";"13:10:00";"295";"Sem vítima";"210,000";"BR-116/SP";"Crescente";"Colisão lateral em sentido contrário";0;0;0;1;0;0;0;0;0;0;1;0;0;0;0
"31/03/2024";"14:17:00";"326";"Sem vítima";"101,000";"BR-116/SP";"Crescente";"Engavetamento";6;0;0;0;0;0;0;0;0;0;19;0;0;0;0
"31/03/2024";"14:55:00";"345";"Sem vítima";"102,800";"BR-116/SP";"Crescente";"Engavetamento";1;0;0;0;0;0;0;0;0;0;1;0;0;0;0
"31/03/2024";"15:09:00";"352";"Com vítima";"99,200";"BR-116/SP";"Crescente";"Colisão traseira";0;0;0;1;0;0;0;0;0;0;0;0;2;0;0
"31/03/2024";"15:28:00";"407";"Sem vítima";"86,950";"BR-116/SP";"Decrescente";"Colisão traseira";0;0;2;0;0;0;0;0;0;0;1;0;0;0;0
"31/03/2024";"15:43:00";"372";"Sem vítima";"99,200";"BR-116/SP";"Crescente";"Colisão traseira";2;0;0;0;0;0;0;0;0;0;2;0;0;0;0
"31/03/2024";"16:50:00";"428";"Com vítima";"176,000";"BR-116/SP";"Crescente";"Capotamento";1;0;0;0;0;0;0;0;0;0;3;1;0;0;0
"31/03/2024";"16:59:00";"432";"Sem vítima";"89,900";"BR-116/SP";"Crescente";"Colisão traseira";1;0;0;0;0;0;0;0;0;0;1;0;0;0;0
"31/03/2024";"17:16:00";"443";"Sem vítima";"284,000";"BR-116/RJ";"Crescente";"Engavetamento";3;0;0;0;0;0;0;0;0;0;0;0;0;0;0
"31/03/2024";"17:31:00";"453";"Com vítima";"562,000";"BR-101/RJ";"Crescente";"Colisão frontal";3;0;0;0;0;0;0;0;0;0;5;1;0;0;0
"31/03/2024";"17:39:00";"457";"Com vítima";"151,000";"BR-116/SP";"Crescente";"Colisão lateral em sentido contrário";1;0;0;1;0;0;0;0;0;0;3;2;0;0;0
"31/03/2024";"17:54:00";"468";"Sem vítima";"90,500";"BR-116/SP";"Crescente";"Engavetamento";3;0;0;0;0;0;0;0;0;0;8;0;0;0;0
"31/03/2024";"18:05:00";"473";"Sem vítima";"265,900";"BR-116/RJ";"Decrescente";"Colisão traseira";1;0;0;0;0;0;0;0;0;0;1;0;0;0;0
"31/03/2024";"18:42:00";"489";"Com vítima";"425,000";"BR-101/RJ";"Decrescente";"Colisão lateral em sentido contrário";1;0;0;1;0;0;0;0;0;0;0;3;0;0;0
"31/03/2024";"19:23:00";"519";"Sem vítima";"140,300";"BR-116/SP";"Crescente";"Colisão traseira";2;0;0;0;0;0;0;0;0;0;4;0;0;0;0
"31/03/2024";"19:25:00";"520";"Com vítima";"131,000";"BR-116/SP";"Crescente";"Engavetamento";1;0;0;1;0;0;0;0;0;0;5;1;0;0;0
"31/03/2024";"21:08:00";"586";"Com vítima";"569,000";"BR-101/RJ";"Crescente";"Capotamento";1;0;0;0;0;0;0;0;0;0;0;1;0;0;0
"31/03/2024";"21:32:00";"600";"Sem vítima";"206,500";"BR-116/SP";"Crescente";"Colisão lateral em sentido contrário";1;0;1;0;0;0;0;0;0;0;0;0;0;0;0
"31/03/2024";"22:12:00";"589";"Sem vítima";"63,000";"BR-116/SP";"Decrescente";"Colisão traseira";1;0;1;0;0;0;0;0;0;0;3;0;0;0;0
"01/04/2024";"05:08:00";"90";"Sem vítima";"382,000";"BR-101/RJ";"Decrescente";"Colisão traseira";1;0;0;0;0;0;0;0;0;0;1;0;0;0;0
"01/04/2024";"06:26:00";"125";"Com vítima";"226,000";"BR-116/SP";"Crescente";"Choque";0;0;0;1;0;0;0;0;0;0;0;1;0;0;0
"01/04/2024";"07:53:00";"205";"Com vítima";"107,000";"BR-116/SP";"Decrescente";"Acidentes de outra natureza";0;0;0;1;0;0;0;0;0;0;0;1;0;0;0
"01/04/2024";"09:48:00";"299";"Sem vítima";"155,350";"BR-116/SP";"Crescente";"Colisão lateral em sentido contrário";1;0;1;0;0;0;0;0;0;0;2;0;0;0;0
"01/04/2024";"11:18:00";"356";"Sem vítima";"230,000";"BR-116/SP";"Crescente";"Colisão traseira";1;0;0;0;0;0;0;0;0;0;1;0;0;0;0
"01/04/2024";"12:13:00";"387";"Sem vítima";"79,000";"BR-116/SP";"Crescente";"Colisão lateral em sentido contrário";1;0;0;0;0;0;0;0;0;0;2;0;0;0;0
"01/04/2024";"13:39:00";"440";"Com vítima";"226,000";"BR-116/SP";"Crescente";"Colisão lateral em sentido contrário";1;0;0;0;0;0;0;1;0;0;2;1;0;0;0
"01/04/2024";"14:46:00";"483";"Sem vítima";"229,000";"BR-116/SP";"Crescente";"Engavetamento";2;0;0;0;0;0;0;0;0;0;2;0;0;0;0