data;horario;n_da_ocorrencia;tipo_de_ocorrencia;km;trecho;sentido;tipo_de_acidente;automovel;bicicleta;caminhao;moto;onibus;outros;tracao_animal;transporte_de_cargas_especiais;trator_maquinas;utilitarios;ilesos;levemente_feridos;moderadamente_feridos;gravemente_feridos;mortos
"01/04/2024";"16:18:00";"540";"Sem vítima";"61,500";"BR-116/SP";"Crescente";"Colisão traseira";0;0;1;0;0;0;0;0;0;0;1;0;0;0;0
"01/04/2024";"18:28:00";"599";"Com vítima";"155,000";"BR-116/SP";"Decrescente";"Engavetamento";2;0;0;0;0;0;0;0;0;0;5;1;0;0;0
"01/04/2024";"19:33:00";"643";"Sem vítima";"157,000";"BR-116/SP";"Crescente";"Colisão lateral em sentido contrário";1;0;1;0;0;0;0;0;0;0;3;0;0;0;0
"01/04/2024";"19:35:00";"646";"Sem vítima";"142,850";"BR-116/SP";"Decrescente";"Engavetamento";3;0;0;0;0;0;0;0;0;0;5;0;0;0;0
"01/04/2024";"19:39:00";"650";"Com vítima";"544,005";"BR-101/RJ";"Crescente";"Colisão traseira";2;0;0;0;0;0;0;0;0;0;0;3;0;0;0
"02/04/2024";"00:50:00";"34";"Com vítima";"298,500";"BR-116/RJ";"Crescente";"Colisão traseira";0;0;1;0;0;0;0;1;0;0;0;0;1;0;0
"02/04/2024";"05:28:00";"91";"Com vítima";"304,500";"BR-116/RJ";"Crescente";"Colisão traseira";1;0;1;0;0;0;0;0;0;0;0;0;1;0;0
"02/04/2024";"07:23:00";"156";"Com vítima";"65,000";"BR-116/SP";"Crescente";"Acidentes de outra natureza";0;0;0;1;0;0;0;0;0;0;0;1;0;0;0
"02/04/2024";"07:25:00";"159";"Com vítima";"48,000";"BR-116/SP";"Crescente";"Colisão traseira";0;0;0;1;0;0;0;0;0;0;0;1;0;0;0
"02/04/2024";"07:36:00";"170";"Com vítima";"50,000";"BR-101/SP";"Decrescente";"Atropelamento de pedestre";0;0;0;1;0;0;0;0;0;0;0;1;0;0;0
"02/04/2024";"08:07:00";"195";"Sem vítima";"157,000";"BR-116/SP";"Decrescente";"Colisão lateral em sentido contrário";1;0;0;0;0;0;0;1;0;0;2;0;0;0;0
"02/04/2024";"10:12:00";"295";"Sem vítima";"304,900";"BR-116/RJ";"Crescente";"Colisão lateral em sentido contrário";0;0;2;0;0;0;0;0;0;0;2;0;0;0;0
"02/04/2024";"10:14:00";"296";"Sem vítima";"204,100";"BR-116/SP";"Crescente";"Colisão lateral em sentido contrário";1;0;0;0;0;0;0;1;0;0;2;0;0;0;0
"02/04/2024";"11:05:00";"326";"Sem vítima";"121,000";"BR-116/SP";"Crescente";"Colisão lateral em sentido contrário";1;0;1;0;0;0;0;0;0;0;2;0;0;0;0
"02/04/2024";"13:49:00";"408";"Com vítima";"568,000";"BR-101/RJ";"Decrescente";"Colisão traseira";1;0;0;1;0;0;0;0;0;0;3;0;1;0;0
"02/04/2024";"15:15:00";"461";"Com vítima";"526,000";"BR-101/RJ";"Crescente";"Choque";1;0;0;0;0;0;0;0;0;0;1;1;1;0;0
"02/04/2024";"18:11:00";"548";"Sem vítima";"220,000";"BR-116/SP";"Decrescente";"Colisão traseira";1;0;1;0;0;0;0;0;0;0;3;0;0;0;0
"02/04/2024";"18:57:00";"575";"Com vítima";"404,000";"BR-101/RJ";"Crescente";"Choque";1;0;0;0;0;0;0;0;0;0;0;0;1;0;0
"02/04/2024";"21:42:00";"666";"Sem vítima";"231,000";"BR-116/SP";"Crescente";"Choque";1;0;0;0;0;0;0;0;0;0;4;0;0;0;0
"02/04/2024";"23:00:00";"695";"Com vítima";"228,000";"BR-116/SP";"Decrescente";"Atropelamento de pedestre";1;0;0;0;0;0;0;0;0;0;1;0;0;1;0
"03/04/2024";"01:06:00";"40";"Sem vítima";"38,400";"BR-116/SP";"Crescente";"Colisão traseira";0;0;2;0;0;0;0;0;0;0;2;0;0;0;0
"03/04/2024";"01:27:00";"44";"Com vítima";"168,150";"BR-116/SP";"Decrescente";"Colisão traseira";2;0;0;0;0;0;0;0;0;0;0;1;0;0;0
"03/04/2024";"05:37:00";"82";"Sem vítima";"184,800";"BR-116/SP";"Crescente";"Choque";0;0;0;0;0;0;0;1;0;0;1;0;0;0;0
"03/04/2024";"11:42:00";"341";"Com vítima";"51,000";"BR-101/SP";"Decrescente";"Colisão lateral em sentido contrário";1;0;0;1;0;0;0;0;0;0;0;1;1;0;0
"03/04/2024";"13:35:00";"400";"Com vítima";"114,350";"BR-116/SP";"Decrescente";"Colisão traseira";0;0;0;1;0;0;0;0;0;1;1;0;1;0;0
"03/04/2024";"13:58:00";"415";"Sem vítima";"76,000";"BR-116/SP";"Decrescente";"Choque";1;0;0;0;0;0;0;0;0;0;1;0;0;0;0
"03/04/2024";"14:45:00";"439";"Com vítima";"409,000";"BR-101/RJ";"Decrescente";"Choque";1;0;0;0;0;0;0;0;0;0;0;1;0;0;0
"03/04/2024";"15:57:00";"485";"Com vítima";"339,300";"BR-116/RJ";"Crescente";"Tombamento";0;0;1;0;0;0;0;0;0;0;0;2;0;0;0
"03/04/2024";"17:17:00";"532";"Com vítima";"35,000";"BR-116/SP";"Crescente";"Acidentes de outra natureza";0;0;0;1;0;0;0;0;0;0;0;1;0;0;0
"03/04/2024";"19:52:00";"605";"Com vítima";"34,000";"BR-116/SP";"Crescente";"Acidentes de outra natureza";0;0;0;1;0;0;0;0;0;0;0;1;0;0;0
"03/04/2024";"22:48:00";"673";"Com vítima";"586,000";"BR-101/RJ";"Crescente";"Atropelamento de pedestre";1;0;0;0;0;0;0;0;0;0;1;0;0;1;0
"03/04/2024";"23:29:00";"688";"Com vítima";"484,000";"BR-101/RJ";"Decrescente";"Colisão frontal";0;0;0;2;0;0;0;0;0;0;2;0;1;0;0
"03/04/2024";"23:43:00";"691";"Sem vítima";"484,400";"BR-101/RJ";"Crescente";"Choque";1;0;0;0;0;0;0;0;0;0;1;0;0;0;0
"04/04/2024";"00:44:00";"33";"Sem vítima";"384,000";"BR-101/RJ";"Decrescente";"Colisão traseira";2;0;0;0;0;0;0;0;0;0;2;0;0;0;0
"04/04/2024";"05:05:00";"85";"Com vítima";"69,000";"BR-116/SP";"Crescente";"Choque";1;0;0;0;0;0;0;0;0;0;0;1;0;0;0
"04/04/2024";"06:47:00";"138";"Sem vítima";"386,000";"BR-101/RJ";"Crescente";"Acidentes de outra natureza";1;0;0;0;0;0;0;0;0;0;0;0;0;0;0
"04/04/2024";"08:02:00";"222";"Com vítima";"233,600";"BR-116/RJ";"Crescente";"Colisão traseira";1;0;1;0;0;0;0;0;0;0;3;0;1;1;0
"04/04/2024";"09:06:00";"291";"Sem vítima";"219,000";"BR-116/SP";"Crescente";"Colisão lateral em sentido contrário";0;0;0;1;0;0;0;0;0;0;1;0;0;0;0
"04/04/2024";"11:53:00";"405";"Sem vítima";"161,000";"BR-116/SP";"Decrescente";"Colisão lateral em sentido contrário";1;0;1;0;0;0;0;0;0;0;4;0;0;0;0
"04/04/2024";"13:17:00";"452";"Sem vítima";"451,600";"BR-101/RJ";"Crescente";"Choque";1;0;0;0;0;0;0;0;0;0;1;0;0;0;0
"04/04/2024";"13:19:00";"453";"Sem vítima";"227,000";"BR-116/SP";"Decrescente";"Colisão lateral em sentido contrário";1;0;1;0;0;0;0;0;0;0;3;0;0;0;0
"04/04/2024";"14:47:00";"513";"Com vítima";"230,000";"BR-116/SP";"Crescente";"Colisão lateral em sentido contrário";1;0;0;1;0;0;0;0;0;0;1;1;0;0;0
"04/04/2024";"14:57:00";"521";"Com vítima";"271,900";"BR-116/RJ";"Crescente";"Engavetamento";1;0;3;0;0;0;0;0;0;0;3;0;0;0;1
"04/04/2024";"15:28:00";"536";"Com vítima";"389,000";"BR-101/RJ";"Decrescente";"Atropelamento de pedestre";0;1;1;0;0;0;0;0;0;0;1;0;0;0;0
"04/04/2024";"17:58:00";"606";"Sem vítima";"146,100";"BR-116/SP";"Decrescente";"Engavetamento";3;0;0;0;0;0;0;0;0;0;3;0;0;0;0
"04/04/2024";"18:57:00";"639";"Sem vítima";"149,000";"BR-116/SP";"Decrescente";"Engavetamento";3;0;0;0;0;0;0;0;0;0;4;0;0;0;0
"04/04/2024";"19:36:00";"656";"Com vítima";"383,000";"BR-101/RJ";"Decrescente";"Colisão frontal";1;0;0;1;0;0;0;0;0;0;1;1;0;0;0
"04/04/2024";"20:09:00";"680";"Sem vítima";"223,000";"BR-116/SP";"Decrescente";"Engavetamento";3;0;0;0;0;0;0;0;0;0;6;0;0;0;0
"04/04/2024";"20:28:00";"615";"Com vítima";"44,000";"BR-101/SP";"Crescente";"Colisão transversal";1;1;0;1;0;0;0;0;0;0;0;1;0;0;0
"04/04/2024";"20:39:00";"694";"Com vítima";"228,700";"BR-116/SP";"Crescente";"Atropelamento de pedestre";0;0;1;0;0;0;0;0;0;0;1;0;0;0;1
"05/04/2024";"00:00:00";"477";"Sem vítima";"273,000";"BR-116/RJ";"Crescente";"Colisão lateral em sentido contrário";1;0;1;0;0;0;0;0;0;0;2;0;0;0;0
"05/04/2024";"01:26:00";"43";"Sem vítima";"224,000";"BR-116/SP";"Decrescente";"Choque";1;0;0;0;0;0;0;0;0;0;1;0;0;0;0
"05/04/2024";"02:42:00";"58";"Com vítima";"224,000";"BR-116/SP";"Crescente";"Colisão lateral em sentido contrário";3;0;0;0;0;0;0;0;0;1;0;2;0;1;0
"05/04/2024";"04:12:00";"73";"Sem vítima";"22,800";"BR-116/SP";"Decrescente";"Choque";0;0;1;0;0;0;0;0;0;0;0;0;0;0;0
"05/04/2024";"04:44:00";"80";"Com vítima";"215,000";"BR-116/SP";"Decrescente";"Atropelamento de pedestre";0;0;0;0;0;0;0;0;0;0;0;0;1;0;0
"05/04/2024";"06:33:00";"136";"Com vítima";"115,400";"BR-116/SP";"Decrescente";"Capotamento";1;0;0;0;0;0;0;0;0;0;0;0;1;0;0
"05/04/2024";"07:50:00";"220";"Com vítima";"324,000";"BR-116/RJ";"Decrescente";"Acidentes de outra natureza";0;0;0;1;0;0;0;0;0;0;0;0;1;0;0
"05/04/2024";"08:11:00";"232";"Com vítima";"228,000";"BR-116/SP";"Crescente";"Colisão traseira";1;0;0;1;0;0;0;0;0;0;1;0;1;0;0
"05/04/2024";"10:04:00";"347";"Com vítima";"103,400";"BR-116/SP";"Decrescente";"Acidentes de outra natureza";0;0;0;1;0;0;0;0;0;0;0;1;0;0;0
"05/04/2024";"11:56:00";"408";"Com vítima";"223,000";"BR-116/SP";"Decrescente";"Engavetamento";0;0;0;2;0;0;0;0;0;0;0;1;1;0;0
"05/04/2024";"12:56:00";"436";"Com vítima";"221,000";"BR-116/SP";"Decrescente";"Engavetamento";1;0;1;0;0;0;0;0;0;0;1;1;0;0;0
"05/04/2024";"13:14:00";"448";"Sem vítima";"161,000";"BR-116/SP";"Decrescente";"Colisão traseira";0;0;1;0;0;0;0;0;0;1;2;0;0;0;0
"05/04/2024";"18:43:00";"654";"Com vítima";"215,000";"BR-116/SP";"Decrescente";"Colisão lateral em sentido contrário";1;0;0;1;0;0;0;0;0;0;0;1;0;0;0
"05/04/2024";"18:46:00";"645";"Sem vítima";"416,000";"BR-101/RJ";"Decrescente";"Colisão traseira";2;0;0;0;0;0;0;0;0;0;0;0;0;0;0
"05/04/2024";"21:16:00";"721";"Com vítima";"470,000";"BR-101/RJ";"Crescente";"Colisão lateral em sentido contrário";2;0;0;0;0;0;0;0;0;0;1;0;2;0;0
"05/04/2024";"23:22:00";"768";"Com vítima";"101,000";"BR-116/SP";"Decrescente";"Engavetamento";0;0;3;0;0;0;0;0;0;0;2;0;0;1;0
"06/04/2024";"00:50:00";"39";"Com vítima";"484,000";"BR-101/RJ";"Crescente";"Colisão frontal";2;0;0;0;0;0;0;0;0;0;0;4;0;0;0
"06/04/2024";"06:41:00";"122";"Com vítima";"391,000";"BR-101/RJ";"Decrescente";"Choque";1;0;0;0;0;0;0;0;0;0;0;1;0;0;0
"06/04/2024";"08:01:00";"168";"Sem vítima";"81,300";"BR-116/SP";"Decrescente";"Colisão lateral em sentido contrário";0;0;2;0;0;0;0;0;0;0;4;0;0;0;0
"06/04/2024";"08:08:00";"171";"Sem vítima";"303,000";"BR-116/RJ";"Crescente";"Colisão frontal";0;0;2;0;0;0;0;0;0;0;2;0;0;0;0
"06/04/2024";"08:23:00";"180";"Com vítima";"383,000";"BR-101/RJ";"Crescente";"Atropelamento de pedestre";1;1;0;0;0;0;0;0;0;0;1;0;0;0;0
"06/04/2024";"08:56:00";"197";"Com vítima";"208,300";"BR-116/SP";"Crescente";"Engavetamento";1;0;1;0;0;0;0;0;0;0;4;0;1;0;0
"06/04/2024";"09:25:00";"214";"Com vítima";"228,000";"BR-116/SP";"Crescente";"Colisão traseira";2;0;0;0;0;0;0;0;0;0;2;1;0;0;0
"06/04/2024";"09:37:00";"224";"Sem vítima";"135,200";"BR-116/SP";"Crescente";"Colisão traseira";2;0;0;0;0;0;0;0;0;0;3;0;0;0;0
"06/04/2024";"10:39:00";"248";"Sem vítima";"210,000";"BR-116/SP";"Crescente";"Colisão traseira";2;0;0;0;0;0;0;0;0;0;6;0;0;0;0
"06/04/2024";"10:58:00";"260";"Sem vítima";"157,000";"BR-116/SP";"Decrescente";"Colisão traseira";2;0;0;0;0;0;0;0;0;0;2;0;0;0;0
"06/04/2024";"11:26:00";"269";"Sem vítima";"332,700";"BR-116/RJ";"Decrescente";"Colisão traseira";1;0;1;0;0;0;0;0;0;0;2;0;0;0;0
"06/04/2024";"11:39:00";"277";"Com vítima";"147,500";"BR-116/SP";"Crescente";"Colisão lateral em sentido contrário";1;0;0;1;0;0;0;0;0;0;2;1;0;0;0
"06/04/2024";"11:50:00";"286";"Com vítima";"280,000";"BR-116/RJ";"Decrescente";"Capotamento";1;0;0;0;0;0;0;0;0;0;0;0;0;1;0
"06/04/2024";"13:04:00";"308";"Com vítima";"269,000";"BR-116/RJ";"Crescente";"Colisão lateral em sentido contrário";1;0;0;0;0;0;0;0;0;0;5;1;0;0;0
"06/04/2024";"13:24:00";"319";"Com vítima";"415,000";"BR-101/RJ";"Crescente";"Capotamento";1;0;0;0;0;0;0;0;0;0;0;1;0;0;0
"06/04/2024";"14:35:00";"354";"Com vítima";"211,100";"BR-116/SP";"Crescente";"Engavetamento";5;0;0;0;0;0;0;0;0;0;5;1;0;0;0
"06/04/2024";"15:33:00";"375";"Com vítima";"209,900";"BR-116/SP";"Crescente";"Colisão lateral em sentido contrário";0;0;0;2;0;0;0;0;0;0;0;3;0;0;0
"06/04/2024";"15:38:00";"379";"Sem vítima";"170,000";"BR-116/SP";"Crescente";"Atropelamento de pedestre";1;0;0;0;0;0;0;0;0;0;1;0;0;0;0
"06/04/2024";"16:12:00";"404";"Sem vítima";"122,000";"BR-116/SP";"Crescente";"Choque";1;0;0;0;0;0;0;0;0;0;2;0;0;0;0
"06/04/2024";"16:20:00";"410";"Com vítima";"242,000";"BR-116/RJ";"Decrescente";"Colisão traseira";2;0;0;0;0;0;0;0;0;0;1;1;0;0;0
"06/04/2024";"16:27:00";"414";"Com vítima";"592,000";"BR-101/RJ";"Decrescente";"Colisão lateral em sentido contrário";1;0;0;1;0;0;0;0;0;0;0;0;2;0;0
"06/04/2024";"16:35:00";"418";"Sem vítima";"227,000";"BR-116/SP";"Decrescente";"Colisão lateral em sentido contrário";1;0;0;0;0;0;0;1;0;0;4;0;0;0;0
"06/04/2024";"17:04:00";"431";"Sem vítima";"227,000";"BR-116/SP";"Decrescente";"Colisão lateral em sentido contrário";1;0;1;0;0;0;0;0;0;0;5;0;0;0;0
"06/04/2024";"17:38:00";"445";"Com vítima";"155,600";"BR-116/SP";"Crescente";"Engavetamento";2;0;0;0;0;0;0;1;0;0;5;0;5;0;0
"06/04/2024";"19:07:00";"486";"Sem vítima";"405,000";"BR-101/RJ";"Decrescente";"Colisão traseira";2;0;0;0;0;0;0;0;0;0;6;0;0;0;0
"07/04/2024";"00:12:00";"29";"Com vítima";"226,000";"BR-116/SP";"Decrescente";"Colisão traseira";2;0;0;0;0;0;0;0;0;0;2;1;0;0;0
"07/04/2024";"00:38:00";"40";"Sem vítima";"564,000";"BR-101/RJ";"Crescente";"Atropelamento de pedestre";1;0;0;0;0;0;0;0;0;0;1;0;0;0;0
"07/04/2024";"00:47:00";"42";"Com vítima";"212,000";"BR-116/SP";"Decrescente";"Acidentes de outra natureza";0;0;0;0;0;0;0;0;0;0;0;0;0;0;1
"07/04/2024";"00:58:00";"45";"Com vítima";"212,000";"BR-116/SP";"Crescente";"Atropelamento de pedestre";0;0;0;0;0;0;0;0;0;0;0;0;0;0;1
"07/04/2024";"04:19:00";"76";"Sem vítima";"385,200";"BR-101/RJ";"Decrescente";"Choque";1;0;0;0;0;0;0;0;0;0;0;0;0;0;0
"07/04/2024";"04:50:00";"82";"Com vítima";"119,500";"BR-116/SP";"Decrescente";"Colisão traseira";6;0;0;0;0;0;0;0;0;0;6;1;1;0;0
"07/04/2024";"05:14:00";"85";"Sem vítima";"384,000";"BR-101/RJ";"Crescente";"Choque";1;0;0;0;0;0;0;0;0;0;0;0;0;0;0
"07/04/2024";"05:29:00";"88";"Sem vítima";"221,000";"BR-116/SP";"Crescente";"Colisão lateral em sentido contrário";1;0;0;0;0;0;0;0;0;0;1;0;0;0;0
"07/04/2024";"06:35:00";"109";"Com vítima";"197,100";"BR-116/SP";"Decrescente";"Capotamento";1;0;0;0;0;0;0;0;0;0;0;3;0;0;0
"07/04/2024";"09:21:00";"194";"Sem vítima";"541,700";"BR-101/RJ";"Crescente";"Choque";1;0;0;0;0;0;0;0;0;0;1;0;0;0;0
"07/04/2024";"09:59:00";"211";"Com vítima";"390,000";"BR-101/RJ";"Crescente";"Choque";1;0;0;0;0;0;0;0;0;0;0;1;0;0;0
"07/04/2024";"14:08:00";"327";"Com vítima";"204,000";"BR-116/SP";"Crescente";"Colisão lateral em sentido contrário";0;0;0;2;0;0;0;0;0;0;0;4;0;0;0
"07/04/2024";"15:26:00";"357";"Sem vítima";"65,000";"BR-116/SP";"Decrescente";"Colisão lateral em sentido contrário";1;0;1;0;0;0;0;0;0;0;2;0;0;0;0
"07/04/2024";"17:02:00";"422";"Sem vítima";"106,700";"BR-116/SP";"Crescente";"Colisão traseira";1;0;0;0;0;0;0;0;0;0;0;0;0;0;0
"07/04/2024";"17:52:00";"445";"Com vítima";"209,000";"BR-116/SP";"Crescente";"Colisão lateral em sentido contrário";0;0;0;1;0;0;0;0;0;0;0;0;1;0;0
"07/04/2024";"18:06:00";"448";"Com vítima";"163,900";"BR-116/SP";"Crescente";"Colisão traseira";1;0;0;1;0;0;0;0;0;0;3;0;1;0;0
"07/04/2024";"18:15:00";"450";"Sem vítima";"431,000";"BR-101/RJ";"Crescente";"Choque";1;0;0;0;0;0;0;0;0;0;1;0;0;0;0
"07/04/2024";"18:19:00";"453";"Com vítima";"551,000";"BR-101/RJ";"Decrescente";"Acidentes de outra natureza";0;0;0;1;0;0;0;0;0;0;0;1;0;0;0
"07/04/2024";"19:12:00";"480";"Com vítima";"77,200";"BR-116/SP";"Crescente";"Choque";1;0;0;0;0;0;0;0;0;0;0;1;0;0;0
"07/04/2024";"21:18:00";"533";"Com vítima";"492,000";"BR-101/RJ";"Decrescente";"Choque";1;0;0;0;0;0;0;0;0;0;2;1;0;0;0
"07/04/2024";"21:18:00";"534";"Sem vítima";"207,500";"BR-116/SP";"Crescente";"Colisão traseira";2;0;0;0;0;0;0;0;0;0;2;0;0;0;0
"07/04/2024";"21:20:00";"535";"Sem vítima";"86,950";"BR-116/SP";"Crescente";"Colisão traseira";2;0;0;0;0;0;0;0;0;0;0;0;0;0;0
"07/04/2024";"22:21:00";"551";"Sem vítima";"69,900";"BR-116/SP";"Decrescente";"Colisão traseira";0;0;1;0;0;0;0;1;0;0;2;0;0;0;0
"08/04/2024";"00:00:00";"464";"Com vítima";"590,000";"BR-101/RJ";"Decrescente";"Acidentes de outra natureza";0;0;0;1;0;0;0;0;0;0;0;2;0;0;0
"08/04/2024";"05:54:00";"94";"Sem vítima";"195,100";"BR-116/SP";"Crescente";"Engavetamento";2;0;0;0;0;0;0;1;0;0;3;0;0;0;0
"08/04/2024";"06:50:00";"122";"Sem vítima";"207,000";"BR-116/SP";"Crescente";"Colisão lateral em sentido contrário";1;0;1;0;0;0;0;0;0;0;2;0;0;0;0
"08/04/2024";"06:55:00";"126";"Com vítima";"335,000";"BR-116/RJ";"Crescente";"Atropelamento de pedestre";0;1;0;0;0;0;0;0;0;0;0;0;0;0;0
"08/04/2024";"07:41:00";"174";"Sem vítima";"261,600";"BR-116/RJ";"Crescente";"Colisão lateral em sentido contrário";1;0;2;0;0;0;0;0;0;0;3;0;0;0;0
"08/04/2024";"08:37:00";"218";"Com vítima";"220,000";"BR-116/SP";"Crescente";"Colisão lateral em sentido contrário";1;0;0;1;0;0;0;0;0;0;0;2;0;0;0
"08/04/2024";"10:22:00";"295";"Com vítima";"279,300";"BR-116/RJ";"Crescente";"Acidentes de outra natureza";0;0;0;1;0;0;0;0;0;0;0;1;0;0;0
"08/04/2024";"11:30:00";"341";"Sem vítima";"229,000";"BR-116/RJ";"Decrescente";"Engavetamento";1;0;0;0;0;0;0;0;0;0;1;0;0;0;0
"08/04/2024";"11:56:00";"351";"Com vítima";"211,000";"BR-116/SP";"Crescente";"Colisão traseira";2;0;0;0;0;0;0;0;0;0;3;1;0;0;0
"08/04/2024";"12:18:00";"362";"Sem vítima";"218,000";"BR-116/SP";"Decrescente";"Colisão lateral em sentido contrário";1;0;1;0;0;0;0;0;0;0;2;0;0;0;0
"08/04/2024";"14:01:00";"416";"Com vítima";"220,000";"BR-116/SP";"Decrescente";"Colisão traseira";0;0;0;2;0;0;0;0;0;0;1;1;0;0;0
"08/04/2024";"14:37:00";"424";"Com vítima";"231,000";"BR-116/SP";"Decrescente";"Atropelamento de pedestre";0;0;0;1;0;0;0;0;0;0;1;1;0;0;0
"08/04/2024";"15:22:00";"467";"Com vítima";"406,000";"BR-101/RJ";"Crescente";"Colisão frontal";2;0;0;0;0;0;0;0;0;0;1;2;0;0;0
"08/04/2024";"16:02:00";"488";"Sem vítima";"334,000";"BR-116/RJ";"Decrescente";"Choque";1;0;0;0;0;0;0;0;0;0;1;0;0;0;0
"08/04/2024";"17:41:00";"526";"Com vítima";"212,000";"BR-116/SP";"Decrescente";"Engavetamento";2;0;0;1;0;0;0;0;0;0;2;1;0;0;0
"08/04/2024";"18:34:00";"554";"Com vítima";"321,600";"BR-116/RJ";"Decrescente";"Choque";0;0;1;0;0;0;0;1;0;0;0;0;1;0;0
"08/04/2024";"19:06:00";"564";"Com vítima";"150,000";"BR-116/SP";"Decrescente";"Colisão traseira";1;0;0;1;0;0;0;0;0;0;1;0;1;0;0
"08/04/2024";"22:01:00";"638";"Sem vítima";"110,700";"BR-116/SP";"Crescente";"Colisão traseira";1;0;1;0;0;0;0;0;0;0;3;0;0;0;0
"08/04/2024";"22:05:00";"639";"Com vítima";"155,700";"BR-116/SP";"Crescente";"Choque";1;0;0;0;0;0;0;0;0;0;0;0;1;0;0
"09/04/2024";"03:55:00";"60";"Com vítima";"218,000";"BR-116/RJ";"Decrescente";"Colisão traseira";0;0;1;0;0;0;0;0;0;1;1;0;0;1;0
"09/04/2024";"04:46:00";"69";"Com vítima";"184,700";"BR-116/SP";"Crescente";"Colisão traseira";0;0;2;0;0;0;0;0;0;0;1;1;0;0;0
"09/04/2024";"06:32:00";"114";"Com vítima";"226,000";"BR-116/SP";"Crescente";"Acidentes de outra natureza";0;0;1;1;0;0;0;0;0;0;1;0;1;0;0
"09/04/2024";"06:47:00";"128";"Sem vítima";"140,900";"BR-116/SP";"Crescente";"Colisão traseira";1;0;1;0;0;0;0;0;0;0;4;0;0;0;0
"09/04/2024";"06:59:00";"134";"Sem vítima";"184,500";"BR-116/SP";"Crescente";"Colisão traseira";2;0;0;0;0;0;0;0;0;0;2;0;0;0;0
"09/04/2024";"07:28:00";"164";"Com vítima";"148,000";"BR-116/SP";"Decrescente";"Choque";0;0;0;1;0;0;0;0;0;0;0;1;0;0;0
"09/04/2024";"07:32:00";"170";"Sem vítima";"225,000";"BR-116/SP";"Crescente";"Colisão traseira";1;0;0;0;0;0;0;0;0;1;2;0;0;0;0
"09/04/2024";"07:37:00";"174";"Com vítima";"86,100";"BR-116/SP";"Crescente";"Choque";1;0;0;0;0;0;0;0;0;0;0;1;0;0;0
"09/04/2024";"07:54:00";"188";"Com vítima";"227,000";"BR-116/SP";"Crescente";"Colisão lateral em sentido contrário";1;0;0;1;0;0;0;0;0;0;1;2;0;0;0
"09/04/2024";"07:58:00";"190";"Sem vítima";"147,800";"BR-116/SP";"Decrescente";"Engavetamento";3;0;0;0;0;0;0;0;0;0;4;0;0;0;0
"09/04/2024";"08:10:00";"199";"Com vítima";"211,000";"BR-116/SP";"Crescente";"Colisão traseira";0;0;0;0;0;0;0;0;0;1;0;1;0;0;0
"09/04/2024";"08:17:00";"208";"Com vítima";"220,000";"BR-116/SP";"Crescente";"Colisão traseira";1;0;0;1;0;0;0;0;0;0;3;1;0;0;0
"09/04/2024";"09:15:00";"254";"Sem vítima";"211,000";"BR-116/SP";"Decrescente";"Colisão traseira";2;0;0;0;0;0;0;0;0;0;3;0;0;0;0
"09/04/2024";"09:35:00";"269";"Com vítima";"487,000";"BR-101/RJ";"Decrescente";"Colisão lateral em sentido contrário";1;0;1;0;0;0;0;0;0;0;0;2;0;0;0
"09/04/2024";"09:45:00";"276";"Com vítima";"213,000";"BR-116/SP";"Decrescente";"Colisão traseira";0;0;1;1;0;0;0;0;0;0;1;1;0;0;0
"09/04/2024";"10:13:00";"290";"Sem vítima";"210,500";"BR-116/SP";"Decrescente";"Colisão traseira";0;0;1;0;0;0;0;0;0;1;1;0;0;0;0
"09/04/2024";"10:45:00";"314";"Sem vítima";"310,000";"BR-116/RJ";"Decrescente";"Colisão traseira";2;0;0;0;0;0;0;0;0;0;2;0;0;0;0
"09/04/2024";"11:31:00";"341";"Com vítima";"28,920";"BR-116/SP";"Decrescente";"Colisão traseira";1;0;0;0;0;0;0;0;0;0;0;1;0;0;0
"09/04/2024";"13:33:00";"403";"Sem vítima";"231,000";"BR-116/SP";"Crescente";"Colisão lateral em sentido contrário";1;0;1;0;0;0;0;0;0;0;2;0;0;0;0
"09/04/2024";"13:39:00";"409";"Com vítima";"566,000";"BR-101/RJ";"Decrescente";"Engavetamento";4;0;0;0;0;0;0;0;0;0;4;2;1;0;0
"09/04/2024";"14:13:00";"431";"Sem vítima";"219,000";"BR-116/SP";"Decrescente";"Engavetamento";3;0;0;0;0;0;0;0;0;0;3;0;0;0;0
"09/04/2024";"14:19:00";"436";"Com vítima";"6,000";"BR-116/SP";"Crescente";"Capotamento";1;0;0;0;0;0;0;0;0;0;0;0;1;0;0
"09/04/2024";"16:45:00";"540";"Com vítima";"207,000";"BR-116/SP";"Crescente";"Atropelamento de pedestre";0;0;1;0;0;0;0;0;0;0;1;1;0;0;0
"09/04/2024";"16:49:00";"544";"Sem vítima";"296,000";"BR-116/RJ";"Decrescente";"Engavetamento";4;0;1;0;0;0;0;0;0;0;0;0;0;0;0