data;horario;n_da_ocorrencia;tipo_de_ocorrencia;km;trecho;sentido;tipo_de_acidente;automovel;bicicleta;caminhao;moto;onibus;outros;tracao_animal;transporte_de_cargas_especiais;trator_maquinas;utilitarios;ilesos;levemente_feridos;moderadamente_feridos;gravemente_feridos;mortos
"09/04/2024";"17:51:00";"572";"Com vítima";"302,500";"BR-116/RJ";"Decrescente";"Acidentes de outra natureza";0;0;0;1;0;0;0;0;0;0;0;0;1;0;0
"09/04/2024";"18:09:00";"577";"Com vítima";"222,000";"BR-116/SP";"Decrescente";"Colisão traseira";0;0;0;1;0;0;0;0;0;0;0;1;0;0;0
"09/04/2024";"19:55:00";"625";"Sem vítima";"224,900";"BR-116/SP";"Decrescente";"Colisão traseira";2;0;0;0;0;0;0;0;0;0;2;0;0;0;0
"09/04/2024";"20:48:00";"643";"Com vítima";"224,000";"BR-116/SP";"Crescente";"Colisão traseira";0;0;1;1;0;0;0;0;0;0;1;1;0;0;0
"09/04/2024";"21:24:00";"657";"Com vítima";"230,000";"BR-116/SP";"Crescente";"Engavetamento";1;0;2;0;0;0;0;1;0;0;3;0;1;0;1
"09/04/2024";"21:47:00";"663";"Com vítima";"229,500";"BR-116/RJ";"Decrescente";"Choque";0;0;1;0;0;0;0;0;0;0;0;1;0;0;0
"10/04/2024";"04:35:00";"68";"Com vítima";"447,000";"BR-101/RJ";"Crescente";"Choque";1;0;0;0;0;0;0;0;0;0;0;1;0;0;0
"10/04/2024";"05:09:00";"81";"Sem vítima";"153,600";"BR-116/SP";"Decrescente";"Colisão lateral em sentido contrário";1;0;0;0;1;0;0;0;0;0;2;0;0;0;0
"10/04/2024";"05:42:00";"94";"Sem vítima";"77,600";"BR-116/SP";"Crescente";"Atropelamento de pedestre";1;0;0;0;0;0;0;0;0;0;1;0;0;0;0
"10/04/2024";"05:44:00";"95";"Com vítima";"232,000";"BR-116/RJ";"Decrescente";"Colisão lateral em sentido contrário";0;0;0;1;0;0;0;0;0;0;0;1;0;0;0
"10/04/2024";"05:52:00";"100";"Com vítima";"17,700";"BR-116/SP";"Crescente";"Engavetamento";1;0;2;0;0;0;0;0;0;0;2;1;0;0;0
"10/04/2024";"06:16:00";"114";"Com vítima";"213,200";"BR-116/SP";"Decrescente";"Atropelamento de pedestre";0;0;0;0;0;0;0;0;0;0;0;0;0;0;1
"10/04/2024";"06:55:00";"147";"Sem vítima";"470,000";"BR-101/RJ";"Decrescente";"Colisão lateral em sentido contrário";2;0;0;0;0;0;0;0;0;0;2;0;0;0;0
"10/04/2024";"07:43:00";"196";"Sem vítima";"145,000";"BR-116/SP";"Crescente";"Colisão lateral em sentido contrário";1;0;0;0;0;0;0;0;0;0;1;0;0;0;0
"10/04/2024";"11:02:00";"357";"Sem vítima";"219,000";"BR-116/SP";"Decrescente";"Colisão traseira";1;0;0;0;0;0;0;0;0;0;1;0;0;0;0
"10/04/2024";"11:13:00";"367";"Sem vítima";"96,000";"BR-116/SP";"Crescente";"Choque";1;0;0;0;0;0;0;0;0;0;1;0;0;0;0
"10/04/2024";"12:14:00";"403";"Sem vítima";"247,000";"BR-116/RJ";"Crescente";"Colisão lateral em sentido contrário";1;0;0;0;0;0;0;0;0;0;1;0;0;0;0
"10/04/2024";"13:23:00";"448";"Sem vítima";"145,000";"BR-116/SP";"Crescente";"Colisão traseira";1;0;0;0;0;0;0;0;0;1;6;0;0;0;0
"10/04/2024";"14:24:00";"486";"Sem vítima";"233,600";"BR-116/RJ";"Decrescente";"Colisão traseira";1;0;0;0;0;0;0;0;0;0;0;0;0;0;0
"10/04/2024";"15:10:00";"510";"Com vítima";"195,900";"BR-116/SP";"Decrescente";"Engavetamento";0;0;3;0;0;0;0;0;0;0;2;1;0;0;0
"10/04/2024";"15:22:00";"518";"Sem vítima";"475,000";"BR-101/RJ";"Crescente";"Choque";1;0;0;0;0;0;0;0;0;0;1;0;0;0;0
"10/04/2024";"15:40:00";"528";"Sem vítima";"222,000";"BR-116/SP";"Crescente";"Colisão lateral em sentido contrário";0;0;1;0;0;0;0;0;0;0;1;0;0;0;0
"10/04/2024";"16:53:00";"567";"Com vítima";"205,500";"BR-116/SP";"Crescente";"Colisão traseira";0;0;1;1;0;0;0;0;0;0;1;1;0;0;0
"10/04/2024";"17:22:00";"581";"Com vítima";"224,450";"BR-116/SP";"Crescente";"Acidentes de outra natureza";0;0;0;1;0;0;0;0;0;0;0;0;1;0;0
"10/04/2024";"17:47:00";"591";"Com vítima";"34,000";"BR-116/SP";"Decrescente";"Choque";0;0;0;1;0;0;0;0;0;0;0;0;0;1;0
"10/04/2024";"19:04:00";"638";"Com vítima";"217,000";"BR-116/SP";"Crescente";"Colisão lateral em sentido contrário";0;0;0;2;1;0;0;0;0;0;1;2;0;0;0
"10/04/2024";"22:07:00";"732";"Com vítima";"166,100";"BR-116/SP";"Crescente";"Colisão lateral em sentido contrário";0;0;1;0;0;0;0;0;0;0;0;1;0;0;0
"10/04/2024";"23:25:00";"747";"Sem vítima";"311,700";"BR-116/RJ";"Crescente";"Colisão traseira";2;0;0;0;0;0;0;0;0;0;0;0;0;0;0
"11/04/2024";"02:26:00";"55";"Sem vítima";"117,800";"BR-116/SP";"Decrescente";"Atropelamento de pedestre";1;0;1;0;0;0;0;0;0;1;0;0;0;0;0
"11/04/2024";"03:40:00";"65";"Com vítima";"39,800";"BR-116/SP";"Decrescente";"Tombamento";0;0;1;0;0;0;0;0;0;0;0;0;0;1;0
"11/04/2024";"06:48:00";"124";"Sem vítima";"222,000";"BR-116/SP";"Crescente";"Engavetamento";3;0;0;0;0;0;0;0;0;1;5;0;0;0;0
"11/04/2024";"07:59:00";"189";"Com vítima";"145,000";"BR-116/SP";"Crescente";"Colisão lateral em sentido contrário";1;0;0;1;0;0;0;0;0;0;1;1;1;0;0
"11/04/2024";"08:49:00";"227";"Sem vítima";"205,000";"BR-116/SP";"Crescente";"Acidentes de outra natureza";1;0;0;0;0;0;0;0;0;0;0;0;0;0;0
"11/04/2024";"08:55:00";"231";"Com vítima";"113,750";"BR-116/SP";"Crescente";"Acidentes de outra natureza";0;0;0;1;0;0;0;0;0;0;0;0;1;1;0
"11/04/2024";"09:09:00";"242";"Sem vítima";"206,000";"BR-116/SP";"Crescente";"Colisão traseira";1;0;0;0;0;0;0;0;0;0;1;0;0;0;0
"11/04/2024";"09:27:00";"253";"Sem vítima";"228,200";"BR-116/RJ";"Decrescente";"Colisão lateral em sentido contrário";0;0;2;0;0;0;0;0;0;0;3;0;0;0;0
"11/04/2024";"12:24:00";"364";"Sem vítima";"56,000";"BR-116/SP";"Crescente";"Colisão traseira";1;0;1;0;0;0;0;0;0;0;2;0;0;0;0
"11/04/2024";"14:43:00";"430";"Com vítima";"219,000";"BR-116/SP";"Crescente";"Colisão traseira";1;0;1;0;0;0;0;0;0;0;3;1;0;0;0
"11/04/2024";"18:15:00";"543";"Com vítima";"223,000";"BR-116/SP";"Decrescente";"Colisão lateral em sentido contrário";0;0;1;1;0;0;0;0;0;0;2;0;1;0;0
"11/04/2024";"18:45:00";"560";"Sem vítima";"148,000";"BR-116/SP";"Crescente";"Colisão traseira";2;0;0;0;0;0;0;0;0;0;2;0;0;0;0
"11/04/2024";"19:02:00";"565";"Com vítima";"305,000";"BR-116/RJ";"Decrescente";"Atropelamento de pedestre";1;0;0;0;0;0;0;0;0;0;1;0;0;0;1
"11/04/2024";"19:04:00";"568";"Com vítima";"215,000";"BR-116/SP";"Decrescente";"Colisão traseira";1;0;0;0;0;0;0;0;0;0;0;1;0;0;0
"11/04/2024";"22:31:00";"652";"Com vítima";"231,000";"BR-116/SP";"Decrescente";"Colisão lateral em sentido contrário";0;0;0;1;0;0;0;0;0;0;0;0;1;0;0
"12/04/2024";"00:47:00";"34";"Sem vítima";"18,300";"BR-116/SP";"Decrescente";"Choque";1;0;0;0;0;0;0;0;0;0;1;0;0;0;0
"12/04/2024";"01:49:00";"52";"Sem vítima";"160,000";"BR-116/SP";"Crescente";"Acidentes de outra natureza";1;0;0;0;0;0;0;0;0;0;2;0;0;0;0
"12/04/2024";"03:04:00";"62";"Com vítima";"30,300";"BR-116/SP";"Decrescente";"Colisão traseira";1;0;1;0;0;0;0;0;0;0;0;2;0;0;0
"12/04/2024";"04:21:00";"77";"Sem vítima";"6,800";"BR-116/SP";"Crescente";"Colisão traseira";0;0;2;0;0;0;0;0;0;0;2;0;0;0;0
"12/04/2024";"07:14:00";"145";"Com vítima";"161,000";"BR-116/SP";"Decrescente";"Colisão lateral em sentido contrário";1;0;0;1;0;0;0;0;0;0;4;0;1;0;0
"12/04/2024";"07:27:00";"162";"Sem vítima";"114,100";"BR-116/SP";"Crescente";"Colisão traseira";2;0;0;0;0;0;0;0;0;0;2;0;0;0;0
"12/04/2024";"07:29:00";"163";"Sem vítima";"204,000";"BR-116/SP";"Crescente";"Colisão traseira";0;0;1;0;0;0;0;1;0;0;3;0;0;0;0
"12/04/2024";"11:48:00";"333";"Sem vítima";"229,000";"BR-116/RJ";"Decrescente";"Colisão traseira";0;0;2;0;0;0;0;0;0;0;2;0;0;0;0
"12/04/2024";"11:53:00";"338";"Com vítima";"291,000";"BR-116/RJ";"Crescente";"Choque";1;0;0;0;0;0;0;0;0;0;0;1;0;0;0
"12/04/2024";"12:14:00";"344";"Com vítima";"222,000";"BR-116/SP";"Crescente";"Colisão lateral em sentido contrário";1;0;0;1;0;0;0;0;0;0;1;1;0;0;0
"12/04/2024";"13:31:00";"385";"Sem vítima";"60,600";"BR-116/SP";"Crescente";"Colisão lateral em sentido contrário";0;0;2;0;0;0;0;0;0;0;2;0;0;0;0
"12/04/2024";"14:01:00";"395";"Sem vítima";"149,000";"BR-116/SP";"Crescente";"Colisão traseira";1;0;0;0;0;0;0;0;0;1;2;0;0;0;0
"12/04/2024";"15:24:00";"434";"Com vítima";"287,100";"BR-116/RJ";"Crescente";"Engavetamento";0;0;0;0;0;0;0;3;0;0;2;1;0;0;0
"12/04/2024";"16:02:00";"455";"Com vítima";"209,300";"BR-116/SP";"Decrescente";"Acidentes de outra natureza";0;0;0;1;0;0;0;0;0;0;1;0;1;0;0
"12/04/2024";"16:10:00";"463";"Sem vítima";"161,000";"BR-116/SP";"Decrescente";"Colisão traseira";1;0;0;0;0;0;0;0;0;0;2;0;0;0;0
"12/04/2024";"16:33:00";"473";"Sem vítima";"219,000";"BR-116/SP";"Decrescente";"Colisão traseira";1;0;1;0;0;0;0;0;0;0;2;0;0;0;0
"12/04/2024";"18:28:00";"530";"Sem vítima";"310,300";"BR-116/RJ";"Crescente";"Choque";0;0;1;0;0;0;0;0;0;0;1;0;0;0;0
"12/04/2024";"19:07:00";"550";"Com vítima";"487,000";"BR-101/RJ";"Crescente";"Atropelamento de pedestre";0;0;0;1;0;0;0;0;0;0;0;1;0;1;0
"12/04/2024";"20:22:00";"586";"Com vítima";"107,700";"BR-116/SP";"Decrescente";"Atropelamento de pedestre";1;0;0;0;0;0;0;0;0;0;1;0;0;1;0
"12/04/2024";"20:24:00";"587";"Com vítima";"465,000";"BR-101/RJ";"Decrescente";"Atropelamento de pedestre";0;0;0;1;0;0;0;0;0;0;0;1;1;0;0
"12/04/2024";"21:12:00";"608";"Sem vítima";"107,700";"BR-116/SP";"Decrescente";"Colisão traseira";2;0;0;0;0;0;0;0;0;0;6;0;0;0;0
"13/04/2024";"01:33:00";"50";"Sem vítima";"132,000";"BR-116/SP";"Decrescente";"Choque";1;0;0;0;0;0;0;0;0;0;0;0;0;0;0
"13/04/2024";"03:51:00";"76";"Com vítima";"206,700";"BR-116/SP";"Crescente";"Capotamento";1;0;0;0;0;0;0;0;0;0;0;0;1;0;0
"13/04/2024";"04:58:00";"95";"Sem vítima";"478,000";"BR-101/RJ";"Crescente";"Capotamento";1;0;0;0;0;0;0;0;0;0;1;0;0;0;0
"13/04/2024";"06:41:00";"131";"Com vítima";"233,900";"BR-116/RJ";"Decrescente";"Capotamento";1;0;0;0;0;0;0;0;0;0;1;0;2;1;0
"13/04/2024";"08:43:00";"222";"Sem vítima";"271,400";"BR-116/RJ";"Crescente";"Colisão lateral em sentido contrário";1;0;0;0;0;0;0;0;0;0;1;0;0;0;0
"13/04/2024";"09:10:00";"236";"Sem vítima";"158,300";"BR-116/SP";"Decrescente";"Engavetamento";4;0;0;0;0;0;0;0;0;0;14;0;0;0;0
"13/04/2024";"11:39:00";"321";"Sem vítima";"158,300";"BR-116/SP";"Decrescente";"Engavetamento";4;0;0;0;0;0;0;0;0;0;10;0;0;0;0
"13/04/2024";"12:00:00";"329";"Com vítima";"219,000";"BR-116/SP";"Crescente";"Colisão traseira";1;0;0;1;0;0;0;0;0;0;2;1;0;0;0
"13/04/2024";"15:26:00";"427";"Sem vítima";"482,400";"BR-101/RJ";"Crescente";"Colisão traseira";1;0;0;0;0;0;0;0;0;0;5;0;0;0;0
"13/04/2024";"15:40:00";"437";"Sem vítima";"147,400";"BR-116/SP";"Decrescente";"Colisão traseira";2;0;0;0;0;0;0;0;0;0;1;0;0;0;0
"13/04/2024";"16:47:00";"471";"Com vítima";"179,000";"BR-116/SP";"Crescente";"Colisão traseira";0;0;0;2;0;0;0;0;0;0;1;1;0;0;0
"13/04/2024";"18:40:00";"521";"Sem vítima";"34,000";"BR-116/SP";"Decrescente";"Colisão frontal";2;0;0;0;0;0;0;0;0;0;0;0;0;0;0
"13/04/2024";"19:06:00";"536";"Com vítima";"157,100";"BR-116/SP";"Decrescente";"Acidentes de outra natureza";0;0;0;1;0;0;0;0;0;0;0;2;0;0;0
"13/04/2024";"19:56:00";"557";"Sem vítima";"132,100";"BR-116/SP";"Decrescente";"Colisão traseira";2;0;0;0;0;0;0;0;0;0;3;0;0;0;0
"14/04/2024";"02:21:00";"40";"Com vítima";"183,900";"BR-116/SP";"Crescente";"Acidentes de outra natureza";1;0;0;1;0;0;0;0;0;0;3;1;0;0;0
"14/04/2024";"05:26:00";"67";"Sem vítima";"232,000";"BR-116/RJ";"Decrescente";"Choque";1;0;0;0;0;0;0;0;0;0;1;0;0;0;0
"14/04/2024";"07:15:00";"102";"Com vítima";"229,000";"BR-116/SP";"Crescente";"Colisão traseira";3;0;0;0;0;0;0;0;0;0;1;1;0;0;0
"14/04/2024";"08:13:00";"130";"Sem vítima";"156,500";"BR-116/SP";"Decrescente";"Acidentes de outra natureza";0;0;0;1;0;0;0;0;0;0;1;0;0;0;0
"14/04/2024";"10:25:00";"197";"Sem vítima";"119,100";"BR-116/SP";"Crescente";"Colisão traseira";1;0;1;0;0;0;0;0;0;0;6;0;0;0;0
"14/04/2024";"10:49:00";"209";"Sem vítima";"140,900";"BR-116/SP";"Crescente";"Choque";1;0;0;0;0;0;0;0;0;0;3;0;0;0;0
"14/04/2024";"11:47:00";"221";"Sem vítima";"211,400";"BR-116/SP";"Decrescente";"Colisão lateral em sentido contrário";1;0;1;0;0;0;0;0;0;0;6;0;0;0;0
"14/04/2024";"11:57:00";"232";"Com vítima";"218,000";"BR-116/SP";"Crescente";"Colisão lateral em sentido contrário";2;0;0;0;0;0;0;0;0;0;2;0;1;0;0
"14/04/2024";"12:07:00";"237";"Com vítima";"215,000";"BR-116/SP";"Crescente";"Colisão lateral em sentido contrário";0;0;0;1;0;0;0;0;0;0;0;1;0;0;0
"14/04/2024";"14:19:00";"289";"Sem vítima";"122,600";"BR-116/SP";"Crescente";"Engavetamento";2;0;0;0;0;0;0;0;0;0;7;0;0;0;0
"14/04/2024";"15:29:00";"324";"Com vítima";"223,000";"BR-116/SP";"Crescente";"Colisão lateral em sentido contrário";1;0;0;1;0;0;0;0;0;0;1;1;0;0;0
"14/04/2024";"16:33:00";"365";"Sem vítima";"421,000";"BR-101/RJ";"Decrescente";"Colisão traseira";2;0;0;0;0;0;0;0;0;0;5;0;0;0;0
"14/04/2024";"16:39:00";"368";"Sem vítima";"106,000";"BR-116/SP";"Crescente";"Engavetamento";5;0;0;0;0;0;0;0;0;0;0;0;0;0;0
"14/04/2024";"16:59:00";"377";"Sem vítima";"144,300";"BR-116/SP";"Decrescente";"Choque";1;0;0;0;0;0;0;0;0;0;1;0;0;0;0
"14/04/2024";"18:33:00";"425";"Com vítima";"208,500";"BR-116/SP";"Crescente";"Colisão lateral em sentido contrário";1;0;0;1;0;0;0;0;0;0;4;0;1;0;0
"14/04/2024";"18:46:00";"406";"Com vítima";"31,000";"BR-101/SP";"Crescente";"Acidentes de outra natureza";0;0;0;1;0;0;0;0;0;0;1;1;0;0;0
"14/04/2024";"19:59:00";"470";"Com vítima";"223,000";"BR-116/SP";"Crescente";"Colisão traseira";2;0;0;0;0;0;0;0;0;0;3;1;0;0;0
"14/04/2024";"20:12:00";"474";"Com vítima";"221,900";"BR-116/SP";"Crescente";"Acidentes de outra natureza";0;0;0;1;0;0;0;0;0;0;0;1;0;0;0
"14/04/2024";"20:40:00";"490";"Com vítima";"322,550";"BR-116/RJ";"Crescente";"Acidentes de outra natureza";0;0;0;1;0;0;0;0;0;0;0;0;1;0;0
"14/04/2024";"22:46:00";"531";"Com vítima";"176,500";"BR-116/SP";"Crescente";"Colisão traseira";1;0;0;1;0;0;0;0;0;0;1;2;0;0;0
"15/04/2024";"00:00:00";"216";"Sem vítima";"249,500";"BR-116/RJ";"Decrescente";"Colisão traseira";1;0;1;0;0;0;0;0;0;0;2;0;0;0;0
"15/04/2024";"02:41:00";"57";"Com vítima";"149,000";"BR-116/SP";"Crescente";"Choque";2;0;0;0;0;0;0;0;0;0;2;1;0;1;0
"15/04/2024";"03:39:00";"59";"Com vítima";"126,880";"BR-116/SP";"Decrescente";"Acidentes de outra natureza";0;0;0;1;0;0;0;0;0;0;0;0;1;0;0
"15/04/2024";"05:04:00";"81";"Sem vítima";"212,000";"BR-116/SP";"Crescente";"Colisão traseira";2;0;0;0;0;1;0;0;0;0;2;0;0;0;0
"15/04/2024";"07:06:00";"145";"Com vítima";"387,000";"BR-101/RJ";"Crescente";"Colisão traseira";0;0;2;0;0;0;0;0;0;0;1;0;2;0;0
"15/04/2024";"07:35:00";"173";"Com vítima";"162,500";"BR-116/SP";"Decrescente";"Engavetamento";0;0;4;0;0;0;0;0;0;0;5;0;1;0;0
"15/04/2024";"08:35:00";"218";"Com vítima";"157,000";"BR-116/SP";"Crescente";"Colisão lateral em sentido contrário";0;0;0;1;0;0;0;0;0;0;0;1;0;0;0
"15/04/2024";"11:44:00";"328";"Com vítima";"98,000";"BR-116/SP";"Crescente";"Acidentes de outra natureza";0;0;0;1;0;0;0;0;0;0;1;0;0;1;0
"15/04/2024";"11:50:00";"335";"Sem vítima";"158,100";"BR-116/SP";"Decrescente";"Colisão traseira";2;0;0;0;0;0;0;0;0;0;3;0;0;0;0
"15/04/2024";"14:03:00";"400";"Com vítima";"478,000";"BR-101/RJ";"Crescente";"Colisão lateral em sentido contrário";1;0;0;1;0;0;0;0;0;0;0;1;0;0;0
"15/04/2024";"14:34:00";"416";"Sem vítima";"157,800";"BR-116/SP";"Crescente";"Choque";1;0;0;0;0;0;0;0;0;0;1;0;0;0;0
"15/04/2024";"14:47:00";"426";"Com vítima";"220,000";"BR-116/SP";"Crescente";"Colisão traseira";1;0;0;1;0;0;0;0;0;0;2;1;0;0;0
"15/04/2024";"14:53:00";"427";"Sem vítima";"248,600";"BR-116/RJ";"Decrescente";"Colisão traseira";1;0;0;0;1;0;0;0;0;0;21;0;0;0;0
"15/04/2024";"15:26:00";"441";"Com vítima";"216,000";"BR-116/SP";"Crescente";"Colisão lateral em sentido contrário";0;0;1;0;1;0;0;0;0;0;13;1;0;0;0
"15/04/2024";"18:23:00";"537";"Com vítima";"482,000";"BR-101/RJ";"Decrescente";"Atropelamento de pedestre";1;0;0;0;0;0;0;0;0;0;3;1;0;0;0
"15/04/2024";"18:23:00";"538";"Sem vítima";"160,300";"BR-116/SP";"Decrescente";"Colisão lateral em sentido contrário";1;0;0;0;0;0;0;0;0;0;1;0;0;0;0
"15/04/2024";"22:38:00";"657";"Sem vítima";"286,300";"BR-116/RJ";"Decrescente";"Colisão lateral em sentido contrário";1;0;1;0;0;0;0;0;0;0;0;0;0;0;0
"16/04/2024";"00:00:00";"315";"Sem vítima";"250,000";"BR-116/RJ";"Decrescente";"Colisão traseira";1;0;1;0;0;0;0;0;0;0;2;0;0;0;0
"16/04/2024";"06:38:00";"117";"Sem vítima";"158,000";"BR-116/SP";"Decrescente";"Colisão traseira";1;0;1;0;0;0;0;0;0;0;3;0;0;0;0
"16/04/2024";"07:50:00";"181";"Sem vítima";"143,500";"BR-116/SP";"Crescente";"Engavetamento";3;0;0;0;0;0;0;0;0;0;4;0;0;0;0
"16/04/2024";"08:06:00";"199";"Com vítima";"397,000";"BR-101/RJ";"Decrescente";"Choque";0;0;1;0;0;0;0;0;0;0;0;0;1;0;0
"16/04/2024";"08:09:00";"201";"Sem vítima";"141,300";"BR-116/SP";"Crescente";"Colisão traseira";2;0;0;0;0;0;0;0;0;0;3;0;0;0;0
"16/04/2024";"08:16:00";"207";"Sem vítima";"141,300";"BR-116/SP";"Crescente";"Colisão traseira";1;0;1;0;0;0;0;0;0;0;1;0;0;0;0
"16/04/2024";"08:31:00";"222";"Sem vítima";"141,000";"BR-116/SP";"Decrescente";"Colisão traseira";2;0;0;0;0;0;0;0;0;0;5;0;0;0;0
"16/04/2024";"08:57:00";"237";"Com vítima";"222,000";"BR-116/SP";"Crescente";"Colisão traseira";1;0;0;1;0;0;0;0;0;0;1;1;0;0;0
"16/04/2024";"09:18:00";"250";"Sem vítima";"141,000";"BR-116/SP";"Crescente";"Colisão traseira";2;0;0;0;0;0;0;0;0;0;4;0;0;0;0
"16/04/2024";"09:28:00";"254";"Com vítima";"216,000";"BR-116/SP";"Crescente";"Colisão traseira";1;0;0;1;0;0;0;0;0;0;1;1;0;0;0
"16/04/2024";"10:34:00";"294";"Com vítima";"450,000";"BR-101/RJ";"Decrescente";"Engavetamento";0;0;0;1;0;0;0;0;0;0;0;1;0;0;0
"16/04/2024";"11:47:00";"339";"Sem vítima";"250,000";"BR-116/RJ";"Decrescente";"Colisão traseira";1;0;0;0;0;0;0;0;0;0;2;0;0;0;0
"16/04/2024";"12:40:00";"360";"Sem vítima";"217,000";"BR-116/SP";"Crescente";"Colisão traseira";1;0;0;0;0;0;0;0;0;0;1;0;0;0;0
"16/04/2024";"14:50:00";"416";"Sem vítima";"215,000";"BR-116/SP";"Crescente";"Engavetamento";3;0;0;0;0;0;0;0;0;0;3;0;0;0;0
"16/04/2024";"17:47:00";"509";"Sem vítima";"204,000";"BR-116/SP";"Decrescente";"Colisão lateral em sentido contrário";2;0;0;0;0;0;0;1;0;0;4;0;0;0;0
"16/04/2024";"18:46:00";"542";"Com vítima";"248,200";"BR-116/RJ";"Decrescente";"Atropelamento de pedestre";0;0;0;1;0;0;0;0;0;0;1;0;1;0;0
"16/04/2024";"18:47:00";"543";"Com vítima";"224,000";"BR-116/SP";"Crescente";"Choque";0;0;0;1;0;0;0;0;0;0;0;1;0;0;0
"16/04/2024";"19:21:00";"563";"Com vítima";"217,000";"BR-116/SP";"Decrescente";"Acidentes de outra natureza";0;0;0;1;0;0;0;0;0;0;0;1;0;0;0
"16/04/2024";"22:50:00";"645";"Sem vítima";"302,500";"BR-116/RJ";"Decrescente";"Acidentes de outra natureza";0;0;0;0;0;0;0;0;0;1;1;0;0;0;0
"17/04/2024";"03:20:00";"61";"Com vítima";"32,300";"BR-116/SP";"Decrescente";"Colisão traseira";0;0;1;0;0;0;0;1;0;0;0;2;1;0;0
"17/04/2024";"05:27:00";"88";"Com vítima";"219,000";"BR-116/SP";"Crescente";"Colisão lateral em sentido contrário";0;0;1;0;1;0;0;0;0;0;3;1;0;0;0
"17/04/2024";"06:13:00";"101";"Com vítima";"156,300";"BR-116/SP";"Crescente";"Colisão traseira";2;0;0;0;0;0;0;0;0;0;3;1;0;0;0
"17/04/2024";"06:56:00";"139";"Com vítima";"212,000";"BR-116/SP";"Crescente";"Colisão traseira";1;0;0;1;0;0;0;0;0;0;3;0;0;1;0
"17/04/2024";"07:31:00";"164";"Sem vítima";"316,700";"BR-116/RJ";"Decrescente";"Choque";0;0;1;0;0;0;0;0;0;0;1;0;0;0;0
"17/04/2024";"07:38:00";"168";"Com vítima";"316,700";"BR-116/RJ";"Decrescente";"Colisão lateral em sentido contrário";2;0;0;0;0;0;0;0;0;0;1;2;0;0;0
"17/04/2024";"07:59:00";"188";"Sem vítima";"154,800";"BR-116/SP";"Crescente";"Colisão traseira";1;0;0;0;0;0;0;0;0;0;1;0;0;0;0
"17/04/2024";"08:35:00";"222";"Sem vítima";"138,200";"BR-116/SP";"Crescente";"Colisão traseira";0;0;0;0;0;0;0;1;0;0;1;0;0;0;0
"17/04/2024";"08:59:00";"238";"Com vítima";"220,000";"BR-116/SP";"Crescente";"Colisão traseira";1;0;0;1;0;0;0;0;0;0;1;1;0;0;0
"17/04/2024";"09:26:00";"258";"Com vítima";"272,000";"BR-116/RJ";"Crescente";"Choque";1;0;0;0;0;0;0;0;0;0;2;1;0;0;0
"17/04/2024";"09:42:00";"269";"Sem vítima";"272,300";"BR-116/RJ";"Crescente";"Choque";1;0;0;0;0;0;0;0;0;0;0;0;0;0;0
"17/04/2024";"09:42:00";"270";"Com vítima";"272,600";"BR-116/RJ";"Decrescente";"Choque";1;0;0;0;0;0;0;0;0;0;0;1;0;0;0
"17/04/2024";"09:58:00";"278";"Com vítima";"222,000";"BR-116/SP";"Crescente";"Colisão traseira";0;0;0;1;0;0;0;0;0;1;1;1;1;0;0
"17/04/2024";"14:45:00";"404";"Sem vítima";"576,000";"BR-101/RJ";"Crescente";"Colisão lateral em sentido contrário";2;0;0;0;0;0;0;0;0;0;4;0;0;0;0
"17/04/2024";"15:18:00";"420";"Sem vítima";"96,000";"BR-116/SP";"Crescente";"Colisão lateral em sentido contrário";0;0;2;0;0;0;0;0;0;0;3;0;0;0;0
"17/04/2024";"16:47:00";"462";"Sem vítima";"104,000";"BR-116/SP";"Crescente";"Colisão lateral em sentido contrário";1;0;0;0;0;0;0;0;0;0;1;0;0;0;0
"17/04/2024";"16:50:00";"464";"Com vítima";"530,000";"BR-101/RJ";"Crescente";"Capotamento";1;0;0;0;0;0;0;0;0;0;0;1;0;0;0
"17/04/2024";"17:21:00";"484";"Sem vítima";"394,000";"BR-101/RJ";"Decrescente";"Colisão traseira";2;0;0;0;0;0;0;0;0;0;0;0;0;0;0
"17/04/2024";"18:07:00";"503";"Com vítima";"274,050";"BR-116/RJ";"Crescente";"Engavetamento";2;0;0;0;0;0;0;0;0;0;1;1;0;0;0
"17/04/2024";"18:12:00";"504";"Sem vítima";"142,000";"BR-116/SP";"Decrescente";"Engavetamento";1;0;0;0;0;0;0;0;0;0;1;0;0;0;0
"17/04/2024";"20:42:00";"574";"Sem vítima";"252,000";"BR-116/RJ";"Decrescente";"Colisão traseira";1;0;0;0;0;0;0;0;0;0;1;0;0;0;0
"17/04/2024";"20:54:00";"583";"Com vítima";"240,000";"BR-116/RJ";"Decrescente";"Choque";0;0;0;0;1;0;0;0;0;0;0;0;1;0;0