data;horario;n_da_ocorrencia;tipo_de_ocorrencia;km;trecho;sentido;tipo_de_acidente;automovel;bicicleta;caminhao;moto;onibus;outros;tracao_animal;transporte_de_cargas_especiais;trator_maquinas;utilitarios;ilesos;levemente_feridos;moderadamente_feridos;gravemente_feridos;mortos
"02/05/2024";"16:40:00";"534";"Sem vítima";"122,500";"BR-116/SP";"Decrescente";"Engavetamento";3;0;0;0;0;0;0;0;0;0;5;0;0;0;0
"02/05/2024";"17:33:00";"558";"Com vítima";"135,300";"BR-116/SP";"Crescente";"Colisão traseira";1;0;0;1;0;0;0;0;0;0;1;0;2;0;0
"02/05/2024";"18:02:00";"572";"Com vítima";"264,000";"BR-116/RJ";"Crescente";"Colisão lateral em sentido contrário";1;0;0;0;0;0;0;0;0;0;1;0;1;0;0
"02/05/2024";"19:43:00";"630";"Sem vítima";"217,000";"BR-116/SP";"Decrescente";"Engavetamento";3;0;0;0;0;0;0;0;0;0;3;0;0;0;0
"02/05/2024";"21:53:00";"677";"Com vítima";"157,000";"BR-116/SP";"Decrescente";"Colisão traseira";1;0;1;0;0;0;0;0;0;0;1;0;1;0;1
"03/05/2024";"00:00:00";"268";"Com vítima";"495,000";"BR-101/RJ";"Decrescente";"Engavetamento";2;0;0;0;1;0;0;0;0;0;3;1;0;0;0
"03/05/2024";"00:00:00";"662";"Com vítima";"322,300";"BR-116/RJ";"Decrescente";"Choque";1;0;0;0;0;0;0;0;0;0;0;2;0;0;0
"03/05/2024";"02:22:00";"58";"Com vítima";"80,400";"BR-116/SP";"Crescente";"Engavetamento";0;0;3;0;0;0;0;0;0;0;0;0;1;0;0
"03/05/2024";"06:59:00";"146";"Com vítima";"219,500";"BR-116/SP";"Crescente";"Colisão lateral em sentido contrário";1;0;0;1;0;0;0;0;0;0;4;0;1;0;0
"03/05/2024";"07:14:00";"162";"Com vítima";"312,000";"BR-116/RJ";"Crescente";"Colisão traseira";0;0;0;2;0;0;0;0;0;0;0;2;0;0;0
"03/05/2024";"07:28:00";"174";"Com vítima";"155,000";"BR-116/SP";"Crescente";"Colisão traseira";0;0;0;1;0;0;0;0;0;0;0;1;0;0;0
"03/05/2024";"07:29:00";"175";"Sem vítima";"234,000";"BR-116/RJ";"Decrescente";"Choque";0;0;1;0;0;0;0;0;0;0;1;0;0;0;0
"03/05/2024";"08:08:00";"209";"Com vítima";"211,950";"BR-116/SP";"Crescente";"Choque";0;0;0;1;0;0;0;0;0;0;0;0;1;0;0
"03/05/2024";"08:10:00";"210";"Sem vítima";"399,000";"BR-101/RJ";"Decrescente";"Colisão traseira";2;0;0;0;0;0;0;0;0;0;2;0;0;0;0
"03/05/2024";"09:37:00";"282";"Sem vítima";"155,500";"BR-116/SP";"Crescente";"Colisão lateral em sentido contrário";1;0;0;0;0;0;0;0;0;0;1;0;0;0;0
"03/05/2024";"10:28:00";"310";"Sem vítima";"78,000";"BR-116/SP";"Decrescente";"Choque";1;0;0;0;0;0;0;0;0;0;1;0;0;0;0
"03/05/2024";"14:08:00";"445";"Sem vítima";"117,350";"BR-116/SP";"Decrescente";"Colisão traseira";1;0;0;0;0;0;0;0;0;0;1;0;0;0;0
"03/05/2024";"15:47:00";"504";"Com vítima";"215,000";"BR-116/SP";"Crescente";"Choque";0;0;0;1;0;0;0;0;0;0;0;1;0;0;0
"03/05/2024";"16:24:00";"524";"Com vítima";"113,900";"BR-116/SP";"Decrescente";"Colisão traseira";1;0;0;1;0;0;0;0;0;0;2;0;1;0;0
"03/05/2024";"19:10:00";"611";"Com vítima";"217,000";"BR-116/SP";"Decrescente";"Acidentes de outra natureza";0;0;0;1;0;0;0;0;0;0;0;1;0;0;0
"03/05/2024";"19:14:00";"614";"Com vítima";"306,000";"BR-116/RJ";"Decrescente";"Colisão traseira";1;0;0;1;0;0;0;0;0;0;0;2;0;0;0
"03/05/2024";"19:20:00";"619";"Sem vítima";"116,400";"BR-116/SP";"Crescente";"Colisão traseira";2;0;0;0;0;0;0;0;0;0;0;0;0;0;0
"03/05/2024";"19:41:00";"631";"Com vítima";"153,600";"BR-116/SP";"Crescente";"Acidentes de outra natureza";0;0;0;1;0;0;0;0;0;0;1;0;1;0;0
"03/05/2024";"19:56:00";"643";"Sem vítima";"496,100";"BR-101/RJ";"Crescente";"Choque";1;0;0;0;0;0;0;0;0;0;3;0;0;0;0
"03/05/2024";"20:47:00";"668";"Sem vítima";"223,000";"BR-116/SP";"Crescente";"Choque";2;0;0;0;0;0;0;0;0;0;2;0;0;0;0
"03/05/2024";"21:37:00";"685";"Sem vítima";"216,000";"BR-116/SP";"Decrescente";"Colisão traseira";2;0;0;0;0;0;0;0;0;0;0;0;0;0;0
"03/05/2024";"22:35:00";"712";"Sem vítima";"281,200";"BR-116/RJ";"Crescente";"Choque";1;0;0;0;0;0;0;0;0;0;1;0;0;0;0
"04/05/2024";"01:03:00";"41";"Sem vítima";"112,500";"BR-116/SP";"Crescente";"Choque";1;0;0;0;0;0;0;0;0;0;0;0;0;0;0
"04/05/2024";"02:10:00";"54";"Sem vítima";"405,000";"BR-101/RJ";"Decrescente";"Atropelamento de pedestre";2;0;0;0;0;0;0;0;0;0;2;0;0;0;0
"04/05/2024";"02:16:00";"56";"Sem vítima";"217,000";"BR-116/SP";"Decrescente";"Colisão traseira";2;0;0;0;0;0;0;0;0;0;2;0;0;0;0
"04/05/2024";"02:41:00";"61";"Com vítima";"387,000";"BR-101/RJ";"Crescente";"Colisão lateral em sentido contrário";2;0;0;0;0;0;0;0;0;0;2;1;0;0;0
"04/05/2024";"06:17:00";"101";"Sem vítima";"165,500";"BR-116/SP";"Decrescente";"Colisão traseira";1;0;0;0;1;0;0;0;0;0;46;0;0;0;0
"04/05/2024";"06:18:00";"102";"Com vítima";"99,200";"BR-116/SP";"Decrescente";"Colisão traseira";1;0;1;0;0;0;0;0;0;0;3;1;0;0;0
"04/05/2024";"06:31:00";"107";"Com vítima";"390,000";"BR-101/RJ";"Decrescente";"Atropelamento de pedestre";0;0;0;1;0;0;0;0;0;0;0;2;0;0;0
"04/05/2024";"07:10:00";"130";"Com vítima";"78,200";"BR-116/SP";"Crescente";"Acidentes de outra natureza";0;0;0;1;0;0;0;0;0;0;0;0;1;0;0
"04/05/2024";"07:28:00";"141";"Com vítima";"224,000";"BR-116/SP";"Decrescente";"Choque";2;0;0;0;0;0;0;0;0;0;0;1;0;0;0
"04/05/2024";"08:22:00";"169";"Com vítima";"223,000";"BR-116/SP";"Decrescente";"Colisão traseira";0;0;0;1;0;0;0;0;0;0;0;1;0;0;0
"04/05/2024";"09:18:00";"198";"Com vítima";"51,200";"BR-101/SP";"Crescente";"Colisão traseira";1;0;0;1;0;0;0;0;0;0;0;2;0;0;0
"04/05/2024";"09:58:00";"215";"Sem vítima";"205,000";"BR-116/SP";"Decrescente";"Acidentes de outra natureza";0;0;1;0;0;0;0;0;0;0;0;0;0;0;0
"04/05/2024";"10:18:00";"226";"Sem vítima";"145,000";"BR-116/SP";"Crescente";"Colisão lateral em sentido contrário";2;0;0;0;0;0;0;0;0;0;2;0;0;0;0
"04/05/2024";"11:19:00";"265";"Sem vítima";"229,100";"BR-116/RJ";"Decrescente";"Tombamento";0;0;1;0;0;0;0;0;0;0;1;0;0;0;0
"04/05/2024";"12:28:00";"299";"Sem vítima";"252,300";"BR-116/RJ";"Crescente";"Colisão traseira";0;0;1;1;0;0;0;0;0;0;3;0;0;0;0
"04/05/2024";"12:34:00";"301";"Com vítima";"35,000";"BR-101/SP";"Crescente";"Acidentes de outra natureza";0;0;0;1;0;0;0;0;0;0;0;1;0;0;0
"04/05/2024";"14:58:00";"378";"Sem vítima";"159,000";"BR-116/SP";"Crescente";"Colisão lateral em sentido contrário";1;0;0;0;0;0;0;0;0;0;1;0;0;0;0
"04/05/2024";"16:08:00";"406";"Com vítima";"443,000";"BR-101/RJ";"Decrescente";"Acidentes de outra natureza";0;0;0;1;0;0;0;0;0;0;0;1;1;0;0
"04/05/2024";"17:13:00";"430";"Sem vítima";"182,300";"BR-116/SP";"Decrescente";"Colisão traseira";1;0;0;0;0;0;0;0;0;0;3;0;0;0;0
"04/05/2024";"17:39:00";"440";"Sem vítima";"107,650";"BR-116/SP";"Decrescente";"Capotamento";1;0;0;0;0;0;0;0;0;0;1;0;0;0;0
"04/05/2024";"19:12:00";"467";"Com vítima";"220,000";"BR-116/SP";"Decrescente";"Colisão traseira";1;0;0;1;0;0;0;0;0;0;1;1;0;0;0
"04/05/2024";"19:23:00";"470";"Com vítima";"157,000";"BR-116/SP";"Crescente";"Engavetamento";2;0;0;0;0;0;0;0;0;0;3;1;0;0;0
"04/05/2024";"21:20:00";"507";"Sem vítima";"245,450";"BR-116/RJ";"Decrescente";"Tombamento";0;0;0;0;0;0;0;1;0;0;1;0;0;0;0
"04/05/2024";"21:31:00";"509";"Sem vítima";"245,500";"BR-116/RJ";"Decrescente";"Choque";1;0;0;0;0;0;0;0;0;0;1;0;0;0;0
"05/05/2024";"00:58:00";"41";"Com vítima";"151,000";"BR-116/SP";"Crescente";"Colisão traseira";2;0;0;0;0;0;0;0;0;0;5;2;0;0;0
"05/05/2024";"03:02:00";"59";"Com vítima";"133,550";"BR-116/SP";"Crescente";"Engavetamento";4;0;0;0;0;0;0;0;0;0;6;0;1;0;0
"05/05/2024";"04:04:00";"71";"Com vítima";"108,900";"BR-116/SP";"Decrescente";"Capotamento";1;0;0;0;0;0;0;0;0;0;0;1;0;0;0
"05/05/2024";"04:52:00";"78";"Com vítima";"119,400";"BR-116/SP";"Decrescente";"Capotamento";1;0;0;0;0;0;0;0;0;0;0;1;0;0;0
"05/05/2024";"06:36:00";"93";"Com vítima";"143,200";"BR-116/SP";"Decrescente";"Colisão traseira";2;0;0;0;0;0;0;0;0;0;2;1;0;0;0
"05/05/2024";"06:52:00";"98";"Sem vítima";"143,000";"BR-116/SP";"Decrescente";"Colisão traseira";1;0;0;0;0;0;0;0;0;0;0;0;0;0;0
"05/05/2024";"08:04:00";"123";"Com vítima";"489,000";"BR-101/RJ";"Crescente";"Colisão traseira";2;0;0;1;0;0;0;0;0;0;2;0;2;0;0
"05/05/2024";"09:02:00";"137";"Sem vítima";"463,000";"BR-101/RJ";"Crescente";"Choque";1;0;0;0;0;0;0;0;0;0;0;0;0;0;0
"05/05/2024";"10:07:00";"157";"Com vítima";"214,800";"BR-116/SP";"Decrescente";"Capotamento";1;0;0;0;0;0;0;0;0;0;0;5;0;0;0
"05/05/2024";"13:12:00";"219";"Com vítima";"145,000";"BR-116/SP";"Crescente";"Colisão traseira";1;0;0;1;0;0;0;0;0;0;2;0;0;1;0
"05/05/2024";"13:22:00";"221";"Com vítima";"107,000";"BR-116/SP";"Crescente";"Colisão lateral em sentido contrário";2;0;0;0;1;0;0;0;0;0;51;2;0;0;0
"05/05/2024";"14:02:00";"242";"Com vítima";"108,000";"BR-116/SP";"Crescente";"Colisão lateral em sentido contrário";1;0;0;0;0;0;0;0;0;0;0;2;2;0;0
"05/05/2024";"14:15:00";"250";"Sem vítima";"145,000";"BR-116/SP";"Crescente";"Engavetamento";3;0;0;0;0;0;0;0;0;0;4;0;0;0;0
"05/05/2024";"14:15:00";"251";"Com vítima";"45,500";"BR-101/SP";"Crescente";"Colisão lateral em sentido contrário";1;0;0;1;0;0;0;0;0;0;2;1;0;0;0
"05/05/2024";"15:15:00";"265";"Com vítima";"229,000";"BR-116/SP";"Decrescente";"Acidentes de outra natureza";0;0;0;1;0;0;0;0;0;0;0;1;0;1;0
"05/05/2024";"16:06:00";"295";"Sem vítima";"98,100";"BR-116/SP";"Crescente";"Colisão traseira";1;0;0;0;0;0;0;0;0;0;1;0;0;0;0
"05/05/2024";"16:28:00";"304";"Sem vítima";"124,000";"BR-116/SP";"Decrescente";"Capotamento";1;0;0;0;0;0;0;0;0;0;1;0;0;0;0
"05/05/2024";"17:08:00";"323";"Com vítima";"108,500";"BR-116/SP";"Crescente";"Engavetamento";2;0;0;1;0;0;0;0;0;0;4;1;1;0;0
"05/05/2024";"17:11:00";"326";"Sem vítima";"88,300";"BR-116/SP";"Crescente";"Colisão traseira";0;0;0;0;0;0;0;0;0;1;1;0;0;0;0
"05/05/2024";"17:38:00";"337";"Sem vítima";"486,000";"BR-101/RJ";"Crescente";"Colisão traseira";2;0;0;0;0;0;0;0;0;0;5;0;0;0;0
"05/05/2024";"18:42:00";"380";"Com vítima";"101,600";"BR-116/SP";"Decrescente";"Acidentes de outra natureza";0;0;0;1;0;0;0;1;0;0;2;0;1;0;0
"05/05/2024";"18:56:00";"389";"Sem vítima";"158,200";"BR-116/SP";"Decrescente";"Colisão traseira";0;0;2;0;0;0;0;0;0;0;2;0;0;0;0
"05/05/2024";"23:19:00";"475";"Sem vítima";"227,000";"BR-116/SP";"Decrescente";"Colisão lateral em sentido contrário";2;0;0;0;0;0;0;0;0;0;1;0;0;0;0
"05/05/2024";"23:26:00";"476";"Com vítima";"473,500";"BR-101/RJ";"Crescente";"Colisão frontal";0;0;0;2;0;0;0;0;0;0;0;0;0;2;0
"06/05/2024";"00:00:00";"457";"Com vítima";"193,400";"BR-116/SP";"Decrescente";"Acidentes de outra natureza";0;0;0;1;0;0;0;0;0;0;0;1;0;0;0
"06/05/2024";"02:52:00";"52";"Sem vítima";"29,800";"BR-116/SP";"Decrescente";"Choque";1;0;0;0;0;0;0;0;0;0;3;0;0;0;0
"06/05/2024";"07:48:00";"173";"Com vítima";"317,000";"BR-116/RJ";"Decrescente";"Colisão lateral em sentido contrário";0;0;0;1;1;0;0;0;0;0;1;0;1;0;0
"06/05/2024";"07:50:00";"176";"Sem vítima";"210,000";"BR-116/SP";"Decrescente";"Acidentes de outra natureza";1;0;0;0;0;0;0;0;0;0;0;0;0;0;0
"06/05/2024";"08:16:00";"198";"Sem vítima";"211,700";"BR-116/SP";"Decrescente";"Engavetamento";1;0;1;0;0;0;0;0;0;0;3;0;0;0;0
"06/05/2024";"09:15:00";"239";"Sem vítima";"256,000";"BR-116/RJ";"Decrescente";"Choque";1;0;0;0;0;0;0;0;0;0;2;0;0;0;0
"06/05/2024";"11:18:00";"313";"Sem vítima";"219,000";"BR-116/SP";"Decrescente";"Colisão lateral em sentido contrário";0;0;1;0;0;0;0;0;0;1;2;0;0;0;0
"06/05/2024";"15:22:00";"443";"Com vítima";"221,000";"BR-116/SP";"Decrescente";"Colisão traseira";1;0;0;1;0;0;0;0;0;0;1;1;0;0;0
"06/05/2024";"19:08:00";"551";"Sem vítima";"232,300";"BR-116/RJ";"Decrescente";"Choque";1;0;0;0;0;0;0;0;0;0;1;0;0;0;0
"06/05/2024";"20:00:00";"576";"Com vítima";"389,000";"BR-101/RJ";"Decrescente";"Colisão traseira";1;0;0;1;0;0;0;0;0;0;3;0;1;0;0
"06/05/2024";"22:15:00";"622";"Sem vítima";"199,100";"BR-116/SP";"Crescente";"Colisão traseira";0;0;2;0;0;0;0;0;0;0;5;0;0;0;0
"07/05/2024";"05:19:00";"76";"Sem vítima";"222,000";"BR-116/SP";"Decrescente";"Choque";1;0;0;0;0;0;0;0;0;0;2;0;0;0;0
"07/05/2024";"05:46:00";"85";"Sem vítima";"264,600";"BR-116/RJ";"Decrescente";"Choque";1;0;0;0;0;0;0;0;0;0;0;0;0;0;0
"07/05/2024";"06:56:00";"135";"Sem vítima";"219,000";"BR-116/SP";"Crescente";"Colisão traseira";1;0;0;1;0;0;0;0;0;0;2;0;0;0;0
"07/05/2024";"07:06:00";"142";"Com vítima";"229,000";"BR-116/SP";"Crescente";"Acidentes de outra natureza";0;0;0;1;0;0;0;0;0;0;0;1;0;0;0
"07/05/2024";"08:03:00";"190";"Com vítima";"216,000";"BR-116/SP";"Crescente";"Colisão traseira";0;0;0;3;0;0;0;0;0;0;0;5;0;0;0
"07/05/2024";"08:18:00";"210";"Sem vítima";"147,450";"BR-116/SP";"Crescente";"Colisão traseira";1;0;0;0;0;0;0;0;0;0;1;0;0;0;0
"07/05/2024";"08:37:00";"225";"Sem vítima";"229,000";"BR-116/RJ";"Decrescente";"Choque";0;0;1;0;0;0;0;0;0;0;1;0;0;0;0
"07/05/2024";"09:58:00";"287";"Sem vítima";"199,000";"BR-116/SP";"Decrescente";"Colisão lateral em sentido contrário";1;0;0;0;0;0;0;0;0;0;1;0;0;0;0
"07/05/2024";"11:40:00";"352";"Com vítima";"157,000";"BR-116/SP";"Decrescente";"Colisão traseira";1;0;0;1;0;0;0;0;0;0;2;1;0;0;0
"07/05/2024";"11:58:00";"362";"Com vítima";"428,000";"BR-101/RJ";"Decrescente";"Colisão frontal";0;0;1;1;0;0;0;0;0;0;4;1;0;0;0
"07/05/2024";"14:54:00";"453";"Sem vítima";"120,000";"BR-116/SP";"Decrescente";"Colisão traseira";0;0;1;0;0;0;0;0;0;0;1;0;0;0;0
"07/05/2024";"18:18:00";"549";"Sem vítima";"472,000";"BR-101/RJ";"Crescente";"Colisão traseira";1;0;0;1;0;0;0;0;0;0;2;0;0;0;0
"07/05/2024";"18:23:00";"555";"Com vítima";"217,000";"BR-116/SP";"Decrescente";"Engavetamento";1;0;1;0;0;0;0;0;0;1;5;3;0;0;0
"07/05/2024";"20:17:00";"616";"Sem vítima";"272,600";"BR-116/RJ";"Crescente";"Choque";0;0;1;0;0;0;0;0;0;0;1;0;0;0;0
"07/05/2024";"20:46:00";"626";"Com vítima";"262,700";"BR-116/RJ";"Crescente";"Choque";0;0;1;0;0;0;0;0;0;0;0;1;0;0;0
"08/05/2024";"00:37:00";"36";"Sem vítima";"121,500";"BR-116/SP";"Decrescente";"Colisão traseira";1;0;1;0;0;0;0;0;0;0;2;0;0;0;0
"08/05/2024";"03:51:00";"62";"Com vítima";"51,000";"BR-101/SP";"Decrescente";"Capotamento";1;0;0;0;0;0;0;0;0;0;0;0;0;1;0
"08/05/2024";"05:34:00";"81";"Sem vítima";"271,000";"BR-116/RJ";"Decrescente";"Tombamento";0;0;1;0;0;0;0;0;0;0;0;0;0;0;0
"08/05/2024";"06:11:00";"99";"Com vítima";"207,500";"BR-116/SP";"Crescente";"Colisão lateral em sentido contrário";0;0;0;1;0;0;0;0;0;0;0;1;0;0;0
"08/05/2024";"06:55:00";"138";"Com vítima";"229,800";"BR-116/RJ";"Decrescente";"Engavetamento";0;0;4;0;0;0;0;0;0;0;2;0;1;0;0
"08/05/2024";"06:59:00";"144";"Com vítima";"53,000";"BR-116/SP";"Decrescente";"Colisão lateral em sentido contrário";1;0;0;1;0;0;0;0;0;0;1;0;1;0;0
"08/05/2024";"07:06:00";"152";"Sem vítima";"182,300";"BR-116/SP";"Decrescente";"Engavetamento";0;0;2;0;0;0;0;0;0;0;3;0;0;0;0
"08/05/2024";"07:46:00";"185";"Com vítima";"150,000";"BR-116/SP";"Decrescente";"Colisão traseira";1;0;0;0;0;0;0;0;0;0;1;1;0;0;0
"08/05/2024";"08:53:00";"240";"Sem vítima";"487,000";"BR-101/RJ";"Decrescente";"Engavetamento";3;0;0;0;0;0;0;0;0;0;3;0;0;0;0
"08/05/2024";"09:32:00";"267";"Com vítima";"577,000";"BR-101/RJ";"Decrescente";"Colisão traseira";1;0;0;1;0;0;0;0;0;0;3;0;0;1;0
"08/05/2024";"10:03:00";"291";"Sem vítima";"224,000";"BR-116/SP";"Crescente";"Colisão lateral em sentido contrário";1;0;1;0;0;0;0;0;0;0;2;0;0;0;0
"08/05/2024";"10:08:00";"294";"Sem vítima";"470,000";"BR-101/RJ";"Crescente";"Colisão lateral em sentido contrário";2;0;0;0;0;0;0;0;0;0;4;0;0;0;0
"08/05/2024";"10:35:00";"317";"Sem vítima";"165,200";"BR-116/SP";"Crescente";"Colisão traseira";1;0;1;0;0;0;0;0;0;0;2;0;0;0;0
"08/05/2024";"11:47:00";"359";"Sem vítima";"429,000";"BR-101/RJ";"Decrescente";"Choque";0;0;0;0;0;0;0;0;0;1;2;0;0;0;0
"08/05/2024";"14:08:00";"452";"Sem vítima";"159,500";"BR-116/SP";"Decrescente";"Colisão traseira";2;0;0;0;0;0;0;0;0;0;2;0;0;0;0
"08/05/2024";"14:31:00";"471";"Com vítima";"498,000";"BR-101/RJ";"Crescente";"Atropelamento de pedestre";1;0;0;0;0;0;0;0;0;0;1;1;0;0;0
"08/05/2024";"17:26:00";"567";"Sem vítima";"126,000";"BR-116/SP";"Crescente";"Colisão lateral em sentido contrário";1;0;1;0;0;0;0;0;0;0;0;0;0;0;0
"08/05/2024";"18:08:00";"594";"Com vítima";"114,000";"BR-116/SP";"Decrescente";"Colisão lateral em sentido contrário";1;0;0;1;0;0;0;0;0;0;0;1;0;0;0
"08/05/2024";"18:44:00";"620";"Sem vítima";"54,000";"BR-116/SP";"Decrescente";"Colisão lateral em sentido contrário";1;0;0;0;0;0;0;0;0;0;0;0;0;0;0
"08/05/2024";"19:17:00";"638";"Sem vítima";"205,000";"BR-116/SP";"Crescente";"Colisão traseira";0;0;1;0;0;0;0;0;0;0;2;0;0;0;0
"08/05/2024";"20:24:00";"675";"Sem vítima";"180,800";"BR-116/SP";"Crescente";"Colisão traseira";2;0;0;0;0;0;0;0;0;0;6;0;0;0;0
"09/05/2024";"00:00:00";"582";"Com vítima";"313,500";"BR-116/RJ";"Crescente";"Colisão traseira";1;0;0;1;0;0;0;0;0;0;1;1;0;0;0
"09/05/2024";"00:00:00";"638";"Sem vítima";"558,000";"BR-101/RJ";"Crescente";"Choque";1;0;0;0;0;0;0;0;0;0;1;0;0;0;0
"09/05/2024";"00:54:00";"37";"Sem vítima";"526,000";"BR-101/RJ";"Crescente";"Choque";1;0;0;0;0;0;0;0;0;0;1;0;0;0;0
"09/05/2024";"01:26:00";"41";"Com vítima";"93,800";"BR-116/SP";"Decrescente";"Acidentes de outra natureza";0;0;1;0;0;0;0;0;0;0;0;1;0;0;0
"09/05/2024";"04:46:00";"68";"Sem vítima";"218,000";"BR-116/SP";"Decrescente";"Choque";1;0;0;0;0;0;0;0;0;0;2;0;0;0;0
"09/05/2024";"06:46:00";"127";"Com vítima";"159,200";"BR-116/SP";"Decrescente";"Colisão traseira";0;0;1;1;0;0;0;0;0;0;1;1;1;0;0
"09/05/2024";"06:49:00";"130";"Com vítima";"305,000";"BR-116/RJ";"Decrescente";"Colisão traseira";1;0;0;1;0;0;0;0;0;0;1;0;1;0;0
"09/05/2024";"07:32:00";"166";"Sem vítima";"305,000";"BR-116/RJ";"Decrescente";"Colisão traseira";2;0;0;0;0;0;0;0;0;0;4;0;0;0;0
"09/05/2024";"07:42:00";"175";"Sem vítima";"137,100";"BR-116/SP";"Decrescente";"Colisão traseira";2;0;0;0;0;0;0;0;0;0;1;0;0;0;0
"09/05/2024";"08:44:00";"212";"Sem vítima";"228,000";"BR-116/SP";"Crescente";"Engavetamento";2;0;0;0;0;0;0;0;0;0;2;0;0;0;0
"09/05/2024";"09:46:00";"248";"Com vítima";"123,000";"BR-116/SP";"Crescente";"Atropelamento de pedestre";0;1;0;0;0;0;0;0;0;0;0;0;0;0;0
"09/05/2024";"13:56:00";"380";"Com vítima";"158,450";"BR-116/SP";"Decrescente";"Engavetamento";3;0;0;0;0;0;0;0;0;0;2;1;0;0;0
"09/05/2024";"14:14:00";"389";"Sem vítima";"214,000";"BR-116/SP";"Decrescente";"Colisão lateral em sentido contrário";0;0;2;0;0;0;0;0;0;0;2;0;0;0;0
"09/05/2024";"14:25:00";"394";"Sem vítima";"165,000";"BR-116/SP";"Crescente";"Colisão traseira";0;0;2;0;0;0;0;0;0;0;2;0;0;0;0
"09/05/2024";"18:03:00";"509";"Sem vítima";"587,700";"BR-101/RJ";"Crescente";"Atropelamento de pedestre";1;0;0;0;0;0;0;0;0;0;1;0;0;0;0
"09/05/2024";"18:29:00";"523";"Sem vítima";"291,700";"BR-116/RJ";"Crescente";"Colisão lateral em sentido contrário";1;0;0;0;0;0;0;0;0;0;1;0;0;0;0
"09/05/2024";"21:29:00";"610";"Com vítima";"579,500";"BR-101/RJ";"Crescente";"Colisão frontal";2;0;0;0;0;0;0;0;0;0;0;1;1;2;0
"09/05/2024";"21:37:00";"613";"Com vítima";"334,500";"BR-116/RJ";"Crescente";"Tombamento";0;0;0;0;0;0;0;1;0;0;0;1;0;0;0
"09/05/2024";"22:31:00";"630";"Sem vítima";"162,000";"BR-116/SP";"Crescente";"Choque";1;0;0;0;0;0;0;0;0;0;4;0;0;0;0
"09/05/2024";"23:16:00";"642";"Com vítima";"310,000";"BR-116/RJ";"Decrescente";"Atropelamento de pedestre";0;0;0;0;0;0;0;0;0;0;0;0;0;1;0
"10/05/2024";"00:00:00";"260";"Com vítima";"24,700";"BR-116/SP";"Crescente";"Colisão traseira";1;0;1;0;0;0;0;0;0;0;2;3;0;0;0
"10/05/2024";"00:00:00";"293";"Com vítima";"471,000";"BR-101/RJ";"Crescente";"Colisão traseira";1;0;0;1;0;0;0;0;0;0;1;1;1;0;0
"10/05/2024";"00:16:00";"31";"Com vítima";"295,200";"BR-116/RJ";"Decrescente";"Tombamento";0;0;1;0;0;0;0;0;0;0;0;1;0;1;0
"10/05/2024";"02:01:00";"51";"Com vítima";"206,900";"BR-116/SP";"Decrescente";"Atropelamento de pedestre";0;0;0;0;0;0;0;0;0;0;0;0;0;0;1
"10/05/2024";"07:28:00";"178";"Com vítima";"225,000";"BR-116/SP";"Decrescente";"Colisão lateral em sentido contrário";1;0;1;0;0;0;0;0;0;0;2;0;1;0;0
"10/05/2024";"07:43:00";"193";"Com vítima";"23,700";"BR-101/SP";"Decrescente";"Choque";1;0;0;0;0;0;0;0;0;0;0;1;0;0;0
"10/05/2024";"08:04:00";"208";"Com vítima";"229,300";"BR-116/RJ";"Decrescente";"Tombamento";0;0;1;0;1;0;0;0;0;0;1;1;0;0;0
"10/05/2024";"09:33:00";"261";"Com vítima";"153,850";"BR-116/SP";"Decrescente";"Capotamento";1;0;0;0;0;0;0;0;0;0;0;1;0;0;0
"10/05/2024";"09:41:00";"265";"Com vítima";"99,500";"BR-116/SP";"Decrescente";"Acidentes de outra natureza";0;0;0;1;0;0;0;0;0;0;0;0;1;0;0
"10/05/2024";"10:25:00";"287";"Sem vítima";"228,800";"BR-116/SP";"Decrescente";"Colisão traseira";0;0;2;0;0;0;0;0;0;0;2;0;0;0;0
"10/05/2024";"11:01:00";"308";"Sem vítima";"119,000";"BR-116/SP";"Crescente";"Engavetamento";2;0;0;0;0;0;0;0;0;0;2;0;0;0;0
"10/05/2024";"11:04:00";"309";"Com vítima";"213,500";"BR-116/SP";"Crescente";"Tombamento";0;0;1;0;0;0;0;0;0;0;0;0;1;0;0
"10/05/2024";"11:07:00";"311";"Sem vítima";"213,000";"BR-116/SP";"Crescente";"Colisão traseira";2;0;0;0;0;0;0;0;0;0;7;0;0;0;0
"10/05/2024";"11:47:00";"330";"Sem vítima";"322,000";"BR-116/RJ";"Decrescente";"Acidentes de outra natureza";0;0;0;1;0;0;0;0;0;0;0;0;0;0;0
"10/05/2024";"11:56:00";"333";"Sem vítima";"243,300";"BR-116/RJ";"Decrescente";"Engavetamento";2;0;0;0;0;0;0;0;0;0;2;0;0;0;0
"10/05/2024";"12:03:00";"337";"Sem vítima";"214,700";"BR-116/SP";"Decrescente";"Choque";0;0;1;0;0;0;0;0;0;0;1;0;0;0;0
"10/05/2024";"12:55:00";"361";"Sem vítima";"276,000";"BR-116/RJ";"Crescente";"Choque";0;0;1;0;0;0;0;0;0;0;1;0;0;0;0