data;horario;n_da_ocorrencia;tipo_de_ocorrencia;km;trecho;sentido;tipo_de_acidente;automovel;bicicleta;caminhao;moto;onibus;outros;tracao_animal;transporte_de_cargas_especiais;trator_maquinas;utilitarios;ilesos;levemente_feridos;moderadamente_feridos;gravemente_feridos;mortos
"10/05/2024";"13:52:00";"402";"Sem vítima";"247,000";"BR-116/RJ";"Decrescente";"Engavetamento";4;0;1;0;0;0;0;0;0;0;4;0;0;0;0
"10/05/2024";"14:02:00";"410";"Sem vítima";"5,000";"BR-116/SP";"Crescente";"Choque";1;0;0;0;0;0;0;0;0;0;3;0;0;0;0
"10/05/2024";"14:28:00";"422";"Sem vítima";"100,200";"BR-116/SP";"Decrescente";"Choque";0;0;0;1;0;0;0;0;0;0;1;0;0;0;0
"10/05/2024";"14:50:00";"434";"Sem vítima";"100,200";"BR-116/SP";"Decrescente";"Choque";1;0;0;0;0;0;0;0;0;0;1;0;0;0;0
"10/05/2024";"16:20:00";"484";"Sem vítima";"265,000";"BR-116/RJ";"Decrescente";"Colisão lateral em sentido contrário";1;0;1;0;0;0;0;0;0;0;2;0;0;0;0
"10/05/2024";"16:52:00";"491";"Com vítima";"185,000";"BR-116/SP";"Decrescente";"Acidentes de outra natureza";0;0;0;1;0;0;0;0;0;0;0;1;0;0;0
"10/05/2024";"17:05:00";"506";"Sem vítima";"226,000";"BR-116/SP";"Decrescente";"Acidentes de outra natureza";0;0;0;0;0;0;0;0;1;0;0;0;0;0;0
"10/05/2024";"17:33:00";"525";"Sem vítima";"108,900";"BR-116/SP";"Crescente";"Colisão traseira";3;0;0;0;0;0;0;0;0;0;6;0;0;0;0
"10/05/2024";"17:56:00";"546";"Sem vítima";"121,000";"BR-116/SP";"Decrescente";"Colisão traseira";1;0;0;0;0;0;0;0;0;0;1;0;0;0;0
"10/05/2024";"18:08:00";"552";"Com vítima";"24,750";"BR-116/SP";"Crescente";"Colisão lateral em sentido contrário";0;0;1;0;0;0;0;1;0;0;1;1;0;0;0
"10/05/2024";"18:35:00";"566";"Com vítima";"212,000";"BR-116/SP";"Decrescente";"Colisão traseira";1;0;0;1;0;0;0;0;0;0;0;1;0;0;0
"10/05/2024";"19:44:00";"603";"Com vítima";"477,000";"BR-101/RJ";"Decrescente";"Atropelamento de pedestre";1;0;0;0;0;0;0;0;0;0;0;1;0;1;0
"10/05/2024";"20:03:00";"618";"Sem vítima";"216,000";"BR-116/SP";"Crescente";"Engavetamento";3;0;0;0;0;0;0;0;0;0;3;0;0;0;0
"10/05/2024";"20:30:00";"630";"Com vítima";"247,000";"BR-116/RJ";"Crescente";"Colisão traseira";1;0;0;1;0;0;0;0;0;0;5;1;0;0;0
"10/05/2024";"21:17:00";"655";"Com vítima";"225,500";"BR-116/SP";"Crescente";"Colisão traseira";1;0;0;0;0;0;0;0;0;0;0;1;0;0;0
"10/05/2024";"23:36:00";"694";"Sem vítima";"219,000";"BR-116/SP";"Decrescente";"Choque";1;0;0;0;0;0;0;0;0;0;1;0;0;0;0
"11/05/2024";"00:00:00";"377";"Com vítima";"15,000";"BR-116/SP";"Decrescente";"Acidentes de outra natureza";0;0;0;1;0;0;0;0;0;0;0;1;1;0;0
"11/05/2024";"03:03:00";"75";"Sem vítima";"127,320";"BR-116/SP";"Decrescente";"Choque";1;0;0;0;0;0;0;0;0;0;0;0;0;0;0
"11/05/2024";"03:55:00";"84";"Sem vítima";"210,000";"BR-116/SP";"Decrescente";"Choque";1;0;0;0;0;0;0;0;0;0;0;0;0;0;0
"11/05/2024";"04:41:00";"88";"Com vítima";"153,000";"BR-116/SP";"Crescente";"Acidentes de outra natureza";0;0;0;1;0;0;0;0;0;0;0;1;1;0;0
"11/05/2024";"06:43:00";"143";"Com vítima";"210,200";"BR-116/SP";"Crescente";"Colisão traseira";0;0;1;1;0;0;0;0;0;0;1;0;1;0;0
"11/05/2024";"06:58:00";"154";"Sem vítima";"483,500";"BR-101/RJ";"Crescente";"Choque";1;0;0;0;0;0;0;0;0;0;1;0;0;0;0
"11/05/2024";"09:30:00";"255";"Sem vítima";"484,000";"BR-101/RJ";"Decrescente";"Colisão transversal";2;0;0;0;0;0;0;0;0;0;5;0;0;0;0
"11/05/2024";"09:55:00";"269";"Com vítima";"22,300";"BR-116/SP";"Decrescente";"Tombamento";0;0;0;0;0;0;0;1;0;0;0;1;0;0;0
"11/05/2024";"11:12:00";"314";"Sem vítima";"140,800";"BR-116/SP";"Decrescente";"Colisão traseira";0;0;0;0;0;0;0;2;0;0;2;0;0;0;0
"11/05/2024";"11:37:00";"325";"Com vítima";"102,200";"BR-116/SP";"Decrescente";"Engavetamento";4;0;0;0;0;0;0;0;0;0;8;0;1;0;0
"11/05/2024";"12:48:00";"348";"Com vítima";"204,500";"BR-116/SP";"Crescente";"Acidentes de outra natureza";0;0;0;1;0;0;0;0;0;0;0;1;0;0;0
"11/05/2024";"13:26:00";"365";"Com vítima";"107,000";"BR-116/SP";"Decrescente";"Engavetamento";4;0;0;0;0;0;0;0;0;0;13;1;0;0;0
"11/05/2024";"14:08:00";"382";"Com vítima";"217,000";"BR-116/SP";"Crescente";"Colisão traseira";1;0;0;0;0;0;0;0;0;0;2;1;0;0;0
"11/05/2024";"14:22:00";"389";"Sem vítima";"307,400";"BR-116/RJ";"Crescente";"Choque";1;0;0;0;0;0;0;0;0;0;1;0;0;0;0
"11/05/2024";"14:33:00";"394";"Sem vítima";"159,000";"BR-116/SP";"Decrescente";"Engavetamento";4;0;0;0;0;0;0;0;0;0;11;0;0;0;0
"11/05/2024";"16:24:00";"453";"Sem vítima";"145,700";"BR-116/SP";"Decrescente";"Colisão lateral em sentido contrário";1;0;1;0;0;0;0;0;0;0;3;0;0;0;0
"11/05/2024";"16:58:00";"472";"Sem vítima";"307,600";"BR-116/RJ";"Decrescente";"Choque";0;0;1;0;0;0;0;0;0;0;1;0;0;0;0
"11/05/2024";"16:58:00";"473";"Sem vítima";"162,050";"BR-116/SP";"Crescente";"Tombamento";0;0;0;0;0;0;0;1;0;0;1;0;0;0;0
"11/05/2024";"18:44:00";"513";"Sem vítima";"158,300";"BR-116/SP";"Crescente";"Colisão lateral em sentido contrário";1;0;1;0;0;0;0;0;0;0;2;0;0;0;0
"11/05/2024";"19:03:00";"518";"Sem vítima";"169,600";"BR-116/SP";"Decrescente";"Colisão traseira";2;0;0;0;0;0;0;0;0;0;5;0;0;0;0
"11/05/2024";"19:55:00";"538";"Sem vítima";"211,000";"BR-116/SP";"Decrescente";"Colisão traseira";2;0;0;0;0;0;0;0;0;0;3;0;0;0;0
"11/05/2024";"22:40:00";"592";"Sem vítima";"13,000";"BR-116/SP";"Crescente";"Choque";1;0;0;0;0;0;0;0;0;0;0;0;0;0;0
"12/05/2024";"00:30:00";"34";"Sem vítima";"60,000";"BR-116/SP";"Decrescente";"Colisão traseira";2;0;0;0;0;0;0;0;0;0;0;0;0;0;0
"12/05/2024";"05:49:00";"66";"Sem vítima";"290,000";"BR-116/RJ";"Crescente";"Choque";1;0;0;0;0;0;0;0;0;0;1;0;0;0;0
"12/05/2024";"05:58:00";"68";"Com vítima";"216,000";"BR-116/SP";"Crescente";"Tombamento";0;0;0;0;0;0;0;0;0;1;0;1;0;0;0
"12/05/2024";"06:29:00";"76";"Sem vítima";"216,000";"BR-116/SP";"Crescente";"Colisão traseira";2;0;0;0;0;0;0;0;0;0;3;0;0;0;0
"12/05/2024";"08:39:00";"143";"Com vítima";"219,000";"BR-116/SP";"Decrescente";"Colisão traseira";1;0;0;1;0;0;0;0;0;0;2;1;0;0;0
"12/05/2024";"09:03:00";"154";"Com vítima";"248,280";"BR-116/RJ";"Crescente";"Atropelamento de pedestre";0;0;1;1;0;0;0;0;0;0;0;1;0;0;1
"12/05/2024";"12:17:00";"251";"Com vítima";"146,000";"BR-116/SP";"Decrescente";"Acidentes de outra natureza";0;0;0;1;0;0;0;0;0;0;0;0;0;1;0
"12/05/2024";"12:56:00";"265";"Sem vítima";"312,000";"BR-116/RJ";"Crescente";"Acidentes de outra natureza";1;0;0;0;0;0;0;0;0;0;0;0;0;0;0
"12/05/2024";"14:36:00";"316";"Com vítima";"69,000";"BR-116/SP";"Decrescente";"Acidentes de outra natureza";0;0;0;1;0;0;0;0;0;0;0;1;1;0;0
"12/05/2024";"15:28:00";"337";"Sem vítima";"96,200";"BR-116/SP";"Crescente";"Colisão lateral em sentido contrário";2;0;0;0;0;0;0;0;0;0;3;0;0;0;0
"12/05/2024";"15:53:00";"351";"Com vítima";"155,000";"BR-116/SP";"Crescente";"Colisão traseira";2;0;0;0;0;0;0;0;0;0;4;1;0;0;0
"12/05/2024";"16:04:00";"359";"Sem vítima";"153,800";"BR-116/SP";"Crescente";"Engavetamento";3;0;0;0;0;0;0;0;0;0;8;0;0;0;0
"12/05/2024";"16:36:00";"372";"Sem vítima";"216,000";"BR-116/SP";"Decrescente";"Colisão lateral em sentido contrário";2;0;0;0;0;0;0;0;0;0;3;0;0;0;0
"12/05/2024";"17:14:00";"391";"Sem vítima";"154,000";"BR-116/SP";"Crescente";"Colisão lateral em sentido contrário";1;0;0;1;0;0;0;0;0;0;5;0;0;0;0
"12/05/2024";"19:04:00";"465";"Sem vítima";"269,800";"BR-116/RJ";"Crescente";"Colisão traseira";1;0;0;0;0;0;0;0;0;0;3;0;0;0;0
"12/05/2024";"19:05:00";"467";"Com vítima";"400,000";"BR-101/RJ";"Crescente";"Colisão traseira";2;0;0;0;0;0;0;0;0;0;2;1;0;0;0
"12/05/2024";"19:59:00";"497";"Sem vítima";"112,700";"BR-116/SP";"Crescente";"Colisão traseira";2;0;0;0;0;0;0;0;0;0;0;0;0;0;0
"12/05/2024";"22:05:00";"543";"Com vítima";"52,000";"BR-101/SP";"Crescente";"Acidentes de outra natureza";0;0;0;1;0;0;0;0;0;0;0;1;0;0;0
"12/05/2024";"23:54:00";"567";"Sem vítima";"138,400";"BR-116/SP";"Crescente";"Colisão traseira";1;0;1;0;0;0;0;0;0;0;5;0;0;0;0
"13/05/2024";"00:00:00";"686";"Com vítima";"212,600";"BR-116/SP";"Crescente";"Acidentes de outra natureza";0;0;0;1;0;0;0;0;0;0;0;1;0;0;0
"13/05/2024";"03:06:00";"60";"Sem vítima";"231,000";"BR-116/SP";"Crescente";"Choque";0;0;1;0;0;0;0;0;0;0;1;0;0;0;0
"13/05/2024";"06:21:00";"109";"Com vítima";"407,000";"BR-101/RJ";"Decrescente";"Colisão traseira";0;0;1;1;0;0;0;0;0;0;1;0;1;0;0
"13/05/2024";"07:09:00";"155";"Sem vítima";"24,000";"BR-101/SP";"Decrescente";"Choque";1;0;0;0;0;0;0;0;0;0;1;0;0;0;0
"13/05/2024";"07:40:00";"187";"Sem vítima";"213,900";"BR-116/SP";"Decrescente";"Choque";0;0;1;0;0;0;0;0;0;0;1;0;0;0;0
"13/05/2024";"07:50:00";"198";"Com vítima";"214,500";"BR-116/SP";"Decrescente";"Colisão lateral em sentido contrário";1;0;0;1;0;0;0;0;0;0;2;1;0;0;0
"13/05/2024";"07:53:00";"207";"Sem vítima";"143,300";"BR-116/SP";"Crescente";"Choque";1;0;0;0;0;0;0;0;0;0;1;0;0;0;0
"13/05/2024";"08:23:00";"235";"Com vítima";"222,000";"BR-116/SP";"Crescente";"Colisão traseira";1;0;0;0;0;0;0;0;0;0;2;1;0;0;0
"13/05/2024";"09:27:00";"288";"Com vítima";"437,000";"BR-101/RJ";"Crescente";"Colisão traseira";1;0;0;1;0;0;0;0;0;0;0;2;0;0;0
"13/05/2024";"09:29:00";"291";"Sem vítima";"118,000";"BR-116/SP";"Crescente";"Choque";1;0;0;0;0;0;0;0;0;0;1;0;0;0;0
"13/05/2024";"10:06:00";"307";"Sem vítima";"116,900";"BR-116/SP";"Crescente";"Engavetamento";3;0;0;0;0;0;0;0;0;0;7;0;0;0;0
"13/05/2024";"12:34:00";"391";"Sem vítima";"216,000";"BR-116/SP";"Decrescente";"Choque";0;0;1;0;0;0;0;0;0;0;1;0;0;0;0
"13/05/2024";"14:48:00";"494";"Com vítima";"168,450";"BR-116/SP";"Crescente";"Colisão lateral em sentido contrário";2;0;0;1;0;0;0;0;0;0;3;2;0;0;0
"13/05/2024";"15:20:00";"513";"Com vítima";"228,000";"BR-116/SP";"Decrescente";"Colisão traseira";0;0;1;1;0;0;0;0;0;0;2;0;1;0;0
"13/05/2024";"15:54:00";"547";"Com vítima";"11,400";"BR-101/SP";"Decrescente";"Colisão frontal";2;0;0;0;0;0;0;0;0;0;4;1;1;0;0
"13/05/2024";"16:18:00";"560";"Com vítima";"220,000";"BR-116/SP";"Crescente";"Engavetamento";3;0;0;0;0;0;0;0;0;0;9;1;0;0;0
"13/05/2024";"16:29:00";"567";"Sem vítima";"219,000";"BR-116/SP";"Crescente";"Engavetamento";1;0;0;0;0;0;0;0;0;0;1;0;0;0;0
"13/05/2024";"18:22:00";"638";"Com vítima";"136,900";"BR-116/SP";"Crescente";"Colisão traseira";1;0;0;1;0;0;0;0;0;0;1;1;0;0;0
"13/05/2024";"18:22:00";"639";"Com vítima";"208,400";"BR-116/SP";"Crescente";"Colisão traseira";2;0;0;0;0;0;0;0;0;0;2;1;0;0;0
"13/05/2024";"21:41:00";"731";"Com vítima";"392,000";"BR-101/RJ";"Crescente";"Atropelamento de pedestre";0;0;0;0;0;0;0;0;0;0;0;0;0;0;1
"13/05/2024";"21:53:00";"734";"Com vítima";"232,300";"BR-116/RJ";"Decrescente";"Choque";1;0;0;0;0;0;0;0;0;0;0;0;1;0;0
"14/05/2024";"01:25:00";"53";"Sem vítima";"230,700";"BR-116/RJ";"Decrescente";"Colisão lateral em sentido contrário";0;0;0;0;1;0;0;1;0;0;24;0;0;0;0
"14/05/2024";"06:30:00";"124";"Sem vítima";"208,400";"BR-116/SP";"Decrescente";"Colisão lateral em sentido contrário";1;0;0;0;0;0;0;1;0;0;2;0;0;0;0
"14/05/2024";"06:49:00";"140";"Sem vítima";"445,000";"BR-101/RJ";"Decrescente";"Choque";1;0;0;0;0;0;0;0;0;0;3;0;0;0;0
"14/05/2024";"07:09:00";"156";"Sem vítima";"433,000";"BR-101/RJ";"Crescente";"Choque";1;0;0;0;0;0;0;0;0;0;1;0;0;0;0
"14/05/2024";"07:31:00";"174";"Com vítima";"428,000";"BR-101/RJ";"Crescente";"Choque";1;0;0;0;0;0;0;0;0;0;0;1;0;0;0
"14/05/2024";"07:42:00";"182";"Com vítima";"63,900";"BR-116/SP";"Crescente";"Colisão lateral em sentido contrário";3;0;1;0;0;0;0;0;0;0;4;1;0;0;0
"14/05/2024";"07:57:00";"194";"Com vítima";"229,000";"BR-116/SP";"Crescente";"Colisão traseira";0;0;0;2;0;0;0;0;0;0;1;1;0;0;0
"14/05/2024";"08:55:00";"239";"Com vítima";"296,000";"BR-116/RJ";"Decrescente";"Capotamento";2;0;0;0;0;0;0;0;0;0;1;1;0;0;0
"14/05/2024";"09:18:00";"257";"Com vítima";"26,000";"BR-116/SP";"Crescente";"Capotamento";1;0;0;0;0;0;0;0;0;0;0;0;0;0;1
"14/05/2024";"12:39:00";"376";"Com vítima";"23,000";"BR-116/SP";"Decrescente";"Acidentes de outra natureza";0;0;0;1;0;0;0;0;0;0;0;0;1;0;0
"14/05/2024";"13:26:00";"395";"Com vítima";"155,400";"BR-116/SP";"Crescente";"Choque";0;0;0;0;0;0;0;0;0;1;0;2;0;0;0
"14/05/2024";"15:52:00";"466";"Com vítima";"503,000";"BR-101/RJ";"Decrescente";"Colisão lateral em sentido contrário";1;0;0;1;0;0;0;0;0;0;0;2;1;0;0
"14/05/2024";"16:34:00";"496";"Com vítima";"506,000";"BR-101/RJ";"Crescente";"Colisão lateral em sentido contrário";2;0;0;0;0;0;0;0;0;0;0;1;0;0;0
"14/05/2024";"16:36:00";"498";"Com vítima";"133,200";"BR-116/SP";"Decrescente";"Colisão traseira";1;0;0;1;0;0;0;0;0;0;1;0;0;1;0
"14/05/2024";"17:55:00";"534";"Com vítima";"158,000";"BR-116/SP";"Crescente";"Colisão lateral em sentido contrário";1;0;0;1;0;0;0;0;0;0;2;1;0;0;0
"14/05/2024";"18:13:00";"539";"Com vítima";"297,700";"BR-116/RJ";"Crescente";"Colisão lateral em sentido contrário";1;0;1;0;0;0;0;0;0;0;1;1;0;0;0
"14/05/2024";"18:19:00";"545";"Com vítima";"16,400";"BR-116/SP";"Crescente";"Acidentes de outra natureza";0;0;0;1;0;0;0;0;0;0;0;2;0;0;0
"14/05/2024";"18:23:00";"548";"Sem vítima";"330,250";"BR-116/RJ";"Crescente";"Atropelamento de pedestre";0;0;0;0;0;0;0;1;0;0;1;0;0;0;0
"14/05/2024";"18:25:00";"549";"Com vítima";"221,000";"BR-116/SP";"Decrescente";"Colisão lateral em sentido contrário";1;0;0;1;0;0;0;0;0;0;1;1;0;0;0
"14/05/2024";"18:54:00";"551";"Sem vítima";"581,600";"BR-101/RJ";"Crescente";"Choque";1;0;0;0;0;0;0;0;0;0;1;0;0;0;0
"14/05/2024";"19:11:00";"579";"Com vítima";"528,500";"BR-101/RJ";"Decrescente";"Colisão frontal";2;0;0;0;0;0;0;0;0;1;1;0;2;0;1
"14/05/2024";"23:25:00";"657";"Com vítima";"226,700";"BR-116/RJ";"Crescente";"Choque";0;0;1;0;0;0;0;0;0;0;0;0;1;0;0
"14/05/2024";"23:48:00";"662";"Com vítima";"145,200";"BR-116/SP";"Decrescente";"Colisão lateral em sentido contrário";1;0;0;0;0;0;0;1;0;0;1;1;0;0;0
"15/05/2024";"00:41:00";"36";"Com vítima";"242,800";"BR-116/RJ";"Decrescente";"Colisão lateral em sentido contrário";0;0;1;0;0;0;0;0;0;1;2;1;0;0;0
"15/05/2024";"06:58:00";"125";"Com vítima";"516,000";"BR-101/RJ";"Decrescente";"Colisão frontal";1;0;0;0;1;0;0;0;0;0;1;2;0;0;0
"15/05/2024";"07:09:00";"140";"Com vítima";"393,000";"BR-101/RJ";"Crescente";"Colisão traseira";2;0;0;0;0;0;0;0;0;0;0;2;0;0;0
"15/05/2024";"07:26:00";"158";"Sem vítima";"516,000";"BR-101/RJ";"Decrescente";"Acidentes de outra natureza";0;0;0;1;0;0;0;0;0;0;1;0;0;0;0
"15/05/2024";"08:52:00";"224";"Com vítima";"161,000";"BR-116/SP";"Decrescente";"Colisão traseira";0;0;0;1;0;0;0;1;0;0;1;0;0;1;0
"15/05/2024";"09:03:00";"233";"Sem vítima";"161,000";"BR-116/SP";"Decrescente";"Colisão lateral em sentido contrário";1;0;0;0;0;0;0;1;0;0;2;0;0;0;0
"15/05/2024";"09:15:00";"238";"Sem vítima";"163,000";"BR-116/SP";"Decrescente";"Engavetamento";1;0;3;0;0;0;0;0;0;0;5;0;0;0;0
"15/05/2024";"10:35:00";"286";"Sem vítima";"435,000";"BR-101/RJ";"Crescente";"Choque";1;0;0;0;0;0;0;0;0;0;1;0;0;0;0
"15/05/2024";"10:38:00";"288";"Com vítima";"312,000";"BR-116/RJ";"Decrescente";"Choque";1;0;0;0;0;0;0;0;0;0;0;0;1;0;0
"15/05/2024";"10:54:00";"294";"Com vítima";"532,000";"BR-101/RJ";"Decrescente";"Choque";1;0;0;0;0;0;0;0;0;0;0;2;0;0;0
"15/05/2024";"11:03:00";"299";"Sem vítima";"417,000";"BR-101/RJ";"Crescente";"Choque";0;0;1;0;0;0;0;0;0;0;1;0;0;0;0
"15/05/2024";"11:09:00";"302";"Com vítima";"327,000";"BR-116/RJ";"Decrescente";"Colisão traseira";2;0;0;0;0;0;0;0;0;0;0;2;0;0;0
"15/05/2024";"11:54:00";"321";"Com vítima";"530,800";"BR-101/RJ";"Crescente";"Colisão frontal";1;0;1;0;0;0;0;0;0;0;0;1;0;0;2
"15/05/2024";"12:12:00";"327";"Sem vítima";"557,000";"BR-101/RJ";"Crescente";"Choque";1;0;0;0;0;0;0;0;0;0;1;0;0;0;0
"15/05/2024";"12:47:00";"339";"Sem vítima";"422,000";"BR-101/RJ";"Crescente";"Tombamento";0;0;1;0;0;0;0;0;0;0;2;0;0;0;0
"15/05/2024";"13:01:00";"347";"Sem vítima";"224,000";"BR-116/SP";"Decrescente";"Choque";0;0;1;0;0;0;0;0;0;0;1;0;0;0;0
"15/05/2024";"13:08:00";"351";"Com vítima";"232,300";"BR-116/RJ";"Decrescente";"Choque";1;0;0;0;0;0;0;0;0;0;0;2;0;0;0
"15/05/2024";"14:04:00";"368";"Sem vítima";"532,000";"BR-101/RJ";"Crescente";"Colisão traseira";1;0;1;0;0;0;0;0;0;0;0;0;0;0;0
"15/05/2024";"14:29:00";"377";"Sem vítima";"436,000";"BR-101/RJ";"Crescente";"Choque";1;0;0;0;0;0;0;0;0;0;2;0;0;0;0
"15/05/2024";"15:18:00";"396";"Com vítima";"185,000";"BR-116/SP";"Decrescente";"Choque";0;0;0;0;0;0;0;0;0;1;0;1;0;0;0
"15/05/2024";"16:06:00";"428";"Com vítima";"211,500";"BR-116/SP";"Decrescente";"Acidentes de outra natureza";0;0;0;1;0;0;0;0;0;0;0;1;0;0;0
"15/05/2024";"16:28:00";"437";"Sem vítima";"221,000";"BR-116/SP";"Decrescente";"Colisão traseira";1;0;0;0;0;0;0;0;0;0;2;0;0;0;0
"15/05/2024";"16:34:00";"441";"Sem vítima";"232,700";"BR-116/RJ";"Decrescente";"Colisão lateral em sentido contrário";1;0;1;0;0;0;0;0;0;0;4;0;0;0;0
"15/05/2024";"16:45:00";"445";"Sem vítima";"40,500";"BR-101/SP";"Crescente";"Colisão lateral em sentido contrário";2;0;0;0;0;0;0;0;0;0;2;0;0;0;0
"15/05/2024";"17:15:00";"460";"Com vítima";"219,000";"BR-116/RJ";"Decrescente";"Colisão traseira";0;0;1;0;1;0;0;0;0;0;35;1;0;0;0
"15/05/2024";"18:00:00";"481";"Sem vítima";"432,200";"BR-101/RJ";"Crescente";"Choque";1;0;0;0;0;0;0;0;0;0;1;0;0;0;0
"15/05/2024";"18:14:00";"489";"Sem vítima";"507,100";"BR-101/RJ";"Crescente";"Colisão traseira";2;0;0;0;0;0;0;0;0;0;2;0;0;0;0
"15/05/2024";"18:53:00";"517";"Com vítima";"277,300";"BR-116/RJ";"Crescente";"Engavetamento";2;0;0;1;0;0;0;0;0;0;2;1;0;0;0
"15/05/2024";"19:22:00";"530";"Sem vítima";"508,000";"BR-101/RJ";"Crescente";"Choque";1;0;0;0;0;0;0;0;0;0;1;0;0;0;0
"15/05/2024";"19:45:00";"543";"Com vítima";"479,000";"BR-101/RJ";"Decrescente";"Acidentes de outra natureza";0;0;0;1;0;0;0;0;0;0;0;1;0;0;0
"15/05/2024";"20:20:00";"559";"Com vítima";"423,800";"BR-101/RJ";"Decrescente";"Choque";0;0;1;0;0;0;0;0;0;0;0;1;0;0;0
"15/05/2024";"20:40:00";"569";"Com vítima";"225,300";"BR-116/SP";"Decrescente";"Engavetamento";2;0;0;0;0;0;0;0;0;0;2;1;0;0;0
"16/05/2024";"02:07:00";"51";"Sem vítima";"226,400";"BR-116/SP";"Crescente";"Choque";0;0;0;0;0;0;0;1;0;0;1;0;0;0;0
"16/05/2024";"04:54:00";"76";"Sem vítima";"135,100";"BR-116/SP";"Decrescente";"Colisão lateral em sentido contrário";0;0;0;0;0;0;0;0;0;1;3;0;0;0;0
"16/05/2024";"05:43:00";"91";"Sem vítima";"153,900";"BR-116/SP";"Crescente";"Colisão lateral em sentido contrário";2;0;0;0;0;0;0;0;0;0;3;0;0;0;0
"16/05/2024";"06:25:00";"115";"Com vítima";"159,400";"BR-116/SP";"Decrescente";"Colisão lateral em sentido contrário";2;0;1;0;0;0;0;0;0;0;3;0;1;0;0
"16/05/2024";"07:39:00";"207";"Com vítima";"205,000";"BR-116/SP";"Crescente";"Colisão traseira";0;0;0;1;0;0;0;0;0;0;0;1;0;0;0
"16/05/2024";"08:41:00";"277";"Sem vítima";"229,100";"BR-116/RJ";"Decrescente";"Choque";0;0;1;0;0;0;0;0;0;0;0;0;0;0;0
"16/05/2024";"08:46:00";"281";"Com vítima";"225,000";"BR-116/SP";"Crescente";"Colisão traseira";1;0;0;1;0;0;0;0;0;0;1;1;0;0;0
"16/05/2024";"09:05:00";"300";"Com vítima";"231,400";"BR-116/RJ";"Decrescente";"Engavetamento";2;0;2;0;0;0;0;0;0;0;6;0;2;0;0
"16/05/2024";"10:13:00";"359";"Sem vítima";"324,900";"BR-116/RJ";"Crescente";"Choque";3;0;0;0;0;0;0;0;0;0;12;0;0;0;0
"16/05/2024";"12:24:00";"435";"Sem vítima";"226,000";"BR-116/SP";"Decrescente";"Colisão lateral em sentido contrário";2;0;0;0;0;0;0;0;0;0;3;0;0;0;0
"16/05/2024";"12:55:00";"455";"Sem vítima";"98,000";"BR-116/SP";"Decrescente";"Acidentes de outra natureza";0;0;1;0;0;0;0;0;0;0;0;0;0;0;0
"16/05/2024";"15:00:00";"536";"Sem vítima";"312,000";"BR-116/RJ";"Decrescente";"Acidentes de outra natureza";1;0;0;0;0;0;0;0;0;0;0;0;0;0;0
"16/05/2024";"15:48:00";"567";"Com vítima";"48,600";"BR-101/SP";"Decrescente";"Colisão lateral em sentido contrário";1;0;0;1;0;0;0;0;0;0;1;2;0;0;0
"16/05/2024";"18:32:00";"640";"Sem vítima";"543,000";"BR-101/RJ";"Decrescente";"Choque";1;0;0;0;0;0;0;0;0;0;1;0;0;0;0
"16/05/2024";"19:46:00";"671";"Sem vítima";"223,000";"BR-116/SP";"Decrescente";"Engavetamento";2;0;0;0;0;0;0;0;0;0;2;0;0;0;0
"16/05/2024";"20:16:00";"688";"Sem vítima";"214,800";"BR-116/RJ";"Crescente";"Colisão traseira";0;0;1;0;0;0;0;0;0;0;3;0;0;0;0
"17/05/2024";"00:45:00";"33";"Sem vítima";"250,000";"BR-116/RJ";"Decrescente";"Choque";0;0;0;0;0;0;0;1;0;0;1;0;0;0;0
"17/05/2024";"01:43:00";"42";"Sem vítima";"94,400";"BR-116/SP";"Decrescente";"Colisão lateral em sentido contrário";1;0;0;0;0;0;0;0;0;0;0;0;0;0;0
"17/05/2024";"01:47:00";"44";"Com vítima";"222,000";"BR-116/SP";"Decrescente";"Colisão traseira";1;0;0;0;1;0;0;0;0;0;1;1;0;0;0
"17/05/2024";"02:07:00";"48";"Sem vítima";"209,600";"BR-116/SP";"Decrescente";"Choque";1;0;0;0;0;0;0;0;0;0;1;0;0;0;0
"17/05/2024";"04:25:00";"78";"Com vítima";"386,000";"BR-101/RJ";"Crescente";"Atropelamento de pedestre";1;0;0;0;0;0;0;0;0;0;0;1;0;0;0
"17/05/2024";"06:16:00";"113";"Sem vítima";"214,500";"BR-116/SP";"Crescente";"Colisão traseira";2;0;0;0;0;0;0;0;0;0;2;0;0;0;0
"17/05/2024";"06:34:00";"127";"Sem vítima";"26,000";"BR-116/SP";"Crescente";"Choque";1;0;0;0;0;0;0;0;0;0;5;0;0;0;0
"17/05/2024";"06:56:00";"146";"Sem vítima";"136,400";"BR-116/SP";"Decrescente";"Colisão traseira";2;0;0;0;0;0;0;0;0;0;3;0;0;0;0
"17/05/2024";"07:14:00";"171";"Com vítima";"64,000";"BR-116/SP";"Crescente";"Colisão traseira";0;0;0;1;0;0;0;0;0;0;0;1;0;0;0
"17/05/2024";"07:24:00";"190";"Com vítima";"211,100";"BR-116/SP";"Decrescente";"Colisão traseira";1;0;0;1;0;0;0;0;0;0;4;0;1;0;0