data;horario;n_da_ocorrencia;tipo_de_ocorrencia;km;trecho;sentido;tipo_de_acidente;automovel;bicicleta;caminhao;moto;onibus;outros;tracao_animal;transporte_de_cargas_especiais;trator_maquinas;utilitarios;ilesos;levemente_feridos;moderadamente_feridos;gravemente_feridos;mortos
"17/05/2024";"11:39:00";"367";"Sem vítima";"158,000";"BR-116/SP";"Decrescente";"Colisão traseira";0;0;0;0;0;0;0;0;0;1;1;0;0;0;0
"17/05/2024";"12:29:00";"389";"Com vítima";"59,100";"BR-116/SP";"Decrescente";"Acidentes de outra natureza";0;0;0;1;0;0;0;0;0;0;0;2;0;0;0
"17/05/2024";"14:13:00";"446";"Sem vítima";"157,400";"BR-116/SP";"Decrescente";"Colisão lateral em sentido contrário";1;0;1;0;0;0;0;0;0;0;2;0;0;0;0
"17/05/2024";"14:22:00";"451";"Com vítima";"276,550";"BR-116/RJ";"Crescente";"Colisão traseira";1;0;1;0;0;0;0;0;0;0;1;1;0;0;0
"17/05/2024";"15:00:00";"473";"Com vítima";"383,700";"BR-101/RJ";"Crescente";"Colisão traseira";1;0;0;1;0;0;0;0;0;0;3;0;1;0;0
"17/05/2024";"16:20:00";"532";"Sem vítima";"86,950";"BR-116/SP";"Decrescente";"Colisão traseira";2;0;0;0;0;0;0;0;0;0;3;0;0;0;0
"17/05/2024";"17:33:00";"571";"Com vítima";"431,000";"BR-101/RJ";"Crescente";"Acidentes de outra natureza";0;0;0;1;0;0;0;0;0;0;0;2;0;0;0
"17/05/2024";"18:03:00";"588";"Sem vítima";"229,700";"BR-116/RJ";"Decrescente";"Tombamento";0;0;0;0;0;0;0;1;0;0;1;0;0;0;0
"17/05/2024";"18:31:00";"608";"Sem vítima";"140,300";"BR-116/SP";"Decrescente";"Capotamento";1;0;0;0;0;0;0;0;0;0;2;0;0;0;0
"17/05/2024";"18:49:00";"616";"Com vítima";"230,000";"BR-116/SP";"Decrescente";"Colisão traseira";0;0;0;1;0;0;0;0;0;0;0;2;0;0;0
"17/05/2024";"19:43:00";"639";"Sem vítima";"395,000";"BR-101/RJ";"Decrescente";"Choque";1;0;0;0;0;0;0;0;0;0;1;0;0;0;0
"17/05/2024";"19:48:00";"641";"Com vítima";"110,700";"BR-116/SP";"Decrescente";"Acidentes de outra natureza";0;0;0;1;0;0;0;0;0;0;0;0;1;0;0
"17/05/2024";"20:14:00";"655";"Com vítima";"477,000";"BR-101/RJ";"Decrescente";"Engavetamento";1;0;0;1;0;0;0;0;0;1;6;0;1;0;0
"17/05/2024";"20:30:00";"667";"Com vítima";"210,700";"BR-116/SP";"Decrescente";"Colisão traseira";0;0;1;1;0;0;0;0;0;0;1;1;0;0;0
"17/05/2024";"21:17:00";"689";"Com vítima";"260,000";"BR-116/RJ";"Crescente";"Queda de moto";1;0;0;1;0;0;0;0;0;0;2;1;0;0;0
"17/05/2024";"23:49:00";"735";"Com vítima";"178,300";"BR-116/SP";"Crescente";"Acidentes de outra natureza";0;0;0;1;0;0;0;0;0;0;0;0;1;0;0
"18/05/2024";"01:37:00";"46";"Com vítima";"222,000";"BR-116/SP";"Decrescente";"Colisão traseira";1;0;0;0;0;0;0;0;0;0;0;1;0;0;0
"18/05/2024";"01:40:00";"47";"Sem vítima";"563,000";"BR-101/RJ";"Crescente";"Choque";1;0;0;0;0;0;0;0;0;0;3;0;0;0;0
"18/05/2024";"04:16:00";"73";"Sem vítima";"204,500";"BR-116/SP";"Decrescente";"Colisão traseira";1;0;1;0;0;0;0;0;0;0;2;0;0;0;0
"18/05/2024";"05:46:00";"85";"Com vítima";"145,000";"BR-116/SP";"Decrescente";"Colisão traseira";0;0;0;1;0;0;0;0;0;0;0;0;1;0;0
"18/05/2024";"06:38:00";"115";"Sem vítima";"213,000";"BR-116/SP";"Decrescente";"Colisão traseira";2;0;0;0;0;0;0;0;0;0;1;0;0;0;0
"18/05/2024";"07:55:00";"160";"Com vítima";"202,500";"BR-116/SP";"Decrescente";"Colisão lateral em sentido contrário";1;0;1;0;0;0;0;0;0;0;2;3;1;0;0
"18/05/2024";"07:57:00";"162";"Com vítima";"157,600";"BR-116/SP";"Decrescente";"Colisão traseira";1;0;0;1;0;0;0;0;0;0;2;2;0;0;0
"18/05/2024";"08:15:00";"169";"Com vítima";"515,000";"BR-101/RJ";"Decrescente";"Acidentes de outra natureza";0;0;0;1;0;0;0;0;0;0;0;1;0;0;0
"18/05/2024";"08:16:00";"170";"Sem vítima";"203,000";"BR-116/SP";"Decrescente";"Engavetamento";1;0;0;0;0;0;0;0;0;0;0;0;0;0;0
"18/05/2024";"08:32:00";"180";"Com vítima";"230,200";"BR-116/RJ";"Crescente";"Engavetamento";3;0;0;0;0;0;0;0;0;0;7;1;0;0;0
"18/05/2024";"09:03:00";"199";"Com vítima";"111,700";"BR-116/SP";"Crescente";"Colisão traseira";0;0;1;1;0;0;0;0;0;0;0;0;1;1;0
"18/05/2024";"10:00:00";"214";"Sem vítima";"281,000";"BR-116/RJ";"Crescente";"Colisão lateral em sentido contrário";1;0;0;1;0;0;0;0;0;0;5;0;0;0;0
"18/05/2024";"10:09:00";"217";"Sem vítima";"276,000";"BR-116/RJ";"Crescente";"Acidentes de outra natureza";0;0;0;1;0;0;0;0;0;0;0;0;0;0;0
"18/05/2024";"10:10:00";"218";"Sem vítima";"112,400";"BR-116/SP";"Decrescente";"Colisão traseira";2;0;0;0;0;0;0;0;0;0;2;0;0;0;0
"18/05/2024";"12:01:00";"256";"Sem vítima";"406,000";"BR-101/RJ";"Decrescente";"Colisão lateral em sentido contrário";2;0;0;0;0;0;0;0;0;0;3;0;0;0;0
"18/05/2024";"12:35:00";"272";"Com vítima";"28,000";"BR-116/SP";"Decrescente";"Colisão traseira";1;0;0;0;0;0;0;1;0;0;0;1;0;0;0
"18/05/2024";"13:17:00";"287";"Com vítima";"126,000";"BR-116/SP";"Crescente";"Colisão traseira";0;0;2;0;0;0;0;0;0;0;1;0;0;2;0
"18/05/2024";"13:24:00";"290";"Com vítima";"84,000";"BR-116/SP";"Crescente";"Colisão traseira";2;0;0;0;0;0;0;0;0;0;2;1;0;0;0
"18/05/2024";"13:59:00";"310";"Com vítima";"232,900";"BR-116/RJ";"Decrescente";"Acidentes de outra natureza";0;0;0;1;0;0;0;0;0;0;0;1;0;0;0
"18/05/2024";"15:23:00";"344";"Sem vítima";"158,000";"BR-116/SP";"Decrescente";"Acidentes de outra natureza";1;0;0;0;0;0;0;0;0;0;0;0;0;0;0
"18/05/2024";"15:48:00";"358";"Com vítima";"143,600";"BR-116/SP";"Decrescente";"Colisão lateral em sentido contrário";1;0;0;0;0;0;0;0;0;0;0;2;0;0;0
"18/05/2024";"15:58:00";"362";"Sem vítima";"143,600";"BR-116/SP";"Crescente";"Choque";1;0;0;0;0;0;0;0;0;0;2;0;0;0;0
"18/05/2024";"16:37:00";"382";"Sem vítima";"159,300";"BR-116/SP";"Decrescente";"Colisão traseira";1;0;0;0;0;0;0;0;0;0;4;0;0;0;0
"18/05/2024";"18:21:00";"428";"Com vítima";"221,000";"BR-116/SP";"Crescente";"Choque";0;0;0;1;0;0;0;0;0;0;0;0;1;0;0
"18/05/2024";"20:01:00";"473";"Com vítima";"230,900";"BR-116/SP";"Crescente";"Colisão traseira";1;0;0;0;0;0;0;0;0;1;3;1;0;0;0
"18/05/2024";"20:51:00";"486";"Sem vítima";"436,000";"BR-101/RJ";"Decrescente";"Choque";1;0;0;0;0;0;0;0;0;0;0;0;0;0;0
"18/05/2024";"21:14:00";"495";"Com vítima";"281,900";"BR-116/RJ";"Crescente";"Colisão traseira";2;0;0;0;0;0;0;0;0;0;2;1;0;0;0
"18/05/2024";"21:23:00";"499";"Com vítima";"223,800";"BR-116/SP";"Decrescente";"Engavetamento";3;0;0;0;0;0;0;0;0;0;5;1;0;0;0
"18/05/2024";"23:28:00";"528";"Com vítima";"215,000";"BR-116/SP";"Crescente";"Atropelamento de pedestre";0;0;0;0;0;0;0;0;0;0;0;0;0;1;0
"18/05/2024";"23:40:00";"533";"Sem vítima";"324,500";"BR-116/RJ";"Decrescente";"Atropelamento de pedestre";1;0;0;0;0;0;0;0;0;0;5;0;0;0;0
"19/05/2024";"00:44:00";"36";"Sem vítima";"126,800";"BR-116/SP";"Crescente";"Choque";1;0;0;0;0;0;0;0;0;0;0;0;0;0;0
"19/05/2024";"00:49:00";"40";"Com vítima";"104,100";"BR-116/SP";"Decrescente";"Colisão traseira";0;0;1;0;0;0;0;0;0;0;0;1;0;0;0
"19/05/2024";"02:17:00";"50";"Sem vítima";"192,600";"BR-116/SP";"Decrescente";"Choque";1;0;0;0;0;0;0;0;0;0;3;0;0;0;0
"19/05/2024";"02:47:00";"55";"Sem vítima";"124,900";"BR-116/SP";"Decrescente";"Colisão traseira";2;0;0;0;0;0;0;0;0;0;0;0;0;0;0
"19/05/2024";"03:24:00";"60";"Sem vítima";"227,000";"BR-116/SP";"Decrescente";"Choque";1;0;0;0;0;0;0;0;0;0;2;0;0;0;0
"19/05/2024";"04:37:00";"67";"Com vítima";"98,000";"BR-116/SP";"Decrescente";"Capotamento";1;0;0;0;0;0;0;0;0;0;0;0;1;0;0
"19/05/2024";"05:01:00";"69";"Com vítima";"150,600";"BR-116/SP";"Decrescente";"Choque";1;0;0;0;0;0;0;0;0;0;0;2;0;0;0
"19/05/2024";"05:25:00";"74";"Com vítima";"484,800";"BR-101/RJ";"Decrescente";"Acidentes de outra natureza";0;0;0;1;0;0;0;0;0;0;0;0;0;1;1
"19/05/2024";"07:12:00";"101";"Sem vítima";"288,900";"BR-116/RJ";"Crescente";"Colisão traseira";1;0;0;1;0;0;0;0;0;0;4;0;0;0;0
"19/05/2024";"07:27:00";"110";"Com vítima";"389,000";"BR-101/RJ";"Crescente";"Colisão lateral em sentido contrário";1;0;0;1;0;0;0;0;0;0;1;1;0;0;0
"19/05/2024";"08:49:00";"151";"Com vítima";"209,900";"BR-116/SP";"Decrescente";"Acidentes de outra natureza";0;0;0;1;0;0;0;0;0;0;0;0;1;0;0
"19/05/2024";"08:53:00";"156";"Com vítima";"229,000";"BR-116/SP";"Crescente";"Capotamento";1;0;0;0;0;0;0;0;0;0;0;2;0;0;0
"19/05/2024";"10:51:00";"204";"Sem vítima";"128,000";"BR-116/SP";"Decrescente";"Acidentes de outra natureza";0;0;0;1;0;0;0;0;0;0;0;0;0;0;0
"19/05/2024";"10:54:00";"207";"Com vítima";"122,600";"BR-116/SP";"Decrescente";"Colisão lateral em sentido contrário";1;0;1;1;0;0;0;0;0;0;3;1;0;0;0
"19/05/2024";"14:27:00";"289";"Sem vítima";"280,500";"BR-116/RJ";"Decrescente";"Colisão traseira";0;0;2;0;0;0;0;0;0;0;2;0;0;0;0
"19/05/2024";"14:51:00";"303";"Com vítima";"408,100";"BR-101/RJ";"Decrescente";"Atropelamento de pedestre";1;0;0;0;0;0;0;0;0;0;1;0;1;0;0
"19/05/2024";"15:42:00";"324";"Sem vítima";"22,700";"BR-116/SP";"Crescente";"Colisão lateral em sentido contrário";1;0;0;0;0;0;0;0;0;0;2;0;0;0;0
"19/05/2024";"15:53:00";"331";"Sem vítima";"322,000";"BR-116/RJ";"Decrescente";"Choque";1;0;0;0;0;0;0;0;0;0;1;0;0;0;0
"19/05/2024";"16:03:00";"336";"Com vítima";"284,000";"BR-116/RJ";"Decrescente";"Colisão traseira";2;0;0;0;0;0;0;0;0;0;5;1;0;0;0
"19/05/2024";"16:44:00";"358";"Com vítima";"284,500";"BR-116/RJ";"Decrescente";"Colisão traseira";2;0;0;0;0;0;0;0;0;0;1;1;0;0;0
"19/05/2024";"17:38:00";"386";"Com vítima";"91,400";"BR-116/SP";"Crescente";"Acidentes de outra natureza";0;0;0;1;0;0;0;0;0;0;0;1;1;0;0
"19/05/2024";"17:39:00";"388";"Sem vítima";"233,400";"BR-116/RJ";"Decrescente";"Acidentes de outra natureza";0;0;0;0;1;0;0;1;0;0;46;0;0;0;0
"19/05/2024";"18:31:00";"423";"Com vítima";"140,900";"BR-116/SP";"Crescente";"Colisão traseira";1;0;0;1;0;0;0;0;0;0;1;0;2;0;0
"19/05/2024";"18:51:00";"434";"Com vítima";"271,100";"BR-116/RJ";"Decrescente";"Colisão traseira";1;0;1;0;0;0;0;0;0;0;2;1;0;0;0
"19/05/2024";"20:11:00";"483";"Sem vítima";"216,000";"BR-116/SP";"Crescente";"Choque";1;0;0;0;0;0;0;0;0;0;2;0;0;0;0
"19/05/2024";"21:27:00";"502";"Sem vítima";"231,400";"BR-116/SP";"Decrescente";"Colisão traseira";0;0;2;0;0;0;0;0;0;0;2;0;0;0;0
"19/05/2024";"22:28:00";"520";"Com vítima";"498,700";"BR-101/RJ";"Decrescente";"Acidentes de outra natureza";0;0;0;1;0;0;0;0;0;0;0;1;0;0;0
"20/05/2024";"00:00:00";"460";"Com vítima";"93,950";"BR-116/SP";"Crescente";"Colisão traseira";0;0;2;0;0;0;0;0;0;0;1;1;0;0;0
"20/05/2024";"00:58:00";"31";"Com vítima";"417,000";"BR-101/RJ";"Crescente";"Choque";1;0;0;0;0;0;0;0;0;0;0;2;0;0;0
"20/05/2024";"01:32:00";"39";"Sem vítima";"226,200";"BR-116/RJ";"Crescente";"Choque";1;0;0;0;0;0;0;0;0;0;5;0;0;0;0
"20/05/2024";"05:56:00";"95";"Com vítima";"231,200";"BR-116/SP";"Crescente";"Colisão lateral em sentido contrário";0;0;1;1;0;0;0;0;0;0;1;0;1;0;0
"20/05/2024";"06:06:00";"98";"Com vítima";"229,000";"BR-116/SP";"Crescente";"Colisão traseira";1;0;0;1;0;0;0;0;0;0;2;1;0;0;0
"20/05/2024";"06:37:00";"121";"Sem vítima";"337,600";"BR-116/RJ";"Decrescente";"Choque";1;0;0;0;0;0;0;0;0;0;3;0;0;0;0
"20/05/2024";"07:04:00";"139";"Com vítima";"160,800";"BR-116/SP";"Decrescente";"Colisão traseira";0;0;0;1;0;0;0;0;0;0;0;2;0;0;0
"20/05/2024";"08:58:00";"238";"Com vítima";"158,800";"BR-116/SP";"Decrescente";"Colisão traseira";0;0;0;1;0;0;0;0;0;0;0;1;0;0;0
"20/05/2024";"11:11:00";"336";"Com vítima";"229,000";"BR-116/SP";"Decrescente";"Colisão lateral em sentido contrário";0;0;0;1;0;0;0;0;0;0;0;0;1;0;0
"20/05/2024";"11:12:00";"338";"Com vítima";"324,900";"BR-116/RJ";"Decrescente";"Acidentes de outra natureza";0;0;0;1;0;0;0;0;0;0;1;1;0;0;0
"20/05/2024";"12:30:00";"392";"Com vítima";"138,300";"BR-116/SP";"Decrescente";"Choque";1;0;0;0;0;0;0;0;0;0;1;0;1;0;0
"20/05/2024";"12:33:00";"394";"Sem vítima";"149,000";"BR-116/SP";"Decrescente";"Colisão traseira";2;0;0;0;0;0;0;0;0;0;3;0;0;0;0
"20/05/2024";"13:11:00";"416";"Com vítima";"486,000";"BR-101/RJ";"Crescente";"Colisão traseira";2;0;0;0;0;0;0;0;0;0;3;0;1;0;0
"20/05/2024";"15:27:00";"489";"Sem vítima";"220,000";"BR-116/SP";"Decrescente";"Colisão traseira";1;0;0;0;0;0;0;1;0;0;2;0;0;0;0
"20/05/2024";"16:18:00";"510";"Com vítima";"142,750";"BR-116/SP";"Decrescente";"Colisão lateral em sentido contrário";1;0;0;1;0;0;0;0;0;0;1;0;1;0;0
"20/05/2024";"16:27:00";"517";"Sem vítima";"265,400";"BR-116/RJ";"Decrescente";"Colisão traseira";1;0;1;0;0;0;0;0;0;0;2;0;0;0;0
"20/05/2024";"16:42:00";"528";"Sem vítima";"219,000";"BR-116/SP";"Decrescente";"Colisão traseira";1;0;0;0;0;0;0;0;0;0;1;0;0;0;0
"20/05/2024";"17:39:00";"551";"Com vítima";"145,000";"BR-116/SP";"Decrescente";"Colisão traseira";1;0;0;0;0;0;0;0;0;0;0;2;0;0;0
"20/05/2024";"18:14:00";"569";"Com vítima";"403,000";"BR-101/RJ";"Crescente";"Atropelamento de pedestre";0;1;0;1;0;0;0;0;0;0;0;0;0;1;0
"20/05/2024";"18:41:00";"583";"Com vítima";"392,000";"BR-101/RJ";"Crescente";"Engavetamento";2;0;0;1;0;0;0;0;0;0;2;0;2;0;0
"20/05/2024";"18:46:00";"586";"Com vítima";"107,000";"BR-116/SP";"Decrescente";"Colisão lateral em sentido contrário";0;0;0;1;0;0;0;0;0;0;0;0;1;0;0
"20/05/2024";"18:54:00";"588";"Com vítima";"108,800";"BR-116/SP";"Crescente";"Colisão traseira";1;0;0;0;0;0;0;0;0;0;4;1;0;0;0
"20/05/2024";"19:42:00";"604";"Sem vítima";"576,900";"BR-101/RJ";"Decrescente";"Choque";1;0;0;0;0;0;0;0;0;0;1;0;0;0;0
"20/05/2024";"20:34:00";"630";"Sem vítima";"576,900";"BR-101/RJ";"Decrescente";"Choque";1;0;0;0;0;0;0;0;0;0;1;0;0;0;0
"21/05/2024";"00:23:00";"33";"Com vítima";"135,000";"BR-116/SP";"Decrescente";"Choque";1;0;0;0;0;0;0;0;0;0;0;2;0;0;0
"21/05/2024";"04:31:00";"59";"Sem vítima";"558,000";"BR-101/RJ";"Decrescente";"Choque";1;0;0;0;0;0;0;0;0;0;1;0;0;0;0
"21/05/2024";"06:27:00";"94";"Com vítima";"306,000";"BR-116/RJ";"Decrescente";"Atropelamento de pedestre";0;1;0;1;0;0;0;0;0;0;0;0;1;0;0
"21/05/2024";"06:38:00";"106";"Com vítima";"219,900";"BR-116/SP";"Crescente";"Colisão lateral em sentido contrário";1;0;0;1;0;0;0;0;0;0;2;1;0;0;0
"21/05/2024";"06:47:00";"113";"Com vítima";"210,000";"BR-116/SP";"Crescente";"Colisão traseira";0;0;0;2;0;0;0;0;0;0;0;2;0;0;0
"21/05/2024";"07:08:00";"133";"Sem vítima";"117,300";"BR-116/SP";"Decrescente";"Choque";1;0;0;0;0;0;0;0;0;0;3;0;0;0;0
"21/05/2024";"08:00:00";"174";"Sem vítima";"393,500";"BR-101/RJ";"Crescente";"Colisão traseira";1;0;0;0;0;0;0;0;0;0;1;0;0;0;0
"21/05/2024";"08:12:00";"181";"Com vítima";"163,400";"BR-116/SP";"Decrescente";"Colisão traseira";1;0;0;1;0;0;0;0;0;0;1;2;0;0;0
"21/05/2024";"08:25:00";"189";"Sem vítima";"216,400";"BR-116/RJ";"Decrescente";"Colisão lateral em sentido contrário";0;0;1;0;0;0;0;0;0;1;2;0;0;0;0
"21/05/2024";"08:41:00";"201";"Com vítima";"392,000";"BR-101/RJ";"Decrescente";"Colisão traseira";1;0;1;0;0;0;0;0;0;0;0;0;1;0;0
"21/05/2024";"09:22:00";"236";"Com vítima";"213,500";"BR-116/SP";"Decrescente";"Colisão lateral em sentido contrário";1;0;0;1;0;0;0;0;0;0;2;1;1;0;0
"21/05/2024";"09:26:00";"237";"Sem vítima";"206,000";"BR-116/SP";"Crescente";"Colisão lateral em sentido contrário";1;0;1;0;0;0;0;0;0;0;2;0;0;0;0
"21/05/2024";"09:30:00";"244";"Sem vítima";"226,800";"BR-116/SP";"Crescente";"Choque";0;0;0;0;0;0;0;1;0;0;1;0;0;0;0
"21/05/2024";"10:35:00";"281";"Com vítima";"481,900";"BR-101/RJ";"Decrescente";"Engavetamento";3;0;0;0;0;0;0;0;0;0;4;1;0;0;0
"21/05/2024";"11:13:00";"305";"Sem vítima";"480,000";"BR-101/RJ";"Crescente";"Colisão lateral em sentido contrário";1;0;0;1;0;0;0;0;0;0;4;0;0;0;0
"21/05/2024";"12:18:00";"337";"Sem vítima";"69,500";"BR-116/SP";"Decrescente";"Colisão traseira";0;0;0;0;0;0;0;1;0;0;1;0;0;0;0
"21/05/2024";"13:03:00";"358";"Com vítima";"305,000";"BR-116/RJ";"Crescente";"Colisão frontal";1;0;0;1;0;0;0;0;0;0;1;0;1;0;0
"21/05/2024";"13:20:00";"365";"Com vítima";"455,000";"BR-101/RJ";"Crescente";"Engavetamento";3;0;1;0;0;0;0;0;0;0;3;4;0;0;0
"21/05/2024";"14:06:00";"381";"Sem vítima";"477,000";"BR-101/RJ";"Decrescente";"Colisão lateral em sentido contrário";0;0;1;0;0;0;0;0;0;0;1;0;0;0;0
"21/05/2024";"15:08:00";"416";"Sem vítima";"339,000";"BR-116/RJ";"Decrescente";"Choque";1;0;0;0;0;0;0;0;0;0;2;0;0;0;0
"21/05/2024";"15:25:00";"424";"Com vítima";"45,800";"BR-101/SP";"Crescente";"Colisão lateral em sentido contrário";1;0;0;1;0;0;0;0;0;0;0;1;0;0;0
"21/05/2024";"15:35:00";"433";"Com vítima";"233,000";"BR-116/RJ";"Crescente";"Acidentes de outra natureza";0;0;0;1;0;0;0;0;0;0;0;0;1;0;0
"21/05/2024";"18:09:00";"503";"Sem vítima";"512,000";"BR-101/RJ";"Crescente";"Colisão lateral em sentido contrário";2;0;0;0;0;0;0;0;0;0;6;0;0;0;0
"21/05/2024";"18:21:00";"509";"Sem vítima";"104,600";"BR-116/SP";"Crescente";"Colisão traseira";1;0;1;0;0;0;0;0;0;0;0;0;0;0;0
"21/05/2024";"18:35:00";"518";"Com vítima";"581,000";"BR-101/RJ";"Crescente";"Choque";1;0;0;0;0;0;0;0;0;0;0;1;0;0;0
"21/05/2024";"18:59:00";"532";"Sem vítima";"519,000";"BR-101/RJ";"Decrescente";"Atropelamento de pedestre";1;0;0;0;0;0;0;0;0;0;1;0;0;0;0
"21/05/2024";"20:08:00";"574";"Sem vítima";"228,700";"BR-116/RJ";"Crescente";"Choque";0;0;1;0;0;0;0;0;0;0;1;0;0;0;0
"21/05/2024";"23:54:00";"633";"Sem vítima";"210,100";"BR-116/SP";"Crescente";"Colisão lateral em sentido contrário";1;0;1;0;0;0;0;0;0;0;4;0;0;0;0
"22/05/2024";"06:46:00";"116";"Com vítima";"219,000";"BR-116/SP";"Crescente";"Colisão lateral em sentido contrário";1;0;0;1;0;0;0;0;0;0;1;2;0;0;0
"22/05/2024";"07:31:00";"161";"Sem vítima";"121,700";"BR-116/SP";"Decrescente";"Choque";0;0;1;0;0;0;0;0;0;0;1;0;0;0;0
"22/05/2024";"08:32:00";"221";"Com vítima";"161,000";"BR-116/SP";"Decrescente";"Colisão lateral em sentido contrário";0;0;0;1;1;0;0;0;0;0;1;1;0;0;0
"22/05/2024";"10:39:00";"315";"Com vítima";"151,900";"BR-116/SP";"Crescente";"Engavetamento";3;0;0;0;0;0;0;0;0;0;2;1;0;0;0
"22/05/2024";"12:08:00";"370";"Com vítima";"119,000";"BR-116/SP";"Crescente";"Colisão lateral em sentido contrário";1;0;0;1;0;0;0;0;0;0;1;0;1;0;0
"22/05/2024";"12:55:00";"395";"Sem vítima";"34,000";"BR-116/SP";"Crescente";"Colisão lateral em sentido contrário";1;0;1;0;0;0;0;0;0;0;0;0;0;0;0
"22/05/2024";"13:09:00";"402";"Com vítima";"56,800";"BR-116/SP";"Crescente";"Colisão traseira";0;0;0;1;0;0;0;0;0;0;0;1;0;0;0
"22/05/2024";"13:14:00";"405";"Com vítima";"160,800";"BR-116/SP";"Decrescente";"Colisão lateral em sentido contrário";1;0;1;0;0;0;0;0;0;0;1;1;0;0;0
"22/05/2024";"13:21:00";"410";"Sem vítima";"300,000";"BR-116/RJ";"Decrescente";"Acidentes de outra natureza";0;0;0;1;0;0;0;0;0;0;2;0;0;0;0
"22/05/2024";"13:34:00";"416";"Com vítima";"161,000";"BR-116/SP";"Decrescente";"Acidentes de outra natureza";0;0;0;1;0;0;0;0;0;0;0;1;0;0;0
"22/05/2024";"14:23:00";"445";"Sem vítima";"209,950";"BR-116/SP";"Decrescente";"Colisão traseira";0;0;2;0;0;0;0;0;0;0;2;0;0;0;0
"22/05/2024";"14:42:00";"454";"Com vítima";"226,000";"BR-116/SP";"Crescente";"Colisão traseira";1;0;0;1;0;0;0;0;0;0;1;0;1;0;0
"22/05/2024";"16:19:00";"522";"Sem vítima";"157,800";"BR-116/SP";"Crescente";"Colisão traseira";0;0;2;0;0;0;0;0;0;0;2;0;0;0;0
"22/05/2024";"17:02:00";"549";"Com vítima";"572,000";"BR-101/RJ";"Crescente";"Colisão lateral em sentido contrário";0;0;0;2;0;0;0;0;0;0;0;2;0;0;0
"22/05/2024";"18:17:00";"586";"Sem vítima";"65,000";"BR-116/SP";"Crescente";"Choque";1;0;0;0;0;0;0;0;0;0;0;0;0;0;0
"22/05/2024";"19:45:00";"636";"Sem vítima";"229,000";"BR-116/SP";"Crescente";"Colisão traseira";1;0;0;0;0;0;0;0;0;0;2;0;0;0;0
"22/05/2024";"22:00:00";"674";"Sem vítima";"125,000";"BR-116/SP";"Crescente";"Colisão lateral em sentido contrário";2;0;0;0;0;0;0;0;0;0;0;0;0;0;0
"22/05/2024";"23:22:00";"695";"Sem vítima";"194,000";"BR-116/SP";"Crescente";"Choque";1;0;0;0;0;0;0;0;0;0;1;0;0;0;0
"23/05/2024";"00:01:00";"30";"Sem vítima";"400,600";"BR-101/RJ";"Decrescente";"Choque";1;0;0;0;0;0;0;0;0;0;1;0;0;0;0
"23/05/2024";"01:51:00";"51";"Sem vítima";"197,200";"BR-116/SP";"Crescente";"Choque";0;0;1;0;0;0;0;0;0;0;1;0;0;0;0
"23/05/2024";"05:41:00";"86";"Com vítima";"201,000";"BR-116/SP";"Crescente";"Acidentes de outra natureza";0;0;0;1;0;0;0;0;0;0;0;1;0;0;0
"23/05/2024";"06:56:00";"134";"Com vítima";"231,000";"BR-116/SP";"Crescente";"Acidentes de outra natureza";0;0;0;1;0;0;0;0;0;0;0;1;0;0;0
"23/05/2024";"07:16:00";"154";"Sem vítima";"209,000";"BR-116/SP";"Decrescente";"Engavetamento";2;0;0;0;0;0;0;0;0;0;1;0;0;0;0
"23/05/2024";"07:29:00";"169";"Com vítima";"277,000";"BR-116/RJ";"Decrescente";"Atropelamento de pedestre";1;0;0;0;0;0;0;0;0;0;0;0;1;0;0
"23/05/2024";"07:30:00";"171";"Com vítima";"224,000";"BR-116/SP";"Crescente";"Colisão lateral em sentido contrário";2;0;0;1;0;0;0;0;0;0;2;1;0;0;0
"23/05/2024";"07:35:00";"177";"Com vítima";"206,000";"BR-116/SP";"Crescente";"Acidentes de outra natureza";0;0;0;1;0;0;0;0;0;0;0;1;0;0;0
"23/05/2024";"07:44:00";"186";"Com vítima";"279,000";"BR-116/RJ";"Crescente";"Colisão traseira";1;0;0;1;0;0;0;0;0;0;1;0;1;0;0
"23/05/2024";"08:11:00";"206";"Com vítima";"209,900";"BR-116/SP";"Decrescente";"Colisão lateral em sentido contrário";1;0;0;1;0;0;0;0;0;0;1;1;0;0;0
"23/05/2024";"08:13:00";"208";"Com vítima";"156,100";"BR-116/SP";"Decrescente";"Colisão lateral em sentido contrário";1;0;1;0;0;0;0;0;0;0;3;1;0;0;0
"23/05/2024";"09:00:00";"246";"Com vítima";"192,400";"BR-116/SP";"Decrescente";"Choque";1;0;0;0;0;0;0;0;0;0;1;0;1;0;0
"23/05/2024";"10:23:00";"287";"Com vítima";"197,100";"BR-116/SP";"Crescente";"Colisão traseira";0;0;1;0;0;0;0;0;0;0;0;0;1;0;0
"23/05/2024";"11:31:00";"318";"Sem vítima";"115,800";"BR-116/SP";"Decrescente";"Colisão traseira";0;0;2;0;0;0;0;0;0;0;2;0;0;0;0