data;horario;n_da_ocorrencia;tipo_de_ocorrencia;km;trecho;sentido;tipo_de_acidente;automovel;bicicleta;caminhao;moto;onibus;outros;tracao_animal;transporte_de_cargas_especiais;trator_maquinas;utilitarios;ilesos;levemente_feridos;moderadamente_feridos;gravemente_feridos;mortos
"23/05/2024";"11:38:00";"323";"Sem vítima";"51,000";"BR-101/SP";"Decrescente";"Colisão lateral em sentido contrário";0;0;0;1;0;0;0;0;0;0;1;0;0;0;0
"23/05/2024";"11:45:00";"329";"Com vítima";"186,000";"BR-116/SP";"Decrescente";"Acidentes de outra natureza";0;0;0;1;0;0;0;0;0;0;0;1;0;0;0
"23/05/2024";"13:29:00";"378";"Com vítima";"310,000";"BR-116/RJ";"Decrescente";"Atropelamento de pedestre";0;0;0;0;1;0;0;0;0;0;0;2;0;0;0
"23/05/2024";"13:40:00";"385";"Com vítima";"41,000";"BR-101/SP";"Crescente";"Acidentes de outra natureza";0;0;0;1;0;0;0;0;0;0;0;0;1;0;0
"23/05/2024";"16:15:00";"476";"Sem vítima";"245,000";"BR-116/RJ";"Crescente";"Acidentes de outra natureza";1;0;0;0;0;0;0;0;0;0;0;0;0;0;0
"23/05/2024";"16:24:00";"481";"Sem vítima";"138,000";"BR-116/SP";"Decrescente";"Acidentes de outra natureza";0;0;0;1;0;0;0;0;0;0;1;0;0;0;0
"23/05/2024";"16:25:00";"484";"Sem vítima";"103,100";"BR-116/SP";"Crescente";"Colisão traseira";1;0;0;0;0;0;0;0;0;0;1;0;0;0;0
"23/05/2024";"16:28:00";"488";"Sem vítima";"259,000";"BR-116/RJ";"Crescente";"Choque";1;0;0;0;0;0;0;0;0;0;1;0;0;0;0
"23/05/2024";"16:39:00";"501";"Sem vítima";"138,000";"BR-116/SP";"Decrescente";"Colisão lateral em sentido contrário";1;0;0;0;0;0;0;1;0;0;2;0;0;0;0
"23/05/2024";"17:41:00";"532";"Com vítima";"230,000";"BR-116/SP";"Decrescente";"Colisão lateral em sentido contrário";1;0;0;1;0;0;0;0;0;0;1;2;0;0;0
"23/05/2024";"17:53:00";"540";"Sem vítima";"154,000";"BR-116/SP";"Crescente";"Colisão traseira";2;0;0;0;0;0;0;0;0;0;4;0;0;0;0
"23/05/2024";"18:27:00";"553";"Sem vítima";"145,000";"BR-116/SP";"Decrescente";"Colisão traseira";2;0;0;0;0;0;0;0;0;0;4;0;0;0;0
"23/05/2024";"19:24:00";"582";"Sem vítima";"229,000";"BR-116/SP";"Decrescente";"Acidentes de outra natureza";0;0;0;1;0;0;0;0;0;0;1;0;0;0;0
"23/05/2024";"19:56:00";"598";"Com vítima";"277,200";"BR-116/RJ";"Crescente";"Choque";1;0;0;0;0;0;0;0;0;0;0;0;1;0;0
"23/05/2024";"22:15:00";"652";"Sem vítima";"277,700";"BR-116/RJ";"Decrescente";"Colisão traseira";1;0;0;0;0;0;0;0;0;0;2;0;0;0;0
"23/05/2024";"23:22:00";"686";"Sem vítima";"124,800";"BR-116/SP";"Crescente";"Colisão lateral em sentido contrário";1;0;0;0;0;0;0;1;0;0;4;0;0;0;0
"24/05/2024";"01:11:00";"42";"Com vítima";"222,000";"BR-116/SP";"Decrescente";"Engavetamento";3;0;0;0;0;0;0;0;0;0;3;1;0;0;0
"24/05/2024";"02:05:00";"52";"Sem vítima";"104,900";"BR-116/SP";"Decrescente";"Colisão traseira";2;0;0;0;0;0;0;0;0;0;2;0;0;0;0
"24/05/2024";"03:09:00";"62";"Com vítima";"280,000";"BR-116/RJ";"Decrescente";"Choque";1;0;0;0;0;0;0;0;0;0;0;1;0;0;0
"24/05/2024";"05:11:00";"85";"Sem vítima";"50,500";"BR-101/SP";"Crescente";"Choque";1;0;0;0;0;0;0;0;0;0;1;0;0;0;0
"24/05/2024";"05:36:00";"92";"Com vítima";"312,600";"BR-116/RJ";"Decrescente";"Tombamento";0;0;0;0;0;0;0;1;0;0;0;1;0;0;0
"24/05/2024";"05:41:00";"95";"Com vítima";"312,600";"BR-116/RJ";"Crescente";"Choque";1;0;2;0;0;0;0;0;0;0;2;1;0;0;0
"24/05/2024";"06:47:00";"128";"Sem vítima";"312,600";"BR-116/RJ";"Crescente";"Choque";0;0;1;0;0;0;0;0;0;0;1;0;0;0;0
"24/05/2024";"06:57:00";"140";"Sem vítima";"312,600";"BR-116/RJ";"Crescente";"Choque";0;0;1;0;0;0;0;0;0;0;1;0;0;0;0
"24/05/2024";"09:07:00";"229";"Sem vítima";"230,000";"BR-116/SP";"Crescente";"Choque";0;0;0;0;0;0;0;1;0;0;1;0;0;0;0
"24/05/2024";"09:45:00";"256";"Com vítima";"230,000";"BR-116/SP";"Crescente";"Colisão traseira";2;0;0;0;0;0;0;0;0;0;1;1;0;0;0
"24/05/2024";"09:52:00";"261";"Com vítima";"158,000";"BR-116/SP";"Decrescente";"Colisão traseira";1;0;0;1;0;0;0;0;0;0;5;0;1;0;0
"24/05/2024";"10:59:00";"296";"Com vítima";"40,500";"BR-101/SP";"Crescente";"Colisão frontal";1;0;0;1;0;0;0;0;0;0;1;0;1;1;0
"24/05/2024";"12:00:00";"227";"Sem vítima";"140,000";"BR-116/SP";"Crescente";"Engavetamento";3;0;0;0;0;0;0;0;0;0;3;0;0;0;0
"24/05/2024";"12:41:00";"361";"Sem vítima";"416,400";"BR-101/RJ";"Decrescente";"Choque";1;0;0;0;0;0;0;0;0;0;1;0;0;0;0
"24/05/2024";"13:28:00";"383";"Com vítima";"381,000";"BR-101/RJ";"Crescente";"Colisão traseira";2;0;0;0;0;0;0;0;0;0;1;1;0;0;0
"24/05/2024";"13:29:00";"384";"Com vítima";"205,700";"BR-116/SP";"Decrescente";"Capotamento";0;0;1;0;0;0;0;0;0;0;0;1;0;0;0
"24/05/2024";"13:38:00";"389";"Com vítima";"569,500";"BR-101/RJ";"Decrescente";"Choque";0;0;0;0;1;0;0;0;0;0;1;1;0;0;0
"24/05/2024";"13:43:00";"392";"Com vítima";"122,700";"BR-116/SP";"Decrescente";"Engavetamento";2;0;2;0;0;0;0;0;0;2;8;1;2;0;0
"24/05/2024";"15:12:00";"437";"Com vítima";"220,000";"BR-116/SP";"Decrescente";"Colisão lateral em sentido contrário";1;0;0;1;0;0;0;0;0;0;2;1;0;0;0
"24/05/2024";"16:03:00";"468";"Sem vítima";"231,000";"BR-116/SP";"Decrescente";"Colisão traseira";1;0;0;0;0;0;0;0;0;0;1;0;0;0;0
"24/05/2024";"16:38:00";"493";"Com vítima";"219,000";"BR-116/SP";"Crescente";"Colisão traseira";0;0;1;1;0;0;0;0;0;0;1;1;0;0;0
"24/05/2024";"16:57:00";"502";"Com vítima";"40,000";"BR-101/SP";"Crescente";"Colisão lateral em sentido contrário";2;0;0;0;0;0;0;0;0;0;1;2;0;0;0
"24/05/2024";"17:39:00";"518";"Sem vítima";"292,100";"BR-116/RJ";"Crescente";"Colisão traseira";1;0;1;0;0;0;0;0;0;0;2;0;0;0;0
"24/05/2024";"17:47:00";"522";"Sem vítima";"221,000";"BR-116/SP";"Decrescente";"Colisão traseira";1;0;0;0;0;0;0;0;0;0;1;0;0;0;0
"24/05/2024";"17:53:00";"527";"Com vítima";"221,000";"BR-116/SP";"Decrescente";"Atropelamento de pedestre";0;0;0;1;0;0;0;0;0;0;0;1;0;0;0
"24/05/2024";"18:15:00";"540";"Sem vítima";"162,000";"BR-116/SP";"Crescente";"Choque";1;0;0;0;0;0;0;0;0;0;1;0;0;0;0
"24/05/2024";"18:38:00";"558";"Com vítima";"148,000";"BR-116/SP";"Decrescente";"Colisão lateral em sentido contrário";1;0;0;1;0;0;0;0;0;0;2;1;0;0;0
"24/05/2024";"19:16:00";"573";"Sem vítima";"145,700";"BR-116/SP";"Crescente";"Colisão lateral em sentido contrário";1;0;0;0;0;0;0;0;0;0;1;0;0;0;0
"24/05/2024";"20:16:00";"607";"Com vítima";"153,000";"BR-116/SP";"Crescente";"Acidentes de outra natureza";0;0;0;1;0;0;0;0;0;0;0;1;0;0;0
"24/05/2024";"20:42:00";"617";"Com vítima";"77,250";"BR-116/SP";"Decrescente";"Acidentes de outra natureza";0;0;0;1;0;0;0;0;0;0;0;0;1;0;0
"25/05/2024";"00:00:00";"447";"Com vítima";"50,500";"BR-101/SP";"Decrescente";"Colisão frontal";1;0;0;1;0;0;0;0;0;0;0;1;0;0;0
"25/05/2024";"00:04:00";"31";"Com vítima";"211,800";"BR-116/SP";"Decrescente";"Colisão lateral em sentido contrário";2;0;0;0;0;0;0;0;0;0;1;1;0;0;0
"25/05/2024";"01:33:00";"51";"Com vítima";"296,000";"BR-116/RJ";"Decrescente";"Choque";1;0;0;0;0;0;0;0;0;0;0;1;0;0;0
"25/05/2024";"01:50:00";"54";"Sem vítima";"220,000";"BR-116/SP";"Crescente";"Choque";1;0;0;0;0;0;0;0;0;0;1;0;0;0;0
"25/05/2024";"02:58:00";"60";"Sem vítima";"223,000";"BR-116/SP";"Decrescente";"Colisão traseira";1;0;0;0;0;0;0;0;0;0;1;0;0;0;0
"25/05/2024";"03:37:00";"65";"Com vítima";"70,500";"BR-116/SP";"Crescente";"Atropelamento de pedestre";1;0;0;0;0;0;0;0;0;0;2;0;1;0;0
"25/05/2024";"04:04:00";"73";"Com vítima";"29,500";"BR-116/SP";"Decrescente";"Colisão traseira";0;0;2;0;0;0;0;0;0;0;1;0;1;0;0
"25/05/2024";"04:51:00";"83";"Com vítima";"246,000";"BR-116/RJ";"Decrescente";"Colisão traseira";0;0;1;0;0;0;0;0;0;1;8;1;0;0;0
"25/05/2024";"06:40:00";"112";"Sem vítima";"592,000";"BR-101/RJ";"Crescente";"Choque";1;0;0;0;0;0;0;0;0;0;1;0;0;0;0
"25/05/2024";"07:12:00";"138";"Sem vítima";"394,000";"BR-101/RJ";"Crescente";"Colisão traseira";0;0;0;0;0;0;0;0;0;0;0;0;0;0;0
"25/05/2024";"07:42:00";"160";"Sem vítima";"126,000";"BR-116/SP";"Decrescente";"Choque";1;0;0;0;0;0;0;0;0;0;0;0;0;0;0
"25/05/2024";"08:08:00";"181";"Com vítima";"282,200";"BR-116/RJ";"Crescente";"Colisão traseira";1;0;0;0;1;0;0;0;0;0;41;1;0;0;0
"25/05/2024";"08:32:00";"198";"Com vítima";"208,400";"BR-116/SP";"Crescente";"Colisão lateral em sentido contrário";0;0;0;1;0;0;0;0;0;0;0;2;0;0;0
"25/05/2024";"08:54:00";"209";"Com vítima";"217,000";"BR-116/SP";"Crescente";"Colisão lateral em sentido contrário";0;0;0;1;0;0;0;0;0;0;0;0;1;0;0
"25/05/2024";"08:54:00";"210";"Com vítima";"160,000";"BR-116/SP";"Decrescente";"Colisão lateral em sentido contrário";1;0;0;1;0;0;0;0;0;0;1;1;0;0;0
"25/05/2024";"09:46:00";"237";"Com vítima";"210,800";"BR-116/SP";"Crescente";"Colisão lateral em sentido contrário";0;0;0;1;0;0;0;0;0;0;0;1;0;1;0
"25/05/2024";"09:49:00";"240";"Sem vítima";"136,500";"BR-116/SP";"Decrescente";"Engavetamento";1;0;0;0;0;0;0;1;0;1;0;0;0;0;0
"25/05/2024";"10:17:00";"249";"Sem vítima";"210,000";"BR-116/SP";"Decrescente";"Colisão lateral em sentido contrário";1;0;0;0;0;0;0;0;0;0;1;0;0;0;0
"25/05/2024";"13:37:00";"326";"Com vítima";"145,000";"BR-116/SP";"Crescente";"Colisão traseira";1;0;0;0;0;0;0;0;0;1;2;1;0;0;0
"25/05/2024";"13:58:00";"334";"Com vítima";"381,000";"BR-101/RJ";"Crescente";"Engavetamento";2;0;0;0;0;0;0;0;0;0;2;1;0;0;0
"25/05/2024";"14:29:00";"350";"Com vítima";"526,000";"BR-101/RJ";"Decrescente";"Acidentes de outra natureza";1;0;0;1;0;0;0;0;0;0;0;2;0;0;0
"25/05/2024";"14:52:00";"359";"Sem vítima";"208,100";"BR-116/SP";"Decrescente";"Colisão lateral em sentido contrário";1;0;0;0;0;0;0;0;0;0;1;0;0;0;0
"25/05/2024";"15:14:00";"365";"Sem vítima";"230,000";"BR-116/RJ";"Decrescente";"Acidentes de outra natureza";1;0;0;1;0;0;0;0;0;0;5;0;0;0;0
"25/05/2024";"15:36:00";"376";"Com vítima";"219,500";"BR-116/SP";"Decrescente";"Colisão lateral em sentido contrário";0;0;0;1;0;0;0;1;0;0;1;0;1;0;0
"25/05/2024";"16:18:00";"391";"Sem vítima";"106,000";"BR-116/SP";"Crescente";"Acidentes de outra natureza";1;0;0;0;0;0;0;0;0;0;0;0;0;0;0
"25/05/2024";"18:31:00";"428";"Sem vítima";"187,800";"BR-116/SP";"Crescente";"Engavetamento";3;0;0;0;0;0;0;0;0;0;7;0;0;0;0
"25/05/2024";"19:22:00";"449";"Com vítima";"102,600";"BR-116/SP";"Crescente";"Acidentes de outra natureza";0;0;0;1;0;0;0;0;0;0;0;2;0;0;0
"25/05/2024";"19:33:00";"455";"Sem vítima";"228,500";"BR-116/RJ";"Decrescente";"Choque";1;0;0;0;0;0;0;0;0;0;2;0;0;0;0
"25/05/2024";"19:35:00";"456";"Sem vítima";"514,500";"BR-101/RJ";"Decrescente";"Choque";1;0;0;0;0;0;0;0;0;0;0;0;0;0;0
"25/05/2024";"19:37:00";"457";"Com vítima";"278,400";"BR-116/RJ";"Decrescente";"Atropelamento de pedestre";1;0;0;0;0;0;0;0;0;0;1;0;0;1;0
"25/05/2024";"19:40:00";"458";"Com vítima";"445,000";"BR-101/RJ";"Decrescente";"Capotamento";1;0;0;0;0;0;0;0;0;0;0;1;1;0;0
"25/05/2024";"19:43:00";"459";"Com vítima";"219,000";"BR-116/SP";"Crescente";"Choque";1;0;0;0;0;0;0;0;0;0;0;1;0;0;0
"25/05/2024";"20:31:00";"479";"Com vítima";"571,200";"BR-101/RJ";"Crescente";"Atropelamento de pedestre";0;0;0;0;1;0;0;0;0;0;1;1;0;0;0
"25/05/2024";"21:23:00";"493";"Sem vítima";"517,000";"BR-101/RJ";"Decrescente";"Choque";1;0;0;0;0;0;0;0;0;0;1;0;0;0;0
"25/05/2024";"23:38:00";"515";"Com vítima";"273,200";"BR-116/RJ";"Decrescente";"Choque";1;0;0;0;0;0;0;0;0;0;0;0;2;0;0
"26/05/2024";"00:00:00";"282";"Sem vítima";"234,000";"BR-116/RJ";"Decrescente";"Choque";1;0;0;0;0;0;0;0;0;0;0;0;0;0;0
"26/05/2024";"00:05:00";"31";"Sem vítima";"59,600";"BR-116/SP";"Crescente";"Colisão traseira";2;0;0;0;0;0;0;0;0;0;0;0;0;0;0
"26/05/2024";"00:41:00";"40";"Com vítima";"283,300";"BR-116/RJ";"Decrescente";"Choque";1;0;0;0;0;0;0;0;0;0;0;1;0;0;0
"26/05/2024";"01:43:00";"46";"Sem vítima";"211,400";"BR-116/SP";"Decrescente";"Choque";1;0;0;0;0;0;0;0;0;0;1;0;0;0;0
"26/05/2024";"01:54:00";"47";"Com vítima";"216,400";"BR-116/SP";"Crescente";"Choque";1;0;0;0;0;0;0;0;0;0;1;1;0;0;0
"26/05/2024";"05:14:00";"62";"Com vítima";"470,000";"BR-101/RJ";"Decrescente";"Choque";1;0;0;0;0;0;0;0;0;0;0;1;0;0;0
"26/05/2024";"05:28:00";"70";"Sem vítima";"158,200";"BR-116/SP";"Crescente";"Choque";1;0;0;0;0;0;0;0;0;0;1;0;0;0;0
"26/05/2024";"05:34:00";"71";"Sem vítima";"227,000";"BR-116/SP";"Crescente";"Choque";1;0;0;0;0;0;0;0;0;0;2;0;0;0;0
"26/05/2024";"05:36:00";"72";"Com vítima";"227,000";"BR-116/SP";"Crescente";"Colisão traseira";0;0;0;1;0;0;0;0;0;1;1;1;0;0;0
"26/05/2024";"06:43:00";"93";"Com vítima";"73,000";"BR-116/SP";"Decrescente";"Choque";1;0;0;0;0;0;0;0;0;0;0;1;0;0;0
"26/05/2024";"07:22:00";"103";"Com vítima";"232,600";"BR-116/RJ";"Decrescente";"Choque";1;0;0;0;0;0;0;0;0;0;0;1;0;0;0
"26/05/2024";"07:46:00";"118";"Sem vítima";"218,500";"BR-116/SP";"Crescente";"Choque";1;0;0;0;0;0;0;0;0;0;2;0;0;0;0
"26/05/2024";"07:52:00";"121";"Com vítima";"37,000";"BR-116/SP";"Crescente";"Capotamento";2;0;0;0;0;0;0;0;0;0;0;3;0;0;0
"26/05/2024";"07:58:00";"123";"Sem vítima";"108,780";"BR-116/SP";"Decrescente";"Choque";1;0;0;0;0;0;0;0;0;0;1;0;0;0;0
"26/05/2024";"09:44:00";"162";"Sem vítima";"211,200";"BR-116/SP";"Decrescente";"Choque";1;0;0;0;0;0;0;0;0;0;1;0;0;0;0
"26/05/2024";"10:06:00";"168";"Com vítima";"274,500";"BR-116/RJ";"Crescente";"Choque";1;0;0;0;0;0;0;0;0;0;0;1;0;0;0
"26/05/2024";"10:19:00";"174";"Sem vítima";"192,700";"BR-116/SP";"Crescente";"Choque";1;0;0;0;0;0;0;0;0;0;1;0;0;0;0
"26/05/2024";"10:25:00";"178";"Com vítima";"324,150";"BR-116/RJ";"Decrescente";"Choque";1;0;0;0;0;0;0;0;0;0;0;2;0;0;0
"26/05/2024";"10:36:00";"183";"Sem vítima";"498,500";"BR-101/RJ";"Crescente";"Choque";1;0;0;0;0;0;0;0;0;0;5;0;0;0;0
"26/05/2024";"10:42:00";"188";"Sem vítima";"428,000";"BR-101/RJ";"Decrescente";"Choque";1;0;0;0;0;0;0;0;0;0;1;0;0;0;0
"26/05/2024";"11:03:00";"208";"Sem vítima";"232,600";"BR-116/RJ";"Decrescente";"Choque";1;0;0;0;0;0;0;0;0;0;4;0;0;0;0
"26/05/2024";"11:10:00";"196";"Com vítima";"226,800";"BR-116/RJ";"Crescente";"Capotamento";1;0;0;0;0;0;0;0;0;0;0;5;0;0;0
"26/05/2024";"11:12:00";"198";"Sem vítima";"180,000";"BR-116/SP";"Decrescente";"Acidentes de outra natureza";1;0;0;0;0;0;0;0;0;0;0;0;0;0;0
"26/05/2024";"11:33:00";"206";"Sem vítima";"65,000";"BR-116/SP";"Decrescente";"Choque";1;0;0;0;0;0;0;0;0;0;1;0;0;0;0
"26/05/2024";"11:42:00";"213";"Sem vítima";"98,800";"BR-116/SP";"Crescente";"Acidentes de outra natureza";0;0;0;1;0;0;0;0;0;0;1;0;0;0;0
"26/05/2024";"11:54:00";"215";"Sem vítima";"442,000";"BR-101/RJ";"Crescente";"Choque";1;0;0;0;0;0;0;0;0;0;0;0;0;0;0
"26/05/2024";"11:55:00";"217";"Com vítima";"282,000";"BR-116/RJ";"Decrescente";"Capotamento";1;0;0;0;0;0;0;0;0;0;3;1;0;0;0
"26/05/2024";"12:10:00";"226";"Sem vítima";"226,200";"BR-116/RJ";"Crescente";"Choque";1;0;0;0;0;0;0;0;0;0;0;0;0;0;0
"26/05/2024";"12:15:00";"230";"Sem vítima";"324,150";"BR-116/RJ";"Decrescente";"Choque";0;0;1;0;0;0;0;0;0;0;1;0;0;0;0
"26/05/2024";"12:35:00";"236";"Sem vítima";"234,000";"BR-116/RJ";"Decrescente";"Capotamento";1;0;0;0;0;0;0;0;0;0;0;0;0;0;0
"26/05/2024";"12:41:00";"239";"Sem vítima";"442,000";"BR-101/RJ";"Crescente";"Choque";1;0;0;0;0;0;0;0;0;0;0;0;0;0;0
"26/05/2024";"13:20:00";"251";"Com vítima";"475,000";"BR-101/RJ";"Decrescente";"Colisão traseira";2;0;0;0;0;0;0;0;0;0;2;0;1;0;0
"26/05/2024";"13:42:00";"262";"Sem vítima";"227,000";"BR-116/RJ";"Decrescente";"Capotamento";1;0;0;0;0;0;0;0;0;0;4;0;0;0;0
"26/05/2024";"13:44:00";"264";"Com vítima";"222,000";"BR-116/SP";"Decrescente";"Colisão lateral em sentido contrário";1;0;0;0;0;0;0;0;0;0;0;1;0;0;0
"26/05/2024";"13:56:00";"269";"Sem vítima";"313,700";"BR-116/RJ";"Decrescente";"Choque";1;0;0;0;0;0;0;0;0;0;1;0;0;0;0
"26/05/2024";"14:17:00";"281";"Sem vítima";"222,000";"BR-116/SP";"Decrescente";"Choque";1;0;0;0;0;0;0;0;0;0;1;0;0;0;0
"26/05/2024";"14:22:00";"284";"Sem vítima";"78,200";"BR-116/SP";"Crescente";"Colisão traseira";2;0;0;0;0;0;0;0;0;0;5;0;0;0;0
"26/05/2024";"14:56:00";"298";"Sem vítima";"232,600";"BR-116/RJ";"Decrescente";"Choque";1;0;0;0;0;0;0;0;0;0;2;0;0;0;0
"26/05/2024";"15:02:00";"299";"Com vítima";"49,500";"BR-101/SP";"Decrescente";"Colisão traseira";1;0;0;1;0;0;0;0;0;0;3;1;0;0;0
"26/05/2024";"15:03:00";"300";"Sem vítima";"506,000";"BR-101/RJ";"Decrescente";"Colisão traseira";2;0;0;0;0;0;0;0;0;0;3;0;0;0;0
"26/05/2024";"15:19:00";"306";"Com vítima";"235,600";"BR-116/RJ";"Decrescente";"Capotamento";1;0;0;0;0;0;0;0;0;0;0;0;3;0;0
"26/05/2024";"15:19:00";"307";"Sem vítima";"322,550";"BR-116/RJ";"Decrescente";"Choque";1;0;0;0;0;0;0;0;0;0;1;0;0;0;0
"26/05/2024";"15:25:00";"309";"Sem vítima";"227,100";"BR-116/RJ";"Decrescente";"Choque";1;0;0;0;0;0;0;0;0;0;2;0;0;0;0
"26/05/2024";"15:54:00";"320";"Sem vítima";"413,000";"BR-101/RJ";"Decrescente";"Capotamento";1;0;0;0;0;0;0;0;0;0;1;0;0;0;0
"26/05/2024";"16:00:00";"323";"Com vítima";"252,000";"BR-116/RJ";"Crescente";"Choque";1;0;0;0;0;0;0;0;0;0;0;2;1;0;0
"26/05/2024";"16:04:00";"326";"Sem vítima";"74,500";"BR-116/SP";"Crescente";"Colisão traseira";2;0;0;0;0;0;0;0;0;0;2;0;0;0;0
"26/05/2024";"16:07:00";"329";"Sem vítima";"322,000";"BR-116/RJ";"Crescente";"Choque";1;0;0;0;0;0;0;0;0;0;4;0;0;0;0
"26/05/2024";"16:48:00";"345";"Sem vítima";"252,200";"BR-116/RJ";"Crescente";"Choque";1;0;0;0;0;0;0;0;0;0;1;0;0;0;0
"26/05/2024";"16:52:00";"348";"Sem vítima";"295,000";"BR-116/RJ";"Crescente";"Choque";1;0;0;0;0;0;0;0;0;0;1;0;0;0;0
"26/05/2024";"17:02:00";"352";"Com vítima";"417,100";"BR-101/RJ";"Decrescente";"Colisão frontal";1;0;0;0;1;0;0;0;0;0;30;0;0;1;3
"26/05/2024";"17:14:00";"356";"Com vítima";"71,900";"BR-116/SP";"Crescente";"Colisão traseira";0;0;0;1;0;0;0;0;0;1;0;0;1;0;0
"26/05/2024";"18:01:00";"375";"Sem vítima";"226,000";"BR-116/SP";"Crescente";"Colisão traseira";1;0;0;0;0;0;0;0;0;0;1;0;0;0;0
"26/05/2024";"18:23:00";"384";"Sem vítima";"176,000";"BR-116/SP";"Decrescente";"Acidentes de outra natureza";1;0;0;0;0;0;0;0;0;0;1;0;0;0;0
"26/05/2024";"19:16:00";"410";"Sem vítima";"233,900";"BR-116/RJ";"Decrescente";"Choque";1;0;0;0;0;0;0;0;0;0;2;0;0;0;0
"26/05/2024";"19:25:00";"415";"Sem vítima";"233,000";"BR-116/RJ";"Decrescente";"Choque";1;0;0;0;0;0;0;0;0;0;4;0;0;0;0
"26/05/2024";"20:40:00";"449";"Sem vítima";"285,000";"BR-116/RJ";"Crescente";"Colisão traseira";1;0;0;0;0;0;0;0;0;0;0;0;0;0;0
"26/05/2024";"20:42:00";"437";"Sem vítima";"322,000";"BR-116/RJ";"Crescente";"Choque";1;0;0;0;0;0;0;0;0;0;1;0;0;0;0
"26/05/2024";"21:08:00";"457";"Sem vítima";"285,800";"BR-116/RJ";"Crescente";"Choque";1;0;0;0;0;0;0;0;0;0;0;0;0;0;0
"26/05/2024";"21:29:00";"464";"Sem vítima";"252,000";"BR-116/RJ";"Crescente";"Choque";1;0;0;0;0;0;0;0;0;0;1;0;0;0;0
"26/05/2024";"22:11:00";"471";"Sem vítima";"211,900";"BR-116/SP";"Crescente";"Capotamento";1;0;0;0;0;0;0;0;0;0;2;0;0;0;0
"26/05/2024";"22:29:00";"474";"Sem vítima";"220,400";"BR-116/RJ";"Decrescente";"Choque";1;0;0;0;0;0;0;0;0;0;1;0;0;0;0
"26/05/2024";"23:38:00";"487";"Sem vítima";"211,350";"BR-116/SP";"Crescente";"Colisão traseira";2;0;0;0;0;0;0;0;0;0;4;0;0;0;0
"27/05/2024";"03:22:00";"64";"Com vítima";"295,000";"BR-116/RJ";"Decrescente";"Choque";0;0;0;0;0;0;0;1;0;0;0;1;0;0;0
"27/05/2024";"03:25:00";"65";"Sem vítima";"211,150";"BR-116/SP";"Crescente";"Choque";1;0;0;0;0;0;0;0;0;0;3;0;0;0;0
"27/05/2024";"03:38:00";"66";"Com vítima";"160,300";"BR-116/SP";"Crescente";"Choque";1;0;0;0;0;0;0;0;0;0;1;1;0;0;0
"27/05/2024";"05:35:00";"86";"Sem vítima";"220,000";"BR-116/SP";"Crescente";"Engavetamento";1;0;1;0;1;0;0;0;0;0;3;0;0;0;0
"27/05/2024";"06:18:00";"100";"Sem vítima";"205,000";"BR-116/SP";"Decrescente";"Colisão traseira";0;0;2;0;0;0;0;0;0;0;3;0;0;0;0
"27/05/2024";"06:22:00";"101";"Com vítima";"225,900";"BR-116/RJ";"Crescente";"Choque";1;0;0;0;0;0;0;0;0;0;0;1;0;0;0
"27/05/2024";"06:41:00";"113";"Sem vítima";"334,600";"BR-116/RJ";"Crescente";"Choque";1;0;0;0;0;0;0;0;0;0;2;0;0;0;0
"27/05/2024";"06:46:00";"118";"Sem vítima";"294,600";"BR-116/RJ";"Crescente";"Choque";1;0;0;0;0;0;0;0;0;0;1;0;0;0;0
"27/05/2024";"06:49:00";"121";"Com vítima";"191,580";"BR-116/SP";"Decrescente";"Choque";1;0;0;0;0;0;0;0;0;0;0;1;0;0;0
"27/05/2024";"06:54:00";"130";"Sem vítima";"273,000";"BR-116/RJ";"Crescente";"Choque";1;0;0;0;0;0;0;0;0;0;0;0;0;0;0
"27/05/2024";"06:57:00";"132";"Sem vítima";"26,400";"BR-116/SP";"Crescente";"Choque";1;0;0;0;0;0;0;0;0;0;3;0;0;0;0
"27/05/2024";"07:21:00";"144";"Sem vítima";"66,800";"BR-116/SP";"Crescente";"Choque";1;0;0;0;0;0;0;0;0;0;1;0;0;0;0
"27/05/2024";"07:25:00";"150";"Sem vítima";"154,500";"BR-116/SP";"Crescente";"Colisão traseira";2;0;0;0;0;0;0;0;0;0;2;0;0;0;0
"27/05/2024";"07:36:00";"155";"Sem vítima";"38,300";"BR-116/SP";"Decrescente";"Choque";1;0;0;0;0;0;0;0;0;0;1;0;0;0;0
"27/05/2024";"07:41:00";"157";"Sem vítima";"221,100";"BR-116/SP";"Crescente";"Choque";1;0;0;0;0;0;0;0;0;0;1;0;0;0;0
"27/05/2024";"07:48:00";"161";"Com vítima";"296,000";"BR-116/RJ";"Crescente";"Capotamento";1;0;0;0;0;0;0;0;0;0;0;1;0;0;0
"27/05/2024";"08:16:00";"184";"Com vítima";"485,700";"BR-101/RJ";"Crescente";"Atropelamento de pedestre";0;0;0;1;0;0;0;0;0;0;1;1;0;0;0
"27/05/2024";"08:31:00";"198";"Sem vítima";"218,000";"BR-116/SP";"Decrescente";"Acidentes de outra natureza";0;0;0;1;0;0;0;0;0;0;1;0;0;0;0
"27/05/2024";"09:24:00";"238";"Sem vítima";"132,100";"BR-116/SP";"Decrescente";"Choque";0;0;0;0;0;0;0;1;0;0;1;0;0;0;0
"27/05/2024";"09:35:00";"248";"Sem vítima";"167,000";"BR-116/SP";"Crescente";"Colisão traseira";0;0;1;0;0;0;0;0;0;1;3;0;0;0;0