data;horario;n_da_ocorrencia;tipo_de_ocorrencia;km;trecho;sentido;tipo_de_acidente;automovel;bicicleta;caminhao;moto;onibus;outros;tracao_animal;transporte_de_cargas_especiais;trator_maquinas;utilitarios;ilesos;levemente_feridos;moderadamente_feridos;gravemente_feridos;mortos
"27/05/2024";"09:36:00";"250";"Sem vítima";"483,000";"BR-101/RJ";"Crescente";"Colisão traseira";2;0;0;0;0;0;0;0;0;0;3;0;0;0;0
"27/05/2024";"10:14:00";"278";"Sem vítima";"22,300";"BR-116/SP";"Crescente";"Choque";1;0;0;0;0;0;0;0;0;0;1;0;0;0;0
"27/05/2024";"10:18:00";"280";"Sem vítima";"432,800";"BR-101/RJ";"Decrescente";"Choque";1;0;0;0;0;0;0;0;0;0;2;0;0;0;0
"27/05/2024";"11:07:00";"313";"Com vítima";"334,000";"BR-116/RJ";"Crescente";"Choque";0;0;0;0;0;0;0;0;0;1;0;1;0;0;0
"27/05/2024";"11:09:00";"315";"Sem vítima";"75,000";"BR-116/SP";"Crescente";"Choque";1;0;0;0;0;0;0;0;0;0;1;0;0;0;0
"27/05/2024";"11:46:00";"333";"Sem vítima";"231,200";"BR-116/SP";"Crescente";"Colisão traseira";2;0;0;0;0;0;0;0;0;0;3;0;0;0;0
"27/05/2024";"11:50:00";"336";"Sem vítima";"26,000";"BR-116/SP";"Crescente";"Choque";1;0;0;0;0;0;0;0;0;0;3;0;0;0;0
"27/05/2024";"12:24:00";"350";"Com vítima";"177,600";"BR-116/SP";"Crescente";"Atropelamento de pedestre";0;0;0;0;0;0;0;0;0;0;0;0;0;1;0
"27/05/2024";"12:30:00";"352";"Sem vítima";"323,000";"BR-116/RJ";"Decrescente";"Choque";1;0;0;0;0;0;0;0;0;0;1;0;0;0;0
"27/05/2024";"12:55:00";"363";"Sem vítima";"70,700";"BR-116/SP";"Crescente";"Choque";1;0;0;0;0;0;0;0;0;0;1;0;0;0;0
"27/05/2024";"12:57:00";"365";"Sem vítima";"492,000";"BR-101/RJ";"Crescente";"Choque";0;0;1;0;0;0;0;0;0;0;1;0;0;0;0
"27/05/2024";"13:11:00";"367";"Sem vítima";"219,000";"BR-116/SP";"Crescente";"Colisão traseira";1;0;1;0;0;0;0;0;0;0;3;0;0;0;0
"27/05/2024";"13:11:00";"368";"Sem vítima";"37,700";"BR-116/SP";"Crescente";"Choque";0;0;1;0;0;0;0;0;0;0;2;0;0;0;0
"27/05/2024";"13:34:00";"379";"Sem vítima";"226,000";"BR-116/RJ";"Crescente";"Choque";1;0;0;0;0;0;0;0;0;0;1;0;0;0;0
"27/05/2024";"14:04:00";"391";"Com vítima";"282,600";"BR-116/RJ";"Decrescente";"Capotamento";1;0;0;0;0;0;0;0;0;0;1;1;0;0;0
"27/05/2024";"15:21:00";"427";"Sem vítima";"275,300";"BR-116/RJ";"Crescente";"Colisão traseira";1;0;1;0;0;0;0;0;0;0;2;0;0;0;0
"27/05/2024";"15:29:00";"431";"Com vítima";"234,000";"BR-116/RJ";"Decrescente";"Choque";1;0;0;0;0;0;0;0;0;0;0;1;0;0;0
"27/05/2024";"16:19:00";"459";"Sem vítima";"516,000";"BR-101/RJ";"Decrescente";"Choque";1;0;0;0;0;0;0;0;0;0;1;0;0;0;0
"27/05/2024";"16:23:00";"463";"Com vítima";"237,600";"BR-116/RJ";"Crescente";"Capotamento";1;0;0;0;0;0;0;0;0;0;0;0;0;0;1
"27/05/2024";"17:41:00";"500";"Sem vítima";"228,500";"BR-116/RJ";"Decrescente";"Choque";1;0;0;0;0;0;0;0;0;0;2;0;0;0;0
"27/05/2024";"17:50:00";"505";"Com vítima";"446,000";"BR-101/RJ";"Decrescente";"Choque";1;0;0;0;0;0;0;0;0;0;0;0;1;0;0
"27/05/2024";"18:08:00";"516";"Sem vítima";"204,300";"BR-116/SP";"Decrescente";"Colisão lateral em sentido contrário";1;0;1;0;0;0;0;0;0;0;3;0;0;0;0
"27/05/2024";"18:24:00";"530";"Sem vítima";"233,000";"BR-116/RJ";"Crescente";"Colisão traseira";1;0;1;0;0;0;0;0;0;0;3;0;0;0;0
"27/05/2024";"19:24:00";"564";"Sem vítima";"218,000";"BR-116/SP";"Crescente";"Colisão traseira";2;0;0;0;0;0;0;0;0;0;2;0;0;0;0
"27/05/2024";"19:29:00";"566";"Sem vítima";"155,000";"BR-116/SP";"Crescente";"Colisão lateral em sentido contrário";1;0;1;0;0;0;0;0;0;0;2;0;0;0;0
"27/05/2024";"22:39:00";"649";"Sem vítima";"150,800";"BR-116/SP";"Decrescente";"Colisão traseira";0;0;0;0;0;0;0;1;0;0;1;0;0;0;0
"28/05/2024";"00:10:00";"32";"Com vítima";"211,550";"BR-116/SP";"Crescente";"Acidentes de outra natureza";0;0;0;1;0;0;0;0;0;0;0;1;0;0;0
"28/05/2024";"04:38:00";"65";"Sem vítima";"316,700";"BR-116/RJ";"Crescente";"Colisão lateral em sentido contrário";0;0;2;0;0;0;0;0;0;0;0;0;0;0;0
"28/05/2024";"05:23:00";"77";"Sem vítima";"38,500";"BR-116/SP";"Decrescente";"Tombamento";0;0;1;0;0;0;0;0;0;0;1;0;0;0;0
"28/05/2024";"06:15:00";"93";"Com vítima";"131,500";"BR-116/SP";"Crescente";"Atropelamento de pedestre";3;0;0;0;0;0;0;0;0;0;0;2;1;0;0
"28/05/2024";"06:35:00";"117";"Com vítima";"229,000";"BR-116/SP";"Crescente";"Colisão traseira";1;0;0;0;0;0;0;0;0;0;0;1;0;0;0
"28/05/2024";"07:45:00";"172";"Com vítima";"47,000";"BR-101/SP";"Crescente";"Atropelamento de pedestre";0;1;0;1;0;0;0;0;0;0;0;1;0;1;0
"28/05/2024";"07:56:00";"177";"Com vítima";"397,600";"BR-101/RJ";"Decrescente";"Acidentes de outra natureza";0;0;0;1;0;0;0;0;0;0;0;0;1;0;0
"28/05/2024";"08:20:00";"197";"Com vítima";"46,500";"BR-101/SP";"Decrescente";"Colisão traseira";1;0;0;1;0;0;0;0;0;0;1;1;0;0;0
"28/05/2024";"10:10:00";"281";"Com vítima";"398,000";"BR-101/RJ";"Decrescente";"Atropelamento de pedestre";0;0;1;0;0;0;0;0;0;0;1;1;0;0;0
"28/05/2024";"11:45:00";"336";"Sem vítima";"303,000";"BR-116/RJ";"Decrescente";"Colisão lateral em sentido contrário";0;0;2;0;0;0;0;0;0;0;1;0;0;0;0
"28/05/2024";"13:01:00";"385";"Sem vítima";"134,100";"BR-116/SP";"Decrescente";"Choque";1;0;0;0;0;0;0;0;0;0;0;0;0;0;0
"28/05/2024";"13:25:00";"401";"Sem vítima";"127,000";"BR-116/SP";"Decrescente";"Colisão traseira";1;0;0;0;0;0;0;0;0;0;0;0;0;0;0
"28/05/2024";"13:27:00";"403";"Com vítima";"150,000";"BR-116/SP";"Decrescente";"Colisão lateral em sentido contrário";1;0;0;1;0;0;0;0;0;0;0;2;0;0;0
"28/05/2024";"15:07:00";"460";"Com vítima";"62,600";"BR-116/SP";"Decrescente";"Colisão frontal";1;0;1;0;0;0;0;0;0;0;1;0;0;1;0
"28/05/2024";"16:06:00";"481";"Sem vítima";"220,000";"BR-116/SP";"Crescente";"Engavetamento";1;0;1;0;0;0;0;1;0;0;4;0;0;0;0
"28/05/2024";"16:52:00";"505";"Sem vítima";"238,700";"BR-116/RJ";"Crescente";"Colisão lateral em sentido contrário";0;0;2;0;0;0;0;0;0;0;3;0;0;0;0
"28/05/2024";"17:27:00";"499";"Com vítima";"206,000";"BR-116/SP";"Crescente";"Colisão lateral em sentido contrário";0;0;0;1;0;0;0;0;0;0;0;1;0;0;0
"28/05/2024";"17:42:00";"532";"Com vítima";"135,000";"BR-116/SP";"Crescente";"Colisão lateral em sentido contrário";1;0;0;1;0;0;0;0;0;0;1;2;0;0;0
"28/05/2024";"17:56:00";"541";"Sem vítima";"235,000";"BR-116/RJ";"Decrescente";"Colisão traseira";0;0;2;0;0;0;0;0;0;0;2;0;0;0;0
"28/05/2024";"18:54:00";"575";"Sem vítima";"212,000";"BR-116/SP";"Crescente";"Colisão traseira";1;0;0;0;0;0;0;0;0;0;1;0;0;0;0
"28/05/2024";"19:21:00";"590";"Sem vítima";"123,700";"BR-116/SP";"Decrescente";"Choque";1;0;0;0;0;0;0;2;0;0;4;0;0;0;0
"28/05/2024";"19:29:00";"597";"Com vítima";"146,050";"BR-116/SP";"Crescente";"Colisão lateral em sentido contrário";2;0;0;0;0;0;0;0;0;0;3;1;0;0;0
"28/05/2024";"20:18:00";"622";"Com vítima";"111,300";"BR-116/SP";"Crescente";"Colisão traseira";1;0;0;1;0;0;0;0;0;0;1;0;0;1;0
"28/05/2024";"21:04:00";"641";"Sem vítima";"88,300";"BR-116/SP";"Decrescente";"Colisão traseira";0;0;2;0;0;0;0;0;0;0;2;0;0;0;0
"28/05/2024";"21:09:00";"643";"Sem vítima";"154,800";"BR-116/SP";"Crescente";"Colisão traseira";1;0;1;0;0;0;0;0;0;0;5;0;0;0;0
"28/05/2024";"21:32:00";"653";"Sem vítima";"227,000";"BR-116/SP";"Decrescente";"Colisão lateral em sentido contrário";1;0;1;0;0;0;0;0;0;0;2;0;0;0;0
"28/05/2024";"21:36:00";"655";"Com vítima";"222,000";"BR-116/SP";"Decrescente";"Colisão traseira";0;0;0;1;1;0;0;0;0;0;1;0;1;0;0
"29/05/2024";"01:40:00";"49";"Com vítima";"253,750";"BR-116/RJ";"Decrescente";"Atropelamento de pedestre";0;0;0;0;0;0;0;0;0;0;0;0;0;0;1
"29/05/2024";"06:33:00";"112";"Sem vítima";"139,500";"BR-116/SP";"Crescente";"Colisão lateral em sentido contrário";1;0;1;0;0;0;0;0;0;0;2;0;0;0;0
"29/05/2024";"07:28:00";"159";"Sem vítima";"216,000";"BR-116/SP";"Decrescente";"Colisão traseira";2;0;0;0;0;0;0;0;0;0;2;0;0;0;0
"29/05/2024";"07:50:00";"180";"Com vítima";"144,600";"BR-116/SP";"Crescente";"Engavetamento";2;0;0;1;0;0;0;0;0;0;3;1;0;0;0
"29/05/2024";"07:53:00";"183";"Sem vítima";"144,600";"BR-116/SP";"Crescente";"Engavetamento";3;0;0;0;0;0;0;0;0;0;3;0;0;0;0
"29/05/2024";"07:54:00";"185";"Com vítima";"60,000";"BR-116/SP";"Crescente";"Colisão lateral em sentido contrário";1;0;1;0;0;0;0;0;0;0;1;1;0;0;0
"29/05/2024";"08:57:00";"247";"Com vítima";"212,500";"BR-116/SP";"Crescente";"Colisão traseira";0;0;0;0;0;0;0;1;0;1;2;1;0;0;0
"29/05/2024";"09:04:00";"254";"Com vítima";"245,000";"BR-116/RJ";"Crescente";"Colisão traseira";1;0;1;0;0;0;0;0;0;0;1;0;1;0;0
"29/05/2024";"10:00:00";"294";"Com vítima";"213,300";"BR-116/SP";"Crescente";"Colisão lateral em sentido contrário";0;0;0;1;0;0;0;0;0;0;1;1;0;0;0
"29/05/2024";"10:34:00";"314";"Sem vítima";"269,700";"BR-116/RJ";"Crescente";"Choque";1;0;0;0;0;0;0;0;0;0;1;0;0;0;0
"29/05/2024";"10:56:00";"323";"Sem vítima";"62,000";"BR-116/SP";"Crescente";"Colisão traseira";2;0;0;0;0;0;0;0;0;0;2;0;0;0;0
"29/05/2024";"11:04:00";"327";"Sem vítima";"210,000";"BR-116/SP";"Decrescente";"Acidentes de outra natureza";0;0;0;1;0;0;0;0;0;0;0;0;0;0;0
"29/05/2024";"11:06:00";"328";"Sem vítima";"217,000";"BR-116/SP";"Decrescente";"Acidentes de outra natureza";0;0;0;1;0;0;0;0;0;0;0;0;0;0;0
"29/05/2024";"11:07:00";"329";"Com vítima";"216,000";"BR-116/SP";"Decrescente";"Acidentes de outra natureza";0;0;0;1;0;0;0;0;0;0;1;1;0;0;0
"29/05/2024";"12:14:00";"358";"Com vítima";"504,000";"BR-101/RJ";"Crescente";"Colisão lateral em sentido contrário";2;0;0;0;0;0;0;0;0;0;0;0;1;0;0
"29/05/2024";"12:59:00";"377";"Com vítima";"216,000";"BR-116/SP";"Decrescente";"Choque";0;0;0;0;0;0;0;0;0;1;1;1;0;0;0
"29/05/2024";"13:06:00";"392";"Sem vítima";"99,500";"BR-116/SP";"Crescente";"Engavetamento";1;0;1;0;1;0;0;0;0;0;3;0;0;0;0
"29/05/2024";"14:18:00";"433";"Com vítima";"43,800";"BR-101/SP";"Decrescente";"Colisão lateral em sentido contrário";2;0;0;0;0;0;0;0;0;0;1;0;1;0;0
"29/05/2024";"14:31:00";"436";"Com vítima";"223,000";"BR-116/SP";"Decrescente";"Colisão traseira";0;0;0;1;0;0;0;0;0;0;0;1;0;0;0
"29/05/2024";"14:36:00";"440";"Sem vítima";"475,800";"BR-101/RJ";"Crescente";"Capotamento";1;0;0;0;0;0;0;0;0;0;2;0;0;0;0
"29/05/2024";"15:33:00";"455";"Com vítima";"242,000";"BR-116/RJ";"Crescente";"Acidentes de outra natureza";1;0;0;0;0;0;0;0;0;0;0;0;1;0;0
"29/05/2024";"17:21:00";"539";"Com vítima";"108,200";"BR-116/SP";"Crescente";"Colisão traseira";0;0;0;1;0;0;0;0;0;0;0;1;0;0;0
"29/05/2024";"17:58:00";"561";"Sem vítima";"155,000";"BR-116/SP";"Crescente";"Colisão traseira";1;0;0;0;1;0;0;0;0;0;45;0;0;0;0
"29/05/2024";"17:58:00";"562";"Sem vítima";"107,000";"BR-116/SP";"Crescente";"Colisão traseira";2;0;0;0;0;0;0;0;0;0;0;0;0;0;0
"29/05/2024";"18:14:00";"572";"Sem vítima";"152,000";"BR-116/SP";"Crescente";"Engavetamento";0;0;1;0;1;0;0;1;0;0;50;0;0;0;0
"29/05/2024";"18:18:00";"576";"Com vítima";"112,300";"BR-116/SP";"Decrescente";"Colisão traseira";0;0;0;1;0;0;0;0;0;0;0;0;1;0;0
"29/05/2024";"18:25:00";"582";"Com vítima";"214,000";"BR-116/SP";"Crescente";"Colisão traseira";2;0;0;0;0;0;0;0;0;0;2;1;0;0;0
"29/05/2024";"18:36:00";"586";"Com vítima";"404,900";"BR-101/RJ";"Crescente";"Colisão traseira";0;0;0;1;0;0;0;0;0;0;0;0;1;0;0
"29/05/2024";"18:49:00";"595";"Sem vítima";"149,000";"BR-116/SP";"Crescente";"Engavetamento";3;0;0;0;0;0;0;0;0;0;3;0;0;0;0
"29/05/2024";"19:10:00";"602";"Com vítima";"403,800";"BR-101/RJ";"Decrescente";"Atropelamento de pedestre";0;0;0;0;0;0;0;0;0;0;0;0;0;0;1
"29/05/2024";"19:38:00";"618";"Com vítima";"104,500";"BR-116/SP";"Crescente";"Engavetamento";3;0;0;0;0;0;0;0;0;0;2;3;0;0;0
"29/05/2024";"20:20:00";"630";"Sem vítima";"147,700";"BR-116/SP";"Decrescente";"Engavetamento";3;0;0;0;0;0;0;0;0;0;5;0;0;0;0
"29/05/2024";"20:42:00";"636";"Sem vítima";"315,200";"BR-116/RJ";"Crescente";"Colisão lateral em sentido contrário";2;0;0;0;0;0;0;0;0;0;4;0;0;0;0
"29/05/2024";"21:57:00";"665";"Com vítima";"217,000";"BR-116/SP";"Decrescente";"Colisão traseira";1;0;0;1;0;0;0;0;0;0;1;1;0;0;0
"29/05/2024";"23:13:00";"687";"Com vítima";"494,300";"BR-101/RJ";"Decrescente";"Colisão frontal";0;0;0;2;0;0;0;0;0;0;0;1;1;1;0
"29/05/2024";"23:54:00";"702";"Com vítima";"303,000";"BR-116/RJ";"Decrescente";"Colisão lateral em sentido contrário";4;0;0;0;0;1;0;0;0;0;6;1;0;0;0
"30/05/2024";"00:16:00";"33";"Com vítima";"221,000";"BR-116/SP";"Decrescente";"Colisão traseira";1;0;1;0;0;0;0;0;0;0;2;1;0;0;0
"30/05/2024";"02:26:00";"61";"Com vítima";"54,300";"BR-116/SP";"Crescente";"Colisão traseira";1;0;0;0;0;0;0;0;0;0;0;0;1;0;0
"30/05/2024";"03:35:00";"78";"Sem vítima";"129,100";"BR-116/SP";"Decrescente";"Colisão traseira";0;0;2;0;0;0;0;0;0;0;2;0;0;0;0
"30/05/2024";"04:11:00";"82";"Com vítima";"113,600";"BR-116/SP";"Decrescente";"Colisão traseira";1;0;0;0;0;0;0;0;0;0;0;1;0;0;0
"30/05/2024";"06:03:00";"101";"Com vítima";"209,300";"BR-116/SP";"Decrescente";"Engavetamento";3;0;0;0;0;0;0;0;0;0;8;1;0;0;0
"30/05/2024";"06:54:00";"122";"Sem vítima";"102,000";"BR-116/SP";"Decrescente";"Engavetamento";2;0;0;0;0;0;0;0;0;0;2;0;0;0;0
"30/05/2024";"07:19:00";"143";"Com vítima";"80,500";"BR-116/SP";"Crescente";"Colisão traseira";0;0;2;0;0;0;0;0;0;0;1;0;0;1;0
"30/05/2024";"07:45:00";"158";"Sem vítima";"324,900";"BR-116/RJ";"Crescente";"Colisão traseira";0;0;1;0;0;0;0;0;0;0;1;0;0;0;0
"30/05/2024";"07:54:00";"166";"Sem vítima";"68,700";"BR-116/SP";"Decrescente";"Colisão traseira";2;0;0;0;0;0;0;0;0;0;2;0;0;0;0
"30/05/2024";"07:54:00";"167";"Com vítima";"117,800";"BR-116/SP";"Decrescente";"Engavetamento";4;0;0;0;0;0;0;0;0;0;13;2;0;0;0
"30/05/2024";"08:05:00";"174";"Sem vítima";"266,000";"BR-116/RJ";"Crescente";"Colisão lateral em sentido contrário";1;0;0;0;0;0;0;0;0;0;2;0;0;0;0
"30/05/2024";"09:02:00";"199";"Sem vítima";"142,500";"BR-116/SP";"Decrescente";"Colisão traseira";2;0;0;0;0;0;0;0;0;0;5;0;0;0;0
"30/05/2024";"09:08:00";"203";"Sem vítima";"78,500";"BR-116/SP";"Crescente";"Colisão lateral em sentido contrário";0;0;0;0;0;0;0;1;0;1;2;0;0;0;0
"30/05/2024";"09:10:00";"204";"Sem vítima";"319,000";"BR-116/RJ";"Decrescente";"Choque";1;0;0;0;0;0;0;0;0;0;5;0;0;0;0
"30/05/2024";"09:16:00";"209";"Com vítima";"207,700";"BR-116/SP";"Decrescente";"Colisão lateral em sentido contrário";1;0;1;0;0;0;0;0;0;0;1;1;0;0;0
"30/05/2024";"09:27:00";"215";"Sem vítima";"111,100";"BR-116/SP";"Decrescente";"Engavetamento";3;0;0;0;0;0;0;0;0;0;10;0;0;0;0
"30/05/2024";"09:36:00";"222";"Sem vítima";"221,000";"BR-116/SP";"Decrescente";"Colisão lateral em sentido contrário";1;0;1;0;0;0;0;0;0;0;3;0;0;0;0
"30/05/2024";"09:42:00";"223";"Sem vítima";"299,000";"BR-116/RJ";"Decrescente";"Engavetamento";3;0;0;0;0;0;0;0;0;0;3;0;0;0;0
"30/05/2024";"10:29:00";"251";"Com vítima";"216,000";"BR-116/SP";"Decrescente";"Colisão lateral em sentido contrário";1;0;0;1;0;0;0;0;0;0;0;1;1;0;0
"30/05/2024";"10:33:00";"255";"Com vítima";"224,000";"BR-116/RJ";"Crescente";"Colisão traseira";1;0;1;0;0;0;0;0;0;0;1;1;0;0;0
"30/05/2024";"10:33:00";"255";"Com vítima";"224,900";"BR-116/RJ";"Crescente";"Colisão traseira";1;0;1;0;0;0;0;0;0;0;1;1;0;0;0
"30/05/2024";"10:50:00";"263";"Sem vítima";"143,900";"BR-116/SP";"Decrescente";"Engavetamento";2;0;1;0;0;0;0;0;0;0;7;0;0;0;0
"30/05/2024";"11:22:00";"286";"Sem vítima";"511,000";"BR-101/RJ";"Decrescente";"Engavetamento";1;0;0;0;0;0;0;0;0;1;6;0;0;0;0
"30/05/2024";"12:21:00";"321";"Sem vítima";"302,000";"BR-116/RJ";"Crescente";"Engavetamento";2;0;0;0;0;0;0;0;0;0;3;0;0;0;0
"30/05/2024";"12:30:00";"284";"Sem vítima";"29,700";"BR-101/SP";"Decrescente";"Colisão traseira";1;0;0;0;0;0;0;0;0;1;5;0;0;0;0
"30/05/2024";"14:03:00";"364";"Sem vítima";"99,000";"BR-116/SP";"Crescente";"Choque";1;0;0;0;0;0;0;0;0;0;2;0;0;0;0
"30/05/2024";"14:56:00";"388";"Sem vítima";"102,000";"BR-116/SP";"Decrescente";"Engavetamento";3;0;0;0;0;0;0;0;0;0;6;0;0;0;0
"30/05/2024";"14:58:00";"392";"Com vítima";"114,500";"BR-116/SP";"Decrescente";"Colisão traseira";2;0;0;0;0;0;0;0;0;0;2;1;0;0;0
"30/05/2024";"15:20:00";"399";"Com vítima";"472,000";"BR-101/RJ";"Decrescente";"Colisão lateral em sentido contrário";1;0;0;1;0;0;0;0;0;0;1;1;0;0;0
"30/05/2024";"16:15:00";"417";"Sem vítima";"118,000";"BR-116/SP";"Decrescente";"Colisão lateral em sentido contrário";1;0;1;0;0;0;0;0;0;0;4;0;0;0;0
"30/05/2024";"16:46:00";"432";"Com vítima";"49,500";"BR-101/SP";"Crescente";"Colisão lateral em sentido contrário";1;0;0;1;0;0;0;0;0;0;1;1;0;1;0
"30/05/2024";"16:52:00";"434";"Sem vítima";"231,900";"BR-116/RJ";"Decrescente";"Tombamento";0;0;1;0;0;0;0;0;0;0;0;0;0;0;0
"30/05/2024";"18:21:00";"470";"Sem vítima";"511,000";"BR-101/RJ";"Crescente";"Colisão traseira";2;0;0;0;0;0;0;0;0;0;2;0;0;0;0
"30/05/2024";"18:23:00";"471";"Sem vítima";"165,200";"BR-116/SP";"Decrescente";"Colisão lateral em sentido contrário";1;0;1;0;0;0;0;0;0;0;3;0;0;0;0
"30/05/2024";"19:04:00";"487";"Com vítima";"223,000";"BR-116/SP";"Decrescente";"Engavetamento";3;0;0;0;0;0;0;0;0;0;5;1;0;0;0
"30/05/2024";"19:39:00";"499";"Sem vítima";"108,700";"BR-116/SP";"Decrescente";"Colisão traseira";0;0;2;0;0;0;0;0;0;0;0;0;0;0;0
"30/05/2024";"20:46:00";"525";"Com vítima";"562,000";"BR-101/RJ";"Crescente";"Atropelamento de pedestre";0;0;0;0;0;0;0;0;0;0;0;0;1;0;0
"30/05/2024";"20:47:00";"527";"Com vítima";"221,900";"BR-116/RJ";"Decrescente";"Choque";1;0;0;0;0;0;0;0;0;0;0;1;0;0;0
"30/05/2024";"22:24:00";"559";"Com vítima";"175,800";"BR-116/SP";"Crescente";"Choque";1;0;0;0;0;0;0;0;0;0;3;1;0;0;0
"30/05/2024";"22:29:00";"560";"Com vítima";"59,000";"BR-116/SP";"Crescente";"Colisão traseira";1;0;0;0;1;0;0;0;0;0;0;0;1;0;0
"30/05/2024";"23:54:00";"579";"Com vítima";"314,600";"BR-116/RJ";"Decrescente";"Choque";1;0;0;0;0;0;0;0;0;0;0;0;1;0;0
"31/05/2024";"01:32:00";"43";"Com vítima";"430,000";"BR-101/RJ";"Decrescente";"Colisão frontal";2;0;0;0;0;0;0;0;0;0;0;4;0;1;1
"31/05/2024";"03:34:00";"78";"Com vítima";"196,900";"BR-116/SP";"Crescente";"Atropelamento de pedestre";0;0;0;0;0;0;0;1;0;0;0;0;1;0;0
"31/05/2024";"09:23:00";"241";"Sem vítima";"219,000";"BR-116/SP";"Decrescente";"Acidentes de outra natureza";0;0;0;1;0;0;0;0;0;0;1;0;0;0;0
"31/05/2024";"09:49:00";"218";"Com vítima";"486,000";"BR-101/RJ";"Crescente";"Colisão traseira";2;0;0;0;0;0;0;0;0;0;1;1;0;0;0
"31/05/2024";"10:51:00";"302";"Sem vítima";"118,500";"BR-116/SP";"Decrescente";"Colisão traseira";2;0;0;0;0;0;0;0;0;0;3;0;0;0;0
"31/05/2024";"11:47:00";"326";"Com vítima";"484,000";"BR-101/RJ";"Decrescente";"Colisão traseira";0;0;0;1;1;0;0;0;0;0;0;1;0;0;0
"31/05/2024";"12:36:00";"364";"Sem vítima";"486,000";"BR-101/RJ";"Decrescente";"Colisão traseira";1;0;0;1;0;0;0;0;0;0;5;0;0;0;0
"31/05/2024";"12:42:00";"369";"Com vítima";"480,000";"BR-101/RJ";"Decrescente";"Colisão lateral em sentido contrário";1;0;0;1;0;0;0;0;0;0;0;1;0;0;0
"31/05/2024";"12:54:00";"373";"Com vítima";"120,000";"BR-116/SP";"Decrescente";"Acidentes de outra natureza";0;0;0;1;0;0;0;0;0;0;0;0;2;0;0
"31/05/2024";"13:33:00";"388";"Sem vítima";"257,600";"BR-116/RJ";"Crescente";"Choque";0;0;0;0;0;0;0;0;0;1;1;0;0;0;0
"31/05/2024";"13:50:00";"392";"Com vítima";"219,000";"BR-116/SP";"Decrescente";"Colisão traseira";0;0;0;1;0;0;0;0;0;1;2;0;1;0;0
"31/05/2024";"15:22:00";"440";"Com vítima";"419,600";"BR-101/RJ";"Crescente";"Colisão traseira";1;0;0;1;0;0;0;0;0;0;2;1;0;0;0
"31/05/2024";"15:28:00";"443";"Com vítima";"56,700";"BR-116/SP";"Decrescente";"Acidentes de outra natureza";0;0;0;1;0;0;0;0;0;0;0;0;2;0;0
"31/05/2024";"15:58:00";"464";"Com vítima";"223,000";"BR-116/SP";"Crescente";"Colisão lateral em sentido contrário";0;0;0;2;0;0;0;0;0;0;2;1;0;0;0
"31/05/2024";"16:26:00";"477";"Sem vítima";"86,950";"BR-116/SP";"Decrescente";"Colisão traseira";1;0;0;0;1;0;0;0;0;0;30;0;0;0;0
"31/05/2024";"16:39:00";"484";"Sem vítima";"208,000";"BR-116/SP";"Decrescente";"Colisão traseira";1;0;0;0;0;0;0;0;0;0;1;0;0;0;0
"31/05/2024";"16:44:00";"489";"Sem vítima";"219,000";"BR-116/SP";"Crescente";"Colisão traseira";0;0;0;0;0;0;0;0;0;0;0;0;0;0;0
"31/05/2024";"18:49:00";"547";"Sem vítima";"49,900";"BR-101/SP";"Crescente";"Engavetamento";3;0;0;0;0;0;0;0;0;0;8;0;0;0;0
"31/05/2024";"19:16:00";"545";"Sem vítima";"399,000";"BR-101/RJ";"Crescente";"Colisão traseira";2;0;0;0;0;0;0;0;0;0;2;0;0;0;0
"31/05/2024";"19:49:00";"579";"Com vítima";"275,000";"BR-116/RJ";"Crescente";"Colisão lateral em sentido contrário";1;0;1;0;0;0;0;0;0;0;1;1;0;0;0
"31/05/2024";"19:59:00";"574";"Com vítima";"518,000";"BR-101/RJ";"Decrescente";"Acidentes de outra natureza";0;0;0;1;0;0;0;0;0;0;0;1;0;0;0
"31/05/2024";"21:04:00";"609";"Com vítima";"218,700";"BR-116/SP";"Crescente";"Colisão lateral em sentido contrário";1;0;1;0;0;0;0;0;0;0;4;1;0;0;0
"01/06/2024";"00:00:00";"249";"Sem vítima";"25,600";"BR-116/SP";"Crescente";"Colisão lateral em sentido contrário";1;0;0;0;0;0;0;0;0;0;2;0;0;0;0
"01/06/2024";"03:36:00";"64";"Com vítima";"216,000";"BR-116/SP";"Decrescente";"Atropelamento de pedestre";1;0;0;0;0;0;0;0;0;0;1;0;1;0;0
"01/06/2024";"04:45:00";"74";"Sem vítima";"322,200";"BR-116/RJ";"Decrescente";"Choque";1;0;0;0;0;0;0;0;0;0;0;0;0;0;0
"01/06/2024";"05:25:00";"80";"Sem vítima";"443,000";"BR-101/RJ";"Crescente";"Choque";1;0;0;0;0;0;0;0;0;0;2;0;0;0;0
"01/06/2024";"07:36:00";"125";"Com vítima";"474,700";"BR-101/RJ";"Crescente";"Colisão lateral em sentido contrário";1;0;0;1;0;0;0;0;0;0;1;0;1;0;0