data;horario;n_da_ocorrencia;tipo_de_ocorrencia;km;trecho;sentido;tipo_de_acidente;automovel;bicicleta;caminhao;moto;onibus;outros;tracao_animal;transporte_de_cargas_especiais;trator_maquinas;utilitarios;ilesos;levemente_feridos;moderadamente_feridos;gravemente_feridos;mortos
"01/06/2024";"07:42:00";"136";"Sem vítima";"122,000";"BR-116/SP";"Decrescente";"Colisão lateral em sentido contrário";1;0;1;0;0;0;0;0;0;0;2;0;0;0;0
"01/06/2024";"08:08:00";"142";"Sem vítima";"122,000";"BR-116/SP";"Decrescente";"Colisão traseira";2;0;0;0;0;0;0;0;0;0;5;0;0;0;0
"01/06/2024";"09:22:00";"172";"Com vítima";"215,100";"BR-116/SP";"Decrescente";"Colisão traseira";1;0;0;0;0;0;0;0;0;1;1;1;0;0;0
"01/06/2024";"09:30:00";"176";"Sem vítima";"115,800";"BR-116/SP";"Decrescente";"Colisão traseira";2;0;0;0;0;0;0;0;0;0;5;0;0;0;0
"01/06/2024";"09:53:00";"186";"Sem vítima";"283,000";"BR-116/RJ";"Decrescente";"Acidentes de outra natureza";0;0;0;1;0;0;0;0;0;0;1;0;0;0;0
"01/06/2024";"09:54:00";"188";"Com vítima";"218,000";"BR-116/SP";"Decrescente";"Capotamento";1;0;0;0;0;0;0;0;0;0;0;1;0;0;0
"01/06/2024";"11:41:00";"234";"Sem vítima";"476,600";"BR-101/RJ";"Crescente";"Choque";1;0;0;0;0;0;0;0;0;0;2;0;0;0;0
"01/06/2024";"12:18:00";"254";"Sem vítima";"405,000";"BR-101/RJ";"Crescente";"Colisão traseira";2;0;0;0;0;0;0;0;0;0;6;0;0;0;0
"01/06/2024";"14:03:00";"291";"Com vítima";"227,000";"BR-116/SP";"Crescente";"Acidentes de outra natureza";0;0;0;1;0;0;0;0;0;0;0;1;0;0;0
"01/06/2024";"14:36:00";"315";"Com vítima";"99,000";"BR-116/SP";"Crescente";"Colisão lateral em sentido contrário";1;0;0;1;0;0;0;0;0;0;2;2;0;0;0
"01/06/2024";"15:32:00";"333";"Sem vítima";"209,500";"BR-116/SP";"Decrescente";"Colisão lateral em sentido contrário";2;0;0;0;0;0;0;0;0;0;4;0;0;0;0
"01/06/2024";"15:45:00";"342";"Com vítima";"226,000";"BR-116/SP";"Decrescente";"Engavetamento";2;0;0;0;0;0;0;0;0;0;5;1;0;0;0
"01/06/2024";"16:20:00";"357";"Com vítima";"119,100";"BR-116/SP";"Crescente";"Acidentes de outra natureza";0;0;0;1;0;0;0;0;0;0;0;1;1;0;0
"01/06/2024";"19:11:00";"430";"Com vítima";"447,000";"BR-101/RJ";"Crescente";"Atropelamento de pedestre";1;0;0;0;0;0;0;0;0;0;2;0;1;0;0
"01/06/2024";"19:20:00";"434";"Sem vítima";"138,750";"BR-116/SP";"Crescente";"Colisão traseira";2;0;0;0;0;0;0;0;0;0;8;0;0;0;0
"01/06/2024";"19:28:00";"438";"Com vítima";"220,950";"BR-116/SP";"Decrescente";"Atropelamento de pedestre";0;0;1;0;0;0;0;0;0;0;1;0;0;0;1
"01/06/2024";"19:38:00";"440";"Com vítima";"409,200";"BR-101/RJ";"Decrescente";"Choque";1;0;0;0;0;0;0;0;0;0;1;1;0;0;0
"01/06/2024";"19:46:00";"444";"Com vítima";"220,000";"BR-116/SP";"Crescente";"Colisão traseira";1;0;0;1;0;0;0;0;0;0;2;1;0;0;0
"01/06/2024";"20:09:00";"455";"Sem vítima";"146,000";"BR-116/SP";"Decrescente";"Choque";1;0;0;0;0;0;0;0;0;0;1;0;0;0;0
"01/06/2024";"20:30:00";"461";"Sem vítima";"230,000";"BR-116/SP";"Decrescente";"Colisão lateral em sentido contrário";1;0;1;0;0;0;0;0;0;0;3;0;0;0;0
"01/06/2024";"20:42:00";"463";"Sem vítima";"146,620";"BR-116/SP";"Decrescente";"Colisão traseira";2;0;0;0;0;0;0;0;0;0;3;0;0;0;0
"01/06/2024";"21:19:00";"472";"Sem vítima";"1,900";"BR-116/SP";"Crescente";"Capotamento";1;0;0;0;0;0;0;0;0;0;1;0;0;0;0
"01/06/2024";"23:21:00";"505";"Sem vítima";"387,000";"BR-101/RJ";"Decrescente";"Colisão traseira";2;0;0;0;0;0;0;0;0;0;3;0;0;0;0
"02/06/2024";"02:50:00";"53";"Com vítima";"219,000";"BR-116/SP";"Decrescente";"Colisão lateral em sentido contrário";2;0;0;0;0;0;0;0;0;0;0;3;0;0;0
"02/06/2024";"02:56:00";"54";"Sem vítima";"249,500";"BR-116/RJ";"Crescente";"Choque";1;0;0;0;0;0;0;0;0;0;1;0;0;0;0
"02/06/2024";"03:44:00";"61";"Com vítima";"107,800";"BR-116/SP";"Crescente";"Choque";1;0;0;0;0;0;0;0;0;0;0;1;0;0;0
"02/06/2024";"04:04:00";"63";"Sem vítima";"392,900";"BR-101/RJ";"Crescente";"Atropelamento de pedestre";1;0;0;0;0;0;0;0;0;0;1;0;0;0;0
"02/06/2024";"05:05:00";"72";"Sem vítima";"126,700";"BR-116/SP";"Crescente";"Colisão traseira";1;0;0;0;0;0;0;0;0;0;1;0;0;0;0
"02/06/2024";"05:26:00";"76";"Com vítima";"207,700";"BR-116/SP";"Decrescente";"Acidentes de outra natureza";1;0;0;1;0;0;0;0;0;0;0;1;1;0;0
"02/06/2024";"05:27:00";"77";"Com vítima";"323,800";"BR-116/RJ";"Crescente";"Colisão frontal";3;0;0;0;0;0;0;0;0;0;3;3;1;0;0
"02/06/2024";"07:21:00";"99";"Sem vítima";"95,000";"BR-116/SP";"Decrescente";"Choque";1;0;0;0;0;0;0;0;0;0;1;0;0;0;0
"02/06/2024";"11:43:00";"219";"Sem vítima";"93,000";"BR-116/SP";"Crescente";"Colisão traseira";1;0;0;0;0;0;0;0;0;0;1;0;0;0;0
"02/06/2024";"12:00:00";"240";"Sem vítima";"155,000";"BR-116/SP";"Crescente";"Colisão traseira";1;0;0;0;0;0;0;0;0;0;1;0;0;0;0
"02/06/2024";"13:33:00";"290";"Com vítima";"1,000";"BR-101/SP";"Decrescente";"Acidentes de outra natureza";0;0;0;1;0;0;0;0;0;0;0;1;0;0;0
"02/06/2024";"13:47:00";"296";"Sem vítima";"67,000";"BR-116/SP";"Crescente";"Engavetamento";3;0;0;0;0;0;0;0;0;0;7;0;0;0;0
"02/06/2024";"14:18:00";"310";"Sem vítima";"158,000";"BR-116/SP";"Crescente";"Colisão traseira";1;0;0;0;0;0;0;0;0;0;2;0;0;0;0
"02/06/2024";"14:43:00";"329";"Com vítima";"45,000";"BR-116/SP";"Decrescente";"Colisão traseira";2;0;0;0;0;0;0;0;0;0;5;1;0;0;0
"02/06/2024";"14:45:00";"330";"Sem vítima";"430,000";"BR-101/RJ";"Crescente";"Engavetamento";2;0;0;0;0;0;0;0;0;0;6;0;0;0;0
"02/06/2024";"15:04:00";"342";"Com vítima";"102,300";"BR-116/SP";"Crescente";"Colisão traseira";0;0;0;1;0;0;0;0;0;0;0;1;0;0;0
"02/06/2024";"15:13:00";"348";"Sem vítima";"87,300";"BR-116/SP";"Crescente";"Colisão lateral em sentido contrário";1;0;1;0;1;0;0;0;0;0;44;0;0;0;0
"02/06/2024";"15:20:00";"350";"Sem vítima";"160,600";"BR-116/SP";"Crescente";"Colisão traseira";1;0;0;0;0;0;0;0;0;0;1;0;0;0;0
"02/06/2024";"15:37:00";"359";"Sem vítima";"67,000";"BR-116/SP";"Crescente";"Colisão traseira";2;0;0;0;0;0;0;0;0;0;2;0;0;0;0
"02/06/2024";"15:45:00";"362";"Com vítima";"429,000";"BR-101/RJ";"Decrescente";"Colisão lateral em sentido contrário";2;0;0;0;0;0;0;0;0;0;5;1;0;0;0
"02/06/2024";"15:47:00";"366";"Com vítima";"331,000";"BR-116/RJ";"Decrescente";"Colisão traseira";1;0;0;1;0;0;0;0;0;0;1;1;0;0;0
"02/06/2024";"16:02:00";"373";"Sem vítima";"47,000";"BR-116/SP";"Crescente";"Engavetamento";4;0;0;0;0;0;0;0;0;0;7;0;0;0;0
"02/06/2024";"16:12:00";"382";"Sem vítima";"97,600";"BR-116/SP";"Crescente";"Colisão traseira";2;0;0;0;0;0;0;0;0;0;2;0;0;0;0
"02/06/2024";"18:05:00";"454";"Com vítima";"67,000";"BR-116/SP";"Crescente";"Engavetamento";3;0;0;0;0;0;0;0;0;0;4;1;0;0;0
"02/06/2024";"18:37:00";"471";"Sem vítima";"236,700";"BR-116/RJ";"Crescente";"Choque";1;0;0;0;0;0;0;0;0;0;1;0;0;0;0
"02/06/2024";"19:28:00";"498";"Sem vítima";"147,850";"BR-116/SP";"Crescente";"Colisão traseira";1;0;1;0;0;0;0;0;0;0;5;0;0;0;0
"02/06/2024";"22:04:00";"566";"Com vítima";"579,750";"BR-101/RJ";"Crescente";"Acidentes de outra natureza";0;0;0;1;0;0;0;0;0;0;0;0;1;0;0
"03/06/2024";"02:00:00";"40";"Sem vítima";"146,700";"BR-116/SP";"Decrescente";"Acidentes de outra natureza";0;0;0;1;0;0;0;0;0;0;1;0;0;0;0
"03/06/2024";"07:24:00";"128";"Com vítima";"227,700";"BR-116/RJ";"Decrescente";"Acidentes de outra natureza";0;0;0;1;0;0;0;0;0;0;0;0;1;0;0
"03/06/2024";"08:25:00";"185";"Sem vítima";"322,000";"BR-116/RJ";"Crescente";"Colisão traseira";1;0;1;0;0;0;0;0;0;0;2;0;0;0;0
"03/06/2024";"09:13:00";"228";"Com vítima";"226,300";"BR-116/SP";"Crescente";"Engavetamento";3;0;0;0;0;0;0;0;0;0;6;1;0;0;0
"03/06/2024";"10:08:00";"265";"Sem vítima";"80,000";"BR-116/SP";"Decrescente";"Choque";1;0;1;0;0;0;0;0;0;0;0;0;0;0;0
"03/06/2024";"10:32:00";"279";"Com vítima";"219,000";"BR-116/SP";"Crescente";"Colisão traseira";1;0;0;1;0;0;0;0;0;0;1;1;0;0;0
"03/06/2024";"10:52:00";"291";"Sem vítima";"140,200";"BR-116/SP";"Crescente";"Choque";0;0;0;0;0;0;0;0;0;1;1;0;0;0;0
"03/06/2024";"11:27:00";"312";"Sem vítima";"114,500";"BR-116/SP";"Decrescente";"Colisão traseira";2;0;0;0;0;0;0;0;0;0;2;0;0;0;0
"03/06/2024";"11:50:00";"325";"Sem vítima";"202,500";"BR-116/SP";"Decrescente";"Colisão lateral em sentido contrário";1;0;0;0;0;0;0;1;0;0;2;0;0;0;0
"03/06/2024";"12:31:00";"343";"Com vítima";"227,500";"BR-116/SP";"Crescente";"Colisão traseira";1;0;0;0;0;0;0;0;0;0;0;1;0;0;0
"03/06/2024";"13:03:00";"362";"Sem vítima";"228,100";"BR-116/RJ";"Decrescente";"Choque";0;0;1;0;0;0;0;0;0;0;1;0;0;0;0
"03/06/2024";"13:41:00";"386";"Sem vítima";"46,000";"BR-116/SP";"Crescente";"Choque";1;0;0;0;0;0;0;0;0;0;1;0;0;0;0
"03/06/2024";"13:54:00";"391";"Sem vítima";"46,000";"BR-116/SP";"Crescente";"Choque";1;0;0;0;0;0;0;0;0;0;1;0;0;0;0
"03/06/2024";"13:56:00";"392";"Sem vítima";"46,000";"BR-116/SP";"Crescente";"Choque";1;0;0;0;0;0;0;0;0;0;1;0;0;0;0
"03/06/2024";"14:11:00";"398";"Com vítima";"165,200";"BR-116/SP";"Crescente";"Colisão traseira";1;0;0;1;0;0;0;0;0;0;1;0;1;0;0
"03/06/2024";"14:15:00";"401";"Sem vítima";"50,500";"BR-101/SP";"Decrescente";"Colisão lateral em sentido contrário";1;0;0;1;0;0;0;0;0;0;1;0;0;0;0
"03/06/2024";"15:00:00";"428";"Sem vítima";"122,450";"BR-116/SP";"Decrescente";"Choque";1;0;0;0;0;0;0;0;0;0;2;0;0;0;0
"03/06/2024";"15:23:00";"435";"Com vítima";"399,000";"BR-101/RJ";"Crescente";"Colisão lateral em sentido contrário";0;0;0;2;0;0;0;0;0;0;1;1;0;0;0
"03/06/2024";"17:41:00";"515";"Com vítima";"208,000";"BR-116/SP";"Decrescente";"Colisão lateral em sentido contrário";1;0;0;1;0;0;0;0;0;0;1;1;0;0;0
"03/06/2024";"18:20:00";"530";"Com vítima";"99,900";"BR-116/SP";"Crescente";"Colisão traseira";0;0;1;0;0;0;0;0;0;0;0;0;2;0;0
"03/06/2024";"19:02:00";"548";"Com vítima";"168,600";"BR-116/SP";"Decrescente";"Atropelamento de pedestre";0;0;0;0;0;0;0;1;0;0;1;0;0;0;1
"03/06/2024";"19:56:00";"572";"Com vítima";"122,800";"BR-116/SP";"Crescente";"Atropelamento de pedestre";0;0;0;0;0;0;0;0;0;0;0;0;1;0;0
"04/06/2024";"00:00:00";"363";"Sem vítima";"296,000";"BR-116/RJ";"Decrescente";"Colisão lateral em sentido contrário";1;0;0;0;0;0;0;0;0;0;1;0;0;0;0
"04/06/2024";"03:32:00";"60";"Com vítima";"178,000";"BR-116/SP";"Decrescente";"Colisão traseira";0;0;3;0;0;0;0;0;0;0;2;0;1;0;0
"04/06/2024";"03:49:00";"64";"Sem vítima";"564,700";"BR-101/RJ";"Decrescente";"Atropelamento de pedestre";1;0;0;0;0;0;0;0;0;0;2;0;0;0;0
"04/06/2024";"05:33:00";"81";"Sem vítima";"92,000";"BR-116/SP";"Decrescente";"Colisão traseira";0;0;1;0;0;0;0;0;0;0;1;0;0;0;0
"04/06/2024";"06:34:00";"114";"Com vítima";"208,500";"BR-116/SP";"Crescente";"Engavetamento";1;0;1;0;1;0;0;0;0;0;4;1;0;0;0
"04/06/2024";"07:06:00";"150";"Sem vítima";"225,000";"BR-116/SP";"Crescente";"Colisão traseira";2;0;0;0;0;0;0;0;0;0;2;0;0;0;0
"04/06/2024";"07:47:00";"187";"Com vítima";"223,000";"BR-116/SP";"Crescente";"Colisão traseira";0;0;0;1;0;0;0;0;0;1;1;1;0;0;0
"04/06/2024";"08:53:00";"256";"Com vítima";"225,000";"BR-116/SP";"Decrescente";"Acidentes de outra natureza";0;0;0;1;0;0;0;0;0;0;0;2;0;0;0
"04/06/2024";"08:54:00";"258";"Com vítima";"151,400";"BR-116/SP";"Decrescente";"Colisão lateral em sentido contrário";2;0;0;0;0;0;0;0;0;0;2;1;0;0;0
"04/06/2024";"08:57:00";"263";"Com vítima";"227,000";"BR-116/SP";"Crescente";"Acidentes de outra natureza";0;0;0;1;0;0;0;0;0;0;0;0;1;0;0
"04/06/2024";"10:52:00";"347";"Sem vítima";"302,400";"BR-116/RJ";"Decrescente";"Colisão traseira";1;0;0;0;0;0;0;0;0;0;1;0;0;0;0
"04/06/2024";"11:11:00";"359";"Sem vítima";"230,900";"BR-116/RJ";"Decrescente";"Colisão traseira";2;0;0;0;0;0;0;0;0;0;2;0;0;0;0
"04/06/2024";"11:12:00";"360";"Com vítima";"257,000";"BR-116/RJ";"Decrescente";"Colisão lateral em sentido contrário";1;0;0;0;0;0;0;0;0;0;0;2;0;0;0
"04/06/2024";"13:18:00";"419";"Sem vítima";"161,900";"BR-116/SP";"Crescente";"Engavetamento";1;0;1;0;0;0;0;0;0;0;3;0;0;0;0
"04/06/2024";"13:31:00";"426";"Sem vítima";"58,100";"BR-116/SP";"Decrescente";"Colisão traseira";1;0;0;0;0;0;0;1;0;0;3;0;0;0;0
"04/06/2024";"13:58:00";"439";"Com vítima";"109,500";"BR-116/SP";"Crescente";"Colisão traseira";2;0;0;0;0;0;0;0;0;0;1;0;1;0;0
"04/06/2024";"14:27:00";"460";"Sem vítima";"222,000";"BR-116/SP";"Decrescente";"Colisão traseira";1;0;1;0;0;0;0;0;0;0;2;0;0;0;0
"04/06/2024";"14:54:00";"474";"Sem vítima";"440,000";"BR-101/RJ";"Crescente";"Choque";1;0;0;0;0;0;0;0;0;0;2;0;0;0;0
"04/06/2024";"16:06:00";"516";"Com vítima";"222,000";"BR-116/SP";"Decrescente";"Acidentes de outra natureza";0;0;0;1;0;0;0;0;0;0;0;1;0;0;0
"04/06/2024";"16:19:00";"520";"Sem vítima";"558,000";"BR-101/RJ";"Crescente";"Colisão lateral em sentido contrário";1;0;0;0;1;0;0;0;0;0;3;0;0;0;0
"04/06/2024";"16:29:00";"530";"Sem vítima";"272,000";"BR-116/RJ";"Crescente";"Choque";1;0;0;0;0;0;0;0;0;0;2;0;0;0;0
"04/06/2024";"18:10:00";"585";"Com vítima";"228,000";"BR-116/SP";"Decrescente";"Colisão traseira";2;0;0;0;0;0;0;0;0;0;3;1;0;0;0
"04/06/2024";"18:18:00";"589";"Sem vítima";"203,000";"BR-116/SP";"Decrescente";"Acidentes de outra natureza";1;0;0;0;0;0;0;0;0;0;0;0;0;0;0
"04/06/2024";"19:05:00";"615";"Com vítima";"228,000";"BR-116/SP";"Crescente";"Engavetamento";2;0;1;0;0;0;0;0;0;0;3;1;0;0;0
"04/06/2024";"19:06:00";"616";"Com vítima";"381,000";"BR-101/RJ";"Decrescente";"Colisão traseira";1;0;1;0;0;0;0;0;0;0;0;1;0;0;0
"04/06/2024";"19:20:00";"624";"Sem vítima";"276,000";"BR-116/RJ";"Crescente";"Colisão lateral em sentido contrário";1;0;1;0;0;0;0;0;0;0;2;0;0;0;0
"04/06/2024";"21:50:00";"683";"Sem vítima";"211,650";"BR-116/SP";"Crescente";"Choque";1;0;0;0;0;0;0;0;0;0;1;0;0;0;0
"04/06/2024";"21:57:00";"684";"Com vítima";"408,000";"BR-101/RJ";"Decrescente";"Colisão traseira";1;0;0;0;0;0;0;0;0;0;0;1;0;0;0
"05/06/2024";"00:00:00";"164";"Sem vítima";"247,500";"BR-116/RJ";"Crescente";"Colisão lateral em sentido contrário";1;0;0;0;0;0;0;0;0;0;2;0;0;0;0
"05/06/2024";"00:33:00";"40";"Sem vítima";"116,000";"BR-116/SP";"Crescente";"Choque";0;0;1;0;0;0;0;0;0;0;0;0;0;0;0
"05/06/2024";"03:20:00";"64";"Sem vítima";"324,100";"BR-116/RJ";"Decrescente";"Choque";1;0;0;0;0;0;0;0;0;0;0;0;0;0;0
"05/06/2024";"06:01:00";"100";"Com vítima";"220,000";"BR-116/SP";"Crescente";"Acidentes de outra natureza";0;0;0;1;0;0;0;0;0;0;0;1;0;0;0
"05/06/2024";"06:32:00";"118";"Com vítima";"217,000";"BR-116/RJ";"Decrescente";"Atropelamento de pedestre";0;0;0;0;0;0;0;0;0;0;0;0;0;1;0
"05/06/2024";"07:40:00";"171";"Com vítima";"89,000";"BR-116/SP";"Decrescente";"Atropelamento de pedestre";0;1;0;1;0;0;0;0;0;0;1;1;0;0;0
"05/06/2024";"08:28:00";"222";"Sem vítima";"305,000";"BR-116/RJ";"Decrescente";"Colisão lateral em sentido contrário";1;0;0;0;0;0;0;1;0;0;2;0;0;0;0
"05/06/2024";"09:00:00";"243";"Sem vítima";"324,700";"BR-116/RJ";"Crescente";"Engavetamento";1;0;0;0;0;0;0;0;0;0;1;0;0;0;0
"05/06/2024";"09:20:00";"257";"Com vítima";"385,000";"BR-101/RJ";"Crescente";"Colisão traseira";2;0;0;0;0;0;0;0;0;0;1;1;0;0;0
"05/06/2024";"09:46:00";"275";"Sem vítima";"43,500";"BR-101/SP";"Decrescente";"Choque";1;0;0;0;0;0;0;0;0;0;1;0;0;0;0
"05/06/2024";"10:00:00";"282";"Sem vítima";"182,300";"BR-116/SP";"Decrescente";"Colisão traseira";0;0;2;0;0;0;0;0;0;0;2;0;0;0;0
"05/06/2024";"10:50:00";"320";"Com vítima";"307,500";"BR-116/RJ";"Crescente";"Choque";1;0;0;0;0;0;0;0;0;0;0;0;1;0;0
"05/06/2024";"11:32:00";"350";"Sem vítima";"284,000";"BR-116/RJ";"Decrescente";"Acidentes de outra natureza";1;0;0;0;0;0;0;0;0;0;0;0;0;0;0
"05/06/2024";"11:34:00";"351";"Com vítima";"306,000";"BR-116/RJ";"Crescente";"Colisão traseira";1;0;0;1;0;0;0;0;0;0;1;1;0;0;0
"05/06/2024";"12:05:00";"368";"Com vítima";"227,000";"BR-116/SP";"Crescente";"Colisão traseira";1;0;0;1;0;0;0;0;0;0;1;1;0;0;0
"05/06/2024";"12:06:00";"370";"Sem vítima";"204,500";"BR-116/SP";"Decrescente";"Colisão traseira";1;0;1;0;0;0;0;0;0;0;3;0;0;0;0
"05/06/2024";"13:34:00";"410";"Com vítima";"222,000";"BR-116/SP";"Decrescente";"Colisão traseira";1;0;0;1;0;0;0;0;0;0;1;1;0;0;0
"05/06/2024";"15:53:00";"488";"Sem vítima";"289,000";"BR-116/RJ";"Crescente";"Colisão traseira";1;0;0;0;0;0;0;0;0;0;1;0;0;0;0
"05/06/2024";"16:15:00";"504";"Sem vítima";"221,000";"BR-116/SP";"Crescente";"Colisão lateral em sentido contrário";1;0;1;0;0;0;0;0;0;0;2;0;0;0;0
"05/06/2024";"17:08:00";"525";"Com vítima";"221,350";"BR-116/SP";"Decrescente";"Colisão lateral em sentido contrário";0;0;1;2;0;0;0;0;0;0;1;1;2;0;0
"05/06/2024";"17:41:00";"536";"Sem vítima";"58,400";"BR-116/SP";"Decrescente";"Engavetamento";2;0;2;0;0;0;0;0;0;0;0;0;0;0;0
"05/06/2024";"17:41:00";"535";"Sem vítima";"486,000";"BR-101/RJ";"Crescente";"Engavetamento";3;0;0;0;0;0;0;0;0;0;5;0;0;0;0
"05/06/2024";"17:57:00";"544";"Com vítima";"58,700";"BR-116/SP";"Decrescente";"Colisão traseira";1;0;0;0;0;0;0;0;0;1;0;2;1;0;0
"05/06/2024";"18:18:00";"560";"Sem vítima";"113,000";"BR-116/SP";"Crescente";"Colisão lateral em sentido contrário";2;0;1;0;0;0;0;0;0;0;0;0;0;0;0
"05/06/2024";"18:26:00";"566";"Sem vítima";"112,100";"BR-116/SP";"Crescente";"Colisão traseira";1;0;0;0;0;0;0;0;0;2;0;0;0;0;0
"05/06/2024";"18:42:00";"573";"Com vítima";"406,000";"BR-101/RJ";"Decrescente";"Colisão traseira";2;0;0;0;0;0;0;0;0;0;0;1;0;0;0
"05/06/2024";"19:24:00";"562";"Sem vítima";"406,000";"BR-101/RJ";"Decrescente";"Colisão traseira";1;0;0;0;0;0;0;0;0;0;0;0;0;0;0
"05/06/2024";"21:22:00";"658";"Com vítima";"277,500";"BR-116/RJ";"Crescente";"Colisão frontal";1;0;0;1;0;0;0;0;0;0;1;1;0;0;0
"05/06/2024";"22:16:00";"674";"Com vítima";"230,000";"BR-116/SP";"Decrescente";"Colisão traseira";0;0;0;1;0;0;0;0;0;1;1;0;1;0;0
"05/06/2024";"22:45:00";"679";"Com vítima";"309,000";"BR-116/RJ";"Decrescente";"Atropelamento de pedestre";0;1;0;0;0;0;0;0;0;0;0;0;0;0;0
"05/06/2024";"23:14:00";"684";"Com vítima";"51,500";"BR-101/SP";"Crescente";"Colisão traseira";0;0;0;1;0;0;0;0;0;0;0;1;0;0;0
"06/06/2024";"06:37:00";"128";"Sem vítima";"169,200";"BR-116/SP";"Decrescente";"Choque";1;0;0;0;0;0;0;0;0;0;1;0;0;0;0
"06/06/2024";"07:34:00";"188";"Sem vítima";"206,000";"BR-116/SP";"Crescente";"Colisão lateral em sentido contrário";0;0;0;0;0;0;0;1;0;1;2;0;0;0;0
"06/06/2024";"09:26:00";"292";"Com vítima";"221,000";"BR-116/SP";"Crescente";"Colisão lateral em sentido contrário";0;0;1;2;0;0;0;0;0;0;3;2;1;0;0
"06/06/2024";"12:02:00";"374";"Com vítima";"229,000";"BR-116/SP";"Crescente";"Colisão lateral em sentido contrário";1;0;0;1;0;0;0;0;0;0;1;1;0;0;0
"06/06/2024";"12:27:00";"389";"Com vítima";"181,800";"BR-116/SP";"Crescente";"Atropelamento de pedestre";0;0;0;0;0;0;0;0;0;0;0;0;0;1;0
"06/06/2024";"15:58:00";"501";"Com vítima";"169,000";"BR-116/SP";"Decrescente";"Acidentes de outra natureza";0;0;0;1;0;0;0;0;0;0;0;2;0;0;0
"06/06/2024";"16:17:00";"506";"Sem vítima";"219,000";"BR-116/RJ";"Decrescente";"Acidentes de outra natureza";1;0;0;0;0;0;0;0;0;0;0;0;0;0;0
"06/06/2024";"16:40:00";"520";"Sem vítima";"224,900";"BR-116/RJ";"Decrescente";"Colisão lateral em sentido contrário";1;0;0;0;0;0;0;0;0;0;1;0;0;0;0
"06/06/2024";"17:44:00";"557";"Sem vítima";"291,700";"BR-116/RJ";"Crescente";"Engavetamento";3;0;0;0;0;0;0;0;0;0;3;0;0;0;0
"06/06/2024";"19:21:00";"606";"Sem vítima";"51,000";"BR-116/SP";"Crescente";"Colisão traseira";1;0;1;0;0;0;0;0;0;0;1;0;0;0;0
"06/06/2024";"19:32:00";"611";"Com vítima";"213,000";"BR-116/SP";"Crescente";"Acidentes de outra natureza";0;0;0;1;0;0;0;0;0;0;0;1;0;0;0
"06/06/2024";"20:12:00";"633";"Com vítima";"211,200";"BR-116/SP";"Crescente";"Choque";0;0;0;1;0;0;0;0;0;0;0;1;0;0;0
"06/06/2024";"20:18:00";"637";"Com vítima";"215,000";"BR-116/SP";"Decrescente";"Acidentes de outra natureza";0;0;0;1;0;0;0;0;0;0;0;1;0;0;0
"06/06/2024";"20:49:00";"646";"Sem vítima";"195,000";"BR-116/SP";"Decrescente";"Engavetamento";3;0;0;0;0;0;0;0;0;0;4;0;0;0;0
"06/06/2024";"22:11:00";"670";"Sem vítima";"193,100";"BR-116/SP";"Decrescente";"Colisão traseira";1;0;0;0;0;0;0;1;0;0;3;0;0;0;0
"06/06/2024";"22:18:00";"672";"Com vítima";"195,600";"BR-116/SP";"Decrescente";"Colisão traseira";1;0;0;1;0;0;0;0;0;0;1;1;0;0;0
"06/06/2024";"22:50:00";"683";"Sem vítima";"49,000";"BR-116/SP";"Crescente";"Colisão traseira";0;0;0;0;0;0;0;2;0;0;2;0;0;0;0
"06/06/2024";"22:59:00";"685";"Com vítima";"151,000";"BR-116/SP";"Crescente";"Acidentes de outra natureza";0;0;0;1;0;0;0;0;0;0;0;2;0;0;0
"06/06/2024";"23:43:00";"697";"Com vítima";"213,900";"BR-116/SP";"Crescente";"Acidentes de outra natureza";0;0;0;1;0;0;0;0;0;0;0;2;0;0;0
"07/06/2024";"00:30:00";"38";"Sem vítima";"193,500";"BR-116/SP";"Decrescente";"Choque";0;0;1;0;0;0;0;0;0;0;1;0;0;0;0
"07/06/2024";"03:08:00";"35";"Com vítima";"490,800";"BR-101/RJ";"Decrescente";"Colisão frontal";1;0;0;0;0;0;0;0;0;0;1;1;0;0;0
"07/06/2024";"03:54:00";"71";"Com vítima";"23,800";"BR-116/SP";"Decrescente";"Tombamento";0;0;1;0;0;0;0;0;0;0;0;0;2;0;0
"07/06/2024";"05:37:00";"87";"Com vítima";"221,000";"BR-116/SP";"Decrescente";"Choque";0;0;0;1;0;0;0;0;0;0;0;1;0;0;0
"07/06/2024";"06:00:00";"93";"Sem vítima";"37,100";"BR-116/SP";"Crescente";"Choque";1;0;0;0;0;0;0;0;0;0;1;0;0;0;0
"07/06/2024";"06:48:00";"129";"Com vítima";"222,000";"BR-116/SP";"Decrescente";"Colisão traseira";1;0;0;0;0;0;0;0;0;1;1;1;0;0;0
"07/06/2024";"07:01:00";"138";"Sem vítima";"176,600";"BR-116/SP";"Decrescente";"Choque";0;0;1;1;0;0;0;0;0;0;2;0;0;0;0
"07/06/2024";"07:37:00";"191";"Sem vítima";"100,900";"BR-116/SP";"Crescente";"Choque";0;0;1;0;0;0;0;0;0;0;1;0;0;0;0