data;horario;n_da_ocorrencia;tipo_de_ocorrencia;km;trecho;sentido;tipo_de_acidente;automovel;bicicleta;caminhao;moto;onibus;outros;tracao_animal;transporte_de_cargas_especiais;trator_maquinas;utilitarios;ilesos;levemente_feridos;moderadamente_feridos;gravemente_feridos;mortos
"07/06/2024";"08:08:00";"217";"Sem vítima";"165,200";"BR-116/SP";"Decrescente";"Colisão traseira";0;0;2;0;0;0;0;0;0;0;2;0;0;0;0
"07/06/2024";"08:12:00";"222";"Com vítima";"223,000";"BR-116/SP";"Crescente";"Acidentes de outra natureza";0;0;0;1;0;0;0;0;0;0;1;0;1;0;0
"07/06/2024";"09:06:00";"266";"Sem vítima";"228,000";"BR-116/SP";"Crescente";"Colisão traseira";1;0;0;0;0;0;0;0;0;0;1;0;0;0;0
"07/06/2024";"09:19:00";"276";"Com vítima";"145,000";"BR-116/SP";"Crescente";"Colisão lateral em sentido contrário";1;0;0;1;0;0;0;0;0;0;1;0;2;0;0
"07/06/2024";"09:34:00";"283";"Com vítima";"314,000";"BR-116/RJ";"Decrescente";"Choque";0;0;0;1;0;0;0;0;0;0;0;1;0;0;0
"07/06/2024";"09:55:00";"296";"Sem vítima";"313,000";"BR-116/RJ";"Decrescente";"Choque";1;0;0;0;0;0;0;0;0;0;0;0;0;0;0
"07/06/2024";"10:08:00";"302";"Sem vítima";"314,000";"BR-116/RJ";"Decrescente";"Choque";1;0;0;0;0;0;0;0;0;0;1;0;0;0;0
"07/06/2024";"10:11:00";"307";"Sem vítima";"186,000";"BR-116/SP";"Decrescente";"Colisão lateral em sentido contrário";1;0;0;0;0;0;0;1;0;0;2;0;0;0;0
"07/06/2024";"11:14:00";"346";"Sem vítima";"321,000";"BR-116/RJ";"Crescente";"Engavetamento";2;0;1;0;0;0;0;0;0;0;3;0;0;0;0
"07/06/2024";"11:25:00";"349";"Sem vítima";"320,000";"BR-116/RJ";"Crescente";"Colisão traseira";2;0;0;0;0;0;0;0;0;0;3;0;0;0;0
"07/06/2024";"11:37:00";"304";"Sem vítima";"223,000";"BR-116/SP";"Crescente";"Colisão lateral em sentido contrário";0;0;1;0;1;0;0;0;0;0;2;0;0;0;0
"07/06/2024";"13:39:00";"409";"Com vítima";"490,000";"BR-101/RJ";"Decrescente";"Colisão lateral em sentido contrário";1;0;0;1;0;0;0;0;0;0;1;1;0;0;0
"07/06/2024";"14:15:00";"420";"Sem vítima";"230,000";"BR-116/SP";"Crescente";"Colisão traseira";1;0;0;0;0;0;0;0;0;0;0;0;0;0;0
"07/06/2024";"15:18:00";"451";"Sem vítima";"154,900";"BR-116/SP";"Crescente";"Engavetamento";1;0;2;0;0;0;0;0;0;0;3;0;0;0;0
"07/06/2024";"18:04:00";"537";"Com vítima";"446,000";"BR-101/RJ";"Crescente";"Atropelamento de pedestre";0;0;0;1;0;0;0;0;0;0;0;0;1;1;0
"07/06/2024";"18:30:00";"556";"Sem vítima";"214,100";"BR-116/SP";"Crescente";"Colisão traseira";2;0;0;0;0;0;0;0;0;0;4;0;0;0;0
"07/06/2024";"18:48:00";"561";"Sem vítima";"255,000";"BR-116/RJ";"Crescente";"Colisão traseira";1;0;0;0;0;0;0;0;0;0;1;0;0;0;0
"07/06/2024";"19:02:00";"575";"Com vítima";"212,000";"BR-116/SP";"Decrescente";"Atropelamento de pedestre";0;0;0;1;0;0;0;0;0;0;0;2;0;0;0
"07/06/2024";"19:04:00";"577";"Com vítima";"272,400";"BR-116/RJ";"Decrescente";"Colisão traseira";1;0;1;0;0;0;0;0;0;0;2;2;0;0;0
"07/06/2024";"19:35:00";"591";"Sem vítima";"146,000";"BR-116/SP";"Crescente";"Colisão lateral em sentido contrário";1;0;1;0;0;0;0;0;0;0;4;0;0;0;0
"07/06/2024";"20:09:00";"603";"Com vítima";"219,000";"BR-116/SP";"Crescente";"Colisão traseira";1;0;0;1;0;0;0;0;0;0;1;2;0;0;0
"07/06/2024";"20:21:00";"612";"Sem vítima";"108,100";"BR-116/SP";"Crescente";"Colisão traseira";2;0;0;0;0;0;0;0;0;0;5;0;0;0;0
"07/06/2024";"21:17:00";"643";"Com vítima";"220,000";"BR-116/SP";"Decrescente";"Colisão traseira";1;0;0;1;0;0;0;0;0;0;3;0;1;0;0
"07/06/2024";"21:28:00";"648";"Com vítima";"307,400";"BR-116/RJ";"Decrescente";"Colisão lateral em sentido contrário";1;0;0;0;0;0;0;0;0;0;0;0;1;0;0
"07/06/2024";"22:59:00";"677";"Sem vítima";"219,300";"BR-116/SP";"Decrescente";"Colisão traseira";2;0;0;0;0;0;0;0;0;0;5;0;0;0;0
"07/06/2024";"23:30:00";"683";"Sem vítima";"115,300";"BR-116/SP";"Crescente";"Choque";1;0;0;0;0;0;0;0;0;0;1;0;0;0;0
"08/06/2024";"02:22:00";"48";"Sem vítima";"218,000";"BR-116/SP";"Decrescente";"Colisão lateral em sentido contrário";1;0;1;0;0;0;0;0;0;0;2;0;0;0;0
"08/06/2024";"03:26:00";"57";"Com vítima";"485,000";"BR-101/RJ";"Crescente";"Acidentes de outra natureza";0;0;0;1;0;0;0;0;0;0;0;0;0;1;0
"08/06/2024";"05:11:00";"75";"Sem vítima";"528,000";"BR-101/RJ";"Crescente";"Choque";1;0;0;0;0;0;0;0;0;0;1;0;0;0;0
"08/06/2024";"06:19:00";"86";"Com vítima";"104,000";"BR-116/SP";"Decrescente";"Colisão traseira";1;0;0;0;1;0;0;0;0;0;48;2;0;0;0
"08/06/2024";"06:22:00";"88";"Com vítima";"228,000";"BR-116/SP";"Decrescente";"Colisão traseira";1;0;1;0;0;0;0;0;0;0;1;0;1;0;0
"08/06/2024";"07:11:00";"119";"Sem vítima";"55,000";"BR-116/SP";"Crescente";"Acidentes de outra natureza";0;0;0;1;0;0;0;0;0;0;1;0;0;0;0
"08/06/2024";"08:27:00";"171";"Com vítima";"225,500";"BR-116/SP";"Crescente";"Engavetamento";2;0;0;0;0;0;0;0;0;1;10;1;0;0;0
"08/06/2024";"11:31:00";"263";"Sem vítima";"227,000";"BR-116/SP";"Decrescente";"Colisão lateral em sentido contrário";2;0;0;0;0;0;0;0;0;0;2;0;0;0;0
"08/06/2024";"14:40:00";"340";"Sem vítima";"204,500";"BR-116/SP";"Crescente";"Colisão lateral em sentido contrário";2;0;0;0;0;0;0;0;0;0;10;0;0;0;0
"08/06/2024";"15:06:00";"354";"Sem vítima";"225,600";"BR-116/RJ";"Decrescente";"Colisão traseira";1;0;1;0;0;0;0;0;0;0;3;0;0;0;0
"08/06/2024";"15:59:00";"387";"Com vítima";"296,000";"BR-116/RJ";"Decrescente";"Engavetamento";2;0;0;0;0;0;0;1;0;0;3;1;0;0;0
"08/06/2024";"16:25:00";"408";"Sem vítima";"204,500";"BR-116/SP";"Decrescente";"Colisão traseira";1;0;1;0;0;0;0;0;0;0;3;0;0;0;0
"08/06/2024";"16:30:00";"413";"Com vítima";"383,000";"BR-101/RJ";"Crescente";"Colisão traseira";1;0;0;1;0;0;0;0;0;0;0;1;1;0;1
"08/06/2024";"17:10:00";"424";"Sem vítima";"118,000";"BR-116/SP";"Decrescente";"Capotamento";1;0;0;0;0;0;0;0;0;0;0;0;0;0;0
"08/06/2024";"18:01:00";"450";"Sem vítima";"121,600";"BR-116/SP";"Decrescente";"Engavetamento";3;0;0;0;0;0;0;0;0;0;0;0;0;0;0
"08/06/2024";"18:10:00";"460";"Com vítima";"23,500";"BR-101/SP";"Decrescente";"Colisão lateral em sentido contrário";1;0;0;1;0;0;0;0;0;0;1;1;0;1;0
"08/06/2024";"18:16:00";"463";"Sem vítima";"121,400";"BR-116/SP";"Decrescente";"Engavetamento";3;0;0;0;0;0;0;0;0;0;2;0;0;0;0
"08/06/2024";"18:33:00";"472";"Com vítima";"155,000";"BR-116/SP";"Crescente";"Colisão traseira";1;0;0;1;0;0;0;0;0;0;1;1;0;0;0
"08/06/2024";"20:18:00";"510";"Com vítima";"219,000";"BR-116/SP";"Crescente";"Colisão lateral em sentido contrário";3;0;0;1;0;0;0;0;0;0;7;1;0;0;0
"08/06/2024";"21:16:00";"507";"Com vítima";"486,000";"BR-101/RJ";"Decrescente";"Colisão traseira";1;0;0;1;0;0;0;0;0;0;2;1;0;0;0
"08/06/2024";"22:39:00";"566";"Com vítima";"226,000";"BR-116/SP";"Decrescente";"Colisão traseira";0;0;0;1;0;0;0;0;0;0;0;1;0;0;0
"09/06/2024";"02:48:00";"52";"Sem vítima";"140,200";"BR-116/SP";"Crescente";"Capotamento";1;0;0;0;0;0;0;0;0;0;1;0;0;0;0
"09/06/2024";"04:25:00";"67";"Com vítima";"40,000";"BR-116/SP";"Decrescente";"Acidentes de outra natureza";0;0;0;1;0;0;0;0;0;0;1;1;0;0;0
"09/06/2024";"05:28:00";"78";"Com vítima";"129,600";"BR-116/SP";"Decrescente";"Choque";1;0;0;0;0;0;0;0;0;0;1;1;0;0;0
"09/06/2024";"07:09:00";"111";"Com vítima";"223,000";"BR-116/SP";"Decrescente";"Acidentes de outra natureza";0;0;0;1;0;0;0;0;0;0;0;1;1;0;0
"09/06/2024";"08:43:00";"146";"Sem vítima";"465,000";"BR-101/RJ";"Crescente";"Choque";1;0;0;0;0;0;0;0;0;0;0;0;0;0;0
"09/06/2024";"10:17:00";"169";"Sem vítima";"104,700";"BR-116/SP";"Decrescente";"Colisão traseira";2;0;0;0;0;0;0;0;0;0;5;0;0;0;0
"09/06/2024";"11:30:00";"190";"Sem vítima";"264,450";"BR-116/RJ";"Crescente";"Capotamento";1;0;0;0;0;0;0;0;0;0;0;0;0;0;0
"09/06/2024";"13:57:00";"251";"Sem vítima";"91,300";"BR-116/SP";"Crescente";"Engavetamento";2;0;0;0;0;0;0;0;0;0;5;0;0;0;0
"09/06/2024";"14:16:00";"256";"Sem vítima";"72,300";"BR-116/SP";"Crescente";"Colisão traseira";1;0;0;0;1;0;0;0;0;0;47;0;0;0;0
"09/06/2024";"15:27:00";"288";"Sem vítima";"76,400";"BR-116/SP";"Crescente";"Colisão traseira";2;0;0;0;0;0;0;0;0;0;4;0;0;0;0
"09/06/2024";"15:39:00";"298";"Com vítima";"38,700";"BR-101/SP";"Crescente";"Colisão traseira";1;0;0;1;0;0;0;0;0;0;4;2;0;0;0
"09/06/2024";"16:08:00";"314";"Com vítima";"247,000";"BR-116/RJ";"Decrescente";"Engavetamento";3;0;0;0;0;0;0;0;0;0;13;1;0;0;0
"09/06/2024";"16:21:00";"318";"Sem vítima";"65,000";"BR-116/SP";"Crescente";"Acidentes de outra natureza";0;0;0;1;0;0;0;0;0;0;0;0;0;0;0
"09/06/2024";"16:35:00";"325";"Com vítima";"116,000";"BR-116/SP";"Decrescente";"Colisão traseira";1;0;0;1;0;0;0;0;0;0;4;0;1;0;0
"09/06/2024";"17:57:00";"363";"Com vítima";"415,900";"BR-101/RJ";"Decrescente";"Engavetamento";3;0;0;0;0;0;0;0;0;0;5;1;0;0;0
"09/06/2024";"17:59:00";"366";"Com vítima";"103,600";"BR-116/SP";"Crescente";"Colisão lateral em sentido contrário";2;0;0;1;0;0;0;0;0;0;6;2;0;0;0
"09/06/2024";"18:40:00";"383";"Com vítima";"306,500";"BR-116/RJ";"Crescente";"Acidentes de outra natureza";0;0;0;1;0;0;0;0;0;0;0;0;2;0;0
"09/06/2024";"19:03:00";"394";"Sem vítima";"220,000";"BR-116/SP";"Decrescente";"Engavetamento";2;0;0;0;0;0;0;0;0;0;8;0;0;0;0
"09/06/2024";"19:23:00";"400";"Sem vítima";"113,000";"BR-116/SP";"Crescente";"Colisão lateral em sentido contrário";2;0;0;0;0;0;0;0;0;0;0;0;0;0;0
"09/06/2024";"19:50:00";"408";"Com vítima";"227,500";"BR-116/SP";"Decrescente";"Atropelamento de pedestre";1;0;0;0;0;0;0;0;0;0;1;0;0;0;1
"09/06/2024";"20:30:00";"423";"Com vítima";"232,200";"BR-116/RJ";"Crescente";"Colisão traseira";0;0;2;0;0;0;0;0;0;0;1;0;1;0;0
"10/06/2024";"01:22:00";"52";"Sem vítima";"264,800";"BR-116/RJ";"Crescente";"Choque";1;0;0;0;0;0;0;0;0;0;1;0;0;0;0
"10/06/2024";"07:18:00";"175";"Sem vítima";"463,000";"BR-101/RJ";"Crescente";"Choque";1;0;0;0;0;0;0;0;0;0;1;0;0;0;0
"10/06/2024";"07:32:00";"193";"Com vítima";"148,000";"BR-116/SP";"Decrescente";"Colisão lateral em sentido contrário";1;0;0;1;0;0;0;0;0;0;1;1;0;0;0
"10/06/2024";"07:43:00";"201";"Com vítima";"215,600";"BR-116/SP";"Crescente";"Colisão lateral em sentido contrário";1;0;0;1;0;0;0;0;0;0;3;1;0;0;0
"10/06/2024";"07:45:00";"203";"Com vítima";"225,000";"BR-116/SP";"Decrescente";"Engavetamento";2;0;1;0;0;0;0;0;0;0;4;1;0;0;0
"10/06/2024";"07:47:00";"205";"Sem vítima";"157,900";"BR-116/SP";"Decrescente";"Colisão lateral em sentido contrário";1;0;0;0;0;0;0;0;0;0;1;0;0;0;0
"10/06/2024";"07:50:00";"207";"Com vítima";"214,000";"BR-116/SP";"Crescente";"Colisão lateral em sentido contrário";1;0;0;1;0;0;0;0;0;0;2;1;0;0;0
"10/06/2024";"07:52:00";"209";"Sem vítima";"222,000";"BR-116/SP";"Decrescente";"Colisão lateral em sentido contrário";2;0;0;0;0;0;0;0;0;0;3;0;0;0;0
"10/06/2024";"08:04:00";"218";"Sem vítima";"148,000";"BR-116/SP";"Decrescente";"Engavetamento";3;0;0;0;0;0;0;0;0;0;3;0;0;0;0
"10/06/2024";"09:35:00";"290";"Sem vítima";"222,000";"BR-116/SP";"Decrescente";"Colisão lateral em sentido contrário";2;0;0;0;0;0;0;0;0;0;2;0;0;0;0
"10/06/2024";"11:07:00";"361";"Sem vítima";"231,000";"BR-116/SP";"Crescente";"Colisão traseira";1;0;0;0;0;0;0;0;0;0;1;0;0;0;0
"10/06/2024";"11:42:00";"381";"Com vítima";"125,000";"BR-116/SP";"Decrescente";"Colisão traseira";0;0;1;1;0;0;0;0;0;0;2;1;0;0;0
"10/06/2024";"11:50:00";"385";"Sem vítima";"304,500";"BR-116/RJ";"Crescente";"Colisão traseira";1;0;0;0;0;0;0;1;0;0;1;0;0;0;0
"10/06/2024";"15:12:00";"469";"Sem vítima";"41,000";"BR-116/SP";"Crescente";"Colisão traseira";0;0;1;0;0;0;0;0;0;0;1;0;0;0;0
"10/06/2024";"16:30:00";"515";"Com vítima";"227,000";"BR-116/SP";"Decrescente";"Engavetamento";1;0;1;0;1;0;0;0;0;1;4;1;0;0;0
"10/06/2024";"16:37:00";"520";"Com vítima";"484,700";"BR-101/RJ";"Crescente";"Colisão lateral em sentido contrário";1;0;0;1;0;0;0;0;0;0;3;1;0;0;0
"10/06/2024";"17:14:00";"531";"Sem vítima";"205,000";"BR-116/SP";"Crescente";"Colisão lateral em sentido contrário";0;0;0;0;0;0;0;0;0;1;2;0;0;0;0
"10/06/2024";"17:15:00";"532";"Com vítima";"470,000";"BR-101/RJ";"Crescente";"Colisão traseira";1;0;0;0;0;0;0;0;0;1;2;1;0;0;0
"10/06/2024";"17:35:00";"539";"Com vítima";"298,000";"BR-116/RJ";"Decrescente";"Colisão lateral em sentido contrário";1;0;1;0;0;1;0;0;0;0;0;0;1;0;0
"10/06/2024";"18:24:00";"561";"Com vítima";"296,000";"BR-116/RJ";"Crescente";"Engavetamento";0;0;3;0;0;0;0;0;0;0;2;0;1;0;0
"10/06/2024";"18:40:00";"568";"Com vítima";"218,000";"BR-116/SP";"Decrescente";"Colisão lateral em sentido contrário";0;0;0;1;0;0;0;0;0;1;1;1;0;0;0
"10/06/2024";"18:58:00";"581";"Sem vítima";"250,350";"BR-116/RJ";"Crescente";"Colisão lateral em sentido contrário";1;0;0;0;0;0;0;0;0;0;1;0;0;0;0
"10/06/2024";"19:12:00";"588";"Sem vítima";"215,500";"BR-116/SP";"Decrescente";"Engavetamento";3;0;0;0;0;0;0;0;0;0;7;0;0;0;0
"10/06/2024";"19:46:00";"599";"Com vítima";"496,000";"BR-101/RJ";"Decrescente";"Choque";1;0;0;0;0;0;0;0;0;0;3;1;0;0;0
"10/06/2024";"20:05:00";"606";"Sem vítima";"105,000";"BR-116/SP";"Decrescente";"Colisão traseira";1;0;1;0;0;0;0;0;0;0;0;0;0;0;0
"10/06/2024";"22:01:00";"645";"Sem vítima";"40,500";"BR-116/SP";"Decrescente";"Colisão traseira";1;0;1;0;0;0;0;0;0;0;0;0;0;0;0
"10/06/2024";"22:18:00";"652";"Com vítima";"323,900";"BR-116/RJ";"Crescente";"Choque";1;0;0;0;0;0;0;0;0;0;0;1;0;0;0
"11/06/2024";"00:56:00";"35";"Sem vítima";"231,500";"BR-116/RJ";"Decrescente";"Tombamento";0;0;1;0;0;0;0;0;0;0;1;0;0;0;0
"11/06/2024";"01:23:00";"37";"Sem vítima";"34,000";"BR-116/SP";"Decrescente";"Colisão traseira";0;0;1;0;0;0;0;0;0;0;0;0;0;0;0
"11/06/2024";"06:33:00";"103";"Sem vítima";"197,500";"BR-116/SP";"Crescente";"Choque";0;0;1;0;0;0;0;0;0;0;1;0;0;0;0
"11/06/2024";"06:50:00";"113";"Com vítima";"206,000";"BR-116/SP";"Crescente";"Colisão lateral em sentido contrário";0;0;0;1;0;0;0;0;0;0;0;1;0;0;0
"11/06/2024";"06:56:00";"122";"Sem vítima";"138,100";"BR-116/SP";"Crescente";"Colisão traseira";1;0;1;0;0;0;0;0;0;0;3;0;0;0;0
"11/06/2024";"08:29:00";"196";"Sem vítima";"129,400";"BR-116/SP";"Decrescente";"Capotamento";1;0;0;0;0;0;0;0;0;0;2;0;0;0;0
"11/06/2024";"08:33:00";"198";"Com vítima";"182,400";"BR-116/SP";"Decrescente";"Acidentes de outra natureza";0;0;0;1;0;0;0;0;0;0;0;1;0;0;0
"11/06/2024";"09:20:00";"226";"Com vítima";"122,100";"BR-116/SP";"Decrescente";"Atropelamento de pedestre";0;0;0;1;0;0;0;0;0;0;0;2;0;0;0
"11/06/2024";"09:47:00";"247";"Com vítima";"417,500";"BR-101/RJ";"Decrescente";"Acidentes de outra natureza";0;0;0;1;0;0;0;0;0;0;1;1;0;0;0
"11/06/2024";"09:58:00";"260";"Com vítima";"559,000";"BR-101/RJ";"Crescente";"Colisão lateral em sentido contrário";0;0;2;0;0;0;0;0;0;0;2;1;0;0;0
"11/06/2024";"10:08:00";"265";"Com vítima";"58,300";"BR-116/SP";"Decrescente";"Colisão traseira";1;0;1;0;0;0;0;0;0;0;1;3;0;0;0
"11/06/2024";"11:38:00";"303";"Sem vítima";"245,400";"BR-116/RJ";"Decrescente";"Choque";1;0;0;0;0;0;0;0;0;0;1;0;0;0;0
"11/06/2024";"16:06:00";"434";"Com vítima";"428,000";"BR-101/RJ";"Decrescente";"Acidentes de outra natureza";0;0;0;1;0;0;0;0;0;0;0;1;0;0;0
"11/06/2024";"16:30:00";"454";"Sem vítima";"233,000";"BR-116/RJ";"Decrescente";"Choque";1;0;0;0;0;0;0;0;0;0;1;0;0;0;0
"11/06/2024";"18:04:00";"493";"Com vítima";"217,000";"BR-116/SP";"Decrescente";"Choque";0;0;0;1;0;0;0;0;0;0;0;1;0;0;0
"11/06/2024";"18:47:00";"512";"Com vítima";"185,000";"BR-116/SP";"Decrescente";"Acidentes de outra natureza";0;0;0;1;0;0;0;0;0;0;0;2;0;0;0
"11/06/2024";"19:25:00";"531";"Sem vítima";"86,700";"BR-116/SP";"Crescente";"Atropelamento de pedestre";1;0;0;0;0;0;0;0;0;0;1;0;0;0;0
"11/06/2024";"21:14:00";"563";"Com vítima";"338,700";"BR-116/RJ";"Crescente";"Engavetamento";0;0;3;0;0;0;0;0;0;1;4;1;0;0;0
"11/06/2024";"21:43:00";"577";"Com vítima";"109,550";"BR-116/SP";"Decrescente";"Colisão lateral em sentido contrário";3;0;0;0;0;0;0;0;0;0;3;0;1;0;0
"12/06/2024";"00:00:00";"621";"Com vítima";"279,300";"BR-116/RJ";"Decrescente";"Atropelamento de pedestre";1;0;0;0;0;0;0;0;0;0;0;1;0;0;0
"12/06/2024";"00:11:00";"33";"Sem vítima";"256,600";"BR-116/RJ";"Decrescente";"Tombamento";0;0;1;0;0;0;0;0;0;0;1;0;0;0;0
"12/06/2024";"04:27:00";"69";"Com vítima";"228,000";"BR-116/SP";"Decrescente";"Colisão traseira";1;0;0;0;0;0;0;0;0;0;0;1;0;0;0
"12/06/2024";"06:27:00";"110";"Sem vítima";"165,000";"BR-116/SP";"Crescente";"Acidentes de outra natureza";0;0;0;1;0;0;0;0;0;0;0;0;0;0;0
"12/06/2024";"08:41:00";"254";"Sem vítima";"221,000";"BR-116/SP";"Decrescente";"Colisão lateral em sentido contrário";1;0;1;0;0;0;0;0;0;0;2;0;0;0;0
"12/06/2024";"09:27:00";"299";"Com vítima";"139,000";"BR-116/SP";"Crescente";"Colisão traseira";1;0;0;2;0;0;0;0;0;0;4;2;0;0;0
"12/06/2024";"10:02:00";"323";"Sem vítima";"139,600";"BR-116/SP";"Crescente";"Colisão lateral em sentido contrário";1;0;1;0;0;0;0;0;0;0;2;0;0;0;0
"12/06/2024";"11:25:00";"364";"Sem vítima";"107,300";"BR-116/SP";"Decrescente";"Colisão frontal";1;0;0;0;0;0;0;0;0;0;1;0;0;0;0
"12/06/2024";"13:13:00";"396";"Sem vítima";"417,500";"BR-101/RJ";"Crescente";"Choque";1;0;0;0;0;0;0;0;0;0;5;0;0;0;0
"12/06/2024";"13:29:00";"426";"Sem vítima";"442,000";"BR-101/RJ";"Crescente";"Capotamento";1;0;0;0;0;0;0;0;0;0;1;0;0;0;0
"12/06/2024";"14:26:00";"451";"Com vítima";"271,800";"BR-116/RJ";"Crescente";"Acidentes de outra natureza";1;0;0;0;0;0;0;0;0;0;0;1;0;0;0
"12/06/2024";"15:01:00";"473";"Sem vítima";"165,300";"BR-116/SP";"Crescente";"Colisão lateral em sentido contrário";1;0;1;0;0;0;0;0;0;0;3;0;0;0;0
"12/06/2024";"16:01:00";"507";"Sem vítima";"299,000";"BR-116/RJ";"Decrescente";"Colisão traseira";2;0;0;0;0;0;0;0;0;0;3;0;0;0;0
"12/06/2024";"16:29:00";"523";"Com vítima";"576,000";"BR-101/RJ";"Decrescente";"Colisão lateral em sentido contrário";1;0;0;1;0;0;0;0;0;0;2;1;0;0;0
"12/06/2024";"17:32:00";"561";"Com vítima";"221,000";"BR-116/SP";"Decrescente";"Acidentes de outra natureza";0;0;0;1;0;0;0;0;0;0;0;1;0;0;0
"12/06/2024";"19:56:00";"636";"Sem vítima";"279,300";"BR-116/RJ";"Decrescente";"Choque";1;0;0;0;0;0;0;0;0;0;1;0;0;0;0
"12/06/2024";"21:51:00";"667";"Sem vítima";"142,950";"BR-116/SP";"Decrescente";"Colisão traseira";2;0;0;0;0;0;0;0;0;0;6;0;0;0;0
"12/06/2024";"21:54:00";"668";"Com vítima";"221,000";"BR-116/SP";"Decrescente";"Engavetamento";2;0;0;1;0;0;0;0;0;0;3;1;0;0;0
"13/06/2024";"00:00:00";"279";"Sem vítima";"103,900";"BR-116/SP";"Decrescente";"Colisão traseira";2;0;0;0;0;0;0;0;0;0;0;0;0;0;0
"13/06/2024";"04:29:00";"72";"Sem vítima";"173,500";"BR-116/SP";"Crescente";"Colisão traseira";0;0;2;0;0;0;0;0;0;0;2;0;0;0;0
"13/06/2024";"05:32:00";"86";"Com vítima";"222,000";"BR-116/SP";"Crescente";"Colisão traseira";0;0;0;1;0;0;0;0;0;1;1;1;0;0;0
"13/06/2024";"06:30:00";"125";"Sem vítima";"211,700";"BR-116/SP";"Crescente";"Engavetamento";4;0;0;0;0;0;0;0;0;0;6;0;0;0;0
"13/06/2024";"06:39:00";"136";"Sem vítima";"298,000";"BR-116/RJ";"Decrescente";"Choque";1;0;0;0;0;0;0;0;0;0;1;0;0;0;0
"13/06/2024";"07:00:00";"168";"Sem vítima";"158,000";"BR-116/SP";"Decrescente";"Engavetamento";1;0;0;0;2;0;0;0;0;0;64;0;0;0;0
"13/06/2024";"07:24:00";"189";"Com vítima";"218,000";"BR-116/SP";"Crescente";"Engavetamento";0;0;0;0;0;1;0;0;0;0;0;2;0;0;0
"13/06/2024";"07:46:00";"183";"Sem vítima";"246,900";"BR-116/RJ";"Decrescente";"Colisão traseira";1;0;0;0;0;0;0;0;0;0;1;0;0;0;0
"13/06/2024";"07:51:00";"213";"Com vítima";"148,000";"BR-116/SP";"Decrescente";"Colisão traseira";1;0;0;1;0;0;0;0;0;0;1;1;0;0;0
"13/06/2024";"08:28:00";"263";"Sem vítima";"227,000";"BR-116/SP";"Crescente";"Engavetamento";3;0;0;0;0;0;0;0;0;0;6;0;0;0;0
"13/06/2024";"08:29:00";"265";"Com vítima";"138,500";"BR-116/SP";"Crescente";"Colisão traseira";0;0;0;1;0;0;0;0;0;0;0;1;0;0;0
"13/06/2024";"08:32:00";"268";"Com vítima";"228,000";"BR-116/SP";"Crescente";"Engavetamento";7;0;0;0;0;0;0;0;0;0;9;4;0;0;0
"13/06/2024";"10:12:00";"332";"Sem vítima";"53,800";"BR-116/SP";"Crescente";"Colisão traseira";0;0;0;0;0;0;0;2;0;0;2;0;0;0;0
"13/06/2024";"11:12:00";"385";"Sem vítima";"125,000";"BR-116/SP";"Crescente";"Choque";1;0;0;0;0;0;0;0;0;0;2;0;0;0;0
"13/06/2024";"14:14:00";"479";"Com vítima";"227,000";"BR-116/SP";"Decrescente";"Colisão traseira";2;0;0;0;0;0;0;0;0;0;2;1;0;0;0
"13/06/2024";"14:21:00";"484";"Com vítima";"159,900";"BR-116/SP";"Decrescente";"Colisão lateral em sentido contrário";1;0;0;0;0;0;0;0;0;1;1;1;0;0;0
"13/06/2024";"14:33:00";"492";"Sem vítima";"469,000";"BR-101/RJ";"Decrescente";"Choque";0;0;0;1;0;0;0;0;0;0;1;0;0;0;0
"13/06/2024";"16:49:00";"552";"Sem vítima";"139,000";"BR-116/SP";"Decrescente";"Colisão traseira";1;0;0;0;0;0;0;0;0;0;3;0;0;0;0
"13/06/2024";"17:57:00";"586";"Com vítima";"407,400";"BR-101/RJ";"Crescente";"Atropelamento de pedestre";0;0;0;0;0;0;0;0;0;0;0;0;0;0;1
"13/06/2024";"17:59:00";"590";"Com vítima";"578,500";"BR-101/RJ";"Decrescente";"Acidentes de outra natureza";0;0;0;1;0;0;0;0;0;0;1;0;1;0;0
"13/06/2024";"18:15:00";"603";"Sem vítima";"408,000";"BR-101/RJ";"Crescente";"Colisão traseira";2;0;0;0;0;0;0;0;0;0;2;0;0;0;0
"13/06/2024";"21:33:00";"690";"Com vítima";"21,900";"BR-116/SP";"Decrescente";"Tombamento";0;0;1;0;0;0;0;0;0;0;0;0;1;0;0
"13/06/2024";"22:38:00";"716";"Sem vítima";"223,100";"BR-116/SP";"Decrescente";"Acidentes de outra natureza";0;0;0;1;0;0;0;0;0;0;1;0;0;0;0
"13/06/2024";"23:42:00";"726";"Com vítima";"208,800";"BR-116/SP";"Crescente";"Choque";0;0;0;0;0;0;0;0;0;1;0;1;0;0;0