data;horario;n_da_ocorrencia;tipo_de_ocorrencia;km;trecho;sentido;tipo_de_acidente;automovel;bicicleta;caminhao;moto;onibus;outros;tracao_animal;transporte_de_cargas_especiais;trator_maquinas;utilitarios;ilesos;levemente_feridos;moderadamente_feridos;gravemente_feridos;mortos
"14/06/2024";"01:05:00";"41";"Sem vítima";"34,000";"BR-116/SP";"Crescente";"Capotamento";1;0;0;0;0;0;0;0;0;0;0;0;0;0;0
"14/06/2024";"02:19:00";"55";"Sem vítima";"15,000";"BR-116/SP";"Decrescente";"Atropelamento de pedestre";0;0;0;0;0;0;0;0;0;1;0;0;0;0;0
"14/06/2024";"07:09:00";"167";"Sem vítima";"215,000";"BR-116/SP";"Crescente";"Colisão traseira";2;0;0;0;0;0;0;0;0;0;4;0;0;0;0
"14/06/2024";"07:20:00";"184";"Com vítima";"223,000";"BR-116/SP";"Decrescente";"Colisão lateral em sentido contrário";0;0;0;1;0;0;0;0;0;0;0;1;0;0;0
"14/06/2024";"07:26:00";"195";"Com vítima";"132,800";"BR-116/SP";"Decrescente";"Engavetamento";1;0;0;1;0;0;0;0;0;0;3;1;0;0;0
"14/06/2024";"07:34:00";"205";"Sem vítima";"130,000";"BR-116/SP";"Decrescente";"Colisão traseira";2;0;0;0;0;0;0;0;0;0;2;0;0;0;0
"14/06/2024";"07:37:00";"212";"Com vítima";"390,000";"BR-101/RJ";"Decrescente";"Choque";0;0;0;1;0;0;0;0;0;0;1;0;1;0;0
"14/06/2024";"07:43:00";"217";"Sem vítima";"147,000";"BR-116/SP";"Decrescente";"Colisão lateral em sentido contrário";1;0;0;1;0;0;0;0;0;0;3;0;0;0;0
"14/06/2024";"08:02:00";"236";"Sem vítima";"147,000";"BR-116/SP";"Decrescente";"Colisão frontal";0;0;0;1;0;0;0;0;0;0;1;0;0;0;0
"14/06/2024";"08:02:00";"237";"Sem vítima";"147,000";"BR-116/SP";"Decrescente";"Acidentes de outra natureza";0;0;0;1;0;0;0;0;0;0;1;0;0;0;0
"14/06/2024";"09:29:00";"300";"Com vítima";"49,500";"BR-116/SP";"Crescente";"Colisão traseira";0;0;0;0;0;0;0;1;0;1;1;0;0;1;0
"14/06/2024";"10:44:00";"339";"Sem vítima";"428,000";"BR-101/RJ";"Decrescente";"Acidentes de outra natureza";0;0;0;1;0;0;0;0;0;0;0;0;0;0;0
"14/06/2024";"10:59:00";"369";"Sem vítima";"49,000";"BR-116/SP";"Decrescente";"Colisão traseira";0;0;0;1;0;0;0;0;0;0;0;0;0;0;0
"14/06/2024";"11:16:00";"382";"Sem vítima";"182,200";"BR-116/SP";"Crescente";"Colisão lateral em sentido contrário";1;0;1;0;0;0;0;0;0;0;2;0;0;0;0
"14/06/2024";"13:19:00";"446";"Com vítima";"113,200";"BR-116/SP";"Decrescente";"Colisão lateral em sentido contrário";1;0;0;1;0;0;0;0;0;0;4;1;0;0;0
"14/06/2024";"13:28:00";"454";"Sem vítima";"238,200";"BR-116/RJ";"Crescente";"Choque";0;0;1;0;0;0;0;0;0;0;1;0;0;0;0
"14/06/2024";"13:45:00";"460";"Com vítima";"216,000";"BR-116/RJ";"Crescente";"Atropelamento de pedestre";0;0;1;0;0;0;0;0;0;0;1;0;0;1;0
"14/06/2024";"13:45:00";"462";"Com vítima";"442,000";"BR-101/RJ";"Decrescente";"Colisão lateral em sentido contrário";2;0;1;0;0;0;0;0;0;0;3;1;0;0;0
"14/06/2024";"15:11:00";"504";"Sem vítima";"140,800";"BR-116/SP";"Crescente";"Colisão lateral em sentido contrário";1;0;0;0;0;0;0;1;0;0;2;0;0;0;0
"14/06/2024";"16:12:00";"525";"Com vítima";"484,000";"BR-101/RJ";"Crescente";"Colisão frontal";0;0;0;1;1;0;0;0;0;0;1;0;0;1;1
"14/06/2024";"16:34:00";"541";"Sem vítima";"140,400";"BR-116/SP";"Crescente";"Colisão traseira";2;0;0;0;0;0;0;0;0;0;2;0;0;0;0
"14/06/2024";"16:39:00";"498";"Com vítima";"382,000";"BR-101/RJ";"Decrescente";"Atropelamento de pedestre";1;1;0;0;0;0;0;0;0;0;1;0;0;0;0
"14/06/2024";"17:24:00";"559";"Sem vítima";"168,900";"BR-116/SP";"Crescente";"Colisão traseira";2;0;0;0;0;0;0;0;0;0;4;0;0;0;0
"14/06/2024";"18:31:00";"585";"Com vítima";"386,000";"BR-101/RJ";"Decrescente";"Colisão lateral em sentido contrário";1;0;0;1;0;0;0;0;0;0;1;1;0;1;0
"14/06/2024";"18:41:00";"593";"Sem vítima";"106,500";"BR-116/SP";"Crescente";"Colisão traseira";2;0;0;0;0;0;0;0;0;0;0;0;0;0;0
"14/06/2024";"18:47:00";"596";"Sem vítima";"223,000";"BR-116/SP";"Decrescente";"Colisão traseira";2;0;0;0;0;0;0;0;0;0;3;0;0;0;0
"14/06/2024";"19:03:00";"609";"Sem vítima";"29,900";"BR-116/SP";"Crescente";"Colisão traseira";0;0;0;0;0;0;0;0;0;1;1;0;0;0;0
"14/06/2024";"19:03:00";"610";"Com vítima";"216,000";"BR-116/SP";"Crescente";"Colisão lateral em sentido contrário";0;0;0;1;0;0;0;0;0;0;0;1;1;0;0
"14/06/2024";"20:36:00";"651";"Com vítima";"417,800";"BR-101/RJ";"Crescente";"Colisão frontal";1;0;0;0;0;0;0;0;0;1;0;2;0;0;0
"14/06/2024";"22:20:00";"685";"Com vítima";"155,800";"BR-116/SP";"Decrescente";"Atropelamento de pedestre";1;0;0;1;0;0;0;0;0;0;4;2;0;0;0
"15/06/2024";"00:00:00";"469";"Sem vítima";"390,200";"BR-101/RJ";"Decrescente";"Choque";1;0;0;0;0;0;0;0;0;0;1;0;0;0;0
"15/06/2024";"00:25:00";"38";"Com vítima";"43,000";"BR-101/SP";"Decrescente";"Colisão frontal";2;0;0;0;0;0;0;0;0;0;4;0;2;0;0
"15/06/2024";"00:31:00";"40";"Com vítima";"386,000";"BR-101/RJ";"Decrescente";"Colisão lateral em sentido contrário";0;0;0;1;1;0;0;0;0;0;11;0;1;0;0
"15/06/2024";"00:47:00";"41";"Sem vítima";"107,000";"BR-116/SP";"Decrescente";"Choque";1;0;0;0;0;0;0;0;0;0;1;0;0;0;0
"15/06/2024";"04:59:00";"72";"Com vítima";"173,000";"BR-116/SP";"Decrescente";"Tombamento";0;0;1;0;0;0;0;0;0;0;0;1;0;0;0
"15/06/2024";"05:15:00";"73";"Sem vítima";"219,000";"BR-116/SP";"Crescente";"Colisão lateral em sentido contrário";1;0;0;0;0;0;0;0;0;0;1;0;0;0;0
"15/06/2024";"07:37:00";"141";"Com vítima";"168,000";"BR-116/SP";"Decrescente";"Colisão traseira";1;0;1;0;0;0;0;0;0;0;1;2;0;0;0
"15/06/2024";"07:42:00";"143";"Sem vítima";"106,250";"BR-116/SP";"Decrescente";"Colisão traseira";2;0;0;0;0;0;0;0;0;0;4;0;0;0;0
"15/06/2024";"07:57:00";"159";"Com vítima";"109,500";"BR-116/SP";"Decrescente";"Engavetamento";3;0;0;0;0;0;0;0;0;0;9;0;1;0;0
"15/06/2024";"07:59:00";"163";"Com vítima";"109,300";"BR-116/SP";"Decrescente";"Engavetamento";4;0;0;0;0;0;0;0;0;0;11;1;0;0;0
"15/06/2024";"08:34:00";"178";"Sem vítima";"227,000";"BR-116/SP";"Crescente";"Colisão traseira";2;0;0;0;0;0;0;0;0;0;5;0;0;0;0
"15/06/2024";"08:51:00";"191";"Com vítima";"482,000";"BR-101/RJ";"Decrescente";"Colisão lateral em sentido contrário";2;0;0;0;0;0;0;0;0;0;4;2;1;0;0
"15/06/2024";"09:14:00";"201";"Com vítima";"225,300";"BR-116/SP";"Crescente";"Engavetamento";2;0;0;0;0;0;0;0;0;0;2;1;0;0;0
"15/06/2024";"10:04:00";"227";"Com vítima";"574,000";"BR-101/RJ";"Decrescente";"Colisão lateral em sentido contrário";1;0;0;1;0;0;0;0;0;0;1;1;0;0;0
"15/06/2024";"10:06:00";"229";"Sem vítima";"228,000";"BR-116/SP";"Crescente";"Colisão traseira";2;0;0;0;0;0;0;0;0;0;2;0;0;0;0
"15/06/2024";"10:26:00";"239";"Com vítima";"82,000";"BR-116/SP";"Decrescente";"Colisão lateral em sentido contrário";1;0;1;0;0;0;0;0;0;0;4;1;0;0;0
"15/06/2024";"13:26:00";"319";"Sem vítima";"566,000";"BR-101/RJ";"Decrescente";"Colisão lateral em sentido contrário";1;0;0;1;0;0;0;0;0;0;3;0;0;0;0
"15/06/2024";"14:36:00";"343";"Com vítima";"425,600";"BR-101/RJ";"Decrescente";"Colisão lateral em sentido contrário";2;0;0;0;0;0;0;0;0;0;2;1;0;0;0
"15/06/2024";"16:13:00";"395";"Com vítima";"479,000";"BR-101/RJ";"Crescente";"Colisão lateral em sentido contrário";1;0;0;1;0;0;0;0;0;0;1;0;1;0;0
"15/06/2024";"16:22:00";"399";"Com vítima";"278,500";"BR-116/RJ";"Crescente";"Colisão lateral em sentido contrário";1;0;0;1;0;0;0;0;0;0;1;0;0;1;0
"15/06/2024";"16:39:00";"408";"Sem vítima";"572,000";"BR-101/RJ";"Crescente";"Acidentes de outra natureza";0;1;0;0;0;0;0;0;0;0;0;0;0;0;0
"15/06/2024";"16:44:00";"410";"Com vítima";"221,000";"BR-116/SP";"Crescente";"Colisão traseira";1;0;0;1;0;0;0;0;0;0;3;1;0;0;0
"15/06/2024";"17:41:00";"442";"Sem vítima";"157,000";"BR-116/SP";"Crescente";"Colisão lateral em sentido contrário";1;0;1;0;0;0;0;0;0;0;0;0;0;0;0
"15/06/2024";"17:48:00";"447";"Com vítima";"410,000";"BR-101/RJ";"Decrescente";"Colisão lateral em sentido contrário";1;0;0;1;0;0;0;0;0;0;1;1;1;0;0
"15/06/2024";"18:42:00";"472";"Sem vítima";"215,000";"BR-116/SP";"Crescente";"Choque";1;0;0;0;0;0;0;0;0;0;2;0;0;0;0
"15/06/2024";"19:41:00";"495";"Com vítima";"144,000";"BR-116/SP";"Decrescente";"Acidentes de outra natureza";1;0;0;0;0;0;0;0;0;0;0;2;0;0;0
"15/06/2024";"19:45:00";"496";"Com vítima";"392,000";"BR-101/RJ";"Decrescente";"Engavetamento";2;0;0;0;0;0;0;0;0;0;4;1;0;0;0
"15/06/2024";"19:50:00";"499";"Com vítima";"392,100";"BR-101/RJ";"Decrescente";"Colisão traseira";1;0;0;1;0;0;0;0;0;0;2;0;1;0;0
"15/06/2024";"19:55:00";"500";"Com vítima";"112,150";"BR-116/SP";"Crescente";"Atropelamento de pedestre";3;0;0;0;0;0;0;0;0;0;9;0;0;0;1
"15/06/2024";"20:46:00";"510";"Com vítima";"387,900";"BR-101/RJ";"Crescente";"Colisão traseira";2;0;0;0;0;0;0;0;0;0;1;1;0;0;0
"15/06/2024";"20:56:00";"514";"Sem vítima";"537,000";"BR-101/RJ";"Decrescente";"Choque";1;0;0;0;0;0;0;0;0;0;0;0;0;0;0
"15/06/2024";"23:11:00";"542";"Sem vítima";"537,000";"BR-101/RJ";"Decrescente";"Atropelamento de pedestre";1;0;0;0;0;0;0;0;0;0;4;0;0;0;0
"16/06/2024";"00:13:00";"33";"Com vítima";"167,000";"BR-116/SP";"Decrescente";"Acidentes de outra natureza";0;0;0;1;0;0;0;0;0;0;0;1;0;0;0
"16/06/2024";"00:15:00";"34";"Com vítima";"313,500";"BR-116/RJ";"Crescente";"Choque";1;0;0;0;0;0;0;0;0;0;0;1;0;0;0
"16/06/2024";"02:57:00";"55";"Sem vítima";"123,500";"BR-116/SP";"Decrescente";"Atropelamento de pedestre";1;0;0;0;0;0;0;0;0;0;0;0;0;0;0
"16/06/2024";"03:26:00";"60";"Sem vítima";"102,200";"BR-116/SP";"Decrescente";"Choque";1;0;0;0;0;0;0;0;0;0;1;0;0;0;0
"16/06/2024";"04:00:00";"63";"Sem vítima";"542,000";"BR-101/RJ";"Decrescente";"Choque";1;0;0;0;0;0;0;0;0;0;1;0;0;0;0
"16/06/2024";"06:13:00";"81";"Sem vítima";"386,000";"BR-101/RJ";"Crescente";"Acidentes de outra natureza";1;0;0;0;0;0;0;0;0;0;0;0;0;0;0
"16/06/2024";"11:03:00";"188";"Com vítima";"336,000";"BR-116/RJ";"Decrescente";"Colisão lateral em sentido contrário";1;0;0;0;0;0;0;1;0;0;2;1;0;0;0
"16/06/2024";"11:37:00";"199";"Com vítima";"282,100";"BR-116/RJ";"Crescente";"Choque";1;0;0;0;0;0;0;0;0;0;0;0;2;0;0
"16/06/2024";"11:59:00";"205";"Sem vítima";"264,050";"BR-116/RJ";"Decrescente";"Capotamento";1;0;0;0;0;0;0;0;0;0;2;0;0;0;0
"16/06/2024";"13:13:00";"232";"Sem vítima";"140,800";"BR-116/SP";"Crescente";"Colisão lateral em sentido contrário";2;0;0;0;0;0;0;0;0;0;7;0;0;0;0
"16/06/2024";"13:51:00";"251";"Sem vítima";"140,800";"BR-116/SP";"Crescente";"Colisão traseira";1;0;0;0;0;0;0;0;0;0;1;0;0;0;0
"16/06/2024";"14:13:00";"261";"Com vítima";"219,000";"BR-116/SP";"Decrescente";"Colisão lateral em sentido contrário";2;0;0;1;0;0;0;0;0;0;2;1;1;0;0
"16/06/2024";"14:52:00";"276";"Sem vítima";"269,400";"BR-116/RJ";"Decrescente";"Tombamento";0;0;1;0;0;0;0;0;0;0;1;0;0;0;0
"16/06/2024";"15:12:00";"286";"Sem vítima";"269,400";"BR-116/RJ";"Crescente";"Choque";1;0;0;0;0;0;0;0;0;0;1;0;0;0;0
"16/06/2024";"16:31:00";"334";"Com vítima";"96,700";"BR-116/SP";"Crescente";"Colisão lateral em sentido contrário";0;0;0;1;0;0;0;0;0;0;1;1;0;0;0
"16/06/2024";"16:36:00";"336";"Com vítima";"291,500";"BR-116/RJ";"Decrescente";"Engavetamento";5;0;0;0;0;0;0;0;0;0;14;1;1;0;0
"16/06/2024";"16:45:00";"341";"Sem vítima";"206,600";"BR-116/SP";"Crescente";"Colisão lateral em sentido contrário";1;0;1;0;0;0;0;0;0;0;0;0;0;0;0
"16/06/2024";"17:02:00";"354";"Com vítima";"269,000";"BR-116/RJ";"Decrescente";"Colisão lateral em sentido contrário";0;0;0;1;0;0;0;0;0;0;0;0;1;0;0
"16/06/2024";"17:11:00";"360";"Com vítima";"296,200";"BR-116/RJ";"Decrescente";"Engavetamento";1;0;0;0;1;0;0;0;0;0;37;4;0;0;0
"16/06/2024";"18:11:00";"384";"Com vítima";"267,000";"BR-116/RJ";"Crescente";"Colisão traseira";0;0;0;1;0;0;0;0;0;0;0;1;0;0;0
"16/06/2024";"18:44:00";"397";"Com vítima";"244,000";"BR-116/RJ";"Crescente";"Capotamento";1;0;0;0;0;0;0;0;0;0;0;0;0;1;0
"16/06/2024";"19:34:00";"424";"Com vítima";"49,500";"BR-101/SP";"Crescente";"Colisão lateral em sentido contrário";1;0;0;1;0;0;0;0;0;0;1;2;0;0;0
"16/06/2024";"19:56:00";"433";"Com vítima";"258,000";"BR-116/RJ";"Decrescente";"Acidentes de outra natureza";0;0;0;1;0;0;0;0;0;0;0;0;2;0;0
"16/06/2024";"22:10:00";"471";"Com vítima";"148,000";"BR-116/SP";"Crescente";"Choque";1;0;0;0;0;0;0;0;0;0;0;1;0;0;0
"16/06/2024";"22:52:00";"485";"Com vítima";"225,000";"BR-116/SP";"Decrescente";"Acidentes de outra natureza";1;0;0;0;0;0;0;0;0;0;0;1;0;0;0
"17/06/2024";"03:35:00";"64";"Sem vítima";"16,900";"BR-116/SP";"Crescente";"Choque";1;0;0;0;0;0;0;0;0;0;1;0;0;0;0
"17/06/2024";"03:43:00";"68";"Sem vítima";"115,800";"BR-116/SP";"Crescente";"Colisão traseira";1;0;0;0;1;0;0;0;0;0;36;0;0;0;0
"17/06/2024";"05:39:00";"87";"Com vítima";"223,600";"BR-116/SP";"Decrescente";"Colisão traseira";1;0;0;1;0;0;0;0;0;0;0;1;0;0;0
"17/06/2024";"06:20:00";"116";"Com vítima";"204,900";"BR-116/SP";"Crescente";"Colisão traseira";1;0;0;2;0;0;0;0;0;0;1;2;0;0;0
"17/06/2024";"06:22:00";"119";"Com vítima";"183,000";"BR-116/SP";"Crescente";"Acidentes de outra natureza";0;0;0;1;0;0;0;0;0;0;0;1;0;0;0
"17/06/2024";"07:09:00";"176";"Com vítima";"216,000";"BR-116/SP";"Crescente";"Colisão lateral em sentido contrário";1;0;0;1;0;0;0;0;0;0;0;1;0;0;0
"17/06/2024";"07:38:00";"205";"Com vítima";"386,000";"BR-101/RJ";"Crescente";"Tombamento";0;0;1;0;0;0;0;0;0;0;0;1;0;0;0
"17/06/2024";"09:05:00";"271";"Com vítima";"144,000";"BR-116/SP";"Crescente";"Colisão traseira";2;0;0;0;0;0;0;0;0;0;2;2;0;0;0
"17/06/2024";"09:09:00";"231";"Com vítima";"217,000";"BR-116/SP";"Crescente";"Colisão lateral em sentido contrário";1;0;0;1;0;0;0;0;0;0;1;0;1;0;0
"17/06/2024";"09:32:00";"295";"Com vítima";"143,400";"BR-116/SP";"Crescente";"Engavetamento";1;0;1;0;0;0;0;0;0;0;1;1;0;0;0
"17/06/2024";"09:49:00";"306";"Com vítima";"420,000";"BR-101/RJ";"Decrescente";"Colisão lateral em sentido contrário";1;0;1;0;0;0;0;0;0;0;4;1;0;0;0
"17/06/2024";"11:02:00";"352";"Sem vítima";"140,000";"BR-116/SP";"Crescente";"Colisão lateral em sentido contrário";1;0;0;0;0;0;0;1;0;0;1;0;0;0;0
"17/06/2024";"13:23:00";"422";"Sem vítima";"231,000";"BR-116/SP";"Decrescente";"Colisão lateral em sentido contrário";1;0;0;0;0;0;0;1;0;0;3;0;0;0;0
"17/06/2024";"13:26:00";"425";"Sem vítima";"273,000";"BR-116/RJ";"Decrescente";"Engavetamento";3;0;0;0;0;0;0;0;0;0;6;0;0;0;0
"17/06/2024";"14:05:00";"263";"Com vítima";"211,000";"BR-116/SP";"Crescente";"Colisão traseira";1;0;0;0;0;0;0;0;0;0;0;1;0;0;0
"17/06/2024";"16:11:00";"509";"Sem vítima";"275,100";"BR-116/RJ";"Decrescente";"Engavetamento";1;0;2;0;0;0;0;0;0;0;5;0;0;0;0
"17/06/2024";"17:10:00";"549";"Sem vítima";"284,000";"BR-116/RJ";"Decrescente";"Choque";1;0;0;0;0;0;0;0;0;0;1;0;0;0;0
"17/06/2024";"18:17:00";"574";"Sem vítima";"106,700";"BR-116/SP";"Decrescente";"Colisão traseira";2;0;0;0;0;0;0;0;0;0;2;0;0;0;0
"17/06/2024";"18:50:00";"596";"Com vítima";"487,800";"BR-101/RJ";"Decrescente";"Atropelamento de pedestre";1;0;0;0;0;0;0;0;0;0;3;0;1;0;0
"17/06/2024";"23:32:00";"683";"Sem vítima";"195,100";"BR-116/SP";"Decrescente";"Choque";1;0;0;0;0;0;0;0;0;0;1;0;0;0;0
"18/06/2024";"07:09:00";"146";"Com vítima";"146,000";"BR-116/SP";"Decrescente";"Colisão traseira";0;0;0;1;0;0;0;0;0;0;0;0;1;0;0
"18/06/2024";"07:29:00";"168";"Com vítima";"225,000";"BR-116/SP";"Crescente";"Colisão lateral em sentido contrário";1;0;0;1;0;0;0;0;0;0;2;1;0;0;0
"18/06/2024";"07:43:00";"187";"Sem vítima";"224,800";"BR-116/SP";"Decrescente";"Colisão lateral em sentido contrário";0;0;1;0;0;0;0;0;0;1;20;0;0;0;0
"18/06/2024";"07:50:00";"198";"Sem vítima";"109,100";"BR-116/SP";"Crescente";"Colisão traseira";2;0;0;0;0;0;0;0;0;0;4;0;0;0;0
"18/06/2024";"08:03:00";"211";"Com vítima";"485,000";"BR-101/RJ";"Crescente";"Atropelamento de pedestre";0;0;0;1;0;0;0;0;0;0;0;2;0;0;0
"18/06/2024";"08:18:00";"230";"Sem vítima";"145,000";"BR-116/SP";"Crescente";"Engavetamento";3;0;0;0;0;0;0;0;0;0;3;0;0;0;0
"18/06/2024";"08:36:00";"249";"Sem vítima";"159,700";"BR-116/SP";"Decrescente";"Colisão traseira";1;0;0;0;0;0;0;1;0;0;3;0;0;0;0
"18/06/2024";"08:47:00";"259";"Sem vítima";"116,000";"BR-116/SP";"Crescente";"Acidentes de outra natureza";1;0;0;0;0;0;0;0;0;0;0;0;0;0;0
"18/06/2024";"10:36:00";"360";"Sem vítima";"34,000";"BR-116/SP";"Crescente";"Choque";1;0;0;0;0;0;0;0;0;0;1;0;0;0;0
"18/06/2024";"11:17:00";"382";"Sem vítima";"230,000";"BR-116/SP";"Crescente";"Engavetamento";1;0;0;0;0;0;0;0;0;0;1;0;0;0;0
"18/06/2024";"14:40:00";"509";"Sem vítima";"273,500";"BR-116/RJ";"Decrescente";"Colisão traseira";2;0;0;0;0;0;0;0;0;0;4;0;0;0;0
"18/06/2024";"15:52:00";"550";"Com vítima";"471,500";"BR-101/RJ";"Crescente";"Choque";1;0;0;0;0;0;0;0;0;0;1;2;0;0;0
"18/06/2024";"17:25:00";"591";"Com vítima";"29,000";"BR-116/SP";"Decrescente";"Colisão traseira";1;0;0;0;0;0;0;0;0;0;0;1;0;0;0
"18/06/2024";"19:10:00";"644";"Com vítima";"99,500";"BR-116/SP";"Decrescente";"Acidentes de outra natureza";0;0;0;1;0;0;0;0;0;0;0;1;0;0;0
"19/06/2024";"01:11:00";"42";"Com vítima";"295,000";"BR-116/RJ";"Decrescente";"Tombamento";0;0;0;0;0;0;0;1;0;0;0;0;1;0;0
"19/06/2024";"04:07:00";"65";"Com vítima";"275,300";"BR-116/RJ";"Crescente";"Tombamento";0;0;0;0;0;0;0;1;0;0;0;0;1;0;0
"19/06/2024";"05:36:00";"86";"Com vítima";"161,000";"BR-116/SP";"Crescente";"Acidentes de outra natureza";0;0;0;1;0;0;0;0;0;0;0;1;0;0;0
"19/06/2024";"05:41:00";"87";"Com vítima";"476,000";"BR-101/RJ";"Crescente";"Choque";1;0;0;0;0;0;0;0;0;0;0;1;0;0;0
"19/06/2024";"06:38:00";"106";"Sem vítima";"143,000";"BR-116/SP";"Decrescente";"Engavetamento";2;0;0;0;0;0;0;0;0;0;2;0;0;0;0
"19/06/2024";"06:55:00";"125";"Com vítima";"476,000";"BR-101/RJ";"Decrescente";"Colisão traseira";1;0;0;1;0;0;0;0;0;0;2;1;0;0;0
"19/06/2024";"06:59:00";"132";"Com vítima";"188,100";"BR-116/SP";"Crescente";"Colisão traseira";1;0;1;0;0;0;0;0;0;0;1;1;0;0;0
"19/06/2024";"07:21:00";"159";"Sem vítima";"225,500";"BR-116/SP";"Crescente";"Engavetamento";4;0;0;0;0;0;0;0;0;0;4;0;0;0;0
"19/06/2024";"07:54:00";"195";"Sem vítima";"156,800";"BR-116/SP";"Decrescente";"Colisão traseira";1;0;0;0;0;0;0;0;0;0;1;0;0;0;0
"19/06/2024";"07:55:00";"197";"Sem vítima";"456,000";"BR-101/RJ";"Crescente";"Colisão frontal";2;0;0;0;0;0;0;0;0;0;2;0;0;0;0
"19/06/2024";"08:04:00";"202";"Com vítima";"146,000";"BR-116/SP";"Crescente";"Engavetamento";3;0;0;2;0;0;0;0;0;0;5;3;0;0;0
"19/06/2024";"08:34:00";"231";"Sem vítima";"239,000";"BR-116/RJ";"Crescente";"Choque";0;0;1;0;0;0;0;0;0;0;1;0;0;0;0
"19/06/2024";"09:27:00";"277";"Sem vítima";"275,900";"BR-116/RJ";"Crescente";"Acidentes de outra natureza";1;0;0;0;0;0;0;0;0;0;1;0;0;0;0
"19/06/2024";"09:47:00";"289";"Com vítima";"224,000";"BR-116/SP";"Decrescente";"Colisão lateral em sentido contrário";1;0;0;0;0;0;0;0;0;0;1;1;0;0;0
"19/06/2024";"10:26:00";"318";"Sem vítima";"482,000";"BR-101/RJ";"Crescente";"Choque";0;0;1;0;0;0;0;0;0;0;1;0;0;0;0
"19/06/2024";"11:27:00";"346";"Com vítima";"149,000";"BR-116/SP";"Crescente";"Engavetamento";0;0;3;0;0;0;0;0;0;0;2;1;0;0;0
"19/06/2024";"12:24:00";"384";"Com vítima";"8,000";"BR-116/SP";"Decrescente";"Colisão traseira";2;0;0;0;0;0;0;0;0;0;3;3;0;0;0
"19/06/2024";"13:14:00";"414";"Com vítima";"221,000";"BR-116/SP";"Decrescente";"Acidentes de outra natureza";0;0;0;1;0;0;0;0;0;0;0;1;0;0;0
"19/06/2024";"13:20:00";"415";"Com vítima";"487,000";"BR-101/RJ";"Crescente";"Colisão frontal";2;0;0;0;0;0;0;0;0;0;1;1;0;0;0
"19/06/2024";"14:07:00";"440";"Com vítima";"219,000";"BR-116/SP";"Crescente";"Colisão lateral em sentido contrário";1;0;0;1;0;0;0;0;0;0;1;1;0;0;0
"19/06/2024";"15:36:00";"481";"Sem vítima";"217,000";"BR-116/SP";"Decrescente";"Colisão traseira";2;0;0;0;0;0;0;0;0;0;2;0;0;0;0
"19/06/2024";"16:06:00";"495";"Sem vítima";"452,000";"BR-101/RJ";"Decrescente";"Acidentes de outra natureza";0;0;0;1;0;0;0;0;0;0;1;0;0;0;0
"19/06/2024";"17:22:00";"525";"Com vítima";"161,000";"BR-116/SP";"Decrescente";"Atropelamento de pedestre";1;1;0;0;0;0;0;0;0;0;1;0;0;0;0
"19/06/2024";"17:25:00";"527";"Sem vítima";"154,200";"BR-116/SP";"Crescente";"Colisão traseira";1;0;0;0;0;0;0;0;0;1;2;0;0;0;0
"19/06/2024";"18:13:00";"551";"Com vítima";"230,000";"BR-116/SP";"Crescente";"Colisão lateral em sentido contrário";0;0;0;1;0;0;0;0;0;0;0;1;0;0;0
"19/06/2024";"18:39:00";"571";"Com vítima";"152,600";"BR-116/SP";"Decrescente";"Acidentes de outra natureza";0;0;0;1;0;0;0;0;0;0;1;1;0;0;0
"19/06/2024";"19:31:00";"592";"Com vítima";"485,000";"BR-101/RJ";"Decrescente";"Atropelamento de pedestre";0;1;0;1;0;0;0;0;0;0;0;0;1;0;0
"19/06/2024";"20:19:00";"617";"Sem vítima";"542,000";"BR-101/RJ";"Crescente";"Atropelamento de pedestre";1;0;0;0;0;0;0;0;0;0;2;0;0;0;0
"19/06/2024";"22:09:00";"663";"Com vítima";"149,900";"BR-116/SP";"Decrescente";"Atropelamento de pedestre";1;1;0;0;0;0;0;0;0;0;1;0;0;0;0
"19/06/2024";"22:11:00";"664";"Com vítima";"49,000";"BR-101/SP";"Crescente";"Atropelamento de pedestre";0;1;0;1;0;0;0;0;0;0;0;1;0;0;0
"19/06/2024";"22:34:00";"670";"Com vítima";"146,200";"BR-116/SP";"Crescente";"Colisão traseira";0;0;0;1;0;0;0;0;0;0;0;1;0;0;0
"20/06/2024";"00:00:00";"207";"Sem vítima";"223,000";"BR-116/SP";"Crescente";"Colisão lateral em sentido contrário";2;0;1;0;0;0;0;0;0;0;3;0;0;0;0
"20/06/2024";"04:38:00";"76";"Com vítima";"217,800";"BR-116/SP";"Decrescente";"Colisão lateral em sentido contrário";0;0;1;0;0;0;0;0;0;1;1;0;1;0;0
"20/06/2024";"05:22:00";"88";"Com vítima";"299,000";"BR-116/RJ";"Decrescente";"Colisão traseira";0;0;2;0;0;0;0;0;0;0;1;0;1;0;0