data;horario;n_da_ocorrencia;tipo_de_ocorrencia;km;trecho;sentido;tipo_de_acidente;automovel;bicicleta;caminhao;moto;onibus;outros;tracao_animal;transporte_de_cargas_especiais;trator_maquinas;utilitarios;ilesos;levemente_feridos;moderadamente_feridos;gravemente_feridos;mortos
"20/06/2024";"05:50:00";"96";"Sem vítima";"402,400";"BR-101/RJ";"Crescente";"Atropelamento de pedestre";1;0;0;0;0;0;0;0;0;0;1;0;0;0;0
"20/06/2024";"06:06:00";"98";"Com vítima";"211,600";"BR-116/SP";"Crescente";"Colisão traseira";0;0;0;1;0;0;0;0;0;0;0;1;0;0;0
"20/06/2024";"06:39:00";"114";"Sem vítima";"402,400";"BR-101/RJ";"Crescente";"Atropelamento de pedestre";0;0;1;0;0;0;0;0;0;0;1;0;0;0;0
"20/06/2024";"07:17:00";"137";"Com vítima";"158,000";"BR-116/SP";"Decrescente";"Colisão lateral em sentido contrário";2;0;1;0;0;0;0;0;0;0;1;7;0;0;0
"20/06/2024";"07:47:00";"162";"Sem vítima";"222,000";"BR-116/SP";"Crescente";"Colisão traseira";1;0;0;1;0;0;0;0;0;0;2;0;0;0;0
"20/06/2024";"07:55:00";"170";"Sem vítima";"319,000";"BR-116/RJ";"Decrescente";"Colisão traseira";1;0;1;0;0;0;0;0;0;0;1;0;0;0;0
"20/06/2024";"08:56:00";"237";"Com vítima";"224,500";"BR-116/SP";"Decrescente";"Colisão lateral em sentido contrário";1;0;0;1;0;0;0;0;0;0;0;2;0;0;0
"20/06/2024";"10:37:00";"320";"Com vítima";"224,000";"BR-116/SP";"Crescente";"Colisão traseira";0;0;0;1;0;0;0;0;0;0;0;1;0;0;0
"20/06/2024";"10:48:00";"324";"Com vítima";"229,300";"BR-116/RJ";"Decrescente";"Choque";0;0;0;0;0;0;0;1;0;0;0;1;0;0;0
"20/06/2024";"14:44:00";"442";"Sem vítima";"102,800";"BR-116/SP";"Decrescente";"Colisão traseira";2;0;0;0;0;0;0;0;0;0;2;0;0;0;0
"20/06/2024";"15:03:00";"452";"Sem vítima";"102,000";"BR-116/SP";"Crescente";"Engavetamento";2;0;1;0;0;0;0;0;0;0;7;0;0;0;0
"20/06/2024";"17:50:00";"522";"Com vítima";"403,000";"BR-101/RJ";"Decrescente";"Colisão traseira";2;0;0;0;0;0;0;0;0;0;1;3;0;0;0
"20/06/2024";"19:12:00";"572";"Sem vítima";"154,000";"BR-116/SP";"Crescente";"Colisão lateral em sentido contrário";1;0;1;0;0;0;0;0;0;0;2;0;0;0;0
"20/06/2024";"20:32:00";"608";"Com vítima";"230,000";"BR-116/SP";"Decrescente";"Colisão lateral em sentido contrário";1;0;0;0;0;0;0;0;0;0;0;1;0;0;0
"20/06/2024";"21:05:00";"623";"Com vítima";"386,100";"BR-101/RJ";"Decrescente";"Choque";1;0;0;0;0;0;0;0;0;0;0;1;0;0;0
"20/06/2024";"22:14:00";"646";"Sem vítima";"275,800";"BR-116/RJ";"Crescente";"Colisão lateral em sentido contrário";1;0;1;0;0;0;0;0;0;0;4;0;0;0;0
"20/06/2024";"23:30:00";"672";"Sem vítima";"247,450";"BR-116/RJ";"Decrescente";"Engavetamento";0;0;4;0;0;0;0;0;0;0;4;0;0;0;0
"21/06/2024";"00:00:00";"471";"Com vítima";"580,000";"BR-101/RJ";"Decrescente";"Atropelamento de pedestre";0;1;0;1;0;0;0;0;0;0;0;1;1;0;0
"21/06/2024";"00:41:00";"38";"Sem vítima";"245,800";"BR-116/RJ";"Decrescente";"Engavetamento";5;0;2;0;0;0;0;0;0;0;3;0;0;0;0
"21/06/2024";"05:10:00";"97";"Com vítima";"237,000";"BR-116/RJ";"Decrescente";"Colisão traseira";1;0;1;0;0;0;0;0;0;0;2;1;0;0;0
"21/06/2024";"05:53:00";"114";"Sem vítima";"162,000";"BR-116/SP";"Crescente";"Choque";1;0;0;0;0;0;0;0;0;0;1;0;0;0;0
"21/06/2024";"06:32:00";"139";"Com vítima";"389,000";"BR-101/RJ";"Decrescente";"Acidentes de outra natureza";0;0;0;1;0;0;0;0;0;0;0;1;0;0;0
"21/06/2024";"07:25:00";"191";"Sem vítima";"71,000";"BR-116/SP";"Crescente";"Colisão traseira";1;0;0;0;0;0;0;1;0;0;3;0;0;0;0
"21/06/2024";"07:43:00";"205";"Com vítima";"551,000";"BR-101/RJ";"Decrescente";"Acidentes de outra natureza";0;0;0;1;0;0;0;0;0;0;0;0;1;0;0
"21/06/2024";"08:38:00";"241";"Com vítima";"222,000";"BR-116/SP";"Crescente";"Colisão traseira";0;0;0;1;0;0;0;0;0;0;0;1;0;0;0
"21/06/2024";"08:54:00";"286";"Sem vítima";"146,900";"BR-116/SP";"Crescente";"Engavetamento";2;0;0;0;0;0;0;0;0;0;3;0;0;0;0
"21/06/2024";"11:10:00";"366";"Sem vítima";"314,500";"BR-116/RJ";"Crescente";"Choque";1;0;0;0;0;0;0;0;0;0;1;0;0;0;0
"21/06/2024";"11:32:00";"379";"Sem vítima";"475,000";"BR-101/RJ";"Crescente";"Engavetamento";1;0;1;0;0;0;0;0;0;0;2;0;0;0;0
"21/06/2024";"12:07:00";"397";"Com vítima";"57,000";"BR-116/SP";"Decrescente";"Engavetamento";1;0;0;1;0;0;0;0;0;0;2;0;0;1;0
"21/06/2024";"12:45:00";"410";"Com vítima";"142,000";"BR-116/SP";"Decrescente";"Colisão traseira";2;0;0;0;0;0;0;0;0;0;3;1;0;0;0
"21/06/2024";"14:05:00";"445";"Com vítima";"310,700";"BR-116/RJ";"Crescente";"Atropelamento de pedestre";0;0;1;0;0;0;0;0;0;0;1;0;0;0;1
"21/06/2024";"16:15:00";"502";"Sem vítima";"297,000";"BR-116/RJ";"Crescente";"Colisão traseira";2;0;0;0;0;0;0;0;0;0;3;0;0;0;0
"21/06/2024";"16:43:00";"509";"Com vítima";"155,200";"BR-116/SP";"Decrescente";"Colisão traseira";1;0;0;1;0;0;0;0;0;0;0;1;0;0;0
"21/06/2024";"16:44:00";"512";"Sem vítima";"389,000";"BR-101/RJ";"Decrescente";"Colisão traseira";1;0;0;0;1;0;0;0;0;0;2;0;0;0;0
"21/06/2024";"16:48:00";"514";"Com vítima";"156,300";"BR-116/SP";"Decrescente";"Colisão traseira";1;0;0;1;0;0;0;0;0;0;1;1;0;0;0
"21/06/2024";"17:10:00";"520";"Com vítima";"216,000";"BR-116/SP";"Decrescente";"Engavetamento";4;0;0;0;0;0;0;0;0;0;3;1;0;0;0
"21/06/2024";"17:36:00";"531";"Sem vítima";"306,500";"BR-116/RJ";"Crescente";"Colisão traseira";2;0;0;0;0;0;0;0;0;0;2;0;0;0;0
"21/06/2024";"18:38:00";"559";"Com vítima";"422,000";"BR-101/RJ";"Crescente";"Choque";1;0;0;0;0;0;0;0;0;0;0;2;0;0;0
"21/06/2024";"19:06:00";"576";"Com vítima";"481,000";"BR-101/RJ";"Crescente";"Engavetamento";3;0;0;0;0;0;0;0;0;0;3;1;0;0;0
"21/06/2024";"19:56:00";"598";"Com vítima";"402,000";"BR-101/RJ";"Crescente";"Atropelamento de pedestre";0;1;0;1;0;0;0;0;0;0;1;0;0;0;0
"21/06/2024";"20:06:00";"604";"Sem vítima";"38,200";"BR-101/SP";"Decrescente";"Choque";1;0;0;0;0;0;0;0;0;0;1;0;0;0;0
"21/06/2024";"20:08:00";"605";"Com vítima";"148,000";"BR-116/SP";"Decrescente";"Colisão lateral em sentido contrário";2;0;0;0;0;0;0;0;0;0;3;1;0;0;0
"21/06/2024";"20:40:00";"619";"Com vítima";"230,000";"BR-116/SP";"Decrescente";"Acidentes de outra natureza";0;0;0;1;0;0;0;0;0;0;0;2;0;0;0
"21/06/2024";"21:26:00";"633";"Com vítima";"78,300";"BR-116/SP";"Decrescente";"Colisão traseira";1;0;0;0;0;0;0;1;0;0;1;1;0;0;0
"21/06/2024";"22:26:00";"655";"Sem vítima";"18,250";"BR-101/SP";"Crescente";"Choque";1;0;0;0;0;0;0;0;0;0;0;0;0;0;0
"21/06/2024";"22:31:00";"656";"Com vítima";"57,050";"BR-116/SP";"Decrescente";"Colisão traseira";1;0;0;1;0;0;0;0;0;0;3;0;1;0;0
"22/06/2024";"00:01:00";"31";"Com vítima";"149,000";"BR-116/SP";"Crescente";"Colisão lateral em sentido contrário";1;0;0;1;0;0;0;0;0;0;3;1;0;0;0
"22/06/2024";"01:17:00";"47";"Com vítima";"139,000";"BR-116/SP";"Decrescente";"Atropelamento de pedestre";1;0;0;1;0;0;0;0;0;0;1;0;1;0;0
"22/06/2024";"05:04:00";"69";"Sem vítima";"280,000";"BR-116/RJ";"Crescente";"Capotamento";1;0;0;0;0;0;0;0;0;0;0;0;0;0;0
"22/06/2024";"07:04:00";"111";"Com vítima";"85,000";"BR-116/SP";"Crescente";"Colisão lateral em sentido contrário";1;0;0;1;0;0;0;0;0;0;5;1;0;0;0
"22/06/2024";"07:16:00";"123";"Sem vítima";"232,500";"BR-116/RJ";"Crescente";"Colisão lateral em sentido contrário";2;0;0;0;0;0;0;0;0;0;3;0;0;0;0
"22/06/2024";"08:20:00";"172";"Sem vítima";"428,000";"BR-101/RJ";"Crescente";"Choque";1;0;0;0;0;0;0;0;0;0;1;0;0;0;0
"22/06/2024";"08:30:00";"180";"Com vítima";"135,300";"BR-116/SP";"Decrescente";"Engavetamento";3;0;0;0;0;0;0;0;0;0;9;0;1;0;0
"22/06/2024";"09:23:00";"202";"Com vítima";"201,300";"BR-116/SP";"Decrescente";"Colisão lateral em sentido contrário";1;0;0;0;0;0;0;1;0;0;3;1;0;0;0
"22/06/2024";"09:39:00";"206";"Sem vítima";"172,800";"BR-116/SP";"Crescente";"Capotamento";1;0;0;0;0;0;0;0;0;0;1;0;0;0;0
"22/06/2024";"11:01:00";"245";"Sem vítima";"467,000";"BR-101/RJ";"Crescente";"Choque";1;0;0;0;0;0;0;0;0;0;1;0;0;0;0
"22/06/2024";"11:08:00";"247";"Com vítima";"194,600";"BR-116/SP";"Decrescente";"Choque";1;0;0;0;0;0;0;0;0;0;0;1;0;0;0
"22/06/2024";"12:41:00";"276";"Sem vítima";"145,500";"BR-116/SP";"Decrescente";"Choque";1;0;0;0;0;0;0;0;0;0;0;0;0;0;0
"22/06/2024";"14:42:00";"325";"Com vítima";"381,000";"BR-101/RJ";"Decrescente";"Colisão traseira";1;0;0;1;0;0;0;0;0;0;1;1;0;0;0
"22/06/2024";"15:27:00";"341";"Com vítima";"161,400";"BR-116/SP";"Decrescente";"Choque";1;0;0;0;0;0;0;0;0;0;0;2;0;0;0
"22/06/2024";"16:45:00";"376";"Com vítima";"49,000";"BR-101/SP";"Crescente";"Colisão traseira";2;0;0;2;0;0;0;0;0;0;2;2;0;0;0
"22/06/2024";"17:22:00";"393";"Sem vítima";"173,000";"BR-116/SP";"Crescente";"Colisão lateral em sentido contrário";2;0;0;0;0;0;0;0;0;0;3;0;0;0;0
"22/06/2024";"18:37:00";"418";"Sem vítima";"165,200";"BR-116/SP";"Crescente";"Colisão lateral em sentido contrário";1;0;0;0;1;0;0;0;0;0;46;0;0;0;0
"22/06/2024";"18:47:00";"428";"Com vítima";"111,500";"BR-116/SP";"Crescente";"Colisão lateral em sentido contrário";1;0;1;0;0;0;0;0;0;0;0;1;0;0;0
"22/06/2024";"18:49:00";"429";"Sem vítima";"154,000";"BR-116/SP";"Crescente";"Colisão traseira";2;0;0;0;0;0;0;0;0;0;3;0;0;0;0
"22/06/2024";"18:51:00";"430";"Sem vítima";"145,700";"BR-116/SP";"Crescente";"Engavetamento";5;0;0;0;0;0;0;0;0;0;10;0;0;0;0
"23/06/2024";"03:38:00";"56";"Com vítima";"56,200";"BR-116/SP";"Decrescente";"Engavetamento";2;0;0;0;1;0;0;0;0;0;3;0;0;1;0
"23/06/2024";"04:37:00";"64";"Sem vítima";"300,000";"BR-116/RJ";"Crescente";"Atropelamento de pedestre";0;0;0;0;1;0;0;0;0;0;36;0;0;0;0
"23/06/2024";"05:02:00";"73";"Com vítima";"229,000";"BR-116/SP";"Decrescente";"Choque";1;0;0;0;0;0;0;0;0;0;0;4;0;0;0
"23/06/2024";"05:13:00";"74";"Com vítima";"214,100";"BR-116/SP";"Decrescente";"Choque";1;0;0;0;0;0;0;0;0;0;0;5;0;0;0
"23/06/2024";"07:12:00";"99";"Com vítima";"509,000";"BR-101/RJ";"Crescente";"Choque";1;0;0;0;0;0;0;0;0;0;0;1;0;0;0
"23/06/2024";"07:29:00";"108";"Com vítima";"208,500";"BR-116/SP";"Decrescente";"Acidentes de outra natureza";0;0;0;1;0;0;0;0;0;0;0;1;1;0;0
"23/06/2024";"09:29:00";"164";"Sem vítima";"308,000";"BR-116/RJ";"Decrescente";"Colisão lateral em sentido contrário";2;0;0;0;0;1;0;0;0;0;2;0;0;0;0
"23/06/2024";"13:04:00";"256";"Com vítima";"227,000";"BR-116/SP";"Decrescente";"Colisão lateral em sentido contrário";1;0;0;0;0;0;0;1;0;0;3;3;0;0;0
"23/06/2024";"13:34:00";"271";"Com vítima";"231,000";"BR-116/SP";"Crescente";"Colisão lateral em sentido contrário";0;0;0;1;0;0;0;0;0;0;0;1;0;0;0
"23/06/2024";"14:23:00";"290";"Com vítima";"216,000";"BR-116/SP";"Crescente";"Choque";1;0;0;0;0;0;0;0;0;0;0;5;0;0;0
"23/06/2024";"17:21:00";"383";"Sem vítima";"194,000";"BR-116/SP";"Decrescente";"Capotamento";1;0;0;0;0;0;0;0;0;0;1;0;0;0;0
"23/06/2024";"18:10:00";"411";"Com vítima";"57,900";"BR-116/SP";"Crescente";"Atropelamento de pedestre";0;1;0;1;0;0;0;0;0;0;0;0;0;0;0
"23/06/2024";"18:35:00";"420";"Com vítima";"433,000";"BR-101/RJ";"Decrescente";"Colisão lateral em sentido contrário";2;0;0;0;0;0;0;0;0;0;2;1;0;0;0
"23/06/2024";"18:38:00";"422";"Sem vítima";"402,000";"BR-101/RJ";"Crescente";"Choque";1;0;0;0;0;0;0;0;0;0;2;0;0;0;0
"23/06/2024";"18:45:00";"424";"Sem vítima";"322,000";"BR-116/RJ";"Decrescente";"Choque";1;0;0;0;0;0;0;0;0;0;0;0;0;0;0
"23/06/2024";"21:01:00";"484";"Com vítima";"147,300";"BR-116/SP";"Crescente";"Colisão traseira";1;0;0;1;0;0;0;0;0;0;1;1;0;0;0
"23/06/2024";"23:35:00";"529";"Com vítima";"403,840";"BR-101/RJ";"Decrescente";"Colisão traseira";1;0;0;1;0;0;0;0;0;0;1;0;0;1;1
"23/06/2024";"23:48:00";"534";"Sem vítima";"284,500";"BR-116/RJ";"Crescente";"Choque";2;0;0;0;0;0;0;0;0;0;0;0;0;0;0
"24/06/2024";"00:00:00";"378";"Sem vítima";"123,000";"BR-116/SP";"Decrescente";"Colisão traseira";2;0;0;0;0;0;0;0;0;0;3;0;0;0;0
"24/06/2024";"02:09:00";"50";"Sem vítima";"221,000";"BR-116/SP";"Decrescente";"Colisão traseira";2;0;0;0;0;0;0;0;0;0;2;0;0;0;0
"24/06/2024";"02:16:00";"51";"Sem vítima";"517,000";"BR-101/RJ";"Crescente";"Choque";1;0;0;0;0;0;0;0;0;0;3;0;0;0;0
"24/06/2024";"05:44:00";"79";"Com vítima";"230,000";"BR-116/SP";"Crescente";"Choque";1;0;0;0;0;0;0;0;0;0;0;1;0;0;0
"24/06/2024";"07:22:00";"171";"Com vítima";"219,000";"BR-116/SP";"Crescente";"Colisão lateral em sentido contrário";1;0;0;1;0;0;0;0;0;0;1;0;1;0;0
"24/06/2024";"07:33:00";"180";"Com vítima";"216,960";"BR-116/SP";"Decrescente";"Acidentes de outra natureza";0;0;0;1;0;0;0;0;0;0;0;1;0;0;0
"24/06/2024";"07:53:00";"202";"Com vítima";"96,700";"BR-116/SP";"Crescente";"Acidentes de outra natureza";0;0;0;1;0;0;0;0;0;0;0;2;0;0;0
"24/06/2024";"08:05:00";"212";"Sem vítima";"211,400";"BR-116/SP";"Crescente";"Engavetamento";2;0;0;0;0;0;0;0;0;0;2;0;0;0;0
"24/06/2024";"08:12:00";"222";"Com vítima";"108,500";"BR-116/SP";"Crescente";"Colisão lateral em sentido contrário";1;0;0;1;0;0;0;0;0;0;2;1;0;0;0
"24/06/2024";"08:49:00";"274";"Com vítima";"471,000";"BR-101/RJ";"Decrescente";"Colisão traseira";0;0;1;1;0;0;0;0;0;0;1;1;0;0;0
"24/06/2024";"08:49:00";"275";"Sem vítima";"216,500";"BR-116/SP";"Crescente";"Engavetamento";2;0;0;0;0;0;0;0;0;1;3;0;0;0;0
"24/06/2024";"09:56:00";"331";"Com vítima";"224,500";"BR-116/SP";"Crescente";"Choque";0;0;1;0;0;0;0;0;0;0;0;1;0;0;0
"24/06/2024";"10:40:00";"361";"Sem vítima";"141,500";"BR-116/SP";"Crescente";"Engavetamento";2;0;0;0;0;0;0;0;0;0;0;0;0;0;0
"24/06/2024";"11:12:00";"383";"Sem vítima";"189,200";"BR-116/SP";"Decrescente";"Capotamento";1;0;0;0;0;0;0;0;0;0;1;0;0;0;0
"24/06/2024";"11:55:00";"415";"Com vítima";"103,900";"BR-116/SP";"Decrescente";"Capotamento";1;0;0;0;0;0;0;0;0;0;3;1;0;0;0
"24/06/2024";"12:26:00";"424";"Sem vítima";"64,200";"BR-116/SP";"Decrescente";"Colisão traseira";2;0;0;0;0;0;0;0;0;0;3;0;0;0;0
"24/06/2024";"14:01:00";"473";"Sem vítima";"228,400";"BR-116/RJ";"Crescente";"Engavetamento";0;0;1;0;0;0;0;0;0;1;2;0;0;0;0
"24/06/2024";"16:38:00";"565";"Com vítima";"275,900";"BR-116/RJ";"Crescente";"Colisão traseira";0;0;2;0;0;0;0;0;0;0;1;1;0;0;0
"24/06/2024";"18:58:00";"644";"Sem vítima";"288,000";"BR-116/RJ";"Crescente";"Atropelamento de pedestre";1;0;0;0;0;0;0;0;0;0;0;0;0;0;0
"24/06/2024";"19:14:00";"655";"Sem vítima";"150,000";"BR-116/SP";"Decrescente";"Colisão traseira";2;0;0;0;0;0;0;0;0;0;2;0;0;0;0
"24/06/2024";"19:56:00";"674";"Com vítima";"444,000";"BR-101/RJ";"Crescente";"Acidentes de outra natureza";0;0;0;1;0;0;0;0;0;0;0;0;0;1;0
"24/06/2024";"20:39:00";"702";"Sem vítima";"262,600";"BR-116/RJ";"Crescente";"Colisão lateral em sentido contrário";1;0;0;0;0;0;0;0;0;0;0;0;0;0;0
"24/06/2024";"23:11:00";"751";"Sem vítima";"166,300";"BR-116/SP";"Decrescente";"Choque";1;0;1;0;0;0;0;0;0;0;4;0;0;0;0
"25/06/2024";"02:17:00";"57";"Com vítima";"225,750";"BR-116/SP";"Crescente";"Choque";1;0;0;0;0;0;0;0;0;0;1;2;0;0;0
"25/06/2024";"02:40:00";"64";"Sem vítima";"230,000";"BR-116/SP";"Decrescente";"Colisão lateral em sentido contrário";1;0;0;0;0;0;0;1;0;0;3;0;0;0;0
"25/06/2024";"06:12:00";"113";"Sem vítima";"165,400";"BR-116/SP";"Crescente";"Colisão lateral em sentido contrário";1;0;1;0;0;0;0;0;0;0;2;0;0;0;0
"25/06/2024";"06:14:00";"116";"Com vítima";"88,400";"BR-116/SP";"Decrescente";"Colisão traseira";0;0;0;1;0;0;0;0;0;1;1;0;1;0;0
"25/06/2024";"06:52:00";"122";"Com vítima";"229,300";"BR-116/RJ";"Decrescente";"Tombamento";0;0;1;0;0;0;0;0;0;0;0;1;0;0;0
"25/06/2024";"07:03:00";"153";"Com vítima";"213,000";"BR-116/SP";"Crescente";"Colisão lateral em sentido contrário";0;0;0;1;0;0;0;0;0;0;0;1;0;0;0
"25/06/2024";"08:53:00";"262";"Sem vítima";"575,000";"BR-101/RJ";"Crescente";"Engavetamento";3;0;0;0;0;0;0;0;0;0;2;0;0;0;0
"25/06/2024";"09:07:00";"273";"Com vítima";"114,700";"BR-116/SP";"Decrescente";"Colisão traseira";1;0;0;1;0;0;0;0;0;0;1;0;1;0;0
"25/06/2024";"10:06:00";"322";"Sem vítima";"461,000";"BR-101/RJ";"Decrescente";"Choque";0;0;0;0;1;0;0;0;0;0;1;0;0;0;0
"25/06/2024";"12:54:00";"426";"Sem vítima";"269,000";"BR-116/RJ";"Decrescente";"Choque";1;0;0;0;0;0;0;0;0;0;2;0;0;0;0
"25/06/2024";"13:22:00";"429";"Sem vítima";"315,000";"BR-116/RJ";"Decrescente";"Choque";1;0;0;0;0;0;0;0;0;0;3;0;0;0;0
"25/06/2024";"13:34:00";"433";"Sem vítima";"315,000";"BR-116/RJ";"Decrescente";"Choque";1;0;0;0;0;0;0;0;0;0;1;0;0;0;0
"25/06/2024";"17:09:00";"564";"Sem vítima";"308,900";"BR-116/RJ";"Decrescente";"Colisão traseira";2;0;0;0;0;0;0;0;0;0;3;0;0;0;0
"25/06/2024";"17:57:00";"588";"Sem vítima";"158,300";"BR-116/SP";"Decrescente";"Engavetamento";5;0;2;0;0;0;0;0;0;0;8;0;0;0;0
"25/06/2024";"18:33:00";"613";"Com vítima";"416,800";"BR-101/RJ";"Decrescente";"Acidentes de outra natureza";0;0;0;1;0;0;0;0;0;0;0;1;0;0;0
"25/06/2024";"23:01:00";"707";"Com vítima";"392,100";"BR-101/RJ";"Decrescente";"Atropelamento de pedestre";1;0;0;0;0;0;0;0;0;0;2;0;1;0;0
"25/06/2024";"23:44:00";"715";"Com vítima";"29,900";"BR-116/SP";"Crescente";"Choque";1;0;0;0;0;0;0;0;0;0;0;2;2;0;2
"26/06/2024";"00:00:00";"411";"Sem vítima";"282,700";"BR-116/RJ";"Decrescente";"Choque";1;0;0;0;0;0;0;0;0;0;1;0;0;0;0
"26/06/2024";"01:55:00";"49";"Com vítima";"247,800";"BR-116/RJ";"Decrescente";"Colisão traseira";0;0;1;0;0;0;0;1;0;0;1;1;0;0;0
"26/06/2024";"05:25:00";"75";"Sem vítima";"226,000";"BR-116/SP";"Crescente";"Colisão lateral em sentido contrário";1;0;1;0;0;0;0;0;0;0;3;0;0;0;0
"26/06/2024";"07:03:00";"140";"Com vítima";"227,000";"BR-116/RJ";"Crescente";"Colisão traseira";0;0;2;0;0;0;0;0;0;0;3;1;0;0;0
"26/06/2024";"07:37:00";"180";"Com vítima";"138,800";"BR-116/SP";"Crescente";"Colisão traseira";0;0;0;1;0;0;0;0;0;0;0;1;0;0;0
"26/06/2024";"08:50:00";"244";"Com vítima";"225,000";"BR-116/SP";"Decrescente";"Acidentes de outra natureza";0;0;0;1;0;0;0;0;0;0;0;1;0;0;0
"26/06/2024";"09:15:00";"260";"Sem vítima";"134,100";"BR-116/SP";"Decrescente";"Engavetamento";3;0;0;0;0;0;0;0;0;0;5;0;0;0;0
"26/06/2024";"09:25:00";"272";"Sem vítima";"134,000";"BR-116/SP";"Decrescente";"Engavetamento";4;0;0;0;0;0;0;0;0;0;0;0;0;0;0
"26/06/2024";"09:39:00";"284";"Sem vítima";"274,000";"BR-116/RJ";"Crescente";"Colisão lateral em sentido contrário";0;0;1;0;0;0;0;0;0;0;1;0;0;0;0
"26/06/2024";"10:33:00";"321";"Com vítima";"137,600";"BR-116/SP";"Decrescente";"Colisão lateral em sentido contrário";1;0;0;1;0;0;0;0;0;0;1;0;1;0;0
"26/06/2024";"11:17:00";"339";"Com vítima";"169,000";"BR-116/SP";"Decrescente";"Choque";1;0;0;0;0;0;0;0;0;0;0;1;0;0;0
"26/06/2024";"11:45:00";"357";"Sem vítima";"124,200";"BR-116/SP";"Crescente";"Colisão traseira";2;0;0;0;0;0;0;0;0;0;2;0;0;0;0
"26/06/2024";"12:14:00";"371";"Com vítima";"45,700";"BR-101/SP";"Decrescente";"Colisão lateral em sentido contrário";1;0;0;1;0;0;0;0;0;0;1;1;0;0;0
"26/06/2024";"13:11:00";"409";"Com vítima";"47,600";"BR-101/SP";"Crescente";"Colisão lateral em sentido contrário";0;0;1;1;0;0;0;0;0;0;1;1;0;0;0
"26/06/2024";"15:19:00";"481";"Sem vítima";"222,000";"BR-116/SP";"Crescente";"Engavetamento";3;0;0;0;0;0;0;0;0;0;2;0;0;0;0
"26/06/2024";"16:10:00";"506";"Sem vítima";"155,000";"BR-116/SP";"Decrescente";"Colisão lateral em sentido contrário";1;0;0;0;0;0;0;1;0;0;1;0;0;0;0
"26/06/2024";"16:56:00";"529";"Sem vítima";"155,000";"BR-116/SP";"Crescente";"Colisão traseira";1;0;0;0;0;0;0;1;0;0;2;0;0;0;0
"26/06/2024";"17:46:00";"553";"Sem vítima";"475,500";"BR-101/RJ";"Decrescente";"Colisão lateral em sentido contrário";2;0;0;0;0;0;0;0;0;0;3;0;0;0;0
"27/06/2024";"00:00:00";"712";"Sem vítima";"426,900";"BR-101/RJ";"Decrescente";"Capotamento";1;0;0;0;0;0;0;0;0;0;1;0;0;0;0
"27/06/2024";"03:51:00";"59";"Sem vítima";"151,000";"BR-116/SP";"Decrescente";"Choque";0;0;1;0;0;0;0;0;0;0;1;0;0;0;0
"27/06/2024";"04:10:00";"63";"Com vítima";"193,000";"BR-116/SP";"Decrescente";"Choque";0;0;0;1;0;0;0;0;0;0;0;1;0;0;0
"27/06/2024";"06:53:00";"145";"Com vítima";"140,300";"BR-116/SP";"Crescente";"Colisão lateral em sentido contrário";1;0;0;1;0;0;0;0;0;0;1;1;0;0;0
"27/06/2024";"06:54:00";"146";"Com vítima";"19,400";"BR-116/SP";"Decrescente";"Colisão lateral em sentido contrário";1;0;0;1;0;0;0;0;0;0;2;1;0;0;0
"27/06/2024";"07:04:00";"157";"Sem vítima";"168,600";"BR-116/SP";"Crescente";"Engavetamento";4;0;0;0;0;0;0;0;0;0;10;0;0;0;0
"27/06/2024";"07:13:00";"169";"Com vítima";"222,000";"BR-116/SP";"Crescente";"Colisão lateral em sentido contrário";0;0;0;1;0;0;0;0;0;0;0;0;1;0;0
"27/06/2024";"07:23:00";"185";"Com vítima";"231,800";"BR-116/RJ";"Decrescente";"Tombamento";0;0;0;0;0;0;0;1;0;0;0;1;0;0;0
"27/06/2024";"07:34:00";"196";"Com vítima";"520,000";"BR-101/RJ";"Crescente";"Acidentes de outra natureza";0;0;0;1;0;0;0;0;0;0;0;0;2;0;0
"27/06/2024";"07:41:00";"206";"Com vítima";"143,000";"BR-116/SP";"Decrescente";"Colisão traseira";1;0;0;1;0;0;0;0;0;0;2;1;0;0;0
"27/06/2024";"08:15:00";"238";"Com vítima";"218,200";"BR-116/SP";"Decrescente";"Colisão lateral em sentido contrário";0;0;0;1;0;0;0;0;0;0;0;1;0;0;0
"27/06/2024";"09:15:00";"282";"Sem vítima";"165,200";"BR-116/SP";"Crescente";"Colisão lateral em sentido contrário";1;0;1;0;0;0;0;0;0;0;4;0;0;0;0
"27/06/2024";"09:40:00";"307";"Com vítima";"495,000";"BR-101/RJ";"Decrescente";"Choque";1;0;0;0;0;0;0;0;0;0;3;1;0;0;0
"27/06/2024";"10:06:00";"336";"Sem vítima";"513,000";"BR-101/RJ";"Decrescente";"Choque";1;0;0;0;0;0;0;0;0;0;1;0;0;0;0
"27/06/2024";"10:07:00";"338";"Com vítima";"487,000";"BR-101/RJ";"Decrescente";"Colisão lateral em sentido contrário";2;0;0;0;0;0;0;0;0;0;0;2;0;0;0
"27/06/2024";"11:56:00";"404";"Com vítima";"225,500";"BR-116/SP";"Decrescente";"Colisão lateral em sentido contrário";1;0;1;1;0;0;0;0;0;0;2;1;0;0;0