data;horario;n_da_ocorrencia;tipo_de_ocorrencia;km;trecho;sentido;tipo_de_acidente;automovel;bicicleta;caminhao;moto;onibus;outros;tracao_animal;transporte_de_cargas_especiais;trator_maquinas;utilitarios;ilesos;levemente_feridos;moderadamente_feridos;gravemente_feridos;mortos
"27/06/2024";"13:24:00";"451";"Sem vítima";"151,000";"BR-116/SP";"Decrescente";"Colisão lateral em sentido contrário";1;0;0;0;0;0;0;0;0;0;1;0;0;0;0
"27/06/2024";"14:56:00";"515";"Com vítima";"522,000";"BR-101/RJ";"Crescente";"Colisão frontal";1;0;1;0;0;0;0;0;0;0;0;0;2;1;0
"27/06/2024";"15:19:00";"537";"Com vítima";"432,000";"BR-101/RJ";"Crescente";"Choque";1;0;0;0;0;0;0;0;0;0;0;2;0;0;0
"27/06/2024";"15:20:00";"538";"Com vítima";"161,000";"BR-116/SP";"Crescente";"Acidentes de outra natureza";0;0;0;1;0;0;0;0;0;0;0;1;0;0;0
"27/06/2024";"15:34:00";"545";"Com vítima";"393,000";"BR-101/RJ";"Decrescente";"Choque";1;0;0;0;0;0;0;0;0;0;0;1;0;0;0
"27/06/2024";"15:49:00";"554";"Com vítima";"223,700";"BR-116/SP";"Crescente";"Colisão lateral em sentido contrário";1;0;0;1;0;0;0;0;0;0;1;1;0;0;0
"27/06/2024";"16:07:00";"564";"Sem vítima";"55,000";"BR-116/SP";"Crescente";"Engavetamento";0;0;2;0;0;0;0;0;0;0;2;0;0;0;0
"27/06/2024";"16:48:00";"589";"Sem vítima";"231,000";"BR-116/SP";"Crescente";"Colisão lateral em sentido contrário";1;0;0;0;0;0;0;0;0;0;2;0;0;0;0
"27/06/2024";"17:35:00";"613";"Com vítima";"486,000";"BR-101/RJ";"Crescente";"Colisão traseira";2;0;0;0;0;0;0;0;0;0;2;1;0;0;0
"27/06/2024";"18:00:00";"624";"Com vítima";"47,500";"BR-116/SP";"Crescente";"Atropelamento de pedestre";2;0;1;1;0;0;0;0;0;0;0;0;1;0;0
"27/06/2024";"18:28:00";"636";"Sem vítima";"47,000";"BR-116/SP";"Crescente";"Colisão traseira";2;0;0;0;0;0;0;0;0;0;0;0;0;0;0
"27/06/2024";"18:44:00";"651";"Sem vítima";"209,000";"BR-116/SP";"Decrescente";"Choque";1;0;0;0;0;0;0;0;0;0;1;0;0;0;0
"27/06/2024";"18:54:00";"660";"Sem vítima";"303,300";"BR-116/RJ";"Crescente";"Colisão traseira";0;0;0;0;0;0;0;1;0;0;0;0;0;0;0
"27/06/2024";"18:56:00";"662";"Sem vítima";"250,000";"BR-116/RJ";"Crescente";"Engavetamento";3;0;0;0;0;0;0;0;0;0;5;0;0;0;0
"27/06/2024";"18:58:00";"663";"Com vítima";"45,800";"BR-101/SP";"Crescente";"Colisão lateral em sentido contrário";1;0;0;1;0;0;0;0;0;0;1;2;0;0;0
"27/06/2024";"19:03:00";"665";"Com vítima";"146,000";"BR-116/SP";"Crescente";"Engavetamento";2;0;0;0;0;0;0;0;0;0;5;2;0;1;0
"27/06/2024";"19:55:00";"689";"Sem vítima";"183,000";"BR-116/SP";"Crescente";"Choque";0;0;0;0;0;0;0;0;0;1;1;0;0;0;0
"27/06/2024";"19:55:00";"690";"Com vítima";"5,400";"BR-116/SP";"Crescente";"Choque";1;0;0;0;0;0;0;0;0;0;0;3;0;0;0
"27/06/2024";"23:37:00";"763";"Sem vítima";"500,000";"BR-101/RJ";"Crescente";"Capotamento";1;0;0;0;0;0;0;0;0;0;3;0;0;0;0
"28/06/2024";"00:11:00";"32";"Com vítima";"230,900";"BR-116/RJ";"Decrescente";"Tombamento";0;0;1;0;0;0;0;0;0;0;0;2;0;0;0
"28/06/2024";"00:26:00";"38";"Com vítima";"54,000";"BR-116/SP";"Crescente";"Choque";1;0;0;0;0;0;0;0;0;0;0;1;0;0;0
"28/06/2024";"00:52:00";"47";"Com vítima";"255,000";"BR-116/RJ";"Decrescente";"Acidentes de outra natureza";1;0;0;0;0;0;0;0;0;0;0;0;1;0;0
"28/06/2024";"02:07:00";"65";"Com vítima";"96,000";"BR-116/SP";"Crescente";"Acidentes de outra natureza";0;0;0;0;0;0;0;1;0;0;0;1;0;0;0
"28/06/2024";"04:00:00";"75";"Com vítima";"125,000";"BR-116/SP";"Decrescente";"Atropelamento de pedestre";0;0;0;0;0;0;0;1;0;0;1;0;0;0;1
"28/06/2024";"04:40:00";"89";"Com vítima";"222,000";"BR-116/SP";"Crescente";"Colisão traseira";1;0;1;0;0;0;0;0;0;0;1;1;0;0;0
"28/06/2024";"06:54:00";"159";"Com vítima";"211,000";"BR-116/SP";"Crescente";"Colisão lateral em sentido contrário";2;0;0;1;0;0;0;0;0;0;0;0;1;1;0
"28/06/2024";"07:01:00";"170";"Com vítima";"218,000";"BR-116/SP";"Crescente";"Colisão traseira";2;0;0;0;0;0;0;0;0;0;1;1;0;0;0
"28/06/2024";"07:17:00";"187";"Com vítima";"205,000";"BR-116/SP";"Crescente";"Colisão traseira";0;0;1;0;0;0;0;1;0;0;2;2;0;0;0
"28/06/2024";"09:26:00";"312";"Com vítima";"208,000";"BR-116/SP";"Decrescente";"Colisão lateral em sentido contrário";1;0;0;1;0;0;0;0;0;0;1;1;0;0;0
"28/06/2024";"11:46:00";"403";"Sem vítima";"280,000";"BR-116/RJ";"Decrescente";"Colisão lateral em sentido contrário";1;0;0;0;0;0;0;0;0;0;2;0;0;0;0
"28/06/2024";"12:41:00";"438";"Sem vítima";"391,000";"BR-101/RJ";"Crescente";"Colisão traseira";1;0;0;0;0;0;0;0;0;0;6;0;0;0;0
"28/06/2024";"12:50:00";"442";"Sem vítima";"147,600";"BR-116/SP";"Decrescente";"Colisão traseira";0;0;1;1;0;0;0;0;0;0;2;0;0;0;0
"28/06/2024";"14:12:00";"422";"Com vítima";"60,000";"BR-116/SP";"Crescente";"Capotamento";1;0;0;0;0;0;0;0;0;0;0;1;1;0;0
"28/06/2024";"16:12:00";"545";"Sem vítima";"398,000";"BR-101/RJ";"Crescente";"Choque";0;0;1;0;0;0;0;0;0;0;3;0;0;0;0
"28/06/2024";"16:56:00";"580";"Com vítima";"228,000";"BR-116/SP";"Decrescente";"Colisão traseira";1;0;0;1;0;0;0;0;0;0;1;1;0;0;0
"28/06/2024";"18:45:00";"639";"Sem vítima";"209,000";"BR-116/SP";"Decrescente";"Colisão traseira";1;0;0;0;0;0;0;0;0;1;8;0;0;0;0
"28/06/2024";"18:55:00";"648";"Com vítima";"104,000";"BR-116/SP";"Crescente";"Engavetamento";1;0;0;1;0;0;0;0;0;1;0;2;0;0;0
"28/06/2024";"20:15:00";"687";"Com vítima";"26,000";"BR-116/SP";"Crescente";"Choque";0;0;0;1;0;0;0;0;0;0;0;2;0;0;0
"28/06/2024";"20:18:00";"689";"Com vítima";"388,000";"BR-101/RJ";"Crescente";"Colisão lateral em sentido contrário";1;0;0;0;0;0;0;0;0;1;1;0;1;0;0
"28/06/2024";"20:41:00";"698";"Sem vítima";"26,000";"BR-116/SP";"Crescente";"Choque";1;0;0;0;0;0;0;0;0;0;0;0;0;0;0
"28/06/2024";"20:53:00";"695";"Sem vítima";"68,000";"BR-116/SP";"Crescente";"Colisão lateral em sentido contrário";1;0;1;0;0;0;0;0;0;0;0;0;0;0;0
"28/06/2024";"21:34:00";"720";"Sem vítima";"388,000";"BR-101/RJ";"Crescente";"Colisão lateral em sentido contrário";1;0;1;0;0;0;0;0;0;0;2;0;0;0;0
"28/06/2024";"21:44:00";"726";"Sem vítima";"214,000";"BR-116/SP";"Decrescente";"Colisão lateral em sentido contrário";1;0;0;0;0;0;0;0;0;0;1;0;0;0;0
"28/06/2024";"23:35:00";"758";"Com vítima";"70,000";"BR-116/SP";"Decrescente";"Atropelamento de pedestre";0;0;0;0;0;0;0;0;0;0;0;0;0;1;0
"28/06/2024";"23:51:00";"763";"Com vítima";"159,000";"BR-116/SP";"Decrescente";"Colisão transversal";0;0;1;0;0;0;0;0;0;1;11;2;0;0;0
"29/06/2024";"00:00:00";"82";"Sem vítima";"390,000";"BR-101/RJ";"Crescente";"Tombamento";1;0;0;0;0;0;0;0;0;0;1;0;0;0;0
"29/06/2024";"01:35:00";"53";"Sem vítima";"145,000";"BR-116/SP";"Crescente";"Colisão traseira";2;0;0;0;0;0;0;0;0;0;4;0;0;0;0
"29/06/2024";"02:23:00";"61";"Sem vítima";"72,000";"BR-116/SP";"Decrescente";"Choque";1;0;0;0;0;0;0;0;0;0;0;0;0;0;0
"29/06/2024";"02:56:00";"70";"Sem vítima";"312,000";"BR-116/RJ";"Decrescente";"Choque";1;0;0;0;0;0;0;0;0;0;0;0;0;0;0
"29/06/2024";"04:25:00";"87";"Sem vítima";"563,000";"BR-101/RJ";"Decrescente";"Choque";1;0;0;0;0;0;0;0;0;0;1;0;0;0;0
"29/06/2024";"04:53:00";"91";"Sem vítima";"65,000";"BR-116/SP";"Crescente";"Capotamento";1;0;0;0;0;0;0;0;0;0;1;0;0;0;0
"29/06/2024";"05:35:00";"102";"Com vítima";"263,000";"BR-116/RJ";"Crescente";"Capotamento";1;0;0;0;0;0;0;0;0;0;0;1;0;0;0
"29/06/2024";"06:38:00";"421";"Sem vítima";"74,000";"BR-116/SP";"Decrescente";"Tombamento";0;0;0;0;0;0;0;1;0;0;1;0;0;0;0
"29/06/2024";"07:12:00";"143";"Sem vítima";"120,000";"BR-116/SP";"Decrescente";"Colisão lateral em sentido contrário";1;0;0;0;0;0;0;0;0;0;1;0;0;0;0
"29/06/2024";"07:27:00";"156";"Com vítima";"201,000";"BR-116/SP";"Decrescente";"Colisão traseira";1;0;1;0;0;0;0;0;0;0;3;1;0;0;0
"29/06/2024";"12:40:00";"306";"Com vítima";"89,000";"BR-116/SP";"Crescente";"Acidentes de outra natureza";0;0;0;1;0;0;0;0;0;0;0;0;1;0;0
"29/06/2024";"13:13:00";"321";"Com vítima";"220,000";"BR-116/SP";"Decrescente";"Colisão traseira";1;0;0;1;0;0;0;0;0;0;0;2;0;0;0
"29/06/2024";"13:14:00";"323";"Sem vítima";"202,000";"BR-116/SP";"Decrescente";"Colisão traseira";1;0;0;0;0;0;0;1;0;0;2;0;0;0;0
"29/06/2024";"15:46:00";"395";"Com vítima";"95,000";"BR-116/SP";"Crescente";"Colisão traseira";1;0;0;1;0;0;0;0;0;0;1;1;0;0;0
"29/06/2024";"17:01:00";"432";"Sem vítima";"385,000";"BR-101/RJ";"Decrescente";"Engavetamento";4;0;0;0;0;0;0;0;0;0;4;0;0;0;0
"29/06/2024";"18:02:00";"456";"Sem vítima";"383,000";"BR-101/RJ";"Crescente";"Colisão traseira";1;0;0;0;0;0;0;0;0;0;7;1;0;0;0
"29/06/2024";"18:24:00";"467";"Com vítima";"143,000";"BR-116/SP";"Decrescente";"Choque";0;0;0;0;0;0;0;0;0;1;0;1;0;0;0
"29/06/2024";"18:34:00";"471";"Com vítima";"248,000";"BR-116/RJ";"Crescente";"Atropelamento de pedestre";0;0;0;0;0;0;0;0;0;0;0;0;0;0;1
"29/06/2024";"18:45:00";"477";"Com vítima";"226,000";"BR-116/SP";"Decrescente";"Choque";0;0;0;1;0;0;0;0;0;0;0;1;0;0;0
"29/06/2024";"19:09:00";"490";"Com vítima";"223,000";"BR-116/SP";"Decrescente";"Engavetamento";3;0;0;0;0;0;0;0;0;0;6;1;0;0;0
"29/06/2024";"19:46:00";"503";"Sem vítima";"514,000";"BR-101/RJ";"Crescente";"Choque";1;0;0;0;0;0;0;0;0;0;1;0;0;0;0
"29/06/2024";"19:53:00";"506";"Com vítima";"205,000";"BR-116/SP";"Crescente";"Colisão traseira";2;0;0;0;0;0;0;0;0;0;3;2;0;0;0
"29/06/2024";"20:48:00";"521";"Com vítima";"400,000";"BR-101/RJ";"Crescente";"Atropelamento de pedestre";0;0;0;0;0;0;0;0;0;0;0;0;1;0;0
"29/06/2024";"21:20:00";"532";"Sem vítima";"388,000";"BR-101/RJ";"Decrescente";"Colisão traseira";2;0;0;0;0;0;0;0;0;0;4;0;0;0;0
"29/06/2024";"22:39:00";"553";"Com vítima";"161,000";"BR-116/SP";"Crescente";"Colisão frontal";1;0;0;1;0;0;0;0;0;0;1;1;0;0;0
"30/06/2024";"00:00:00";"179";"Sem vítima";"443,000";"BR-101/RJ";"Decrescente";"Choque";1;0;0;0;0;0;0;0;0;0;4;0;0;0;0
"30/06/2024";"00:00:00";"301";"Sem vítima";"104,000";"BR-116/SP";"Crescente";"Colisão traseira";1;0;0;0;0;0;0;0;0;0;1;0;0;0;0
"30/06/2024";"00:39:00";"39";"Sem vítima";"477,000";"BR-101/RJ";"Crescente";"Choque";1;0;0;0;0;0;0;0;0;0;3;0;0;0;0
"30/06/2024";"06:27:00";"84";"Com vítima";"84,650";"BR-116/SP";"Decrescente";"Atropelamento de pedestre";1;1;0;0;0;0;0;0;0;0;1;0;0;0;0
"30/06/2024";"07:52:00";"111";"Sem vítima";"232,000";"BR-116/RJ";"Decrescente";"Choque";1;0;0;0;0;0;0;0;0;0;5;0;0;0;0
"30/06/2024";"09:22:00";"151";"Sem vítima";"234,000";"BR-116/RJ";"Decrescente";"Colisão traseira";2;0;0;0;0;0;0;0;0;0;9;0;0;0;0
"30/06/2024";"09:42:00";"160";"Com vítima";"86,000";"BR-116/SP";"Crescente";"Colisão lateral em sentido contrário";1;0;0;1;0;0;0;0;0;0;1;0;1;0;0
"30/06/2024";"10:36:00";"184";"Sem vítima";"248,000";"BR-116/RJ";"Crescente";"Choque";1;0;0;0;0;0;0;0;0;0;1;0;0;0;0
"30/06/2024";"11:27:00";"200";"Sem vítima";"232,000";"BR-116/RJ";"Decrescente";"Choque";0;0;1;0;0;0;0;0;0;0;1;0;0;0;0
"30/06/2024";"11:29:00";"201";"Sem vítima";"234,000";"BR-116/RJ";"Decrescente";"Choque";1;0;0;0;0;0;0;0;0;0;2;0;0;0;0
"30/06/2024";"11:39:00";"203";"Sem vítima";"294,000";"BR-116/RJ";"Crescente";"Choque";1;0;0;0;0;0;0;0;0;0;1;0;0;0;0
"30/06/2024";"12:00:00";"213";"Sem vítima";"498,000";"BR-101/RJ";"Decrescente";"Acidentes de outra natureza";0;0;0;1;0;0;0;0;0;0;2;0;0;0;0
"30/06/2024";"12:03:00";"215";"Com vítima";"245,000";"BR-116/RJ";"Decrescente";"Choque";1;0;0;0;0;0;0;0;0;0;4;1;0;0;0
"30/06/2024";"12:06:00";"217";"Com vítima";"26,000";"BR-116/SP";"Crescente";"Choque";1;0;0;0;0;0;0;0;0;0;2;1;0;0;0
"30/06/2024";"12:48:00";"233";"Com vítima";"235,000";"BR-116/RJ";"Decrescente";"Colisão traseira";2;0;0;0;0;0;0;0;0;0;7;1;2;0;0
"30/06/2024";"13:25:00";"242";"Sem vítima";"22,000";"BR-116/SP";"Crescente";"Choque";1;0;0;0;0;0;0;0;0;0;0;0;0;0;0
"30/06/2024";"13:35:00";"243";"Com vítima";"469,000";"BR-101/RJ";"Decrescente";"Acidentes de outra natureza";0;0;0;1;0;0;0;0;0;0;0;1;0;0;0
"30/06/2024";"14:11:00";"255";"Sem vítima";"22,000";"BR-116/SP";"Crescente";"Choque";1;0;0;0;0;0;0;0;0;0;2;0;0;0;0
"30/06/2024";"14:54:00";"270";"Com vítima";"177,000";"BR-116/SP";"Decrescente";"Choque";1;0;0;0;0;0;0;0;0;0;0;1;0;0;0
"30/06/2024";"15:42:00";"289";"Sem vítima";"234,000";"BR-116/RJ";"Crescente";"Choque";1;0;0;0;0;0;0;0;0;0;1;0;0;0;0
"30/06/2024";"15:44:00";"292";"Sem vítima";"278,000";"BR-116/RJ";"Decrescente";"Colisão lateral em sentido contrário";1;0;1;0;0;0;0;0;0;0;4;0;0;0;0
"30/06/2024";"17:03:00";"321";"Sem vítima";"443,000";"BR-101/RJ";"Crescente";"Capotamento";1;0;0;0;0;0;0;0;0;0;1;0;0;0;0
"30/06/2024";"18:03:00";"324";"Com vítima";"307,000";"BR-116/RJ";"Decrescente";"Acidentes de outra natureza";0;0;0;1;0;0;0;0;0;0;0;1;1;0;0
"30/06/2024";"19:25:00";"367";"Sem vítima";"235,000";"BR-116/RJ";"Decrescente";"Choque";1;0;0;0;0;0;0;0;0;0;1;0;0;0;0
"30/06/2024";"19:42:00";"373";"Com vítima";"146,000";"BR-116/SP";"Decrescente";"Acidentes de outra natureza";0;0;0;1;0;0;0;0;0;0;0;0;1;0;0
"30/06/2024";"21:23:00";"406";"Sem vítima";"304,000";"BR-116/RJ";"Decrescente";"Choque";1;0;0;0;0;0;0;0;0;0;2;0;0;0;0
"30/06/2024";"21:26:00";"407";"Sem vítima";"275,000";"BR-116/RJ";"Decrescente";"Colisão lateral em sentido contrário";2;0;0;0;0;0;0;0;0;0;3;0;0;0;0
"30/06/2024";"21:41:00";"412";"Sem vítima";"18,000";"BR-116/SP";"Decrescente";"Choque";1;0;0;0;0;0;0;0;0;0;1;0;0;0;0
"30/06/2024";"23:01:00";"434";"Sem vítima";"231,000";"BR-116/RJ";"Decrescente";"Capotamento";1;0;0;0;0;0;0;0;0;0;1;0;0;0;0
"30/06/2024";"23:17:00";"437";"Com vítima";"149,000";"BR-116/SP";"Decrescente";"Atropelamento de pedestre";1;0;0;0;0;0;0;0;0;0;2;0;2;0;0
"30/06/2024";"23:45:00";"445";"Sem vítima";"447,000";"BR-101/RJ";"Decrescente";"Choque";1;0;0;0;0;0;0;0;0;0;6;0;0;0;0
"01/07/2024";"00:16:00";"34";"Com vítima";"229,000";"BR-116/RJ";"Decrescente";"Colisão traseira";0;0;1;0;0;0;0;1;0;0;1;0;1;0;0
"01/07/2024";"00:19:00";"35";"Com vítima";"383,000";"BR-101/RJ";"Decrescente";"Atropelamento de pedestre";0;0;0;0;1;0;0;0;0;0;1;1;0;0;0
"01/07/2024";"03:00:00";"59";"Com vítima";"113,000";"BR-116/SP";"Decrescente";"Colisão traseira";1;0;0;0;0;0;0;0;0;0;0;1;0;0;0
"01/07/2024";"04:59:00";"76";"Com vítima";"231,000";"BR-116/SP";"Decrescente";"Colisão lateral em sentido contrário";1;0;0;0;0;0;0;0;0;0;8;4;0;0;0
"01/07/2024";"06:59:00";"129";"Com vítima";"210,500";"BR-116/SP";"Decrescente";"Atropelamento de pedestre";0;0;0;0;0;0;0;0;0;0;0;0;0;0;0
"01/07/2024";"07:34:00";"173";"Com vítima";"219,000";"BR-116/SP";"Decrescente";"Colisão lateral em sentido contrário";1;0;0;1;0;0;0;0;0;0;2;2;0;0;0
"01/07/2024";"07:56:00";"196";"Com vítima";"223,000";"BR-116/RJ";"Decrescente";"Colisão traseira";1;0;0;0;0;0;0;0;0;0;1;1;0;0;0
"01/07/2024";"08:11:00";"153";"Com vítima";"210,000";"BR-116/SP";"Crescente";"Colisão traseira";1;0;0;1;0;0;0;0;0;0;1;1;0;0;0
"01/07/2024";"08:22:00";"217";"Com vítima";"211,000";"BR-116/SP";"Crescente";"Colisão traseira";1;0;0;1;0;0;0;0;0;0;1;2;0;0;0
"01/07/2024";"08:32:00";"236";"Sem vítima";"234,000";"BR-116/RJ";"Decrescente";"Colisão traseira";2;0;0;0;0;0;0;0;0;0;4;0;0;0;0
"01/07/2024";"08:45:00";"249";"Sem vítima";"449,000";"BR-101/RJ";"Decrescente";"Choque";1;0;0;0;0;0;0;0;0;0;2;0;0;0;0
"01/07/2024";"11:01:00";"365";"Sem vítima";"228,000";"BR-116/RJ";"Decrescente";"Colisão traseira";1;0;1;0;0;0;0;0;0;0;3;0;0;0;0
"01/07/2024";"11:07:00";"369";"Com vítima";"146,000";"BR-116/SP";"Crescente";"Colisão lateral em sentido contrário";0;0;1;1;0;0;0;0;0;0;1;1;0;0;0
"01/07/2024";"12:04:00";"392";"Sem vítima";"247,000";"BR-116/RJ";"Decrescente";"Colisão lateral em sentido contrário";1;0;0;0;0;0;0;0;0;0;4;0;0;0;0
"01/07/2024";"12:33:00";"402";"Com vítima";"22,000";"BR-116/SP";"Crescente";"Choque";1;0;0;0;0;0;0;0;0;0;3;2;0;0;0
"01/07/2024";"12:51:00";"408";"Com vítima";"231,000";"BR-116/RJ";"Decrescente";"Choque";1;0;1;0;0;0;0;0;0;0;3;3;0;0;0
"01/07/2024";"13:03:00";"412";"Com vítima";"334,000";"BR-116/RJ";"Crescente";"Capotamento";2;0;0;0;0;0;0;0;0;0;3;1;0;0;0
"01/07/2024";"13:09:00";"417";"Sem vítima";"231,000";"BR-116/SP";"Decrescente";"Colisão lateral em sentido contrário";1;0;0;0;0;0;0;1;0;0;8;0;0;0;0
"01/07/2024";"13:28:00";"432";"Sem vítima";"231,000";"BR-116/RJ";"Decrescente";"Choque";1;0;0;0;0;0;0;0;0;0;0;0;0;0;0
"01/07/2024";"13:48:00";"438";"Com vítima";"185,000";"BR-116/SP";"Decrescente";"Colisão traseira";1;0;1;0;0;0;0;0;0;0;2;1;0;0;0
"01/07/2024";"14:11:00";"451";"Com vítima";"224,000";"BR-116/RJ";"Crescente";"Acidentes de outra natureza";1;0;0;0;0;0;0;0;0;0;0;1;1;0;0
"01/07/2024";"14:24:00";"455";"Sem vítima";"441,000";"BR-101/RJ";"Decrescente";"Choque";1;0;0;0;0;0;0;0;0;0;2;0;0;0;0
"01/07/2024";"14:42:00";"464";"Com vítima";"409,000";"BR-101/RJ";"Decrescente";"Acidentes de outra natureza";1;0;0;0;0;0;0;0;0;0;2;6;0;0;0
"01/07/2024";"14:46:00";"466";"Com vítima";"210,000";"BR-116/SP";"Decrescente";"Choque";0;0;0;1;0;0;0;0;0;0;0;1;0;0;0
"01/07/2024";"14:59:00";"472";"Sem vítima";"226,000";"BR-116/RJ";"Decrescente";"Choque";1;0;0;0;0;0;0;0;0;0;1;0;0;0;0
"01/07/2024";"15:04:00";"474";"Com vítima";"433,000";"BR-101/RJ";"Decrescente";"Capotamento";1;0;0;0;0;0;0;0;0;0;0;1;0;0;0
"01/07/2024";"15:53:00";"490";"Sem vítima";"145,000";"BR-116/SP";"Crescente";"Colisão traseira";1;0;0;0;0;0;0;1;0;0;4;0;0;0;0
"01/07/2024";"16:33:00";"503";"Com vítima";"427,000";"BR-101/RJ";"Decrescente";"Choque";1;0;0;0;0;0;0;0;0;0;0;1;0;0;0
"01/07/2024";"17:04:00";"516";"Sem vítima";"233,000";"BR-116/RJ";"Decrescente";"Choque";1;0;0;0;0;0;0;0;0;0;1;0;0;0;0
"01/07/2024";"17:10:00";"523";"Com vítima";"472,000";"BR-101/RJ";"Decrescente";"Colisão traseira";1;0;0;1;0;0;0;0;0;0;0;0;1;0;0
"01/07/2024";"23:26:00";"667";"Sem vítima";"452,000";"BR-101/RJ";"Crescente";"Choque";1;0;0;0;0;0;0;0;0;0;6;0;0;0;0
"01/07/2024";"23:48:00";"672";"Com vítima";"111,000";"BR-116/SP";"Crescente";"Acidentes de outra natureza";0;0;0;1;0;0;0;0;0;0;0;0;1;0;0
"02/07/2024";"04:36:00";"57";"Sem vítima";"221,000";"BR-116/SP";"Decrescente";"Choque";1;0;0;0;0;0;0;0;0;0;3;0;0;0;0
"02/07/2024";"06:21:00";"86";"Com vítima";"218,000";"BR-116/SP";"Crescente";"Colisão lateral em sentido contrário";1;0;0;1;0;0;0;0;0;0;2;2;0;0;0
"02/07/2024";"06:22:00";"87";"Com vítima";"210,000";"BR-116/SP";"Crescente";"Engavetamento";2;0;0;0;0;0;0;0;0;0;2;1;0;0;0
"02/07/2024";"09:10:00";"260";"Sem vítima";"231,000";"BR-116/SP";"Crescente";"Engavetamento";2;0;1;0;0;0;0;0;0;0;6;0;0;0;0
"02/07/2024";"10:48:00";"351";"Com vítima";"383,000";"BR-101/RJ";"Crescente";"Colisão traseira";2;0;0;0;0;0;0;0;0;0;2;6;0;0;0
"02/07/2024";"11:39:00";"398";"Com vítima";"229,000";"BR-116/SP";"Crescente";"Colisão lateral em sentido contrário";1;0;0;1;0;0;0;0;0;0;4;2;0;0;0
"02/07/2024";"12:05:00";"417";"Com vítima";"245,000";"BR-116/RJ";"Decrescente";"Tombamento";0;0;1;0;0;0;0;0;0;0;0;1;0;0;0
"02/07/2024";"13:26:00";"458";"Com vítima";"519,000";"BR-101/RJ";"Decrescente";"Colisão frontal";3;0;0;0;0;0;0;0;0;0;5;0;1;0;0
"02/07/2024";"14:37:00";"488";"Sem vítima";"227,000";"BR-116/SP";"Decrescente";"Colisão lateral em sentido contrário";1;0;1;0;0;0;0;0;0;0;9;0;0;0;0
"02/07/2024";"14:58:00";"495";"Com vítima";"116,000";"BR-116/SP";"Crescente";"Colisão lateral em sentido contrário";0;0;0;1;0;0;0;1;0;0;1;0;1;0;0
"02/07/2024";"15:19:00";"506";"Com vítima";"156,000";"BR-116/SP";"Decrescente";"Acidentes de outra natureza";0;0;0;1;0;0;0;0;0;0;1;1;0;0;0
"02/07/2024";"16:05:00";"522";"Sem vítima";"224,000";"BR-116/SP";"Decrescente";"Colisão lateral em sentido contrário";0;0;0;1;0;0;0;0;0;0;1;0;0;0;0
"02/07/2024";"17:50:00";"567";"Sem vítima";"155,000";"BR-116/SP";"Crescente";"Engavetamento";4;0;0;0;0;0;0;0;0;0;9;0;0;0;0
"03/07/2024";"00:03:00";"35";"Com vítima";"39,000";"BR-116/SP";"Decrescente";"Colisão traseira";1;0;1;0;0;0;0;0;0;0;1;1;0;0;0
"03/07/2024";"00:55:00";"46";"Sem vítima";"320,000";"BR-116/RJ";"Decrescente";"Choque";1;0;0;0;0;1;0;0;0;0;2;0;0;0;0
"03/07/2024";"05:20:00";"83";"Sem vítima";"125,000";"BR-116/SP";"Decrescente";"Colisão lateral em sentido contrário";0;0;1;0;0;0;0;0;0;0;1;0;0;0;0
"03/07/2024";"05:32:00";"90";"Com vítima";"170,100";"BR-116/SP";"Crescente";"Colisão traseira";2;0;0;0;0;0;0;1;0;0;2;0;1;0;0
"03/07/2024";"06:23:00";"114";"Com vítima";"216,000";"BR-116/SP";"Crescente";"Engavetamento";3;0;0;0;0;0;0;0;0;0;6;2;0;0;0
"03/07/2024";"06:30:00";"125";"Sem vítima";"334,000";"BR-116/RJ";"Decrescente";"Choque";0;0;1;0;0;0;0;0;0;0;1;0;0;0;0
"03/07/2024";"06:37:00";"130";"Sem vítima";"108,000";"BR-116/SP";"Decrescente";"Colisão lateral em sentido contrário";0;0;1;0;0;0;0;1;0;0;1;0;0;0;0
"03/07/2024";"06:57:00";"157";"Com vítima";"232,000";"BR-116/RJ";"Decrescente";"Tombamento";0;0;1;0;0;0;0;0;0;0;0;0;1;0;0
"03/07/2024";"09:06:00";"271";"Com vítima";"483,000";"BR-101/RJ";"Decrescente";"Colisão frontal";0;0;0;2;0;0;0;0;0;0;0;2;0;0;0
"03/07/2024";"09:48:00";"309";"Com vítima";"75,000";"BR-116/SP";"Decrescente";"Acidentes de outra natureza";0;0;0;1;0;0;0;0;0;0;0;1;0;0;0
"03/07/2024";"10:55:00";"353";"Sem vítima";"49,000";"BR-101/SP";"Decrescente";"Acidentes de outra natureza";1;0;0;0;0;1;0;0;0;0;4;0;0;0;0
"03/07/2024";"12:06:00";"383";"Com vítima";"404,000";"BR-101/RJ";"Decrescente";"Capotamento";1;0;0;0;0;0;0;0;0;0;1;1;1;0;0
"03/07/2024";"12:12:00";"386";"Com vítima";"219,000";"BR-116/SP";"Crescente";"Colisão lateral em sentido contrário";1;0;0;1;0;0;0;0;0;0;2;0;1;0;0