data;horario;n_da_ocorrencia;tipo_de_ocorrencia;km;trecho;sentido;tipo_de_acidente;automovel;bicicleta;caminhao;moto;onibus;outros;tracao_animal;transporte_de_cargas_especiais;trator_maquinas;utilitarios;ilesos;levemente_feridos;moderadamente_feridos;gravemente_feridos;mortos
"03/07/2024";"12:19:00";"388";"Com vítima";"218,000";"BR-116/SP";"Crescente";"Colisão lateral em sentido contrário";1;0;0;1;0;0;0;0;0;0;2;1;0;0;0
"03/07/2024";"13:30:00";"412";"Com vítima";"218,000";"BR-116/SP";"Crescente";"Colisão lateral em sentido contrário";0;0;0;1;0;0;0;0;0;0;0;2;0;0;0
"03/07/2024";"14:31:00";"445";"Com vítima";"222,000";"BR-116/SP";"Decrescente";"Colisão traseira";0;0;0;1;0;0;0;0;0;1;1;0;1;0;0
"03/07/2024";"15:20:00";"474";"Sem vítima";"108,000";"BR-116/SP";"Crescente";"Colisão traseira";2;0;0;0;0;0;0;0;0;0;2;0;0;0;0
"03/07/2024";"17:15:00";"527";"Sem vítima";"152,000";"BR-116/SP";"Decrescente";"Colisão traseira";1;0;0;0;0;0;0;0;0;0;2;0;0;0;0
"03/07/2024";"17:19:00";"529";"Sem vítima";"237,000";"BR-116/RJ";"Decrescente";"Choque";1;0;0;0;0;0;0;0;0;0;1;0;0;0;0
"03/07/2024";"18:03:00";"547";"Com vítima";"153,000";"BR-116/SP";"Crescente";"Colisão traseira";0;0;0;1;0;0;0;1;0;0;1;1;0;0;0
"03/07/2024";"23:08:00";"665";"Sem vítima";"231,000";"BR-116/SP";"Decrescente";"Choque";2;0;1;0;0;0;0;0;0;0;4;0;0;0;0
"04/07/2024";"05:48:00";"84";"Sem vítima";"117,000";"BR-116/SP";"Decrescente";"Choque";1;0;0;0;0;0;0;0;0;0;3;0;0;0;0
"04/07/2024";"06:38:00";"122";"Sem vítima";"205,000";"BR-116/SP";"Crescente";"Colisão lateral em sentido contrário";1;0;0;0;0;0;0;1;0;0;2;0;0;0;0
"04/07/2024";"07:08:00";"134";"Sem vítima";"48,000";"BR-116/SP";"Decrescente";"Choque";1;0;0;0;0;0;0;0;0;0;2;0;0;0;0
"04/07/2024";"08:52:00";"261";"Com vítima";"225,000";"BR-116/SP";"Crescente";"Colisão lateral em sentido contrário";1;0;0;1;0;0;0;0;0;0;4;2;0;0;0
"04/07/2024";"09:27:00";"288";"Com vítima";"226,000";"BR-116/SP";"Decrescente";"Acidentes de outra natureza";0;0;0;1;0;0;0;0;0;0;0;1;0;0;0
"04/07/2024";"09:51:00";"306";"Sem vítima";"48,000";"BR-101/SP";"Crescente";"Colisão traseira";2;0;0;0;0;0;0;0;0;0;6;0;0;0;0
"04/07/2024";"10:23:00";"323";"Sem vítima";"260,000";"BR-116/RJ";"Decrescente";"Choque";1;0;0;0;0;0;0;0;0;0;2;0;0;0;0
"04/07/2024";"11:10:00";"351";"Com vítima";"222,000";"BR-116/SP";"Decrescente";"Colisão traseira";1;0;0;0;0;0;0;0;0;0;0;2;0;0;0
"04/07/2024";"12:50:00";"398";"Sem vítima";"146,000";"BR-116/SP";"Crescente";"Choque";1;0;0;0;0;0;0;0;0;0;1;0;0;0;0
"04/07/2024";"13:39:00";"427";"Com vítima";"219,000";"BR-116/SP";"Crescente";"Colisão lateral em sentido contrário";0;0;1;1;0;0;0;0;0;0;2;4;0;0;0
"04/07/2024";"15:57:00";"499";"Sem vítima";"289,000";"BR-116/RJ";"Decrescente";"Colisão lateral em sentido contrário";1;0;0;0;1;0;0;0;0;1;30;0;0;0;0
"04/07/2024";"17:15:00";"531";"Com vítima";"47,700";"BR-101/SP";"Crescente";"Atropelamento de pedestre";0;1;0;1;0;0;0;0;0;0;0;0;0;0;0
"04/07/2024";"17:25:00";"536";"Sem vítima";"203,000";"BR-116/SP";"Crescente";"Colisão traseira";1;0;0;0;0;0;0;0;0;1;4;0;0;0;0
"04/07/2024";"18:03:00";"558";"Com vítima";"147,000";"BR-116/SP";"Crescente";"Colisão traseira";1;0;0;1;0;0;0;0;0;0;2;0;1;0;0
"04/07/2024";"18:44:00";"579";"Sem vítima";"157,000";"BR-116/SP";"Crescente";"Colisão traseira";2;0;0;0;0;0;0;0;0;0;3;0;0;0;0
"04/07/2024";"19:14:00";"600";"Com vítima";"147,000";"BR-116/SP";"Decrescente";"Colisão traseira";0;0;0;1;0;0;0;0;0;0;0;0;1;0;0
"04/07/2024";"20:40:00";"643";"Sem vítima";"105,000";"BR-116/SP";"Decrescente";"Colisão lateral em sentido contrário";0;0;0;0;0;0;0;2;0;0;2;0;0;0;0
"04/07/2024";"22:39:00";"676";"Com vítima";"398,000";"BR-101/RJ";"Crescente";"Colisão lateral em sentido contrário";2;0;0;0;0;0;0;0;0;0;8;2;0;0;0
"05/07/2024";"00:00:00";"325";"Sem vítima";"141,000";"BR-116/SP";"Decrescente";"Colisão traseira";2;0;0;0;0;0;0;0;0;0;2;0;0;0;0
"05/07/2024";"00:22:00";"37";"Sem vítima";"140,000";"BR-116/SP";"Crescente";"Choque";0;0;1;0;0;0;0;0;0;0;1;0;0;0;0
"05/07/2024";"00:30:00";"39";"Com vítima";"140,000";"BR-116/SP";"Decrescente";"Choque";0;0;1;0;0;0;0;0;0;0;0;1;0;0;0
"05/07/2024";"03:20:00";"68";"Sem vítima";"91,200";"BR-116/SP";"Crescente";"Atropelamento de pedestre";0;0;1;0;1;0;0;0;0;0;28;0;0;0;0
"05/07/2024";"07:01:00";"162";"Sem vítima";"140,000";"BR-116/SP";"Crescente";"Engavetamento";3;0;0;0;0;0;0;0;0;0;4;0;0;0;0
"05/07/2024";"07:15:00";"178";"Sem vítima";"143,000";"BR-116/SP";"Decrescente";"Engavetamento";2;0;0;0;0;0;0;0;0;0;2;0;0;0;0
"05/07/2024";"07:52:00";"210";"Sem vítima";"227,000";"BR-116/RJ";"Decrescente";"Colisão traseira";0;0;2;0;0;0;0;0;0;0;2;0;0;0;0
"05/07/2024";"08:09:00";"225";"Com vítima";"159,000";"BR-116/SP";"Decrescente";"Colisão lateral em sentido contrário";1;0;0;1;0;0;0;0;0;0;1;1;0;0;0
"05/07/2024";"08:37:00";"253";"Com vítima";"157,000";"BR-116/SP";"Decrescente";"Colisão lateral em sentido contrário";0;0;1;1;0;0;0;0;0;0;0;2;0;0;0
"05/07/2024";"09:18:00";"286";"Com vítima";"135,000";"BR-116/SP";"Crescente";"Engavetamento";4;0;0;0;0;0;0;1;0;0;6;1;0;0;0
"05/07/2024";"11:00:00";"352";"Sem vítima";"238,000";"BR-116/RJ";"Crescente";"Colisão traseira";1;0;1;0;0;0;0;0;0;0;2;0;0;0;0
"05/07/2024";"11:17:00";"360";"Sem vítima";"61,000";"BR-116/SP";"Crescente";"Engavetamento";3;0;0;0;0;0;0;0;0;0;10;0;0;0;0
"05/07/2024";"11:35:00";"343";"Com vítima";"574,000";"BR-101/RJ";"Decrescente";"Colisão traseira";2;0;0;0;0;0;0;0;0;0;4;0;2;0;0
"05/07/2024";"11:40:00";"373";"Sem vítima";"298,000";"BR-116/RJ";"Crescente";"Colisão traseira";1;0;1;0;0;0;0;0;0;0;2;0;0;0;0
"05/07/2024";"12:17:00";"389";"Sem vítima";"148,000";"BR-116/SP";"Decrescente";"Tombamento";0;0;0;0;0;0;0;1;0;0;1;0;0;0;0
"05/07/2024";"12:25:00";"394";"Sem vítima";"274,000";"BR-116/RJ";"Decrescente";"Capotamento";1;0;0;0;0;0;0;0;0;0;1;0;0;0;0
"05/07/2024";"14:48:00";"471";"Com vítima";"112,000";"BR-116/SP";"Decrescente";"Colisão traseira";0;0;2;0;0;0;0;0;0;0;1;1;0;0;0
"05/07/2024";"14:49:00";"472";"Com vítima";"216,000";"BR-116/SP";"Crescente";"Colisão lateral em sentido contrário";1;0;0;1;0;0;0;0;0;0;2;0;4;0;0
"05/07/2024";"14:51:00";"475";"Sem vítima";"504,000";"BR-101/RJ";"Crescente";"Colisão lateral em sentido contrário";1;0;0;1;0;0;0;0;0;0;2;0;0;0;0
"05/07/2024";"16:31:00";"528";"Com vítima";"42,000";"BR-101/SP";"Crescente";"Engavetamento";2;0;0;1;0;0;0;0;0;0;4;2;0;0;0
"05/07/2024";"17:10:00";"548";"Sem vítima";"283,000";"BR-116/RJ";"Decrescente";"Choque";1;0;0;0;0;0;0;0;0;0;0;0;0;0;0
"05/07/2024";"17:36:00";"561";"Sem vítima";"222,000";"BR-116/SP";"Decrescente";"Colisão traseira";1;0;0;0;0;0;0;0;0;0;1;0;0;0;0
"05/07/2024";"18:10:00";"580";"Com vítima";"138,000";"BR-116/SP";"Crescente";"Colisão lateral em sentido contrário";1;0;0;1;0;0;0;0;0;0;1;1;0;0;0
"05/07/2024";"18:39:00";"599";"Com vítima";"205,000";"BR-116/SP";"Crescente";"Engavetamento";3;0;0;0;0;0;0;0;0;0;1;2;0;0;0
"05/07/2024";"18:59:00";"611";"Sem vítima";"400,000";"BR-101/RJ";"Crescente";"Colisão traseira";1;0;0;0;0;0;0;0;0;0;2;0;0;0;0
"05/07/2024";"19:00:00";"612";"Com vítima";"149,000";"BR-116/SP";"Crescente";"Colisão lateral em sentido contrário";1;0;0;1;0;0;0;0;0;0;1;0;1;0;0
"05/07/2024";"19:12:00";"620";"Sem vítima";"428,000";"BR-101/RJ";"Decrescente";"Acidentes de outra natureza";1;0;0;0;0;0;0;0;0;0;4;0;0;0;0
"05/07/2024";"19:29:00";"629";"Com vítima";"409,000";"BR-101/RJ";"Crescente";"Atropelamento de pedestre";0;0;0;0;0;0;0;0;0;0;0;0;0;1;0
"05/07/2024";"21:53:00";"688";"Sem vítima";"150,000";"BR-116/SP";"Decrescente";"Colisão traseira";0;0;1;0;0;0;0;1;0;0;2;0;0;0;0
"05/07/2024";"22:14:00";"686";"Sem vítima";"273,000";"BR-116/RJ";"Crescente";"Tombamento";0;0;1;0;0;0;0;0;0;0;1;0;0;0;0
"05/07/2024";"22:26:00";"700";"Sem vítima";"148,000";"BR-116/SP";"Decrescente";"Engavetamento";3;0;1;0;0;0;0;0;0;0;0;0;0;0;0
"05/07/2024";"22:33:00";"702";"Sem vítima";"230,000";"BR-116/SP";"Crescente";"Engavetamento";3;0;0;0;0;0;0;0;0;0;4;0;0;0;0
"05/07/2024";"23:13:00";"709";"Com vítima";"138,000";"BR-116/SP";"Decrescente";"Choque";0;0;0;1;0;0;0;0;0;0;0;1;0;0;0
"06/07/2024";"00:00:00";"314";"Com vítima";"110,000";"BR-116/SP";"Decrescente";"Colisão lateral em sentido contrário";0;0;0;1;0;0;0;0;0;0;0;1;0;0;0
"06/07/2024";"00:44:00";"44";"Sem vítima";"284,000";"BR-116/RJ";"Decrescente";"Choque";1;0;0;0;0;0;0;0;0;0;1;0;0;0;0
"06/07/2024";"05:47:00";"99";"Sem vítima";"129,000";"BR-116/SP";"Decrescente";"Choque";1;0;0;0;0;0;0;0;0;0;1;0;0;0;0
"06/07/2024";"06:13:00";"113";"Com vítima";"559,000";"BR-101/RJ";"Crescente";"Colisão frontal";1;0;0;1;0;0;0;0;0;0;0;0;0;0;1
"06/07/2024";"06:17:00";"114";"Com vítima";"51,000";"BR-116/SP";"Crescente";"Acidentes de outra natureza";0;0;0;1;0;0;0;0;0;0;0;1;0;0;0
"06/07/2024";"07:37:00";"169";"Com vítima";"103,000";"BR-116/SP";"Decrescente";"Engavetamento";4;0;0;0;0;0;0;0;0;0;10;3;2;0;0
"06/07/2024";"07:43:00";"174";"Sem vítima";"219,000";"BR-116/SP";"Decrescente";"Choque";1;0;0;0;0;0;0;0;0;0;1;0;0;0;0
"06/07/2024";"07:55:00";"182";"Sem vítima";"115,000";"BR-116/SP";"Decrescente";"Engavetamento";3;0;0;0;0;0;0;0;0;0;8;0;0;0;0
"06/07/2024";"07:56:00";"183";"Com vítima";"219,000";"BR-116/SP";"Crescente";"Engavetamento";2;0;0;1;0;0;0;0;0;0;4;2;0;0;0
"06/07/2024";"08:51:00";"204";"Com vítima";"226,000";"BR-116/SP";"Crescente";"Engavetamento";1;0;0;0;0;0;0;1;0;1;2;1;0;0;0
"06/07/2024";"11:25:00";"285";"Com vítima";"111,000";"BR-116/SP";"Decrescente";"Colisão traseira";1;0;0;1;0;0;0;0;0;0;4;0;1;0;0
"06/07/2024";"12:42:00";"325";"Sem vítima";"152,000";"BR-116/SP";"Decrescente";"Colisão traseira";1;0;0;0;0;0;0;0;0;0;1;0;0;0;0
"06/07/2024";"13:23:00";"339";"Com vítima";"228,000";"BR-116/SP";"Crescente";"Colisão traseira";2;0;0;0;0;0;0;0;0;0;2;2;0;0;0
"06/07/2024";"15:32:00";"135";"Com vítima";"252,000";"BR-116/RJ";"Decrescente";"Tombamento";0;0;1;0;0;0;0;0;0;0;1;1;0;0;0
"06/07/2024";"16:56:00";"436";"Sem vítima";"18,000";"BR-116/SP";"Decrescente";"Colisão lateral em sentido contrário";1;0;0;0;0;0;0;0;0;0;3;0;0;0;0
"06/07/2024";"17:38:00";"459";"Com vítima";"306,000";"BR-116/RJ";"Crescente";"Colisão traseira";0;0;0;1;0;0;0;1;0;0;1;0;1;0;0
"06/07/2024";"17:50:00";"462";"Sem vítima";"306,000";"BR-116/RJ";"Crescente";"Colisão traseira";2;0;0;0;0;0;0;0;0;0;3;0;0;0;0
"06/07/2024";"18:35:00";"479";"Sem vítima";"136,000";"BR-116/SP";"Crescente";"Engavetamento";3;0;0;0;0;0;0;0;0;0;7;0;0;0;0
"06/07/2024";"18:38:00";"482";"Com vítima";"306,000";"BR-116/RJ";"Decrescente";"Colisão traseira";2;0;0;0;0;0;0;0;0;0;1;1;0;0;0
"06/07/2024";"20:29:00";"533";"Com vítima";"291,000";"BR-116/RJ";"Decrescente";"Choque";1;0;0;0;0;0;0;0;0;0;0;0;1;0;0
"06/07/2024";"21:21:00";"553";"Sem vítima";"227,000";"BR-116/SP";"Decrescente";"Colisão lateral em sentido contrário";0;0;0;2;0;0;0;0;0;0;4;0;0;0;0
"06/07/2024";"21:46:00";"558";"Sem vítima";"304,000";"BR-116/RJ";"Crescente";"Choque";1;0;0;0;0;0;0;0;0;0;1;0;0;0;0
"06/07/2024";"22:17:00";"564";"Com vítima";"27,000";"BR-116/SP";"Crescente";"Capotamento";1;0;0;0;0;0;0;0;0;0;0;0;1;0;0
"07/07/2024";"00:00:00";"330";"Com vítima";"329,000";"BR-116/RJ";"Decrescente";"Engavetamento";5;0;0;0;0;0;0;0;0;0;5;2;0;0;0
"07/07/2024";"00:10:00";"36";"Com vítima";"16,000";"BR-101/SP";"Crescente";"Colisão lateral em sentido contrário";1;0;0;1;0;0;0;0;0;0;2;2;0;0;0
"07/07/2024";"01:04:00";"43";"Sem vítima";"185,000";"BR-116/SP";"Decrescente";"Choque";1;0;0;0;0;0;0;0;0;0;1;0;0;0;0
"07/07/2024";"02:07:00";"51";"Com vítima";"495,000";"BR-101/RJ";"Decrescente";"Acidentes de outra natureza";0;0;0;1;0;0;0;0;0;0;2;0;0;2;0
"07/07/2024";"06:12:00";"88";"Sem vítima";"535,000";"BR-101/RJ";"Crescente";"Choque";1;0;0;0;0;0;0;0;0;0;6;0;0;0;0
"07/07/2024";"07:38:00";"119";"Sem vítima";"558,000";"BR-101/RJ";"Crescente";"Choque";1;0;0;0;0;0;0;0;0;0;5;0;0;0;0
"07/07/2024";"07:45:00";"121";"Sem vítima";"95,000";"BR-116/SP";"Decrescente";"Colisão traseira";2;0;0;0;0;0;0;0;0;0;7;0;0;0;0
"07/07/2024";"08:15:00";"134";"Com vítima";"152,000";"BR-116/SP";"Decrescente";"Engavetamento";3;0;0;0;0;0;0;0;0;0;10;4;0;0;0
"07/07/2024";"09:14:00";"170";"Com vítima";"143,000";"BR-116/SP";"Decrescente";"Acidentes de outra natureza";0;0;0;1;0;0;0;0;0;0;0;0;0;2;0
"07/07/2024";"10:41:00";"201";"Sem vítima";"158,000";"BR-116/SP";"Decrescente";"Engavetamento";4;0;0;0;0;0;0;0;0;0;9;0;0;0;0
"07/07/2024";"12:20:00";"228";"Com vítima";"94,500";"BR-116/SP";"Crescente";"Acidentes de outra natureza";0;0;0;1;0;0;0;0;0;0;0;1;1;0;0
"07/07/2024";"12:58:00";"246";"Com vítima";"92,000";"BR-116/SP";"Decrescente";"Colisão traseira";2;0;0;0;0;0;0;0;0;0;2;1;0;0;0
"07/07/2024";"15:18:00";"311";"Com vítima";"22,000";"BR-116/SP";"Decrescente";"Engavetamento";2;0;0;0;1;0;0;0;0;0;40;1;0;0;0
"07/07/2024";"15:38:00";"287";"Sem vítima";"49,000";"BR-116/SP";"Decrescente";"Colisão traseira";2;0;0;0;0;0;0;0;0;0;7;0;0;0;0
"07/07/2024";"16:35:00";"349";"Sem vítima";"44,000";"BR-101/SP";"Crescente";"Colisão traseira";2;0;0;0;0;0;0;0;0;0;6;0;0;0;0
"07/07/2024";"16:37:00";"350";"Com vítima";"70,000";"BR-116/SP";"Decrescente";"Choque";1;0;0;0;0;0;0;0;0;0;3;2;0;0;0
"07/07/2024";"17:26:00";"370";"Sem vítima";"444,000";"BR-101/RJ";"Crescente";"Choque";1;0;0;0;0;0;0;0;0;0;2;0;0;0;0
"07/07/2024";"18:00:00";"384";"Com vítima";"476,000";"BR-101/RJ";"Decrescente";"Colisão lateral em sentido contrário";2;0;0;0;0;0;0;0;0;0;2;4;4;0;0
"07/07/2024";"18:25:00";"402";"Com vítima";"409,000";"BR-101/RJ";"Decrescente";"Atropelamento de pedestre";0;0;0;0;0;0;0;0;0;0;0;1;0;0;0
"07/07/2024";"19:27:00";"430";"Sem vítima";"275,000";"BR-116/RJ";"Decrescente";"Choque";1;0;0;0;0;0;0;0;0;0;2;0;0;0;0
"07/07/2024";"19:43:00";"438";"Com vítima";"311,000";"BR-116/RJ";"Crescente";"Colisão transversal";2;0;0;0;0;0;0;0;0;0;1;1;0;0;0
"07/07/2024";"19:56:00";"441";"Sem vítima";"221,000";"BR-116/SP";"Decrescente";"Colisão traseira";1;0;0;0;0;0;0;0;0;0;4;0;0;0;0
"07/07/2024";"20:11:00";"447";"Com vítima";"205,000";"BR-116/SP";"Decrescente";"Colisão traseira";2;0;0;0;0;0;0;0;0;0;2;1;0;0;0
"07/07/2024";"20:35:00";"455";"Sem vítima";"219,000";"BR-116/SP";"Crescente";"Colisão traseira";1;0;0;0;0;0;0;0;0;0;2;0;0;0;0
"07/07/2024";"21:06:00";"477";"Com vítima";"498,000";"BR-101/RJ";"Crescente";"Colisão traseira";2;0;0;0;0;0;0;0;0;0;6;4;0;0;0
"07/07/2024";"21:13:00";"473";"Com vítima";"531,000";"BR-101/RJ";"Crescente";"Colisão lateral em sentido contrário";1;0;1;0;0;0;0;0;0;0;1;1;0;0;0
"07/07/2024";"21:27:00";"480";"Sem vítima";"382,000";"BR-101/RJ";"Decrescente";"Acidentes de outra natureza";1;0;0;0;0;0;0;0;0;0;2;0;0;0;0
"07/07/2024";"23:55:00";"502";"Sem vítima";"574,000";"BR-101/RJ";"Crescente";"Atropelamento de pedestre";1;0;0;0;0;0;0;0;0;0;1;0;0;0;0
"08/07/2024";"01:42:00";"51";"Com vítima";"262,000";"BR-116/RJ";"Decrescente";"Acidentes de outra natureza";0;0;0;1;0;0;0;0;0;0;0;0;1;0;0
"08/07/2024";"01:59:00";"53";"Sem vítima";"149,000";"BR-116/SP";"Crescente";"Colisão lateral em sentido contrário";0;0;0;0;0;0;0;2;0;0;2;0;0;0;0
"08/07/2024";"02:01:00";"54";"Com vítima";"149,000";"BR-116/SP";"Decrescente";"Colisão lateral em sentido contrário";0;0;0;0;0;0;0;1;0;1;1;2;0;0;0
"08/07/2024";"02:05:00";"55";"Sem vítima";"542,000";"BR-101/RJ";"Decrescente";"Choque";1;0;0;0;0;0;0;0;0;0;2;0;0;0;0
"08/07/2024";"03:44:00";"62";"Com vítima";"389,000";"BR-101/RJ";"Decrescente";"Atropelamento de pedestre";0;1;0;1;0;0;0;0;0;0;0;0;1;0;0
"08/07/2024";"05:03:00";"76";"Com vítima";"332,000";"BR-116/RJ";"Decrescente";"Colisão traseira";0;0;1;0;0;0;0;0;0;0;0;0;1;0;0
"08/07/2024";"07:17:00";"148";"Com vítima";"425,000";"BR-101/RJ";"Crescente";"Colisão frontal";2;0;1;0;0;0;0;0;0;0;2;2;2;0;2
"08/07/2024";"09:32:00";"252";"Sem vítima";"93,000";"BR-116/SP";"Decrescente";"Colisão traseira";1;0;0;0;0;0;0;0;0;0;1;0;0;0;0
"08/07/2024";"11:11:00";"317";"Sem vítima";"106,000";"BR-116/SP";"Decrescente";"Colisão lateral em sentido contrário";2;0;0;0;0;0;0;0;0;0;7;0;0;0;0
"08/07/2024";"11:22:00";"323";"Sem vítima";"107,000";"BR-116/SP";"Decrescente";"Engavetamento";3;0;0;0;0;0;0;0;0;0;5;0;0;0;0
"08/07/2024";"12:26:00";"355";"Sem vítima";"478,000";"BR-101/RJ";"Decrescente";"Choque";1;0;0;0;0;0;0;0;0;0;2;0;0;0;0
"08/07/2024";"13:09:00";"387";"Com vítima";"78,000";"BR-116/SP";"Crescente";"Colisão traseira";0;0;0;1;0;0;0;0;0;0;0;1;0;0;0
"08/07/2024";"14:33:00";"429";"Com vítima";"110,000";"BR-116/SP";"Decrescente";"Colisão lateral em sentido contrário";0;0;1;1;0;0;0;0;0;0;1;1;0;0;0
"08/07/2024";"14:35:00";"430";"Com vítima";"220,000";"BR-116/SP";"Decrescente";"Acidentes de outra natureza";0;0;0;1;0;0;0;0;0;0;0;1;0;0;0
"08/07/2024";"18:14:00";"506";"Com vítima";"223,000";"BR-116/SP";"Decrescente";"Acidentes de outra natureza";0;0;0;1;0;0;0;0;0;0;0;2;0;0;0
"08/07/2024";"18:25:00";"509";"Com vítima";"189,000";"BR-116/SP";"Decrescente";"Colisão traseira";1;0;0;1;0;0;0;0;0;0;1;1;0;0;0
"08/07/2024";"18:49:00";"515";"Com vítima";"188,000";"BR-116/SP";"Decrescente";"Engavetamento";1;0;0;2;0;0;0;0;0;0;1;2;0;0;0
"08/07/2024";"18:58:00";"520";"Sem vítima";"208,000";"BR-116/SP";"Decrescente";"Colisão traseira";1;0;0;0;0;0;0;0;0;0;4;0;0;0;0
"08/07/2024";"19:50:00";"533";"Com vítima";"321,000";"BR-116/RJ";"Crescente";"Colisão lateral em sentido contrário";2;0;0;0;0;0;0;0;0;0;3;1;0;0;0
"08/07/2024";"20:03:00";"539";"Com vítima";"199,000";"BR-116/SP";"Decrescente";"Colisão lateral em sentido contrário";3;0;1;0;0;0;0;0;0;0;3;0;0;1;0
"08/07/2024";"20:23:00";"524";"Com vítima";"472,000";"BR-101/RJ";"Crescente";"Colisão frontal";1;0;0;1;0;0;0;0;0;0;2;1;0;0;0
"08/07/2024";"23:23:00";"577";"Com vítima";"115,000";"BR-116/SP";"Decrescente";"Colisão traseira";1;0;0;1;0;0;0;0;0;0;2;1;0;0;0
"08/07/2024";"23:45:00";"581";"Com vítima";"3,000";"BR-116/SP";"Decrescente";"Colisão traseira";0;0;2;0;0;0;0;0;0;0;1;2;1;0;0
"09/07/2024";"03:02:00";"59";"Sem vítima";"59,000";"BR-116/SP";"Decrescente";"Colisão traseira";0;0;1;0;0;0;0;0;0;0;1;0;0;0;0
"09/07/2024";"03:22:00";"63";"Sem vítima";"156,000";"BR-116/SP";"Decrescente";"Capotamento";1;0;0;0;0;0;0;0;0;0;1;0;0;0;0
"09/07/2024";"03:57:00";"69";"Com vítima";"142,000";"BR-116/SP";"Decrescente";"Colisão traseira";1;0;0;0;0;0;0;1;0;0;1;3;1;0;0
"09/07/2024";"06:10:00";"98";"Sem vítima";"217,000";"BR-116/RJ";"Crescente";"Choque";0;0;1;0;0;0;0;0;0;0;1;0;0;0;0
"09/07/2024";"06:26:00";"106";"Com vítima";"66,000";"BR-116/SP";"Decrescente";"Acidentes de outra natureza";0;0;0;1;0;0;0;0;0;0;0;0;1;0;0
"09/07/2024";"07:11:00";"134";"Com vítima";"217,000";"BR-116/SP";"Decrescente";"Choque";1;0;0;0;0;0;0;0;0;0;0;1;0;0;0
"09/07/2024";"07:50:00";"163";"Sem vítima";"186,000";"BR-116/SP";"Crescente";"Choque";1;0;0;0;0;0;0;0;0;0;1;0;0;0;0
"09/07/2024";"08:09:00";"174";"Com vítima";"229,000";"BR-116/RJ";"Decrescente";"Acidentes de outra natureza";0;0;0;1;0;0;0;0;0;0;0;1;0;0;0
"09/07/2024";"08:55:00";"198";"Com vítima";"234,000";"BR-116/RJ";"Decrescente";"Capotamento";1;0;0;0;0;0;0;0;0;0;0;1;0;0;0
"09/07/2024";"09:59:00";"229";"Sem vítima";"130,000";"BR-116/SP";"Crescente";"Choque";1;0;0;0;0;0;0;0;0;0;2;0;0;0;0
"09/07/2024";"10:00:00";"230";"Com vítima";"486,000";"BR-101/RJ";"Decrescente";"Engavetamento";3;0;0;0;0;0;0;0;0;0;3;1;0;0;0
"09/07/2024";"10:39:00";"252";"Sem vítima";"147,000";"BR-116/SP";"Crescente";"Choque";1;0;0;0;0;0;0;0;0;0;1;0;0;0;0
"09/07/2024";"12:24:00";"304";"Sem vítima";"200,000";"BR-116/SP";"Crescente";"Colisão traseira";2;0;0;0;0;0;0;0;0;0;2;0;0;0;0
"09/07/2024";"14:14:00";"347";"Com vítima";"93,000";"BR-116/SP";"Crescente";"Colisão traseira";2;0;0;0;0;0;0;0;0;0;0;5;0;0;0
"09/07/2024";"14:44:00";"356";"Sem vítima";"75,000";"BR-116/SP";"Crescente";"Colisão traseira";2;0;0;0;0;0;0;0;0;0;5;0;0;0;0
"09/07/2024";"15:39:00";"375";"Sem vítima";"211,000";"BR-116/SP";"Decrescente";"Colisão traseira";1;0;0;0;0;0;0;0;0;0;1;0;0;0;0
"09/07/2024";"16:51:00";"411";"Com vítima";"229,000";"BR-116/RJ";"Decrescente";"Acidentes de outra natureza";0;0;0;1;0;0;0;0;0;0;0;1;0;0;0
"09/07/2024";"16:55:00";"413";"Sem vítima";"230,000";"BR-116/RJ";"Decrescente";"Acidentes de outra natureza";0;0;0;1;0;0;0;0;0;0;0;0;0;0;0
"09/07/2024";"17:06:00";"435";"Sem vítima";"68,000";"BR-116/SP";"Crescente";"Colisão lateral em sentido contrário";1;0;1;0;0;0;0;0;0;0;2;0;0;0;0
"09/07/2024";"17:09:00";"422";"Com vítima";"504,000";"BR-101/RJ";"Crescente";"Colisão lateral em sentido contrário";1;0;0;1;0;0;0;0;0;0;2;0;2;0;0
"09/07/2024";"17:31:00";"434";"Sem vítima";"197,000";"BR-116/SP";"Decrescente";"Choque";0;0;0;0;0;0;0;1;0;0;1;0;0;0;0
"09/07/2024";"17:45:00";"439";"Sem vítima";"197,000";"BR-116/SP";"Crescente";"Choque";1;0;0;0;0;0;0;0;0;0;2;0;0;0;0
"09/07/2024";"18:18:00";"455";"Sem vítima";"299,000";"BR-116/RJ";"Crescente";"Colisão traseira";0;0;0;0;0;0;0;0;0;1;1;0;0;0;0
"09/07/2024";"18:43:00";"465";"Sem vítima";"69,000";"BR-116/SP";"Crescente";"Engavetamento";3;0;0;0;0;0;0;0;0;0;7;0;0;0;0
"09/07/2024";"19:04:00";"479";"Sem vítima";"83,000";"BR-116/SP";"Decrescente";"Acidentes de outra natureza";1;0;0;0;0;0;0;0;0;0;1;0;0;0;0