data;horario;n_da_ocorrencia;tipo_de_ocorrencia;km;trecho;sentido;tipo_de_acidente;automovel;bicicleta;caminhao;moto;onibus;outros;tracao_animal;transporte_de_cargas_especiais;trator_maquinas;utilitarios;ilesos;levemente_feridos;moderadamente_feridos;gravemente_feridos;mortos
"09/07/2024";"20:23:00";"502";"Sem vítima";"253,000";"BR-116/RJ";"Decrescente";"Colisão lateral em sentido contrário";1;0;2;0;0;0;0;0;0;0;5;0;0;0;0
"09/07/2024";"22:30:00";"525";"Com vítima";"219,000";"BR-116/SP";"Crescente";"Engavetamento";4;0;0;0;0;0;0;0;0;0;4;1;0;0;0
"09/07/2024";"23:30:00";"536";"Com vítima";"206,000";"BR-116/SP";"Decrescente";"Atropelamento de pedestre";0;0;0;0;0;0;0;0;0;1;2;0;0;0;1
"10/07/2024";"00:00:00";"231";"Com vítima";"117,000";"BR-116/SP";"Decrescente";"Choque";1;0;0;0;0;0;0;0;0;0;0;1;0;0;0
"10/07/2024";"00:07:00";"34";"Com vítima";"17,000";"BR-116/SP";"Crescente";"Choque";1;0;0;0;0;0;0;0;0;0;2;2;0;0;0
"10/07/2024";"01:31:00";"52";"Com vítima";"228,000";"BR-116/RJ";"Decrescente";"Choque";0;0;1;0;0;0;0;0;0;0;0;0;1;0;0
"10/07/2024";"06:45:00";"121";"Sem vítima";"580,000";"BR-101/RJ";"Crescente";"Choque";1;0;0;0;0;0;0;0;0;0;2;0;0;0;0
"10/07/2024";"07:44:00";"169";"Com vítima";"223,000";"BR-116/SP";"Decrescente";"Colisão traseira";0;0;1;1;0;0;0;0;0;0;2;2;0;0;0
"10/07/2024";"08:00:00";"184";"Com vítima";"146,000";"BR-116/SP";"Crescente";"Acidentes de outra natureza";0;0;0;1;0;0;0;0;0;0;0;1;0;0;0
"10/07/2024";"08:19:00";"93";"Sem vítima";"217,000";"BR-116/SP";"Crescente";"Choque";1;0;0;0;0;0;0;0;0;0;1;0;0;0;0
"10/07/2024";"08:27:00";"204";"Com vítima";"219,000";"BR-116/SP";"Crescente";"Acidentes de outra natureza";0;0;0;1;0;0;0;0;0;0;0;2;0;0;0
"10/07/2024";"09:01:00";"243";"Com vítima";"309,000";"BR-116/RJ";"Crescente";"Colisão lateral em sentido contrário";2;0;0;0;0;0;0;0;0;0;2;1;0;0;0
"10/07/2024";"09:29:00";"262";"Sem vítima";"211,000";"BR-116/SP";"Crescente";"Colisão traseira";1;0;0;0;0;0;0;0;0;0;1;0;0;0;0
"10/07/2024";"09:51:00";"272";"Sem vítima";"153,000";"BR-116/SP";"Crescente";"Colisão traseira";2;0;0;0;0;0;0;0;0;0;1;1;0;0;0
"10/07/2024";"09:56:00";"279";"Com vítima";"49,000";"BR-116/SP";"Crescente";"Colisão lateral em sentido contrário";2;0;0;0;0;0;0;0;0;0;8;1;0;0;0
"10/07/2024";"10:29:00";"294";"Sem vítima";"106,000";"BR-116/SP";"Decrescente";"Choque";1;0;0;0;0;0;0;0;0;0;1;0;0;0;0
"10/07/2024";"10:50:00";"309";"Sem vítima";"252,000";"BR-116/RJ";"Decrescente";"Choque";1;0;0;0;0;0;0;0;0;0;1;0;0;0;0
"10/07/2024";"11:28:00";"327";"Com vítima";"228,000";"BR-116/SP";"Crescente";"Colisão traseira";1;0;0;0;0;0;0;0;0;0;0;1;0;0;0
"10/07/2024";"11:40:00";"332";"Com vítima";"219,000";"BR-116/SP";"Decrescente";"Colisão traseira";0;0;1;1;0;0;0;0;0;0;1;1;0;0;0
"10/07/2024";"11:48:00";"333";"Sem vítima";"137,000";"BR-116/SP";"Decrescente";"Colisão traseira";1;0;0;0;0;0;0;0;0;0;4;0;0;0;0
"10/07/2024";"11:50:00";"334";"Sem vítima";"530,000";"BR-101/RJ";"Crescente";"Colisão traseira";1;0;1;0;0;0;0;0;0;0;7;0;0;0;0
"10/07/2024";"13:18:00";"364";"Com vítima";"380,900";"BR-101/RJ";"Crescente";"Colisão traseira";2;0;0;0;0;0;0;0;0;0;4;1;0;0;0
"10/07/2024";"13:35:00";"368";"Sem vítima";"226,000";"BR-116/SP";"Crescente";"Colisão lateral em sentido contrário";1;0;1;0;0;0;0;0;0;0;3;0;0;0;0
"10/07/2024";"17:55:00";"484";"Com vítima";"474,000";"BR-101/RJ";"Crescente";"Colisão lateral em sentido contrário";1;0;0;1;0;0;0;0;0;0;1;0;1;0;0
"10/07/2024";"18:04:00";"492";"Com vítima";"126,000";"BR-116/SP";"Decrescente";"Colisão traseira";1;0;0;1;0;0;0;0;0;0;4;0;2;0;0
"10/07/2024";"18:51:00";"516";"Sem vítima";"148,000";"BR-116/SP";"Decrescente";"Colisão traseira";2;0;0;0;0;0;0;0;0;0;4;0;0;0;0
"10/07/2024";"19:12:00";"526";"Com vítima";"334,000";"BR-116/RJ";"Crescente";"Capotamento";1;0;0;0;0;0;0;0;0;0;0;0;1;0;0
"10/07/2024";"21:36:00";"587";"Com vítima";"401,000";"BR-101/RJ";"Crescente";"Atropelamento de pedestre";1;1;0;0;0;0;0;0;0;0;0;1;0;0;0
"10/07/2024";"22:07:00";"598";"Com vítima";"149,000";"BR-116/SP";"Decrescente";"Atropelamento de pedestre";0;0;0;0;0;0;0;0;0;0;0;0;0;2;0
"10/07/2024";"22:13:00";"600";"Sem vítima";"80,000";"BR-116/SP";"Decrescente";"Capotamento";1;0;0;0;0;0;0;0;0;0;4;0;0;0;0
"10/07/2024";"22:22:00";"606";"Com vítima";"99,000";"BR-116/SP";"Crescente";"Colisão traseira";1;0;0;0;0;0;0;0;0;0;0;1;0;0;0
"10/07/2024";"23:03:00";"613";"Com vítima";"219,000";"BR-116/SP";"Decrescente";"Colisão traseira";0;0;0;1;0;0;0;0;0;0;0;1;0;0;0
"11/07/2024";"00:04:00";"36";"Com vítima";"234,350";"BR-116/RJ";"Crescente";"Tombamento";0;0;0;0;0;0;0;1;0;0;0;0;1;0;0
"11/07/2024";"02:18:00";"60";"Sem vítima";"299,000";"BR-116/RJ";"Decrescente";"Choque";1;0;0;0;0;0;0;0;0;0;1;0;0;0;0
"11/07/2024";"05:29:00";"82";"Com vítima";"51,000";"BR-116/SP";"Decrescente";"Colisão frontal";1;0;0;0;0;0;0;1;0;0;3;3;0;0;0
"11/07/2024";"05:39:00";"88";"Sem vítima";"271,000";"BR-116/RJ";"Crescente";"Choque";1;0;0;0;0;0;0;0;0;0;1;0;0;0;0
"11/07/2024";"06:18:00";"107";"Sem vítima";"264,000";"BR-116/RJ";"Decrescente";"Choque";1;0;0;0;0;0;0;0;0;0;1;0;0;0;0
"11/07/2024";"06:42:00";"127";"Com vítima";"282,000";"BR-116/RJ";"Decrescente";"Colisão lateral em sentido contrário";2;0;0;0;0;0;0;0;0;0;0;6;0;0;0
"11/07/2024";"07:32:00";"192";"Com vítima";"144,000";"BR-116/SP";"Decrescente";"Engavetamento";3;0;0;0;0;0;0;0;0;0;3;1;0;0;0
"11/07/2024";"08:52:00";"270";"Com vítima";"143,000";"BR-116/SP";"Crescente";"Colisão traseira";1;0;0;1;0;0;0;0;0;0;2;2;0;0;0
"11/07/2024";"10:27:00";"365";"Com vítima";"218,000";"BR-116/SP";"Crescente";"Colisão traseira";0;0;0;1;0;0;0;0;0;0;0;0;2;0;0
"11/07/2024";"12:41:00";"465";"Sem vítima";"420,000";"BR-101/RJ";"Decrescente";"Colisão traseira";3;0;0;0;0;0;0;0;0;0;3;0;0;0;0
"11/07/2024";"12:59:00";"473";"Sem vítima";"482,000";"BR-101/RJ";"Crescente";"Colisão lateral em sentido contrário";2;0;0;0;0;0;0;0;0;0;4;0;0;0;0
"11/07/2024";"14:19:00";"521";"Com vítima";"474,000";"BR-101/RJ";"Crescente";"Colisão lateral em sentido contrário";1;0;0;1;0;0;0;0;0;0;4;0;2;0;0
"11/07/2024";"14:59:00";"549";"Sem vítima";"108,000";"BR-116/SP";"Crescente";"Engavetamento";2;0;0;0;0;0;0;0;0;0;10;0;0;0;0
"11/07/2024";"15:57:00";"527";"Sem vítima";"264,000";"BR-116/RJ";"Decrescente";"Colisão traseira";1;0;1;0;0;0;0;0;0;0;2;0;0;0;0
"11/07/2024";"17:01:00";"615";"Sem vítima";"96,000";"BR-116/SP";"Decrescente";"Colisão traseira";1;0;1;0;0;0;0;0;0;0;2;0;0;0;0
"11/07/2024";"17:30:00";"619";"Com vítima";"115,000";"BR-116/SP";"Crescente";"Atropelamento de pedestre";0;0;0;1;0;0;0;1;0;0;1;2;0;0;1
"11/07/2024";"17:36:00";"623";"Com vítima";"50,000";"BR-101/SP";"Decrescente";"Colisão lateral em sentido contrário";1;0;0;1;0;0;0;0;0;0;1;1;0;0;0
"11/07/2024";"17:52:00";"629";"Sem vítima";"206,000";"BR-116/SP";"Crescente";"Colisão traseira";1;0;0;0;0;0;0;1;0;0;2;0;0;0;0
"11/07/2024";"19:47:00";"705";"Com vítima";"219,000";"BR-116/SP";"Crescente";"Colisão traseira";1;0;0;1;0;0;0;0;0;0;2;2;0;0;0
"11/07/2024";"20:48:00";"739";"Com vítima";"201,000";"BR-116/SP";"Decrescente";"Colisão lateral em sentido contrário";1;0;1;0;0;0;0;0;0;0;2;1;0;0;0
"11/07/2024";"20:52:00";"742";"Sem vítima";"229,000";"BR-116/RJ";"Crescente";"Colisão traseira";1;0;1;0;0;0;0;0;0;0;4;0;0;0;0
"11/07/2024";"21:11:00";"751";"Com vítima";"327,000";"BR-116/RJ";"Crescente";"Atropelamento de pedestre";1;1;0;0;0;0;0;0;0;0;1;0;0;0;0
"11/07/2024";"21:41:00";"758";"Sem vítima";"496,000";"BR-101/RJ";"Decrescente";"Choque";1;0;0;0;0;0;0;0;0;0;1;0;0;0;0
"11/07/2024";"21:51:00";"761";"Sem vítima";"117,000";"BR-116/SP";"Decrescente";"Choque";1;0;0;0;0;0;0;0;0;0;0;0;0;0;0
"11/07/2024";"22:11:00";"769";"Sem vítima";"476,000";"BR-101/RJ";"Crescente";"Choque";1;0;0;0;0;0;0;0;0;0;1;0;0;0;0
"11/07/2024";"22:27:00";"778";"Com vítima";"171,000";"BR-116/SP";"Decrescente";"Atropelamento de pedestre";0;0;1;0;0;0;0;0;0;0;2;0;0;0;2
"12/07/2024";"04:47:00";"63";"Com vítima";"219,000";"BR-116/SP";"Crescente";"Choque";0;0;0;1;0;0;0;0;0;0;0;2;0;0;0
"12/07/2024";"05:08:00";"67";"Com vítima";"212,000";"BR-116/SP";"Crescente";"Choque";0;0;0;1;0;0;0;0;0;0;0;0;1;0;0
"12/07/2024";"05:29:00";"74";"Com vítima";"38,000";"BR-116/SP";"Decrescente";"Acidentes de outra natureza";0;0;0;1;0;0;0;0;0;0;0;1;0;0;0
"12/07/2024";"06:13:00";"92";"Com vítima";"427,000";"BR-101/RJ";"Decrescente";"Colisão traseira";2;0;0;0;0;0;0;0;0;0;0;1;0;0;0
"12/07/2024";"06:17:00";"94";"Com vítima";"226,000";"BR-116/SP";"Crescente";"Engavetamento";4;0;0;0;0;0;0;0;0;0;2;3;0;0;0
"12/07/2024";"06:25:00";"102";"Sem vítima";"186,000";"BR-116/SP";"Decrescente";"Choque";1;0;0;0;0;0;0;0;0;0;2;0;0;0;0
"12/07/2024";"06:34:00";"112";"Com vítima";"231,000";"BR-116/SP";"Decrescente";"Colisão traseira";0;0;0;0;0;0;0;0;0;1;0;1;0;0;0
"12/07/2024";"09:12:00";"275";"Sem vítima";"25,000";"BR-101/SP";"Decrescente";"Choque";1;0;0;0;0;0;0;0;0;0;1;0;0;0;0
"12/07/2024";"09:12:00";"276";"Com vítima";"308,000";"BR-116/RJ";"Crescente";"Colisão lateral em sentido contrário";1;0;0;0;0;0;0;0;0;0;1;2;0;0;0
"12/07/2024";"10:32:00";"332";"Com vítima";"215,000";"BR-116/SP";"Crescente";"Capotamento";1;0;0;0;0;0;0;0;0;0;0;0;1;0;0
"12/07/2024";"11:45:00";"377";"Com vítima";"51,000";"BR-116/SP";"Crescente";"Choque";1;0;0;0;0;0;0;0;0;0;2;0;1;0;0
"12/07/2024";"12:25:00";"366";"Sem vítima";"53,000";"BR-116/SP";"Crescente";"Choque";1;0;0;0;0;0;0;0;0;0;2;0;0;0;0
"12/07/2024";"12:40:00";"401";"Sem vítima";"164,000";"BR-116/SP";"Crescente";"Colisão lateral em sentido contrário";1;0;0;0;0;0;0;1;0;0;2;0;0;0;0
"12/07/2024";"13:16:00";"417";"Sem vítima";"27,000";"BR-116/SP";"Crescente";"Tombamento";0;0;0;0;0;0;0;1;0;0;0;0;0;0;0
"12/07/2024";"16:06:00";"507";"Com vítima";"234,000";"BR-116/RJ";"Decrescente";"Choque";1;0;0;0;0;0;0;0;0;0;0;1;0;0;0
"12/07/2024";"16:34:00";"526";"Sem vítima";"279,000";"BR-116/RJ";"Crescente";"Capotamento";1;0;0;0;0;0;0;0;0;0;1;0;0;0;0
"12/07/2024";"17:01:00";"541";"Sem vítima";"154,000";"BR-116/SP";"Crescente";"Colisão lateral em sentido contrário";0;0;1;0;0;0;0;0;0;0;4;0;0;0;0
"12/07/2024";"17:13:00";"548";"Sem vítima";"161,000";"BR-116/SP";"Crescente";"Acidentes de outra natureza";0;0;0;1;0;0;0;0;0;0;1;0;0;0;0
"12/07/2024";"18:01:00";"574";"Sem vítima";"104,000";"BR-116/SP";"Crescente";"Colisão traseira";1;0;0;0;0;0;0;0;0;0;3;0;0;0;0
"12/07/2024";"18:07:00";"577";"Com vítima";"40,000";"BR-101/SP";"Crescente";"Atropelamento de pedestre";0;0;0;1;0;0;0;0;0;0;2;0;1;0;0
"12/07/2024";"19:13:00";"621";"Com vítima";"48,000";"BR-101/SP";"Crescente";"Colisão lateral em sentido contrário";1;0;0;1;0;0;0;0;0;0;1;1;0;0;0
"12/07/2024";"19:50:00";"637";"Sem vítima";"124,000";"BR-116/SP";"Crescente";"Colisão traseira";1;0;1;0;0;0;0;0;0;0;0;0;0;0;0
"12/07/2024";"19:58:00";"641";"Sem vítima";"51,000";"BR-101/SP";"Decrescente";"Colisão traseira";1;0;0;0;0;0;0;0;0;0;1;0;0;0;0
"12/07/2024";"21:22:00";"671";"Com vítima";"185,000";"BR-116/SP";"Crescente";"Choque";1;0;0;0;0;0;0;1;0;0;4;1;0;0;0
"12/07/2024";"22:22:00";"690";"Com vítima";"194,000";"BR-116/SP";"Crescente";"Colisão traseira";2;0;0;0;0;0;0;0;0;0;0;3;0;0;0
"12/07/2024";"23:37:00";"709";"Com vítima";"217,000";"BR-116/SP";"Crescente";"Atropelamento de pedestre";1;0;0;0;0;0;0;0;0;0;1;1;0;0;0
"13/07/2024";"00:00:00";"284";"Com vítima";"229,000";"BR-116/RJ";"Decrescente";"Tombamento";0;0;2;0;0;0;0;0;0;0;2;0;0;1;0
"13/07/2024";"04:43:00";"74";"Com vítima";"219,000";"BR-116/SP";"Crescente";"Choque";1;0;0;0;0;0;0;0;0;0;0;0;2;0;0
"13/07/2024";"04:52:00";"77";"Sem vítima";"499,000";"BR-101/RJ";"Crescente";"Choque";1;0;0;0;0;0;0;0;0;0;2;0;0;0;0
"13/07/2024";"05:34:00";"86";"Sem vítima";"324,000";"BR-116/RJ";"Crescente";"Choque";1;0;0;0;0;0;0;1;0;0;2;0;0;0;0
"13/07/2024";"06:22:00";"100";"Sem vítima";"235,900";"BR-116/RJ";"Crescente";"Colisão lateral em sentido contrário";1;0;1;0;0;0;0;0;0;0;0;0;0;0;0
"13/07/2024";"09:38:00";"213";"Sem vítima";"383,000";"BR-101/RJ";"Crescente";"Colisão lateral em sentido contrário";1;0;0;0;0;0;0;0;0;0;1;0;0;0;0
"13/07/2024";"09:44:00";"215";"Com vítima";"287,000";"BR-116/RJ";"Decrescente";"Engavetamento";3;0;0;1;0;0;0;0;0;0;10;1;0;0;0
"13/07/2024";"09:46:00";"218";"Com vítima";"238,000";"BR-116/RJ";"Decrescente";"Tombamento";0;0;1;0;0;0;0;0;0;0;0;2;0;0;0
"13/07/2024";"10:33:00";"245";"Sem vítima";"159,000";"BR-116/SP";"Decrescente";"Colisão traseira";2;0;0;0;0;0;0;0;0;0;6;0;0;0;0
"13/07/2024";"11:15:00";"263";"Sem vítima";"231,000";"BR-116/RJ";"Decrescente";"Choque";0;0;0;0;0;0;0;1;0;0;1;0;0;0;0
"13/07/2024";"12:18:00";"286";"Sem vítima";"124,000";"BR-116/SP";"Decrescente";"Engavetamento";1;0;1;0;0;0;0;0;0;0;2;0;0;0;0
"13/07/2024";"13:40:00";"314";"Com vítima";"238,000";"BR-116/RJ";"Decrescente";"Colisão lateral em sentido contrário";0;0;1;1;0;0;0;0;0;0;0;1;1;0;0
"13/07/2024";"13:57:00";"325";"Sem vítima";"245,500";"BR-116/RJ";"Decrescente";"Choque";1;0;0;0;0;0;0;0;0;0;2;0;0;0;0
"13/07/2024";"16:19:00";"390";"Sem vítima";"174,200";"BR-116/SP";"Decrescente";"Colisão traseira";2;0;0;0;0;0;0;0;0;0;6;0;0;0;0
"13/07/2024";"16:33:00";"398";"Sem vítima";"145,950";"BR-116/SP";"Decrescente";"Engavetamento";2;0;2;0;0;0;0;0;0;0;5;0;0;0;0
"13/07/2024";"17:16:00";"416";"Sem vítima";"494,000";"BR-101/RJ";"Crescente";"Choque";1;0;0;0;0;0;0;0;0;0;2;0;0;0;0
"13/07/2024";"17:27:00";"423";"Com vítima";"231,000";"BR-116/SP";"Decrescente";"Colisão traseira";1;0;0;1;0;0;0;0;0;0;2;1;0;0;0
"13/07/2024";"19:08:00";"466";"Sem vítima";"394,000";"BR-101/RJ";"Decrescente";"Atropelamento de pedestre";1;0;0;0;0;0;0;0;0;0;1;0;0;0;0
"13/07/2024";"19:55:00";"484";"Com vítima";"307,400";"BR-116/RJ";"Crescente";"Colisão traseira";1;0;1;0;0;0;0;0;0;0;1;1;0;0;0
"13/07/2024";"21:03:00";"500";"Sem vítima";"426,000";"BR-101/RJ";"Decrescente";"Atropelamento de pedestre";1;0;0;0;0;0;0;0;0;0;1;0;0;0;0
"13/07/2024";"21:29:00";"508";"Com vítima";"235,700";"BR-116/RJ";"Decrescente";"Acidentes de outra natureza";1;0;0;0;0;0;0;0;0;0;0;1;0;0;0
"13/07/2024";"22:40:00";"532";"Com vítima";"81,000";"BR-116/SP";"Crescente";"Atropelamento de pedestre";0;0;0;1;0;0;0;0;0;0;0;1;1;0;0
"14/07/2024";"00:59:00";"53";"Com vítima";"223,500";"BR-116/SP";"Decrescente";"Colisão traseira";1;0;0;1;0;0;0;0;0;0;2;0;1;0;0
"14/07/2024";"01:27:00";"58";"Sem vítima";"60,000";"BR-116/SP";"Crescente";"Colisão traseira";2;0;0;0;0;0;0;0;0;0;2;0;0;0;0
"14/07/2024";"01:33:00";"59";"Com vítima";"216,700";"BR-116/SP";"Decrescente";"Choque";1;0;0;0;0;0;0;0;0;0;0;1;0;0;0
"14/07/2024";"03:21:00";"77";"Com vítima";"485,500";"BR-101/RJ";"Crescente";"Acidentes de outra natureza";0;0;0;1;0;0;0;0;0;0;0;2;0;0;0
"14/07/2024";"04:27:00";"83";"Sem vítima";"112,300";"BR-116/SP";"Decrescente";"Choque";1;0;0;0;0;0;0;0;0;0;1;0;0;0;0
"14/07/2024";"04:34:00";"84";"Com vítima";"45,000";"BR-116/SP";"Crescente";"Engavetamento";3;0;0;0;0;0;0;0;0;0;2;2;0;0;0
"14/07/2024";"07:30:00";"121";"Com vítima";"23,000";"BR-101/SP";"Decrescente";"Atropelamento de pedestre";1;1;0;0;0;0;0;0;0;0;1;0;0;0;0
"14/07/2024";"08:18:00";"144";"Com vítima";"122,000";"BR-116/SP";"Decrescente";"Colisão lateral em sentido contrário";1;0;0;1;0;0;0;0;0;0;5;0;1;0;0
"14/07/2024";"08:32:00";"146";"Com vítima";"201,000";"BR-116/SP";"Crescente";"Capotamento";1;0;0;0;0;0;0;0;0;0;0;1;0;0;0
"14/07/2024";"09:21:00";"158";"Sem vítima";"230,000";"BR-116/SP";"Crescente";"Choque";0;0;1;0;0;0;0;0;0;0;2;0;0;0;0
"14/07/2024";"11:24:00";"207";"Sem vítima";"72,000";"BR-116/SP";"Decrescente";"Colisão traseira";0;0;0;0;0;0;0;1;0;0;0;0;0;0;0
"14/07/2024";"13:58:00";"274";"Sem vítima";"264,000";"BR-116/RJ";"Decrescente";"Colisão traseira";2;0;0;0;0;0;0;0;0;0;3;0;0;0;0
"14/07/2024";"14:06:00";"279";"Com vítima";"320,000";"BR-116/RJ";"Decrescente";"Acidentes de outra natureza";0;0;0;1;0;0;0;0;0;0;0;2;0;0;0
"14/07/2024";"14:20:00";"284";"Sem vítima";"155,000";"BR-116/SP";"Crescente";"Colisão traseira";1;0;0;0;0;0;0;0;0;0;3;0;0;0;0
"14/07/2024";"15:40:00";"293";"Com vítima";"213,000";"BR-116/SP";"Decrescente";"Colisão lateral em sentido contrário";3;0;0;0;0;0;0;0;0;0;4;4;0;0;0
"14/07/2024";"16:43:00";"339";"Sem vítima";"69,000";"BR-116/SP";"Crescente";"Colisão traseira";2;0;0;0;0;0;0;0;0;0;4;0;0;0;0
"14/07/2024";"16:45:00";"340";"Com vítima";"227,000";"BR-116/SP";"Crescente";"Choque";0;0;0;1;0;0;0;0;0;0;0;1;0;0;0
"14/07/2024";"16:53:00";"347";"Sem vítima";"88,000";"BR-116/SP";"Decrescente";"Colisão traseira";2;0;0;0;0;0;0;0;0;0;4;0;0;0;0
"14/07/2024";"18:07:00";"387";"Com vítima";"142,800";"BR-116/SP";"Decrescente";"Choque";0;0;0;1;0;0;0;0;0;0;0;1;0;0;0
"14/07/2024";"19:32:00";"420";"Sem vítima";"113,000";"BR-116/SP";"Crescente";"Engavetamento";2;0;0;0;0;0;0;0;0;0;0;0;0;0;0
"14/07/2024";"19:41:00";"427";"Com vítima";"213,500";"BR-116/SP";"Crescente";"Colisão lateral em sentido contrário";2;0;0;0;0;0;0;0;0;0;5;2;0;0;0
"14/07/2024";"19:49:00";"433";"Sem vítima";"125,000";"BR-116/SP";"Crescente";"Choque";1;0;0;0;0;0;0;0;0;0;1;0;0;0;0
"14/07/2024";"21:39:00";"477";"Com vítima";"216,300";"BR-116/SP";"Decrescente";"Atropelamento de pedestre";0;0;0;0;0;0;0;0;0;0;0;0;0;0;1
"14/07/2024";"21:56:00";"487";"Com vítima";"282,100";"BR-116/RJ";"Decrescente";"Colisão frontal";2;0;0;0;0;0;0;0;0;0;1;1;0;0;0
"14/07/2024";"22:22:00";"495";"Sem vítima";"500,800";"BR-101/RJ";"Decrescente";"Choque";1;0;0;0;0;0;0;0;0;0;4;0;0;0;0
"14/07/2024";"23:02:00";"503";"Sem vítima";"179,400";"BR-116/SP";"Crescente";"Choque";1;0;0;0;0;0;0;0;0;0;1;0;0;0;0
"14/07/2024";"23:07:00";"506";"Com vítima";"216,400";"BR-116/SP";"Decrescente";"Colisão traseira";1;0;0;0;0;0;0;0;0;1;5;4;0;0;0
"14/07/2024";"23:24:00";"514";"Sem vítima";"208,000";"BR-116/SP";"Decrescente";"Choque";1;0;0;0;0;0;0;0;0;0;1;0;0;0;0
"15/07/2024";"00:00:00";"143";"Sem vítima";"139,000";"BR-116/SP";"Crescente";"Engavetamento";3;0;0;0;0;0;0;0;0;0;3;0;0;0;0
"15/07/2024";"00:25:00";"34";"Sem vítima";"208,000";"BR-116/SP";"Decrescente";"Choque";2;0;0;0;0;0;0;0;0;0;3;0;0;0;0
"15/07/2024";"00:25:00";"35";"Sem vítima";"208,850";"BR-116/SP";"Decrescente";"Choque";1;0;0;0;0;0;0;0;0;0;2;0;0;0;0
"15/07/2024";"02:51:00";"48";"Sem vítima";"525,500";"BR-101/RJ";"Decrescente";"Choque";1;0;0;0;0;0;0;0;0;0;1;0;0;0;0
"15/07/2024";"03:46:00";"55";"Sem vítima";"322,000";"BR-116/RJ";"Crescente";"Colisão traseira";1;0;1;0;0;0;0;0;0;0;6;0;0;0;0
"15/07/2024";"06:11:00";"86";"Sem vítima";"90,000";"BR-116/SP";"Decrescente";"Tombamento";0;0;1;0;0;0;0;0;0;0;1;0;0;0;0
"15/07/2024";"09:24:00";"250";"Com vítima";"157,000";"BR-116/SP";"Decrescente";"Engavetamento";3;0;0;0;0;0;0;0;0;0;2;2;0;0;0
"15/07/2024";"10:10:00";"275";"Com vítima";"500,000";"BR-101/RJ";"Crescente";"Colisão lateral em sentido contrário";1;0;0;1;0;0;0;0;0;0;2;2;2;0;0
"15/07/2024";"15:23:00";"424";"Sem vítima";"51,000";"BR-116/SP";"Decrescente";"Choque";0;0;0;0;0;0;0;1;0;0;1;0;0;0;0
"15/07/2024";"15:46:00";"440";"Com vítima";"51,000";"BR-116/SP";"Decrescente";"Acidentes de outra natureza";0;0;0;1;0;0;0;0;0;0;0;1;0;0;0
"15/07/2024";"15:46:00";"444";"Sem vítima";"51,000";"BR-116/SP";"Decrescente";"Acidentes de outra natureza";0;0;0;0;0;0;0;0;0;0;0;0;0;0;0
"15/07/2024";"17:39:00";"485";"Com vítima";"557,000";"BR-101/RJ";"Decrescente";"Colisão frontal";2;0;0;0;0;0;0;0;0;0;0;1;0;2;0
"15/07/2024";"18:15:00";"505";"Com vítima";"145,000";"BR-116/SP";"Decrescente";"Acidentes de outra natureza";0;0;0;1;0;0;0;0;0;0;0;1;0;0;0
"15/07/2024";"19:28:00";"539";"Sem vítima";"156,000";"BR-116/SP";"Decrescente";"Colisão traseira";1;0;1;0;0;0;0;0;0;0;3;0;0;0;0
"15/07/2024";"20:57:00";"577";"Com vítima";"155,000";"BR-116/SP";"Crescente";"Colisão traseira";0;0;1;0;0;0;0;1;0;0;0;2;0;0;0
"15/07/2024";"23:12:00";"622";"Com vítima";"221,800";"BR-116/RJ";"Decrescente";"Choque";1;0;0;0;0;0;0;0;0;0;0;1;0;0;0
"16/07/2024";"02:11:00";"50";"Com vítima";"189,000";"BR-116/SP";"Crescente";"Colisão traseira";1;0;1;0;0;0;0;0;0;0;1;1;0;0;0
"16/07/2024";"07:09:00";"171";"Sem vítima";"157,000";"BR-116/SP";"Decrescente";"Colisão lateral em sentido contrário";1;0;0;0;0;0;0;1;0;0;2;0;0;0;0
"16/07/2024";"07:18:00";"182";"Sem vítima";"214,000";"BR-116/SP";"Decrescente";"Choque";1;0;0;0;0;0;0;0;0;0;1;0;0;0;0
"16/07/2024";"08:56:00";"272";"Sem vítima";"161,000";"BR-116/SP";"Decrescente";"Choque";0;0;0;0;0;0;0;1;0;0;1;0;0;0;0
"16/07/2024";"09:09:00";"280";"Com vítima";"158,750";"BR-116/SP";"Decrescente";"Engavetamento";0;0;0;1;1;0;0;0;0;0;1;1;0;0;0
"16/07/2024";"10:10:00";"316";"Sem vítima";"279,000";"BR-116/RJ";"Crescente";"Colisão traseira";0;0;1;0;1;0;0;0;0;0;27;0;0;0;0
"16/07/2024";"16:51:00";"532";"Com vítima";"41,700";"BR-116/SP";"Decrescente";"Engavetamento";3;0;0;0;0;0;0;0;0;0;4;2;0;0;0
"16/07/2024";"19:30:00";"609";"Com vítima";"152,700";"BR-116/SP";"Crescente";"Colisão traseira";0;0;0;1;0;0;0;1;0;0;1;0;1;0;0
"16/07/2024";"20:51:00";"642";"Com vítima";"231,000";"BR-116/SP";"Decrescente";"Atropelamento de pedestre";0;0;0;0;0;0;0;0;0;1;2;0;0;2;0
"17/07/2024";"00:43:00";"39";"Com vítima";"261,000";"BR-116/RJ";"Decrescente";"Choque";1;0;0;0;0;0;0;0;0;0;0;0;1;0;0