data;horario;n_da_ocorrencia;tipo_de_ocorrencia;km;trecho;sentido;tipo_de_acidente;automovel;bicicleta;caminhao;moto;onibus;outros;tracao_animal;transporte_de_cargas_especiais;trator_maquinas;utilitarios;ilesos;levemente_feridos;moderadamente_feridos;gravemente_feridos;mortos
"17/07/2024";"05:52:00";"82";"Com vítima";"96,000";"BR-116/SP";"Crescente";"Tombamento";0;0;1;0;0;0;0;0;0;0;0;1;0;0;0
"17/07/2024";"06:42:00";"119";"Com vítima";"223,000";"BR-116/SP";"Crescente";"Acidentes de outra natureza";0;0;0;2;0;0;0;0;0;0;1;2;0;0;0
"17/07/2024";"07:46:00";"164";"Com vítima";"211,800";"BR-116/SP";"Crescente";"Colisão lateral em sentido contrário";0;0;0;2;0;0;0;0;0;0;1;0;1;0;0
"17/07/2024";"07:56:00";"177";"Sem vítima";"226,000";"BR-116/RJ";"Decrescente";"Tombamento";0;0;0;0;0;0;0;1;0;0;1;0;0;0;0
"17/07/2024";"09:23:00";"255";"Sem vítima";"332,800";"BR-116/RJ";"Crescente";"Choque";0;0;0;0;0;0;0;0;0;1;1;0;0;0;0
"17/07/2024";"10:46:00";"335";"Sem vítima";"222,000";"BR-116/RJ";"Crescente";"Colisão traseira";1;0;1;0;0;0;0;0;0;0;2;0;0;0;0
"17/07/2024";"14:41:00";"450";"Com vítima";"219,000";"BR-116/SP";"Crescente";"Colisão lateral em sentido contrário";1;0;0;1;0;0;0;0;0;0;1;1;0;0;0
"17/07/2024";"15:13:00";"468";"Com vítima";"214,500";"BR-116/SP";"Crescente";"Choque";1;0;0;0;0;0;0;0;0;0;0;1;0;0;0
"17/07/2024";"16:01:00";"493";"Com vítima";"402,000";"BR-101/RJ";"Decrescente";"Choque";1;0;0;0;0;0;0;0;0;0;0;2;0;0;0
"17/07/2024";"16:05:00";"495";"Sem vítima";"281,000";"BR-116/RJ";"Decrescente";"Choque";1;0;0;0;0;0;0;0;0;0;1;0;0;0;0
"17/07/2024";"16:17:00";"498";"Sem vítima";"258,400";"BR-116/RJ";"Crescente";"Engavetamento";1;0;1;0;1;0;0;0;0;0;2;0;0;0;0
"17/07/2024";"17:32:00";"541";"Com vítima";"209,700";"BR-116/SP";"Decrescente";"Engavetamento";0;0;1;3;0;0;0;0;0;0;1;2;1;0;0
"17/07/2024";"19:11:00";"584";"Sem vítima";"147,000";"BR-116/SP";"Decrescente";"Colisão lateral em sentido contrário";0;0;0;2;0;0;0;0;0;0;2;0;0;0;0
"17/07/2024";"20:18:00";"612";"Com vítima";"179,000";"BR-116/SP";"Decrescente";"Acidentes de outra natureza";0;0;0;1;0;0;0;0;0;0;0;1;0;0;0
"17/07/2024";"20:44:00";"623";"Com vítima";"272,000";"BR-116/RJ";"Crescente";"Tombamento";0;0;0;0;0;0;0;1;0;0;0;0;0;1;0
"17/07/2024";"21:23:00";"635";"Com vítima";"592,500";"BR-101/RJ";"Crescente";"Atropelamento de pedestre";0;1;0;1;0;0;0;0;0;0;0;0;1;0;0
"17/07/2024";"21:24:00";"636";"Sem vítima";"155,700";"BR-116/SP";"Decrescente";"Colisão traseira";1;0;0;1;0;0;0;0;0;0;2;0;0;0;0
"17/07/2024";"23:35:00";"663";"Com vítima";"48,450";"BR-101/SP";"Crescente";"Colisão lateral em sentido contrário";1;1;0;1;0;0;0;0;0;0;1;1;0;0;0
"17/07/2024";"23:43:00";"665";"Sem vítima";"233,000";"BR-116/RJ";"Crescente";"Choque";0;0;1;0;0;0;0;0;0;0;1;0;0;0;0
"18/07/2024";"02:55:00";"61";"Com vítima";"312,000";"BR-116/RJ";"Decrescente";"Choque";1;0;0;0;0;0;0;0;0;0;0;1;0;0;0
"18/07/2024";"06:12:00";"109";"Sem vítima";"255,000";"BR-116/RJ";"Crescente";"Choque";1;0;0;0;0;0;0;0;0;0;1;0;0;0;0
"18/07/2024";"06:37:00";"137";"Sem vítima";"255,800";"BR-116/RJ";"Crescente";"Choque";1;0;0;0;0;0;0;0;0;0;1;0;0;0;0
"18/07/2024";"07:22:00";"197";"Sem vítima";"86,000";"BR-116/SP";"Decrescente";"Colisão lateral em sentido contrário";1;0;0;0;0;0;0;1;0;0;5;0;0;0;0
"18/07/2024";"07:24:00";"237";"Com vítima";"161,000";"BR-116/SP";"Decrescente";"Colisão traseira";1;0;0;1;0;0;0;0;0;0;1;1;0;0;0
"18/07/2024";"08:06:00";"235";"Com vítima";"282,000";"BR-116/RJ";"Decrescente";"Choque";0;0;0;0;0;0;0;0;0;1;0;1;0;0;0
"18/07/2024";"08:54:00";"274";"Sem vítima";"211,900";"BR-116/SP";"Crescente";"Engavetamento";1;0;0;0;1;0;0;0;0;0;50;0;0;0;0
"18/07/2024";"10:11:00";"320";"Com vítima";"63,000";"BR-116/SP";"Crescente";"Colisão traseira";0;0;2;0;0;0;0;0;0;0;2;6;0;0;0
"18/07/2024";"12:27:00";"389";"Com vítima";"287,000";"BR-116/RJ";"Decrescente";"Colisão traseira";1;0;1;0;0;0;0;0;0;0;1;1;1;0;0
"18/07/2024";"13:41:00";"425";"Sem vítima";"287,000";"BR-116/RJ";"Decrescente";"Colisão traseira";1;0;1;0;0;0;0;0;0;0;0;0;0;0;0
"18/07/2024";"14:24:00";"454";"Sem vítima";"291,000";"BR-116/RJ";"Decrescente";"Engavetamento";1;0;2;0;0;0;0;0;0;0;2;0;0;0;0
"18/07/2024";"15:37:00";"495";"Sem vítima";"76,000";"BR-116/SP";"Crescente";"Colisão traseira";2;0;0;0;0;0;0;0;0;0;2;0;0;0;0
"18/07/2024";"15:48:00";"498";"Com vítima";"142,000";"BR-116/SP";"Decrescente";"Colisão traseira";0;0;0;1;0;0;0;0;0;0;0;1;0;0;0
"18/07/2024";"17:43:00";"552";"Com vítima";"147,000";"BR-116/SP";"Decrescente";"Acidentes de outra natureza";0;0;0;1;0;0;0;0;0;0;1;1;0;0;0
"18/07/2024";"18:56:00";"583";"Sem vítima";"563,500";"BR-101/RJ";"Decrescente";"Choque";1;0;0;0;0;0;0;0;0;0;2;0;0;0;0
"18/07/2024";"19:21:00";"596";"Com vítima";"480,700";"BR-101/RJ";"Decrescente";"Colisão lateral em sentido contrário";0;0;0;1;0;0;0;0;0;0;0;1;0;0;0
"18/07/2024";"20:16:00";"622";"Sem vítima";"158,000";"BR-116/SP";"Crescente";"Colisão traseira";1;0;0;0;0;0;0;0;0;0;2;0;0;0;0
"18/07/2024";"20:43:00";"638";"Com vítima";"212,000";"BR-116/SP";"Crescente";"Choque";1;0;0;0;0;0;0;0;0;0;0;1;0;0;0
"19/07/2024";"00:41:00";"42";"Com vítima";"213,000";"BR-116/SP";"Crescente";"Choque";1;0;0;0;0;0;0;0;0;0;3;1;0;0;0
"19/07/2024";"01:04:00";"44";"Com vítima";"113,500";"BR-116/SP";"Decrescente";"Colisão traseira";1;0;1;0;0;0;0;0;0;0;1;1;1;0;0
"19/07/2024";"05:57:00";"110";"Com vítima";"445,000";"BR-101/RJ";"Decrescente";"Colisão frontal";1;0;0;0;1;0;0;0;0;0;1;0;2;0;2
"19/07/2024";"05:57:00";"112";"Sem vítima";"126,000";"BR-116/SP";"Decrescente";"Choque";1;0;0;0;0;0;0;0;0;0;1;0;0;0;0
"19/07/2024";"06:10:00";"121";"Sem vítima";"8,000";"BR-116/SP";"Decrescente";"Colisão traseira";0;0;2;0;0;0;0;0;0;0;2;0;0;0;0
"19/07/2024";"06:15:00";"129";"Sem vítima";"63,400";"BR-116/SP";"Crescente";"Choque";0;0;1;0;0;0;0;0;0;0;1;0;0;0;0
"19/07/2024";"07:33:00";"186";"Sem vítima";"101,000";"BR-116/SP";"Crescente";"Colisão traseira";1;0;0;0;0;0;0;0;0;0;0;0;0;0;0
"19/07/2024";"08:00:00";"216";"Com vítima";"225,000";"BR-116/SP";"Crescente";"Colisão lateral em sentido contrário";1;0;0;1;0;0;0;0;0;0;8;4;0;0;0
"19/07/2024";"08:44:00";"279";"Com vítima";"225,500";"BR-116/SP";"Crescente";"Colisão traseira";0;0;0;2;0;0;0;0;0;0;2;1;0;0;0
"19/07/2024";"09:24:00";"307";"Sem vítima";"155,000";"BR-116/SP";"Crescente";"Colisão traseira";1;0;0;0;0;0;0;1;0;0;2;0;0;0;0
"19/07/2024";"10:46:00";"366";"Com vítima";"247,000";"BR-116/RJ";"Decrescente";"Engavetamento";2;0;1;0;0;0;0;0;0;0;6;3;0;0;0
"19/07/2024";"11:24:00";"383";"Sem vítima";"140,300";"BR-116/SP";"Crescente";"Engavetamento";1;0;0;0;0;0;0;0;0;0;5;0;0;0;0
"19/07/2024";"11:25:00";"384";"Com vítima";"219,000";"BR-116/SP";"Decrescente";"Colisão lateral em sentido contrário";0;0;0;1;0;0;0;0;0;1;1;1;0;0;0
"19/07/2024";"11:27:00";"386";"Sem vítima";"224,000";"BR-116/RJ";"Decrescente";"Colisão lateral em sentido contrário";0;0;2;0;0;0;0;0;0;0;1;0;0;0;0
"19/07/2024";"13:56:00";"461";"Sem vítima";"206,000";"BR-116/SP";"Crescente";"Engavetamento";2;0;0;0;0;0;0;0;0;0;6;0;0;0;0
"19/07/2024";"16:11:00";"533";"Com vítima";"102,000";"BR-116/SP";"Crescente";"Colisão traseira";2;0;0;0;0;0;0;0;0;0;4;2;0;0;0
"19/07/2024";"16:11:00";"534";"Sem vítima";"275,700";"BR-116/RJ";"Decrescente";"Colisão lateral em sentido contrário";1;0;1;0;0;0;0;0;0;0;2;0;0;0;0
"19/07/2024";"16:13:00";"537";"Sem vítima";"219,000";"BR-116/SP";"Decrescente";"Engavetamento";1;0;0;0;0;0;0;0;0;0;1;0;0;0;0
"19/07/2024";"16:19:00";"542";"Sem vítima";"112,000";"BR-116/SP";"Decrescente";"Colisão traseira";2;0;0;0;0;0;0;0;0;0;2;0;0;0;0
"19/07/2024";"18:24:00";"609";"Com vítima";"118,000";"BR-116/SP";"Crescente";"Engavetamento";3;0;0;0;0;0;0;0;0;1;7;1;0;0;0
"19/07/2024";"18:33:00";"611";"Com vítima";"98,950";"BR-116/SP";"Decrescente";"Acidentes de outra natureza";0;0;0;1;0;0;0;0;0;0;0;1;0;0;0
"19/07/2024";"18:42:00";"617";"Com vítima";"217,900";"BR-116/SP";"Crescente";"Colisão traseira";1;0;0;1;0;0;0;0;0;0;4;1;0;0;0
"19/07/2024";"19:08:00";"632";"Sem vítima";"105,000";"BR-116/SP";"Crescente";"Engavetamento";1;0;2;0;0;0;0;0;0;0;4;0;0;0;0
"19/07/2024";"21:22:00";"687";"Com vítima";"133,000";"BR-116/SP";"Crescente";"Colisão traseira";0;0;0;1;0;0;0;0;0;0;0;0;1;0;0
"19/07/2024";"21:42:00";"693";"Sem vítima";"88,200";"BR-116/SP";"Crescente";"Acidentes de outra natureza";1;0;0;0;0;1;0;0;0;0;0;0;0;0;0
"19/07/2024";"23:28:00";"719";"Sem vítima";"275,000";"BR-116/RJ";"Decrescente";"Colisão lateral em sentido contrário";1;0;1;0;0;0;0;0;0;0;2;0;0;0;0
"20/07/2024";"00:00:00";"116";"Com vítima";"55,500";"BR-116/SP";"Crescente";"Choque";1;0;0;0;0;0;0;0;0;0;1;1;0;0;0
"20/07/2024";"00:00:00";"337";"Com vítima";"65,000";"BR-116/SP";"Crescente";"Acidentes de outra natureza";0;0;0;1;0;0;0;0;0;0;0;1;0;0;0
"20/07/2024";"05:11:00";"86";"Sem vítima";"147,000";"BR-116/SP";"Decrescente";"Colisão lateral em sentido contrário";2;0;0;0;0;0;0;0;0;0;3;0;0;0;0
"20/07/2024";"05:13:00";"87";"Sem vítima";"174,000";"BR-116/SP";"Decrescente";"Colisão traseira";0;0;2;0;0;0;0;0;0;0;4;0;0;0;0
"20/07/2024";"06:14:00";"102";"Com vítima";"212,000";"BR-116/SP";"Crescente";"Engavetamento";2;0;1;0;1;0;0;0;0;1;14;2;0;0;0
"20/07/2024";"06:35:00";"111";"Sem vítima";"212,000";"BR-116/SP";"Crescente";"Colisão traseira";1;0;0;0;0;0;0;0;0;0;1;0;0;0;0
"20/07/2024";"06:38:00";"115";"Sem vítima";"130,000";"BR-116/SP";"Decrescente";"Choque";1;0;0;0;0;0;0;0;0;0;0;0;0;0;0
"20/07/2024";"07:13:00";"138";"Sem vítima";"213,000";"BR-116/SP";"Crescente";"Acidentes de outra natureza";1;0;0;0;0;0;0;0;0;0;0;0;0;0;0
"20/07/2024";"07:22:00";"145";"Sem vítima";"169,100";"BR-116/SP";"Decrescente";"Colisão traseira";1;0;0;0;0;0;0;0;0;0;1;0;0;0;0
"20/07/2024";"07:45:00";"169";"Sem vítima";"130,000";"BR-116/SP";"Decrescente";"Colisão traseira";2;0;0;0;0;0;0;0;0;0;0;0;0;0;0
"20/07/2024";"08:34:00";"197";"Com vítima";"472,000";"BR-101/RJ";"Crescente";"Colisão lateral em sentido contrário";2;0;0;0;0;0;0;0;0;0;1;1;0;0;0
"20/07/2024";"08:45:00";"204";"Com vítima";"213,000";"BR-116/SP";"Decrescente";"Capotamento";1;0;0;0;0;0;0;0;0;0;0;2;0;0;0
"20/07/2024";"09:17:00";"225";"Sem vítima";"145,000";"BR-116/SP";"Decrescente";"Engavetamento";3;0;0;1;1;0;0;0;0;0;37;0;0;0;0
"20/07/2024";"09:39:00";"236";"Com vítima";"218,000";"BR-116/SP";"Decrescente";"Colisão traseira";2;0;0;0;0;0;0;0;0;0;3;1;0;0;0
"20/07/2024";"10:17:00";"257";"Sem vítima";"186,000";"BR-116/SP";"Crescente";"Choque";0;0;0;0;0;0;0;1;0;0;2;0;0;0;0
"20/07/2024";"12:05:00";"313";"Sem vítima";"222,500";"BR-116/SP";"Decrescente";"Colisão traseira";1;0;0;0;0;0;0;0;0;0;1;0;0;0;0
"20/07/2024";"12:51:00";"326";"Com vítima";"224,800";"BR-116/SP";"Crescente";"Acidentes de outra natureza";0;0;0;1;0;0;0;0;0;0;0;2;0;0;0
"20/07/2024";"13:30:00";"351";"Sem vítima";"143,000";"BR-116/SP";"Decrescente";"Colisão traseira";1;0;0;0;0;0;0;0;0;0;2;0;0;0;0
"20/07/2024";"15:19:00";"388";"Com vítima";"287,000";"BR-116/RJ";"Decrescente";"Colisão traseira";1;0;0;0;0;0;0;0;0;0;2;0;1;0;0
"20/07/2024";"15:39:00";"399";"Com vítima";"252,000";"BR-116/RJ";"Crescente";"Engavetamento";2;0;1;0;0;0;0;0;0;0;15;3;0;0;0
"20/07/2024";"16:00:00";"413";"Sem vítima";"287,000";"BR-116/RJ";"Decrescente";"Colisão lateral em sentido contrário";1;0;0;0;0;0;0;1;0;0;4;0;0;0;0
"20/07/2024";"16:40:00";"430";"Com vítima";"288,000";"BR-116/RJ";"Decrescente";"Engavetamento";4;0;0;0;1;0;0;0;0;1;48;26;0;0;0
"20/07/2024";"17:09:00";"440";"Sem vítima";"406,000";"BR-101/RJ";"Decrescente";"Choque";1;0;0;0;0;0;0;0;0;0;1;0;0;0;0
"20/07/2024";"19:01:00";"468";"Com vítima";"406,500";"BR-101/RJ";"Crescente";"Colisão traseira";2;0;0;0;0;0;0;0;0;0;1;3;1;0;0
"20/07/2024";"20:10:00";"504";"Sem vítima";"220,000";"BR-116/SP";"Decrescente";"Engavetamento";2;0;0;0;0;0;0;0;0;0;2;0;0;0;0
"20/07/2024";"21:47:00";"529";"Sem vítima";"542,000";"BR-101/RJ";"Crescente";"Choque";1;0;0;0;0;0;0;0;0;0;1;0;0;0;0
"20/07/2024";"23:59:00";"561";"Sem vítima";"101,000";"BR-116/SP";"Decrescente";"Choque";1;0;0;0;0;0;0;0;0;0;3;0;0;0;0
"21/07/2024";"00:00:00";"394";"Sem vítima";"121,400";"BR-116/SP";"Decrescente";"Colisão lateral em sentido contrário";1;0;0;0;0;0;0;1;0;0;2;0;0;0;0
"21/07/2024";"02:13:00";"57";"Com vítima";"315,000";"BR-116/RJ";"Decrescente";"Colisão traseira";2;0;0;0;0;0;0;0;0;0;0;1;0;0;0
"21/07/2024";"06:07:00";"99";"Com vítima";"180,800";"BR-116/SP";"Crescente";"Colisão traseira";1;0;0;0;0;0;0;0;0;0;2;1;0;0;0
"21/07/2024";"06:36:00";"105";"Com vítima";"230,000";"BR-116/SP";"Decrescente";"Atropelamento de pedestre";1;0;0;0;0;0;0;0;0;0;1;0;0;1;0
"21/07/2024";"07:10:00";"114";"Com vítima";"230,000";"BR-116/SP";"Decrescente";"Colisão lateral em sentido contrário";1;0;0;1;0;0;0;0;0;0;6;0;3;0;0
"21/07/2024";"07:30:00";"122";"Com vítima";"214,000";"BR-116/SP";"Decrescente";"Choque";1;0;0;0;0;0;0;0;0;0;1;1;0;0;0
"21/07/2024";"07:55:00";"136";"Sem vítima";"180,000";"BR-116/SP";"Decrescente";"Choque";1;0;0;0;0;0;0;0;0;0;10;0;0;0;0
"21/07/2024";"07:59:00";"143";"Com vítima";"215,000";"BR-116/SP";"Decrescente";"Colisão lateral em sentido contrário";1;0;0;1;0;0;0;0;0;0;3;3;0;0;0
"21/07/2024";"09:50:00";"199";"Com vítima";"392,000";"BR-101/RJ";"Decrescente";"Colisão traseira";2;0;0;0;0;0;0;0;0;0;0;6;0;0;0
"21/07/2024";"10:47:00";"221";"Com vítima";"86,000";"BR-116/SP";"Crescente";"Colisão traseira";0;0;0;1;0;0;0;0;0;0;0;3;3;0;0
"21/07/2024";"13:12:00";"293";"Sem vítima";"324,000";"BR-116/RJ";"Decrescente";"Engavetamento";2;0;0;0;0;0;0;1;0;0;7;0;0;0;0
"21/07/2024";"13:53:00";"307";"Sem vítima";"327,000";"BR-116/RJ";"Decrescente";"Colisão lateral em sentido contrário";2;0;0;0;0;0;0;0;0;0;10;0;0;0;0
"21/07/2024";"14:41:00";"328";"Sem vítima";"76,500";"BR-116/SP";"Crescente";"Colisão traseira";1;0;0;0;0;0;0;0;0;0;2;0;0;0;0
"21/07/2024";"15:00:00";"333";"Sem vítima";"86,000";"BR-116/SP";"Decrescente";"Colisão traseira";2;0;0;0;0;0;0;0;0;0;6;0;0;0;0
"21/07/2024";"16:01:00";"365";"Com vítima";"121,600";"BR-116/SP";"Decrescente";"Engavetamento";8;0;0;0;0;0;0;0;0;0;16;2;0;0;0
"21/07/2024";"16:09:00";"371";"Sem vítima";"70,000";"BR-116/SP";"Crescente";"Engavetamento";8;0;0;0;0;0;0;0;0;0;36;0;0;0;0
"21/07/2024";"16:23:00";"377";"Sem vítima";"47,000";"BR-116/SP";"Decrescente";"Engavetamento";3;0;0;0;0;0;0;0;0;0;9;0;0;0;0
"21/07/2024";"16:24:00";"379";"Sem vítima";"154,700";"BR-116/SP";"Crescente";"Colisão lateral em sentido contrário";1;0;1;0;0;0;0;0;0;0;3;0;0;0;0
"21/07/2024";"17:17:00";"404";"Sem vítima";"302,000";"BR-116/RJ";"Decrescente";"Colisão traseira";1;0;0;0;0;0;0;0;0;0;3;0;0;0;0
"21/07/2024";"17:26:00";"409";"Sem vítima";"119,000";"BR-116/SP";"Crescente";"Colisão traseira";2;0;0;0;0;0;0;0;0;0;8;0;0;0;0
"21/07/2024";"17:45:00";"419";"Com vítima";"399,000";"BR-101/RJ";"Crescente";"Acidentes de outra natureza";0;0;0;1;0;0;0;0;0;0;0;0;2;0;0
"21/07/2024";"18:25:00";"438";"Sem vítima";"44,000";"BR-101/SP";"Crescente";"Engavetamento";3;0;0;0;0;0;0;0;0;1;6;0;0;0;0
"21/07/2024";"21:32:00";"525";"Sem vítima";"154,800";"BR-116/SP";"Crescente";"Colisão lateral em sentido contrário";1;0;0;0;0;0;0;1;0;0;3;0;0;0;0
"21/07/2024";"23:02:00";"550";"Com vítima";"282,000";"BR-116/RJ";"Crescente";"Capotamento";1;0;0;0;0;0;0;0;0;0;0;1;0;0;0
"21/07/2024";"23:12:00";"552";"Sem vítima";"38,000";"BR-101/SP";"Decrescente";"Choque";1;0;0;0;0;0;0;0;0;0;1;0;0;0;0
"22/07/2024";"00:43:00";"39";"Sem vítima";"300,000";"BR-116/RJ";"Crescente";"Atropelamento de pedestre";2;0;1;0;0;0;0;0;0;0;4;0;0;0;0
"22/07/2024";"01:16:00";"45";"Sem vítima";"451,000";"BR-101/RJ";"Crescente";"Capotamento";1;0;0;0;0;0;0;0;0;0;0;0;0;0;0
"22/07/2024";"07:55:00";"203";"Com vítima";"488,000";"BR-101/RJ";"Crescente";"Colisão lateral em sentido contrário";1;0;0;1;0;0;0;0;0;0;2;2;0;0;0
"22/07/2024";"09:47:00";"298";"Sem vítima";"165,000";"BR-116/SP";"Crescente";"Colisão traseira";1;0;0;0;0;0;0;0;0;0;1;0;0;0;0
"22/07/2024";"10:13:00";"320";"Com vítima";"60,000";"BR-116/SP";"Crescente";"Colisão lateral em sentido contrário";2;0;0;1;0;0;0;0;0;0;2;0;0;1;0
"22/07/2024";"10:14:00";"321";"Sem vítima";"380,800";"BR-101/RJ";"Crescente";"Colisão traseira";2;0;0;0;0;0;0;0;0;0;2;0;0;0;0
"22/07/2024";"10:16:00";"324";"Com vítima";"112,300";"BR-116/SP";"Decrescente";"Colisão lateral em sentido contrário";1;0;0;1;0;0;0;0;0;0;3;0;1;0;0
"22/07/2024";"10:57:00";"355";"Sem vítima";"225,500";"BR-116/SP";"Crescente";"Colisão lateral em sentido contrário";1;0;0;0;0;0;0;1;0;0;2;0;0;0;0
"22/07/2024";"14:21:00";"461";"Sem vítima";"171,000";"BR-116/SP";"Crescente";"Choque";1;0;2;0;0;0;0;0;0;0;10;0;0;0;0
"22/07/2024";"15:42:00";"496";"Com vítima";"286,000";"BR-116/RJ";"Decrescente";"Colisão lateral em sentido contrário";1;0;0;1;0;0;0;0;0;0;1;0;1;0;0
"22/07/2024";"15:43:00";"497";"Sem vítima";"170,000";"BR-116/SP";"Crescente";"Choque";0;0;0;0;0;0;0;2;0;0;2;0;0;0;0
"22/07/2024";"16:30:00";"512";"Com vítima";"479,000";"BR-101/RJ";"Crescente";"Acidentes de outra natureza";0;0;0;1;0;0;0;0;0;0;0;0;1;0;0
"22/07/2024";"16:42:00";"520";"Sem vítima";"152,800";"BR-116/SP";"Decrescente";"Colisão lateral em sentido contrário";1;0;0;0;0;0;0;1;0;0;2;0;0;0;0
"22/07/2024";"17:16:00";"528";"Sem vítima";"170,000";"BR-116/SP";"Crescente";"Colisão traseira";1;0;0;1;0;0;0;0;0;0;2;0;0;0;0
"22/07/2024";"17:36:00";"539";"Sem vítima";"558,000";"BR-101/RJ";"Decrescente";"Colisão frontal";2;0;0;0;0;0;0;0;0;0;8;0;0;0;0
"22/07/2024";"17:37:00";"541";"Sem vítima";"101,300";"BR-116/SP";"Crescente";"Colisão traseira";2;0;0;0;0;0;0;0;0;0;3;0;0;0;0
"22/07/2024";"17:48:00";"547";"Com vítima";"218,000";"BR-116/SP";"Decrescente";"Colisão lateral em sentido contrário";1;0;0;1;0;0;0;0;0;0;2;1;0;0;0
"22/07/2024";"18:51:00";"581";"Com vítima";"223,000";"BR-116/SP";"Decrescente";"Colisão lateral em sentido contrário";1;0;0;1;0;0;0;0;0;0;2;1;0;0;0
"22/07/2024";"20:53:00";"638";"Com vítima";"381,000";"BR-101/RJ";"Decrescente";"Atropelamento de pedestre";1;0;0;0;0;0;0;0;0;0;0;1;0;0;0
"23/07/2024";"02:20:00";"55";"Sem vítima";"282,000";"BR-116/RJ";"Crescente";"Choque";1;0;0;0;0;0;0;0;0;0;4;0;0;0;0
"23/07/2024";"07:02:00";"167";"Com vítima";"434,000";"BR-101/RJ";"Crescente";"Colisão lateral em sentido contrário";1;0;0;1;0;0;0;0;0;0;1;1;1;0;0
"23/07/2024";"07:29:00";"186";"Sem vítima";"157,000";"BR-116/SP";"Decrescente";"Engavetamento";0;0;3;0;0;0;0;0;0;0;6;0;0;0;0
"23/07/2024";"09:32:00";"283";"Sem vítima";"265,000";"BR-116/RJ";"Decrescente";"Choque";0;0;1;0;0;0;0;0;0;0;1;0;0;0;0
"23/07/2024";"09:47:00";"294";"Sem vítima";"265,700";"BR-116/RJ";"Decrescente";"Choque";1;0;0;0;0;0;0;0;0;0;1;0;0;0;0
"23/07/2024";"09:47:00";"295";"Sem vítima";"284,000";"BR-116/RJ";"Crescente";"Choque";1;0;0;0;0;0;0;0;0;0;1;0;0;0;0
"23/07/2024";"10:16:00";"310";"Sem vítima";"219,000";"BR-116/SP";"Crescente";"Colisão traseira";1;0;0;0;0;0;0;0;0;0;1;0;0;0;0
"23/07/2024";"11:57:00";"363";"Sem vítima";"86,950";"BR-116/SP";"Crescente";"Colisão traseira";1;0;1;0;0;0;0;0;0;0;4;0;0;0;0
"23/07/2024";"13:54:00";"428";"Sem vítima";"218,000";"BR-116/SP";"Decrescente";"Colisão traseira";2;0;0;0;0;0;0;0;0;0;4;0;0;0;0
"23/07/2024";"15:19:00";"474";"Com vítima";"332,000";"BR-116/RJ";"Decrescente";"Choque";1;0;0;0;0;0;0;0;0;0;0;1;0;0;0
"23/07/2024";"15:28:00";"480";"Sem vítima";"272,000";"BR-116/RJ";"Decrescente";"Choque";1;0;0;0;0;0;0;0;0;0;6;0;0;0;0
"23/07/2024";"16:06:00";"472";"Com vítima";"182,000";"BR-116/SP";"Decrescente";"Colisão traseira";0;0;0;0;1;0;0;1;0;0;23;2;0;0;0
"23/07/2024";"18:39:00";"569";"Com vítima";"451,000";"BR-101/RJ";"Decrescente";"Choque";1;0;0;0;0;0;0;0;0;0;0;2;0;0;0
"23/07/2024";"19:15:00";"592";"Sem vítima";"382,000";"BR-101/RJ";"Crescente";"Atropelamento de pedestre";1;0;0;0;0;0;0;0;0;0;1;0;0;0;0
"23/07/2024";"21:12:00";"631";"Com vítima";"556,000";"BR-101/RJ";"Decrescente";"Colisão lateral em sentido contrário";1;0;0;1;0;0;0;0;0;0;1;0;0;1;0
"24/07/2024";"03:02:00";"57";"Com vítima";"419,000";"BR-101/RJ";"Crescente";"Choque";1;0;0;0;0;0;0;0;0;0;1;1;0;0;0
"24/07/2024";"03:02:00";"57";"Com vítima";"419,400";"BR-101/RJ";"Crescente";"Choque";1;0;0;0;0;0;0;0;0;0;1;1;0;0;0
"24/07/2024";"03:38:00";"60";"Sem vítima";"86,000";"BR-116/SP";"Crescente";"Colisão traseira";0;0;2;0;0;0;0;0;0;0;4;0;0;0;0
"24/07/2024";"08:10:00";"216";"Com vítima";"225,000";"BR-116/SP";"Crescente";"Engavetamento";5;0;0;0;0;0;0;0;0;1;5;1;0;0;0
"24/07/2024";"08:34:00";"231";"Com vítima";"225,000";"BR-116/SP";"Crescente";"Engavetamento";3;0;0;0;0;0;0;0;0;0;3;1;0;0;0
"24/07/2024";"10:25:00";"308";"Sem vítima";"119,550";"BR-116/SP";"Decrescente";"Colisão traseira";0;0;1;0;0;0;0;0;0;0;1;0;0;0;0
"24/07/2024";"10:25:00";"309";"Com vítima";"428,000";"BR-101/RJ";"Decrescente";"Colisão traseira";2;0;0;0;0;0;0;0;0;0;0;3;0;0;0
"24/07/2024";"10:41:00";"316";"Com vítima";"500,000";"BR-101/RJ";"Decrescente";"Colisão frontal";1;0;0;0;1;0;0;0;0;0;5;0;1;4;0
"24/07/2024";"13:39:00";"383";"Com vítima";"463,000";"BR-101/RJ";"Crescente";"Capotamento";1;0;0;0;0;0;0;0;0;0;0;0;1;0;0
"24/07/2024";"13:44:00";"385";"Com vítima";"227,000";"BR-116/SP";"Crescente";"Colisão traseira";1;0;0;1;0;0;0;0;0;0;1;0;1;0;0