data;horario;n_da_ocorrencia;tipo_de_ocorrencia;km;trecho;sentido;tipo_de_acidente;automovel;bicicleta;caminhao;moto;onibus;outros;tracao_animal;transporte_de_cargas_especiais;trator_maquinas;utilitarios;ilesos;levemente_feridos;moderadamente_feridos;gravemente_feridos;mortos
"24/07/2024";"14:03:00";"397";"Sem vítima";"116,000";"BR-116/SP";"Decrescente";"Choque";1;0;0;0;0;1;0;0;0;0;2;0;0;0;0
"24/07/2024";"15:01:00";"420";"Com vítima";"194,000";"BR-116/SP";"Crescente";"Acidentes de outra natureza";0;0;0;1;0;0;0;0;0;0;0;4;0;0;0
"24/07/2024";"15:32:00";"434";"Sem vítima";"146,000";"BR-116/SP";"Crescente";"Colisão traseira";2;0;0;0;0;0;0;0;0;0;3;0;0;0;0
"24/07/2024";"16:08:00";"448";"Sem vítima";"212,000";"BR-116/SP";"Crescente";"Choque";0;0;0;0;0;0;0;1;0;0;1;0;0;0;0
"24/07/2024";"17:18:00";"478";"Sem vítima";"48,000";"BR-101/SP";"Crescente";"Engavetamento";4;0;0;0;0;0;0;0;0;0;12;0;0;0;0
"24/07/2024";"17:28:00";"487";"Sem vítima";"140,700";"BR-116/SP";"Crescente";"Colisão traseira";0;0;2;0;0;0;0;0;0;0;2;0;0;0;0
"24/07/2024";"18:58:00";"531";"Com vítima";"264,500";"BR-116/RJ";"Crescente";"Acidentes de outra natureza";0;0;0;1;0;0;0;0;0;0;0;1;0;0;0
"24/07/2024";"21:28:00";"597";"Sem vítima";"226,000";"BR-116/RJ";"Decrescente";"Colisão traseira";1;0;1;0;0;0;0;0;0;0;2;0;0;0;0
"24/07/2024";"21:58:00";"604";"Sem vítima";"390,000";"BR-101/RJ";"Crescente";"Colisão lateral em sentido contrário";1;0;0;1;0;0;0;0;0;0;2;0;0;0;0
"24/07/2024";"22:51:00";"623";"Com vítima";"390,000";"BR-101/RJ";"Crescente";"Choque";1;0;0;0;0;0;0;0;0;0;0;1;0;0;0
"25/07/2024";"00:00:00";"642";"Sem vítima";"76,000";"BR-116/SP";"Crescente";"Colisão lateral em sentido contrário";1;0;0;0;0;0;0;1;0;0;2;0;0;0;0
"25/07/2024";"05:28:00";"91";"Com vítima";"225,000";"BR-116/SP";"Decrescente";"Colisão traseira";1;0;0;0;0;0;0;0;0;0;0;1;0;0;0
"25/07/2024";"07:14:00";"172";"Com vítima";"130,000";"BR-116/SP";"Decrescente";"Colisão traseira";1;0;0;0;0;1;0;0;0;1;1;1;0;0;0
"25/07/2024";"07:28:00";"188";"Sem vítima";"130,000";"BR-116/SP";"Decrescente";"Engavetamento";4;0;0;0;0;0;0;0;0;0;10;0;0;0;0
"25/07/2024";"07:43:00";"205";"Sem vítima";"223,000";"BR-116/SP";"Decrescente";"Choque";1;0;0;0;0;0;0;0;0;0;1;0;0;0;0
"25/07/2024";"07:58:00";"219";"Com vítima";"63,000";"BR-116/SP";"Crescente";"Colisão traseira";1;0;0;1;0;0;0;0;0;0;1;0;1;0;0
"25/07/2024";"08:05:00";"222";"Com vítima";"62,000";"BR-116/SP";"Crescente";"Colisão traseira";1;0;0;1;0;0;0;0;0;0;1;0;1;0;0
"25/07/2024";"09:56:00";"317";"Com vítima";"67,000";"BR-116/SP";"Crescente";"Engavetamento";0;0;1;0;0;0;0;2;0;0;1;2;0;0;0
"25/07/2024";"10:58:00";"370";"Sem vítima";"61,300";"BR-116/SP";"Crescente";"Colisão traseira";2;0;0;0;0;0;0;0;0;0;3;0;0;0;0
"25/07/2024";"12:23:00";"417";"Sem vítima";"168,000";"BR-116/SP";"Crescente";"Colisão traseira";2;0;0;0;0;0;0;0;0;0;4;0;0;0;0
"25/07/2024";"13:26:00";"456";"Com vítima";"182,300";"BR-116/SP";"Decrescente";"Choque";0;0;0;1;0;0;0;0;0;0;0;1;0;0;0
"25/07/2024";"16:24:00";"571";"Com vítima";"226,000";"BR-116/SP";"Crescente";"Engavetamento";3;0;0;0;0;0;0;0;0;0;2;1;0;0;0
"25/07/2024";"16:54:00";"592";"Com vítima";"399,000";"BR-101/RJ";"Crescente";"Colisão lateral em sentido contrário";0;0;0;1;0;0;0;0;0;0;0;1;1;0;0
"25/07/2024";"18:51:00";"669";"Sem vítima";"145,400";"BR-116/SP";"Crescente";"Colisão lateral em sentido contrário";1;0;0;0;0;0;0;1;0;0;2;0;0;0;0
"25/07/2024";"18:56:00";"672";"Sem vítima";"295,000";"BR-116/RJ";"Decrescente";"Choque";1;0;1;0;1;0;0;0;0;0;6;0;0;0;0
"25/07/2024";"20:07:00";"704";"Sem vítima";"147,300";"BR-116/SP";"Crescente";"Colisão lateral em sentido contrário";1;0;0;0;0;0;0;1;0;0;2;0;0;0;0
"25/07/2024";"20:49:00";"730";"Sem vítima";"428,000";"BR-101/RJ";"Decrescente";"Choque";1;0;0;0;0;0;0;0;0;0;1;0;0;0;0
"25/07/2024";"21:06:00";"742";"Com vítima";"261,000";"BR-116/RJ";"Decrescente";"Choque";1;0;0;0;0;0;0;0;0;0;3;1;0;0;0
"25/07/2024";"22:22:00";"763";"Com vítima";"490,000";"BR-101/RJ";"Decrescente";"Choque";1;0;0;0;0;0;0;0;0;0;0;1;0;0;0
"26/07/2024";"00:01:00";"34";"Sem vítima";"230,000";"BR-116/SP";"Decrescente";"Colisão lateral em sentido contrário";1;0;0;0;0;0;0;1;0;0;2;0;0;0;0
"26/07/2024";"05:44:00";"95";"Sem vítima";"245,000";"BR-116/RJ";"Decrescente";"Tombamento";0;0;3;0;0;0;0;0;0;0;3;0;0;0;0
"26/07/2024";"07:28:00";"195";"Sem vítima";"112,300";"BR-116/SP";"Decrescente";"Colisão traseira";0;0;0;1;0;0;0;0;0;0;1;0;0;0;0
"26/07/2024";"07:30:00";"199";"Com vítima";"202,300";"BR-116/SP";"Crescente";"Colisão lateral em sentido contrário";0;0;1;1;0;0;0;0;0;0;1;0;1;0;0
"26/07/2024";"07:49:00";"219";"Com vítima";"46,000";"BR-116/SP";"Decrescente";"Colisão lateral em sentido contrário";1;0;0;0;0;0;0;0;0;0;0;1;0;0;0
"26/07/2024";"08:06:00";"234";"Sem vítima";"115,000";"BR-116/SP";"Decrescente";"Colisão traseira";2;0;0;0;0;0;0;0;0;0;4;0;0;0;0
"26/07/2024";"08:52:00";"276";"Sem vítima";"140,100";"BR-116/SP";"Crescente";"Colisão traseira";2;0;0;0;0;0;0;0;0;0;5;0;0;0;0
"26/07/2024";"10:32:00";"373";"Sem vítima";"291,700";"BR-116/RJ";"Crescente";"Choque";1;0;0;0;0;0;0;0;0;0;2;0;0;0;0
"26/07/2024";"11:27:00";"412";"Com vítima";"213,000";"BR-116/SP";"Crescente";"Acidentes de outra natureza";0;0;0;1;0;0;0;0;0;0;0;1;0;0;0
"26/07/2024";"13:51:00";"492";"Com vítima";"301,000";"BR-116/RJ";"Crescente";"Engavetamento";3;0;0;0;0;0;0;0;0;0;5;1;0;0;0
"26/07/2024";"14:00:00";"498";"Com vítima";"219,000";"BR-116/SP";"Crescente";"Colisão traseira";0;0;0;2;0;0;0;0;0;0;0;3;0;0;0
"26/07/2024";"14:28:00";"516";"Com vítima";"211,000";"BR-116/SP";"Crescente";"Colisão traseira";1;0;1;0;0;0;0;0;0;0;3;1;0;0;0
"26/07/2024";"14:28:00";"518";"Com vítima";"36,000";"BR-116/SP";"Crescente";"Colisão traseira";1;0;0;1;0;0;0;0;0;0;1;1;0;0;0
"26/07/2024";"15:51:00";"568";"Com vítima";"100,000";"BR-116/SP";"Crescente";"Colisão traseira";0;0;1;1;0;0;0;0;0;0;1;0;1;0;0
"26/07/2024";"16:18:00";"586";"Sem vítima";"203,000";"BR-116/SP";"Decrescente";"Engavetamento";2;0;0;0;0;0;0;0;0;0;18;0;0;0;0
"26/07/2024";"16:24:00";"590";"Com vítima";"202,500";"BR-116/SP";"Decrescente";"Colisão lateral em sentido contrário";2;0;0;1;0;0;0;0;0;0;2;1;0;0;0
"26/07/2024";"16:38:00";"597";"Sem vítima";"53,000";"BR-116/SP";"Crescente";"Colisão traseira";1;0;0;0;2;0;0;0;0;0;77;0;0;0;0
"26/07/2024";"16:41:00";"601";"Com vítima";"217,000";"BR-116/SP";"Decrescente";"Colisão lateral em sentido contrário";1;0;0;1;0;0;0;0;0;0;1;1;0;0;0
"26/07/2024";"16:47:00";"606";"Sem vítima";"116,000";"BR-116/SP";"Decrescente";"Colisão traseira";2;0;0;0;0;0;0;0;0;0;3;0;0;0;0
"26/07/2024";"17:34:00";"633";"Com vítima";"570,000";"BR-101/RJ";"Decrescente";"Engavetamento";3;0;0;0;0;0;0;0;0;0;2;3;0;0;0
"26/07/2024";"17:36:00";"634";"Com vítima";"466,000";"BR-101/RJ";"Decrescente";"Choque";1;0;0;0;0;0;0;0;0;0;0;0;1;0;0
"26/07/2024";"17:46:00";"640";"Sem vítima";"481,000";"BR-101/RJ";"Crescente";"Colisão traseira";2;0;0;0;0;0;0;0;0;0;4;0;0;0;0
"26/07/2024";"18:16:00";"653";"Sem vítima";"90,000";"BR-116/SP";"Crescente";"Colisão traseira";1;0;1;0;0;0;0;0;0;0;12;0;0;0;0
"26/07/2024";"18:50:00";"671";"Sem vítima";"148,000";"BR-116/SP";"Decrescente";"Engavetamento";3;0;0;0;0;0;0;0;0;0;7;0;0;0;0
"26/07/2024";"19:02:00";"676";"Sem vítima";"155,000";"BR-116/SP";"Decrescente";"Colisão lateral em sentido contrário";1;0;1;0;0;0;0;0;0;0;2;0;0;0;0
"26/07/2024";"19:06:00";"678";"Com vítima";"131,000";"BR-116/SP";"Crescente";"Engavetamento";4;0;0;0;0;0;0;0;0;0;6;4;1;0;0
"26/07/2024";"19:22:00";"684";"Sem vítima";"62,000";"BR-116/SP";"Decrescente";"Colisão traseira";2;0;0;0;0;0;0;0;0;0;4;0;0;0;0
"26/07/2024";"20:29:00";"706";"Sem vítima";"96,400";"BR-116/SP";"Crescente";"Acidentes de outra natureza";1;0;0;0;0;0;0;0;0;0;5;0;0;0;0
"26/07/2024";"22:02:00";"742";"Sem vítima";"220,000";"BR-116/SP";"Decrescente";"Choque";1;0;0;0;0;0;0;0;0;0;0;0;0;0;0
"26/07/2024";"22:08:00";"745";"Com vítima";"112,000";"BR-116/SP";"Decrescente";"Colisão lateral em sentido contrário";1;0;0;1;0;0;0;0;0;0;2;0;1;0;0
"26/07/2024";"23:09:00";"765";"Sem vítima";"133,000";"BR-116/SP";"Crescente";"Capotamento";1;0;0;0;0;0;0;0;0;0;1;0;0;0;0
"27/07/2024";"00:35:00";"45";"Sem vítima";"213,000";"BR-116/SP";"Crescente";"Choque";1;0;0;0;0;0;0;0;0;0;1;0;0;0;0
"27/07/2024";"00:38:00";"46";"Com vítima";"504,000";"BR-101/RJ";"Decrescente";"Atropelamento de pedestre";1;0;0;0;0;0;0;0;0;0;1;0;1;0;0
"27/07/2024";"03:27:00";"73";"Sem vítima";"65,200";"BR-116/SP";"Crescente";"Colisão traseira";0;0;2;0;0;0;0;0;0;0;2;0;0;0;0
"27/07/2024";"04:19:00";"78";"Sem vítima";"150,000";"BR-116/SP";"Decrescente";"Choque";1;0;0;0;0;0;0;0;0;0;2;0;0;0;0
"27/07/2024";"06:07:00";"107";"Com vítima";"112,000";"BR-116/SP";"Decrescente";"Colisão lateral em sentido contrário";1;0;0;1;0;0;0;0;0;0;1;0;1;0;0
"27/07/2024";"07:44:00";"151";"Sem vítima";"215,400";"BR-116/SP";"Decrescente";"Colisão lateral em sentido contrário";1;0;0;0;0;0;0;0;0;0;1;0;0;0;0
"27/07/2024";"08:06:00";"168";"Com vítima";"35,000";"BR-101/SP";"Crescente";"Atropelamento de pedestre";1;1;0;0;0;0;0;0;0;0;3;0;0;0;0
"27/07/2024";"09:02:00";"206";"Sem vítima";"118,000";"BR-116/SP";"Decrescente";"Colisão traseira";0;0;2;0;0;0;0;0;0;0;4;0;0;0;0
"27/07/2024";"09:03:00";"209";"Sem vítima";"119,000";"BR-116/SP";"Decrescente";"Colisão traseira";3;0;1;0;0;0;0;0;0;0;7;0;0;0;0
"27/07/2024";"09:53:00";"232";"Sem vítima";"455,000";"BR-101/RJ";"Crescente";"Colisão traseira";1;0;1;0;0;0;0;0;0;0;2;0;0;0;0
"27/07/2024";"13:19:00";"317";"Sem vítima";"217,000";"BR-116/RJ";"Decrescente";"Colisão lateral em sentido contrário";2;0;0;0;0;0;0;0;0;0;4;0;0;0;0
"27/07/2024";"14:20:00";"345";"Sem vítima";"80,000";"BR-116/SP";"Crescente";"Colisão traseira";2;0;0;0;0;0;0;0;0;0;2;0;0;0;0
"27/07/2024";"17:15:00";"435";"Com vítima";"396,000";"BR-101/RJ";"Decrescente";"Acidentes de outra natureza";0;0;0;1;0;0;0;0;0;0;0;2;0;0;0
"27/07/2024";"17:21:00";"442";"Com vítima";"385,000";"BR-101/RJ";"Decrescente";"Colisão traseira";2;0;0;0;0;0;0;0;0;0;1;2;0;0;0
"27/07/2024";"18:12:00";"461";"Sem vítima";"47,000";"BR-101/SP";"Crescente";"Capotamento";1;0;0;0;0;0;0;0;0;0;2;0;0;0;0
"27/07/2024";"18:16:00";"462";"Sem vítima";"488,000";"BR-101/RJ";"Decrescente";"Choque";1;0;0;0;0;0;0;0;0;0;2;0;0;0;0
"27/07/2024";"18:39:00";"473";"Com vítima";"202,000";"BR-116/SP";"Decrescente";"Colisão traseira";1;0;0;1;0;0;0;0;0;0;0;1;0;0;0
"27/07/2024";"18:41:00";"474";"Sem vítima";"154,000";"BR-116/SP";"Crescente";"Colisão traseira";2;0;0;0;0;0;0;0;0;0;4;0;0;0;0
"27/07/2024";"21:10:00";"528";"Com vítima";"187,000";"BR-116/SP";"Decrescente";"Engavetamento";3;0;0;0;0;0;0;0;0;0;4;1;0;0;0
"27/07/2024";"23:55:00";"577";"Com vítima";"382,000";"BR-101/RJ";"Crescente";"Engavetamento";2;0;0;0;1;0;0;0;0;0;6;0;10;0;0
"28/07/2024";"00:00:00";"346";"Sem vítima";"429,500";"BR-101/RJ";"Decrescente";"Choque";1;0;0;0;0;0;0;0;0;0;2;0;0;0;0
"28/07/2024";"01:01:00";"34";"Com vítima";"57,000";"BR-116/SP";"Decrescente";"Colisão traseira";0;0;0;1;0;0;0;0;0;0;0;0;1;0;0
"28/07/2024";"01:54:00";"57";"Com vítima";"218,000";"BR-116/SP";"Crescente";"Colisão traseira";0;0;0;1;0;0;0;0;0;0;0;1;0;0;0
"28/07/2024";"03:36:00";"73";"Sem vítima";"482,000";"BR-101/RJ";"Crescente";"Colisão traseira";1;0;0;0;0;0;0;0;0;0;1;0;0;0;0
"28/07/2024";"05:00:00";"88";"Com vítima";"222,000";"BR-116/SP";"Decrescente";"Colisão lateral em sentido contrário";1;0;0;1;0;0;0;0;0;0;0;1;2;0;0
"28/07/2024";"05:20:00";"89";"Com vítima";"234,000";"BR-116/RJ";"Crescente";"Acidentes de outra natureza";0;0;0;1;0;0;0;0;0;0;0;1;0;0;0
"28/07/2024";"07:02:00";"116";"Com vítima";"70,000";"BR-116/SP";"Decrescente";"Acidentes de outra natureza";0;0;0;1;0;0;0;0;0;0;1;1;0;0;0
"28/07/2024";"08:55:00";"162";"Sem vítima";"135,000";"BR-116/SP";"Decrescente";"Choque";1;0;0;0;0;0;0;0;0;0;3;0;0;0;0
"28/07/2024";"10:00:00";"187";"Sem vítima";"72,000";"BR-116/SP";"Decrescente";"Colisão traseira";1;0;0;0;0;0;0;0;0;0;3;0;0;0;0
"28/07/2024";"12:07:00";"245";"Sem vítima";"149,000";"BR-116/SP";"Decrescente";"Colisão lateral em sentido contrário";0;0;2;0;0;0;0;0;0;0;2;0;0;0;0
"28/07/2024";"12:48:00";"259";"Sem vítima";"155,000";"BR-116/SP";"Crescente";"Colisão traseira";2;0;0;0;0;0;0;0;0;0;6;0;0;0;0
"28/07/2024";"13:10:00";"267";"Com vítima";"143,000";"BR-116/SP";"Decrescente";"Colisão traseira";1;0;0;1;0;0;0;0;0;0;2;4;0;0;0
"28/07/2024";"13:15:00";"270";"Sem vítima";"282,000";"BR-116/RJ";"Crescente";"Colisão traseira";1;0;0;0;0;0;0;0;0;0;2;0;0;0;0
"28/07/2024";"14:28:00";"314";"Sem vítima";"138,000";"BR-116/SP";"Crescente";"Acidentes de outra natureza";1;0;0;1;0;0;0;0;0;0;4;0;0;0;0
"28/07/2024";"14:40:00";"319";"Sem vítima";"138,900";"BR-116/SP";"Crescente";"Colisão traseira";1;0;0;0;0;0;0;0;0;0;3;0;0;0;0
"28/07/2024";"14:42:00";"322";"Sem vítima";"252,000";"BR-116/RJ";"Decrescente";"Engavetamento";1;0;0;0;0;0;0;0;0;0;2;0;0;0;0
"28/07/2024";"15:23:00";"335";"Com vítima";"104,000";"BR-116/SP";"Crescente";"Engavetamento";1;0;1;2;0;0;0;0;0;0;14;0;4;0;0
"28/07/2024";"15:28:00";"338";"Sem vítima";"104,000";"BR-116/SP";"Decrescente";"Engavetamento";2;0;0;0;0;0;0;0;0;0;4;0;0;0;0
"28/07/2024";"17:09:00";"391";"Sem vítima";"44,000";"BR-116/SP";"Decrescente";"Choque";1;0;0;0;0;0;0;0;0;0;1;0;0;0;0
"28/07/2024";"17:18:00";"396";"Com vítima";"305,000";"BR-116/RJ";"Decrescente";"Engavetamento";3;0;0;0;0;0;0;0;0;0;3;1;0;0;0
"28/07/2024";"18:25:00";"439";"Com vítima";"204,500";"BR-116/SP";"Crescente";"Colisão traseira";2;0;0;0;0;0;0;0;0;0;7;1;0;0;0
"28/07/2024";"18:43:00";"450";"Com vítima";"386,900";"BR-101/RJ";"Decrescente";"Atropelamento de pedestre";0;0;0;0;0;0;0;0;0;0;0;0;1;0;0
"28/07/2024";"18:55:00";"458";"Sem vítima";"66,000";"BR-116/SP";"Decrescente";"Colisão traseira";1;0;0;0;0;0;0;0;0;0;1;0;0;0;0
"28/07/2024";"19:00:00";"464";"Com vítima";"386,000";"BR-101/RJ";"Decrescente";"Colisão traseira";2;0;0;0;0;0;0;0;0;0;0;0;4;0;0
"28/07/2024";"19:05:00";"468";"Sem vítima";"284,000";"BR-116/RJ";"Decrescente";"Engavetamento";3;0;0;0;0;0;0;0;0;0;8;0;0;0;0
"28/07/2024";"19:33:00";"486";"Sem vítima";"230,000";"BR-116/RJ";"Decrescente";"Colisão traseira";1;0;0;0;0;0;0;0;0;1;22;0;0;0;0
"28/07/2024";"19:46:00";"492";"Com vítima";"224,000";"BR-116/SP";"Decrescente";"Choque";0;0;0;1;0;0;0;0;0;0;0;1;0;0;0
"28/07/2024";"20:09:00";"497";"Sem vítima";"101,500";"BR-116/SP";"Crescente";"Colisão traseira";2;0;0;0;0;0;0;0;0;0;3;0;0;0;0
"28/07/2024";"20:42:00";"516";"Sem vítima";"448,500";"BR-101/RJ";"Decrescente";"Choque";1;0;0;0;0;0;0;0;0;0;1;0;0;0;0
"28/07/2024";"21:10:00";"530";"Com vítima";"144,000";"BR-116/SP";"Decrescente";"Colisão traseira";2;0;0;0;0;0;0;0;0;0;0;3;0;0;0
"28/07/2024";"21:31:00";"542";"Sem vítima";"175,700";"BR-116/SP";"Decrescente";"Colisão traseira";1;0;0;0;0;0;0;0;0;0;3;0;0;0;0
"28/07/2024";"21:52:00";"549";"Com vítima";"242,000";"BR-116/RJ";"Crescente";"Atropelamento de pedestre";0;0;0;0;0;0;0;0;0;0;0;2;0;0;0
"28/07/2024";"22:44:00";"552";"Sem vítima";"391,000";"BR-101/RJ";"Crescente";"Colisão traseira";1;0;0;0;0;0;0;0;0;0;1;0;0;0;0
"29/07/2024";"00:00:00";"168";"Sem vítima";"235,000";"BR-116/RJ";"Decrescente";"Tombamento";0;0;0;0;0;0;0;1;0;0;1;0;0;0;0
"29/07/2024";"00:00:00";"405";"Sem vítima";"228,000";"BR-116/RJ";"Decrescente";"Tombamento";0;0;1;0;0;0;0;0;0;0;1;0;0;0;0
"29/07/2024";"00:00:00";"465";"Sem vítima";"276,000";"BR-116/RJ";"Crescente";"Engavetamento";2;0;0;0;1;0;0;0;0;0;4;0;0;0;0
"29/07/2024";"04:05:00";"77";"Sem vítima";"17,000";"BR-116/SP";"Crescente";"Choque";0;0;0;0;0;0;0;2;0;0;0;2;0;0;0
"29/07/2024";"04:37:00";"84";"Sem vítima";"182,000";"BR-116/SP";"Decrescente";"Colisão traseira";0;0;2;0;0;0;0;0;0;0;2;0;0;0;0
"29/07/2024";"06:40:00";"131";"Com vítima";"219,000";"BR-116/SP";"Decrescente";"Engavetamento";1;0;1;0;0;0;0;1;0;0;3;1;0;0;0
"29/07/2024";"07:02:00";"147";"Com vítima";"98,000";"BR-116/SP";"Decrescente";"Colisão lateral em sentido contrário";0;0;1;1;0;0;0;0;0;0;3;1;0;0;0
"29/07/2024";"07:42:00";"180";"Com vítima";"216,000";"BR-116/SP";"Decrescente";"Colisão traseira";1;0;0;1;0;0;0;0;0;0;1;1;0;0;0
"29/07/2024";"08:17:00";"205";"Com vítima";"404,000";"BR-101/RJ";"Crescente";"Engavetamento";2;0;0;0;0;0;0;0;0;0;0;3;0;0;0
"29/07/2024";"09:18:00";"275";"Sem vítima";"228,000";"BR-116/SP";"Crescente";"Acidentes de outra natureza";0;0;0;1;0;0;0;0;0;0;1;0;0;0;0
"29/07/2024";"11:10:00";"368";"Com vítima";"249,000";"BR-116/RJ";"Decrescente";"Colisão traseira";0;0;1;1;0;0;0;0;0;0;1;1;0;0;0
"29/07/2024";"11:47:00";"385";"Com vítima";"227,000";"BR-116/SP";"Decrescente";"Colisão traseira";1;0;0;1;0;0;0;0;0;0;1;1;0;0;0
"29/07/2024";"13:31:00";"432";"Com vítima";"242,000";"BR-116/RJ";"Crescente";"Choque";1;0;0;0;0;0;0;0;0;0;2;1;0;0;0
"29/07/2024";"15:00:00";"483";"Com vítima";"194,000";"BR-116/SP";"Decrescente";"Colisão traseira";1;0;1;0;0;0;0;0;0;0;2;1;0;0;0
"29/07/2024";"15:20:00";"493";"Com vítima";"230,000";"BR-116/SP";"Crescente";"Choque";1;0;0;0;0;0;0;0;0;0;0;2;0;0;0
"29/07/2024";"17:25:00";"547";"Sem vítima";"227,000";"BR-116/SP";"Decrescente";"Colisão traseira";0;0;1;0;0;0;0;0;0;0;1;0;0;0;0
"29/07/2024";"17:26:00";"549";"Com vítima";"584,000";"BR-101/RJ";"Decrescente";"Colisão frontal";0;0;0;2;0;0;0;0;0;0;0;0;2;0;2
"29/07/2024";"17:42:00";"557";"Com vítima";"584,000";"BR-101/RJ";"Decrescente";"Capotamento";1;0;0;0;0;0;0;0;0;0;0;1;0;0;0
"29/07/2024";"18:09:00";"574";"Sem vítima";"147,500";"BR-116/SP";"Decrescente";"Engavetamento";4;0;0;0;0;0;0;0;0;0;6;0;0;0;0
"29/07/2024";"18:18:00";"577";"Com vítima";"227,000";"BR-116/SP";"Decrescente";"Engavetamento";2;0;0;0;0;0;0;0;0;0;1;1;0;0;0
"29/07/2024";"18:26:00";"584";"Com vítima";"206,000";"BR-116/SP";"Crescente";"Engavetamento";2;0;0;1;0;0;0;0;0;0;3;2;0;0;0
"29/07/2024";"20:41:00";"645";"Com vítima";"275,000";"BR-116/RJ";"Crescente";"Colisão frontal";2;0;0;0;0;0;0;0;0;0;1;1;2;0;0
"29/07/2024";"22:05:00";"680";"Com vítima";"41,500";"BR-116/SP";"Crescente";"Choque";1;0;0;0;0;0;0;0;0;0;0;3;0;1;0
"30/07/2024";"00:00:00";"530";"Sem vítima";"70,000";"BR-116/SP";"Crescente";"Choque";1;0;0;0;0;0;0;0;0;0;2;0;0;0;0
"30/07/2024";"03:18:00";"63";"Sem vítima";"230,000";"BR-116/SP";"Crescente";"Colisão lateral em sentido contrário";0;0;2;0;0;0;0;0;0;0;4;0;0;0;0
"30/07/2024";"04:22:00";"73";"Com vítima";"265,000";"BR-116/RJ";"Decrescente";"Colisão traseira";0;0;2;0;0;0;0;0;0;0;1;0;1;0;0
"30/07/2024";"05:21:00";"87";"Sem vítima";"232,000";"BR-116/RJ";"Decrescente";"Choque";0;0;0;0;0;0;0;1;0;0;3;0;0;0;0
"30/07/2024";"06:08:00";"112";"Sem vítima";"219,000";"BR-116/SP";"Decrescente";"Acidentes de outra natureza";0;0;0;0;0;0;0;0;0;0;0;0;0;0;0
"30/07/2024";"06:39:00";"141";"Sem vítima";"224,000";"BR-116/SP";"Crescente";"Engavetamento";3;0;0;0;0;0;0;0;0;0;3;0;0;0;0
"30/07/2024";"06:43:00";"145";"Sem vítima";"227,500";"BR-116/SP";"Crescente";"Choque";1;0;0;0;0;0;0;0;0;0;3;0;0;0;0
"30/07/2024";"06:47:00";"149";"Sem vítima";"313,000";"BR-116/RJ";"Decrescente";"Choque";0;0;1;0;0;0;0;0;0;0;1;0;0;0;0
"30/07/2024";"07:50:00";"230";"Sem vítima";"281,000";"BR-116/RJ";"Crescente";"Choque";0;0;0;0;0;0;0;1;0;0;1;0;0;0;0
"30/07/2024";"11:59:00";"398";"Sem vítima";"227,000";"BR-116/SP";"Decrescente";"Colisão lateral em sentido contrário";1;0;0;0;0;0;0;0;0;0;1;0;0;0;0
"30/07/2024";"12:09:00";"401";"Com vítima";"413,000";"BR-101/RJ";"Decrescente";"Capotamento";1;0;0;0;0;0;0;0;0;0;0;0;2;0;0
"30/07/2024";"13:52:00";"444";"Com vítima";"444,000";"BR-101/RJ";"Decrescente";"Choque";1;0;0;0;0;0;0;0;0;0;2;2;0;0;0
"30/07/2024";"15:12:00";"482";"Com vítima";"106,000";"BR-116/SP";"Crescente";"Colisão traseira";2;0;0;0;0;0;0;0;0;0;1;1;0;0;0
"30/07/2024";"15:34:00";"497";"Com vítima";"233,000";"BR-116/RJ";"Decrescente";"Choque";1;0;0;0;0;0;0;0;0;0;0;1;0;0;0
"30/07/2024";"16:28:00";"520";"Sem vítima";"239,000";"BR-116/RJ";"Decrescente";"Choque";1;0;0;0;0;0;0;0;0;0;2;0;0;0;0
"30/07/2024";"17:09:00";"538";"Com vítima";"466,000";"BR-101/RJ";"Decrescente";"Colisão frontal";2;0;0;0;0;0;0;0;0;0;0;0;1;0;0
"30/07/2024";"18:31:00";"581";"Com vítima";"214,000";"BR-116/SP";"Decrescente";"Colisão lateral em sentido contrário";1;0;0;1;0;0;0;0;0;0;2;1;0;0;0
"30/07/2024";"18:53:00";"590";"Sem vítima";"157,500";"BR-116/SP";"Crescente";"Colisão traseira";2;0;0;0;0;0;0;0;0;0;2;0;0;0;0
"30/07/2024";"21:27:00";"653";"Com vítima";"211,300";"BR-116/SP";"Decrescente";"Colisão traseira";1;0;0;1;0;0;0;0;0;0;1;1;0;0;0
"30/07/2024";"23:00:00";"672";"Sem vítima";"42,000";"BR-101/SP";"Decrescente";"Choque";1;0;0;0;0;0;0;0;0;0;1;0;0;0;0
"31/07/2024";"00:52:00";"47";"Com vítima";"67,000";"BR-116/SP";"Decrescente";"Choque";1;0;0;0;0;0;0;0;0;0;0;0;1;0;0
"31/07/2024";"00:55:00";"48";"Sem vítima";"475,300";"BR-101/RJ";"Crescente";"Choque";1;0;0;0;0;0;0;0;0;0;1;0;0;0;0
"31/07/2024";"03:47:00";"69";"Com vítima";"232,600";"BR-116/RJ";"Decrescente";"Tombamento";0;0;0;0;0;0;0;1;0;0;0;0;1;0;0
"31/07/2024";"07:50:00";"234";"Com vítima";"224,200";"BR-116/SP";"Crescente";"Colisão traseira";1;0;0;1;0;0;0;0;0;0;1;1;0;0;0