data;horario;n_da_ocorrencia;tipo_de_ocorrencia;km;trecho;sentido;tipo_de_acidente;automovel;bicicleta;caminhao;moto;onibus;outros;tracao_animal;transporte_de_cargas_especiais;trator_maquinas;utilitarios;ilesos;levemente_feridos;moderadamente_feridos;gravemente_feridos;mortos
"31/07/2024";"08:51:00";"296";"Com vítima";"43,000";"BR-101/SP";"Crescente";"Atropelamento de pedestre";0;1;0;0;0;0;0;0;0;1;1;0;0;0;0
"31/07/2024";"12:59:00";"458";"Com vítima";"480,000";"BR-101/RJ";"Decrescente";"Acidentes de outra natureza";0;0;0;1;0;0;0;0;0;0;0;1;0;0;0
"31/07/2024";"13:17:00";"474";"Com vítima";"231,000";"BR-116/SP";"Crescente";"Colisão traseira";1;0;0;1;0;0;0;0;0;0;3;0;3;0;0
"31/07/2024";"15:17:00";"540";"Sem vítima";"147,800";"BR-116/SP";"Decrescente";"Engavetamento";1;0;0;0;0;0;0;0;0;0;2;0;0;0;0
"31/07/2024";"15:57:00";"554";"Sem vítima";"278,000";"BR-116/RJ";"Crescente";"Choque";1;0;0;0;0;0;0;0;0;0;0;0;0;0;0
"31/07/2024";"16:10:00";"563";"Com vítima";"218,000";"BR-116/RJ";"Decrescente";"Engavetamento";3;0;1;0;0;0;0;0;0;1;5;3;1;0;0
"31/07/2024";"17:25:00";"608";"Com vítima";"146,800";"BR-116/SP";"Decrescente";"Colisão lateral em sentido contrário";1;0;1;0;0;0;0;0;0;0;2;1;0;0;0
"31/07/2024";"22:05:00";"732";"Sem vítima";"40,000";"BR-101/SP";"Crescente";"Choque";1;0;0;0;0;0;0;0;0;0;2;0;0;0;0
"31/07/2024";"22:39:00";"739";"Com vítima";"228,000";"BR-116/SP";"Decrescente";"Atropelamento de pedestre";1;0;0;0;0;0;0;0;0;0;1;0;0;2;0
"01/08/2024";"00:00:00";"100";"Sem vítima";"276,000";"BR-116/RJ";"Crescente";"Engavetamento";1;0;0;0;0;0;0;0;0;0;0;0;0;0;0
"01/08/2024";"00:02:00";"34";"Com vítima";"86,000";"BR-116/SP";"Crescente";"Colisão lateral em sentido contrário";1;0;1;0;0;0;0;0;0;0;0;2;0;0;0
"01/08/2024";"03:08:00";"78";"Sem vítima";"445,000";"BR-101/RJ";"Decrescente";"Choque";0;0;1;0;0;0;0;0;0;0;0;0;0;0;0
"01/08/2024";"05:27:00";"94";"Com vítima";"149,700";"BR-116/SP";"Crescente";"Choque";1;0;0;0;0;1;0;0;0;0;0;4;0;0;0
"01/08/2024";"07:35:00";"199";"Sem vítima";"155,000";"BR-116/SP";"Crescente";"Engavetamento";4;0;0;0;0;0;0;0;0;0;4;0;0;0;0
"01/08/2024";"07:56:00";"214";"Com vítima";"139,350";"BR-116/SP";"Crescente";"Colisão traseira";0;0;0;1;0;0;0;0;0;0;0;1;1;0;0
"01/08/2024";"08:12:00";"223";"Sem vítima";"138,000";"BR-116/SP";"Crescente";"Colisão lateral em sentido contrário";1;0;0;0;0;0;0;1;0;0;4;0;0;0;0
"01/08/2024";"08:56:00";"255";"Com vítima";"212,000";"BR-116/SP";"Crescente";"Acidentes de outra natureza";0;0;0;1;0;0;0;0;0;0;0;4;0;0;0
"01/08/2024";"09:23:00";"278";"Sem vítima";"129,000";"BR-116/SP";"Crescente";"Colisão traseira";0;0;0;0;0;0;0;2;0;0;2;0;0;0;0
"01/08/2024";"09:56:00";"298";"Com vítima";"142,800";"BR-116/SP";"Crescente";"Colisão traseira";2;0;0;0;0;0;0;0;0;0;5;1;0;0;0
"01/08/2024";"11:18:00";"340";"Sem vítima";"86,000";"BR-116/SP";"Decrescente";"Colisão traseira";1;0;0;0;0;0;0;1;0;0;3;0;0;0;0
"01/08/2024";"13:53:00";"404";"Sem vítima";"191,000";"BR-116/SP";"Decrescente";"Colisão traseira";1;0;0;0;0;0;0;0;0;0;2;0;0;0;0
"01/08/2024";"14:40:00";"429";"Sem vítima";"232,000";"BR-116/RJ";"Crescente";"Colisão traseira";1;0;0;0;0;0;0;1;0;0;4;0;0;0;0
"01/08/2024";"17:01:00";"496";"Sem vítima";"116,000";"BR-116/SP";"Decrescente";"Engavetamento";3;0;0;0;0;0;0;0;0;0;4;0;0;0;0
"01/08/2024";"17:09:00";"498";"Sem vítima";"117,000";"BR-116/SP";"Decrescente";"Colisão traseira";1;0;0;0;0;0;0;0;0;0;10;0;0;0;0
"01/08/2024";"17:34:00";"510";"Sem vítima";"297,000";"BR-116/RJ";"Decrescente";"Choque";1;0;0;0;0;0;0;0;0;0;1;0;0;0;0
"01/08/2024";"21:15:00";"619";"Com vítima";"232,000";"BR-116/RJ";"Decrescente";"Colisão traseira";0;0;1;0;0;0;0;0;0;0;0;1;0;0;0
"01/08/2024";"23:34:00";"649";"Com vítima";"270,000";"BR-116/RJ";"Decrescente";"Colisão traseira";0;0;2;0;0;0;0;0;0;0;1;0;1;0;0
"02/08/2024";"01:28:00";"49";"Com vítima";"241,600";"BR-116/RJ";"Decrescente";"Colisão traseira";0;0;2;0;0;0;0;0;0;0;1;1;0;0;0
"02/08/2024";"01:37:00";"52";"Com vítima";"49,000";"BR-116/SP";"Decrescente";"Atropelamento de pedestre";0;0;0;0;0;0;0;0;0;1;0;2;0;0;0
"02/08/2024";"07:37:00";"193";"Sem vítima";"114,700";"BR-116/SP";"Decrescente";"Colisão traseira";2;0;0;0;0;0;0;0;0;0;2;0;0;0;0
"02/08/2024";"07:51:00";"203";"Com vítima";"210,000";"BR-116/SP";"Decrescente";"Choque";0;0;0;1;0;0;0;0;0;1;20;0;1;0;0
"02/08/2024";"08:45:00";"259";"Sem vítima";"102,700";"BR-116/SP";"Decrescente";"Colisão traseira";1;0;0;0;0;0;0;0;0;0;1;0;0;0;0
"02/08/2024";"09:04:00";"272";"Com vítima";"575,000";"BR-101/RJ";"Decrescente";"Atropelamento de pedestre";0;1;0;1;0;0;0;0;0;0;0;0;1;0;0
"02/08/2024";"09:06:00";"274";"Sem vítima";"306,000";"BR-116/RJ";"Crescente";"Colisão lateral em sentido contrário";2;0;0;0;0;0;0;0;0;0;6;0;0;0;0
"02/08/2024";"09:07:00";"275";"Com vítima";"162,000";"BR-116/SP";"Decrescente";"Engavetamento";0;0;2;0;0;0;0;1;0;0;0;1;0;0;0
"02/08/2024";"09:23:00";"289";"Sem vítima";"268,000";"BR-116/RJ";"Crescente";"Colisão traseira";1;0;1;0;0;0;0;0;0;0;5;0;0;0;0
"02/08/2024";"11:11:00";"348";"Sem vítima";"153,800";"BR-116/SP";"Decrescente";"Choque";1;0;0;0;0;0;0;0;0;0;1;0;0;0;0
"02/08/2024";"11:23:00";"351";"Sem vítima";"146,000";"BR-116/SP";"Crescente";"Capotamento";1;0;0;0;0;0;0;0;0;0;0;0;0;0;0
"02/08/2024";"14:50:00";"433";"Com vítima";"102,000";"BR-116/SP";"Decrescente";"Colisão lateral em sentido contrário";0;0;0;1;0;0;0;0;0;0;0;0;1;0;0
"02/08/2024";"15:25:00";"445";"Sem vítima";"68,000";"BR-116/SP";"Crescente";"Colisão lateral em sentido contrário";1;0;1;0;0;0;0;0;0;0;2;0;0;0;0
"02/08/2024";"15:47:00";"457";"Com vítima";"217,400";"BR-116/SP";"Crescente";"Acidentes de outra natureza";0;0;0;1;0;0;0;0;0;0;0;2;0;0;0
"02/08/2024";"16:39:00";"482";"Com vítima";"148,000";"BR-116/SP";"Decrescente";"Colisão traseira";1;0;1;1;0;0;0;0;0;0;3;1;1;0;0
"02/08/2024";"17:19:00";"502";"Sem vítima";"149,000";"BR-116/SP";"Crescente";"Colisão traseira";0;0;0;0;0;0;0;1;0;0;1;0;0;0;0
"02/08/2024";"17:41:00";"515";"Sem vítima";"112,000";"BR-116/SP";"Decrescente";"Colisão traseira";2;0;0;0;0;0;0;0;0;0;6;0;0;0;0
"02/08/2024";"18:00:00";"525";"Com vítima";"97,000";"BR-116/SP";"Crescente";"Colisão traseira";1;0;0;2;0;0;0;0;0;0;4;1;0;0;0
"02/08/2024";"20:47:00";"597";"Com vítima";"218,100";"BR-116/SP";"Decrescente";"Engavetamento";1;0;0;2;0;0;0;0;0;0;2;2;0;0;0
"02/08/2024";"20:48:00";"599";"Com vítima";"329,500";"BR-116/RJ";"Decrescente";"Colisão traseira";1;0;0;0;0;0;0;0;0;0;0;2;0;0;0
"03/08/2024";"00:14:00";"35";"Sem vítima";"230,000";"BR-116/SP";"Crescente";"Colisão traseira";1;0;1;0;0;0;0;0;0;0;2;0;0;0;0
"03/08/2024";"02:25:00";"66";"Sem vítima";"217,000";"BR-116/SP";"Decrescente";"Colisão traseira";1;0;0;0;0;0;0;0;0;0;0;0;0;0;0
"03/08/2024";"04:58:00";"87";"Sem vítima";"408,000";"BR-101/RJ";"Decrescente";"Atropelamento de pedestre";1;0;0;0;0;0;0;0;0;0;1;0;0;0;0
"03/08/2024";"04:58:00";"87";"Sem vítima";"408,700";"BR-101/RJ";"Decrescente";"Atropelamento de pedestre";1;0;0;0;0;0;0;0;0;0;1;0;0;0;0
"03/08/2024";"05:13:00";"89";"Com vítima";"225,000";"BR-116/SP";"Crescente";"Engavetamento";4;0;0;0;0;0;0;0;0;0;6;1;0;0;0
"03/08/2024";"05:13:00";"101";"Sem vítima";"225,000";"BR-116/SP";"Crescente";"Colisão lateral em sentido contrário";2;0;0;0;0;0;0;1;0;0;4;0;0;0;0
"03/08/2024";"06:08:00";"108";"Com vítima";"50,000";"BR-116/SP";"Decrescente";"Atropelamento de pedestre";0;0;0;1;0;0;0;0;0;0;0;1;0;0;0
"03/08/2024";"06:36:00";"122";"Com vítima";"243,000";"BR-116/RJ";"Decrescente";"Choque";1;0;0;0;0;0;0;0;0;0;1;1;0;0;0
"03/08/2024";"08:02:00";"195";"Sem vítima";"129,000";"BR-116/SP";"Decrescente";"Colisão traseira";2;0;0;0;0;0;0;0;0;0;12;0;0;0;0
"03/08/2024";"08:22:00";"215";"Com vítima";"482,000";"BR-101/RJ";"Decrescente";"Colisão lateral em sentido contrário";1;0;0;1;0;0;0;0;0;0;1;2;0;0;0
"03/08/2024";"08:43:00";"226";"Sem vítima";"218,000";"BR-116/SP";"Crescente";"Engavetamento";2;0;0;0;0;0;0;0;0;0;3;0;0;0;0
"03/08/2024";"10:04:00";"277";"Com vítima";"235,800";"BR-116/RJ";"Crescente";"Acidentes de outra natureza";0;0;0;1;0;0;0;0;0;0;0;1;0;0;0
"03/08/2024";"10:06:00";"280";"Com vítima";"504,000";"BR-101/RJ";"Decrescente";"Colisão transversal";1;0;0;1;0;0;0;0;0;0;1;1;0;0;0
"03/08/2024";"10:52:00";"311";"Sem vítima";"95,000";"BR-116/SP";"Decrescente";"Engavetamento";3;0;0;0;0;0;0;0;0;0;7;0;0;0;0
"03/08/2024";"11:15:00";"324";"Sem vítima";"157,200";"BR-116/SP";"Decrescente";"Engavetamento";1;0;0;0;0;0;0;0;0;0;3;0;0;0;0
"03/08/2024";"11:34:00";"339";"Sem vítima";"225,700";"BR-116/RJ";"Crescente";"Colisão traseira";0;0;0;0;0;0;0;1;0;0;3;0;0;0;0
"03/08/2024";"11:37:00";"340";"Com vítima";"142,000";"BR-116/SP";"Decrescente";"Engavetamento";3;0;0;0;0;0;0;0;0;0;8;2;0;0;0
"03/08/2024";"12:28:00";"366";"Com vítima";"218,800";"BR-116/SP";"Crescente";"Colisão traseira";1;0;0;1;0;0;0;0;0;0;1;0;1;0;0
"03/08/2024";"12:31:00";"371";"Com vítima";"336,500";"BR-116/RJ";"Crescente";"Choque";1;0;0;0;0;0;0;0;0;0;1;2;0;0;0
"03/08/2024";"13:13:00";"391";"Com vítima";"144,000";"BR-116/SP";"Crescente";"Acidentes de outra natureza";0;0;0;1;0;0;0;0;0;0;0;1;0;0;0
"03/08/2024";"13:37:00";"373";"Com vítima";"254,000";"BR-116/RJ";"Crescente";"Acidentes de outra natureza";0;0;0;1;0;0;0;0;0;0;0;0;1;0;0
"03/08/2024";"15:08:00";"448";"Sem vítima";"293,000";"BR-116/RJ";"Crescente";"Colisão traseira";1;0;0;0;0;0;0;0;0;0;4;0;0;0;0
"03/08/2024";"15:32:00";"459";"Sem vítima";"293,000";"BR-116/RJ";"Crescente";"Engavetamento";2;0;0;0;0;0;0;0;0;0;5;0;0;0;0
"03/08/2024";"17:20:00";"519";"Com vítima";"107,000";"BR-116/SP";"Decrescente";"Acidentes de outra natureza";0;0;0;1;0;0;0;0;0;0;0;0;2;0;0
"03/08/2024";"18:11:00";"540";"Sem vítima";"96,000";"BR-116/SP";"Decrescente";"Choque";0;0;1;0;0;0;0;0;0;0;1;0;0;0;0
"03/08/2024";"18:26:00";"549";"Com vítima";"458,000";"BR-101/RJ";"Decrescente";"Colisão lateral em sentido contrário";2;0;0;0;0;0;0;0;0;0;4;0;1;0;0
"03/08/2024";"18:47:00";"560";"Com vítima";"385,000";"BR-101/RJ";"Crescente";"Engavetamento";3;0;0;0;0;0;0;0;0;0;7;1;0;0;0
"03/08/2024";"19:00:00";"564";"Sem vítima";"384,000";"BR-101/RJ";"Crescente";"Engavetamento";3;0;0;0;0;0;0;0;0;0;5;0;0;0;0
"03/08/2024";"19:01:00";"565";"Sem vítima";"231,000";"BR-116/SP";"Crescente";"Engavetamento";3;0;0;0;0;0;0;0;0;0;3;0;0;0;0
"03/08/2024";"19:41:00";"577";"Com vítima";"228,000";"BR-116/SP";"Crescente";"Colisão lateral em sentido contrário";2;0;0;1;0;0;0;0;0;0;2;1;0;0;0
"03/08/2024";"19:46:00";"581";"Sem vítima";"387,000";"BR-101/RJ";"Crescente";"Engavetamento";2;0;0;0;0;0;0;0;0;0;2;0;0;0;0
"03/08/2024";"19:52:00";"585";"Com vítima";"227,000";"BR-116/SP";"Decrescente";"Engavetamento";4;0;0;0;0;0;0;0;0;0;8;0;0;1;0
"03/08/2024";"19:59:00";"587";"Com vítima";"503,000";"BR-101/RJ";"Decrescente";"Colisão lateral em sentido contrário";0;0;0;1;0;0;0;0;0;0;0;1;0;0;0
"03/08/2024";"22:00:00";"614";"Com vítima";"391,000";"BR-101/RJ";"Decrescente";"Colisão traseira";1;0;0;1;0;0;0;0;0;0;1;1;0;0;0
"04/08/2024";"02:06:00";"61";"Com vítima";"428,000";"BR-101/RJ";"Crescente";"Colisão lateral em sentido contrário";0;0;2;0;0;0;0;0;0;0;3;0;1;0;0
"04/08/2024";"05:05:00";"84";"Com vítima";"70,000";"BR-116/SP";"Crescente";"Choque";1;0;0;0;0;0;0;0;0;0;1;1;0;0;0
"04/08/2024";"08:49:00";"215";"Sem vítima";"165,000";"BR-116/SP";"Crescente";"Colisão lateral em sentido contrário";1;0;0;0;0;0;0;1;0;0;6;0;0;0;0
"04/08/2024";"09:11:00";"226";"Com vítima";"236,200";"BR-116/RJ";"Crescente";"Choque";0;0;0;1;0;0;0;0;0;0;0;0;0;0;1
"04/08/2024";"09:25:00";"229";"Sem vítima";"271,000";"BR-116/RJ";"Crescente";"Colisão lateral em sentido contrário";1;0;0;0;0;0;0;0;0;0;2;0;0;0;0
"04/08/2024";"10:02:00";"249";"Sem vítima";"249,550";"BR-116/RJ";"Crescente";"Colisão traseira";1;0;0;0;0;0;0;0;0;0;0;0;0;0;0
"04/08/2024";"12:26:00";"307";"Sem vítima";"59,950";"BR-116/SP";"Crescente";"Choque";1;0;0;0;0;0;0;0;0;0;0;0;0;0;0
"04/08/2024";"14:00:00";"354";"Sem vítima";"86,700";"BR-116/SP";"Crescente";"Engavetamento";4;0;0;0;0;0;0;0;0;0;12;0;0;0;0
"04/08/2024";"14:57:00";"377";"Com vítima";"233,000";"BR-116/RJ";"Decrescente";"Acidentes de outra natureza";0;0;0;1;0;0;0;0;0;0;1;1;0;0;0
"04/08/2024";"15:12:00";"385";"Sem vítima";"139,400";"BR-116/SP";"Crescente";"Engavetamento";3;0;0;0;0;0;0;0;0;0;8;0;0;0;0
"04/08/2024";"15:29:00";"394";"Sem vítima";"80,000";"BR-116/SP";"Crescente";"Colisão traseira";2;0;0;0;0;0;0;0;0;0;2;0;0;0;0
"04/08/2024";"16:22:00";"423";"Sem vítima";"95,000";"BR-116/SP";"Decrescente";"Colisão lateral em sentido contrário";1;0;1;0;0;0;0;0;0;0;2;0;0;0;0
"04/08/2024";"16:30:00";"425";"Sem vítima";"71,000";"BR-116/SP";"Crescente";"Colisão traseira";2;0;0;0;0;0;0;0;0;0;4;0;0;0;0
"04/08/2024";"16:30:00";"426";"Com vítima";"292,000";"BR-116/RJ";"Decrescente";"Engavetamento";3;0;0;1;0;0;0;0;0;1;10;2;2;0;0
"04/08/2024";"18:40:00";"493";"Sem vítima";"292,000";"BR-116/RJ";"Decrescente";"Colisão traseira";2;0;0;0;0;0;0;0;0;0;4;0;0;0;0
"04/08/2024";"19:23:00";"521";"Sem vítima";"482,000";"BR-101/RJ";"Decrescente";"Colisão traseira";1;0;0;0;1;0;0;0;0;0;8;0;0;0;0
"04/08/2024";"20:15:00";"542";"Com vítima";"44,600";"BR-101/SP";"Decrescente";"Atropelamento de pedestre";0;0;0;1;0;0;0;0;0;0;0;2;0;0;0
"04/08/2024";"20:42:00";"551";"Sem vítima";"36,500";"BR-101/SP";"Crescente";"Capotamento";1;0;0;0;0;0;0;0;0;0;1;0;0;0;0
"04/08/2024";"21:08:00";"562";"Com vítima";"504,000";"BR-101/RJ";"Decrescente";"Acidentes de outra natureza";0;0;0;1;0;0;0;0;0;0;0;1;0;0;0
"05/08/2024";"00:56:00";"43";"Com vítima";"28,000";"BR-101/SP";"Crescente";"Choque";1;0;0;0;0;0;0;0;0;0;0;1;0;0;0
"05/08/2024";"03:18:00";"63";"Com vítima";"110,000";"BR-116/SP";"Decrescente";"Colisão traseira";0;0;1;1;0;0;0;0;0;0;2;0;1;0;0
"05/08/2024";"03:56:00";"69";"Com vítima";"323,800";"BR-116/RJ";"Crescente";"Choque";1;0;0;0;1;0;0;0;0;0;51;1;0;0;0
"05/08/2024";"03:59:00";"70";"Sem vítima";"192,000";"BR-116/SP";"Decrescente";"Choque";1;0;0;0;0;0;0;0;0;0;1;0;0;0;0
"05/08/2024";"06:13:00";"114";"Com vítima";"225,000";"BR-116/SP";"Crescente";"Colisão traseira";2;0;0;0;0;0;0;0;0;0;0;2;0;0;0
"05/08/2024";"07:32:00";"187";"Com vítima";"227,000";"BR-116/SP";"Decrescente";"Engavetamento";3;0;0;0;0;0;0;0;0;0;2;1;0;0;0
"05/08/2024";"08:00:00";"219";"Com vítima";"138,700";"BR-116/SP";"Crescente";"Colisão lateral em sentido contrário";1;0;0;1;0;0;0;0;0;0;4;1;0;0;0
"05/08/2024";"08:57:00";"274";"Com vítima";"157,000";"BR-116/SP";"Decrescente";"Acidentes de outra natureza";0;0;0;1;0;0;0;0;0;0;0;1;0;0;0
"05/08/2024";"09:28:00";"299";"Com vítima";"382,000";"BR-101/RJ";"Crescente";"Capotamento";1;0;0;0;0;0;0;0;0;0;0;2;0;0;0
"05/08/2024";"10:18:00";"335";"Sem vítima";"224,000";"BR-116/SP";"Crescente";"Colisão traseira";2;0;0;0;0;0;0;0;0;0;3;0;0;0;0
"05/08/2024";"11:48:00";"402";"Com vítima";"229,000";"BR-116/RJ";"Decrescente";"Tombamento";0;0;1;0;0;0;0;0;0;0;0;1;0;0;0
"05/08/2024";"13:03:00";"435";"Com vítima";"223,000";"BR-116/SP";"Decrescente";"Colisão traseira";0;0;1;1;0;0;0;0;0;0;4;4;0;0;0
"05/08/2024";"17:23:00";"575";"Com vítima";"56,000";"BR-116/SP";"Decrescente";"Engavetamento";2;0;1;0;0;0;0;1;0;0;1;3;0;0;0
"05/08/2024";"17:38:00";"581";"Com vítima";"56,000";"BR-116/SP";"Decrescente";"Colisão traseira";2;0;0;0;0;0;0;0;0;0;1;1;0;0;0
"05/08/2024";"18:49:00";"619";"Sem vítima";"246,000";"BR-116/RJ";"Crescente";"Colisão lateral em sentido contrário";1;0;1;0;0;0;0;0;0;0;0;0;0;0;0
"05/08/2024";"21:01:00";"675";"Sem vítima";"214,000";"BR-116/SP";"Decrescente";"Colisão lateral em sentido contrário";1;0;1;0;0;0;0;0;0;0;3;0;0;0;0
"05/08/2024";"22:01:00";"699";"Sem vítima";"219,000";"BR-116/SP";"Crescente";"Colisão lateral em sentido contrário";1;0;1;0;0;0;0;0;0;0;4;0;0;0;0
"06/08/2024";"00:37:00";"34";"Sem vítima";"29,600";"BR-101/SP";"Crescente";"Choque";1;0;0;0;0;0;0;0;0;0;4;0;0;0;0
"06/08/2024";"01:23:00";"53";"Sem vítima";"38,500";"BR-101/SP";"Decrescente";"Choque";1;0;0;0;0;0;0;0;0;0;2;0;0;0;0
"06/08/2024";"01:52:00";"56";"Sem vítima";"79,300";"BR-116/SP";"Crescente";"Colisão traseira";1;0;0;0;0;0;0;0;0;0;1;0;0;0;0
"06/08/2024";"04:15:00";"74";"Com vítima";"97,000";"BR-116/SP";"Crescente";"Colisão traseira";0;0;2;0;0;0;0;0;0;0;0;6;0;0;0
"06/08/2024";"06:30:00";"138";"Sem vítima";"210,000";"BR-116/SP";"Decrescente";"Colisão lateral em sentido contrário";1;0;0;0;0;0;0;0;0;0;1;0;0;0;0
"06/08/2024";"07:00:00";"171";"Com vítima";"269,000";"BR-116/RJ";"Decrescente";"Acidentes de outra natureza";0;0;0;1;0;0;0;0;0;0;0;2;0;0;0
"06/08/2024";"08:01:00";"236";"Sem vítima";"221,000";"BR-116/SP";"Crescente";"Colisão traseira";1;0;0;0;0;0;0;0;0;1;2;0;0;0;0
"06/08/2024";"08:26:00";"259";"Sem vítima";"208,000";"BR-116/SP";"Decrescente";"Colisão traseira";1;0;0;0;0;0;0;0;0;0;1;0;0;0;0
"06/08/2024";"08:51:00";"285";"Com vítima";"130,900";"BR-116/SP";"Crescente";"Colisão traseira";0;0;0;1;0;0;0;0;0;0;0;1;0;0;0
"06/08/2024";"09:04:00";"292";"Sem vítima";"130,000";"BR-116/SP";"Crescente";"Engavetamento";0;0;3;0;0;0;0;0;0;0;3;0;0;0;0
"06/08/2024";"09:19:00";"310";"Sem vítima";"227,900";"BR-116/SP";"Crescente";"Colisão traseira";0;0;0;0;1;0;0;1;0;0;16;0;0;0;0
"06/08/2024";"09:27:00";"315";"Sem vítima";"334,000";"BR-116/RJ";"Decrescente";"Choque";1;0;0;0;0;0;0;0;0;0;1;0;0;0;0
"06/08/2024";"09:43:00";"327";"Com vítima";"197,000";"BR-116/SP";"Crescente";"Colisão traseira";0;0;1;0;0;0;0;1;0;0;1;0;3;0;0
"06/08/2024";"11:55:00";"383";"Com vítima";"189,000";"BR-116/SP";"Crescente";"Colisão traseira";0;0;0;1;0;0;0;0;0;0;0;1;0;0;0
"06/08/2024";"12:36:00";"401";"Com vítima";"234,000";"BR-116/RJ";"Crescente";"Colisão lateral em sentido contrário";0;0;1;0;0;0;0;0;0;0;1;1;0;0;0
"06/08/2024";"12:41:00";"404";"Sem vítima";"220,000";"BR-116/SP";"Decrescente";"Colisão traseira";1;0;1;0;0;0;0;0;0;0;2;0;0;0;0
"06/08/2024";"13:44:00";"431";"Sem vítima";"219,000";"BR-116/SP";"Crescente";"Engavetamento";2;0;0;0;0;0;0;0;0;0;4;0;0;0;0
"06/08/2024";"15:23:00";"498";"Com vítima";"327,000";"BR-116/RJ";"Decrescente";"Capotamento";1;0;0;0;0;0;0;0;0;0;0;4;1;0;0
"06/08/2024";"23:15:00";"692";"Com vítima";"212,000";"BR-116/SP";"Crescente";"Colisão traseira";0;0;1;0;0;0;0;0;0;1;3;1;0;0;0
"07/08/2024";"00:00:00";"593";"Sem vítima";"565,000";"BR-101/RJ";"Crescente";"Choque";0;0;1;0;0;0;0;0;0;0;2;0;0;0;0
"07/08/2024";"00:44:00";"725";"Com vítima";"218,000";"BR-116/SP";"Crescente";"Choque";1;0;0;0;0;0;0;0;0;0;0;0;1;0;0
"07/08/2024";"02:27:00";"55";"Com vítima";"86,300";"BR-116/SP";"Decrescente";"Colisão traseira";0;0;1;0;0;0;0;2;0;0;2;0;0;1;0
"07/08/2024";"06:21:00";"108";"Com vítima";"451,000";"BR-101/RJ";"Decrescente";"Acidentes de outra natureza";0;0;0;1;0;0;0;0;0;0;0;1;0;0;0
"07/08/2024";"08:27:00";"246";"Com vítima";"160,000";"BR-116/SP";"Crescente";"Colisão traseira";0;0;0;1;0;0;0;0;0;0;0;1;0;0;0
"07/08/2024";"08:34:00";"258";"Sem vítima";"146,000";"BR-116/SP";"Decrescente";"Engavetamento";4;0;0;0;0;0;0;0;0;0;5;0;0;0;0
"07/08/2024";"08:43:00";"267";"Com vítima";"134,700";"BR-116/SP";"Crescente";"Engavetamento";3;0;0;0;0;0;0;0;0;0;7;1;0;0;0
"07/08/2024";"09:05:00";"288";"Sem vítima";"145,500";"BR-116/SP";"Crescente";"Colisão lateral em sentido contrário";1;0;0;0;0;0;0;0;0;0;2;0;0;0;0
"07/08/2024";"09:30:00";"310";"Com vítima";"228,000";"BR-116/SP";"Decrescente";"Colisão lateral em sentido contrário";0;0;0;2;0;0;0;0;0;0;1;1;0;0;0
"07/08/2024";"09:56:00";"330";"Com vítima";"418,000";"BR-101/RJ";"Decrescente";"Colisão lateral em sentido contrário";0;0;1;1;0;0;0;0;0;0;1;0;0;1;0
"07/08/2024";"11:43:00";"382";"Com vítima";"164,950";"BR-116/SP";"Decrescente";"Choque";1;0;1;0;0;0;0;0;0;0;1;0;0;1;0
"07/08/2024";"13:10:00";"420";"Sem vítima";"111,000";"BR-116/SP";"Decrescente";"Choque";1;0;0;0;0;0;0;0;0;0;4;0;0;0;0
"07/08/2024";"13:52:00";"445";"Sem vítima";"216,000";"BR-116/SP";"Crescente";"Colisão lateral em sentido contrário";2;0;0;0;0;0;0;0;0;0;4;0;0;0;0
"07/08/2024";"15:36:00";"505";"Sem vítima";"158,900";"BR-116/SP";"Decrescente";"Colisão traseira";2;0;0;0;0;0;0;0;0;0;2;0;0;0;0
"07/08/2024";"15:45:00";"517";"Sem vítima";"170,100";"BR-116/SP";"Decrescente";"Choque";1;0;0;0;0;0;0;0;0;0;0;0;0;0;0
"07/08/2024";"16:37:00";"550";"Sem vítima";"328,700";"BR-116/RJ";"Decrescente";"Colisão traseira";0;0;2;0;0;0;0;0;0;0;2;0;0;0;0
"07/08/2024";"16:40:00";"554";"Com vítima";"271,000";"BR-116/RJ";"Decrescente";"Capotamento";1;0;0;0;0;0;0;0;0;0;0;1;0;0;0
"07/08/2024";"17:04:00";"566";"Com vítima";"224,000";"BR-116/SP";"Decrescente";"Choque";1;0;0;0;0;0;0;0;0;0;0;1;1;0;0
"07/08/2024";"18:07:00";"604";"Sem vítima";"209,800";"BR-116/SP";"Decrescente";"Colisão lateral em sentido contrário";1;0;1;0;0;0;0;0;0;0;3;0;0;0;0
"07/08/2024";"19:18:00";"647";"Com vítima";"225,000";"BR-116/SP";"Crescente";"Colisão lateral em sentido contrário";1;0;0;1;0;0;0;0;0;0;1;0;1;0;0
"07/08/2024";"21:43:00";"701";"Sem vítima";"3,000";"BR-101/SP";"Crescente";"Choque";1;0;0;0;0;0;0;0;0;0;1;0;0;0;0
"07/08/2024";"23:35:00";"727";"Com vítima";"310,000";"BR-116/RJ";"Decrescente";"Colisão lateral em sentido contrário";1;0;0;1;0;0;0;0;0;0;6;2;0;0;0