data;horario;n_da_ocorrencia;tipo_de_ocorrencia;km;trecho;sentido;tipo_de_acidente;automovel;bicicleta;caminhao;moto;onibus;outros;tracao_animal;transporte_de_cargas_especiais;trator_maquinas;utilitarios;ilesos;levemente_feridos;moderadamente_feridos;gravemente_feridos;mortos
"08/08/2024";"00:00:00";"60";"Sem vítima";"206,000";"BR-116/SP";"Decrescente";"Capotamento";1;0;0;0;0;0;0;0;0;0;1;0;0;0;0
"08/08/2024";"00:00:00";"764";"Sem vítima";"230,100";"BR-116/RJ";"Crescente";"Colisão traseira";1;0;0;0;0;0;0;0;0;0;0;0;0;0;0
"08/08/2024";"00:35:00";"41";"Com vítima";"103,000";"BR-116/SP";"Decrescente";"Atropelamento de pedestre";0;0;1;0;0;0;0;0;0;1;2;2;0;0;1
"08/08/2024";"03:18:00";"59";"Com vítima";"195,000";"BR-116/SP";"Crescente";"Colisão traseira";0;0;2;0;0;0;0;0;0;0;1;1;0;0;0
"08/08/2024";"05:18:00";"73";"Sem vítima";"200,300";"BR-116/SP";"Crescente";"Colisão lateral em sentido contrário";1;0;1;0;0;0;0;1;0;0;3;0;0;0;0
"08/08/2024";"05:47:00";"83";"Sem vítima";"200,000";"BR-116/SP";"Decrescente";"Colisão traseira";2;0;0;0;0;0;0;0;0;0;2;0;0;0;0
"08/08/2024";"06:46:00";"132";"Com vítima";"228,050";"BR-116/SP";"Crescente";"Engavetamento";0;0;0;2;0;0;0;0;0;0;0;1;1;0;0
"08/08/2024";"06:52:00";"143";"Com vítima";"228,000";"BR-116/SP";"Crescente";"Engavetamento";2;0;0;1;0;0;0;0;0;0;2;1;0;0;0
"08/08/2024";"07:42:00";"195";"Com vítima";"137,000";"BR-116/SP";"Crescente";"Choque";1;0;0;0;0;0;0;0;0;0;0;1;0;0;0
"08/08/2024";"11:15:00";"378";"Sem vítima";"229,000";"BR-116/SP";"Crescente";"Engavetamento";0;0;2;0;0;0;0;0;0;1;3;0;0;0;0
"08/08/2024";"11:57:00";"406";"Com vítima";"121,100";"BR-116/SP";"Decrescente";"Acidentes de outra natureza";0;0;0;1;0;0;0;0;0;0;0;1;1;0;0
"08/08/2024";"12:07:00";"409";"Sem vítima";"96,100";"BR-116/SP";"Crescente";"Colisão lateral em sentido contrário";1;0;1;0;0;0;0;0;0;0;3;0;0;0;0
"08/08/2024";"12:32:00";"423";"Com vítima";"213,000";"BR-116/SP";"Decrescente";"Acidentes de outra natureza";0;0;0;1;0;0;0;0;0;0;0;1;0;0;0
"08/08/2024";"13:40:00";"454";"Sem vítima";"182,300";"BR-116/SP";"Decrescente";"Choque";0;0;1;0;0;0;0;0;0;0;1;0;0;0;0
"08/08/2024";"15:57:00";"545";"Com vítima";"462,000";"BR-101/RJ";"Decrescente";"Colisão lateral em sentido contrário";0;0;0;1;0;0;0;0;0;1;3;0;1;0;0
"08/08/2024";"18:23:00";"624";"Sem vítima";"116,000";"BR-116/SP";"Decrescente";"Colisão traseira";1;0;1;0;0;0;0;0;0;0;2;0;0;0;0
"08/08/2024";"19:40:00";"669";"Com vítima";"149,000";"BR-116/SP";"Crescente";"Colisão traseira";1;0;0;1;0;0;0;0;0;0;2;1;0;0;0
"08/08/2024";"19:54:00";"678";"Com vítima";"242,500";"BR-116/RJ";"Decrescente";"Atropelamento de pedestre";0;0;1;0;0;0;0;0;0;0;0;0;0;0;1
"08/08/2024";"20:08:00";"684";"Com vítima";"202,000";"BR-116/SP";"Crescente";"Atropelamento de pedestre";0;0;0;0;0;0;0;1;0;0;1;0;0;0;1
"08/08/2024";"23:08:00";"753";"Com vítima";"204,000";"BR-116/SP";"Decrescente";"Colisão traseira";1;0;0;1;0;0;0;0;0;0;1;0;0;1;0
"09/08/2024";"00:28:00";"40";"Com vítima";"389,000";"BR-101/RJ";"Decrescente";"Colisão traseira";1;0;0;0;1;0;0;0;0;0;0;1;0;0;0
"09/08/2024";"00:59:00";"41";"Sem vítima";"110,000";"BR-116/SP";"Decrescente";"Colisão traseira";2;0;0;0;0;0;0;0;0;0;6;0;0;0;0
"09/08/2024";"02:12:00";"60";"Com vítima";"329,000";"BR-116/RJ";"Decrescente";"Atropelamento de pedestre";0;0;0;0;0;0;0;0;0;0;0;0;0;0;2
"09/08/2024";"04:06:00";"85";"Sem vítima";"430,000";"BR-101/RJ";"Decrescente";"Choque";0;0;0;0;0;0;0;0;0;1;0;0;0;0;0
"09/08/2024";"04:08:00";"86";"Com vítima";"96,100";"BR-116/SP";"Decrescente";"Atropelamento de pedestre";0;0;0;0;0;0;0;0;0;0;0;0;0;0;1
"09/08/2024";"04:56:00";"99";"Com vítima";"118,000";"BR-116/SP";"Decrescente";"Choque";1;0;0;0;0;0;0;0;0;0;0;2;0;0;0
"09/08/2024";"05:30:00";"110";"Sem vítima";"220,100";"BR-116/SP";"Decrescente";"Colisão lateral em sentido contrário";1;0;1;0;0;0;0;0;0;0;2;0;0;0;0
"09/08/2024";"08:07:00";"259";"Com vítima";"149,000";"BR-116/SP";"Decrescente";"Colisão traseira";0;0;0;1;0;0;0;0;0;0;0;0;1;0;0
"09/08/2024";"10:22:00";"368";"Sem vítima";"124,000";"BR-116/SP";"Decrescente";"Colisão traseira";2;0;0;0;0;0;0;0;0;0;8;0;0;0;0
"09/08/2024";"10:46:00";"390";"Sem vítima";"41,000";"BR-116/SP";"Crescente";"Choque";1;0;0;0;0;0;0;0;0;0;1;0;0;0;0
"09/08/2024";"10:47:00";"392";"Sem vítima";"233,000";"BR-116/RJ";"Decrescente";"Colisão lateral em sentido contrário";1;0;1;0;0;0;0;0;0;0;3;0;0;0;0
"09/08/2024";"10:49:00";"394";"Sem vítima";"41,000";"BR-116/SP";"Crescente";"Choque";0;0;1;0;0;0;0;0;0;0;1;0;0;0;0
"09/08/2024";"10:49:00";"395";"Sem vítima";"41,000";"BR-116/SP";"Crescente";"Choque";0;0;0;0;0;0;0;0;0;1;2;0;0;0;0
"09/08/2024";"11:54:00";"421";"Com vítima";"228,000";"BR-116/RJ";"Decrescente";"Capotamento";1;0;0;0;0;0;0;0;0;0;0;1;0;0;0
"09/08/2024";"14:08:00";"482";"Com vítima";"272,000";"BR-116/RJ";"Crescente";"Colisão lateral em sentido contrário";1;0;0;0;0;0;0;0;0;1;6;2;2;0;0
"09/08/2024";"14:26:00";"495";"Com vítima";"52,000";"BR-101/SP";"Crescente";"Colisão traseira";1;0;0;1;0;0;0;0;0;0;2;2;0;0;0
"09/08/2024";"14:29:00";"497";"Com vítima";"165,200";"BR-116/SP";"Decrescente";"Colisão traseira";0;0;0;2;0;0;0;0;0;0;2;1;0;0;0
"09/08/2024";"14:37:00";"503";"Com vítima";"223,800";"BR-116/SP";"Decrescente";"Colisão traseira";1;0;0;1;0;0;0;0;0;0;1;1;0;0;0
"09/08/2024";"15:31:00";"529";"Com vítima";"485,000";"BR-101/RJ";"Crescente";"Colisão lateral em sentido contrário";1;0;0;1;0;0;0;0;0;0;1;0;1;0;0
"09/08/2024";"15:42:00";"535";"Sem vítima";"314,000";"BR-116/RJ";"Crescente";"Colisão traseira";1;0;0;0;0;0;0;1;0;0;2;0;0;0;0
"09/08/2024";"18:03:00";"619";"Sem vítima";"143,300";"BR-116/SP";"Decrescente";"Colisão traseira";2;0;0;0;0;0;0;0;0;0;5;0;0;0;0
"09/08/2024";"19:21:00";"657";"Com vítima";"217,000";"BR-116/SP";"Crescente";"Colisão traseira";2;0;0;0;0;0;0;0;0;0;1;0;1;0;0
"09/08/2024";"19:26:00";"658";"Sem vítima";"162,300";"BR-116/SP";"Decrescente";"Colisão traseira";2;0;0;0;0;0;0;0;0;0;2;0;0;0;0
"09/08/2024";"19:33:00";"660";"Com vítima";"384,000";"BR-101/RJ";"Decrescente";"Capotamento";1;0;0;0;0;0;0;0;0;0;1;3;0;0;0
"09/08/2024";"21:34:00";"703";"Sem vítima";"67,800";"BR-116/SP";"Decrescente";"Atropelamento de pedestre";0;0;0;1;0;0;0;0;0;0;0;0;0;0;0
"09/08/2024";"21:48:00";"708";"Sem vítima";"221,000";"BR-116/SP";"Decrescente";"Choque";1;0;0;0;0;0;0;0;0;0;1;0;0;0;0
"09/08/2024";"21:54:00";"699";"Sem vítima";"182,300";"BR-116/SP";"Decrescente";"Colisão traseira";1;0;1;0;0;0;0;0;0;0;1;0;0;0;0
"09/08/2024";"22:37:00";"722";"Sem vítima";"527,100";"BR-101/RJ";"Crescente";"Choque";1;0;0;0;0;0;0;0;0;0;3;0;0;0;0
"09/08/2024";"22:47:00";"725";"Sem vítima";"385,000";"BR-101/RJ";"Crescente";"Acidentes de outra natureza";0;0;0;1;0;0;0;0;0;0;0;0;0;0;0
"09/08/2024";"23:10:00";"738";"Sem vítima";"84,000";"BR-116/SP";"Crescente";"Colisão lateral em sentido contrário";2;0;0;0;0;0;0;1;0;0;3;0;0;0;0
"09/08/2024";"23:24:00";"741";"Com vítima";"233,000";"BR-116/RJ";"Decrescente";"Choque";1;0;0;0;0;0;0;0;0;0;3;1;0;0;0
"10/08/2024";"00:00:00";"67";"Sem vítima";"234,000";"BR-116/RJ";"Decrescente";"Capotamento";1;0;0;0;0;0;0;0;0;0;0;0;0;0;0
"10/08/2024";"00:00:00";"513";"Sem vítima";"406,000";"BR-101/RJ";"Decrescente";"Choque";0;0;1;0;0;0;0;0;0;0;1;0;0;0;0
"10/08/2024";"00:22:00";"38";"Com vítima";"480,000";"BR-101/RJ";"Decrescente";"Acidentes de outra natureza";0;0;0;0;1;0;0;0;0;0;0;3;0;0;0
"10/08/2024";"00:36:00";"521";"Sem vítima";"138,000";"BR-116/SP";"Decrescente";"Choque";1;0;0;0;0;0;0;0;0;0;2;0;0;0;0
"10/08/2024";"00:50:00";"40";"Sem vítima";"243,600";"BR-116/RJ";"Crescente";"Choque";1;0;0;0;0;0;0;0;0;0;0;0;0;0;0
"10/08/2024";"01:51:00";"51";"Com vítima";"233,000";"BR-116/RJ";"Crescente";"Choque";1;0;0;0;0;0;0;0;0;0;0;5;0;0;0
"10/08/2024";"02:14:00";"55";"Com vítima";"47,000";"BR-116/SP";"Decrescente";"Colisão traseira";1;0;0;0;1;0;0;0;0;0;39;2;0;0;0
"10/08/2024";"02:36:00";"59";"Com vítima";"47,300";"BR-101/SP";"Decrescente";"Capotamento";1;0;0;0;0;0;0;0;0;0;0;2;0;0;0
"10/08/2024";"02:40:00";"60";"Sem vítima";"217,000";"BR-116/RJ";"Decrescente";"Choque";1;0;0;0;0;0;0;0;0;0;2;0;0;0;0
"10/08/2024";"02:56:00";"61";"Com vítima";"465,000";"BR-101/RJ";"Decrescente";"Choque";1;0;0;0;0;0;0;0;0;0;0;1;0;0;0
"10/08/2024";"04:03:00";"75";"Com vítima";"60,000";"BR-116/SP";"Crescente";"Choque";1;0;0;0;0;0;0;0;0;0;0;0;0;1;0
"10/08/2024";"04:56:00";"86";"Sem vítima";"101,000";"BR-116/SP";"Crescente";"Choque";0;0;0;0;0;0;0;0;0;1;1;0;0;0;0
"10/08/2024";"05:17:00";"92";"Sem vítima";"102,000";"BR-116/SP";"Crescente";"Colisão traseira";0;0;0;0;1;0;0;0;0;0;2;0;0;0;0
"10/08/2024";"05:25:00";"97";"Sem vítima";"413,000";"BR-101/RJ";"Crescente";"Colisão traseira";2;0;0;0;0;0;0;0;0;0;3;0;0;0;0
"10/08/2024";"05:31:00";"98";"Sem vítima";"52,000";"BR-101/SP";"Decrescente";"Choque";1;0;0;0;0;0;0;0;0;0;1;0;0;0;0
"10/08/2024";"06:37:00";"111";"Com vítima";"218,000";"BR-116/SP";"Decrescente";"Acidentes de outra natureza";0;0;0;1;0;0;0;0;0;0;0;1;0;0;0
"10/08/2024";"06:39:00";"113";"Sem vítima";"271,000";"BR-116/RJ";"Decrescente";"Choque";1;0;0;0;0;0;0;0;0;0;1;0;0;0;0
"10/08/2024";"07:04:00";"125";"Sem vítima";"297,000";"BR-116/RJ";"Crescente";"Colisão traseira";1;0;0;0;0;0;0;0;0;0;3;0;0;0;0
"10/08/2024";"07:04:00";"126";"Com vítima";"423,000";"BR-101/RJ";"Crescente";"Colisão lateral em sentido contrário";1;0;0;0;0;0;0;0;0;0;1;2;0;0;0
"10/08/2024";"07:18:00";"133";"Com vítima";"313,000";"BR-116/RJ";"Decrescente";"Choque";1;0;0;0;0;0;0;0;0;0;0;0;1;0;0
"10/08/2024";"08:06:00";"157";"Com vítima";"220,700";"BR-116/RJ";"Crescente";"Tombamento";0;0;1;0;0;0;0;0;0;0;0;1;0;0;0
"10/08/2024";"08:20:00";"165";"Sem vítima";"444,000";"BR-101/RJ";"Crescente";"Choque";1;0;0;0;0;0;0;0;0;0;2;0;0;0;0
"10/08/2024";"08:36:00";"177";"Com vítima";"234,000";"BR-116/RJ";"Decrescente";"Capotamento";1;0;0;0;0;0;0;0;0;0;0;2;0;0;0
"10/08/2024";"09:08:00";"193";"Sem vítima";"284,100";"BR-116/RJ";"Decrescente";"Choque";1;0;0;0;0;0;0;0;0;0;1;0;0;0;0
"10/08/2024";"10:36:00";"229";"Sem vítima";"227,000";"BR-116/SP";"Crescente";"Choque";1;0;0;0;0;0;0;0;0;0;0;0;0;0;0
"10/08/2024";"10:53:00";"240";"Sem vítima";"227,000";"BR-116/SP";"Crescente";"Choque";1;0;0;0;0;0;0;0;0;0;2;0;0;0;0
"10/08/2024";"10:55:00";"243";"Sem vítima";"166,000";"BR-116/SP";"Crescente";"Colisão traseira";2;0;0;0;0;0;0;0;0;0;4;0;0;0;0
"10/08/2024";"10:58:00";"246";"Sem vítima";"234,000";"BR-116/RJ";"Decrescente";"Choque";1;0;0;0;0;0;0;0;0;0;3;0;0;0;0
"10/08/2024";"11:16:00";"256";"Sem vítima";"220,000";"BR-116/RJ";"Crescente";"Choque";0;0;1;0;0;0;0;0;0;0;2;0;0;0;0
"10/08/2024";"11:38:00";"264";"Com vítima";"65,000";"BR-116/SP";"Crescente";"Colisão traseira";1;0;0;1;0;0;0;0;0;0;1;1;0;0;0
"10/08/2024";"11:40:00";"266";"Sem vítima";"234,000";"BR-116/RJ";"Decrescente";"Choque";1;0;0;0;0;0;0;0;0;0;1;0;0;0;0
"10/08/2024";"12:09:00";"268";"Sem vítima";"217,600";"BR-116/RJ";"Decrescente";"Choque";1;0;0;0;0;0;0;0;0;0;1;0;0;0;0
"10/08/2024";"13:01:00";"290";"Com vítima";"273,000";"BR-116/RJ";"Crescente";"Capotamento";1;0;0;0;0;0;0;0;0;0;0;2;0;0;0
"10/08/2024";"13:11:00";"295";"Com vítima";"324,000";"BR-116/RJ";"Decrescente";"Choque";1;0;0;0;0;0;0;0;0;0;1;1;0;0;0
"10/08/2024";"13:42:00";"309";"Com vítima";"235,000";"BR-116/RJ";"Decrescente";"Capotamento";1;0;0;0;0;0;0;0;0;0;0;1;0;0;0
"10/08/2024";"14:02:00";"335";"Sem vítima";"273,000";"BR-116/RJ";"Crescente";"Colisão traseira";2;0;0;0;0;0;0;0;0;0;0;0;0;0;0
"10/08/2024";"14:05:00";"321";"Com vítima";"235,000";"BR-116/RJ";"Decrescente";"Colisão traseira";1;0;0;0;0;0;0;0;0;1;6;10;0;0;0
"10/08/2024";"17:44:00";"415";"Com vítima";"389,400";"BR-101/RJ";"Decrescente";"Colisão lateral em sentido contrário";2;0;0;0;0;0;0;0;0;0;2;0;1;0;0
"10/08/2024";"19:03:00";"434";"Sem vítima";"384,000";"BR-101/RJ";"Decrescente";"Colisão traseira";1;0;0;0;0;0;0;0;0;0;1;0;0;0;0
"10/08/2024";"21:06:00";"475";"Sem vítima";"230,300";"BR-116/SP";"Crescente";"Choque";1;0;0;0;0;0;0;0;0;0;1;0;0;0;0
"10/08/2024";"22:03:00";"496";"Com vítima";"492,000";"BR-101/RJ";"Decrescente";"Colisão lateral em sentido contrário";1;0;0;1;0;0;0;0;0;0;0;0;1;1;0
"11/08/2024";"00:00:00";"157";"Com vítima";"229,000";"BR-116/SP";"Decrescente";"Colisão lateral em sentido contrário";1;0;1;0;0;0;0;0;0;0;3;3;0;0;0
"11/08/2024";"02:45:00";"56";"Sem vítima";"392,000";"BR-101/RJ";"Decrescente";"Choque";1;0;0;0;0;0;0;0;0;0;2;0;0;0;0
"11/08/2024";"03:38:00";"55";"Sem vítima";"57,600";"BR-116/SP";"Crescente";"Colisão traseira";2;0;0;0;0;0;0;0;0;0;2;0;0;0;0
"11/08/2024";"05:42:00";"74";"Sem vítima";"140,700";"BR-116/SP";"Crescente";"Colisão traseira";0;0;2;0;0;0;0;0;0;0;4;0;0;0;0
"11/08/2024";"08:18:00";"119";"Sem vítima";"178,300";"BR-116/SP";"Decrescente";"Colisão lateral em sentido contrário";2;0;0;0;0;0;0;0;0;0;3;0;0;0;0
"11/08/2024";"08:36:00";"124";"Com vítima";"471,000";"BR-101/RJ";"Crescente";"Colisão lateral em sentido contrário";2;0;0;0;0;0;0;0;0;0;6;0;0;1;0
"11/08/2024";"09:33:00";"141";"Sem vítima";"230,000";"BR-116/SP";"Crescente";"Choque";1;0;0;0;0;0;0;0;0;0;1;0;0;0;0
"11/08/2024";"11:28:00";"185";"Sem vítima";"130,000";"BR-116/SP";"Decrescente";"Engavetamento";2;0;1;0;0;0;0;0;0;0;14;0;0;0;0
"11/08/2024";"15:02:00";"260";"Sem vítima";"215,000";"BR-116/SP";"Decrescente";"Choque";1;0;0;0;0;0;0;0;0;0;1;0;0;0;0
"11/08/2024";"18:23:00";"341";"Com vítima";"226,000";"BR-116/SP";"Decrescente";"Choque";1;0;0;0;0;0;0;0;0;0;0;1;0;0;0
"11/08/2024";"19:53:00";"376";"Sem vítima";"145,000";"BR-116/SP";"Crescente";"Choque";1;0;0;0;0;0;0;0;0;0;1;0;0;0;0
"11/08/2024";"19:58:00";"379";"Com vítima";"109,000";"BR-116/SP";"Decrescente";"Atropelamento de pedestre";0;1;0;1;0;0;0;0;0;0;0;0;1;0;0
"11/08/2024";"20:11:00";"383";"Sem vítima";"144,950";"BR-116/SP";"Crescente";"Colisão traseira";1;0;0;0;0;0;0;0;0;0;3;0;0;0;0
"11/08/2024";"20:25:00";"389";"Com vítima";"228,000";"BR-116/SP";"Crescente";"Engavetamento";3;0;0;0;0;0;0;0;0;0;2;1;0;0;0
"11/08/2024";"20:53:00";"400";"Sem vítima";"498,700";"BR-101/RJ";"Crescente";"Choque";1;0;0;0;0;0;0;0;0;0;0;0;0;0;0
"11/08/2024";"21:14:00";"406";"Com vítima";"474,000";"BR-101/RJ";"Crescente";"Atropelamento de pedestre";0;0;0;1;0;0;0;0;0;0;2;0;1;1;0
"11/08/2024";"21:37:00";"413";"Com vítima";"222,000";"BR-116/SP";"Decrescente";"Colisão traseira";0;0;1;1;0;0;0;0;0;0;1;1;0;0;0
"11/08/2024";"21:39:00";"415";"Com vítima";"321,000";"BR-116/RJ";"Decrescente";"Colisão lateral em sentido contrário";1;0;0;0;0;0;0;0;0;0;0;1;3;0;0
"11/08/2024";"23:16:00";"446";"Com vítima";"478,900";"BR-101/RJ";"Crescente";"Acidentes de outra natureza";0;0;0;1;0;0;0;0;0;0;0;1;0;1;0
"12/08/2024";"00:00:00";"76";"Com vítima";"219,000";"BR-116/RJ";"Decrescente";"Choque";0;0;0;1;0;0;0;0;0;0;0;0;0;0;1
"12/08/2024";"00:01:00";"35";"Com vítima";"171,200";"BR-116/SP";"Decrescente";"Acidentes de outra natureza";0;0;0;1;0;0;0;0;0;0;0;1;0;0;0
"12/08/2024";"00:58:00";"42";"Com vítima";"425,000";"BR-101/RJ";"Crescente";"Atropelamento de pedestre";0;0;0;1;0;0;0;0;0;0;0;1;0;0;0
"12/08/2024";"01:01:00";"44";"Com vítima";"22,200";"BR-116/SP";"Decrescente";"Choque";0;0;1;0;0;0;0;0;0;0;0;1;0;0;0
"12/08/2024";"02:11:00";"53";"Com vítima";"173,000";"BR-116/SP";"Decrescente";"Colisão frontal";0;0;1;0;0;0;0;0;0;0;0;2;0;0;0
"12/08/2024";"03:20:00";"60";"Sem vítima";"118,450";"BR-116/SP";"Crescente";"Choque";1;0;0;0;0;0;0;0;0;0;4;0;0;0;0
"12/08/2024";"06:15:00";"110";"Com vítima";"214,000";"BR-116/SP";"Crescente";"Colisão lateral em sentido contrário";1;0;0;1;0;0;0;0;0;0;2;2;0;0;0
"12/08/2024";"07:12:00";"158";"Com vítima";"157,000";"BR-116/SP";"Decrescente";"Colisão traseira";1;0;0;1;0;0;0;0;0;0;2;0;0;2;0
"12/08/2024";"08:30:00";"219";"Sem vítima";"139,000";"BR-116/SP";"Crescente";"Engavetamento";2;0;1;0;0;0;0;0;0;0;5;0;0;0;0
"12/08/2024";"09:00:00";"244";"Sem vítima";"139,300";"BR-116/SP";"Crescente";"Colisão traseira";1;0;1;0;0;0;0;0;0;0;2;0;0;0;0
"12/08/2024";"13:37:00";"406";"Sem vítima";"247,500";"BR-116/RJ";"Decrescente";"Tombamento";0;0;1;0;0;0;0;0;0;0;1;0;0;0;0
"12/08/2024";"14:31:00";"440";"Com vítima";"329,000";"BR-116/RJ";"Decrescente";"Colisão traseira";0;0;1;1;0;0;0;0;0;0;1;0;0;0;1
"12/08/2024";"14:56:00";"454";"Sem vítima";"329,000";"BR-116/RJ";"Decrescente";"Colisão traseira";2;0;0;0;0;0;0;0;0;0;3;0;0;0;0
"12/08/2024";"16:25:00";"497";"Com vítima";"214,000";"BR-116/SP";"Decrescente";"Colisão lateral em sentido contrário";1;0;0;1;0;0;0;0;0;0;1;1;0;0;0
"12/08/2024";"16:35:00";"502";"Sem vítima";"324,000";"BR-116/RJ";"Crescente";"Colisão traseira";0;0;2;0;0;0;0;0;0;0;2;0;0;0;0
"12/08/2024";"18:50:00";"581";"Com vítima";"148,000";"BR-116/SP";"Decrescente";"Colisão traseira";3;0;0;0;0;0;0;0;0;0;4;2;0;0;0
"12/08/2024";"19:10:00";"592";"Com vítima";"216,000";"BR-116/SP";"Decrescente";"Colisão traseira";2;0;0;1;0;0;0;0;0;0;6;0;0;2;0
"12/08/2024";"20:47:00";"637";"Com vítima";"222,000";"BR-116/SP";"Decrescente";"Colisão traseira";0;0;0;1;1;0;0;0;0;0;1;1;0;0;0
"13/08/2024";"00:19:00";"41";"Sem vítima";"286,850";"BR-116/RJ";"Decrescente";"Colisão lateral em sentido contrário";0;0;1;0;0;0;0;1;0;0;0;0;0;0;0
"13/08/2024";"00:38:00";"49";"Sem vítima";"229,000";"BR-116/RJ";"Crescente";"Choque";1;0;0;0;0;0;0;0;0;0;2;0;0;0;0
"13/08/2024";"06:37:00";"130";"Com vítima";"385,000";"BR-101/RJ";"Decrescente";"Colisão traseira";1;0;0;1;0;0;0;0;0;0;2;0;1;0;0
"13/08/2024";"07:20:00";"169";"Sem vítima";"244,000";"BR-116/RJ";"Crescente";"Choque";1;0;0;0;0;0;0;0;0;0;1;0;0;0;0
"13/08/2024";"07:39:00";"191";"Sem vítima";"282,000";"BR-116/RJ";"Crescente";"Colisão traseira";2;0;0;0;0;0;0;0;0;0;2;0;0;0;0
"13/08/2024";"08:14:00";"227";"Sem vítima";"222,500";"BR-116/SP";"Decrescente";"Engavetamento";2;0;1;0;0;0;0;0;0;0;3;0;0;0;0
"13/08/2024";"08:30:00";"240";"Sem vítima";"140,000";"BR-116/SP";"Crescente";"Colisão traseira";2;0;0;0;0;0;0;0;0;0;2;0;0;0;0
"13/08/2024";"09:02:00";"273";"Sem vítima";"227,800";"BR-116/SP";"Crescente";"Colisão traseira";0;0;0;1;0;0;0;0;0;0;1;0;0;0;0
"13/08/2024";"10:33:00";"354";"Sem vítima";"213,900";"BR-116/SP";"Decrescente";"Atropelamento de pedestre";1;0;0;0;0;0;0;0;0;0;1;0;0;0;0
"13/08/2024";"11:53:00";"420";"Sem vítima";"116,000";"BR-116/SP";"Crescente";"Choque";1;0;0;0;0;0;0;0;0;0;2;0;0;0;0
"13/08/2024";"12:15:00";"430";"Sem vítima";"222,000";"BR-116/SP";"Decrescente";"Colisão traseira";1;0;1;0;0;0;0;0;0;0;6;0;0;0;0
"13/08/2024";"13:10:00";"436";"Com vítima";"229,000";"BR-116/RJ";"Decrescente";"Choque";0;0;0;0;1;0;0;0;0;0;0;13;0;0;0
"13/08/2024";"14:01:00";"490";"Com vítima";"442,000";"BR-101/RJ";"Crescente";"Choque";1;0;0;0;0;0;0;0;0;0;0;2;0;0;0
"13/08/2024";"14:20:00";"501";"Com vítima";"140,000";"BR-116/SP";"Decrescente";"Acidentes de outra natureza";0;0;0;1;0;0;0;0;0;0;0;2;0;0;0
"13/08/2024";"18:20:00";"637";"Com vítima";"487,000";"BR-101/RJ";"Decrescente";"Colisão lateral em sentido contrário";1;0;0;0;1;0;0;0;0;0;1;1;0;0;0
"13/08/2024";"19:15:00";"667";"Com vítima";"574,000";"BR-101/RJ";"Crescente";"Engavetamento";5;0;0;0;0;0;0;0;0;0;6;1;0;0;0
"13/08/2024";"20:04:00";"693";"Com vítima";"68,300";"BR-116/SP";"Crescente";"Atropelamento de pedestre";0;0;0;0;0;0;0;0;0;0;0;0;0;1;0
"14/08/2024";"00:30:00";"38";"Sem vítima";"221,200";"BR-116/RJ";"Decrescente";"Colisão lateral em sentido contrário";0;0;2;0;0;0;0;0;0;0;2;0;0;0;0
"14/08/2024";"01:16:00";"46";"Sem vítima";"313,700";"BR-116/RJ";"Crescente";"Choque";1;0;0;0;0;0;0;0;0;0;1;0;0;0;0
"14/08/2024";"06:25:00";"113";"Sem vítima";"219,000";"BR-116/SP";"Crescente";"Colisão lateral em sentido contrário";1;0;0;1;0;0;0;0;0;0;4;0;0;0;0
"14/08/2024";"06:51:00";"136";"Com vítima";"477,000";"BR-101/RJ";"Decrescente";"Acidentes de outra natureza";0;0;0;1;0;0;0;0;0;0;0;0;2;0;0
"14/08/2024";"07:29:00";"177";"Sem vítima";"158,000";"BR-116/SP";"Decrescente";"Colisão traseira";1;0;1;0;0;0;0;0;0;0;2;0;0;0;0
"14/08/2024";"08:20:00";"232";"Sem vítima";"143,000";"BR-116/SP";"Crescente";"Colisão traseira";2;0;0;0;0;0;0;0;0;0;2;0;0;0;0
"14/08/2024";"09:10:00";"287";"Com vítima";"218,000";"BR-116/SP";"Crescente";"Colisão lateral em sentido contrário";1;0;0;1;0;0;0;0;0;0;1;1;0;0;0
"14/08/2024";"09:12:00";"291";"Sem vítima";"157,800";"BR-116/SP";"Decrescente";"Colisão traseira";2;0;0;0;0;0;0;0;0;0;2;0;0;0;0
"14/08/2024";"10:25:00";"345";"Sem vítima";"157,000";"BR-116/SP";"Crescente";"Colisão lateral em sentido contrário";1;0;1;0;0;0;0;0;0;0;6;0;0;0;0
"14/08/2024";"10:50:00";"357";"Sem vítima";"220,000";"BR-116/SP";"Decrescente";"Colisão lateral em sentido contrário";1;0;1;0;0;0;0;0;0;0;2;0;0;0;0
"14/08/2024";"11:12:00";"375";"Sem vítima";"282,000";"BR-116/RJ";"Decrescente";"Colisão lateral em sentido contrário";1;0;1;0;0;0;0;0;0;0;6;0;0;0;0
"14/08/2024";"11:38:00";"391";"Com vítima";"143,000";"BR-116/SP";"Decrescente";"Engavetamento";5;0;2;0;0;0;0;0;0;0;6;2;0;0;0
"14/08/2024";"12:47:00";"430";"Com vítima";"297,000";"BR-116/RJ";"Crescente";"Atropelamento de pedestre";0;1;1;0;0;0;0;0;0;0;0;0;0;0;0
"14/08/2024";"14:29:00";"480";"Sem vítima";"289,600";"BR-116/RJ";"Crescente";"Choque";1;0;0;0;0;0;0;0;0;0;1;0;0;0;0