data;horario;n_da_ocorrencia;tipo_de_ocorrencia;km;trecho;sentido;tipo_de_acidente;automovel;bicicleta;caminhao;moto;onibus;outros;tracao_animal;transporte_de_cargas_especiais;trator_maquinas;utilitarios;ilesos;levemente_feridos;moderadamente_feridos;gravemente_feridos;mortos
"14/08/2024";"16:18:00";"532";"Com vítima";"479,000";"BR-101/RJ";"Decrescente";"Acidentes de outra natureza";0;0;0;1;0;0;0;0;0;0;0;0;1;0;0
"14/08/2024";"18:04:00";"585";"Sem vítima";"157,000";"BR-116/SP";"Decrescente";"Colisão lateral em sentido contrário";2;0;0;0;0;0;0;1;0;0;5;0;0;0;0
"14/08/2024";"18:53:00";"615";"Sem vítima";"157,300";"BR-116/SP";"Decrescente";"Colisão lateral em sentido contrário";1;0;0;0;0;0;0;1;0;0;3;0;0;0;0
"14/08/2024";"19:23:00";"627";"Sem vítima";"148,100";"BR-116/SP";"Decrescente";"Colisão traseira";2;0;0;0;0;0;0;0;0;0;2;0;0;0;0
"14/08/2024";"19:47:00";"635";"Sem vítima";"312,000";"BR-116/RJ";"Crescente";"Choque";1;0;0;0;0;0;0;0;0;0;2;0;0;0;0
"14/08/2024";"19:53:00";"639";"Sem vítima";"155,000";"BR-116/SP";"Crescente";"Colisão traseira";0;0;0;0;0;0;0;2;0;0;3;0;0;0;0
"15/08/2024";"00:00:00";"172";"Com vítima";"438,000";"BR-101/RJ";"Decrescente";"Colisão lateral em sentido contrário";2;0;0;0;0;0;0;0;0;0;1;1;0;0;0
"15/08/2024";"00:12:00";"37";"Com vítima";"58,950";"BR-116/SP";"Crescente";"Colisão traseira";1;0;1;0;0;0;0;0;0;0;1;2;0;0;0
"15/08/2024";"00:18:00";"39";"Sem vítima";"26,000";"BR-116/SP";"Crescente";"Choque";0;0;1;0;0;0;0;0;0;0;1;0;0;0;0
"15/08/2024";"06:38:00";"133";"Sem vítima";"165,900";"BR-116/SP";"Decrescente";"Choque";0;0;1;1;0;0;0;0;0;0;4;0;0;0;0
"15/08/2024";"07:16:00";"168";"Com vítima";"485,000";"BR-101/RJ";"Decrescente";"Colisão traseira";1;0;0;1;0;0;0;0;0;0;0;2;0;0;0
"15/08/2024";"07:51:00";"219";"Com vítima";"385,000";"BR-101/RJ";"Crescente";"Engavetamento";1;0;1;0;0;0;0;0;0;0;3;1;0;0;0
"15/08/2024";"08:13:00";"247";"Com vítima";"225,000";"BR-116/SP";"Crescente";"Colisão lateral em sentido contrário";1;0;0;1;0;0;0;0;0;0;2;0;0;1;0
"15/08/2024";"08:17:00";"250";"Sem vítima";"156,500";"BR-116/SP";"Decrescente";"Colisão traseira";1;0;1;0;0;0;0;0;0;0;0;0;0;0;0
"15/08/2024";"08:17:00";"251";"Sem vítima";"383,000";"BR-101/RJ";"Crescente";"Engavetamento";3;0;0;0;0;0;0;0;0;0;3;0;0;0;0
"15/08/2024";"08:25:00";"258";"Com vítima";"193,000";"BR-116/SP";"Crescente";"Acidentes de outra natureza";0;0;0;1;0;0;0;0;0;0;1;1;0;0;0
"15/08/2024";"08:30:00";"268";"Sem vítima";"142,000";"BR-116/SP";"Decrescente";"Engavetamento";4;0;0;0;0;0;0;0;0;0;6;0;0;0;0
"15/08/2024";"09:27:00";"317";"Com vítima";"228,000";"BR-116/RJ";"Decrescente";"Tombamento";0;0;2;0;0;0;0;0;0;0;2;2;0;0;0
"15/08/2024";"09:59:00";"341";"Sem vítima";"296,000";"BR-116/RJ";"Crescente";"Engavetamento";1;0;0;0;0;0;0;0;0;0;1;0;0;0;0
"15/08/2024";"11:33:00";"382";"Sem vítima";"538,000";"BR-101/RJ";"Decrescente";"Choque";0;0;1;0;0;0;0;0;0;0;1;0;0;0;0
"15/08/2024";"14:40:00";"491";"Sem vítima";"187,000";"BR-116/SP";"Crescente";"Colisão lateral em sentido contrário";1;0;0;0;0;0;0;0;0;0;1;0;0;0;0
"15/08/2024";"15:36:00";"522";"Sem vítima";"12,000";"BR-116/SP";"Crescente";"Choque";0;0;0;0;0;0;0;1;0;0;1;0;0;0;0
"15/08/2024";"15:55:00";"534";"Com vítima";"106,000";"BR-116/SP";"Crescente";"Colisão traseira";0;0;0;1;0;0;0;0;0;0;0;0;1;0;0
"15/08/2024";"16:27:00";"556";"Sem vítima";"139,900";"BR-116/SP";"Crescente";"Choque";0;0;1;0;0;0;0;0;0;0;1;0;0;0;0
"15/08/2024";"16:28:00";"557";"Sem vítima";"477,000";"BR-101/RJ";"Crescente";"Choque";0;0;1;0;0;0;0;0;0;0;1;0;0;0;0
"15/08/2024";"16:44:00";"569";"Com vítima";"116,000";"BR-116/SP";"Decrescente";"Colisão traseira";1;0;0;1;0;0;0;0;0;0;1;1;0;0;0
"15/08/2024";"17:39:00";"602";"Com vítima";"559,000";"BR-101/RJ";"Decrescente";"Colisão lateral em sentido contrário";0;0;0;1;0;0;0;0;0;0;0;0;1;0;0
"15/08/2024";"18:30:00";"629";"Com vítima";"169,000";"BR-116/SP";"Decrescente";"Atropelamento de pedestre";1;0;0;1;0;0;0;0;0;0;2;0;3;0;0
"15/08/2024";"18:48:00";"643";"Com vítima";"439,000";"BR-101/RJ";"Decrescente";"Atropelamento de pedestre";0;0;0;1;0;0;0;0;0;0;0;1;0;0;0
"15/08/2024";"19:51:00";"673";"Sem vítima";"103,000";"BR-116/SP";"Decrescente";"Colisão traseira";2;0;1;0;0;0;0;0;0;0;4;0;0;0;0
"15/08/2024";"20:01:00";"678";"Com vítima";"485,000";"BR-101/RJ";"Crescente";"Acidentes de outra natureza";0;0;0;1;0;0;0;0;0;0;0;1;0;0;0
"15/08/2024";"20:40:00";"694";"Com vítima";"231,000";"BR-116/SP";"Crescente";"Atropelamento de pedestre";0;0;0;0;0;0;0;0;0;0;0;0;1;0;0
"15/08/2024";"21:05:00";"705";"Sem vítima";"231,000";"BR-116/SP";"Crescente";"Choque";0;0;0;1;0;0;0;0;0;0;1;0;0;0;0
"15/08/2024";"23:32:00";"747";"Com vítima";"138,300";"BR-116/SP";"Crescente";"Capotamento";1;0;1;0;0;0;0;0;0;0;0;3;0;0;0
"16/08/2024";"00:17:00";"39";"Sem vítima";"71,000";"BR-116/SP";"Crescente";"Colisão lateral em sentido contrário";1;0;1;0;0;0;0;0;0;0;3;0;0;0;0
"16/08/2024";"00:21:00";"40";"Sem vítima";"17,000";"BR-101/SP";"Crescente";"Atropelamento de pedestre";1;0;0;0;0;0;0;0;0;0;1;0;0;0;0
"16/08/2024";"04:22:00";"80";"Sem vítima";"283,000";"BR-116/RJ";"Decrescente";"Choque";0;0;1;0;0;0;0;0;0;0;1;0;0;0;0
"16/08/2024";"05:12:00";"97";"Sem vítima";"201,000";"BR-116/SP";"Crescente";"Engavetamento";0;0;2;0;1;0;0;0;0;0;2;0;0;0;0
"16/08/2024";"07:24:00";"203";"Com vítima";"218,000";"BR-116/SP";"Crescente";"Colisão traseira";0;0;0;1;0;0;0;0;0;0;0;1;0;0;0
"16/08/2024";"07:38:00";"215";"Com vítima";"569,000";"BR-101/RJ";"Crescente";"Acidentes de outra natureza";1;0;0;0;0;0;0;0;0;0;0;0;0;0;0
"16/08/2024";"07:47:00";"229";"Sem vítima";"109,550";"BR-116/SP";"Decrescente";"Colisão traseira";2;0;0;0;0;0;0;0;0;0;2;0;0;0;0
"16/08/2024";"08:29:00";"267";"Com vítima";"278,000";"BR-116/RJ";"Decrescente";"Colisão lateral em sentido contrário";2;0;0;0;0;0;0;0;0;0;1;2;0;0;0
"16/08/2024";"08:32:00";"270";"Sem vítima";"155,300";"BR-116/SP";"Crescente";"Choque";0;0;0;0;0;0;0;1;0;0;0;0;0;0;0
"16/08/2024";"08:42:00";"278";"Sem vítima";"136,000";"BR-116/SP";"Crescente";"Colisão traseira";1;0;0;0;0;0;0;0;0;0;1;0;0;0;0
"16/08/2024";"09:33:00";"316";"Com vítima";"167,000";"BR-116/SP";"Decrescente";"Colisão traseira";1;0;0;0;0;0;0;0;0;0;0;1;0;0;0
"16/08/2024";"11:59:00";"423";"Com vítima";"545,000";"BR-101/RJ";"Decrescente";"Colisão traseira";2;0;0;0;0;0;0;0;0;0;1;3;1;0;0
"16/08/2024";"12:12:00";"428";"Sem vítima";"231,000";"BR-116/SP";"Crescente";"Colisão traseira";1;0;1;0;0;0;0;0;0;0;2;0;0;0;0
"16/08/2024";"12:29:00";"434";"Sem vítima";"155,000";"BR-116/SP";"Crescente";"Colisão lateral em sentido contrário";0;0;1;0;0;0;0;0;0;0;1;0;0;0;0
"16/08/2024";"13:11:00";"451";"Com vítima";"286,000";"BR-116/RJ";"Crescente";"Engavetamento";1;0;1;0;0;0;0;0;0;1;2;4;0;0;0
"16/08/2024";"13:22:00";"457";"Com vítima";"284,800";"BR-116/RJ";"Crescente";"Colisão traseira";2;0;0;0;0;0;0;0;0;0;1;1;0;0;0
"16/08/2024";"14:12:00";"477";"Sem vítima";"220,600";"BR-116/RJ";"Decrescente";"Choque";1;0;0;0;0;0;0;0;0;0;1;0;0;0;0
"16/08/2024";"14:38:00";"497";"Sem vítima";"220,000";"BR-116/RJ";"Decrescente";"Choque";1;0;0;0;0;0;0;0;0;0;2;0;0;0;0
"16/08/2024";"14:40:00";"500";"Com vítima";"213,000";"BR-116/SP";"Crescente";"Colisão lateral em sentido contrário";0;0;0;1;0;0;0;0;0;0;0;1;0;0;0
"16/08/2024";"15:14:00";"525";"Sem vítima";"220,000";"BR-116/RJ";"Decrescente";"Choque";1;0;0;0;0;0;0;0;0;0;1;0;0;0;0
"16/08/2024";"16:25:00";"573";"Com vítima";"294,000";"BR-116/RJ";"Crescente";"Atropelamento de pedestre";0;0;0;0;0;0;0;0;0;0;0;0;2;0;0
"16/08/2024";"17:12:00";"599";"Sem vítima";"226,000";"BR-116/SP";"Decrescente";"Colisão traseira";1;0;0;0;0;0;0;0;0;0;1;0;0;0;0
"16/08/2024";"17:38:00";"616";"Sem vítima";"149,800";"BR-116/SP";"Crescente";"Colisão traseira";1;0;0;0;0;0;0;0;0;0;1;0;0;0;0
"16/08/2024";"17:52:00";"626";"Sem vítima";"198,000";"BR-116/SP";"Decrescente";"Choque";0;0;0;0;0;0;0;1;0;0;1;0;0;0;0
"16/08/2024";"18:09:00";"634";"Com vítima";"101,000";"BR-116/SP";"Crescente";"Engavetamento";2;0;2;0;0;0;0;0;0;0;4;1;2;0;0
"16/08/2024";"18:36:00";"655";"Com vítima";"473,000";"BR-101/RJ";"Decrescente";"Colisão frontal";2;0;0;0;0;0;0;0;0;0;1;3;1;0;0
"16/08/2024";"18:54:00";"667";"Com vítima";"255,000";"BR-116/RJ";"Decrescente";"Atropelamento de pedestre";1;0;0;0;0;0;0;0;0;0;0;0;1;0;0
"16/08/2024";"20:29:00";"729";"Com vítima";"98,000";"BR-116/SP";"Crescente";"Colisão traseira";2;0;0;0;0;0;0;0;0;0;4;2;0;0;0
"16/08/2024";"20:42:00";"737";"Com vítima";"216,000";"BR-116/SP";"Crescente";"Choque";0;0;0;1;0;0;0;0;0;0;0;1;0;0;0
"16/08/2024";"21:05:00";"750";"Sem vítima";"169,000";"BR-116/SP";"Crescente";"Choque";1;0;0;0;0;0;0;0;0;0;1;0;0;0;0
"16/08/2024";"21:42:00";"768";"Sem vítima";"230,000";"BR-116/RJ";"Decrescente";"Choque";0;0;1;0;0;0;0;0;0;0;2;0;0;0;0
"16/08/2024";"22:19:00";"780";"Com vítima";"107,000";"BR-116/SP";"Decrescente";"Acidentes de outra natureza";0;0;0;1;0;0;0;0;0;0;0;0;1;0;0
"16/08/2024";"22:43:00";"789";"Sem vítima";"225,000";"BR-116/SP";"Crescente";"Choque";1;0;0;0;0;0;0;0;0;0;4;0;0;0;0
"17/08/2024";"01:43:00";"50";"Sem vítima";"115,000";"BR-116/SP";"Decrescente";"Choque";1;0;0;0;0;0;0;0;0;0;2;0;0;0;0
"17/08/2024";"05:50:00";"76";"Com vítima";"388,000";"BR-101/RJ";"Crescente";"Capotamento";1;0;0;0;0;0;0;0;0;0;0;0;1;0;0
"17/08/2024";"06:25:00";"98";"Sem vítima";"182,000";"BR-116/SP";"Decrescente";"Colisão traseira";2;0;0;0;0;0;0;0;0;0;18;0;0;0;0
"17/08/2024";"06:25:00";"98";"Sem vítima";"182,300";"BR-116/SP";"Decrescente";"Colisão traseira";2;0;0;0;0;0;0;0;0;0;9;0;0;0;0
"17/08/2024";"07:32:00";"169";"Sem vítima";"120,000";"BR-116/SP";"Decrescente";"Colisão traseira";1;0;0;0;0;0;0;0;0;1;5;0;0;0;0
"17/08/2024";"07:49:00";"188";"Sem vítima";"115,000";"BR-116/SP";"Decrescente";"Engavetamento";2;0;0;0;0;0;0;0;0;0;6;0;0;0;0
"17/08/2024";"08:06:00";"210";"Sem vítima";"116,000";"BR-116/SP";"Decrescente";"Engavetamento";1;0;0;0;0;0;0;0;0;0;2;0;0;0;0
"17/08/2024";"08:33:00";"231";"Sem vítima";"145,000";"BR-116/SP";"Decrescente";"Colisão traseira";1;0;0;0;0;0;0;0;0;0;1;0;0;0;0
"17/08/2024";"08:52:00";"241";"Com vítima";"110,300";"BR-116/SP";"Decrescente";"Choque";1;0;0;0;0;0;0;0;0;0;2;1;0;0;0
"17/08/2024";"09:31:00";"273";"Com vítima";"115,000";"BR-116/SP";"Crescente";"Choque";1;0;0;0;0;0;0;0;0;0;0;1;0;0;0
"17/08/2024";"10:31:00";"307";"Com vítima";"476,000";"BR-101/RJ";"Crescente";"Choque";1;0;0;0;0;0;0;0;0;0;0;1;0;0;0
"17/08/2024";"11:24:00";"323";"Com vítima";"536,000";"BR-101/RJ";"Decrescente";"Colisão lateral em sentido contrário";1;0;0;1;0;0;0;0;0;0;4;0;2;0;0
"17/08/2024";"11:29:00";"327";"Sem vítima";"227,000";"BR-116/RJ";"Decrescente";"Tombamento";0;0;0;0;0;0;0;1;0;0;1;0;0;0;0
"17/08/2024";"11:57:00";"341";"Com vítima";"157,900";"BR-116/SP";"Decrescente";"Engavetamento";2;0;0;0;0;0;0;0;0;0;4;2;0;0;0
"17/08/2024";"12:15:00";"352";"Sem vítima";"223,000";"BR-116/SP";"Decrescente";"Acidentes de outra natureza";0;0;0;1;0;0;0;0;0;0;2;0;0;0;0
"17/08/2024";"12:43:00";"359";"Sem vítima";"109,500";"BR-116/SP";"Crescente";"Engavetamento";2;0;0;0;0;0;0;0;0;0;6;0;0;0;0
"17/08/2024";"13:41:00";"383";"Sem vítima";"118,000";"BR-116/SP";"Decrescente";"Choque";0;0;1;0;0;0;0;0;0;0;4;0;0;0;0
"17/08/2024";"14:16:00";"400";"Com vítima";"220,000";"BR-116/SP";"Decrescente";"Acidentes de outra natureza";0;0;0;1;0;0;0;0;0;0;0;1;1;0;0
"17/08/2024";"14:28:00";"409";"Com vítima";"7,300";"BR-116/SP";"Crescente";"Capotamento";1;0;0;0;0;0;0;0;0;0;0;0;1;0;0
"17/08/2024";"17:54:00";"523";"Sem vítima";"493,500";"BR-101/RJ";"Decrescente";"Choque";1;0;0;0;0;0;0;0;0;0;1;0;0;0;0
"17/08/2024";"18:44:00";"545";"Sem vítima";"236,000";"BR-116/RJ";"Decrescente";"Colisão lateral em sentido contrário";1;0;0;0;0;0;0;1;0;0;3;0;0;0;0
"17/08/2024";"18:52:00";"549";"Com vítima";"494,000";"BR-101/RJ";"Decrescente";"Choque";1;0;0;0;0;0;0;0;0;0;0;1;0;0;0
"17/08/2024";"19:25:00";"566";"Sem vítima";"155,000";"BR-116/SP";"Crescente";"Engavetamento";2;0;0;0;0;0;0;0;0;0;4;0;0;0;0
"17/08/2024";"20:12:00";"590";"Sem vítima";"30,300";"BR-116/SP";"Crescente";"Colisão traseira";1;0;0;0;0;0;0;1;0;0;2;0;0;0;0
"17/08/2024";"21:44:00";"614";"Sem vítima";"119,000";"BR-116/SP";"Crescente";"Choque";2;0;0;0;0;0;0;0;0;0;6;0;0;0;0
"17/08/2024";"22:08:00";"621";"Sem vítima";"229,000";"BR-116/SP";"Decrescente";"Capotamento";1;0;0;0;0;0;0;0;0;0;2;0;0;0;0
"18/08/2024";"03:10:00";"80";"Com vítima";"93,850";"BR-116/SP";"Decrescente";"Colisão traseira";0;0;0;1;0;0;0;0;0;0;0;0;2;0;0
"18/08/2024";"05:58:00";"108";"Com vítima";"480,000";"BR-101/RJ";"Decrescente";"Acidentes de outra natureza";1;0;0;0;0;0;0;0;0;0;0;1;0;0;0
"18/08/2024";"08:35:00";"192";"Com vítima";"220,000";"BR-116/SP";"Decrescente";"Colisão lateral em sentido contrário";1;0;0;1;0;0;0;0;0;0;1;1;0;0;0
"18/08/2024";"13:03:00";"307";"Com vítima";"141,900";"BR-116/SP";"Crescente";"Acidentes de outra natureza";0;0;0;1;0;0;0;0;0;0;0;2;0;0;0
"18/08/2024";"15:12:00";"388";"Sem vítima";"75,000";"BR-116/SP";"Crescente";"Engavetamento";7;0;0;0;0;0;0;0;0;0;27;0;0;0;0
"18/08/2024";"15:26:00";"399";"Sem vítima";"229,100";"BR-116/SP";"Decrescente";"Colisão traseira";2;0;0;0;0;0;0;0;0;0;4;0;0;0;0
"18/08/2024";"15:54:00";"413";"Com vítima";"284,000";"BR-116/RJ";"Decrescente";"Colisão traseira";1;0;0;0;0;0;0;0;0;0;1;1;0;0;0
"18/08/2024";"15:54:00";"414";"Sem vítima";"155,000";"BR-116/SP";"Crescente";"Engavetamento";3;0;0;0;1;0;0;0;0;0;57;0;0;0;0
"18/08/2024";"16:38:00";"436";"Com vítima";"231,000";"BR-116/RJ";"Decrescente";"Colisão lateral em sentido contrário";0;0;0;1;0;0;0;0;0;0;0;2;0;0;0
"18/08/2024";"16:59:00";"444";"Com vítima";"423,000";"BR-101/RJ";"Decrescente";"Engavetamento";2;0;0;0;0;0;0;0;0;0;0;0;1;0;0
"18/08/2024";"18:21:00";"491";"Com vítima";"161,600";"BR-116/SP";"Crescente";"Acidentes de outra natureza";0;0;0;1;0;0;0;0;0;0;0;0;1;0;0
"18/08/2024";"18:38:00";"504";"Com vítima";"221,600";"BR-116/SP";"Decrescente";"Engavetamento";3;0;0;0;0;0;0;0;0;0;3;0;1;0;0
"18/08/2024";"18:41:00";"506";"Sem vítima";"428,000";"BR-101/RJ";"Decrescente";"Colisão lateral em sentido contrário";2;0;0;0;0;0;0;0;0;0;2;0;0;0;0
"18/08/2024";"19:42:00";"542";"Sem vítima";"186,800";"BR-116/SP";"Crescente";"Colisão traseira";2;0;0;0;0;0;0;0;0;0;6;0;0;0;0
"18/08/2024";"20:07:00";"553";"Sem vítima";"229,000";"BR-116/SP";"Crescente";"Colisão traseira";1;0;0;0;0;0;0;0;0;0;1;0;0;0;0
"18/08/2024";"22:02:00";"588";"Sem vítima";"215,000";"BR-116/SP";"Crescente";"Colisão lateral em sentido contrário";2;0;0;0;0;0;0;0;0;0;2;0;0;0;0
"18/08/2024";"22:14:00";"594";"Sem vítima";"226,700";"BR-116/SP";"Decrescente";"Colisão lateral em sentido contrário";1;0;0;0;0;0;0;0;0;0;1;0;0;0;0
"18/08/2024";"23:34:00";"615";"Sem vítima";"214,400";"BR-116/SP";"Crescente";"Choque";1;0;0;0;0;0;0;0;0;0;0;0;0;0;0
"19/08/2024";"00:00:00";"762";"Sem vítima";"190,000";"BR-116/SP";"Crescente";"Choque";1;0;0;0;0;0;0;0;0;0;1;0;0;0;0
"19/08/2024";"02:09:00";"61";"Com vítima";"494,000";"BR-101/RJ";"Decrescente";"Acidentes de outra natureza";0;0;0;1;0;0;0;0;0;0;0;0;2;0;0
"19/08/2024";"02:26:00";"71";"Com vítima";"109,000";"BR-116/SP";"Crescente";"Colisão traseira";2;0;0;0;0;0;0;0;0;0;4;2;0;0;0
"19/08/2024";"03:17:00";"83";"Com vítima";"59,100";"BR-116/SP";"Crescente";"Colisão traseira";1;0;0;0;0;0;0;0;0;0;0;0;2;0;0
"19/08/2024";"07:56:00";"247";"Com vítima";"208,000";"BR-116/SP";"Decrescente";"Colisão lateral em sentido contrário";1;0;0;1;0;0;0;0;0;0;1;1;0;0;0
"19/08/2024";"08:06:00";"264";"Sem vítima";"146,150";"BR-116/SP";"Crescente";"Engavetamento";3;0;0;0;0;0;0;0;0;0;4;0;0;0;0
"19/08/2024";"08:14:00";"269";"Sem vítima";"221,000";"BR-116/SP";"Crescente";"Colisão traseira";2;0;0;0;0;0;0;0;0;0;4;0;0;0;0
"19/08/2024";"08:22:00";"276";"Com vítima";"21,000";"BR-116/SP";"Crescente";"Acidentes de outra natureza";0;0;0;1;0;0;0;0;0;0;0;3;0;0;0
"19/08/2024";"08:22:00";"277";"Sem vítima";"226,000";"BR-116/SP";"Crescente";"Colisão traseira";1;0;0;0;0;0;0;0;0;0;2;0;0;0;0
"19/08/2024";"08:31:00";"288";"Sem vítima";"390,800";"BR-101/RJ";"Decrescente";"Colisão traseira";1;0;0;0;1;0;0;0;0;0;2;0;0;0;0
"19/08/2024";"09:15:00";"323";"Sem vítima";"35,000";"BR-116/SP";"Crescente";"Choque";1;0;0;0;0;0;0;0;0;0;1;0;0;0;0
"19/08/2024";"11:42:00";"435";"Sem vítima";"218,000";"BR-116/SP";"Crescente";"Colisão traseira";1;0;1;0;0;0;0;0;0;0;3;0;0;0;0
"19/08/2024";"12:27:00";"454";"Com vítima";"214,000";"BR-116/SP";"Decrescente";"Colisão lateral em sentido contrário";1;0;0;1;0;0;0;0;0;0;2;1;0;0;0
"19/08/2024";"12:39:00";"460";"Sem vítima";"145,000";"BR-116/SP";"Crescente";"Colisão traseira";1;0;0;0;0;0;0;0;0;0;2;0;0;0;0
"19/08/2024";"13:24:00";"490";"Sem vítima";"229,300";"BR-116/RJ";"Decrescente";"Choque";0;0;1;0;0;0;0;0;0;0;1;0;0;0;0
"19/08/2024";"13:36:00";"495";"Sem vítima";"22,600";"BR-116/SP";"Crescente";"Choque";1;0;0;0;0;0;0;0;0;0;2;0;0;0;0
"19/08/2024";"13:47:00";"501";"Com vítima";"145,000";"BR-116/SP";"Crescente";"Engavetamento";3;0;0;0;0;0;0;0;0;0;0;2;1;0;0
"19/08/2024";"15:26:00";"561";"Com vítima";"385,000";"BR-101/RJ";"Crescente";"Colisão lateral em sentido contrário";1;0;0;1;0;0;0;0;0;0;1;0;0;1;0
"19/08/2024";"16:46:00";"606";"Sem vítima";"141,000";"BR-116/SP";"Decrescente";"Colisão lateral em sentido contrário";1;0;1;0;0;0;0;0;0;0;2;0;0;0;0
"19/08/2024";"17:35:00";"627";"Com vítima";"394,000";"BR-101/RJ";"Decrescente";"Colisão traseira";2;0;0;0;0;0;0;0;0;0;0;1;0;0;0
"19/08/2024";"18:30:00";"658";"Com vítima";"117,000";"BR-116/SP";"Decrescente";"Choque";0;0;0;1;0;0;0;0;0;0;0;1;0;0;0
"19/08/2024";"18:35:00";"659";"Com vítima";"261,000";"BR-116/RJ";"Decrescente";"Choque";1;0;0;0;0;0;0;0;0;0;0;1;0;0;0
"19/08/2024";"22:37:00";"759";"Sem vítima";"190,000";"BR-116/SP";"Crescente";"Choque";1;0;0;0;0;0;0;0;0;0;1;0;0;0;0
"20/08/2024";"05:17:00";"95";"Com vítima";"43,700";"BR-116/SP";"Decrescente";"Acidentes de outra natureza";0;0;0;1;0;0;0;0;0;0;1;0;1;0;0
"20/08/2024";"07:43:00";"199";"Sem vítima";"155,000";"BR-116/SP";"Crescente";"Colisão traseira";2;0;0;0;0;0;0;0;0;0;2;0;0;0;0
"20/08/2024";"09:28:00";"278";"Sem vítima";"145,500";"BR-116/SP";"Crescente";"Colisão traseira";1;0;1;0;0;0;0;0;0;0;2;0;0;0;0
"20/08/2024";"09:39:00";"285";"Com vítima";"382,000";"BR-101/RJ";"Crescente";"Colisão traseira";1;0;0;0;1;0;0;0;0;0;1;1;0;0;0
"20/08/2024";"09:58:00";"301";"Sem vítima";"147,000";"BR-116/SP";"Crescente";"Colisão traseira";2;0;0;0;0;0;0;0;0;0;2;0;0;0;0
"20/08/2024";"10:11:00";"311";"Sem vítima";"147,000";"BR-116/SP";"Crescente";"Colisão traseira";1;0;0;0;0;0;0;0;0;0;1;0;0;0;0
"20/08/2024";"10:15:00";"316";"Com vítima";"231,000";"BR-116/SP";"Crescente";"Colisão lateral em sentido contrário";0;0;1;1;0;0;0;0;0;0;1;1;0;0;0
"20/08/2024";"12:11:00";"374";"Com vítima";"219,000";"BR-116/SP";"Crescente";"Colisão traseira";1;0;0;0;0;0;0;0;0;0;0;1;0;0;0
"20/08/2024";"12:18:00";"377";"Com vítima";"169,000";"BR-116/SP";"Decrescente";"Capotamento";1;0;0;0;0;0;0;0;0;0;0;0;1;0;0
"20/08/2024";"14:44:00";"455";"Sem vítima";"451,000";"BR-101/RJ";"Crescente";"Colisão traseira";1;0;0;0;0;0;0;0;0;0;4;0;0;0;0
"20/08/2024";"14:53:00";"459";"Sem vítima";"217,800";"BR-116/SP";"Crescente";"Colisão traseira";1;0;0;1;0;0;0;0;0;0;0;0;0;0;0
"20/08/2024";"16:28:00";"512";"Sem vítima";"107,200";"BR-116/SP";"Decrescente";"Colisão traseira";2;0;0;0;0;0;0;0;0;0;3;0;0;0;0
"20/08/2024";"17:02:00";"524";"Sem vítima";"286,000";"BR-116/RJ";"Decrescente";"Colisão traseira";2;0;0;0;0;0;0;0;0;0;4;0;0;0;0
"20/08/2024";"17:02:00";"525";"Com vítima";"226,000";"BR-116/SP";"Decrescente";"Choque";0;0;0;1;0;0;0;0;0;0;0;0;1;0;0
"20/08/2024";"17:52:00";"542";"Com vítima";"231,000";"BR-116/SP";"Decrescente";"Acidentes de outra natureza";0;0;0;1;0;0;0;0;0;0;0;0;1;0;0
"20/08/2024";"18:32:00";"564";"Com vítima";"51,200";"BR-101/SP";"Crescente";"Colisão frontal";1;0;0;2;0;0;0;0;0;0;12;12;0;0;0
"20/08/2024";"18:32:00";"565";"Com vítima";"225,200";"BR-116/SP";"Decrescente";"Engavetamento";1;0;0;1;0;0;0;0;0;1;5;0;1;0;0
"20/08/2024";"19:43:00";"599";"Sem vítima";"223,100";"BR-116/SP";"Decrescente";"Colisão lateral em sentido contrário";1;0;1;0;0;0;0;0;0;0;4;0;0;0;0
"20/08/2024";"23:49:00";"662";"Sem vítima";"307,400";"BR-116/RJ";"Crescente";"Colisão traseira";0;0;0;0;0;0;0;1;0;0;1;0;0;0;0
"21/08/2024";"05:37:00";"79";"Sem vítima";"146,000";"BR-116/SP";"Decrescente";"Colisão lateral em sentido contrário";1;0;0;0;0;0;0;1;0;0;4;0;0;0;0
"21/08/2024";"07:54:00";"178";"Com vítima";"138,000";"BR-116/SP";"Crescente";"Colisão lateral em sentido contrário";2;0;0;1;0;0;0;0;0;0;8;2;0;0;0
"21/08/2024";"10:16:00";"323";"Com vítima";"316,800";"BR-116/RJ";"Crescente";"Colisão traseira";1;0;0;1;0;0;0;0;0;0;12;3;0;0;0
"21/08/2024";"12:00:00";"371";"Com vítima";"50,000";"BR-101/SP";"Decrescente";"Colisão lateral em sentido contrário";2;0;0;0;0;0;0;0;0;0;0;2;0;0;0
"21/08/2024";"12:03:00";"373";"Com vítima";"89,800";"BR-116/SP";"Crescente";"Colisão traseira";1;0;1;0;0;1;0;0;0;0;21;0;6;0;0
"21/08/2024";"12:06:00";"375";"Com vítima";"559,000";"BR-101/RJ";"Decrescente";"Colisão frontal";2;0;0;0;0;0;0;0;0;0;0;3;0;3;0