data;horario;n_da_ocorrencia;tipo_de_ocorrencia;km;trecho;sentido;tipo_de_acidente;automovel;bicicleta;caminhao;moto;onibus;outros;tracao_animal;transporte_de_cargas_especiais;trator_maquinas;utilitarios;ilesos;levemente_feridos;moderadamente_feridos;gravemente_feridos;mortos
"21/08/2024";"13:22:00";"405";"Com vítima";"218,900";"BR-116/SP";"Decrescente";"Colisão lateral em sentido contrário";1;0;1;0;0;0;0;0;0;0;1;1;0;0;0
"21/08/2024";"14:54:00";"460";"Sem vítima";"152,000";"BR-116/SP";"Decrescente";"Colisão lateral em sentido contrário";1;0;0;0;0;0;0;0;0;0;1;0;0;0;0
"21/08/2024";"15:22:00";"479";"Sem vítima";"142,000";"BR-116/SP";"Decrescente";"Colisão traseira";1;0;1;0;0;0;0;0;0;0;4;0;0;0;0
"21/08/2024";"16:18:00";"509";"Com vítima";"224,100";"BR-116/RJ";"Decrescente";"Tombamento";0;0;0;0;0;0;0;1;0;0;0;0;7;0;0
"21/08/2024";"17:18:00";"542";"Sem vítima";"153,700";"BR-116/SP";"Crescente";"Tombamento";0;0;0;0;0;0;0;1;0;0;1;0;0;0;0
"21/08/2024";"17:57:00";"558";"Com vítima";"230,100";"BR-116/SP";"Decrescente";"Colisão traseira";1;0;0;1;0;0;0;0;0;0;2;2;0;0;0
"21/08/2024";"18:11:00";"561";"Com vítima";"415,800";"BR-101/RJ";"Decrescente";"Colisão lateral em sentido contrário";2;0;0;0;0;0;0;0;0;0;0;2;2;0;0
"21/08/2024";"18:31:00";"576";"Com vítima";"111,000";"BR-116/SP";"Decrescente";"Colisão traseira";1;0;1;0;0;0;0;0;0;0;1;0;1;0;0
"21/08/2024";"19:13:00";"599";"Sem vítima";"94,400";"BR-116/SP";"Crescente";"Acidentes de outra natureza";0;0;0;1;0;0;0;0;0;0;1;0;0;0;0
"21/08/2024";"23:05:00";"688";"Com vítima";"31,800";"BR-101/SP";"Crescente";"Capotamento";1;0;0;0;0;0;0;0;0;0;0;5;0;0;0
"22/08/2024";"00:00:00";"82";"Sem vítima";"216,200";"BR-116/SP";"Crescente";"Colisão traseira";1;0;0;0;0;0;0;0;0;0;2;0;0;0;0
"22/08/2024";"00:00:00";"744";"Com vítima";"206,000";"BR-116/SP";"Decrescente";"Colisão traseira";1;0;0;0;0;0;0;0;0;0;1;1;0;0;0
"22/08/2024";"06:31:00";"126";"Sem vítima";"226,200";"BR-116/SP";"Crescente";"Colisão traseira";2;0;1;0;0;0;0;0;0;0;3;0;0;0;0
"22/08/2024";"07:43:00";"205";"Sem vítima";"219,500";"BR-116/SP";"Decrescente";"Colisão lateral em sentido contrário";1;0;1;0;0;0;0;0;0;0;1;0;0;0;0
"22/08/2024";"07:53:00";"219";"Com vítima";"57,300";"BR-116/SP";"Crescente";"Capotamento";1;0;0;0;0;0;0;0;0;0;0;4;0;0;0
"22/08/2024";"08:03:00";"231";"Com vítima";"220,200";"BR-116/SP";"Crescente";"Acidentes de outra natureza";0;0;0;1;0;0;0;0;0;0;0;3;0;0;0
"22/08/2024";"08:21:00";"244";"Sem vítima";"393,000";"BR-101/RJ";"Crescente";"Colisão traseira";1;0;0;0;0;0;0;0;0;0;2;0;0;0;0
"22/08/2024";"08:43:00";"276";"Com vítima";"466,000";"BR-101/RJ";"Crescente";"Acidentes de outra natureza";1;0;0;1;0;0;0;0;0;0;3;0;3;0;0
"22/08/2024";"08:54:00";"291";"Com vítima";"227,500";"BR-116/SP";"Crescente";"Colisão traseira";1;0;0;1;0;0;0;0;0;0;3;3;0;0;0
"22/08/2024";"10:39:00";"388";"Sem vítima";"224,600";"BR-116/SP";"Decrescente";"Colisão lateral em sentido contrário";0;0;1;0;0;0;0;0;0;0;1;0;0;0;0
"22/08/2024";"13:21:00";"479";"Sem vítima";"165,700";"BR-116/SP";"Crescente";"Colisão lateral em sentido contrário";1;0;1;0;0;0;0;0;0;0;4;0;0;0;0
"22/08/2024";"13:52:00";"494";"Com vítima";"218,600";"BR-116/SP";"Crescente";"Colisão traseira";1;0;0;1;0;0;0;0;0;0;8;2;0;0;0
"22/08/2024";"14:17:00";"511";"Sem vítima";"223,000";"BR-116/SP";"Decrescente";"Colisão traseira";1;0;0;1;0;0;0;0;0;0;6;0;0;0;0
"22/08/2024";"18:02:00";"625";"Com vítima";"504,000";"BR-101/RJ";"Crescente";"Atropelamento de pedestre";0;0;0;0;0;0;0;0;0;0;0;0;1;0;0
"22/08/2024";"18:19:00";"636";"Sem vítima";"29,200";"BR-116/SP";"Crescente";"Colisão traseira";1;0;0;0;0;0;0;0;0;0;1;0;0;0;0
"22/08/2024";"18:23:00";"639";"Com vítima";"229,000";"BR-116/SP";"Crescente";"Engavetamento";2;0;0;1;0;0;0;0;0;0;2;0;1;0;0
"22/08/2024";"18:44:00";"653";"Com vítima";"165,700";"BR-116/SP";"Decrescente";"Engavetamento";3;0;0;0;0;0;0;0;0;0;5;1;0;0;0
"22/08/2024";"20:40:00";"710";"Sem vítima";"275,700";"BR-116/RJ";"Crescente";"Colisão traseira";1;0;0;0;0;0;0;2;0;0;5;0;0;0;0
"22/08/2024";"21:28:00";"727";"Sem vítima";"3,600";"BR-116/SP";"Decrescente";"Colisão lateral em sentido contrário";1;0;1;0;0;0;0;0;0;0;3;0;0;0;0
"22/08/2024";"22:04:00";"742";"Com vítima";"96,000";"BR-116/SP";"Decrescente";"Colisão traseira";0;0;0;0;0;0;0;1;0;0;0;2;0;0;0
"22/08/2024";"22:37:00";"747";"Com vítima";"227,650";"BR-116/SP";"Decrescente";"Colisão traseira";0;0;0;1;0;0;0;0;0;0;0;0;1;0;0
"22/08/2024";"23:28:00";"762";"Sem vítima";"98,400";"BR-116/SP";"Decrescente";"Colisão traseira";0;0;2;0;0;0;0;0;0;0;2;0;0;0;0
"22/08/2024";"23:45:00";"767";"Com vítima";"40,300";"BR-116/SP";"Crescente";"Colisão traseira";1;0;0;0;0;0;0;1;0;0;3;3;0;0;0
"23/08/2024";"00:04:00";"38";"Com vítima";"148,500";"BR-116/SP";"Decrescente";"Colisão traseira";2;0;0;0;0;0;0;0;0;0;8;4;0;0;0
"23/08/2024";"03:36:00";"75";"Com vítima";"406,900";"BR-101/RJ";"Decrescente";"Atropelamento de pedestre";1;1;0;0;0;0;0;0;0;0;1;0;0;0;0
"23/08/2024";"04:25:00";"84";"Com vítima";"190,400";"BR-116/SP";"Decrescente";"Tombamento";0;0;0;0;0;0;0;1;0;0;0;1;0;0;0
"23/08/2024";"05:55:00";"111";"Sem vítima";"398,000";"BR-101/RJ";"Crescente";"Choque";1;0;0;0;0;0;0;0;0;0;1;0;0;0;0
"23/08/2024";"06:01:00";"113";"Com vítima";"216,200";"BR-116/SP";"Crescente";"Engavetamento";1;0;1;1;0;0;0;0;0;0;2;0;1;0;0
"23/08/2024";"06:09:00";"119";"Sem vítima";"147,300";"BR-116/SP";"Crescente";"Colisão traseira";1;0;0;0;0;0;0;0;0;0;1;0;0;0;0
"23/08/2024";"07:32:00";"206";"Com vítima";"223,200";"BR-116/SP";"Decrescente";"Atropelamento de pedestre";1;1;0;0;0;0;0;0;0;0;3;0;0;0;0
"23/08/2024";"08:02:00";"233";"Com vítima";"218,800";"BR-116/SP";"Decrescente";"Colisão lateral em sentido contrário";0;0;0;1;0;0;0;0;0;1;0;1;0;0;0
"23/08/2024";"08:10:00";"242";"Sem vítima";"212,900";"BR-116/SP";"Decrescente";"Engavetamento";2;0;0;0;0;0;0;0;0;0;2;0;0;0;0
"23/08/2024";"08:20:00";"252";"Sem vítima";"212,900";"BR-116/SP";"Decrescente";"Colisão traseira";1;0;0;0;0;0;0;0;0;1;8;0;0;0;0
"23/08/2024";"08:28:00";"259";"Com vítima";"138,300";"BR-116/SP";"Crescente";"Engavetamento";1;0;0;1;0;0;0;0;0;1;2;0;1;0;0
"23/08/2024";"11:32:00";"399";"Sem vítima";"283,700";"BR-116/RJ";"Crescente";"Colisão lateral em sentido contrário";1;0;0;0;0;0;0;0;0;0;1;0;0;0;0
"23/08/2024";"12:26:00";"429";"Sem vítima";"165,300";"BR-116/SP";"Crescente";"Colisão traseira";2;0;0;0;0;0;0;0;0;0;3;0;0;0;0
"23/08/2024";"13:12:00";"454";"Sem vítima";"139,600";"BR-116/SP";"Crescente";"Engavetamento";4;0;0;0;0;0;0;0;0;0;8;0;0;0;0
"23/08/2024";"14:08:00";"487";"Sem vítima";"156,500";"BR-116/SP";"Decrescente";"Engavetamento";3;0;0;0;0;0;0;0;0;0;4;0;0;0;0
"23/08/2024";"14:19:00";"491";"Sem vítima";"283,000";"BR-116/RJ";"Crescente";"Engavetamento";2;0;0;0;0;0;0;0;0;0;0;0;0;0;0
"23/08/2024";"14:24:00";"495";"Com vítima";"229,000";"BR-116/SP";"Decrescente";"Colisão lateral em sentido contrário";0;0;0;2;0;0;0;0;0;0;0;1;1;0;0
"23/08/2024";"15:55:00";"564";"Com vítima";"221,500";"BR-116/SP";"Decrescente";"Colisão lateral em sentido contrário";1;0;0;1;0;0;0;0;0;0;1;0;1;0;0
"23/08/2024";"16:05:00";"570";"Com vítima";"116,400";"BR-116/SP";"Decrescente";"Acidentes de outra natureza";0;0;0;1;0;0;0;0;0;0;1;0;1;0;0
"23/08/2024";"16:47:00";"593";"Com vítima";"51,600";"BR-101/SP";"Crescente";"Colisão lateral em sentido contrário";1;0;0;1;0;0;0;0;0;0;1;1;0;0;0
"23/08/2024";"17:03:00";"601";"Com vítima";"157,000";"BR-116/SP";"Decrescente";"Colisão traseira";1;0;0;1;0;0;0;0;0;0;1;0;1;0;0
"23/08/2024";"17:53:00";"622";"Com vítima";"105,200";"BR-116/SP";"Crescente";"Colisão lateral em sentido contrário";0;0;0;1;0;0;0;1;0;0;1;0;1;0;0
"23/08/2024";"18:14:00";"641";"Com vítima";"407,000";"BR-101/RJ";"Decrescente";"Engavetamento";3;0;0;1;0;0;0;0;0;0;3;3;2;0;0
"23/08/2024";"19:58:00";"689";"Com vítima";"390,000";"BR-101/RJ";"Decrescente";"Colisão lateral em sentido contrário";0;0;1;1;1;0;0;0;0;0;2;0;1;0;0
"23/08/2024";"21:19:00";"735";"Sem vítima";"205,700";"BR-116/SP";"Crescente";"Choque";1;0;0;0;0;0;0;0;0;0;1;0;0;0;0
"23/08/2024";"23:36:00";"777";"Sem vítima";"201,400";"BR-116/SP";"Decrescente";"Colisão traseira";1;0;0;0;0;0;0;0;0;0;2;0;0;0;0
"24/08/2024";"02:35:00";"77";"Sem vítima";"381,000";"BR-101/RJ";"Decrescente";"Choque";0;0;0;0;0;0;0;0;0;0;0;0;0;0;0
"24/08/2024";"03:45:00";"91";"Sem vítima";"80,100";"BR-116/SP";"Crescente";"Colisão lateral em sentido contrário";2;0;0;0;0;0;0;0;0;0;2;0;0;0;0
"24/08/2024";"04:26:00";"96";"Sem vítima";"58,900";"BR-116/SP";"Decrescente";"Capotamento";1;0;0;0;0;0;0;0;0;0;2;0;0;0;0
"24/08/2024";"05:39:00";"113";"Com vítima";"190,300";"BR-116/SP";"Crescente";"Colisão lateral em sentido contrário";1;0;0;1;0;0;0;0;0;0;1;1;0;0;0
"24/08/2024";"05:41:00";"115";"Com vítima";"68,700";"BR-116/SP";"Crescente";"Colisão traseira";1;0;0;1;0;0;0;0;0;0;0;0;1;0;0
"24/08/2024";"08:29:00";"205";"Com vítima";"270,300";"BR-116/RJ";"Crescente";"Colisão lateral em sentido contrário";1;0;0;1;0;0;0;0;0;0;0;0;2;0;0
"24/08/2024";"09:27:00";"246";"Com vítima";"100,400";"BR-116/SP";"Crescente";"Colisão traseira";2;0;0;0;0;0;0;0;0;0;2;2;0;0;0
"24/08/2024";"10:45:00";"274";"Sem vítima";"100,600";"BR-116/SP";"Crescente";"Colisão traseira";1;0;0;0;0;0;0;1;0;0;2;0;0;0;0
"24/08/2024";"11:15:00";"285";"Sem vítima";"247,000";"BR-116/RJ";"Crescente";"Colisão lateral em sentido contrário";1;0;1;0;0;0;0;0;0;0;4;0;0;0;0
"24/08/2024";"11:45:00";"300";"Sem vítima";"169,000";"BR-116/SP";"Decrescente";"Colisão traseira";1;0;0;0;0;0;0;0;0;0;2;0;0;0;0
"24/08/2024";"12:48:00";"331";"Com vítima";"517,000";"BR-101/RJ";"Crescente";"Acidentes de outra natureza";0;0;0;1;0;0;0;0;0;0;0;0;1;0;0
"24/08/2024";"12:54:00";"333";"Sem vítima";"517,000";"BR-101/RJ";"Crescente";"Acidentes de outra natureza";0;0;0;1;0;0;0;0;0;0;0;0;0;0;0
"24/08/2024";"16:35:00";"425";"Sem vítima";"252,300";"BR-116/RJ";"Crescente";"Colisão traseira";0;0;1;0;0;0;0;0;0;1;2;0;0;0;0
"24/08/2024";"18:37:00";"464";"Sem vítima";"231,000";"BR-116/SP";"Decrescente";"Colisão traseira";1;0;0;0;0;0;0;1;0;0;3;0;0;0;0
"24/08/2024";"19:54:00";"492";"Com vítima";"49,000";"BR-101/SP";"Crescente";"Colisão traseira";0;0;0;2;0;0;0;0;0;0;0;2;0;0;0
"24/08/2024";"21:26:00";"514";"Sem vítima";"322,200";"BR-116/RJ";"Decrescente";"Choque";1;0;0;0;0;0;0;0;0;0;5;0;0;0;0
"25/08/2024";"00:00:00";"68";"Sem vítima";"212,700";"BR-116/SP";"Decrescente";"Choque";1;0;0;0;0;0;0;0;0;0;4;0;0;0;0
"25/08/2024";"00:17:00";"40";"Sem vítima";"321,400";"BR-116/RJ";"Decrescente";"Choque";1;0;0;0;0;0;0;0;0;0;2;0;0;0;0
"25/08/2024";"00:33:00";"44";"Com vítima";"121,400";"BR-116/SP";"Decrescente";"Colisão traseira";2;0;1;0;0;0;0;0;0;0;2;0;1;0;1
"25/08/2024";"02:07:00";"60";"Sem vítima";"106,500";"BR-116/SP";"Crescente";"Colisão lateral em sentido contrário";1;0;0;0;0;0;0;0;0;0;1;0;0;0;0
"25/08/2024";"02:26:00";"64";"Com vítima";"296,100";"BR-116/RJ";"Decrescente";"Choque";0;0;0;0;0;0;0;1;0;0;0;0;1;0;0
"25/08/2024";"04:27:00";"84";"Sem vítima";"121,700";"BR-116/SP";"Decrescente";"Colisão lateral em sentido contrário";1;0;0;0;0;0;0;0;0;0;1;0;0;0;0
"25/08/2024";"05:50:00";"95";"Com vítima";"478,000";"BR-101/RJ";"Decrescente";"Acidentes de outra natureza";0;0;0;1;0;0;0;0;0;0;0;1;1;0;0
"25/08/2024";"06:36:00";"107";"Com vítima";"269,000";"BR-116/RJ";"Decrescente";"Capotamento";1;0;0;0;0;0;0;0;0;0;0;1;0;0;0
"25/08/2024";"07:26:00";"125";"Sem vítima";"206,000";"BR-116/SP";"Decrescente";"Choque";1;0;0;0;0;0;0;0;0;0;1;0;0;0;0
"25/08/2024";"09:07:00";"157";"Sem vítima";"515,000";"BR-101/RJ";"Decrescente";"Choque";1;0;0;0;0;0;0;0;0;0;2;0;0;0;0
"25/08/2024";"09:39:00";"166";"Sem vítima";"498,700";"BR-101/RJ";"Crescente";"Capotamento";1;0;0;0;0;0;0;0;0;0;2;0;0;0;0
"25/08/2024";"10:00:00";"174";"Com vítima";"491,000";"BR-101/RJ";"Crescente";"Choque";1;0;0;0;0;0;0;0;0;0;0;2;0;0;0
"25/08/2024";"10:46:00";"187";"Sem vítima";"595,000";"BR-101/RJ";"Decrescente";"Choque";1;0;0;0;0;0;0;0;0;0;1;0;0;0;0
"25/08/2024";"11:46:00";"203";"Sem vítima";"15,000";"BR-116/SP";"Crescente";"Choque";1;0;0;0;0;0;0;0;0;0;1;0;0;0;0
"25/08/2024";"12:52:00";"222";"Com vítima";"150,000";"BR-116/SP";"Crescente";"Colisão traseira";2;0;0;0;0;0;0;0;0;0;3;2;0;0;0
"25/08/2024";"13:57:00";"251";"Sem vítima";"515,000";"BR-101/RJ";"Crescente";"Choque";1;0;0;0;0;0;0;0;0;0;1;0;0;0;0
"25/08/2024";"14:35:00";"264";"Sem vítima";"66,000";"BR-116/SP";"Decrescente";"Acidentes de outra natureza";1;0;0;0;0;0;0;0;0;0;1;0;0;0;0
"25/08/2024";"15:12:00";"282";"Sem vítima";"93,200";"BR-116/SP";"Crescente";"Colisão traseira";2;0;0;0;0;0;0;0;0;0;9;0;0;0;0
"25/08/2024";"15:13:00";"283";"Sem vítima";"104,500";"BR-116/SP";"Crescente";"Colisão traseira";2;0;0;0;0;0;0;0;0;0;2;0;0;0;0
"25/08/2024";"18:02:00";"380";"Com vítima";"215,100";"BR-116/SP";"Crescente";"Choque";1;0;0;0;0;0;0;0;0;0;1;2;0;0;0
"25/08/2024";"18:42:00";"396";"Sem vítima";"311,700";"BR-116/RJ";"Crescente";"Choque";1;0;0;0;0;0;0;0;0;0;2;0;0;0;0
"25/08/2024";"19:55:00";"425";"Com vítima";"229,800";"BR-116/SP";"Decrescente";"Colisão lateral em sentido contrário";1;0;0;0;0;0;0;1;0;0;3;0;2;0;0
"25/08/2024";"20:22:00";"441";"Com vítima";"382,400";"BR-101/RJ";"Decrescente";"Capotamento";1;0;0;0;0;0;0;0;0;0;1;0;0;0;1
"25/08/2024";"20:25:00";"444";"Sem vítima";"86,950";"BR-116/SP";"Decrescente";"Colisão lateral em sentido contrário";1;0;0;0;0;0;0;0;0;0;4;0;0;0;0
"25/08/2024";"22:47:00";"474";"Sem vítima";"242,300";"BR-116/RJ";"Crescente";"Colisão lateral em sentido contrário";1;0;0;0;0;0;0;0;0;1;2;0;0;0;0
"26/08/2024";"00:48:00";"40";"Sem vítima";"124,400";"BR-116/SP";"Decrescente";"Colisão traseira";0;0;2;0;0;0;0;0;0;0;2;0;0;0;0
"26/08/2024";"03:17:00";"57";"Com vítima";"334,200";"BR-116/RJ";"Crescente";"Tombamento";0;0;1;0;0;0;0;0;0;0;0;0;1;0;0
"26/08/2024";"03:49:00";"64";"Sem vítima";"226,400";"BR-116/RJ";"Decrescente";"Choque";1;0;0;0;0;0;0;0;0;0;1;0;0;0;0
"26/08/2024";"04:10:00";"68";"Com vítima";"183,900";"BR-116/SP";"Crescente";"Colisão traseira";0;0;1;1;0;0;0;0;0;0;1;0;0;0;1
"26/08/2024";"07:05:00";"154";"Sem vítima";"428,000";"BR-101/RJ";"Crescente";"Colisão lateral em sentido contrário";1;0;0;0;0;0;0;0;0;1;5;0;0;0;0
"26/08/2024";"07:06:00";"157";"Sem vítima";"251,000";"BR-116/RJ";"Crescente";"Choque";1;0;0;0;0;0;0;0;0;0;1;0;0;0;0
"26/08/2024";"07:10:00";"162";"Sem vítima";"224,300";"BR-116/SP";"Crescente";"Colisão traseira";2;0;0;0;0;0;0;0;0;0;2;0;0;0;0
"26/08/2024";"07:43:00";"200";"Sem vítima";"223,000";"BR-116/SP";"Crescente";"Colisão traseira";1;0;0;0;0;0;0;0;0;0;1;0;0;0;0
"26/08/2024";"07:54:00";"209";"Sem vítima";"223,400";"BR-116/SP";"Decrescente";"Colisão lateral em sentido contrário";0;0;1;0;0;0;0;0;0;0;1;0;0;0;0
"26/08/2024";"07:55:00";"210";"Com vítima";"222,000";"BR-116/SP";"Crescente";"Colisão traseira";0;0;0;2;0;0;0;0;0;0;0;2;0;0;0
"26/08/2024";"08:02:00";"221";"Sem vítima";"212,000";"BR-116/SP";"Crescente";"Colisão traseira";1;0;0;1;0;0;0;0;0;0;0;0;0;0;0
"26/08/2024";"08:24:00";"241";"Com vítima";"94,200";"BR-116/SP";"Crescente";"Choque";1;0;0;0;0;0;0;0;0;0;1;1;0;0;0
"26/08/2024";"08:26:00";"243";"Sem vítima";"144,000";"BR-116/SP";"Crescente";"Colisão traseira";2;0;0;0;0;0;0;0;0;0;2;0;0;0;0
"26/08/2024";"08:31:00";"250";"Sem vítima";"229,050";"BR-116/RJ";"Decrescente";"Choque";0;0;1;0;0;0;0;0;0;0;1;0;0;0;0
"26/08/2024";"08:32:00";"252";"Com vítima";"382,000";"BR-101/RJ";"Decrescente";"Acidentes de outra natureza";0;0;1;0;0;0;0;0;0;0;0;0;1;0;0
"26/08/2024";"09:38:00";"313";"Sem vítima";"219,500";"BR-116/SP";"Crescente";"Colisão traseira";0;0;1;0;0;0;0;0;0;0;1;0;0;0;0
"26/08/2024";"10:28:00";"349";"Sem vítima";"225,900";"BR-116/SP";"Decrescente";"Colisão traseira";0;0;1;0;0;0;0;0;0;0;1;0;0;0;0
"26/08/2024";"10:58:00";"364";"Sem vítima";"212,000";"BR-116/SP";"Decrescente";"Colisão lateral em sentido contrário";1;0;0;0;0;0;0;1;0;0;3;0;0;0;0
"26/08/2024";"15:08:00";"469";"Sem vítima";"90,000";"BR-116/SP";"Crescente";"Colisão traseira";0;0;2;0;0;0;0;0;0;0;2;0;0;0;0
"26/08/2024";"15:33:00";"481";"Sem vítima";"229,000";"BR-116/RJ";"Crescente";"Colisão lateral em sentido contrário";1;0;1;0;0;0;0;0;0;0;2;0;0;0;0
"26/08/2024";"15:59:00";"491";"Com vítima";"231,000";"BR-116/SP";"Crescente";"Colisão traseira";0;0;0;2;0;0;0;0;0;0;0;0;2;0;0
"26/08/2024";"16:00:00";"492";"Com vítima";"105,900";"BR-116/SP";"Crescente";"Atropelamento de pedestre";0;0;0;0;0;0;0;0;0;0;0;0;1;0;0
"26/08/2024";"16:34:00";"503";"Com vítima";"282,800";"BR-116/RJ";"Decrescente";"Engavetamento";2;0;0;0;0;0;0;0;0;0;5;2;0;0;0
"26/08/2024";"16:41:00";"507";"Sem vítima";"226,200";"BR-116/RJ";"Crescente";"Colisão traseira";1;0;0;0;0;0;0;0;0;0;2;0;0;0;0
"26/08/2024";"18:07:00";"534";"Sem vítima";"218,000";"BR-116/SP";"Crescente";"Colisão lateral em sentido contrário";1;0;1;0;0;0;0;0;0;0;2;0;0;0;0
"26/08/2024";"18:17:00";"543";"Sem vítima";"107,400";"BR-116/SP";"Crescente";"Colisão lateral em sentido contrário";1;0;0;1;0;0;0;0;0;0;3;0;0;0;0
"26/08/2024";"18:55:00";"568";"Com vítima";"39,800";"BR-101/SP";"Decrescente";"Colisão lateral em sentido contrário";2;0;0;0;0;0;0;0;0;0;5;2;0;0;0
"27/08/2024";"04:56:00";"93";"Com vítima";"228,250";"BR-116/RJ";"Decrescente";"Colisão traseira";0;0;2;0;0;0;0;0;0;0;2;0;1;0;0
"27/08/2024";"06:07:00";"121";"Com vítima";"150,000";"BR-116/SP";"Decrescente";"Colisão frontal";0;1;0;0;0;0;0;0;0;0;0;0;0;0;0
"27/08/2024";"07:31:00";"210";"Com vítima";"230,200";"BR-116/SP";"Crescente";"Atropelamento de pedestre";0;0;0;1;0;0;0;0;0;0;0;1;0;0;0
"27/08/2024";"07:55:00";"246";"Sem vítima";"41,000";"BR-116/SP";"Crescente";"Colisão lateral em sentido contrário";1;0;1;0;0;0;0;0;0;0;2;0;0;0;0
"27/08/2024";"08:40:00";"284";"Sem vítima";"245,100";"BR-116/RJ";"Decrescente";"Colisão traseira";1;0;1;0;0;0;0;0;0;0;2;0;0;0;0
"27/08/2024";"16:17:00";"569";"Sem vítima";"322,000";"BR-116/RJ";"Crescente";"Colisão traseira";2;0;0;0;0;0;0;0;0;0;3;0;0;0;0
"27/08/2024";"16:51:00";"586";"Com vítima";"227,300";"BR-116/SP";"Crescente";"Colisão traseira";1;0;0;1;0;0;0;0;0;0;1;0;1;0;0
"27/08/2024";"16:56:00";"588";"Com vítima";"99,000";"BR-116/SP";"Crescente";"Colisão traseira";1;0;0;1;0;0;0;0;0;0;0;0;0;1;0
"27/08/2024";"17:25:00";"597";"Sem vítima";"141,800";"BR-116/SP";"Decrescente";"Colisão traseira";1;0;0;0;0;0;0;0;0;0;2;0;0;0;0
"27/08/2024";"18:54:00";"642";"Sem vítima";"271,000";"BR-116/RJ";"Decrescente";"Choque";0;0;1;0;0;0;0;0;0;0;1;0;0;0;0
"27/08/2024";"19:05:00";"649";"Com vítima";"225,000";"BR-116/SP";"Decrescente";"Acidentes de outra natureza";0;0;0;1;0;0;0;0;0;0;0;1;0;0;0
"27/08/2024";"19:21:00";"654";"Com vítima";"190,100";"BR-116/SP";"Crescente";"Colisão traseira";1;0;0;0;0;0;0;1;0;0;1;0;1;0;0
"27/08/2024";"19:30:00";"660";"Com vítima";"112,100";"BR-116/SP";"Decrescente";"Colisão traseira";1;0;0;0;0;0;0;0;0;0;1;1;0;0;0
"27/08/2024";"19:41:00";"670";"Com vítima";"141,900";"BR-116/SP";"Decrescente";"Colisão lateral em sentido contrário";0;0;0;1;0;0;0;0;0;0;0;1;0;0;0
"27/08/2024";"19:52:00";"674";"Com vítima";"211,900";"BR-116/SP";"Decrescente";"Colisão traseira";1;0;0;1;0;0;0;0;0;0;1;1;0;0;0
"27/08/2024";"21:19:00";"708";"Com vítima";"410,000";"BR-101/RJ";"Decrescente";"Atropelamento de pedestre";1;0;0;0;0;0;0;0;0;0;0;0;0;0;1
"27/08/2024";"22:39:00";"723";"Com vítima";"158,200";"BR-116/SP";"Crescente";"Capotamento";1;0;0;0;0;0;0;0;0;0;0;1;0;0;0
"28/08/2024";"00:00:00";"371";"Com vítima";"219,700";"BR-116/SP";"Crescente";"Colisão traseira";0;0;1;1;0;0;0;0;0;0;1;1;0;0;0
"28/08/2024";"02:04:00";"56";"Com vítima";"145,100";"BR-116/SP";"Decrescente";"Choque";1;0;0;0;0;0;0;0;0;0;0;1;0;0;0
"28/08/2024";"03:28:00";"71";"Com vítima";"126,680";"BR-116/SP";"Crescente";"Choque";0;0;1;0;0;0;0;0;0;0;0;1;0;0;0
"28/08/2024";"04:26:00";"82";"Com vítima";"325,000";"BR-116/RJ";"Decrescente";"Choque";1;0;0;0;0;0;0;1;0;0;1;0;1;2;0
"28/08/2024";"07:25:00";"190";"Com vítima";"36,450";"BR-116/SP";"Crescente";"Acidentes de outra natureza";0;0;0;1;0;0;0;0;0;0;0;0;1;0;0
"28/08/2024";"07:57:00";"224";"Com vítima";"226,200";"BR-116/SP";"Decrescente";"Choque";0;0;0;1;0;0;0;0;0;0;0;1;0;0;0
"28/08/2024";"09:11:00";"282";"Com vítima";"492,800";"BR-101/RJ";"Decrescente";"Choque";1;0;0;0;0;0;0;0;0;0;0;1;0;0;0
"28/08/2024";"09:38:00";"310";"Sem vítima";"54,600";"BR-116/SP";"Crescente";"Colisão traseira";1;0;0;0;1;0;0;0;0;0;2;0;0;0;0
"28/08/2024";"14:02:00";"476";"Sem vítima";"219,200";"BR-116/SP";"Crescente";"Engavetamento";2;0;0;0;0;0;0;0;0;0;4;0;0;0;0
"28/08/2024";"14:56:00";"513";"Com vítima";"258,000";"BR-116/RJ";"Decrescente";"Acidentes de outra natureza";0;0;0;1;0;0;0;0;0;0;0;0;1;0;0
"28/08/2024";"15:33:00";"537";"Com vítima";"219,500";"BR-116/SP";"Crescente";"Colisão lateral em sentido contrário";0;0;0;1;0;0;0;1;0;0;1;0;1;1;0
"28/08/2024";"17:17:00";"568";"Com vítima";"318,000";"BR-116/RJ";"Crescente";"Colisão traseira";1;0;0;1;0;0;0;0;0;0;2;1;0;0;0
"28/08/2024";"19:14:00";"609";"Com vítima";"148,000";"BR-116/SP";"Decrescente";"Colisão lateral em sentido contrário";1;0;0;1;0;0;0;0;0;0;1;2;0;0;0