data;horario;n_da_ocorrencia;tipo_de_ocorrencia;km;trecho;sentido;tipo_de_acidente;automovel;bicicleta;caminhao;moto;onibus;outros;tracao_animal;transporte_de_cargas_especiais;trator_maquinas;utilitarios;ilesos;levemente_feridos;moderadamente_feridos;gravemente_feridos;mortos
"28/08/2024";"20:14:00";"629";"Com vítima";"146,100";"BR-116/SP";"Crescente";"Capotamento";1;0;0;0;0;0;0;0;0;0;0;1;1;0;0
"28/08/2024";"20:25:00";"633";"Com vítima";"310,100";"BR-116/RJ";"Crescente";"Acidentes de outra natureza";1;0;0;0;0;0;0;0;0;0;0;1;0;0;0
"28/08/2024";"21:38:00";"654";"Com vítima";"483,000";"BR-101/RJ";"Crescente";"Atropelamento de pedestre";1;0;0;0;0;0;0;0;0;0;1;0;0;0;1
"28/08/2024";"22:06:00";"666";"Com vítima";"137,000";"BR-116/SP";"Crescente";"Colisão lateral em sentido contrário";1;0;1;0;0;0;0;0;0;0;1;1;1;0;0
"28/08/2024";"22:55:00";"679";"Sem vítima";"102,800";"BR-116/SP";"Decrescente";"Colisão traseira";0;0;2;0;0;0;0;0;0;0;2;0;0;0;0
"28/08/2024";"23:27:00";"690";"Com vítima";"134,900";"BR-116/SP";"Decrescente";"Colisão traseira";0;0;2;0;0;0;0;0;0;0;1;0;1;0;0
"29/08/2024";"00:00:00";"319";"Sem vítima";"164,000";"BR-116/SP";"Crescente";"Choque";1;0;0;0;0;0;0;0;0;0;1;0;0;0;0
"29/08/2024";"06:54:00";"166";"Com vítima";"227,900";"BR-116/SP";"Crescente";"Colisão traseira";1;0;0;1;0;0;0;0;0;0;1;1;0;0;0
"29/08/2024";"07:01:00";"174";"Com vítima";"147,895";"BR-116/SP";"Crescente";"Capotamento";1;0;0;0;0;0;0;0;0;0;0;3;0;0;0
"29/08/2024";"07:06:00";"183";"Com vítima";"214,000";"BR-116/SP";"Crescente";"Colisão traseira";0;0;0;1;0;0;0;0;0;1;1;0;1;0;0
"29/08/2024";"07:21:00";"193";"Com vítima";"190,800";"BR-116/SP";"Decrescente";"Colisão traseira";0;0;0;1;0;0;0;0;0;0;0;1;0;0;0
"29/08/2024";"07:41:00";"218";"Com vítima";"226,000";"BR-116/RJ";"Crescente";"Tombamento";0;0;0;0;0;0;0;1;0;0;0;0;1;0;0
"29/08/2024";"08:16:00";"251";"Com vítima";"219,400";"BR-116/SP";"Crescente";"Colisão traseira";1;0;0;0;0;0;0;0;0;0;0;0;1;0;0
"29/08/2024";"10:31:00";"356";"Com vítima";"218,000";"BR-116/SP";"Decrescente";"Colisão lateral em sentido contrário";1;0;0;1;0;0;0;0;0;0;0;1;0;0;0
"29/08/2024";"13:14:00";"431";"Sem vítima";"227,000";"BR-116/SP";"Crescente";"Colisão traseira";1;0;1;0;0;0;0;0;0;0;2;0;0;0;0
"29/08/2024";"15:07:00";"487";"Com vítima";"470,000";"BR-101/RJ";"Decrescente";"Atropelamento de pedestre";0;0;0;1;0;0;0;0;0;0;1;1;0;0;0
"29/08/2024";"15:48:00";"503";"Sem vítima";"97,200";"BR-116/SP";"Decrescente";"Colisão traseira";0;0;0;0;0;0;0;2;0;0;2;0;0;0;0
"29/08/2024";"17:45:00";"561";"Sem vítima";"324,900";"BR-116/RJ";"Crescente";"Colisão traseira";1;0;1;0;0;0;0;0;0;0;3;0;0;0;0
"29/08/2024";"17:56:00";"565";"Com vítima";"227,600";"BR-116/SP";"Crescente";"Colisão traseira";1;0;0;1;0;0;0;0;0;0;2;1;0;0;0
"29/08/2024";"18:53:00";"562";"Com vítima";"475,000";"BR-101/RJ";"Decrescente";"Acidentes de outra natureza";0;0;0;1;0;0;0;0;0;0;0;1;0;0;0
"29/08/2024";"20:18:00";"642";"Com vítima";"220,000";"BR-116/SP";"Decrescente";"Acidentes de outra natureza";0;0;0;1;0;0;0;0;0;0;0;1;0;0;0
"30/08/2024";"01:08:00";"45";"Sem vítima";"309,800";"BR-116/RJ";"Decrescente";"Colisão lateral em sentido contrário";1;0;1;0;0;0;0;0;0;0;2;0;0;0;0
"30/08/2024";"01:29:00";"53";"Sem vítima";"115,800";"BR-116/SP";"Crescente";"Capotamento";1;0;0;0;0;0;0;0;0;0;1;0;0;0;0
"30/08/2024";"02:03:00";"62";"Sem vítima";"454,000";"BR-101/RJ";"Crescente";"Choque";0;0;1;0;0;0;0;0;0;0;1;0;0;0;0
"30/08/2024";"05:00:00";"85";"Com vítima";"103,800";"BR-116/SP";"Crescente";"Acidentes de outra natureza";1;0;0;1;0;0;0;0;0;0;1;0;1;0;0
"30/08/2024";"06:09:00";"105";"Com vítima";"131,800";"BR-116/SP";"Decrescente";"Colisão traseira";2;0;0;0;0;0;0;0;0;0;2;1;0;0;0
"30/08/2024";"06:12:00";"111";"Sem vítima";"230,000";"BR-116/SP";"Decrescente";"Colisão lateral em sentido contrário";1;0;0;0;0;0;0;1;0;0;5;0;0;0;0
"30/08/2024";"07:11:00";"185";"Sem vítima";"101,500";"BR-116/SP";"Decrescente";"Colisão traseira";2;0;0;0;0;0;0;0;0;0;2;0;0;0;0
"30/08/2024";"07:30:00";"206";"Com vítima";"96,900";"BR-116/SP";"Crescente";"Acidentes de outra natureza";0;0;0;1;0;0;0;0;0;0;0;2;0;0;0
"30/08/2024";"08:32:00";"274";"Com vítima";"136,000";"BR-116/SP";"Crescente";"Engavetamento";2;0;1;0;0;0;0;0;0;0;4;1;0;0;0
"30/08/2024";"08:52:00";"289";"Sem vítima";"220,000";"BR-116/SP";"Decrescente";"Colisão traseira";0;0;1;1;0;0;0;0;0;0;2;0;0;0;0
"30/08/2024";"09:05:00";"298";"Sem vítima";"215,000";"BR-116/SP";"Decrescente";"Capotamento";1;0;0;0;0;0;0;0;0;0;2;0;0;0;0
"30/08/2024";"14:29:00";"470";"Sem vítima";"74,000";"BR-116/SP";"Crescente";"Choque";0;0;1;0;0;0;0;0;0;0;1;0;0;0;0
"30/08/2024";"14:32:00";"473";"Com vítima";"156,000";"BR-116/SP";"Decrescente";"Colisão lateral em sentido contrário";1;0;1;0;0;0;0;0;0;0;1;2;0;0;0
"30/08/2024";"14:36:00";"476";"Sem vítima";"307,100";"BR-116/RJ";"Decrescente";"Colisão traseira";1;0;0;0;0;0;0;0;0;0;1;0;0;0;0
"30/08/2024";"14:37:00";"477";"Com vítima";"221,000";"BR-116/SP";"Decrescente";"Colisão lateral em sentido contrário";0;0;1;1;0;0;0;0;0;0;1;0;1;0;0
"30/08/2024";"16:09:00";"517";"Com vítima";"431,000";"BR-101/RJ";"Decrescente";"Choque";1;0;0;0;0;0;0;0;0;0;0;2;0;0;0
"30/08/2024";"17:25:00";"563";"Sem vítima";"143,800";"BR-116/SP";"Decrescente";"Engavetamento";1;0;0;0;0;0;0;0;0;0;1;0;0;0;0
"30/08/2024";"17:27:00";"566";"Com vítima";"216,000";"BR-116/SP";"Crescente";"Colisão lateral em sentido contrário";1;0;0;1;0;0;0;0;0;0;2;1;0;0;0
"30/08/2024";"17:41:00";"576";"Com vítima";"478,800";"BR-101/RJ";"Crescente";"Colisão lateral em sentido contrário";1;0;0;1;0;0;0;0;0;0;1;1;0;0;0
"30/08/2024";"18:43:00";"610";"Sem vítima";"147,500";"BR-116/SP";"Decrescente";"Choque";1;0;0;0;0;0;0;0;0;0;1;0;0;0;0
"30/08/2024";"22:13:00";"710";"Sem vítima";"227,200";"BR-116/SP";"Decrescente";"Choque";1;0;0;0;0;0;0;0;0;0;1;0;0;0;0
"30/08/2024";"23:38:00";"741";"Sem vítima";"222,500";"BR-116/SP";"Decrescente";"Choque";1;0;0;0;0;0;0;0;0;0;1;0;0;0;0
"31/08/2024";"02:06:00";"60";"Sem vítima";"147,200";"BR-116/SP";"Crescente";"Colisão lateral em sentido contrário";1;0;1;0;0;0;0;0;0;0;4;0;0;0;0
"31/08/2024";"03:17:00";"68";"Sem vítima";"154,000";"BR-116/SP";"Decrescente";"Choque";1;0;0;0;0;0;0;0;0;0;2;0;0;0;0
"31/08/2024";"05:26:00";"90";"Com vítima";"50,000";"BR-101/SP";"Decrescente";"Acidentes de outra natureza";0;0;0;1;0;0;0;0;0;0;0;1;0;0;0
"31/08/2024";"05:34:00";"87";"Sem vítima";"52,800";"BR-116/SP";"Decrescente";"Capotamento";1;0;0;0;0;0;0;0;0;0;1;0;0;0;0
"31/08/2024";"05:43:00";"98";"Com vítima";"216,500";"BR-116/SP";"Crescente";"Capotamento";1;0;0;0;0;0;0;0;0;0;0;1;0;0;0
"31/08/2024";"05:55:00";"100";"Sem vítima";"497,000";"BR-101/RJ";"Decrescente";"Choque";1;0;0;0;0;0;0;0;0;0;1;0;0;0;0
"31/08/2024";"07:38:00";"172";"Com vítima";"522,000";"BR-101/RJ";"Decrescente";"Acidentes de outra natureza";0;0;0;1;0;0;0;0;0;0;0;1;0;0;0
"31/08/2024";"07:58:00";"184";"Com vítima";"204,200";"BR-116/SP";"Decrescente";"Choque";1;0;0;0;0;0;0;0;0;0;0;1;0;0;0
"31/08/2024";"07:58:00";"189";"Com vítima";"225,200";"BR-116/SP";"Crescente";"Atropelamento de pedestre";0;0;0;0;0;0;0;0;0;0;0;0;0;0;0
"31/08/2024";"08:17:00";"200";"Com vítima";"234,100";"BR-116/RJ";"Decrescente";"Acidentes de outra natureza";0;0;0;1;0;0;0;0;0;0;0;1;0;0;0
"31/08/2024";"08:31:00";"210";"Com vítima";"186,500";"BR-116/SP";"Decrescente";"Colisão traseira";1;0;0;1;0;0;0;0;0;0;1;2;0;0;0
"31/08/2024";"08:38:00";"213";"Com vítima";"142,300";"BR-116/SP";"Decrescente";"Colisão lateral em sentido contrário";1;0;0;0;0;0;0;0;0;1;2;1;0;0;0
"31/08/2024";"08:53:00";"221";"Sem vítima";"227,500";"BR-116/SP";"Crescente";"Colisão lateral em sentido contrário";1;0;1;0;0;0;0;0;0;0;0;0;0;0;0
"31/08/2024";"08:54:00";"224";"Com vítima";"139,300";"BR-116/SP";"Crescente";"Engavetamento";2;0;1;0;0;0;0;0;0;0;3;2;0;0;0
"31/08/2024";"09:23:00";"241";"Com vítima";"90,300";"BR-116/SP";"Decrescente";"Acidentes de outra natureza";0;0;0;1;0;0;0;0;0;0;0;0;1;0;0
"31/08/2024";"09:59:00";"263";"Com vítima";"222,900";"BR-116/SP";"Decrescente";"Colisão traseira";1;0;0;1;0;0;0;0;0;0;4;1;0;0;0
"31/08/2024";"13:43:00";"367";"Com vítima";"208,000";"BR-116/SP";"Decrescente";"Atropelamento de pedestre";0;0;0;0;0;0;0;0;0;1;1;1;0;0;0
"31/08/2024";"14:06:00";"381";"Sem vítima";"225,000";"BR-116/RJ";"Crescente";"Choque";1;0;0;0;0;0;0;0;0;0;1;0;0;0;0
"31/08/2024";"14:12:00";"383";"Sem vítima";"128,800";"BR-116/SP";"Crescente";"Colisão traseira";2;0;0;0;0;0;0;0;0;0;5;0;0;0;0
"31/08/2024";"14:43:00";"399";"Sem vítima";"389,800";"BR-101/RJ";"Crescente";"Choque";1;0;0;0;0;0;0;0;0;0;3;0;0;0;0
"31/08/2024";"15:36:00";"428";"Sem vítima";"131,850";"BR-116/SP";"Decrescente";"Engavetamento";4;0;0;0;0;0;0;0;0;0;9;0;0;0;0
"31/08/2024";"16:08:00";"452";"Com vítima";"264,450";"BR-116/RJ";"Decrescente";"Engavetamento";3;0;0;0;0;0;0;0;0;0;3;1;0;0;0
"31/08/2024";"17:34:00";"492";"Sem vítima";"388,000";"BR-101/RJ";"Decrescente";"Capotamento";1;0;0;0;0;0;0;0;0;0;1;0;0;0;0
"31/08/2024";"19:04:00";"544";"Sem vítima";"140,900";"BR-116/SP";"Decrescente";"Choque";1;0;0;0;0;0;0;0;0;0;1;0;0;0;0
"31/08/2024";"19:19:00";"552";"Sem vítima";"227,500";"BR-116/SP";"Crescente";"Colisão lateral em sentido contrário";1;0;1;0;0;0;0;0;0;0;4;0;0;0;0
"31/08/2024";"19:54:00";"569";"Sem vítima";"279,500";"BR-116/RJ";"Decrescente";"Colisão lateral em sentido contrário";1;0;0;0;0;0;0;0;0;0;1;0;0;0;0
"31/08/2024";"22:51:00";"636";"Sem vítima";"220,500";"BR-116/SP";"Decrescente";"Colisão traseira";2;0;0;0;0;0;0;0;0;0;2;0;0;0;0
"31/08/2024";"23:17:00";"648";"Sem vítima";"126,700";"BR-116/SP";"Decrescente";"Choque";1;0;0;0;0;0;0;0;0;0;2;0;0;0;0
"01/09/2024";"01:18:00";"58";"Sem vítima";"153,400";"BR-116/SP";"Crescente";"Colisão lateral em sentido contrário";1;0;1;0;0;0;0;0;0;0;3;0;0;0;0
"01/09/2024";"01:40:00";"63";"Sem vítima";"422,000";"BR-101/RJ";"Decrescente";"Choque";1;0;0;0;0;0;0;0;0;0;1;0;0;0;0
"01/09/2024";"02:38:00";"68";"Com vítima";"216,000";"BR-116/SP";"Crescente";"Capotamento";1;0;0;0;0;0;0;0;0;0;2;1;0;0;0
"01/09/2024";"06:27:00";"115";"Com vítima";"145,100";"BR-116/SP";"Decrescente";"Colisão traseira";1;0;0;1;0;0;0;0;0;0;3;0;1;0;0
"01/09/2024";"07:14:00";"148";"Com vítima";"219,200";"BR-116/SP";"Decrescente";"Atropelamento de pedestre";1;1;0;0;0;0;0;0;0;0;1;0;0;0;0
"01/09/2024";"07:26:00";"152";"Sem vítima";"236,600";"BR-116/RJ";"Decrescente";"Colisão lateral em sentido contrário";1;0;0;0;0;0;0;0;0;0;4;0;0;0;0
"01/09/2024";"09:09:00";"205";"Com vítima";"230,000";"BR-116/SP";"Decrescente";"Colisão lateral em sentido contrário";1;0;1;0;0;0;0;0;0;0;1;0;1;0;0
"01/09/2024";"14:12:00";"320";"Com vítima";"27,850";"BR-116/SP";"Crescente";"Colisão lateral em sentido contrário";0;0;0;1;0;0;0;0;0;0;0;0;0;0;1
"01/09/2024";"14:20:00";"328";"Sem vítima";"229,100";"BR-116/RJ";"Decrescente";"Colisão traseira";2;0;0;0;0;0;0;0;0;0;9;0;0;0;0
"01/09/2024";"14:38:00";"344";"Com vítima";"284,000";"BR-116/RJ";"Decrescente";"Engavetamento";2;0;0;0;0;0;0;0;0;0;3;1;0;0;0
"01/09/2024";"14:40:00";"345";"Sem vítima";"596,200";"BR-101/RJ";"Decrescente";"Choque";1;0;0;0;0;0;0;0;0;0;1;0;0;0;0
"01/09/2024";"18:15:00";"453";"Com vítima";"219,050";"BR-116/SP";"Crescente";"Colisão frontal";1;0;0;1;0;0;0;0;0;0;1;0;0;1;0
"01/09/2024";"19:24:00";"495";"Com vítima";"151,700";"BR-116/SP";"Crescente";"Colisão lateral em sentido contrário";0;0;0;1;0;0;0;0;0;0;0;2;0;0;0
"01/09/2024";"23:22:00";"582";"Com vítima";"484,000";"BR-101/RJ";"Decrescente";"Colisão frontal";1;0;0;1;0;0;0;0;0;0;0;0;1;0;0
"02/09/2024";"00:32:00";"39";"Sem vítima";"139,400";"BR-116/SP";"Decrescente";"Choque";1;0;0;0;0;0;0;0;0;0;1;0;0;0;0
"02/09/2024";"01:42:00";"52";"Com vítima";"109,400";"BR-116/SP";"Crescente";"Atropelamento de pedestre";0;0;0;0;0;0;0;0;0;0;0;0;0;0;1
"02/09/2024";"01:56:00";"55";"Sem vítima";"390,000";"BR-101/RJ";"Crescente";"Choque";1;0;0;0;0;0;0;0;0;0;0;0;0;0;0
"02/09/2024";"05:10:00";"84";"Com vítima";"429,500";"BR-101/RJ";"Decrescente";"Colisão lateral em sentido contrário";2;0;0;1;0;0;0;0;0;0;2;0;0;0;1
"02/09/2024";"06:38:00";"139";"Sem vítima";"159,100";"BR-116/SP";"Decrescente";"Colisão traseira";0;0;0;0;0;0;0;1;0;0;1;0;0;0;0
"02/09/2024";"07:14:00";"178";"Sem vítima";"125,000";"BR-116/SP";"Decrescente";"Colisão lateral em sentido contrário";2;0;0;0;0;0;0;0;0;0;6;0;0;0;0
"02/09/2024";"07:53:00";"210";"Com vítima";"157,000";"BR-116/SP";"Decrescente";"Colisão traseira";1;0;0;1;0;0;0;0;0;0;1;1;0;0;0
"02/09/2024";"07:57:00";"212";"Com vítima";"138,900";"BR-116/SP";"Crescente";"Colisão traseira";0;0;0;1;0;0;0;0;0;0;0;1;0;0;0
"02/09/2024";"08:10:00";"227";"Sem vítima";"144,700";"BR-116/SP";"Decrescente";"Engavetamento";3;0;0;0;0;0;0;0;0;0;3;0;0;0;0
"02/09/2024";"08:38:00";"250";"Com vítima";"140,000";"BR-116/SP";"Crescente";"Colisão traseira";2;0;0;0;0;0;0;0;0;0;3;1;0;0;0
"02/09/2024";"10:00:00";"331";"Com vítima";"489,000";"BR-101/RJ";"Decrescente";"Colisão lateral em sentido contrário";0;0;0;1;1;0;0;0;0;0;1;0;1;0;0
"02/09/2024";"10:12:00";"347";"Com vítima";"218,000";"BR-116/SP";"Crescente";"Colisão traseira";1;1;0;0;0;0;0;0;0;0;1;0;0;0;0
"02/09/2024";"10:29:00";"362";"Sem vítima";"506,000";"BR-101/RJ";"Decrescente";"Colisão lateral em sentido contrário";0;0;0;1;0;0;0;0;0;0;2;0;0;0;0
"02/09/2024";"10:49:00";"372";"Com vítima";"222,800";"BR-116/SP";"Crescente";"Colisão traseira";1;0;0;1;0;0;0;0;0;0;2;1;0;0;0
"02/09/2024";"12:36:00";"434";"Sem vítima";"487,000";"BR-101/RJ";"Decrescente";"Colisão traseira";2;0;0;0;0;0;0;0;0;0;2;0;0;0;0
"02/09/2024";"13:22:00";"464";"Sem vítima";"226,800";"BR-116/SP";"Crescente";"Choque";1;0;0;0;0;0;0;0;0;0;2;0;0;0;0
"02/09/2024";"14:39:00";"502";"Sem vítima";"316,000";"BR-116/RJ";"Crescente";"Choque";1;0;0;0;0;0;0;0;0;0;1;0;0;0;0
"02/09/2024";"16:00:00";"558";"Com vítima";"221,100";"BR-116/SP";"Decrescente";"Colisão lateral em sentido contrário";0;0;0;1;0;0;0;1;0;0;1;1;0;0;0
"02/09/2024";"16:37:00";"590";"Com vítima";"21,400";"BR-116/SP";"Crescente";"Colisão lateral em sentido contrário";1;0;0;1;0;0;0;0;0;0;1;1;0;0;0
"02/09/2024";"16:39:00";"591";"Sem vítima";"205,900";"BR-116/SP";"Crescente";"Colisão lateral em sentido contrário";0;0;2;0;0;0;0;0;0;0;2;0;0;0;0
"02/09/2024";"17:10:00";"606";"Sem vítima";"296,000";"BR-116/RJ";"Decrescente";"Choque";1;0;0;0;0;0;0;0;0;0;0;0;0;0;0
"02/09/2024";"18:26:00";"649";"Com vítima";"316,070";"BR-116/RJ";"Decrescente";"Choque";0;0;1;0;0;0;0;0;0;0;0;0;1;0;0
"02/09/2024";"18:33:00";"654";"Com vítima";"145,650";"BR-116/SP";"Decrescente";"Colisão traseira";0;0;1;1;0;0;0;0;0;0;1;1;1;0;0
"02/09/2024";"19:14:00";"668";"Com vítima";"52,000";"BR-116/SP";"Crescente";"Colisão frontal";0;0;0;1;0;0;0;0;0;0;0;1;1;0;0
"02/09/2024";"20:25:00";"697";"Sem vítima";"547,000";"BR-101/RJ";"Crescente";"Atropelamento de pedestre";0;0;0;0;1;0;0;0;0;0;3;0;0;0;0
"02/09/2024";"20:57:00";"711";"Sem vítima";"227,900";"BR-116/RJ";"Decrescente";"Colisão traseira";0;0;0;0;1;0;0;0;0;0;21;0;0;0;0
"02/09/2024";"21:58:00";"736";"Com vítima";"22,500";"BR-116/SP";"Crescente";"Tombamento";0;0;0;0;0;0;0;1;0;0;0;0;1;0;0
"02/09/2024";"22:35:00";"745";"Com vítima";"110,300";"BR-116/SP";"Decrescente";"Acidentes de outra natureza";0;0;0;1;0;0;0;0;0;0;0;1;0;0;0
"02/09/2024";"22:52:00";"751";"Com vítima";"161,300";"BR-116/SP";"Decrescente";"Atropelamento de pedestre";0;0;0;0;0;0;0;0;0;0;0;0;0;0;0
"03/09/2024";"03:54:00";"58";"Com vítima";"452,500";"BR-101/RJ";"Decrescente";"Capotamento";1;0;0;0;0;0;0;0;0;0;0;3;0;0;0
"03/09/2024";"07:13:00";"171";"Com vítima";"226,100";"BR-116/SP";"Crescente";"Colisão traseira";2;0;0;0;0;0;0;0;0;0;1;1;0;0;0
"03/09/2024";"09:24:00";"293";"Sem vítima";"290,000";"BR-116/RJ";"Crescente";"Colisão traseira";1;0;1;0;0;0;0;0;0;0;2;0;0;0;0
"03/09/2024";"10:55:00";"356";"Sem vítima";"165,000";"BR-116/SP";"Crescente";"Colisão traseira";0;0;0;0;0;0;0;1;0;0;1;0;0;0;0
"03/09/2024";"14:09:00";"435";"Sem vítima";"270,000";"BR-116/RJ";"Decrescente";"Colisão traseira";1;0;1;0;0;0;0;0;0;0;4;0;0;0;0
"03/09/2024";"15:51:00";"489";"Sem vítima";"422,000";"BR-101/RJ";"Crescente";"Choque";1;0;0;0;0;0;0;0;0;0;1;0;0;0;0
"03/09/2024";"16:09:00";"499";"Com vítima";"503,000";"BR-101/RJ";"Decrescente";"Atropelamento de pedestre";1;1;0;0;0;0;0;0;0;0;1;0;0;1;0
"03/09/2024";"17:39:00";"549";"Sem vítima";"108,800";"BR-116/SP";"Crescente";"Colisão traseira";0;0;1;0;1;0;0;0;0;0;2;0;0;0;0
"03/09/2024";"17:56:00";"556";"Com vítima";"213,150";"BR-116/SP";"Decrescente";"Atropelamento de pedestre";1;1;0;0;0;0;0;0;0;0;1;0;0;0;0
"03/09/2024";"18:08:00";"566";"Sem vítima";"153,800";"BR-116/SP";"Crescente";"Colisão traseira";2;0;0;0;0;1;0;0;0;0;2;0;0;0;0
"03/09/2024";"18:52:00";"588";"Com vítima";"217,600";"BR-116/SP";"Decrescente";"Colisão traseira";2;0;0;0;0;0;0;0;0;0;1;2;0;0;0
"03/09/2024";"19:29:00";"606";"Com vítima";"87,000";"BR-116/SP";"Decrescente";"Acidentes de outra natureza";0;0;0;1;0;0;0;0;0;0;0;1;0;0;0
"03/09/2024";"19:35:00";"612";"Com vítima";"487,900";"BR-101/RJ";"Crescente";"Colisão lateral em sentido contrário";1;0;0;1;0;0;0;0;0;0;1;0;1;0;0
"03/09/2024";"23:46:00";"687";"Sem vítima";"155,500";"BR-116/SP";"Crescente";"Colisão traseira";2;0;0;0;0;0;0;0;0;0;2;0;0;0;0
"04/09/2024";"02:12:00";"46";"Com vítima";"411,000";"BR-101/RJ";"Crescente";"Choque";1;0;0;0;0;0;0;0;0;0;1;2;0;0;0
"04/09/2024";"03:27:00";"55";"Com vítima";"386,000";"BR-101/RJ";"Decrescente";"Atropelamento de pedestre";0;0;0;0;0;0;0;0;0;0;0;0;0;0;1
"04/09/2024";"05:25:00";"88";"Com vítima";"264,000";"BR-116/RJ";"Decrescente";"Engavetamento";1;0;3;0;0;0;0;0;0;0;3;1;0;0;0
"04/09/2024";"06:05:00";"109";"Sem vítima";"232,000";"BR-116/RJ";"Decrescente";"Colisão lateral em sentido contrário";0;0;2;0;0;0;0;0;0;0;2;0;0;0;0
"04/09/2024";"08:30:00";"261";"Sem vítima";"0,400";"BR-116/SP";"Decrescente";"Colisão lateral em sentido contrário";0;0;1;0;0;0;0;1;0;0;0;0;0;0;0
"04/09/2024";"09:20:00";"305";"Sem vítima";"145,000";"BR-116/SP";"Decrescente";"Colisão traseira";1;0;0;1;0;0;0;0;0;0;2;0;0;0;0
"04/09/2024";"12:08:00";"401";"Sem vítima";"192,700";"BR-116/SP";"Crescente";"Choque";0;0;0;0;0;0;0;1;0;0;0;0;0;0;0
"04/09/2024";"16:33:00";"552";"Com vítima";"281,000";"BR-116/RJ";"Decrescente";"Acidentes de outra natureza";0;0;0;1;0;0;0;0;0;0;0;0;1;0;0
"04/09/2024";"17:13:00";"580";"Com vítima";"53,180";"BR-116/SP";"Decrescente";"Acidentes de outra natureza";0;0;0;1;0;0;0;0;0;0;1;1;0;0;0
"04/09/2024";"19:55:00";"677";"Sem vítima";"224,600";"BR-116/SP";"Decrescente";"Choque";1;0;0;0;0;0;0;0;0;0;4;0;0;0;0
"04/09/2024";"20:16:00";"688";"Sem vítima";"37,800";"BR-116/SP";"Crescente";"Colisão traseira";1;0;0;0;0;0;0;0;0;0;1;0;0;0;0
"05/09/2024";"02:13:00";"47";"Com vítima";"243,000";"BR-116/RJ";"Decrescente";"Acidentes de outra natureza";0;0;0;1;0;0;0;0;0;0;0;0;1;0;0
"05/09/2024";"03:20:00";"56";"Sem vítima";"142,200";"BR-116/SP";"Crescente";"Colisão traseira";0;0;2;0;0;0;0;0;0;0;2;0;0;0;0
"05/09/2024";"03:57:00";"62";"Sem vítima";"174,900";"BR-116/SP";"Decrescente";"Colisão traseira";1;0;0;0;0;0;0;0;0;0;5;0;0;0;0
"05/09/2024";"05:36:00";"90";"Sem vítima";"227,400";"BR-116/SP";"Decrescente";"Choque";1;0;0;0;0;0;0;0;0;0;1;0;0;0;0
"05/09/2024";"07:14:00";"183";"Com vítima";"230,000";"BR-116/SP";"Crescente";"Engavetamento";2;0;0;1;0;0;0;0;0;0;2;0;1;0;0
"05/09/2024";"07:16:00";"184";"Sem vítima";"338,300";"BR-116/RJ";"Crescente";"Choque";1;0;0;0;0;0;0;0;0;0;1;0;0;0;0
"05/09/2024";"07:53:00";"225";"Sem vítima";"156,000";"BR-116/SP";"Decrescente";"Colisão traseira";0;0;2;0;0;0;0;0;0;0;2;0;0;0;0
"05/09/2024";"08:26:00";"251";"Sem vítima";"216,300";"BR-116/SP";"Crescente";"Colisão traseira";2;0;0;0;0;0;0;0;0;0;4;0;0;0;0
"05/09/2024";"08:41:00";"272";"Sem vítima";"140,600";"BR-116/SP";"Decrescente";"Engavetamento";3;0;0;0;0;0;0;0;0;0;3;0;0;0;0
"05/09/2024";"11:58:00";"441";"Com vítima";"54,900";"BR-116/SP";"Crescente";"Colisão traseira";1;0;0;0;0;0;0;0;0;0;0;1;0;0;0
"05/09/2024";"12:35:00";"460";"Sem vítima";"473,950";"BR-101/RJ";"Crescente";"Colisão traseira";2;0;0;0;0;0;0;0;0;0;2;0;0;0;0
"05/09/2024";"13:01:00";"475";"Sem vítima";"229,000";"BR-116/RJ";"Decrescente";"Colisão traseira";0;0;2;0;0;0;0;0;0;0;2;0;0;0;0
"05/09/2024";"13:24:00";"484";"Com vítima";"513,000";"BR-101/RJ";"Crescente";"Colisão lateral em sentido contrário";2;0;0;0;0;0;0;0;0;0;2;1;0;0;0
"05/09/2024";"13:52:00";"493";"Sem vítima";"229,800";"BR-116/SP";"Decrescente";"Engavetamento";2;0;0;0;0;0;0;0;0;1;3;0;0;0;0
"05/09/2024";"13:54:00";"496";"Com vítima";"282,000";"BR-116/RJ";"Decrescente";"Colisão lateral em sentido contrário";2;0;0;0;0;0;0;0;0;0;1;3;0;0;0
"05/09/2024";"15:36:00";"553";"Com vítima";"495,000";"BR-101/RJ";"Decrescente";"Colisão frontal";1;0;0;1;0;0;0;0;0;0;0;0;0;3;0
"05/09/2024";"16:13:00";"569";"Com vítima";"43,500";"BR-101/SP";"Decrescente";"Atropelamento de pedestre";1;1;0;0;0;0;0;0;0;0;1;0;0;0;0
"05/09/2024";"16:37:00";"583";"Sem vítima";"146,700";"BR-116/SP";"Crescente";"Engavetamento";1;0;0;0;0;0;0;1;0;0;2;0;0;0;0