data;horario;n_da_ocorrencia;tipo_de_ocorrencia;km;trecho;sentido;tipo_de_acidente;automovel;bicicleta;caminhao;moto;onibus;outros;tracao_animal;transporte_de_cargas_especiais;trator_maquinas;utilitarios;ilesos;levemente_feridos;moderadamente_feridos;gravemente_feridos;mortos
"05/09/2024";"17:58:00";"614";"Com vítima";"116,000";"BR-116/SP";"Decrescente";"Acidentes de outra natureza";0;0;0;1;0;0;0;0;0;0;1;1;0;0;0
"05/09/2024";"18:09:00";"621";"Com vítima";"178,600";"BR-116/SP";"Decrescente";"Choque";1;0;0;0;0;0;0;0;0;0;3;1;0;0;0
"05/09/2024";"18:32:00";"632";"Com vítima";"396,500";"BR-101/RJ";"Decrescente";"Capotamento";2;0;0;0;0;0;0;0;0;0;1;0;1;0;0
"05/09/2024";"18:51:00";"640";"Com vítima";"147,400";"BR-116/SP";"Decrescente";"Colisão traseira";1;0;0;1;0;0;0;0;0;0;1;1;1;0;0
"05/09/2024";"18:57:00";"643";"Com vítima";"224,000";"BR-116/SP";"Crescente";"Colisão lateral em sentido contrário";1;0;0;1;0;0;0;0;0;0;1;0;1;0;0
"05/09/2024";"18:57:00";"644";"Sem vítima";"234,800";"BR-116/RJ";"Crescente";"Colisão lateral em sentido contrário";1;0;1;0;0;0;0;0;0;0;3;0;0;0;0
"05/09/2024";"19:57:00";"676";"Com vítima";"145,600";"BR-116/SP";"Crescente";"Engavetamento";2;0;0;1;0;0;0;0;0;0;2;1;0;0;0
"05/09/2024";"21:14:00";"709";"Com vítima";"496,200";"BR-101/RJ";"Decrescente";"Acidentes de outra natureza";0;0;0;1;0;0;0;0;0;0;0;0;2;0;0
"06/09/2024";"00:00:00";"354";"Com vítima";"314,000";"BR-116/RJ";"Crescente";"Choque";0;0;0;1;0;0;0;0;0;0;0;0;0;1;0
"06/09/2024";"03:38:00";"72";"Sem vítima";"583,500";"BR-101/RJ";"Crescente";"Choque";1;0;0;0;0;0;0;0;0;0;3;0;0;0;0
"06/09/2024";"04:00:00";"110";"Sem vítima";"30,000";"BR-116/SP";"Decrescente";"Colisão traseira";0;0;1;0;0;0;0;0;0;0;1;0;0;0;0
"06/09/2024";"07:23:00";"205";"Sem vítima";"158,000";"BR-116/SP";"Decrescente";"Colisão traseira";0;0;1;0;1;0;0;0;0;0;2;0;0;0;0
"06/09/2024";"08:26:00";"293";"Sem vítima";"158,500";"BR-116/SP";"Decrescente";"Colisão lateral em sentido contrário";1;0;1;0;0;0;0;0;0;0;2;0;0;0;0
"06/09/2024";"09:43:00";"340";"Sem vítima";"45,700";"BR-101/SP";"Crescente";"Colisão traseira";2;0;0;0;0;0;0;0;0;0;7;0;0;0;0
"06/09/2024";"12:14:00";"437";"Sem vítima";"34,000";"BR-101/SP";"Crescente";"Choque";1;0;0;0;0;0;0;0;0;0;2;0;0;0;0
"06/09/2024";"14:10:00";"488";"Sem vítima";"206,500";"BR-116/SP";"Crescente";"Colisão lateral em sentido contrário";1;0;1;0;0;0;0;1;0;0;3;0;0;0;0
"06/09/2024";"14:20:00";"493";"Sem vítima";"158,000";"BR-116/SP";"Crescente";"Colisão lateral em sentido contrário";1;0;0;0;0;0;0;1;0;0;2;0;0;0;0
"06/09/2024";"15:21:00";"528";"Com vítima";"188,000";"BR-116/SP";"Crescente";"Capotamento";1;0;0;0;0;0;0;0;0;0;0;1;0;0;0
"06/09/2024";"16:03:00";"564";"Sem vítima";"172,100";"BR-116/SP";"Crescente";"Colisão lateral em sentido contrário";1;0;1;0;0;0;0;0;0;0;2;0;0;0;0
"06/09/2024";"16:23:00";"569";"Sem vítima";"63,000";"BR-116/SP";"Crescente";"Colisão traseira";1;0;0;1;0;0;0;0;0;0;3;0;0;0;0
"06/09/2024";"16:56:00";"592";"Sem vítima";"220,200";"BR-116/SP";"Decrescente";"Colisão lateral em sentido contrário";1;0;1;0;0;0;0;0;0;0;2;0;0;0;0
"06/09/2024";"16:57:00";"593";"Sem vítima";"207,800";"BR-116/SP";"Decrescente";"Colisão lateral em sentido contrário";1;0;1;0;0;0;0;0;0;0;2;0;0;0;0
"06/09/2024";"19:30:00";"670";"Sem vítima";"583,500";"BR-101/RJ";"Crescente";"Choque";1;0;0;0;0;0;0;0;0;0;1;0;0;0;0
"06/09/2024";"19:33:00";"671";"Com vítima";"317,900";"BR-116/RJ";"Crescente";"Colisão frontal";2;0;0;1;0;0;0;0;0;0;2;1;0;0;0
"06/09/2024";"19:50:00";"680";"Sem vítima";"188,300";"BR-116/SP";"Crescente";"Colisão traseira";1;0;0;0;0;0;0;0;0;1;2;0;0;0;0
"06/09/2024";"20:23:00";"700";"Com vítima";"575,000";"BR-101/RJ";"Crescente";"Colisão frontal";1;0;0;0;0;0;0;0;0;1;1;0;0;1;0
"06/09/2024";"21:15:00";"719";"Com vítima";"413,000";"BR-101/RJ";"Crescente";"Acidentes de outra natureza";0;0;0;1;0;0;0;0;0;0;0;0;2;0;0
"06/09/2024";"21:27:00";"725";"Sem vítima";"169,000";"BR-116/SP";"Crescente";"Colisão frontal";1;0;1;0;0;0;0;0;0;0;2;0;0;0;0
"06/09/2024";"21:40:00";"732";"Sem vítima";"205,700";"BR-116/SP";"Crescente";"Atropelamento de pedestre";1;0;0;0;0;0;0;0;0;0;1;0;0;0;0
"06/09/2024";"22:02:00";"738";"Com vítima";"484,000";"BR-101/RJ";"Decrescente";"Colisão frontal";1;0;0;1;0;0;0;0;0;0;1;0;0;1;0
"06/09/2024";"22:17:00";"740";"Com vítima";"503,000";"BR-101/RJ";"Decrescente";"Colisão transversal";1;0;0;0;0;0;0;0;0;1;0;1;1;0;0
"06/09/2024";"23:08:00";"759";"Com vítima";"186,200";"BR-116/SP";"Decrescente";"Choque";0;0;0;1;0;0;0;0;0;0;0;0;0;1;0
"07/09/2024";"00:00:00";"530";"Sem vítima";"145,300";"BR-116/SP";"Crescente";"Colisão traseira";2;0;0;0;0;0;0;0;0;0;2;0;0;0;0
"07/09/2024";"01:12:00";"46";"Com vítima";"70,000";"BR-116/SP";"Decrescente";"Acidentes de outra natureza";0;0;0;1;0;0;0;0;0;0;0;0;1;0;0
"07/09/2024";"02:33:00";"59";"Sem vítima";"198,000";"BR-116/SP";"Decrescente";"Choque";1;0;0;0;0;0;0;0;0;0;1;0;0;0;0
"07/09/2024";"04:16:00";"70";"Com vítima";"144,800";"BR-116/SP";"Crescente";"Acidentes de outra natureza";0;0;0;1;0;0;0;0;0;0;0;0;0;0;1
"07/09/2024";"05:29:00";"86";"Com vítima";"201,000";"BR-116/SP";"Decrescente";"Acidentes de outra natureza";0;0;0;1;0;0;0;0;0;0;0;2;0;0;0
"07/09/2024";"05:57:00";"93";"Com vítima";"483,000";"BR-101/RJ";"Decrescente";"Colisão lateral em sentido contrário";1;0;1;0;0;0;0;0;0;0;1;1;0;0;0
"07/09/2024";"06:17:00";"102";"Com vítima";"242,000";"BR-116/RJ";"Decrescente";"Choque";0;0;1;0;0;0;0;0;0;0;0;1;0;0;0
"07/09/2024";"06:24:00";"105";"Sem vítima";"228,000";"BR-116/SP";"Crescente";"Colisão traseira";1;0;1;0;0;0;0;0;0;0;4;0;0;0;0
"07/09/2024";"08:12:00";"166";"Sem vítima";"165,200";"BR-116/SP";"Crescente";"Colisão traseira";0;0;1;0;0;0;0;0;0;1;2;0;0;0;0
"07/09/2024";"08:47:00";"190";"Com vítima";"224,000";"BR-116/SP";"Crescente";"Colisão traseira";1;0;0;1;0;0;0;0;0;0;3;2;0;0;0
"07/09/2024";"08:51:00";"193";"Com vítima";"119,600";"BR-116/SP";"Decrescente";"Engavetamento";3;0;0;0;0;0;0;0;0;0;1;1;0;0;0
"07/09/2024";"08:55:00";"197";"Com vítima";"102,000";"BR-116/SP";"Decrescente";"Engavetamento";4;0;0;0;0;0;0;0;0;0;5;1;0;0;0
"07/09/2024";"08:56:00";"198";"Sem vítima";"113,200";"BR-116/SP";"Decrescente";"Colisão traseira";2;0;0;0;0;0;0;0;0;0;2;0;0;0;0
"07/09/2024";"09:12:00";"205";"Com vítima";"119,600";"BR-116/SP";"Decrescente";"Engavetamento";3;0;0;0;0;0;0;0;0;0;3;2;0;0;0
"07/09/2024";"09:22:00";"213";"Com vítima";"200,000";"BR-116/SP";"Crescente";"Acidentes de outra natureza";0;0;0;1;0;0;0;0;0;0;0;1;0;0;0
"07/09/2024";"09:40:00";"237";"Sem vítima";"112,600";"BR-116/SP";"Decrescente";"Colisão traseira";1;0;0;0;0;0;0;0;0;0;1;0;0;0;0
"07/09/2024";"10:08:00";"260";"Sem vítima";"124,000";"BR-116/SP";"Decrescente";"Colisão traseira";1;0;0;0;0;0;0;0;0;0;1;0;0;0;0
"07/09/2024";"10:12:00";"239";"Sem vítima";"48,000";"BR-101/SP";"Crescente";"Colisão traseira";2;0;0;0;0;0;0;0;0;0;3;0;0;0;0
"07/09/2024";"11:13:00";"276";"Com vítima";"395,000";"BR-101/RJ";"Decrescente";"Acidentes de outra natureza";0;0;0;1;0;0;0;0;0;0;0;1;1;0;0
"07/09/2024";"11:31:00";"282";"Com vítima";"230,300";"BR-116/SP";"Crescente";"Engavetamento";1;0;0;2;0;0;0;0;0;0;1;3;0;0;0
"07/09/2024";"13:03:00";"313";"Sem vítima";"230,000";"BR-116/SP";"Crescente";"Colisão traseira";2;0;0;0;0;0;0;0;0;0;5;0;0;0;0
"07/09/2024";"14:27:00";"351";"Com vítima";"447,000";"BR-101/RJ";"Decrescente";"Colisão frontal";2;0;0;0;0;0;0;0;0;0;1;1;0;0;0
"07/09/2024";"15:41:00";"384";"Com vítima";"38,800";"BR-101/SP";"Decrescente";"Acidentes de outra natureza";1;0;0;0;0;0;0;0;0;0;0;2;0;0;0
"07/09/2024";"18:41:00";"473";"Com vítima";"474,900";"BR-101/RJ";"Crescente";"Colisão traseira";1;0;0;1;0;0;0;0;0;0;2;0;1;0;0
"07/09/2024";"18:41:00";"474";"Sem vítima";"205,900";"BR-116/SP";"Crescente";"Acidentes de outra natureza";1;0;0;0;0;0;0;0;0;0;1;0;0;0;0
"07/09/2024";"19:11:00";"488";"Com vítima";"223,900";"BR-116/SP";"Crescente";"Colisão traseira";1;0;0;1;0;0;0;0;0;0;1;1;0;0;0
"07/09/2024";"19:17:00";"490";"Com vítima";"217,500";"BR-116/RJ";"Decrescente";"Atropelamento de pedestre";1;0;0;0;0;0;0;0;0;0;2;0;0;0;2
"07/09/2024";"19:52:00";"509";"Com vítima";"323,200";"BR-116/RJ";"Decrescente";"Colisão frontal";3;0;0;0;0;0;0;0;0;0;4;2;0;0;0
"07/09/2024";"20:08:00";"516";"Com vítima";"411,300";"BR-101/RJ";"Decrescente";"Atropelamento de pedestre";0;0;0;0;0;0;0;0;0;0;0;0;1;0;0
"07/09/2024";"20:27:00";"519";"Com vítima";"226,800";"BR-116/SP";"Crescente";"Choque";0;0;0;1;0;0;0;0;0;0;0;0;1;0;0
"07/09/2024";"20:29:00";"520";"Sem vítima";"222,200";"BR-116/SP";"Decrescente";"Colisão traseira";2;0;0;0;0;0;0;0;0;0;2;0;0;0;0
"07/09/2024";"22:01:00";"542";"Com vítima";"209,000";"BR-116/SP";"Crescente";"Acidentes de outra natureza";0;0;0;1;0;0;0;0;0;0;0;1;0;0;0
"07/09/2024";"22:28:00";"549";"Sem vítima";"226,500";"BR-116/SP";"Decrescente";"Colisão traseira";1;0;0;0;1;0;0;0;0;0;4;0;0;0;0
"07/09/2024";"23:24:00";"560";"Sem vítima";"147,600";"BR-116/SP";"Decrescente";"Choque";1;0;0;0;0;0;0;0;0;0;1;0;0;0;0
"08/09/2024";"00:08:00";"27";"Com vítima";"142,600";"BR-116/SP";"Decrescente";"Colisão traseira";0;0;0;2;0;0;0;0;0;0;0;1;2;0;0
"08/09/2024";"01:31:00";"37";"Com vítima";"190,200";"BR-116/SP";"Decrescente";"Colisão traseira";1;0;1;0;0;0;0;0;0;0;1;0;0;0;1
"08/09/2024";"02:39:00";"46";"Com vítima";"216,200";"BR-116/SP";"Crescente";"Choque";1;0;0;0;0;0;0;0;0;0;0;1;0;0;0
"08/09/2024";"02:41:00";"47";"Com vítima";"132,800";"BR-116/SP";"Decrescente";"Colisão traseira";0;0;0;0;1;0;0;1;0;0;0;37;8;0;0
"08/09/2024";"04:44:00";"70";"Sem vítima";"406,200";"BR-101/RJ";"Decrescente";"Atropelamento de pedestre";0;0;1;0;0;0;0;0;0;0;1;0;0;0;0
"08/09/2024";"05:17:00";"78";"Sem vítima";"487,000";"BR-101/RJ";"Decrescente";"Choque";1;0;0;0;0;0;0;0;0;0;1;0;0;0;0
"08/09/2024";"06:52:00";"98";"Com vítima";"216,700";"BR-116/SP";"Decrescente";"Colisão frontal";1;0;0;1;0;0;0;0;0;0;0;1;0;0;1
"08/09/2024";"07:07:00";"101";"Com vítima";"217,000";"BR-116/SP";"Decrescente";"Atropelamento de pedestre";0;0;0;0;0;0;0;0;0;0;0;1;0;0;0
"08/09/2024";"07:26:00";"107";"Sem vítima";"100,800";"BR-116/SP";"Decrescente";"Colisão traseira";1;0;0;0;0;0;0;0;0;0;2;0;0;0;0
"08/09/2024";"12:00:00";"216";"Com vítima";"157,000";"BR-116/SP";"Decrescente";"Engavetamento";4;0;0;0;0;0;0;0;0;0;9;1;0;0;0
"08/09/2024";"13:28:00";"253";"Com vítima";"274,300";"BR-116/RJ";"Decrescente";"Colisão frontal";2;0;0;0;0;0;0;0;0;0;0;0;3;0;0
"08/09/2024";"14:22:00";"285";"Sem vítima";"105,550";"BR-116/SP";"Crescente";"Colisão traseira";2;0;0;0;0;0;0;0;0;0;3;0;0;0;0
"08/09/2024";"14:49:00";"291";"Com vítima";"132,100";"BR-116/SP";"Crescente";"Engavetamento";4;0;0;0;0;0;0;0;0;0;8;2;0;0;0
"08/09/2024";"15:25:00";"301";"Sem vítima";"229,000";"BR-116/SP";"Crescente";"Colisão lateral em sentido contrário";1;0;0;0;0;0;0;1;0;0;2;0;0;0;0
"08/09/2024";"15:44:00";"315";"Com vítima";"47,900";"BR-116/SP";"Decrescente";"Acidentes de outra natureza";0;0;0;1;0;0;0;0;0;0;0;1;0;0;0
"08/09/2024";"16:24:00";"346";"Com vítima";"234,900";"BR-116/RJ";"Decrescente";"Colisão lateral em sentido contrário";1;0;0;1;0;0;0;0;0;0;1;1;0;0;0
"08/09/2024";"16:39:00";"358";"Com vítima";"223,800";"BR-116/SP";"Crescente";"Colisão lateral em sentido contrário";1;0;0;2;0;0;0;0;0;0;3;2;0;0;0
"08/09/2024";"18:12:00";"408";"Sem vítima";"245,700";"BR-116/RJ";"Decrescente";"Choque";1;0;0;0;0;0;0;0;0;0;0;0;0;0;0
"08/09/2024";"18:13:00";"410";"Com vítima";"193,300";"BR-116/SP";"Crescente";"Colisão traseira";1;0;0;1;0;0;0;0;0;0;0;0;1;0;0
"08/09/2024";"18:13:00";"411";"Sem vítima";"324,900";"BR-116/RJ";"Decrescente";"Colisão lateral em sentido contrário";1;0;0;0;0;0;0;1;0;0;5;0;0;0;0
"08/09/2024";"18:29:00";"420";"Sem vítima";"210,500";"BR-116/SP";"Crescente";"Engavetamento";3;0;0;0;0;0;0;0;0;0;3;0;0;0;0
"08/09/2024";"18:35:00";"426";"Com vítima";"253,350";"BR-116/RJ";"Decrescente";"Colisão traseira";0;0;0;2;0;0;0;0;0;0;0;2;0;0;0
"08/09/2024";"20:47:00";"486";"Com vítima";"249,500";"BR-116/RJ";"Crescente";"Colisão traseira";1;0;0;0;0;0;0;0;0;0;1;4;0;0;0
"09/09/2024";"00:00:00";"493";"Com vítima";"227,500";"BR-116/SP";"Crescente";"Choque";0;0;0;1;0;0;0;0;0;0;0;1;0;0;0
"09/09/2024";"00:00:00";"723";"Com vítima";"487,800";"BR-101/RJ";"Decrescente";"Colisão traseira";1;0;0;1;0;0;0;0;0;0;1;0;0;1;0
"09/09/2024";"04:04:00";"68";"Sem vítima";"484,500";"BR-101/RJ";"Crescente";"Choque";1;0;0;0;0;0;0;0;0;0;2;0;0;0;0
"09/09/2024";"06:03:00";"106";"Sem vítima";"212,000";"BR-116/SP";"Crescente";"Engavetamento";3;0;0;0;0;0;0;0;0;0;4;0;0;0;0
"09/09/2024";"06:20:00";"128";"Sem vítima";"493,000";"BR-101/RJ";"Crescente";"Choque";1;0;0;0;0;0;0;0;0;0;5;0;0;0;0
"09/09/2024";"07:58:00";"235";"Com vítima";"109,000";"BR-116/SP";"Decrescente";"Colisão traseira";0;0;0;1;0;0;0;0;0;0;0;1;0;0;0
"09/09/2024";"10:00:00";"340";"Com vítima";"153,800";"BR-116/SP";"Crescente";"Choque";1;0;0;0;0;0;0;0;0;0;0;0;1;0;0
"09/09/2024";"10:36:00";"369";"Sem vítima";"223,000";"BR-116/SP";"Decrescente";"Colisão traseira";0;0;1;0;0;0;0;1;0;0;2;0;0;0;0
"09/09/2024";"10:38:00";"370";"Com vítima";"486,000";"BR-101/RJ";"Decrescente";"Engavetamento";4;0;0;0;0;0;0;0;0;0;4;0;0;1;0
"09/09/2024";"11:15:00";"384";"Com vítima";"447,000";"BR-101/RJ";"Crescente";"Colisão frontal";0;0;1;0;1;0;0;0;0;0;49;1;0;0;0
"09/09/2024";"11:24:00";"387";"Sem vítima";"224,000";"BR-116/SP";"Crescente";"Colisão traseira";1;0;1;0;0;0;0;0;0;0;2;0;0;0;0
"09/09/2024";"13:12:00";"449";"Com vítima";"113,000";"BR-116/SP";"Decrescente";"Colisão lateral em sentido contrário";1;0;1;0;0;0;0;0;0;0;2;0;2;0;0
"09/09/2024";"13:41:00";"472";"Com vítima";"484,000";"BR-101/RJ";"Decrescente";"Colisão lateral em sentido contrário";1;0;0;1;0;0;0;0;0;0;4;0;0;2;0
"09/09/2024";"16:50:00";"578";"Sem vítima";"401,000";"BR-101/RJ";"Crescente";"Colisão lateral em sentido contrário";1;0;0;0;0;0;0;0;0;0;1;0;0;0;0
"09/09/2024";"16:50:00";"579";"Com vítima";"226,800";"BR-116/SP";"Decrescente";"Colisão traseira";0;0;0;1;0;0;0;0;0;0;0;1;0;0;0
"09/09/2024";"17:08:00";"589";"Sem vítima";"146,300";"BR-116/SP";"Decrescente";"Colisão lateral em sentido contrário";2;0;0;0;0;0;0;0;0;0;3;0;0;0;0
"09/09/2024";"17:39:00";"601";"Sem vítima";"73,500";"BR-116/SP";"Crescente";"Colisão lateral em sentido contrário";2;0;0;0;0;0;0;0;0;0;6;0;0;0;0
"09/09/2024";"18:35:00";"631";"Com vítima";"186,200";"BR-116/SP";"Crescente";"Colisão lateral em sentido contrário";1;0;0;1;0;0;0;0;0;0;1;1;0;0;0
"09/09/2024";"19:06:00";"653";"Sem vítima";"303,400";"BR-116/RJ";"Crescente";"Choque";1;0;0;0;0;0;0;0;0;0;1;0;0;0;0
"09/09/2024";"19:11:00";"658";"Sem vítima";"148,700";"BR-116/SP";"Decrescente";"Engavetamento";4;0;0;0;0;0;0;0;0;0;8;0;0;0;0
"09/09/2024";"20:13:00";"689";"Com vítima";"220,200";"BR-116/SP";"Crescente";"Choque";0;0;0;1;0;0;0;0;0;0;0;1;0;1;0
"09/09/2024";"23:44:00";"769";"Sem vítima";"298,300";"BR-116/RJ";"Decrescente";"Colisão traseira";0;0;2;0;0;0;0;0;0;0;2;0;0;0;0
"09/09/2024";"23:46:00";"770";"Com vítima";"146,400";"BR-116/SP";"Crescente";"Colisão traseira";2;0;0;0;0;0;0;0;0;0;1;1;0;0;0
"10/09/2024";"06:05:00";"96";"Sem vítima";"157,000";"BR-116/SP";"Crescente";"Colisão lateral em sentido contrário";1;0;1;0;0;0;0;0;0;0;3;0;0;0;0
"10/09/2024";"06:08:00";"99";"Sem vítima";"221,900";"BR-116/SP";"Crescente";"Colisão lateral em sentido contrário";1;0;1;0;0;0;0;0;0;0;2;0;0;0;0
"10/09/2024";"10:06:00";"357";"Sem vítima";"76,000";"BR-116/SP";"Crescente";"Colisão traseira";2;0;0;0;0;0;0;0;0;0;2;0;0;0;0
"10/09/2024";"11:10:00";"406";"Sem vítima";"145,000";"BR-116/SP";"Crescente";"Engavetamento";4;0;0;0;0;0;0;0;0;0;4;0;0;0;0
"10/09/2024";"12:36:00";"456";"Sem vítima";"149,200";"BR-116/SP";"Decrescente";"Engavetamento";0;0;2;0;0;0;0;1;0;0;2;0;0;0;0
"10/09/2024";"14:04:00";"509";"Com vítima";"222,400";"BR-116/SP";"Crescente";"Colisão traseira";0;0;0;2;0;0;0;0;0;0;0;3;0;0;0
"10/09/2024";"14:56:00";"540";"Com vítima";"227,000";"BR-116/SP";"Decrescente";"Colisão lateral em sentido contrário";0;0;1;1;0;0;0;0;0;0;3;2;0;0;0
"10/09/2024";"15:11:00";"549";"Com vítima";"323,300";"BR-116/RJ";"Crescente";"Colisão lateral em sentido contrário";2;0;0;0;0;0;0;0;0;0;1;1;0;0;0
"10/09/2024";"15:49:00";"570";"Sem vítima";"154,800";"BR-116/SP";"Decrescente";"Colisão lateral em sentido contrário";1;0;0;1;0;0;0;0;0;0;2;0;0;0;0
"10/09/2024";"16:41:00";"599";"Sem vítima";"200,900";"BR-116/SP";"Crescente";"Colisão traseira";1;0;0;0;1;0;0;0;0;0;2;0;0;0;0
"10/09/2024";"16:55:00";"607";"Com vítima";"231,000";"BR-116/SP";"Decrescente";"Colisão traseira";1;0;0;0;0;0;0;1;0;0;1;1;0;0;0
"10/09/2024";"17:59:00";"648";"Com vítima";"216,200";"BR-116/SP";"Decrescente";"Acidentes de outra natureza";0;0;0;1;0;0;0;0;0;0;0;1;0;0;0
"10/09/2024";"19:57:00";"701";"Sem vítima";"231,000";"BR-116/SP";"Decrescente";"Colisão lateral em sentido contrário";1;0;0;0;0;0;0;0;0;0;1;0;0;0;0
"10/09/2024";"22:37:00";"757";"Com vítima";"229,100";"BR-116/RJ";"Decrescente";"Acidentes de outra natureza";0;0;0;3;0;0;0;0;0;0;5;0;1;0;0
"11/09/2024";"00:00:00";"521";"Sem vítima";"108,800";"BR-116/SP";"Decrescente";"Colisão lateral em sentido contrário";1;0;1;0;0;0;0;0;0;0;2;0;0;0;0
"11/09/2024";"00:08:00";"28";"Com vítima";"230,520";"BR-116/SP";"Crescente";"Tombamento";1;0;0;0;0;0;0;0;0;0;1;1;0;0;0
"11/09/2024";"01:05:00";"37";"Com vítima";"227,700";"BR-116/SP";"Decrescente";"Colisão lateral em sentido contrário";1;0;1;0;0;0;0;0;0;0;0;1;0;0;0
"11/09/2024";"02:32:00";"45";"Sem vítima";"232,000";"BR-116/RJ";"Decrescente";"Choque";1;0;0;0;0;0;0;0;0;0;2;0;0;0;0
"11/09/2024";"06:48:00";"161";"Sem vítima";"287,000";"BR-116/RJ";"Crescente";"Choque";1;0;0;0;0;0;0;0;0;0;1;0;0;0;0
"11/09/2024";"06:50:00";"166";"Com vítima";"67,000";"BR-116/SP";"Crescente";"Colisão traseira";2;0;0;0;0;0;0;0;0;0;3;1;0;0;0
"11/09/2024";"06:57:00";"176";"Sem vítima";"178,000";"BR-116/SP";"Crescente";"Colisão lateral em sentido contrário";0;0;1;0;0;0;0;0;0;0;1;0;0;0;0
"11/09/2024";"07:16:00";"195";"Com vítima";"156,000";"BR-116/SP";"Decrescente";"Colisão traseira";1;0;0;1;0;0;0;0;0;0;1;0;1;0;0
"11/09/2024";"07:54:00";"233";"Sem vítima";"190,000";"BR-116/SP";"Crescente";"Acidentes de outra natureza";1;0;0;0;0;0;0;0;0;0;1;0;0;0;0
"11/09/2024";"08:06:00";"248";"Com vítima";"492,000";"BR-101/RJ";"Decrescente";"Colisão lateral em sentido contrário";1;0;0;0;0;0;0;0;0;1;0;1;1;0;0
"11/09/2024";"08:08:00";"250";"Sem vítima";"113,000";"BR-116/SP";"Crescente";"Colisão traseira";1;0;0;0;0;0;0;1;0;0;2;0;0;0;0
"11/09/2024";"08:11:00";"253";"Sem vítima";"97,900";"BR-116/SP";"Crescente";"Choque";0;0;0;1;0;0;0;0;0;0;1;0;0;0;0
"11/09/2024";"08:48:00";"288";"Com vítima";"218,800";"BR-116/SP";"Crescente";"Colisão traseira";0;0;0;1;0;0;0;0;0;1;1;2;0;0;0
"11/09/2024";"10:27:00";"372";"Sem vítima";"1,430";"BR-116/SP";"Decrescente";"Colisão lateral em sentido contrário";0;0;1;0;0;0;0;0;0;0;1;0;0;0;0
"11/09/2024";"11:00:00";"390";"Sem vítima";"231,000";"BR-116/SP";"Decrescente";"Choque";1;0;0;0;0;0;0;0;0;0;1;0;0;0;0
"11/09/2024";"14:57:00";"517";"Sem vítima";"21,400";"BR-116/SP";"Crescente";"Colisão lateral em sentido contrário";2;0;0;0;0;0;0;0;0;0;3;0;0;0;0
"11/09/2024";"15:00:00";"520";"Sem vítima";"108,850";"BR-116/SP";"Decrescente";"Colisão traseira";0;0;2;0;0;0;0;0;0;0;2;0;0;0;0
"11/09/2024";"15:27:00";"535";"Com vítima";"67,000";"BR-116/SP";"Crescente";"Acidentes de outra natureza";0;0;0;1;0;0;0;0;0;0;0;0;1;0;0
"11/09/2024";"15:27:00";"536";"Sem vítima";"67,000";"BR-116/SP";"Crescente";"Acidentes de outra natureza";0;0;1;0;0;0;0;0;0;0;0;0;0;0;0
"11/09/2024";"17:29:00";"587";"Sem vítima";"222,200";"BR-116/SP";"Decrescente";"Colisão traseira";1;0;1;0;0;0;0;0;0;0;3;0;0;0;0
"11/09/2024";"20:32:00";"673";"Sem vítima";"208,000";"BR-116/SP";"Crescente";"Colisão traseira";2;0;0;0;0;0;0;0;0;0;2;0;0;0;0
"12/09/2024";"01:02:00";"37";"Com vítima";"212,300";"BR-116/SP";"Crescente";"Colisão lateral em sentido contrário";2;0;0;0;0;0;0;0;0;0;0;1;2;1;0
"12/09/2024";"01:43:00";"52";"Com vítima";"43,000";"BR-116/SP";"Crescente";"Choque";1;0;0;0;0;1;0;0;0;0;0;2;0;0;0
"12/09/2024";"03:28:00";"71";"Sem vítima";"229,200";"BR-116/RJ";"Decrescente";"Choque";0;0;0;0;0;0;0;1;0;0;1;0;0;0;0
"12/09/2024";"05:23:00";"98";"Com vítima";"227,200";"BR-116/SP";"Crescente";"Choque";0;0;1;0;0;0;0;0;0;0;0;0;1;0;0
"12/09/2024";"06:28:00";"134";"Com vítima";"204,000";"BR-116/SP";"Decrescente";"Colisão traseira";0;0;0;0;0;0;0;0;0;1;0;0;1;0;0
"12/09/2024";"07:00:00";"160";"Com vítima";"443,000";"BR-101/RJ";"Decrescente";"Acidentes de outra natureza";0;0;0;1;0;0;0;0;0;0;0;0;1;0;0
"12/09/2024";"07:31:00";"192";"Com vítima";"84,400";"BR-116/SP";"Decrescente";"Colisão traseira";1;0;0;0;0;0;0;1;0;0;2;0;1;0;0
"12/09/2024";"08:05:00";"211";"Sem vítima";"292,700";"BR-116/RJ";"Decrescente";"Engavetamento";0;0;3;0;0;0;0;0;0;0;3;0;0;0;0
"12/09/2024";"08:41:00";"249";"Sem vítima";"382,000";"BR-101/RJ";"Crescente";"Engavetamento";1;0;2;0;0;0;0;0;0;0;5;0;0;0;0
"12/09/2024";"08:54:00";"256";"Sem vítima";"212,700";"BR-116/SP";"Crescente";"Tombamento";0;0;1;0;0;0;0;0;0;0;1;0;0;0;0