data;horario;n_da_ocorrencia;tipo_de_ocorrencia;km;trecho;sentido;tipo_de_acidente;automovel;bicicleta;caminhao;moto;onibus;outros;tracao_animal;transporte_de_cargas_especiais;trator_maquinas;utilitarios;ilesos;levemente_feridos;moderadamente_feridos;gravemente_feridos;mortos
"12/09/2024";"09:56:00";"298";"Sem vítima";"227,000";"BR-116/SP";"Decrescente";"Engavetamento";2;0;0;0;0;0;0;0;0;0;2;0;0;0;0
"12/09/2024";"10:49:00";"331";"Sem vítima";"284,000";"BR-116/RJ";"Decrescente";"Colisão traseira";1;0;1;0;0;0;0;0;0;0;3;0;0;0;0
"12/09/2024";"11:26:00";"347";"Com vítima";"220,000";"BR-116/SP";"Crescente";"Colisão lateral em sentido contrário";0;0;0;1;0;0;0;0;0;0;0;1;0;0;0
"12/09/2024";"11:42:00";"352";"Com vítima";"104,200";"BR-116/SP";"Crescente";"Engavetamento";3;0;2;0;0;0;0;0;0;0;4;3;0;0;0
"12/09/2024";"11:45:00";"354";"Com vítima";"306,000";"BR-116/RJ";"Decrescente";"Engavetamento";3;0;0;0;0;0;0;0;0;0;3;0;1;0;0
"12/09/2024";"12:37:00";"383";"Sem vítima";"215,000";"BR-116/SP";"Crescente";"Colisão traseira";1;0;0;0;0;0;0;0;0;0;1;0;0;0;0
"12/09/2024";"13:43:00";"415";"Com vítima";"227,900";"BR-116/RJ";"Crescente";"Acidentes de outra natureza";0;0;0;1;0;0;0;0;0;0;0;1;0;0;0
"12/09/2024";"14:23:00";"445";"Com vítima";"390,000";"BR-101/RJ";"Crescente";"Colisão traseira";2;0;0;0;0;0;0;0;0;0;1;1;0;0;0
"12/09/2024";"15:43:00";"486";"Sem vítima";"156,200";"BR-116/SP";"Crescente";"Colisão frontal";1;0;0;0;0;0;0;0;0;1;1;0;0;0;0
"12/09/2024";"19:53:00";"650";"Sem vítima";"495,800";"BR-101/RJ";"Decrescente";"Choque";1;0;0;0;0;0;0;0;0;0;3;0;0;0;0
"12/09/2024";"20:37:00";"669";"Com vítima";"142,300";"BR-116/SP";"Decrescente";"Colisão traseira";1;0;0;1;0;0;0;0;0;0;2;1;0;0;0
"12/09/2024";"21:55:00";"701";"Sem vítima";"30,450";"BR-116/SP";"Decrescente";"Colisão traseira";1;0;1;0;0;0;0;0;0;0;2;0;0;0;0
"12/09/2024";"22:22:00";"716";"Com vítima";"221,100";"BR-116/SP";"Decrescente";"Colisão traseira";1;0;0;1;0;0;0;0;0;0;2;2;0;0;0
"12/09/2024";"22:27:00";"719";"Sem vítima";"93,500";"BR-116/SP";"Decrescente";"Colisão traseira";2;0;0;0;0;0;0;0;0;0;4;0;0;0;0
"12/09/2024";"23:54:00";"743";"Com vítima";"219,200";"BR-116/SP";"Decrescente";"Colisão lateral em sentido contrário";0;0;0;1;0;0;0;0;0;0;0;0;1;0;0
"13/09/2024";"00:00:00";"522";"Com vítima";"221,100";"BR-116/SP";"Crescente";"Colisão traseira";1;0;0;1;0;0;0;0;0;0;4;0;0;4;0
"13/09/2024";"00:48:00";"41";"Sem vítima";"394,100";"BR-101/RJ";"Decrescente";"Colisão lateral em sentido contrário";2;0;0;0;0;0;0;0;0;0;2;0;0;0;0
"13/09/2024";"01:45:00";"55";"Sem vítima";"400,500";"BR-101/RJ";"Decrescente";"Choque";1;0;0;0;0;0;0;0;0;0;2;0;0;0;0
"13/09/2024";"03:27:00";"66";"Com vítima";"124,800";"BR-116/SP";"Decrescente";"Colisão traseira";0;0;1;1;0;0;0;0;0;0;2;0;1;0;0
"13/09/2024";"07:41:00";"212";"Sem vítima";"282,000";"BR-116/RJ";"Decrescente";"Colisão lateral em sentido contrário";0;0;1;0;0;0;0;0;0;0;1;0;0;0;0
"13/09/2024";"07:58:00";"228";"Sem vítima";"97,500";"BR-116/SP";"Decrescente";"Engavetamento";4;0;0;0;0;0;0;0;0;0;12;0;0;0;0
"13/09/2024";"08:00:00";"231";"Com vítima";"230,000";"BR-116/SP";"Crescente";"Acidentes de outra natureza";0;0;0;1;0;0;0;0;0;0;0;2;2;0;0
"13/09/2024";"08:15:00";"245";"Com vítima";"97,600";"BR-116/SP";"Crescente";"Engavetamento";5;0;2;0;0;0;0;0;0;0;20;2;0;0;0
"13/09/2024";"08:44:00";"270";"Sem vítima";"278,800";"BR-116/RJ";"Crescente";"Choque";1;0;0;0;0;0;0;0;0;0;15;0;0;0;0
"13/09/2024";"09:14:00";"263";"Sem vítima";"280,300";"BR-116/RJ";"Decrescente";"Colisão lateral em sentido contrário";0;0;0;0;0;0;0;1;0;0;3;0;0;0;0
"13/09/2024";"09:36:00";"322";"Com vítima";"218,500";"BR-116/SP";"Crescente";"Colisão lateral em sentido contrário";0;0;0;1;0;0;0;0;0;1;0;4;0;0;0
"13/09/2024";"10:19:00";"353";"Sem vítima";"565,000";"BR-101/RJ";"Crescente";"Colisão traseira";2;0;0;0;0;0;0;0;0;0;3;0;0;0;0
"13/09/2024";"10:50:00";"377";"Com vítima";"218,600";"BR-116/SP";"Crescente";"Colisão lateral em sentido contrário";1;0;0;1;0;0;0;0;0;0;2;2;0;0;0
"13/09/2024";"10:55:00";"381";"Com vítima";"138,000";"BR-116/SP";"Crescente";"Acidentes de outra natureza";0;0;0;1;0;0;0;0;0;0;0;2;0;0;0
"13/09/2024";"11:40:00";"403";"Com vítima";"445,000";"BR-101/RJ";"Decrescente";"Colisão lateral em sentido contrário";2;0;0;0;0;0;0;0;0;0;1;0;1;0;0
"13/09/2024";"13:15:00";"442";"Com vítima";"501,000";"BR-101/RJ";"Crescente";"Colisão lateral em sentido contrário";0;0;0;1;0;0;0;0;0;0;0;2;0;0;0
"13/09/2024";"13:19:00";"443";"Com vítima";"139,000";"BR-116/SP";"Decrescente";"Colisão traseira";0;0;0;1;0;0;0;0;0;0;0;3;0;0;0
"13/09/2024";"13:19:00";"445";"Sem vítima";"70,000";"BR-116/SP";"Decrescente";"Engavetamento";1;0;2;0;0;0;0;0;0;0;14;0;0;0;0
"13/09/2024";"14:14:00";"485";"Com vítima";"180,800";"BR-116/SP";"Crescente";"Choque";0;0;1;0;0;0;0;0;0;0;4;2;0;0;0
"13/09/2024";"14:15:00";"487";"Sem vítima";"139,000";"BR-116/SP";"Crescente";"Colisão traseira";2;0;0;0;0;0;0;0;0;0;6;0;0;0;0
"13/09/2024";"14:42:00";"507";"Com vítima";"482,000";"BR-101/RJ";"Decrescente";"Colisão lateral em sentido contrário";0;0;1;1;0;0;0;0;0;0;0;2;0;0;0
"13/09/2024";"14:44:00";"510";"Sem vítima";"233,700";"BR-116/RJ";"Decrescente";"Choque";1;0;0;0;0;0;0;0;0;0;1;0;0;0;0
"13/09/2024";"15:49:00";"369";"Sem vítima";"517,000";"BR-101/RJ";"Crescente";"Choque";1;0;0;0;0;0;0;0;0;0;2;0;0;0;0
"13/09/2024";"16:18:00";"558";"Com vítima";"69,000";"BR-116/SP";"Crescente";"Colisão traseira";0;0;0;1;0;0;0;0;0;0;0;6;0;0;0
"13/09/2024";"17:19:00";"585";"Com vítima";"226,100";"BR-116/SP";"Decrescente";"Capotamento";1;0;0;0;0;0;0;0;0;0;0;4;0;0;0
"13/09/2024";"17:52:00";"607";"Sem vítima";"300,000";"BR-116/RJ";"Crescente";"Colisão lateral em sentido contrário";1;0;1;0;0;0;0;0;0;0;4;0;0;0;0
"13/09/2024";"18:29:00";"627";"Sem vítima";"224,000";"BR-116/SP";"Crescente";"Colisão lateral em sentido contrário";1;0;1;0;0;0;0;0;0;0;2;0;0;0;0
"13/09/2024";"19:17:00";"653";"Com vítima";"144,000";"BR-116/SP";"Decrescente";"Engavetamento";1;0;2;0;0;0;0;0;0;0;6;3;0;0;0
"13/09/2024";"19:45:00";"666";"Sem vítima";"153,000";"BR-116/SP";"Decrescente";"Colisão traseira";1;0;0;0;0;0;0;0;0;0;3;0;0;0;0
"13/09/2024";"19:52:00";"676";"Com vítima";"223,050";"BR-116/SP";"Decrescente";"Colisão traseira";0;0;1;1;0;0;0;0;0;0;1;0;0;0;1
"13/09/2024";"21:11:00";"729";"Com vítima";"227,300";"BR-116/SP";"Crescente";"Choque";0;0;1;0;0;0;0;0;0;0;0;1;0;0;0
"13/09/2024";"22:49:00";"773";"Sem vítima";"298,600";"BR-116/RJ";"Decrescente";"Colisão traseira";1;0;0;0;0;0;0;0;0;0;1;0;0;0;0
"14/09/2024";"00:03:00";"29";"Sem vítima";"323,700";"BR-116/RJ";"Crescente";"Choque";1;0;0;0;0;0;0;0;0;0;0;0;0;0;0
"14/09/2024";"02:00:00";"54";"Com vítima";"147,300";"BR-116/SP";"Crescente";"Choque";0;0;0;1;0;0;0;0;0;0;0;6;0;0;0
"14/09/2024";"04:23:00";"91";"Com vítima";"487,500";"BR-101/RJ";"Decrescente";"Choque";1;0;0;0;0;0;0;0;0;0;0;3;0;0;0
"14/09/2024";"04:43:00";"101";"Sem vítima";"50,200";"BR-116/SP";"Crescente";"Choque";1;0;0;0;1;0;0;0;0;0;49;0;0;0;0
"14/09/2024";"05:51:00";"117";"Sem vítima";"115,000";"BR-116/SP";"Decrescente";"Choque";0;0;1;0;0;0;0;0;0;0;2;0;0;0;0
"14/09/2024";"06:21:00";"138";"Sem vítima";"214,000";"BR-116/SP";"Decrescente";"Choque";1;0;0;0;0;0;0;0;0;0;4;0;0;0;0
"14/09/2024";"07:12:00";"201";"Sem vítima";"214,200";"BR-116/SP";"Decrescente";"Colisão lateral em sentido contrário";1;0;0;0;0;0;0;1;0;0;4;0;0;0;0
"14/09/2024";"07:19:00";"210";"Com vítima";"184,200";"BR-116/SP";"Decrescente";"Choque";1;0;0;0;0;0;0;0;0;0;0;1;0;0;0
"14/09/2024";"07:58:00";"243";"Sem vítima";"111,000";"BR-116/SP";"Decrescente";"Colisão traseira";2;0;0;0;0;0;0;0;0;0;7;0;0;0;0
"14/09/2024";"08:04:00";"251";"Sem vítima";"115,000";"BR-116/SP";"Decrescente";"Colisão traseira";2;0;0;0;0;0;0;0;0;0;21;0;0;0;0
"14/09/2024";"08:25:00";"270";"Com vítima";"216,500";"BR-116/SP";"Crescente";"Engavetamento";1;0;1;0;0;0;0;0;0;1;12;4;0;0;0
"14/09/2024";"08:33:00";"279";"Com vítima";"222,600";"BR-116/SP";"Crescente";"Colisão traseira";1;0;0;1;0;0;0;0;0;0;2;2;0;0;0
"14/09/2024";"08:40:00";"288";"Sem vítima";"117,000";"BR-116/SP";"Decrescente";"Colisão traseira";1;0;0;0;0;0;0;0;0;0;15;0;0;0;0
"14/09/2024";"10:10:00";"352";"Sem vítima";"59,100";"BR-116/SP";"Crescente";"Colisão lateral em sentido contrário";1;0;1;0;0;0;0;0;0;0;6;0;0;0;0
"14/09/2024";"10:12:00";"356";"Sem vítima";"133,400";"BR-116/SP";"Crescente";"Colisão lateral em sentido contrário";0;0;1;0;0;0;0;1;0;0;4;0;0;0;0
"14/09/2024";"11:29:00";"394";"Sem vítima";"95,000";"BR-116/SP";"Decrescente";"Engavetamento";3;0;0;0;0;0;0;0;0;0;16;0;0;0;0
"14/09/2024";"12:47:00";"429";"Sem vítima";"105,000";"BR-116/SP";"Decrescente";"Engavetamento";4;0;0;0;0;0;0;0;0;0;12;0;0;0;0
"14/09/2024";"13:13:00";"443";"Com vítima";"284,800";"BR-116/RJ";"Crescente";"Colisão lateral em sentido contrário";1;0;1;0;0;0;0;0;0;0;2;1;0;0;0
"14/09/2024";"13:22:00";"447";"Com vítima";"133,000";"BR-116/SP";"Decrescente";"Acidentes de outra natureza";0;0;0;1;0;0;0;0;0;0;0;1;1;0;0
"14/09/2024";"13:37:00";"453";"Com vítima";"388,000";"BR-101/RJ";"Crescente";"Colisão traseira";1;0;0;1;0;0;0;0;0;0;2;2;0;0;0
"14/09/2024";"14:38:00";"483";"Sem vítima";"415,000";"BR-101/RJ";"Decrescente";"Choque";1;0;0;0;0;0;0;0;0;0;1;0;0;0;0
"14/09/2024";"16:47:00";"547";"Com vítima";"222,250";"BR-116/SP";"Decrescente";"Colisão lateral em sentido contrário";0;0;0;1;0;0;0;0;0;0;0;2;0;0;0
"14/09/2024";"20:18:00";"646";"Sem vítima";"45,600";"BR-101/SP";"Crescente";"Colisão frontal";1;0;0;1;0;0;0;0;0;0;6;0;0;0;0
"14/09/2024";"20:52:00";"663";"Sem vítima";"428,000";"BR-101/RJ";"Decrescente";"Choque";0;0;0;0;0;0;0;0;0;1;9;0;0;0;0
"15/09/2024";"00:00:00";"80";"Sem vítima";"290,000";"BR-116/RJ";"Crescente";"Choque";1;0;0;0;0;0;0;0;0;0;0;0;0;0;0
"15/09/2024";"01:32:00";"51";"Sem vítima";"128,350";"BR-116/SP";"Decrescente";"Choque";1;0;0;0;0;0;0;0;0;0;4;0;0;0;0
"15/09/2024";"02:10:00";"55";"Sem vítima";"125,000";"BR-116/SP";"Decrescente";"Choque";1;0;0;0;0;0;0;0;0;0;4;0;0;0;0
"15/09/2024";"03:31:00";"69";"Com vítima";"405,000";"BR-101/RJ";"Crescente";"Capotamento";1;0;0;0;0;0;0;0;0;0;0;2;0;0;0
"15/09/2024";"04:08:00";"73";"Com vítima";"94,500";"BR-116/SP";"Decrescente";"Colisão traseira";2;0;0;0;0;0;0;0;0;0;0;3;0;1;0
"15/09/2024";"06:02:00";"92";"Sem vítima";"229,000";"BR-116/SP";"Decrescente";"Choque";1;0;0;0;0;0;0;0;0;0;8;0;0;0;0
"15/09/2024";"06:38:00";"113";"Com vítima";"216,000";"BR-116/SP";"Decrescente";"Capotamento";1;0;0;0;0;0;0;0;0;0;0;0;10;0;0
"15/09/2024";"07:04:00";"126";"Sem vítima";"561,000";"BR-101/RJ";"Decrescente";"Engavetamento";2;0;0;0;0;0;0;0;0;0;18;0;0;0;0
"15/09/2024";"07:20:00";"133";"Com vítima";"452,400";"BR-101/RJ";"Crescente";"Capotamento";1;0;0;0;0;0;0;0;0;0;4;4;0;0;0
"15/09/2024";"10:15:00";"218";"Com vítima";"171,900";"BR-116/SP";"Decrescente";"Acidentes de outra natureza";0;0;0;1;0;0;0;0;0;0;0;2;0;0;0
"15/09/2024";"13:05:00";"283";"Sem vítima";"134,000";"BR-116/SP";"Decrescente";"Colisão traseira";1;0;0;0;0;0;0;0;0;0;2;0;0;0;0
"15/09/2024";"13:39:00";"305";"Com vítima";"199,000";"BR-116/SP";"Decrescente";"Choque";2;0;0;0;0;0;0;0;0;0;4;4;0;0;0
"15/09/2024";"13:51:00";"313";"Sem vítima";"338,000";"BR-116/RJ";"Crescente";"Colisão traseira";0;0;1;0;0;0;0;1;0;0;6;0;0;0;0
"15/09/2024";"14:16:00";"291";"Com vítima";"51,700";"BR-101/SP";"Decrescente";"Atropelamento de pedestre";1;1;0;0;0;0;0;0;0;0;6;0;0;0;0
"15/09/2024";"14:33:00";"329";"Com vítima";"108,600";"BR-116/SP";"Crescente";"Colisão lateral em sentido contrário";1;0;0;1;0;0;0;0;0;0;1;0;1;0;0
"15/09/2024";"17:14:00";"408";"Sem vítima";"86,950";"BR-116/SP";"Crescente";"Colisão traseira";2;0;0;0;0;0;0;0;0;0;10;0;0;0;0
"15/09/2024";"18:42:00";"464";"Com vítima";"216,400";"BR-116/SP";"Crescente";"Choque";1;0;0;0;0;0;0;0;0;0;0;1;0;0;0
"15/09/2024";"19:11:00";"477";"Sem vítima";"428,000";"BR-101/RJ";"Decrescente";"Choque";1;0;0;0;0;0;0;0;0;0;12;0;0;0;0
"15/09/2024";"20:21:00";"510";"Com vítima";"30,100";"BR-101/SP";"Decrescente";"Choque";1;0;0;0;0;0;0;0;0;0;0;1;0;0;0
"15/09/2024";"21:05:00";"531";"Com vítima";"193,000";"BR-116/SP";"Crescente";"Colisão traseira";2;0;0;0;0;0;0;0;0;0;8;2;0;0;0
"15/09/2024";"21:53:00";"547";"Sem vítima";"96,000";"BR-116/SP";"Crescente";"Choque";1;0;0;0;0;0;0;0;0;0;1;0;0;0;0
"15/09/2024";"22:24:00";"556";"Com vítima";"317,600";"BR-116/RJ";"Crescente";"Choque";0;0;0;0;0;0;0;0;0;1;0;0;4;0;0
"16/09/2024";"02:46:00";"57";"Com vítima";"279,000";"BR-116/RJ";"Crescente";"Colisão traseira";1;0;1;0;0;0;0;0;0;0;3;3;0;0;0
"16/09/2024";"04:03:00";"71";"Sem vítima";"382,000";"BR-101/RJ";"Decrescente";"Capotamento";1;0;0;0;0;0;0;0;0;0;0;0;0;0;0
"16/09/2024";"06:15:00";"125";"Com vítima";"218,050";"BR-116/SP";"Decrescente";"Acidentes de outra natureza";0;0;0;1;0;0;0;0;0;0;0;2;0;0;0
"16/09/2024";"06:56:00";"180";"Sem vítima";"218,050";"BR-116/SP";"Decrescente";"Acidentes de outra natureza";0;0;0;1;0;0;0;0;0;0;2;0;0;0;0
"16/09/2024";"07:14:00";"205";"Sem vítima";"214,000";"BR-116/SP";"Decrescente";"Choque";1;0;0;0;0;0;0;0;0;0;6;0;0;0;0
"16/09/2024";"07:29:00";"219";"Sem vítima";"214,000";"BR-116/SP";"Decrescente";"Choque";1;0;0;0;0;0;0;0;0;0;6;0;0;0;0
"16/09/2024";"08:23:00";"271";"Com vítima";"214,000";"BR-116/SP";"Decrescente";"Colisão traseira";1;0;0;0;0;0;0;0;0;0;0;2;0;0;0
"16/09/2024";"08:38:00";"289";"Sem vítima";"222,300";"BR-116/SP";"Crescente";"Colisão traseira";2;0;0;0;0;0;0;0;0;0;2;0;0;0;0
"16/09/2024";"09:49:00";"342";"Com vítima";"102,000";"BR-116/SP";"Decrescente";"Colisão traseira";0;0;1;1;0;0;0;0;0;0;2;0;2;0;0
"16/09/2024";"10:43:00";"380";"Sem vítima";"223,800";"BR-116/SP";"Decrescente";"Colisão traseira";0;0;1;0;0;0;0;0;0;0;6;0;0;0;0
"16/09/2024";"13:00:00";"454";"Com vítima";"221,200";"BR-116/SP";"Decrescente";"Acidentes de outra natureza";0;0;0;1;0;0;0;0;0;0;0;3;0;0;0
"16/09/2024";"13:15:00";"464";"Sem vítima";"222,000";"BR-116/SP";"Crescente";"Colisão lateral em sentido contrário";1;0;0;0;0;0;0;1;0;0;8;0;0;0;0
"16/09/2024";"13:59:00";"491";"Com vítima";"221,300";"BR-116/SP";"Decrescente";"Colisão lateral em sentido contrário";0;0;1;1;0;0;0;0;0;0;3;3;0;0;0
"16/09/2024";"14:59:00";"553";"Com vítima";"145,000";"BR-116/SP";"Crescente";"Engavetamento";3;0;0;0;0;0;0;0;0;0;12;2;0;0;0
"16/09/2024";"15:58:00";"584";"Sem vítima";"114,000";"BR-116/SP";"Crescente";"Choque";1;0;0;0;0;0;0;0;0;0;7;0;0;0;0
"16/09/2024";"16:08:00";"589";"Sem vítima";"114,000";"BR-116/SP";"Decrescente";"Choque";1;0;0;0;0;0;0;0;0;0;8;0;0;0;0
"16/09/2024";"16:37:00";"600";"Com vítima";"505,000";"BR-101/RJ";"Decrescente";"Colisão traseira";2;0;0;0;0;0;0;0;0;0;2;1;0;0;0
"16/09/2024";"17:43:00";"634";"Com vítima";"386,000";"BR-101/RJ";"Crescente";"Atropelamento de pedestre";1;0;0;0;0;0;0;0;0;0;1;0;1;0;0
"16/09/2024";"18:25:00";"659";"Sem vítima";"264,400";"BR-116/RJ";"Decrescente";"Colisão lateral em sentido contrário";1;0;1;0;0;0;0;0;0;0;0;0;0;0;0
"16/09/2024";"18:43:00";"677";"Com vítima";"268,000";"BR-116/RJ";"Crescente";"Engavetamento";2;0;1;0;0;0;0;0;0;0;6;1;0;0;0
"16/09/2024";"19:34:00";"699";"Com vítima";"111,000";"BR-116/SP";"Crescente";"Colisão traseira";0;0;2;0;0;0;0;0;0;0;3;1;0;0;0
"17/09/2024";"00:00:00";"208";"Sem vítima";"384,000";"BR-101/RJ";"Crescente";"Colisão traseira";2;0;0;0;0;0;0;0;0;0;6;0;0;0;0
"17/09/2024";"00:00:00";"441";"Com vítima";"216,700";"BR-116/SP";"Crescente";"Choque";0;0;0;1;0;0;0;0;0;0;0;3;0;0;0
"17/09/2024";"06:33:00";"122";"Com vítima";"230,000";"BR-116/SP";"Crescente";"Engavetamento";2;0;0;0;0;0;0;0;0;0;4;4;0;0;0
"17/09/2024";"06:37:00";"127";"Sem vítima";"479,000";"BR-101/RJ";"Crescente";"Capotamento";1;0;0;0;0;0;0;0;0;0;1;0;0;0;0
"17/09/2024";"06:52:00";"142";"Sem vítima";"388,000";"BR-101/RJ";"Decrescente";"Capotamento";1;0;0;0;0;0;0;0;0;0;3;0;0;0;0
"17/09/2024";"07:06:00";"157";"Sem vítima";"479,000";"BR-101/RJ";"Crescente";"Acidentes de outra natureza";0;0;0;1;0;0;0;0;0;0;1;0;0;0;0
"17/09/2024";"07:14:00";"169";"Sem vítima";"273,000";"BR-116/RJ";"Crescente";"Colisão lateral em sentido contrário";1;0;1;0;0;0;0;0;0;0;6;0;0;0;0
"17/09/2024";"07:25:00";"185";"Com vítima";"220,600";"BR-116/SP";"Crescente";"Colisão lateral em sentido contrário";2;0;0;0;0;0;0;0;0;0;3;3;0;0;0
"17/09/2024";"07:49:00";"206";"Com vítima";"116,800";"BR-116/SP";"Crescente";"Colisão traseira";1;0;0;1;0;0;0;0;0;0;6;0;3;0;0
"17/09/2024";"08:04:00";"219";"Com vítima";"43,500";"BR-101/SP";"Crescente";"Acidentes de outra natureza";0;0;0;1;0;0;0;0;0;0;0;0;0;1;0
"17/09/2024";"08:46:00";"256";"Com vítima";"398,000";"BR-101/RJ";"Decrescente";"Atropelamento de pedestre";0;1;0;1;0;0;0;0;0;0;0;2;0;0;0
"17/09/2024";"09:09:00";"276";"Sem vítima";"416,800";"BR-101/RJ";"Decrescente";"Acidentes de outra natureza";0;0;0;1;0;0;0;0;0;0;1;0;0;0;0
"17/09/2024";"10:27:00";"338";"Com vítima";"162,900";"BR-116/SP";"Decrescente";"Acidentes de outra natureza";0;0;0;1;0;0;0;0;0;0;0;2;0;0;0
"17/09/2024";"12:20:00";"386";"Com vítima";"584,000";"BR-101/RJ";"Decrescente";"Capotamento";1;0;0;0;0;0;0;0;0;0;3;1;0;0;0
"17/09/2024";"12:56:00";"398";"Com vítima";"428,000";"BR-101/RJ";"Decrescente";"Colisão frontal";2;0;0;0;0;0;0;0;0;0;2;6;0;0;0
"17/09/2024";"13:14:00";"407";"Sem vítima";"228,800";"BR-116/SP";"Crescente";"Colisão lateral em sentido contrário";1;0;1;0;0;0;0;0;0;0;14;0;0;0;0
"17/09/2024";"13:44:00";"421";"Sem vítima";"419,200";"BR-101/RJ";"Crescente";"Choque";0;0;1;0;0;0;0;0;0;0;6;0;0;0;0
"17/09/2024";"14:13:00";"437";"Sem vítima";"227,400";"BR-116/RJ";"Crescente";"Choque";0;0;0;0;1;0;0;0;0;0;3;0;0;0;0
"17/09/2024";"14:36:00";"453";"Com vítima";"527,000";"BR-101/RJ";"Decrescente";"Colisão frontal";2;0;0;0;0;0;0;0;0;0;0;0;1;1;0
"17/09/2024";"15:56:00";"493";"Sem vítima";"257,000";"BR-116/RJ";"Decrescente";"Colisão traseira";1;0;1;0;0;0;0;0;0;0;19;0;0;0;0
"17/09/2024";"16:44:00";"516";"Sem vítima";"216,000";"BR-116/SP";"Crescente";"Choque";0;0;3;0;0;0;0;0;0;0;4;0;0;0;0
"17/09/2024";"20:32:00";"637";"Com vítima";"230,100";"BR-116/SP";"Decrescente";"Colisão traseira";2;0;0;0;0;0;0;0;0;0;2;1;0;0;0
"17/09/2024";"21:15:00";"654";"Com vítima";"296,600";"BR-116/RJ";"Decrescente";"Colisão lateral em sentido contrário";1;0;0;1;0;0;0;0;0;0;1;0;0;1;0
"17/09/2024";"23:59:00";"698";"Com vítima";"149,000";"BR-116/SP";"Decrescente";"Colisão traseira";0;0;0;1;0;0;0;0;0;0;0;0;1;0;0
"18/09/2024";"02:51:00";"62";"Sem vítima";"108,900";"BR-116/SP";"Crescente";"Choque";0;0;1;0;0;0;0;0;0;0;3;0;0;0;0
"18/09/2024";"04:12:00";"75";"Sem vítima";"27,300";"BR-116/SP";"Decrescente";"Colisão traseira";0;0;1;0;1;0;0;0;0;0;18;0;0;0;0
"18/09/2024";"06:57:00";"185";"Com vítima";"103,950";"BR-116/SP";"Crescente";"Colisão lateral em sentido contrário";1;0;1;0;0;0;0;0;0;0;6;3;0;0;0
"18/09/2024";"07:59:00";"243";"Com vítima";"225,500";"BR-116/SP";"Crescente";"Colisão traseira";1;0;0;1;0;0;0;0;0;0;0;1;0;0;0
"18/09/2024";"08:16:00";"257";"Sem vítima";"149,600";"BR-116/SP";"Crescente";"Choque";2;0;0;0;0;0;0;0;0;0;0;0;0;0;0
"18/09/2024";"08:57:00";"299";"Com vítima";"223,000";"BR-116/SP";"Crescente";"Colisão traseira";2;0;0;2;0;0;0;0;0;0;4;2;2;0;0
"18/09/2024";"09:40:00";"341";"Com vítima";"310,000";"BR-116/RJ";"Crescente";"Colisão traseira";0;0;1;0;0;0;0;0;0;0;0;1;0;0;0
"18/09/2024";"10:28:00";"365";"Com vítima";"418,000";"BR-101/RJ";"Crescente";"Colisão traseira";2;0;0;0;0;0;0;0;0;0;0;16;0;0;0
"18/09/2024";"10:40:00";"370";"Com vítima";"155,450";"BR-116/SP";"Decrescente";"Atropelamento de pedestre";0;0;0;0;0;0;0;0;0;0;0;0;0;0;0
"18/09/2024";"11:42:00";"398";"Com vítima";"118,000";"BR-116/SP";"Crescente";"Acidentes de outra natureza";0;0;0;1;0;0;0;0;0;0;0;0;3;0;0
"18/09/2024";"12:48:00";"421";"Sem vítima";"286,000";"BR-116/RJ";"Crescente";"Engavetamento";1;0;0;0;0;0;0;0;0;1;0;0;0;0;0
"18/09/2024";"14:23:00";"459";"Com vítima";"186,000";"BR-116/SP";"Crescente";"Acidentes de outra natureza";0;0;1;1;0;0;0;0;0;0;0;3;0;0;0
"18/09/2024";"14:28:00";"462";"Com vítima";"98,700";"BR-116/SP";"Crescente";"Choque";1;0;0;0;0;0;0;0;0;0;0;0;4;0;0
"18/09/2024";"14:38:00";"466";"Com vítima";"219,000";"BR-116/SP";"Decrescente";"Capotamento";0;0;0;0;0;0;0;0;0;1;3;6;0;0;0
"18/09/2024";"15:46:00";"486";"Sem vítima";"49,600";"BR-116/SP";"Decrescente";"Engavetamento";4;0;0;0;0;0;0;0;0;0;24;0;0;0;0
"18/09/2024";"19:08:00";"595";"Com vítima";"223,600";"BR-116/SP";"Crescente";"Colisão traseira";0;0;0;2;0;0;0;0;0;0;6;0;6;0;0
"18/09/2024";"19:18:00";"600";"Sem vítima";"148,300";"BR-116/SP";"Decrescente";"Colisão traseira";2;0;0;0;0;0;0;0;0;0;6;0;0;0;0
"18/09/2024";"19:54:00";"610";"Com vítima";"298,000";"BR-116/RJ";"Crescente";"Atropelamento de pedestre";1;1;0;0;0;0;0;0;0;0;2;0;0;0;0
"18/09/2024";"20:06:00";"617";"Com vítima";"213,300";"BR-116/SP";"Crescente";"Colisão traseira";1;0;0;0;0;0;0;0;0;0;0;2;0;0;0
"18/09/2024";"21:13:00";"649";"Com vítima";"230,000";"BR-116/SP";"Crescente";"Atropelamento de pedestre";0;0;0;0;0;0;0;0;0;0;0;0;0;0;1
"18/09/2024";"21:15:00";"650";"Com vítima";"404,800";"BR-101/RJ";"Crescente";"Atropelamento de pedestre";0;0;0;1;0;0;0;0;0;0;0;0;2;0;0