data;horario;n_da_ocorrencia;tipo_de_ocorrencia;km;trecho;sentido;tipo_de_acidente;automovel;bicicleta;caminhao;moto;onibus;outros;tracao_animal;transporte_de_cargas_especiais;trator_maquinas;utilitarios;ilesos;levemente_feridos;moderadamente_feridos;gravemente_feridos;mortos
"18/09/2024";"22:22:00";"680";"Sem vítima";"230,250";"BR-116/RJ";"Decrescente";"Choque";0;0;1;0;0;0;0;0;0;0;6;0;0;0;0
"19/09/2024";"00:51:00";"42";"Sem vítima";"292,600";"BR-116/RJ";"Decrescente";"Choque";1;0;0;0;0;0;0;0;0;0;0;0;0;0;0
"19/09/2024";"04:07:00";"72";"Sem vítima";"236,700";"BR-116/RJ";"Decrescente";"Colisão lateral em sentido contrário";1;0;1;0;0;0;0;0;0;0;6;0;0;0;0
"19/09/2024";"07:32:00";"223";"Sem vítima";"226,000";"BR-116/SP";"Crescente";"Colisão lateral em sentido contrário";1;0;1;0;0;0;0;0;0;0;8;0;0;0;0
"19/09/2024";"07:44:00";"238";"Sem vítima";"226,000";"BR-116/SP";"Crescente";"Colisão lateral em sentido contrário";1;0;0;0;0;0;0;0;0;0;2;0;0;0;0
"19/09/2024";"08:03:00";"265";"Com vítima";"217,300";"BR-116/SP";"Crescente";"Engavetamento";2;0;0;1;0;0;0;0;0;0;6;3;0;0;0
"19/09/2024";"08:06:00";"124";"Com vítima";"86,950";"BR-116/SP";"Crescente";"Colisão traseira";0;0;0;0;0;0;0;2;0;0;3;3;0;0;0
"19/09/2024";"09:04:00";"333";"Com vítima";"107,000";"BR-116/SP";"Decrescente";"Colisão lateral em sentido contrário";1;0;0;1;0;0;0;0;0;0;6;0;4;0;0
"19/09/2024";"09:36:00";"362";"Sem vítima";"306,900";"BR-116/RJ";"Crescente";"Colisão lateral em sentido contrário";1;0;1;0;0;0;0;0;0;0;0;0;0;0;0
"19/09/2024";"10:55:00";"410";"Com vítima";"432,000";"BR-101/RJ";"Decrescente";"Colisão frontal";1;0;0;1;0;0;0;0;0;0;2;2;0;0;0
"19/09/2024";"12:24:00";"471";"Sem vítima";"125,800";"BR-116/SP";"Decrescente";"Colisão traseira";0;0;2;0;0;0;0;0;0;0;6;0;0;0;0
"19/09/2024";"12:36:00";"478";"Com vítima";"219,000";"BR-116/RJ";"Decrescente";"Engavetamento";3;0;0;0;0;0;0;0;0;0;2;8;0;0;0
"19/09/2024";"12:50:00";"482";"Sem vítima";"482,000";"BR-101/RJ";"Crescente";"Colisão traseira";2;0;0;0;0;0;0;0;0;0;3;0;0;0;0
"19/09/2024";"13:17:00";"487";"Com vítima";"267,700";"BR-116/RJ";"Decrescente";"Colisão lateral em sentido contrário";1;0;1;0;0;0;0;0;0;0;0;4;0;0;0
"19/09/2024";"13:21:00";"490";"Sem vítima";"108,900";"BR-116/SP";"Crescente";"Colisão traseira";2;0;0;0;0;0;0;0;0;0;6;0;0;0;0
"19/09/2024";"14:11:00";"532";"Com vítima";"231,000";"BR-116/SP";"Crescente";"Colisão lateral em sentido contrário";0;0;0;2;0;0;0;0;0;0;0;4;0;0;0
"19/09/2024";"14:38:00";"548";"Sem vítima";"231,000";"BR-116/SP";"Crescente";"Colisão lateral em sentido contrário";0;0;0;1;0;0;0;0;0;1;0;0;0;0;0
"19/09/2024";"15:26:00";"574";"Com vítima";"470,050";"BR-101/RJ";"Decrescente";"Atropelamento de pedestre";0;1;1;0;0;0;0;0;0;0;1;0;0;0;0
"19/09/2024";"15:40:00";"580";"Com vítima";"216,600";"BR-116/SP";"Decrescente";"Engavetamento";2;0;1;0;0;0;0;0;0;0;4;1;0;0;0
"19/09/2024";"15:56:00";"590";"Com vítima";"227,000";"BR-116/SP";"Crescente";"Choque";0;0;0;1;0;0;0;0;0;0;0;0;1;0;0
"19/09/2024";"16:35:00";"609";"Com vítima";"61,000";"BR-116/SP";"Crescente";"Colisão traseira";1;0;0;1;0;0;0;0;0;0;0;0;1;0;0
"19/09/2024";"17:29:00";"641";"Com vítima";"104,800";"BR-116/SP";"Crescente";"Engavetamento";4;0;0;0;0;0;0;0;0;0;7;1;1;0;0
"19/09/2024";"19:05:00";"696";"Sem vítima";"278,800";"BR-116/RJ";"Decrescente";"Colisão traseira";2;0;0;0;0;0;0;0;0;0;4;0;0;0;0
"19/09/2024";"19:15:00";"699";"Com vítima";"242,800";"BR-116/RJ";"Crescente";"Atropelamento de pedestre";0;0;1;0;0;0;0;0;0;0;2;0;0;1;0
"19/09/2024";"19:31:00";"703";"Com vítima";"227,500";"BR-116/SP";"Crescente";"Atropelamento de pedestre";0;1;0;1;0;0;0;0;0;0;0;1;0;0;0
"19/09/2024";"19:47:00";"708";"Com vítima";"144,300";"BR-116/SP";"Decrescente";"Acidentes de outra natureza";0;0;0;1;0;0;0;0;0;0;0;4;0;0;0
"19/09/2024";"22:29:00";"780";"Com vítima";"279,800";"BR-116/RJ";"Crescente";"Colisão lateral em sentido contrário";0;0;0;1;0;0;0;0;0;0;0;0;1;0;0
"19/09/2024";"22:29:00";"781";"Com vítima";"145,900";"BR-116/SP";"Crescente";"Colisão lateral em sentido contrário";2;0;0;1;0;0;0;0;0;0;5;1;0;0;0
"19/09/2024";"22:43:00";"787";"Com vítima";"513,000";"BR-101/RJ";"Crescente";"Colisão frontal";2;0;0;0;0;0;0;0;0;0;1;0;0;1;0
"20/09/2024";"04:25:00";"85";"Sem vítima";"172,000";"BR-116/SP";"Crescente";"Colisão lateral em sentido contrário";0;0;1;0;0;0;0;1;0;0;4;0;0;0;0
"20/09/2024";"05:42:00";"106";"Com vítima";"47,200";"BR-101/SP";"Crescente";"Colisão traseira";1;0;0;1;0;0;0;0;0;0;4;1;0;0;0
"20/09/2024";"05:57:00";"116";"Com vítima";"227,200";"BR-116/SP";"Decrescente";"Atropelamento de pedestre";0;0;0;0;0;0;0;0;0;0;0;0;1;0;0
"20/09/2024";"06:53:00";"179";"Sem vítima";"217,000";"BR-116/SP";"Crescente";"Engavetamento";2;0;0;0;0;0;0;0;0;1;18;0;0;0;0
"20/09/2024";"07:17:00";"217";"Com vítima";"261,390";"BR-116/RJ";"Crescente";"Acidentes de outra natureza";0;0;0;1;0;0;0;0;0;0;0;2;0;0;0
"20/09/2024";"07:17:00";"219";"Com vítima";"216,950";"BR-116/SP";"Crescente";"Colisão lateral em sentido contrário";0;0;1;1;0;0;0;0;0;0;2;0;0;2;0
"20/09/2024";"07:57:00";"262";"Com vítima";"216,000";"BR-116/SP";"Crescente";"Colisão traseira";1;0;0;2;0;0;0;0;0;0;15;3;0;0;0
"20/09/2024";"08:29:00";"290";"Sem vítima";"261,450";"BR-116/RJ";"Decrescente";"Choque";1;0;0;0;0;0;0;0;0;0;2;0;0;0;0
"20/09/2024";"08:39:00";"302";"Sem vítima";"109,500";"BR-116/SP";"Decrescente";"Colisão traseira";2;0;0;0;0;0;0;0;0;0;4;0;0;0;0
"20/09/2024";"08:41:00";"308";"Sem vítima";"113,000";"BR-116/SP";"Decrescente";"Colisão traseira";2;0;0;0;0;0;0;0;0;0;10;0;0;0;0
"20/09/2024";"09:18:00";"342";"Sem vítima";"216,500";"BR-116/SP";"Decrescente";"Choque";1;0;0;0;0;0;0;0;0;0;2;0;0;0;0
"20/09/2024";"10:48:00";"387";"Sem vítima";"307,400";"BR-116/RJ";"Crescente";"Colisão lateral em sentido contrário";1;0;1;0;0;0;0;0;0;0;4;0;0;0;0
"20/09/2024";"11:16:00";"402";"Com vítima";"68,000";"BR-116/SP";"Crescente";"Colisão lateral em sentido contrário";1;0;1;0;0;0;0;0;0;0;4;4;0;0;0
"20/09/2024";"12:03:00";"430";"Com vítima";"383,000";"BR-101/RJ";"Crescente";"Colisão lateral em sentido contrário";3;0;0;0;0;0;0;0;0;0;2;1;0;0;0
"20/09/2024";"12:39:00";"450";"Sem vítima";"50,000";"BR-101/SP";"Crescente";"Colisão traseira";2;0;0;0;0;0;0;0;0;0;5;0;0;0;0
"20/09/2024";"14:51:00";"558";"Sem vítima";"196,000";"BR-116/SP";"Crescente";"Colisão traseira";1;0;0;0;1;0;0;0;0;0;96;0;0;0;0
"20/09/2024";"14:53:00";"559";"Com vítima";"59,600";"BR-116/SP";"Crescente";"Colisão traseira";0;0;1;1;0;0;0;0;0;0;0;2;0;0;0
"20/09/2024";"15:14:00";"572";"Sem vítima";"314,000";"BR-116/RJ";"Decrescente";"Choque";1;0;0;0;0;0;0;0;0;0;0;0;0;0;0
"20/09/2024";"15:36:00";"586";"Sem vítima";"227,300";"BR-116/SP";"Crescente";"Choque";0;0;0;1;0;0;0;0;0;0;3;0;0;0;0
"20/09/2024";"15:52:00";"592";"Sem vítima";"59,600";"BR-116/SP";"Crescente";"Colisão traseira";2;0;0;0;0;0;0;0;0;0;6;0;0;0;0
"20/09/2024";"15:54:00";"595";"Com vítima";"244,050";"BR-116/RJ";"Crescente";"Colisão traseira";0;0;0;0;0;0;0;0;0;2;1;1;0;0;0
"20/09/2024";"17:34:00";"663";"Sem vítima";"96,600";"BR-116/SP";"Crescente";"Engavetamento";1;0;0;0;0;0;0;0;0;0;4;0;0;0;0
"20/09/2024";"17:48:00";"675";"Sem vítima";"281,000";"BR-116/RJ";"Crescente";"Choque";1;0;1;0;0;0;0;0;0;0;4;0;0;0;0
"20/09/2024";"18:39:00";"699";"Com vítima";"398,000";"BR-101/RJ";"Crescente";"Colisão traseira";0;0;2;0;0;0;0;0;0;0;1;1;0;0;0
"20/09/2024";"19:13:00";"719";"Com vítima";"228,350";"BR-116/SP";"Decrescente";"Acidentes de outra natureza";0;0;0;1;0;0;0;0;0;0;0;1;1;0;0
"20/09/2024";"20:53:00";"776";"Com vítima";"202,000";"BR-116/SP";"Crescente";"Acidentes de outra natureza";0;0;0;1;0;0;0;0;0;0;0;1;0;0;0
"20/09/2024";"21:15:00";"784";"Com vítima";"202,400";"BR-116/SP";"Crescente";"Acidentes de outra natureza";0;0;0;1;0;0;0;0;0;0;0;1;0;0;0
"20/09/2024";"21:23:00";"788";"Com vítima";"130,500";"BR-116/SP";"Decrescente";"Atropelamento de pedestre";1;0;0;0;0;0;0;0;0;0;0;0;0;0;1
"20/09/2024";"23:40:00";"832";"Com vítima";"217,500";"BR-116/SP";"Crescente";"Colisão traseira";2;0;0;0;0;0;0;0;0;0;3;1;0;0;0
"21/09/2024";"02:58:00";"56";"Com vítima";"160,900";"BR-116/SP";"Crescente";"Choque";1;0;1;0;0;0;0;0;0;0;3;3;3;0;0
"21/09/2024";"04:07:00";"73";"Com vítima";"147,100";"BR-116/SP";"Decrescente";"Capotamento";1;0;0;0;0;0;0;0;0;0;2;4;0;0;0
"21/09/2024";"04:28:00";"78";"Com vítima";"227,700";"BR-116/RJ";"Decrescente";"Tombamento";0;0;0;0;0;0;0;0;0;1;4;1;0;0;0
"21/09/2024";"05:07:00";"563";"Com vítima";"337,400";"BR-116/RJ";"Decrescente";"Choque";1;0;0;0;0;0;0;0;0;0;0;2;2;0;0
"21/09/2024";"06:22:00";"117";"Sem vítima";"229,000";"BR-116/RJ";"Decrescente";"Engavetamento";2;0;2;0;0;0;0;0;0;0;4;0;0;0;0
"21/09/2024";"06:58:00";"133";"Sem vítima";"215,000";"BR-116/SP";"Decrescente";"Colisão traseira";2;0;0;0;0;0;0;0;0;0;4;0;0;0;0
"21/09/2024";"07:08:00";"139";"Com vítima";"339,000";"BR-116/RJ";"Decrescente";"Acidentes de outra natureza";0;0;0;1;0;0;0;0;0;0;0;1;1;0;0
"21/09/2024";"07:12:00";"143";"Sem vítima";"71,000";"BR-116/SP";"Decrescente";"Colisão lateral em sentido contrário";1;0;0;0;0;0;0;0;0;0;1;0;0;0;0
"21/09/2024";"08:18:00";"186";"Sem vítima";"227,500";"BR-116/RJ";"Crescente";"Colisão traseira";1;0;1;0;0;0;0;0;0;0;3;0;0;0;0
"21/09/2024";"08:57:00";"214";"Com vítima";"425,000";"BR-101/RJ";"Decrescente";"Colisão lateral em sentido contrário";1;0;0;1;0;0;0;0;0;0;1;0;1;1;0
"21/09/2024";"09:42:00";"242";"Com vítima";"218,000";"BR-116/SP";"Decrescente";"Capotamento";1;0;0;0;0;0;0;0;0;0;0;6;0;0;0
"21/09/2024";"10:00:00";"254";"Com vítima";"226,400";"BR-116/RJ";"Decrescente";"Tombamento";0;0;0;0;1;0;0;0;0;0;2;36;4;0;3
"21/09/2024";"14:56:00";"389";"Sem vítima";"40,500";"BR-116/SP";"Decrescente";"Colisão traseira";1;0;1;0;0;0;0;0;0;0;3;0;0;0;0
"21/09/2024";"15:30:00";"400";"Com vítima";"47,200";"BR-101/SP";"Decrescente";"Colisão lateral em sentido contrário";2;0;0;0;0;0;0;0;0;0;0;3;0;0;0
"21/09/2024";"17:54:00";"452";"Com vítima";"296,300";"BR-116/RJ";"Decrescente";"Acidentes de outra natureza";0;0;0;1;0;0;0;0;0;0;0;2;0;0;0
"21/09/2024";"19:00:00";"480";"Com vítima";"221,500";"BR-116/SP";"Decrescente";"Engavetamento";1;0;0;2;0;0;0;0;0;0;3;2;0;0;0
"21/09/2024";"19:13:00";"483";"Sem vítima";"206,400";"BR-116/SP";"Crescente";"Colisão lateral em sentido contrário";1;0;0;0;0;0;0;0;0;0;1;0;0;0;0
"21/09/2024";"21:22:00";"537";"Sem vítima";"51,550";"BR-116/SP";"Crescente";"Colisão lateral em sentido contrário";1;0;1;0;0;0;0;0;0;0;4;0;0;0;0
"21/09/2024";"21:28:00";"541";"Com vítima";"506,400";"BR-101/RJ";"Decrescente";"Atropelamento de pedestre";0;1;0;1;0;0;0;0;0;0;0;1;0;0;0
"22/09/2024";"01:46:00";"52";"Sem vítima";"80,650";"BR-116/SP";"Crescente";"Atropelamento de pedestre";0;0;1;0;0;0;0;0;0;0;0;0;0;0;0
"22/09/2024";"01:59:00";"54";"Com vítima";"216,800";"BR-116/SP";"Decrescente";"Capotamento";1;0;0;0;0;0;0;0;0;0;0;0;4;0;0
"22/09/2024";"04:10:00";"79";"Com vítima";"223,000";"BR-116/SP";"Decrescente";"Choque";1;0;0;0;0;0;0;0;0;0;0;6;0;0;0
"22/09/2024";"05:07:00";"87";"Com vítima";"224,700";"BR-116/SP";"Decrescente";"Colisão traseira";2;0;0;0;0;0;0;0;0;0;21;3;0;0;0
"22/09/2024";"05:17:00";"88";"Sem vítima";"226,000";"BR-116/SP";"Crescente";"Choque";1;0;0;0;0;0;0;0;0;0;4;0;0;0;0
"22/09/2024";"05:25:00";"91";"Sem vítima";"422,000";"BR-101/RJ";"Crescente";"Choque";1;0;0;0;0;0;0;0;0;0;9;0;0;0;0
"22/09/2024";"06:02:00";"98";"Com vítima";"230,000";"BR-116/SP";"Decrescente";"Choque";1;0;0;0;0;0;0;0;0;0;0;6;0;0;0
"22/09/2024";"06:41:00";"107";"Sem vítima";"20,000";"BR-101/SP";"Crescente";"Choque";1;0;0;0;0;0;0;0;0;0;1;0;0;0;0
"22/09/2024";"09:10:00";"162";"Com vítima";"416,400";"BR-101/RJ";"Crescente";"Choque";1;0;0;0;0;0;0;0;0;0;6;3;0;0;0
"22/09/2024";"09:13:00";"163";"Sem vítima";"102,000";"BR-116/SP";"Crescente";"Engavetamento";1;0;0;0;0;0;0;0;0;0;8;0;0;0;0
"22/09/2024";"09:27:00";"171";"Com vítima";"227,800";"BR-116/SP";"Decrescente";"Colisão traseira";2;0;0;0;0;0;0;0;0;0;4;2;0;0;0
"22/09/2024";"10:17:00";"188";"Sem vítima";"136,800";"BR-116/SP";"Decrescente";"Engavetamento";2;0;0;0;0;0;0;0;0;0;2;0;0;0;0
"22/09/2024";"10:45:00";"201";"Com vítima";"320,700";"BR-116/RJ";"Crescente";"Choque";1;0;0;0;0;0;0;0;0;0;0;2;0;0;0
"22/09/2024";"12:12:00";"235";"Com vítima";"244,900";"BR-116/RJ";"Decrescente";"Capotamento";1;0;0;0;0;0;0;0;0;0;0;3;0;0;0
"22/09/2024";"12:18:00";"237";"Com vítima";"392,000";"BR-101/RJ";"Decrescente";"Acidentes de outra natureza";0;0;0;1;0;0;0;0;0;0;0;2;0;0;0
"22/09/2024";"14:23:00";"282";"Sem vítima";"155,100";"BR-116/SP";"Crescente";"Engavetamento";3;0;0;0;0;0;0;0;0;1;18;0;0;0;0
"22/09/2024";"14:26:00";"283";"Com vítima";"491,000";"BR-101/RJ";"Decrescente";"Acidentes de outra natureza";0;0;0;1;0;0;0;0;0;0;0;1;0;0;0
"22/09/2024";"15:24:00";"318";"Sem vítima";"88,700";"BR-116/SP";"Decrescente";"Colisão lateral em sentido contrário";2;0;0;0;0;0;0;0;0;0;12;0;0;0;0
"22/09/2024";"16:10:00";"340";"Com vítima";"418,000";"BR-101/RJ";"Crescente";"Colisão traseira";2;0;0;0;0;0;0;0;0;0;6;2;0;0;0
"22/09/2024";"16:23:00";"348";"Sem vítima";"310,000";"BR-116/RJ";"Decrescente";"Colisão traseira";1;0;1;0;0;0;0;0;0;0;8;0;0;0;0
"22/09/2024";"19:10:00";"435";"Com vítima";"64,700";"BR-116/SP";"Decrescente";"Colisão lateral em sentido contrário";1;0;0;1;0;0;0;0;0;0;1;0;1;1;0
"22/09/2024";"19:18:00";"440";"Sem vítima";"102,400";"BR-116/SP";"Decrescente";"Choque";1;0;0;0;0;0;0;0;0;0;1;0;0;0;0
"22/09/2024";"19:26:00";"445";"Sem vítima";"425,500";"BR-101/RJ";"Crescente";"Colisão lateral em sentido contrário";2;0;0;0;0;0;0;0;0;0;2;0;0;0;0
"22/09/2024";"19:39:00";"453";"Sem vítima";"266,500";"BR-116/RJ";"Crescente";"Colisão lateral em sentido contrário";1;0;0;0;0;0;0;0;0;0;2;0;0;0;0
"22/09/2024";"19:47:00";"457";"Sem vítima";"311,400";"BR-116/RJ";"Crescente";"Colisão lateral em sentido contrário";1;0;0;1;0;0;0;0;0;0;4;0;0;0;0
"22/09/2024";"21:56:00";"501";"Sem vítima";"195,200";"BR-116/SP";"Decrescente";"Colisão traseira";1;0;1;0;0;0;0;0;0;0;2;0;0;0;0
"22/09/2024";"22:09:00";"504";"Com vítima";"507,900";"BR-101/RJ";"Crescente";"Atropelamento de pedestre";1;1;0;0;0;0;0;0;0;0;1;0;0;0;0
"22/09/2024";"23:01:00";"514";"Com vítima";"172,300";"BR-116/SP";"Decrescente";"Colisão traseira";2;0;0;0;0;0;0;0;0;0;6;0;2;0;0
"23/09/2024";"00:00:00";"34";"Com vítima";"103,900";"BR-116/SP";"Decrescente";"Colisão traseira";0;0;2;0;0;0;0;0;0;0;3;3;0;0;0
"23/09/2024";"00:55:00";"49";"Sem vítima";"68,100";"BR-116/SP";"Crescente";"Colisão traseira";1;0;0;0;0;0;0;0;0;0;24;0;0;0;0
"23/09/2024";"05:18:00";"92";"Sem vítima";"401,000";"BR-101/RJ";"Decrescente";"Atropelamento de pedestre";1;0;0;0;0;0;0;0;0;0;3;0;0;0;0
"23/09/2024";"06:00:00";"106";"Com vítima";"557,000";"BR-101/RJ";"Crescente";"Choque";1;0;0;0;0;0;0;0;0;0;2;2;4;0;0
"23/09/2024";"06:57:00";"166";"Sem vítima";"225,000";"BR-116/SP";"Crescente";"Colisão traseira";1;0;0;0;0;0;0;0;0;1;4;0;0;0;0
"23/09/2024";"08:08:00";"255";"Sem vítima";"140,900";"BR-116/SP";"Decrescente";"Engavetamento";1;0;0;0;0;0;0;0;0;0;1;0;0;0;0
"23/09/2024";"08:48:00";"288";"Com vítima";"214,000";"BR-116/SP";"Crescente";"Colisão traseira";1;0;0;1;0;0;0;0;0;0;0;0;4;0;0
"23/09/2024";"11:22:00";"411";"Sem vítima";"224,000";"BR-116/SP";"Decrescente";"Choque";1;0;0;0;0;0;0;0;0;0;2;0;0;0;0
"23/09/2024";"12:38:00";"451";"Com vítima";"474,000";"BR-101/RJ";"Crescente";"Acidentes de outra natureza";0;0;0;1;0;0;0;0;0;0;0;2;0;0;0
"23/09/2024";"13:13:00";"465";"Sem vítima";"247,000";"BR-116/RJ";"Decrescente";"Choque";1;0;0;0;0;0;0;0;0;0;8;0;0;0;0
"23/09/2024";"14:29:00";"503";"Sem vítima";"212,800";"BR-116/SP";"Crescente";"Choque";1;0;0;0;0;0;0;0;0;0;2;0;0;0;0
"23/09/2024";"15:29:00";"539";"Com vítima";"74,600";"BR-116/SP";"Crescente";"Colisão traseira";0;0;0;1;0;0;0;0;0;0;0;0;4;0;0
"23/09/2024";"15:32:00";"548";"Com vítima";"164,400";"BR-116/SP";"Crescente";"Acidentes de outra natureza";0;0;0;1;0;0;0;0;0;0;0;1;1;0;0
"23/09/2024";"15:59:00";"563";"Com vítima";"155,700";"BR-116/SP";"Decrescente";"Colisão lateral em sentido contrário";0;0;0;1;0;0;0;0;0;0;0;0;0;3;0
"23/09/2024";"17:20:00";"578";"Com vítima";"490,000";"BR-101/RJ";"Crescente";"Acidentes de outra natureza";0;0;0;1;0;0;0;0;0;0;0;0;0;1;0
"23/09/2024";"17:22:00";"599";"Com vítima";"208,500";"BR-116/SP";"Decrescente";"Colisão traseira";1;0;0;1;0;0;0;0;0;0;2;0;1;0;0
"23/09/2024";"17:33:00";"607";"Com vítima";"230,900";"BR-116/SP";"Decrescente";"Colisão traseira";1;0;0;1;0;0;0;0;0;1;4;2;0;0;0
"23/09/2024";"17:36:00";"608";"Com vítima";"230,800";"BR-116/SP";"Decrescente";"Colisão traseira";0;0;0;2;0;0;0;0;0;0;0;2;2;0;0
"23/09/2024";"18:46:00";"657";"Sem vítima";"135,500";"BR-116/SP";"Decrescente";"Capotamento";1;0;0;0;0;0;0;0;0;0;3;0;0;0;0
"23/09/2024";"19:06:00";"669";"Com vítima";"113,800";"BR-116/SP";"Crescente";"Acidentes de outra natureza";0;0;0;1;0;0;0;0;0;0;1;0;1;0;0
"23/09/2024";"20:15:00";"700";"Com vítima";"149,400";"BR-116/SP";"Decrescente";"Atropelamento de pedestre";0;0;0;0;0;0;0;0;0;0;0;0;0;0;0
"23/09/2024";"20:45:00";"721";"Sem vítima";"116,500";"BR-116/SP";"Decrescente";"Engavetamento";2;0;1;0;0;0;0;0;0;0;6;0;0;0;0
"23/09/2024";"23:11:00";"770";"Sem vítima";"142,700";"BR-116/SP";"Decrescente";"Colisão lateral em sentido contrário";1;0;0;0;0;0;0;0;0;0;4;0;0;0;0
"23/09/2024";"23:52:00";"44";"Com vítima";"402,100";"BR-101/RJ";"Decrescente";"Atropelamento de pedestre";1;0;0;0;0;0;0;0;0;0;3;1;0;0;0
"24/09/2024";"00:01:00";"34";"Sem vítima";"413,300";"BR-101/RJ";"Decrescente";"Acidentes de outra natureza";1;0;0;0;0;0;0;0;0;0;2;0;0;0;0
"24/09/2024";"02:53:00";"64";"Sem vítima";"122,100";"BR-116/SP";"Crescente";"Colisão lateral em sentido contrário";1;0;0;0;0;0;0;0;0;0;3;0;0;0;0
"24/09/2024";"05:12:00";"512";"Com vítima";"223,000";"BR-116/SP";"Crescente";"Colisão traseira";2;0;0;0;0;0;0;0;0;0;3;6;0;0;0
"24/09/2024";"06:12:00";"133";"Com vítima";"416,100";"BR-101/RJ";"Crescente";"Colisão lateral em sentido contrário";1;0;1;0;0;0;0;0;0;0;4;2;0;0;0
"24/09/2024";"07:07:00";"205";"Sem vítima";"222,000";"BR-116/SP";"Crescente";"Engavetamento";2;0;0;0;0;0;0;0;0;0;9;0;0;0;0
"24/09/2024";"07:11:00";"212";"Com vítima";"230,500";"BR-116/RJ";"Decrescente";"Choque";1;0;0;0;0;0;0;0;0;0;0;2;0;0;0
"24/09/2024";"07:11:00";"215";"Com vítima";"108,850";"BR-116/SP";"Crescente";"Colisão lateral em sentido contrário";1;0;0;1;0;0;0;0;0;0;1;0;1;0;0
"24/09/2024";"08:18:00";"274";"Sem vítima";"102,000";"BR-116/SP";"Crescente";"Colisão traseira";1;0;0;0;0;0;0;0;0;0;2;0;0;0;0
"24/09/2024";"08:59:00";"315";"Com vítima";"326,400";"BR-116/RJ";"Crescente";"Choque";0;0;0;1;0;0;0;0;0;0;0;0;6;0;0
"24/09/2024";"09:38:00";"356";"Com vítima";"134,900";"BR-116/SP";"Crescente";"Acidentes de outra natureza";0;0;0;1;0;0;0;0;0;0;0;1;0;1;0
"24/09/2024";"09:46:00";"366";"Com vítima";"223,000";"BR-116/SP";"Decrescente";"Colisão lateral em sentido contrário";1;0;0;1;0;0;0;0;0;0;2;2;0;0;0
"24/09/2024";"11:07:00";"415";"Sem vítima";"212,000";"BR-116/SP";"Decrescente";"Colisão lateral em sentido contrário";1;0;1;0;0;0;0;0;0;0;12;0;0;0;0
"24/09/2024";"12:29:00";"463";"Com vítima";"279,100";"BR-116/RJ";"Crescente";"Choque";1;0;0;0;0;0;0;0;0;0;0;0;0;1;0
"24/09/2024";"12:36:00";"466";"Sem vítima";"213,000";"BR-116/SP";"Decrescente";"Colisão lateral em sentido contrário";1;0;0;0;0;0;0;1;0;0;8;0;0;0;0
"24/09/2024";"15:00:00";"562";"Sem vítima";"154,000";"BR-116/SP";"Crescente";"Colisão lateral em sentido contrário";1;0;0;0;0;0;0;1;0;0;9;0;0;0;0
"24/09/2024";"17:03:00";"624";"Sem vítima";"227,600";"BR-116/SP";"Crescente";"Colisão lateral em sentido contrário";1;0;0;0;0;0;0;0;0;0;9;0;0;0;0
"24/09/2024";"20:46:00";"753";"Com vítima";"382,000";"BR-101/RJ";"Crescente";"Acidentes de outra natureza";1;0;0;0;0;0;0;0;0;0;0;1;0;0;0
"24/09/2024";"20:58:00";"759";"Sem vítima";"117,550";"BR-116/SP";"Crescente";"Choque";1;0;0;0;0;0;0;0;0;0;2;0;0;0;0
"24/09/2024";"22:07:00";"782";"Com vítima";"222,000";"BR-116/SP";"Decrescente";"Colisão lateral em sentido contrário";1;0;0;1;0;0;0;0;0;0;2;0;1;0;0
"25/09/2024";"00:00:00";"99";"Sem vítima";"49,900";"BR-116/SP";"Crescente";"Choque";0;0;1;0;0;0;0;0;0;0;3;0;0;0;0
"25/09/2024";"00:00:00";"726";"Sem vítima";"477,000";"BR-101/RJ";"Crescente";"Colisão traseira";2;0;0;0;0;0;0;0;0;0;4;0;0;0;0
"25/09/2024";"02:52:00";"69";"Sem vítima";"123,100";"BR-116/SP";"Crescente";"Atropelamento de pedestre";0;0;1;0;0;0;0;0;0;0;2;0;0;0;0
"25/09/2024";"03:21:00";"75";"Sem vítima";"123,500";"BR-116/SP";"Crescente";"Atropelamento de pedestre";0;0;1;0;0;0;0;0;0;0;1;0;0;0;0
"25/09/2024";"06:38:00";"176";"Sem vítima";"146,600";"BR-116/SP";"Decrescente";"Colisão traseira";2;0;0;0;0;0;0;0;0;0;2;0;0;0;0
"25/09/2024";"06:53:00";"196";"Sem vítima";"201,000";"BR-116/SP";"Decrescente";"Colisão lateral em sentido contrário";2;0;0;0;0;0;0;0;0;0;8;0;0;0;0
"25/09/2024";"06:57:00";"200";"Com vítima";"431,000";"BR-101/RJ";"Crescente";"Acidentes de outra natureza";0;0;0;1;0;0;0;0;0;0;0;0;1;0;0
"25/09/2024";"07:29:00";"250";"Sem vítima";"106,000";"BR-116/SP";"Crescente";"Choque";1;0;0;0;0;0;0;0;0;0;6;0;0;0;0