data;horario;n_da_ocorrencia;tipo_de_ocorrencia;km;trecho;sentido;tipo_de_acidente;automovel;bicicleta;caminhao;moto;onibus;outros;tracao_animal;transporte_de_cargas_especiais;trator_maquinas;utilitarios;ilesos;levemente_feridos;moderadamente_feridos;gravemente_feridos;mortos
"25/09/2024";"07:40:00";"263";"Sem vítima";"20,200";"BR-116/SP";"Crescente";"Colisão lateral em sentido contrário";0;0;0;0;0;0;0;1;0;0;0;0;0;0;0
"25/09/2024";"09:15:00";"359";"Sem vítima";"254,500";"BR-116/RJ";"Crescente";"Choque";0;0;1;0;0;0;0;0;0;0;0;0;0;0;0
"25/09/2024";"09:59:00";"399";"Com vítima";"482,000";"BR-101/RJ";"Crescente";"Colisão lateral em sentido contrário";1;0;0;1;0;0;0;0;0;0;1;1;0;0;0
"25/09/2024";"10:07:00";"408";"Sem vítima";"71,000";"BR-116/SP";"Crescente";"Colisão traseira";0;0;1;0;0;0;0;0;0;0;2;0;0;0;0
"25/09/2024";"10:40:00";"382";"Com vítima";"219,800";"BR-116/SP";"Crescente";"Colisão lateral em sentido contrário";1;0;0;1;0;0;0;0;0;0;6;3;0;0;0
"25/09/2024";"10:43:00";"444";"Sem vítima";"116,400";"BR-116/SP";"Crescente";"Engavetamento";1;0;1;0;0;0;0;1;0;0;8;0;0;0;0
"25/09/2024";"10:53:00";"451";"Com vítima";"147,800";"BR-116/SP";"Crescente";"Colisão traseira";0;0;0;1;0;0;0;0;0;0;0;2;0;0;0
"25/09/2024";"11:13:00";"458";"Com vítima";"67,000";"BR-116/SP";"Decrescente";"Acidentes de outra natureza";0;0;0;1;0;0;0;0;0;0;0;6;0;0;0
"25/09/2024";"11:58:00";"484";"Com vítima";"199,000";"BR-116/SP";"Crescente";"Colisão lateral em sentido contrário";1;0;0;1;0;0;0;0;0;0;1;1;0;0;0
"25/09/2024";"13:21:00";"527";"Sem vítima";"288,600";"BR-116/RJ";"Crescente";"Colisão lateral em sentido contrário";0;0;1;0;0;0;0;1;0;0;2;0;0;0;0
"25/09/2024";"13:30:00";"530";"Sem vítima";"199,000";"BR-116/SP";"Crescente";"Colisão traseira";0;0;1;0;0;0;0;1;0;0;6;0;0;0;0
"25/09/2024";"13:47:00";"544";"Com vítima";"43,900";"BR-101/SP";"Decrescente";"Colisão lateral em sentido contrário";1;0;0;1;0;0;0;0;0;0;2;0;2;0;0
"25/09/2024";"15:07:00";"592";"Sem vítima";"281,800";"BR-116/RJ";"Decrescente";"Choque";1;0;0;0;0;0;0;0;0;0;2;0;0;0;0
"25/09/2024";"15:42:00";"616";"Sem vítima";"74,000";"BR-116/SP";"Crescente";"Colisão lateral em sentido contrário";1;0;0;0;0;0;0;0;0;1;3;0;0;0;0
"25/09/2024";"16:52:00";"660";"Com vítima";"111,000";"BR-116/SP";"Crescente";"Acidentes de outra natureza";0;0;0;1;0;0;0;0;0;0;0;0;2;0;0
"25/09/2024";"17:41:00";"689";"Sem vítima";"25,000";"BR-101/SP";"Decrescente";"Choque";1;0;0;0;0;0;0;0;0;0;2;0;0;0;0
"25/09/2024";"17:45:00";"692";"Sem vítima";"147,100";"BR-116/SP";"Decrescente";"Colisão lateral em sentido contrário";1;0;0;0;0;0;0;1;0;0;3;0;0;0;0
"25/09/2024";"17:56:00";"700";"Com vítima";"212,000";"BR-116/SP";"Crescente";"Acidentes de outra natureza";0;0;0;1;0;0;0;0;0;0;0;1;0;0;0
"25/09/2024";"18:06:00";"703";"Com vítima";"226,100";"BR-116/SP";"Decrescente";"Colisão lateral em sentido contrário";0;0;0;1;0;0;0;0;0;0;0;2;0;0;0
"25/09/2024";"18:18:00";"712";"Sem vítima";"81,900";"BR-116/SP";"Decrescente";"Colisão lateral em sentido contrário";0;0;1;0;0;1;0;0;0;1;8;0;0;0;0
"25/09/2024";"18:52:00";"736";"Com vítima";"77,000";"BR-116/SP";"Crescente";"Capotamento";2;0;0;0;0;0;0;0;0;0;0;2;0;0;0
"25/09/2024";"19:47:00";"770";"Com vítima";"231,000";"BR-116/RJ";"Decrescente";"Acidentes de outra natureza";0;0;0;1;0;0;0;0;0;0;0;1;0;0;0
"25/09/2024";"20:01:00";"778";"Sem vítima";"110,000";"BR-116/SP";"Decrescente";"Colisão lateral em sentido contrário";1;0;1;0;0;0;0;0;0;0;8;0;0;0;0
"25/09/2024";"23:23:00";"860";"Sem vítima";"183,500";"BR-116/SP";"Crescente";"Colisão traseira";0;0;2;0;0;0;0;0;0;0;3;0;0;0;0
"26/09/2024";"00:00:00";"755";"Com vítima";"304,900";"BR-116/RJ";"Crescente";"Colisão traseira";0;0;2;0;0;0;0;0;0;0;1;1;0;0;0
"26/09/2024";"03:09:00";"66";"Com vítima";"95,000";"BR-116/SP";"Decrescente";"Choque";1;0;0;0;0;0;0;0;0;0;0;6;0;0;0
"26/09/2024";"06:15:00";"127";"Sem vítima";"217,050";"BR-116/SP";"Decrescente";"Colisão traseira";0;0;1;0;0;0;0;0;0;1;28;0;0;0;0
"26/09/2024";"07:16:00";"187";"Com vítima";"219,000";"BR-116/SP";"Decrescente";"Colisão traseira";0;0;0;1;0;0;0;0;0;0;0;0;1;0;0
"26/09/2024";"07:43:00";"219";"Sem vítima";"148,000";"BR-116/SP";"Decrescente";"Engavetamento";3;0;0;0;0;0;0;0;0;0;4;0;0;0;0
"26/09/2024";"09:32:00";"327";"Com vítima";"74,000";"BR-116/SP";"Crescente";"Colisão traseira";2;0;0;0;0;0;0;0;0;0;6;3;0;0;0
"26/09/2024";"09:42:00";"332";"Sem vítima";"320,900";"BR-116/RJ";"Decrescente";"Colisão traseira";2;0;0;0;0;0;0;0;0;0;10;0;0;0;0
"26/09/2024";"10:21:00";"354";"Com vítima";"155,000";"BR-116/SP";"Crescente";"Engavetamento";0;0;1;0;0;0;0;1;0;0;2;2;0;0;0
"26/09/2024";"11:04:00";"398";"Com vítima";"150,000";"BR-116/SP";"Crescente";"Colisão traseira";0;0;0;0;0;0;0;2;0;0;1;0;1;0;0
"26/09/2024";"11:14:00";"404";"Com vítima";"225,000";"BR-116/SP";"Decrescente";"Colisão traseira";1;0;0;1;0;0;0;0;0;0;3;3;0;0;0
"26/09/2024";"11:37:00";"411";"Com vítima";"533,000";"BR-101/RJ";"Crescente";"Colisão lateral em sentido contrário";2;0;0;0;0;0;0;0;0;0;4;4;0;0;0
"26/09/2024";"12:25:00";"430";"Sem vítima";"220,000";"BR-116/RJ";"Decrescente";"Choque";0;0;1;0;0;0;0;0;0;0;3;0;0;0;0
"26/09/2024";"12:37:00";"439";"Sem vítima";"228,800";"BR-116/SP";"Crescente";"Colisão traseira";0;0;0;0;0;0;0;1;0;0;3;0;0;0;0
"26/09/2024";"14:32:00";"522";"Sem vítima";"324,900";"BR-116/RJ";"Crescente";"Colisão traseira";0;0;2;0;0;0;0;0;0;0;6;0;0;0;0
"26/09/2024";"14:37:00";"529";"Com vítima";"227,000";"BR-116/SP";"Decrescente";"Acidentes de outra natureza";0;0;0;1;0;0;0;0;0;0;0;2;2;0;0
"26/09/2024";"18:20:00";"651";"Com vítima";"224,800";"BR-116/SP";"Decrescente";"Engavetamento";1;0;0;2;0;0;0;0;0;0;2;0;1;0;0
"26/09/2024";"18:34:00";"660";"Com vítima";"108,400";"BR-116/SP";"Crescente";"Acidentes de outra natureza";0;0;0;1;0;0;0;0;0;0;0;0;1;0;0
"26/09/2024";"22:21:00";"773";"Com vítima";"573,900";"BR-101/RJ";"Decrescente";"Colisão frontal";1;0;0;1;0;0;0;0;0;0;15;5;0;0;0
"26/09/2024";"22:39:00";"784";"Sem vítima";"56,300";"BR-116/SP";"Crescente";"Colisão traseira";1;0;1;0;0;0;0;0;0;0;2;0;0;0;0
"26/09/2024";"23:42:00";"801";"Sem vítima";"225,100";"BR-116/SP";"Crescente";"Colisão lateral em sentido contrário";1;0;0;0;0;0;0;0;0;0;1;0;0;0;0
"27/09/2024";"00:06:00";"36";"Com vítima";"203,000";"BR-116/SP";"Crescente";"Colisão traseira";0;0;2;0;0;0;0;0;0;0;1;1;0;0;0
"27/09/2024";"01:34:00";"60";"Com vítima";"325,900";"BR-116/RJ";"Crescente";"Colisão traseira";0;0;1;0;1;0;0;0;0;0;24;10;5;2;1
"27/09/2024";"04:25:00";"87";"Com vítima";"401,200";"BR-101/RJ";"Crescente";"Atropelamento de pedestre";1;0;0;0;0;0;0;0;0;0;0;0;12;0;0
"27/09/2024";"05:12:00";"101";"Com vítima";"162,000";"BR-116/SP";"Crescente";"Colisão traseira";0;0;1;1;0;0;0;0;0;0;3;3;0;0;0
"27/09/2024";"09:50:00";"360";"Sem vítima";"87,600";"BR-116/SP";"Crescente";"Colisão lateral em sentido contrário";1;0;1;0;0;0;0;0;0;0;8;0;0;0;0
"27/09/2024";"09:55:00";"363";"Com vítima";"482,000";"BR-101/RJ";"Decrescente";"Colisão traseira";1;0;0;1;0;0;0;0;0;0;3;3;0;0;0
"27/09/2024";"10:20:00";"378";"Com vítima";"215,500";"BR-116/SP";"Crescente";"Colisão lateral em sentido contrário";2;0;1;0;0;0;0;0;0;0;6;2;0;0;0
"27/09/2024";"11:30:00";"411";"Sem vítima";"88,000";"BR-116/SP";"Crescente";"Colisão lateral em sentido contrário";1;0;1;0;0;0;0;0;0;0;8;0;0;0;0
"27/09/2024";"13:54:00";"491";"Sem vítima";"445,000";"BR-101/RJ";"Decrescente";"Choque";2;0;0;0;0;0;0;0;0;0;3;0;0;0;0
"27/09/2024";"13:55:00";"492";"Com vítima";"41,000";"BR-101/SP";"Crescente";"Colisão transversal";1;0;0;1;0;0;0;0;0;0;0;3;3;0;0
"27/09/2024";"17:35:00";"605";"Com vítima";"116,200";"BR-116/SP";"Decrescente";"Colisão traseira";2;0;0;0;0;0;0;0;0;0;5;1;0;0;0
"27/09/2024";"18:05:00";"625";"Sem vítima";"389,000";"BR-101/RJ";"Crescente";"Colisão lateral em sentido contrário";1;0;1;0;0;0;0;0;0;0;10;0;0;0;0
"27/09/2024";"18:10:00";"628";"Sem vítima";"477,500";"BR-101/RJ";"Crescente";"Engavetamento";3;0;0;0;0;0;0;0;0;0;3;0;0;0;0
"27/09/2024";"18:19:00";"633";"Com vítima";"222,700";"BR-116/SP";"Crescente";"Colisão lateral em sentido contrário";1;0;0;1;0;0;0;0;0;0;3;6;0;0;0
"27/09/2024";"18:46:00";"653";"Sem vítima";"392,700";"BR-101/RJ";"Decrescente";"Engavetamento";5;0;0;0;0;0;0;0;0;0;15;0;0;0;0
"27/09/2024";"19:04:00";"670";"Sem vítima";"149,700";"BR-116/SP";"Crescente";"Engavetamento";3;0;0;0;0;0;0;0;0;0;4;0;0;0;0
"27/09/2024";"19:41:00";"687";"Com vítima";"225,500";"BR-116/SP";"Decrescente";"Colisão traseira";0;0;0;1;0;0;0;0;0;0;0;1;0;0;0
"27/09/2024";"20:51:00";"732";"Sem vítima";"479,950";"BR-101/RJ";"Crescente";"Colisão traseira";2;0;0;0;0;0;0;0;0;0;4;0;0;0;0
"27/09/2024";"21:31:00";"752";"Com vítima";"213,800";"BR-116/SP";"Crescente";"Choque";1;0;0;0;0;0;0;0;0;0;2;4;0;0;0
"27/09/2024";"21:52:00";"760";"Sem vítima";"596,300";"BR-101/RJ";"Decrescente";"Choque";1;0;0;0;0;0;0;0;0;0;2;0;0;0;0
"27/09/2024";"23:59:00";"788";"Sem vítima";"528,000";"BR-101/RJ";"Crescente";"Capotamento";1;0;0;0;0;0;0;0;0;0;5;0;0;0;0
"28/09/2024";"00:00:00";"304";"Com vítima";"409,400";"BR-101/RJ";"Decrescente";"Colisão lateral em sentido contrário";2;0;0;1;0;0;0;0;0;0;9;3;0;0;0
"28/09/2024";"00:00:00";"513";"Com vítima";"294,500";"BR-116/RJ";"Decrescente";"Choque";1;0;0;0;0;0;0;0;0;0;0;0;1;0;0
"28/09/2024";"00:39:00";"39";"Sem vítima";"218,400";"BR-116/SP";"Crescente";"Choque";1;0;0;0;0;0;0;0;0;0;2;0;0;0;0
"28/09/2024";"03:07:00";"71";"Com vítima";"68,500";"BR-116/SP";"Decrescente";"Colisão lateral em sentido contrário";2;0;0;0;0;0;0;0;0;0;6;3;0;0;0
"28/09/2024";"04:50:00";"90";"Com vítima";"282,800";"BR-116/RJ";"Decrescente";"Tombamento";0;0;1;0;0;1;0;0;0;0;9;12;0;0;0
"28/09/2024";"05:17:00";"97";"Sem vítima";"225,300";"BR-116/SP";"Decrescente";"Colisão traseira";1;0;0;0;0;0;0;0;0;0;2;0;0;0;0
"28/09/2024";"07:08:00";"174";"Sem vítima";"221,300";"BR-116/SP";"Decrescente";"Choque";1;0;0;0;0;0;0;0;0;0;15;0;0;0;0
"28/09/2024";"07:29:00";"190";"Com vítima";"223,800";"BR-116/SP";"Crescente";"Colisão traseira";1;0;0;1;0;0;0;0;0;0;3;3;0;0;0
"28/09/2024";"10:09:00";"299";"Com vítima";"112,500";"BR-116/SP";"Decrescente";"Colisão traseira";2;0;0;0;0;0;0;0;0;0;6;0;1;0;0
"28/09/2024";"10:43:00";"317";"Com vítima";"37,000";"BR-116/SP";"Decrescente";"Acidentes de outra natureza";0;0;0;1;0;0;0;0;0;0;0;2;0;0;0
"28/09/2024";"11:17:00";"337";"Sem vítima";"93,000";"BR-116/SP";"Decrescente";"Choque";0;0;0;1;0;0;0;0;0;0;1;0;0;0;0
"28/09/2024";"13:15:00";"385";"Com vítima";"499,000";"BR-101/RJ";"Crescente";"Colisão frontal";2;0;0;0;0;0;0;0;0;0;6;0;4;0;0
"28/09/2024";"14:34:00";"421";"Sem vítima";"155,000";"BR-116/SP";"Crescente";"Colisão traseira";2;0;0;0;0;0;0;0;0;0;8;0;0;0;0
"28/09/2024";"14:35:00";"422";"Com vítima";"105,000";"BR-116/SP";"Crescente";"Colisão traseira";1;0;0;1;0;0;0;0;0;0;0;0;2;0;0
"28/09/2024";"16:21:00";"477";"Sem vítima";"215,200";"BR-116/SP";"Decrescente";"Colisão traseira";1;0;0;1;0;0;0;0;0;0;9;0;0;0;0
"28/09/2024";"16:27:00";"479";"Sem vítima";"253,000";"BR-116/RJ";"Decrescente";"Choque";1;0;0;0;0;0;0;0;0;0;2;0;0;0;0
"28/09/2024";"18:50:00";"547";"Sem vítima";"119,400";"BR-116/SP";"Crescente";"Colisão traseira";2;0;0;0;0;0;0;0;0;0;6;0;0;0;0
"28/09/2024";"19:37:00";"562";"Sem vítima";"568,800";"BR-101/RJ";"Decrescente";"Capotamento";1;0;0;0;0;0;0;0;0;0;10;0;0;0;0
"28/09/2024";"21:01:00";"599";"Sem vítima";"146,800";"BR-116/SP";"Decrescente";"Colisão lateral em sentido contrário";1;0;0;0;0;0;0;1;0;0;3;0;0;0;0
"28/09/2024";"21:04:00";"601";"Sem vítima";"119,000";"BR-116/SP";"Crescente";"Colisão lateral em sentido contrário";1;0;0;0;0;0;0;0;0;0;3;0;0;0;0
"28/09/2024";"21:36:00";"606";"Com vítima";"423,000";"BR-101/RJ";"Decrescente";"Colisão frontal";3;0;0;0;0;0;0;0;0;0;2;1;0;0;0
"29/09/2024";"00:00:00";"269";"Sem vítima";"144,200";"BR-116/SP";"Decrescente";"Choque";1;0;0;0;0;0;0;0;0;0;5;0;0;0;0
"29/09/2024";"00:17:00";"35";"Com vítima";"225,600";"BR-116/SP";"Crescente";"Colisão traseira";2;0;0;0;0;0;0;0;0;0;3;1;0;0;0
"29/09/2024";"00:44:00";"42";"Com vítima";"505,000";"BR-101/RJ";"Decrescente";"Capotamento";1;0;0;0;0;0;0;0;0;0;0;2;0;0;0
"29/09/2024";"02:33:00";"63";"Sem vítima";"485,000";"BR-101/RJ";"Decrescente";"Choque";1;0;0;0;0;0;0;0;0;0;5;0;0;0;0
"29/09/2024";"02:35:00";"64";"Com vítima";"217,800";"BR-116/RJ";"Decrescente";"Choque";0;0;1;0;0;0;0;0;0;0;0;3;0;0;0
"29/09/2024";"02:55:00";"67";"Com vítima";"381,000";"BR-101/RJ";"Crescente";"Colisão traseira";1;0;0;1;0;0;0;0;0;0;0;0;1;0;0
"29/09/2024";"03:57:00";"76";"Com vítima";"6,900";"BR-116/SP";"Decrescente";"Choque";1;0;0;0;0;0;0;0;0;0;0;1;0;0;0
"29/09/2024";"04:37:00";"83";"Sem vítima";"172,600";"BR-116/SP";"Crescente";"Atropelamento de pedestre";1;0;0;0;0;0;0;1;0;0;9;0;0;0;0
"29/09/2024";"05:48:00";"95";"Com vítima";"217,800";"BR-116/SP";"Decrescente";"Acidentes de outra natureza";0;0;0;1;0;0;0;0;0;0;0;0;6;0;0
"29/09/2024";"10:22:00";"254";"Sem vítima";"162,000";"BR-116/SP";"Decrescente";"Choque";1;0;0;0;0;0;0;0;0;0;4;0;0;0;0
"29/09/2024";"14:07:00";"356";"Sem vítima";"79,100";"BR-116/SP";"Crescente";"Colisão traseira";2;0;0;0;0;0;0;0;0;0;16;0;0;0;0
"29/09/2024";"14:10:00";"357";"Sem vítima";"129,100";"BR-116/SP";"Crescente";"Colisão traseira";2;0;0;0;0;0;0;0;0;0;9;0;0;0;0
"29/09/2024";"14:19:00";"366";"Sem vítima";"128,700";"BR-116/SP";"Crescente";"Colisão traseira";1;0;0;0;1;0;0;0;0;0;183;0;0;0;0
"29/09/2024";"15:06:00";"397";"Sem vítima";"83,000";"BR-116/SP";"Crescente";"Colisão lateral em sentido contrário";2;0;0;0;1;0;0;0;0;0;116;0;0;0;0
"29/09/2024";"15:21:00";"400";"Com vítima";"155,000";"BR-116/SP";"Crescente";"Engavetamento";2;0;0;0;0;0;0;0;0;0;18;3;0;0;0
"29/09/2024";"15:21:00";"401";"Com vítima";"224,000";"BR-116/SP";"Crescente";"Colisão traseira";2;0;0;1;0;0;0;0;0;0;2;1;0;0;0
"29/09/2024";"16:15:00";"430";"Sem vítima";"117,350";"BR-116/SP";"Crescente";"Choque";1;0;0;0;0;0;0;0;0;0;2;0;0;0;0
"29/09/2024";"19:24:00";"530";"Sem vítima";"329,000";"BR-116/RJ";"Decrescente";"Choque";1;0;0;0;0;0;0;0;0;0;4;0;0;0;0
"29/09/2024";"19:25:00";"531";"Com vítima";"145,100";"BR-116/SP";"Crescente";"Engavetamento";2;0;0;0;0;0;0;0;0;0;3;1;0;0;0
"29/09/2024";"19:31:00";"534";"Com vítima";"57,400";"BR-116/SP";"Crescente";"Acidentes de outra natureza";0;0;0;1;0;0;0;0;0;0;0;0;1;0;0
"29/09/2024";"21:06:00";"571";"Com vítima";"47,500";"BR-101/SP";"Decrescente";"Colisão traseira";1;0;0;1;0;0;0;0;0;0;2;1;0;0;0
"29/09/2024";"21:46:00";"588";"Com vítima";"409,900";"BR-101/RJ";"Decrescente";"Colisão traseira";0;0;0;1;0;0;0;0;0;0;0;0;2;0;0
"29/09/2024";"22:53:00";"608";"Com vítima";"158,800";"BR-116/SP";"Crescente";"Choque";1;0;0;0;0;0;0;0;0;0;0;4;0;0;0
"30/09/2024";"00:00:00";"120";"Sem vítima";"33,800";"BR-116/SP";"Decrescente";"Choque";1;0;0;0;0;0;0;0;0;0;1;0;0;0;0
"30/09/2024";"00:00:00";"428";"Com vítima";"312,200";"BR-116/RJ";"Decrescente";"Colisão lateral em sentido contrário";1;0;0;1;0;0;0;0;0;0;4;0;4;0;0
"30/09/2024";"00:00:00";"519";"Sem vítima";"221,000";"BR-116/SP";"Decrescente";"Colisão traseira";1;0;1;0;0;0;0;0;0;0;9;0;0;0;0
"30/09/2024";"00:34:00";"39";"Sem vítima";"7,050";"BR-116/SP";"Decrescente";"Choque";1;0;0;0;0;0;0;0;0;0;0;0;0;0;0
"30/09/2024";"01:57:00";"60";"Sem vítima";"224,400";"BR-116/SP";"Decrescente";"Choque";1;0;0;0;0;0;0;0;0;0;0;0;0;0;0
"30/09/2024";"02:11:00";"62";"Sem vítima";"412,000";"BR-101/RJ";"Decrescente";"Choque";1;0;0;0;0;0;0;0;0;0;2;0;0;0;0
"30/09/2024";"04:08:00";"85";"Com vítima";"509,000";"BR-101/RJ";"Crescente";"Capotamento";1;0;0;0;0;0;0;0;0;0;4;2;0;0;0
"30/09/2024";"07:08:00";"219";"Sem vítima";"140,700";"BR-116/SP";"Crescente";"Colisão traseira";1;0;0;0;0;0;0;0;0;0;6;0;0;0;0
"30/09/2024";"07:47:00";"274";"Sem vítima";"223,000";"BR-116/SP";"Crescente";"Colisão traseira";1;0;0;0;0;0;0;0;0;0;2;0;0;0;0
"30/09/2024";"07:55:00";"285";"Com vítima";"138,000";"BR-116/SP";"Decrescente";"Capotamento";1;0;0;0;0;0;0;0;0;0;0;0;2;0;0
"30/09/2024";"07:57:00";"289";"Com vítima";"50,900";"BR-101/SP";"Crescente";"Colisão traseira";1;0;0;1;0;0;0;0;0;0;2;2;0;0;0
"30/09/2024";"08:27:00";"328";"Sem vítima";"155,000";"BR-116/SP";"Crescente";"Engavetamento";2;0;0;0;0;0;0;0;0;0;4;0;0;0;0
"30/09/2024";"08:53:00";"350";"Sem vítima";"140,600";"BR-116/SP";"Decrescente";"Colisão traseira";0;0;0;1;0;0;0;0;0;0;2;0;0;0;0
"30/09/2024";"12:00:00";"448";"Sem vítima";"149,400";"BR-116/SP";"Decrescente";"Colisão traseira";1;0;1;0;0;0;0;0;0;0;9;0;0;0;0
"30/09/2024";"12:11:00";"458";"Sem vítima";"270,900";"BR-116/RJ";"Decrescente";"Colisão traseira";1;0;1;0;0;0;0;0;0;0;6;0;0;0;0
"30/09/2024";"13:18:00";"486";"Com vítima";"41,100";"BR-101/SP";"Decrescente";"Colisão frontal";0;0;0;2;0;0;0;0;0;0;0;0;0;2;2
"30/09/2024";"14:02:00";"522";"Com vítima";"221,000";"BR-116/SP";"Crescente";"Acidentes de outra natureza";0;0;0;1;0;0;0;0;0;0;0;1;1;0;0
"30/09/2024";"14:17:00";"532";"Com vítima";"167,000";"BR-116/SP";"Decrescente";"Colisão traseira";1;0;0;1;0;0;0;0;0;0;2;1;0;0;0
"30/09/2024";"14:55:00";"557";"Com vítima";"97,500";"BR-116/SP";"Crescente";"Colisão traseira";1;0;0;0;0;0;0;1;0;0;2;2;0;0;0
"30/09/2024";"15:52:00";"561";"Sem vítima";"558,000";"BR-101/RJ";"Crescente";"Choque";1;0;0;0;0;0;0;0;0;0;1;0;0;0;0
"30/09/2024";"16:08:00";"600";"Sem vítima";"136,000";"BR-116/SP";"Decrescente";"Colisão traseira";1;0;0;0;0;0;0;1;0;0;4;0;0;0;0
"30/09/2024";"16:12:00";"602";"Com vítima";"216,600";"BR-116/SP";"Decrescente";"Colisão traseira";0;0;0;2;0;0;0;0;0;0;2;6;0;0;0
"30/09/2024";"16:16:00";"604";"Sem vítima";"232,200";"BR-116/RJ";"Crescente";"Colisão traseira";0;0;1;0;0;0;0;0;0;0;3;0;0;0;0
"30/09/2024";"16:23:00";"607";"Sem vítima";"214,000";"BR-116/SP";"Decrescente";"Colisão traseira";0;0;0;1;0;0;0;0;0;0;0;0;0;0;0
"30/09/2024";"18:14:00";"660";"Sem vítima";"10,500";"BR-116/SP";"Decrescente";"Colisão lateral em sentido contrário";1;0;0;0;0;0;0;0;0;1;2;0;0;0;0
"30/09/2024";"18:45:00";"673";"Com vítima";"416,000";"BR-101/RJ";"Decrescente";"Colisão lateral em sentido contrário";0;0;0;2;0;0;0;0;0;0;0;3;0;0;0
"30/09/2024";"18:49:00";"690";"Com vítima";"224,400";"BR-116/SP";"Decrescente";"Colisão traseira";1;0;0;1;0;0;0;0;0;0;2;1;0;0;0
"30/09/2024";"20:02:00";"716";"Sem vítima";"146,900";"BR-116/SP";"Crescente";"Colisão lateral em sentido contrário";1;0;0;0;0;0;0;1;0;0;2;0;0;0;0
"30/09/2024";"20:49:00";"742";"Sem vítima";"272,000";"BR-116/RJ";"Crescente";"Choque";0;0;1;0;0;0;0;0;0;0;0;0;0;0;0
"30/09/2024";"22:40:00";"785";"Sem vítima";"229,400";"BR-116/SP";"Crescente";"Colisão lateral em sentido contrário";1;0;0;0;0;0;0;1;0;0;2;0;0;0;0
"01/10/2024";"02:05:00";"66";"Sem vítima";"229,000";"BR-116/RJ";"Crescente";"Choque";1;0;0;0;0;0;0;0;0;0;4;0;0;0;0
"01/10/2024";"05:39:00";"113";"Com vítima";"429,000";"BR-101/RJ";"Crescente";"Colisão lateral em sentido contrário";1;0;0;1;0;0;0;0;0;0;1;1;0;0;0
"01/10/2024";"06:20:00";"145";"Com vítima";"222,000";"BR-116/SP";"Crescente";"Colisão traseira";0;0;0;1;0;0;0;0;0;0;0;2;0;0;0
"01/10/2024";"06:49:00";"181";"Sem vítima";"211,800";"BR-116/SP";"Crescente";"Choque";1;0;0;0;0;0;0;0;0;0;2;0;0;0;0
"01/10/2024";"06:56:00";"187";"Com vítima";"142,100";"BR-116/SP";"Decrescente";"Colisão traseira";0;0;0;1;0;0;0;0;0;0;0;3;0;0;0
"01/10/2024";"08:02:00";"258";"Com vítima";"43,000";"BR-101/SP";"Crescente";"Acidentes de outra natureza";0;0;0;1;0;0;0;0;0;0;0;1;0;0;0
"01/10/2024";"08:50:00";"307";"Com vítima";"164,000";"BR-116/SP";"Decrescente";"Acidentes de outra natureza";0;0;0;1;0;0;0;0;0;0;0;2;0;0;0
"01/10/2024";"11:07:00";"400";"Com vítima";"217,500";"BR-116/SP";"Crescente";"Engavetamento";5;0;2;0;0;0;0;0;0;0;7;0;1;0;0
"01/10/2024";"11:19:00";"403";"Com vítima";"565,000";"BR-101/RJ";"Decrescente";"Colisão lateral em sentido contrário";1;0;1;0;0;0;0;0;0;0;4;4;0;0;0
"01/10/2024";"11:39:00";"422";"Sem vítima";"50,500";"BR-116/SP";"Crescente";"Engavetamento";0;0;3;0;0;0;0;0;0;1;16;0;0;0;0
"01/10/2024";"13:15:00";"459";"Sem vítima";"542,000";"BR-101/RJ";"Decrescente";"Colisão lateral em sentido contrário";1;0;0;0;0;0;0;0;0;0;2;0;0;0;0
"01/10/2024";"14:26:00";"492";"Com vítima";"473,000";"BR-101/RJ";"Crescente";"Colisão lateral em sentido contrário";0;0;0;2;0;0;0;0;0;0;0;1;1;0;0
"01/10/2024";"14:31:00";"494";"Com vítima";"222,000";"BR-116/SP";"Decrescente";"Engavetamento";1;0;0;2;0;0;0;0;0;0;2;4;2;0;0
"01/10/2024";"14:41:00";"502";"Com vítima";"416,000";"BR-101/RJ";"Decrescente";"Acidentes de outra natureza";0;0;0;1;0;0;0;0;0;0;1;0;1;0;0
"01/10/2024";"15:10:00";"525";"Com vítima";"231,300";"BR-116/RJ";"Decrescente";"Tombamento";0;0;1;0;0;0;0;0;0;0;6;3;0;0;0
"01/10/2024";"15:27:00";"533";"Com vítima";"155,200";"BR-116/SP";"Decrescente";"Acidentes de outra natureza";0;0;0;1;0;0;0;0;0;0;0;2;0;0;0
"01/10/2024";"15:47:00";"543";"Sem vítima";"53,000";"BR-116/SP";"Crescente";"Colisão lateral em sentido contrário";0;0;1;0;0;0;0;0;0;1;6;0;0;0;0
"01/10/2024";"17:41:00";"610";"Com vítima";"217,500";"BR-116/SP";"Decrescente";"Colisão traseira";0;0;1;1;0;0;0;0;0;0;0;0;2;0;0
"01/10/2024";"17:46:00";"614";"Com vítima";"161,100";"BR-116/SP";"Decrescente";"Colisão traseira";1;0;0;1;0;0;0;0;0;0;4;2;0;0;0