data;horario;n_da_ocorrencia;tipo_de_ocorrencia;km;trecho;sentido;tipo_de_acidente;automovel;bicicleta;caminhao;moto;onibus;outros;tracao_animal;transporte_de_cargas_especiais;trator_maquinas;utilitarios;ilesos;levemente_feridos;moderadamente_feridos;gravemente_feridos;mortos
"01/10/2024";"18:21:00";"643";"Com vítima";"282,350";"BR-116/RJ";"Decrescente";"Acidentes de outra natureza";0;0;0;1;0;0;0;0;0;0;0;0;1;0;0
"01/10/2024";"18:48:00";"662";"Sem vítima";"556,800";"BR-101/RJ";"Decrescente";"Atropelamento de pedestre";1;0;0;0;0;0;0;0;0;0;10;0;0;0;0
"01/10/2024";"19:58:00";"691";"Sem vítima";"274,550";"BR-116/RJ";"Crescente";"Atropelamento de pedestre";0;0;1;0;0;0;0;0;0;0;1;0;0;0;0
"01/10/2024";"21:16:00";"720";"Com vítima";"145,800";"BR-116/SP";"Decrescente";"Colisão traseira";2;0;0;0;0;0;0;0;0;0;2;1;0;0;0
"01/10/2024";"22:34:00";"749";"Com vítima";"395,100";"BR-101/RJ";"Crescente";"Colisão traseira";2;0;0;0;0;0;0;0;0;0;2;0;4;0;0
"01/10/2024";"23:59:00";"774";"Com vítima";"314,500";"BR-116/RJ";"Crescente";"Colisão traseira";1;0;0;0;0;0;0;0;0;0;0;4;0;0;0
"02/10/2024";"03:55:00";"80";"Sem vítima";"230,900";"BR-116/SP";"Decrescente";"Colisão traseira";0;0;2;0;0;0;0;0;0;0;4;0;0;0;0
"02/10/2024";"05:11:00";"100";"Com vítima";"235,750";"BR-116/RJ";"Crescente";"Acidentes de outra natureza";1;0;0;0;0;0;0;0;0;0;0;1;0;0;0
"02/10/2024";"05:43:00";"115";"Com vítima";"125,000";"BR-116/SP";"Crescente";"Colisão traseira";1;0;1;0;0;0;0;0;0;0;12;3;0;0;0
"02/10/2024";"06:34:00";"173";"Com vítima";"211,500";"BR-116/SP";"Crescente";"Colisão traseira";1;0;0;1;0;0;0;0;0;0;3;0;3;0;0
"02/10/2024";"06:41:00";"179";"Sem vítima";"271,000";"BR-116/RJ";"Decrescente";"Colisão traseira";2;0;0;0;0;0;0;0;0;0;2;0;0;0;0
"02/10/2024";"07:14:00";"220";"Com vítima";"215,800";"BR-116/SP";"Crescente";"Choque";0;0;0;1;0;0;0;0;0;0;0;2;0;0;0
"02/10/2024";"07:57:00";"261";"Sem vítima";"218,000";"BR-116/SP";"Crescente";"Colisão lateral em sentido contrário";1;0;0;1;0;0;0;0;0;0;2;0;0;0;0
"02/10/2024";"08:31:00";"293";"Sem vítima";"90,000";"BR-116/SP";"Crescente";"Choque";1;0;0;0;0;0;0;0;0;0;2;0;0;0;0
"02/10/2024";"08:36:00";"297";"Com vítima";"223,000";"BR-116/SP";"Decrescente";"Acidentes de outra natureza";0;0;0;1;0;0;0;0;0;0;0;0;3;0;0
"02/10/2024";"09:04:00";"325";"Sem vítima";"135,100";"BR-116/SP";"Crescente";"Colisão traseira";0;0;0;0;0;0;0;0;0;1;3;0;0;0;0
"02/10/2024";"09:23:00";"345";"Com vítima";"228,800";"BR-116/SP";"Crescente";"Colisão traseira";1;0;0;1;0;0;0;0;0;0;3;0;3;0;0
"02/10/2024";"09:34:00";"351";"Sem vítima";"145,000";"BR-116/SP";"Crescente";"Engavetamento";3;0;0;0;0;0;0;0;0;0;6;0;0;0;0
"02/10/2024";"10:14:00";"373";"Sem vítima";"412,000";"BR-101/RJ";"Decrescente";"Capotamento";1;0;0;0;0;0;0;0;0;0;5;0;0;0;0
"02/10/2024";"11:00:00";"402";"Com vítima";"405,000";"BR-101/RJ";"Crescente";"Acidentes de outra natureza";0;0;0;1;0;0;0;0;0;0;0;4;0;0;0
"02/10/2024";"12:55:00";"481";"Sem vítima";"305,000";"BR-116/RJ";"Decrescente";"Colisão lateral em sentido contrário";1;0;1;0;0;0;0;0;0;0;2;0;0;0;0
"02/10/2024";"13:05:00";"486";"Com vítima";"267,900";"BR-116/RJ";"Crescente";"Choque";1;0;0;0;0;0;0;0;0;0;0;0;2;0;0
"02/10/2024";"13:37:00";"501";"Sem vítima";"195,000";"BR-116/SP";"Crescente";"Colisão traseira";2;0;0;0;0;0;0;0;0;0;4;0;0;0;0
"02/10/2024";"15:33:00";"568";"Com vítima";"39,000";"BR-116/SP";"Decrescente";"Choque";1;0;0;0;0;0;0;0;0;0;0;0;1;0;0
"02/10/2024";"16:21:00";"599";"Com vítima";"397,500";"BR-101/RJ";"Crescente";"Colisão traseira";1;0;0;0;0;0;0;0;0;0;0;1;0;0;0
"02/10/2024";"16:40:00";"611";"Sem vítima";"311,700";"BR-116/RJ";"Decrescente";"Colisão traseira";1;0;0;0;0;0;0;0;0;0;2;0;0;0;0
"02/10/2024";"16:58:00";"622";"Com vítima";"406,000";"BR-101/RJ";"Decrescente";"Acidentes de outra natureza";0;0;0;1;0;0;0;0;0;0;0;0;0;1;0
"02/10/2024";"17:46:00";"643";"Sem vítima";"294,500";"BR-116/RJ";"Decrescente";"Choque";0;0;1;0;0;0;0;0;0;0;2;0;0;0;0
"02/10/2024";"18:32:00";"676";"Sem vítima";"261,300";"BR-116/RJ";"Crescente";"Engavetamento";4;0;0;0;0;0;0;0;0;0;5;0;0;0;0
"02/10/2024";"19:11:00";"707";"Sem vítima";"37,600";"BR-116/SP";"Decrescente";"Colisão traseira";1;0;1;0;0;0;0;0;0;0;2;0;0;0;0
"02/10/2024";"19:23:00";"715";"Com vítima";"434,300";"BR-101/RJ";"Crescente";"Acidentes de outra natureza";1;0;0;1;0;0;0;0;0;0;0;1;1;0;0
"02/10/2024";"20:09:00";"736";"Com vítima";"164,800";"BR-116/SP";"Decrescente";"Colisão traseira";1;0;0;0;0;0;0;1;0;0;1;1;0;0;0
"02/10/2024";"20:46:00";"746";"Com vítima";"199,600";"BR-116/SP";"Crescente";"Colisão traseira";1;0;1;0;0;0;0;0;0;0;1;1;0;0;0
"02/10/2024";"22:19:00";"782";"Com vítima";"526,200";"BR-101/RJ";"Decrescente";"Acidentes de outra natureza";1;0;0;0;0;0;0;0;0;0;0;4;0;0;0
"03/10/2024";"01:03:00";"54";"Com vítima";"83,800";"BR-116/SP";"Crescente";"Capotamento";1;0;0;0;0;0;0;0;0;0;4;0;2;0;0
"03/10/2024";"02:35:00";"73";"Sem vítima";"45,900";"BR-116/SP";"Decrescente";"Colisão traseira";1;0;1;0;0;0;0;0;0;0;4;0;0;0;0
"03/10/2024";"06:16:00";"155";"Com vítima";"281,600";"BR-116/RJ";"Crescente";"Tombamento";0;0;0;0;0;0;0;1;0;0;0;0;5;0;0
"03/10/2024";"06:35:00";"182";"Com vítima";"506,000";"BR-101/RJ";"Crescente";"Acidentes de outra natureza";0;0;0;1;0;0;0;0;0;0;0;2;0;0;0
"03/10/2024";"07:09:00";"231";"Sem vítima";"281,600";"BR-116/RJ";"Crescente";"Acidentes de outra natureza";0;0;0;2;0;0;0;0;0;0;3;0;0;0;0
"03/10/2024";"09:57:00";"405";"Com vítima";"281,600";"BR-116/RJ";"Crescente";"Colisão traseira";2;0;0;0;0;0;0;0;0;0;1;1;0;0;0
"03/10/2024";"12:53:00";"495";"Com vítima";"228,100";"BR-116/RJ";"Decrescente";"Tombamento";0;0;1;0;0;0;0;0;0;0;0;0;1;0;0
"03/10/2024";"15:40:00";"576";"Com vítima";"595,000";"BR-101/RJ";"Decrescente";"Capotamento";0;0;0;0;0;0;0;0;0;1;0;4;0;0;0
"03/10/2024";"16:25:00";"602";"Com vítima";"422,000";"BR-101/RJ";"Crescente";"Colisão frontal";2;0;0;0;0;0;0;0;0;0;0;1;2;0;0
"03/10/2024";"16:39:00";"607";"Sem vítima";"155,500";"BR-116/SP";"Crescente";"Colisão frontal";1;0;0;0;0;0;0;1;0;0;3;0;0;0;0
"03/10/2024";"17:31:00";"628";"Com vítima";"275,000";"BR-116/RJ";"Decrescente";"Colisão traseira";1;0;0;0;0;0;0;0;0;0;0;0;1;0;0
"03/10/2024";"18:10:00";"654";"Sem vítima";"565,000";"BR-101/RJ";"Crescente";"Choque";1;0;0;0;0;0;0;0;0;0;6;0;0;0;0
"03/10/2024";"20:03:00";"707";"Sem vítima";"152,000";"BR-116/SP";"Crescente";"Engavetamento";1;0;2;0;0;0;0;0;0;0;3;0;0;0;0
"03/10/2024";"20:08:00";"711";"Com vítima";"554,600";"BR-101/RJ";"Crescente";"Colisão frontal";0;0;0;2;0;0;0;0;0;0;1;0;1;0;0
"03/10/2024";"20:23:00";"720";"Com vítima";"427,000";"BR-101/RJ";"Decrescente";"Colisão frontal";1;0;0;0;0;0;0;0;0;1;0;0;6;4;0
"03/10/2024";"21:50:00";"757";"Com vítima";"288,600";"BR-116/RJ";"Decrescente";"Acidentes de outra natureza";0;0;0;1;0;0;0;0;0;0;0;4;0;0;0
"03/10/2024";"23:00:00";"782";"Sem vítima";"73,000";"BR-116/SP";"Decrescente";"Colisão traseira";1;0;2;0;0;0;0;0;0;0;15;0;0;0;0
"03/10/2024";"23:57:00";"800";"Com vítima";"324,500";"BR-116/RJ";"Decrescente";"Choque";1;0;0;0;0;0;0;0;0;0;0;4;0;0;0
"04/10/2024";"00:00:00";"233";"Com vítima";"222,000";"BR-116/SP";"Crescente";"Colisão lateral em sentido contrário";1;0;0;1;0;0;0;0;0;0;5;0;5;0;0
"04/10/2024";"00:00:00";"652";"Sem vítima";"570,800";"BR-101/RJ";"Crescente";"Choque";0;0;0;0;0;0;0;0;0;1;4;0;0;0;0
"04/10/2024";"00:45:00";"44";"Com vítima";"228,700";"BR-116/SP";"Decrescente";"Colisão traseira";0;0;0;1;0;0;0;0;0;0;0;0;5;0;0
"04/10/2024";"00:51:00";"45";"Sem vítima";"515,000";"BR-101/RJ";"Decrescente";"Choque";1;0;0;0;0;0;0;0;0;0;6;0;0;0;0
"04/10/2024";"03:26:00";"68";"Sem vítima";"408,000";"BR-101/RJ";"Decrescente";"Capotamento";0;0;0;0;0;0;0;0;0;1;4;0;0;0;0
"04/10/2024";"04:05:00";"77";"Sem vítima";"382,000";"BR-101/RJ";"Decrescente";"Choque";0;0;0;0;0;0;0;0;0;1;2;0;0;0;0
"04/10/2024";"06:30:00";"153";"Sem vítima";"211,300";"BR-116/SP";"Crescente";"Colisão lateral em sentido contrário";1;0;0;1;0;0;0;0;0;0;0;0;0;0;0
"04/10/2024";"06:40:00";"118";"Com vítima";"64,900";"BR-116/SP";"Crescente";"Capotamento";2;0;0;0;0;0;0;0;0;0;0;2;0;0;0
"04/10/2024";"07:13:00";"193";"Sem vítima";"515,000";"BR-101/RJ";"Crescente";"Colisão frontal";2;0;0;0;0;0;0;0;0;0;6;0;0;0;0
"04/10/2024";"07:17:00";"202";"Sem vítima";"234,000";"BR-116/RJ";"Decrescente";"Capotamento";1;0;0;0;0;0;0;0;0;0;5;0;0;0;0
"04/10/2024";"07:23:00";"210";"Sem vítima";"90,000";"BR-116/SP";"Crescente";"Choque";1;0;0;0;0;0;0;0;0;0;15;0;0;0;0
"04/10/2024";"07:41:00";"236";"Sem vítima";"232,000";"BR-116/RJ";"Decrescente";"Choque";0;0;1;0;0;0;0;0;0;0;3;0;0;0;0
"04/10/2024";"07:41:00";"237";"Sem vítima";"232,400";"BR-116/RJ";"Decrescente";"Choque";1;0;0;0;0;0;0;0;0;0;2;0;0;0;0
"04/10/2024";"08:30:00";"285";"Sem vítima";"101,600";"BR-116/SP";"Decrescente";"Engavetamento";4;0;0;0;0;0;0;0;0;0;18;0;0;0;0
"04/10/2024";"10:35:00";"361";"Com vítima";"338,800";"BR-116/RJ";"Crescente";"Colisão traseira";0;0;0;1;0;0;0;1;0;0;5;0;0;0;5
"04/10/2024";"11:09:00";"382";"Com vítima";"11,000";"BR-116/SP";"Crescente";"Choque";0;0;1;0;0;0;0;0;0;0;5;5;0;0;0
"04/10/2024";"11:18:00";"386";"Sem vítima";"331,000";"BR-116/RJ";"Decrescente";"Choque";0;0;1;0;0;0;0;0;0;0;2;0;0;0;0
"04/10/2024";"11:31:00";"396";"Sem vítima";"231,500";"BR-116/RJ";"Crescente";"Engavetamento";3;0;0;0;0;0;0;0;0;0;10;0;0;0;0
"04/10/2024";"11:54:00";"405";"Sem vítima";"214,000";"BR-116/SP";"Decrescente";"Colisão traseira";1;0;0;0;0;0;0;0;0;0;7;0;0;0;0
"04/10/2024";"12:38:00";"418";"Sem vítima";"284,000";"BR-116/RJ";"Decrescente";"Choque";1;0;0;0;0;0;0;0;0;0;2;0;0;0;0
"04/10/2024";"12:41:00";"419";"Sem vítima";"281,600";"BR-116/RJ";"Decrescente";"Choque";1;0;0;0;0;0;0;0;0;0;4;0;0;0;0
"04/10/2024";"13:47:00";"449";"Sem vítima";"284,000";"BR-116/RJ";"Decrescente";"Colisão traseira";2;0;0;0;0;0;0;0;0;0;2;0;0;0;0
"04/10/2024";"14:43:00";"480";"Com vítima";"230,000";"BR-116/SP";"Crescente";"Acidentes de outra natureza";0;0;0;1;0;0;0;0;0;0;0;0;3;0;0
"04/10/2024";"15:15:00";"497";"Sem vítima";"430,000";"BR-101/RJ";"Crescente";"Choque";1;0;0;0;0;0;0;0;0;0;4;0;0;0;0
"04/10/2024";"15:33:00";"507";"Sem vítima";"222,000";"BR-116/SP";"Decrescente";"Colisão traseira";1;0;0;0;1;0;0;0;0;0;122;0;0;0;0
"04/10/2024";"15:52:00";"515";"Sem vítima";"233,900";"BR-116/RJ";"Decrescente";"Choque";1;0;0;0;0;0;0;0;0;0;1;0;0;0;0
"04/10/2024";"16:14:00";"529";"Com vítima";"142,800";"BR-116/SP";"Crescente";"Acidentes de outra natureza";0;0;0;1;0;0;0;0;0;0;0;0;2;0;0
"04/10/2024";"16:29:00";"539";"Com vítima";"142,800";"BR-116/SP";"Crescente";"Colisão traseira";0;0;0;1;0;0;0;0;0;0;2;2;0;0;0
"04/10/2024";"16:33:00";"543";"Sem vítima";"324,200";"BR-116/RJ";"Decrescente";"Choque";1;0;0;0;0;0;0;0;0;0;2;0;0;0;0
"04/10/2024";"17:17:00";"567";"Com vítima";"153,100";"BR-116/SP";"Crescente";"Colisão traseira";2;0;0;0;0;0;0;0;0;0;0;2;0;0;0
"04/10/2024";"17:21:00";"572";"Sem vítima";"473,000";"BR-101/RJ";"Crescente";"Engavetamento";1;0;0;0;0;0;0;0;0;0;5;0;0;0;0
"04/10/2024";"17:53:00";"587";"Sem vítima";"264,000";"BR-116/RJ";"Decrescente";"Choque";1;0;0;0;0;0;0;0;0;0;2;0;0;0;0
"04/10/2024";"18:02:00";"594";"Sem vítima";"251,500";"BR-116/RJ";"Crescente";"Choque";1;0;0;0;0;0;0;0;0;0;2;0;0;0;0
"04/10/2024";"19:29:00";"637";"Com vítima";"218,300";"BR-116/SP";"Decrescente";"Choque";0;0;0;1;0;0;0;0;0;0;0;2;0;0;0
"04/10/2024";"19:46:00";"644";"Com vítima";"383,500";"BR-101/RJ";"Crescente";"Choque";1;0;0;0;0;0;0;0;0;0;0;1;0;0;0
"04/10/2024";"21:20:00";"689";"Sem vítima";"438,000";"BR-101/RJ";"Decrescente";"Capotamento";1;0;0;0;0;0;0;0;0;0;0;0;0;0;0
"04/10/2024";"21:32:00";"697";"Com vítima";"88,500";"BR-116/SP";"Decrescente";"Atropelamento de pedestre";0;0;0;0;0;0;0;0;0;0;0;0;1;0;0
"04/10/2024";"21:35:00";"698";"Com vítima";"230,500";"BR-116/SP";"Crescente";"Colisão lateral em sentido contrário";0;0;0;1;0;0;0;1;0;0;1;0;0;1;0
"04/10/2024";"21:45:00";"704";"Sem vítima";"436,800";"BR-101/RJ";"Crescente";"Choque";0;0;1;0;0;0;0;0;0;0;2;0;0;0;0
"04/10/2024";"22:08:00";"709";"Com vítima";"218,300";"BR-116/SP";"Decrescente";"Choque";0;0;0;1;0;0;0;0;0;0;0;2;0;0;0
"04/10/2024";"22:08:00";"710";"Com vítima";"393,200";"BR-101/RJ";"Crescente";"Capotamento";1;0;0;0;0;0;0;0;0;0;0;2;0;0;0
"04/10/2024";"23:52:00";"744";"Com vítima";"212,800";"BR-116/SP";"Crescente";"Colisão traseira";2;0;0;0;0;0;0;0;0;0;0;8;0;0;0
"05/10/2024";"00:05:00";"33";"Sem vítima";"229,600";"BR-116/RJ";"Decrescente";"Choque";1;0;0;0;0;0;0;0;0;0;4;0;0;0;0
"05/10/2024";"01:16:00";"45";"Sem vítima";"233,150";"BR-116/RJ";"Decrescente";"Choque";1;0;0;0;0;0;0;0;0;0;4;0;0;0;0
"05/10/2024";"02:55:00";"61";"Sem vítima";"103,600";"BR-116/SP";"Decrescente";"Choque";0;0;0;0;0;0;0;0;0;1;9;0;0;0;0
"05/10/2024";"03:51:00";"71";"Sem vítima";"173,600";"BR-116/SP";"Decrescente";"Choque";1;0;0;0;0;0;0;0;0;0;6;0;0;0;0
"05/10/2024";"04:04:00";"72";"Sem vítima";"273,900";"BR-116/RJ";"Crescente";"Choque";1;0;0;0;0;0;0;0;0;0;1;0;0;0;0
"05/10/2024";"06:07:00";"102";"Com vítima";"251,400";"BR-116/RJ";"Crescente";"Choque";1;0;0;0;0;0;0;0;0;0;2;1;0;0;0
"05/10/2024";"06:20:00";"109";"Com vítima";"223,000";"BR-116/SP";"Crescente";"Capotamento";1;0;0;0;0;0;0;0;0;0;0;0;4;0;0
"05/10/2024";"06:38:00";"119";"Com vítima";"251,400";"BR-116/RJ";"Crescente";"Choque";1;0;0;0;0;0;0;0;0;0;0;1;0;0;0
"05/10/2024";"07:05:00";"136";"Sem vítima";"437,000";"BR-101/RJ";"Crescente";"Choque";1;0;0;0;0;0;0;0;0;0;3;0;0;0;0
"05/10/2024";"07:20:00";"146";"Com vítima";"224,050";"BR-116/RJ";"Decrescente";"Choque";1;0;0;0;0;0;0;0;0;0;3;0;0;1;0
"05/10/2024";"08:20:00";"181";"Sem vítima";"216,000";"BR-116/SP";"Crescente";"Choque";1;0;0;0;0;0;0;0;0;0;2;0;0;0;0
"05/10/2024";"08:41:00";"193";"Sem vítima";"312,000";"BR-116/RJ";"Decrescente";"Colisão traseira";1;0;0;0;0;0;0;0;0;0;1;0;0;0;0
"05/10/2024";"09:34:00";"217";"Sem vítima";"109,700";"BR-116/SP";"Decrescente";"Engavetamento";3;0;0;0;0;0;0;0;0;0;10;0;0;0;0
"05/10/2024";"10:34:00";"249";"Com vítima";"216,500";"BR-116/SP";"Crescente";"Choque";1;0;0;0;0;0;0;0;0;0;0;6;0;0;0
"05/10/2024";"12:48:00";"294";"Sem vítima";"114,500";"BR-116/SP";"Decrescente";"Colisão lateral em sentido contrário";1;0;1;0;0;0;0;0;0;0;0;0;0;0;0
"05/10/2024";"13:17:00";"307";"Com vítima";"143,000";"BR-116/SP";"Crescente";"Colisão traseira";2;0;0;0;0;0;0;0;0;0;4;1;0;0;0
"05/10/2024";"13:46:00";"321";"Sem vítima";"109,900";"BR-116/SP";"Decrescente";"Engavetamento";0;0;1;0;0;0;0;1;0;0;6;0;0;0;0
"05/10/2024";"16:33:00";"380";"Com vítima";"109,000";"BR-116/SP";"Crescente";"Colisão traseira";2;0;0;0;0;0;0;0;0;0;9;3;0;0;0
"05/10/2024";"17:41:00";"406";"Com vítima";"482,900";"BR-101/RJ";"Crescente";"Colisão lateral em sentido contrário";1;0;0;1;0;0;0;0;0;0;1;0;1;0;0
"05/10/2024";"18:10:00";"414";"Com vítima";"394,700";"BR-101/RJ";"Decrescente";"Acidentes de outra natureza";0;0;0;1;0;0;0;0;0;0;0;2;0;0;0
"05/10/2024";"18:59:00";"431";"Sem vítima";"407,000";"BR-101/RJ";"Crescente";"Choque";1;0;0;0;0;0;0;0;0;0;1;0;0;0;0
"05/10/2024";"20:13:00";"449";"Com vítima";"404,600";"BR-101/RJ";"Decrescente";"Atropelamento de pedestre";0;0;0;0;0;0;0;0;0;0;0;0;0;1;0
"05/10/2024";"21:03:00";"461";"Sem vítima";"37,600";"BR-116/SP";"Decrescente";"Choque";1;0;0;0;0;0;0;0;0;0;1;0;0;0;0
"05/10/2024";"21:29:00";"475";"Com vítima";"61,500";"BR-116/SP";"Decrescente";"Capotamento";1;0;0;0;0;0;0;0;0;0;2;2;0;0;0
"05/10/2024";"21:50:00";"479";"Com vítima";"404,150";"BR-101/RJ";"Decrescente";"Colisão traseira";2;0;0;0;0;0;0;0;0;0;0;28;7;0;0
"05/10/2024";"22:20:00";"488";"Sem vítima";"307,400";"BR-116/RJ";"Crescente";"Colisão lateral em sentido contrário";2;0;0;0;0;0;0;0;0;0;0;0;0;0;0
"05/10/2024";"22:36:00";"494";"Com vítima";"60,000";"BR-116/SP";"Decrescente";"Colisão lateral em sentido contrário";1;0;0;1;0;0;0;0;0;0;4;8;0;0;0
"06/10/2024";"02:55:00";"61";"Com vítima";"441,000";"BR-101/RJ";"Decrescente";"Choque";1;0;0;0;0;0;0;0;0;0;0;1;0;0;0
"06/10/2024";"04:20:00";"72";"Sem vítima";"383,300";"BR-101/RJ";"Crescente";"Choque";1;0;0;0;0;0;0;0;0;0;1;0;0;0;0
"06/10/2024";"04:46:00";"75";"Sem vítima";"114,800";"BR-116/SP";"Crescente";"Choque";1;0;0;0;0;0;0;0;0;0;0;0;0;0;0
"06/10/2024";"05:53:00";"84";"Sem vítima";"51,000";"BR-116/SP";"Decrescente";"Choque";1;0;0;0;0;0;0;0;0;0;5;0;0;0;0
"06/10/2024";"08:29:00";"131";"Com vítima";"256,300";"BR-116/RJ";"Crescente";"Acidentes de outra natureza";0;0;0;1;0;0;0;0;0;0;0;1;0;0;0
"06/10/2024";"10:51:00";"185";"Com vítima";"146,300";"BR-116/SP";"Decrescente";"Tombamento";0;0;0;0;0;0;0;1;0;0;0;1;0;0;0
"06/10/2024";"12:12:00";"223";"Com vítima";"194,000";"BR-116/SP";"Decrescente";"Colisão frontal";2;0;0;0;0;0;0;0;0;0;6;2;0;0;0
"06/10/2024";"12:16:00";"224";"Com vítima";"156,400";"BR-116/SP";"Crescente";"Acidentes de outra natureza";0;0;0;1;0;0;0;0;0;0;0;2;0;0;0
"06/10/2024";"13:16:00";"243";"Com vítima";"110,000";"BR-116/SP";"Decrescente";"Acidentes de outra natureza";0;0;0;1;0;0;0;0;0;0;0;0;2;0;0
"06/10/2024";"13:35:00";"250";"Sem vítima";"45,000";"BR-101/SP";"Decrescente";"Colisão lateral em sentido contrário";1;0;0;0;0;0;0;0;0;0;3;0;0;0;0
"06/10/2024";"19:34:00";"393";"Sem vítima";"259,700";"BR-116/RJ";"Crescente";"Choque";1;0;0;0;0;0;0;0;0;0;2;0;0;0;0
"06/10/2024";"19:40:00";"397";"Com vítima";"204,700";"BR-116/SP";"Crescente";"Colisão traseira";0;0;1;1;1;0;0;0;0;0;26;0;0;1;0
"06/10/2024";"19:47:00";"402";"Com vítima";"294,700";"BR-116/RJ";"Decrescente";"Atropelamento de pedestre";0;0;0;0;0;0;0;0;0;0;0;0;0;0;1
"06/10/2024";"19:52:00";"404";"Sem vítima";"114,900";"BR-116/SP";"Crescente";"Colisão lateral em sentido contrário";1;0;0;0;0;0;0;0;0;0;3;0;0;0;0
"06/10/2024";"21:13:00";"431";"Sem vítima";"412,500";"BR-101/RJ";"Decrescente";"Colisão frontal";1;0;0;0;0;0;0;0;0;0;4;0;0;0;0
"06/10/2024";"21:25:00";"436";"Com vítima";"308,400";"BR-116/RJ";"Decrescente";"Colisão traseira";0;0;0;1;0;0;0;1;0;0;2;2;2;0;0
"06/10/2024";"21:59:00";"444";"Sem vítima";"336,000";"BR-116/RJ";"Crescente";"Choque";1;0;0;0;0;0;0;0;0;0;0;0;0;0;0
"06/10/2024";"22:25:00";"451";"Com vítima";"467,800";"BR-101/RJ";"Crescente";"Colisão frontal";1;0;0;1;0;0;0;0;0;0;2;0;0;1;0
"06/10/2024";"23:46:00";"471";"Sem vítima";"413,000";"BR-101/RJ";"Decrescente";"Colisão traseira";2;0;0;0;0;0;0;0;0;0;16;0;0;0;0
"07/10/2024";"01:24:00";"53";"Com vítima";"229,500";"BR-116/SP";"Crescente";"Atropelamento de pedestre";1;0;0;0;0;0;0;0;0;0;4;0;1;0;0
"07/10/2024";"06:45:00";"161";"Sem vítima";"231,000";"BR-116/RJ";"Decrescente";"Choque";0;0;1;0;0;0;0;0;0;0;3;0;0;0;0
"07/10/2024";"08:03:00";"248";"Com vítima";"203,000";"BR-116/SP";"Crescente";"Acidentes de outra natureza";0;0;0;1;0;0;0;0;0;0;0;6;0;0;0
"07/10/2024";"08:56:00";"298";"Com vítima";"223,200";"BR-116/SP";"Crescente";"Colisão lateral em sentido contrário";1;0;0;1;0;0;0;0;0;0;2;2;0;0;0
"07/10/2024";"09:26:00";"327";"Com vítima";"263,500";"BR-116/RJ";"Decrescente";"Atropelamento de pedestre";1;0;0;0;0;0;0;0;0;0;0;0;2;0;0
"07/10/2024";"09:46:00";"244";"Com vítima";"218,500";"BR-116/SP";"Crescente";"Colisão lateral em sentido contrário";1;0;0;1;0;0;0;0;0;0;3;3;0;0;0
"07/10/2024";"11:16:00";"276";"Com vítima";"218,000";"BR-116/SP";"Crescente";"Colisão traseira";1;0;0;1;0;0;0;0;0;0;2;2;0;0;0
"07/10/2024";"11:41:00";"402";"Sem vítima";"133,000";"BR-116/SP";"Decrescente";"Engavetamento";1;0;1;0;0;0;0;1;0;0;4;0;0;0;0
"07/10/2024";"12:45:00";"429";"Com vítima";"34,000";"BR-116/SP";"Crescente";"Acidentes de outra natureza";0;0;0;1;0;0;0;0;0;0;0;0;2;0;0
"07/10/2024";"13:03:00";"436";"Sem vítima";"284,000";"BR-116/RJ";"Decrescente";"Colisão traseira";0;0;1;0;0;0;0;0;0;1;4;0;0;0;0
"07/10/2024";"13:48:00";"457";"Sem vítima";"503,000";"BR-101/RJ";"Decrescente";"Acidentes de outra natureza";1;0;0;0;0;0;0;0;0;0;1;0;0;0;0
"07/10/2024";"17:42:00";"587";"Sem vítima";"150,000";"BR-116/SP";"Decrescente";"Engavetamento";0;0;1;0;0;0;0;0;0;0;1;0;0;0;0
"07/10/2024";"18:27:00";"612";"Com vítima";"404,300";"BR-101/RJ";"Crescente";"Atropelamento de pedestre";1;0;0;1;0;0;0;0;0;0;2;2;0;0;0
"08/10/2024";"05:03:00";"82";"Sem vítima";"84,000";"BR-116/SP";"Decrescente";"Capotamento";1;0;0;0;0;0;0;0;0;0;5;0;0;0;0
"08/10/2024";"05:23:00";"93";"Com vítima";"308,500";"BR-116/RJ";"Decrescente";"Colisão traseira";0;0;0;0;1;0;0;1;0;0;3;0;3;0;0
"08/10/2024";"07:49:00";"250";"Sem vítima";"144,000";"BR-116/SP";"Crescente";"Colisão traseira";1;0;0;0;0;0;0;0;0;0;0;0;0;0;0
"08/10/2024";"08:22:00";"288";"Com vítima";"212,000";"BR-116/SP";"Crescente";"Colisão traseira";1;0;0;1;0;0;0;0;0;0;9;3;0;0;0
"08/10/2024";"08:46:00";"316";"Com vítima";"210,950";"BR-116/SP";"Crescente";"Colisão lateral em sentido contrário";1;0;1;1;0;0;0;0;0;0;10;0;2;0;0
"08/10/2024";"08:50:00";"317";"Sem vítima";"266,900";"BR-116/RJ";"Decrescente";"Colisão traseira";0;0;1;0;0;0;0;0;0;0;3;0;0;0;0
"08/10/2024";"09:29:00";"357";"Sem vítima";"157,500";"BR-116/SP";"Decrescente";"Colisão traseira";1;0;0;0;0;0;0;0;0;0;2;0;0;0;0
"08/10/2024";"09:33:00";"361";"Com vítima";"124,800";"BR-116/SP";"Decrescente";"Acidentes de outra natureza";0;0;0;1;0;0;0;0;0;0;0;2;0;0;0