data;horario;n_da_ocorrencia;tipo_de_ocorrencia;km;trecho;sentido;tipo_de_acidente;automovel;bicicleta;caminhao;moto;onibus;outros;tracao_animal;transporte_de_cargas_especiais;trator_maquinas;utilitarios;ilesos;levemente_feridos;moderadamente_feridos;gravemente_feridos;mortos
"08/10/2024";"09:59:00";"376";"Sem vítima";"155,000";"BR-116/SP";"Crescente";"Engavetamento";0;0;1;0;0;0;0;1;0;0;4;0;0;0;0
"08/10/2024";"11:10:00";"421";"Com vítima";"247,300";"BR-116/RJ";"Decrescente";"Choque";1;0;0;0;0;0;0;0;0;0;0;1;0;0;0
"08/10/2024";"11:27:00";"426";"Com vítima";"219,000";"BR-116/SP";"Decrescente";"Colisão traseira";1;0;0;0;0;0;0;0;0;0;3;6;0;0;0
"08/10/2024";"13:02:00";"484";"Sem vítima";"220,000";"BR-116/SP";"Decrescente";"Colisão lateral em sentido contrário";1;0;1;0;0;0;0;0;0;0;9;1;0;0;0
"08/10/2024";"13:16:00";"491";"Sem vítima";"86,850";"BR-116/SP";"Crescente";"Colisão traseira";1;0;0;0;0;0;0;1;0;0;10;0;0;0;0
"08/10/2024";"13:28:00";"498";"Sem vítima";"146,000";"BR-116/SP";"Decrescente";"Colisão lateral em sentido contrário";1;0;0;0;0;0;0;1;0;0;0;0;0;0;0
"08/10/2024";"15:42:00";"579";"Com vítima";"383,000";"BR-101/RJ";"Crescente";"Colisão lateral em sentido contrário";2;0;0;0;0;0;0;0;0;0;1;1;1;0;0
"08/10/2024";"15:50:00";"588";"Sem vítima";"223,000";"BR-116/SP";"Decrescente";"Colisão traseira";1;0;0;0;0;0;0;0;0;0;0;0;0;0;0
"08/10/2024";"16:11:00";"604";"Com vítima";"468,200";"BR-101/RJ";"Decrescente";"Colisão lateral em sentido contrário";0;0;0;1;1;0;0;0;0;0;1;1;0;0;0
"08/10/2024";"16:38:00";"623";"Com vítima";"52,100";"BR-101/SP";"Decrescente";"Atropelamento de pedestre";0;1;0;1;0;0;0;0;0;0;0;1;0;0;0
"08/10/2024";"19:05:00";"704";"Com vítima";"144,700";"BR-116/SP";"Decrescente";"Atropelamento de pedestre";0;0;0;1;0;0;0;0;0;0;0;1;0;1;0
"08/10/2024";"20:23:00";"754";"Com vítima";"188,300";"BR-116/SP";"Decrescente";"Atropelamento de pedestre";0;0;0;0;1;0;0;0;0;0;4;0;0;0;2
"08/10/2024";"23:01:00";"801";"Com vítima";"278,000";"BR-116/RJ";"Decrescente";"Choque";1;0;0;0;0;0;0;0;0;0;0;3;0;0;0
"08/10/2024";"23:31:00";"807";"Sem vítima";"219,300";"BR-116/SP";"Decrescente";"Colisão lateral em sentido contrário";1;0;0;0;0;0;0;1;0;0;6;0;0;0;0
"08/10/2024";"23:49:00";"813";"Com vítima";"99,000";"BR-116/SP";"Decrescente";"Atropelamento de pedestre";0;0;0;0;0;0;0;0;0;0;0;0;0;0;1
"09/10/2024";"05:41:00";"98";"Sem vítima";"224,500";"BR-116/SP";"Crescente";"Colisão traseira";1;0;1;0;0;0;0;0;0;0;4;0;0;0;0
"09/10/2024";"06:49:00";"158";"Com vítima";"474,000";"BR-101/RJ";"Decrescente";"Colisão traseira";1;0;0;1;0;0;0;0;0;0;0;0;3;0;0
"09/10/2024";"07:08:00";"186";"Sem vítima";"480,000";"BR-101/RJ";"Decrescente";"Colisão lateral em sentido contrário";3;0;0;0;0;0;0;0;0;0;6;0;0;0;0
"09/10/2024";"09:02:00";"334";"Com vítima";"14,100";"BR-101/SP";"Decrescente";"Choque";0;0;0;1;0;0;0;0;0;0;0;6;6;0;0
"09/10/2024";"10:14:00";"390";"Sem vítima";"63,800";"BR-116/SP";"Crescente";"Colisão traseira";2;0;0;0;0;0;0;0;0;0;6;0;0;0;0
"09/10/2024";"12:07:00";"445";"Sem vítima";"92,000";"BR-116/SP";"Decrescente";"Colisão traseira";2;0;0;0;0;0;0;0;0;0;6;0;0;0;0
"09/10/2024";"12:28:00";"454";"Com vítima";"308,300";"BR-116/RJ";"Crescente";"Choque";1;0;0;0;0;0;0;0;0;0;0;2;0;0;0
"09/10/2024";"13:04:00";"399";"Sem vítima";"148,300";"BR-116/SP";"Decrescente";"Colisão traseira";1;0;0;0;0;0;0;0;0;0;1;0;0;0;0
"09/10/2024";"13:08:00";"473";"Sem vítima";"158,000";"BR-116/SP";"Crescente";"Colisão traseira";1;0;1;0;0;0;0;0;0;0;2;0;0;0;0
"09/10/2024";"18:52:00";"637";"Sem vítima";"154,000";"BR-116/SP";"Crescente";"Acidentes de outra natureza";1;0;0;0;0;0;0;0;0;0;1;0;0;0;0
"09/10/2024";"20:10:00";"687";"Com vítima";"106,900";"BR-116/SP";"Decrescente";"Choque";0;0;1;1;0;0;0;0;0;0;1;0;2;0;0
"09/10/2024";"20:21:00";"694";"Sem vítima";"485,000";"BR-101/RJ";"Crescente";"Engavetamento";3;0;0;0;0;0;0;0;0;0;7;0;0;0;0
"09/10/2024";"21:44:00";"733";"Sem vítima";"232,800";"BR-116/RJ";"Decrescente";"Choque";0;0;0;0;0;0;0;0;0;1;1;0;0;0;0
"09/10/2024";"22:31:00";"754";"Sem vítima";"221,000";"BR-116/SP";"Decrescente";"Colisão lateral em sentido contrário";1;0;1;0;0;0;0;0;0;0;4;0;0;0;0
"10/10/2024";"00:00:00";"224";"Sem vítima";"144,000";"BR-116/SP";"Decrescente";"Engavetamento";2;0;0;0;0;0;0;0;0;0;2;0;0;0;0
"10/10/2024";"00:00:00";"693";"Sem vítima";"215,000";"BR-116/SP";"Decrescente";"Colisão traseira";1;0;0;0;0;0;0;0;0;0;1;0;0;0;0
"10/10/2024";"04:06:00";"88";"Com vítima";"219,400";"BR-116/SP";"Crescente";"Colisão traseira";1;0;0;1;0;0;0;0;0;0;1;1;0;0;0
"10/10/2024";"04:17:00";"91";"Sem vítima";"144,900";"BR-116/SP";"Crescente";"Colisão traseira";1;0;1;0;0;0;0;0;0;0;2;0;0;0;0
"10/10/2024";"04:49:00";"96";"Sem vítima";"254,000";"BR-116/RJ";"Crescente";"Choque";1;0;0;0;0;0;0;0;0;0;4;0;0;0;0
"10/10/2024";"05:47:00";"117";"Com vítima";"283,000";"BR-116/RJ";"Decrescente";"Capotamento";1;0;0;0;0;0;0;0;0;0;0;0;1;0;0
"10/10/2024";"06:01:00";"128";"Sem vítima";"435,500";"BR-101/RJ";"Decrescente";"Capotamento";1;0;0;0;0;0;0;0;0;0;5;0;0;0;0
"10/10/2024";"07:04:00";"193";"Sem vítima";"233,900";"BR-116/RJ";"Decrescente";"Choque";1;0;0;0;0;0;0;0;0;0;3;0;0;0;0
"10/10/2024";"07:05:00";"196";"Com vítima";"236,600";"BR-116/RJ";"Crescente";"Choque";1;0;0;0;0;0;0;0;0;0;0;4;0;0;0
"10/10/2024";"07:17:00";"211";"Sem vítima";"146,000";"BR-116/SP";"Crescente";"Choque";1;0;1;0;0;0;0;0;0;0;9;0;0;0;0
"10/10/2024";"07:31:00";"219";"Sem vítima";"135,200";"BR-116/SP";"Crescente";"Colisão traseira";1;0;0;0;0;0;0;1;0;0;15;0;0;0;0
"10/10/2024";"07:43:00";"233";"Com vítima";"317,000";"BR-116/RJ";"Decrescente";"Acidentes de outra natureza";0;0;0;1;0;0;0;0;0;0;0;0;4;0;0
"10/10/2024";"09:06:00";"311";"Com vítima";"311,000";"BR-116/RJ";"Decrescente";"Acidentes de outra natureza";0;0;0;1;0;0;0;0;0;0;0;2;0;0;0
"10/10/2024";"09:07:00";"313";"Com vítima";"540,000";"BR-101/RJ";"Crescente";"Colisão lateral em sentido contrário";4;0;0;0;0;0;0;0;0;0;0;5;0;2;0
"10/10/2024";"09:33:00";"335";"Com vítima";"385,000";"BR-101/RJ";"Decrescente";"Colisão lateral em sentido contrário";2;0;0;0;0;0;0;0;0;0;1;0;1;0;0
"10/10/2024";"09:54:00";"351";"Com vítima";"242,000";"BR-116/RJ";"Crescente";"Acidentes de outra natureza";0;0;1;0;0;0;0;0;0;0;0;0;3;0;0
"10/10/2024";"10:08:00";"361";"Sem vítima";"494,300";"BR-101/RJ";"Decrescente";"Choque";1;0;0;0;0;0;0;0;0;0;1;0;0;0;0
"10/10/2024";"10:34:00";"379";"Sem vítima";"234,000";"BR-116/RJ";"Decrescente";"Choque";1;0;0;0;0;0;0;0;0;0;3;0;0;0;0
"10/10/2024";"11:07:00";"400";"Sem vítima";"228,000";"BR-116/RJ";"Decrescente";"Choque";1;0;0;0;0;0;0;0;0;0;1;0;0;0;0
"10/10/2024";"11:19:00";"408";"Sem vítima";"217,600";"BR-116/RJ";"Decrescente";"Choque";0;0;0;0;0;0;0;0;0;1;1;0;0;0;0
"10/10/2024";"13:09:00";"454";"Com vítima";"318,000";"BR-116/RJ";"Crescente";"Colisão traseira";0;0;0;1;0;0;0;0;0;0;0;0;1;0;0
"10/10/2024";"13:23:00";"459";"Sem vítima";"223,000";"BR-116/SP";"Decrescente";"Colisão lateral em sentido contrário";1;0;0;0;0;0;0;1;0;0;4;0;0;0;0
"10/10/2024";"14:33:00";"487";"Com vítima";"133,400";"BR-116/SP";"Crescente";"Acidentes de outra natureza";0;0;0;1;0;0;0;0;0;0;0;4;0;0;0
"10/10/2024";"15:10:00";"505";"Sem vítima";"183,000";"BR-116/SP";"Decrescente";"Choque";0;0;0;0;1;0;0;0;0;0;1;0;0;0;0
"10/10/2024";"16:13:00";"530";"Sem vítima";"116,250";"BR-116/SP";"Crescente";"Colisão traseira";0;0;0;0;0;0;0;0;0;1;0;0;0;0;0
"10/10/2024";"16:21:00";"534";"Sem vítima";"567,000";"BR-101/RJ";"Crescente";"Colisão traseira";2;0;0;0;0;0;0;0;0;0;2;0;0;0;0
"10/10/2024";"19:45:00";"639";"Sem vítima";"281,300";"BR-116/RJ";"Crescente";"Colisão traseira";0;0;2;0;0;0;0;0;0;0;0;0;0;0;0
"10/10/2024";"19:54:00";"646";"Sem vítima";"189,500";"BR-116/SP";"Crescente";"Atropelamento de pedestre";1;0;0;0;0;0;0;0;0;0;2;0;0;0;0
"10/10/2024";"22:43:00";"706";"Sem vítima";"314,000";"BR-116/RJ";"Crescente";"Colisão lateral em sentido contrário";1;0;1;0;0;0;0;0;0;0;2;0;0;0;0
"11/10/2024";"02:09:00";"57";"Sem vítima";"190,800";"BR-116/SP";"Decrescente";"Choque";1;0;0;0;0;0;0;0;0;0;1;0;0;0;0
"11/10/2024";"03:00:00";"66";"Com vítima";"167,100";"BR-116/SP";"Decrescente";"Atropelamento de pedestre";0;1;0;0;1;0;0;0;0;0;164;0;0;0;0
"11/10/2024";"05:24:00";"88";"Sem vítima";"283,800";"BR-116/RJ";"Decrescente";"Colisão traseira";1;0;0;0;0;0;0;0;0;0;6;0;0;0;0
"11/10/2024";"06:12:00";"115";"Sem vítima";"221,000";"BR-116/SP";"Decrescente";"Colisão lateral em sentido contrário";1;0;1;0;0;0;0;0;0;0;6;0;0;0;0
"11/10/2024";"06:22:00";"130";"Com vítima";"145,000";"BR-116/SP";"Decrescente";"Acidentes de outra natureza";0;0;0;1;0;0;0;0;0;0;0;1;0;0;0
"11/10/2024";"07:08:00";"167";"Com vítima";"216,100";"BR-116/SP";"Crescente";"Tombamento";1;0;0;0;0;0;0;0;0;0;0;3;0;0;0
"11/10/2024";"08:01:00";"229";"Sem vítima";"223,500";"BR-116/SP";"Crescente";"Colisão lateral em sentido contrário";1;0;0;1;0;0;0;0;0;0;0;0;0;0;0
"11/10/2024";"08:55:00";"255";"Com vítima";"226,200";"BR-116/SP";"Crescente";"Acidentes de outra natureza";0;0;0;1;0;0;0;0;0;0;0;3;0;0;0
"11/10/2024";"12:43:00";"427";"Sem vítima";"225,000";"BR-116/SP";"Crescente";"Colisão traseira";0;0;1;0;0;0;0;0;0;0;2;0;0;0;0
"11/10/2024";"13:52:00";"459";"Com vítima";"528,000";"BR-101/RJ";"Decrescente";"Capotamento";3;0;0;0;0;0;0;0;0;0;4;1;0;0;0
"11/10/2024";"15:23:00";"522";"Com vítima";"229,100";"BR-116/SP";"Crescente";"Colisão traseira";1;0;0;1;0;0;0;0;0;0;1;1;0;0;0
"11/10/2024";"15:40:00";"537";"Com vítima";"109,000";"BR-116/SP";"Decrescente";"Colisão traseira";0;0;0;1;0;0;0;0;0;0;0;2;0;0;0
"11/10/2024";"15:57:00";"549";"Sem vítima";"155,000";"BR-116/SP";"Crescente";"Engavetamento";2;0;1;0;0;0;0;0;0;0;0;0;0;0;0
"11/10/2024";"17:22:00";"600";"Sem vítima";"86,950";"BR-116/SP";"Crescente";"Colisão lateral em sentido contrário";1;0;1;0;0;0;0;0;0;0;4;0;0;0;0
"11/10/2024";"17:56:00";"617";"Com vítima";"99,300";"BR-116/SP";"Crescente";"Colisão traseira";1;0;0;1;0;0;0;0;0;0;0;0;2;0;0
"11/10/2024";"18:05:00";"625";"Com vítima";"303,700";"BR-116/RJ";"Crescente";"Colisão lateral em sentido contrário";1;0;0;1;0;0;0;0;0;0;1;0;1;1;0
"11/10/2024";"18:15:00";"636";"Com vítima";"67,200";"BR-116/SP";"Crescente";"Acidentes de outra natureza";0;0;0;1;0;0;0;0;0;0;0;0;2;0;0
"11/10/2024";"18:44:00";"655";"Sem vítima";"114,700";"BR-116/SP";"Decrescente";"Colisão traseira";1;0;0;0;0;0;0;0;0;0;1;0;0;0;0
"11/10/2024";"19:06:00";"671";"Sem vítima";"67,200";"BR-116/SP";"Crescente";"Colisão traseira";1;0;0;0;0;0;0;0;0;0;1;0;0;0;0
"11/10/2024";"19:34:00";"686";"Com vítima";"91,900";"BR-116/SP";"Crescente";"Atropelamento de pedestre";0;0;0;0;0;0;0;0;0;0;0;0;2;0;0
"11/10/2024";"20:40:00";"714";"Sem vítima";"485,000";"BR-101/RJ";"Crescente";"Colisão lateral em sentido contrário";2;0;0;0;0;0;0;0;0;0;2;0;0;0;0
"11/10/2024";"21:39:00";"755";"Com vítima";"382,200";"BR-101/RJ";"Crescente";"Colisão traseira";1;0;0;1;0;0;0;0;0;0;4;0;2;0;0
"11/10/2024";"22:03:00";"765";"Com vítima";"583,300";"BR-101/RJ";"Crescente";"Choque";1;0;0;0;0;0;0;0;0;0;7;7;0;0;0
"11/10/2024";"22:49:00";"778";"Sem vítima";"129,900";"BR-116/SP";"Decrescente";"Colisão lateral em sentido contrário";2;0;0;0;0;0;0;0;0;0;6;0;0;0;0
"11/10/2024";"23:29:00";"794";"Com vítima";"221,350";"BR-116/SP";"Decrescente";"Acidentes de outra natureza";0;0;0;1;0;0;0;0;0;0;0;0;1;0;0
"11/10/2024";"23:33:00";"795";"Com vítima";"407,600";"BR-101/RJ";"Decrescente";"Colisão traseira";1;0;0;1;0;0;0;0;0;0;8;0;0;0;4
"11/10/2024";"23:50:00";"806";"Sem vítima";"324,100";"BR-116/RJ";"Decrescente";"Choque";1;0;0;0;0;0;0;0;0;0;2;0;0;0;0
"12/10/2024";"00:00:00";"485";"Com vítima";"33,000";"BR-116/SP";"Decrescente";"Colisão lateral em sentido contrário";1;0;0;1;0;0;0;0;0;0;1;1;2;0;0
"12/10/2024";"00:00:00";"528";"Sem vítima";"399,000";"BR-101/RJ";"Decrescente";"Choque";1;0;0;0;0;0;0;0;0;0;0;0;0;0;0
"12/10/2024";"00:15:00";"40";"Sem vítima";"223,500";"BR-116/SP";"Decrescente";"Choque";1;0;0;0;0;0;0;0;0;0;4;0;0;0;0
"12/10/2024";"00:40:00";"46";"Com vítima";"233,950";"BR-116/RJ";"Decrescente";"Capotamento";1;0;0;0;0;0;0;0;0;0;0;6;0;0;0
"12/10/2024";"01:59:00";"67";"Sem vítima";"112,600";"BR-116/SP";"Decrescente";"Colisão traseira";1;0;0;1;0;0;0;0;0;0;12;0;0;0;0
"12/10/2024";"02:15:00";"73";"Com vítima";"90,200";"BR-116/SP";"Decrescente";"Atropelamento de pedestre";0;0;0;0;0;0;0;0;0;0;0;0;0;0;0
"12/10/2024";"05:19:00";"108";"Com vítima";"116,900";"BR-116/SP";"Decrescente";"Atropelamento de pedestre";1;1;0;0;0;0;0;0;0;0;2;0;0;0;0
"12/10/2024";"07:02:00";"149";"Com vítima";"118,750";"BR-116/SP";"Decrescente";"Colisão traseira";2;0;0;0;0;0;0;0;0;0;12;4;0;0;0
"12/10/2024";"07:28:00";"170";"Com vítima";"117,000";"BR-116/SP";"Decrescente";"Engavetamento";3;0;0;0;1;0;0;0;0;0;27;0;3;0;0
"12/10/2024";"07:55:00";"183";"Sem vítima";"118,000";"BR-116/SP";"Decrescente";"Engavetamento";1;0;0;0;0;0;0;0;0;0;2;0;0;0;0
"12/10/2024";"08:12:00";"191";"Sem vítima";"117,000";"BR-116/SP";"Decrescente";"Colisão traseira";2;0;0;0;0;0;0;0;0;0;0;0;0;0;0
"12/10/2024";"08:25:00";"196";"Sem vítima";"5,600";"BR-116/SP";"Crescente";"Colisão traseira";1;0;0;0;1;0;0;0;0;0;132;0;0;0;0
"12/10/2024";"11:05:00";"281";"Com vítima";"83,600";"BR-116/SP";"Crescente";"Colisão traseira";1;0;0;1;0;0;0;0;0;0;1;2;0;0;0
"12/10/2024";"12:36:00";"302";"Sem vítima";"155,600";"BR-116/SP";"Crescente";"Engavetamento";3;0;0;0;0;0;0;0;0;0;10;0;0;0;0
"12/10/2024";"13:22:00";"366";"Sem vítima";"101,050";"BR-116/SP";"Crescente";"Colisão traseira";1;0;0;0;0;0;0;0;0;0;3;0;0;0;0
"12/10/2024";"15:49:00";"442";"Com vítima";"576,000";"BR-101/RJ";"Decrescente";"Colisão frontal";1;0;0;1;0;0;0;0;0;0;1;1;0;0;0
"12/10/2024";"18:10:00";"504";"Com vítima";"318,300";"BR-116/RJ";"Decrescente";"Colisão lateral em sentido contrário";1;0;0;1;0;0;0;0;0;0;3;1;0;0;0
"12/10/2024";"19:17:00";"530";"Sem vítima";"47,800";"BR-101/SP";"Decrescente";"Colisão traseira";1;0;0;0;0;1;0;0;0;1;2;0;0;0;0
"13/10/2024";"00:00:00";"42";"Com vítima";"57,200";"BR-116/SP";"Crescente";"Colisão lateral em sentido contrário";2;0;0;0;0;0;0;0;0;0;5;15;5;10;0
"13/10/2024";"00:00:00";"487";"Sem vítima";"15,300";"BR-101/SP";"Decrescente";"Choque";0;0;0;0;0;0;0;0;0;1;3;0;0;0;0
"13/10/2024";"00:39:00";"40";"Com vítima";"269,000";"BR-116/RJ";"Crescente";"Colisão traseira";1;0;0;0;0;0;0;0;0;0;9;3;0;0;0
"13/10/2024";"01:34:00";"49";"Sem vítima";"2,600";"BR-116/SP";"Crescente";"Atropelamento de pedestre";0;0;0;0;2;0;0;0;0;0;80;0;0;0;0
"13/10/2024";"02:07:00";"52";"Com vítima";"226,800";"BR-116/SP";"Crescente";"Acidentes de outra natureza";0;0;0;1;0;0;0;0;0;0;0;3;0;0;0
"13/10/2024";"02:50:00";"56";"Sem vítima";"438,000";"BR-101/RJ";"Crescente";"Atropelamento de pedestre";1;0;0;0;0;0;0;0;0;0;1;0;0;0;0
"13/10/2024";"04:23:00";"70";"Com vítima";"469,000";"BR-101/RJ";"Decrescente";"Acidentes de outra natureza";0;0;0;1;0;0;0;0;0;0;0;0;0;8;0
"13/10/2024";"06:53:00";"118";"Com vítima";"320,350";"BR-116/RJ";"Crescente";"Choque";1;0;0;0;0;0;0;0;0;0;0;0;7;0;0
"13/10/2024";"07:32:00";"132";"Com vítima";"309,000";"BR-116/RJ";"Decrescente";"Colisão traseira";2;0;0;0;0;0;0;0;0;0;6;2;0;0;0
"13/10/2024";"08:25:00";"156";"Com vítima";"51,600";"BR-101/SP";"Crescente";"Atropelamento de pedestre";1;1;0;0;0;0;0;0;0;0;6;0;0;0;0
"13/10/2024";"09:05:00";"174";"Com vítima";"48,100";"BR-101/SP";"Crescente";"Atropelamento de pedestre";1;1;0;0;0;0;0;0;0;0;16;0;0;0;0
"13/10/2024";"11:04:00";"211";"Com vítima";"214,100";"BR-116/SP";"Decrescente";"Acidentes de outra natureza";0;0;0;1;0;0;0;0;0;0;0;4;0;0;0
"13/10/2024";"14:58:00";"294";"Com vítima";"196,200";"BR-116/SP";"Crescente";"Atropelamento de pedestre";1;0;0;0;0;0;0;0;0;0;8;2;0;0;0
"13/10/2024";"15:40:00";"308";"Sem vítima";"404,000";"BR-101/RJ";"Decrescente";"Colisão traseira";2;0;0;0;0;0;0;0;0;0;2;0;0;0;0
"13/10/2024";"15:40:00";"309";"Com vítima";"22,100";"BR-116/SP";"Crescente";"Acidentes de outra natureza";0;0;0;1;0;0;0;0;0;0;0;1;1;0;0
"13/10/2024";"15:43:00";"311";"Com vítima";"227,000";"BR-116/SP";"Crescente";"Acidentes de outra natureza";0;0;0;1;0;0;0;0;0;0;0;0;6;0;0
"13/10/2024";"15:43:00";"312";"Com vítima";"19,400";"BR-101/SP";"Crescente";"Colisão transversal";2;0;0;0;0;0;0;0;0;0;6;4;0;0;0
"13/10/2024";"16:27:00";"338";"Sem vítima";"259,500";"BR-116/RJ";"Decrescente";"Colisão lateral em sentido contrário";1;0;1;0;0;0;0;0;0;0;2;0;0;0;0
"13/10/2024";"17:27:00";"365";"Sem vítima";"399,000";"BR-101/RJ";"Decrescente";"Engavetamento";1;0;0;0;0;0;0;0;0;0;3;0;0;0;0
"13/10/2024";"18:05:00";"381";"Com vítima";"71,000";"BR-116/SP";"Decrescente";"Acidentes de outra natureza";0;0;0;1;0;0;0;0;0;0;2;2;0;0;0
"13/10/2024";"18:55:00";"409";"Com vítima";"225,500";"BR-116/SP";"Crescente";"Colisão lateral em sentido contrário";0;0;0;1;0;0;0;0;0;0;0;2;0;0;0
"13/10/2024";"19:52:00";"432";"Sem vítima";"574,000";"BR-101/RJ";"Decrescente";"Atropelamento de pedestre";1;0;0;0;0;0;0;0;0;1;2;0;0;0;0
"13/10/2024";"21:36:00";"472";"Com vítima";"228,670";"BR-116/SP";"Crescente";"Choque";0;0;0;1;0;0;0;0;0;0;0;1;0;0;0
"13/10/2024";"22:04:00";"481";"Com vítima";"495,000";"BR-101/RJ";"Crescente";"Choque";1;0;0;0;0;0;0;0;0;0;0;1;0;0;0
"13/10/2024";"22:31:00";"486";"Sem vítima";"227,500";"BR-116/RJ";"Crescente";"Choque";1;0;0;0;0;0;0;0;0;0;3;0;0;0;0
"14/10/2024";"00:00:00";"525";"Sem vítima";"225,800";"BR-116/SP";"Crescente";"Engavetamento";2;0;0;0;0;0;0;1;0;0;21;0;0;0;0
"14/10/2024";"00:00:00";"553";"Com vítima";"149,000";"BR-116/SP";"Crescente";"Atropelamento de pedestre";1;1;0;0;0;0;0;0;0;0;1;0;0;0;0
"14/10/2024";"00:00:00";"727";"Sem vítima";"442,800";"BR-101/RJ";"Decrescente";"Choque";1;0;0;0;0;0;0;0;0;0;3;0;0;0;0
"14/10/2024";"01:11:00";"44";"Sem vítima";"224,800";"BR-116/RJ";"Crescente";"Atropelamento de pedestre";1;0;0;0;0;0;0;0;0;0;0;0;0;0;0
"14/10/2024";"03:37:00";"65";"Sem vítima";"37,800";"BR-116/SP";"Decrescente";"Choque";1;0;0;0;0;0;0;0;0;0;4;0;0;0;0
"14/10/2024";"05:21:00";"90";"Sem vítima";"277,000";"BR-116/RJ";"Decrescente";"Colisão lateral em sentido contrário";1;0;0;0;0;0;0;0;0;0;3;0;0;0;0
"14/10/2024";"06:23:00";"131";"Com vítima";"529,000";"BR-101/RJ";"Crescente";"Capotamento";1;0;0;0;0;0;0;0;0;0;0;3;0;0;0
"14/10/2024";"07:12:00";"188";"Com vítima";"217,000";"BR-116/SP";"Crescente";"Colisão lateral em sentido contrário";1;0;0;1;0;0;0;0;0;0;1;2;0;0;0
"14/10/2024";"07:34:00";"206";"Sem vítima";"575,000";"BR-101/RJ";"Decrescente";"Choque";1;0;0;0;0;0;0;0;0;0;5;0;0;0;0
"14/10/2024";"07:57:00";"232";"Com vítima";"218,000";"BR-116/SP";"Crescente";"Colisão lateral em sentido contrário";0;0;1;1;0;0;0;0;0;0;6;3;0;0;0
"14/10/2024";"08:17:00";"251";"Com vítima";"34,000";"BR-116/SP";"Decrescente";"Acidentes de outra natureza";0;0;0;1;0;0;0;0;0;0;0;0;4;0;0
"14/10/2024";"11:22:00";"386";"Sem vítima";"124,700";"BR-116/SP";"Decrescente";"Choque";1;0;0;0;0;0;0;0;0;0;10;0;0;0;0
"14/10/2024";"11:44:00";"398";"Com vítima";"102,900";"BR-116/SP";"Crescente";"Engavetamento";3;0;0;0;0;0;0;0;0;0;12;2;0;0;0
"14/10/2024";"12:09:00";"407";"Sem vítima";"38,600";"BR-116/SP";"Decrescente";"Acidentes de outra natureza";0;0;0;1;0;0;0;0;0;0;4;0;0;0;0
"14/10/2024";"13:43:00";"472";"Sem vítima";"221,800";"BR-116/RJ";"Decrescente";"Colisão lateral em sentido contrário";1;0;1;0;0;0;0;0;0;0;5;0;0;0;0
"14/10/2024";"14:38:00";"497";"Com vítima";"294,000";"BR-116/RJ";"Decrescente";"Colisão lateral em sentido contrário";1;0;1;0;0;0;0;0;0;0;3;2;0;0;0
"14/10/2024";"15:22:00";"517";"Com vítima";"106,300";"BR-116/SP";"Crescente";"Engavetamento";3;0;0;0;0;0;0;0;0;0;10;1;0;0;0
"14/10/2024";"15:51:00";"535";"Sem vítima";"59,000";"BR-116/SP";"Crescente";"Colisão traseira";1;0;0;1;0;0;0;0;0;0;4;0;0;0;0
"14/10/2024";"18:37:00";"620";"Com vítima";"226,200";"BR-116/SP";"Crescente";"Colisão traseira";0;0;0;1;0;0;0;0;0;0;0;1;0;0;0
"14/10/2024";"19:49:00";"663";"Com vítima";"412,000";"BR-101/RJ";"Crescente";"Colisão traseira";2;0;0;0;0;0;0;0;0;0;18;2;0;0;0
"14/10/2024";"20:55:00";"703";"Com vítima";"64,500";"BR-116/SP";"Crescente";"Capotamento";1;0;0;0;0;0;0;0;0;0;2;2;4;0;0
"14/10/2024";"21:27:00";"713";"Sem vítima";"71,000";"BR-116/SP";"Decrescente";"Atropelamento de pedestre";0;0;0;0;0;0;0;1;0;0;0;0;0;0;0
"14/10/2024";"23:04:00";"743";"Com vítima";"253,300";"BR-116/RJ";"Crescente";"Colisão traseira";0;0;0;0;0;0;0;2;0;0;0;3;0;0;0
"14/10/2024";"23:13:00";"734";"Sem vítima";"497,000";"BR-101/RJ";"Decrescente";"Atropelamento de pedestre";1;0;0;0;0;0;0;0;0;0;0;0;0;0;0
"14/10/2024";"23:59:00";"747";"Com vítima";"232,000";"BR-116/RJ";"Decrescente";"Acidentes de outra natureza";0;0;0;0;0;2;0;1;0;0;0;0;0;0;1
"15/10/2024";"00:00:00";"459";"Com vítima";"80,000";"BR-116/SP";"Crescente";"Colisão traseira";1;0;0;1;0;0;0;0;0;0;6;2;0;0;0
"15/10/2024";"05:06:00";"77";"Com vítima";"139,000";"BR-116/SP";"Decrescente";"Colisão lateral em sentido contrário";0;0;1;1;0;0;0;0;0;0;6;3;0;0;0
"15/10/2024";"05:27:00";"86";"Com vítima";"84,500";"BR-116/SP";"Decrescente";"Colisão lateral em sentido contrário";0;0;1;0;1;0;0;0;0;0;1;0;0;1;0