data;horario;n_da_ocorrencia;tipo_de_ocorrencia;km;trecho;sentido;tipo_de_acidente;automovel;bicicleta;caminhao;moto;onibus;outros;tracao_animal;transporte_de_cargas_especiais;trator_maquinas;utilitarios;ilesos;levemente_feridos;moderadamente_feridos;gravemente_feridos;mortos
"15/10/2024";"07:44:00";"199";"Com vítima";"278,800";"BR-116/RJ";"Crescente";"Tombamento";0;0;1;0;0;0;0;0;0;0;3;3;0;0;0
"15/10/2024";"08:55:00";"284";"Sem vítima";"140,200";"BR-116/SP";"Crescente";"Colisão traseira";1;0;0;0;0;0;0;0;0;0;4;0;0;0;0
"15/10/2024";"09:25:00";"309";"Sem vítima";"139,000";"BR-116/SP";"Crescente";"Colisão traseira";2;0;0;0;0;0;0;0;0;0;14;0;0;0;0
"15/10/2024";"10:27:00";"336";"Sem vítima";"96,850";"BR-116/SP";"Decrescente";"Engavetamento";3;0;0;0;0;0;0;0;0;0;50;0;0;0;0
"15/10/2024";"12:08:00";"400";"Com vítima";"414,000";"BR-101/RJ";"Crescente";"Acidentes de outra natureza";0;0;0;1;0;0;0;0;0;0;0;2;0;0;0
"15/10/2024";"13:07:00";"418";"Com vítima";"480,000";"BR-101/RJ";"Crescente";"Engavetamento";1;0;0;1;0;0;0;0;0;0;2;2;0;0;0
"15/10/2024";"13:13:00";"421";"Com vítima";"216,500";"BR-116/SP";"Decrescente";"Colisão traseira";0;0;0;1;0;0;0;0;0;0;0;3;0;0;0
"15/10/2024";"13:49:00";"439";"Com vítima";"130,200";"BR-116/SP";"Crescente";"Acidentes de outra natureza";0;0;0;1;0;0;0;0;0;0;0;6;4;0;0
"15/10/2024";"14:18:00";"453";"Sem vítima";"146,500";"BR-116/SP";"Crescente";"Colisão traseira";2;0;0;0;0;0;0;0;0;0;2;0;0;0;0
"15/10/2024";"14:35:00";"462";"Sem vítima";"569,000";"BR-101/RJ";"Decrescente";"Choque";1;0;0;0;0;0;0;0;0;0;1;0;0;0;0
"15/10/2024";"14:35:00";"464";"Sem vítima";"262,600";"BR-116/RJ";"Crescente";"Colisão traseira";0;0;2;0;0;0;0;0;0;0;2;0;0;0;0
"15/10/2024";"15:14:00";"478";"Sem vítima";"311,450";"BR-116/RJ";"Crescente";"Choque";1;0;1;0;0;0;0;0;0;0;3;0;0;0;0
"15/10/2024";"15:42:00";"493";"Com vítima";"52,200";"BR-116/SP";"Decrescente";"Colisão traseira";1;0;0;0;0;0;0;0;0;0;2;0;2;0;0
"15/10/2024";"15:47:00";"495";"Sem vítima";"109,000";"BR-116/SP";"Decrescente";"Colisão traseira";0;0;0;0;0;0;0;1;0;0;1;0;0;0;0
"15/10/2024";"16:27:00";"515";"Com vítima";"249,300";"BR-116/RJ";"Crescente";"Engavetamento";2;0;2;0;0;0;0;0;0;0;10;0;4;0;0
"15/10/2024";"16:43:00";"521";"Com vítima";"201,100";"BR-116/SP";"Crescente";"Acidentes de outra natureza";0;0;0;1;0;0;0;0;0;0;0;2;0;0;0
"15/10/2024";"16:50:00";"526";"Sem vítima";"154,950";"BR-116/SP";"Crescente";"Engavetamento";3;0;0;0;0;0;0;0;0;0;36;0;0;0;0
"15/10/2024";"17:09:00";"538";"Sem vítima";"19,800";"BR-116/SP";"Decrescente";"Engavetamento";1;0;1;0;0;0;0;1;0;0;6;0;0;0;0
"15/10/2024";"18:07:00";"567";"Sem vítima";"110,700";"BR-116/SP";"Decrescente";"Colisão traseira";1;0;1;0;0;0;0;0;0;0;8;0;0;0;0
"15/10/2024";"18:31:00";"576";"Com vítima";"32,750";"BR-101/SP";"Crescente";"Acidentes de outra natureza";0;0;0;1;0;0;0;0;0;0;0;4;0;0;0
"15/10/2024";"19:04:00";"597";"Com vítima";"224,350";"BR-116/SP";"Decrescente";"Colisão lateral em sentido contrário";1;0;0;1;0;0;0;0;0;0;1;1;0;0;0
"15/10/2024";"19:15:00";"602";"Sem vítima";"223,500";"BR-116/SP";"Crescente";"Colisão traseira";2;0;0;0;0;0;0;0;0;0;2;0;0;0;0
"15/10/2024";"19:55:00";"619";"Sem vítima";"217,000";"BR-116/RJ";"Decrescente";"Colisão lateral em sentido contrário";1;0;1;0;0;0;0;0;0;0;2;0;0;0;0
"15/10/2024";"19:57:00";"620";"Com vítima";"411,100";"BR-101/RJ";"Decrescente";"Colisão traseira";0;0;0;1;0;0;0;0;0;0;0;1;0;0;0
"15/10/2024";"23:08:00";"710";"Sem vítima";"559,800";"BR-101/RJ";"Crescente";"Colisão traseira";1;0;0;0;0;0;0;0;0;0;15;0;0;0;0
"16/10/2024";"00:00:00";"527";"Com vítima";"245,100";"BR-116/RJ";"Decrescente";"Colisão lateral em sentido contrário";1;0;1;0;0;0;0;0;0;0;0;3;1;0;0
"16/10/2024";"05:52:00";"108";"Com vítima";"154,950";"BR-116/SP";"Decrescente";"Colisão lateral em sentido contrário";0;0;1;2;0;0;0;0;0;0;6;6;0;0;6
"16/10/2024";"06:26:00";"138";"Com vítima";"225,200";"BR-116/SP";"Crescente";"Colisão traseira";0;0;0;1;0;0;0;0;0;0;0;3;0;0;0
"16/10/2024";"07:35:00";"214";"Sem vítima";"233,600";"BR-116/RJ";"Decrescente";"Colisão traseira";1;0;0;1;0;0;0;0;0;0;2;0;0;0;0
"16/10/2024";"09:02:00";"310";"Sem vítima";"158,000";"BR-116/SP";"Decrescente";"Colisão traseira";1;0;1;0;0;0;0;0;0;0;2;0;0;0;0
"16/10/2024";"09:47:00";"340";"Com vítima";"489,000";"BR-101/RJ";"Decrescente";"Acidentes de outra natureza";0;0;0;1;0;0;0;0;0;0;0;1;0;0;0
"16/10/2024";"10:15:00";"364";"Sem vítima";"307,000";"BR-116/RJ";"Crescente";"Colisão traseira";0;0;2;0;0;0;0;0;0;0;2;0;0;0;0
"16/10/2024";"10:46:00";"376";"Com vítima";"433,000";"BR-101/RJ";"Decrescente";"Colisão frontal";2;0;1;1;0;0;0;0;0;1;0;4;2;4;1
"16/10/2024";"13:32:00";"469";"Com vítima";"70,350";"BR-116/SP";"Crescente";"Acidentes de outra natureza";0;0;0;1;0;0;0;0;0;0;0;4;0;0;0
"16/10/2024";"14:31:00";"489";"Sem vítima";"38,000";"BR-116/SP";"Crescente";"Choque";0;0;1;0;0;0;0;0;0;0;2;0;0;0;0
"16/10/2024";"14:45:00";"495";"Sem vítima";"36,000";"BR-116/SP";"Crescente";"Colisão traseira";2;0;0;0;0;0;0;0;0;0;8;0;0;0;0
"16/10/2024";"14:59:00";"500";"Sem vítima";"37,000";"BR-116/SP";"Crescente";"Choque";0;0;1;0;0;0;0;0;0;0;3;0;0;0;0
"16/10/2024";"15:02:00";"501";"Sem vítima";"157,550";"BR-116/SP";"Decrescente";"Colisão lateral em sentido contrário";1;0;0;0;1;0;0;0;0;0;4;0;0;0;0
"16/10/2024";"15:04:00";"504";"Com vítima";"476,000";"BR-101/RJ";"Decrescente";"Acidentes de outra natureza";0;0;0;1;0;0;0;0;0;0;0;0;1;1;0
"16/10/2024";"16:32:00";"535";"Sem vítima";"58,000";"BR-116/SP";"Decrescente";"Choque";1;0;0;0;0;0;0;0;0;0;2;0;0;0;0
"16/10/2024";"16:37:00";"540";"Com vítima";"399,000";"BR-101/RJ";"Decrescente";"Colisão lateral em sentido contrário";1;0;0;1;0;0;0;0;0;0;1;1;0;0;0
"16/10/2024";"18:13:00";"589";"Com vítima";"406,000";"BR-101/RJ";"Crescente";"Acidentes de outra natureza";0;0;0;1;0;0;0;0;0;0;0;1;0;0;0
"16/10/2024";"18:36:00";"604";"Sem vítima";"106,300";"BR-116/SP";"Crescente";"Colisão traseira";1;0;0;0;0;0;0;0;0;0;1;0;0;0;0
"16/10/2024";"18:37:00";"605";"Sem vítima";"106,300";"BR-116/SP";"Crescente";"Colisão lateral em sentido contrário";1;0;1;0;0;1;0;0;0;0;4;0;0;0;0
"16/10/2024";"19:05:00";"617";"Com vítima";"224,500";"BR-116/SP";"Crescente";"Colisão lateral em sentido contrário";1;0;0;1;0;0;0;0;0;0;1;1;0;0;0
"16/10/2024";"19:10:00";"618";"Com vítima";"147,700";"BR-116/SP";"Decrescente";"Colisão traseira";1;0;0;1;0;0;0;0;0;0;1;1;0;0;0
"16/10/2024";"19:16:00";"621";"Com vítima";"217,400";"BR-116/SP";"Decrescente";"Colisão traseira";1;0;0;1;0;0;0;0;0;0;1;1;0;0;0
"16/10/2024";"19:34:00";"633";"Com vítima";"487,100";"BR-101/RJ";"Decrescente";"Colisão traseira";1;0;0;1;0;0;0;0;0;0;1;1;0;0;0
"16/10/2024";"19:52:00";"643";"Sem vítima";"294,600";"BR-116/RJ";"Crescente";"Choque";1;0;0;0;0;0;0;0;0;0;1;0;0;0;0
"16/10/2024";"21:24:00";"690";"Com vítima";"231,500";"BR-116/RJ";"Decrescente";"Acidentes de outra natureza";0;0;0;0;0;0;0;1;0;0;0;0;3;3;0
"16/10/2024";"21:59:00";"700";"Com vítima";"226,700";"BR-116/SP";"Decrescente";"Acidentes de outra natureza";0;0;0;1;0;0;0;0;0;0;0;1;0;0;0
"17/10/2024";"00:30:00";"39";"Com vítima";"201,000";"BR-116/SP";"Crescente";"Tombamento";0;0;1;0;0;0;0;0;0;0;0;1;0;0;0
"17/10/2024";"04:14:00";"75";"Com vítima";"196,400";"BR-116/SP";"Decrescente";"Colisão traseira";1;0;1;0;0;0;0;0;0;0;1;1;0;0;0
"17/10/2024";"06:54:00";"178";"Sem vítima";"229,300";"BR-116/RJ";"Decrescente";"Colisão traseira";0;0;2;0;0;0;0;0;0;0;4;0;0;0;0
"17/10/2024";"07:37:00";"222";"Com vítima";"216,000";"BR-116/SP";"Decrescente";"Colisão traseira";0;0;0;1;0;0;0;0;0;1;2;0;2;0;0
"17/10/2024";"07:47:00";"229";"Com vítima";"211,500";"BR-116/SP";"Crescente";"Colisão lateral em sentido contrário";0;0;0;2;0;0;0;0;0;0;3;3;0;0;0
"17/10/2024";"08:46:00";"295";"Sem vítima";"113,300";"BR-116/SP";"Decrescente";"Colisão traseira";1;0;1;0;0;0;0;0;0;0;5;0;0;0;0
"17/10/2024";"08:51:00";"302";"Sem vítima";"169,000";"BR-116/SP";"Crescente";"Engavetamento";0;0;0;0;0;0;0;2;0;1;6;0;0;0;0
"17/10/2024";"10:38:00";"382";"Sem vítima";"29,200";"BR-116/SP";"Crescente";"Colisão traseira";2;0;0;0;0;0;0;0;0;0;6;0;0;0;0
"17/10/2024";"10:51:00";"389";"Sem vítima";"30,300";"BR-116/SP";"Crescente";"Colisão lateral em sentido contrário";1;0;0;0;0;0;0;1;0;0;5;0;0;0;0
"17/10/2024";"11:03:00";"397";"Sem vítima";"536,000";"BR-101/RJ";"Crescente";"Colisão frontal";2;0;0;0;0;0;0;0;0;0;2;0;0;0;0
"17/10/2024";"12:22:00";"421";"Com vítima";"126,600";"BR-116/SP";"Decrescente";"Acidentes de outra natureza";0;0;0;1;1;0;0;0;0;0;44;2;0;0;0
"17/10/2024";"14:09:00";"498";"Sem vítima";"295,200";"BR-116/RJ";"Decrescente";"Choque";0;0;1;0;0;0;0;0;0;0;1;0;0;0;0
"17/10/2024";"14:10:00";"501";"Sem vítima";"120,700";"BR-116/SP";"Crescente";"Engavetamento";3;0;0;0;0;0;0;0;0;0;4;0;0;0;0
"17/10/2024";"14:52:00";"526";"Sem vítima";"226,000";"BR-116/SP";"Crescente";"Colisão traseira";1;0;1;0;0;0;0;0;0;0;2;0;0;0;0
"17/10/2024";"17:41:00";"624";"Com vítima";"154,000";"BR-116/SP";"Crescente";"Acidentes de outra natureza";0;0;0;1;0;0;0;0;0;0;0;1;0;0;0
"17/10/2024";"18:27:00";"647";"Com vítima";"226,500";"BR-116/SP";"Decrescente";"Colisão lateral em sentido contrário";1;0;0;1;0;0;0;0;0;0;4;0;0;4;0
"17/10/2024";"19:26:00";"684";"Com vítima";"217,450";"BR-116/SP";"Crescente";"Colisão lateral em sentido contrário";0;0;0;2;0;0;0;0;0;0;2;4;0;0;0
"17/10/2024";"19:46:00";"697";"Sem vítima";"213,300";"BR-116/SP";"Crescente";"Choque";1;0;0;0;0;0;0;0;0;0;4;0;0;0;0
"17/10/2024";"20:30:00";"722";"Com vítima";"223,400";"BR-116/SP";"Decrescente";"Capotamento";1;0;0;1;0;0;0;0;0;0;0;4;0;2;0
"17/10/2024";"21:43:00";"767";"Com vítima";"54,500";"BR-116/SP";"Crescente";"Colisão traseira";1;0;0;1;0;0;0;0;0;0;4;0;1;0;0
"17/10/2024";"22:00:00";"772";"Com vítima";"221,300";"BR-116/SP";"Crescente";"Atropelamento de pedestre";1;0;0;0;0;0;0;0;0;1;54;6;0;0;0
"17/10/2024";"22:47:00";"786";"Com vítima";"96,900";"BR-116/SP";"Crescente";"Choque";1;0;0;0;0;0;0;0;0;0;0;1;0;0;0
"17/10/2024";"23:16:00";"796";"Com vítima";"113,800";"BR-116/SP";"Crescente";"Engavetamento";1;0;2;0;0;0;0;0;0;0;12;6;0;0;0
"18/10/2024";"00:00:00";"666";"Sem vítima";"112,700";"BR-116/SP";"Decrescente";"Engavetamento";2;0;0;0;0;0;0;0;0;0;2;0;0;0;0
"18/10/2024";"04:33:00";"72";"Com vítima";"229,900";"BR-116/SP";"Decrescente";"Tombamento";0;0;0;0;0;0;0;1;0;0;0;3;0;0;0
"18/10/2024";"06:02:00";"114";"Com vítima";"228,000";"BR-116/SP";"Crescente";"Acidentes de outra natureza";1;0;0;1;0;0;0;0;0;0;2;2;0;0;0
"18/10/2024";"07:30:00";"228";"Sem vítima";"86,950";"BR-116/SP";"Crescente";"Colisão traseira";0;0;1;0;0;0;0;1;0;0;6;0;0;0;0
"18/10/2024";"07:34:00";"231";"Sem vítima";"307,000";"BR-116/RJ";"Decrescente";"Colisão traseira";0;0;0;0;0;0;0;1;0;0;1;0;0;0;0
"18/10/2024";"07:47:00";"243";"Com vítima";"224,000";"BR-116/SP";"Crescente";"Acidentes de outra natureza";0;0;0;1;0;0;0;0;0;0;0;1;0;0;0
"18/10/2024";"08:58:00";"322";"Com vítima";"158,000";"BR-116/SP";"Crescente";"Acidentes de outra natureza";0;0;0;1;0;0;0;0;0;0;0;5;5;0;0
"18/10/2024";"09:31:00";"350";"Com vítima";"223,000";"BR-116/SP";"Crescente";"Colisão lateral em sentido contrário";1;0;0;1;0;0;0;0;0;0;4;2;0;0;0
"18/10/2024";"09:51:00";"370";"Sem vítima";"324,900";"BR-116/RJ";"Decrescente";"Colisão traseira";1;0;0;0;0;1;0;0;0;0;2;0;0;0;0
"18/10/2024";"12:58:00";"461";"Sem vítima";"182,300";"BR-116/SP";"Decrescente";"Colisão lateral em sentido contrário";0;0;0;0;0;0;0;2;0;0;0;0;0;0;0
"18/10/2024";"13:45:00";"494";"Sem vítima";"482,100";"BR-101/RJ";"Crescente";"Colisão transversal";2;0;0;0;0;0;0;0;0;0;10;0;0;0;0
"18/10/2024";"15:03:00";"527";"Sem vítima";"23,400";"BR-116/SP";"Crescente";"Colisão transversal";1;0;1;0;0;0;0;0;0;0;15;0;0;0;0
"18/10/2024";"17:13:00";"600";"Com vítima";"227,300";"BR-116/SP";"Decrescente";"Colisão traseira";1;0;0;1;0;0;0;0;0;0;3;0;1;0;0
"18/10/2024";"17:32:00";"611";"Com vítima";"280,000";"BR-116/RJ";"Decrescente";"Colisão lateral em sentido contrário";1;0;1;0;0;0;0;0;0;0;0;9;3;0;0
"18/10/2024";"17:42:00";"620";"Sem vítima";"186,800";"BR-116/SP";"Crescente";"Choque";0;0;1;0;0;0;0;0;0;0;1;0;0;0;0
"18/10/2024";"18:10:00";"634";"Com vítima";"284,500";"BR-116/RJ";"Decrescente";"Colisão traseira";1;0;0;1;0;0;0;0;0;0;1;1;0;0;0
"18/10/2024";"18:47:00";"664";"Com vítima";"115,400";"BR-116/SP";"Decrescente";"Acidentes de outra natureza";0;0;0;1;0;0;0;0;0;0;0;0;1;0;0
"18/10/2024";"19:01:00";"675";"Com vítima";"590,900";"BR-101/RJ";"Crescente";"Acidentes de outra natureza";0;0;0;1;0;0;0;0;0;0;0;1;0;0;0
"18/10/2024";"19:32:00";"699";"Com vítima";"289,300";"BR-116/RJ";"Decrescente";"Colisão traseira";0;0;0;0;0;0;0;0;0;2;3;1;0;0;0
"18/10/2024";"19:45:00";"706";"Sem vítima";"19,500";"BR-116/SP";"Decrescente";"Acidentes de outra natureza";0;0;0;1;0;0;0;0;0;0;2;0;0;0;0
"18/10/2024";"19:54:00";"710";"Com vítima";"225,500";"BR-116/RJ";"Decrescente";"Tombamento";0;0;0;0;0;1;0;1;0;0;0;0;1;0;0
"18/10/2024";"20:21:00";"726";"Com vítima";"442,000";"BR-101/RJ";"Crescente";"Choque";1;0;0;0;0;0;0;0;0;0;0;3;0;0;0
"18/10/2024";"21:03:00";"748";"Sem vítima";"227,500";"BR-116/SP";"Crescente";"Choque";0;0;1;0;0;0;0;0;0;0;1;0;0;0;0
"18/10/2024";"23:19:00";"810";"Com vítima";"227,700";"BR-116/SP";"Crescente";"Choque";0;0;1;0;0;0;0;0;0;0;0;1;0;0;0
"19/10/2024";"00:00:00";"110";"Com vítima";"100,100";"BR-116/SP";"Decrescente";"Colisão traseira";1;0;0;0;0;0;0;0;0;0;0;0;2;0;0
"19/10/2024";"00:31:00";"41";"Sem vítima";"322,200";"BR-116/RJ";"Crescente";"Acidentes de outra natureza";0;0;0;1;0;0;0;0;0;0;3;0;0;0;0
"19/10/2024";"01:25:00";"55";"Sem vítima";"218,000";"BR-116/SP";"Decrescente";"Colisão traseira";0;0;0;0;1;0;0;0;0;0;28;0;0;0;0
"19/10/2024";"03:41:00";"80";"Sem vítima";"473,000";"BR-101/RJ";"Crescente";"Acidentes de outra natureza";0;0;0;1;0;0;0;0;0;0;1;0;0;0;0
"19/10/2024";"03:45:00";"81";"Sem vítima";"217,300";"BR-116/SP";"Decrescente";"Choque";1;0;0;0;0;0;0;0;0;0;2;0;0;0;0
"19/10/2024";"04:23:00";"86";"Sem vítima";"38,200";"BR-116/SP";"Decrescente";"Choque";0;0;0;0;0;0;0;1;0;0;0;0;0;0;0
"19/10/2024";"05:10:00";"97";"Sem vítima";"234,000";"BR-116/RJ";"Decrescente";"Choque";0;0;1;0;0;0;0;0;0;0;2;0;0;0;0
"19/10/2024";"06:41:00";"132";"Com vítima";"451,700";"BR-101/RJ";"Crescente";"Colisão traseira";2;0;0;0;0;0;0;0;0;0;1;1;0;0;0
"19/10/2024";"07:19:00";"166";"Com vítima";"48,000";"BR-116/SP";"Decrescente";"Colisão traseira";2;0;0;0;0;0;0;0;0;0;4;0;8;0;0
"19/10/2024";"07:28:00";"171";"Com vítima";"540,000";"BR-101/RJ";"Crescente";"Colisão frontal";1;0;1;0;0;0;0;0;0;0;2;0;2;0;4
"19/10/2024";"07:45:00";"181";"Com vítima";"506,000";"BR-101/RJ";"Decrescente";"Acidentes de outra natureza";0;0;0;1;0;0;0;0;0;0;0;0;1;0;0
"19/10/2024";"07:48:00";"184";"Sem vítima";"227,200";"BR-116/RJ";"Crescente";"Choque";0;0;1;0;0;0;0;0;0;0;1;0;0;0;0
"19/10/2024";"07:58:00";"193";"Com vítima";"235,000";"BR-116/RJ";"Decrescente";"Choque";1;0;0;0;0;0;0;0;0;0;0;4;0;0;0
"19/10/2024";"10:07:00";"270";"Sem vítima";"111,000";"BR-116/SP";"Decrescente";"Colisão traseira";2;0;0;0;0;0;0;0;0;0;8;0;0;0;0
"19/10/2024";"11:40:00";"300";"Com vítima";"51,000";"BR-116/SP";"Decrescente";"Acidentes de outra natureza";0;0;0;1;0;0;0;0;0;0;0;4;0;0;0
"19/10/2024";"11:51:00";"303";"Sem vítima";"225,000";"BR-116/SP";"Decrescente";"Engavetamento";2;0;0;0;0;0;0;1;0;0;9;0;0;0;0
"19/10/2024";"13:40:00";"346";"Com vítima";"80,000";"BR-116/SP";"Crescente";"Engavetamento";3;0;0;0;0;0;0;0;0;0;30;0;3;0;0
"19/10/2024";"13:47:00";"350";"Sem vítima";"80,000";"BR-116/SP";"Crescente";"Engavetamento";1;0;0;0;0;0;0;0;0;0;0;0;0;0;0
"19/10/2024";"14:39:00";"367";"Sem vítima";"334,000";"BR-116/RJ";"Crescente";"Choque";0;0;1;0;0;0;0;0;0;0;3;0;0;0;0
"19/10/2024";"15:00:00";"378";"Com vítima";"330,800";"BR-116/RJ";"Decrescente";"Acidentes de outra natureza";0;0;0;1;0;0;0;0;0;0;0;0;2;0;0
"19/10/2024";"15:48:00";"398";"Sem vítima";"201,000";"BR-116/SP";"Decrescente";"Choque";1;0;0;0;0;0;0;0;0;0;1;0;0;0;0
"19/10/2024";"15:49:00";"400";"Com vítima";"324,000";"BR-116/RJ";"Decrescente";"Choque";1;0;0;0;0;0;0;0;0;0;0;1;1;0;0
"19/10/2024";"16:07:00";"407";"Com vítima";"440,800";"BR-101/RJ";"Decrescente";"Choque";1;0;0;0;0;0;0;0;0;0;1;1;1;0;0
"19/10/2024";"16:28:00";"416";"Sem vítima";"381,500";"BR-101/RJ";"Decrescente";"Tombamento";0;0;1;0;0;0;0;0;0;0;1;0;0;0;0
"19/10/2024";"16:35:00";"419";"Sem vítima";"70,300";"BR-116/SP";"Crescente";"Tombamento";0;0;1;0;0;0;0;0;0;0;1;0;0;0;0
"19/10/2024";"18:24:00";"458";"Sem vítima";"436,200";"BR-101/RJ";"Decrescente";"Capotamento";0;0;0;0;0;0;0;0;0;1;4;0;0;0;0
"19/10/2024";"18:42:00";"464";"Com vítima";"175,450";"BR-116/SP";"Decrescente";"Atropelamento de pedestre";1;0;0;0;0;0;0;0;0;0;6;0;0;0;1
"19/10/2024";"18:57:00";"474";"Sem vítima";"47,600";"BR-101/SP";"Crescente";"Acidentes de outra natureza";0;0;0;0;0;0;0;0;0;1;4;0;0;0;0
"19/10/2024";"19:09:00";"477";"Com vítima";"205,100";"BR-116/SP";"Crescente";"Colisão traseira";2;0;0;0;0;0;0;0;0;0;5;1;0;0;0
"19/10/2024";"19:55:00";"503";"Sem vítima";"566,000";"BR-101/RJ";"Crescente";"Choque";1;0;0;0;0;0;0;0;0;0;1;0;0;0;0
"19/10/2024";"20:10:00";"508";"Com vítima";"152,000";"BR-116/SP";"Crescente";"Acidentes de outra natureza";2;0;0;1;0;0;0;0;0;0;8;2;0;0;0
"19/10/2024";"20:11:00";"511";"Com vítima";"219,000";"BR-116/SP";"Decrescente";"Colisão lateral em sentido contrário";2;0;0;1;0;0;0;0;0;0;3;2;0;0;0
"19/10/2024";"21:00:00";"527";"Com vítima";"42,400";"BR-116/SP";"Decrescente";"Choque";1;0;0;0;0;0;0;0;0;0;0;1;0;0;0
"19/10/2024";"21:16:00";"533";"Sem vítima";"72,200";"BR-116/SP";"Decrescente";"Choque";1;0;0;0;0;0;0;0;0;0;2;0;0;0;0
"19/10/2024";"22:31:00";"555";"Sem vítima";"117,600";"BR-116/SP";"Decrescente";"Choque";1;0;0;0;0;0;0;0;0;0;1;0;0;0;0
"19/10/2024";"22:33:00";"556";"Sem vítima";"143,000";"BR-116/SP";"Decrescente";"Colisão traseira";1;0;1;0;0;0;0;0;0;0;2;0;0;0;0
"20/10/2024";"00:00:00";"152";"Sem vítima";"87,850";"BR-116/SP";"Decrescente";"Engavetamento";3;0;0;0;0;0;0;0;0;0;22;0;0;0;0
"20/10/2024";"00:00:00";"312";"Com vítima";"197,500";"BR-116/SP";"Crescente";"Capotamento";2;0;0;0;0;0;0;0;0;0;17;8;0;0;0
"20/10/2024";"00:00:00";"337";"Sem vítima";"282,000";"BR-116/RJ";"Decrescente";"Colisão traseira";1;0;0;0;0;0;0;0;0;0;1;0;0;0;0
"20/10/2024";"00:36:00";"37";"Sem vítima";"247,450";"BR-116/RJ";"Crescente";"Choque";1;0;0;0;0;0;0;0;0;0;1;0;0;0;0
"20/10/2024";"02:15:00";"59";"Com vítima";"47,950";"BR-101/SP";"Crescente";"Acidentes de outra natureza";0;0;0;1;0;0;0;0;0;0;0;0;3;0;0
"20/10/2024";"02:52:00";"64";"Sem vítima";"147,500";"BR-116/SP";"Crescente";"Choque";1;0;0;0;0;0;0;0;0;0;2;0;0;0;0
"20/10/2024";"03:13:00";"67";"Com vítima";"222,400";"BR-116/SP";"Crescente";"Choque";1;0;0;0;0;0;0;0;0;0;0;3;0;0;0
"20/10/2024";"03:39:00";"71";"Com vítima";"245,110";"BR-116/RJ";"Decrescente";"Colisão traseira";0;0;1;0;1;0;0;0;0;0;17;1;0;0;0
"20/10/2024";"04:05:00";"74";"Com vítima";"147,000";"BR-116/SP";"Decrescente";"Engavetamento";3;0;0;0;0;0;0;0;0;1;10;4;2;0;0
"20/10/2024";"05:10:00";"85";"Sem vítima";"318,500";"BR-116/RJ";"Crescente";"Colisão traseira";0;0;1;0;0;0;0;0;0;0;0;0;0;0;0
"20/10/2024";"06:12:00";"102";"Com vítima";"7,000";"BR-116/SP";"Crescente";"Choque";1;0;0;0;0;0;0;0;0;0;0;0;9;0;0
"20/10/2024";"06:25:00";"108";"Sem vítima";"510,400";"BR-101/RJ";"Crescente";"Colisão traseira";1;0;0;0;0;0;0;0;0;0;1;0;0;0;0
"20/10/2024";"07:53:00";"139";"Com vítima";"139,000";"BR-116/SP";"Decrescente";"Choque";1;0;0;0;0;0;0;0;0;0;4;2;0;0;0
"20/10/2024";"08:17:00";"151";"Com vítima";"383,000";"BR-101/RJ";"Decrescente";"Choque";1;0;0;0;0;0;0;0;0;0;0;2;0;0;0
"20/10/2024";"08:55:00";"165";"Com vítima";"437,000";"BR-101/RJ";"Decrescente";"Colisão frontal";2;0;0;0;0;0;0;0;0;0;2;2;0;6;4
"20/10/2024";"10:04:00";"186";"Sem vítima";"441,000";"BR-101/RJ";"Decrescente";"Choque";1;0;0;0;0;0;0;0;0;0;1;0;0;0;0
"20/10/2024";"11:19:00";"218";"Sem vítima";"125,850";"BR-116/SP";"Crescente";"Engavetamento";3;0;0;0;0;0;0;0;0;0;7;0;0;0;0
"20/10/2024";"11:50:00";"227";"Com vítima";"125,500";"BR-116/SP";"Crescente";"Colisão traseira";2;0;0;0;0;0;0;0;0;0;5;1;0;0;0
"20/10/2024";"11:53:00";"233";"Com vítima";"502,000";"BR-101/RJ";"Decrescente";"Colisão traseira";2;0;0;0;0;0;0;0;0;0;2;1;0;0;0
"20/10/2024";"12:16:00";"243";"Com vítima";"234,000";"BR-116/RJ";"Decrescente";"Choque";1;0;0;0;0;0;0;0;0;0;0;0;1;0;0
"20/10/2024";"12:22:00";"248";"Com vítima";"483,000";"BR-101/RJ";"Crescente";"Colisão frontal";2;0;0;0;0;0;0;0;0;0;1;0;0;2;0
"20/10/2024";"12:32:00";"252";"Com vítima";"41,000";"BR-101/SP";"Decrescente";"Colisão lateral em sentido contrário";3;0;0;0;0;0;0;0;0;0;7;0;0;2;0
"20/10/2024";"12:45:00";"259";"Com vítima";"234,000";"BR-116/RJ";"Decrescente";"Colisão traseira";2;0;0;0;0;0;0;0;0;2;4;0;7;1;0
"20/10/2024";"13:06:00";"261";"Sem vítima";"144,800";"BR-116/SP";"Crescente";"Colisão lateral em sentido contrário";2;0;0;0;0;0;0;0;0;0;9;0;0;0;0
"20/10/2024";"13:22:00";"270";"Com vítima";"234,000";"BR-116/RJ";"Decrescente";"Colisão traseira";2;0;0;0;0;0;0;0;0;0;1;0;1;0;0