data;horario;n_da_ocorrencia;tipo_de_ocorrencia;km;trecho;sentido;tipo_de_acidente;automovel;bicicleta;caminhao;moto;onibus;outros;tracao_animal;transporte_de_cargas_especiais;trator_maquinas;utilitarios;ilesos;levemente_feridos;moderadamente_feridos;gravemente_feridos;mortos
"20/10/2024";"13:31:00";"275";"Sem vítima";"153,000";"BR-116/SP";"Crescente";"Colisão traseira";1;0;0;0;0;0;0;0;0;0;4;0;0;0;0
"20/10/2024";"13:42:00";"279";"Sem vítima";"156,000";"BR-116/SP";"Crescente";"Colisão traseira";2;0;0;0;0;0;0;0;0;0;4;0;0;0;0
"20/10/2024";"14:19:00";"291";"Sem vítima";"334,500";"BR-116/RJ";"Crescente";"Choque";1;0;0;0;0;0;0;0;0;0;1;0;0;0;0
"20/10/2024";"14:19:00";"292";"Sem vítima";"334,000";"BR-116/RJ";"Crescente";"Choque";1;0;0;0;0;0;0;0;0;0;0;0;0;0;0
"20/10/2024";"14:49:00";"307";"Sem vítima";"325,000";"BR-116/RJ";"Decrescente";"Colisão traseira";0;0;1;0;0;0;0;1;0;0;2;0;0;0;0
"20/10/2024";"15:59:00";"335";"Com vítima";"492,000";"BR-101/RJ";"Decrescente";"Capotamento";1;0;0;0;0;0;0;0;0;0;0;1;0;0;0
"20/10/2024";"16:54:00";"363";"Sem vítima";"334,000";"BR-116/RJ";"Crescente";"Choque";1;0;0;0;0;0;0;0;0;0;3;0;0;0;0
"20/10/2024";"17:12:00";"371";"Sem vítima";"324,900";"BR-116/RJ";"Decrescente";"Colisão traseira";0;0;1;0;0;0;0;0;0;0;1;0;0;0;0
"20/10/2024";"17:59:00";"391";"Sem vítima";"228,800";"BR-116/SP";"Decrescente";"Colisão lateral em sentido contrário";1;0;1;0;0;0;0;0;0;0;6;0;0;0;0
"20/10/2024";"18:01:00";"395";"Sem vítima";"103,700";"BR-116/SP";"Crescente";"Engavetamento";1;0;0;0;0;0;0;0;0;0;10;0;0;0;0
"20/10/2024";"18:09:00";"399";"Sem vítima";"86,950";"BR-116/SP";"Decrescente";"Colisão lateral em sentido contrário";1;0;1;0;0;0;0;0;0;0;6;0;0;0;0
"20/10/2024";"18:18:00";"403";"Com vítima";"578,700";"BR-101/RJ";"Decrescente";"Colisão traseira";1;0;0;1;0;0;0;0;0;0;3;0;0;3;0
"20/10/2024";"18:32:00";"406";"Com vítima";"528,000";"BR-101/RJ";"Crescente";"Choque";0;0;0;0;0;0;0;0;0;1;0;2;0;0;0
"20/10/2024";"19:14:00";"426";"Com vítima";"263,600";"BR-116/RJ";"Crescente";"Atropelamento de pedestre";2;0;0;0;0;0;0;0;0;0;3;1;0;0;1
"20/10/2024";"19:22:00";"432";"Com vítima";"274,900";"BR-116/RJ";"Decrescente";"Colisão traseira";2;0;0;0;0;0;0;0;0;0;2;0;2;0;0
"20/10/2024";"19:24:00";"433";"Sem vítima";"578,800";"BR-101/RJ";"Decrescente";"Choque";1;0;0;0;0;0;0;0;0;0;0;0;0;0;0
"20/10/2024";"19:50:00";"445";"Com vítima";"417,300";"BR-101/RJ";"Decrescente";"Choque";1;0;0;0;0;0;0;0;0;0;0;8;0;0;0
"20/10/2024";"20:15:00";"450";"Sem vítima";"251,400";"BR-116/RJ";"Crescente";"Choque";1;0;0;0;0;0;0;0;0;0;0;0;0;0;0
"20/10/2024";"20:49:00";"459";"Sem vítima";"232,500";"BR-116/RJ";"Decrescente";"Choque";1;0;0;0;0;0;0;0;0;0;1;0;0;0;0
"20/10/2024";"21:33:00";"472";"Sem vítima";"532,800";"BR-101/RJ";"Decrescente";"Choque";1;0;0;0;0;0;0;0;0;0;0;0;0;0;0
"20/10/2024";"22:27:00";"481";"Sem vítima";"230,000";"BR-116/SP";"Decrescente";"Choque";1;0;0;0;0;0;0;0;0;0;0;0;0;0;0
"20/10/2024";"23:04:00";"493";"Com vítima";"223,000";"BR-116/SP";"Decrescente";"Choque";1;0;0;0;0;0;0;0;0;0;0;3;0;0;0
"20/10/2024";"23:17:00";"496";"Sem vítima";"199,000";"BR-116/SP";"Decrescente";"Choque";0;0;1;0;0;0;0;0;0;0;2;0;0;0;0
"21/10/2024";"03:12:00";"51";"Sem vítima";"84,500";"BR-116/SP";"Crescente";"Colisão traseira";1;0;0;0;0;0;0;0;0;0;4;0;0;0;0
"21/10/2024";"04:49:00";"61";"Sem vítima";"309,300";"BR-116/RJ";"Decrescente";"Colisão traseira";1;0;0;0;0;0;0;0;0;0;2;0;0;0;0
"21/10/2024";"06:53:00";"148";"Com vítima";"53,800";"BR-116/SP";"Crescente";"Acidentes de outra natureza";0;0;0;1;0;0;0;0;0;0;0;4;0;0;0
"21/10/2024";"07:16:00";"162";"Sem vítima";"136,000";"BR-116/SP";"Crescente";"Colisão traseira";1;0;0;0;0;0;0;0;0;1;27;0;0;0;0
"21/10/2024";"07:20:00";"171";"Sem vítima";"266,300";"BR-116/RJ";"Crescente";"Colisão traseira";1;0;1;0;0;0;0;0;0;0;2;0;0;0;0
"21/10/2024";"07:55:00";"211";"Sem vítima";"140,000";"BR-116/SP";"Crescente";"Engavetamento";1;0;0;0;0;0;0;0;0;0;1;0;0;0;0
"21/10/2024";"08:28:00";"245";"Sem vítima";"105,400";"BR-116/SP";"Decrescente";"Colisão traseira";2;0;0;0;0;0;0;0;0;0;21;0;0;0;0
"21/10/2024";"10:24:00";"323";"Com vítima";"216,900";"BR-116/SP";"Crescente";"Capotamento";1;0;0;0;0;0;0;0;0;0;0;0;2;0;0
"21/10/2024";"13:59:00";"439";"Com vítima";"131,000";"BR-116/SP";"Decrescente";"Choque";0;0;0;1;0;0;0;0;0;0;0;1;0;0;0
"21/10/2024";"14:33:00";"462";"Com vítima";"216,500";"BR-116/SP";"Decrescente";"Colisão traseira";0;0;0;1;0;0;0;0;0;0;2;2;0;0;0
"21/10/2024";"14:34:00";"465";"Sem vítima";"165,200";"BR-116/SP";"Decrescente";"Engavetamento";1;0;1;0;0;0;0;0;0;0;2;0;0;0;0
"21/10/2024";"15:04:00";"481";"Sem vítima";"551,550";"BR-101/RJ";"Crescente";"Colisão traseira";2;0;0;0;0;0;0;0;0;0;21;0;0;0;0
"21/10/2024";"15:21:00";"490";"Com vítima";"90,100";"BR-116/SP";"Crescente";"Colisão traseira";0;0;3;0;0;0;0;0;0;0;0;1;0;0;0
"21/10/2024";"15:42:00";"502";"Sem vítima";"137,700";"BR-116/SP";"Crescente";"Colisão traseira";0;0;2;0;0;0;0;0;0;0;2;0;0;0;0
"21/10/2024";"15:47:00";"506";"Sem vítima";"219,000";"BR-116/SP";"Decrescente";"Colisão traseira";2;0;0;0;0;0;0;0;0;0;6;0;0;0;0
"21/10/2024";"15:57:00";"510";"Com vítima";"230,800";"BR-116/SP";"Decrescente";"Colisão lateral em sentido contrário";0;0;1;1;0;0;0;0;0;0;1;1;0;0;0
"21/10/2024";"16:14:00";"517";"Sem vítima";"137,700";"BR-116/SP";"Crescente";"Engavetamento";1;0;0;0;0;0;0;0;0;1;2;0;0;0;0
"21/10/2024";"19:21:00";"592";"Sem vítima";"217,000";"BR-116/SP";"Decrescente";"Choque";1;0;0;0;0;0;0;0;0;0;0;0;0;0;0
"21/10/2024";"21:07:00";"646";"Sem vítima";"548,100";"BR-101/RJ";"Crescente";"Choque";1;0;0;0;0;0;0;0;0;0;3;0;0;0;0
"22/10/2024";"00:00:00";"100";"Com vítima";"219,000";"BR-116/SP";"Crescente";"Engavetamento";3;0;0;0;0;0;0;0;0;0;3;1;0;0;0
"22/10/2024";"00:25:00";"39";"Com vítima";"89,200";"BR-116/SP";"Decrescente";"Colisão lateral em sentido contrário";1;0;0;0;0;0;0;0;0;0;0;1;0;0;0
"22/10/2024";"00:57:00";"49";"Com vítima";"506,000";"BR-101/RJ";"Crescente";"Acidentes de outra natureza";0;0;0;1;0;0;0;0;0;0;0;1;0;0;0
"22/10/2024";"01:41:00";"55";"Sem vítima";"220,000";"BR-116/SP";"Crescente";"Colisão traseira";1;0;0;0;0;0;0;0;0;0;0;0;0;0;0
"22/10/2024";"02:11:00";"62";"Com vítima";"220,000";"BR-116/SP";"Decrescente";"Choque";0;0;0;1;0;0;0;0;0;0;0;1;0;0;0
"22/10/2024";"06:42:00";"166";"Com vítima";"133,000";"BR-116/SP";"Crescente";"Acidentes de outra natureza";0;0;0;1;0;0;0;0;0;0;0;0;1;0;0
"22/10/2024";"06:49:00";"178";"Sem vítima";"157,900";"BR-116/SP";"Decrescente";"Colisão traseira";1;0;0;0;0;0;0;0;0;0;0;0;0;0;0
"22/10/2024";"07:32:00";"228";"Sem vítima";"22,300";"BR-116/SP";"Crescente";"Colisão lateral em sentido contrário";0;0;1;0;0;0;0;1;0;0;0;0;0;0;0
"22/10/2024";"08:49:00";"308";"Sem vítima";"138,000";"BR-116/SP";"Crescente";"Engavetamento";2;0;0;0;0;0;0;0;0;0;0;0;0;0;0
"22/10/2024";"09:43:00";"353";"Com vítima";"227,400";"BR-116/SP";"Crescente";"Colisão lateral em sentido contrário";1;0;0;1;0;0;0;0;0;0;0;0;1;0;0
"22/10/2024";"12:23:00";"435";"Sem vítima";"65,900";"BR-116/SP";"Decrescente";"Colisão lateral em sentido contrário";1;0;0;0;0;0;0;0;0;0;0;0;0;0;0
"22/10/2024";"13:10:00";"461";"Com vítima";"88,000";"BR-116/SP";"Crescente";"Acidentes de outra natureza";0;0;0;1;0;0;0;0;0;0;0;1;1;0;0
"22/10/2024";"14:43:00";"510";"Com vítima";"227,400";"BR-116/SP";"Decrescente";"Colisão lateral em sentido contrário";0;0;1;1;0;0;0;0;0;0;1;0;0;0;1
"22/10/2024";"15:32:00";"537";"Com vítima";"224,000";"BR-116/SP";"Decrescente";"Acidentes de outra natureza";0;0;0;1;0;0;0;0;0;0;0;1;0;0;0
"22/10/2024";"15:34:00";"540";"Com vítima";"62,600";"BR-116/SP";"Decrescente";"Colisão lateral em sentido contrário";2;0;1;0;0;0;0;0;0;0;2;1;0;0;0
"22/10/2024";"16:09:00";"561";"Sem vítima";"63,600";"BR-116/SP";"Decrescente";"Colisão traseira";0;0;1;0;1;0;0;0;0;0;0;0;0;0;0
"22/10/2024";"16:22:00";"572";"Com vítima";"108,300";"BR-116/SP";"Crescente";"Colisão lateral em sentido contrário";1;0;0;1;0;0;0;0;0;0;0;1;0;0;0
"22/10/2024";"16:32:00";"583";"Sem vítima";"107,800";"BR-116/SP";"Crescente";"Colisão lateral em sentido contrário";1;0;0;0;0;0;0;0;0;0;0;0;0;0;0
"22/10/2024";"17:25:00";"576";"Com vítima";"65,000";"BR-116/SP";"Decrescente";"Engavetamento";2;0;2;0;0;0;0;0;0;0;7;1;0;0;0
"22/10/2024";"17:36:00";"618";"Sem vítima";"428,000";"BR-101/RJ";"Decrescente";"Choque";1;0;1;0;0;0;0;0;0;0;0;0;0;0;0
"22/10/2024";"18:18:00";"641";"Sem vítima";"106,500";"BR-116/SP";"Crescente";"Colisão traseira";3;0;0;0;0;0;0;0;0;0;0;0;0;0;0
"22/10/2024";"18:51:00";"661";"Com vítima";"49,500";"BR-101/SP";"Decrescente";"Atropelamento de pedestre";0;1;0;1;0;0;0;0;0;0;0;0;0;0;0
"22/10/2024";"19:23:00";"685";"Sem vítima";"146,700";"BR-116/SP";"Decrescente";"Engavetamento";4;0;1;0;0;0;0;0;0;0;0;0;0;0;0
"23/10/2024";"01:15:00";"43";"Com vítima";"225,800";"BR-116/SP";"Crescente";"Engavetamento";2;0;1;0;0;0;0;0;0;0;0;1;0;0;0
"23/10/2024";"02:14:00";"52";"Sem vítima";"199,000";"BR-116/SP";"Crescente";"Colisão traseira";1;0;1;0;0;0;0;0;0;0;0;0;0;0;0
"23/10/2024";"04:53:00";"80";"Sem vítima";"260,900";"BR-116/RJ";"Decrescente";"Choque";1;0;0;0;0;0;0;0;0;1;0;0;0;0;0
"23/10/2024";"05:35:00";"86";"Com vítima";"209,400";"BR-116/SP";"Decrescente";"Atropelamento de pedestre";0;0;0;1;0;0;0;0;0;0;0;0;1;1;0
"23/10/2024";"06:39:00";"169";"Sem vítima";"274,000";"BR-116/RJ";"Crescente";"Atropelamento de pedestre";0;0;0;0;0;0;0;0;0;1;0;0;0;0;0
"23/10/2024";"06:43:00";"176";"Sem vítima";"296,000";"BR-116/RJ";"Decrescente";"Acidentes de outra natureza";0;0;0;1;0;0;0;0;0;0;0;0;0;0;0
"23/10/2024";"06:46:00";"181";"Sem vítima";"552,000";"BR-101/RJ";"Crescente";"Tombamento";0;0;1;0;0;0;0;0;0;0;0;0;0;0;0
"23/10/2024";"07:00:00";"193";"Com vítima";"324,900";"BR-116/RJ";"Decrescente";"Acidentes de outra natureza";0;0;0;1;0;0;0;0;0;0;0;0;1;0;0
"23/10/2024";"07:53:00";"256";"Sem vítima";"39,000";"BR-116/SP";"Decrescente";"Colisão lateral em sentido contrário";1;0;1;0;0;0;0;0;0;0;0;0;0;0;0
"23/10/2024";"08:04:00";"265";"Com vítima";"215,000";"BR-116/SP";"Crescente";"Colisão lateral em sentido contrário";1;0;0;1;0;0;0;0;0;0;0;1;0;0;0
"23/10/2024";"08:25:00";"297";"Sem vítima";"322,000";"BR-116/RJ";"Decrescente";"Colisão traseira";1;0;1;0;0;0;0;0;0;0;0;0;0;0;0
"23/10/2024";"08:40:00";"310";"Com vítima";"119,600";"BR-116/SP";"Crescente";"Choque";1;0;0;0;0;0;0;0;0;0;0;1;0;0;0
"23/10/2024";"08:41:00";"311";"Com vítima";"143,000";"BR-116/SP";"Decrescente";"Colisão traseira";1;0;0;0;0;0;0;0;0;0;0;1;0;0;0
"23/10/2024";"09:59:00";"375";"Sem vítima";"323,050";"BR-116/RJ";"Decrescente";"Colisão traseira";2;0;0;0;0;0;0;0;0;0;0;0;0;0;0
"23/10/2024";"10:00:00";"376";"Sem vítima";"230,000";"BR-116/RJ";"Decrescente";"Choque";1;0;0;0;0;0;0;0;0;0;0;0;0;0;0
"23/10/2024";"13:21:00";"474";"Sem vítima";"268,400";"BR-116/RJ";"Decrescente";"Colisão lateral em sentido contrário";0;0;2;0;0;0;0;0;0;0;0;0;0;0;0
"23/10/2024";"13:46:00";"497";"Sem vítima";"99,000";"BR-116/SP";"Crescente";"Engavetamento";1;0;2;0;0;0;0;0;0;0;0;0;0;0;0
"23/10/2024";"13:57:00";"506";"Sem vítima";"287,900";"BR-116/RJ";"Crescente";"Colisão lateral em sentido contrário";0;0;1;0;0;0;0;0;0;0;0;0;0;0;0
"23/10/2024";"14:12:00";"515";"Com vítima";"221,100";"BR-116/SP";"Decrescente";"Colisão lateral em sentido contrário";1;0;0;2;0;0;0;0;0;0;2;1;0;0;0
"23/10/2024";"16:36:00";"589";"Com vítima";"285,000";"BR-116/RJ";"Decrescente";"Capotamento";1;0;0;0;0;0;0;0;0;0;0;4;0;0;0
"23/10/2024";"16:56:00";"601";"Sem vítima";"14,300";"BR-116/SP";"Decrescente";"Choque";1;0;0;0;0;0;0;0;0;0;0;0;0;0;0
"23/10/2024";"17:40:00";"625";"Sem vítima";"208,900";"BR-116/SP";"Decrescente";"Engavetamento";3;0;0;0;0;0;0;0;0;0;0;0;0;0;0
"23/10/2024";"18:53:00";"666";"Sem vítima";"86,300";"BR-116/SP";"Crescente";"Atropelamento de pedestre";0;0;1;0;0;0;0;0;0;0;0;0;0;0;0
"23/10/2024";"19:59:00";"707";"Sem vítima";"230,000";"BR-116/SP";"Decrescente";"Choque";1;0;1;0;0;0;0;0;0;0;0;0;0;0;0
"23/10/2024";"21:03:00";"742";"Com vítima";"471,000";"BR-101/RJ";"Crescente";"Acidentes de outra natureza";0;0;0;1;0;0;0;0;0;0;0;0;1;0;0
"23/10/2024";"21:04:00";"743";"Com vítima";"163,500";"BR-116/SP";"Crescente";"Acidentes de outra natureza";0;0;0;1;0;0;0;0;0;0;0;1;0;0;0
"23/10/2024";"21:26:00";"750";"Com vítima";"53,700";"BR-116/SP";"Crescente";"Colisão traseira";1;0;1;0;0;0;0;0;0;0;1;0;2;0;0
"23/10/2024";"22:24:00";"771";"Sem vítima";"227,450";"BR-116/SP";"Crescente";"Choque";0;0;1;0;0;0;0;0;0;0;0;0;0;0;0
"23/10/2024";"22:25:00";"772";"Com vítima";"147,350";"BR-116/SP";"Decrescente";"Acidentes de outra natureza";0;0;0;1;0;0;0;0;0;0;0;1;0;0;0
"23/10/2024";"22:52:00";"781";"Sem vítima";"24,000";"BR-116/SP";"Decrescente";"Colisão traseira";0;0;0;0;0;0;0;2;0;0;0;0;0;0;0
"24/10/2024";"01:20:00";"42";"Sem vítima";"71,500";"BR-116/SP";"Decrescente";"Acidentes de outra natureza";0;0;0;1;0;0;0;0;0;0;0;0;0;0;0
"24/10/2024";"02:22:00";"51";"Com vítima";"75,800";"BR-116/SP";"Decrescente";"Colisão traseira";0;0;2;0;0;0;0;0;0;0;0;0;1;0;0
"24/10/2024";"05:46:00";"101";"Sem vítima";"424,000";"BR-101/RJ";"Decrescente";"Choque";1;0;0;0;0;0;0;0;0;0;0;0;0;0;0
"24/10/2024";"06:09:00";"118";"Sem vítima";"414,000";"BR-101/RJ";"Decrescente";"Colisão traseira";2;0;0;0;0;0;0;0;0;0;0;0;0;0;0
"24/10/2024";"07:59:00";"226";"Sem vítima";"143,700";"BR-116/SP";"Crescente";"Colisão traseira";2;0;0;0;0;0;0;0;0;0;0;0;0;0;0
"24/10/2024";"08:00:00";"230";"Sem vítima";"105,000";"BR-116/SP";"Crescente";"Colisão traseira";1;0;0;0;0;0;0;0;0;0;0;0;0;0;0
"24/10/2024";"08:19:00";"246";"Com vítima";"443,000";"BR-101/RJ";"Crescente";"Colisão frontal";1;0;0;1;0;0;0;0;0;0;1;1;0;0;0
"24/10/2024";"08:20:00";"248";"Sem vítima";"462,000";"BR-101/RJ";"Crescente";"Choque";1;0;0;0;0;0;0;0;0;0;0;0;0;0;0
"24/10/2024";"08:26:00";"252";"Sem vítima";"466,000";"BR-101/RJ";"Decrescente";"Choque";1;0;0;0;0;0;0;0;0;0;0;0;0;0;0
"24/10/2024";"08:39:00";"263";"Sem vítima";"135,000";"BR-116/SP";"Crescente";"Colisão lateral em sentido contrário";1;0;0;0;0;0;0;0;0;0;0;0;0;0;0
"24/10/2024";"08:47:00";"223";"Com vítima";"234,000";"BR-116/RJ";"Decrescente";"Choque";1;0;0;0;0;0;0;0;0;0;0;1;0;0;0
"24/10/2024";"08:47:00";"273";"Com vítima";"229,100";"BR-116/RJ";"Decrescente";"Tombamento";0;0;0;0;0;1;0;1;0;0;0;1;0;0;0
"24/10/2024";"08:47:00";"274";"Sem vítima";"274,000";"BR-116/RJ";"Decrescente";"Choque";0;0;0;0;0;0;0;0;0;1;0;0;0;0;0
"24/10/2024";"11:22:00";"393";"Sem vítima";"134,000";"BR-116/SP";"Crescente";"Engavetamento";1;0;0;0;0;0;0;1;0;0;0;0;0;0;0
"24/10/2024";"12:19:00";"420";"Com vítima";"139,000";"BR-116/SP";"Decrescente";"Acidentes de outra natureza";0;0;0;1;0;0;0;0;0;0;0;2;0;0;0
"24/10/2024";"13:23:00";"450";"Sem vítima";"68,000";"BR-116/SP";"Decrescente";"Colisão traseira";1;0;1;0;0;0;0;0;0;0;0;0;0;0;0
"24/10/2024";"13:40:00";"458";"Sem vítima";"229,400";"BR-116/RJ";"Decrescente";"Colisão traseira";1;0;0;0;0;0;0;0;0;0;0;0;0;0;0
"24/10/2024";"14:01:00";"476";"Sem vítima";"68,000";"BR-116/SP";"Decrescente";"Colisão lateral em sentido contrário";1;0;0;0;0;0;0;0;0;0;0;0;0;0;0
"24/10/2024";"14:18:00";"485";"Sem vítima";"231,400";"BR-116/RJ";"Crescente";"Choque";1;0;0;0;0;0;0;0;0;0;0;0;0;0;0
"24/10/2024";"14:53:00";"513";"Sem vítima";"452,000";"BR-101/RJ";"Crescente";"Choque";0;0;0;0;0;0;0;0;0;1;0;0;0;0;0
"24/10/2024";"15:14:00";"523";"Com vítima";"182,500";"BR-116/SP";"Decrescente";"Choque";0;0;0;1;0;0;0;0;0;0;0;1;0;0;0
"24/10/2024";"16:02:00";"549";"Com vítima";"195,300";"BR-116/SP";"Crescente";"Colisão traseira";1;0;1;0;0;0;0;0;0;0;1;1;0;0;0
"24/10/2024";"16:07:00";"555";"Sem vítima";"438,000";"BR-101/RJ";"Crescente";"Colisão lateral em sentido contrário";1;0;1;0;0;0;0;0;0;0;0;0;0;0;0
"24/10/2024";"16:20:00";"563";"Sem vítima";"321,600";"BR-116/RJ";"Crescente";"Colisão lateral em sentido contrário";0;0;1;0;0;0;0;0;0;0;0;0;0;0;0
"24/10/2024";"18:42:00";"645";"Sem vítima";"315,800";"BR-116/RJ";"Decrescente";"Colisão traseira";1;0;0;0;0;0;0;0;0;0;0;0;0;0;0
"24/10/2024";"19:01:00";"659";"Sem vítima";"158,000";"BR-116/SP";"Decrescente";"Colisão traseira";2;0;0;0;0;0;0;0;0;0;0;0;0;0;0
"24/10/2024";"19:10:00";"664";"Sem vítima";"453,000";"BR-101/RJ";"Crescente";"Choque";1;0;0;0;0;0;0;0;0;0;0;0;0;0;0
"24/10/2024";"19:11:00";"668";"Com vítima";"222,500";"BR-116/SP";"Decrescente";"Colisão traseira";0;0;0;0;1;0;0;0;0;1;0;2;6;0;0
"24/10/2024";"20:18:00";"699";"Sem vítima";"228,500";"BR-116/RJ";"Decrescente";"Acidentes de outra natureza";1;0;1;0;0;0;0;0;0;0;0;0;0;0;0
"24/10/2024";"23:09:00";"770";"Sem vítima";"86,950";"BR-116/SP";"Crescente";"Colisão traseira";2;0;0;0;0;0;0;0;0;0;0;0;0;0;0
"24/10/2024";"23:27:00";"780";"Com vítima";"256,300";"BR-116/RJ";"Decrescente";"Engavetamento";1;0;1;0;0;0;0;0;0;1;0;2;0;0;0
"25/10/2024";"00:00:00";"459";"Sem vítima";"184,000";"BR-116/SP";"Decrescente";"Colisão lateral em sentido contrário";1;0;0;0;0;0;0;0;0;0;0;0;0;0;0
"25/10/2024";"00:17:00";"42";"Sem vítima";"420,800";"BR-101/RJ";"Decrescente";"Choque";1;0;0;0;0;0;0;0;0;0;0;0;0;0;0
"25/10/2024";"01:13:00";"60";"Com vítima";"131,700";"BR-116/SP";"Crescente";"Colisão traseira";0;0;1;0;1;0;0;0;0;0;0;0;1;0;0
"25/10/2024";"01:27:00";"64";"Sem vítima";"227,500";"BR-116/SP";"Crescente";"Choque";0;0;0;0;0;0;0;0;0;1;0;0;0;0;0
"25/10/2024";"02:15:00";"76";"Com vítima";"257,350";"BR-116/RJ";"Decrescente";"Colisão traseira";0;0;2;0;0;0;0;0;0;0;1;0;0;0;1
"25/10/2024";"02:56:00";"85";"Sem vítima";"165,200";"BR-116/SP";"Crescente";"Colisão traseira";1;0;1;0;0;0;0;0;0;0;0;0;0;0;0
"25/10/2024";"06:42:00";"183";"Sem vítima";"219,700";"BR-116/SP";"Decrescente";"Colisão lateral em sentido contrário";1;0;0;0;0;0;0;1;0;0;0;0;0;0;0
"25/10/2024";"07:50:00";"256";"Sem vítima";"101,650";"BR-116/SP";"Crescente";"Colisão traseira";1;0;1;0;0;0;0;0;0;0;0;0;0;0;0
"25/10/2024";"07:55:00";"259";"Com vítima";"300,000";"BR-116/RJ";"Decrescente";"Colisão traseira";1;0;0;1;0;0;0;0;0;0;0;1;0;0;0
"25/10/2024";"08:00:00";"262";"Sem vítima";"143,000";"BR-116/SP";"Decrescente";"Engavetamento";3;0;0;0;0;0;0;0;0;0;0;0;0;0;0
"25/10/2024";"08:55:00";"312";"Sem vítima";"269,000";"BR-116/RJ";"Decrescente";"Colisão traseira";1;0;0;0;0;0;0;1;0;0;0;0;0;0;0
"25/10/2024";"08:57:00";"318";"Sem vítima";"70,000";"BR-116/SP";"Crescente";"Colisão traseira";2;0;0;0;0;0;0;0;0;0;0;0;0;0;0
"25/10/2024";"09:08:00";"328";"Sem vítima";"515,500";"BR-101/RJ";"Decrescente";"Choque";1;0;0;0;0;0;0;0;0;0;0;0;0;0;0
"25/10/2024";"10:05:00";"371";"Sem vítima";"147,300";"BR-116/SP";"Crescente";"Colisão lateral em sentido contrário";1;0;1;0;0;0;0;0;0;0;0;0;0;0;0
"25/10/2024";"11:09:00";"406";"Com vítima";"456,600";"BR-101/RJ";"Decrescente";"Colisão lateral em sentido contrário";1;0;0;1;0;0;0;0;0;0;2;1;0;0;0
"25/10/2024";"11:49:00";"426";"Sem vítima";"78,900";"BR-116/SP";"Crescente";"Colisão traseira";0;0;2;0;0;0;0;0;0;0;0;0;0;0;0
"25/10/2024";"14:23:00";"506";"Com vítima";"134,100";"BR-116/SP";"Crescente";"Colisão traseira";1;0;0;1;0;0;0;0;0;0;0;0;0;1;0
"25/10/2024";"14:30:00";"511";"Com vítima";"382,000";"BR-101/RJ";"Crescente";"Acidentes de outra natureza";0;0;0;1;0;0;0;0;0;0;0;2;0;0;0
"25/10/2024";"14:47:00";"516";"Sem vítima";"102,000";"BR-116/SP";"Crescente";"Engavetamento";4;0;1;0;0;0;0;0;0;0;0;0;0;0;0
"25/10/2024";"16:16:00";"555";"Com vítima";"103,400";"BR-116/SP";"Crescente";"Colisão traseira";1;0;0;1;0;0;0;0;0;0;0;0;1;0;0
"25/10/2024";"16:55:00";"570";"Sem vítima";"18,700";"BR-116/SP";"Crescente";"Colisão lateral em sentido contrário";1;0;0;0;1;0;0;0;0;0;0;0;0;0;0
"25/10/2024";"17:25:00";"583";"Sem vítima";"65,100";"BR-116/SP";"Crescente";"Choque";1;0;0;0;0;0;0;0;0;0;0;0;0;0;0
"25/10/2024";"19:27:00";"666";"Com vítima";"213,900";"BR-116/SP";"Crescente";"Acidentes de outra natureza";0;0;0;1;0;0;0;0;0;0;0;2;0;0;0
"25/10/2024";"19:38:00";"672";"Com vítima";"53,500";"BR-116/SP";"Crescente";"Acidentes de outra natureza";0;0;0;1;0;0;0;0;0;0;0;1;0;0;0
"25/10/2024";"20:46:00";"712";"Sem vítima";"275,900";"BR-116/RJ";"Decrescente";"Choque";1;0;0;0;0;0;0;0;0;0;0;0;0;0;0
"25/10/2024";"21:29:00";"731";"Com vítima";"225,050";"BR-116/SP";"Decrescente";"Acidentes de outra natureza";0;0;0;1;0;0;0;0;0;0;0;0;1;0;0
"25/10/2024";"22:24:00";"761";"Sem vítima";"226,900";"BR-116/SP";"Crescente";"Colisão traseira";1;0;1;0;0;0;0;0;0;0;0;0;0;0;0
"25/10/2024";"22:27:00";"764";"Com vítima";"247,140";"BR-116/RJ";"Crescente";"Atropelamento de pedestre";1;0;0;0;0;0;0;0;0;0;4;0;0;0;1
"26/10/2024";"00:06:00";"31";"Sem vítima";"146,500";"BR-116/SP";"Crescente";"Choque";0;0;0;0;0;0;0;1;0;0;0;0;0;0;0
"26/10/2024";"03:59:00";"75";"Sem vítima";"329,500";"BR-116/RJ";"Decrescente";"Colisão lateral em sentido contrário";0;0;1;0;0;0;0;1;0;0;0;0;0;0;0
"26/10/2024";"04:03:00";"76";"Sem vítima";"49,800";"BR-101/SP";"Decrescente";"Choque";1;0;0;0;0;0;0;0;0;0;2;0;0;0;0
"26/10/2024";"04:18:00";"77";"Sem vítima";"292,700";"BR-116/RJ";"Decrescente";"Colisão lateral em sentido contrário";0;0;1;0;0;0;0;0;0;0;0;0;0;0;0
"26/10/2024";"04:37:00";"80";"Com vítima";"408,500";"BR-101/RJ";"Decrescente";"Atropelamento de pedestre";0;0;0;0;0;0;0;0;0;0;0;0;1;0;0