data;horario;n_da_ocorrencia;tipo_de_ocorrencia;km;trecho;sentido;tipo_de_acidente;automovel;bicicleta;caminhao;moto;onibus;outros;tracao_animal;transporte_de_cargas_especiais;trator_maquinas;utilitarios;ilesos;levemente_feridos;moderadamente_feridos;gravemente_feridos;mortos
"26/10/2024";"05:10:00";"89";"Com vítima";"215,300";"BR-116/RJ";"Decrescente";"Colisão traseira";1;0;0;0;0;0;0;0;0;0;0;1;0;0;0
"26/10/2024";"05:17:00";"92";"Sem vítima";"572,000";"BR-101/RJ";"Decrescente";"Atropelamento de pedestre";1;0;0;0;0;0;0;0;0;0;0;0;0;0;0
"26/10/2024";"05:22:00";"94";"Sem vítima";"151,000";"BR-116/SP";"Decrescente";"Colisão traseira";2;0;0;0;0;0;0;0;0;0;0;0;0;0;0
"26/10/2024";"05:39:00";"104";"Com vítima";"225,000";"BR-116/SP";"Crescente";"Choque";1;0;0;0;0;0;0;0;0;0;0;1;0;0;0
"26/10/2024";"06:52:00";"145";"Com vítima";"411,200";"BR-101/RJ";"Crescente";"Choque";1;0;0;0;0;0;0;0;0;0;0;0;1;0;0
"26/10/2024";"07:54:00";"197";"Sem vítima";"117,000";"BR-116/SP";"Crescente";"Colisão traseira";0;0;1;1;0;0;0;0;0;0;0;0;0;0;0
"26/10/2024";"08:40:00";"240";"Sem vítima";"135,000";"BR-116/SP";"Decrescente";"Colisão traseira";2;0;0;0;0;0;0;0;0;0;0;0;0;0;0
"26/10/2024";"09:16:00";"284";"Sem vítima";"496,500";"BR-101/RJ";"Crescente";"Choque";1;0;0;0;0;0;0;0;0;0;0;0;0;0;0
"26/10/2024";"10:02:00";"327";"Sem vítima";"112,000";"BR-116/SP";"Decrescente";"Colisão lateral em sentido contrário";0;0;2;0;0;0;0;0;0;1;0;0;0;0;0
"26/10/2024";"11:00:00";"363";"Com vítima";"217,800";"BR-116/SP";"Decrescente";"Colisão lateral em sentido contrário";0;0;1;1;0;0;0;0;0;0;1;1;0;0;0
"26/10/2024";"11:22:00";"382";"Sem vítima";"115,000";"BR-116/SP";"Decrescente";"Colisão traseira";2;0;0;0;0;0;0;0;0;0;0;0;0;0;0
"26/10/2024";"12:16:00";"409";"Com vítima";"445,000";"BR-101/RJ";"Decrescente";"Capotamento";1;0;0;0;0;0;0;0;0;0;0;0;1;0;0
"26/10/2024";"12:24:00";"413";"Com vítima";"404,000";"BR-101/RJ";"Crescente";"Colisão lateral em sentido contrário";2;0;0;0;0;0;0;0;0;0;2;1;0;0;0
"26/10/2024";"12:29:00";"420";"Com vítima";"220,000";"BR-116/SP";"Decrescente";"Colisão lateral em sentido contrário";0;0;0;2;0;0;0;0;0;0;1;1;0;0;0
"26/10/2024";"12:48:00";"435";"Com vítima";"223,700";"BR-116/SP";"Crescente";"Colisão lateral em sentido contrário";0;0;1;1;0;0;0;0;0;0;0;1;0;0;0
"26/10/2024";"13:00:00";"458";"Com vítima";"476,900";"BR-101/RJ";"Crescente";"Colisão traseira";1;0;0;1;0;0;0;0;0;0;1;1;0;0;0
"26/10/2024";"13:52:00";"472";"Sem vítima";"131,600";"BR-116/SP";"Crescente";"Engavetamento";4;0;0;0;0;0;0;0;0;0;0;0;0;0;0
"26/10/2024";"14:42:00";"490";"Com vítima";"109,000";"BR-116/SP";"Crescente";"Colisão traseira";1;0;0;0;0;0;0;0;0;0;0;1;0;0;0
"26/10/2024";"14:56:00";"494";"Com vítima";"383,000";"BR-101/RJ";"Crescente";"Colisão lateral em sentido contrário";1;0;0;1;0;0;0;0;0;0;0;0;1;0;0
"26/10/2024";"15:05:00";"500";"Sem vítima";"238,000";"BR-116/RJ";"Crescente";"Colisão lateral em sentido contrário";1;0;1;0;0;0;0;0;0;0;0;0;0;0;0
"26/10/2024";"15:52:00";"528";"Com vítima";"59,100";"BR-116/SP";"Decrescente";"Choque";1;0;0;0;0;0;0;0;0;0;0;1;0;0;0
"26/10/2024";"15:53:00";"529";"Sem vítima";"93,700";"BR-116/SP";"Crescente";"Colisão traseira";2;0;0;0;0;1;0;0;0;0;0;0;0;0;0
"26/10/2024";"16:05:00";"531";"Sem vítima";"423,600";"BR-101/RJ";"Crescente";"Choque";1;0;0;0;0;0;0;0;0;0;0;0;0;0;0
"26/10/2024";"16:55:00";"550";"Sem vítima";"218,400";"BR-116/SP";"Crescente";"Colisão lateral em sentido contrário";2;0;0;0;0;0;0;0;0;0;0;0;0;0;0
"26/10/2024";"17:37:00";"570";"Sem vítima";"215,800";"BR-116/SP";"Crescente";"Choque";1;0;0;0;0;0;0;0;0;0;0;0;0;0;0
"26/10/2024";"17:38:00";"571";"Com vítima";"313,500";"BR-116/RJ";"Decrescente";"Choque";1;0;0;0;0;0;0;0;0;0;0;1;0;0;0
"26/10/2024";"18:17:00";"585";"Com vítima";"228,000";"BR-116/SP";"Decrescente";"Acidentes de outra natureza";0;0;0;1;0;0;0;0;0;0;0;1;0;0;0
"26/10/2024";"18:59:00";"604";"Sem vítima";"36,000";"BR-101/SP";"Decrescente";"Choque";1;0;0;0;0;0;0;0;0;0;0;0;0;0;0
"26/10/2024";"19:30:00";"621";"Sem vítima";"146,800";"BR-116/SP";"Decrescente";"Colisão traseira";1;0;0;0;0;0;0;0;0;0;0;0;0;0;0
"26/10/2024";"19:43:00";"625";"Com vítima";"175,350";"BR-116/SP";"Crescente";"Atropelamento de pedestre";1;0;0;0;0;0;0;0;0;0;0;0;0;1;0
"26/10/2024";"19:50:00";"631";"Com vítima";"194,000";"BR-116/SP";"Crescente";"Colisão traseira";2;0;0;0;0;0;0;0;0;0;0;1;0;0;0
"27/10/2024";"00:00:00";"429";"Com vítima";"528,000";"BR-101/RJ";"Crescente";"Capotamento";1;0;0;0;0;0;0;0;0;0;0;2;0;0;0
"27/10/2024";"00:19:00";"37";"Com vítima";"295,000";"BR-116/RJ";"Crescente";"Colisão traseira";1;0;0;0;0;0;0;0;0;0;0;0;1;0;0
"27/10/2024";"00:47:00";"45";"Sem vítima";"511,000";"BR-101/RJ";"Decrescente";"Choque";1;0;0;0;0;0;0;0;0;0;0;0;0;0;0
"27/10/2024";"01:26:00";"53";"Com vítima";"145,700";"BR-116/SP";"Decrescente";"Atropelamento de pedestre";1;0;0;0;0;0;0;0;0;0;0;1;0;0;0
"27/10/2024";"01:32:00";"54";"Com vítima";"292,000";"BR-116/RJ";"Crescente";"Capotamento";1;0;0;0;0;0;0;0;0;0;0;1;0;0;0
"27/10/2024";"02:11:00";"59";"Com vítima";"226,600";"BR-116/SP";"Decrescente";"Acidentes de outra natureza";0;0;0;1;0;0;0;0;0;0;0;1;0;0;0
"27/10/2024";"02:32:00";"61";"Sem vítima";"507,000";"BR-101/RJ";"Decrescente";"Colisão frontal";2;0;0;0;0;0;0;0;0;0;0;0;0;0;0
"27/10/2024";"02:54:00";"67";"Sem vítima";"111,000";"BR-116/SP";"Crescente";"Capotamento";2;0;0;0;0;0;0;0;0;0;0;0;0;0;0
"27/10/2024";"07:37:00";"144";"Sem vítima";"485,000";"BR-101/RJ";"Crescente";"Choque";1;0;0;0;0;0;0;0;0;0;0;0;0;0;0
"27/10/2024";"08:28:00";"171";"Sem vítima";"498,000";"BR-101/RJ";"Crescente";"Choque";1;0;0;0;0;0;0;0;0;0;0;0;0;0;0
"27/10/2024";"12:14:00";"257";"Com vítima";"467,000";"BR-101/RJ";"Crescente";"Acidentes de outra natureza";0;0;0;1;0;0;0;0;0;0;0;0;1;0;0
"27/10/2024";"12:55:00";"274";"Com vítima";"143,280";"BR-116/SP";"Decrescente";"Capotamento";1;0;0;0;0;0;0;0;0;0;0;4;0;0;0
"27/10/2024";"17:04:00";"373";"Sem vítima";"104,700";"BR-116/SP";"Crescente";"Engavetamento";4;0;0;0;1;0;0;0;0;0;0;0;0;0;0
"27/10/2024";"17:17:00";"306";"Com vítima";"86,700";"BR-116/SP";"Crescente";"Engavetamento";4;0;0;0;0;0;0;0;0;0;0;1;0;0;0
"27/10/2024";"18:09:00";"403";"Sem vítima";"272,100";"BR-116/RJ";"Decrescente";"Engavetamento";2;0;0;0;0;0;0;0;0;0;0;0;0;0;0
"28/10/2024";"00:00:00";"36";"Com vítima";"251,600";"BR-116/RJ";"Crescente";"Colisão traseira";2;0;0;0;0;0;0;0;0;0;0;1;1;0;0
"28/10/2024";"00:00:00";"325";"Sem vítima";"226,900";"BR-116/SP";"Decrescente";"Colisão lateral em sentido contrário";1;0;1;0;0;0;0;0;0;0;0;0;0;0;0
"28/10/2024";"00:00:00";"664";"Sem vítima";"240,900";"BR-116/RJ";"Decrescente";"Colisão traseira";1;0;0;0;0;0;0;1;0;0;0;0;0;0;0
"28/10/2024";"00:47:00";"37";"Com vítima";"234,900";"BR-116/RJ";"Crescente";"Atropelamento de pedestre";0;0;0;1;0;0;0;0;0;0;0;0;1;1;0
"28/10/2024";"01:44:00";"41";"Sem vítima";"185,700";"BR-116/SP";"Decrescente";"Choque";1;0;0;0;0;0;0;0;0;0;0;0;0;0;0
"28/10/2024";"03:37:00";"55";"Com vítima";"85,400";"BR-116/SP";"Crescente";"Colisão traseira";0;0;1;0;0;0;0;1;0;0;0;0;0;1;0
"28/10/2024";"05:09:00";"73";"Sem vítima";"186,150";"BR-116/SP";"Decrescente";"Choque";0;0;1;0;0;0;0;0;0;0;0;0;0;0;0
"28/10/2024";"05:12:00";"75";"Sem vítima";"162,000";"BR-116/SP";"Crescente";"Choque";1;0;0;0;0;0;0;0;0;0;0;0;0;0;0
"28/10/2024";"06:07:00";"111";"Sem vítima";"231,000";"BR-116/RJ";"Decrescente";"Choque";1;0;0;0;0;0;0;0;0;0;0;0;0;0;0
"28/10/2024";"06:51:00";"157";"Com vítima";"106,200";"BR-116/SP";"Crescente";"Colisão traseira";0;0;1;1;0;0;0;0;0;0;0;1;0;0;0
"28/10/2024";"07:18:00";"184";"Com vítima";"78,300";"BR-116/SP";"Crescente";"Atropelamento de pedestre";1;0;0;0;0;0;0;0;0;0;0;1;0;0;0
"28/10/2024";"07:43:00";"215";"Com vítima";"139,500";"BR-116/SP";"Crescente";"Acidentes de outra natureza";0;0;0;1;0;0;0;0;0;0;0;0;1;0;0
"28/10/2024";"08:33:00";"257";"Com vítima";"168,000";"BR-116/SP";"Crescente";"Colisão lateral em sentido contrário";0;0;0;1;0;0;0;1;0;0;0;1;0;0;0
"28/10/2024";"10:36:00";"335";"Com vítima";"491,500";"BR-101/RJ";"Decrescente";"Colisão frontal";0;0;0;0;0;0;0;0;0;0;0;0;0;0;0
"28/10/2024";"10:56:00";"349";"Sem vítima";"495,000";"BR-101/RJ";"Crescente";"Choque";1;0;0;0;0;0;0;0;0;0;0;0;0;0;0
"28/10/2024";"11:52:00";"378";"Sem vítima";"34,000";"BR-116/SP";"Decrescente";"Colisão traseira";1;0;1;0;0;0;0;0;0;0;0;0;0;0;0
"28/10/2024";"12:07:00";"386";"Sem vítima";"476,000";"BR-101/RJ";"Crescente";"Choque";1;0;0;0;0;0;0;0;0;0;0;0;0;0;0
"28/10/2024";"12:32:00";"458";"Sem vítima";"466,000";"BR-101/RJ";"Crescente";"Choque";1;0;0;0;0;0;0;0;0;0;0;0;0;0;0
"28/10/2024";"12:43:00";"412";"Sem vítima";"264,000";"BR-116/RJ";"Decrescente";"Colisão lateral em sentido contrário";2;0;0;0;0;0;0;0;0;0;0;0;0;0;0
"28/10/2024";"13:45:00";"440";"Com vítima";"232,800";"BR-116/RJ";"Decrescente";"Tombamento";0;0;1;0;0;0;0;0;0;0;0;1;0;0;0
"28/10/2024";"14:41:00";"460";"Com vítima";"422,800";"BR-101/RJ";"Decrescente";"Choque";0;0;1;0;0;0;0;0;0;0;0;1;0;0;0
"28/10/2024";"18:02:00";"557";"Com vítima";"215,800";"BR-116/SP";"Decrescente";"Colisão traseira";0;0;0;1;0;0;0;0;0;1;5;1;0;0;0
"28/10/2024";"18:47:00";"573";"Com vítima";"147,800";"BR-116/SP";"Decrescente";"Engavetamento";3;0;0;0;0;0;0;0;0;1;0;0;1;0;0
"28/10/2024";"20:19:00";"609";"Com vítima";"147,800";"BR-116/SP";"Decrescente";"Engavetamento";4;0;0;0;0;0;0;0;0;0;0;1;0;0;0
"28/10/2024";"22:52:00";"653";"Sem vítima";"241,650";"BR-116/RJ";"Decrescente";"Colisão traseira";0;0;2;0;0;0;0;0;0;0;0;0;0;0;0
"29/10/2024";"05:01:00";"76";"Com vítima";"273,700";"BR-116/RJ";"Decrescente";"Colisão traseira";0;0;1;0;0;0;0;0;0;0;0;1;0;0;0
"29/10/2024";"05:54:00";"97";"Com vítima";"247,400";"BR-116/RJ";"Decrescente";"Engavetamento";0;0;2;0;0;1;0;0;0;1;0;1;0;0;0
"29/10/2024";"06:47:00";"153";"Com vítima";"226,700";"BR-116/SP";"Crescente";"Colisão lateral em sentido contrário";1;0;0;1;0;0;0;0;0;0;2;0;1;0;0
"29/10/2024";"08:00:00";"221";"Sem vítima";"225,500";"BR-116/SP";"Crescente";"Colisão lateral em sentido contrário";1;0;1;0;0;0;0;0;0;0;0;0;0;0;0
"29/10/2024";"08:06:00";"229";"Sem vítima";"144,900";"BR-116/SP";"Crescente";"Colisão traseira";2;0;0;0;0;0;0;0;0;0;0;0;0;0;0
"29/10/2024";"08:16:00";"233";"Com vítima";"388,000";"BR-101/RJ";"Crescente";"Colisão traseira";0;0;0;1;0;0;0;0;0;0;0;1;0;0;0
"29/10/2024";"11:30:00";"371";"Sem vítima";"146,500";"BR-116/SP";"Decrescente";"Colisão lateral em sentido contrário";1;0;1;0;0;0;0;0;0;0;0;0;0;0;0
"29/10/2024";"11:38:00";"378";"Sem vítima";"239,400";"BR-116/RJ";"Decrescente";"Colisão traseira";2;0;0;0;0;0;0;0;0;0;0;0;0;0;0
"29/10/2024";"11:44:00";"381";"Sem vítima";"315,000";"BR-116/RJ";"Decrescente";"Colisão traseira";2;0;0;0;0;0;0;0;0;0;0;0;0;0;0
"29/10/2024";"11:51:00";"386";"Sem vítima";"61,200";"BR-116/SP";"Crescente";"Colisão lateral em sentido contrário";2;0;0;0;0;0;0;0;0;0;0;0;0;0;0
"29/10/2024";"11:56:00";"393";"Sem vítima";"145,800";"BR-116/SP";"Crescente";"Colisão traseira";1;0;1;0;0;0;0;0;0;0;0;0;0;0;0
"29/10/2024";"13:01:00";"419";"Com vítima";"205,200";"BR-116/SP";"Crescente";"Colisão lateral em sentido contrário";1;0;0;1;0;0;0;0;0;0;0;0;1;0;0
"29/10/2024";"13:47:00";"445";"Com vítima";"159,300";"BR-116/SP";"Crescente";"Acidentes de outra natureza";0;0;0;1;0;0;0;0;0;0;0;1;0;0;0
"29/10/2024";"16:18:00";"527";"Com vítima";"153,400";"BR-116/SP";"Decrescente";"Engavetamento";2;0;2;1;1;0;0;1;0;0;0;2;0;0;0
"29/10/2024";"16:31:00";"536";"Com vítima";"114,900";"BR-116/SP";"Crescente";"Acidentes de outra natureza";0;0;0;1;0;0;0;0;0;0;0;0;1;0;0
"29/10/2024";"16:54:00";"549";"Sem vítima";"308,500";"BR-116/RJ";"Decrescente";"Colisão traseira";1;0;1;0;0;0;0;0;0;0;0;0;0;0;0
"29/10/2024";"18:37:00";"592";"Com vítima";"563,800";"BR-101/RJ";"Decrescente";"Atropelamento de pedestre";1;0;0;1;0;0;0;0;0;0;1;0;1;0;0
"29/10/2024";"19:28:00";"618";"Com vítima";"53,000";"BR-116/SP";"Crescente";"Colisão lateral em sentido contrário";1;0;0;1;0;0;0;0;0;0;0;1;0;0;0
"29/10/2024";"21:03:00";"658";"Sem vítima";"227,000";"BR-116/SP";"Decrescente";"Choque";0;0;1;0;0;0;0;0;0;0;0;0;0;0;0
"29/10/2024";"21:18:00";"664";"Sem vítima";"525,800";"BR-101/RJ";"Crescente";"Atropelamento de pedestre";1;0;0;0;0;0;0;0;0;0;0;0;0;0;0
"29/10/2024";"22:32:00";"683";"Com vítima";"225,000";"BR-116/SP";"Decrescente";"Choque";0;0;0;1;0;0;0;0;0;0;0;1;0;0;0
"30/10/2024";"00:00:00";"324";"Com vítima";"140,700";"BR-116/SP";"Crescente";"Colisão traseira";1;0;0;1;0;0;0;0;0;0;0;1;0;0;0
"30/10/2024";"00:00:00";"422";"Sem vítima";"182,500";"BR-116/SP";"Decrescente";"Colisão traseira";1;0;0;0;0;0;0;0;0;0;0;0;0;0;0
"30/10/2024";"01:19:00";"54";"Sem vítima";"329,500";"BR-116/RJ";"Decrescente";"Choque";1;0;0;0;0;0;0;0;0;0;1;0;0;0;0
"30/10/2024";"02:06:00";"64";"Sem vítima";"308,100";"BR-116/RJ";"Decrescente";"Colisão traseira";1;0;1;0;0;0;0;0;0;0;0;0;0;0;0
"30/10/2024";"03:22:00";"77";"Sem vítima";"431,020";"BR-101/RJ";"Decrescente";"Choque";1;0;0;0;0;0;0;0;0;0;0;0;0;0;0
"30/10/2024";"04:15:00";"86";"Sem vítima";"229,700";"BR-116/RJ";"Decrescente";"Colisão traseira";0;0;2;0;0;0;0;0;0;0;0;0;0;0;0
"30/10/2024";"07:34:00";"230";"Com vítima";"116,300";"BR-116/SP";"Decrescente";"Engavetamento";1;0;2;0;0;0;0;0;0;0;0;4;0;0;0
"30/10/2024";"07:46:00";"248";"Com vítima";"214,000";"BR-116/SP";"Decrescente";"Choque";0;0;0;1;0;0;0;0;0;0;0;0;0;1;0
"30/10/2024";"09:52:00";"372";"Sem vítima";"123,000";"BR-116/SP";"Decrescente";"Colisão traseira";0;0;1;0;0;0;0;0;0;0;0;0;0;0;0
"30/10/2024";"12:52:00";"452";"Sem vítima";"86,950";"BR-116/SP";"Decrescente";"Colisão traseira";1;0;0;0;0;0;0;0;0;0;0;0;0;0;0
"30/10/2024";"14:29:00";"503";"Com vítima";"477,800";"BR-101/RJ";"Decrescente";"Atropelamento de pedestre";0;0;0;0;0;0;0;0;0;0;0;0;1;0;0
"30/10/2024";"14:59:00";"522";"Sem vítima";"146,500";"BR-116/SP";"Crescente";"Colisão lateral em sentido contrário";1;0;0;0;0;0;0;1;0;0;0;0;0;0;0
"30/10/2024";"15:15:00";"532";"Com vítima";"471,000";"BR-101/RJ";"Decrescente";"Colisão lateral em sentido contrário";1;0;0;1;0;0;0;0;0;0;1;0;1;0;0
"30/10/2024";"15:58:00";"483";"Com vítima";"198,000";"BR-116/SP";"Crescente";"Acidentes de outra natureza";0;0;0;1;0;0;0;0;0;0;0;1;0;0;0
"30/10/2024";"16:13:00";"552";"Sem vítima";"412,300";"BR-101/RJ";"Decrescente";"Atropelamento de pedestre";1;0;0;0;0;0;0;0;0;0;0;0;0;0;0
"30/10/2024";"17:25:00";"588";"Sem vítima";"107,500";"BR-116/SP";"Decrescente";"Colisão lateral em sentido contrário";1;0;0;0;0;0;0;1;0;0;0;0;0;0;0
"30/10/2024";"17:37:00";"591";"Sem vítima";"224,000";"BR-116/SP";"Crescente";"Acidentes de outra natureza";0;0;0;1;0;0;0;0;0;0;0;0;0;0;0
"30/10/2024";"18:32:00";"626";"Com vítima";"403,200";"BR-101/RJ";"Decrescente";"Atropelamento de pedestre";0;0;0;0;0;0;0;0;0;0;0;0;0;1;0
"30/10/2024";"20:07:00";"669";"Com vítima";"219,000";"BR-116/SP";"Crescente";"Choque";0;0;0;1;0;0;0;0;0;0;0;1;0;0;0
"30/10/2024";"22:06:00";"716";"Sem vítima";"216,000";"BR-116/SP";"Decrescente";"Colisão traseira";1;0;0;0;0;0;0;0;0;0;0;0;0;0;0
"31/10/2024";"07:42:00";"256";"Com vítima";"136,800";"BR-116/SP";"Crescente";"Engavetamento";0;0;2;0;0;0;0;1;0;0;0;1;0;0;0
"31/10/2024";"07:44:00";"259";"Com vítima";"138,900";"BR-116/SP";"Crescente";"Colisão lateral em sentido contrário";1;0;0;1;0;0;0;0;0;0;2;1;0;0;0
"31/10/2024";"09:43:00";"403";"Sem vítima";"151,800";"BR-116/SP";"Decrescente";"Colisão lateral em sentido contrário";1;0;1;0;0;0;0;0;0;0;0;0;0;0;0
"31/10/2024";"11:10:00";"453";"Sem vítima";"224,000";"BR-116/SP";"Crescente";"Engavetamento";2;0;1;0;0;0;0;0;0;0;0;0;0;0;0
"31/10/2024";"11:26:00";"459";"Sem vítima";"223,100";"BR-116/SP";"Crescente";"Colisão lateral em sentido contrário";1;0;1;0;0;0;0;0;0;0;0;0;0;0;0
"31/10/2024";"12:12:00";"481";"Com vítima";"189,000";"BR-116/SP";"Decrescente";"Choque";1;0;0;0;0;0;0;0;0;0;0;1;0;0;0
"31/10/2024";"12:48:00";"503";"Com vítima";"50,500";"BR-116/SP";"Decrescente";"Engavetamento";3;0;0;0;0;1;0;0;0;0;0;0;1;0;0
"31/10/2024";"13:05:00";"516";"Sem vítima";"304,600";"BR-116/RJ";"Crescente";"Choque";0;0;0;0;0;0;0;1;0;0;0;0;0;0;0
"31/10/2024";"14:09:00";"553";"Com vítima";"117,000";"BR-116/SP";"Crescente";"Acidentes de outra natureza";0;0;0;1;0;0;0;0;0;0;0;0;1;0;0
"31/10/2024";"16:40:00";"616";"Sem vítima";"146,000";"BR-116/SP";"Crescente";"Colisão traseira";0;0;1;0;0;0;0;1;0;0;0;0;0;0;0
"31/10/2024";"16:56:00";"619";"Com vítima";"148,300";"BR-116/SP";"Decrescente";"Colisão lateral em sentido contrário";1;0;0;1;0;0;0;0;0;0;0;0;1;0;0
"31/10/2024";"17:12:00";"629";"Com vítima";"152,400";"BR-116/SP";"Decrescente";"Colisão traseira";2;0;0;0;0;0;0;0;0;0;0;2;0;0;0
"31/10/2024";"19:13:00";"693";"Com vítima";"141,300";"BR-116/SP";"Crescente";"Colisão traseira";0;0;0;2;0;0;0;0;0;0;0;1;0;0;0
"31/10/2024";"19:47:00";"715";"Com vítima";"112,000";"BR-116/SP";"Crescente";"Colisão lateral em sentido contrário";1;0;0;1;0;0;0;0;0;0;0;1;0;0;0
"31/10/2024";"20:43:00";"737";"Com vítima";"229,000";"BR-116/SP";"Decrescente";"Tombamento";0;0;1;0;0;0;0;0;0;0;0;1;0;0;0
"31/10/2024";"21:33:00";"757";"Com vítima";"504,000";"BR-101/RJ";"Crescente";"Colisão frontal";1;0;0;1;0;0;0;0;0;0;0;0;2;0;0
"31/10/2024";"21:39:00";"760";"Com vítima";"511,000";"BR-101/RJ";"Crescente";"Colisão lateral em sentido contrário";1;0;0;1;0;0;0;0;0;0;0;1;0;0;0
"31/10/2024";"23:05:00";"790";"Com vítima";"225,200";"BR-116/SP";"Crescente";"Colisão traseira";1;0;0;0;0;0;0;0;0;1;1;1;0;0;0
"01/11/2024";"00:38:00";"36";"Sem vítima";"85,100";"BR-116/SP";"Crescente";"Colisão traseira";2;0;0;0;0;0;0;0;0;0;0;0;0;0;0
"01/11/2024";"08:29:00";"288";"Com vítima";"225,000";"BR-116/SP";"Decrescente";"Colisão traseira";2;0;0;1;0;0;0;0;0;0;2;1;0;0;0
"01/11/2024";"08:46:00";"296";"Com vítima";"227,400";"BR-116/SP";"Crescente";"Colisão lateral em sentido contrário";1;0;0;1;0;0;0;0;0;0;1;2;0;0;0
"01/11/2024";"10:41:00";"381";"Com vítima";"289,300";"BR-116/RJ";"Decrescente";"Colisão traseira";0;0;0;1;0;0;0;0;0;0;0;1;0;0;0
"01/11/2024";"10:47:00";"385";"Sem vítima";"193,500";"BR-116/SP";"Crescente";"Acidentes de outra natureza";0;0;1;0;0;0;0;0;0;0;0;0;0;0;0
"01/11/2024";"11:53:00";"422";"Com vítima";"222,800";"BR-116/SP";"Crescente";"Colisão traseira";1;0;0;1;0;0;0;0;0;0;0;1;0;0;0
"01/11/2024";"13:00:00";"457";"Com vítima";"124,000";"BR-116/SP";"Crescente";"Acidentes de outra natureza";0;0;0;1;0;0;0;0;0;0;0;2;0;0;0
"01/11/2024";"14:59:00";"518";"Sem vítima";"226,000";"BR-116/SP";"Decrescente";"Colisão lateral em sentido contrário";1;0;0;0;0;0;0;1;0;0;0;0;0;0;0
"01/11/2024";"16:47:00";"568";"Sem vítima";"56,000";"BR-116/SP";"Crescente";"Engavetamento";3;0;0;0;0;0;0;0;0;0;0;0;0;0;0
"01/11/2024";"17:55:00";"596";"Com vítima";"50,150";"BR-101/SP";"Decrescente";"Atropelamento de pedestre";0;1;1;0;0;0;0;0;0;0;0;1;0;0;0
"01/11/2024";"19:01:00";"632";"Com vítima";"594,900";"BR-101/RJ";"Crescente";"Colisão traseira";2;0;0;0;0;0;0;0;0;0;0;0;2;0;0
"01/11/2024";"20:10:00";"662";"Sem vítima";"147,700";"BR-116/SP";"Decrescente";"Engavetamento";3;0;0;0;0;0;0;0;0;0;0;0;0;0;0
"01/11/2024";"22:55:00";"753";"Com vítima";"218,400";"BR-116/SP";"Decrescente";"Colisão lateral em sentido contrário";1;0;0;1;0;0;0;0;0;0;1;1;0;0;0
"02/11/2024";"00:25:00";"30";"Com vítima";"478,800";"BR-101/RJ";"Crescente";"Acidentes de outra natureza";0;0;0;1;0;0;0;0;0;0;0;0;1;0;0
"02/11/2024";"00:29:00";"31";"Com vítima";"152,500";"BR-116/SP";"Decrescente";"Colisão traseira";1;0;0;1;0;0;0;0;0;0;0;1;0;0;0
"02/11/2024";"00:38:00";"33";"Sem vítima";"403,000";"BR-101/RJ";"Decrescente";"Choque";2;0;0;0;0;0;0;0;0;0;0;0;0;0;0
"02/11/2024";"03:12:00";"312";"Com vítima";"575,000";"BR-101/RJ";"Decrescente";"Acidentes de outra natureza";0;0;0;1;0;0;0;0;0;0;0;0;0;0;1
"02/11/2024";"04:03:00";"58";"Sem vítima";"168,900";"BR-116/SP";"Decrescente";"Choque";1;0;0;0;0;0;0;0;0;0;0;0;0;0;0
"02/11/2024";"06:51:00";"110";"Sem vítima";"60,300";"BR-116/SP";"Crescente";"Colisão lateral em sentido contrário";1;0;1;0;0;0;0;0;0;0;0;0;0;0;0
"02/11/2024";"07:11:00";"131";"Com vítima";"196,000";"BR-116/SP";"Decrescente";"Atropelamento de pedestre";0;0;0;0;0;0;0;0;0;0;0;0;1;0;0
"02/11/2024";"08:07:00";"178";"Com vítima";"224,100";"BR-116/RJ";"Crescente";"Colisão traseira";0;0;0;2;0;0;0;0;0;0;0;0;1;1;0
"02/11/2024";"09:06:00";"202";"Com vítima";"502,000";"BR-101/RJ";"Crescente";"Colisão traseira";0;0;0;1;0;0;0;0;0;0;0;0;1;0;0
"02/11/2024";"09:44:00";"226";"Com vítima";"117,300";"BR-116/SP";"Decrescente";"Engavetamento";4;0;0;0;0;0;0;0;0;0;0;0;1;0;0
"02/11/2024";"10:27:00";"239";"Com vítima";"95,400";"BR-116/SP";"Decrescente";"Engavetamento";3;0;0;0;0;0;0;0;0;0;0;1;0;0;0
"02/11/2024";"11:28:00";"272";"Com vítima";"109,000";"BR-116/SP";"Decrescente";"Colisão traseira";1;0;0;1;0;0;0;0;0;0;0;0;1;0;0
"02/11/2024";"13:09:00";"316";"Com vítima";"95,200";"BR-116/SP";"Crescente";"Atropelamento de pedestre";0;0;0;0;0;0;0;1;0;0;1;0;0;0;1
"02/11/2024";"14:04:00";"342";"Sem vítima";"435,000";"BR-101/RJ";"Crescente";"Choque";1;0;0;0;0;0;0;0;0;0;0;0;0;0;0
"02/11/2024";"16:42:00";"409";"Com vítima";"461,100";"BR-101/RJ";"Decrescente";"Acidentes de outra natureza";0;0;0;1;0;0;0;0;0;0;0;0;1;0;0