data;horario;n_da_ocorrencia;tipo_de_ocorrencia;km;trecho;sentido;tipo_de_acidente;automovel;bicicleta;caminhao;moto;onibus;outros;tracao_animal;transporte_de_cargas_especiais;trator_maquinas;utilitarios;ilesos;levemente_feridos;moderadamente_feridos;gravemente_feridos;mortos
"02/11/2024";"17:17:00";"425";"Sem vítima";"470,600";"BR-101/RJ";"Decrescente";"Colisão lateral em sentido contrário";1;0;1;0;0;0;0;0;0;0;0;0;0;0;0
"02/11/2024";"17:27:00";"428";"Sem vítima";"428,700";"BR-101/RJ";"Decrescente";"Colisão lateral em sentido contrário";1;0;1;0;0;0;0;0;0;0;0;0;0;0;0
"02/11/2024";"17:56:00";"442";"Sem vítima";"270,200";"BR-116/RJ";"Crescente";"Choque";1;0;0;0;0;0;0;0;0;0;0;0;0;0;0
"02/11/2024";"19:52:00";"489";"Sem vítima";"223,700";"BR-116/SP";"Crescente";"Colisão traseira";2;0;0;0;0;0;0;0;0;0;0;0;0;0;0
"02/11/2024";"20:42:00";"512";"Com vítima";"418,300";"BR-101/RJ";"Decrescente";"Colisão lateral em sentido contrário";2;0;0;0;0;0;0;0;0;0;0;0;2;0;0
"02/11/2024";"22:21:00";"537";"Com vítima";"64,600";"BR-116/SP";"Crescente";"Capotamento";1;0;0;0;0;0;0;0;0;0;0;0;1;0;0
"02/11/2024";"22:37:00";"543";"Sem vítima";"237,400";"BR-116/RJ";"Decrescente";"Atropelamento de pedestre";1;0;0;0;0;0;0;0;0;0;0;0;0;0;0
"02/11/2024";"23:02:00";"548";"Com vítima";"97,200";"BR-116/SP";"Crescente";"Atropelamento de pedestre";1;1;0;0;0;0;0;0;0;0;3;0;0;0;0
"02/11/2024";"23:37:00";"560";"Com vítima";"154,700";"BR-116/SP";"Crescente";"Choque";1;0;0;0;0;0;0;0;0;0;0;0;1;0;0
"02/11/2024";"23:39:00";"561";"Com vítima";"147,350";"BR-116/SP";"Crescente";"Colisão lateral em sentido contrário";2;0;1;0;0;0;0;0;0;0;0;0;1;0;0
"03/11/2024";"00:00:00";"307";"Sem vítima";"324,100";"BR-116/RJ";"Decrescente";"Engavetamento";1;0;0;0;0;0;0;0;0;0;0;0;0;0;0
"03/11/2024";"01:08:00";"43";"Sem vítima";"415,300";"BR-101/RJ";"Crescente";"Atropelamento de pedestre";1;0;0;0;0;0;0;0;0;0;0;0;0;0;0
"03/11/2024";"04:31:00";"69";"Sem vítima";"563,800";"BR-101/RJ";"Decrescente";"Acidentes de outra natureza";1;0;0;0;0;0;0;0;0;0;0;0;0;0;0
"03/11/2024";"08:32:00";"140";"Com vítima";"476,000";"BR-101/RJ";"Crescente";"Acidentes de outra natureza";0;0;0;1;0;0;0;0;0;0;0;0;1;0;0
"03/11/2024";"10:13:00";"163";"Sem vítima";"149,000";"BR-116/SP";"Crescente";"Choque";1;0;0;0;0;0;0;0;0;0;0;0;0;0;0
"03/11/2024";"12:28:00";"203";"Com vítima";"232,000";"BR-116/RJ";"Decrescente";"Acidentes de outra natureza";0;0;0;1;0;0;0;0;0;0;0;1;0;0;0
"03/11/2024";"13:50:00";"233";"Com vítima";"144,500";"BR-116/SP";"Crescente";"Colisão traseira";1;0;0;1;0;0;0;0;0;0;0;0;1;0;0
"03/11/2024";"14:51:00";"250";"Sem vítima";"165,000";"BR-116/SP";"Crescente";"Colisão traseira";1;0;0;0;0;0;0;0;0;0;0;0;0;0;0
"03/11/2024";"15:14:00";"261";"Com vítima";"416,000";"BR-101/RJ";"Decrescente";"Atropelamento de pedestre";1;0;0;0;0;0;0;0;0;0;0;0;1;0;0
"03/11/2024";"15:20:00";"263";"Com vítima";"583,250";"BR-101/RJ";"Crescente";"Colisão lateral em sentido contrário";2;0;0;0;0;0;0;0;0;0;3;4;0;0;0
"03/11/2024";"15:31:00";"271";"Com vítima";"65,000";"BR-116/SP";"Crescente";"Acidentes de outra natureza";1;0;0;1;0;0;0;0;0;0;0;0;1;0;0
"03/11/2024";"15:33:00";"273";"Sem vítima";"223,000";"BR-116/SP";"Crescente";"Engavetamento";2;0;0;1;0;0;0;0;0;0;0;0;0;0;0
"03/11/2024";"16:12:00";"291";"Sem vítima";"228,000";"BR-116/SP";"Decrescente";"Choque";1;0;0;0;0;0;0;0;0;0;0;0;0;0;0
"03/11/2024";"16:18:00";"295";"Com vítima";"324,100";"BR-116/RJ";"Decrescente";"Capotamento";1;0;0;0;0;0;0;0;0;0;0;1;0;0;0
"03/11/2024";"16:22:00";"296";"Sem vítima";"104,900";"BR-116/SP";"Crescente";"Engavetamento";3;0;0;0;0;0;0;0;0;0;0;0;0;0;0
"03/11/2024";"16:30:00";"299";"Sem vítima";"103,200";"BR-116/SP";"Crescente";"Colisão traseira";2;0;0;0;0;0;0;0;0;0;0;0;0;0;0
"03/11/2024";"16:58:00";"314";"Sem vítima";"100,800";"BR-116/SP";"Crescente";"Engavetamento";3;0;0;0;0;0;0;0;0;0;0;0;0;0;0
"03/11/2024";"17:09:00";"322";"Sem vítima";"100,800";"BR-116/SP";"Crescente";"Colisão traseira";1;0;0;0;0;0;0;0;0;0;0;0;0;0;0
"03/11/2024";"17:52:00";"344";"Sem vítima";"235,700";"BR-116/RJ";"Crescente";"Choque";2;0;1;0;0;0;0;0;0;0;0;0;0;0;0
"03/11/2024";"18:16:00";"358";"Sem vítima";"279,100";"BR-116/RJ";"Decrescente";"Choque";1;0;0;0;0;0;0;0;0;0;0;0;0;0;0
"03/11/2024";"18:25:00";"362";"Sem vítima";"174,000";"BR-116/SP";"Crescente";"Colisão traseira";2;0;0;0;0;0;0;0;0;0;0;0;0;0;0
"03/11/2024";"19:29:00";"395";"Com vítima";"220,900";"BR-116/SP";"Crescente";"Colisão traseira";1;0;0;1;0;0;0;0;0;0;0;1;0;0;0
"03/11/2024";"21:10:00";"435";"Com vítima";"101,900";"BR-116/SP";"Crescente";"Tombamento";1;0;1;0;0;0;0;0;0;0;0;2;2;0;0
"03/11/2024";"21:29:00";"443";"Com vítima";"72,300";"BR-116/SP";"Decrescente";"Choque";1;0;0;0;0;0;0;0;0;0;0;1;0;0;0
"03/11/2024";"21:30:00";"444";"Com vítima";"81,900";"BR-116/SP";"Crescente";"Engavetamento";4;0;0;0;0;0;0;0;0;0;5;2;0;0;0
"03/11/2024";"23:35:00";"471";"Com vítima";"334,300";"BR-116/RJ";"Decrescente";"Acidentes de outra natureza";0;0;0;1;0;0;0;0;0;0;0;0;2;0;0
"04/11/2024";"00:00:00";"196";"Sem vítima";"52,700";"BR-116/SP";"Decrescente";"Colisão traseira";2;0;0;0;0;0;0;0;0;0;0;0;0;0;0
"04/11/2024";"00:00:00";"497";"Com vítima";"282,700";"BR-116/RJ";"Decrescente";"Colisão lateral em sentido contrário";1;0;1;0;0;0;0;0;0;0;0;1;0;0;0
"04/11/2024";"00:45:00";"328";"Sem vítima";"33,900";"BR-116/SP";"Crescente";"Colisão traseira";1;0;0;0;0;0;0;0;0;0;0;0;0;0;0
"04/11/2024";"06:57:00";"159";"Com vítima";"215,300";"BR-116/SP";"Crescente";"Colisão lateral em sentido contrário";1;0;0;1;0;0;0;0;0;0;0;0;1;0;0
"04/11/2024";"07:10:00";"173";"Com vítima";"202,000";"BR-116/SP";"Crescente";"Acidentes de outra natureza";0;0;0;1;0;0;0;0;0;0;0;1;0;0;0
"04/11/2024";"07:25:00";"193";"Com vítima";"477,000";"BR-101/RJ";"Crescente";"Acidentes de outra natureza";0;0;0;1;0;0;0;0;0;0;0;0;1;0;0
"04/11/2024";"07:32:00";"201";"Sem vítima";"326,000";"BR-116/RJ";"Decrescente";"Capotamento";1;0;0;0;0;0;0;0;0;0;0;0;0;0;0
"04/11/2024";"07:40:00";"209";"Com vítima";"334,000";"BR-116/RJ";"Crescente";"Choque";1;0;0;0;0;0;0;0;0;0;0;1;1;0;0
"04/11/2024";"07:52:00";"155";"Sem vítima";"202,000";"BR-116/SP";"Crescente";"Engavetamento";2;0;0;0;0;0;0;0;0;0;0;0;0;0;0
"04/11/2024";"08:19:00";"248";"Sem vítima";"326,700";"BR-116/RJ";"Decrescente";"Choque";1;0;0;0;0;0;0;0;0;0;0;0;0;0;0
"04/11/2024";"08:29:00";"262";"Sem vítima";"104,700";"BR-116/SP";"Crescente";"Engavetamento";5;0;0;0;0;0;0;0;0;0;0;0;0;0;0
"04/11/2024";"09:30:00";"299";"Sem vítima";"104,700";"BR-116/SP";"Decrescente";"Engavetamento";2;0;1;0;0;0;0;0;0;0;0;0;0;0;0
"04/11/2024";"10:30:00";"321";"Sem vítima";"501,000";"BR-101/RJ";"Decrescente";"Colisão lateral em sentido contrário";1;0;1;0;0;0;0;0;0;0;0;0;0;0;0
"04/11/2024";"11:25:00";"349";"Com vítima";"271,000";"BR-116/RJ";"Decrescente";"Colisão lateral em sentido contrário";0;0;0;0;0;0;0;2;0;0;0;1;0;0;0
"04/11/2024";"11:50:00";"359";"Com vítima";"283,000";"BR-116/RJ";"Decrescente";"Choque";1;0;0;0;0;0;0;0;0;0;0;1;0;0;0
"04/11/2024";"13:32:00";"403";"Sem vítima";"234,000";"BR-116/RJ";"Crescente";"Choque";1;0;0;0;0;0;0;0;0;0;0;0;0;0;0
"04/11/2024";"13:38:00";"407";"Com vítima";"229,600";"BR-116/RJ";"Decrescente";"Tombamento";0;0;1;0;0;0;0;0;0;0;0;0;1;0;0
"04/11/2024";"14:37:00";"431";"Sem vítima";"247,000";"BR-116/RJ";"Crescente";"Choque";1;0;0;0;0;0;0;0;0;0;0;0;0;0;0
"04/11/2024";"14:48:00";"439";"Sem vítima";"154,500";"BR-116/SP";"Decrescente";"Engavetamento";2;0;0;0;0;0;0;0;0;0;0;0;0;0;0
"04/11/2024";"16:57:00";"495";"Sem vítima";"429,000";"BR-101/RJ";"Crescente";"Choque";1;0;0;0;0;0;0;0;0;0;0;0;0;0;0
"04/11/2024";"17:52:00";"521";"Com vítima";"137,200";"BR-116/SP";"Decrescente";"Colisão lateral em sentido contrário";1;0;0;1;0;0;0;0;0;0;0;1;0;0;0
"04/11/2024";"18:11:00";"534";"Com vítima";"334,800";"BR-116/RJ";"Crescente";"Choque";0;0;1;0;0;0;0;0;0;0;0;1;0;0;0
"04/11/2024";"20:03:00";"586";"Sem vítima";"243,500";"BR-116/RJ";"Decrescente";"Colisão traseira";1;0;0;0;0;0;0;0;0;0;0;0;0;0;0
"04/11/2024";"20:16:00";"593";"Com vítima";"575,000";"BR-101/RJ";"Crescente";"Acidentes de outra natureza";1;0;0;0;0;0;0;0;0;0;0;0;2;0;0
"04/11/2024";"20:21:00";"599";"Sem vítima";"218,800";"BR-116/SP";"Crescente";"Choque";0;0;0;0;0;0;0;1;0;0;0;0;0;0;0
"04/11/2024";"20:46:00";"610";"Sem vítima";"219,000";"BR-116/SP";"Crescente";"Colisão lateral em sentido contrário";1;0;0;0;1;0;0;0;0;0;0;0;0;0;0
"04/11/2024";"20:47:00";"608";"Com vítima";"324,400";"BR-116/RJ";"Decrescente";"Choque";1;0;0;0;0;0;0;0;0;0;4;1;0;0;0
"05/11/2024";"00:14:00";"31";"Com vítima";"218,000";"BR-116/SP";"Decrescente";"Acidentes de outra natureza";0;0;0;1;0;0;0;0;0;0;0;1;0;0;0
"05/11/2024";"04:56:00";"75";"Sem vítima";"429,100";"BR-101/RJ";"Crescente";"Atropelamento de pedestre";1;0;0;0;0;0;0;0;0;0;0;0;0;0;0
"05/11/2024";"06:18:00";"133";"Sem vítima";"206,000";"BR-116/SP";"Crescente";"Colisão lateral em sentido contrário";0;0;1;0;0;0;0;0;0;0;0;0;0;0;0
"05/11/2024";"06:47:00";"173";"Com vítima";"47,350";"BR-101/SP";"Crescente";"Acidentes de outra natureza";1;0;0;1;0;0;0;0;0;0;1;1;0;0;0
"05/11/2024";"07:19:00";"216";"Sem vítima";"305,000";"BR-116/RJ";"Crescente";"Colisão lateral em sentido contrário";1;0;1;0;0;0;0;0;0;0;0;0;0;0;0
"05/11/2024";"07:39:00";"239";"Com vítima";"72,000";"BR-116/SP";"Crescente";"Engavetamento";3;0;0;0;0;0;0;0;0;0;0;0;2;0;0
"05/11/2024";"07:44:00";"248";"Com vítima";"281,250";"BR-116/RJ";"Crescente";"Engavetamento";5;0;2;1;0;0;0;0;0;0;0;1;2;0;0
"05/11/2024";"10:18:00";"397";"Com vítima";"221,000";"BR-116/SP";"Decrescente";"Colisão lateral em sentido contrário";0;0;1;1;0;0;0;0;0;0;0;1;0;0;0
"05/11/2024";"11:47:00";"441";"Sem vítima";"121,400";"BR-116/SP";"Crescente";"Choque";1;0;0;0;0;0;0;0;0;0;0;0;0;0;0
"05/11/2024";"12:20:00";"453";"Sem vítima";"281,950";"BR-116/RJ";"Crescente";"Choque";0;0;2;0;0;0;0;0;0;0;0;0;0;0;0
"05/11/2024";"12:45:00";"462";"Com vítima";"48,000";"BR-116/SP";"Crescente";"Choque";1;0;1;0;0;0;0;0;0;0;1;1;0;0;0
"05/11/2024";"13:01:00";"468";"Com vítima";"131,000";"BR-116/SP";"Crescente";"Atropelamento de pedestre";1;0;0;0;0;0;0;0;0;0;2;0;0;1;0
"05/11/2024";"14:34:00";"509";"Com vítima";"308,700";"BR-116/RJ";"Crescente";"Acidentes de outra natureza";0;0;0;1;0;0;0;0;0;0;0;0;0;0;1
"05/11/2024";"14:56:00";"520";"Sem vítima";"269,000";"BR-116/RJ";"Crescente";"Choque";1;0;0;0;0;0;0;0;0;0;0;0;0;0;0
"05/11/2024";"14:58:00";"521";"Sem vítima";"198,000";"BR-116/SP";"Crescente";"Choque";1;0;0;0;0;0;0;0;0;0;0;0;0;0;0
"05/11/2024";"16:52:00";"568";"Sem vítima";"155,000";"BR-116/SP";"Decrescente";"Colisão traseira";2;0;0;0;0;0;0;0;0;0;0;0;0;0;0
"05/11/2024";"17:07:00";"572";"Com vítima";"572,000";"BR-101/RJ";"Decrescente";"Acidentes de outra natureza";0;0;0;1;0;0;0;0;0;0;0;0;1;0;0
"05/11/2024";"17:47:00";"585";"Com vítima";"227,000";"BR-116/SP";"Decrescente";"Colisão traseira";2;0;0;0;0;0;0;0;0;0;3;1;0;0;0
"05/11/2024";"19:17:00";"636";"Sem vítima";"236,500";"BR-116/RJ";"Decrescente";"Colisão lateral em sentido contrário";1;0;0;0;0;0;0;0;0;0;0;0;0;0;0
"05/11/2024";"19:39:00";"647";"Com vítima";"224,100";"BR-116/SP";"Decrescente";"Acidentes de outra natureza";0;0;0;1;0;0;0;0;0;0;0;2;0;0;0
"06/11/2024";"06:31:00";"160";"Com vítima";"224,300";"BR-116/SP";"Decrescente";"Colisão traseira";2;0;0;0;0;0;0;0;0;0;0;1;0;0;0
"06/11/2024";"07:52:00";"261";"Sem vítima";"387,000";"BR-101/RJ";"Crescente";"Choque";1;0;0;0;0;0;0;0;0;0;0;0;0;0;0
"06/11/2024";"07:52:00";"265";"Com vítima";"149,000";"BR-116/SP";"Crescente";"Engavetamento";3;0;0;1;0;0;0;0;0;0;3;1;0;0;0
"06/11/2024";"07:59:00";"271";"Com vítima";"147,000";"BR-116/SP";"Crescente";"Engavetamento";0;0;1;3;0;0;0;0;0;0;4;0;0;0;1
"06/11/2024";"08:23:00";"296";"Sem vítima";"215,000";"BR-116/SP";"Crescente";"Engavetamento";0;0;2;0;0;0;0;0;0;0;0;0;0;0;0
"06/11/2024";"08:24:00";"298";"Sem vítima";"434,000";"BR-101/RJ";"Decrescente";"Choque";1;0;0;0;0;0;0;0;0;0;0;0;0;0;0
"06/11/2024";"08:31:00";"303";"Com vítima";"134,400";"BR-116/SP";"Crescente";"Engavetamento";4;0;0;0;0;0;0;0;0;0;0;0;2;0;0
"06/11/2024";"08:44:00";"319";"Sem vítima";"206,200";"BR-116/SP";"Decrescente";"Colisão traseira";2;0;0;0;0;0;0;0;0;0;0;0;0;0;0
"06/11/2024";"09:41:00";"369";"Sem vítima";"135,150";"BR-116/SP";"Decrescente";"Engavetamento";3;0;0;0;0;0;0;0;0;0;0;0;0;0;0
"06/11/2024";"09:52:00";"379";"Com vítima";"133,200";"BR-116/SP";"Crescente";"Colisão traseira";2;0;0;0;0;0;0;0;0;0;0;0;1;0;0
"06/11/2024";"12:13:00";"462";"Com vítima";"529,000";"BR-101/RJ";"Decrescente";"Tombamento";0;0;1;0;0;0;0;0;0;0;0;1;0;0;0
"06/11/2024";"12:41:00";"480";"Sem vítima";"60,000";"BR-116/SP";"Crescente";"Engavetamento";4;0;0;0;0;0;0;0;0;0;0;0;0;0;0
"06/11/2024";"12:57:00";"486";"Sem vítima";"148,000";"BR-116/SP";"Decrescente";"Colisão traseira";2;0;0;0;0;0;0;0;0;0;0;0;0;0;0
"06/11/2024";"16:52:00";"598";"Com vítima";"50,600";"BR-101/SP";"Decrescente";"Atropelamento de pedestre";0;1;0;1;0;0;0;0;0;0;0;1;0;0;0
"06/11/2024";"17:24:00";"609";"Com vítima";"228,000";"BR-116/SP";"Decrescente";"Acidentes de outra natureza";0;0;0;1;0;0;0;0;0;0;0;1;0;0;0
"06/11/2024";"17:37:00";"615";"Com vítima";"221,600";"BR-116/RJ";"Crescente";"Atropelamento de pedestre";0;0;0;1;0;0;0;0;0;0;0;1;1;0;0
"06/11/2024";"17:58:00";"624";"Com vítima";"298,300";"BR-116/RJ";"Decrescente";"Acidentes de outra natureza";0;0;0;1;0;0;0;0;0;0;0;1;0;0;0
"06/11/2024";"18:47:00";"648";"Com vítima";"86,700";"BR-116/SP";"Crescente";"Colisão traseira";0;0;1;0;0;0;0;0;0;1;0;1;0;0;0
"06/11/2024";"22:28:00";"739";"Com vítima";"225,000";"BR-116/SP";"Decrescente";"Choque";0;0;1;0;0;0;0;0;0;0;0;1;0;0;0
"06/11/2024";"23:55:00";"767";"Sem vítima";"384,300";"BR-101/RJ";"Crescente";"Tombamento";0;0;1;0;0;0;0;0;0;0;0;0;0;0;0
"07/11/2024";"08:31:00";"288";"Sem vítima";"270,700";"BR-116/RJ";"Decrescente";"Colisão lateral em sentido contrário";0;0;1;0;0;0;0;0;0;1;0;0;0;0;0
"07/11/2024";"10:37:00";"391";"Com vítima";"221,200";"BR-116/SP";"Crescente";"Acidentes de outra natureza";0;0;0;1;0;0;0;0;0;0;0;3;0;0;0
"07/11/2024";"11:28:00";"417";"Sem vítima";"202,000";"BR-116/SP";"Decrescente";"Colisão lateral em sentido contrário";1;0;0;0;0;0;0;1;0;0;0;0;0;0;0
"07/11/2024";"11:34:00";"421";"Sem vítima";"202,000";"BR-116/SP";"Decrescente";"Choque";0;0;1;0;0;0;0;0;0;0;0;0;0;0;0
"07/11/2024";"12:28:00";"450";"Com vítima";"36,000";"BR-101/SP";"Decrescente";"Colisão lateral em sentido contrário";1;0;0;1;0;0;0;0;0;0;0;1;0;0;0
"07/11/2024";"12:49:00";"460";"Sem vítima";"59,300";"BR-116/SP";"Decrescente";"Acidentes de outra natureza";1;0;0;0;0;0;0;0;0;0;0;0;0;0;0
"07/11/2024";"13:27:00";"479";"Com vítima";"227,600";"BR-116/SP";"Decrescente";"Colisão traseira";1;0;0;0;0;0;0;1;0;0;1;1;0;0;0
"07/11/2024";"13:34:00";"483";"Sem vítima";"206,000";"BR-116/SP";"Crescente";"Choque";0;0;0;0;0;0;0;1;0;0;0;0;0;0;0
"07/11/2024";"13:45:00";"491";"Com vítima";"86,950";"BR-116/SP";"Decrescente";"Acidentes de outra natureza";0;0;0;1;0;0;0;0;0;0;0;2;0;0;0
"07/11/2024";"14:44:00";"516";"Sem vítima";"234,000";"BR-116/RJ";"Decrescente";"Choque";1;0;0;0;0;0;0;0;0;0;0;0;0;0;0
"07/11/2024";"14:47:00";"518";"Sem vítima";"521,000";"BR-101/RJ";"Crescente";"Acidentes de outra natureza";0;0;0;1;0;0;0;0;0;0;0;0;0;0;0
"07/11/2024";"16:40:00";"575";"Com vítima";"306,000";"BR-116/RJ";"Decrescente";"Atropelamento de pedestre";0;0;0;0;0;0;0;0;0;0;0;0;1;0;0
"07/11/2024";"16:51:00";"578";"Sem vítima";"295,400";"BR-116/RJ";"Decrescente";"Choque";1;0;0;0;0;0;0;0;0;0;0;0;0;0;0
"07/11/2024";"19:03:00";"646";"Sem vítima";"251,500";"BR-116/RJ";"Crescente";"Choque";1;0;0;0;0;0;0;0;0;0;0;0;0;0;0
"07/11/2024";"21:10:00";"709";"Com vítima";"205,700";"BR-116/SP";"Crescente";"Atropelamento de pedestre";0;0;0;0;0;0;0;0;0;0;0;0;1;0;0
"07/11/2024";"21:15:00";"711";"Com vítima";"244,500";"BR-116/RJ";"Decrescente";"Choque";0;0;1;0;0;0;0;0;0;0;0;1;0;0;0
"07/11/2024";"21:54:00";"729";"Sem vítima";"556,900";"BR-101/RJ";"Crescente";"Choque";1;0;0;0;0;0;0;0;0;0;0;0;0;0;0
"07/11/2024";"22:46:00";"746";"Sem vítima";"160,900";"BR-116/SP";"Crescente";"Choque";0;0;1;0;0;0;0;0;0;0;0;0;0;0;0
"07/11/2024";"23:30:00";"758";"Com vítima";"478,700";"BR-101/RJ";"Crescente";"Colisão frontal";0;0;2;3;0;0;0;0;0;0;0;1;2;0;0
"08/11/2024";"00:00:00";"359";"Com vítima";"550,900";"BR-101/RJ";"Decrescente";"Acidentes de outra natureza";0;0;0;1;0;0;0;0;0;0;0;1;0;0;0
"08/11/2024";"00:00:00";"413";"Com vítima";"145,000";"BR-116/SP";"Crescente";"Colisão lateral em sentido contrário";1;0;0;0;0;0;0;1;0;0;0;4;0;0;0
"08/11/2024";"00:26:00";"38";"Com vítima";"222,400";"BR-116/SP";"Crescente";"Acidentes de outra natureza";0;0;0;1;0;0;0;0;0;0;0;3;0;0;0
"08/11/2024";"05:25:00";"99";"Sem vítima";"57,000";"BR-116/SP";"Crescente";"Choque";1;0;0;0;0;0;0;0;0;0;0;0;0;0;0
"08/11/2024";"05:57:00";"125";"Com vítima";"193,000";"BR-116/SP";"Decrescente";"Choque";1;0;0;0;0;0;0;0;0;0;0;1;0;0;0
"08/11/2024";"06:16:00";"144";"Sem vítima";"145,800";"BR-116/SP";"Crescente";"Engavetamento";4;0;0;0;0;0;0;0;0;0;0;0;0;0;0
"08/11/2024";"07:16:00";"211";"Sem vítima";"140,200";"BR-116/SP";"Crescente";"Colisão traseira";1;0;0;0;0;0;0;0;0;0;0;0;0;0;0
"08/11/2024";"07:52:00";"256";"Sem vítima";"103,000";"BR-116/SP";"Crescente";"Colisão traseira";1;0;1;0;0;0;0;0;0;0;0;0;0;0;0
"08/11/2024";"08:44:00";"297";"Com vítima";"216,900";"BR-116/SP";"Crescente";"Colisão traseira";0;0;0;2;0;0;0;0;0;0;0;1;0;0;0
"08/11/2024";"09:18:00";"324";"Com vítima";"218,700";"BR-116/RJ";"Crescente";"Choque";1;0;0;0;0;0;0;0;0;0;0;0;1;0;0
"08/11/2024";"09:46:00";"339";"Com vítima";"154,400";"BR-116/SP";"Crescente";"Colisão traseira";1;0;0;1;0;0;0;0;0;0;0;2;0;0;0
"08/11/2024";"10:30:00";"370";"Sem vítima";"480,000";"BR-101/RJ";"Crescente";"Colisão frontal";2;0;0;0;0;0;0;0;0;0;0;0;0;0;0
"08/11/2024";"11:17:00";"390";"Sem vítima";"225,000";"BR-116/SP";"Decrescente";"Colisão lateral em sentido contrário";1;0;1;0;0;0;0;0;0;0;0;0;0;0;0
"08/11/2024";"11:27:00";"396";"Sem vítima";"508,000";"BR-101/RJ";"Crescente";"Colisão lateral em sentido contrário";1;0;1;0;0;0;0;0;0;0;0;0;0;0;0
"08/11/2024";"11:38:00";"400";"Sem vítima";"219,000";"BR-116/SP";"Decrescente";"Engavetamento";3;0;0;0;1;0;0;0;0;0;0;0;0;0;0
"08/11/2024";"12:27:00";"425";"Sem vítima";"145,000";"BR-116/SP";"Decrescente";"Colisão traseira";1;0;0;0;0;0;0;0;0;0;0;0;0;0;0
"08/11/2024";"12:48:00";"440";"Sem vítima";"93,000";"BR-116/SP";"Crescente";"Colisão traseira";1;0;0;0;0;0;0;0;0;0;0;0;0;0;0
"08/11/2024";"13:24:00";"458";"Sem vítima";"236,650";"BR-116/RJ";"Crescente";"Choque";0;0;1;0;0;0;0;0;0;0;0;0;0;0;0
"08/11/2024";"14:10:00";"476";"Com vítima";"386,000";"BR-101/RJ";"Crescente";"Colisão traseira";0;0;1;1;0;0;0;0;0;0;1;0;1;0;0
"08/11/2024";"15:05:00";"496";"Sem vítima";"112,400";"BR-116/SP";"Crescente";"Choque";0;0;0;0;0;0;0;1;0;0;0;0;0;0;0
"08/11/2024";"15:33:00";"507";"Sem vítima";"45,800";"BR-101/SP";"Decrescente";"Colisão lateral em sentido contrário";1;0;0;1;0;0;0;0;0;0;0;0;0;0;0
"08/11/2024";"15:45:00";"516";"Sem vítima";"295,800";"BR-116/RJ";"Decrescente";"Capotamento";0;0;0;0;0;0;0;0;0;1;0;0;0;0;0
"08/11/2024";"15:47:00";"518";"Com vítima";"284,500";"BR-116/RJ";"Crescente";"Choque";1;0;0;0;0;0;0;0;0;0;0;0;0;1;0
"08/11/2024";"17:07:00";"560";"Com vítima";"224,800";"BR-116/RJ";"Crescente";"Choque";0;0;1;0;0;0;0;0;0;0;0;1;0;0;0
"08/11/2024";"17:21:00";"569";"Com vítima";"429,800";"BR-101/RJ";"Decrescente";"Acidentes de outra natureza";1;0;0;0;0;0;0;0;0;0;1;1;0;0;0
"08/11/2024";"17:51:00";"584";"Sem vítima";"466,300";"BR-101/RJ";"Decrescente";"Colisão lateral em sentido contrário";1;0;0;0;0;0;0;0;0;0;0;0;0;0;0
"08/11/2024";"17:51:00";"586";"Sem vítima";"0,900";"BR-116/SP";"Decrescente";"Choque";1;0;0;0;0;0;0;0;0;0;0;0;0;0;0
"08/11/2024";"18:37:00";"614";"Com vítima";"230,900";"BR-116/RJ";"Crescente";"Choque";1;0;0;0;0;0;0;0;0;0;0;1;0;0;0
"08/11/2024";"18:46:00";"623";"Sem vítima";"527,000";"BR-101/RJ";"Crescente";"Colisão lateral em sentido contrário";2;0;0;0;0;0;0;0;0;0;0;0;0;0;0
"08/11/2024";"19:17:00";"641";"Com vítima";"216,100";"BR-116/SP";"Crescente";"Acidentes de outra natureza";0;0;0;1;0;0;0;0;0;0;0;1;0;0;0
"08/11/2024";"19:34:00";"649";"Com vítima";"225,100";"BR-116/SP";"Decrescente";"Tombamento";0;0;1;0;0;0;0;0;0;0;0;1;0;0;0
"08/11/2024";"19:34:00";"759";"Sem vítima";"194,550";"BR-116/SP";"Decrescente";"Tombamento";0;0;1;0;0;0;0;0;0;0;0;0;0;0;0
"08/11/2024";"19:46:00";"658";"Sem vítima";"225,100";"BR-116/SP";"Crescente";"Colisão lateral em sentido contrário";2;0;0;0;0;0;0;0;0;0;0;0;0;0;0
"08/11/2024";"19:55:00";"666";"Sem vítima";"316,000";"BR-116/RJ";"Decrescente";"Acidentes de outra natureza";1;0;0;0;0;0;0;0;0;0;0;0;0;0;0
"08/11/2024";"20:40:00";"681";"Com vítima";"456,000";"BR-101/RJ";"Crescente";"Atropelamento de pedestre";0;1;0;1;0;0;0;0;0;0;1;0;0;0;0
"08/11/2024";"20:53:00";"691";"Com vítima";"244,500";"BR-116/RJ";"Decrescente";"Acidentes de outra natureza";0;0;0;1;0;0;0;0;0;0;0;1;0;0;0