data;horario;n_da_ocorrencia;tipo_de_ocorrencia;km;trecho;sentido;tipo_de_acidente;automovel;bicicleta;caminhao;moto;onibus;outros;tracao_animal;transporte_de_cargas_especiais;trator_maquinas;utilitarios;ilesos;levemente_feridos;moderadamente_feridos;gravemente_feridos;mortos
"08/11/2024";"23:19:00";"754";"Sem vítima";"226,800";"BR-116/SP";"Decrescente";"Colisão lateral em sentido contrário";1;0;1;0;0;0;0;0;0;0;0;0;0;0;0
"09/11/2024";"00:58:00";"47";"Sem vítima";"440,000";"BR-101/RJ";"Crescente";"Choque";1;0;0;0;0;0;0;0;0;0;0;0;0;0;0
"09/11/2024";"03:01:00";"70";"Sem vítima";"521,200";"BR-101/RJ";"Decrescente";"Atropelamento de pedestre";1;0;0;0;0;0;0;0;0;0;0;0;0;0;0
"09/11/2024";"03:39:00";"76";"Com vítima";"575,000";"BR-101/RJ";"Crescente";"Acidentes de outra natureza";0;0;0;1;0;0;0;0;0;0;0;0;1;0;0
"09/11/2024";"04:29:00";"86";"Com vítima";"556,900";"BR-101/RJ";"Decrescente";"Colisão frontal";1;0;0;0;0;0;0;0;0;0;1;1;2;2;0
"09/11/2024";"06:48:00";"156";"Sem vítima";"232,500";"BR-116/RJ";"Decrescente";"Choque";1;0;0;0;0;0;0;0;0;0;0;0;0;0;0
"09/11/2024";"07:20:00";"183";"Sem vítima";"230,300";"BR-116/RJ";"Decrescente";"Choque";1;0;0;0;0;0;0;0;0;0;0;0;0;0;0
"09/11/2024";"08:32:00";"233";"Com vítima";"225,000";"BR-116/RJ";"Crescente";"Colisão traseira";1;0;1;0;0;0;0;0;0;0;2;1;0;0;0
"09/11/2024";"09:00:00";"249";"Sem vítima";"115,000";"BR-116/SP";"Decrescente";"Engavetamento";3;0;0;0;0;0;0;0;0;0;0;0;0;0;0
"09/11/2024";"09:25:00";"265";"Com vítima";"481,700";"BR-101/RJ";"Crescente";"Colisão traseira";2;0;0;0;0;0;0;0;0;0;4;1;0;0;0
"09/11/2024";"09:37:00";"274";"Com vítima";"233,900";"BR-116/RJ";"Decrescente";"Capotamento";2;0;0;0;0;0;0;0;0;0;0;3;0;0;0
"09/11/2024";"09:55:00";"287";"Sem vítima";"233,900";"BR-116/RJ";"Decrescente";"Colisão traseira";0;0;2;0;0;0;0;0;0;0;0;0;0;0;0
"09/11/2024";"09:59:00";"291";"Com vítima";"110,000";"BR-116/SP";"Decrescente";"Acidentes de outra natureza";0;0;0;1;0;0;0;0;0;0;0;1;0;0;0
"09/11/2024";"12:09:00";"340";"Com vítima";"234,900";"BR-116/RJ";"Decrescente";"Capotamento";1;0;0;0;0;0;0;0;0;0;0;1;0;0;0
"09/11/2024";"13:17:00";"371";"Sem vítima";"151,000";"BR-116/SP";"Decrescente";"Engavetamento";6;0;0;0;0;0;0;0;0;0;0;0;0;0;0
"09/11/2024";"13:31:00";"375";"Sem vítima";"469,000";"BR-101/RJ";"Decrescente";"Choque";1;0;0;0;0;0;0;0;0;0;0;0;0;0;0
"09/11/2024";"14:50:00";"413";"Sem vítima";"498,000";"BR-101/RJ";"Decrescente";"Acidentes de outra natureza";0;0;0;1;0;0;0;0;0;0;0;0;0;0;0
"09/11/2024";"16:34:00";"472";"Sem vítima";"312,000";"BR-116/RJ";"Crescente";"Engavetamento";2;0;0;0;0;0;0;1;0;0;0;0;0;0;0
"09/11/2024";"17:35:00";"492";"Sem vítima";"514,000";"BR-101/RJ";"Decrescente";"Capotamento";1;0;0;0;0;0;0;0;0;0;0;0;0;0;0
"09/11/2024";"18:04:00";"506";"Sem vítima";"289,800";"BR-116/RJ";"Decrescente";"Choque";1;0;0;0;0;0;0;0;0;0;0;0;0;0;0
"09/11/2024";"21:40:00";"597";"Com vítima";"252,900";"BR-116/RJ";"Crescente";"Choque";1;0;0;0;0;0;0;0;0;0;0;4;0;0;0
"09/11/2024";"23:03:00";"619";"Sem vítima";"469,000";"BR-101/RJ";"Crescente";"Choque";1;0;0;0;0;0;0;0;0;0;0;0;0;0;0
"10/11/2024";"00:18:00";"33";"Com vítima";"196,900";"BR-116/SP";"Crescente";"Colisão traseira";2;0;0;0;0;0;0;0;0;0;3;1;0;0;1
"10/11/2024";"02:43:00";"57";"Com vítima";"89,880";"BR-116/SP";"Crescente";"Choque";1;0;0;0;0;0;0;0;0;0;0;0;2;0;1
"10/11/2024";"03:07:00";"64";"Sem vítima";"261,500";"BR-116/RJ";"Decrescente";"Choque";1;0;0;0;0;0;0;0;0;0;0;0;0;0;0
"10/11/2024";"03:40:00";"67";"Sem vítima";"438,000";"BR-101/RJ";"Crescente";"Atropelamento de pedestre";1;0;0;0;0;0;0;0;0;0;0;0;0;0;0
"10/11/2024";"05:48:00";"89";"Com vítima";"228,000";"BR-116/SP";"Crescente";"Acidentes de outra natureza";0;0;0;1;0;0;0;0;0;0;1;1;0;0;0
"10/11/2024";"06:46:00";"109";"Sem vítima";"201,000";"BR-116/SP";"Decrescente";"Choque";1;0;0;0;0;0;0;0;0;0;0;0;0;0;0
"10/11/2024";"07:25:00";"132";"Com vítima";"227,500";"BR-116/SP";"Decrescente";"Colisão lateral em sentido contrário";1;0;0;1;0;0;0;0;0;0;2;1;0;0;0
"10/11/2024";"07:48:00";"140";"Sem vítima";"227,500";"BR-116/SP";"Decrescente";"Choque";1;0;0;0;0;0;0;0;0;0;0;0;0;0;0
"10/11/2024";"08:07:00";"151";"Sem vítima";"212,000";"BR-116/SP";"Decrescente";"Acidentes de outra natureza";0;0;0;1;0;0;0;0;0;0;0;0;0;0;0
"10/11/2024";"08:55:00";"172";"Sem vítima";"91,800";"BR-116/SP";"Decrescente";"Colisão traseira";2;0;0;0;0;0;0;0;0;0;0;0;0;0;0
"10/11/2024";"09:02:00";"177";"Com vítima";"209,000";"BR-116/SP";"Decrescente";"Acidentes de outra natureza";0;0;0;1;0;0;0;0;0;0;0;2;0;0;0
"10/11/2024";"09:23:00";"185";"Sem vítima";"476,200";"BR-101/RJ";"Crescente";"Choque";1;0;0;0;0;0;0;0;0;0;0;0;0;0;0
"10/11/2024";"10:32:00";"213";"Com vítima";"335,300";"BR-116/RJ";"Decrescente";"Tombamento";0;0;0;0;0;0;0;1;0;0;0;1;0;0;0
"10/11/2024";"10:39:00";"216";"Sem vítima";"226,000";"BR-116/SP";"Decrescente";"Choque";1;0;0;0;0;0;0;0;0;0;0;0;0;0;0
"10/11/2024";"11:01:00";"225";"Com vítima";"138,000";"BR-116/SP";"Decrescente";"Acidentes de outra natureza";0;0;0;1;0;0;0;0;0;0;0;0;2;0;0
"10/11/2024";"13:18:00";"284";"Sem vítima";"211,600";"BR-116/SP";"Crescente";"Colisão traseira";1;0;0;0;0;0;0;0;0;0;0;0;0;0;0
"10/11/2024";"13:42:00";"293";"Com vítima";"218,000";"BR-116/SP";"Crescente";"Acidentes de outra natureza";0;0;0;1;0;0;0;0;0;0;0;1;1;0;0
"10/11/2024";"13:56:00";"295";"Com vítima";"399,000";"BR-101/RJ";"Crescente";"Colisão lateral em sentido contrário";1;0;0;1;0;0;0;0;0;0;2;2;0;0;0
"10/11/2024";"14:58:00";"326";"Com vítima";"116,800";"BR-116/SP";"Crescente";"Acidentes de outra natureza";0;0;0;1;0;0;0;0;0;0;0;2;0;0;0
"10/11/2024";"15:37:00";"347";"Com vítima";"274,000";"BR-116/RJ";"Crescente";"Choque";0;0;0;0;0;0;0;0;0;1;0;0;1;0;0
"10/11/2024";"17:30:00";"392";"Sem vítima";"60,700";"BR-116/SP";"Decrescente";"Colisão traseira";1;0;1;0;0;0;0;0;0;0;0;0;0;0;0
"10/11/2024";"18:15:00";"414";"Com vítima";"183,200";"BR-116/SP";"Crescente";"Colisão traseira";2;0;0;0;0;0;0;0;0;0;4;2;0;0;0
"10/11/2024";"18:21:00";"416";"Com vítima";"91,700";"BR-116/SP";"Crescente";"Colisão traseira";1;0;0;2;0;0;0;0;0;0;6;1;0;0;0
"10/11/2024";"18:49:00";"427";"Com vítima";"181,500";"BR-116/SP";"Crescente";"Colisão traseira";2;0;0;1;0;0;0;0;0;0;5;0;0;1;1
"10/11/2024";"18:53:00";"432";"Sem vítima";"212,000";"BR-116/SP";"Crescente";"Colisão traseira";1;0;0;1;0;0;0;0;0;0;0;0;0;0;0
"10/11/2024";"19:30:00";"448";"Sem vítima";"229,900";"BR-116/RJ";"Decrescente";"Choque";0;0;1;0;0;0;0;0;0;0;0;0;0;0;0
"10/11/2024";"20:00:00";"463";"Sem vítima";"142,200";"BR-116/SP";"Decrescente";"Colisão traseira";2;0;0;0;0;0;0;0;0;0;0;0;0;0;0
"11/11/2024";"00:24:00";"40";"Sem vítima";"312,000";"BR-116/RJ";"Decrescente";"Colisão traseira";1;0;1;0;0;0;0;0;0;0;0;0;0;0;0
"11/11/2024";"03:04:00";"61";"Sem vítima";"383,500";"BR-101/RJ";"Crescente";"Acidentes de outra natureza";1;0;0;0;0;0;0;0;0;0;0;0;0;0;0
"11/11/2024";"06:41:00";"180";"Sem vítima";"247,010";"BR-116/RJ";"Decrescente";"Choque";0;0;1;0;0;0;0;1;0;0;0;0;0;0;0
"11/11/2024";"07:04:00";"209";"Com vítima";"225,500";"BR-116/SP";"Crescente";"Engavetamento";1;0;0;2;0;0;0;0;0;0;2;2;0;0;0
"11/11/2024";"07:05:00";"211";"Sem vítima";"226,000";"BR-116/SP";"Crescente";"Engavetamento";2;0;1;0;0;0;0;0;0;0;0;0;0;0;0
"11/11/2024";"07:10:00";"222";"Sem vítima";"462,000";"BR-101/RJ";"Crescente";"Colisão lateral em sentido contrário";1;0;0;0;0;0;0;0;0;0;0;0;0;0;0
"11/11/2024";"08:00:00";"273";"Sem vítima";"147,000";"BR-116/SP";"Crescente";"Colisão traseira";0;0;0;1;1;0;0;0;0;0;0;0;0;0;0
"11/11/2024";"09:53:00";"383";"Sem vítima";"33,400";"BR-116/SP";"Crescente";"Colisão lateral em sentido contrário";0;0;0;0;1;0;0;0;0;1;0;0;0;0;0
"11/11/2024";"10:17:00";"401";"Com vítima";"219,000";"BR-116/SP";"Crescente";"Engavetamento";1;0;0;2;0;0;0;0;0;0;3;1;0;0;0
"11/11/2024";"12:19:00";"467";"Sem vítima";"96,800";"BR-116/SP";"Decrescente";"Engavetamento";2;0;1;0;1;0;0;0;0;0;0;0;0;0;0
"11/11/2024";"12:23:00";"469";"Com vítima";"103,400";"BR-116/SP";"Crescente";"Acidentes de outra natureza";0;0;0;1;0;0;0;0;0;0;0;2;0;0;0
"11/11/2024";"14:33:00";"538";"Sem vítima";"423,000";"BR-101/RJ";"Crescente";"Choque";1;0;0;0;0;0;0;0;0;0;2;0;0;0;0
"11/11/2024";"14:42:00";"543";"Com vítima";"198,000";"BR-116/SP";"Decrescente";"Acidentes de outra natureza";0;0;0;1;0;0;0;0;0;0;0;0;1;0;0
"11/11/2024";"17:29:00";"628";"Com vítima";"218,000";"BR-116/SP";"Crescente";"Colisão lateral em sentido contrário";0;0;0;1;0;0;0;0;0;0;0;1;0;0;0
"11/11/2024";"18:07:00";"646";"Com vítima";"108,800";"BR-116/SP";"Crescente";"Colisão traseira";1;0;0;0;0;0;0;0;0;1;0;2;0;0;0
"11/11/2024";"18:42:00";"661";"Com vítima";"296,000";"BR-116/RJ";"Decrescente";"Engavetamento";3;0;0;0;0;0;0;0;0;0;5;1;0;0;0
"11/11/2024";"20:44:00";"718";"Com vítima";"213,000";"BR-116/SP";"Crescente";"Acidentes de outra natureza";0;0;0;1;0;0;0;0;0;0;0;1;0;0;0
"11/11/2024";"22:50:00";"771";"Com vítima";"227,000";"BR-116/SP";"Crescente";"Choque";0;0;1;0;0;0;0;0;0;0;0;1;0;0;0
"12/11/2024";"04:39:00";"89";"Com vítima";"39,600";"BR-116/SP";"Decrescente";"Choque";0;0;1;0;0;0;0;0;0;0;0;1;0;0;0
"12/11/2024";"05:35:00";"107";"Sem vítima";"233,600";"BR-116/RJ";"Decrescente";"Colisão traseira";2;0;0;0;0;0;0;0;0;0;0;0;0;0;0
"12/11/2024";"08:03:00";"261";"Com vítima";"226,500";"BR-116/RJ";"Decrescente";"Tombamento";0;0;1;0;0;0;0;0;0;0;0;0;1;0;0
"12/11/2024";"09:42:00";"352";"Com vítima";"51,200";"BR-101/SP";"Crescente";"Colisão lateral em sentido contrário";1;0;0;1;0;0;0;0;0;0;1;1;0;0;0
"12/11/2024";"13:24:00";"478";"Com vítima";"211,000";"BR-116/SP";"Decrescente";"Colisão traseira";1;0;0;1;0;0;0;0;0;0;1;1;0;0;0
"12/11/2024";"14:58:00";"557";"Com vítima";"314,900";"BR-116/RJ";"Crescente";"Choque";1;0;0;0;0;0;0;0;0;0;0;1;0;0;0
"12/11/2024";"15:13:00";"563";"Com vítima";"101,350";"BR-116/SP";"Decrescente";"Engavetamento";3;0;1;0;0;0;0;0;0;1;8;4;0;0;0
"12/11/2024";"15:42:00";"555";"Sem vítima";"148,500";"BR-116/SP";"Decrescente";"Engavetamento";1;0;1;0;0;0;0;1;0;0;0;0;0;0;0
"12/11/2024";"15:47:00";"577";"Sem vítima";"162,700";"BR-116/SP";"Decrescente";"Choque";0;0;1;0;0;0;0;0;0;0;0;0;0;0;0
"12/11/2024";"17:30:00";"640";"Com vítima";"428,500";"BR-101/RJ";"Crescente";"Atropelamento de pedestre";1;1;0;0;0;0;0;0;0;0;1;0;0;0;0
"12/11/2024";"18:24:00";"672";"Sem vítima";"324,800";"BR-116/RJ";"Crescente";"Colisão traseira";0;0;2;0;0;0;0;0;0;0;0;0;0;0;0
"12/11/2024";"18:45:00";"685";"Sem vítima";"226,000";"BR-116/SP";"Decrescente";"Colisão traseira";0;0;1;0;0;0;0;0;0;0;0;0;0;0;0
"12/11/2024";"19:33:00";"709";"Sem vítima";"62,600";"BR-116/SP";"Decrescente";"Atropelamento de pedestre";0;0;1;0;0;0;0;0;0;0;0;0;0;0;0
"12/11/2024";"22:31:00";"787";"Sem vítima";"232,500";"BR-116/RJ";"Decrescente";"Capotamento";1;0;0;0;0;0;0;0;0;0;0;0;0;0;0
"13/11/2024";"00:00:00";"51";"Com vítima";"26,500";"BR-116/SP";"Decrescente";"Colisão traseira";0;0;2;0;0;0;0;0;0;0;1;0;0;1;0
"13/11/2024";"06:53:00";"160";"Com vítima";"218,700";"BR-116/SP";"Crescente";"Engavetamento";1;0;0;1;0;0;0;0;0;0;3;1;0;0;0
"13/11/2024";"07:38:00";"213";"Sem vítima";"38,000";"BR-116/SP";"Decrescente";"Capotamento";1;0;0;0;0;0;0;0;0;0;0;0;0;0;0
"13/11/2024";"07:44:00";"217";"Sem vítima";"38,000";"BR-116/SP";"Decrescente";"Choque";0;0;1;0;0;0;0;0;0;0;0;0;0;0;0
"13/11/2024";"07:57:00";"231";"Sem vítima";"70,000";"BR-116/SP";"Decrescente";"Colisão lateral em sentido contrário";1;0;0;0;0;0;0;0;0;0;0;0;0;0;0
"13/11/2024";"08:25:00";"255";"Sem vítima";"234,000";"BR-116/RJ";"Decrescente";"Choque";1;0;0;0;0;0;0;0;0;0;0;0;0;0;0
"13/11/2024";"09:07:00";"289";"Com vítima";"43,000";"BR-116/SP";"Decrescente";"Choque";0;0;1;0;0;0;0;0;0;0;0;1;0;0;0
"13/11/2024";"09:14:00";"294";"Sem vítima";"429,000";"BR-101/RJ";"Crescente";"Choque";1;0;0;0;0;0;0;0;0;0;0;0;0;0;0
"13/11/2024";"11:15:00";"366";"Sem vítima";"142,200";"BR-116/SP";"Decrescente";"Colisão lateral em sentido contrário";1;0;0;0;1;0;0;0;0;0;0;0;0;0;0
"13/11/2024";"11:45:00";"380";"Sem vítima";"168,700";"BR-116/SP";"Crescente";"Colisão traseira";2;0;0;0;0;0;0;0;0;0;0;0;0;0;0
"13/11/2024";"12:22:00";"399";"Sem vítima";"139,600";"BR-116/SP";"Crescente";"Colisão lateral em sentido contrário";1;0;1;0;0;0;0;0;0;0;0;0;0;0;0
"13/11/2024";"14:07:00";"462";"Sem vítima";"421,000";"BR-101/RJ";"Crescente";"Choque";1;0;0;0;0;0;0;0;0;0;0;0;0;0;0
"13/11/2024";"14:44:00";"487";"Sem vítima";"279,300";"BR-116/RJ";"Decrescente";"Colisão lateral em sentido contrário";1;0;1;0;0;0;0;0;0;0;0;0;0;0;0
"13/11/2024";"16:22:00";"527";"Com vítima";"222,200";"BR-116/SP";"Decrescente";"Colisão lateral em sentido contrário";0;0;1;1;1;0;0;0;0;0;2;0;0;1;0
"13/11/2024";"17:35:00";"488";"Com vítima";"480,000";"BR-101/RJ";"Decrescente";"Choque";1;0;0;0;0;0;0;0;0;0;1;1;0;0;0
"13/11/2024";"18:02:00";"573";"Sem vítima";"435,300";"BR-101/RJ";"Decrescente";"Choque";1;0;0;0;0;0;0;0;0;0;0;0;0;0;0
"13/11/2024";"18:10:00";"577";"Sem vítima";"226,600";"BR-116/SP";"Decrescente";"Colisão traseira";0;0;2;0;0;0;0;0;0;0;0;0;0;0;0
"13/11/2024";"22:46:00";"692";"Com vítima";"321,900";"BR-116/RJ";"Crescente";"Colisão traseira";1;0;1;0;0;0;0;0;0;0;1;1;1;0;0
"13/11/2024";"23:35:00";"703";"Com vítima";"227,000";"BR-116/SP";"Decrescente";"Acidentes de outra natureza";1;0;0;0;0;0;0;0;0;0;0;0;1;0;0
"14/11/2024";"00:00:00";"299";"Com vítima";"108,500";"BR-116/SP";"Crescente";"Colisão traseira";0;0;0;0;0;0;0;2;0;0;1;1;0;0;0
"14/11/2024";"02:35:00";"55";"Com vítima";"45,200";"BR-116/SP";"Decrescente";"Colisão traseira";0;0;2;0;0;0;0;0;0;0;1;0;0;2;0
"14/11/2024";"04:33:00";"65";"Sem vítima";"18,400";"BR-116/SP";"Crescente";"Choque";2;0;0;0;0;0;0;0;0;0;0;0;0;0;0
"14/11/2024";"05:08:00";"68";"Com vítima";"272,300";"BR-116/RJ";"Decrescente";"Colisão traseira";0;0;2;0;0;0;0;0;0;0;1;0;1;0;0
"14/11/2024";"05:58:00";"94";"Com vítima";"87,400";"BR-116/SP";"Crescente";"Colisão traseira";1;0;0;1;0;0;0;0;0;0;1;1;1;0;0
"14/11/2024";"06:06:00";"100";"Sem vítima";"271,800";"BR-116/RJ";"Decrescente";"Colisão traseira";0;0;0;0;0;0;0;0;0;1;0;0;0;0;0
"14/11/2024";"06:49:00";"157";"Sem vítima";"225,000";"BR-116/SP";"Decrescente";"Colisão lateral em sentido contrário";1;0;0;0;0;0;0;0;0;0;0;0;0;0;0
"14/11/2024";"07:22:00";"197";"Sem vítima";"150,000";"BR-116/SP";"Decrescente";"Colisão traseira";1;0;0;0;0;0;0;0;0;0;0;0;0;0;0
"14/11/2024";"07:32:00";"206";"Com vítima";"214,200";"BR-116/SP";"Crescente";"Colisão traseira";1;0;0;0;1;0;0;0;0;0;2;2;0;0;0
"14/11/2024";"07:54:00";"234";"Sem vítima";"283,300";"BR-116/RJ";"Decrescente";"Colisão traseira";2;0;0;0;0;0;0;0;0;0;0;0;0;0;0
"14/11/2024";"08:18:00";"262";"Com vítima";"223,000";"BR-116/SP";"Crescente";"Colisão traseira";1;0;0;1;0;0;0;0;0;0;2;1;0;0;0
"14/11/2024";"08:37:00";"279";"Sem vítima";"484,000";"BR-101/RJ";"Decrescente";"Colisão traseira";2;0;0;0;0;0;0;0;0;0;0;0;0;0;0
"14/11/2024";"09:17:00";"310";"Com vítima";"466,000";"BR-101/RJ";"Crescente";"Tombamento";0;0;1;0;0;0;0;0;0;0;0;1;0;0;0
"14/11/2024";"09:35:00";"326";"Sem vítima";"484,000";"BR-101/RJ";"Decrescente";"Colisão traseira";1;0;0;0;0;0;0;0;0;0;0;0;0;0;0
"14/11/2024";"10:20:00";"358";"Com vítima";"228,800";"BR-116/SP";"Decrescente";"Colisão traseira";1;0;0;1;0;0;0;0;0;0;1;1;0;0;0
"14/11/2024";"11:44:00";"411";"Sem vítima";"101,000";"BR-116/SP";"Crescente";"Engavetamento";3;0;0;0;0;0;0;0;0;0;0;0;0;0;0
"14/11/2024";"12:28:00";"437";"Sem vítima";"210,000";"BR-116/SP";"Decrescente";"Colisão lateral em sentido contrário";1;0;0;0;0;0;0;1;0;0;0;0;0;0;0
"14/11/2024";"13:05:00";"454";"Sem vítima";"175,500";"BR-116/SP";"Crescente";"Colisão traseira";0;0;2;0;0;0;0;0;0;0;0;0;0;0;0
"14/11/2024";"13:09:00";"456";"Com vítima";"145,800";"BR-116/SP";"Crescente";"Colisão traseira";1;0;0;1;0;0;0;0;0;0;1;1;0;0;0
"14/11/2024";"13:32:00";"465";"Com vítima";"223,000";"BR-116/SP";"Crescente";"Acidentes de outra natureza";0;0;0;1;0;0;0;0;0;0;0;0;1;0;0
"14/11/2024";"13:39:00";"467";"Com vítima";"145,000";"BR-116/SP";"Decrescente";"Colisão lateral em sentido contrário";1;0;0;1;0;0;0;0;0;0;1;1;0;0;0
"14/11/2024";"14:15:00";"493";"Sem vítima";"142,300";"BR-116/SP";"Crescente";"Engavetamento";3;0;0;0;0;0;0;0;0;0;0;0;0;0;0
"14/11/2024";"14:21:00";"496";"Sem vítima";"319,500";"BR-116/RJ";"Crescente";"Choque";0;0;0;0;0;0;0;1;0;0;0;0;0;0;0
"14/11/2024";"14:44:00";"505";"Com vítima";"120,500";"BR-116/SP";"Decrescente";"Acidentes de outra natureza";0;0;0;1;0;0;0;0;0;0;1;1;0;0;0
"14/11/2024";"14:47:00";"506";"Sem vítima";"108,700";"BR-116/SP";"Decrescente";"Choque";1;0;0;0;0;0;0;0;0;0;0;0;0;0;0
"14/11/2024";"15:18:00";"526";"Com vítima";"224,200";"BR-116/SP";"Crescente";"Colisão lateral em sentido contrário";1;0;0;1;0;0;0;0;0;0;1;1;0;0;0
"14/11/2024";"17:07:00";"577";"Sem vítima";"153,000";"BR-116/SP";"Crescente";"Colisão traseira";2;0;0;0;0;0;0;0;0;0;0;0;0;0;0
"14/11/2024";"17:53:00";"609";"Com vítima";"213,000";"BR-116/SP";"Decrescente";"Acidentes de outra natureza";0;0;0;1;0;0;0;0;0;0;0;0;1;0;0
"14/11/2024";"19:18:00";"676";"Com vítima";"102,800";"BR-116/SP";"Crescente";"Colisão traseira";2;0;0;0;0;0;0;0;0;0;1;1;0;0;0
"14/11/2024";"19:58:00";"707";"Com vítima";"56,400";"BR-116/SP";"Crescente";"Choque";1;0;0;0;0;0;0;0;0;0;0;1;0;0;0
"14/11/2024";"20:00:00";"709";"Sem vítima";"223,000";"BR-116/SP";"Crescente";"Colisão traseira";2;0;0;0;0;0;0;0;0;0;0;0;0;0;0
"14/11/2024";"20:44:00";"726";"Com vítima";"225,000";"BR-116/SP";"Decrescente";"Acidentes de outra natureza";0;0;0;1;0;0;0;0;0;0;0;1;0;0;0
"14/11/2024";"20:46:00";"715";"Com vítima";"204,200";"BR-116/SP";"Decrescente";"Acidentes de outra natureza";0;0;0;1;0;0;0;0;0;0;0;0;1;0;0
"14/11/2024";"20:50:00";"728";"Com vítima";"118,300";"BR-116/SP";"Decrescente";"Colisão traseira";2;0;0;0;0;0;0;0;0;0;1;2;0;0;0
"14/11/2024";"22:47:00";"761";"Com vítima";"482,000";"BR-101/RJ";"Decrescente";"Atropelamento de pedestre";0;0;0;0;0;0;0;0;0;0;0;1;0;0;0
"15/11/2024";"00:00:00";"399";"Sem vítima";"51,000";"BR-116/SP";"Crescente";"Colisão traseira";2;0;0;0;0;0;0;0;0;0;0;0;0;0;0
"15/11/2024";"03:11:00";"311";"Sem vítima";"322,900";"BR-116/RJ";"Crescente";"Colisão traseira";2;0;0;0;0;0;0;0;0;0;0;0;0;0;0
"15/11/2024";"04:08:00";"93";"Com vítima";"204,000";"BR-116/SP";"Crescente";"Choque";0;0;0;1;0;0;0;0;0;0;0;1;0;0;0
"15/11/2024";"04:16:00";"96";"Sem vítima";"407,000";"BR-101/RJ";"Crescente";"Choque";1;0;0;0;0;0;0;0;0;0;0;0;0;0;0
"15/11/2024";"06:49:00";"162";"Com vítima";"398,800";"BR-101/RJ";"Crescente";"Colisão traseira";1;0;0;1;0;0;0;0;0;0;3;1;0;0;0
"15/11/2024";"06:57:00";"168";"Sem vítima";"107,000";"BR-116/SP";"Decrescente";"Colisão traseira";2;0;0;0;0;0;0;0;0;0;0;0;0;0;0
"15/11/2024";"07:02:00";"174";"Sem vítima";"266,600";"BR-116/RJ";"Decrescente";"Choque";1;0;0;0;0;0;0;0;0;0;0;0;0;0;0
"15/11/2024";"07:19:00";"190";"Sem vítima";"161,000";"BR-116/SP";"Decrescente";"Engavetamento";2;0;0;0;0;0;0;0;0;0;0;0;0;0;0
"15/11/2024";"08:45:00";"258";"Sem vítima";"236,000";"BR-116/RJ";"Decrescente";"Choque";1;0;0;0;0;0;0;0;0;0;0;0;0;0;0
"15/11/2024";"09:32:00";"294";"Sem vítima";"220,900";"BR-116/RJ";"Crescente";"Colisão traseira";2;0;0;0;0;0;0;0;0;0;0;0;0;0;0
"15/11/2024";"09:37:00";"300";"Sem vítima";"54,000";"BR-116/SP";"Crescente";"Engavetamento";3;0;0;0;0;0;0;0;0;0;0;0;0;0;0
"15/11/2024";"09:39:00";"304";"Com vítima";"110,000";"BR-116/SP";"Decrescente";"Colisão lateral em sentido contrário";1;0;0;1;0;0;0;0;0;0;2;1;0;0;0
"15/11/2024";"09:54:00";"315";"Sem vítima";"217,000";"BR-116/RJ";"Crescente";"Colisão traseira";2;0;0;0;0;0;0;0;0;0;0;0;0;0;0
"15/11/2024";"10:24:00";"341";"Sem vítima";"165,200";"BR-116/SP";"Crescente";"Engavetamento";3;0;0;0;0;0;0;0;0;0;0;0;0;0;0
"15/11/2024";"11:08:00";"378";"Com vítima";"198,000";"BR-116/SP";"Decrescente";"Engavetamento";2;0;0;1;0;0;0;0;0;0;3;1;0;0;0
"15/11/2024";"11:12:00";"381";"Sem vítima";"290,000";"BR-116/RJ";"Crescente";"Engavetamento";2;0;0;0;0;0;0;0;0;0;6;0;0;0;0
"15/11/2024";"11:15:00";"383";"Sem vítima";"274,000";"BR-116/RJ";"Crescente";"Colisão traseira";1;0;0;0;0;0;0;0;0;0;0;0;0;0;0
"15/11/2024";"11:15:00";"384";"Sem vítima";"157,900";"BR-116/SP";"Decrescente";"Colisão traseira";2;0;0;0;0;0;0;0;0;0;0;0;0;0;0
"15/11/2024";"11:54:00";"404";"Com vítima";"219,000";"BR-116/SP";"Decrescente";"Colisão lateral em sentido contrário";1;0;0;1;0;0;0;0;0;0;1;1;0;0;0
"15/11/2024";"12:28:00";"428";"Sem vítima";"60,000";"BR-116/SP";"Crescente";"Engavetamento";3;0;0;0;0;0;0;0;0;0;0;0;0;0;0
"15/11/2024";"12:52:00";"442";"Sem vítima";"62,000";"BR-116/SP";"Crescente";"Acidentes de outra natureza";1;0;0;0;0;0;0;0;0;0;0;0;0;0;0
"15/11/2024";"12:56:00";"447";"Sem vítima";"61,500";"BR-116/SP";"Crescente";"Engavetamento";2;0;0;0;0;0;0;0;0;0;0;0;0;0;0
"15/11/2024";"13:06:00";"451";"Sem vítima";"205,000";"BR-116/SP";"Decrescente";"Colisão traseira";1;0;0;0;0;0;0;0;0;0;0;0;0;0;0
"15/11/2024";"13:31:00";"471";"Sem vítima";"227,800";"BR-116/SP";"Decrescente";"Engavetamento";3;0;0;0;0;0;0;0;0;0;0;0;0;0;0
"15/11/2024";"13:54:00";"480";"Sem vítima";"106,600";"BR-116/SP";"Crescente";"Engavetamento";3;0;0;0;0;0;0;0;0;0;0;0;0;0;0