data;horario;n_da_ocorrencia;tipo_de_ocorrencia;km;trecho;sentido;tipo_de_acidente;automovel;bicicleta;caminhao;moto;onibus;outros;tracao_animal;transporte_de_cargas_especiais;trator_maquinas;utilitarios;ilesos;levemente_feridos;moderadamente_feridos;gravemente_feridos;mortos
"15/11/2024";"14:17:00";"492";"Sem vítima";"283,300";"BR-116/RJ";"Crescente";"Colisão traseira";1;0;0;0;0;0;0;0;0;0;0;0;0;0;0
"15/11/2024";"14:24:00";"498";"Sem vítima";"103,400";"BR-116/SP";"Crescente";"Colisão traseira";2;0;0;0;0;0;0;0;0;0;0;0;0;0;0
"15/11/2024";"14:32:00";"501";"Com vítima";"330,900";"BR-116/RJ";"Decrescente";"Choque";1;0;0;0;0;0;0;0;0;0;1;1;0;0;0
"15/11/2024";"15:24:00";"524";"Com vítima";"145,000";"BR-116/SP";"Decrescente";"Colisão traseira";1;0;0;1;0;0;0;0;0;0;3;1;0;0;0
"15/11/2024";"15:42:00";"533";"Com vítima";"215,000";"BR-116/SP";"Decrescente";"Capotamento";1;0;0;0;0;0;0;0;0;0;0;1;0;0;0
"15/11/2024";"16:00:00";"542";"Com vítima";"98,800";"BR-116/SP";"Crescente";"Colisão traseira";1;0;0;0;0;0;0;1;0;0;1;1;0;0;0
"15/11/2024";"16:12:00";"545";"Sem vítima";"95,950";"BR-116/SP";"Decrescente";"Engavetamento";0;0;1;0;1;0;0;0;0;1;0;0;0;0;0
"15/11/2024";"16:39:00";"558";"Sem vítima";"119,500";"BR-116/SP";"Decrescente";"Colisão traseira";2;0;0;0;0;0;0;0;0;0;0;0;0;0;0
"15/11/2024";"16:40:00";"560";"Com vítima";"147,300";"BR-116/SP";"Crescente";"Choque";1;0;0;0;0;0;0;0;0;0;0;0;2;0;0
"15/11/2024";"17:01:00";"570";"Sem vítima";"91,400";"BR-116/SP";"Crescente";"Colisão lateral em sentido contrário";1;0;0;0;0;0;0;0;0;1;0;0;0;0;0
"15/11/2024";"17:51:00";"585";"Sem vítima";"215,000";"BR-116/SP";"Decrescente";"Atropelamento de pedestre";1;0;0;0;0;0;0;0;0;0;0;0;0;0;0
"15/11/2024";"21:03:00";"660";"Sem vítima";"321,000";"BR-116/RJ";"Decrescente";"Colisão lateral em sentido contrário";0;0;0;0;0;0;0;0;0;1;0;0;0;0;0
"15/11/2024";"22:14:00";"680";"Sem vítima";"152,000";"BR-116/SP";"Decrescente";"Colisão lateral em sentido contrário";1;0;1;0;0;0;0;0;0;0;0;0;0;0;0
"15/11/2024";"22:41:00";"687";"Sem vítima";"459,000";"BR-101/RJ";"Decrescente";"Capotamento";1;0;0;0;0;0;0;0;0;0;0;0;0;0;0
"15/11/2024";"22:44:00";"689";"Com vítima";"404,000";"BR-101/RJ";"Decrescente";"Choque";2;0;0;0;0;0;0;0;0;0;1;1;0;0;0
"15/11/2024";"23:17:00";"699";"Sem vítima";"230,000";"BR-116/SP";"Crescente";"Colisão lateral em sentido contrário";1;0;1;0;0;0;0;0;0;0;0;0;0;0;0
"16/11/2024";"00:00:00";"387";"Sem vítima";"112,400";"BR-116/SP";"Crescente";"Colisão lateral em sentido contrário";2;0;0;0;0;0;0;0;0;0;0;0;0;0;0
"16/11/2024";"01:54:00";"55";"Sem vítima";"396,000";"BR-101/RJ";"Crescente";"Acidentes de outra natureza";1;0;0;0;0;0;0;0;0;0;0;0;0;0;0
"16/11/2024";"02:37:00";"61";"Com vítima";"557,000";"BR-101/RJ";"Crescente";"Acidentes de outra natureza";0;0;0;0;0;0;0;0;0;1;0;1;0;0;0
"16/11/2024";"03:12:00";"65";"Sem vítima";"312,000";"BR-116/RJ";"Decrescente";"Choque";1;0;0;0;0;0;0;0;0;0;0;0;0;0;0
"16/11/2024";"05:18:00";"82";"Com vítima";"213,000";"BR-116/SP";"Decrescente";"Choque";1;0;0;0;0;0;0;0;0;0;0;1;0;0;0
"16/11/2024";"08:42:00";"174";"Com vítima";"324,000";"BR-116/RJ";"Decrescente";"Choque";1;0;0;0;0;0;0;0;0;0;0;4;0;0;0
"16/11/2024";"09:22:00";"189";"Com vítima";"286,000";"BR-116/RJ";"Decrescente";"Choque";1;0;0;0;0;1;0;0;0;0;1;1;0;0;0
"16/11/2024";"09:27:00";"194";"Sem vítima";"258,000";"BR-116/RJ";"Crescente";"Choque";1;0;0;0;0;0;0;0;0;0;0;0;0;0;0
"16/11/2024";"09:35:00";"202";"Com vítima";"139,700";"BR-116/SP";"Crescente";"Colisão lateral em sentido contrário";1;0;0;1;0;0;0;0;0;0;1;1;0;0;0
"16/11/2024";"10:08:00";"216";"Sem vítima";"227,000";"BR-116/SP";"Decrescente";"Colisão lateral em sentido contrário";2;0;0;0;0;0;0;0;0;0;0;0;0;0;0
"16/11/2024";"11:45:00";"232";"Sem vítima";"228,000";"BR-116/RJ";"Decrescente";"Choque";1;0;0;0;0;0;0;0;0;0;0;0;0;0;0
"16/11/2024";"11:47:00";"233";"Com vítima";"76,800";"BR-116/SP";"Decrescente";"Engavetamento";3;0;0;0;0;0;0;0;0;0;6;4;0;0;0
"16/11/2024";"12:28:00";"260";"Sem vítima";"305,000";"BR-116/RJ";"Decrescente";"Colisão traseira";0;0;1;0;0;0;0;0;0;0;0;0;0;0;0
"16/11/2024";"12:51:00";"272";"Sem vítima";"154,500";"BR-116/SP";"Decrescente";"Engavetamento";2;0;0;0;0;0;0;0;0;1;0;0;0;0;0
"16/11/2024";"13:24:00";"282";"Sem vítima";"253,000";"BR-116/RJ";"Crescente";"Capotamento";1;0;0;0;0;0;0;0;0;0;0;0;0;0;0
"16/11/2024";"14:13:00";"361";"Com vítima";"51,000";"BR-101/SP";"Crescente";"Colisão frontal";1;0;0;1;0;0;0;0;0;0;3;1;0;0;0
"16/11/2024";"14:54:00";"322";"Sem vítima";"236,400";"BR-116/RJ";"Decrescente";"Choque";1;0;0;0;0;0;0;0;0;0;0;0;0;0;0
"16/11/2024";"15:08:00";"330";"Sem vítima";"247,700";"BR-116/RJ";"Crescente";"Choque";1;0;0;0;0;0;0;0;0;0;0;0;0;0;0
"16/11/2024";"16:28:00";"359";"Sem vítima";"247,000";"BR-116/RJ";"Crescente";"Choque";1;0;0;0;0;0;0;0;0;0;0;0;0;0;0
"16/11/2024";"16:56:00";"368";"Com vítima";"104,300";"BR-116/SP";"Crescente";"Colisão traseira";1;0;0;1;0;0;0;0;0;0;1;1;0;0;0
"16/11/2024";"17:39:00";"381";"Sem vítima";"429,200";"BR-101/RJ";"Decrescente";"Choque";1;0;0;0;0;0;0;0;0;0;0;0;0;0;0
"16/11/2024";"19:17:00";"416";"Com vítima";"51,100";"BR-101/SP";"Decrescente";"Colisão lateral em sentido contrário";0;0;0;1;0;0;0;0;0;0;0;1;0;0;0
"16/11/2024";"19:20:00";"417";"Sem vítima";"149,000";"BR-116/SP";"Crescente";"Engavetamento";3;0;0;0;0;0;0;0;0;0;0;0;0;0;0
"16/11/2024";"19:25:00";"422";"Sem vítima";"247,700";"BR-116/RJ";"Crescente";"Choque";1;0;0;0;0;0;0;0;0;0;0;0;0;0;0
"16/11/2024";"19:39:00";"425";"Sem vítima";"423,800";"BR-101/RJ";"Crescente";"Choque";1;0;0;0;0;0;0;0;0;0;0;0;0;0;0
"16/11/2024";"20:07:00";"431";"Sem vítima";"284,500";"BR-116/RJ";"Crescente";"Choque";1;0;1;0;0;0;0;0;0;1;0;0;0;0;0
"16/11/2024";"20:33:00";"438";"Sem vítima";"114,100";"BR-116/SP";"Crescente";"Colisão traseira";1;0;1;0;0;0;0;0;0;0;0;0;0;0;0
"16/11/2024";"23:33:00";"488";"Sem vítima";"419,200";"BR-101/RJ";"Crescente";"Choque";1;0;0;0;0;0;0;0;0;0;0;0;0;0;0
"17/11/2024";"00:00:00";"509";"Sem vítima";"299,200";"BR-116/RJ";"Decrescente";"Choque";0;0;1;0;0;0;0;0;0;0;1;0;0;0;0
"17/11/2024";"01:04:00";"49";"Com vítima";"223,000";"BR-116/SP";"Crescente";"Choque";1;0;0;0;0;0;0;0;0;0;0;0;1;0;0
"17/11/2024";"01:11:00";"52";"Sem vítima";"165,000";"BR-116/SP";"Crescente";"Acidentes de outra natureza";1;0;0;0;0;0;0;0;0;0;1;0;0;0;0
"17/11/2024";"02:20:00";"66";"Com vítima";"146,800";"BR-116/SP";"Crescente";"Colisão traseira";1;0;0;1;0;0;0;0;0;0;1;0;1;0;0
"17/11/2024";"04:42:00";"87";"Sem vítima";"160,600";"BR-116/SP";"Crescente";"Choque";1;0;1;0;0;0;0;0;0;0;0;0;0;0;0
"17/11/2024";"05:46:00";"96";"Com vítima";"230,000";"BR-116/SP";"Decrescente";"Atropelamento de pedestre";0;1;0;1;0;0;0;0;0;0;0;1;0;0;0
"17/11/2024";"05:52:00";"99";"Sem vítima";"492,000";"BR-101/RJ";"Crescente";"Choque";1;0;0;0;0;0;0;0;0;0;0;0;0;0;0
"17/11/2024";"05:59:00";"102";"Sem vítima";"441,000";"BR-101/RJ";"Decrescente";"Choque";1;0;0;0;0;0;0;0;0;0;0;0;0;0;0
"17/11/2024";"07:50:00";"155";"Com vítima";"158,300";"BR-116/SP";"Crescente";"Colisão traseira";0;0;0;2;0;0;0;0;0;0;2;2;0;0;0
"17/11/2024";"10:00:00";"221";"Com vítima";"84,100";"BR-116/SP";"Crescente";"Acidentes de outra natureza";0;0;0;1;0;0;0;0;0;0;0;1;1;0;0
"17/11/2024";"10:02:00";"223";"Sem vítima";"229,000";"BR-116/RJ";"Decrescente";"Choque";0;0;1;0;0;0;0;0;0;0;0;0;0;0;0
"17/11/2024";"10:08:00";"224";"Sem vítima";"584,900";"BR-101/RJ";"Crescente";"Colisão lateral em sentido contrário";0;0;0;2;0;0;0;0;0;0;0;0;0;0;0
"17/11/2024";"12:21:00";"274";"Com vítima";"107,000";"BR-116/SP";"Crescente";"Colisão traseira";1;0;0;0;0;0;0;0;0;0;4;1;0;0;0
"17/11/2024";"12:30:00";"277";"Sem vítima";"310,000";"BR-116/RJ";"Crescente";"Choque";1;0;0;0;0;0;0;0;0;0;0;0;0;0;0
"17/11/2024";"12:51:00";"287";"Com vítima";"65,300";"BR-116/SP";"Crescente";"Tombamento";1;0;0;0;0;0;0;1;0;0;1;1;1;0;0
"17/11/2024";"13:00:00";"292";"Sem vítima";"133,800";"BR-116/SP";"Crescente";"Colisão traseira";2;0;0;0;0;0;0;0;0;0;0;0;0;0;0
"17/11/2024";"13:28:00";"303";"Com vítima";"139,000";"BR-116/SP";"Crescente";"Engavetamento";3;0;0;0;0;0;0;0;0;0;6;2;0;0;0
"17/11/2024";"15:12:00";"336";"Com vítima";"213,000";"BR-116/SP";"Decrescente";"Acidentes de outra natureza";0;0;0;1;0;0;0;0;0;0;0;2;0;0;0
"17/11/2024";"15:36:00";"347";"Com vítima";"56,400";"BR-116/SP";"Crescente";"Colisão lateral em sentido contrário";1;0;0;1;0;0;0;0;0;0;4;0;1;0;0
"17/11/2024";"15:42:00";"353";"Sem vítima";"501,300";"BR-101/RJ";"Crescente";"Colisão traseira";1;0;0;1;0;0;0;0;0;0;0;0;0;0;0
"17/11/2024";"16:07:00";"364";"Com vítima";"12,000";"BR-116/SP";"Crescente";"Capotamento";1;0;0;0;0;0;0;0;0;0;2;1;0;0;0
"17/11/2024";"16:27:00";"375";"Sem vítima";"232,800";"BR-116/RJ";"Decrescente";"Choque";1;0;0;0;0;0;0;0;0;0;0;0;0;0;0
"17/11/2024";"16:29:00";"377";"Sem vítima";"151,900";"BR-116/SP";"Crescente";"Colisão traseira";0;0;0;0;0;0;0;0;0;1;0;0;0;0;0
"17/11/2024";"16:36:00";"386";"Sem vítima";"387,300";"BR-101/RJ";"Crescente";"Colisão traseira";1;0;0;0;0;0;0;0;0;0;0;0;0;0;0
"17/11/2024";"16:52:00";"397";"Com vítima";"538,500";"BR-101/RJ";"Crescente";"Colisão traseira";2;0;0;0;0;0;0;0;0;0;5;0;1;0;0
"17/11/2024";"17:24:00";"418";"Sem vítima";"35,950";"BR-101/SP";"Crescente";"Engavetamento";2;0;0;0;0;0;0;0;0;0;0;0;0;0;0
"17/11/2024";"20:03:00";"521";"Com vítima";"203,000";"BR-116/SP";"Decrescente";"Choque";1;0;0;0;0;0;0;0;0;0;0;2;0;0;0
"17/11/2024";"20:39:00";"537";"Sem vítima";"47,500";"BR-116/SP";"Crescente";"Engavetamento";2;0;0;0;0;0;0;0;0;1;0;0;0;0;0
"17/11/2024";"21:50:00";"563";"Com vítima";"62,900";"BR-116/SP";"Crescente";"Colisão lateral em sentido contrário";1;0;0;1;0;0;0;0;0;0;1;1;0;0;0
"17/11/2024";"22:09:00";"567";"Com vítima";"74,500";"BR-116/SP";"Crescente";"Colisão lateral em sentido contrário";2;0;0;0;0;0;0;0;0;0;2;2;0;0;0
"17/11/2024";"23:06:00";"236";"Sem vítima";"71,000";"BR-116/SP";"Decrescente";"Colisão traseira";2;0;0;0;0;0;0;0;0;0;5;0;0;0;0
"17/11/2024";"23:30:00";"588";"Com vítima";"51,000";"BR-116/SP";"Decrescente";"Acidentes de outra natureza";0;0;0;1;0;0;0;0;0;0;0;1;0;0;0
"17/11/2024";"23:51:00";"594";"Sem vítima";"153,900";"BR-116/SP";"Crescente";"Colisão traseira";1;0;1;0;0;0;0;0;0;0;0;0;0;0;0
"18/11/2024";"03:48:00";"63";"Com vítima";"530,000";"BR-101/RJ";"Crescente";"Capotamento";1;0;0;0;0;0;0;0;0;0;0;2;0;0;0
"18/11/2024";"06:23:00";"105";"Com vítima";"385,000";"BR-101/RJ";"Crescente";"Choque";0;0;0;1;0;0;0;0;0;0;0;1;0;0;0
"18/11/2024";"08:06:00";"221";"Com vítima";"228,500";"BR-116/SP";"Crescente";"Colisão lateral em sentido contrário";0;0;0;1;0;0;0;0;0;0;0;1;0;0;0
"18/11/2024";"08:30:00";"239";"Com vítima";"227,900";"BR-116/SP";"Decrescente";"Colisão traseira";0;0;1;1;0;0;0;0;0;0;3;1;0;0;0
"18/11/2024";"08:34:00";"242";"Sem vítima";"51,300";"BR-101/SP";"Decrescente";"Engavetamento";3;0;0;0;0;0;0;0;0;0;0;0;0;0;0
"18/11/2024";"08:37:00";"245";"Com vítima";"229,000";"BR-116/SP";"Crescente";"Choque";0;0;0;1;0;0;0;0;0;0;0;1;0;0;0
"18/11/2024";"09:01:00";"264";"Com vítima";"99,800";"BR-116/SP";"Decrescente";"Acidentes de outra natureza";0;0;0;1;0;0;0;0;0;0;0;1;0;0;0
"18/11/2024";"09:59:00";"302";"Sem vítima";"137,500";"BR-116/SP";"Decrescente";"Colisão lateral em sentido contrário";1;0;0;0;0;0;0;1;0;0;0;0;0;0;0
"18/11/2024";"10:00:00";"304";"Com vítima";"225,000";"BR-116/SP";"Crescente";"Acidentes de outra natureza";0;0;0;1;0;0;0;0;0;0;0;1;0;0;0
"18/11/2024";"10:13:00";"312";"Com vítima";"49,000";"BR-101/SP";"Crescente";"Acidentes de outra natureza";0;0;0;1;0;0;0;0;0;0;0;0;1;0;0
"18/11/2024";"11:14:00";"353";"Com vítima";"233,600";"BR-116/RJ";"Decrescente";"Colisão lateral em sentido contrário";1;0;1;0;0;0;0;0;0;0;2;2;0;0;0
"18/11/2024";"11:45:00";"372";"Com vítima";"523,000";"BR-101/RJ";"Crescente";"Choque";1;0;0;0;0;0;0;0;0;0;1;1;0;0;0
"18/11/2024";"12:15:00";"387";"Com vítima";"216,000";"BR-116/SP";"Crescente";"Engavetamento";2;0;1;1;0;0;0;0;0;0;5;1;0;0;0
"18/11/2024";"14:38:00";"433";"Sem vítima";"63,000";"BR-116/SP";"Decrescente";"Choque";1;0;0;0;0;0;0;0;0;0;0;0;0;0;0
"18/11/2024";"16:34:00";"546";"Com vítima";"147,000";"BR-116/SP";"Crescente";"Colisão lateral em sentido contrário";0;0;0;1;0;0;0;0;0;0;0;1;0;0;0
"18/11/2024";"16:44:00";"555";"Sem vítima";"147,000";"BR-116/SP";"Crescente";"Colisão traseira";0;0;1;0;0;0;0;0;0;1;0;0;0;0;0
"18/11/2024";"17:23:00";"576";"Com vítima";"303,300";"BR-116/RJ";"Crescente";"Engavetamento";3;0;0;0;0;0;0;0;0;0;7;1;0;0;0
"18/11/2024";"18:16:00";"608";"Sem vítima";"208,100";"BR-116/SP";"Decrescente";"Colisão traseira";0;0;2;0;0;0;0;0;0;0;0;0;0;0;0
"18/11/2024";"18:54:00";"629";"Sem vítima";"250,300";"BR-116/RJ";"Crescente";"Atropelamento de pedestre";1;0;0;0;0;0;0;0;0;0;1;0;0;0;0
"18/11/2024";"19:44:00";"649";"Sem vítima";"148,000";"BR-116/SP";"Decrescente";"Engavetamento";3;0;0;0;0;0;0;0;0;0;0;0;0;0;0
"18/11/2024";"20:04:00";"659";"Sem vítima";"147,800";"BR-116/SP";"Decrescente";"Colisão lateral em sentido contrário";1;0;0;0;0;0;0;0;0;0;0;0;0;0;0
"18/11/2024";"20:18:00";"664";"Com vítima";"230,000";"BR-116/SP";"Decrescente";"Acidentes de outra natureza";0;0;0;1;0;0;0;0;0;0;0;1;0;0;0
"18/11/2024";"22:33:00";"713";"Com vítima";"216,000";"BR-116/SP";"Crescente";"Colisão lateral em sentido contrário";0;0;0;1;0;0;0;0;0;0;0;0;1;0;0
"19/11/2024";"00:22:00";"38";"Com vítima";"227,500";"BR-116/SP";"Decrescente";"Choque";0;0;0;1;0;0;0;0;0;0;0;1;0;0;0
"19/11/2024";"02:35:00";"70";"Sem vítima";"312,400";"BR-116/RJ";"Decrescente";"Colisão lateral em sentido contrário";1;0;0;0;0;0;0;0;0;0;0;0;0;0;0
"19/11/2024";"03:23:00";"78";"Sem vítima";"187,000";"BR-116/SP";"Crescente";"Colisão traseira";2;0;0;0;0;0;0;0;0;0;0;0;0;0;0
"19/11/2024";"05:25:00";"115";"Com vítima";"216,100";"BR-116/SP";"Crescente";"Colisão lateral em sentido contrário";1;0;1;0;0;0;0;0;0;0;1;1;0;0;0
"19/11/2024";"05:52:00";"132";"Sem vítima";"245,700";"BR-116/RJ";"Decrescente";"Tombamento";0;0;1;0;0;0;0;0;0;0;0;0;0;0;0
"19/11/2024";"06:20:00";"156";"Sem vítima";"51,000";"BR-116/SP";"Decrescente";"Colisão lateral em sentido contrário";1;0;0;0;0;0;0;1;0;0;0;0;0;0;0
"19/11/2024";"06:33:00";"169";"Com vítima";"50,000";"BR-101/SP";"Decrescente";"Atropelamento de pedestre";1;1;0;0;0;0;0;0;0;0;1;0;0;0;0
"19/11/2024";"06:55:00";"190";"Com vítima";"253,300";"BR-116/RJ";"Crescente";"Choque";1;0;0;0;0;0;0;0;0;0;1;1;0;0;0
"19/11/2024";"07:19:00";"227";"Sem vítima";"165,200";"BR-116/SP";"Crescente";"Choque";1;0;0;0;0;0;0;0;0;0;0;0;0;0;0
"19/11/2024";"07:20:00";"228";"Com vítima";"99,000";"BR-116/SP";"Crescente";"Colisão lateral em sentido contrário";1;0;0;1;0;0;0;0;0;0;1;0;1;0;0
"19/11/2024";"07:24:00";"232";"Com vítima";"253,300";"BR-116/RJ";"Crescente";"Colisão traseira";1;0;0;0;0;0;0;0;0;1;13;0;1;0;0
"19/11/2024";"07:42:00";"247";"Com vítima";"311,000";"BR-116/RJ";"Crescente";"Colisão traseira";2;0;0;0;0;0;0;0;0;0;0;6;0;0;0
"19/11/2024";"08:59:00";"332";"Com vítima";"224,000";"BR-116/SP";"Crescente";"Colisão traseira";0;0;0;1;0;0;0;0;0;0;0;1;0;0;0
"19/11/2024";"12:24:00";"497";"Sem vítima";"283,000";"BR-116/RJ";"Crescente";"Engavetamento";2;0;1;0;0;0;0;0;0;0;0;0;0;0;0
"19/11/2024";"12:43:00";"512";"Sem vítima";"470,700";"BR-101/RJ";"Decrescente";"Engavetamento";1;0;0;0;0;0;0;0;0;0;0;0;0;0;0
"19/11/2024";"13:40:00";"546";"Com vítima";"385,700";"BR-101/RJ";"Crescente";"Choque";1;0;0;0;0;0;0;0;0;0;0;0;1;0;0
"19/11/2024";"13:54:00";"555";"Com vítima";"199,000";"BR-116/SP";"Decrescente";"Acidentes de outra natureza";0;0;0;1;0;0;0;0;0;0;0;2;0;0;0
"19/11/2024";"14:46:00";"583";"Com vítima";"202,000";"BR-116/SP";"Decrescente";"Colisão lateral em sentido contrário";1;0;1;1;0;0;0;0;0;0;2;1;0;0;0
"19/11/2024";"14:53:00";"588";"Sem vítima";"219,000";"BR-116/SP";"Decrescente";"Colisão frontal";2;0;0;0;0;0;0;0;0;0;0;0;0;0;0
"19/11/2024";"15:53:00";"619";"Sem vítima";"172,000";"BR-116/SP";"Decrescente";"Colisão traseira";1;0;0;0;0;0;0;0;0;0;0;0;0;0;0
"19/11/2024";"16:32:00";"651";"Com vítima";"414,300";"BR-101/RJ";"Crescente";"Colisão lateral em sentido contrário";1;0;0;1;0;0;0;0;0;0;3;0;1;1;0
"19/11/2024";"16:49:00";"657";"Com vítima";"145,000";"BR-116/SP";"Crescente";"Colisão lateral em sentido contrário";0;0;1;1;0;0;0;0;0;0;1;1;1;0;0
"19/11/2024";"17:06:00";"668";"Com vítima";"104,500";"BR-116/SP";"Crescente";"Colisão traseira";0;0;0;2;0;0;0;0;0;0;0;2;0;0;0
"19/11/2024";"17:09:00";"670";"Com vítima";"105,100";"BR-116/SP";"Crescente";"Colisão traseira";0;0;1;1;0;0;0;0;0;0;2;1;0;0;0
"19/11/2024";"18:00:00";"690";"Sem vítima";"142,800";"BR-116/SP";"Decrescente";"Colisão traseira";2;0;0;0;0;0;0;0;0;0;0;0;0;0;0
"19/11/2024";"18:16:00";"700";"Sem vítima";"105,000";"BR-116/SP";"Crescente";"Colisão traseira";1;0;0;0;0;0;0;0;0;0;0;0;0;0;0
"19/11/2024";"19:26:00";"748";"Com vítima";"254,500";"BR-116/RJ";"Crescente";"Choque";0;0;0;0;0;0;0;1;0;0;0;0;1;0;0
"19/11/2024";"19:39:00";"759";"Com vítima";"239,800";"BR-116/RJ";"Crescente";"Atropelamento de pedestre";1;0;0;0;0;0;0;0;0;0;3;0;0;0;1
"19/11/2024";"19:44:00";"762";"Com vítima";"213,300";"BR-116/SP";"Decrescente";"Engavetamento";4;0;0;0;0;0;0;0;0;0;4;3;0;0;0
"19/11/2024";"20:33:00";"790";"Com vítima";"225,000";"BR-116/SP";"Decrescente";"Acidentes de outra natureza";0;0;0;1;0;0;0;0;0;0;0;1;0;0;0
"19/11/2024";"21:04:00";"800";"Com vítima";"232,850";"BR-116/RJ";"Decrescente";"Acidentes de outra natureza";1;0;0;0;0;1;0;0;0;0;0;0;1;0;0
"19/11/2024";"21:48:00";"826";"Sem vítima";"321,500";"BR-116/RJ";"Decrescente";"Colisão lateral em sentido contrário";2;0;0;0;0;0;0;0;0;0;0;0;0;0;0
"20/11/2024";"02:28:00";"70";"Sem vítima";"157,800";"BR-116/SP";"Crescente";"Choque";1;0;0;0;0;0;0;0;0;0;0;0;0;0;0
"20/11/2024";"03:00:00";"71";"Sem vítima";"225,000";"BR-116/SP";"Crescente";"Colisão traseira";1;0;0;0;0;0;0;0;0;0;0;0;0;0;0
"20/11/2024";"06:25:00";"139";"Com vítima";"224,500";"BR-116/SP";"Decrescente";"Colisão traseira";1;0;1;0;0;0;0;0;0;0;1;1;0;0;0
"20/11/2024";"07:30:00";"207";"Sem vítima";"135,000";"BR-116/SP";"Decrescente";"Colisão traseira";1;0;0;0;0;0;0;0;0;0;0;0;0;0;0
"20/11/2024";"07:53:00";"236";"Com vítima";"415,000";"BR-101/RJ";"Crescente";"Acidentes de outra natureza";0;0;0;1;0;0;0;0;0;0;0;1;0;0;0
"20/11/2024";"07:55:00";"238";"Sem vítima";"455,800";"BR-101/RJ";"Decrescente";"Colisão traseira";1;0;0;1;0;0;0;0;0;0;0;0;0;0;0
"20/11/2024";"08:22:00";"264";"Sem vítima";"113,000";"BR-116/SP";"Decrescente";"Colisão traseira";2;0;0;0;0;0;0;0;0;0;0;0;0;0;0
"20/11/2024";"09:07:00";"303";"Com vítima";"146,350";"BR-116/SP";"Decrescente";"Colisão lateral em sentido contrário";1;0;0;1;0;0;0;1;0;0;2;1;0;0;0
"20/11/2024";"10:08:00";"328";"Sem vítima";"18,300";"BR-116/SP";"Decrescente";"Colisão traseira";0;0;2;0;0;0;0;0;0;0;0;0;0;0;0
"20/11/2024";"10:19:00";"336";"Com vítima";"20,000";"BR-101/SP";"Decrescente";"Acidentes de outra natureza";0;0;0;1;0;0;0;0;0;0;0;2;0;0;0
"20/11/2024";"10:23:00";"338";"Com vítima";"230,500";"BR-116/RJ";"Crescente";"Acidentes de outra natureza";0;0;0;1;0;0;0;0;0;0;0;0;1;0;0
"20/11/2024";"11:17:00";"353";"Com vítima";"442,000";"BR-101/RJ";"Decrescente";"Acidentes de outra natureza";0;0;0;1;0;0;0;0;0;0;0;0;1;0;0
"20/11/2024";"11:27:00";"359";"Com vítima";"223,700";"BR-116/SP";"Crescente";"Colisão lateral em sentido contrário";2;0;0;1;0;0;0;0;0;0;0;2;0;0;0
"20/11/2024";"13:09:00";"407";"Com vítima";"66,400";"BR-116/SP";"Decrescente";"Engavetamento";3;0;0;0;0;0;0;0;0;0;6;1;0;0;0
"20/11/2024";"13:50:00";"437";"Com vítima";"52,000";"BR-116/SP";"Crescente";"Atropelamento de pedestre";0;1;0;1;0;0;0;0;0;0;0;1;0;0;0
"20/11/2024";"14:10:00";"451";"Com vítima";"425,000";"BR-101/RJ";"Decrescente";"Colisão traseira";1;0;0;1;0;0;0;0;0;0;1;1;0;0;0
"20/11/2024";"16:26:00";"531";"Sem vítima";"86,950";"BR-116/SP";"Crescente";"Colisão lateral em sentido contrário";1;0;0;0;0;0;0;1;0;0;0;0;0;0;0
"20/11/2024";"16:28:00";"533";"Com vítima";"418,900";"BR-101/RJ";"Decrescente";"Colisão traseira";2;0;0;0;0;0;0;0;0;0;5;0;1;0;0
"20/11/2024";"16:50:00";"542";"Sem vítima";"100,700";"BR-116/SP";"Crescente";"Colisão traseira";1;0;0;0;0;0;0;0;0;0;0;0;0;0;0
"20/11/2024";"17:20:00";"560";"Com vítima";"408,100";"BR-101/RJ";"Decrescente";"Choque";0;0;0;1;0;0;0;0;0;0;0;0;1;0;0
"20/11/2024";"19:01:00";"615";"Sem vítima";"425,200";"BR-101/RJ";"Decrescente";"Colisão traseira";1;0;0;0;0;0;0;0;0;1;0;0;0;0;0
"20/11/2024";"19:13:00";"604";"Com vítima";"227,000";"BR-116/SP";"Decrescente";"Choque";1;0;0;0;0;0;0;0;0;0;0;1;0;0;0
"20/11/2024";"19:41:00";"625";"Com vítima";"421,200";"BR-101/RJ";"Crescente";"Atropelamento de pedestre";0;0;0;1;0;0;0;0;0;1;0;1;0;1;1
"20/11/2024";"21:10:00";"659";"Com vítima";"491,600";"BR-101/RJ";"Crescente";"Choque";1;0;0;0;0;0;0;0;0;0;0;1;0;0;0
"20/11/2024";"23:52:00";"702";"Com vítima";"306,800";"BR-116/RJ";"Decrescente";"Colisão traseira";2;0;0;0;0;0;0;0;0;0;4;2;0;0;0
"20/11/2024";"23:55:00";"705";"Com vítima";"212,000";"BR-116/SP";"Decrescente";"Choque";1;0;0;0;0;0;0;0;0;0;0;1;1;0;0
"21/11/2024";"00:00:00";"637";"Com vítima";"57,800";"BR-116/SP";"Crescente";"Colisão lateral em sentido contrário";1;0;1;0;0;0;0;0;0;0;1;1;0;0;0