data;horario;n_da_ocorrencia;tipo_de_ocorrencia;km;trecho;sentido;tipo_de_acidente;automovel;bicicleta;caminhao;moto;onibus;outros;tracao_animal;transporte_de_cargas_especiais;trator_maquinas;utilitarios;ilesos;levemente_feridos;moderadamente_feridos;gravemente_feridos;mortos
"21/11/2024";"00:10:00";"35";"Com vítima";"27,300";"BR-116/SP";"Crescente";"Colisão traseira";0;0;2;0;0;0;0;0;0;0;2;1;0;0;0
"21/11/2024";"03:06:00";"59";"Com vítima";"320,000";"BR-116/RJ";"Crescente";"Acidentes de outra natureza";1;0;0;0;0;0;0;0;0;0;0;1;0;0;0
"21/11/2024";"04:15:00";"75";"Com vítima";"229,500";"BR-116/RJ";"Decrescente";"Colisão traseira";0;0;3;0;0;0;0;0;0;0;0;0;0;1;0
"21/11/2024";"05:41:00";"102";"Sem vítima";"114,200";"BR-116/SP";"Crescente";"Choque";1;0;0;0;0;0;0;0;0;0;0;0;0;0;0
"21/11/2024";"06:11:00";"139";"Sem vítima";"219,000";"BR-116/SP";"Decrescente";"Colisão traseira";0;0;0;0;0;0;0;2;0;0;0;0;0;0;0
"21/11/2024";"06:53:00";"184";"Com vítima";"224,300";"BR-116/SP";"Crescente";"Engavetamento";4;0;0;0;1;0;0;0;0;1;41;0;1;0;0
"21/11/2024";"07:17:00";"196";"Com vítima";"220,200";"BR-116/SP";"Crescente";"Engavetamento";3;0;0;0;0;0;0;0;0;0;3;1;0;0;0
"21/11/2024";"09:03:00";"333";"Com vítima";"138,000";"BR-116/SP";"Crescente";"Acidentes de outra natureza";0;0;0;1;0;0;0;0;0;0;0;2;0;0;0
"21/11/2024";"09:28:00";"355";"Sem vítima";"248,000";"BR-116/RJ";"Decrescente";"Colisão traseira";2;0;0;0;0;0;0;0;0;0;0;0;0;0;0
"21/11/2024";"10:53:00";"407";"Sem vítima";"156,000";"BR-116/SP";"Decrescente";"Engavetamento";2;0;1;0;0;0;0;1;0;0;0;0;0;0;0
"21/11/2024";"14:49:00";"517";"Com vítima";"99,000";"BR-116/SP";"Decrescente";"Acidentes de outra natureza";0;0;0;1;0;0;0;0;0;0;0;1;0;0;0
"21/11/2024";"16:27:00";"566";"Com vítima";"170,000";"BR-116/SP";"Decrescente";"Acidentes de outra natureza";0;0;0;1;0;0;0;0;0;0;0;1;0;0;0
"21/11/2024";"17:38:00";"599";"Com vítima";"475,800";"BR-101/RJ";"Crescente";"Colisão traseira";1;0;0;1;0;0;0;0;0;0;1;0;1;0;0
"21/11/2024";"18:56:00";"647";"Com vítima";"479,600";"BR-101/RJ";"Crescente";"Acidentes de outra natureza";0;0;0;1;0;0;0;0;0;0;0;1;0;0;0
"21/11/2024";"20:21:00";"689";"Sem vítima";"230,000";"BR-116/SP";"Decrescente";"Colisão lateral em sentido contrário";1;0;0;1;0;0;0;0;0;0;0;0;0;0;0
"21/11/2024";"20:46:00";"701";"Com vítima";"228,750";"BR-116/SP";"Decrescente";"Colisão lateral em sentido contrário";1;0;0;0;1;0;0;0;0;0;2;1;0;0;0
"21/11/2024";"23:03:00";"746";"Com vítima";"35,300";"BR-116/SP";"Crescente";"Choque";1;0;0;0;0;0;0;0;0;0;0;1;0;0;0
"21/11/2024";"23:58:00";"756";"Com vítima";"386,600";"BR-101/RJ";"Crescente";"Colisão frontal";1;0;0;1;0;0;0;0;0;0;2;2;0;0;0
"22/11/2024";"02:42:00";"60";"Com vítima";"485,900";"BR-101/RJ";"Crescente";"Choque";1;0;0;0;0;0;0;0;0;0;1;0;2;0;0
"22/11/2024";"03:23:00";"69";"Sem vítima";"119,700";"BR-116/SP";"Crescente";"Atropelamento de pedestre";1;0;0;0;0;0;0;0;0;0;0;0;0;0;0
"22/11/2024";"06:16:00";"135";"Com vítima";"469,000";"BR-101/RJ";"Decrescente";"Capotamento";1;0;0;0;0;0;0;0;0;0;0;1;0;0;0
"22/11/2024";"08:38:00";"280";"Sem vítima";"158,000";"BR-116/SP";"Decrescente";"Engavetamento";1;0;0;0;0;0;0;0;0;0;0;0;0;0;0
"22/11/2024";"09:30:00";"299";"Com vítima";"248,500";"BR-116/RJ";"Crescente";"Choque";1;0;0;0;0;0;0;0;0;0;0;1;0;0;0
"22/11/2024";"09:34:00";"314";"Com vítima";"582,000";"BR-101/RJ";"Crescente";"Acidentes de outra natureza";0;0;0;1;0;0;0;0;0;0;0;1;0;0;0
"22/11/2024";"10:18:00";"346";"Sem vítima";"440,000";"BR-101/RJ";"Decrescente";"Choque";1;0;0;0;0;0;0;0;0;0;0;0;0;0;0
"22/11/2024";"10:31:00";"359";"Sem vítima";"495,000";"BR-101/RJ";"Crescente";"Choque";1;0;0;0;0;0;0;0;0;0;4;0;0;0;0
"22/11/2024";"10:52:00";"372";"Com vítima";"94,550";"BR-116/SP";"Crescente";"Acidentes de outra natureza";0;0;0;1;0;0;0;0;0;0;0;0;1;1;0
"22/11/2024";"12:02:00";"414";"Sem vítima";"222,900";"BR-116/SP";"Crescente";"Colisão traseira";1;0;0;0;0;0;0;0;0;0;0;0;0;0;0
"22/11/2024";"13:08:00";"436";"Sem vítima";"228,100";"BR-116/SP";"Decrescente";"Colisão traseira";2;0;0;0;0;0;0;0;0;0;0;0;0;0;0
"22/11/2024";"13:55:00";"451";"Com vítima";"51,000";"BR-101/SP";"Decrescente";"Colisão lateral em sentido contrário";1;0;0;1;0;0;0;0;0;0;1;1;0;0;0
"22/11/2024";"14:45:00";"479";"Sem vítima";"50,900";"BR-101/SP";"Crescente";"Colisão traseira";2;0;0;0;0;0;0;0;0;0;0;0;0;0;0
"22/11/2024";"15:01:00";"488";"Sem vítima";"228,000";"BR-116/SP";"Decrescente";"Colisão lateral em sentido contrário";1;0;0;1;0;0;0;0;0;0;0;0;0;0;0
"22/11/2024";"15:17:00";"497";"Com vítima";"385,000";"BR-101/RJ";"Decrescente";"Colisão lateral em sentido contrário";1;0;0;1;0;0;0;0;0;0;1;2;0;0;0
"22/11/2024";"15:50:00";"514";"Com vítima";"568,000";"BR-101/RJ";"Crescente";"Acidentes de outra natureza";0;0;0;1;0;0;0;0;0;0;0;1;0;0;0
"22/11/2024";"16:10:00";"526";"Sem vítima";"282,700";"BR-116/RJ";"Decrescente";"Capotamento";1;0;0;0;0;0;0;0;0;0;0;0;0;0;0
"22/11/2024";"16:17:00";"527";"Sem vítima";"283,700";"BR-116/RJ";"Decrescente";"Engavetamento";3;0;0;0;0;0;0;0;0;0;0;0;0;0;0
"22/11/2024";"16:22:00";"522";"Com vítima";"34,800";"BR-116/SP";"Crescente";"Tombamento";0;0;1;0;0;0;0;0;0;0;0;1;0;0;0
"22/11/2024";"16:44:00";"540";"Sem vítima";"482,000";"BR-101/RJ";"Decrescente";"Colisão lateral em sentido contrário";1;0;0;0;1;0;0;0;0;0;0;0;0;0;0
"22/11/2024";"16:59:00";"544";"Sem vítima";"275,000";"BR-116/RJ";"Decrescente";"Choque";1;0;0;0;0;0;0;0;0;0;0;0;0;0;0
"22/11/2024";"18:00:00";"577";"Com vítima";"228,800";"BR-116/SP";"Decrescente";"Colisão lateral em sentido contrário";1;0;0;0;0;0;0;0;0;1;4;1;0;0;0
"22/11/2024";"18:19:00";"582";"Sem vítima";"38,000";"BR-116/SP";"Crescente";"Colisão lateral em sentido contrário";1;0;1;0;0;0;0;0;0;0;0;0;0;0;0
"22/11/2024";"19:43:00";"630";"Com vítima";"219,100";"BR-116/SP";"Decrescente";"Colisão traseira";0;0;0;1;0;0;0;0;0;0;0;1;0;0;0
"22/11/2024";"20:19:00";"648";"Sem vítima";"259,950";"BR-116/RJ";"Crescente";"Colisão traseira";2;0;0;0;0;0;0;0;0;0;0;0;0;0;0
"22/11/2024";"21:06:00";"663";"Sem vítima";"227,800";"BR-116/RJ";"Decrescente";"Choque";1;0;0;0;0;0;0;0;0;0;0;0;0;0;0
"22/11/2024";"21:56:00";"658";"Sem vítima";"232,300";"BR-116/RJ";"Decrescente";"Choque";1;0;0;0;0;0;0;0;0;0;0;0;0;0;0
"23/11/2024";"00:00:00";"108";"Com vítima";"183,800";"BR-116/SP";"Decrescente";"Choque";1;0;0;0;0;0;0;0;0;0;0;1;0;0;0
"23/11/2024";"00:00:00";"567";"Sem vítima";"275,300";"BR-116/RJ";"Decrescente";"Colisão traseira";2;0;0;0;0;0;0;1;0;0;0;0;0;0;0
"23/11/2024";"00:33:00";"36";"Sem vítima";"547,000";"BR-101/RJ";"Crescente";"Choque";1;0;0;0;0;0;0;0;0;0;0;0;0;0;0
"23/11/2024";"01:41:00";"49";"Sem vítima";"212,000";"BR-116/SP";"Decrescente";"Choque";2;0;0;0;0;0;0;0;0;0;0;0;0;0;0
"23/11/2024";"03:58:00";"69";"Sem vítima";"221,000";"BR-116/SP";"Decrescente";"Colisão traseira";1;0;0;0;0;0;0;0;0;0;0;0;0;0;0
"23/11/2024";"04:18:00";"77";"Com vítima";"426,900";"BR-101/RJ";"Decrescente";"Acidentes de outra natureza";0;0;0;1;0;0;0;0;0;0;0;1;0;0;0
"23/11/2024";"05:09:00";"96";"Sem vítima";"230,000";"BR-116/SP";"Decrescente";"Colisão traseira";1;0;0;0;0;0;0;0;0;0;0;0;0;0;0
"23/11/2024";"05:56:00";"128";"Sem vítima";"251,350";"BR-116/RJ";"Crescente";"Choque";1;0;0;0;0;0;0;0;0;0;0;0;0;0;0
"23/11/2024";"07:43:00";"221";"Com vítima";"161,000";"BR-116/SP";"Decrescente";"Colisão lateral em sentido contrário";1;0;0;0;0;0;0;1;0;0;1;1;0;0;0
"23/11/2024";"08:18:00";"256";"Sem vítima";"134,000";"BR-116/SP";"Decrescente";"Colisão traseira";1;0;0;0;0;0;0;0;0;0;0;0;0;0;0
"23/11/2024";"08:45:00";"284";"Com vítima";"311,600";"BR-116/RJ";"Decrescente";"Acidentes de outra natureza";0;0;0;1;0;0;0;0;0;0;0;0;2;0;0
"23/11/2024";"08:54:00";"290";"Com vítima";"218,800";"BR-116/SP";"Decrescente";"Colisão traseira";1;0;0;1;0;0;0;0;0;0;1;1;0;0;0
"23/11/2024";"10:03:00";"335";"Sem vítima";"165,200";"BR-116/SP";"Decrescente";"Colisão traseira";1;0;1;0;0;0;0;0;0;0;0;0;0;0;0
"23/11/2024";"10:16:00";"343";"Com vítima";"53,000";"BR-116/SP";"Crescente";"Engavetamento";3;0;0;0;0;0;0;0;0;0;4;1;0;0;0
"23/11/2024";"10:48:00";"360";"Sem vítima";"53,000";"BR-116/SP";"Crescente";"Colisão traseira";1;0;1;0;0;0;0;0;0;0;0;0;0;0;0
"23/11/2024";"11:00:00";"367";"Sem vítima";"154,900";"BR-116/SP";"Crescente";"Colisão lateral em sentido contrário";1;0;0;0;0;0;0;1;0;0;0;0;0;0;0
"23/11/2024";"12:51:00";"428";"Sem vítima";"89,350";"BR-116/SP";"Decrescente";"Choque";1;0;0;0;0;0;0;0;0;0;0;0;0;0;0
"23/11/2024";"12:52:00";"429";"Com vítima";"485,000";"BR-101/RJ";"Crescente";"Colisão lateral em sentido contrário";1;0;0;1;0;0;0;0;0;0;2;0;1;0;0
"23/11/2024";"14:05:00";"465";"Com vítima";"115,400";"BR-116/SP";"Decrescente";"Acidentes de outra natureza";0;0;0;1;0;0;0;0;0;0;0;1;0;0;0
"23/11/2024";"14:30:00";"476";"Sem vítima";"449,000";"BR-101/RJ";"Decrescente";"Capotamento";0;0;0;0;0;0;0;0;0;1;0;0;0;0;0
"23/11/2024";"14:35:00";"478";"Sem vítima";"73,000";"BR-116/SP";"Decrescente";"Choque";1;0;0;0;0;0;0;0;0;0;0;0;0;0;0
"23/11/2024";"14:48:00";"486";"Com vítima";"122,000";"BR-116/SP";"Decrescente";"Colisão traseira";2;0;0;0;0;0;0;0;0;0;4;1;0;0;0
"23/11/2024";"15:11:00";"500";"Com vítima";"245,000";"BR-116/RJ";"Crescente";"Acidentes de outra natureza";1;0;0;2;0;0;0;0;0;0;1;4;0;0;0
"23/11/2024";"16:22:00";"538";"Com vítima";"228,000";"BR-116/SP";"Decrescente";"Acidentes de outra natureza";0;0;0;1;0;0;0;0;0;0;0;2;0;0;0
"23/11/2024";"16:25:00";"539";"Sem vítima";"292,200";"BR-116/RJ";"Decrescente";"Colisão traseira";1;0;0;0;0;0;0;0;0;0;0;0;0;0;0
"23/11/2024";"16:54:00";"479";"Sem vítima";"237,000";"BR-116/RJ";"Crescente";"Capotamento";1;0;0;0;0;0;0;0;0;0;0;0;0;0;0
"23/11/2024";"19:58:00";"640";"Com vítima";"218,500";"BR-116/SP";"Decrescente";"Engavetamento";3;0;0;0;0;0;0;0;0;0;0;3;0;0;0
"23/11/2024";"21:37:00";"677";"Com vítima";"209,000";"BR-116/SP";"Decrescente";"Capotamento";1;0;0;0;0;0;0;0;0;0;1;4;0;0;0
"23/11/2024";"22:54:00";"701";"Com vítima";"484,000";"BR-101/RJ";"Crescente";"Colisão lateral em sentido contrário";0;0;0;1;0;0;0;0;0;0;0;0;1;0;0
"23/11/2024";"23:05:00";"704";"Com vítima";"495,000";"BR-101/RJ";"Decrescente";"Choque";1;0;0;0;0;0;0;0;0;0;0;1;0;0;0
"23/11/2024";"23:30:00";"709";"Com vítima";"399,000";"BR-101/RJ";"Decrescente";"Atropelamento de pedestre";1;0;0;0;0;0;0;0;0;0;0;0;1;0;0
"24/11/2024";"00:08:00";"37";"Sem vítima";"145,700";"BR-116/SP";"Decrescente";"Colisão traseira";1;0;0;0;0;0;0;0;0;0;0;0;0;0;0
"24/11/2024";"00:59:00";"52";"Com vítima";"179,100";"BR-116/SP";"Crescente";"Choque";0;0;0;1;0;0;0;0;0;0;0;1;0;0;0
"24/11/2024";"01:08:00";"54";"Com vítima";"16,900";"BR-116/SP";"Decrescente";"Tombamento";0;0;0;0;0;0;0;1;0;0;0;1;0;0;0
"24/11/2024";"01:16:00";"57";"Sem vítima";"81,600";"BR-116/SP";"Crescente";"Atropelamento de pedestre";1;0;0;0;0;0;0;0;0;0;0;0;0;0;0
"24/11/2024";"01:22:00";"59";"Sem vítima";"133,000";"BR-116/SP";"Crescente";"Colisão transversal";2;0;0;0;0;0;0;0;0;0;0;0;0;0;0
"24/11/2024";"04:30:00";"81";"Sem vítima";"276,900";"BR-116/RJ";"Crescente";"Colisão frontal";1;0;0;0;1;0;0;0;0;0;0;0;0;0;0
"24/11/2024";"04:46:00";"83";"Sem vítima";"219,000";"BR-116/SP";"Crescente";"Colisão traseira";1;0;1;0;0;0;0;0;0;0;0;0;0;0;0
"24/11/2024";"06:31:00";"129";"Sem vítima";"395,500";"BR-101/RJ";"Crescente";"Choque";1;0;0;0;0;0;0;0;0;0;0;0;0;0;0
"24/11/2024";"06:45:00";"138";"Com vítima";"49,600";"BR-116/SP";"Crescente";"Acidentes de outra natureza";0;0;0;1;0;0;0;0;0;0;0;1;0;0;0
"24/11/2024";"06:46:00";"140";"Sem vítima";"162,000";"BR-116/SP";"Crescente";"Choque";1;0;0;0;0;0;0;0;0;0;0;0;0;0;0
"24/11/2024";"08:14:00";"203";"Com vítima";"184,400";"BR-116/SP";"Decrescente";"Acidentes de outra natureza";0;0;0;1;0;0;0;0;0;0;0;1;1;0;0
"24/11/2024";"10:59:00";"285";"Sem vítima";"92,000";"BR-116/SP";"Decrescente";"Engavetamento";3;0;0;0;0;0;0;0;0;0;0;0;0;0;0
"24/11/2024";"12:24:00";"331";"Sem vítima";"145,900";"BR-116/SP";"Crescente";"Colisão traseira";2;0;0;0;0;0;0;0;0;0;0;0;0;0;0
"24/11/2024";"14:02:00";"378";"Sem vítima";"227,000";"BR-116/SP";"Crescente";"Engavetamento";1;0;0;0;0;0;0;0;0;0;0;0;0;0;0
"24/11/2024";"14:52:00";"86";"Com vítima";"96,900";"BR-116/SP";"Decrescente";"Choque";1;0;0;0;0;0;0;0;0;0;0;0;0;2;0
"24/11/2024";"15:25:00";"422";"Com vítima";"69,000";"BR-116/SP";"Decrescente";"Colisão traseira";1;0;0;0;0;0;0;1;0;0;2;1;0;0;0
"24/11/2024";"15:26:00";"423";"Sem vítima";"156,000";"BR-116/SP";"Crescente";"Engavetamento";1;0;0;0;0;0;0;0;0;0;0;0;0;0;0
"24/11/2024";"16:42:00";"457";"Com vítima";"477,000";"BR-101/RJ";"Decrescente";"Colisão traseira";1;0;0;1;0;0;0;0;0;0;2;2;0;0;0
"24/11/2024";"17:06:00";"471";"Com vítima";"99,000";"BR-116/SP";"Crescente";"Colisão traseira";1;0;0;0;0;0;0;0;0;0;1;1;0;0;0
"24/11/2024";"17:20:00";"478";"Com vítima";"52,000";"BR-101/SP";"Crescente";"Atropelamento de pedestre";0;1;0;1;0;0;0;0;0;0;0;2;0;0;0
"24/11/2024";"17:57:00";"501";"Sem vítima";"591,000";"BR-101/RJ";"Decrescente";"Colisão traseira";1;0;0;0;0;0;0;0;0;0;2;0;0;0;0
"24/11/2024";"18:34:00";"525";"Com vítima";"556,500";"BR-101/RJ";"Decrescente";"Choque";1;0;0;0;0;0;0;0;0;0;0;2;0;0;0
"24/11/2024";"19:38:00";"561";"Sem vítima";"272,000";"BR-116/RJ";"Crescente";"Atropelamento de pedestre";1;0;0;0;0;0;0;0;0;0;0;0;0;0;0
"24/11/2024";"21:33:00";"620";"Sem vítima";"398,000";"BR-101/RJ";"Decrescente";"Colisão lateral em sentido contrário";2;0;0;0;0;0;0;0;0;0;0;0;0;0;0
"25/11/2024";"00:00:00";"172";"Com vítima";"43,600";"BR-101/SP";"Crescente";"Acidentes de outra natureza";0;0;0;1;0;0;0;0;0;0;0;1;0;0;0
"25/11/2024";"00:00:00";"389";"Sem vítima";"225,000";"BR-116/SP";"Decrescente";"Choque";0;0;1;0;0;0;0;0;0;0;0;0;0;0;0
"25/11/2024";"00:00:00";"444";"Sem vítima";"228,000";"BR-116/SP";"Crescente";"Colisão traseira";1;0;0;0;0;0;0;0;0;0;0;0;0;0;0
"25/11/2024";"00:00:00";"668";"Com vítima";"482,000";"BR-101/RJ";"Crescente";"Colisão traseira";0;0;0;1;0;0;0;0;0;0;0;0;1;0;0
"25/11/2024";"00:00:00";"699";"Com vítima";"277,050";"BR-116/RJ";"Crescente";"Colisão frontal";2;0;0;1;0;0;0;0;0;0;2;0;0;0;1
"25/11/2024";"00:07:00";"33";"Com vítima";"321,000";"BR-116/RJ";"Crescente";"Atropelamento de pedestre";0;0;0;1;0;0;0;0;0;0;0;0;2;1;0
"25/11/2024";"00:08:00";"34";"Com vítima";"129,900";"BR-116/SP";"Decrescente";"Colisão traseira";0;0;0;1;0;0;0;0;0;0;0;1;0;0;0
"25/11/2024";"01:45:00";"56";"Sem vítima";"21,300";"BR-116/SP";"Decrescente";"Choque";1;0;0;0;0;0;0;0;0;0;0;0;0;0;0
"25/11/2024";"02:55:00";"71";"Sem vítima";"278,900";"BR-116/RJ";"Decrescente";"Tombamento";0;0;0;0;0;0;0;1;0;0;0;0;0;0;0
"25/11/2024";"04:04:00";"86";"Sem vítima";"385,700";"BR-101/RJ";"Crescente";"Acidentes de outra natureza";1;0;0;0;0;0;0;0;0;0;0;0;0;0;0
"25/11/2024";"06:23:00";"158";"Com vítima";"228,700";"BR-116/RJ";"Decrescente";"Tombamento";0;0;0;0;0;0;0;1;0;0;0;3;0;0;0
"25/11/2024";"06:48:00";"185";"Com vítima";"227,300";"BR-116/SP";"Crescente";"Colisão lateral em sentido contrário";1;0;0;1;0;0;0;0;0;0;0;3;0;0;0
"25/11/2024";"07:14:00";"209";"Sem vítima";"155,000";"BR-116/SP";"Crescente";"Engavetamento";3;0;0;0;0;0;0;0;0;0;0;0;0;0;0
"25/11/2024";"07:37:00";"226";"Com vítima";"113,480";"BR-116/SP";"Crescente";"Engavetamento";3;0;0;2;0;0;0;0;0;0;3;0;2;1;0
"25/11/2024";"08:23:00";"268";"Sem vítima";"156,600";"BR-116/SP";"Decrescente";"Colisão lateral em sentido contrário";2;0;0;0;0;0;0;0;0;0;0;0;0;0;0
"25/11/2024";"09:39:00";"330";"Com vítima";"484,200";"BR-101/RJ";"Decrescente";"Colisão traseira";0;0;0;1;1;0;0;0;0;0;1;1;0;0;0
"25/11/2024";"10:05:00";"344";"Sem vítima";"218,000";"BR-116/SP";"Crescente";"Colisão traseira";0;0;1;0;0;0;0;0;0;0;0;0;0;0;0
"25/11/2024";"10:34:00";"368";"Com vítima";"44,300";"BR-116/SP";"Crescente";"Colisão lateral em sentido contrário";0;0;2;0;0;0;0;0;0;0;0;2;0;0;0
"25/11/2024";"12:47:00";"459";"Sem vítima";"164,000";"BR-116/SP";"Crescente";"Engavetamento";1;0;1;0;0;0;0;1;0;0;0;0;0;0;0
"25/11/2024";"13:05:00";"470";"Sem vítima";"204,500";"BR-116/SP";"Crescente";"Colisão traseira";0;0;0;0;0;0;0;1;0;0;0;0;0;0;0
"25/11/2024";"13:20:00";"480";"Sem vítima";"159,200";"BR-116/SP";"Crescente";"Engavetamento";3;0;0;0;0;0;0;1;0;0;0;0;0;0;0
"25/11/2024";"13:28:00";"487";"Sem vítima";"159,000";"BR-116/SP";"Decrescente";"Acidentes de outra natureza";1;0;0;0;0;0;0;0;0;0;0;0;0;0;0
"25/11/2024";"14:31:00";"531";"Sem vítima";"386,000";"BR-101/RJ";"Crescente";"Acidentes de outra natureza";1;0;0;0;0;0;0;0;0;0;0;0;0;0;0
"25/11/2024";"14:48:00";"538";"Com vítima";"98,000";"BR-116/SP";"Decrescente";"Engavetamento";0;0;1;1;0;0;0;0;0;0;0;1;0;0;0
"25/11/2024";"15:16:00";"561";"Sem vítima";"8,200";"BR-116/SP";"Decrescente";"Acidentes de outra natureza";1;0;1;0;0;0;0;0;0;0;0;0;0;0;0
"25/11/2024";"15:43:00";"574";"Sem vítima";"416,000";"BR-101/RJ";"Crescente";"Colisão lateral em sentido contrário";1;0;1;0;0;0;0;0;0;0;0;0;0;0;0
"25/11/2024";"16:24:00";"598";"Sem vítima";"486,000";"BR-101/RJ";"Crescente";"Colisão traseira";2;0;0;0;0;0;0;0;0;0;0;0;0;0;0
"25/11/2024";"18:14:00";"646";"Sem vítima";"80,450";"BR-116/SP";"Decrescente";"Atropelamento de pedestre";1;0;0;0;0;0;0;0;0;0;0;0;0;0;0
"25/11/2024";"18:24:00";"651";"Com vítima";"154,000";"BR-116/SP";"Crescente";"Colisão lateral em sentido contrário";1;0;0;1;0;0;0;0;0;0;2;0;1;0;0
"25/11/2024";"20:09:00";"709";"Sem vítima";"202,000";"BR-116/SP";"Crescente";"Colisão traseira";0;0;2;0;0;0;0;0;0;0;0;0;0;0;0
"25/11/2024";"20:44:00";"730";"Sem vítima";"163,500";"BR-116/SP";"Decrescente";"Colisão traseira";1;0;0;0;0;0;0;0;0;0;0;0;0;0;0
"26/11/2024";"00:00:00";"551";"Com vítima";"216,500";"BR-116/SP";"Decrescente";"Colisão lateral em sentido contrário";0;0;1;0;0;0;0;0;0;1;2;1;0;0;0
"26/11/2024";"01:12:00";"49";"Com vítima";"225,000";"BR-116/SP";"Decrescente";"Acidentes de outra natureza";0;0;0;1;0;0;0;0;0;0;0;1;0;0;0
"26/11/2024";"01:14:00";"50";"Sem vítima";"32,000";"BR-116/SP";"Crescente";"Colisão traseira";0;0;2;0;0;0;0;0;0;0;0;0;0;0;0
"26/11/2024";"01:46:00";"55";"Sem vítima";"114,100";"BR-116/SP";"Crescente";"Choque";1;0;0;0;0;0;0;0;0;0;1;0;0;0;0
"26/11/2024";"06:39:00";"167";"Com vítima";"223,000";"BR-116/SP";"Crescente";"Engavetamento";3;0;0;1;0;0;0;0;0;0;3;1;0;0;0
"26/11/2024";"07:12:00";"212";"Com vítima";"229,050";"BR-116/RJ";"Decrescente";"Colisão traseira";0;0;2;0;0;0;0;0;0;0;1;0;1;0;0
"26/11/2024";"08:45:00";"308";"Com vítima";"390,000";"BR-101/RJ";"Crescente";"Acidentes de outra natureza";0;0;0;1;0;0;0;0;0;0;0;1;0;0;0
"26/11/2024";"09:02:00";"322";"Com vítima";"199,000";"BR-116/SP";"Decrescente";"Acidentes de outra natureza";0;0;0;1;0;0;0;0;0;0;0;0;1;0;0
"26/11/2024";"09:25:00";"349";"Com vítima";"43,500";"BR-101/SP";"Crescente";"Acidentes de outra natureza";0;0;0;1;0;0;0;0;0;0;0;1;0;0;0
"26/11/2024";"10:17:00";"393";"Sem vítima";"221,800";"BR-116/SP";"Crescente";"Colisão traseira";1;0;0;0;1;0;0;0;0;0;0;0;0;0;0
"26/11/2024";"11:25:00";"440";"Com vítima";"486,000";"BR-101/RJ";"Decrescente";"Colisão lateral em sentido contrário";1;0;0;1;0;0;0;0;0;0;1;1;0;0;0
"26/11/2024";"13:37:00";"506";"Sem vítima";"223,600";"BR-116/SP";"Crescente";"Colisão traseira";0;0;1;0;0;0;0;0;0;0;0;0;0;0;0
"26/11/2024";"13:42:00";"513";"Com vítima";"216,000";"BR-116/SP";"Crescente";"Colisão traseira";1;0;0;1;0;0;0;0;0;0;3;0;1;0;0
"26/11/2024";"15:04:00";"567";"Com vítima";"50,500";"BR-101/SP";"Crescente";"Colisão traseira";0;1;0;1;0;0;0;0;0;0;0;1;0;0;0
"26/11/2024";"15:12:00";"572";"Com vítima";"287,000";"BR-116/RJ";"Crescente";"Colisão lateral em sentido contrário";1;0;1;0;0;0;0;0;0;0;2;2;0;0;0
"26/11/2024";"15:47:00";"591";"Com vítima";"219,000";"BR-116/SP";"Crescente";"Colisão lateral em sentido contrário";1;0;0;1;0;0;0;0;0;0;3;1;0;0;0
"26/11/2024";"16:54:00";"629";"Sem vítima";"227,500";"BR-116/RJ";"Crescente";"Colisão traseira";0;0;2;0;0;0;0;0;0;0;0;0;0;0;0
"26/11/2024";"17:43:00";"648";"Sem vítima";"147,500";"BR-116/SP";"Decrescente";"Colisão lateral em sentido contrário";1;0;0;1;0;0;0;0;0;0;0;0;0;0;0
"26/11/2024";"17:51:00";"651";"Sem vítima";"134,000";"BR-116/SP";"Crescente";"Colisão traseira";2;0;0;0;0;0;0;0;0;0;0;0;0;0;0
"26/11/2024";"21:05:00";"767";"Sem vítima";"86,950";"BR-116/SP";"Decrescente";"Colisão lateral em sentido contrário";1;0;1;0;0;0;0;0;0;0;0;0;0;0;0
"26/11/2024";"22:24:00";"798";"Com vítima";"524,000";"BR-101/RJ";"Decrescente";"Capotamento";1;0;0;0;0;0;0;0;0;0;0;0;1;0;0
"26/11/2024";"22:26:00";"800";"Com vítima";"30,300";"BR-116/SP";"Crescente";"Colisão traseira";0;0;0;0;0;0;0;2;0;0;1;0;1;0;0
"26/11/2024";"23:09:00";"821";"Com vítima";"184,000";"BR-116/SP";"Crescente";"Engavetamento";1;0;1;1;0;0;0;0;0;0;2;0;1;0;0
"26/11/2024";"23:32:00";"835";"Com vítima";"98,500";"BR-116/SP";"Crescente";"Atropelamento de pedestre";2;0;0;0;1;0;0;0;0;0;0;0;0;0;0
"27/11/2024";"00:00:00";"673";"Com vítima";"225,350";"BR-116/RJ";"Crescente";"Colisão traseira";1;0;1;0;0;0;0;0;0;0;3;2;0;0;0
"27/11/2024";"00:39:00";"40";"Sem vítima";"383,400";"BR-101/RJ";"Crescente";"Colisão traseira";1;0;1;0;0;0;0;0;0;0;0;0;0;0;0