data;horario;n_da_ocorrencia;tipo_de_ocorrencia;km;trecho;sentido;tipo_de_acidente;automovel;bicicleta;caminhao;moto;onibus;outros;tracao_animal;transporte_de_cargas_especiais;trator_maquinas;utilitarios;ilesos;levemente_feridos;moderadamente_feridos;gravemente_feridos;mortos
"27/11/2024";"04:38:00";"85";"Com vítima";"228,300";"BR-116/SP";"Crescente";"Acidentes de outra natureza";0;0;0;1;0;0;0;0;0;0;0;1;0;0;0
"27/11/2024";"04:49:00";"88";"Com vítima";"220,000";"BR-116/SP";"Crescente";"Choque";0;0;0;1;0;0;0;0;0;0;0;0;1;0;0
"27/11/2024";"06:10:00";"151";"Sem vítima";"471,000";"BR-101/RJ";"Crescente";"Colisão lateral em sentido contrário";2;0;0;0;0;0;0;0;0;0;2;0;0;0;0
"27/11/2024";"06:51:00";"193";"Sem vítima";"165,000";"BR-116/SP";"Crescente";"Colisão traseira";1;0;0;0;0;0;0;1;0;0;0;0;0;0;0
"27/11/2024";"07:14:00";"214";"Com vítima";"281,900";"BR-116/RJ";"Decrescente";"Colisão lateral em sentido contrário";1;0;1;0;0;0;0;0;0;0;0;1;0;0;0
"27/11/2024";"07:45:00";"249";"Sem vítima";"218,900";"BR-116/SP";"Crescente";"Colisão lateral em sentido contrário";0;0;2;0;0;0;0;0;0;0;0;0;0;0;0
"27/11/2024";"08:08:00";"262";"Sem vítima";"143,200";"BR-116/SP";"Decrescente";"Engavetamento";3;0;0;0;0;0;0;0;0;0;0;0;0;0;0
"27/11/2024";"08:40:00";"293";"Sem vítima";"141,700";"BR-116/SP";"Crescente";"Colisão traseira";0;0;2;0;0;0;0;0;0;0;0;0;0;0;0
"27/11/2024";"09:34:00";"337";"Sem vítima";"222,800";"BR-116/SP";"Crescente";"Colisão traseira";1;0;1;0;0;0;0;0;0;0;0;0;0;0;0
"27/11/2024";"10:48:00";"373";"Sem vítima";"145,000";"BR-116/SP";"Decrescente";"Colisão traseira";1;0;0;0;0;0;0;0;0;0;0;0;0;0;0
"27/11/2024";"12:26:00";"422";"Sem vítima";"561,000";"BR-101/RJ";"Decrescente";"Colisão lateral em sentido contrário";1;0;1;0;0;0;0;0;0;0;0;0;0;0;0
"27/11/2024";"13:02:00";"414";"Sem vítima";"243,000";"BR-116/RJ";"Crescente";"Colisão traseira";0;0;2;0;0;0;0;0;0;0;2;0;0;0;0
"27/11/2024";"13:23:00";"466";"Sem vítima";"225,000";"BR-116/SP";"Decrescente";"Colisão traseira";1;0;1;0;0;0;0;0;0;0;0;0;0;0;0
"27/11/2024";"14:43:00";"527";"Sem vítima";"229,700";"BR-116/RJ";"Decrescente";"Engavetamento";0;0;3;0;0;0;0;0;0;0;0;0;0;0;0
"27/11/2024";"17:53:00";"632";"Sem vítima";"155,100";"BR-116/SP";"Crescente";"Colisão traseira";1;0;0;0;0;0;0;0;0;0;0;0;0;0;0
"27/11/2024";"18:01:00";"635";"Sem vítima";"141,800";"BR-116/SP";"Crescente";"Colisão lateral em sentido contrário";1;0;1;0;0;0;0;0;0;0;0;0;0;0;0
"27/11/2024";"18:26:00";"644";"Sem vítima";"134,800";"BR-116/SP";"Crescente";"Engavetamento";1;0;0;0;0;0;0;0;0;0;0;0;0;0;0
"27/11/2024";"18:52:00";"663";"Com vítima";"192,400";"BR-116/SP";"Decrescente";"Acidentes de outra natureza";0;0;0;1;0;0;0;0;0;0;0;1;0;0;0
"27/11/2024";"19:35:00";"700";"Sem vítima";"576,000";"BR-101/RJ";"Crescente";"Colisão lateral em sentido contrário";0;0;0;1;0;0;0;0;0;0;0;0;0;0;0
"27/11/2024";"23:08:00";"801";"Sem vítima";"255,000";"BR-116/RJ";"Crescente";"Colisão lateral em sentido contrário";0;0;1;0;0;0;0;0;0;0;1;0;0;0;0
"28/11/2024";"04:12:00";"71";"Com vítima";"224,950";"BR-116/SP";"Crescente";"Engavetamento";1;0;1;1;0;0;0;0;0;0;1;2;0;0;0
"28/11/2024";"06:06:00";"137";"Sem vítima";"18,000";"BR-101/SP";"Crescente";"Choque";1;0;0;0;0;0;0;0;0;0;0;0;0;0;0
"28/11/2024";"10:55:00";"438";"Sem vítima";"220,000";"BR-116/SP";"Crescente";"Colisão lateral em sentido contrário";1;0;0;1;0;0;0;0;0;0;0;0;0;0;0
"28/11/2024";"12:22:00";"503";"Sem vítima";"229,000";"BR-116/SP";"Decrescente";"Colisão lateral em sentido contrário";1;0;0;1;0;0;0;0;0;0;0;0;0;0;0
"28/11/2024";"12:42:00";"518";"Com vítima";"229,700";"BR-116/RJ";"Decrescente";"Choque";0;0;1;0;0;0;0;0;0;0;0;1;0;0;0
"28/11/2024";"13:41:00";"560";"Sem vítima";"477,000";"BR-101/RJ";"Decrescente";"Colisão lateral em sentido contrário";1;0;0;0;1;0;0;0;0;0;0;0;0;0;0
"28/11/2024";"14:13:00";"590";"Sem vítima";"136,000";"BR-116/SP";"Crescente";"Colisão traseira";0;0;1;0;0;0;0;1;0;0;0;0;0;0;0
"28/11/2024";"15:25:00";"646";"Com vítima";"477,300";"BR-101/RJ";"Crescente";"Colisão frontal";2;0;0;0;0;0;0;0;0;0;4;0;1;0;0
"28/11/2024";"15:34:00";"656";"Com vítima";"225,500";"BR-116/SP";"Decrescente";"Colisão lateral em sentido contrário";0;0;0;1;0;0;0;0;0;0;0;1;0;0;0
"28/11/2024";"15:49:00";"666";"Com vítima";"498,500";"BR-101/RJ";"Decrescente";"Acidentes de outra natureza";0;0;0;1;0;0;0;0;0;0;0;1;0;0;0
"28/11/2024";"16:00:00";"674";"Com vítima";"225,000";"BR-116/SP";"Decrescente";"Colisão lateral em sentido contrário";1;0;0;1;0;0;0;0;0;0;3;2;0;0;0
"28/11/2024";"16:12:00";"682";"Com vítima";"219,000";"BR-116/SP";"Decrescente";"Colisão lateral em sentido contrário";1;0;0;0;0;0;0;0;0;0;0;1;0;0;0
"28/11/2024";"17:09:00";"717";"Com vítima";"145,000";"BR-116/SP";"Decrescente";"Acidentes de outra natureza";0;0;0;1;0;0;0;0;0;0;0;1;0;0;0
"28/11/2024";"18:50:00";"785";"Com vítima";"164,250";"BR-116/SP";"Decrescente";"Colisão traseira";0;0;2;0;0;0;0;0;0;0;1;1;0;0;0
"28/11/2024";"19:18:00";"809";"Com vítima";"52,000";"BR-101/SP";"Crescente";"Colisão frontal";1;0;0;1;0;0;0;0;0;0;1;2;0;0;0
"28/11/2024";"21:59:00";"902";"Sem vítima";"540,500";"BR-101/RJ";"Decrescente";"Atropelamento de pedestre";1;0;0;0;0;0;0;0;0;0;0;0;0;0;0
"28/11/2024";"22:18:00";"908";"Sem vítima";"157,000";"BR-116/SP";"Crescente";"Choque";1;0;0;0;0;0;0;0;0;0;0;0;0;0;0
"29/11/2024";"00:03:00";"35";"Com vítima";"217,500";"BR-116/SP";"Decrescente";"Colisão lateral em sentido contrário";0;0;1;1;0;0;0;0;0;0;1;1;0;0;0
"29/11/2024";"02:04:00";"63";"Sem vítima";"13,800";"BR-116/SP";"Crescente";"Colisão traseira";0;0;0;0;0;0;0;2;0;0;0;0;0;0;0
"29/11/2024";"02:20:00";"66";"Sem vítima";"117,400";"BR-116/SP";"Decrescente";"Choque";1;0;0;0;0;0;0;0;0;0;0;0;0;0;0
"29/11/2024";"05:46:00";"119";"Sem vítima";"34,700";"BR-116/SP";"Decrescente";"Colisão lateral em sentido contrário";1;0;1;0;0;0;0;0;0;0;0;0;0;0;0
"29/11/2024";"06:10:00";"136";"Sem vítima";"229,100";"BR-116/RJ";"Decrescente";"Colisão traseira";0;0;1;0;0;0;0;0;0;0;0;0;0;0;0
"29/11/2024";"08:18:00";"311";"Com vítima";"128,000";"BR-116/SP";"Crescente";"Acidentes de outra natureza";0;0;0;1;0;0;0;0;0;0;0;1;0;0;0
"29/11/2024";"08:28:00";"320";"Sem vítima";"136,000";"BR-116/SP";"Crescente";"Colisão traseira";1;0;0;0;1;0;0;0;0;0;0;0;0;0;0
"29/11/2024";"10:01:00";"402";"Sem vítima";"104,500";"BR-116/SP";"Crescente";"Colisão traseira";2;0;0;0;0;0;0;0;0;0;0;0;0;0;0
"29/11/2024";"10:07:00";"405";"Sem vítima";"104,800";"BR-116/SP";"Decrescente";"Colisão traseira";2;0;0;0;0;0;0;0;0;0;0;0;0;0;0
"29/11/2024";"11:39:00";"471";"Com vítima";"229,100";"BR-116/SP";"Crescente";"Colisão lateral em sentido contrário";1;0;1;0;0;0;0;0;0;0;0;1;0;0;0
"29/11/2024";"12:49:00";"500";"Sem vítima";"66,000";"BR-116/SP";"Crescente";"Colisão frontal";0;0;1;0;0;0;0;1;0;0;0;0;0;0;0
"29/11/2024";"13:04:00";"508";"Sem vítima";"416,000";"BR-101/RJ";"Crescente";"Choque";1;0;0;0;0;0;0;0;0;0;2;0;0;0;0
"29/11/2024";"13:06:00";"510";"Com vítima";"235,000";"BR-116/RJ";"Decrescente";"Choque";1;0;0;0;0;0;0;0;0;0;0;1;0;0;0
"29/11/2024";"13:09:00";"513";"Com vítima";"144,300";"BR-116/SP";"Crescente";"Colisão traseira";1;0;0;1;0;0;0;0;0;0;3;1;0;0;0
"29/11/2024";"13:09:00";"514";"Sem vítima";"101,200";"BR-116/SP";"Decrescente";"Colisão traseira";1;0;0;0;0;0;0;0;0;0;0;0;0;0;0
"29/11/2024";"13:19:00";"523";"Com vítima";"280,800";"BR-116/RJ";"Decrescente";"Colisão lateral em sentido contrário";1;0;1;0;0;0;0;0;0;0;1;1;0;0;0
"29/11/2024";"13:22:00";"524";"Sem vítima";"143,100";"BR-116/SP";"Crescente";"Engavetamento";0;0;1;0;0;0;0;1;0;1;0;0;0;0;0
"29/11/2024";"13:46:00";"532";"Sem vítima";"542,000";"BR-101/RJ";"Decrescente";"Choque";1;0;0;0;0;0;0;0;0;0;2;0;0;0;0
"29/11/2024";"13:52:00";"534";"Sem vítima";"66,000";"BR-116/SP";"Crescente";"Choque";1;0;0;0;0;0;0;0;0;0;0;0;0;0;0
"29/11/2024";"14:02:00";"497";"Sem vítima";"476,000";"BR-101/RJ";"Crescente";"Capotamento";1;0;0;0;0;0;0;0;0;0;0;0;0;0;0
"29/11/2024";"14:08:00";"544";"Com vítima";"222,000";"BR-116/SP";"Decrescente";"Colisão lateral em sentido contrário";1;0;0;1;0;0;0;0;0;0;1;1;0;0;0
"29/11/2024";"14:33:00";"563";"Com vítima";"504,000";"BR-101/RJ";"Crescente";"Colisão traseira";1;0;1;0;0;0;0;0;0;0;0;4;0;0;0
"29/11/2024";"14:51:00";"572";"Com vítima";"154,000";"BR-116/SP";"Crescente";"Engavetamento";3;0;1;0;0;0;0;0;0;0;3;2;1;0;0
"29/11/2024";"15:11:00";"579";"Sem vítima";"165,000";"BR-116/SP";"Decrescente";"Colisão traseira";2;0;0;0;0;0;0;0;0;0;0;0;0;0;0
"29/11/2024";"17:36:00";"650";"Com vítima";"228,600";"BR-116/RJ";"Decrescente";"Choque";1;0;0;0;0;0;0;0;0;0;2;1;0;0;0
"29/11/2024";"17:52:00";"658";"Com vítima";"299,700";"BR-116/RJ";"Decrescente";"Colisão traseira";1;0;1;0;0;0;0;0;0;0;0;0;0;1;0
"29/11/2024";"18:04:00";"666";"Sem vítima";"472,500";"BR-101/RJ";"Crescente";"Colisão traseira";1;0;1;0;0;0;0;0;0;0;0;0;0;0;0
"29/11/2024";"19:00:00";"697";"Com vítima";"201,100";"BR-116/SP";"Decrescente";"Acidentes de outra natureza";0;0;0;1;0;0;0;0;0;0;1;0;1;0;0
"29/11/2024";"19:07:00";"699";"Sem vítima";"505,650";"BR-101/RJ";"Crescente";"Colisão traseira";1;0;0;0;0;0;0;0;0;0;1;0;0;0;0
"29/11/2024";"19:57:00";"737";"Com vítima";"277,700";"BR-116/RJ";"Crescente";"Colisão frontal";2;0;0;1;0;0;0;0;0;0;2;0;1;0;0
"29/11/2024";"20:07:00";"740";"Sem vítima";"159,000";"BR-116/SP";"Crescente";"Colisão lateral em sentido contrário";1;0;0;0;0;0;0;0;0;0;0;0;0;0;0
"29/11/2024";"20:35:00";"751";"Sem vítima";"40,500";"BR-101/SP";"Crescente";"Choque";0;0;0;0;0;0;0;0;0;1;0;0;0;0;0
"29/11/2024";"22:40:00";"808";"Com vítima";"158,800";"BR-116/SP";"Decrescente";"Colisão traseira";1;0;0;1;0;0;0;0;0;0;1;1;0;0;0
"30/11/2024";"00:00:00";"40";"Sem vítima";"490,000";"BR-101/RJ";"Crescente";"Choque";1;0;0;0;0;0;0;0;0;0;0;0;0;0;0
"30/11/2024";"00:50:00";"48";"Sem vítima";"137,000";"BR-116/SP";"Decrescente";"Acidentes de outra natureza";1;0;0;0;0;0;0;0;0;0;0;0;0;0;0
"30/11/2024";"03:12:00";"65";"Com vítima";"223,000";"BR-116/SP";"Decrescente";"Colisão traseira";2;0;0;0;0;0;0;0;0;0;2;1;0;0;0
"30/11/2024";"04:39:00";"93";"Sem vítima";"336,000";"BR-116/RJ";"Crescente";"Atropelamento de pedestre";1;0;0;0;0;0;0;0;0;0;0;0;0;0;0
"30/11/2024";"06:00:00";"127";"Sem vítima";"37,000";"BR-116/SP";"Crescente";"Choque";0;0;1;0;0;0;0;0;0;0;0;0;0;0;0
"30/11/2024";"06:41:00";"172";"Sem vítima";"259,600";"BR-116/RJ";"Decrescente";"Choque";1;0;0;0;0;0;0;0;0;0;0;0;0;0;0
"30/11/2024";"06:59:00";"185";"Sem vítima";"259,800";"BR-116/RJ";"Decrescente";"Colisão lateral em sentido contrário";1;0;1;0;0;0;0;0;0;0;0;0;0;0;0
"30/11/2024";"09:01:00";"294";"Com vítima";"158,000";"BR-116/SP";"Decrescente";"Engavetamento";3;0;0;0;0;0;0;0;0;0;2;1;0;0;0
"30/11/2024";"09:12:00";"309";"Com vítima";"117,900";"BR-116/SP";"Decrescente";"Colisão traseira";2;0;1;2;0;0;0;0;0;0;6;2;0;0;0
"30/11/2024";"09:48:00";"324";"Com vítima";"222,000";"BR-116/SP";"Crescente";"Colisão lateral em sentido contrário";1;0;0;1;0;0;0;0;0;0;1;1;0;0;0
"30/11/2024";"10:31:00";"342";"Sem vítima";"204,500";"BR-116/SP";"Decrescente";"Colisão traseira";2;0;0;0;0;0;0;0;0;0;0;0;0;0;0
"30/11/2024";"10:34:00";"345";"Com vítima";"157,000";"BR-116/SP";"Decrescente";"Colisão lateral em sentido contrário";0;0;1;1;0;0;0;0;0;0;1;1;0;0;0
"30/11/2024";"14:42:00";"465";"Sem vítima";"261,750";"BR-116/RJ";"Crescente";"Choque";0;0;1;0;0;0;0;0;0;0;0;0;0;0;0
"30/11/2024";"15:08:00";"480";"Com vítima";"139,200";"BR-116/SP";"Decrescente";"Colisão lateral em sentido contrário";1;0;0;1;0;0;0;0;0;0;1;1;0;0;0
"30/11/2024";"15:08:00";"482";"Sem vítima";"276,000";"BR-116/RJ";"Decrescente";"Acidentes de outra natureza";1;0;0;0;1;0;0;0;0;0;0;0;0;0;0
"30/11/2024";"16:48:00";"545";"Sem vítima";"219,000";"BR-116/SP";"Crescente";"Colisão lateral em sentido contrário";2;0;0;0;0;0;0;0;0;0;0;0;0;0;0
"30/11/2024";"19:00:00";"603";"Com vítima";"473,000";"BR-101/RJ";"Crescente";"Colisão traseira";1;0;0;1;0;0;0;0;0;0;2;0;1;0;0
"30/11/2024";"19:22:00";"614";"Sem vítima";"148,300";"BR-116/SP";"Decrescente";"Engavetamento";2;0;0;0;0;0;0;0;0;0;0;0;0;0;0
"30/11/2024";"23:12:00";"708";"Sem vítima";"392,000";"BR-101/RJ";"Crescente";"Choque";1;0;0;0;0;0;0;0;0;0;0;0;0;0;0
"01/12/2024";"00:04:00";"35";"Sem vítima";"227,500";"BR-116/SP";"Decrescente";"Colisão lateral em sentido contrário";1;0;1;0;0;0;0;0;0;0;0;0;0;0;0
"01/12/2024";"00:32:00";"45";"Com vítima";"228,400";"BR-116/SP";"Decrescente";"Colisão traseira";2;0;0;0;0;0;0;0;0;0;2;1;0;0;0
"01/12/2024";"03:37:00";"75";"Sem vítima";"217,600";"BR-116/SP";"Crescente";"Choque";1;0;0;0;0;0;0;0;0;0;0;0;0;0;0
"01/12/2024";"06:32:00";"126";"Com vítima";"268,000";"BR-116/RJ";"Decrescente";"Acidentes de outra natureza";0;0;0;1;0;0;0;0;0;0;0;1;0;0;0
"01/12/2024";"06:40:00";"132";"Com vítima";"270,000";"BR-116/RJ";"Decrescente";"Choque";1;0;0;0;1;0;0;0;0;0;30;0;0;1;0
"01/12/2024";"07:14:00";"151";"Com vítima";"229,100";"BR-116/SP";"Crescente";"Atropelamento de pedestre";1;0;0;0;0;0;0;0;0;0;3;0;0;1;0
"01/12/2024";"10:00:00";"221";"Sem vítima";"165,200";"BR-116/SP";"Crescente";"Colisão traseira";2;0;0;0;0;0;0;0;0;0;0;0;0;0;0
"01/12/2024";"10:38:00";"245";"Com vítima";"145,000";"BR-116/SP";"Crescente";"Colisão traseira";1;0;0;1;0;0;0;0;0;0;1;1;0;0;0
"01/12/2024";"10:54:00";"254";"Com vítima";"5,000";"BR-116/SP";"Decrescente";"Atropelamento de pedestre";0;0;1;0;0;0;0;0;0;0;0;1;0;0;1
"01/12/2024";"11:15:00";"266";"Com vítima";"227,000";"BR-116/RJ";"Decrescente";"Acidentes de outra natureza";0;0;0;1;0;0;0;0;0;0;0;2;0;0;0
"01/12/2024";"14:52:00";"365";"Sem vítima";"105,000";"BR-116/SP";"Crescente";"Colisão traseira";2;0;0;0;0;0;0;0;0;0;0;0;0;0;0
"01/12/2024";"15:15:00";"377";"Com vítima";"86,950";"BR-116/SP";"Crescente";"Colisão traseira";1;0;1;0;0;0;0;0;0;0;3;1;0;0;0
"01/12/2024";"17:36:00";"459";"Com vítima";"155,000";"BR-116/SP";"Crescente";"Engavetamento";3;0;0;0;1;0;0;0;0;0;40;1;0;0;0
"01/12/2024";"18:15:00";"494";"Com vítima";"264,600";"BR-116/RJ";"Crescente";"Colisão traseira";2;0;0;0;0;0;0;0;0;0;4;1;0;0;0
"01/12/2024";"18:51:00";"513";"Com vítima";"49,700";"BR-101/SP";"Decrescente";"Colisão lateral em sentido contrário";1;0;0;1;0;0;0;0;0;0;4;1;0;0;0
"01/12/2024";"20:11:00";"560";"Com vítima";"168,800";"BR-116/SP";"Crescente";"Atropelamento de pedestre";1;0;0;0;0;0;0;0;0;0;2;0;0;0;1
"01/12/2024";"21:59:00";"593";"Com vítima";"413,400";"BR-101/RJ";"Crescente";"Atropelamento de pedestre";1;0;0;0;0;0;0;0;0;0;2;0;0;0;1
"01/12/2024";"23:45:00";"616";"Com vítima";"231,000";"BR-116/SP";"Decrescente";"Colisão lateral em sentido contrário";1;0;1;0;0;0;0;0;0;0;1;2;0;0;0
"02/12/2024";"00:00:00";"500";"Sem vítima";"230,500";"BR-116/SP";"Decrescente";"Colisão traseira";0;0;0;1;0;0;0;0;0;0;0;0;0;0;0
"02/12/2024";"00:16:00";"35";"Com vítima";"230,400";"BR-116/SP";"Decrescente";"Atropelamento de pedestre";1;1;0;0;0;0;0;0;0;0;2;0;0;0;0
"02/12/2024";"00:25:00";"38";"Sem vítima";"219,000";"BR-116/SP";"Decrescente";"Colisão lateral em sentido contrário";1;0;1;0;0;0;0;0;0;0;0;0;0;0;0
"02/12/2024";"00:51:00";"47";"Sem vítima";"230,400";"BR-116/SP";"Decrescente";"Colisão traseira";1;0;0;0;0;0;0;1;0;0;0;0;0;0;0
"02/12/2024";"00:51:00";"48";"Sem vítima";"108,800";"BR-116/SP";"Decrescente";"Choque";1;0;0;0;0;0;0;0;0;0;0;0;0;0;0
"02/12/2024";"01:08:00";"51";"Com vítima";"228,100";"BR-116/SP";"Decrescente";"Tombamento";0;0;0;0;0;0;0;1;0;0;0;1;0;0;0
"02/12/2024";"05:00:00";"580";"Sem vítima";"122,100";"BR-116/SP";"Decrescente";"Colisão traseira";1;0;0;0;0;0;0;0;0;0;0;0;0;0;0
"02/12/2024";"06:33:00";"146";"Sem vítima";"148,300";"BR-116/SP";"Decrescente";"Choque";1;0;0;0;0;0;0;0;0;0;0;0;0;0;0
"02/12/2024";"07:04:00";"172";"Com vítima";"216,000";"BR-116/SP";"Decrescente";"Colisão traseira";0;0;0;1;0;0;0;0;0;0;0;1;0;0;0
"02/12/2024";"07:12:00";"179";"Sem vítima";"225,000";"BR-116/SP";"Crescente";"Colisão lateral em sentido contrário";1;0;1;0;0;0;0;0;0;0;0;0;0;0;0
"02/12/2024";"08:05:00";"243";"Sem vítima";"316,000";"BR-116/RJ";"Decrescente";"Tombamento";0;0;1;0;0;0;0;0;0;0;0;0;0;0;0
"02/12/2024";"09:22:00";"301";"Sem vítima";"45,000";"BR-116/SP";"Decrescente";"Atropelamento de pedestre";1;0;0;0;0;0;0;0;0;0;0;0;0;0;0
"02/12/2024";"09:47:00";"324";"Com vítima";"409,000";"BR-101/RJ";"Crescente";"Colisão lateral em sentido contrário";1;0;0;1;0;0;0;0;0;0;1;2;0;0;0
"02/12/2024";"10:23:00";"354";"Sem vítima";"229,100";"BR-116/RJ";"Crescente";"Choque";1;0;0;0;0;1;0;0;0;0;0;0;0;0;0
"02/12/2024";"11:59:00";"404";"Com vítima";"15,600";"BR-116/SP";"Crescente";"Choque";1;0;0;0;0;0;0;0;0;0;0;0;1;0;0
"02/12/2024";"14:03:00";"477";"Sem vítima";"65,000";"BR-116/SP";"Decrescente";"Choque";1;0;0;0;0;0;0;0;0;0;0;0;0;0;0
"02/12/2024";"14:17:00";"466";"Com vítima";"228,500";"BR-116/SP";"Decrescente";"Engavetamento";2;0;1;0;0;0;0;0;0;0;1;2;0;0;0
"02/12/2024";"15:26:00";"535";"Com vítima";"102,100";"BR-116/SP";"Crescente";"Choque";2;0;0;0;0;0;0;0;0;0;0;2;0;0;0
"02/12/2024";"15:28:00";"537";"Sem vítima";"101,900";"BR-116/SP";"Crescente";"Choque";0;0;1;0;0;0;0;0;0;0;0;0;0;0;0
"02/12/2024";"18:58:00";"647";"Sem vítima";"413,800";"BR-101/RJ";"Crescente";"Capotamento";1;0;0;0;0;0;0;0;0;0;0;0;0;0;0
"02/12/2024";"20:12:00";"682";"Com vítima";"276,000";"BR-116/RJ";"Decrescente";"Colisão lateral em sentido contrário";1;0;0;1;0;0;0;0;0;0;1;1;0;0;0
"02/12/2024";"21:33:00";"714";"Com vítima";"383,700";"BR-101/RJ";"Crescente";"Atropelamento de pedestre";0;0;0;0;0;0;0;0;0;0;0;0;0;0;1
"03/12/2024";"04:32:00";"432";"Sem vítima";"282,500";"BR-116/RJ";"Decrescente";"Capotamento";1;0;0;0;0;0;0;0;0;0;0;0;0;0;0
"03/12/2024";"04:46:00";"74";"Com vítima";"225,500";"BR-116/SP";"Decrescente";"Colisão traseira";0;0;1;0;0;0;0;1;0;0;1;1;0;0;0
"03/12/2024";"04:59:00";"459";"Com vítima";"37,800";"BR-116/SP";"Crescente";"Choque";0;0;2;0;0;0;0;0;0;0;0;2;1;0;0
"03/12/2024";"05:11:00";"81";"Com vítima";"145,000";"BR-116/SP";"Crescente";"Acidentes de outra natureza";0;0;0;1;0;0;0;0;0;0;0;0;1;0;0
"03/12/2024";"07:18:00";"185";"Sem vítima";"134,000";"BR-116/SP";"Crescente";"Engavetamento";4;0;0;0;0;0;0;0;0;0;0;0;0;0;0
"03/12/2024";"07:49:00";"218";"Sem vítima";"476,800";"BR-101/RJ";"Crescente";"Choque";1;0;0;0;0;0;0;0;0;0;0;0;0;0;0
"03/12/2024";"07:53:00";"224";"Sem vítima";"132,000";"BR-116/SP";"Crescente";"Colisão lateral em sentido contrário";0;0;0;0;1;0;0;0;0;0;0;0;0;0;0
"03/12/2024";"08:01:00";"234";"Sem vítima";"73,500";"BR-116/SP";"Crescente";"Choque";1;0;0;0;0;0;0;0;0;0;0;0;0;0;0
"03/12/2024";"08:13:00";"246";"Sem vítima";"73,500";"BR-116/SP";"Crescente";"Choque";1;0;0;0;0;0;0;0;0;0;0;0;0;0;0
"03/12/2024";"08:30:00";"265";"Com vítima";"99,800";"BR-116/SP";"Decrescente";"Choque";1;0;0;0;0;0;0;0;0;0;0;1;0;0;0
"03/12/2024";"08:55:00";"282";"Sem vítima";"482,500";"BR-101/RJ";"Decrescente";"Choque";3;0;1;0;0;0;0;0;0;0;0;0;0;0;0
"03/12/2024";"10:18:00";"339";"Sem vítima";"144,900";"BR-116/SP";"Crescente";"Colisão lateral em sentido contrário";1;0;0;1;0;0;0;0;0;0;0;0;0;0;0
"03/12/2024";"12:05:00";"415";"Sem vítima";"69,350";"BR-116/SP";"Decrescente";"Choque";0;0;0;0;0;0;0;0;0;1;0;0;0;0;0
"03/12/2024";"12:14:00";"417";"Sem vítima";"70,400";"BR-116/SP";"Crescente";"Choque";0;0;1;0;0;0;0;0;0;0;0;0;0;0;0
"03/12/2024";"12:38:00";"426";"Sem vítima";"515,000";"BR-101/RJ";"Crescente";"Choque";1;0;0;0;0;0;0;0;0;0;0;0;0;0;0
"03/12/2024";"12:45:00";"429";"Sem vítima";"211,800";"BR-116/SP";"Crescente";"Colisão traseira";0;0;2;0;0;0;0;0;0;0;0;0;0;0;0
"03/12/2024";"13:33:00";"449";"Sem vítima";"441,000";"BR-101/RJ";"Decrescente";"Choque";1;0;0;0;0;0;0;0;0;0;0;0;0;0;0
"03/12/2024";"13:35:00";"451";"Com vítima";"489,900";"BR-101/RJ";"Crescente";"Colisão frontal";3;0;0;0;0;0;0;0;0;0;6;9;0;0;0
"03/12/2024";"13:42:00";"454";"Com vítima";"67,000";"BR-116/SP";"Decrescente";"Acidentes de outra natureza";0;0;0;1;0;0;0;0;0;0;0;0;1;0;0
"03/12/2024";"14:58:00";"487";"Sem vítima";"319,000";"BR-116/RJ";"Crescente";"Colisão traseira";1;0;0;0;0;0;0;1;0;0;0;0;0;0;0
"03/12/2024";"15:11:00";"492";"Sem vítima";"208,500";"BR-116/SP";"Crescente";"Choque";1;0;0;0;0;0;0;0;0;0;0;0;0;0;0
"03/12/2024";"15:49:00";"508";"Sem vítima";"334,700";"BR-116/RJ";"Decrescente";"Choque";1;0;0;0;0;0;0;0;0;0;0;0;0;0;0
"03/12/2024";"15:57:00";"516";"Sem vítima";"234,900";"BR-116/RJ";"Decrescente";"Choque";1;0;0;0;0;0;0;0;0;0;0;0;0;0;0
"03/12/2024";"16:00:00";"517";"Com vítima";"512,000";"BR-101/RJ";"Crescente";"Colisão lateral em sentido contrário";2;0;0;0;0;0;0;0;0;0;2;1;2;0;0
"03/12/2024";"16:11:00";"525";"Sem vítima";"229,000";"BR-116/RJ";"Decrescente";"Choque";1;0;0;0;0;0;0;0;0;0;0;0;0;0;0
"03/12/2024";"17:03:00";"545";"Com vítima";"296,600";"BR-116/RJ";"Crescente";"Choque";1;0;0;0;0;0;0;0;0;0;0;1;0;0;0
"03/12/2024";"17:26:00";"554";"Com vítima";"97,700";"BR-116/SP";"Decrescente";"Acidentes de outra natureza";0;0;0;1;0;0;0;0;0;0;0;2;0;0;0
"03/12/2024";"17:44:00";"561";"Com vítima";"504,000";"BR-101/RJ";"Decrescente";"Colisão lateral em sentido contrário";1;0;0;1;0;0;0;0;0;0;0;2;1;0;0
"03/12/2024";"21:13:00";"663";"Com vítima";"322,500";"BR-116/RJ";"Decrescente";"Choque";1;0;0;0;0;0;0;0;0;0;0;1;0;1;0