data;horario;n_da_ocorrencia;tipo_de_ocorrencia;km;trecho;sentido;tipo_de_acidente;automovel;bicicleta;caminhao;moto;onibus;outros;tracao_animal;transporte_de_cargas_especiais;trator_maquinas;utilitarios;ilesos;levemente_feridos;moderadamente_feridos;gravemente_feridos;mortos
"03/12/2024";"22:11:00";"686";"Com vítima";"227,000";"BR-116/SP";"Crescente";"Colisão lateral em sentido contrário";1;0;1;0;0;0;0;0;0;0;2;1;0;0;0
"04/12/2024";"05:34:00";"91";"Sem vítima";"298,000";"BR-116/RJ";"Decrescente";"Choque";1;0;0;0;0;0;0;0;0;0;0;0;0;0;0
"04/12/2024";"06:19:00";"125";"Sem vítima";"331,000";"BR-116/RJ";"Decrescente";"Colisão traseira";1;0;0;0;0;0;0;0;0;0;0;0;0;0;0
"04/12/2024";"06:21:00";"128";"Sem vítima";"563,000";"BR-101/RJ";"Crescente";"Choque";1;0;0;0;0;0;0;0;0;0;0;0;0;0;0
"04/12/2024";"06:38:00";"148";"Com vítima";"216,000";"BR-116/SP";"Crescente";"Colisão traseira";1;0;0;1;0;0;0;0;0;0;2;1;0;0;0
"04/12/2024";"07:00:00";"171";"Sem vítima";"290,800";"BR-116/RJ";"Crescente";"Choque";1;0;0;0;0;0;0;0;0;0;0;0;0;0;0
"04/12/2024";"07:14:00";"193";"Com vítima";"222,000";"BR-116/SP";"Crescente";"Colisão lateral em sentido contrário";0;0;0;1;0;0;0;0;0;1;0;1;0;0;0
"04/12/2024";"07:50:00";"238";"Com vítima";"233,000";"BR-116/RJ";"Decrescente";"Tombamento";0;0;1;0;0;0;0;0;0;0;0;0;2;0;0
"04/12/2024";"07:57:00";"242";"Com vítima";"159,000";"BR-116/SP";"Decrescente";"Colisão lateral em sentido contrário";1;0;1;0;0;0;0;0;0;0;3;1;0;0;0
"04/12/2024";"08:36:00";"282";"Sem vítima";"435,000";"BR-101/RJ";"Crescente";"Choque";1;0;0;0;0;1;0;0;0;0;0;0;0;0;0
"04/12/2024";"09:07:00";"302";"Com vítima";"220,000";"BR-116/SP";"Decrescente";"Colisão traseira";1;0;0;1;0;0;0;0;0;0;1;0;1;0;0
"04/12/2024";"09:57:00";"343";"Com vítima";"428,000";"BR-101/RJ";"Crescente";"Acidentes de outra natureza";0;0;0;1;0;0;0;0;0;0;0;0;1;0;0
"04/12/2024";"10:18:00";"367";"Sem vítima";"223,400";"BR-116/SP";"Crescente";"Colisão traseira";0;0;2;0;0;0;0;0;0;0;0;0;0;0;0
"04/12/2024";"11:34:00";"401";"Sem vítima";"542,000";"BR-101/RJ";"Decrescente";"Choque";1;0;0;0;0;0;0;0;0;0;0;0;0;0;0
"04/12/2024";"11:50:00";"409";"Sem vítima";"431,600";"BR-101/RJ";"Crescente";"Choque";1;0;0;0;0;0;0;0;0;0;0;0;0;0;0
"04/12/2024";"14:20:00";"484";"Sem vítima";"115,000";"BR-116/SP";"Decrescente";"Colisão lateral em sentido contrário";2;0;0;0;0;0;0;0;0;0;0;0;0;0;0
"04/12/2024";"15:07:00";"514";"Sem vítima";"165,200";"BR-116/SP";"Crescente";"Colisão traseira";2;0;0;0;0;0;0;0;0;0;0;0;0;0;0
"04/12/2024";"16:40:00";"552";"Sem vítima";"216,000";"BR-116/SP";"Decrescente";"Engavetamento";3;0;0;0;0;0;0;0;0;0;0;0;0;0;0
"04/12/2024";"18:20:00";"596";"Com vítima";"7,400";"BR-101/SP";"Crescente";"Choque";1;0;0;0;0;0;0;0;0;0;1;1;0;0;0
"04/12/2024";"18:58:00";"618";"Com vítima";"274,400";"BR-116/RJ";"Decrescente";"Atropelamento de pedestre";1;0;0;0;0;0;0;0;0;0;1;0;0;1;0
"04/12/2024";"19:59:00";"646";"Sem vítima";"217,000";"BR-116/SP";"Decrescente";"Colisão lateral em sentido contrário";1;0;0;0;0;0;0;1;0;0;0;0;0;0;0
"04/12/2024";"20:40:00";"671";"Com vítima";"212,400";"BR-116/SP";"Decrescente";"Colisão traseira";0;0;0;2;0;0;0;0;0;0;0;1;2;0;0
"04/12/2024";"20:49:00";"674";"Com vítima";"471,000";"BR-101/RJ";"Decrescente";"Acidentes de outra natureza";0;0;0;1;0;0;0;0;0;0;0;0;1;0;0
"04/12/2024";"22:17:00";"703";"Com vítima";"217,000";"BR-116/SP";"Decrescente";"Acidentes de outra natureza";0;0;0;1;0;0;0;0;0;0;0;1;0;0;0
"05/12/2024";"00:00:00";"547";"Com vítima";"7,000";"BR-101/SP";"Crescente";"Capotamento";1;0;0;0;0;0;0;0;0;0;0;0;1;0;0
"05/12/2024";"00:39:00";"39";"Sem vítima";"381,000";"BR-101/RJ";"Decrescente";"Choque";1;0;0;0;0;0;0;0;0;0;0;0;0;0;0
"05/12/2024";"02:04:00";"55";"Sem vítima";"529,000";"BR-101/RJ";"Crescente";"Choque";1;0;0;0;0;0;0;0;0;0;0;0;0;0;0
"05/12/2024";"05:17:00";"87";"Sem vítima";"278,400";"BR-116/RJ";"Crescente";"Choque";1;0;0;0;0;0;0;0;0;0;0;0;0;0;0
"05/12/2024";"06:04:00";"64";"Sem vítima";"252,000";"BR-116/RJ";"Decrescente";"Colisão traseira";0;0;0;0;0;0;0;1;0;0;0;0;0;0;0
"05/12/2024";"06:33:00";"139";"Com vítima";"490,000";"BR-101/RJ";"Decrescente";"Capotamento";1;0;0;0;0;0;0;0;0;0;0;1;0;0;0
"05/12/2024";"09:35:00";"350";"Sem vítima";"156,400";"BR-116/SP";"Decrescente";"Colisão lateral em sentido contrário";1;0;0;0;0;0;0;0;0;0;0;0;0;0;0
"05/12/2024";"11:06:00";"413";"Com vítima";"425,000";"BR-101/RJ";"Decrescente";"Colisão frontal";2;0;0;0;0;0;0;0;0;0;0;3;1;0;0
"05/12/2024";"11:58:00";"435";"Com vítima";"398,000";"BR-101/RJ";"Crescente";"Colisão lateral em sentido contrário";1;0;1;0;0;0;0;0;0;0;1;1;0;0;0
"05/12/2024";"12:39:00";"457";"Sem vítima";"567,000";"BR-101/RJ";"Crescente";"Choque";0;0;1;0;0;0;0;0;0;0;0;0;0;0;0
"05/12/2024";"14:23:00";"510";"Sem vítima";"157,000";"BR-116/SP";"Decrescente";"Colisão lateral em sentido contrário";1;0;1;0;0;0;0;0;0;0;0;0;0;0;0
"05/12/2024";"14:31:00";"515";"Sem vítima";"413,000";"BR-101/RJ";"Decrescente";"Choque";1;0;0;0;0;0;0;0;0;0;0;0;0;0;0
"05/12/2024";"14:34:00";"516";"Sem vítima";"156,400";"BR-116/SP";"Crescente";"Engavetamento";2;0;0;0;0;0;0;0;0;1;0;0;0;0;0
"05/12/2024";"14:42:00";"521";"Sem vítima";"385,000";"BR-101/RJ";"Decrescente";"Capotamento";1;0;0;0;0;0;0;0;0;0;0;0;0;0;0
"05/12/2024";"15:30:00";"552";"Com vítima";"295,000";"BR-116/RJ";"Crescente";"Choque";1;0;0;0;0;0;0;0;0;0;1;0;1;0;0
"05/12/2024";"15:34:00";"555";"Sem vítima";"159,000";"BR-116/SP";"Decrescente";"Colisão traseira";1;0;0;0;0;0;0;0;0;0;0;0;0;0;0
"05/12/2024";"16:06:00";"566";"Sem vítima";"48,500";"BR-116/SP";"Decrescente";"Colisão lateral em sentido contrário";1;0;1;0;0;0;0;0;0;0;0;0;0;0;0
"05/12/2024";"16:43:00";"586";"Sem vítima";"143,000";"BR-116/SP";"Decrescente";"Engavetamento";4;0;0;0;0;0;0;0;0;0;0;0;0;0;0
"05/12/2024";"19:48:00";"690";"Sem vítima";"294,600";"BR-116/RJ";"Decrescente";"Choque";1;0;0;0;0;0;0;0;0;0;0;0;0;0;0
"05/12/2024";"20:36:00";"714";"Com vítima";"223,300";"BR-116/SP";"Crescente";"Engavetamento";1;0;0;2;0;0;0;0;0;0;2;2;0;0;0
"05/12/2024";"22:35:00";"768";"Sem vítima";"68,750";"BR-116/SP";"Decrescente";"Colisão traseira";0;0;0;0;0;0;0;2;0;0;0;0;0;0;0
"06/12/2024";"04:12:00";"68";"Com vítima";"4,800";"BR-116/SP";"Crescente";"Acidentes de outra natureza";1;0;0;0;0;0;0;0;0;0;0;1;0;0;0
"06/12/2024";"05:05:00";"110";"Sem vítima";"234,000";"BR-116/RJ";"Decrescente";"Colisão traseira";0;0;0;0;0;0;0;2;0;0;0;0;0;0;0
"06/12/2024";"05:50:00";"108";"Sem vítima";"67,000";"BR-116/SP";"Crescente";"Colisão lateral em sentido contrário";1;0;0;0;1;0;0;0;0;0;0;0;0;0;0
"06/12/2024";"05:52:00";"109";"Com vítima";"219,100";"BR-116/SP";"Decrescente";"Capotamento";1;0;0;0;0;0;0;0;0;0;0;1;0;0;0
"06/12/2024";"08:16:00";"168";"Com vítima";"63,900";"BR-116/SP";"Decrescente";"Capotamento";1;0;0;0;0;0;0;0;0;0;0;0;2;0;0
"06/12/2024";"08:37:00";"272";"Sem vítima";"218,000";"BR-116/SP";"Crescente";"Colisão traseira";0;0;0;0;0;0;0;0;0;0;0;0;0;0;0
"06/12/2024";"08:51:00";"289";"Sem vítima";"218,000";"BR-116/SP";"Crescente";"Colisão lateral em sentido contrário";1;0;1;0;0;0;0;0;0;0;0;0;0;0;0
"06/12/2024";"09:05:00";"310";"Sem vítima";"230,000";"BR-116/RJ";"Decrescente";"Choque";0;0;1;0;0;0;0;0;0;0;0;0;0;0;0
"06/12/2024";"09:24:00";"334";"Sem vítima";"218,000";"BR-116/SP";"Crescente";"Colisão traseira";2;0;0;0;0;0;0;0;0;0;0;0;0;0;0
"06/12/2024";"10:03:00";"383";"Com vítima";"67,000";"BR-116/SP";"Crescente";"Acidentes de outra natureza";0;0;0;1;0;0;0;0;0;0;0;1;0;0;0
"06/12/2024";"11:41:00";"434";"Com vítima";"152,000";"BR-116/SP";"Decrescente";"Engavetamento";3;0;0;0;0;0;0;0;0;0;2;1;0;0;0
"06/12/2024";"15:00:00";"540";"Sem vítima";"105,000";"BR-116/SP";"Crescente";"Colisão traseira";2;0;0;0;0;0;0;0;0;0;0;0;0;0;0
"06/12/2024";"15:13:00";"547";"Sem vítima";"216,000";"BR-116/SP";"Decrescente";"Colisão traseira";0;0;0;0;0;0;0;2;0;0;0;0;0;0;0
"06/12/2024";"15:51:00";"577";"Sem vítima";"159,000";"BR-116/SP";"Decrescente";"Colisão traseira";0;0;1;0;0;0;0;0;0;0;0;0;0;0;0
"06/12/2024";"16:03:00";"591";"Sem vítima";"19,000";"BR-101/SP";"Crescente";"Colisão lateral em sentido contrário";1;0;1;0;0;0;0;0;0;0;0;0;0;0;0
"06/12/2024";"16:33:00";"607";"Com vítima";"144,000";"BR-116/SP";"Decrescente";"Colisão traseira";1;0;0;0;0;0;0;0;0;0;0;1;0;0;0
"06/12/2024";"16:38:00";"610";"Com vítima";"386,400";"BR-101/RJ";"Crescente";"Colisão traseira";1;0;0;0;0;0;0;0;0;0;0;1;0;0;0
"06/12/2024";"17:17:00";"637";"Sem vítima";"145,100";"BR-116/SP";"Crescente";"Engavetamento";3;0;0;0;0;0;0;0;0;0;0;0;0;0;0
"06/12/2024";"17:20:00";"639";"Com vítima";"394,000";"BR-101/RJ";"Crescente";"Acidentes de outra natureza";0;0;0;1;0;0;0;0;0;0;0;0;1;0;0
"06/12/2024";"17:25:00";"642";"Sem vítima";"145,500";"BR-116/SP";"Decrescente";"Engavetamento";2;0;0;0;0;0;0;0;0;0;0;0;0;0;0
"06/12/2024";"17:29:00";"643";"Sem vítima";"154,800";"BR-116/SP";"Crescente";"Colisão lateral em sentido contrário";0;0;1;0;0;0;0;0;0;0;0;0;0;0;0
"06/12/2024";"17:42:00";"656";"Sem vítima";"62,700";"BR-116/SP";"Decrescente";"Choque";1;0;0;0;0;0;0;0;0;0;0;0;0;0;0
"06/12/2024";"18:14:00";"684";"Com vítima";"30,350";"BR-116/SP";"Crescente";"Colisão traseira";1;0;1;0;0;0;0;0;0;0;1;1;2;0;0
"06/12/2024";"18:17:00";"686";"Com vítima";"145,100";"BR-116/SP";"Crescente";"Colisão traseira";1;0;0;1;0;0;0;0;0;0;0;1;0;0;0
"06/12/2024";"18:59:00";"716";"Sem vítima";"153,600";"BR-116/SP";"Crescente";"Choque";1;0;0;0;0;0;0;0;0;0;0;0;0;0;0
"06/12/2024";"19:14:00";"726";"Com vítima";"57,100";"BR-116/SP";"Decrescente";"Colisão traseira";1;0;0;1;0;0;0;0;0;0;2;2;0;0;0
"06/12/2024";"19:56:00";"753";"Com vítima";"228,750";"BR-116/SP";"Crescente";"Engavetamento";2;0;0;1;0;0;0;0;0;0;2;1;0;0;0
"06/12/2024";"20:14:00";"710";"Com vítima";"437,000";"BR-101/RJ";"Crescente";"Colisão frontal";3;0;0;0;0;0;0;0;0;0;1;3;0;0;0
"06/12/2024";"21:37:00";"810";"Com vítima";"219,200";"BR-116/SP";"Decrescente";"Acidentes de outra natureza";0;0;0;1;0;0;0;0;0;0;1;1;0;0;0
"06/12/2024";"21:39:00";"814";"Sem vítima";"65,000";"BR-116/SP";"Crescente";"Colisão lateral em sentido contrário";2;0;0;0;0;0;0;1;0;0;0;0;0;0;0
"06/12/2024";"22:15:00";"830";"Com vítima";"57,700";"BR-116/SP";"Crescente";"Atropelamento de pedestre";1;0;0;0;0;0;0;0;0;0;0;0;0;1;0
"07/12/2024";"00:00:00";"439";"Com vítima";"406,000";"BR-101/RJ";"Crescente";"Atropelamento de pedestre";1;0;0;0;0;0;0;0;0;0;1;0;1;0;0
"07/12/2024";"00:00:00";"528";"Com vítima";"119,000";"BR-116/SP";"Decrescente";"Acidentes de outra natureza";0;0;0;1;0;0;0;0;0;0;0;0;1;0;0
"07/12/2024";"01:20:00";"61";"Sem vítima";"82,600";"BR-116/SP";"Decrescente";"Engavetamento";2;0;1;0;0;0;0;0;0;0;0;0;0;0;0
"07/12/2024";"03:49:00";"79";"Com vítima";"230,200";"BR-116/SP";"Decrescente";"Choque";0;0;0;1;0;0;0;0;0;0;0;1;0;0;0
"07/12/2024";"04:39:00";"90";"Com vítima";"74,500";"BR-116/SP";"Crescente";"Choque";1;0;0;0;0;0;0;0;0;0;0;0;0;0;2
"07/12/2024";"04:41:00";"91";"Com vítima";"398,000";"BR-101/RJ";"Decrescente";"Choque";1;0;0;0;0;0;0;0;0;1;1;0;1;0;0
"07/12/2024";"07:19:00";"190";"Com vítima";"275,100";"BR-116/RJ";"Decrescente";"Acidentes de outra natureza";0;0;0;1;0;0;0;0;0;0;0;1;0;0;0
"07/12/2024";"07:33:00";"207";"Com vítima";"576,000";"BR-101/RJ";"Decrescente";"Colisão traseira";1;0;0;1;0;0;0;0;0;0;3;1;0;0;0
"07/12/2024";"08:04:00";"246";"Sem vítima";"271,000";"BR-116/RJ";"Crescente";"Colisão traseira";1;0;1;0;0;0;0;0;0;0;0;0;0;0;0
"07/12/2024";"08:05:00";"247";"Com vítima";"223,800";"BR-116/SP";"Crescente";"Colisão traseira";1;0;0;1;0;0;0;0;0;0;1;0;2;0;0
"07/12/2024";"09:21:00";"318";"Com vítima";"473,000";"BR-101/RJ";"Decrescente";"Colisão lateral em sentido contrário";1;0;0;1;0;0;0;0;0;0;1;2;0;0;0
"07/12/2024";"10:09:00";"349";"Sem vítima";"225,000";"BR-116/SP";"Decrescente";"Colisão lateral em sentido contrário";1;0;1;0;0;0;0;0;0;0;0;0;0;0;0
"07/12/2024";"12:45:00";"447";"Com vítima";"11,500";"BR-101/SP";"Crescente";"Colisão traseira";2;0;0;0;0;0;0;0;0;0;2;2;0;0;0
"07/12/2024";"13:11:00";"460";"Sem vítima";"273,000";"BR-116/RJ";"Crescente";"Colisão traseira";1;0;0;0;0;0;0;0;0;0;0;0;0;0;0
"07/12/2024";"13:31:00";"472";"Sem vítima";"186,000";"BR-116/SP";"Decrescente";"Colisão traseira";1;0;0;0;0;0;0;0;0;0;0;0;0;0;0
"07/12/2024";"13:52:00";"483";"Com vítima";"271,000";"BR-116/RJ";"Crescente";"Engavetamento";0;0;0;0;0;0;0;2;0;1;2;2;0;0;0
"07/12/2024";"15:29:00";"542";"Sem vítima";"119,000";"BR-116/SP";"Decrescente";"Engavetamento";2;0;0;0;0;0;0;0;0;0;0;0;0;0;0
"07/12/2024";"15:57:00";"558";"Com vítima";"229,200";"BR-116/SP";"Decrescente";"Colisão traseira";1;0;0;1;0;0;0;0;0;0;1;0;1;0;0
"07/12/2024";"16:12:00";"563";"Sem vítima";"108,000";"BR-116/SP";"Crescente";"Colisão traseira";2;0;0;0;0;0;0;0;0;0;0;0;0;0;0
"07/12/2024";"16:19:00";"567";"Sem vítima";"133,000";"BR-116/SP";"Decrescente";"Colisão lateral em sentido contrário";1;0;1;0;0;0;0;0;0;0;0;0;0;0;0
"07/12/2024";"17:43:00";"626";"Com vítima";"111,500";"BR-116/SP";"Decrescente";"Capotamento";1;0;0;0;0;0;0;0;0;0;0;1;0;0;0
"07/12/2024";"18:54:00";"668";"Com vítima";"214,800";"BR-116/SP";"Crescente";"Choque";0;0;0;1;0;0;0;0;0;0;0;2;0;0;0
"07/12/2024";"19:09:00";"678";"Com vítima";"485,000";"BR-101/RJ";"Crescente";"Colisão frontal";0;0;0;2;0;0;0;0;0;0;0;0;2;0;0
"07/12/2024";"19:13:00";"682";"Com vítima";"48,200";"BR-101/SP";"Crescente";"Colisão lateral em sentido contrário";1;0;0;1;0;0;0;0;0;0;3;0;1;0;0
"07/12/2024";"20:13:00";"719";"Sem vítima";"277,500";"BR-116/RJ";"Crescente";"Colisão lateral em sentido contrário";0;0;0;0;0;0;0;1;0;0;0;0;0;0;0
"07/12/2024";"21:41:00";"766";"Sem vítima";"215,600";"BR-116/SP";"Crescente";"Colisão traseira";1;0;0;0;0;0;0;1;0;0;0;0;0;0;0
"07/12/2024";"21:48:00";"769";"Sem vítima";"277,500";"BR-116/RJ";"Crescente";"Colisão traseira";2;0;0;0;0;0;0;0;0;0;0;0;0;0;0
"07/12/2024";"22:26:00";"781";"Com vítima";"51,500";"BR-101/SP";"Crescente";"Colisão traseira";1;0;0;1;0;0;0;0;0;0;3;1;0;0;0
"07/12/2024";"23:02:00";"790";"Sem vítima";"29,700";"BR-116/SP";"Decrescente";"Colisão traseira";1;0;1;0;0;0;0;0;0;0;0;0;0;0;0
"07/12/2024";"23:41:00";"798";"Sem vítima";"405,000";"BR-101/RJ";"Decrescente";"Choque";1;0;0;0;0;0;0;0;0;0;0;0;0;0;0
"08/12/2024";"02:37:00";"65";"Sem vítima";"398,000";"BR-101/RJ";"Decrescente";"Atropelamento de pedestre";1;0;0;0;0;0;0;0;0;0;0;0;0;0;0
"08/12/2024";"02:37:00";"66";"Sem vítima";"149,000";"BR-116/SP";"Crescente";"Colisão traseira";0;0;0;1;0;0;0;0;0;0;0;0;0;0;0
"08/12/2024";"02:41:00";"69";"Sem vítima";"301,900";"BR-116/RJ";"Crescente";"Choque";0;0;1;0;0;0;0;0;0;0;0;0;0;0;0
"08/12/2024";"03:16:00";"77";"Com vítima";"475,000";"BR-101/RJ";"Decrescente";"Acidentes de outra natureza";0;0;0;1;0;0;0;0;0;0;0;1;0;0;0
"08/12/2024";"04:07:00";"84";"Sem vítima";"483,000";"BR-101/RJ";"Crescente";"Capotamento";1;0;0;0;0;0;0;0;0;0;0;0;0;0;0
"08/12/2024";"04:19:00";"419";"Com vítima";"112,300";"BR-116/SP";"Crescente";"Colisão lateral em sentido contrário";1;0;0;1;0;0;0;0;0;0;3;0;1;0;0
"08/12/2024";"05:05:00";"96";"Com vítima";"302,000";"BR-116/RJ";"Crescente";"Choque";1;0;0;0;0;0;0;0;0;0;1;0;1;0;0
"08/12/2024";"05:19:00";"104";"Sem vítima";"224,000";"BR-116/SP";"Decrescente";"Choque";1;0;0;0;0;0;0;0;0;0;0;0;0;0;0
"08/12/2024";"07:26:00";"154";"Com vítima";"87,300";"BR-116/SP";"Decrescente";"Engavetamento";4;0;0;0;0;0;0;0;0;0;14;1;2;0;0
"08/12/2024";"08:47:00";"193";"Sem vítima";"107,700";"BR-116/SP";"Decrescente";"Engavetamento";5;0;0;0;0;0;0;0;0;0;0;0;0;0;0
"08/12/2024";"09:58:00";"219";"Com vítima";"113,000";"BR-116/SP";"Decrescente";"Engavetamento";2;0;0;1;0;0;0;0;0;0;6;2;0;0;0
"08/12/2024";"10:33:00";"242";"Com vítima";"88,000";"BR-116/SP";"Decrescente";"Colisão traseira";0;0;0;1;0;0;0;0;0;0;0;1;0;0;0
"08/12/2024";"10:55:00";"253";"Sem vítima";"85,000";"BR-116/SP";"Crescente";"Engavetamento";3;0;0;0;0;0;0;0;0;0;0;0;0;0;0
"08/12/2024";"11:51:00";"270";"Com vítima";"165,200";"BR-116/SP";"Crescente";"Colisão lateral em sentido contrário";1;0;0;1;0;0;0;0;0;0;4;1;0;0;0
"08/12/2024";"12:12:00";"279";"Sem vítima";"108,700";"BR-116/SP";"Crescente";"Colisão traseira";2;0;0;0;0;0;0;0;0;0;0;0;0;0;0
"08/12/2024";"13:25:00";"317";"Com vítima";"152,000";"BR-116/SP";"Decrescente";"Acidentes de outra natureza";0;0;0;1;0;0;0;0;0;0;0;2;0;0;0
"08/12/2024";"15:00:00";"368";"Com vítima";"216,300";"BR-116/SP";"Crescente";"Choque";0;0;0;1;0;0;0;0;0;0;0;1;0;0;0
"08/12/2024";"15:48:00";"395";"Com vítima";"399,000";"BR-101/RJ";"Decrescente";"Colisão traseira";1;0;0;1;0;0;0;0;0;0;2;2;0;0;0
"08/12/2024";"16:02:00";"405";"Com vítima";"34,000";"BR-116/SP";"Decrescente";"Colisão traseira";0;0;0;2;0;0;0;0;0;0;2;2;0;0;0
"08/12/2024";"16:15:00";"410";"Sem vítima";"154,000";"BR-116/SP";"Crescente";"Colisão traseira";1;0;0;0;0;0;0;1;0;0;0;0;0;0;0
"08/12/2024";"16:56:00";"429";"Sem vítima";"222,800";"BR-116/RJ";"Decrescente";"Colisão traseira";2;0;0;0;0;0;0;0;0;0;0;0;0;0;0
"08/12/2024";"17:15:00";"436";"Sem vítima";"223,000";"BR-116/RJ";"Decrescente";"Colisão lateral em sentido contrário";2;0;0;0;0;0;0;0;0;0;0;0;0;0;0
"08/12/2024";"17:51:00";"458";"Com vítima";"86,000";"BR-116/SP";"Crescente";"Colisão traseira";0;0;0;1;0;0;0;0;0;0;0;1;0;0;0
"08/12/2024";"17:54:00";"459";"Sem vítima";"490,000";"BR-101/RJ";"Crescente";"Choque";1;0;0;0;0;0;0;0;0;0;0;0;0;0;0
"08/12/2024";"18:29:00";"480";"Com vítima";"172,300";"BR-116/SP";"Crescente";"Colisão lateral em sentido contrário";1;0;0;1;0;0;0;0;0;0;2;1;0;0;0
"08/12/2024";"18:59:00";"506";"Com vítima";"454,000";"BR-101/RJ";"Decrescente";"Atropelamento de pedestre";0;0;0;0;0;0;0;0;0;0;0;0;0;0;0
"08/12/2024";"20:38:00";"551";"Com vítima";"96,000";"BR-116/SP";"Decrescente";"Colisão traseira";2;0;0;0;0;0;0;0;0;0;9;1;0;0;0
"08/12/2024";"21:23:00";"568";"Com vítima";"157,800";"BR-116/SP";"Decrescente";"Acidentes de outra natureza";0;0;0;1;0;0;0;0;0;0;0;0;1;0;0
"08/12/2024";"21:56:00";"580";"Com vítima";"51,200";"BR-116/SP";"Decrescente";"Capotamento";1;1;0;0;0;0;0;0;0;0;1;0;0;0;0
"08/12/2024";"22:03:00";"581";"Sem vítima";"488,000";"BR-101/RJ";"Decrescente";"Choque";1;0;0;0;0;0;0;0;0;0;0;0;0;0;0
"08/12/2024";"23:11:00";"597";"Sem vítima";"407,900";"BR-101/RJ";"Crescente";"Capotamento";1;0;0;0;0;0;0;0;0;0;0;0;0;0;0
"09/12/2024";"00:00:00";"152";"Sem vítima";"281,800";"BR-116/RJ";"Decrescente";"Choque";1;0;0;0;0;0;0;0;0;0;0;0;0;0;0
"09/12/2024";"00:00:00";"209";"Sem vítima";"109,900";"BR-116/SP";"Decrescente";"Colisão traseira";1;0;1;0;0;0;0;0;0;0;0;0;0;0;0
"09/12/2024";"04:17:00";"76";"Com vítima";"228,200";"BR-116/RJ";"Decrescente";"Tombamento";0;0;1;0;0;0;0;0;0;0;0;1;0;0;0
"09/12/2024";"04:46:00";"83";"Sem vítima";"285,000";"BR-116/RJ";"Decrescente";"Colisão lateral em sentido contrário";0;0;0;0;0;0;0;0;0;0;0;0;0;0;0
"09/12/2024";"05:00:00";"86";"Com vítima";"148,000";"BR-116/SP";"Crescente";"Acidentes de outra natureza";0;0;0;1;0;0;0;0;0;0;0;1;0;0;0
"09/12/2024";"07:02:00";"191";"Sem vítima";"153,600";"BR-116/SP";"Crescente";"Colisão lateral em sentido contrário";1;0;1;0;0;0;0;0;0;0;0;0;0;0;0
"09/12/2024";"07:27:00";"213";"Sem vítima";"110,000";"BR-116/SP";"Decrescente";"Colisão lateral em sentido contrário";1;0;1;0;0;0;0;0;0;0;0;0;0;0;0
"09/12/2024";"07:28:00";"212";"Sem vítima";"223,000";"BR-116/SP";"Crescente";"Engavetamento";1;0;0;2;0;0;0;0;0;0;0;0;0;0;0
"09/12/2024";"07:51:00";"239";"Sem vítima";"226,000";"BR-116/SP";"Crescente";"Colisão traseira";1;0;0;0;0;0;0;0;0;0;0;0;0;0;0
"09/12/2024";"07:52:00";"240";"Com vítima";"144,700";"BR-116/SP";"Crescente";"Colisão traseira";1;0;0;1;0;0;0;0;0;0;1;1;0;0;0
"09/12/2024";"08:26:00";"277";"Sem vítima";"268,000";"BR-116/RJ";"Crescente";"Colisão lateral em sentido contrário";1;0;0;0;0;0;0;0;0;0;0;0;0;0;0
"09/12/2024";"09:14:00";"330";"Sem vítima";"244,000";"BR-116/RJ";"Decrescente";"Engavetamento";0;0;1;0;0;0;0;0;0;1;0;0;0;0;0
"09/12/2024";"11:09:00";"416";"Com vítima";"150,500";"BR-116/SP";"Crescente";"Colisão traseira";1;0;0;1;0;0;0;0;0;0;1;2;0;0;0
"09/12/2024";"12:51:00";"459";"Sem vítima";"567,000";"BR-101/RJ";"Crescente";"Choque";1;0;0;0;0;0;0;0;0;0;0;0;0;0;0
"09/12/2024";"14:06:00";"497";"Com vítima";"218,000";"BR-116/SP";"Crescente";"Colisão lateral em sentido contrário";0;0;0;2;0;0;0;0;0;0;2;1;0;0;0
"09/12/2024";"14:57:00";"529";"Com vítima";"227,000";"BR-116/SP";"Crescente";"Engavetamento";2;0;0;0;0;0;0;0;0;1;6;3;0;0;0
"09/12/2024";"15:49:00";"555";"Sem vítima";"87,000";"BR-116/SP";"Decrescente";"Choque";0;0;0;1;0;0;0;0;0;0;0;0;0;0;0
"09/12/2024";"16:09:00";"564";"Sem vítima";"596,000";"BR-101/RJ";"Decrescente";"Choque";1;0;0;0;0;0;0;0;0;0;0;0;0;0;0
"09/12/2024";"16:19:00";"567";"Sem vítima";"117,300";"BR-116/SP";"Decrescente";"Colisão traseira";1;0;0;0;0;0;0;0;0;0;0;0;0;0;0
"09/12/2024";"16:23:00";"568";"Sem vítima";"265,000";"BR-116/RJ";"Crescente";"Choque";1;0;0;0;0;0;0;0;0;0;0;0;0;0;0
"09/12/2024";"16:27:00";"556";"Com vítima";"221,000";"BR-116/RJ";"Crescente";"Choque";1;0;0;0;0;0;0;0;0;0;0;1;0;0;0
"09/12/2024";"17:57:00";"609";"Com vítima";"225,300";"BR-116/SP";"Decrescente";"Colisão lateral em sentido contrário";0;0;1;1;0;0;0;0;0;0;1;0;1;0;0