data;horario;n_da_ocorrencia;tipo_de_ocorrencia;km;trecho;sentido;tipo_de_acidente;automovel;bicicleta;caminhao;moto;onibus;outros;tracao_animal;transporte_de_cargas_especiais;trator_maquinas;utilitarios;ilesos;levemente_feridos;moderadamente_feridos;gravemente_feridos;mortos
"09/12/2024";"18:19:00";"621";"Sem vítima";"145,000";"BR-116/SP";"Decrescente";"Colisão lateral em sentido contrário";1;0;0;0;0;0;0;1;0;0;0;0;0;0;0
"09/12/2024";"19:07:00";"650";"Sem vítima";"462,600";"BR-101/RJ";"Decrescente";"Choque";1;0;0;0;0;0;0;0;0;0;0;0;0;0;0
"09/12/2024";"19:48:00";"675";"Sem vítima";"275,500";"BR-116/RJ";"Decrescente";"Choque";1;0;0;0;0;0;0;0;0;0;0;0;0;0;0
"09/12/2024";"20:26:00";"694";"Com vítima";"223,380";"BR-116/SP";"Crescente";"Acidentes de outra natureza";0;0;0;1;0;0;0;0;0;0;0;1;0;0;0
"09/12/2024";"22:03:00";"727";"Sem vítima";"231,000";"BR-116/SP";"Decrescente";"Choque";0;0;0;0;0;0;0;1;0;0;0;0;0;0;0
"09/12/2024";"23:13:00";"752";"Sem vítima";"138,600";"BR-116/SP";"Decrescente";"Atropelamento de pedestre";0;0;0;0;1;0;0;0;0;0;0;0;0;0;0
"10/12/2024";"04:33:00";"73";"Com vítima";"211,600";"BR-116/SP";"Crescente";"Colisão traseira";1;0;0;1;0;0;0;0;0;0;1;1;0;0;0
"10/12/2024";"06:17:00";"116";"Sem vítima";"224,000";"BR-116/RJ";"Decrescente";"Colisão lateral em sentido contrário";0;0;2;0;0;0;0;0;0;0;0;0;0;0;0
"10/12/2024";"06:19:00";"117";"Com vítima";"222,000";"BR-116/SP";"Crescente";"Colisão traseira";1;0;0;1;0;0;0;0;0;0;1;1;0;0;0
"10/12/2024";"07:30:00";"184";"Com vítima";"224,000";"BR-116/SP";"Crescente";"Acidentes de outra natureza";0;0;0;1;0;0;0;0;0;0;0;1;0;0;0
"10/12/2024";"07:33:00";"191";"Sem vítima";"328,800";"BR-116/RJ";"Crescente";"Colisão traseira";1;0;1;0;0;0;0;0;0;0;0;0;0;0;0
"10/12/2024";"07:48:00";"206";"Sem vítima";"223,000";"BR-116/SP";"Crescente";"Colisão lateral em sentido contrário";0;0;1;0;0;0;0;0;0;1;0;0;0;0;0
"10/12/2024";"10:06:00";"341";"Sem vítima";"208,100";"BR-116/SP";"Crescente";"Colisão traseira";2;0;0;0;0;0;0;0;0;0;0;0;0;0;0
"10/12/2024";"10:53:00";"376";"Com vítima";"220,000";"BR-116/SP";"Crescente";"Colisão traseira";0;0;0;2;0;0;0;0;0;0;0;2;0;0;0
"10/12/2024";"11:04:00";"382";"Sem vítima";"228,000";"BR-116/RJ";"Decrescente";"Acidentes de outra natureza";1;0;0;0;0;0;0;0;0;0;0;0;0;0;0
"10/12/2024";"12:53:00";"437";"Sem vítima";"235,600";"BR-116/RJ";"Crescente";"Colisão lateral em sentido contrário";0;0;1;0;1;0;0;0;0;0;0;0;0;0;0
"10/12/2024";"14:40:00";"492";"Com vítima";"227,200";"BR-116/SP";"Crescente";"Colisão lateral em sentido contrário";1;0;1;0;0;0;0;0;0;0;5;1;0;0;0
"10/12/2024";"16:23:00";"542";"Com vítima";"198,000";"BR-116/SP";"Decrescente";"Choque";0;0;0;0;0;0;0;0;0;1;1;2;0;0;0
"10/12/2024";"16:53:00";"558";"Com vítima";"228,000";"BR-116/SP";"Decrescente";"Colisão traseira";1;0;0;1;0;0;0;0;0;0;4;1;0;0;0
"10/12/2024";"17:05:00";"563";"Com vítima";"228,200";"BR-116/RJ";"Decrescente";"Tombamento";0;0;0;0;0;0;0;1;0;0;0;0;1;0;0
"10/12/2024";"17:49:00";"583";"Sem vítima";"304,000";"BR-116/RJ";"Crescente";"Engavetamento";2;0;1;0;0;0;0;0;0;0;0;0;0;0;0
"10/12/2024";"18:36:00";"613";"Com vítima";"116,600";"BR-116/SP";"Crescente";"Acidentes de outra natureza";0;0;0;1;0;0;0;0;0;0;1;0;1;0;0
"10/12/2024";"18:48:00";"617";"Sem vítima";"562,800";"BR-101/RJ";"Crescente";"Colisão lateral em sentido contrário";2;0;0;0;0;0;0;0;0;0;0;0;0;0;0
"10/12/2024";"20:07:00";"646";"Com vítima";"427,000";"BR-101/RJ";"Decrescente";"Choque";0;0;0;1;0;0;0;0;0;0;0;1;0;0;0
"10/12/2024";"20:50:00";"668";"Com vítima";"329,300";"BR-116/RJ";"Decrescente";"Colisão lateral em sentido contrário";1;0;1;0;0;0;0;0;0;0;1;1;0;0;0
"10/12/2024";"21:21:00";"678";"Sem vítima";"245,800";"BR-116/RJ";"Decrescente";"Engavetamento";2;0;2;0;0;0;0;0;0;0;0;0;0;0;0
"10/12/2024";"23:34:00";"718";"Sem vítima";"427,200";"BR-101/RJ";"Crescente";"Choque";1;0;0;0;0;0;0;0;0;0;0;0;0;0;0
"11/12/2024";"00:56:00";"48";"Com vítima";"401,800";"BR-101/RJ";"Crescente";"Atropelamento de pedestre";1;0;0;0;0;0;0;0;0;0;0;0;0;0;0
"11/12/2024";"01:58:00";"67";"Sem vítima";"394,600";"BR-101/RJ";"Decrescente";"Atropelamento de pedestre";1;0;0;0;0;0;0;0;0;0;0;0;0;0;0
"11/12/2024";"02:24:00";"72";"Com vítima";"119,200";"BR-116/SP";"Decrescente";"Atropelamento de pedestre";0;0;0;0;0;0;0;0;0;0;0;0;0;0;0
"11/12/2024";"02:42:00";"76";"Com vítima";"40,600";"BR-116/SP";"Crescente";"Acidentes de outra natureza";0;0;0;1;0;0;0;0;0;0;0;0;0;1;0
"11/12/2024";"10:41:00";"386";"Com vítima";"56,000";"BR-116/SP";"Decrescente";"Choque";0;0;0;1;0;0;0;0;0;0;0;0;0;1;0
"11/12/2024";"11:31:00";"426";"Com vítima";"314,800";"BR-116/RJ";"Decrescente";"Acidentes de outra natureza";0;0;0;1;0;0;0;0;0;0;0;1;1;0;0
"11/12/2024";"12:34:00";"461";"Sem vítima";"226,500";"BR-116/SP";"Decrescente";"Colisão lateral em sentido contrário";1;0;1;0;0;0;0;0;0;0;0;0;0;0;0
"11/12/2024";"14:11:00";"514";"Com vítima";"157,000";"BR-116/SP";"Decrescente";"Atropelamento de pedestre";0;0;0;1;0;0;0;0;0;0;0;1;0;0;0
"11/12/2024";"14:22:00";"523";"Sem vítima";"404,000";"BR-101/RJ";"Decrescente";"Colisão lateral em sentido contrário";1;0;1;0;0;0;0;0;0;0;0;0;0;0;0
"11/12/2024";"15:58:00";"559";"Sem vítima";"34,000";"BR-116/SP";"Crescente";"Choque";0;0;1;0;0;0;0;0;0;0;0;0;0;0;0
"11/12/2024";"16:32:00";"572";"Sem vítima";"133,950";"BR-116/SP";"Decrescente";"Colisão traseira";0;0;2;0;0;0;0;0;0;0;0;0;0;0;0
"11/12/2024";"17:16:00";"589";"Sem vítima";"272,000";"BR-116/RJ";"Decrescente";"Colisão lateral em sentido contrário";1;0;1;0;0;0;0;0;0;0;0;0;0;0;0
"11/12/2024";"17:31:00";"597";"Sem vítima";"397,800";"BR-101/RJ";"Decrescente";"Colisão traseira";1;0;0;0;0;0;0;0;0;1;0;0;0;0;0
"11/12/2024";"17:42:00";"604";"Com vítima";"310,400";"BR-116/RJ";"Crescente";"Acidentes de outra natureza";0;0;0;1;0;0;0;0;0;0;0;0;3;0;0
"11/12/2024";"18:28:00";"624";"Sem vítima";"143,800";"BR-116/SP";"Decrescente";"Engavetamento";1;0;1;0;0;0;0;0;0;0;0;0;0;0;0
"11/12/2024";"18:49:00";"644";"Com vítima";"133,500";"BR-116/SP";"Crescente";"Colisão lateral em sentido contrário";1;0;0;1;0;0;0;0;0;0;0;0;1;0;0
"11/12/2024";"18:57:00";"652";"Com vítima";"416,400";"BR-101/RJ";"Decrescente";"Colisão lateral em sentido contrário";1;0;0;0;0;0;0;0;0;1;0;0;1;0;0
"11/12/2024";"19:10:00";"601";"Com vítima";"142,500";"BR-116/SP";"Decrescente";"Colisão traseira";1;0;0;1;0;0;0;0;0;0;1;0;1;0;0
"11/12/2024";"20:10:00";"687";"Com vítima";"399,100";"BR-101/RJ";"Decrescente";"Choque";0;0;0;1;0;0;0;0;0;0;0;1;0;0;0
"11/12/2024";"20:36:00";"700";"Com vítima";"460,300";"BR-101/RJ";"Crescente";"Colisão lateral em sentido contrário";1;0;0;0;0;0;0;1;0;0;1;0;1;0;0
"11/12/2024";"23:25:00";"777";"Com vítima";"34,550";"BR-101/SP";"Crescente";"Colisão traseira";0;0;1;0;0;0;0;0;0;1;1;1;0;0;0
"11/12/2024";"23:54:00";"785";"Sem vítima";"64,700";"BR-116/SP";"Decrescente";"Colisão lateral em sentido contrário";2;0;0;0;0;0;0;0;0;0;0;0;0;0;0
"12/12/2024";"01:15:00";"50";"Sem vítima";"1,900";"BR-116/SP";"Decrescente";"Tombamento";0;0;1;0;0;0;0;0;0;0;0;0;0;0;0
"12/12/2024";"04:28:00";"83";"Sem vítima";"202,500";"BR-116/SP";"Decrescente";"Colisão lateral em sentido contrário";0;0;1;0;0;0;0;0;0;0;0;0;0;0;0
"12/12/2024";"06:45:00";"176";"Sem vítima";"323,100";"BR-116/RJ";"Crescente";"Choque";1;0;0;0;0;0;0;0;0;0;0;0;0;0;0
"12/12/2024";"07:09:00";"205";"Com vítima";"213,000";"BR-116/SP";"Crescente";"Colisão traseira";1;0;0;1;0;0;0;0;0;0;2;0;0;1;0
"12/12/2024";"07:25:00";"229";"Sem vítima";"319,900";"BR-116/RJ";"Decrescente";"Engavetamento";2;0;1;0;0;0;0;0;0;1;0;0;0;0;0
"12/12/2024";"07:34:00";"243";"Sem vítima";"158,450";"BR-116/SP";"Decrescente";"Engavetamento";0;0;0;0;0;0;0;0;0;2;0;0;0;0;0
"12/12/2024";"08:17:00";"305";"Sem vítima";"225,800";"BR-116/SP";"Crescente";"Colisão traseira";1;0;0;1;0;0;0;0;0;0;0;0;0;0;0
"12/12/2024";"09:15:00";"349";"Sem vítima";"219,000";"BR-116/SP";"Decrescente";"Colisão lateral em sentido contrário";1;0;1;0;0;0;0;0;0;0;0;0;0;0;0
"12/12/2024";"09:22:00";"356";"Sem vítima";"270,000";"BR-116/RJ";"Decrescente";"Colisão traseira";1;0;1;0;0;0;0;0;0;0;0;0;0;0;0
"12/12/2024";"10:07:00";"397";"Com vítima";"168,400";"BR-116/SP";"Decrescente";"Tombamento";0;0;0;0;0;0;0;1;0;0;0;1;0;0;0
"12/12/2024";"10:54:00";"425";"Sem vítima";"256,000";"BR-116/RJ";"Decrescente";"Choque";1;0;0;0;0;0;0;0;0;0;0;0;0;0;0
"12/12/2024";"12:56:00";"494";"Sem vítima";"289,700";"BR-116/RJ";"Decrescente";"Choque";1;0;0;0;0;0;0;0;0;0;0;0;0;0;0
"12/12/2024";"14:12:00";"541";"Sem vítima";"109,300";"BR-116/SP";"Crescente";"Colisão traseira";2;0;0;0;0;0;0;0;0;0;0;0;0;0;0
"12/12/2024";"16:15:00";"610";"Com vítima";"105,000";"BR-116/SP";"Crescente";"Engavetamento";3;0;0;0;0;0;0;0;0;0;4;1;0;0;0
"12/12/2024";"16:35:00";"621";"Sem vítima";"99,000";"BR-116/SP";"Decrescente";"Engavetamento";3;0;0;0;0;0;0;0;0;0;0;0;0;0;0
"12/12/2024";"16:57:00";"631";"Com vítima";"519,000";"BR-101/RJ";"Decrescente";"Acidentes de outra natureza";0;0;0;1;0;0;0;0;0;0;0;1;0;0;0
"12/12/2024";"18:05:00";"663";"Com vítima";"218,300";"BR-116/SP";"Crescente";"Colisão lateral em sentido contrário";0;0;0;1;0;0;0;0;0;1;1;0;1;0;0
"12/12/2024";"18:07:00";"665";"Com vítima";"228,300";"BR-116/RJ";"Decrescente";"Engavetamento";1;0;1;0;0;0;0;0;0;0;0;4;0;0;0
"12/12/2024";"18:08:00";"666";"Com vítima";"174,700";"BR-116/SP";"Crescente";"Acidentes de outra natureza";0;0;0;1;0;0;0;0;0;0;0;1;0;0;0
"12/12/2024";"20:42:00";"760";"Sem vítima";"135,500";"BR-116/SP";"Decrescente";"Colisão lateral em sentido contrário";1;0;0;0;0;0;0;1;0;0;0;0;0;0;0
"12/12/2024";"21:16:00";"782";"Com vítima";"79,300";"BR-116/SP";"Decrescente";"Colisão lateral em sentido contrário";0;0;0;1;0;0;0;0;0;0;0;2;0;0;0
"12/12/2024";"22:12:00";"817";"Com vítima";"227,650";"BR-116/SP";"Decrescente";"Colisão lateral em sentido contrário";0;0;0;2;0;0;0;0;0;0;0;1;1;0;0
"12/12/2024";"22:15:00";"818";"Com vítima";"385,000";"BR-101/RJ";"Crescente";"Colisão traseira";2;0;0;0;0;0;0;0;0;0;3;1;0;0;0
"12/12/2024";"22:18:00";"819";"Com vítima";"27,500";"BR-116/SP";"Crescente";"Tombamento";0;0;1;0;0;0;0;0;0;0;0;0;0;1;0
"12/12/2024";"23:38:00";"840";"Sem vítima";"316,400";"BR-116/RJ";"Crescente";"Choque";0;0;1;0;0;0;0;0;0;0;0;0;0;0;0
"13/12/2024";"00:00:00";"399";"Com vítima";"28,600";"BR-116/SP";"Crescente";"Engavetamento";1;0;1;0;0;0;0;0;0;1;5;2;0;0;0
"13/12/2024";"01:43:00";"65";"Sem vítima";"43,500";"BR-116/SP";"Crescente";"Choque";0;0;1;0;0;0;0;0;0;0;0;0;0;0;0
"13/12/2024";"06:07:00";"151";"Com vítima";"141,300";"BR-116/SP";"Crescente";"Colisão lateral em sentido contrário";0;0;0;0;1;0;0;1;0;0;45;1;0;0;0
"13/12/2024";"06:55:00";"210";"Com vítima";"222,700";"BR-116/SP";"Crescente";"Engavetamento";2;0;0;1;0;0;0;0;0;0;5;1;0;0;0
"13/12/2024";"08:03:00";"285";"Com vítima";"218,500";"BR-116/SP";"Crescente";"Colisão lateral em sentido contrário";1;0;0;2;0;0;0;0;0;0;2;0;1;0;0
"13/12/2024";"08:34:00";"319";"Com vítima";"383,000";"BR-101/RJ";"Crescente";"Colisão traseira";2;0;0;0;0;0;0;0;0;0;2;1;0;0;0
"13/12/2024";"13:11:00";"500";"Com vítima";"221,350";"BR-116/SP";"Crescente";"Colisão lateral em sentido contrário";1;0;0;1;0;0;0;0;0;0;1;1;0;0;0
"13/12/2024";"13:30:00";"510";"Sem vítima";"156,000";"BR-116/SP";"Crescente";"Colisão traseira";1;0;0;0;0;0;0;0;0;0;0;0;0;0;0
"13/12/2024";"13:43:00";"520";"Sem vítima";"41,000";"BR-116/SP";"Decrescente";"Colisão traseira";0;0;1;0;0;0;0;0;0;0;0;0;0;0;0
"13/12/2024";"13:54:00";"528";"Sem vítima";"471,000";"BR-101/RJ";"Decrescente";"Colisão lateral em sentido contrário";1;0;0;0;0;0;0;0;0;1;4;0;0;0;0
"13/12/2024";"15:14:00";"579";"Sem vítima";"165,200";"BR-116/SP";"Crescente";"Engavetamento";0;0;1;0;0;0;0;2;0;0;0;0;0;0;0
"13/12/2024";"15:20:00";"566";"Com vítima";"269,000";"BR-116/RJ";"Decrescente";"Colisão lateral em sentido contrário";1;0;1;0;0;0;0;0;0;0;1;1;0;0;0
"13/12/2024";"15:23:00";"582";"Sem vítima";"104,800";"BR-116/SP";"Crescente";"Colisão traseira";1;0;0;0;0;0;0;0;0;0;0;0;0;0;0
"13/12/2024";"15:51:00";"589";"Sem vítima";"392,000";"BR-101/RJ";"Decrescente";"Engavetamento";1;0;0;2;0;0;0;0;0;0;0;0;0;0;0
"13/12/2024";"15:54:00";"591";"Sem vítima";"97,000";"BR-116/SP";"Decrescente";"Colisão traseira";2;0;0;0;0;0;0;0;0;0;0;0;0;0;0
"13/12/2024";"16:09:00";"600";"Com vítima";"318,500";"BR-116/RJ";"Crescente";"Atropelamento de pedestre";0;0;0;0;0;0;0;1;0;0;1;0;0;0;1
"13/12/2024";"16:24:00";"604";"Com vítima";"104,300";"BR-116/SP";"Crescente";"Queda de carga";0;0;0;1;0;0;0;0;0;0;1;1;0;0;0
"13/12/2024";"16:33:00";"607";"Com vítima";"100,400";"BR-116/SP";"Decrescente";"Engavetamento";3;0;0;0;0;0;0;0;0;0;2;1;0;0;0
"13/12/2024";"18:53:00";"677";"Sem vítima";"107,000";"BR-116/SP";"Crescente";"Colisão traseira";2;0;1;0;0;0;0;0;0;1;0;0;0;0;0
"13/12/2024";"19:23:00";"689";"Com vítima";"574,000";"BR-101/RJ";"Decrescente";"Engavetamento";3;0;0;0;0;0;0;0;0;0;3;2;0;0;0
"14/12/2024";"00:05:00";"37";"Com vítima";"330,200";"BR-116/RJ";"Crescente";"Atropelamento de pedestre";1;0;1;0;0;0;0;0;0;0;0;0;0;0;0
"14/12/2024";"00:12:00";"38";"Sem vítima";"149,800";"BR-116/SP";"Decrescente";"Colisão lateral em sentido contrário";2;0;0;0;0;0;0;0;0;0;0;0;0;0;0
"14/12/2024";"01:00:00";"52";"Sem vítima";"1,500";"BR-101/SP";"Decrescente";"Choque";1;0;0;0;0;0;0;0;0;0;0;0;0;0;0
"14/12/2024";"01:30:00";"55";"Sem vítima";"223,200";"BR-116/SP";"Crescente";"Colisão lateral em sentido contrário";1;0;1;0;0;0;0;0;0;0;0;0;0;0;0
"14/12/2024";"08:37:00";"240";"Com vítima";"113,100";"BR-116/SP";"Decrescente";"Engavetamento";4;0;0;0;0;0;0;0;0;0;7;2;0;0;0
"14/12/2024";"08:46:00";"245";"Sem vítima";"115,000";"BR-116/SP";"Decrescente";"Engavetamento";4;0;0;0;0;0;0;0;0;0;0;0;0;0;0
"14/12/2024";"08:50:00";"247";"Com vítima";"116,300";"BR-116/SP";"Decrescente";"Acidentes de outra natureza";0;0;0;1;0;0;0;0;0;0;0;1;0;0;0
"14/12/2024";"09:53:00";"277";"Sem vítima";"118,400";"BR-116/SP";"Decrescente";"Colisão traseira";1;0;0;0;0;0;0;0;0;0;0;0;0;0;0
"14/12/2024";"10:39:00";"301";"Sem vítima";"203,000";"BR-116/SP";"Decrescente";"Colisão traseira";2;0;0;0;0;0;0;0;0;0;0;0;0;0;0
"14/12/2024";"10:44:00";"304";"Sem vítima";"86,950";"BR-116/SP";"Crescente";"Acidentes de outra natureza";0;0;0;1;0;0;0;0;0;0;0;0;0;0;0
"14/12/2024";"10:56:00";"310";"Sem vítima";"233,000";"BR-116/RJ";"Decrescente";"Choque";1;0;0;0;0;0;0;0;0;0;0;0;0;0;0
"14/12/2024";"12:49:00";"357";"Com vítima";"229,050";"BR-116/RJ";"Decrescente";"Acidentes de outra natureza";0;0;0;1;0;0;0;0;0;0;0;1;0;0;0
"14/12/2024";"13:05:00";"365";"Sem vítima";"115,800";"BR-116/SP";"Decrescente";"Colisão traseira";2;0;0;0;0;0;0;0;0;0;0;0;0;0;0
"14/12/2024";"13:39:00";"381";"Com vítima";"117,000";"BR-116/SP";"Decrescente";"Colisão traseira";2;0;0;0;0;0;0;0;0;0;6;2;0;0;0
"14/12/2024";"14:21:00";"395";"Com vítima";"74,100";"BR-116/SP";"Decrescente";"Acidentes de outra natureza";0;0;0;1;0;0;0;0;0;0;0;1;0;0;0
"14/12/2024";"14:27:00";"398";"Sem vítima";"149,800";"BR-116/SP";"Crescente";"Choque";1;0;0;0;0;0;0;0;0;0;0;0;0;0;0
"14/12/2024";"15:34:00";"423";"Sem vítima";"243,000";"BR-116/RJ";"Decrescente";"Choque";1;0;0;0;0;0;0;0;0;0;0;0;0;0;0
"14/12/2024";"16:29:00";"452";"Sem vítima";"479,800";"BR-101/RJ";"Crescente";"Capotamento";1;0;0;0;0;0;0;0;0;0;0;0;0;0;0
"14/12/2024";"17:18:00";"465";"Com vítima";"330,700";"BR-116/RJ";"Decrescente";"Tombamento";0;0;0;0;0;0;0;1;0;0;0;0;1;0;0
"14/12/2024";"17:31:00";"471";"Com vítima";"113,000";"BR-116/SP";"Crescente";"Acidentes de outra natureza";1;0;0;0;0;0;0;0;0;0;0;0;1;0;0
"14/12/2024";"17:47:00";"477";"Sem vítima";"269,600";"BR-116/RJ";"Decrescente";"Choque";1;0;0;0;0;0;0;0;0;0;0;0;0;0;0
"14/12/2024";"18:00:00";"485";"Com vítima";"232,700";"BR-116/RJ";"Decrescente";"Acidentes de outra natureza";0;0;0;1;0;0;0;0;0;0;0;2;0;0;0
"14/12/2024";"20:19:00";"550";"Sem vítima";"230,800";"BR-116/SP";"Decrescente";"Colisão lateral em sentido contrário";2;0;1;0;0;0;0;0;0;0;0;0;0;0;0
"14/12/2024";"23:11:00";"613";"Com vítima";"447,500";"BR-101/RJ";"Crescente";"Colisão lateral em sentido contrário";0;0;0;1;0;0;0;0;0;0;0;0;2;0;0
"15/12/2024";"00:15:00";"36";"Com vítima";"384,800";"BR-101/RJ";"Crescente";"Colisão traseira";2;0;0;0;0;0;0;0;0;0;0;3;0;0;0
"15/12/2024";"01:54:00";"53";"Sem vítima";"232,900";"BR-116/RJ";"Crescente";"Choque";0;0;0;0;0;0;0;0;0;1;0;0;0;0;0
"15/12/2024";"04:52:00";"67";"Com vítima";"149,300";"BR-116/SP";"Crescente";"Colisão traseira";2;0;0;0;0;0;0;0;0;0;2;1;0;0;0
"15/12/2024";"06:09:00";"88";"Com vítima";"494,000";"BR-101/RJ";"Decrescente";"Colisão frontal";1;0;0;0;1;0;0;0;0;0;1;0;1;0;0
"15/12/2024";"06:28:00";"99";"Com vítima";"216,000";"BR-116/SP";"Decrescente";"Colisão traseira";1;0;0;1;0;0;0;0;0;0;4;1;0;0;0
"15/12/2024";"07:20:00";"130";"Com vítima";"220,000";"BR-116/SP";"Decrescente";"Colisão lateral em sentido contrário";1;0;0;0;1;0;0;0;0;0;16;3;0;0;0
"15/12/2024";"07:56:00";"142";"Com vítima";"203,000";"BR-116/SP";"Crescente";"Acidentes de outra natureza";0;0;0;1;0;0;0;0;0;0;0;1;0;0;0
"15/12/2024";"08:17:00";"159";"Sem vítima";"156,000";"BR-116/SP";"Decrescente";"Acidentes de outra natureza";0;0;0;1;0;0;0;0;0;0;0;0;0;0;0
"15/12/2024";"11:00:00";"236";"Sem vítima";"191,600";"BR-116/SP";"Decrescente";"Capotamento";1;0;0;0;0;0;0;0;0;0;0;0;0;0;0
"15/12/2024";"12:52:00";"285";"Sem vítima";"481,000";"BR-101/RJ";"Crescente";"Colisão traseira";1;0;0;0;0;0;0;0;0;0;0;0;0;0;0
"15/12/2024";"12:59:00";"290";"Com vítima";"213,700";"BR-116/SP";"Crescente";"Colisão traseira";1;0;0;1;0;0;0;0;0;0;4;2;0;0;0
"15/12/2024";"13:17:00";"301";"Sem vítima";"140,000";"BR-116/SP";"Crescente";"Colisão traseira";2;0;0;0;0;0;0;0;0;0;0;0;0;0;0
"15/12/2024";"13:53:00";"316";"Sem vítima";"112,000";"BR-116/SP";"Crescente";"Colisão lateral em sentido contrário";1;0;0;0;0;0;0;0;0;0;0;0;0;0;0
"15/12/2024";"14:53:00";"341";"Sem vítima";"49,300";"BR-116/SP";"Decrescente";"Colisão lateral em sentido contrário";1;0;1;0;0;0;0;0;0;0;0;0;0;0;0
"15/12/2024";"15:50:00";"369";"Com vítima";"59,400";"BR-116/SP";"Decrescente";"Engavetamento";3;0;0;0;3;0;0;0;0;0;113;3;0;0;0
"15/12/2024";"16:41:00";"391";"Sem vítima";"312,000";"BR-116/RJ";"Decrescente";"Colisão lateral em sentido contrário";2;0;0;0;0;0;0;0;0;0;0;0;0;0;0
"15/12/2024";"17:40:00";"417";"Sem vítima";"142,000";"BR-116/SP";"Decrescente";"Engavetamento";1;0;0;0;0;0;0;0;0;0;0;0;0;0;0
"15/12/2024";"18:11:00";"429";"Sem vítima";"206,000";"BR-116/SP";"Crescente";"Engavetamento";3;0;0;0;0;0;0;0;0;0;0;0;0;0;0
"15/12/2024";"18:46:00";"450";"Sem vítima";"156,700";"BR-116/SP";"Decrescente";"Engavetamento";1;0;0;0;0;0;0;0;0;0;0;0;0;0;0
"15/12/2024";"19:14:00";"463";"Sem vítima";"155,000";"BR-116/SP";"Crescente";"Engavetamento";3;0;0;0;0;0;0;0;0;0;0;0;0;0;0
"15/12/2024";"19:31:00";"476";"Com vítima";"109,300";"BR-116/SP";"Crescente";"Colisão lateral em sentido contrário";0;0;0;1;0;0;0;0;0;0;0;0;1;0;0
"15/12/2024";"19:47:00";"483";"Sem vítima";"147,900";"BR-116/SP";"Decrescente";"Colisão traseira";2;0;0;0;0;0;0;0;0;0;0;0;0;0;0
"15/12/2024";"20:09:00";"493";"Com vítima";"29,000";"BR-116/SP";"Crescente";"Colisão traseira";2;0;0;0;0;0;0;0;0;0;5;1;0;0;0
"15/12/2024";"20:09:00";"494";"Sem vítima";"43,500";"BR-101/SP";"Crescente";"Colisão traseira";1;0;0;0;0;0;0;0;0;0;0;0;0;0;0
"15/12/2024";"20:58:00";"515";"Com vítima";"317,900";"BR-116/RJ";"Decrescente";"Colisão traseira";0;0;0;0;0;0;0;2;0;0;1;1;0;0;0
"16/12/2024";"04:22:00";"81";"Sem vítima";"226,000";"BR-116/SP";"Crescente";"Choque";1;0;0;0;0;0;0;0;0;0;0;0;0;0;0
"16/12/2024";"04:30:00";"82";"Sem vítima";"210,500";"BR-116/SP";"Decrescente";"Colisão traseira";0;0;1;0;0;0;0;1;0;0;0;0;0;0;0
"16/12/2024";"06:40:00";"160";"Sem vítima";"232,300";"BR-116/RJ";"Crescente";"Choque";1;0;0;0;0;0;0;0;0;0;0;0;0;0;0
"16/12/2024";"06:58:00";"181";"Sem vítima";"23,200";"BR-116/SP";"Crescente";"Colisão traseira";0;0;1;0;0;0;0;1;0;0;0;0;0;0;0
"16/12/2024";"07:15:00";"194";"Com vítima";"145,400";"BR-116/SP";"Decrescente";"Acidentes de outra natureza";0;0;0;1;0;0;0;0;0;0;0;1;0;0;0
"16/12/2024";"07:19:00";"198";"Com vítima";"206,300";"BR-116/SP";"Decrescente";"Colisão traseira";1;0;1;0;0;0;0;0;0;0;1;1;0;0;0
"16/12/2024";"08:00:00";"232";"Com vítima";"487,000";"BR-101/RJ";"Decrescente";"Colisão lateral em sentido contrário";1;0;0;0;1;0;0;0;0;0;1;1;0;0;0
"16/12/2024";"09:15:00";"316";"Com vítima";"123,000";"BR-116/SP";"Crescente";"Acidentes de outra natureza";0;0;0;1;0;0;0;0;0;0;0;2;0;0;0
"16/12/2024";"12:25:00";"444";"Sem vítima";"78,300";"BR-116/SP";"Decrescente";"Colisão traseira";2;0;0;0;0;0;0;0;0;0;3;0;0;0;0
"16/12/2024";"12:26:00";"445";"Sem vítima";"489,000";"BR-101/RJ";"Crescente";"Engavetamento";3;0;0;0;0;0;0;0;0;0;6;0;0;0;0
"16/12/2024";"15:09:00";"531";"Sem vítima";"219,000";"BR-116/SP";"Crescente";"Colisão traseira";1;0;1;0;0;0;0;0;0;0;4;0;0;0;0
"16/12/2024";"15:23:00";"541";"Sem vítima";"444,000";"BR-101/RJ";"Decrescente";"Choque";1;0;0;0;0;0;0;0;0;0;2;0;0;0;0
"16/12/2024";"15:27:00";"543";"Com vítima";"225,000";"BR-116/SP";"Crescente";"Engavetamento";3;0;0;0;0;0;0;0;0;0;12;2;0;0;0