data;horario;n_da_ocorrencia;tipo_de_ocorrencia;km;trecho;sentido;tipo_de_acidente;automovel;bicicleta;caminhao;moto;onibus;outros;tracao_animal;transporte_de_cargas_especiais;trator_maquinas;utilitarios;ilesos;levemente_feridos;moderadamente_feridos;gravemente_feridos;mortos
"16/12/2024";"15:52:00";"563";"Sem vítima";"127,500";"BR-116/SP";"Decrescente";"Choque";1;0;0;0;0;0;0;0;0;0;4;0;0;0;0
"16/12/2024";"16:05:00";"572";"Sem vítima";"519,000";"BR-101/RJ";"Crescente";"Colisão traseira";2;0;0;0;0;0;0;0;0;0;2;0;0;0;0
"16/12/2024";"16:11:00";"577";"Com vítima";"240,000";"BR-116/RJ";"Crescente";"Colisão lateral em sentido contrário";1;0;1;0;0;0;0;0;0;0;2;1;0;0;0
"16/12/2024";"17:38:00";"625";"Com vítima";"462,200";"BR-101/RJ";"Crescente";"Choque";1;0;0;0;0;0;0;0;0;0;0;6;0;0;0
"16/12/2024";"18:07:00";"641";"Com vítima";"93,500";"BR-116/SP";"Decrescente";"Acidentes de outra natureza";0;0;0;1;0;0;0;0;0;0;0;0;4;0;0
"16/12/2024";"18:53:00";"676";"Com vítima";"409,540";"BR-101/RJ";"Decrescente";"Atropelamento de pedestre";1;0;0;0;0;0;0;0;0;0;4;0;0;0;1
"16/12/2024";"19:43:00";"709";"Com vítima";"224,500";"BR-116/SP";"Crescente";"Colisão traseira";1;0;0;1;0;0;0;0;0;0;1;1;0;0;0
"16/12/2024";"21:28:00";"756";"Com vítima";"44,600";"BR-101/SP";"Crescente";"Atropelamento de pedestre";0;0;0;0;0;0;0;0;0;0;0;0;1;0;0
"16/12/2024";"23:56:00";"806";"Com vítima";"86,100";"BR-116/SP";"Decrescente";"Colisão lateral em sentido contrário";0;0;0;0;0;0;0;3;0;0;2;4;0;0;0
"17/12/2024";"00:00:00";"325";"Com vítima";"383,000";"BR-101/RJ";"Crescente";"Colisão traseira";1;0;0;1;0;0;0;0;0;0;3;3;3;0;0
"17/12/2024";"00:22:00";"39";"Sem vítima";"212,800";"BR-116/SP";"Decrescente";"Choque";0;0;0;0;0;0;0;0;0;1;0;0;0;0;0
"17/12/2024";"02:44:00";"56";"Com vítima";"444,300";"BR-101/RJ";"Crescente";"Capotamento";1;0;0;0;0;1;0;0;0;0;0;5;0;0;0
"17/12/2024";"07:40:00";"241";"Sem vítima";"78,000";"BR-116/SP";"Decrescente";"Colisão traseira";2;0;0;0;0;0;0;0;0;0;63;0;0;0;0
"17/12/2024";"08:11:00";"280";"Com vítima";"156,900";"BR-116/SP";"Decrescente";"Colisão traseira";1;0;0;1;0;0;0;0;0;0;5;5;0;0;0
"17/12/2024";"12:58:00";"487";"Sem vítima";"126,000";"BR-116/SP";"Decrescente";"Colisão traseira";1;0;0;0;0;0;0;0;0;0;4;0;0;0;0
"17/12/2024";"15:22:00";"570";"Sem vítima";"225,000";"BR-116/SP";"Decrescente";"Colisão lateral em sentido contrário";1;0;0;0;0;0;0;1;0;0;3;0;0;0;0
"17/12/2024";"16:57:00";"621";"Com vítima";"223,400";"BR-116/SP";"Crescente";"Colisão lateral em sentido contrário";1;0;0;1;0;0;0;0;0;0;1;0;1;0;0
"17/12/2024";"17:18:00";"630";"Com vítima";"228,000";"BR-116/SP";"Decrescente";"Colisão lateral em sentido contrário";1;0;0;1;0;0;0;0;0;0;1;1;1;0;0
"17/12/2024";"17:56:00";"650";"Com vítima";"216,200";"BR-116/SP";"Decrescente";"Colisão lateral em sentido contrário";2;0;0;1;0;0;0;0;0;0;4;1;0;0;0
"17/12/2024";"18:56:00";"682";"Sem vítima";"528,800";"BR-101/RJ";"Decrescente";"Choque";1;0;0;0;0;0;0;0;0;0;2;0;0;0;0
"17/12/2024";"19:21:00";"697";"Sem vítima";"281,800";"BR-116/RJ";"Crescente";"Choque";2;0;1;0;0;0;0;0;0;0;3;0;0;0;0
"17/12/2024";"20:51:00";"739";"Sem vítima";"87,000";"BR-116/SP";"Crescente";"Colisão lateral em sentido contrário";1;0;0;0;0;0;0;0;0;0;1;0;0;0;0
"17/12/2024";"21:15:00";"746";"Com vítima";"391,000";"BR-101/RJ";"Decrescente";"Colisão traseira";2;0;0;0;0;0;0;0;0;0;0;1;0;0;0
"17/12/2024";"23:03:00";"784";"Com vítima";"229,100";"BR-116/RJ";"Decrescente";"Tombamento";0;0;0;0;0;0;0;1;0;0;0;1;0;0;0
"18/12/2024";"00:00:00";"132";"Sem vítima";"10,000";"BR-116/SP";"Crescente";"Choque";1;0;0;0;0;0;0;0;0;0;0;0;0;0;0
"18/12/2024";"00:39:00";"42";"Com vítima";"334,500";"BR-116/RJ";"Crescente";"Tombamento";0;0;0;0;0;0;0;1;0;0;0;1;0;0;0
"18/12/2024";"01:12:00";"51";"Sem vítima";"245,000";"BR-116/RJ";"Decrescente";"Choque";1;0;0;0;0;0;0;0;0;0;0;0;0;0;0
"18/12/2024";"01:43:00";"55";"Com vítima";"165,200";"BR-116/SP";"Crescente";"Colisão lateral em sentido contrário";1;0;0;0;0;0;0;1;0;0;3;1;0;0;0
"18/12/2024";"01:57:00";"57";"Sem vítima";"298,800";"BR-116/RJ";"Decrescente";"Colisão lateral em sentido contrário";0;0;2;0;0;0;0;0;0;0;0;0;0;0;0
"18/12/2024";"03:09:00";"68";"Com vítima";"237,300";"BR-116/RJ";"Decrescente";"Engavetamento";0;0;4;0;0;0;0;0;0;0;6;2;0;0;2
"18/12/2024";"04:22:00";"82";"Com vítima";"338,900";"BR-116/RJ";"Decrescente";"Colisão traseira";0;0;2;0;0;0;0;0;0;0;2;1;0;0;0
"18/12/2024";"04:53:00";"87";"Com vítima";"114,700";"BR-116/SP";"Decrescente";"Colisão traseira";0;0;1;1;0;0;0;0;0;0;2;0;2;0;0
"18/12/2024";"08:02:00";"219";"Com vítima";"219,000";"BR-116/SP";"Decrescente";"Colisão lateral em sentido contrário";0;0;0;2;0;0;0;0;0;0;3;3;0;0;0
"18/12/2024";"08:12:00";"239";"Com vítima";"256,000";"BR-116/RJ";"Decrescente";"Atropelamento de pedestre";0;0;0;0;0;0;0;0;0;0;0;0;2;0;0
"18/12/2024";"09:35:00";"333";"Sem vítima";"565,000";"BR-101/RJ";"Decrescente";"Colisão traseira";1;0;0;0;0;0;0;0;0;0;8;0;0;0;0
"18/12/2024";"10:12:00";"369";"Com vítima";"258,000";"BR-116/RJ";"Crescente";"Capotamento";1;0;0;0;0;0;0;0;0;0;0;0;4;0;0
"18/12/2024";"10:36:00";"387";"Sem vítima";"53,000";"BR-116/SP";"Decrescente";"Colisão lateral em sentido contrário";0;0;2;0;0;0;0;0;0;0;10;0;0;0;0
"18/12/2024";"10:57:00";"400";"Sem vítima";"154,800";"BR-116/SP";"Crescente";"Colisão lateral em sentido contrário";0;0;0;0;0;0;0;3;0;0;6;0;0;0;0
"18/12/2024";"11:51:00";"432";"Sem vítima";"155,500";"BR-116/SP";"Crescente";"Colisão lateral em sentido contrário";1;0;0;0;0;0;0;1;0;0;12;0;0;0;0
"18/12/2024";"12:02:00";"436";"Com vítima";"224,000";"BR-116/SP";"Crescente";"Colisão lateral em sentido contrário";0;0;0;1;1;0;0;0;0;0;1;1;0;0;0
"18/12/2024";"13:30:00";"472";"Com vítima";"498,000";"BR-101/RJ";"Crescente";"Colisão frontal";1;0;0;0;1;0;0;0;0;0;3;3;0;0;0
"18/12/2024";"15:38:00";"542";"Com vítima";"481,000";"BR-101/RJ";"Decrescente";"Acidentes de outra natureza";0;0;0;1;0;0;0;0;0;0;0;6;0;0;0
"18/12/2024";"16:07:00";"556";"Com vítima";"38,700";"BR-116/SP";"Decrescente";"Colisão traseira";1;0;0;0;1;0;0;0;0;0;196;4;0;0;0
"18/12/2024";"16:22:00";"564";"Com vítima";"75,000";"BR-116/SP";"Crescente";"Colisão traseira";1;0;0;0;0;0;0;0;0;0;0;2;0;0;0
"18/12/2024";"17:21:00";"582";"Sem vítima";"106,900";"BR-116/SP";"Decrescente";"Colisão lateral em sentido contrário";1;0;0;0;0;0;0;0;0;0;2;0;0;0;0
"18/12/2024";"17:40:00";"595";"Sem vítima";"143,850";"BR-116/SP";"Decrescente";"Colisão traseira";2;0;0;0;0;0;0;0;0;0;2;0;0;0;0
"18/12/2024";"17:59:00";"599";"Sem vítima";"144,800";"BR-116/SP";"Decrescente";"Colisão traseira";2;0;0;0;0;0;0;0;0;0;1;0;0;0;0
"18/12/2024";"18:01:00";"600";"Sem vítima";"219,800";"BR-116/SP";"Crescente";"Colisão traseira";1;0;0;0;0;0;0;0;0;0;1;0;0;0;0
"18/12/2024";"20:57:00";"692";"Com vítima";"484,600";"BR-101/RJ";"Decrescente";"Colisão frontal";2;0;0;0;0;0;0;0;0;0;0;2;1;0;0
"18/12/2024";"21:16:00";"702";"Sem vítima";"108,000";"BR-116/SP";"Crescente";"Choque";1;0;0;0;0;0;0;0;0;0;0;0;0;0;0
"19/12/2024";"02:16:00";"66";"Com vítima";"391,000";"BR-101/RJ";"Crescente";"Atropelamento de pedestre";1;0;0;0;0;0;0;0;0;0;0;2;0;0;0
"19/12/2024";"04:00:00";"85";"Sem vítima";"23,500";"BR-116/SP";"Decrescente";"Colisão traseira";0;0;2;0;0;0;0;0;0;0;2;0;0;0;0
"19/12/2024";"07:21:00";"196";"Com vítima";"210,500";"BR-116/SP";"Crescente";"Colisão traseira";2;0;0;0;0;0;0;0;0;0;3;3;0;0;0
"19/12/2024";"07:51:00";"226";"Com vítima";"225,500";"BR-116/SP";"Decrescente";"Colisão lateral em sentido contrário";1;0;0;1;0;0;0;0;0;0;4;0;0;0;4
"19/12/2024";"07:57:00";"234";"Sem vítima";"149,500";"BR-116/SP";"Decrescente";"Choque";1;0;0;0;0;0;0;0;0;0;2;0;0;0;0
"19/12/2024";"08:10:00";"245";"Sem vítima";"149,500";"BR-116/SP";"Decrescente";"Choque";0;0;0;0;1;0;0;0;0;0;2;0;0;0;0
"19/12/2024";"08:21:00";"256";"Com vítima";"412,000";"BR-101/RJ";"Crescente";"Colisão traseira";2;0;0;0;0;0;0;0;0;0;6;3;0;0;0
"19/12/2024";"09:28:00";"318";"Com vítima";"520,000";"BR-101/RJ";"Decrescente";"Acidentes de outra natureza";0;0;0;1;0;0;0;0;0;0;0;0;0;2;2
"19/12/2024";"10:15:00";"359";"Com vítima";"227,000";"BR-116/SP";"Decrescente";"Colisão traseira";1;0;0;1;0;0;0;0;0;0;2;2;0;0;0
"19/12/2024";"10:19:00";"361";"Com vítima";"164,800";"BR-116/SP";"Decrescente";"Acidentes de outra natureza";0;0;1;0;0;0;0;0;0;0;0;1;0;0;0
"19/12/2024";"10:53:00";"388";"Sem vítima";"232,000";"BR-116/RJ";"Decrescente";"Tombamento";0;0;1;0;0;0;0;0;0;0;2;0;0;0;0
"19/12/2024";"11:50:00";"420";"Com vítima";"215,000";"BR-116/SP";"Crescente";"Choque";1;0;0;1;0;0;0;0;0;0;3;3;0;0;0
"19/12/2024";"11:53:00";"425";"Sem vítima";"218,000";"BR-116/SP";"Crescente";"Colisão traseira";1;0;0;0;0;0;0;1;0;0;4;0;0;0;0
"19/12/2024";"14:22:00";"524";"Com vítima";"428,000";"BR-101/RJ";"Crescente";"Colisão lateral em sentido contrário";2;0;0;0;0;0;0;0;0;0;2;3;1;0;0
"19/12/2024";"14:59:00";"540";"Sem vítima";"152,200";"BR-116/SP";"Decrescente";"Colisão lateral em sentido contrário";1;0;1;0;0;0;0;0;0;0;2;0;0;0;0
"19/12/2024";"15:16:00";"551";"Sem vítima";"156,000";"BR-116/SP";"Crescente";"Colisão traseira";1;0;1;0;0;0;0;0;0;0;4;0;0;0;0
"19/12/2024";"15:31:00";"560";"Com vítima";"283,700";"BR-116/RJ";"Decrescente";"Colisão traseira";2;0;0;0;0;0;0;0;0;0;2;1;0;0;0
"19/12/2024";"15:32:00";"561";"Sem vítima";"94,000";"BR-116/SP";"Decrescente";"Choque";1;0;0;0;0;0;0;0;0;0;2;0;0;0;0
"19/12/2024";"16:32:00";"584";"Sem vítima";"451,000";"BR-101/RJ";"Crescente";"Colisão lateral em sentido contrário";2;0;0;0;0;0;0;0;0;0;2;0;0;0;0
"19/12/2024";"17:59:00";"639";"Com vítima";"200,000";"BR-116/SP";"Decrescente";"Engavetamento";3;0;1;0;0;0;0;0;0;0;0;0;1;0;0
"19/12/2024";"18:23:00";"656";"Sem vítima";"117,300";"BR-116/SP";"Decrescente";"Colisão traseira";2;0;0;0;0;0;0;0;0;0;2;0;0;0;0
"19/12/2024";"19:10:00";"690";"Com vítima";"580,000";"BR-101/RJ";"Crescente";"Acidentes de outra natureza";0;0;0;1;0;0;0;0;0;0;0;2;0;0;0
"19/12/2024";"19:13:00";"693";"Com vítima";"223,400";"BR-116/SP";"Crescente";"Engavetamento";2;0;0;0;0;0;0;0;0;0;1;1;0;0;0
"19/12/2024";"21:18:00";"753";"Sem vítima";"156,600";"BR-116/SP";"Decrescente";"Colisão lateral em sentido contrário";1;0;1;0;0;0;0;0;0;0;6;0;0;0;0
"19/12/2024";"22:14:00";"782";"Com vítima";"216,000";"BR-116/SP";"Crescente";"Acidentes de outra natureza";0;0;0;1;0;0;0;0;0;0;1;0;1;0;0
"20/12/2024";"00:00:00";"708";"Sem vítima";"321,700";"BR-116/RJ";"Crescente";"Acidentes de outra natureza";0;0;1;0;0;0;0;0;0;0;1;0;0;0;0
"20/12/2024";"01:45:00";"61";"Com vítima";"29,250";"BR-116/SP";"Decrescente";"Colisão traseira";0;0;2;0;0;0;0;0;0;0;3;0;0;3;0
"20/12/2024";"05:59:00";"104";"Sem vítima";"215,000";"BR-116/SP";"Decrescente";"Choque";1;0;0;0;0;0;0;0;0;0;1;0;0;0;0
"20/12/2024";"06:14:00";"118";"Com vítima";"236,000";"BR-116/RJ";"Decrescente";"Engavetamento";2;0;3;0;0;0;0;0;0;0;12;3;0;0;0
"20/12/2024";"07:17:00";"179";"Com vítima";"143,000";"BR-116/SP";"Decrescente";"Colisão lateral em sentido contrário";1;0;0;1;0;0;0;0;0;0;2;1;0;0;0
"20/12/2024";"07:29:00";"190";"Sem vítima";"314,000";"BR-116/RJ";"Crescente";"Capotamento";1;0;0;0;0;0;0;0;0;0;3;0;0;0;0
"20/12/2024";"07:50:00";"206";"Sem vítima";"142,800";"BR-116/SP";"Decrescente";"Colisão lateral em sentido contrário";1;0;0;0;0;0;0;0;0;0;3;0;0;0;0
"20/12/2024";"08:08:00";"219";"Sem vítima";"212,500";"BR-116/SP";"Crescente";"Colisão lateral em sentido contrário";1;0;0;0;1;0;0;0;0;0;8;0;0;0;0
"20/12/2024";"08:37:00";"255";"Com vítima";"139,800";"BR-116/SP";"Decrescente";"Colisão traseira";2;0;0;0;0;0;0;0;0;0;10;2;0;0;0
"20/12/2024";"11:17:00";"377";"Com vítima";"227,000";"BR-116/SP";"Crescente";"Colisão traseira";1;0;0;0;0;0;0;0;0;0;3;3;0;0;0
"20/12/2024";"11:25:00";"382";"Sem vítima";"116,400";"BR-116/SP";"Decrescente";"Colisão traseira";2;0;0;0;0;0;0;0;0;0;6;0;0;0;0
"20/12/2024";"11:35:00";"388";"Sem vítima";"88,000";"BR-116/SP";"Decrescente";"Colisão lateral em sentido contrário";0;0;1;0;0;0;0;0;0;0;0;0;0;0;0
"20/12/2024";"12:44:00";"427";"Sem vítima";"160,000";"BR-116/SP";"Decrescente";"Colisão traseira";1;0;1;0;0;0;0;0;0;0;4;0;0;0;0
"20/12/2024";"12:51:00";"436";"Sem vítima";"226,000";"BR-116/SP";"Decrescente";"Colisão traseira";1;0;0;1;0;0;0;0;0;0;4;0;0;0;0
"20/12/2024";"13:06:00";"447";"Com vítima";"148,000";"BR-116/SP";"Crescente";"Acidentes de outra natureza";0;0;0;1;0;0;0;0;0;0;0;1;0;0;0
"20/12/2024";"13:22:00";"459";"Com vítima";"186,000";"BR-116/SP";"Decrescente";"Colisão traseira";1;0;0;1;0;0;0;0;0;0;2;0;0;2;0
"20/12/2024";"13:27:00";"465";"Com vítima";"139,500";"BR-116/SP";"Crescente";"Engavetamento";5;0;0;0;0;0;0;0;0;0;6;1;0;0;0
"20/12/2024";"13:36:00";"475";"Com vítima";"223,500";"BR-116/RJ";"Crescente";"Colisão traseira";1;0;0;0;0;0;0;0;0;0;0;1;0;0;0
"20/12/2024";"13:53:00";"484";"Sem vítima";"223,500";"BR-116/SP";"Crescente";"Colisão lateral em sentido contrário";1;0;1;0;0;0;0;0;0;0;2;0;0;0;0
"20/12/2024";"14:09:00";"492";"Sem vítima";"270,000";"BR-116/RJ";"Decrescente";"Colisão traseira";1;0;0;0;0;0;0;0;0;0;2;0;0;0;0
"20/12/2024";"15:44:00";"545";"Com vítima";"158,200";"BR-116/SP";"Decrescente";"Acidentes de outra natureza";2;0;0;1;0;0;0;0;0;0;6;3;0;0;0
"20/12/2024";"15:47:00";"546";"Com vítima";"212,000";"BR-116/SP";"Crescente";"Colisão traseira";0;0;0;1;0;0;0;0;0;0;0;1;0;0;0
"20/12/2024";"16:37:00";"580";"Sem vítima";"231,000";"BR-116/SP";"Decrescente";"Colisão traseira";0;0;1;0;0;0;0;0;0;0;1;0;0;0;0
"20/12/2024";"16:37:00";"581";"Sem vítima";"471,000";"BR-101/RJ";"Crescente";"Colisão lateral em sentido contrário";1;0;1;0;0;0;0;0;0;0;11;0;0;0;0
"20/12/2024";"17:28:00";"607";"Com vítima";"144,000";"BR-116/SP";"Decrescente";"Acidentes de outra natureza";0;0;0;1;0;0;0;0;0;0;0;1;0;0;0
"20/12/2024";"17:55:00";"624";"Com vítima";"98,500";"BR-116/SP";"Crescente";"Colisão traseira";2;0;0;0;0;0;0;0;0;0;2;2;0;0;0
"20/12/2024";"18:05:00";"629";"Com vítima";"503,200";"BR-101/RJ";"Crescente";"Colisão lateral em sentido contrário";1;0;1;0;0;0;0;0;0;0;1;1;0;0;0
"20/12/2024";"19:44:00";"703";"Sem vítima";"104,300";"BR-116/SP";"Crescente";"Colisão traseira";2;0;0;0;0;0;0;0;0;0;2;0;0;0;0
"20/12/2024";"20:03:00";"709";"Com vítima";"145,200";"BR-116/SP";"Decrescente";"Acidentes de outra natureza";0;0;0;1;0;0;0;0;0;0;1;1;0;0;0
"20/12/2024";"21:00:00";"733";"Com vítima";"547,900";"BR-101/RJ";"Crescente";"Capotamento";1;0;0;0;0;0;0;0;0;0;0;9;0;0;0
"20/12/2024";"21:12:00";"742";"Sem vítima";"125,100";"BR-116/SP";"Crescente";"Choque";1;0;0;0;0;0;0;0;0;0;1;0;0;0;0
"20/12/2024";"21:27:00";"745";"Sem vítima";"49,100";"BR-116/SP";"Crescente";"Colisão traseira";0;0;2;0;0;0;0;0;0;0;2;0;0;0;0
"20/12/2024";"21:54:00";"755";"Sem vítima";"226,700";"BR-116/SP";"Decrescente";"Colisão frontal";1;0;0;0;0;1;0;1;0;0;0;0;0;0;0
"20/12/2024";"21:56:00";"757";"Com vítima";"395,100";"BR-101/RJ";"Decrescente";"Colisão traseira";2;0;0;0;0;0;0;0;0;0;1;0;1;0;0
"20/12/2024";"22:21:00";"764";"Sem vítima";"491,400";"BR-101/RJ";"Crescente";"Choque";1;0;0;0;0;0;0;0;0;0;3;0;0;0;0
"20/12/2024";"22:28:00";"766";"Sem vítima";"486,700";"BR-101/RJ";"Crescente";"Choque";1;0;0;0;0;0;0;0;0;0;0;0;0;0;0
"20/12/2024";"23:21:00";"786";"Sem vítima";"227,400";"BR-116/SP";"Decrescente";"Colisão lateral em sentido contrário";1;0;0;0;0;0;0;1;0;0;4;0;0;0;0
"20/12/2024";"23:30:00";"790";"Com vítima";"113,000";"BR-116/SP";"Decrescente";"Colisão traseira";0;0;0;1;0;0;0;0;0;0;3;3;0;0;0
"20/12/2024";"23:30:00";"791";"Com vítima";"55,800";"BR-116/SP";"Decrescente";"Colisão traseira";2;0;0;1;0;0;0;0;0;0;4;2;0;0;0
"21/12/2024";"00:00:00";"100";"Sem vítima";"141,100";"BR-116/SP";"Decrescente";"Acidentes de outra natureza";1;0;0;0;0;0;0;0;0;0;2;0;0;0;0
"21/12/2024";"00:00:00";"240";"Com vítima";"1,150";"BR-116/SP";"Decrescente";"Engavetamento";3;0;0;0;0;0;0;0;0;0;12;2;0;0;0
"21/12/2024";"00:00:00";"453";"Com vítima";"75,400";"BR-116/SP";"Decrescente";"Colisão traseira";1;0;0;1;0;0;0;0;0;0;3;0;1;0;0
"21/12/2024";"00:00:00";"622";"Sem vítima";"223,400";"BR-116/RJ";"Decrescente";"Atropelamento de pedestre";1;0;0;0;0;0;0;0;0;0;1;0;0;0;0
"21/12/2024";"00:19:00";"40";"Com vítima";"528,000";"BR-101/RJ";"Decrescente";"Choque";1;0;0;0;0;0;0;0;0;0;0;3;0;0;0
"21/12/2024";"01:09:00";"50";"Com vítima";"169,400";"BR-116/SP";"Crescente";"Colisão lateral em sentido contrário";1;0;0;0;0;0;0;0;0;0;0;2;2;0;0
"21/12/2024";"01:09:00";"51";"Com vítima";"410,600";"BR-101/RJ";"Decrescente";"Colisão traseira";0;0;0;2;0;0;0;0;0;0;0;2;0;0;0
"21/12/2024";"02:05:00";"67";"Com vítima";"28,800";"BR-116/SP";"Decrescente";"Colisão traseira";0;0;1;0;0;0;0;0;0;0;0;2;0;0;0
"21/12/2024";"04:49:00";"91";"Com vítima";"269,600";"BR-116/RJ";"Decrescente";"Colisão traseira";2;0;0;0;0;0;0;0;0;0;3;1;0;0;0
"21/12/2024";"04:59:00";"93";"Com vítima";"229,600";"BR-116/RJ";"Decrescente";"Tombamento";0;0;1;0;0;0;0;0;0;0;0;2;0;0;0
"21/12/2024";"06:19:00";"117";"Com vítima";"227,000";"BR-116/SP";"Crescente";"Acidentes de outra natureza";0;0;0;1;0;0;0;0;0;0;0;1;0;0;0
"21/12/2024";"06:26:00";"124";"Com vítima";"223,000";"BR-116/SP";"Decrescente";"Colisão traseira";1;0;0;1;0;0;0;0;0;0;3;3;0;0;0
"21/12/2024";"06:39:00";"131";"Sem vítima";"491,000";"BR-101/RJ";"Crescente";"Choque";1;0;0;0;0;0;0;0;0;0;0;0;0;0;0
"21/12/2024";"07:24:00";"158";"Sem vítima";"306,500";"BR-116/RJ";"Decrescente";"Colisão traseira";2;0;0;0;0;0;0;0;0;0;32;0;0;0;0
"21/12/2024";"07:40:00";"168";"Sem vítima";"48,800";"BR-101/SP";"Decrescente";"Choque";1;0;0;0;0;0;0;0;0;0;2;0;0;0;0
"21/12/2024";"07:43:00";"172";"Sem vítima";"161,900";"BR-116/SP";"Decrescente";"Engavetamento";3;0;0;0;0;0;0;0;0;0;12;0;0;0;0
"21/12/2024";"07:48:00";"174";"Com vítima";"162,400";"BR-116/SP";"Decrescente";"Colisão traseira";1;0;0;0;0;0;0;0;0;0;0;2;0;0;0
"21/12/2024";"07:52:00";"178";"Com vítima";"113,000";"BR-116/SP";"Decrescente";"Colisão traseira";2;0;0;0;0;0;0;0;0;0;6;3;0;0;0
"21/12/2024";"08:13:00";"195";"Sem vítima";"276,000";"BR-116/RJ";"Decrescente";"Acidentes de outra natureza";0;0;0;1;0;0;0;0;0;0;2;0;0;0;0
"21/12/2024";"08:25:00";"203";"Com vítima";"227,000";"BR-116/SP";"Crescente";"Atropelamento de pedestre";1;1;0;0;0;0;0;0;0;0;1;0;0;0;0
"21/12/2024";"08:28:00";"204";"Sem vítima";"164,900";"BR-116/SP";"Decrescente";"Colisão traseira";1;0;0;0;0;0;0;1;0;0;0;0;0;0;0
"21/12/2024";"08:39:00";"211";"Com vítima";"163,900";"BR-116/SP";"Decrescente";"Engavetamento";3;0;0;0;0;0;0;0;0;0;6;1;0;0;0
"21/12/2024";"08:48:00";"216";"Com vítima";"157,000";"BR-116/SP";"Decrescente";"Colisão traseira";0;0;0;1;0;0;0;0;0;0;0;4;0;0;0
"21/12/2024";"09:41:00";"256";"Com vítima";"45,800";"BR-101/SP";"Crescente";"Colisão lateral em sentido contrário";1;0;0;1;0;0;0;0;0;0;4;1;0;0;0
"21/12/2024";"09:53:00";"263";"Com vítima";"109,000";"BR-116/SP";"Crescente";"Engavetamento";2;0;0;0;0;0;0;0;0;0;15;0;3;0;0
"21/12/2024";"10:04:00";"268";"Com vítima";"111,000";"BR-116/SP";"Decrescente";"Colisão lateral em sentido contrário";1;0;0;1;0;0;0;0;0;0;1;1;0;0;0
"21/12/2024";"10:18:00";"274";"Com vítima";"382,000";"BR-101/RJ";"Decrescente";"Acidentes de outra natureza";0;0;0;1;0;0;0;0;0;0;0;2;0;0;0
"21/12/2024";"10:18:00";"276";"Sem vítima";"227,000";"BR-116/SP";"Decrescente";"Colisão lateral em sentido contrário";1;0;0;0;0;0;0;1;0;0;15;0;0;0;0
"21/12/2024";"10:28:00";"284";"Sem vítima";"107,000";"BR-116/SP";"Crescente";"Engavetamento";1;0;1;0;0;0;0;1;0;0;21;0;0;0;0
"21/12/2024";"10:43:00";"291";"Sem vítima";"284,800";"BR-116/RJ";"Decrescente";"Colisão traseira";2;0;0;0;0;0;0;0;0;0;8;0;0;0;0
"21/12/2024";"11:07:00";"306";"Sem vítima";"104,500";"BR-116/SP";"Crescente";"Colisão traseira";2;0;0;0;0;0;0;0;0;0;4;0;0;0;0
"21/12/2024";"12:23:00";"346";"Sem vítima";"109,700";"BR-116/SP";"Decrescente";"Colisão traseira";1;0;0;0;0;0;0;0;0;0;1;0;0;0;0
"21/12/2024";"12:32:00";"353";"Com vítima";"113,000";"BR-116/SP";"Decrescente";"Colisão lateral em sentido contrário";0;0;1;1;0;0;0;0;0;0;0;0;3;0;0
"21/12/2024";"12:44:00";"363";"Sem vítima";"106,000";"BR-116/SP";"Crescente";"Colisão traseira";2;0;0;0;0;0;0;0;0;0;4;0;0;0;0
"21/12/2024";"13:26:00";"390";"Com vítima";"134,600";"BR-116/SP";"Decrescente";"Colisão traseira";2;0;0;0;0;0;0;0;0;0;2;2;0;0;0
"21/12/2024";"14:15:00";"422";"Com vítima";"339,400";"BR-116/RJ";"Crescente";"Colisão traseira";0;0;1;1;0;0;0;0;0;0;6;3;0;0;0
"21/12/2024";"14:38:00";"439";"Sem vítima";"104,400";"BR-116/SP";"Crescente";"Colisão traseira";2;0;0;0;0;0;0;0;0;0;0;0;0;0;0
"21/12/2024";"15:35:00";"437";"Sem vítima";"245,600";"BR-116/RJ";"Decrescente";"Colisão lateral em sentido contrário";0;0;0;0;0;0;0;2;0;0;6;0;0;0;0
"21/12/2024";"16:01:00";"483";"Sem vítima";"80,000";"BR-116/SP";"Decrescente";"Colisão traseira";2;0;0;0;0;0;0;0;0;0;4;0;0;0;0
"21/12/2024";"16:30:00";"503";"Sem vítima";"210,000";"BR-116/SP";"Decrescente";"Choque";1;0;0;0;0;0;0;0;0;0;0;0;0;0;0
"21/12/2024";"16:52:00";"514";"Com vítima";"286,000";"BR-116/RJ";"Decrescente";"Tombamento";0;0;1;0;0;0;0;0;0;0;0;0;1;0;0
"21/12/2024";"17:16:00";"521";"Sem vítima";"271,000";"BR-116/RJ";"Crescente";"Choque";1;0;0;0;0;0;0;0;0;0;1;0;0;0;0