data;horario;n_da_ocorrencia;tipo_de_ocorrencia;km;trecho;sentido;tipo_de_acidente;automovel;bicicleta;caminhao;moto;onibus;outros;tracao_animal;transporte_de_cargas_especiais;trator_maquinas;utilitarios;ilesos;levemente_feridos;moderadamente_feridos;gravemente_feridos;mortos
"21/12/2024";"18:27:00";"556";"Sem vítima";"145,900";"BR-116/SP";"Decrescente";"Colisão lateral em sentido contrário";1;0;0;0;0;0;0;0;0;0;2;0;0;0;0
"21/12/2024";"18:28:00";"557";"Com vítima";"338,100";"BR-116/RJ";"Decrescente";"Acidentes de outra natureza";1;0;0;0;0;0;0;0;0;0;0;0;1;0;0
"21/12/2024";"18:50:00";"566";"Com vítima";"136,100";"BR-116/SP";"Decrescente";"Colisão traseira";2;0;0;0;0;0;0;0;0;0;3;2;0;0;0
"21/12/2024";"19:12:00";"576";"Sem vítima";"229,800";"BR-116/RJ";"Decrescente";"Choque";1;0;0;0;0;0;0;0;0;0;1;0;0;0;0
"21/12/2024";"20:17:00";"600";"Sem vítima";"234,000";"BR-116/RJ";"Decrescente";"Choque";1;0;0;0;0;0;0;0;0;0;7;0;0;0;0
"21/12/2024";"21:34:00";"626";"Sem vítima";"144,000";"BR-116/SP";"Decrescente";"Colisão traseira";2;0;0;0;0;0;0;0;0;0;3;0;0;0;0
"21/12/2024";"21:56:00";"633";"Sem vítima";"157,100";"BR-116/SP";"Crescente";"Choque";1;0;0;0;0;0;0;0;0;0;1;0;0;0;0
"21/12/2024";"22:07:00";"636";"Com vítima";"298,200";"BR-116/RJ";"Decrescente";"Colisão traseira";1;0;0;0;0;0;0;0;0;0;1;0;1;0;0
"21/12/2024";"22:12:00";"639";"Sem vítima";"224,000";"BR-116/SP";"Crescente";"Engavetamento";1;0;0;0;0;0;0;0;0;0;1;0;0;0;0
"21/12/2024";"23:06:00";"652";"Com vítima";"257,950";"BR-116/RJ";"Decrescente";"Colisão frontal";2;0;0;0;0;0;0;0;0;0;1;0;4;0;0
"21/12/2024";"23:22:00";"657";"Com vítima";"301,800";"BR-116/RJ";"Decrescente";"Colisão traseira";2;0;0;0;0;0;0;0;0;1;14;2;0;0;0
"22/12/2024";"04:32:00";"96";"Com vítima";"114,600";"BR-116/SP";"Crescente";"Colisão lateral em sentido contrário";1;0;0;1;0;0;0;0;0;0;0;2;2;0;0
"22/12/2024";"05:11:00";"102";"Com vítima";"517,800";"BR-101/RJ";"Decrescente";"Colisão lateral em sentido contrário";1;0;0;1;0;0;0;0;0;0;0;0;0;4;0
"22/12/2024";"06:25:00";"121";"Sem vítima";"556,000";"BR-101/RJ";"Crescente";"Choque";1;0;0;0;0;0;0;0;0;0;8;0;0;0;0
"22/12/2024";"07:37:00";"161";"Sem vítima";"108,600";"BR-116/SP";"Decrescente";"Engavetamento";5;0;0;0;0;0;0;0;0;0;21;0;0;0;0
"22/12/2024";"07:55:00";"170";"Com vítima";"132,500";"BR-116/SP";"Decrescente";"Colisão traseira";1;0;1;0;0;0;0;0;0;0;6;1;0;0;0
"22/12/2024";"08:49:00";"186";"Sem vítima";"288,000";"BR-116/RJ";"Decrescente";"Colisão traseira";2;0;0;0;0;0;0;0;0;0;9;0;0;0;0
"22/12/2024";"11:58:00";"274";"Sem vítima";"155,500";"BR-116/SP";"Crescente";"Colisão traseira";1;0;1;0;0;0;0;0;0;0;15;0;0;0;0
"22/12/2024";"12:34:00";"291";"Sem vítima";"275,000";"BR-116/RJ";"Decrescente";"Capotamento";1;0;0;0;0;0;0;0;0;0;1;0;0;0;0
"22/12/2024";"13:22:00";"320";"Com vítima";"113,000";"BR-116/SP";"Crescente";"Engavetamento";3;0;0;0;0;0;0;0;0;0;21;3;0;0;0
"22/12/2024";"14:19:00";"344";"Sem vítima";"104,000";"BR-116/SP";"Decrescente";"Choque";1;0;0;0;0;0;0;0;0;0;9;0;0;0;0
"22/12/2024";"14:29:00";"349";"Sem vítima";"104,000";"BR-116/SP";"Decrescente";"Choque";1;0;0;0;0;0;0;0;0;0;3;0;0;0;0
"22/12/2024";"14:49:00";"354";"Sem vítima";"228,000";"BR-116/SP";"Decrescente";"Colisão lateral em sentido contrário";1;0;0;0;0;0;0;1;0;0;2;0;0;0;0
"22/12/2024";"15:11:00";"364";"Com vítima";"50,200";"BR-116/SP";"Decrescente";"Colisão traseira";0;0;0;0;1;0;0;0;0;0;164;9;0;0;0
"22/12/2024";"15:31:00";"379";"Com vítima";"556,000";"BR-101/RJ";"Decrescente";"Acidentes de outra natureza";0;0;0;1;0;0;0;0;0;0;0;1;0;0;0
"22/12/2024";"15:59:00";"389";"Sem vítima";"212,500";"BR-116/SP";"Crescente";"Tombamento";0;0;0;0;0;1;0;0;0;0;0;0;0;0;0
"22/12/2024";"17:38:00";"446";"Com vítima";"487,000";"BR-101/RJ";"Decrescente";"Colisão traseira";2;0;0;0;0;0;0;0;0;0;10;5;0;0;0
"22/12/2024";"17:40:00";"449";"Sem vítima";"21,800";"BR-116/SP";"Decrescente";"Choque";1;0;0;0;0;0;0;0;0;0;1;0;0;0;0
"22/12/2024";"17:46:00";"451";"Sem vítima";"563,000";"BR-101/RJ";"Decrescente";"Colisão frontal";2;0;0;0;0;0;0;0;0;0;2;0;0;0;0
"22/12/2024";"18:24:00";"464";"Sem vítima";"139,300";"BR-116/SP";"Crescente";"Colisão traseira";1;0;0;0;0;0;0;0;0;0;4;0;0;0;0
"22/12/2024";"19:58:00";"505";"Com vítima";"556,000";"BR-101/RJ";"Crescente";"Colisão frontal";1;0;0;0;1;0;0;0;0;0;26;2;0;0;0
"22/12/2024";"20:34:00";"519";"Com vítima";"313,500";"BR-116/RJ";"Decrescente";"Choque";1;0;0;0;0;0;0;0;0;0;0;1;0;0;0
"22/12/2024";"20:36:00";"520";"Com vítima";"293,000";"BR-116/RJ";"Decrescente";"Capotamento";1;0;0;0;0;0;0;0;0;0;0;4;0;0;0
"22/12/2024";"20:59:00";"524";"Com vítima";"224,100";"BR-116/SP";"Crescente";"Colisão lateral em sentido contrário";1;0;0;1;0;0;0;0;0;0;2;2;0;0;0
"22/12/2024";"22:04:00";"551";"Com vítima";"155,650";"BR-116/SP";"Decrescente";"Colisão lateral em sentido contrário";0;0;0;1;0;0;0;0;0;0;0;1;0;0;0
"22/12/2024";"22:49:00";"562";"Sem vítima";"205,000";"BR-116/SP";"Decrescente";"Atropelamento de pedestre";1;0;0;0;0;0;0;0;0;0;2;0;0;0;0
"22/12/2024";"22:52:00";"564";"Com vítima";"503,400";"BR-101/RJ";"Crescente";"Colisão traseira";2;0;0;0;0;0;0;0;0;0;6;6;0;3;0
"22/12/2024";"23:09:00";"569";"Sem vítima";"233,000";"BR-116/RJ";"Decrescente";"Choque";1;0;0;0;0;0;0;0;0;0;1;0;0;0;0
"23/12/2024";"00:49:00";"40";"Sem vítima";"312,000";"BR-116/RJ";"Decrescente";"Choque";1;0;0;0;0;0;0;0;0;0;2;0;0;0;0
"23/12/2024";"06:18:00";"132";"Com vítima";"201,000";"BR-116/SP";"Decrescente";"Acidentes de outra natureza";0;0;0;1;0;0;0;0;0;0;0;0;1;0;0
"23/12/2024";"07:04:00";"154";"Sem vítima";"230,000";"BR-116/SP";"Crescente";"Colisão traseira";1;0;0;0;1;0;0;0;0;0;4;0;0;0;0
"23/12/2024";"08:11:00";"198";"Com vítima";"217,400";"BR-116/SP";"Crescente";"Engavetamento";0;0;0;2;1;0;0;0;0;0;2;2;0;0;0
"23/12/2024";"09:22:00";"245";"Sem vítima";"115,800";"BR-116/SP";"Decrescente";"Colisão traseira";2;0;0;0;0;0;0;0;0;0;4;0;0;0;0
"23/12/2024";"10:01:00";"266";"Sem vítima";"117,000";"BR-116/SP";"Decrescente";"Colisão lateral em sentido contrário";2;0;0;0;0;0;0;0;0;0;5;0;0;0;0
"23/12/2024";"11:58:00";"338";"Sem vítima";"177,900";"BR-116/SP";"Decrescente";"Choque";1;0;0;0;0;0;0;0;0;0;2;0;0;0;0
"23/12/2024";"12:21:00";"350";"Sem vítima";"109,000";"BR-116/SP";"Decrescente";"Engavetamento";2;0;0;0;0;0;0;0;0;0;2;0;0;0;0
"23/12/2024";"12:34:00";"355";"Sem vítima";"385,000";"BR-101/RJ";"Decrescente";"Capotamento";1;0;0;0;0;0;0;0;0;0;1;0;0;0;0
"23/12/2024";"13:25:00";"387";"Sem vítima";"16,000";"BR-101/SP";"Crescente";"Choque";1;0;0;0;0;0;0;0;0;0;1;0;0;0;0
"23/12/2024";"13:41:00";"398";"Com vítima";"41,500";"BR-101/SP";"Decrescente";"Colisão lateral em sentido contrário";1;0;0;1;0;0;0;0;0;0;0;0;1;0;0
"23/12/2024";"14:55:00";"441";"Sem vítima";"227,500";"BR-116/SP";"Decrescente";"Colisão traseira";1;0;1;0;0;0;0;0;0;0;4;0;0;0;0
"23/12/2024";"16:13:00";"485";"Sem vítima";"416,000";"BR-101/RJ";"Decrescente";"Choque";0;0;1;0;0;0;0;0;0;0;2;0;0;0;0
"23/12/2024";"16:31:00";"493";"Sem vítima";"476,000";"BR-101/RJ";"Crescente";"Engavetamento";2;0;1;0;0;0;0;0;0;0;11;0;0;0;0
"23/12/2024";"17:58:00";"527";"Sem vítima";"417,000";"BR-101/RJ";"Crescente";"Choque";1;0;0;0;0;0;0;0;0;0;1;0;0;0;0
"23/12/2024";"18:06:00";"533";"Com vítima";"192,300";"BR-116/SP";"Crescente";"Choque";1;0;0;0;0;0;0;0;0;0;0;1;0;0;0
"23/12/2024";"18:16:00";"538";"Sem vítima";"81,500";"BR-116/SP";"Decrescente";"Colisão lateral em sentido contrário";1;0;1;0;0;0;0;0;0;0;2;0;0;0;0
"23/12/2024";"18:30:00";"549";"Sem vítima";"231,000";"BR-116/RJ";"Decrescente";"Choque";1;0;0;0;0;0;0;0;0;0;1;0;0;0;0
"23/12/2024";"18:40:00";"560";"Com vítima";"486,000";"BR-101/RJ";"Crescente";"Colisão traseira";1;0;0;1;0;0;0;0;0;0;2;1;0;0;0
"23/12/2024";"20:06:00";"614";"Sem vítima";"419,000";"BR-101/RJ";"Crescente";"Choque";1;0;0;0;0;0;0;0;0;0;4;0;0;0;0
"23/12/2024";"20:57:00";"633";"Com vítima";"405,000";"BR-101/RJ";"Decrescente";"Atropelamento de pedestre";0;0;0;1;0;0;0;0;0;0;0;1;1;0;0
"23/12/2024";"22:42:00";"670";"Sem vítima";"412,000";"BR-101/RJ";"Decrescente";"Choque";1;0;0;0;0;0;0;0;0;0;1;0;0;0;0
"23/12/2024";"22:59:00";"676";"Com vítima";"226,600";"BR-116/SP";"Decrescente";"Choque";0;0;0;1;0;0;0;0;0;0;0;1;0;0;0
"24/12/2024";"03:14:00";"76";"Sem vítima";"250,950";"BR-116/RJ";"Decrescente";"Choque";1;0;0;0;0;0;0;0;0;0;1;0;0;0;0
"24/12/2024";"04:12:00";"85";"Sem vítima";"563,000";"BR-101/RJ";"Decrescente";"Choque";1;0;0;0;0;0;0;0;0;0;2;0;0;0;0
"24/12/2024";"05:20:00";"96";"Sem vítima";"241,700";"BR-116/RJ";"Decrescente";"Choque";1;0;0;0;0;0;0;0;0;0;2;0;0;0;0
"24/12/2024";"06:03:00";"109";"Com vítima";"514,000";"BR-101/RJ";"Crescente";"Colisão frontal";2;0;0;0;0;0;0;0;0;0;1;3;2;0;0
"24/12/2024";"06:46:00";"125";"Sem vítima";"219,500";"BR-116/SP";"Decrescente";"Choque";1;0;0;0;0;0;0;0;0;0;4;0;0;0;0
"24/12/2024";"07:14:00";"140";"Sem vítima";"437,000";"BR-101/RJ";"Decrescente";"Acidentes de outra natureza";1;0;0;0;0;0;0;0;0;0;1;0;0;0;0
"24/12/2024";"09:31:00";"187";"Com vítima";"234,900";"BR-116/RJ";"Decrescente";"Choque";1;0;0;0;0;0;0;0;0;0;0;1;0;0;0
"24/12/2024";"10:48:00";"237";"Sem vítima";"230,000";"BR-116/SP";"Decrescente";"Colisão lateral em sentido contrário";3;0;0;0;0;0;0;0;0;0;0;0;0;0;0
"24/12/2024";"10:51:00";"238";"Com vítima";"485,000";"BR-101/RJ";"Decrescente";"Colisão lateral em sentido contrário";1;0;0;1;0;0;0;0;0;0;1;1;0;0;0
"24/12/2024";"16:55:00";"387";"Sem vítima";"301,900";"BR-116/RJ";"Crescente";"Choque";1;0;0;0;0;0;0;0;0;0;2;0;0;0;0
"24/12/2024";"17:41:00";"403";"Sem vítima";"233,300";"BR-116/RJ";"Decrescente";"Choque";0;0;0;0;0;0;0;1;0;0;2;0;0;0;0
"24/12/2024";"17:43:00";"406";"Com vítima";"494,200";"BR-101/RJ";"Decrescente";"Capotamento";1;0;0;0;0;0;0;0;0;0;0;0;1;0;0
"24/12/2024";"18:25:00";"418";"Com vítima";"61,800";"BR-116/SP";"Crescente";"Capotamento";1;0;0;0;0;0;0;0;0;0;0;4;0;1;0
"24/12/2024";"18:26:00";"420";"Sem vítima";"231,000";"BR-116/RJ";"Decrescente";"Choque";1;0;0;0;0;0;0;0;0;0;1;0;0;0;0
"24/12/2024";"23:59:00";"505";"Com vítima";"223,000";"BR-116/SP";"Crescente";"Atropelamento de pedestre";0;0;0;0;0;0;0;0;0;0;0;1;0;0;0
"25/12/2024";"00:51:00";"38";"Com vítima";"310,500";"BR-116/RJ";"Decrescente";"Choque";1;0;0;0;0;0;0;0;0;0;0;0;3;0;0
"25/12/2024";"00:58:00";"39";"Com vítima";"300,500";"BR-116/RJ";"Crescente";"Acidentes de outra natureza";0;0;0;1;0;0;0;0;0;0;0;3;0;0;0
"25/12/2024";"00:59:00";"40";"Com vítima";"171,300";"BR-116/SP";"Decrescente";"Atropelamento de pedestre";2;0;0;0;0;0;0;0;0;0;4;6;0;0;0
"25/12/2024";"02:23:00";"48";"Com vítima";"387,100";"BR-101/RJ";"Decrescente";"Atropelamento de pedestre";1;0;0;0;0;0;0;0;0;0;0;0;0;1;0
"25/12/2024";"03:43:00";"59";"Com vítima";"227,000";"BR-116/SP";"Decrescente";"Acidentes de outra natureza";0;0;0;1;0;0;0;0;0;0;0;0;1;0;0
"25/12/2024";"06:23:00";"83";"Com vítima";"389,000";"BR-101/RJ";"Crescente";"Colisão traseira";2;0;0;0;0;0;0;0;0;0;0;8;0;0;0
"25/12/2024";"06:36:00";"85";"Com vítima";"225,000";"BR-116/SP";"Crescente";"Capotamento";1;0;0;0;0;0;0;0;0;0;0;4;0;0;0
"25/12/2024";"10:58:00";"144";"Com vítima";"212,000";"BR-116/SP";"Crescente";"Capotamento";1;0;0;0;0;0;0;0;0;0;0;3;0;0;0
"25/12/2024";"11:04:00";"147";"Com vítima";"462,000";"BR-101/RJ";"Decrescente";"Colisão traseira";1;0;0;1;0;0;0;0;0;0;2;0;0;2;0
"25/12/2024";"12:03:00";"162";"Com vítima";"482,000";"BR-101/RJ";"Crescente";"Colisão traseira";1;0;0;0;1;0;0;0;0;0;4;2;0;0;0
"25/12/2024";"14:07:00";"201";"Sem vítima";"382,000";"BR-101/RJ";"Crescente";"Capotamento";2;0;0;0;0;0;0;0;0;0;0;0;0;0;0
"25/12/2024";"14:44:00";"214";"Com vítima";"381,750";"BR-101/RJ";"Crescente";"Colisão traseira";0;0;1;1;0;0;0;0;0;0;1;0;0;1;0
"25/12/2024";"15:33:00";"235";"Com vítima";"253,000";"BR-116/RJ";"Decrescente";"Atropelamento de pedestre";1;0;0;0;0;0;0;0;0;0;1;0;0;1;0
"25/12/2024";"16:19:00";"256";"Com vítima";"218,000";"BR-116/SP";"Crescente";"Acidentes de outra natureza";0;0;0;1;0;0;0;0;0;0;2;2;4;0;0
"25/12/2024";"16:58:00";"276";"Com vítima";"218,050";"BR-116/SP";"Crescente";"Acidentes de outra natureza";0;0;0;1;0;0;0;0;0;0;0;0;1;0;0
"25/12/2024";"17:02:00";"279";"Com vítima";"40,500";"BR-101/SP";"Decrescente";"Colisão traseira";1;0;0;1;0;0;0;0;0;0;0;1;1;0;0
"25/12/2024";"17:40:00";"294";"Com vítima";"427,800";"BR-101/RJ";"Decrescente";"Colisão lateral em sentido contrário";1;0;0;1;0;0;0;0;0;0;5;2;0;0;0
"25/12/2024";"18:32:00";"321";"Com vítima";"517,900";"BR-101/RJ";"Crescente";"Colisão lateral em sentido contrário";2;0;0;0;0;0;0;0;0;1;0;0;2;2;0
"25/12/2024";"19:39:00";"359";"Com vítima";"131,100";"BR-116/SP";"Crescente";"Capotamento";1;0;0;0;0;0;0;0;0;0;0;2;0;0;0
"25/12/2024";"20:23:00";"382";"Com vítima";"292,800";"BR-116/RJ";"Decrescente";"Choque";1;0;0;0;0;0;0;0;0;0;0;0;2;0;0
"25/12/2024";"21:44:00";"406";"Com vítima";"506,000";"BR-101/RJ";"Decrescente";"Atropelamento de pedestre";0;0;0;0;0;0;0;0;0;0;0;0;1;0;0
"25/12/2024";"22:54:00";"427";"Com vítima";"497,900";"BR-101/RJ";"Decrescente";"Atropelamento de pedestre";1;0;0;0;0;0;0;0;0;0;0;1;0;0;0
"26/12/2024";"02:53:00";"54";"Com vítima";"281,000";"BR-116/RJ";"Decrescente";"Choque";2;0;0;0;0;0;0;0;0;0;12;0;4;0;0
"26/12/2024";"04:07:00";"62";"Sem vítima";"436,900";"BR-101/RJ";"Crescente";"Choque";1;0;0;0;0;0;0;0;0;0;9;0;0;0;0
"26/12/2024";"04:14:00";"65";"Sem vítima";"417,300";"BR-101/RJ";"Crescente";"Choque";1;0;0;0;0;0;0;0;0;0;1;0;0;0;0
"26/12/2024";"06:38:00";"118";"Sem vítima";"148,000";"BR-116/SP";"Crescente";"Capotamento";1;0;0;0;0;0;0;0;0;0;0;0;0;0;0
"26/12/2024";"07:12:00";"137";"Sem vítima";"102,120";"BR-116/SP";"Decrescente";"Choque";1;0;0;0;0;0;0;0;0;0;4;0;0;0;0
"26/12/2024";"07:12:00";"138";"Sem vítima";"228,400";"BR-116/RJ";"Decrescente";"Choque";0;0;1;0;0;0;0;0;0;0;0;0;0;0;0
"26/12/2024";"07:27:00";"148";"Com vítima";"188,000";"BR-116/SP";"Decrescente";"Choque";1;0;0;0;0;0;0;0;0;0;0;2;0;0;0
"26/12/2024";"07:27:00";"149";"Sem vítima";"102,120";"BR-116/SP";"Crescente";"Choque";0;0;0;0;0;0;0;0;0;1;1;0;0;0;0
"26/12/2024";"07:32:00";"153";"Sem vítima";"101,600";"BR-116/SP";"Crescente";"Engavetamento";3;0;0;0;0;0;0;1;0;0;24;0;0;0;0
"26/12/2024";"07:42:00";"161";"Sem vítima";"475,000";"BR-101/RJ";"Crescente";"Choque";1;0;0;0;0;0;0;0;0;0;1;0;0;0;0
"26/12/2024";"08:05:00";"182";"Sem vítima";"142,500";"BR-116/SP";"Decrescente";"Choque";1;0;0;0;0;0;0;0;0;0;2;0;0;0;0
"26/12/2024";"08:12:00";"190";"Sem vítima";"145,000";"BR-116/SP";"Decrescente";"Colisão traseira";1;0;0;0;0;0;0;0;0;0;1;0;0;0;0
"26/12/2024";"08:18:00";"195";"Sem vítima";"99,000";"BR-116/SP";"Decrescente";"Choque";1;0;0;0;0;0;0;0;0;0;1;0;0;0;0
"26/12/2024";"08:32:00";"202";"Sem vítima";"108,000";"BR-116/SP";"Decrescente";"Engavetamento";2;0;0;0;0;0;0;0;0;0;6;0;0;0;0
"26/12/2024";"09:25:00";"237";"Sem vítima";"466,000";"BR-101/RJ";"Decrescente";"Choque";1;0;0;0;0;0;0;0;0;0;3;0;0;0;0
"26/12/2024";"10:02:00";"262";"Com vítima";"58,100";"BR-116/SP";"Decrescente";"Colisão lateral em sentido contrário";1;0;0;1;0;0;0;0;0;0;10;20;0;0;0
"26/12/2024";"10:37:00";"271";"Sem vítima";"175,000";"BR-116/SP";"Decrescente";"Choque";0;0;1;0;0;0;0;0;0;0;1;0;0;0;0
"26/12/2024";"10:41:00";"274";"Com vítima";"491,000";"BR-101/RJ";"Crescente";"Acidentes de outra natureza";0;0;0;1;0;0;0;0;0;0;0;0;1;1;0
"26/12/2024";"10:59:00";"282";"Sem vítima";"224,000";"BR-116/SP";"Crescente";"Colisão traseira";2;0;0;0;0;0;0;0;0;0;0;0;0;0;0
"26/12/2024";"11:12:00";"285";"Sem vítima";"466,000";"BR-101/RJ";"Crescente";"Choque";1;0;0;0;0;0;0;0;0;0;1;0;0;0;0
"26/12/2024";"11:22:00";"289";"Sem vítima";"281,200";"BR-116/RJ";"Decrescente";"Engavetamento";2;0;0;0;0;0;0;0;0;0;10;0;0;0;0
"26/12/2024";"11:45:00";"300";"Sem vítima";"118,200";"BR-116/SP";"Decrescente";"Colisão traseira";1;0;0;0;1;0;0;0;0;0;164;0;0;0;0
"26/12/2024";"12:47:00";"332";"Sem vítima";"281,200";"BR-116/RJ";"Decrescente";"Engavetamento";3;0;0;0;0;0;0;0;0;0;12;0;0;0;0
"26/12/2024";"13:24:00";"352";"Com vítima";"27,500";"BR-116/SP";"Crescente";"Choque";1;0;0;0;0;0;0;0;0;0;8;0;2;0;0
"26/12/2024";"14:24:00";"383";"Sem vítima";"83,000";"BR-116/SP";"Decrescente";"Colisão lateral em sentido contrário";1;0;0;1;0;0;0;0;0;0;6;0;0;0;0
"26/12/2024";"14:48:00";"397";"Com vítima";"442,000";"BR-101/RJ";"Crescente";"Colisão frontal";2;0;0;0;0;0;0;0;0;0;2;1;2;0;0
"26/12/2024";"14:59:00";"403";"Sem vítima";"283,300";"BR-116/RJ";"Crescente";"Engavetamento";3;0;0;0;0;0;0;0;0;0;3;0;0;0;0
"26/12/2024";"15:20:00";"409";"Com vítima";"189,000";"BR-116/SP";"Crescente";"Acidentes de outra natureza";0;0;0;1;0;0;0;0;0;0;4;4;0;0;0
"26/12/2024";"15:33:00";"417";"Sem vítima";"97,700";"BR-116/SP";"Crescente";"Colisão lateral em sentido contrário";1;0;0;0;0;0;0;1;0;0;6;0;0;0;0
"26/12/2024";"16:26:00";"443";"Sem vítima";"275,600";"BR-116/RJ";"Crescente";"Choque";2;0;0;0;0;0;0;0;0;1;8;0;0;0;0
"26/12/2024";"16:36:00";"455";"Sem vítima";"312,400";"BR-116/RJ";"Decrescente";"Choque";1;0;0;0;0;0;0;0;0;0;1;0;0;0;0
"26/12/2024";"17:04:00";"470";"Sem vítima";"81,100";"BR-116/SP";"Crescente";"Choque";2;0;0;0;0;0;0;0;0;0;3;0;0;0;0
"26/12/2024";"17:14:00";"476";"Sem vítima";"435,000";"BR-101/RJ";"Decrescente";"Choque";1;0;0;0;0;0;0;0;0;0;1;0;0;0;0
"26/12/2024";"17:15:00";"477";"Sem vítima";"324,000";"BR-116/RJ";"Decrescente";"Capotamento";1;0;0;0;0;0;0;0;0;0;2;0;0;0;0
"26/12/2024";"17:26:00";"480";"Sem vítima";"303,900";"BR-116/RJ";"Crescente";"Colisão traseira";1;0;0;0;0;0;0;0;0;0;1;0;0;0;0
"26/12/2024";"17:30:00";"483";"Com vítima";"334,000";"BR-116/RJ";"Decrescente";"Choque";1;0;0;0;0;0;0;0;0;0;1;2;0;0;0
"26/12/2024";"17:58:00";"493";"Com vítima";"334,000";"BR-116/RJ";"Crescente";"Colisão traseira";1;0;0;0;0;0;0;0;0;0;0;2;2;0;0
"26/12/2024";"19:25:00";"538";"Sem vítima";"542,000";"BR-101/RJ";"Decrescente";"Capotamento";1;0;0;0;0;0;0;0;0;0;1;0;0;0;0
"26/12/2024";"20:29:00";"564";"Com vítima";"72,650";"BR-116/SP";"Decrescente";"Colisão lateral em sentido contrário";1;0;1;0;0;0;0;0;0;0;2;0;2;0;0
"26/12/2024";"21:28:00";"585";"Sem vítima";"329,500";"BR-116/RJ";"Decrescente";"Choque";1;0;0;0;0;0;0;0;0;0;0;0;0;0;0
"27/12/2024";"00:00:00";"213";"Sem vítima";"139,650";"BR-116/SP";"Crescente";"Colisão traseira";1;0;0;0;0;0;0;0;0;0;6;0;0;0;0
"27/12/2024";"00:00:00";"459";"Com vítima";"120,000";"BR-116/SP";"Decrescente";"Engavetamento";3;0;0;0;0;0;0;0;0;0;18;3;0;0;0
"27/12/2024";"00:00:00";"469";"Com vítima";"70,000";"BR-116/SP";"Crescente";"Choque";1;0;1;0;0;0;0;0;0;0;0;6;0;6;0
"27/12/2024";"00:22:00";"39";"Sem vítima";"141,200";"BR-116/SP";"Decrescente";"Acidentes de outra natureza";1;0;0;0;0;0;0;0;0;0;2;0;0;0;0
"27/12/2024";"00:52:00";"48";"Sem vítima";"227,000";"BR-116/SP";"Decrescente";"Choque";1;0;0;0;0;0;0;0;0;0;0;0;0;0;0
"27/12/2024";"00:56:00";"50";"Sem vítima";"244,300";"BR-116/RJ";"Decrescente";"Choque";1;0;0;0;0;0;0;0;0;0;6;0;0;0;0
"27/12/2024";"06:46:00";"159";"Com vítima";"442,000";"BR-101/RJ";"Decrescente";"Choque";1;0;0;0;0;0;0;0;0;0;0;3;0;0;0
"27/12/2024";"06:47:00";"161";"Sem vítima";"295,100";"BR-116/RJ";"Crescente";"Choque";1;0;0;0;0;0;0;0;0;0;2;0;0;0;0
"27/12/2024";"07:35:00";"196";"Sem vítima";"283,000";"BR-116/RJ";"Crescente";"Engavetamento";8;0;0;0;0;0;0;0;0;0;42;0;0;0;0
"27/12/2024";"07:39:00";"201";"Sem vítima";"466,500";"BR-101/RJ";"Crescente";"Choque";1;0;0;0;0;0;0;0;0;0;3;0;0;0;0
"27/12/2024";"07:43:00";"205";"Com vítima";"233,000";"BR-116/RJ";"Decrescente";"Choque";1;0;0;0;0;0;0;0;0;0;0;4;0;0;0
"27/12/2024";"07:52:00";"210";"Sem vítima";"113,900";"BR-116/SP";"Decrescente";"Colisão lateral em sentido contrário";1;0;0;1;0;0;0;0;0;0;6;0;0;0;0
"27/12/2024";"08:00:00";"219";"Sem vítima";"225,800";"BR-116/RJ";"Decrescente";"Choque";1;0;0;0;0;0;0;0;0;0;3;0;0;0;0
"27/12/2024";"08:51:00";"260";"Sem vítima";"112,600";"BR-116/SP";"Decrescente";"Colisão traseira";2;0;0;0;0;0;0;0;0;0;6;0;0;0;0
"27/12/2024";"09:40:00";"298";"Sem vítima";"232,500";"BR-116/RJ";"Decrescente";"Colisão traseira";1;0;1;0;0;0;0;0;0;0;6;0;0;0;0
"27/12/2024";"09:44:00";"303";"Sem vítima";"86,950";"BR-116/SP";"Crescente";"Colisão traseira";1;0;0;0;0;0;0;0;0;1;12;0;0;0;0
"27/12/2024";"09:59:00";"315";"Sem vítima";"174,500";"BR-116/SP";"Decrescente";"Choque";0;0;1;0;0;0;0;0;0;0;1;0;0;0;0
"27/12/2024";"10:11:00";"324";"Sem vítima";"217,000";"BR-116/SP";"Decrescente";"Engavetamento";2;0;0;0;0;0;0;0;0;0;6;0;0;0;0
"27/12/2024";"10:56:00";"351";"Sem vítima";"334,000";"BR-116/RJ";"Decrescente";"Capotamento";1;0;0;0;0;0;0;0;0;0;6;0;0;0;0
"27/12/2024";"11:35:00";"368";"Sem vítima";"49,100";"BR-101/SP";"Crescente";"Colisão traseira";2;0;0;0;0;0;0;0;0;0;6;0;0;0;0
"27/12/2024";"13:38:00";"429";"Com vítima";"494,000";"BR-101/RJ";"Crescente";"Colisão frontal";1;0;0;1;0;0;0;0;0;0;3;6;0;0;0
"27/12/2024";"13:43:00";"436";"Sem vítima";"149,200";"BR-116/SP";"Decrescente";"Colisão traseira";1;0;0;0;0;0;0;0;0;0;2;0;0;0;0
"27/12/2024";"14:17:00";"451";"Sem vítima";"106,000";"BR-116/SP";"Crescente";"Engavetamento";1;0;1;0;0;0;0;0;0;1;6;0;0;0;0
"27/12/2024";"14:25:00";"456";"Sem vítima";"496,000";"BR-101/RJ";"Crescente";"Colisão traseira";2;0;0;0;0;0;0;0;0;0;4;0;0;0;0