data;horario;n_da_ocorrencia;tipo_de_ocorrencia;km;trecho;sentido;tipo_de_acidente;automovel;bicicleta;caminhao;moto;onibus;outros;tracao_animal;transporte_de_cargas_especiais;trator_maquinas;utilitarios;ilesos;levemente_feridos;moderadamente_feridos;gravemente_feridos;mortos
"27/12/2024";"14:35:00";"462";"Com vítima";"191,500";"BR-116/SP";"Decrescente";"Choque";1;0;0;0;0;0;0;0;0;0;0;1;0;0;0
"27/12/2024";"14:45:00";"468";"Sem vítima";"424,500";"BR-101/RJ";"Crescente";"Choque";0;0;0;0;0;0;0;1;0;0;2;0;0;0;0
"27/12/2024";"15:56:00";"508";"Sem vítima";"256,600";"BR-116/RJ";"Crescente";"Choque";1;0;0;0;0;0;0;0;0;0;8;0;0;0;0
"27/12/2024";"16:13:00";"512";"Sem vítima";"273,000";"BR-116/RJ";"Decrescente";"Colisão lateral em sentido contrário";0;0;1;0;0;0;0;0;0;0;1;0;0;0;0
"27/12/2024";"17:27:00";"506";"Sem vítima";"71,800";"BR-116/SP";"Decrescente";"Colisão traseira";1;0;1;0;0;0;0;0;0;0;0;0;0;0;0
"27/12/2024";"17:27:00";"547";"Sem vítima";"212,900";"BR-116/SP";"Crescente";"Colisão traseira";2;0;0;0;0;0;0;0;0;0;6;0;0;0;0
"27/12/2024";"17:28:00";"548";"Sem vítima";"232,100";"BR-116/RJ";"Decrescente";"Choque";1;0;0;0;0;0;0;0;0;0;1;0;0;0;0
"27/12/2024";"17:28:00";"549";"Sem vítima";"452,000";"BR-101/RJ";"Decrescente";"Choque";1;0;0;0;0;0;0;0;0;0;0;0;0;0;0
"27/12/2024";"17:35:00";"557";"Sem vítima";"179,900";"BR-116/SP";"Decrescente";"Acidentes de outra natureza";1;0;0;0;0;0;0;0;0;0;3;0;0;0;0
"27/12/2024";"17:39:00";"561";"Com vítima";"247,000";"BR-116/RJ";"Crescente";"Capotamento";1;0;0;0;0;0;0;0;0;0;0;0;4;0;0
"27/12/2024";"17:50:00";"565";"Sem vítima";"269,000";"BR-116/RJ";"Crescente";"Choque";1;0;0;0;0;0;0;0;0;0;0;0;0;0;0
"27/12/2024";"17:54:00";"568";"Sem vítima";"112,000";"BR-116/SP";"Decrescente";"Colisão lateral em sentido contrário";0;0;0;1;0;0;0;0;0;0;1;0;0;0;0
"27/12/2024";"17:56:00";"570";"Sem vítima";"232,300";"BR-116/RJ";"Decrescente";"Choque";1;0;0;0;0;0;0;0;0;0;4;0;0;0;0
"27/12/2024";"18:22:00";"583";"Com vítima";"331,000";"BR-116/RJ";"Decrescente";"Colisão traseira";0;0;0;0;0;0;0;0;0;1;0;0;3;0;0
"27/12/2024";"19:14:00";"615";"Sem vítima";"279,750";"BR-116/RJ";"Decrescente";"Choque";1;0;0;0;0;0;0;0;0;0;2;0;0;0;0
"27/12/2024";"19:17:00";"620";"Sem vítima";"116,000";"BR-116/SP";"Crescente";"Colisão lateral em sentido contrário";2;0;1;0;0;0;0;0;0;0;4;0;0;0;0
"27/12/2024";"19:48:00";"635";"Com vítima";"579,000";"BR-101/RJ";"Decrescente";"Colisão lateral em sentido contrário";0;0;0;1;1;0;0;0;0;0;1;1;0;0;0
"27/12/2024";"20:23:00";"660";"Sem vítima";"278,800";"BR-116/RJ";"Decrescente";"Choque";1;0;0;0;0;0;0;0;0;0;3;0;0;0;0
"27/12/2024";"20:42:00";"665";"Sem vítima";"49,500";"BR-116/SP";"Crescente";"Colisão traseira";1;0;1;0;0;0;0;0;0;0;12;0;0;0;0
"27/12/2024";"21:04:00";"675";"Sem vítima";"49,500";"BR-116/SP";"Crescente";"Colisão traseira";1;0;0;0;0;0;0;0;0;0;0;0;0;0;0
"27/12/2024";"21:08:00";"677";"Com vítima";"112,300";"BR-116/SP";"Decrescente";"Colisão traseira";1;0;0;1;0;0;0;0;0;0;2;2;0;0;0
"27/12/2024";"22:42:00";"706";"Sem vítima";"528,000";"BR-101/RJ";"Crescente";"Choque";1;0;0;0;0;0;0;0;0;0;1;0;0;0;0
"27/12/2024";"23:03:00";"710";"Com vítima";"57,000";"BR-116/SP";"Decrescente";"Colisão traseira";1;0;1;0;0;0;0;0;0;0;6;2;0;0;0
"28/12/2024";"00:00:00";"95";"Sem vítima";"469,800";"BR-101/RJ";"Crescente";"Choque";1;0;0;0;0;0;0;0;0;0;4;0;0;0;0
"28/12/2024";"01:23:00";"53";"Com vítima";"528,000";"BR-101/RJ";"Crescente";"Choque";1;0;0;0;0;0;0;0;0;0;0;0;1;0;0
"28/12/2024";"01:58:00";"59";"Sem vítima";"427,000";"BR-101/RJ";"Crescente";"Choque";1;0;0;0;0;0;0;0;0;0;0;0;0;0;0
"28/12/2024";"02:23:00";"65";"Sem vítima";"157,700";"BR-116/SP";"Crescente";"Choque";1;0;0;0;0;0;0;0;0;0;1;0;0;0;0
"28/12/2024";"04:42:00";"89";"Com vítima";"52,600";"BR-116/SP";"Decrescente";"Capotamento";1;0;0;0;0;0;0;0;0;0;0;0;2;0;0
"28/12/2024";"04:45:00";"91";"Com vítima";"570,000";"BR-101/RJ";"Crescente";"Choque";1;0;0;0;0;0;0;0;0;0;0;0;2;0;0
"28/12/2024";"07:51:00";"165";"Sem vítima";"105,000";"BR-116/SP";"Crescente";"Choque";1;0;0;0;0;0;0;0;0;0;2;0;0;0;0
"28/12/2024";"07:51:00";"166";"Com vítima";"163,000";"BR-116/SP";"Decrescente";"Engavetamento";4;0;0;0;0;0;0;0;0;0;16;2;0;0;0
"28/12/2024";"07:52:00";"167";"Com vítima";"213,000";"BR-116/SP";"Decrescente";"Colisão traseira";2;0;0;1;0;0;0;0;0;0;12;3;0;0;0
"28/12/2024";"09:51:00";"235";"Sem vítima";"284,100";"BR-116/RJ";"Decrescente";"Colisão traseira";2;0;0;0;0;0;0;0;0;0;10;0;0;0;0
"28/12/2024";"10:06:00";"245";"Sem vítima";"233,200";"BR-116/RJ";"Crescente";"Colisão traseira";1;0;0;0;0;0;0;0;0;0;4;0;0;0;0
"28/12/2024";"10:14:00";"250";"Com vítima";"223,500";"BR-116/SP";"Crescente";"Acidentes de outra natureza";0;0;0;1;0;0;0;0;0;0;0;3;0;0;0
"28/12/2024";"10:37:00";"257";"Sem vítima";"266,000";"BR-116/RJ";"Decrescente";"Colisão traseira";2;0;0;0;0;0;0;0;0;0;4;0;0;0;0
"28/12/2024";"10:51:00";"262";"Sem vítima";"481,000";"BR-101/RJ";"Crescente";"Colisão traseira";2;0;0;0;0;0;0;0;0;0;4;0;0;0;0
"28/12/2024";"10:53:00";"263";"Sem vítima";"266,500";"BR-116/RJ";"Decrescente";"Colisão traseira";1;0;0;0;0;0;0;0;0;0;2;0;0;0;0
"28/12/2024";"11:21:00";"274";"Com vítima";"117,000";"BR-116/SP";"Decrescente";"Acidentes de outra natureza";0;0;0;1;0;0;0;0;0;0;0;0;1;0;0
"28/12/2024";"11:29:00";"278";"Com vítima";"583,000";"BR-101/RJ";"Crescente";"Acidentes de outra natureza";0;0;0;1;0;0;0;0;0;0;0;1;0;0;0
"28/12/2024";"11:48:00";"287";"Com vítima";"123,800";"BR-116/SP";"Decrescente";"Colisão lateral em sentido contrário";2;0;0;0;0;0;0;0;0;0;0;4;0;0;0
"28/12/2024";"12:04:00";"297";"Sem vítima";"213,000";"BR-116/SP";"Decrescente";"Colisão lateral em sentido contrário";1;0;1;0;0;0;0;0;0;0;12;0;0;0;0
"28/12/2024";"12:25:00";"311";"Sem vítima";"81,000";"BR-116/SP";"Crescente";"Colisão traseira";0;0;1;0;0;0;0;1;0;0;0;0;0;0;0
"28/12/2024";"13:22:00";"344";"Sem vítima";"86,950";"BR-116/SP";"Crescente";"Colisão traseira";1;0;1;0;0;0;0;0;0;0;15;0;0;0;0
"28/12/2024";"14:09:00";"372";"Sem vítima";"162,000";"BR-116/SP";"Decrescente";"Colisão lateral em sentido contrário";0;0;0;0;0;0;0;0;0;0;0;0;0;0;0
"28/12/2024";"14:19:00";"377";"Com vítima";"163,800";"BR-116/SP";"Decrescente";"Colisão traseira";1;0;0;1;0;0;0;0;0;0;3;2;0;0;0
"28/12/2024";"14:38:00";"391";"Com vítima";"38,000";"BR-101/SP";"Decrescente";"Colisão lateral em sentido contrário";1;0;0;1;0;0;0;0;0;0;1;0;2;0;0
"28/12/2024";"14:39:00";"395";"Sem vítima";"14,700";"BR-116/SP";"Decrescente";"Choque";0;0;1;0;0;0;0;0;0;0;3;0;0;0;0
"28/12/2024";"16:07:00";"443";"Com vítima";"113,900";"BR-116/SP";"Decrescente";"Engavetamento";1;0;1;0;0;0;0;1;0;0;3;1;0;0;0
"28/12/2024";"16:52:00";"469";"Sem vítima";"142,000";"BR-116/SP";"Decrescente";"Engavetamento";3;0;0;0;0;0;0;0;0;0;0;0;0;0;0
"28/12/2024";"17:17:00";"483";"Com vítima";"51,900";"BR-101/SP";"Crescente";"Atropelamento de pedestre";0;0;0;1;0;0;0;0;0;0;1;0;1;0;0
"28/12/2024";"18:18:00";"514";"Sem vítima";"109,700";"BR-116/SP";"Decrescente";"Colisão traseira";0;0;1;0;0;0;0;1;0;0;2;0;0;0;0
"28/12/2024";"18:31:00";"521";"Com vítima";"212,500";"BR-116/SP";"Decrescente";"Colisão lateral em sentido contrário";0;0;0;1;0;0;0;0;0;0;0;1;1;0;0
"28/12/2024";"18:45:00";"526";"Com vítima";"42,900";"BR-116/SP";"Crescente";"Choque";1;0;0;0;0;0;0;0;0;0;2;2;0;0;0
"28/12/2024";"19:09:00";"535";"Sem vítima";"42,900";"BR-116/SP";"Crescente";"Colisão traseira";0;0;1;0;0;0;0;1;0;0;5;0;0;0;0
"28/12/2024";"20:08:00";"565";"Com vítima";"406,900";"BR-101/RJ";"Decrescente";"Colisão traseira";1;0;0;1;0;0;0;0;0;0;4;1;0;0;1
"28/12/2024";"22:20:00";"606";"Com vítima";"308,400";"BR-116/RJ";"Decrescente";"Atropelamento de pedestre";0;0;0;0;0;0;0;1;0;0;1;0;0;0;1
"28/12/2024";"23:16:00";"625";"Com vítima";"242,800";"BR-116/RJ";"Decrescente";"Atropelamento de pedestre";0;0;0;0;0;0;0;0;0;0;0;0;1;0;0
"29/12/2024";"00:00:00";"483";"Sem vítima";"517,800";"BR-101/RJ";"Crescente";"Choque";1;0;0;0;0;0;0;0;0;0;0;0;0;0;0
"29/12/2024";"01:15:00";"45";"Sem vítima";"391,900";"BR-101/RJ";"Decrescente";"Atropelamento de pedestre";1;0;0;0;0;0;0;0;0;0;2;0;0;0;0
"29/12/2024";"02:20:00";"58";"Com vítima";"26,500";"BR-116/SP";"Decrescente";"Colisão traseira";0;0;1;0;0;0;0;0;0;0;0;0;4;0;0
"29/12/2024";"03:41:00";"67";"Sem vítima";"447,660";"BR-101/RJ";"Crescente";"Choque";1;0;0;0;0;0;0;0;0;0;6;0;0;0;0
"29/12/2024";"03:46:00";"69";"Sem vítima";"419,000";"BR-101/RJ";"Decrescente";"Choque";1;0;0;0;0;0;0;0;0;0;1;0;0;0;0
"29/12/2024";"06:26:00";"90";"Com vítima";"549,000";"BR-101/RJ";"Decrescente";"Capotamento";1;0;0;0;0;0;0;0;0;0;0;4;0;0;0
"29/12/2024";"07:28:00";"114";"Sem vítima";"124,800";"BR-116/SP";"Decrescente";"Colisão traseira";2;0;0;0;0;0;0;0;0;0;21;0;0;0;0
"29/12/2024";"07:44:00";"123";"Com vítima";"157,500";"BR-116/SP";"Crescente";"Acidentes de outra natureza";0;0;0;1;0;0;0;0;0;0;2;2;0;0;0
"29/12/2024";"08:03:00";"129";"Sem vítima";"127,000";"BR-116/SP";"Decrescente";"Engavetamento";2;0;0;0;0;0;0;0;0;0;4;0;0;0;0
"29/12/2024";"08:20:00";"136";"Sem vítima";"165,200";"BR-116/SP";"Crescente";"Colisão traseira";1;0;1;0;0;0;0;0;0;0;16;0;0;0;0
"29/12/2024";"09:02:00";"159";"Sem vítima";"103,000";"BR-116/SP";"Decrescente";"Colisão lateral em sentido contrário";0;0;1;0;0;0;0;0;0;0;1;0;0;0;0
"29/12/2024";"10:33:00";"197";"Com vítima";"122,100";"BR-116/SP";"Decrescente";"Engavetamento";2;0;0;0;0;0;0;0;0;0;21;3;0;0;0
"29/12/2024";"11:18:00";"223";"Com vítima";"301,000";"BR-116/RJ";"Crescente";"Acidentes de outra natureza";0;0;0;1;0;0;0;0;0;0;0;2;0;0;0
"29/12/2024";"11:27:00";"228";"Com vítima";"46,400";"BR-101/SP";"Crescente";"Atropelamento de pedestre";0;0;0;1;0;0;0;0;0;0;3;0;2;0;0
"29/12/2024";"11:35:00";"232";"Com vítima";"480,000";"BR-101/RJ";"Decrescente";"Atropelamento de pedestre";1;1;0;0;0;0;0;0;0;0;0;0;0;0;0
"29/12/2024";"11:56:00";"244";"Sem vítima";"115,000";"BR-116/SP";"Decrescente";"Engavetamento";3;0;0;0;0;0;0;0;0;0;26;0;0;0;0
"29/12/2024";"13:18:00";"273";"Com vítima";"518,000";"BR-101/RJ";"Crescente";"Colisão lateral em sentido contrário";0;0;0;1;1;0;0;0;0;0;1;0;0;1;0
"29/12/2024";"13:36:00";"279";"Com vítima";"573,000";"BR-101/RJ";"Decrescente";"Colisão traseira";0;0;0;1;0;0;0;0;0;0;0;3;0;0;0
"29/12/2024";"15:19:00";"332";"Com vítima";"183,000";"BR-116/SP";"Decrescente";"Acidentes de outra natureza";0;0;0;1;0;0;0;0;0;0;0;1;0;0;0
"29/12/2024";"19:40:00";"417";"Sem vítima";"145,100";"BR-116/SP";"Decrescente";"Colisão traseira";2;0;0;0;0;0;0;0;0;0;9;0;0;0;0
"29/12/2024";"20:27:00";"435";"Com vítima";"570,700";"BR-101/RJ";"Decrescente";"Colisão lateral em sentido contrário";2;0;0;0;0;0;0;0;0;0;4;1;0;0;0
"29/12/2024";"21:10:00";"451";"Sem vítima";"47,700";"BR-101/SP";"Decrescente";"Choque";1;0;0;0;0;0;0;0;0;0;1;0;0;0;0
"30/12/2024";"00:00:00";"124";"Sem vítima";"403,000";"BR-101/RJ";"Decrescente";"Acidentes de outra natureza";1;0;0;0;0;0;0;0;0;0;1;0;0;0;0
"30/12/2024";"01:50:00";"47";"Com vítima";"262,440";"BR-116/RJ";"Crescente";"Atropelamento de pedestre";0;0;0;0;1;0;0;0;0;0;112;0;0;0;1
"30/12/2024";"06:31:00";"112";"Com vítima";"492,000";"BR-101/RJ";"Crescente";"Colisão lateral em sentido contrário";0;0;0;1;0;0;0;0;0;0;0;2;0;0;0
"30/12/2024";"07:55:00";"157";"Com vítima";"80,700";"BR-116/SP";"Decrescente";"Atropelamento de pedestre";4;0;0;0;0;0;0;0;0;0;10;2;0;0;0
"30/12/2024";"09:49:00";"229";"Sem vítima";"105,900";"BR-116/SP";"Decrescente";"Colisão traseira";2;0;0;0;0;0;0;0;0;0;44;0;0;0;0
"30/12/2024";"10:33:00";"254";"Com vítima";"432,000";"BR-101/RJ";"Decrescente";"Choque";1;0;0;0;0;0;0;0;0;0;0;2;0;0;0
"30/12/2024";"11:23:00";"285";"Com vítima";"452,000";"BR-101/RJ";"Crescente";"Choque";1;0;0;0;0;0;0;0;0;0;0;1;0;0;0
"30/12/2024";"11:45:00";"300";"Sem vítima";"280,000";"BR-116/RJ";"Crescente";"Engavetamento";2;0;0;0;0;0;0;0;0;0;4;0;0;0;0
"30/12/2024";"13:03:00";"338";"Sem vítima";"304,500";"BR-116/RJ";"Decrescente";"Colisão lateral em sentido contrário";1;0;0;0;1;0;0;0;0;0;246;0;0;0;0
"30/12/2024";"14:41:00";"384";"Sem vítima";"279,100";"BR-116/RJ";"Crescente";"Colisão traseira";2;0;0;0;0;0;0;0;0;0;18;0;0;0;0
"30/12/2024";"15:19:00";"409";"Com vítima";"542,000";"BR-101/RJ";"Crescente";"Acidentes de outra natureza";0;0;0;1;0;0;0;0;0;0;0;1;0;0;0
"30/12/2024";"15:42:00";"421";"Sem vítima";"32,500";"BR-101/SP";"Crescente";"Engavetamento";3;0;0;0;0;0;0;0;0;0;0;0;0;0;0
"30/12/2024";"15:59:00";"435";"Sem vítima";"116,800";"BR-116/SP";"Decrescente";"Colisão traseira";2;0;0;0;0;0;0;0;0;0;5;0;0;0;0
"30/12/2024";"16:32:00";"458";"Sem vítima";"96,000";"BR-116/SP";"Crescente";"Colisão traseira";1;0;0;0;0;0;0;0;0;1;8;0;0;0;0
"30/12/2024";"16:51:00";"468";"Sem vítima";"102,400";"BR-116/SP";"Crescente";"Engavetamento";2;0;1;0;0;0;0;0;0;0;6;0;0;0;0
"30/12/2024";"16:55:00";"470";"Sem vítima";"96,000";"BR-116/SP";"Crescente";"Engavetamento";3;0;0;0;0;0;0;0;0;0;10;0;0;0;0
"30/12/2024";"17:16:00";"478";"Com vítima";"42,500";"BR-101/SP";"Decrescente";"Colisão transversal";1;0;0;1;0;0;0;0;0;0;1;1;0;0;0
"30/12/2024";"17:45:00";"492";"Sem vítima";"320,800";"BR-116/RJ";"Decrescente";"Choque";1;0;0;0;0;0;0;0;0;0;3;0;0;0;0
"30/12/2024";"23:31:00";"631";"Sem vítima";"168,300";"BR-116/SP";"Decrescente";"Choque";1;0;0;0;0;0;0;0;0;0;6;0;0;0;0
"31/12/2024";"00:00:00";"174";"Com vítima";"109,000";"BR-116/SP";"Crescente";"Choque";1;0;0;0;0;0;0;0;0;0;3;3;3;0;0
"31/12/2024";"02:17:00";"52";"Com vítima";"158,000";"BR-116/SP";"Crescente";"Choque";1;0;0;0;0;0;0;0;0;0;0;2;0;0;0
"31/12/2024";"08:55:00";"177";"Sem vítima";"515,600";"BR-101/RJ";"Crescente";"Choque";1;0;0;0;0;0;0;0;0;0;2;0;0;0;0
"31/12/2024";"11:05:00";"244";"Sem vítima";"547,000";"BR-101/RJ";"Crescente";"Colisão lateral em sentido contrário";1;0;0;0;0;0;0;0;0;0;4;0;0;0;0
"31/12/2024";"12:04:00";"269";"Com vítima";"501,000";"BR-101/RJ";"Crescente";"Acidentes de outra natureza";0;0;0;1;0;0;0;0;0;0;0;0;2;0;0
"31/12/2024";"15:21:00";"332";"Com vítima";"481,000";"BR-101/RJ";"Decrescente";"Colisão lateral em sentido contrário";1;0;0;1;0;0;0;0;0;0;4;0;1;0;0
"31/12/2024";"15:45:00";"342";"Sem vítima";"548,000";"BR-101/RJ";"Crescente";"Colisão frontal";2;0;0;0;0;0;0;0;0;0;5;0;0;0;0
"31/12/2024";"16:11:00";"352";"Com vítima";"41,000";"BR-116/SP";"Crescente";"Acidentes de outra natureza";0;0;0;1;0;0;0;0;0;0;0;2;0;0;0
"31/12/2024";"16:22:00";"360";"Com vítima";"537,000";"BR-101/RJ";"Crescente";"Colisão lateral em sentido contrário";0;0;0;1;1;0;0;0;0;0;1;1;0;0;0
"31/12/2024";"16:53:00";"372";"Com vítima";"400,000";"BR-101/RJ";"Crescente";"Acidentes de outra natureza";0;0;0;1;0;0;0;0;0;0;0;0;0;1;0
"31/12/2024";"17:51:00";"390";"Sem vítima";"543,000";"BR-101/RJ";"Crescente";"Choque";1;0;0;0;0;0;0;0;0;0;1;0;0;0;0
"31/12/2024";"20:03:00";"438";"Sem vítima";"385,000";"BR-101/RJ";"Crescente";"Colisão traseira";1;0;0;0;1;0;0;0;0;0;2;0;0;0;0
"01/01/2025";"00:00:00";"489";"Com vítima";"16,500";"BR-101/SP";"Crescente";"Atropelamento de pedestre";0;0;0;0;0;0;0;0;0;0;0;0;1;0;0
"01/01/2025";"00:31:00";"44";"Sem vítima";"519,000";"BR-101/RJ";"Decrescente";"Choque";1;0;0;0;0;0;0;0;0;0;1;0;0;0;0
"01/01/2025";"01:52:00";"61";"Sem vítima";"79,600";"BR-116/SP";"Decrescente";"Atropelamento de pedestre";1;0;0;0;0;0;0;0;0;0;2;0;0;0;0
"01/01/2025";"03:07:00";"76";"Com vítima";"530,800";"BR-101/RJ";"Decrescente";"Colisão lateral em sentido contrário";1;0;0;1;0;0;0;0;0;0;2;2;0;0;0
"01/01/2025";"04:00:00";"86";"Sem vítima";"431,000";"BR-101/RJ";"Crescente";"Choque";1;0;0;0;0;0;0;0;0;0;1;0;0;0;0
"01/01/2025";"05:56:00";"115";"Sem vítima";"237,500";"BR-116/RJ";"Crescente";"Atropelamento de pedestre";1;0;0;0;0;0;0;0;0;0;2;0;0;0;0
"01/01/2025";"06:25:00";"123";"Sem vítima";"212,000";"BR-116/SP";"Crescente";"Choque";1;0;0;0;0;0;0;0;0;0;4;0;0;0;0
"01/01/2025";"06:26:00";"125";"Com vítima";"225,300";"BR-116/SP";"Decrescente";"Acidentes de outra natureza";0;0;0;1;0;0;0;0;0;0;0;1;0;0;0
"01/01/2025";"06:31:00";"129";"Sem vítima";"418,000";"BR-101/RJ";"Decrescente";"Choque";1;0;0;0;0;0;0;0;0;0;0;0;0;0;0
"01/01/2025";"08:41:00";"169";"Com vítima";"537,000";"BR-101/RJ";"Decrescente";"Colisão frontal";2;0;0;0;0;0;0;0;0;0;0;2;0;0;0
"01/01/2025";"09:46:00";"189";"Com vítima";"46,400";"BR-101/SP";"Decrescente";"Colisão lateral em sentido contrário";1;0;0;1;0;0;0;0;0;0;1;1;0;0;0
"01/01/2025";"10:09:00";"196";"Sem vítima";"468,000";"BR-101/RJ";"Crescente";"Colisão lateral em sentido contrário";2;0;0;0;0;0;0;0;0;0;3;0;0;0;0
"01/01/2025";"12:19:00";"229";"Sem vítima";"5,000";"BR-101/SP";"Decrescente";"Choque";1;0;0;0;0;0;0;0;0;0;2;0;0;0;0
"01/01/2025";"13:09:00";"54";"Com vítima";"6,400";"BR-116/SP";"Decrescente";"Choque";1;0;0;0;0;0;0;0;0;0;1;1;0;0;0
"01/01/2025";"13:26:00";"259";"Sem vítima";"494,000";"BR-101/RJ";"Decrescente";"Choque";1;0;0;0;0;0;0;0;0;0;1;0;0;0;0
"01/01/2025";"15:03:00";"302";"Sem vítima";"417,000";"BR-101/RJ";"Decrescente";"Colisão traseira";1;0;0;1;0;0;0;0;0;0;4;0;0;0;0
"01/01/2025";"16:20:00";"338";"Com vítima";"259,000";"BR-116/RJ";"Decrescente";"Acidentes de outra natureza";0;0;0;1;0;0;0;0;0;0;1;1;0;0;0
"01/01/2025";"16:57:00";"354";"Com vítima";"269,000";"BR-116/RJ";"Crescente";"Choque";1;0;0;0;0;0;0;0;0;1;1;2;1;0;0
"01/01/2025";"17:20:00";"372";"Com vítima";"203,700";"BR-116/SP";"Decrescente";"Acidentes de outra natureza";0;0;0;1;0;0;0;0;0;0;1;1;0;0;0
"01/01/2025";"17:35:00";"389";"Com vítima";"513,500";"BR-101/RJ";"Decrescente";"Engavetamento";3;0;0;0;0;0;0;0;0;0;13;1;0;0;0
"01/01/2025";"17:35:00";"390";"Sem vítima";"186,800";"BR-116/SP";"Crescente";"Engavetamento";1;0;0;0;0;0;0;0;0;0;1;0;0;0;0
"01/01/2025";"18:16:00";"407";"Sem vítima";"517,000";"BR-101/RJ";"Decrescente";"Colisão lateral em sentido contrário";1;0;0;0;0;0;0;0;0;0;3;0;0;0;0
"01/01/2025";"19:03:00";"437";"Sem vítima";"430,000";"BR-101/RJ";"Decrescente";"Engavetamento";1;0;0;0;0;0;0;0;0;0;0;0;0;0;0
"01/01/2025";"19:27:00";"448";"Com vítima";"180,800";"BR-116/SP";"Crescente";"Colisão lateral em sentido contrário";0;0;0;2;0;0;0;0;0;0;0;2;0;0;0
"01/01/2025";"19:36:00";"453";"Com vítima";"425,000";"BR-101/RJ";"Crescente";"Colisão lateral em sentido contrário";2;0;0;2;0;0;0;0;0;0;3;3;0;0;0
"01/01/2025";"21:29:00";"501";"Com vítima";"225,050";"BR-116/SP";"Decrescente";"Colisão traseira";1;0;0;0;0;0;0;0;0;0;10;2;0;0;0
"01/01/2025";"21:45:00";"508";"Sem vítima";"225,050";"BR-116/SP";"Decrescente";"Colisão traseira";1;0;0;0;0;0;0;0;0;0;3;0;0;0;0
"01/01/2025";"23:04:00";"534";"Sem vítima";"403,900";"BR-101/RJ";"Crescente";"Atropelamento de pedestre";1;0;0;0;0;0;0;0;0;0;3;0;0;0;0
"01/01/2025";"23:16:00";"538";"Sem vítima";"228,500";"BR-116/RJ";"Decrescente";"Choque";1;0;0;0;0;0;0;0;0;0;1;0;0;0;0
"02/01/2025";"00:00:00";"404";"Sem vítima";"424,000";"BR-101/RJ";"Crescente";"Colisão traseira";2;0;0;0;0;0;0;0;0;0;6;0;0;0;0
"02/01/2025";"00:00:00";"446";"Sem vítima";"254,000";"BR-116/RJ";"Decrescente";"Colisão traseira";1;0;0;0;0;0;0;0;0;0;1;0;0;0;0
"02/01/2025";"07:55:00";"180";"Com vítima";"488,000";"BR-101/RJ";"Decrescente";"Colisão lateral em sentido contrário";1;0;0;1;0;0;0;0;0;0;1;1;0;0;0
"02/01/2025";"08:35:00";"177";"Sem vítima";"200,000";"BR-116/SP";"Crescente";"Colisão lateral em sentido contrário";1;0;0;0;0;0;0;0;0;0;3;0;0;0;0
"02/01/2025";"09:00:00";"230";"Com vítima";"227,000";"BR-116/SP";"Decrescente";"Colisão traseira";1;0;0;1;0;0;0;0;0;0;2;2;0;0;0
"02/01/2025";"09:10:00";"238";"Sem vítima";"408,000";"BR-101/RJ";"Decrescente";"Acidentes de outra natureza";1;0;0;0;0;0;0;0;0;0;2;0;0;0;0
"02/01/2025";"09:52:00";"261";"Com vítima";"50,000";"BR-101/SP";"Crescente";"Colisão frontal";0;0;0;1;0;0;0;0;0;0;0;1;0;0;0
"02/01/2025";"10:52:00";"300";"Sem vítima";"225,800";"BR-116/SP";"Decrescente";"Choque";1;0;0;0;0;0;0;0;0;0;4;0;0;0;0
"02/01/2025";"11:01:00";"305";"Sem vítima";"441,000";"BR-101/RJ";"Decrescente";"Engavetamento";3;0;0;0;0;0;0;0;0;0;0;0;0;0;0
"02/01/2025";"11:04:00";"308";"Sem vítima";"165,000";"BR-116/SP";"Crescente";"Colisão traseira";2;0;0;0;0;0;0;0;0;0;0;0;0;0;0
"02/01/2025";"11:06:00";"312";"Sem vítima";"107,800";"BR-116/SP";"Decrescente";"Colisão traseira";2;0;0;0;0;0;0;0;0;0;3;0;0;0;0
"02/01/2025";"11:25:00";"321";"Com vítima";"429,500";"BR-101/RJ";"Crescente";"Colisão lateral em sentido contrário";0;0;0;1;0;0;0;0;0;0;0;1;1;0;0
"02/01/2025";"11:28:00";"324";"Sem vítima";"258,000";"BR-116/RJ";"Crescente";"Engavetamento";2;0;0;0;0;0;0;0;0;0;10;0;0;0;0
"02/01/2025";"11:40:00";"333";"Com vítima";"230,900";"BR-116/RJ";"Decrescente";"Engavetamento";1;0;1;0;0;0;0;0;0;0;0;4;1;0;0
"02/01/2025";"11:43:00";"334";"Sem vítima";"591,900";"BR-101/RJ";"Crescente";"Engavetamento";2;0;0;0;0;0;0;0;0;0;0;0;0;0;0
"02/01/2025";"12:42:00";"369";"Com vítima";"102,000";"BR-116/SP";"Crescente";"Engavetamento";3;0;0;0;0;0;0;0;0;0;4;2;0;0;0
"02/01/2025";"12:53:00";"374";"Sem vítima";"100,500";"BR-116/SP";"Crescente";"Engavetamento";4;0;0;0;0;0;0;0;0;0;12;0;0;0;0
"02/01/2025";"13:15:00";"389";"Com vítima";"548,000";"BR-101/RJ";"Decrescente";"Colisão traseira";2;0;0;0;0;0;0;0;0;0;2;0;1;0;0