data;horario;n_da_ocorrencia;tipo_de_ocorrencia;km;trecho;sentido;tipo_de_acidente;automovel;bicicleta;caminhao;moto;onibus;outros;tracao_animal;transporte_de_cargas_especiais;trator_maquinas;utilitarios;ilesos;levemente_feridos;moderadamente_feridos;gravemente_feridos;mortos
"02/01/2025";"13:26:00";"400";"Com vítima";"257,000";"BR-116/RJ";"Decrescente";"Colisão traseira";1;0;1;0;0;0;0;0;0;0;1;3;0;0;0
"02/01/2025";"16:19:00";"504";"Com vítima";"61,800";"BR-116/SP";"Crescente";"Colisão traseira";2;0;0;0;0;0;0;0;0;0;6;0;2;0;0
"02/01/2025";"16:33:00";"513";"Com vítima";"225,000";"BR-116/SP";"Decrescente";"Colisão traseira";0;0;0;2;0;0;0;0;0;0;1;1;0;0;0
"02/01/2025";"16:52:00";"461";"Com vítima";"416,000";"BR-101/RJ";"Decrescente";"Colisão traseira";1;0;0;1;0;0;0;0;0;0;2;1;0;0;0
"02/01/2025";"18:33:00";"568";"Com vítima";"382,400";"BR-101/RJ";"Decrescente";"Colisão traseira";1;0;0;0;0;0;0;0;0;0;0;4;0;0;0
"02/01/2025";"19:02:00";"583";"Sem vítima";"589,000";"BR-101/RJ";"Crescente";"Colisão traseira";2;0;0;0;0;0;0;0;0;0;0;0;0;0;0
"02/01/2025";"19:22:00";"593";"Sem vítima";"432,000";"BR-101/RJ";"Decrescente";"Colisão traseira";1;0;0;0;0;0;0;0;0;0;0;0;0;0;0
"02/01/2025";"20:16:00";"615";"Sem vítima";"541,000";"BR-101/RJ";"Crescente";"Colisão lateral em sentido contrário";1;0;1;0;0;0;0;0;0;0;3;0;0;0;0
"03/01/2025";"00:05:00";"36";"Com vítima";"401,200";"BR-101/RJ";"Decrescente";"Acidentes de outra natureza";0;0;0;1;0;0;0;0;0;0;0;2;0;0;0
"03/01/2025";"00:08:00";"37";"Com vítima";"38,100";"BR-116/SP";"Crescente";"Colisão traseira";2;0;0;0;0;0;0;0;0;0;18;0;6;0;0
"03/01/2025";"03:28:00";"76";"Sem vítima";"92,200";"BR-116/SP";"Decrescente";"Colisão traseira";0;0;2;0;0;0;0;0;0;0;0;0;0;0;0
"03/01/2025";"06:02:00";"125";"Com vítima";"213,000";"BR-116/SP";"Crescente";"Colisão traseira";1;0;0;1;0;0;0;0;0;0;1;1;0;0;0
"03/01/2025";"07:41:00";"191";"Com vítima";"486,000";"BR-101/RJ";"Decrescente";"Acidentes de outra natureza";0;0;0;1;0;0;0;0;0;0;0;1;0;0;0
"03/01/2025";"09:40:00";"294";"Sem vítima";"116,600";"BR-116/SP";"Decrescente";"Engavetamento";3;0;0;0;0;0;0;0;0;0;7;0;0;0;0
"03/01/2025";"09:58:00";"306";"Com vítima";"160,800";"BR-116/SP";"Decrescente";"Colisão traseira";0;0;0;0;0;0;0;2;0;0;1;1;0;0;0
"03/01/2025";"10:11:00";"318";"Com vítima";"138,000";"BR-116/SP";"Decrescente";"Acidentes de outra natureza";0;0;0;1;0;0;0;0;0;0;0;4;0;0;0
"03/01/2025";"10:28:00";"327";"Sem vítima";"48,000";"BR-101/SP";"Crescente";"Colisão lateral em sentido contrário";1;0;0;0;0;0;0;0;0;1;4;0;0;0;0
"03/01/2025";"11:15:00";"357";"Sem vítima";"101,000";"BR-116/SP";"Crescente";"Choque";0;0;1;0;0;0;0;0;0;0;1;0;0;0;0
"03/01/2025";"11:29:00";"363";"Sem vítima";"34,700";"BR-101/SP";"Decrescente";"Colisão traseira";1;0;0;0;0;0;0;0;0;0;2;0;0;0;0
"03/01/2025";"12:45:00";"414";"Com vítima";"60,100";"BR-116/SP";"Crescente";"Colisão traseira";2;0;0;0;0;0;0;0;0;0;2;2;0;0;0
"03/01/2025";"12:47:00";"417";"Sem vítima";"252,300";"BR-116/RJ";"Decrescente";"Engavetamento";2;0;0;0;0;0;0;0;0;1;3;0;0;0;0
"03/01/2025";"12:49:00";"419";"Sem vítima";"416,000";"BR-101/RJ";"Crescente";"Engavetamento";3;0;0;0;0;0;0;0;0;0;6;0;0;0;0
"03/01/2025";"12:52:00";"422";"Com vítima";"500,700";"BR-101/RJ";"Decrescente";"Tombamento";0;0;1;0;0;0;0;0;0;0;0;2;0;2;0
"03/01/2025";"13:01:00";"426";"Sem vítima";"101,600";"BR-116/SP";"Crescente";"Colisão traseira";1;0;0;1;0;0;0;0;0;0;2;0;0;0;0
"03/01/2025";"13:15:00";"436";"Sem vítima";"108,500";"BR-116/SP";"Crescente";"Colisão traseira";2;0;0;0;0;0;0;0;0;0;6;0;0;0;0
"03/01/2025";"13:22:00";"443";"Sem vítima";"564,000";"BR-101/RJ";"Decrescente";"Colisão traseira";1;0;0;0;0;0;0;0;0;0;1;0;0;0;0
"03/01/2025";"14:06:00";"477";"Com vítima";"215,000";"BR-116/SP";"Decrescente";"Acidentes de outra natureza";0;0;0;1;0;0;0;0;0;0;0;2;0;0;0
"03/01/2025";"15:24:00";"527";"Com vítima";"173,000";"BR-116/SP";"Decrescente";"Acidentes de outra natureza";0;0;0;1;0;0;0;0;0;0;0;0;1;0;0
"03/01/2025";"15:25:00";"528";"Sem vítima";"84,000";"BR-116/SP";"Crescente";"Colisão traseira";1;0;0;1;0;0;0;0;0;0;12;0;0;0;0
"03/01/2025";"16:06:00";"551";"Sem vítima";"267,000";"BR-116/RJ";"Decrescente";"Colisão traseira";2;0;0;0;0;0;0;0;0;0;2;0;0;0;0
"03/01/2025";"16:14:00";"554";"Sem vítima";"571,000";"BR-101/RJ";"Decrescente";"Choque";1;0;0;0;0;0;0;0;0;0;0;0;0;0;0
"03/01/2025";"16:36:00";"568";"Sem vítima";"232,500";"BR-116/RJ";"Decrescente";"Choque";1;0;0;0;0;0;0;0;0;0;1;0;0;0;0
"03/01/2025";"16:48:00";"573";"Sem vítima";"33,000";"BR-101/SP";"Crescente";"Colisão lateral em sentido contrário";0;0;0;1;0;0;0;0;0;0;2;0;0;0;0
"03/01/2025";"17:19:00";"591";"Sem vítima";"110,000";"BR-116/SP";"Decrescente";"Colisão lateral em sentido contrário";1;0;0;0;0;0;0;1;0;0;1;0;0;0;0
"03/01/2025";"19:26:00";"652";"Sem vítima";"425,500";"BR-101/RJ";"Decrescente";"Engavetamento";2;0;0;0;0;0;0;0;0;0;0;0;0;0;0
"03/01/2025";"19:37:00";"659";"Com vítima";"500,400";"BR-101/RJ";"Decrescente";"Colisão frontal";1;0;1;0;0;0;0;0;0;0;14;0;2;2;0
"03/01/2025";"19:49:00";"664";"Com vítima";"62,400";"BR-116/SP";"Decrescente";"Atropelamento de pedestre";0;0;0;1;0;0;0;0;0;0;0;1;0;0;0
"03/01/2025";"21:02:00";"693";"Sem vítima";"47,900";"BR-101/SP";"Decrescente";"Colisão frontal";2;0;0;0;0;0;0;0;0;0;0;0;0;0;0
"03/01/2025";"23:01:00";"745";"Com vítima";"511,000";"BR-101/RJ";"Decrescente";"Engavetamento";3;0;0;0;0;0;0;0;0;0;3;3;0;0;0
"04/01/2025";"00:56:00";"48";"Sem vítima";"89,300";"BR-116/SP";"Decrescente";"Choque";2;1;0;0;0;0;0;0;0;0;6;0;0;0;0
"04/01/2025";"02:15:00";"58";"Com vítima";"313,500";"BR-116/RJ";"Decrescente";"Acidentes de outra natureza";0;0;1;0;0;0;0;0;0;0;0;0;0;1;0
"04/01/2025";"05:39:00";"75";"Com vítima";"147,300";"BR-116/SP";"Crescente";"Engavetamento";3;0;0;0;0;0;0;0;0;0;2;0;1;0;0
"04/01/2025";"08:51:00";"188";"Sem vítima";"49,500";"BR-101/SP";"Crescente";"Colisão traseira";1;0;0;0;0;0;0;0;0;0;1;0;0;0;0
"04/01/2025";"09:02:00";"195";"Com vítima";"469,000";"BR-101/RJ";"Decrescente";"Colisão frontal";3;0;0;0;0;0;0;0;0;0;4;0;3;0;0
"04/01/2025";"10:24:00";"234";"Com vítima";"159,000";"BR-116/SP";"Decrescente";"Acidentes de outra natureza";0;0;0;1;0;0;0;0;0;0;0;2;0;0;0
"04/01/2025";"10:24:00";"235";"Sem vítima";"113,600";"BR-116/SP";"Decrescente";"Engavetamento";1;0;0;0;0;0;0;0;0;0;0;0;0;0;0
"04/01/2025";"11:34:00";"273";"Sem vítima";"485,000";"BR-101/RJ";"Decrescente";"Colisão traseira";2;0;0;0;0;0;0;0;0;0;4;0;0;0;0
"04/01/2025";"11:50:00";"280";"Sem vítima";"413,000";"BR-101/RJ";"Crescente";"Colisão traseira";1;0;0;0;0;0;0;0;0;0;4;0;0;0;0
"04/01/2025";"12:09:00";"297";"Com vítima";"575,000";"BR-101/RJ";"Crescente";"Colisão frontal";1;0;0;1;0;0;0;0;0;0;3;0;0;1;0
"04/01/2025";"12:16:00";"305";"Com vítima";"483,000";"BR-101/RJ";"Decrescente";"Colisão frontal";1;0;0;1;0;0;0;0;0;0;1;0;1;0;0
"04/01/2025";"14:22:00";"367";"Sem vítima";"96,500";"BR-116/SP";"Crescente";"Engavetamento";4;0;0;0;0;0;0;0;0;0;7;0;0;0;0
"04/01/2025";"15:01:00";"387";"Sem vítima";"271,000";"BR-116/RJ";"Crescente";"Choque";1;0;0;0;0;0;0;0;0;0;5;0;0;0;0
"04/01/2025";"17:00:00";"456";"Sem vítima";"320,300";"BR-116/RJ";"Decrescente";"Choque";1;0;0;0;0;0;0;0;0;0;0;0;0;0;0
"04/01/2025";"17:08:00";"459";"Sem vítima";"324,000";"BR-116/RJ";"Decrescente";"Colisão lateral em sentido contrário";0;0;0;0;0;0;0;0;0;2;2;0;0;0;0
"04/01/2025";"17:16:00";"467";"Com vítima";"490,000";"BR-101/RJ";"Crescente";"Atropelamento de pedestre";0;0;0;0;0;0;0;0;0;1;1;0;0;0;0
"04/01/2025";"19:24:00";"532";"Com vítima";"46,000";"BR-101/SP";"Crescente";"Atropelamento de pedestre";1;1;0;0;0;0;0;0;0;0;10;1;0;0;0
"04/01/2025";"19:31:00";"535";"Com vítima";"102,900";"BR-116/SP";"Crescente";"Colisão traseira";1;0;0;1;0;0;0;0;0;0;4;1;0;1;0
"04/01/2025";"20:07:00";"550";"Sem vítima";"429,000";"BR-101/RJ";"Decrescente";"Colisão traseira";2;0;0;0;0;0;0;0;0;0;3;0;0;0;0
"04/01/2025";"21:58:00";"596";"Com vítima";"53,300";"BR-116/SP";"Decrescente";"Choque";1;0;1;0;0;0;0;0;0;0;1;2;0;0;0
"05/01/2025";"00:00:00";"330";"Sem vítima";"94,900";"BR-116/SP";"Crescente";"Colisão traseira";2;0;0;0;0;0;0;0;0;0;7;0;0;0;0
"05/01/2025";"04:19:00";"62";"Sem vítima";"55,000";"BR-116/SP";"Decrescente";"Capotamento";1;0;0;0;0;0;0;0;0;0;4;0;0;0;0
"05/01/2025";"04:49:00";"65";"Sem vítima";"226,000";"BR-116/SP";"Crescente";"Colisão traseira";2;0;0;0;0;0;0;0;0;0;2;0;0;0;0
"05/01/2025";"06:25:00";"97";"Com vítima";"232,400";"BR-116/RJ";"Decrescente";"Colisão lateral em sentido contrário";1;0;1;0;0;0;0;0;0;0;2;1;0;0;0
"05/01/2025";"06:26:00";"98";"Sem vítima";"223,000";"BR-116/RJ";"Decrescente";"Capotamento";1;0;0;0;0;0;0;0;0;0;0;0;0;0;0
"05/01/2025";"06:26:00";"99";"Sem vítima";"20,400";"BR-116/SP";"Crescente";"Choque";1;0;0;0;0;0;0;0;0;0;1;0;0;0;0
"05/01/2025";"08:29:00";"144";"Sem vítima";"316,000";"BR-116/RJ";"Crescente";"Choque";1;0;0;0;0;0;0;0;0;0;4;0;0;0;0
"05/01/2025";"09:00:00";"166";"Sem vítima";"228,000";"BR-116/SP";"Decrescente";"Colisão lateral em sentido contrário";1;0;0;0;0;0;0;1;0;0;4;0;0;0;0
"05/01/2025";"09:09:00";"173";"Sem vítima";"294,000";"BR-116/RJ";"Decrescente";"Atropelamento de pedestre";0;0;0;0;0;0;0;1;0;0;1;0;0;0;0
"05/01/2025";"09:55:00";"195";"Com vítima";"40,500";"BR-101/SP";"Decrescente";"Colisão traseira";2;0;0;0;0;0;0;0;0;0;7;1;0;0;0
"05/01/2025";"09:59:00";"198";"Sem vítima";"496,500";"BR-101/RJ";"Crescente";"Colisão traseira";1;0;0;0;0;0;0;0;0;0;4;0;0;0;0
"05/01/2025";"11:41:00";"245";"Com vítima";"264,600";"BR-116/RJ";"Crescente";"Colisão lateral em sentido contrário";2;0;0;0;0;0;0;0;0;0;0;3;0;0;0
"05/01/2025";"12:05:00";"258";"Sem vítima";"287,800";"BR-116/RJ";"Crescente";"Choque";2;0;0;0;0;0;0;0;0;0;3;0;0;0;0
"05/01/2025";"12:47:00";"286";"Sem vítima";"93,900";"BR-116/SP";"Crescente";"Colisão traseira";2;0;0;0;0;0;0;0;0;0;5;0;0;0;0
"05/01/2025";"12:52:00";"289";"Sem vítima";"77,500";"BR-116/SP";"Crescente";"Colisão traseira";1;0;0;0;0;0;0;0;0;0;1;0;0;0;0
"05/01/2025";"13:41:00";"315";"Com vítima";"101,000";"BR-116/SP";"Crescente";"Engavetamento";4;0;0;0;0;0;0;0;0;0;12;1;0;0;0
"05/01/2025";"13:55:00";"322";"Sem vítima";"84,000";"BR-116/SP";"Crescente";"Colisão traseira";2;0;0;0;0;0;0;0;0;0;8;0;0;0;0
"05/01/2025";"15:05:00";"357";"Com vítima";"246,500";"BR-116/RJ";"Decrescente";"Tombamento";0;0;0;0;0;0;0;1;0;0;0;1;0;0;0
"05/01/2025";"16:46:00";"428";"Com vítima";"251,200";"BR-116/RJ";"Decrescente";"Engavetamento";6;0;0;0;1;0;0;1;0;1;51;2;5;1;0
"05/01/2025";"19:06:00";"500";"Com vítima";"511,000";"BR-101/RJ";"Crescente";"Colisão frontal";1;0;0;1;0;0;0;0;0;0;10;0;2;0;0
"05/01/2025";"19:49:00";"522";"Com vítima";"472,000";"BR-101/RJ";"Crescente";"Colisão frontal";1;0;0;1;0;0;0;0;0;0;8;0;2;0;0
"05/01/2025";"20:30:00";"538";"Com vítima";"69,700";"BR-116/SP";"Decrescente";"Atropelamento de pedestre";0;0;0;1;0;0;0;0;0;0;0;0;1;0;0
"05/01/2025";"20:55:00";"547";"Sem vítima";"225,450";"BR-116/RJ";"Decrescente";"Colisão lateral em sentido contrário";1;0;1;0;0;0;0;0;0;0;2;0;0;0;0
"06/01/2025";"00:00:00";"529";"Com vítima";"154,100";"BR-116/SP";"Decrescente";"Colisão lateral em sentido contrário";1;0;0;1;0;0;0;0;0;0;1;1;0;0;0
"06/01/2025";"00:17:00";"41";"Com vítima";"219,700";"BR-116/SP";"Crescente";"Acidentes de outra natureza";0;0;0;1;0;0;0;0;0;0;0;0;1;0;0
"06/01/2025";"06:22:00";"127";"Com vítima";"477,000";"BR-101/RJ";"Decrescente";"Colisão frontal";0;0;0;1;0;0;0;0;0;0;0;0;1;0;0
"06/01/2025";"06:59:00";"152";"Com vítima";"111,700";"BR-116/SP";"Crescente";"Colisão traseira";2;0;0;0;0;0;0;0;0;0;1;1;0;0;0
"06/01/2025";"09:51:00";"327";"Sem vítima";"222,500";"BR-116/SP";"Crescente";"Engavetamento";3;0;0;0;0;1;0;0;0;0;3;0;0;0;0
"06/01/2025";"11:29:00";"391";"Sem vítima";"102,000";"BR-116/SP";"Decrescente";"Engavetamento";1;0;0;0;0;0;0;0;0;0;4;0;0;0;0
"06/01/2025";"11:53:00";"410";"Sem vítima";"100,000";"BR-116/SP";"Decrescente";"Choque";0;0;1;0;0;0;0;0;0;0;1;0;0;0;0
"06/01/2025";"12:06:00";"417";"Com vítima";"163,000";"BR-116/SP";"Crescente";"Colisão lateral em sentido contrário";0;0;1;1;0;0;0;0;0;0;2;2;0;0;0
"06/01/2025";"13:25:00";"462";"Com vítima";"94,500";"BR-116/SP";"Crescente";"Acidentes de outra natureza";0;0;0;1;0;0;0;0;0;0;0;1;0;0;0
"06/01/2025";"13:46:00";"472";"Sem vítima";"223,000";"BR-116/SP";"Decrescente";"Choque";1;0;0;0;0;0;0;0;0;0;1;0;0;0;0
"06/01/2025";"13:46:00";"473";"Com vítima";"106,000";"BR-116/SP";"Crescente";"Colisão traseira";1;0;0;1;0;0;0;0;0;0;3;1;0;0;0
"06/01/2025";"14:21:00";"498";"Sem vítima";"39,500";"BR-116/SP";"Crescente";"Colisão traseira";1;0;0;0;0;0;0;1;0;0;3;0;0;0;0
"06/01/2025";"15:21:00";"543";"Sem vítima";"63,300";"BR-116/SP";"Crescente";"Colisão traseira";1;0;0;0;0;0;0;0;0;0;1;0;0;0;0
"06/01/2025";"15:32:00";"552";"Com vítima";"398,000";"BR-101/RJ";"Decrescente";"Colisão lateral em sentido contrário";1;0;2;0;0;0;0;0;0;0;1;1;2;0;0
"06/01/2025";"16:25:00";"578";"Com vítima";"77,000";"BR-116/SP";"Crescente";"Engavetamento";3;0;0;0;0;0;0;0;0;0;5;1;0;0;0
"06/01/2025";"16:25:00";"580";"Com vítima";"30,000";"BR-101/SP";"Decrescente";"Atropelamento de pedestre";0;0;0;0;0;0;0;0;0;0;0;0;0;0;0
"06/01/2025";"16:26:00";"582";"Com vítima";"225,400";"BR-116/SP";"Decrescente";"Colisão traseira";0;0;0;1;0;0;0;0;0;0;0;1;0;0;0
"06/01/2025";"16:51:00";"591";"Sem vítima";"249,700";"BR-116/RJ";"Crescente";"Choque";0;0;1;0;0;0;0;0;0;0;2;0;0;0;0
"06/01/2025";"16:57:00";"594";"Com vítima";"443,000";"BR-101/RJ";"Crescente";"Colisão frontal";2;0;0;0;0;0;0;0;0;0;2;8;0;0;0
"06/01/2025";"17:49:00";"619";"Sem vítima";"156,900";"BR-116/SP";"Decrescente";"Colisão traseira";2;0;0;0;0;0;0;0;0;0;2;0;0;0;0
"06/01/2025";"18:45:00";"648";"Com vítima";"321,000";"BR-116/RJ";"Decrescente";"Choque";1;0;0;0;0;0;0;0;0;0;0;1;0;0;0
"06/01/2025";"19:42:00";"683";"Com vítima";"245,100";"BR-116/RJ";"Crescente";"Tombamento";0;0;0;0;0;0;0;1;0;0;0;2;0;0;0
"06/01/2025";"21:15:00";"729";"Com vítima";"45,500";"BR-101/SP";"Decrescente";"Atropelamento de pedestre";0;0;0;1;0;0;0;0;0;0;0;0;3;0;0
"06/01/2025";"22:29:00";"745";"Sem vítima";"225,100";"BR-116/SP";"Decrescente";"Choque";1;0;0;0;0;0;0;0;0;0;1;0;0;0;0
"07/01/2025";"00:00:00";"62";"Sem vítima";"66,000";"BR-116/SP";"Decrescente";"Choque";0;0;0;0;0;0;0;0;0;1;1;0;0;0;0
"07/01/2025";"06:38:00";"141";"Sem vítima";"227,900";"BR-116/SP";"Crescente";"Colisão lateral em sentido contrário";1;0;0;0;0;0;0;1;0;0;2;0;0;0;0
"07/01/2025";"07:57:00";"220";"Com vítima";"224,000";"BR-116/SP";"Crescente";"Acidentes de outra natureza";0;0;0;1;0;0;0;0;0;0;0;1;0;0;0
"07/01/2025";"09:00:00";"287";"Sem vítima";"52,400";"BR-116/SP";"Crescente";"Colisão traseira";1;0;1;0;0;0;0;0;0;0;2;0;0;0;0
"07/01/2025";"11:51:00";"431";"Com vítima";"211,000";"BR-116/SP";"Crescente";"Colisão traseira";2;0;0;0;0;0;0;0;0;0;0;1;0;0;0
"07/01/2025";"11:55:00";"435";"Com vítima";"220,000";"BR-116/SP";"Crescente";"Colisão traseira";1;0;0;0;0;0;0;0;0;0;0;1;0;0;0
"07/01/2025";"12:30:00";"452";"Sem vítima";"436,000";"BR-101/RJ";"Crescente";"Choque";1;0;0;0;0;0;0;0;0;0;1;0;0;0;0
"07/01/2025";"14:20:00";"515";"Com vítima";"385,000";"BR-101/RJ";"Crescente";"Engavetamento";2;0;2;0;0;0;0;0;0;0;3;2;0;0;0
"07/01/2025";"14:47:00";"525";"Com vítima";"228,500";"BR-116/SP";"Decrescente";"Colisão traseira";0;0;0;1;0;0;0;0;0;0;0;1;0;0;0
"07/01/2025";"15:04:00";"532";"Sem vítima";"316,000";"BR-116/RJ";"Decrescente";"Colisão lateral em sentido contrário";1;0;1;0;0;0;0;0;0;0;3;0;0;0;0
"07/01/2025";"16:00:00";"555";"Com vítima";"542,000";"BR-101/RJ";"Decrescente";"Colisão lateral em sentido contrário";0;0;0;1;0;0;0;0;0;0;0;1;0;0;0
"07/01/2025";"17:46:00";"620";"Sem vítima";"514,500";"BR-101/RJ";"Decrescente";"Choque";1;0;0;0;0;0;0;0;0;0;2;0;0;0;0
"07/01/2025";"17:56:00";"626";"Sem vítima";"309,600";"BR-116/RJ";"Crescente";"Choque";1;0;0;0;0;0;0;0;0;0;1;0;0;0;0
"07/01/2025";"18:14:00";"637";"Com vítima";"458,100";"BR-101/RJ";"Crescente";"Acidentes de outra natureza";0;0;0;1;0;0;0;0;0;0;0;0;0;1;0
"07/01/2025";"18:36:00";"647";"Com vítima";"52,000";"BR-101/SP";"Decrescente";"Colisão lateral em sentido contrário";1;0;0;1;0;0;0;0;0;0;3;1;0;0;0
"07/01/2025";"19:20:00";"668";"Sem vítima";"276,300";"BR-116/RJ";"Decrescente";"Colisão lateral em sentido contrário";1;0;0;0;0;0;0;0;0;0;0;0;0;0;0
"07/01/2025";"19:30:00";"677";"Sem vítima";"408,000";"BR-101/RJ";"Crescente";"Colisão traseira";1;0;0;0;0;0;0;0;0;0;1;0;0;0;0
"07/01/2025";"20:07:00";"694";"Com vítima";"208,400";"BR-116/SP";"Decrescente";"Choque";0;0;0;1;0;0;0;0;0;0;0;1;0;0;0
"07/01/2025";"21:10:00";"726";"Com vítima";"220,000";"BR-116/SP";"Crescente";"Colisão lateral em sentido contrário";0;0;0;1;0;0;0;0;0;0;0;2;0;0;0
"07/01/2025";"21:29:00";"734";"Com vítima";"174,600";"BR-116/SP";"Decrescente";"Colisão traseira";1;0;0;0;0;0;0;1;0;0;1;2;0;0;0
"07/01/2025";"21:49:00";"738";"Sem vítima";"302,800";"BR-116/RJ";"Crescente";"Colisão traseira";0;0;0;0;0;0;0;1;0;0;1;0;0;0;0
"07/01/2025";"23:25:00";"763";"Sem vítima";"410,100";"BR-101/RJ";"Crescente";"Colisão lateral em sentido contrário";2;0;0;0;0;0;0;0;0;0;6;0;0;0;0
"07/01/2025";"23:27:00";"764";"Sem vítima";"429,800";"BR-101/RJ";"Crescente";"Choque";1;0;0;0;0;0;0;0;0;0;1;0;0;0;0
"08/01/2025";"01:45:00";"52";"Sem vítima";"324,900";"BR-116/RJ";"Crescente";"Colisão traseira";0;0;1;0;0;0;0;1;0;0;2;0;0;0;0
"08/01/2025";"02:04:00";"59";"Sem vítima";"521,600";"BR-101/RJ";"Decrescente";"Colisão traseira";1;0;0;0;0;0;0;0;0;0;0;0;0;0;0
"08/01/2025";"02:20:00";"63";"Com vítima";"398,000";"BR-101/RJ";"Crescente";"Colisão traseira";1;0;0;0;0;0;0;0;0;0;0;1;0;0;0
"08/01/2025";"02:39:00";"69";"Sem vítima";"229,600";"BR-116/RJ";"Decrescente";"Tombamento";0;0;1;0;0;0;0;0;0;0;1;0;0;0;0
"08/01/2025";"07:44:00";"235";"Com vítima";"223,000";"BR-116/SP";"Crescente";"Colisão traseira";1;0;0;1;0;0;0;0;0;0;1;1;0;0;0
"08/01/2025";"10:54:00";"397";"Sem vítima";"221,000";"BR-116/SP";"Decrescente";"Colisão lateral em sentido contrário";1;0;0;0;0;0;0;1;0;0;4;0;0;0;0
"08/01/2025";"13:59:00";"497";"Sem vítima";"271,000";"BR-116/RJ";"Crescente";"Colisão lateral em sentido contrário";1;0;1;0;0;0;0;0;0;0;3;0;0;0;0
"08/01/2025";"14:40:00";"519";"Com vítima";"219,000";"BR-116/SP";"Decrescente";"Colisão traseira";0;0;0;1;0;0;0;0;0;0;0;0;2;0;0
"08/01/2025";"14:42:00";"521";"Sem vítima";"123,000";"BR-116/SP";"Crescente";"Colisão traseira";1;0;1;0;0;0;0;0;0;0;6;0;0;0;0
"08/01/2025";"15:03:00";"534";"Sem vítima";"123,000";"BR-116/SP";"Decrescente";"Choque";1;0;0;0;0;0;0;0;0;0;1;0;0;0;0
"08/01/2025";"16:16:00";"573";"Com vítima";"150,000";"BR-116/SP";"Decrescente";"Acidentes de outra natureza";0;0;0;1;0;0;0;0;0;0;0;1;0;0;0
"08/01/2025";"17:11:00";"605";"Sem vítima";"225,100";"BR-116/SP";"Decrescente";"Colisão lateral em sentido contrário";1;0;1;0;0;0;0;0;0;0;2;0;0;0;0
"08/01/2025";"17:11:00";"606";"Com vítima";"225,100";"BR-116/SP";"Decrescente";"Colisão traseira";1;0;1;0;0;0;0;0;0;0;1;1;0;0;0
"08/01/2025";"17:11:00";"607";"Com vítima";"70,600";"BR-116/SP";"Decrescente";"Choque";1;0;0;0;0;0;0;0;0;0;0;1;0;0;0
"08/01/2025";"17:23:00";"613";"Com vítima";"264,300";"BR-116/RJ";"Decrescente";"Acidentes de outra natureza";0;0;0;1;0;0;0;0;0;0;0;2;0;0;0
"08/01/2025";"17:24:00";"614";"Sem vítima";"320,400";"BR-116/RJ";"Decrescente";"Choque";1;0;0;0;0;0;0;0;0;0;1;0;0;0;0
"08/01/2025";"17:31:00";"618";"Com vítima";"429,600";"BR-101/RJ";"Decrescente";"Tombamento";0;0;1;0;0;0;0;0;0;0;0;4;2;0;0
"08/01/2025";"18:24:00";"641";"Sem vítima";"587,000";"BR-101/RJ";"Decrescente";"Colisão lateral em sentido contrário";2;0;0;0;0;0;0;0;0;0;0;0;0;0;0
"08/01/2025";"18:34:00";"651";"Com vítima";"51,900";"BR-101/SP";"Crescente";"Atropelamento de pedestre";1;1;0;0;0;0;0;0;0;0;5;1;0;0;0
"08/01/2025";"19:59:00";"688";"Sem vítima";"51,700";"BR-101/SP";"Decrescente";"Colisão traseira";2;0;0;0;0;0;0;0;0;0;0;0;0;0;0
"08/01/2025";"21:10:00";"720";"Sem vítima";"496,600";"BR-101/RJ";"Crescente";"Colisão traseira";2;0;0;0;0;0;0;0;0;0;0;0;0;0;0
"08/01/2025";"21:44:00";"740";"Sem vítima";"437,800";"BR-101/RJ";"Decrescente";"Choque";1;0;0;0;0;0;0;0;0;0;0;0;0;0;0
"08/01/2025";"22:08:00";"754";"Sem vítima";"5,200";"BR-101/SP";"Decrescente";"Choque";0;0;0;0;0;0;0;0;0;1;0;0;0;0;0
"09/01/2025";"00:48:00";"45";"Sem vítima";"38,600";"BR-116/SP";"Decrescente";"Choque";0;0;1;0;0;0;0;0;0;0;1;0;0;0;0
"09/01/2025";"00:49:00";"46";"Com vítima";"228,800";"BR-116/SP";"Decrescente";"Atropelamento de pedestre";0;0;1;0;0;0;0;0;0;0;1;0;0;0;1
"09/01/2025";"01:21:00";"56";"Com vítima";"385,400";"BR-101/RJ";"Crescente";"Colisão traseira";2;0;0;0;0;0;0;0;0;0;0;3;0;0;0
"09/01/2025";"08:34:00";"304";"Sem vítima";"144,700";"BR-116/SP";"Crescente";"Engavetamento";2;0;1;0;1;0;0;0;0;0;0;0;0;0;0
"09/01/2025";"08:47:00";"323";"Sem vítima";"114,400";"BR-116/SP";"Crescente";"Colisão traseira";1;0;0;0;0;0;0;1;0;0;8;0;0;0;0
"09/01/2025";"10:30:00";"401";"Sem vítima";"113,000";"BR-116/SP";"Crescente";"Colisão traseira";2;0;0;0;0;0;0;0;0;0;8;0;0;0;0
"09/01/2025";"13:34:00";"483";"Com vítima";"204,500";"BR-116/SP";"Crescente";"Colisão lateral em sentido contrário";1;0;1;0;0;0;0;0;0;0;1;1;0;0;0