data;horario;n_da_ocorrencia;tipo_de_ocorrencia;km;trecho;sentido;tipo_de_acidente;automovel;bicicleta;caminhao;moto;onibus;outros;tracao_animal;transporte_de_cargas_especiais;trator_maquinas;utilitarios;ilesos;levemente_feridos;moderadamente_feridos;gravemente_feridos;mortos
"09/01/2025";"13:53:00";"501";"Sem vítima";"70,800";"BR-116/SP";"Crescente";"Choque";1;0;0;0;0;0;0;0;0;0;5;0;0;0;0
"09/01/2025";"14:22:00";"511";"Com vítima";"231,000";"BR-116/SP";"Decrescente";"Colisão lateral em sentido contrário";1;0;0;0;0;0;0;1;0;0;2;1;0;0;0
"09/01/2025";"14:58:00";"533";"Sem vítima";"579,300";"BR-101/RJ";"Decrescente";"Choque";1;0;0;0;0;0;0;0;0;0;4;0;0;0;0
"09/01/2025";"15:56:00";"564";"Com vítima";"47,000";"BR-116/SP";"Crescente";"Engavetamento";2;0;1;0;0;0;0;0;0;1;6;0;4;0;0
"09/01/2025";"16:36:00";"582";"Sem vítima";"540,000";"BR-101/RJ";"Crescente";"Choque";1;0;0;0;0;0;0;0;0;0;1;0;0;0;0
"09/01/2025";"16:46:00";"586";"Com vítima";"241,950";"BR-116/RJ";"Crescente";"Choque";1;0;0;0;0;0;0;0;0;0;0;1;0;0;0
"09/01/2025";"17:02:00";"593";"Sem vítima";"429,000";"BR-101/RJ";"Decrescente";"Choque";1;0;0;0;0;0;0;0;0;0;0;0;0;0;0
"09/01/2025";"17:14:00";"600";"Sem vítima";"48,300";"BR-116/SP";"Decrescente";"Colisão traseira";3;0;0;0;0;0;0;0;0;0;0;0;0;0;0
"09/01/2025";"17:23:00";"608";"Com vítima";"48,350";"BR-116/SP";"Decrescente";"Colisão traseira";2;0;0;0;0;0;0;0;0;0;1;1;0;0;0
"09/01/2025";"19:49:00";"670";"Sem vítima";"268,800";"BR-116/RJ";"Decrescente";"Colisão lateral em sentido contrário";1;0;0;0;0;0;0;0;0;1;0;0;0;0;0
"09/01/2025";"20:56:00";"703";"Sem vítima";"256,700";"BR-116/RJ";"Crescente";"Colisão lateral em sentido contrário";1;0;1;0;0;0;0;0;0;0;2;0;0;0;0
"09/01/2025";"21:22:00";"718";"Sem vítima";"415,800";"BR-101/RJ";"Decrescente";"Atropelamento de pedestre";2;0;0;0;0;0;0;0;0;0;3;0;0;0;0
"10/01/2025";"00:00:00";"512";"Com vítima";"473,000";"BR-101/RJ";"Crescente";"Acidentes de outra natureza";0;0;0;1;0;0;0;0;0;0;0;1;0;0;0
"10/01/2025";"02:10:00";"59";"Sem vítima";"37,200";"BR-116/SP";"Decrescente";"Atropelamento de pedestre";1;0;0;0;0;0;0;0;0;0;0;0;0;0;0
"10/01/2025";"03:04:00";"71";"Sem vítima";"57,000";"BR-116/SP";"Decrescente";"Colisão traseira";0;0;1;0;0;0;0;1;0;0;2;0;0;0;0
"10/01/2025";"04:36:00";"83";"Com vítima";"309,900";"BR-116/RJ";"Crescente";"Colisão frontal";1;0;1;0;0;0;0;0;0;0;0;0;1;0;1
"10/01/2025";"06:19:00";"119";"Com vítima";"228,080";"BR-116/RJ";"Decrescente";"Tombamento";0;0;0;0;0;0;0;0;0;0;0;0;0;0;0
"10/01/2025";"07:01:00";"157";"Com vítima";"226,800";"BR-116/SP";"Decrescente";"Colisão traseira";0;0;0;2;0;0;0;0;0;0;1;0;1;0;0
"10/01/2025";"07:27:00";"194";"Com vítima";"42,700";"BR-116/SP";"Crescente";"Engavetamento";4;0;0;0;0;0;0;0;0;0;3;1;0;0;0
"10/01/2025";"08:10:00";"233";"Sem vítima";"227,000";"BR-116/SP";"Decrescente";"Colisão lateral em sentido contrário";1;0;1;0;0;0;0;0;0;0;4;0;0;0;0
"10/01/2025";"08:57:00";"268";"Com vítima";"145,000";"BR-116/SP";"Crescente";"Colisão traseira";1;0;0;1;0;0;0;0;0;0;1;1;0;0;0
"10/01/2025";"09:39:00";"344";"Sem vítima";"157,900";"BR-116/SP";"Decrescente";"Engavetamento";3;0;0;0;0;0;0;0;0;0;3;0;0;0;0
"10/01/2025";"09:58:00";"361";"Com vítima";"116,000";"BR-116/SP";"Decrescente";"Choque";1;0;0;0;0;0;0;0;0;0;2;4;0;0;0
"10/01/2025";"10:06:00";"365";"Sem vítima";"229,000";"BR-116/RJ";"Decrescente";"Colisão traseira";0;0;1;0;0;0;0;0;0;0;1;0;0;0;0
"10/01/2025";"11:01:00";"397";"Sem vítima";"224,800";"BR-116/SP";"Crescente";"Colisão traseira";1;0;0;0;0;0;0;0;0;0;1;0;0;0;0
"10/01/2025";"11:04:00";"400";"Sem vítima";"220,100";"BR-116/SP";"Decrescente";"Colisão traseira";2;0;0;1;0;0;0;0;0;0;5;0;0;0;0
"10/01/2025";"11:10:00";"407";"Com vítima";"272,000";"BR-116/RJ";"Crescente";"Engavetamento";2;0;1;0;0;0;0;0;0;0;6;2;0;0;0
"10/01/2025";"13:23:00";"482";"Com vítima";"218,000";"BR-116/SP";"Decrescente";"Engavetamento";1;0;0;0;0;0;0;0;0;0;0;1;0;0;0
"10/01/2025";"16:31:00";"601";"Sem vítima";"238,000";"BR-116/RJ";"Decrescente";"Choque";1;0;0;0;0;0;0;0;0;0;9;0;0;0;0
"10/01/2025";"17:24:00";"638";"Sem vítima";"542,000";"BR-101/RJ";"Crescente";"Colisão lateral em sentido contrário";2;0;0;0;0;0;0;0;0;0;3;0;0;0;0
"10/01/2025";"18:49:00";"686";"Com vítima";"306,900";"BR-116/RJ";"Decrescente";"Acidentes de outra natureza";0;0;0;1;0;0;0;0;0;0;0;1;0;0;0
"10/01/2025";"23:37:00";"816";"Com vítima";"210,000";"BR-116/SP";"Decrescente";"Choque";0;0;1;0;0;0;0;0;0;0;0;1;0;0;0
"11/01/2025";"04:47:00";"79";"Sem vítima";"55,300";"BR-116/SP";"Decrescente";"Choque";1;0;0;0;0;0;0;0;0;0;1;0;0;0;0
"11/01/2025";"06:11:00";"102";"Com vítima";"223,200";"BR-116/SP";"Crescente";"Choque";1;0;0;0;0;0;0;0;0;0;2;2;0;0;0
"11/01/2025";"08:27:00";"202";"Sem vítima";"86,950";"BR-116/SP";"Decrescente";"Engavetamento";3;0;0;0;0;0;0;0;0;0;5;0;0;0;0
"11/01/2025";"08:31:00";"204";"Com vítima";"110,100";"BR-116/SP";"Decrescente";"Engavetamento";3;0;0;0;0;0;0;0;0;0;5;2;0;0;0
"11/01/2025";"08:48:00";"214";"Sem vítima";"207,000";"BR-116/SP";"Decrescente";"Choque";1;0;0;0;0;0;0;0;0;0;4;0;0;0;0
"11/01/2025";"11:50:00";"295";"Com vítima";"231,000";"BR-116/SP";"Decrescente";"Acidentes de outra natureza";0;0;0;1;0;0;0;0;0;0;0;2;0;0;0
"11/01/2025";"12:13:00";"310";"Sem vítima";"37,300";"BR-101/SP";"Decrescente";"Engavetamento";2;0;0;0;0;0;0;0;0;0;5;0;0;0;0
"11/01/2025";"12:41:00";"327";"Sem vítima";"157,300";"BR-116/SP";"Decrescente";"Engavetamento";2;0;1;0;0;0;0;0;0;0;5;0;0;0;0
"11/01/2025";"12:59:00";"318";"Com vítima";"425,000";"BR-101/RJ";"Crescente";"Colisão frontal";2;0;0;0;0;0;0;0;0;0;0;6;6;0;0
"11/01/2025";"13:12:00";"349";"Sem vítima";"425,000";"BR-101/RJ";"Crescente";"Choque";1;0;0;0;0;0;0;0;0;0;2;0;0;0;0
"11/01/2025";"14:10:00";"374";"Sem vítima";"145,700";"BR-116/SP";"Crescente";"Colisão traseira";1;0;0;0;0;0;0;0;0;1;8;0;0;0;0
"11/01/2025";"14:22:00";"380";"Com vítima";"462,000";"BR-101/RJ";"Crescente";"Choque";0;0;0;0;0;0;0;0;0;0;0;0;0;0;0
"11/01/2025";"15:41:00";"411";"Sem vítima";"51,000";"BR-116/SP";"Crescente";"Colisão traseira";0;0;1;1;0;0;0;0;0;0;4;0;0;0;0
"11/01/2025";"19:41:00";"506";"Sem vítima";"48,900";"BR-116/SP";"Crescente";"Choque";1;0;0;0;0;0;0;0;0;0;1;0;0;0;0
"11/01/2025";"20:08:00";"516";"Com vítima";"300,400";"BR-116/RJ";"Crescente";"Acidentes de outra natureza";0;0;0;1;0;0;0;0;0;0;0;0;1;0;0
"11/01/2025";"22:16:00";"570";"Sem vítima";"217,000";"BR-116/SP";"Decrescente";"Colisão lateral em sentido contrário";1;0;0;0;1;0;0;0;0;0;6;0;0;0;0
"11/01/2025";"22:30:00";"575";"Com vítima";"138,600";"BR-116/SP";"Decrescente";"Colisão traseira";1;0;1;0;0;0;0;0;0;0;2;1;0;0;0
"12/01/2025";"00:00:00";"43";"Com vítima";"504,000";"BR-101/RJ";"Decrescente";"Atropelamento de pedestre";0;0;0;0;0;0;0;0;0;0;0;0;1;0;0
"12/01/2025";"00:14:00";"40";"Com vítima";"478,000";"BR-101/RJ";"Decrescente";"Colisão lateral em sentido contrário";1;0;0;1;0;0;0;0;0;0;4;1;0;0;0
"12/01/2025";"00:17:00";"41";"Sem vítima";"91,250";"BR-116/SP";"Crescente";"Choque";1;0;0;0;0;0;0;0;0;0;1;0;0;0;0
"12/01/2025";"02:08:00";"60";"Sem vítima";"226,800";"BR-116/SP";"Decrescente";"Choque";3;0;0;0;0;0;0;0;0;0;3;0;0;0;0
"12/01/2025";"02:15:00";"64";"Com vítima";"228,800";"BR-116/SP";"Decrescente";"Acidentes de outra natureza";0;0;0;1;0;0;0;0;0;0;0;0;0;0;1
"12/01/2025";"05:52:00";"95";"Sem vítima";"477,000";"BR-101/RJ";"Crescente";"Choque";1;0;0;0;0;0;0;0;0;0;2;0;0;0;0
"12/01/2025";"07:15:00";"128";"Com vítima";"224,000";"BR-116/SP";"Crescente";"Colisão traseira";0;0;0;1;1;0;0;0;0;0;14;1;0;0;0
"12/01/2025";"08:33:00";"165";"Sem vítima";"91,000";"BR-116/SP";"Decrescente";"Colisão traseira";2;0;0;0;0;0;0;0;0;0;5;0;0;0;0
"12/01/2025";"08:45:00";"169";"Sem vítima";"227,000";"BR-116/SP";"Crescente";"Colisão lateral em sentido contrário";1;0;1;0;0;0;0;0;0;0;4;0;0;0;0
"12/01/2025";"10:05:00";"221";"Com vítima";"232,100";"BR-116/RJ";"Decrescente";"Acidentes de outra natureza";0;0;0;1;0;0;0;0;0;0;0;0;1;0;0
"12/01/2025";"11:18:00";"231";"Com vítima";"432,800";"BR-101/RJ";"Crescente";"Acidentes de outra natureza";0;0;0;1;0;0;0;0;0;0;2;2;0;0;0
"12/01/2025";"11:22:00";"233";"Com vítima";"504,000";"BR-101/RJ";"Decrescente";"Colisão lateral em sentido contrário";1;0;0;1;0;0;0;0;0;0;1;0;1;0;0
"12/01/2025";"14:37:00";"321";"Sem vítima";"158,200";"BR-116/SP";"Crescente";"Colisão traseira";1;0;0;0;0;0;0;0;0;1;4;0;0;0;0
"12/01/2025";"16:49:00";"381";"Com vítima";"590,000";"BR-101/RJ";"Decrescente";"Atropelamento de pedestre";1;0;0;0;0;0;0;0;0;0;0;1;0;0;0
"12/01/2025";"17:14:00";"392";"Sem vítima";"157,800";"BR-116/SP";"Crescente";"Colisão traseira";2;0;0;0;0;0;0;0;0;0;2;0;0;0;0
"12/01/2025";"18:07:00";"416";"Com vítima";"485,200";"BR-101/RJ";"Crescente";"Colisão traseira";1;0;0;1;0;0;0;0;0;0;2;1;0;0;0
"12/01/2025";"18:57:00";"442";"Sem vítima";"279,400";"BR-116/RJ";"Crescente";"Engavetamento";2;0;1;0;0;0;0;0;0;0;0;0;0;0;0
"12/01/2025";"20:17:00";"480";"Com vítima";"218,400";"BR-116/SP";"Decrescente";"Colisão traseira";2;0;0;0;0;0;0;0;0;0;3;1;0;0;0
"12/01/2025";"20:20:00";"482";"Sem vítima";"269,300";"BR-116/RJ";"Crescente";"Colisão lateral em sentido contrário";1;0;0;0;0;0;0;0;0;0;0;0;0;0;0
"12/01/2025";"20:42:00";"489";"Com vítima";"382,000";"BR-101/RJ";"Crescente";"Acidentes de outra natureza";0;0;0;1;0;0;0;0;0;0;0;1;0;0;0
"12/01/2025";"22:58:00";"524";"Com vítima";"160,900";"BR-116/SP";"Crescente";"Acidentes de outra natureza";1;0;0;1;0;0;0;0;0;0;1;0;1;0;0
"13/01/2025";"04:06:00";"63";"Sem vítima";"409,000";"BR-101/RJ";"Crescente";"Colisão traseira";2;0;0;0;0;0;0;0;0;0;10;0;0;0;0
"13/01/2025";"05:28:00";"86";"Com vítima";"230,900";"BR-116/RJ";"Decrescente";"Tombamento";0;0;1;0;0;0;0;0;0;0;0;1;0;0;0
"13/01/2025";"07:27:00";"202";"Sem vítima";"421,000";"BR-101/RJ";"Crescente";"Choque";1;0;0;0;0;0;0;0;0;0;1;0;0;0;0
"13/01/2025";"08:07:00";"241";"Com vítima";"556,000";"BR-101/RJ";"Decrescente";"Colisão lateral em sentido contrário";0;0;0;1;0;0;0;0;0;0;0;0;0;1;0
"13/01/2025";"08:18:00";"257";"Sem vítima";"247,000";"BR-116/RJ";"Decrescente";"Colisão traseira";2;0;0;0;0;0;0;0;0;0;6;0;0;0;0
"13/01/2025";"08:19:00";"259";"Sem vítima";"224,000";"BR-116/SP";"Crescente";"Colisão lateral em sentido contrário";1;0;0;2;0;0;0;0;0;0;4;0;0;0;0
"13/01/2025";"09:15:00";"312";"Com vítima";"49,000";"BR-101/SP";"Decrescente";"Colisão traseira";1;0;0;0;0;0;0;0;0;0;0;1;0;0;0
"13/01/2025";"10:07:00";"342";"Com vítima";"446,000";"BR-101/RJ";"Decrescente";"Colisão frontal";2;0;0;0;0;0;0;0;0;0;0;1;1;0;0
"13/01/2025";"10:13:00";"355";"Sem vítima";"511,000";"BR-101/RJ";"Crescente";"Colisão traseira";2;0;0;0;0;0;0;0;0;0;2;0;0;0;0
"13/01/2025";"10:16:00";"357";"Sem vítima";"100,200";"BR-116/SP";"Decrescente";"Engavetamento";3;0;0;0;0;0;0;0;0;0;10;0;0;0;0
"13/01/2025";"10:21:00";"360";"Sem vítima";"100,000";"BR-116/SP";"Decrescente";"Engavetamento";1;0;0;0;0;0;0;0;0;0;5;0;0;0;0
"13/01/2025";"10:21:00";"361";"Com vítima";"226,900";"BR-116/RJ";"Decrescente";"Colisão traseira";1;0;1;0;0;0;0;0;0;0;1;1;0;0;0
"13/01/2025";"11:01:00";"386";"Com vítima";"222,000";"BR-116/SP";"Crescente";"Engavetamento";2;0;2;0;0;0;0;1;0;0;4;1;0;0;0
"13/01/2025";"13:39:00";"471";"Sem vítima";"163,000";"BR-116/SP";"Crescente";"Colisão traseira";1;0;0;0;0;0;0;0;0;1;2;0;0;0;0
"13/01/2025";"14:00:00";"482";"Sem vítima";"122,100";"BR-116/SP";"Decrescente";"Engavetamento";2;0;0;0;0;0;0;0;0;1;5;0;0;0;0
"13/01/2025";"14:26:00";"491";"Sem vítima";"49,000";"BR-116/SP";"Decrescente";"Colisão lateral em sentido contrário";0;0;1;0;1;0;0;0;0;0;42;0;0;0;0
"13/01/2025";"14:36:00";"494";"Sem vítima";"517,000";"BR-101/RJ";"Crescente";"Colisão traseira";2;0;0;0;0;0;0;0;0;0;2;0;0;0;0
"13/01/2025";"15:14:00";"517";"Com vítima";"223,500";"BR-116/SP";"Crescente";"Colisão lateral em sentido contrário";1;0;0;1;0;0;0;0;0;0;1;1;0;0;0
"13/01/2025";"15:15:00";"518";"Com vítima";"219,000";"BR-116/SP";"Decrescente";"Colisão traseira";1;0;0;1;0;0;0;0;0;0;3;1;0;0;0
"13/01/2025";"15:39:00";"529";"Sem vítima";"108,100";"BR-116/SP";"Crescente";"Colisão lateral em sentido contrário";2;0;0;0;0;0;0;0;0;0;3;0;0;0;0
"13/01/2025";"15:56:00";"538";"Sem vítima";"295,000";"BR-116/RJ";"Decrescente";"Choque";1;0;0;0;0;0;0;0;0;0;2;0;0;0;0
"13/01/2025";"16:45:00";"552";"Com vítima";"218,500";"BR-116/SP";"Crescente";"Colisão traseira";0;0;0;1;0;0;0;0;0;0;0;1;0;0;0
"13/01/2025";"17:14:00";"568";"Com vítima";"108,500";"BR-116/SP";"Crescente";"Colisão traseira";2;0;0;0;0;0;0;0;0;0;7;2;0;0;0
"13/01/2025";"17:18:00";"569";"Sem vítima";"112,400";"BR-116/SP";"Decrescente";"Colisão traseira";0;0;1;0;0;0;0;1;0;0;2;0;0;0;0
"13/01/2025";"17:23:00";"570";"Sem vítima";"223,500";"BR-116/SP";"Crescente";"Colisão traseira";1;0;0;1;0;0;0;0;0;0;2;0;0;0;0
"13/01/2025";"18:00:00";"592";"Sem vítima";"230,100";"BR-116/RJ";"Decrescente";"Tombamento";0;0;0;0;0;0;0;1;0;0;1;0;0;0;0
"13/01/2025";"18:21:00";"598";"Sem vítima";"111,100";"BR-116/SP";"Decrescente";"Colisão traseira";1;0;0;1;0;0;0;0;0;0;2;0;0;0;0
"13/01/2025";"18:35:00";"605";"Com vítima";"230,100";"BR-116/SP";"Decrescente";"Colisão traseira";1;0;1;1;0;0;0;0;0;0;2;1;0;0;0
"13/01/2025";"20:37:00";"659";"Com vítima";"16,600";"BR-101/SP";"Crescente";"Colisão lateral em sentido contrário";1;0;0;1;0;0;0;0;0;0;2;0;2;0;0
"13/01/2025";"21:29:00";"677";"Com vítima";"225,800";"BR-116/SP";"Decrescente";"Colisão traseira";1;0;0;1;0;0;0;0;0;0;1;1;0;0;0
"13/01/2025";"21:52:00";"683";"Sem vítima";"225,800";"BR-116/SP";"Decrescente";"Colisão traseira";2;0;0;0;0;0;0;0;0;0;1;0;0;0;0
"13/01/2025";"22:46:00";"696";"Com vítima";"165,600";"BR-116/SP";"Crescente";"Colisão traseira";0;0;2;0;0;0;0;0;0;0;2;2;0;0;0
"13/01/2025";"23:21:00";"703";"Sem vítima";"445,000";"BR-101/RJ";"Crescente";"Colisão lateral em sentido contrário";1;0;0;0;0;0;0;0;0;0;2;0;0;0;0
"13/01/2025";"23:31:00";"708";"Com vítima";"215,000";"BR-116/SP";"Decrescente";"Colisão traseira";1;0;0;1;0;0;0;0;0;0;0;1;0;0;0
"14/01/2025";"03:24:00";"74";"Com vítima";"188,100";"BR-116/SP";"Decrescente";"Colisão traseira";1;0;2;0;0;0;0;0;0;0;4;2;0;0;0
"14/01/2025";"06:10:00";"130";"Sem vítima";"218,500";"BR-116/SP";"Decrescente";"Colisão traseira";1;0;0;1;0;0;0;0;0;0;0;0;0;0;0
"14/01/2025";"06:34:00";"164";"Com vítima";"227,000";"BR-116/SP";"Crescente";"Colisão lateral em sentido contrário";1;0;0;1;0;0;0;0;0;0;2;1;0;0;0
"14/01/2025";"07:34:00";"235";"Com vítima";"218,200";"BR-116/SP";"Crescente";"Colisão lateral em sentido contrário";1;0;0;1;0;0;0;0;0;0;2;2;0;0;0
"14/01/2025";"08:20:00";"285";"Sem vítima";"138,000";"BR-116/SP";"Crescente";"Colisão lateral em sentido contrário";2;0;0;1;0;0;0;0;0;0;3;0;0;0;0
"14/01/2025";"08:28:00";"293";"Sem vítima";"288,200";"BR-116/RJ";"Crescente";"Choque";1;0;0;0;0;0;0;0;0;0;1;0;0;0;0
"14/01/2025";"10:58:00";"386";"Com vítima";"225,000";"BR-116/SP";"Decrescente";"Colisão lateral em sentido contrário";1;0;1;0;0;0;0;0;0;0;1;1;0;0;0
"14/01/2025";"12:07:00";"419";"Sem vítima";"60,000";"BR-116/SP";"Crescente";"Choque";1;0;0;0;0;0;0;0;0;0;0;0;0;0;0
"14/01/2025";"12:19:00";"423";"Sem vítima";"84,500";"BR-116/SP";"Crescente";"Colisão traseira";1;0;1;0;0;0;0;0;0;0;0;0;0;0;0
"14/01/2025";"12:34:00";"428";"Com vítima";"470,000";"BR-101/RJ";"Decrescente";"Colisão lateral em sentido contrário";1;0;0;1;0;0;0;0;0;0;0;0;1;1;0
"14/01/2025";"12:44:00";"434";"Com vítima";"69,000";"BR-116/SP";"Decrescente";"Colisão traseira";1;0;0;1;0;0;0;0;0;0;2;2;0;0;0
"14/01/2025";"13:52:00";"457";"Com vítima";"206,300";"BR-116/SP";"Decrescente";"Acidentes de outra natureza";0;0;0;1;0;0;0;0;0;0;1;0;0;0;1
"14/01/2025";"14:02:00";"468";"Sem vítima";"272,380";"BR-116/RJ";"Crescente";"Colisão traseira";1;0;2;0;0;0;0;0;0;0;2;0;0;0;0
"14/01/2025";"14:17:00";"478";"Com vítima";"425,000";"BR-101/RJ";"Decrescente";"Colisão lateral em sentido contrário";1;0;1;0;0;0;0;0;0;0;0;2;0;0;0
"14/01/2025";"15:57:00";"529";"Sem vítima";"514,000";"BR-101/RJ";"Decrescente";"Choque";1;0;0;0;0;0;0;0;0;0;1;0;0;0;0
"14/01/2025";"17:16:00";"571";"Com vítima";"51,200";"BR-116/SP";"Decrescente";"Acidentes de outra natureza";0;0;0;1;0;0;0;0;0;0;0;1;0;0;0
"14/01/2025";"21:50:00";"685";"Sem vítima";"156,200";"BR-116/SP";"Crescente";"Choque";0;0;0;0;0;0;0;1;0;0;1;0;0;0;0
"15/01/2025";"02:10:00";"49";"Com vítima";"113,300";"BR-116/SP";"Decrescente";"Choque";1;0;0;0;0;0;0;0;0;0;0;2;0;0;0
"15/01/2025";"06:51:00";"181";"Com vítima";"223,000";"BR-116/SP";"Crescente";"Acidentes de outra natureza";0;0;0;1;0;0;0;0;0;0;0;2;0;0;0
"15/01/2025";"07:03:00";"192";"Com vítima";"50,700";"BR-116/SP";"Crescente";"Acidentes de outra natureza";0;0;0;1;0;0;0;0;0;0;1;1;0;0;0
"15/01/2025";"07:57:00";"246";"Sem vítima";"495,000";"BR-101/RJ";"Crescente";"Colisão traseira";0;0;0;1;0;0;0;0;0;0;2;0;0;0;0
"15/01/2025";"08:40:00";"301";"Com vítima";"224,700";"BR-116/SP";"Crescente";"Engavetamento";2;0;1;0;0;0;0;0;0;0;1;3;0;0;0
"15/01/2025";"10:15:00";"365";"Sem vítima";"524,000";"BR-101/RJ";"Crescente";"Colisão lateral em sentido contrário";2;0;0;0;0;0;0;0;0;0;4;0;0;0;0
"15/01/2025";"12:55:00";"450";"Sem vítima";"238,870";"BR-116/RJ";"Decrescente";"Tombamento";0;0;1;0;0;0;0;0;0;0;1;0;0;0;0
"15/01/2025";"14:03:00";"499";"Com vítima";"231,000";"BR-116/SP";"Crescente";"Colisão traseira";1;0;0;1;0;0;0;0;0;0;1;1;0;0;0
"15/01/2025";"14:19:00";"513";"Sem vítima";"104,900";"BR-116/SP";"Crescente";"Engavetamento";3;0;0;0;0;0;0;0;0;0;5;0;0;0;0
"15/01/2025";"14:30:00";"520";"Sem vítima";"230,500";"BR-116/RJ";"Decrescente";"Colisão traseira";0;0;1;0;0;0;0;0;0;0;1;0;0;0;0
"15/01/2025";"14:42:00";"527";"Com vítima";"167,550";"BR-116/SP";"Crescente";"Acidentes de outra natureza";0;0;0;1;0;0;0;0;0;0;0;0;0;1;0
"15/01/2025";"16:05:00";"573";"Com vítima";"213,600";"BR-116/SP";"Decrescente";"Acidentes de outra natureza";0;0;0;1;0;0;0;0;0;0;0;2;0;0;0
"15/01/2025";"16:29:00";"587";"Com vítima";"50,400";"BR-116/SP";"Crescente";"Colisão traseira";1;0;0;1;0;0;0;0;0;0;1;1;0;0;0
"15/01/2025";"23:38:00";"750";"Com vítima";"223,300";"BR-116/SP";"Decrescente";"Choque";0;0;0;1;0;0;0;0;0;1;1;0;0;1;0
"16/01/2025";"00:41:00";"40";"Sem vítima";"216,500";"BR-116/SP";"Decrescente";"Atropelamento de pedestre";1;0;0;0;0;0;0;0;0;0;2;0;0;0;0
"16/01/2025";"06:39:00";"139";"Com vítima";"115,100";"BR-116/SP";"Crescente";"Acidentes de outra natureza";0;0;0;1;0;0;0;0;0;0;0;2;0;0;0
"16/01/2025";"06:53:00";"151";"Sem vítima";"291,200";"BR-116/RJ";"Decrescente";"Colisão traseira";1;0;0;0;0;0;0;0;0;0;1;0;0;0;0
"16/01/2025";"07:49:00";"208";"Com vítima";"220,000";"BR-116/SP";"Crescente";"Colisão traseira";0;1;0;1;0;0;0;0;0;0;0;1;0;0;0
"16/01/2025";"09:06:00";"270";"Com vítima";"219,000";"BR-116/SP";"Decrescente";"Colisão traseira";0;0;1;1;0;0;0;0;0;0;2;1;0;0;0
"16/01/2025";"10:58:00";"394";"Com vítima";"528,000";"BR-101/RJ";"Crescente";"Colisão frontal";2;0;0;0;0;0;0;0;0;0;0;4;1;0;0
"16/01/2025";"11:17:00";"400";"Com vítima";"53,800";"BR-116/SP";"Crescente";"Colisão traseira";1;0;0;0;0;0;0;1;0;0;2;1;0;0;0
"16/01/2025";"15:21:00";"531";"Com vítima";"156,100";"BR-116/SP";"Crescente";"Colisão traseira";1;0;0;1;0;0;0;0;0;0;10;1;0;0;0
"16/01/2025";"15:25:00";"534";"Sem vítima";"23,200";"BR-116/SP";"Crescente";"Choque";0;0;0;0;0;0;0;1;0;0;1;0;0;0;0
"16/01/2025";"17:25:00";"579";"Com vítima";"551,100";"BR-101/RJ";"Crescente";"Colisão lateral em sentido contrário";1;0;0;1;0;0;0;0;0;0;0;0;2;0;0
"16/01/2025";"18:05:00";"599";"Sem vítima";"385,900";"BR-101/RJ";"Decrescente";"Engavetamento";3;0;0;0;0;0;0;0;0;0;6;0;0;0;0
"16/01/2025";"20:05:00";"652";"Com vítima";"582,000";"BR-101/RJ";"Crescente";"Atropelamento de pedestre";0;0;0;1;0;0;0;0;0;0;0;1;0;0;0
"16/01/2025";"21:32:00";"691";"Sem vítima";"38,100";"BR-116/SP";"Crescente";"Colisão traseira";0;0;1;0;0;0;0;1;0;0;4;0;0;0;0
"16/01/2025";"22:32:00";"706";"Sem vítima";"162,800";"BR-116/SP";"Crescente";"Acidentes de outra natureza";1;0;0;0;0;0;0;0;0;0;2;0;0;0;0
"17/01/2025";"01:25:00";"42";"Com vítima";"407,400";"BR-101/RJ";"Crescente";"Choque";1;0;0;0;0;0;0;0;0;0;0;1;1;0;0
"17/01/2025";"05:49:00";"97";"Sem vítima";"570,000";"BR-101/RJ";"Crescente";"Choque";1;0;0;0;0;0;0;0;0;0;1;0;0;0;0
"17/01/2025";"06:24:00";"145";"Com vítima";"528,000";"BR-101/RJ";"Crescente";"Acidentes de outra natureza";1;0;0;0;0;0;0;0;0;0;0;0;1;0;0
"17/01/2025";"10:46:00";"388";"Sem vítima";"277,900";"BR-116/RJ";"Decrescente";"Colisão lateral em sentido contrário";1;0;1;0;0;0;0;0;0;0;4;0;0;0;0
"17/01/2025";"10:55:00";"395";"Com vítima";"295,500";"BR-116/RJ";"Decrescente";"Engavetamento";4;0;1;0;0;0;0;0;0;0;0;2;0;0;0
"17/01/2025";"11:01:00";"151";"Com vítima";"225,500";"BR-116/SP";"Crescente";"Colisão lateral em sentido contrário";1;0;1;1;0;0;0;0;0;0;6;0;0;2;0
"17/01/2025";"11:02:00";"403";"Com vítima";"481,000";"BR-101/RJ";"Crescente";"Colisão lateral em sentido contrário";1;0;0;1;0;0;0;0;0;0;1;3;3;0;0
"17/01/2025";"11:04:00";"404";"Com vítima";"415,000";"BR-101/RJ";"Decrescente";"Colisão lateral em sentido contrário";2;0;0;0;0;0;0;0;0;0;3;1;0;0;0