data;horario;n_da_ocorrencia;tipo_de_ocorrencia;km;trecho;sentido;tipo_de_acidente;automovel;bicicleta;caminhao;moto;onibus;outros;tracao_animal;transporte_de_cargas_especiais;trator_maquinas;utilitarios;ilesos;levemente_feridos;moderadamente_feridos;gravemente_feridos;mortos
"17/01/2025";"11:36:00";"419";"Com vítima";"504,100";"BR-101/RJ";"Crescente";"Colisão traseira";0;0;1;1;0;0;0;0;0;0;1;1;0;0;0
"17/01/2025";"13:16:00";"470";"Com vítima";"228,800";"BR-116/SP";"Decrescente";"Colisão traseira";0;0;0;2;0;0;0;0;0;0;0;1;1;0;0
"17/01/2025";"14:01:00";"496";"Sem vítima";"142,000";"BR-116/SP";"Decrescente";"Colisão traseira";3;0;0;0;0;0;0;0;0;0;10;0;0;0;0
"17/01/2025";"14:33:00";"511";"Com vítima";"144,000";"BR-116/SP";"Decrescente";"Colisão traseira";0;0;0;2;0;0;0;0;0;0;1;1;0;0;0
"17/01/2025";"15:30:00";"542";"Sem vítima";"251,000";"BR-116/RJ";"Decrescente";"Colisão lateral em sentido contrário";2;0;0;0;0;0;0;0;0;0;4;0;0;0;0
"17/01/2025";"15:51:00";"554";"Sem vítima";"417,000";"BR-101/RJ";"Crescente";"Choque";0;0;0;0;0;0;0;0;0;0;0;0;0;0;0
"17/01/2025";"17:06:00";"591";"Sem vítima";"385,100";"BR-101/RJ";"Crescente";"Choque";2;0;0;0;0;0;0;0;0;0;0;0;0;0;0
"17/01/2025";"17:31:00";"598";"Com vítima";"110,900";"BR-116/SP";"Decrescente";"Capotamento";1;0;0;0;0;0;0;0;0;0;0;1;0;0;0
"17/01/2025";"17:31:00";"599";"Sem vítima";"221,100";"BR-116/SP";"Crescente";"Acidentes de outra natureza";0;0;0;1;0;0;0;0;0;0;2;0;0;0;0
"17/01/2025";"18:03:00";"622";"Com vítima";"217,500";"BR-116/SP";"Decrescente";"Colisão lateral em sentido contrário";1;0;0;0;0;0;0;0;0;0;0;1;0;0;0
"17/01/2025";"19:34:00";"681";"Sem vítima";"169,700";"BR-116/SP";"Crescente";"Choque";0;0;0;0;0;0;0;0;0;1;1;0;0;0;0
"17/01/2025";"20:21:00";"713";"Com vítima";"384,000";"BR-101/RJ";"Decrescente";"Acidentes de outra natureza";0;0;0;1;0;0;0;0;0;0;0;0;0;1;0
"17/01/2025";"21:37:00";"759";"Sem vítima";"14,100";"BR-116/SP";"Crescente";"Colisão lateral em sentido contrário";1;0;1;0;0;0;0;0;0;0;4;0;0;0;0
"17/01/2025";"21:47:00";"765";"Com vítima";"406,100";"BR-101/RJ";"Crescente";"Colisão lateral em sentido contrário";1;0;0;1;0;0;0;0;0;0;1;0;1;0;0
"17/01/2025";"22:42:00";"782";"Com vítima";"109,200";"BR-116/SP";"Decrescente";"Acidentes de outra natureza";0;0;0;1;0;0;0;0;0;0;0;4;0;0;0
"17/01/2025";"23:08:00";"789";"Sem vítima";"227,200";"BR-116/SP";"Decrescente";"Colisão traseira";2;0;1;0;0;0;0;0;0;0;3;0;0;0;0
"18/01/2025";"00:00:00";"301";"Sem vítima";"574,500";"BR-101/RJ";"Crescente";"Engavetamento";2;0;0;0;0;0;0;0;0;0;4;0;0;0;0
"18/01/2025";"00:00:00";"342";"Com vítima";"47,000";"BR-101/SP";"Crescente";"Colisão transversal";1;0;0;1;0;0;0;0;0;0;3;1;1;0;0
"18/01/2025";"02:05:00";"43";"Sem vítima";"172,200";"BR-116/SP";"Decrescente";"Choque";0;0;1;0;0;0;0;0;0;0;1;0;0;0;0
"18/01/2025";"04:53:00";"79";"Com vítima";"225,000";"BR-116/SP";"Crescente";"Choque";0;0;0;1;0;0;0;0;0;0;0;2;0;0;0
"18/01/2025";"05:06:00";"87";"Sem vítima";"155,900";"BR-116/SP";"Decrescente";"Colisão traseira";2;0;0;0;0;0;0;0;0;0;5;0;0;0;0
"18/01/2025";"05:09:00";"88";"Com vítima";"297,300";"BR-116/RJ";"Crescente";"Atropelamento de pedestre";0;0;0;0;0;0;0;0;0;0;0;0;1;0;0
"18/01/2025";"06:03:00";"115";"Sem vítima";"220,900";"BR-116/SP";"Decrescente";"Colisão lateral em sentido contrário";1;0;0;0;0;0;0;0;0;0;1;0;0;0;0
"18/01/2025";"06:42:00";"145";"Com vítima";"479,000";"BR-101/RJ";"Decrescente";"Acidentes de outra natureza";0;0;0;1;0;0;0;0;0;0;0;0;1;0;0
"18/01/2025";"09:52:00";"289";"Com vítima";"145,000";"BR-116/SP";"Decrescente";"Colisão traseira";1;0;0;0;1;0;0;0;0;0;39;1;0;0;0
"18/01/2025";"10:18:00";"310";"Com vítima";"112,500";"BR-116/SP";"Decrescente";"Colisão traseira";1;0;0;1;0;0;0;0;0;0;10;4;0;0;0
"18/01/2025";"10:32:00";"324";"Com vítima";"212,900";"BR-116/SP";"Crescente";"Colisão traseira";1;0;1;0;0;0;0;0;0;0;0;0;2;1;0
"18/01/2025";"11:18:00";"346";"Com vítima";"31,700";"BR-116/SP";"Crescente";"Acidentes de outra natureza";0;0;0;1;0;0;0;0;0;0;0;2;0;0;0
"18/01/2025";"12:19:00";"398";"Sem vítima";"153,450";"BR-116/SP";"Decrescente";"Colisão traseira";1;0;0;0;0;0;0;1;0;0;3;0;0;0;0
"18/01/2025";"12:44:00";"409";"Sem vítima";"282,800";"BR-116/RJ";"Decrescente";"Engavetamento";4;0;0;0;0;0;0;0;0;0;5;0;0;0;0
"18/01/2025";"15:02:00";"490";"Com vítima";"277,850";"BR-116/RJ";"Decrescente";"Capotamento";1;0;0;0;0;0;0;0;0;0;0;1;0;0;0
"18/01/2025";"15:13:00";"497";"Sem vítima";"107,000";"BR-116/SP";"Decrescente";"Colisão traseira";1;0;0;0;0;0;0;0;0;0;1;0;0;0;0
"18/01/2025";"17:02:00";"548";"Com vítima";"421,000";"BR-101/RJ";"Crescente";"Colisão transversal";1;0;0;1;0;0;0;0;0;0;3;0;2;0;0
"18/01/2025";"17:55:00";"574";"Sem vítima";"320,400";"BR-116/RJ";"Decrescente";"Choque";1;0;0;0;0;0;0;0;0;0;3;0;0;0;0
"18/01/2025";"18:09:00";"582";"Sem vítima";"389,000";"BR-101/RJ";"Crescente";"Colisão traseira";2;0;0;0;0;0;0;1;0;0;4;0;0;0;0
"18/01/2025";"18:27:00";"594";"Sem vítima";"318,000";"BR-116/RJ";"Decrescente";"Colisão frontal";1;0;0;1;0;0;0;0;0;0;2;0;0;0;0
"18/01/2025";"20:27:00";"622";"Com vítima";"30,200";"BR-101/SP";"Crescente";"Colisão lateral em sentido contrário";1;0;0;1;0;0;0;0;0;0;0;1;0;0;0
"19/01/2025";"00:00:00";"193";"Com vítima";"487,000";"BR-101/RJ";"Decrescente";"Atropelamento de pedestre";1;1;0;0;0;0;0;0;0;0;1;0;0;0;0
"19/01/2025";"00:36:00";"31";"Sem vítima";"451,600";"BR-101/RJ";"Decrescente";"Choque";1;0;0;0;0;0;0;0;0;0;1;0;0;0;0
"19/01/2025";"02:03:00";"41";"Com vítima";"424,000";"BR-101/RJ";"Decrescente";"Colisão frontal";2;0;0;0;0;0;0;0;0;0;0;0;5;0;0
"19/01/2025";"02:57:00";"49";"Sem vítima";"157,700";"BR-116/SP";"Crescente";"Choque";1;0;0;0;0;0;0;0;0;0;1;0;0;0;0
"19/01/2025";"04:51:00";"62";"Com vítima";"228,600";"BR-116/SP";"Decrescente";"Choque";1;0;0;0;0;0;0;0;0;0;0;1;0;0;0
"19/01/2025";"07:21:00";"131";"Sem vítima";"224,050";"BR-116/SP";"Decrescente";"Engavetamento";2;0;0;0;0;0;0;0;0;0;2;0;0;0;0
"19/01/2025";"07:23:00";"133";"Sem vítima";"271,900";"BR-116/RJ";"Decrescente";"Colisão traseira";0;0;2;0;0;0;0;0;0;0;2;0;0;0;0
"19/01/2025";"08:32:00";"178";"Com vítima";"94,400";"BR-116/SP";"Decrescente";"Engavetamento";3;0;0;0;0;0;0;0;0;0;7;2;0;0;0
"19/01/2025";"09:37:00";"219";"Com vítima";"263,600";"BR-116/RJ";"Decrescente";"Choque";0;0;1;0;0;0;0;0;0;0;0;0;1;0;0
"19/01/2025";"10:23:00";"239";"Com vítima";"313,800";"BR-116/RJ";"Crescente";"Colisão lateral em sentido contrário";1;0;0;0;0;0;0;0;0;0;8;2;0;0;0
"19/01/2025";"11:15:00";"265";"Sem vítima";"425,300";"BR-101/RJ";"Decrescente";"Colisão transversal";1;0;0;0;0;0;0;0;0;0;1;0;0;0;0
"19/01/2025";"14:07:00";"359";"Sem vítima";"72,400";"BR-116/SP";"Crescente";"Colisão lateral em sentido contrário";2;0;0;0;0;1;0;0;0;0;5;0;0;0;0
"19/01/2025";"14:53:00";"386";"Com vítima";"261,150";"BR-116/RJ";"Decrescente";"Acidentes de outra natureza";0;0;0;1;0;0;0;0;0;0;0;1;1;0;0
"19/01/2025";"15:02:00";"391";"Sem vítima";"213,000";"BR-116/SP";"Crescente";"Colisão lateral em sentido contrário";3;0;0;0;0;0;0;0;0;0;5;0;0;0;0
"19/01/2025";"15:18:00";"397";"Com vítima";"108,800";"BR-116/SP";"Crescente";"Colisão lateral em sentido contrário";1;0;0;1;0;0;0;0;0;0;3;1;0;0;0
"19/01/2025";"15:47:00";"408";"Sem vítima";"86,500";"BR-116/SP";"Crescente";"Colisão traseira";2;0;0;0;0;0;0;0;0;0;10;0;0;0;0
"19/01/2025";"15:52:00";"413";"Sem vítima";"428,000";"BR-101/RJ";"Crescente";"Colisão traseira";1;0;0;0;0;0;0;0;0;0;1;0;0;0;0
"19/01/2025";"15:57:00";"415";"Com vítima";"420,000";"BR-101/RJ";"Decrescente";"Acidentes de outra natureza";0;0;0;1;0;0;0;0;0;0;0;2;0;0;0
"19/01/2025";"16:31:00";"444";"Sem vítima";"92,800";"BR-116/SP";"Crescente";"Colisão traseira";2;0;0;0;0;0;0;0;0;0;3;0;0;0;0
"19/01/2025";"17:47:00";"455";"Com vítima";"428,100";"BR-101/RJ";"Decrescente";"Engavetamento";3;0;0;0;0;0;0;0;0;0;12;0;2;0;0
"19/01/2025";"18:23:00";"488";"Sem vítima";"94,500";"BR-116/SP";"Crescente";"Colisão traseira";2;0;0;0;0;0;0;0;0;0;8;0;0;0;0
"19/01/2025";"18:31:00";"502";"Com vítima";"429,000";"BR-101/RJ";"Decrescente";"Choque";1;0;0;0;0;0;0;0;0;0;1;1;0;0;0
"19/01/2025";"19:12:00";"526";"Sem vítima";"103,800";"BR-116/SP";"Crescente";"Colisão traseira";1;0;0;0;0;0;0;0;0;0;0;0;0;0;0
"19/01/2025";"19:27:00";"537";"Sem vítima";"42,900";"BR-116/SP";"Crescente";"Choque";0;0;1;0;0;0;0;0;0;0;0;0;0;0;0
"19/01/2025";"20:03:00";"571";"Com vítima";"225,500";"BR-116/SP";"Decrescente";"Colisão lateral em sentido contrário";1;0;0;1;0;0;0;0;0;0;6;2;0;0;0
"19/01/2025";"21:08:00";"595";"Com vítima";"224,800";"BR-116/SP";"Crescente";"Colisão lateral em sentido contrário";0;0;0;1;0;0;0;0;0;0;0;1;0;0;0
"19/01/2025";"21:29:00";"605";"Com vítima";"293,300";"BR-116/RJ";"Decrescente";"Atropelamento de pedestre";2;0;0;0;0;0;0;0;0;0;6;2;1;0;0
"19/01/2025";"22:42:00";"633";"Com vítima";"164,350";"BR-116/SP";"Crescente";"Acidentes de outra natureza";0;0;1;1;0;0;0;0;0;0;1;0;1;0;1
"19/01/2025";"23:29:00";"644";"Com vítima";"64,700";"BR-116/SP";"Crescente";"Atropelamento de pedestre";0;0;0;1;0;0;0;0;0;0;0;1;0;0;0
"20/01/2025";"00:00:00";"806";"Sem vítima";"249,100";"BR-116/RJ";"Crescente";"Colisão traseira";0;0;0;0;0;0;0;2;0;0;3;0;0;0;0
"20/01/2025";"02:03:00";"35";"Com vítima";"38,000";"BR-116/SP";"Crescente";"Choque";1;0;0;0;0;0;0;0;0;0;0;0;1;0;0
"20/01/2025";"06:31:00";"111";"Sem vítima";"297,000";"BR-116/RJ";"Crescente";"Colisão lateral em sentido contrário";1;0;0;0;0;0;0;0;0;0;2;0;0;0;0
"20/01/2025";"07:11:00";"160";"Sem vítima";"418,000";"BR-101/RJ";"Decrescente";"Colisão traseira";2;0;0;0;0;0;0;0;0;0;5;0;0;0;0
"20/01/2025";"08:10:00";"227";"Sem vítima";"159,000";"BR-116/SP";"Decrescente";"Colisão traseira";1;0;0;0;0;0;0;0;0;0;1;0;0;0;0
"20/01/2025";"08:38:00";"256";"Sem vítima";"146,000";"BR-116/SP";"Crescente";"Colisão traseira";1;0;0;0;0;0;0;0;0;0;2;0;0;0;0
"20/01/2025";"08:49:00";"264";"Sem vítima";"396,700";"BR-101/RJ";"Crescente";"Colisão traseira";1;0;0;0;0;0;0;0;0;0;1;0;0;0;0
"20/01/2025";"09:26:00";"274";"Com vítima";"431,900";"BR-101/RJ";"Crescente";"Colisão traseira";2;0;1;0;0;0;0;0;0;0;4;1;0;0;0
"20/01/2025";"09:36:00";"297";"Com vítima";"451,300";"BR-101/RJ";"Decrescente";"Choque";0;0;1;0;0;0;0;0;0;0;1;1;0;0;0
"20/01/2025";"09:37:00";"300";"Sem vítima";"281,000";"BR-116/RJ";"Crescente";"Engavetamento";2;0;1;0;0;0;0;0;0;0;4;0;0;0;0
"20/01/2025";"09:58:00";"334";"Com vítima";"533,200";"BR-101/RJ";"Decrescente";"Atropelamento de pedestre";1;0;0;0;0;0;0;0;0;0;2;1;0;0;0
"20/01/2025";"11:44:00";"393";"Sem vítima";"259,300";"BR-116/RJ";"Decrescente";"Colisão traseira";2;0;0;0;0;0;0;0;0;0;4;0;0;0;0
"20/01/2025";"11:51:00";"398";"Com vítima";"140,750";"BR-116/SP";"Crescente";"Engavetamento";3;0;0;0;0;0;0;0;0;0;10;2;0;0;0
"20/01/2025";"13:46:00";"476";"Com vítima";"143,000";"BR-116/SP";"Crescente";"Colisão traseira";0;0;0;2;0;0;0;0;0;0;1;1;0;0;0
"20/01/2025";"13:59:00";"483";"Com vítima";"211,000";"BR-116/SP";"Crescente";"Acidentes de outra natureza";0;0;0;1;0;0;0;0;0;0;0;0;1;0;0
"20/01/2025";"14:11:00";"489";"Sem vítima";"588,000";"BR-101/RJ";"Crescente";"Colisão traseira";2;0;0;0;0;0;0;0;0;0;6;0;0;0;0
"20/01/2025";"14:39:00";"512";"Sem vítima";"219,000";"BR-116/SP";"Crescente";"Acidentes de outra natureza";0;0;0;1;0;0;0;0;0;0;0;0;0;0;0
"20/01/2025";"14:52:00";"525";"Sem vítima";"201,100";"BR-116/SP";"Crescente";"Colisão traseira";0;0;0;0;1;0;0;0;0;0;50;0;0;0;0
"20/01/2025";"15:04:00";"536";"Sem vítima";"43,000";"BR-116/SP";"Decrescente";"Colisão lateral em sentido contrário";1;0;0;0;0;0;0;0;0;0;2;0;0;0;0
"20/01/2025";"15:13:00";"543";"Sem vítima";"219,000";"BR-116/SP";"Decrescente";"Colisão traseira";1;0;0;0;0;0;0;0;0;0;1;0;0;0;0
"20/01/2025";"15:54:00";"562";"Com vítima";"73,400";"BR-116/SP";"Decrescente";"Colisão traseira";1;0;0;1;0;0;0;0;0;0;1;0;1;0;0
"20/01/2025";"15:56:00";"566";"Sem vítima";"86,950";"BR-116/SP";"Decrescente";"Colisão traseira";2;0;0;0;0;0;0;0;0;0;10;0;0;0;0
"20/01/2025";"17:12:00";"610";"Sem vítima";"62,000";"BR-116/SP";"Decrescente";"Engavetamento";4;0;0;0;0;0;0;0;0;0;0;0;0;0;0
"20/01/2025";"17:13:00";"611";"Sem vítima";"62,000";"BR-116/SP";"Decrescente";"Colisão traseira";0;0;0;0;0;1;0;1;0;1;1;0;0;0;0
"20/01/2025";"17:14:00";"613";"Sem vítima";"140,100";"BR-116/SP";"Crescente";"Engavetamento";5;0;0;0;0;0;0;0;0;0;9;0;0;0;0
"20/01/2025";"17:14:00";"614";"Sem vítima";"484,000";"BR-101/RJ";"Decrescente";"Colisão traseira";1;0;0;0;0;0;0;0;0;0;1;0;0;0;0
"20/01/2025";"17:15:00";"615";"Com vítima";"140,000";"BR-116/SP";"Decrescente";"Colisão lateral em sentido contrário";1;0;0;0;0;0;0;0;0;0;1;2;0;0;0
"20/01/2025";"18:24:00";"658";"Sem vítima";"142,700";"BR-116/SP";"Decrescente";"Colisão traseira";1;0;0;1;0;0;0;0;0;0;8;0;0;0;0
"20/01/2025";"19:53:00";"721";"Com vítima";"45,500";"BR-101/SP";"Decrescente";"Atropelamento de pedestre";0;0;0;0;0;0;0;0;0;0;0;1;0;0;0
"20/01/2025";"20:00:00";"725";"Sem vítima";"220,800";"BR-116/SP";"Crescente";"Colisão traseira";1;0;0;0;0;0;0;0;0;0;1;0;0;0;0
"20/01/2025";"20:30:00";"744";"Com vítima";"384,000";"BR-101/RJ";"Decrescente";"Colisão transversal";0;0;0;1;1;0;0;0;0;0;1;1;0;0;0
"20/01/2025";"23:14:00";"826";"Sem vítima";"287,000";"BR-116/RJ";"Decrescente";"Tombamento";0;0;1;0;0;0;0;0;0;0;0;0;0;0;0
"21/01/2025";"00:00:00";"520";"Sem vítima";"219,000";"BR-116/SP";"Decrescente";"Colisão traseira";1;0;1;0;0;0;0;0;0;0;2;0;0;0;0
"21/01/2025";"07:57:00";"279";"Sem vítima";"434,000";"BR-101/RJ";"Crescente";"Choque";1;0;0;0;0;0;0;0;0;0;4;0;0;0;0
"21/01/2025";"09:50:00";"382";"Sem vítima";"141,500";"BR-116/SP";"Decrescente";"Colisão lateral em sentido contrário";1;0;0;0;0;0;0;1;0;0;3;0;0;0;0
"21/01/2025";"11:16:00";"453";"Com vítima";"429,000";"BR-101/RJ";"Decrescente";"Colisão lateral em sentido contrário";1;0;0;0;0;0;0;0;0;0;1;1;0;0;0
"21/01/2025";"12:29:00";"500";"Com vítima";"264,600";"BR-116/RJ";"Crescente";"Acidentes de outra natureza";0;0;0;1;0;0;0;0;0;0;0;1;1;0;0
"21/01/2025";"13:01:00";"516";"Sem vítima";"196,000";"BR-116/SP";"Crescente";"Colisão traseira";0;0;1;0;0;0;0;0;0;0;1;0;0;0;0
"21/01/2025";"14:07:00";"560";"Com vítima";"455,000";"BR-101/RJ";"Crescente";"Colisão traseira";1;0;0;0;0;0;0;0;0;1;3;1;0;0;0
"21/01/2025";"15:41:00";"625";"Sem vítima";"40,000";"BR-116/SP";"Decrescente";"Engavetamento";2;0;0;0;0;0;0;0;0;0;10;0;0;0;0
"21/01/2025";"16:16:00";"645";"Com vítima";"281,050";"BR-116/RJ";"Crescente";"Capotamento";1;0;0;0;0;0;0;0;0;0;0;1;0;0;0
"21/01/2025";"16:19:00";"646";"Sem vítima";"138,200";"BR-116/SP";"Decrescente";"Acidentes de outra natureza";0;0;0;1;0;0;0;0;0;0;2;0;0;0;0
"21/01/2025";"16:27:00";"649";"Sem vítima";"230,100";"BR-116/SP";"Decrescente";"Engavetamento";2;0;1;0;0;0;0;0;0;0;3;0;0;0;0
"21/01/2025";"17:34:00";"689";"Sem vítima";"206,500";"BR-116/SP";"Crescente";"Colisão lateral em sentido contrário";1;0;1;0;0;0;0;0;0;0;6;0;0;0;0
"21/01/2025";"18:21:00";"714";"Com vítima";"221,800";"BR-116/SP";"Crescente";"Colisão lateral em sentido contrário";1;0;0;1;0;0;0;0;0;0;1;0;1;0;0
"21/01/2025";"18:29:00";"720";"Com vítima";"214,600";"BR-116/SP";"Decrescente";"Atropelamento de pedestre";0;0;1;0;0;0;0;0;0;0;2;1;0;0;0
"21/01/2025";"19:13:00";"757";"Sem vítima";"115,400";"BR-116/SP";"Decrescente";"Engavetamento";2;0;1;0;0;0;0;0;0;1;22;0;0;0;0
"21/01/2025";"20:02:00";"790";"Sem vítima";"149,500";"BR-116/SP";"Crescente";"Engavetamento";2;0;0;0;0;0;0;0;0;0;1;0;0;0;0
"21/01/2025";"20:21:00";"801";"Sem vítima";"211,200";"BR-116/SP";"Decrescente";"Tombamento";0;0;0;0;0;0;0;1;0;0;1;0;0;0;0
"22/01/2025";"00:19:00";"35";"Com vítima";"277,400";"BR-116/RJ";"Crescente";"Acidentes de outra natureza";0;0;0;1;0;0;0;0;0;0;0;2;0;0;0
"22/01/2025";"00:21:00";"36";"Sem vítima";"193,100";"BR-116/SP";"Decrescente";"Choque";0;0;0;0;0;0;0;0;0;0;0;0;0;0;0
"22/01/2025";"04:31:00";"85";"Sem vítima";"423,000";"BR-101/RJ";"Decrescente";"Acidentes de outra natureza";0;0;0;1;0;0;0;0;0;0;1;0;0;0;0
"22/01/2025";"05:20:00";"103";"Com vítima";"104,800";"BR-116/SP";"Decrescente";"Choque";0;0;1;0;0;0;0;1;0;0;1;0;0;0;2
"22/01/2025";"07:13:00";"230";"Com vítima";"112,000";"BR-116/SP";"Decrescente";"Colisão traseira";1;0;0;1;0;0;0;0;0;0;1;1;0;0;0
"22/01/2025";"09:15:00";"368";"Com vítima";"125,200";"BR-116/SP";"Crescente";"Tombamento";0;0;0;0;0;0;0;1;0;0;0;0;1;0;0
"22/01/2025";"09:53:00";"402";"Sem vítima";"136,500";"BR-116/SP";"Decrescente";"Choque";0;0;1;0;0;0;0;0;0;0;1;0;0;0;0
"22/01/2025";"10:10:00";"410";"Sem vítima";"491,000";"BR-101/RJ";"Crescente";"Capotamento";1;0;0;0;0;0;0;0;0;0;1;0;0;0;0
"22/01/2025";"14:34:00";"554";"Com vítima";"508,000";"BR-101/RJ";"Crescente";"Colisão traseira";2;0;0;0;0;0;0;0;0;0;3;1;1;0;0
"22/01/2025";"16:35:00";"622";"Com vítima";"58,000";"BR-116/SP";"Crescente";"Colisão traseira";1;0;0;1;0;0;0;0;0;0;1;1;0;0;0
"22/01/2025";"17:47:00";"659";"Sem vítima";"322,000";"BR-116/RJ";"Decrescente";"Colisão traseira";1;0;1;0;0;0;0;0;0;0;4;0;0;0;0
"22/01/2025";"19:54:00";"735";"Com vítima";"45,500";"BR-101/SP";"Crescente";"Colisão traseira";0;0;0;1;0;0;0;0;0;0;0;1;0;0;0
"22/01/2025";"19:58:00";"738";"Com vítima";"231,000";"BR-116/RJ";"Decrescente";"Acidentes de outra natureza";0;0;0;1;0;0;0;0;0;0;0;1;0;0;0
"22/01/2025";"21:56:00";"792";"Com vítima";"199,050";"BR-116/SP";"Crescente";"Engavetamento";3;0;0;0;0;0;0;0;0;0;5;1;0;0;0
"22/01/2025";"22:49:00";"813";"Sem vítima";"257,700";"BR-116/RJ";"Decrescente";"Colisão traseira";1;0;0;0;0;0;0;0;0;0;2;0;0;0;0
"22/01/2025";"23:38:00";"825";"Sem vítima";"216,100";"BR-116/SP";"Crescente";"Choque";1;0;0;0;0;0;0;0;0;0;0;0;0;0;0
"22/01/2025";"23:44:00";"829";"Com vítima";"66,800";"BR-116/SP";"Crescente";"Colisão traseira";1;0;0;1;0;0;0;0;0;0;1;1;0;0;0
"22/01/2025";"23:55:00";"835";"Sem vítima";"213,100";"BR-116/SP";"Decrescente";"Colisão traseira";1;0;0;0;0;0;0;0;0;0;1;0;0;0;0
"23/01/2025";"00:12:00";"32";"Com vítima";"160,600";"BR-116/SP";"Decrescente";"Colisão traseira";1;0;0;1;0;0;0;0;0;0;2;2;0;0;0
"23/01/2025";"05:06:00";"73";"Sem vítima";"266,500";"BR-116/RJ";"Decrescente";"Choque";0;0;1;0;0;0;0;0;0;0;1;0;0;0;0
"23/01/2025";"05:09:00";"76";"Sem vítima";"389,000";"BR-101/RJ";"Crescente";"Colisão frontal";1;0;0;1;0;0;0;0;0;0;0;0;0;0;0
"23/01/2025";"06:52:00";"191";"Com vítima";"219,700";"BR-116/SP";"Crescente";"Colisão lateral em sentido contrário";1;0;0;1;0;0;0;0;0;0;2;1;0;0;0
"23/01/2025";"07:20:00";"229";"Com vítima";"219,700";"BR-116/SP";"Crescente";"Colisão traseira";2;0;0;0;0;0;0;0;0;0;2;1;0;0;0
"23/01/2025";"10:01:00";"406";"Com vítima";"64,100";"BR-116/SP";"Crescente";"Colisão lateral em sentido contrário";1;0;0;0;0;0;0;1;0;0;1;0;1;0;0
"23/01/2025";"12:39:00";"496";"Com vítima";"304,800";"BR-116/RJ";"Decrescente";"Engavetamento";1;0;2;0;0;0;0;1;0;0;2;1;1;0;0
"23/01/2025";"14:00:00";"559";"Sem vítima";"211,000";"BR-116/SP";"Crescente";"Colisão traseira";2;0;0;0;0;0;0;0;0;0;1;0;0;0;0
"23/01/2025";"14:22:00";"576";"Sem vítima";"212,000";"BR-116/SP";"Crescente";"Colisão traseira";1;0;1;0;0;0;0;0;0;0;2;0;0;0;0
"23/01/2025";"15:08:00";"600";"Sem vítima";"284,000";"BR-116/RJ";"Decrescente";"Colisão traseira";2;0;0;0;0;0;0;0;0;0;0;0;0;0;0
"23/01/2025";"15:45:00";"621";"Sem vítima";"211,000";"BR-116/SP";"Decrescente";"Engavetamento";2;0;0;0;0;0;0;0;0;1;8;0;0;0;0
"23/01/2025";"16:05:00";"631";"Com vítima";"436,800";"BR-101/RJ";"Decrescente";"Choque";0;0;1;0;0;0;0;0;0;0;0;3;0;0;0
"23/01/2025";"16:10:00";"638";"Com vítima";"331,000";"BR-116/RJ";"Decrescente";"Choque";0;0;0;0;0;0;0;1;0;0;0;0;2;0;0
"23/01/2025";"16:34:00";"644";"Sem vítima";"335,700";"BR-116/RJ";"Crescente";"Tombamento";0;0;1;0;0;0;0;0;0;0;2;0;0;0;0
"23/01/2025";"16:46:00";"650";"Com vítima";"332,000";"BR-116/RJ";"Decrescente";"Colisão traseira";1;0;0;0;0;0;0;1;0;0;2;0;4;6;0
"23/01/2025";"17:12:00";"668";"Com vítima";"225,000";"BR-116/RJ";"Crescente";"Acidentes de outra natureza";0;0;0;1;0;0;0;0;0;0;0;0;1;0;0
"23/01/2025";"17:29:00";"677";"Sem vítima";"109,700";"BR-116/SP";"Crescente";"Colisão lateral em sentido contrário";1;0;0;0;0;0;0;0;0;0;1;0;0;0;0
"23/01/2025";"17:38:00";"680";"Com vítima";"261,400";"BR-116/RJ";"Crescente";"Colisão traseira";2;0;0;0;0;0;0;0;0;0;2;1;0;0;0
"23/01/2025";"17:44:00";"684";"Com vítima";"223,000";"BR-116/SP";"Decrescente";"Colisão lateral em sentido contrário";1;0;0;1;0;0;0;0;0;0;2;2;0;0;0
"23/01/2025";"17:53:00";"689";"Sem vítima";"424,000";"BR-101/RJ";"Decrescente";"Colisão lateral em sentido contrário";2;0;1;0;0;0;0;0;0;0;0;0;0;0;0
"23/01/2025";"17:56:00";"691";"Com vítima";"218,100";"BR-116/SP";"Decrescente";"Colisão lateral em sentido contrário";0;0;1;1;0;0;0;0;0;0;1;2;0;0;0
"23/01/2025";"18:59:00";"721";"Sem vítima";"317,000";"BR-116/RJ";"Decrescente";"Choque";1;0;0;0;0;0;0;0;0;0;6;0;0;0;0
"23/01/2025";"21:38:00";"799";"Com vítima";"384,000";"BR-101/RJ";"Decrescente";"Choque";1;0;1;0;0;0;0;0;0;0;2;4;0;0;0
"24/01/2025";"00:00:00";"383";"Sem vítima";"232,100";"BR-116/RJ";"Decrescente";"Colisão traseira";0;0;1;0;0;0;0;0;0;0;1;0;0;0;0
"24/01/2025";"01:07:00";"44";"Com vítima";"227,900";"BR-116/SP";"Decrescente";"Colisão traseira";0;0;0;0;1;0;0;1;0;0;5;7;0;0;0