data;horario;n_da_ocorrencia;tipo_de_ocorrencia;km;trecho;sentido;tipo_de_acidente;automovel;bicicleta;caminhao;moto;onibus;outros;tracao_animal;transporte_de_cargas_especiais;trator_maquinas;utilitarios;ilesos;levemente_feridos;moderadamente_feridos;gravemente_feridos;mortos
"24/01/2025";"02:29:00";"58";"Com vítima";"176,900";"BR-116/SP";"Crescente";"Colisão traseira";1;0;2;0;0;0;0;0;0;0;0;1;0;0;0
"24/01/2025";"04:35:00";"85";"Sem vítima";"123,100";"BR-116/SP";"Crescente";"Colisão traseira";0;0;1;0;0;0;0;1;0;0;1;0;0;0;0
"24/01/2025";"09:27:00";"376";"Com vítima";"51,000";"BR-101/SP";"Decrescente";"Colisão lateral em sentido contrário";0;1;0;1;0;0;0;0;0;0;0;1;0;0;0
"24/01/2025";"10:05:00";"401";"Sem vítima";"51,000";"BR-101/SP";"Crescente";"Engavetamento";3;0;0;0;0;0;0;0;0;0;3;0;0;0;0
"24/01/2025";"11:14:00";"440";"Sem vítima";"93,000";"BR-116/SP";"Crescente";"Engavetamento";3;0;0;0;0;0;0;0;0;0;16;0;0;0;0
"24/01/2025";"11:45:00";"453";"Com vítima";"226,500";"BR-116/SP";"Crescente";"Colisão lateral em sentido contrário";0;0;1;1;0;0;0;0;0;0;2;0;1;0;0
"24/01/2025";"11:55:00";"463";"Sem vítima";"529,800";"BR-101/RJ";"Decrescente";"Choque";1;0;1;0;0;0;0;0;0;0;6;0;0;0;0
"24/01/2025";"12:27:00";"483";"Com vítima";"416,500";"BR-101/RJ";"Crescente";"Atropelamento de pedestre";1;0;0;0;0;0;0;0;0;0;1;0;1;0;0
"24/01/2025";"13:16:00";"514";"Com vítima";"141,200";"BR-116/SP";"Decrescente";"Choque";1;0;0;0;0;0;0;0;0;0;0;2;0;0;0
"24/01/2025";"14:13:00";"548";"Com vítima";"557,000";"BR-101/RJ";"Decrescente";"Tombamento";0;0;1;0;0;0;0;0;0;0;0;0;1;0;0
"24/01/2025";"14:17:00";"551";"Com vítima";"214,000";"BR-116/SP";"Decrescente";"Engavetamento";2;0;0;0;1;0;0;0;0;0;24;2;0;0;0
"24/01/2025";"15:55:00";"606";"Sem vítima";"226,100";"BR-116/RJ";"Crescente";"Choque";0;0;1;0;0;0;0;0;0;0;1;0;0;0;0
"24/01/2025";"16:39:00";"631";"Sem vítima";"219,700";"BR-116/SP";"Decrescente";"Colisão traseira";1;0;1;0;0;0;0;0;0;0;2;0;0;0;0
"24/01/2025";"17:16:00";"649";"Com vítima";"146,000";"BR-116/SP";"Decrescente";"Colisão traseira";0;0;0;1;0;0;0;0;0;0;0;1;0;0;0
"24/01/2025";"17:21:00";"655";"Com vítima";"306,000";"BR-116/RJ";"Crescente";"Colisão traseira";2;0;0;0;0;0;0;0;0;0;2;2;0;0;0
"24/01/2025";"17:31:00";"662";"Sem vítima";"23,900";"BR-116/SP";"Crescente";"Colisão traseira";0;0;0;0;0;0;0;0;0;0;0;0;0;0;0
"24/01/2025";"17:45:00";"668";"Com vítima";"160,800";"BR-116/SP";"Decrescente";"Colisão lateral em sentido contrário";1;0;0;1;0;0;0;0;0;0;2;4;0;0;0
"24/01/2025";"18:48:00";"698";"Com vítima";"147,200";"BR-116/SP";"Decrescente";"Colisão lateral em sentido contrário";1;0;0;2;0;0;0;0;0;0;3;1;0;0;0
"24/01/2025";"20:05:00";"753";"Sem vítima";"267,200";"BR-116/RJ";"Decrescente";"Engavetamento";1;0;0;0;0;0;0;0;0;0;1;0;0;0;0
"24/01/2025";"21:33:00";"817";"Com vítima";"110,800";"BR-116/SP";"Decrescente";"Capotamento";1;0;0;0;0;0;0;0;0;0;0;0;1;0;0
"24/01/2025";"22:47:00";"843";"Com vítima";"218,100";"BR-116/SP";"Decrescente";"Colisão lateral em sentido contrário";0;0;0;1;0;0;0;1;0;0;0;1;0;0;0
"25/01/2025";"00:00:00";"315";"Sem vítima";"486,300";"BR-101/RJ";"Crescente";"Colisão traseira";1;0;0;0;0;0;0;0;0;0;2;0;0;0;0
"25/01/2025";"00:08:00";"32";"Sem vítima";"72,200";"BR-116/SP";"Crescente";"Colisão traseira";2;0;0;0;0;0;0;0;0;0;3;0;0;0;0
"25/01/2025";"02:43:00";"66";"Com vítima";"24,000";"BR-116/SP";"Decrescente";"Colisão traseira";0;0;1;0;1;0;0;0;0;0;42;1;0;0;0
"25/01/2025";"05:14:00";"101";"Sem vítima";"233,700";"BR-116/RJ";"Decrescente";"Choque";0;0;1;0;0;0;0;0;0;0;1;0;0;0;0
"25/01/2025";"05:28:00";"107";"Sem vítima";"64,000";"BR-116/SP";"Decrescente";"Choque";0;0;1;0;0;0;0;0;0;0;0;0;0;0;0
"25/01/2025";"06:43:00";"148";"Com vítima";"486,000";"BR-101/RJ";"Decrescente";"Atropelamento de pedestre";1;0;0;0;0;0;0;0;0;0;1;1;0;0;0
"25/01/2025";"06:46:00";"150";"Com vítima";"219,000";"BR-116/SP";"Decrescente";"Acidentes de outra natureza";0;0;0;1;0;0;0;0;0;0;0;1;0;0;0
"25/01/2025";"06:54:00";"155";"Sem vítima";"228,500";"BR-116/SP";"Crescente";"Colisão traseira";1;0;0;0;0;0;0;0;0;1;4;0;0;0;0
"25/01/2025";"09:07:00";"251";"Sem vítima";"112,800";"BR-116/SP";"Decrescente";"Colisão traseira";2;0;0;0;0;0;0;0;0;0;5;0;0;0;0
"25/01/2025";"09:31:00";"267";"Sem vítima";"393,600";"BR-101/RJ";"Crescente";"Choque";1;0;0;0;0;0;0;0;0;0;6;0;0;0;0
"25/01/2025";"09:34:00";"271";"Com vítima";"504,000";"BR-101/RJ";"Crescente";"Engavetamento";3;0;0;0;0;0;0;0;0;0;10;2;0;0;0
"25/01/2025";"09:56:00";"286";"Com vítima";"391,000";"BR-101/RJ";"Decrescente";"Acidentes de outra natureza";0;0;0;1;0;0;0;0;0;0;0;2;0;0;0
"25/01/2025";"10:19:00";"294";"Com vítima";"112,500";"BR-116/SP";"Decrescente";"Engavetamento";3;0;0;0;0;0;0;0;0;0;16;2;0;0;0
"25/01/2025";"10:27:00";"300";"Sem vítima";"219,000";"BR-116/SP";"Decrescente";"Colisão lateral em sentido contrário";2;0;0;2;0;0;0;0;0;0;4;0;0;0;0
"25/01/2025";"10:45:00";"309";"Com vítima";"46,000";"BR-101/SP";"Crescente";"Colisão lateral em sentido contrário";1;0;0;1;0;0;0;0;0;0;2;1;0;0;0
"25/01/2025";"11:15:00";"324";"Sem vítima";"227,100";"BR-116/SP";"Decrescente";"Choque";1;0;0;0;0;0;0;0;0;0;0;0;0;0;0
"25/01/2025";"11:28:00";"329";"Com vítima";"219,000";"BR-116/SP";"Crescente";"Colisão lateral em sentido contrário";1;0;0;1;0;0;0;0;0;0;2;1;0;0;0
"25/01/2025";"13:01:00";"385";"Sem vítima";"221,000";"BR-116/SP";"Decrescente";"Engavetamento";2;0;0;0;0;0;0;0;0;0;2;0;0;0;0
"25/01/2025";"14:06:00";"425";"Com vítima";"225,000";"BR-116/SP";"Crescente";"Acidentes de outra natureza";0;0;0;1;0;0;0;0;0;0;0;2;0;0;0
"25/01/2025";"16:07:00";"493";"Com vítima";"223,700";"BR-116/SP";"Crescente";"Colisão traseira";1;0;0;1;0;0;0;0;0;0;2;1;0;0;0
"25/01/2025";"17:44:00";"541";"Com vítima";"419,400";"BR-101/RJ";"Crescente";"Engavetamento";3;0;0;1;0;0;0;0;0;0;3;0;2;0;0
"25/01/2025";"19:08:00";"576";"Sem vítima";"310,700";"BR-116/RJ";"Crescente";"Atropelamento de pedestre";1;0;1;0;0;0;0;0;0;0;5;0;0;0;0
"25/01/2025";"23:56:00";"684";"Com vítima";"52,900";"BR-116/SP";"Crescente";"Atropelamento de pedestre";0;1;0;0;1;0;0;0;0;0;40;0;0;1;0
"26/01/2025";"00:30:00";"32";"Com vítima";"123,300";"BR-116/SP";"Decrescente";"Choque";1;0;0;1;0;0;0;0;0;0;2;0;2;0;0
"26/01/2025";"01:21:00";"39";"Com vítima";"478,800";"BR-101/RJ";"Decrescente";"Choque";1;0;0;0;0;0;0;0;0;0;1;1;0;0;0
"26/01/2025";"01:26:00";"40";"Sem vítima";"62,800";"BR-116/SP";"Decrescente";"Colisão lateral em sentido contrário";2;0;0;0;0;0;0;0;0;0;2;0;0;0;0
"26/01/2025";"02:02:00";"45";"Com vítima";"415,000";"BR-101/RJ";"Decrescente";"Atropelamento de pedestre";0;0;0;1;0;0;0;0;0;0;0;4;0;0;0
"26/01/2025";"09:41:00";"221";"Com vítima";"415,000";"BR-101/RJ";"Crescente";"Choque";1;0;0;0;0;0;0;0;0;0;1;0;1;0;0
"26/01/2025";"13:08:00";"312";"Sem vítima";"106,300";"BR-116/SP";"Crescente";"Colisão traseira";2;0;0;0;0;0;0;0;0;0;3;0;0;0;0
"26/01/2025";"13:08:00";"313";"Sem vítima";"105,000";"BR-116/SP";"Crescente";"Colisão traseira";1;0;0;0;0;0;0;0;0;0;0;0;0;0;0
"26/01/2025";"13:16:00";"318";"Com vítima";"46,000";"BR-101/SP";"Crescente";"Colisão traseira";2;0;0;0;0;0;0;0;0;0;1;3;0;0;0
"26/01/2025";"13:28:00";"326";"Com vítima";"428,000";"BR-101/RJ";"Crescente";"Colisão lateral em sentido contrário";3;0;0;0;0;0;0;0;0;0;14;4;2;0;0
"26/01/2025";"15:43:00";"389";"Com vítima";"96,000";"BR-116/SP";"Crescente";"Engavetamento";3;0;0;0;0;0;0;0;0;0;8;1;0;0;0
"26/01/2025";"18:02:00";"446";"Sem vítima";"68,500";"BR-116/SP";"Crescente";"Colisão lateral em sentido contrário";1;0;0;0;0;0;0;1;0;0;8;0;0;0;0
"26/01/2025";"18:44:00";"468";"Sem vítima";"187,200";"BR-116/SP";"Decrescente";"Choque";1;0;0;0;0;0;0;0;0;0;1;0;0;0;0
"26/01/2025";"20:09:00";"527";"Com vítima";"207,300";"BR-116/SP";"Decrescente";"Choque";2;0;0;0;0;0;0;0;0;0;2;1;0;0;0
"26/01/2025";"20:18:00";"530";"Sem vítima";"209,200";"BR-116/SP";"Decrescente";"Choque";0;0;0;0;0;0;0;0;0;1;1;0;0;0;0
"26/01/2025";"20:47:00";"546";"Com vítima";"245,800";"BR-116/RJ";"Decrescente";"Colisão lateral em sentido contrário";2;0;0;0;0;0;0;0;0;0;1;1;1;0;0
"26/01/2025";"22:25:00";"598";"Sem vítima";"225,100";"BR-116/SP";"Decrescente";"Colisão traseira";1;0;0;0;1;0;0;0;0;0;30;0;0;0;0
"26/01/2025";"22:26:00";"599";"Sem vítima";"278,800";"BR-116/RJ";"Crescente";"Colisão lateral em sentido contrário";1;0;0;0;0;0;0;0;0;0;2;0;0;0;0
"27/01/2025";"02:14:00";"59";"Sem vítima";"556,600";"BR-101/RJ";"Crescente";"Choque";0;0;0;0;0;0;0;0;0;0;0;0;0;0;0
"27/01/2025";"03:32:00";"76";"Sem vítima";"147,500";"BR-116/SP";"Crescente";"Choque";1;0;0;0;0;0;0;0;0;0;1;0;0;0;0
"27/01/2025";"06:57:00";"194";"Com vítima";"293,000";"BR-116/RJ";"Decrescente";"Tombamento";0;0;0;0;0;0;0;1;0;0;2;0;2;0;0
"27/01/2025";"07:25:00";"222";"Sem vítima";"273,800";"BR-116/RJ";"Crescente";"Choque";0;0;1;0;0;0;0;0;0;0;3;0;0;0;0
"27/01/2025";"07:33:00";"228";"Com vítima";"98,100";"BR-116/SP";"Crescente";"Colisão traseira";2;0;0;0;0;0;0;0;0;0;1;1;0;0;0
"27/01/2025";"07:35:00";"233";"Sem vítima";"244,000";"BR-116/RJ";"Decrescente";"Tombamento";0;0;1;0;0;0;0;0;0;0;1;0;0;0;0
"27/01/2025";"07:55:00";"250";"Sem vítima";"244,000";"BR-116/RJ";"Decrescente";"Engavetamento";0;0;4;0;0;0;0;0;0;0;4;0;0;0;0
"27/01/2025";"09:01:00";"326";"Sem vítima";"191,000";"BR-116/SP";"Crescente";"Atropelamento de pedestre";1;0;0;0;0;0;0;0;0;0;1;0;0;0;0
"27/01/2025";"09:02:00";"329";"Com vítima";"150,000";"BR-116/SP";"Crescente";"Colisão traseira";1;0;0;1;0;0;0;0;0;0;2;0;4;0;0
"27/01/2025";"09:30:00";"356";"Sem vítima";"157,000";"BR-116/SP";"Decrescente";"Colisão traseira";2;0;0;0;0;0;0;0;0;0;0;0;0;0;0
"27/01/2025";"10:49:00";"417";"Com vítima";"221,100";"BR-116/SP";"Decrescente";"Colisão traseira";0;0;0;2;0;0;0;0;0;0;0;2;0;0;0
"27/01/2025";"10:58:00";"421";"Com vítima";"285,100";"BR-116/RJ";"Crescente";"Tombamento";0;0;1;0;0;0;0;0;0;0;1;1;0;0;0
"27/01/2025";"11:42:00";"448";"Sem vítima";"285,000";"BR-116/RJ";"Crescente";"Engavetamento";2;0;1;0;0;0;0;0;0;0;3;0;0;0;0
"27/01/2025";"15:16:00";"559";"Sem vítima";"334,200";"BR-116/RJ";"Decrescente";"Choque";1;0;0;0;0;0;0;0;0;0;3;0;0;0;0
"27/01/2025";"15:54:00";"582";"Com vítima";"42,600";"BR-101/SP";"Decrescente";"Colisão lateral em sentido contrário";1;0;0;1;0;0;0;0;0;0;1;1;0;0;0
"27/01/2025";"16:32:00";"598";"Sem vítima";"146,000";"BR-116/SP";"Decrescente";"Engavetamento";2;0;0;0;0;0;0;0;0;1;4;0;0;0;0
"27/01/2025";"18:14:00";"655";"Sem vítima";"152,350";"BR-116/SP";"Crescente";"Choque";1;0;0;0;0;0;0;0;0;0;1;0;0;0;0
"27/01/2025";"19:43:00";"705";"Sem vítima";"6,200";"BR-116/SP";"Crescente";"Choque";2;0;0;0;0;0;0;1;0;0;5;0;0;0;0
"27/01/2025";"19:59:00";"714";"Sem vítima";"6,200";"BR-116/SP";"Decrescente";"Choque";0;0;0;0;0;0;0;1;0;0;0;0;0;0;0
"27/01/2025";"22:47:00";"794";"Sem vítima";"212,000";"BR-116/SP";"Crescente";"Colisão traseira";0;0;2;0;0;0;0;0;0;0;3;0;0;0;0
"27/01/2025";"22:59:00";"799";"Sem vítima";"229,600";"BR-116/RJ";"Decrescente";"Colisão traseira";0;0;2;0;0;0;0;0;0;0;2;0;0;0;0
"27/01/2025";"23:50:00";"813";"Com vítima";"318,200";"BR-116/RJ";"Crescente";"Colisão traseira";0;0;0;1;0;0;0;1;0;0;0;0;1;0;1
"28/01/2025";"00:13:00";"34";"Sem vítima";"196,500";"BR-116/SP";"Decrescente";"Atropelamento de pedestre";0;0;1;0;0;0;0;0;0;0;1;0;0;0;0
"28/01/2025";"02:10:00";"57";"Com vítima";"156,400";"BR-116/SP";"Decrescente";"Colisão traseira";1;0;1;0;0;0;0;0;0;0;1;1;1;0;0
"28/01/2025";"02:30:00";"61";"Com vítima";"156,400";"BR-116/SP";"Decrescente";"Colisão traseira";0;0;2;0;0;0;0;0;0;0;2;0;0;0;0
"28/01/2025";"07:47:00";"228";"Sem vítima";"216,000";"BR-116/SP";"Decrescente";"Colisão traseira";3;0;0;0;0;0;0;0;0;0;6;0;0;0;0
"28/01/2025";"12:44:00";"476";"Sem vítima";"306,050";"BR-116/RJ";"Crescente";"Colisão lateral em sentido contrário";1;0;0;0;0;0;0;0;0;0;1;0;0;0;0
"28/01/2025";"15:23:00";"567";"Sem vítima";"141,300";"BR-116/SP";"Crescente";"Engavetamento";2;0;1;0;0;0;0;0;0;0;6;0;0;0;0
"28/01/2025";"16:11:00";"593";"Com vítima";"134,900";"BR-116/SP";"Crescente";"Colisão traseira";0;0;0;0;0;0;0;2;0;0;2;0;2;0;0
"28/01/2025";"16:25:00";"598";"Sem vítima";"135,000";"BR-116/SP";"Decrescente";"Colisão traseira";1;0;0;0;0;0;0;0;0;0;0;0;0;0;0
"28/01/2025";"16:35:00";"602";"Com vítima";"503,000";"BR-101/RJ";"Decrescente";"Colisão lateral em sentido contrário";2;0;0;0;0;0;0;0;0;0;1;2;0;0;0
"28/01/2025";"16:43:00";"607";"Sem vítima";"104,900";"BR-116/SP";"Crescente";"Engavetamento";3;0;0;0;0;0;0;0;0;0;14;0;0;0;0
"28/01/2025";"18:43:00";"668";"Com vítima";"147,300";"BR-116/SP";"Decrescente";"Colisão traseira";1;0;0;1;0;0;0;0;0;0;1;2;0;0;0
"28/01/2025";"20:06:00";"720";"Sem vítima";"279,200";"BR-116/RJ";"Crescente";"Colisão traseira";0;0;1;0;1;0;0;0;0;0;12;0;0;0;0
"28/01/2025";"21:22:00";"757";"Sem vítima";"273,200";"BR-116/RJ";"Crescente";"Engavetamento";2;0;1;0;0;0;0;1;0;0;8;0;0;0;0
"28/01/2025";"21:39:00";"763";"Sem vítima";"515,000";"BR-101/RJ";"Decrescente";"Choque";1;0;0;0;0;0;0;0;0;0;1;0;0;0;0
"28/01/2025";"23:07:00";"785";"Com vítima";"269,500";"BR-116/RJ";"Crescente";"Tombamento";0;0;1;0;0;0;0;0;0;0;1;1;0;0;0
"29/01/2025";"00:00:00";"43";"Sem vítima";"287,700";"BR-116/RJ";"Crescente";"Choque";0;0;0;0;0;0;0;0;0;0;0;0;0;0;0
"29/01/2025";"00:00:00";"79";"Sem vítima";"171,700";"BR-116/SP";"Crescente";"Choque";0;0;1;0;0;0;0;1;0;0;1;0;0;0;0
"29/01/2025";"00:00:00";"433";"Sem vítima";"109,500";"BR-116/SP";"Decrescente";"Engavetamento";2;0;1;0;0;0;0;1;0;0;16;0;0;0;0
"29/01/2025";"03:02:00";"64";"Com vítima";"292,950";"BR-116/RJ";"Decrescente";"Tombamento";0;0;1;0;0;0;0;0;0;0;0;1;0;0;0
"29/01/2025";"05:11:00";"91";"Sem vítima";"386,000";"BR-101/RJ";"Crescente";"Colisão traseira";0;0;1;0;1;0;0;0;0;0;2;0;0;0;0
"29/01/2025";"07:02:00";"192";"Com vítima";"58,000";"BR-116/SP";"Crescente";"Colisão traseira";1;0;0;1;0;0;0;0;0;0;1;1;0;0;0
"29/01/2025";"07:54:00";"261";"Sem vítima";"43,000";"BR-101/SP";"Crescente";"Acidentes de outra natureza";1;0;0;0;0;0;0;0;0;0;2;0;0;0;0
"29/01/2025";"09:30:00";"387";"Com vítima";"101,000";"BR-116/SP";"Decrescente";"Colisão traseira";1;0;0;1;0;0;0;0;0;0;8;2;0;0;0
"29/01/2025";"10:25:00";"420";"Com vítima";"311,950";"BR-116/RJ";"Decrescente";"Colisão lateral em sentido contrário";2;0;0;0;0;0;0;0;0;0;1;2;0;0;0
"29/01/2025";"10:36:00";"430";"Sem vítima";"290,000";"BR-116/RJ";"Crescente";"Choque";0;0;0;0;0;0;0;0;0;0;0;0;0;0;0
"29/01/2025";"10:56:00";"440";"Sem vítima";"156,300";"BR-116/SP";"Decrescente";"Colisão traseira";1;0;1;0;0;0;0;0;0;0;3;0;0;0;0
"29/01/2025";"12:13:00";"486";"Sem vítima";"290,400";"BR-116/RJ";"Decrescente";"Choque";1;0;0;0;0;0;0;0;0;0;2;0;0;0;0
"29/01/2025";"14:48:00";"570";"Com vítima";"98,500";"BR-116/SP";"Decrescente";"Engavetamento";3;0;1;0;1;0;0;0;0;1;40;7;2;0;0
"29/01/2025";"15:17:00";"585";"Sem vítima";"277,450";"BR-116/RJ";"Decrescente";"Choque";0;0;1;0;0;0;0;0;0;0;3;0;0;0;0
"29/01/2025";"16:43:00";"617";"Com vítima";"165,200";"BR-116/SP";"Crescente";"Colisão traseira";2;0;0;0;0;0;0;0;0;0;2;1;0;0;0
"29/01/2025";"16:53:00";"622";"Com vítima";"530,000";"BR-101/RJ";"Decrescente";"Tombamento";0;0;0;0;0;0;0;0;0;1;1;1;0;0;0
"29/01/2025";"17:23:00";"633";"Com vítima";"422,000";"BR-101/RJ";"Crescente";"Choque";1;0;0;0;0;0;0;0;0;0;0;1;0;0;0
"29/01/2025";"17:32:00";"637";"Sem vítima";"490,000";"BR-101/RJ";"Decrescente";"Engavetamento";4;0;0;1;0;0;0;0;0;0;5;0;0;0;0
"29/01/2025";"17:59:00";"653";"Sem vítima";"452,100";"BR-101/RJ";"Crescente";"Choque";1;0;0;0;0;1;0;0;0;0;2;0;0;0;0
"29/01/2025";"18:09:00";"656";"Com vítima";"321,000";"BR-116/RJ";"Decrescente";"Choque";1;0;0;0;0;0;0;0;0;0;0;1;0;0;0
"29/01/2025";"19:08:00";"685";"Sem vítima";"100,800";"BR-116/SP";"Decrescente";"Colisão lateral em sentido contrário";1;0;1;0;0;0;0;0;0;0;1;0;0;0;0
"29/01/2025";"19:40:00";"698";"Com vítima";"23,000";"BR-116/SP";"Crescente";"Colisão lateral em sentido contrário";1;0;0;0;0;0;0;0;0;0;0;1;0;0;0
"29/01/2025";"21:52:00";"784";"Com vítima";"541,800";"BR-101/RJ";"Crescente";"Choque";1;0;0;0;0;0;0;0;0;0;0;0;0;0;1
"29/01/2025";"22:02:00";"786";"Com vítima";"168,500";"BR-116/SP";"Decrescente";"Atropelamento de pedestre";1;0;0;0;0;0;0;0;0;0;1;0;1;0;0
"30/01/2025";"01:55:00";"58";"Sem vítima";"305,000";"BR-116/RJ";"Decrescente";"Choque";1;0;0;0;0;0;0;0;0;0;6;0;0;0;0
"30/01/2025";"01:58:00";"60";"Sem vítima";"107,000";"BR-116/SP";"Crescente";"Colisão traseira";0;0;2;0;0;0;0;0;0;0;4;0;0;0;0
"30/01/2025";"02:18:00";"65";"Sem vítima";"297,100";"BR-116/RJ";"Crescente";"Colisão lateral em sentido contrário";1;0;0;0;0;1;0;0;0;0;1;0;0;0;0
"30/01/2025";"06:44:00";"178";"Com vítima";"217,800";"BR-116/SP";"Crescente";"Colisão traseira";0;0;0;0;1;0;0;0;0;1;4;2;0;0;0
"30/01/2025";"06:45:00";"181";"Com vítima";"51,100";"BR-101/SP";"Decrescente";"Colisão frontal";2;0;0;0;0;0;0;0;0;0;0;2;0;0;0
"30/01/2025";"07:59:00";"278";"Sem vítima";"468,000";"BR-101/RJ";"Decrescente";"Choque";1;0;0;0;0;0;0;0;0;0;1;0;0;0;0
"30/01/2025";"08:06:00";"288";"Sem vítima";"169,300";"BR-116/SP";"Decrescente";"Choque";0;0;0;0;0;0;0;1;0;0;1;0;0;0;0
"30/01/2025";"08:09:00";"298";"Com vítima";"44,900";"BR-116/SP";"Decrescente";"Colisão traseira";2;0;0;0;0;0;0;0;0;0;2;1;0;0;0
"30/01/2025";"13:19:00";"517";"Com vítima";"167,150";"BR-116/SP";"Decrescente";"Choque";1;0;0;0;0;0;0;0;0;0;0;1;0;0;0
"30/01/2025";"14:08:00";"547";"Com vítima";"48,000";"BR-101/SP";"Decrescente";"Colisão lateral em sentido contrário";0;0;0;2;0;0;0;0;0;0;1;1;0;0;0
"30/01/2025";"14:37:00";"566";"Sem vítima";"230,000";"BR-116/SP";"Decrescente";"Colisão traseira";1;0;0;0;0;0;0;1;0;0;2;0;0;0;0
"30/01/2025";"16:20:00";"624";"Com vítima";"19,300";"BR-116/SP";"Decrescente";"Colisão traseira";0;0;1;0;0;0;0;1;0;0;1;1;0;0;0
"30/01/2025";"17:09:00";"653";"Sem vítima";"163,575";"BR-116/SP";"Decrescente";"Colisão traseira";0;0;2;0;0;0;0;0;0;0;3;0;0;0;0
"30/01/2025";"17:26:00";"664";"Com vítima";"263,600";"BR-116/RJ";"Crescente";"Acidentes de outra natureza";0;0;0;1;0;0;0;0;0;0;0;2;0;0;0
"30/01/2025";"18:29:00";"695";"Sem vítima";"260,080";"BR-116/RJ";"Crescente";"Colisão lateral em sentido contrário";1;0;0;0;0;0;0;0;0;0;0;0;0;0;0
"30/01/2025";"19:30:00";"723";"Sem vítima";"154,200";"BR-116/SP";"Decrescente";"Engavetamento";1;0;0;0;0;0;0;0;0;0;2;0;0;0;0
"30/01/2025";"20:00:00";"731";"Sem vítima";"36,700";"BR-101/SP";"Decrescente";"Choque";1;0;0;0;0;0;0;0;0;0;1;0;0;0;0
"30/01/2025";"22:52:00";"803";"Com vítima";"248,120";"BR-116/RJ";"Decrescente";"Atropelamento de pedestre";0;0;0;0;0;0;0;0;0;0;0;0;0;0;1
"31/01/2025";"00:02:00";"32";"Com vítima";"248,450";"BR-116/RJ";"Crescente";"Choque";1;0;0;0;0;0;0;0;0;0;8;4;0;0;0
"31/01/2025";"02:48:00";"62";"Sem vítima";"139,450";"BR-116/SP";"Decrescente";"Choque";0;0;0;0;0;0;0;0;0;1;1;0;0;0;0
"31/01/2025";"02:59:00";"69";"Sem vítima";"231,800";"BR-116/RJ";"Crescente";"Choque";0;0;1;0;0;0;0;0;0;0;1;0;0;0;0
"31/01/2025";"03:21:00";"73";"Sem vítima";"183,800";"BR-116/SP";"Crescente";"Colisão traseira";0;0;2;0;0;0;0;0;0;0;2;0;0;0;0
"31/01/2025";"04:11:00";"84";"Sem vítima";"171,600";"BR-116/SP";"Crescente";"Choque";1;0;0;0;0;0;0;0;0;0;1;0;0;0;0
"31/01/2025";"09:04:00";"348";"Sem vítima";"138,000";"BR-116/SP";"Decrescente";"Choque";1;0;0;0;0;0;0;0;0;0;1;0;0;0;0
"31/01/2025";"09:47:00";"392";"Sem vítima";"385,500";"BR-101/RJ";"Crescente";"Colisão lateral em sentido contrário";1;0;0;0;0;0;0;0;0;0;2;0;0;0;0
"31/01/2025";"12:38:00";"506";"Sem vítima";"99,200";"BR-116/SP";"Crescente";"Choque";0;0;1;0;0;0;0;0;0;0;6;0;0;0;0
"31/01/2025";"14:54:00";"576";"Sem vítima";"250,000";"BR-116/RJ";"Decrescente";"Choque";1;0;0;0;0;0;0;0;0;0;2;0;0;0;0
"31/01/2025";"15:04:00";"582";"Sem vítima";"250,000";"BR-116/RJ";"Crescente";"Choque";0;0;0;0;0;0;0;1;0;0;1;0;0;0;0
"31/01/2025";"15:11:00";"583";"Sem vítima";"220,000";"BR-116/RJ";"Decrescente";"Choque";1;0;0;0;0;0;0;0;0;0;1;0;0;0;0
"31/01/2025";"15:53:00";"612";"Sem vítima";"104,200";"BR-116/SP";"Crescente";"Engavetamento";3;0;0;0;0;0;0;0;0;0;9;0;0;0;0
"31/01/2025";"16:20:00";"625";"Com vítima";"212,000";"BR-116/SP";"Crescente";"Colisão traseira";1;0;0;1;0;0;0;0;0;0;1;1;0;0;0
"31/01/2025";"16:21:00";"626";"Sem vítima";"249,700";"BR-116/RJ";"Crescente";"Colisão traseira";1;0;1;0;0;0;0;0;0;0;2;0;0;0;0
"31/01/2025";"16:44:00";"643";"Sem vítima";"236,000";"BR-116/RJ";"Decrescente";"Choque";1;0;0;0;0;1;0;0;0;0;1;0;0;0;0
"31/01/2025";"17:43:00";"693";"Sem vítima";"102,300";"BR-116/SP";"Crescente";"Colisão traseira";1;0;0;0;0;0;0;0;0;0;5;0;0;0;0
"31/01/2025";"18:07:00";"708";"Sem vítima";"423,600";"BR-101/RJ";"Decrescente";"Choque";1;0;0;0;0;0;0;0;0;0;0;0;0;0;0
"31/01/2025";"18:07:00";"709";"Com vítima";"226,600";"BR-116/SP";"Decrescente";"Colisão traseira";1;0;0;1;0;0;0;0;0;0;0;4;0;0;0
"31/01/2025";"18:14:00";"719";"Com vítima";"324,200";"BR-116/RJ";"Decrescente";"Capotamento";1;0;0;0;0;0;0;0;0;0;1;1;2;0;0
"31/01/2025";"20:44:00";"807";"Com vítima";"44,950";"BR-101/SP";"Crescente";"Colisão lateral em sentido contrário";0;0;1;1;0;0;0;0;0;0;1;0;1;0;0
"31/01/2025";"22:28:00";"859";"Com vítima";"144,600";"BR-116/SP";"Crescente";"Colisão traseira";1;0;0;0;0;0;0;0;0;0;0;1;0;0;0