data;horario;n_da_ocorrencia;tipo_de_ocorrencia;km;trecho;sentido;tipo_de_acidente;automovel;bicicleta;caminhao;moto;onibus;outros;tracao_animal;transporte_de_cargas_especiais;trator_maquinas;utilitarios;ilesos;levemente_feridos;moderadamente_feridos;gravemente_feridos;mortos
"31/01/2025";"23:11:00";"869";"Sem vítima";"227,500";"BR-116/SP";"Crescente";"Colisão lateral em sentido contrário";2;0;0;0;0;0;0;0;0;0;1;0;0;0;0
"31/01/2025";"23:40:00";"882";"Com vítima";"218,400";"BR-116/SP";"Crescente";"Colisão traseira";0;0;2;0;0;0;0;0;0;0;1;1;2;0;0
"31/01/2025";"23:45:00";"884";"Sem vítima";"482,000";"BR-101/RJ";"Crescente";"Colisão lateral em sentido contrário";1;0;0;0;0;0;0;0;0;0;1;0;0;0;0
"01/02/2025";"00:00:00";"321";"Sem vítima";"221,000";"BR-116/SP";"Crescente";"Colisão lateral em sentido contrário";0;0;0;1;0;0;0;0;0;0;1;0;0;0;0
"01/02/2025";"01:57:00";"52";"Com vítima";"75,200";"BR-116/SP";"Crescente";"Colisão lateral em sentido contrário";0;0;1;0;0;0;0;1;0;0;1;1;0;0;0
"01/02/2025";"02:54:00";"72";"Com vítima";"228,800";"BR-116/SP";"Crescente";"Colisão traseira";1;0;0;0;0;0;0;0;0;0;0;1;0;0;0
"01/02/2025";"06:05:00";"112";"Sem vítima";"201,500";"BR-116/SP";"Crescente";"Choque";1;0;0;0;0;0;0;0;0;0;0;0;0;0;0
"01/02/2025";"08:45:00";"242";"Com vítima";"515,400";"BR-101/RJ";"Decrescente";"Colisão frontal";0;0;0;0;0;0;0;0;0;0;0;0;0;0;0
"01/02/2025";"08:47:00";"246";"Sem vítima";"10,970";"BR-116/SP";"Crescente";"Choque";1;0;0;0;0;0;0;0;0;0;2;0;0;0;0
"01/02/2025";"09:18:00";"264";"Com vítima";"216,000";"BR-116/SP";"Decrescente";"Colisão traseira";1;0;0;0;0;0;0;0;0;0;0;1;0;0;0
"01/02/2025";"09:33:00";"273";"Com vítima";"50,000";"BR-101/SP";"Decrescente";"Colisão lateral em sentido contrário";1;0;0;1;0;0;0;0;0;0;1;1;0;0;0
"01/02/2025";"09:39:00";"279";"Com vítima";"48,000";"BR-101/SP";"Crescente";"Acidentes de outra natureza";0;0;0;1;0;0;0;0;0;0;0;1;0;0;0
"01/02/2025";"19:41:00";"506";"Com vítima";"295,000";"BR-116/RJ";"Decrescente";"Capotamento";1;0;0;0;0;0;0;0;0;0;0;0;0;2;0
"01/02/2025";"20:25:00";"523";"Sem vítima";"557,000";"BR-101/RJ";"Decrescente";"Choque";1;0;0;0;0;0;0;0;0;0;2;0;0;0;0
"01/02/2025";"21:15:00";"537";"Sem vítima";"419,000";"BR-101/RJ";"Crescente";"Choque";1;0;0;0;0;0;0;0;0;0;1;0;0;0;0
"01/02/2025";"21:47:00";"542";"Sem vítima";"169,000";"BR-116/SP";"Decrescente";"Choque";1;0;0;0;0;0;0;0;0;0;1;0;0;0;0
"01/02/2025";"22:01:00";"544";"Com vítima";"52,000";"BR-101/SP";"Decrescente";"Atropelamento de pedestre";1;1;0;0;0;0;0;0;0;0;1;0;0;0;0
"01/02/2025";"23:21:00";"570";"Com vítima";"582,200";"BR-101/RJ";"Crescente";"Acidentes de outra natureza";0;0;0;1;0;0;0;0;0;0;2;0;2;0;0
"01/02/2025";"23:54:00";"576";"Sem vítima";"227,200";"BR-116/SP";"Decrescente";"Colisão traseira";2;0;0;0;0;0;0;0;0;0;4;0;0;0;0
"02/02/2025";"00:00:00";"153";"Sem vítima";"548,000";"BR-101/RJ";"Decrescente";"Choque";1;0;0;0;0;0;0;0;0;0;0;0;0;0;0
"02/02/2025";"00:00:00";"499";"Com vítima";"557,000";"BR-101/RJ";"Decrescente";"Acidentes de outra natureza";0;0;0;1;0;0;0;0;0;0;0;0;0;0;2
"02/02/2025";"00:53:00";"37";"Sem vítima";"230,100";"BR-116/SP";"Decrescente";"Choque";1;0;0;0;0;0;0;0;0;0;1;0;0;0;0
"02/02/2025";"02:19:00";"47";"Sem vítima";"142,900";"BR-116/SP";"Decrescente";"Choque";1;0;0;0;0;0;0;0;0;0;2;0;0;0;0
"02/02/2025";"03:02:00";"52";"Sem vítima";"262,000";"BR-116/RJ";"Crescente";"Colisão traseira";1;0;0;0;0;0;0;0;0;0;1;0;0;0;0
"02/02/2025";"04:17:00";"63";"Sem vítima";"230,500";"BR-116/SP";"Crescente";"Colisão traseira";1;0;0;0;0;0;0;0;0;0;1;0;0;0;0
"02/02/2025";"05:17:00";"72";"Sem vítima";"78,600";"BR-116/SP";"Crescente";"Choque";1;0;0;0;0;0;0;0;0;0;3;0;0;0;0
"02/02/2025";"06:45:00";"102";"Com vítima";"583,000";"BR-101/RJ";"Decrescente";"Choque";1;0;0;0;0;0;0;0;0;0;0;1;0;0;0
"02/02/2025";"07:08:00";"121";"Sem vítima";"305,200";"BR-116/RJ";"Crescente";"Colisão traseira";1;0;0;0;0;0;0;1;0;0;2;0;0;0;0
"02/02/2025";"07:47:00";"145";"Sem vítima";"74,000";"BR-116/SP";"Decrescente";"Colisão lateral em sentido contrário";1;0;0;0;0;0;0;1;0;0;6;0;0;0;0
"02/02/2025";"08:19:00";"163";"Com vítima";"325,300";"BR-116/RJ";"Crescente";"Colisão traseira";0;0;1;0;0;0;0;1;0;0;1;1;0;0;0
"02/02/2025";"09:09:00";"179";"Com vítima";"93,550";"BR-116/SP";"Crescente";"Choque";0;0;0;0;0;0;0;0;0;0;0;0;0;0;0
"02/02/2025";"09:52:00";"196";"Sem vítima";"333,400";"BR-116/RJ";"Decrescente";"Choque";1;0;0;0;0;0;0;0;0;0;1;0;0;0;0
"02/02/2025";"09:54:00";"198";"Sem vítima";"230,600";"BR-116/SP";"Decrescente";"Colisão lateral em sentido contrário";1;0;1;0;0;0;0;0;0;0;2;0;0;0;0
"02/02/2025";"10:53:00";"218";"Sem vítima";"282,000";"BR-116/RJ";"Crescente";"Colisão traseira";2;0;0;0;0;0;0;0;0;0;3;0;0;0;0
"02/02/2025";"11:47:00";"241";"Sem vítima";"305,300";"BR-116/RJ";"Decrescente";"Engavetamento";2;0;0;0;0;0;0;0;0;0;12;0;0;0;0
"02/02/2025";"13:33:00";"278";"Com vítima";"212,300";"BR-116/SP";"Crescente";"Choque";1;0;0;0;0;0;0;0;0;0;0;1;0;0;0
"02/02/2025";"14:49:00";"313";"Sem vítima";"193,100";"BR-116/SP";"Crescente";"Colisão lateral em sentido contrário";1;0;0;0;0;0;0;0;0;0;4;0;0;0;0
"02/02/2025";"14:58:00";"319";"Sem vítima";"317,000";"BR-116/RJ";"Decrescente";"Choque";1;0;0;0;0;0;0;0;0;0;3;0;0;0;0
"02/02/2025";"15:13:00";"328";"Sem vítima";"277,800";"BR-116/RJ";"Crescente";"Choque";1;0;0;0;0;0;0;0;0;0;2;0;0;0;0
"02/02/2025";"16:19:00";"352";"Sem vítima";"225,400";"BR-116/SP";"Decrescente";"Engavetamento";0;0;0;0;0;0;0;0;0;0;0;0;0;0;0
"02/02/2025";"17:19:00";"369";"Sem vítima";"429,000";"BR-101/RJ";"Crescente";"Choque";1;0;0;0;0;0;0;0;0;0;0;0;0;0;0
"02/02/2025";"17:50:00";"379";"Com vítima";"517,000";"BR-101/RJ";"Decrescente";"Choque";1;0;0;0;0;0;0;0;0;0;0;2;1;0;0
"02/02/2025";"17:53:00";"381";"Sem vítima";"499,000";"BR-101/RJ";"Decrescente";"Capotamento";1;0;0;0;0;0;0;0;0;0;1;0;0;0;0
"02/02/2025";"18:12:00";"391";"Sem vítima";"86,500";"BR-116/SP";"Decrescente";"Colisão lateral em sentido contrário";2;0;2;0;0;0;0;0;0;0;10;0;0;0;0
"02/02/2025";"18:42:00";"406";"Sem vítima";"71,100";"BR-116/SP";"Decrescente";"Choque";1;0;0;0;0;0;0;0;0;0;1;0;0;0;0
"02/02/2025";"19:43:00";"444";"Sem vítima";"74,400";"BR-116/SP";"Decrescente";"Colisão lateral em sentido contrário";0;0;0;0;0;1;0;0;0;2;6;0;0;0;0
"02/02/2025";"19:50:00";"451";"Com vítima";"245,450";"BR-116/RJ";"Decrescente";"Acidentes de outra natureza";0;0;0;1;0;0;0;0;0;0;0;1;1;0;0
"02/02/2025";"20:27:00";"466";"Sem vítima";"438,800";"BR-101/RJ";"Decrescente";"Atropelamento de pedestre";0;0;0;0;0;0;0;0;0;1;1;0;0;0;0
"02/02/2025";"22:23:00";"501";"Com vítima";"215,150";"BR-116/SP";"Decrescente";"Colisão lateral em sentido contrário";2;0;0;0;0;0;0;0;0;0;2;1;0;0;0
"03/02/2025";"05:03:00";"75";"Com vítima";"405,000";"BR-101/RJ";"Crescente";"Atropelamento de pedestre";2;0;1;0;0;0;0;0;0;0;2;3;0;0;0
"03/02/2025";"05:04:00";"76";"Com vítima";"2,800";"BR-116/SP";"Crescente";"Choque";0;0;1;0;0;0;0;0;0;0;0;1;0;0;0
"03/02/2025";"07:01:00";"176";"Com vítima";"108,600";"BR-116/SP";"Decrescente";"Colisão traseira";1;0;0;1;0;0;0;0;0;0;1;0;1;0;0
"03/02/2025";"08:40:00";"291";"Com vítima";"216,000";"BR-116/SP";"Crescente";"Engavetamento";0;0;0;1;0;0;0;0;0;0;0;1;0;0;0
"03/02/2025";"09:12:00";"324";"Sem vítima";"322,000";"BR-116/RJ";"Crescente";"Colisão traseira";0;0;1;0;0;0;0;1;0;0;2;0;0;0;0
"03/02/2025";"10:44:00";"402";"Com vítima";"492,000";"BR-101/RJ";"Crescente";"Colisão traseira";1;0;0;1;0;0;0;0;0;0;2;2;0;0;0
"03/02/2025";"11:58:00";"408";"Sem vítima";"101,500";"BR-116/SP";"Decrescente";"Colisão traseira";2;0;0;0;0;0;0;0;0;0;2;0;0;0;0
"03/02/2025";"15:14:00";"554";"Sem vítima";"258,800";"BR-116/RJ";"Decrescente";"Colisão traseira";2;0;0;0;0;0;0;0;0;0;14;0;0;0;0
"03/02/2025";"15:29:00";"561";"Com vítima";"131,000";"BR-116/SP";"Decrescente";"Acidentes de outra natureza";0;0;0;1;0;0;0;0;0;0;0;0;2;0;0
"03/02/2025";"15:44:00";"570";"Sem vítima";"228,000";"BR-116/SP";"Crescente";"Colisão lateral em sentido contrário";1;0;0;0;0;0;0;0;0;0;8;0;0;0;0
"03/02/2025";"16:00:00";"578";"Com vítima";"388,000";"BR-101/RJ";"Decrescente";"Acidentes de outra natureza";0;0;0;1;0;0;0;0;0;0;0;2;0;0;0
"03/02/2025";"17:27:00";"615";"Com vítima";"85,680";"BR-116/SP";"Decrescente";"Acidentes de outra natureza";0;0;0;1;0;0;0;0;0;0;1;1;0;0;0
"03/02/2025";"19:25:00";"672";"Com vítima";"268,900";"BR-116/RJ";"Decrescente";"Engavetamento";3;0;0;1;0;0;0;0;0;0;6;4;0;0;0
"03/02/2025";"21:44:00";"730";"Sem vítima";"101,700";"BR-116/SP";"Decrescente";"Colisão lateral em sentido contrário";1;0;1;0;0;0;0;0;0;0;3;0;0;0;0
"04/02/2025";"02:16:00";"46";"Sem vítima";"580,300";"BR-101/RJ";"Crescente";"Choque";1;0;0;0;0;0;0;0;0;0;2;0;0;0;0
"04/02/2025";"06:34:00";"143";"Com vítima";"222,000";"BR-116/SP";"Crescente";"Colisão lateral em sentido contrário";1;0;0;1;0;0;0;0;0;0;2;2;0;0;0
"04/02/2025";"07:28:00";"200";"Sem vítima";"200,000";"BR-116/SP";"Crescente";"Engavetamento";1;0;2;0;0;0;0;0;0;0;3;0;0;0;0
"04/02/2025";"07:59:00";"237";"Sem vítima";"146,500";"BR-116/SP";"Crescente";"Colisão traseira";1;0;0;0;0;0;0;0;0;1;8;0;0;0;0
"04/02/2025";"11:53:00";"442";"Sem vítima";"102,000";"BR-116/SP";"Crescente";"Colisão traseira";2;0;0;0;0;0;0;0;0;0;2;0;0;0;0
"04/02/2025";"13:18:00";"483";"Sem vítima";"227,000";"BR-116/SP";"Decrescente";"Colisão lateral em sentido contrário";1;0;0;0;0;0;0;0;0;1;2;0;0;0;0
"04/02/2025";"14:38:00";"528";"Sem vítima";"228,000";"BR-116/SP";"Decrescente";"Colisão traseira";1;0;1;0;0;0;0;0;0;0;2;0;0;0;0
"04/02/2025";"16:35:00";"591";"Sem vítima";"395,000";"BR-101/RJ";"Decrescente";"Choque";1;0;0;0;0;0;0;0;0;0;1;0;0;0;0
"04/02/2025";"16:44:00";"595";"Com vítima";"405,000";"BR-101/RJ";"Decrescente";"Colisão traseira";1;0;0;1;0;0;0;0;0;0;2;1;0;0;0
"04/02/2025";"17:21:00";"619";"Com vítima";"298,000";"BR-116/RJ";"Crescente";"Atropelamento de pedestre";1;1;0;0;0;0;0;0;0;0;1;1;0;0;0
"04/02/2025";"18:04:00";"650";"Sem vítima";"43,500";"BR-101/SP";"Decrescente";"Engavetamento";2;0;1;0;0;0;0;0;0;0;3;0;0;0;0
"04/02/2025";"19:05:00";"690";"Sem vítima";"218,000";"BR-116/SP";"Crescente";"Colisão lateral em sentido contrário";1;0;1;0;0;0;0;0;0;0;1;0;0;0;0
"04/02/2025";"20:07:00";"723";"Com vítima";"495,880";"BR-101/RJ";"Decrescente";"Acidentes de outra natureza";0;0;0;1;0;0;0;0;0;0;0;0;1;0;0
"05/02/2025";"06:35:00";"163";"Sem vítima";"296,000";"BR-116/RJ";"Decrescente";"Colisão lateral em sentido contrário";1;0;1;0;0;0;0;0;0;0;2;0;0;0;0
"05/02/2025";"07:11:00";"203";"Com vítima";"233,400";"BR-116/RJ";"Decrescente";"Acidentes de outra natureza";0;0;0;1;0;0;0;0;0;0;0;1;0;0;0
"05/02/2025";"07:36:00";"233";"Com vítima";"223,100";"BR-116/SP";"Crescente";"Colisão traseira";0;0;0;2;0;0;0;0;0;0;2;2;0;0;0
"05/02/2025";"08:37:00";"305";"Sem vítima";"225,000";"BR-116/SP";"Crescente";"Colisão lateral em sentido contrário";1;0;1;0;0;0;0;0;0;0;10;0;0;0;0
"05/02/2025";"09:18:00";"344";"Sem vítima";"224,500";"BR-116/SP";"Crescente";"Colisão traseira";1;0;0;0;0;0;0;0;0;0;2;0;0;0;0
"05/02/2025";"13:46:00";"513";"Com vítima";"227,000";"BR-116/SP";"Decrescente";"Atropelamento de pedestre";1;0;0;0;0;0;0;0;0;0;3;0;0;0;0
"05/02/2025";"13:48:00";"516";"Sem vítima";"64,800";"BR-116/SP";"Decrescente";"Colisão traseira";1;0;0;0;0;0;0;0;0;0;1;0;0;0;0
"05/02/2025";"15:26:00";"590";"Com vítima";"478,150";"BR-101/RJ";"Decrescente";"Engavetamento";4;0;0;0;0;0;0;0;0;0;4;2;0;0;0
"05/02/2025";"15:31:00";"594";"Sem vítima";"397,000";"BR-101/RJ";"Decrescente";"Colisão lateral em sentido contrário";1;0;1;0;0;0;0;0;0;0;2;0;0;0;0
"05/02/2025";"16:38:00";"629";"Com vítima";"230,700";"BR-116/RJ";"Crescente";"Acidentes de outra natureza";0;0;0;1;0;0;0;0;0;0;0;1;0;0;0
"05/02/2025";"16:43:00";"634";"Com vítima";"220,000";"BR-116/SP";"Decrescente";"Colisão traseira";0;0;0;1;0;0;0;1;0;0;2;2;0;0;0
"05/02/2025";"17:03:00";"647";"Sem vítima";"393,000";"BR-101/RJ";"Crescente";"Colisão traseira";1;0;0;0;0;0;0;0;0;0;1;0;0;0;0
"05/02/2025";"17:29:00";"660";"Com vítima";"120,300";"BR-116/SP";"Decrescente";"Engavetamento";3;0;0;0;0;0;0;0;0;0;3;1;0;0;0
"05/02/2025";"18:09:00";"687";"Sem vítima";"121,600";"BR-116/SP";"Decrescente";"Colisão traseira";0;0;0;0;0;0;0;0;0;0;0;0;0;0;0
"05/02/2025";"18:35:00";"704";"Com vítima";"472,550";"BR-101/RJ";"Crescente";"Colisão traseira";2;0;0;0;0;0;0;0;0;0;0;0;1;0;0
"05/02/2025";"20:03:00";"763";"Com vítima";"400,000";"BR-101/RJ";"Decrescente";"Atropelamento de pedestre";0;0;0;1;0;0;0;0;0;0;0;0;0;2;0
"06/02/2025";"00:00:00";"735";"Sem vítima";"268,100";"BR-116/RJ";"Crescente";"Colisão traseira";0;0;2;0;0;0;0;0;0;0;2;0;0;0;0
"06/02/2025";"00:00:00";"749";"Com vítima";"35,000";"BR-101/SP";"Decrescente";"Colisão traseira";0;0;0;2;0;0;0;0;0;0;0;1;1;0;0
"06/02/2025";"04:58:00";"81";"Com vítima";"223,700";"BR-116/SP";"Crescente";"Engavetamento";0;0;0;0;0;0;0;0;0;0;0;0;0;0;0
"06/02/2025";"06:20:00";"138";"Sem vítima";"451,000";"BR-101/RJ";"Decrescente";"Choque";1;0;0;0;0;0;0;0;0;0;1;0;0;0;0
"06/02/2025";"06:41:00";"165";"Com vítima";"533,500";"BR-101/RJ";"Decrescente";"Atropelamento de pedestre";1;1;0;0;0;0;0;0;0;0;2;0;0;0;0
"06/02/2025";"07:39:00";"242";"Com vítima";"386,900";"BR-101/RJ";"Crescente";"Atropelamento de pedestre";2;0;0;0;0;0;0;0;0;0;2;0;0;0;0
"06/02/2025";"08:10:00";"285";"Sem vítima";"386,000";"BR-101/RJ";"Crescente";"Engavetamento";3;0;0;0;0;0;0;0;0;0;3;0;0;0;0
"06/02/2025";"08:52:00";"330";"Sem vítima";"393,000";"BR-101/RJ";"Crescente";"Engavetamento";3;0;0;0;0;0;0;0;0;0;6;0;0;0;0
"06/02/2025";"10:41:00";"409";"Com vítima";"225,800";"BR-116/SP";"Crescente";"Engavetamento";4;0;0;0;0;0;0;0;0;0;1;3;0;0;0
"06/02/2025";"12:11:00";"470";"Sem vítima";"102,000";"BR-116/SP";"Crescente";"Tombamento";0;0;0;0;0;0;0;1;0;0;1;0;0;0;0
"06/02/2025";"12:51:00";"497";"Sem vítima";"48,600";"BR-101/SP";"Crescente";"Engavetamento";1;0;0;0;0;0;0;0;0;0;1;0;0;0;0
"06/02/2025";"12:52:00";"498";"Com vítima";"219,000";"BR-116/SP";"Crescente";"Colisão lateral em sentido contrário";1;0;1;0;0;0;0;0;0;0;1;1;0;0;0
"06/02/2025";"13:21:00";"512";"Com vítima";"227,800";"BR-116/RJ";"Crescente";"Engavetamento";1;0;0;0;0;0;0;0;0;0;1;0;1;0;0
"06/02/2025";"14:27:00";"552";"Com vítima";"311,500";"BR-116/RJ";"Crescente";"Engavetamento";2;0;1;0;0;0;0;0;0;0;5;2;0;0;0
"06/02/2025";"16:06:00";"605";"Com vítima";"55,000";"BR-116/SP";"Crescente";"Capotamento";1;0;0;0;0;0;0;0;0;0;0;1;0;0;0
"06/02/2025";"16:34:00";"617";"Com vítima";"264,700";"BR-116/RJ";"Crescente";"Acidentes de outra natureza";0;0;0;1;0;0;0;0;0;0;0;0;1;0;0
"06/02/2025";"17:11:00";"636";"Sem vítima";"51,000";"BR-116/SP";"Crescente";"Colisão traseira";2;0;0;0;0;0;0;0;0;0;2;0;0;0;0
"06/02/2025";"18:13:00";"660";"Com vítima";"498,000";"BR-101/RJ";"Crescente";"Colisão frontal";1;0;0;1;0;0;0;0;0;0;1;0;1;0;0
"06/02/2025";"20:13:00";"731";"Sem vítima";"523,000";"BR-101/RJ";"Crescente";"Choque";1;0;0;0;0;0;0;0;0;0;0;0;0;0;0
"06/02/2025";"20:24:00";"736";"Com vítima";"234,100";"BR-116/RJ";"Crescente";"Tombamento";0;0;0;0;0;0;0;1;0;0;0;2;0;0;0
"06/02/2025";"22:55:00";"787";"Com vítima";"282,000";"BR-116/RJ";"Crescente";"Atropelamento de pedestre";0;0;1;0;0;0;0;0;0;1;2;0;0;0;0
"07/02/2025";"02:00:00";"57";"Sem vítima";"510,000";"BR-101/RJ";"Decrescente";"Choque";1;0;0;0;0;0;0;0;0;0;0;0;0;0;0
"07/02/2025";"07:30:00";"216";"Sem vítima";"139,000";"BR-116/SP";"Crescente";"Colisão traseira";1;0;0;0;0;0;0;0;0;0;1;0;0;0;0
"07/02/2025";"07:34:00";"218";"Sem vítima";"244,900";"BR-116/RJ";"Decrescente";"Colisão traseira";1;0;1;0;0;0;0;0;0;0;2;0;0;0;0
"07/02/2025";"07:54:00";"240";"Com vítima";"215,200";"BR-116/SP";"Crescente";"Choque";0;0;0;1;0;0;0;0;0;1;1;1;0;0;0
"07/02/2025";"08:18:00";"279";"Com vítima";"228,400";"BR-116/SP";"Crescente";"Colisão lateral em sentido contrário";1;0;0;1;0;0;0;0;0;0;1;1;0;0;0
"07/02/2025";"09:39:00";"336";"Com vítima";"299,000";"BR-116/RJ";"Decrescente";"Colisão lateral em sentido contrário";0;0;0;2;0;0;0;0;0;0;1;1;1;0;0
"07/02/2025";"09:45:00";"342";"Sem vítima";"266,100";"BR-116/RJ";"Decrescente";"Colisão lateral em sentido contrário";0;0;2;0;0;0;0;0;0;0;4;0;0;0;0
"07/02/2025";"11:50:00";"414";"Com vítima";"521,000";"BR-101/RJ";"Decrescente";"Colisão traseira";0;0;0;1;0;0;0;0;0;0;0;1;0;0;0
"07/02/2025";"12:37:00";"437";"Com vítima";"394,000";"BR-101/RJ";"Decrescente";"Colisão traseira";0;0;1;0;0;0;0;0;0;1;1;1;0;0;0
"07/02/2025";"13:26:00";"474";"Com vítima";"228,000";"BR-116/RJ";"Crescente";"Colisão lateral em sentido contrário";1;0;0;0;0;0;0;0;0;0;2;1;0;0;0
"07/02/2025";"13:32:00";"484";"Sem vítima";"157,000";"BR-116/SP";"Decrescente";"Colisão lateral em sentido contrário";1;0;1;0;0;0;0;0;0;0;2;0;0;0;0
"07/02/2025";"14:00:00";"504";"Sem vítima";"191,400";"BR-116/SP";"Crescente";"Choque";0;0;1;0;0;0;0;0;0;0;0;0;0;0;0
"07/02/2025";"16:19:00";"570";"Com vítima";"473,100";"BR-101/RJ";"Crescente";"Colisão transversal";0;0;0;2;0;0;0;0;0;0;1;0;1;0;0
"07/02/2025";"16:47:00";"585";"Com vítima";"477,000";"BR-101/RJ";"Crescente";"Colisão lateral em sentido contrário";1;0;0;1;0;0;0;0;0;0;1;1;0;0;0
"07/02/2025";"17:41:00";"610";"Sem vítima";"284,000";"BR-116/RJ";"Decrescente";"Colisão traseira";2;0;0;0;0;0;0;0;0;0;0;0;0;0;0
"07/02/2025";"17:53:00";"615";"Com vítima";"140,200";"BR-116/SP";"Crescente";"Colisão lateral em sentido contrário";1;0;0;1;0;0;0;0;0;0;5;1;0;0;0
"07/02/2025";"18:52:00";"649";"Com vítima";"209,300";"BR-116/SP";"Decrescente";"Capotamento";1;0;0;0;0;0;0;0;0;0;0;0;1;0;0
"07/02/2025";"20:23:00";"693";"Sem vítima";"51,000";"BR-101/SP";"Decrescente";"Colisão traseira";1;0;0;0;0;0;0;0;0;0;2;0;0;0;0
"07/02/2025";"20:58:00";"710";"Com vítima";"225,300";"BR-116/SP";"Decrescente";"Acidentes de outra natureza";0;0;0;1;0;0;0;0;0;0;0;1;0;0;0
"07/02/2025";"21:03:00";"713";"Com vítima";"433,000";"BR-101/RJ";"Crescente";"Atropelamento de pedestre";0;0;0;1;0;0;0;0;0;0;0;1;0;0;0
"07/02/2025";"21:06:00";"716";"Com vítima";"504,000";"BR-101/RJ";"Decrescente";"Atropelamento de pedestre";0;1;0;1;0;0;0;0;0;0;0;1;0;0;0
"07/02/2025";"22:40:00";"757";"Com vítima";"211,100";"BR-116/SP";"Decrescente";"Choque";1;0;0;0;0;0;0;0;0;0;0;1;0;0;0
"07/02/2025";"23:42:00";"779";"Com vítima";"408,000";"BR-101/RJ";"Decrescente";"Colisão lateral em sentido contrário";3;0;0;0;0;0;0;0;0;0;0;2;0;0;0
"08/02/2025";"00:12:00";"36";"Sem vítima";"222,800";"BR-116/SP";"Crescente";"Engavetamento";3;0;0;0;0;0;0;1;0;0;3;0;0;0;0
"08/02/2025";"01:43:00";"53";"Com vítima";"388,000";"BR-101/RJ";"Decrescente";"Engavetamento";3;0;0;0;0;0;0;0;0;0;0;0;2;0;0
"08/02/2025";"05:20:00";"105";"Sem vítima";"151,100";"BR-116/SP";"Crescente";"Colisão traseira";3;0;0;0;0;0;0;0;0;0;12;0;0;0;0
"08/02/2025";"06:27:00";"133";"Sem vítima";"157,000";"BR-116/SP";"Crescente";"Choque";1;0;0;0;0;0;0;0;0;0;0;0;0;0;0
"08/02/2025";"07:12:00";"167";"Com vítima";"141,000";"BR-116/SP";"Crescente";"Acidentes de outra natureza";0;0;0;1;0;0;0;0;0;0;0;2;0;0;0
"08/02/2025";"07:45:00";"210";"Sem vítima";"123,900";"BR-116/SP";"Decrescente";"Colisão lateral em sentido contrário";1;0;0;0;0;0;0;0;0;0;2;0;0;0;0
"08/02/2025";"07:53:00";"219";"Com vítima";"145,800";"BR-116/SP";"Crescente";"Colisão lateral em sentido contrário";1;0;0;1;0;0;0;0;0;0;1;1;0;0;0
"08/02/2025";"08:07:00";"237";"Com vítima";"149,000";"BR-116/SP";"Decrescente";"Colisão traseira";1;0;0;1;0;0;0;0;0;0;1;1;0;0;0
"08/02/2025";"09:02:00";"283";"Com vítima";"418,000";"BR-101/RJ";"Decrescente";"Choque";0;0;0;1;0;0;0;0;0;0;0;1;1;0;0
"08/02/2025";"09:26:00";"293";"Com vítima";"154,000";"BR-116/SP";"Decrescente";"Colisão lateral em sentido contrário";1;0;0;1;0;0;0;0;0;0;1;1;0;0;0
"08/02/2025";"10:02:00";"319";"Sem vítima";"115,500";"BR-116/SP";"Decrescente";"Engavetamento";4;0;0;0;0;0;0;0;0;0;10;0;0;0;0
"08/02/2025";"10:10:00";"328";"Com vítima";"10,900";"BR-116/SP";"Crescente";"Colisão lateral em sentido contrário";0;0;0;1;0;0;0;0;0;0;0;0;1;0;0
"08/02/2025";"10:38:00";"345";"Sem vítima";"229,900";"BR-116/SP";"Crescente";"Colisão traseira";1;0;0;1;0;0;0;0;0;0;0;0;0;0;0
"08/02/2025";"11:52:00";"388";"Com vítima";"161,000";"BR-116/SP";"Crescente";"Colisão traseira";1;0;0;1;0;0;0;0;0;0;0;0;1;0;0
"08/02/2025";"15:35:00";"495";"Com vítima";"427,000";"BR-101/RJ";"Decrescente";"Choque";1;0;0;0;0;0;0;0;0;0;0;0;2;0;0
"08/02/2025";"18:27:00";"582";"Com vítima";"399,000";"BR-101/RJ";"Decrescente";"Atropelamento de pedestre";0;1;0;1;0;0;0;0;0;0;0;2;0;0;0
"08/02/2025";"19:00:00";"598";"Sem vítima";"131,800";"BR-116/SP";"Decrescente";"Acidentes de outra natureza";0;0;0;1;0;0;0;0;0;0;1;0;0;0;0
"08/02/2025";"19:11:00";"611";"Com vítima";"258,300";"BR-116/RJ";"Crescente";"Colisão lateral em sentido contrário";2;0;0;0;0;0;0;0;0;0;1;1;0;0;0
"08/02/2025";"19:15:00";"609";"Sem vítima";"50,000";"BR-101/SP";"Decrescente";"Colisão traseira";2;0;0;0;0;0;0;0;0;0;10;0;0;0;0
"08/02/2025";"21:00:00";"659";"Com vítima";"39,100";"BR-116/SP";"Decrescente";"Atropelamento de pedestre";1;0;0;0;0;0;0;0;0;0;1;0;0;0;0
"08/02/2025";"21:36:00";"674";"Com vítima";"410,000";"BR-101/RJ";"Decrescente";"Atropelamento de pedestre";0;1;0;0;0;0;0;0;0;0;0;0;0;1;0