data;horario;n_da_ocorrencia;tipo_de_ocorrencia;km;trecho;sentido;tipo_de_acidente;automovel;bicicleta;caminhao;moto;onibus;outros;tracao_animal;transporte_de_cargas_especiais;trator_maquinas;utilitarios;ilesos;levemente_feridos;moderadamente_feridos;gravemente_feridos;mortos
"09/02/2025";"00:31:00";"39";"Sem vítima";"301,900";"BR-116/RJ";"Crescente";"Acidentes de outra natureza";1;0;0;0;0;0;0;0;0;0;3;0;0;0;0
"09/02/2025";"02:28:00";"59";"Sem vítima";"224,000";"BR-116/SP";"Crescente";"Colisão traseira";1;0;0;1;0;0;0;0;0;0;1;0;0;0;0
"09/02/2025";"03:14:00";"68";"Sem vítima";"65,800";"BR-116/SP";"Crescente";"Choque";1;0;0;0;0;0;0;0;0;0;4;0;0;0;0
"09/02/2025";"04:13:00";"75";"Sem vítima";"485,000";"BR-101/RJ";"Decrescente";"Colisão traseira";2;0;0;0;0;0;0;0;0;0;6;0;0;0;0
"09/02/2025";"04:32:00";"78";"Com vítima";"144,900";"BR-116/SP";"Crescente";"Acidentes de outra natureza";0;0;0;1;0;0;0;0;0;0;0;2;0;0;0
"09/02/2025";"05:50:00";"92";"Com vítima";"209,800";"BR-116/SP";"Decrescente";"Choque";1;0;0;0;0;0;0;0;0;0;0;2;0;0;0
"09/02/2025";"09:21:00";"197";"Com vítima";"540,000";"BR-101/RJ";"Decrescente";"Acidentes de outra natureza";1;0;0;0;0;0;0;0;0;0;0;0;0;0;1
"09/02/2025";"10:18:00";"224";"Com vítima";"58,000";"BR-116/SP";"Decrescente";"Colisão traseira";0;0;0;1;0;0;0;0;0;0;0;2;0;0;0
"09/02/2025";"10:48:00";"235";"Com vítima";"503,400";"BR-101/RJ";"Decrescente";"Acidentes de outra natureza";0;0;0;1;0;0;0;0;0;0;0;2;0;0;0
"09/02/2025";"11:21:00";"256";"Com vítima";"287,100";"BR-116/RJ";"Decrescente";"Colisão traseira";0;0;1;1;0;0;0;0;0;0;1;0;0;1;0
"09/02/2025";"12:56:00";"292";"Com vítima";"279,000";"BR-116/RJ";"Crescente";"Colisão lateral em sentido contrário";1;0;0;1;0;0;0;0;0;0;1;0;1;0;0
"09/02/2025";"14:18:00";"329";"Com vítima";"231,000";"BR-116/SP";"Decrescente";"Colisão lateral em sentido contrário";1;0;0;0;0;0;0;0;0;1;4;1;0;0;0
"09/02/2025";"15:05:00";"353";"Com vítima";"154,800";"BR-116/SP";"Crescente";"Colisão traseira";1;0;0;0;0;0;0;1;0;0;4;1;0;0;0
"09/02/2025";"15:18:00";"359";"Sem vítima";"59,600";"BR-116/SP";"Decrescente";"Choque";1;0;0;0;0;0;0;0;0;0;6;0;0;0;0
"09/02/2025";"15:24:00";"361";"Com vítima";"72,000";"BR-116/SP";"Crescente";"Acidentes de outra natureza";0;0;0;1;0;0;0;0;0;0;0;0;1;0;0
"09/02/2025";"16:27:00";"384";"Com vítima";"234,500";"BR-116/RJ";"Decrescente";"Acidentes de outra natureza";0;0;0;1;0;0;0;0;0;0;0;1;0;0;0
"09/02/2025";"17:55:00";"428";"Com vítima";"220,000";"BR-116/SP";"Crescente";"Colisão traseira";1;0;0;1;0;0;0;0;0;0;1;2;0;0;0
"09/02/2025";"17:59:00";"433";"Sem vítima";"220,000";"BR-116/SP";"Crescente";"Engavetamento";2;0;1;0;0;0;0;0;0;0;5;0;0;0;0
"09/02/2025";"18:16:00";"441";"Sem vítima";"146,800";"BR-116/SP";"Crescente";"Colisão lateral em sentido contrário";1;0;1;0;0;0;0;0;0;0;3;0;0;0;0
"09/02/2025";"18:29:00";"452";"Com vítima";"217,300";"BR-116/RJ";"Crescente";"Atropelamento de pedestre";0;0;0;0;0;0;0;0;0;0;0;0;0;0;0
"09/02/2025";"20:07:00";"501";"Sem vítima";"215,500";"BR-116/SP";"Decrescente";"Capotamento";1;0;0;0;0;0;0;0;0;0;1;0;0;0;0
"09/02/2025";"20:10:00";"505";"Com vítima";"410,000";"BR-101/RJ";"Decrescente";"Atropelamento de pedestre";1;0;0;0;0;0;0;0;0;0;0;0;0;0;0
"09/02/2025";"20:26:00";"512";"Com vítima";"197,000";"BR-116/SP";"Crescente";"Colisão traseira";2;0;0;0;0;0;0;0;0;0;3;1;0;0;0
"09/02/2025";"21:13:00";"532";"Com vítima";"199,000";"BR-116/SP";"Crescente";"Engavetamento";3;0;0;0;0;0;0;0;0;0;2;1;0;0;0
"09/02/2025";"21:36:00";"541";"Sem vítima";"120,200";"BR-116/SP";"Decrescente";"Acidentes de outra natureza";1;0;0;0;0;0;0;0;0;0;1;0;0;0;0
"09/02/2025";"23:28:00";"572";"Com vítima";"220,500";"BR-116/SP";"Decrescente";"Colisão traseira";1;0;0;1;0;0;0;0;0;0;1;0;1;0;0
"09/02/2025";"23:49:00";"577";"Com vítima";"221,000";"BR-116/SP";"Decrescente";"Colisão lateral em sentido contrário";1;0;0;1;0;0;0;0;0;0;2;2;0;0;0
"10/02/2025";"00:00:00";"809";"Com vítima";"223,600";"BR-116/SP";"Decrescente";"Tombamento";1;0;0;0;0;0;0;0;0;0;0;1;0;0;0
"10/02/2025";"00:45:00";"37";"Sem vítima";"204,600";"BR-116/SP";"Crescente";"Choque";1;0;0;0;0;0;0;0;0;0;1;0;0;0;0
"10/02/2025";"01:49:00";"46";"Com vítima";"48,700";"BR-101/SP";"Crescente";"Colisão frontal";1;0;0;1;0;0;0;0;0;0;0;2;0;0;0
"10/02/2025";"02:15:00";"52";"Sem vítima";"251,000";"BR-116/RJ";"Decrescente";"Choque";0;0;1;0;0;0;0;0;0;0;1;0;0;0;0
"10/02/2025";"06:02:00";"110";"Com vítima";"218,700";"BR-116/SP";"Crescente";"Colisão lateral em sentido contrário";1;0;0;1;0;0;0;0;0;0;1;1;0;0;0
"10/02/2025";"09:22:00";"343";"Com vítima";"58,000";"BR-116/SP";"Crescente";"Colisão traseira";1;0;0;1;0;0;0;0;0;0;3;1;0;0;0
"10/02/2025";"10:41:00";"411";"Com vítima";"450,000";"BR-101/RJ";"Decrescente";"Acidentes de outra natureza";0;0;0;1;0;0;0;0;0;0;0;1;0;0;0
"10/02/2025";"12:05:00";"462";"Com vítima";"241,950";"BR-116/RJ";"Crescente";"Atropelamento de pedestre";0;0;1;0;0;0;0;0;0;0;1;0;1;0;0
"10/02/2025";"13:41:00";"520";"Com vítima";"24,550";"BR-101/SP";"Crescente";"Colisão frontal";2;0;0;0;0;0;0;0;0;0;0;2;0;2;4
"10/02/2025";"14:12:00";"542";"Com vítima";"271,000";"BR-116/RJ";"Crescente";"Choque";0;0;0;0;0;0;0;1;0;0;0;2;0;0;0
"10/02/2025";"14:58:00";"569";"Sem vítima";"442,500";"BR-101/RJ";"Decrescente";"Choque";0;0;1;0;0;0;0;0;0;0;0;0;0;0;0
"10/02/2025";"15:03:00";"571";"Sem vítima";"209,000";"BR-116/SP";"Decrescente";"Colisão lateral em sentido contrário";0;0;1;0;0;0;0;0;0;1;2;0;0;0;0
"10/02/2025";"15:40:00";"585";"Com vítima";"38,800";"BR-116/SP";"Decrescente";"Acidentes de outra natureza";0;0;0;1;0;0;0;0;0;0;0;1;0;0;0
"10/02/2025";"16:07:00";"602";"Com vítima";"38,000";"BR-116/SP";"Decrescente";"Colisão lateral em sentido contrário";2;0;0;0;0;0;0;0;0;0;4;1;0;0;0
"10/02/2025";"16:21:00";"613";"Sem vítima";"145,400";"BR-116/SP";"Decrescente";"Engavetamento";3;0;0;0;0;0;0;0;0;0;4;0;0;0;0
"10/02/2025";"17:07:00";"631";"Com vítima";"145,700";"BR-116/SP";"Crescente";"Colisão traseira";0;0;1;1;0;0;0;0;0;0;1;1;0;0;0
"10/02/2025";"17:13:00";"638";"Com vítima";"451,000";"BR-101/RJ";"Crescente";"Colisão lateral em sentido contrário";0;0;0;1;0;0;0;0;0;0;0;1;1;0;0
"10/02/2025";"17:35:00";"652";"Com vítima";"504,000";"BR-101/RJ";"Decrescente";"Engavetamento";3;0;0;0;0;0;0;0;0;0;4;2;0;0;0
"10/02/2025";"18:06:00";"668";"Com vítima";"144,700";"BR-116/SP";"Crescente";"Colisão traseira";0;0;0;2;0;0;0;0;0;0;1;1;0;0;0
"10/02/2025";"18:56:00";"702";"Sem vítima";"138,100";"BR-116/SP";"Crescente";"Colisão traseira";1;0;1;0;0;0;0;0;0;0;2;0;0;0;0
"10/02/2025";"19:40:00";"720";"Sem vítima";"215,200";"BR-116/SP";"Decrescente";"Engavetamento";3;0;0;0;0;0;0;0;0;0;3;0;0;0;0
"10/02/2025";"20:47:00";"756";"Com vítima";"271,380";"BR-116/RJ";"Decrescente";"Colisão traseira";1;0;0;0;0;0;0;0;0;0;0;0;1;0;0
"11/02/2025";"03:09:00";"64";"Sem vítima";"34,000";"BR-116/SP";"Decrescente";"Tombamento";0;0;1;0;0;0;0;0;0;0;0;0;0;0;0
"11/02/2025";"06:49:00";"173";"Com vítima";"152,900";"BR-116/SP";"Decrescente";"Colisão lateral em sentido contrário";1;0;0;1;0;0;0;0;0;0;1;1;0;0;0
"11/02/2025";"07:00:00";"187";"Com vítima";"112,500";"BR-116/SP";"Crescente";"Colisão traseira";0;0;1;0;0;0;0;1;0;0;2;2;0;0;0
"11/02/2025";"07:23:00";"208";"Com vítima";"158,000";"BR-116/SP";"Decrescente";"Colisão traseira";1;0;0;1;0;0;0;0;0;0;0;0;2;0;0
"11/02/2025";"08:07:00";"270";"Sem vítima";"253,550";"BR-116/RJ";"Decrescente";"Tombamento";0;0;1;0;0;0;0;0;0;0;2;0;0;0;0
"11/02/2025";"09:37:00";"347";"Sem vítima";"213,200";"BR-116/SP";"Crescente";"Engavetamento";2;0;0;0;0;0;0;0;0;0;2;0;0;0;0
"11/02/2025";"11:20:00";"433";"Sem vítima";"48,600";"BR-101/SP";"Decrescente";"Colisão lateral em sentido contrário";2;0;0;0;0;0;0;0;0;0;3;0;0;0;0
"11/02/2025";"12:50:00";"480";"Sem vítima";"208,000";"BR-116/SP";"Decrescente";"Colisão lateral em sentido contrário";1;0;1;0;0;0;0;0;0;0;2;0;0;0;0
"11/02/2025";"15:04:00";"560";"Com vítima";"492,000";"BR-101/RJ";"Crescente";"Colisão lateral em sentido contrário";0;0;1;1;0;0;0;0;0;0;1;0;1;0;0
"11/02/2025";"15:37:00";"581";"Com vítima";"227,800";"BR-116/SP";"Crescente";"Colisão traseira";1;0;0;1;0;0;0;0;0;0;1;1;0;0;0
"11/02/2025";"16:25:00";"600";"Com vítima";"34,000";"BR-116/SP";"Crescente";"Colisão lateral em sentido contrário";1;0;0;1;0;0;0;0;0;0;1;1;0;0;0
"11/02/2025";"17:33:00";"635";"Com vítima";"64,000";"BR-116/SP";"Crescente";"Acidentes de outra natureza";0;0;0;1;0;0;0;0;0;0;0;1;0;0;0
"11/02/2025";"17:42:00";"641";"Sem vítima";"419,000";"BR-101/RJ";"Decrescente";"Colisão traseira";0;0;2;0;0;0;0;0;0;0;4;0;0;0;0
"11/02/2025";"17:55:00";"646";"Sem vítima";"218,600";"BR-116/SP";"Decrescente";"Engavetamento";2;0;0;1;0;0;0;0;0;0;3;0;0;0;0
"11/02/2025";"20:58:00";"731";"Com vítima";"297,700";"BR-116/RJ";"Crescente";"Capotamento";1;0;0;0;0;0;0;0;0;0;0;1;0;0;0
"11/02/2025";"21:48:00";"750";"Com vítima";"217,100";"BR-116/SP";"Crescente";"Acidentes de outra natureza";0;0;0;1;0;0;0;0;0;0;0;0;1;0;0
"11/02/2025";"23:34:00";"757";"Com vítima";"296,750";"BR-116/RJ";"Crescente";"Colisão traseira";1;0;1;0;0;0;0;0;0;0;1;1;0;0;0
"12/02/2025";"00:00:00";"403";"Sem vítima";"390,000";"BR-101/RJ";"Crescente";"Acidentes de outra natureza";0;0;0;1;0;0;0;0;0;0;0;0;0;0;0
"12/02/2025";"00:36:00";"39";"Sem vítima";"169,300";"BR-116/SP";"Decrescente";"Choque";1;0;0;0;0;0;0;0;0;0;1;0;0;0;0
"12/02/2025";"04:16:00";"69";"Sem vítima";"229,500";"BR-116/RJ";"Decrescente";"Choque";0;0;0;0;0;0;0;2;0;1;15;0;0;0;0
"12/02/2025";"06:18:00";"130";"Com vítima";"175,950";"BR-116/SP";"Decrescente";"Colisão lateral em sentido contrário";0;0;0;0;0;1;0;0;0;2;7;2;0;0;0
"12/02/2025";"07:21:00";"211";"Com vítima";"216,000";"BR-116/SP";"Crescente";"Colisão lateral em sentido contrário";1;0;0;1;0;0;0;0;0;0;1;1;0;0;0
"12/02/2025";"07:25:00";"214";"Com vítima";"219,000";"BR-116/SP";"Crescente";"Colisão lateral em sentido contrário";1;0;0;0;0;0;0;1;0;0;1;1;0;0;0
"12/02/2025";"07:59:00";"249";"Com vítima";"397,000";"BR-101/RJ";"Decrescente";"Acidentes de outra natureza";0;0;0;1;0;0;0;0;0;0;0;4;0;0;0
"12/02/2025";"08:06:00";"258";"Sem vítima";"156,000";"BR-116/SP";"Decrescente";"Colisão lateral em sentido contrário";1;0;0;0;0;0;0;1;0;0;2;0;0;0;0
"12/02/2025";"08:24:00";"276";"Sem vítima";"237,800";"BR-116/RJ";"Decrescente";"Engavetamento";0;0;2;0;0;0;0;0;0;1;6;0;0;0;0
"12/02/2025";"10:12:00";"387";"Com vítima";"218,800";"BR-116/SP";"Decrescente";"Colisão lateral em sentido contrário";0;0;0;1;0;0;0;0;0;1;1;1;0;0;0
"12/02/2025";"10:19:00";"393";"Sem vítima";"247,300";"BR-116/RJ";"Decrescente";"Colisão lateral em sentido contrário";0;0;2;0;0;0;0;0;0;0;2;0;0;0;0
"12/02/2025";"11:17:00";"428";"Com vítima";"539,000";"BR-101/RJ";"Crescente";"Choque";1;0;0;0;0;0;0;0;0;0;0;0;1;0;0
"12/02/2025";"11:19:00";"431";"Sem vítima";"470,800";"BR-101/RJ";"Decrescente";"Colisão traseira";2;0;0;0;0;0;0;0;0;0;2;0;0;0;0
"12/02/2025";"12:13:00";"459";"Com vítima";"241,500";"BR-116/RJ";"Decrescente";"Acidentes de outra natureza";0;0;0;1;0;0;0;0;0;0;0;2;2;0;0
"12/02/2025";"13:20:00";"493";"Com vítima";"205,000";"BR-116/SP";"Crescente";"Colisão traseira";1;0;0;1;0;0;0;0;0;0;4;0;2;0;0
"12/02/2025";"13:40:00";"505";"Sem vítima";"112,300";"BR-116/SP";"Decrescente";"Colisão traseira";1;0;0;0;0;0;0;1;0;0;2;0;0;0;0
"12/02/2025";"14:12:00";"520";"Com vítima";"218,000";"BR-116/SP";"Decrescente";"Engavetamento";3;0;0;0;0;0;0;0;0;0;8;2;0;0;0
"12/02/2025";"14:40:00";"539";"Com vítima";"219,000";"BR-116/SP";"Decrescente";"Colisão traseira";0;0;0;1;0;0;0;0;0;0;0;1;0;0;0
"12/02/2025";"15:19:00";"565";"Com vítima";"390,000";"BR-101/RJ";"Crescente";"Acidentes de outra natureza";0;0;0;1;0;0;0;0;0;0;0;1;0;0;0
"12/02/2025";"15:51:00";"583";"Sem vítima";"504,000";"BR-101/RJ";"Crescente";"Colisão lateral em sentido contrário";1;0;1;0;0;0;0;0;0;0;6;0;0;0;0
"12/02/2025";"17:08:00";"633";"Sem vítima";"218,000";"BR-116/SP";"Crescente";"Colisão lateral em sentido contrário";1;0;0;0;0;0;0;0;0;1;5;0;0;0;0
"12/02/2025";"17:59:00";"658";"Sem vítima";"101,300";"BR-116/SP";"Crescente";"Colisão traseira";1;0;0;0;0;0;0;0;0;0;0;0;0;0;0
"12/02/2025";"18:19:00";"671";"Com vítima";"385,300";"BR-101/RJ";"Decrescente";"Colisão traseira";2;0;0;0;0;0;0;0;0;0;2;1;0;0;0
"12/02/2025";"19:11:00";"703";"Sem vítima";"424,000";"BR-101/RJ";"Decrescente";"Colisão lateral em sentido contrário";2;0;0;0;0;0;0;0;0;0;5;0;0;0;0
"12/02/2025";"20:40:00";"759";"Com vítima";"489,500";"BR-101/RJ";"Decrescente";"Acidentes de outra natureza";0;0;0;1;0;0;0;0;0;0;0;1;0;0;0
"12/02/2025";"22:55:00";"806";"Sem vítima";"276,500";"BR-116/RJ";"Crescente";"Colisão traseira";1;0;1;0;0;0;0;0;0;0;4;0;0;0;0
"12/02/2025";"23:15:00";"812";"Com vítima";"393,500";"BR-101/RJ";"Decrescente";"Capotamento";1;0;0;0;0;0;0;0;0;0;0;2;0;0;0
"12/02/2025";"23:38:00";"816";"Sem vítima";"279,600";"BR-116/RJ";"Decrescente";"Choque";0;0;0;0;0;0;0;1;0;0;1;0;0;0;0
"13/02/2025";"01:44:00";"60";"Com vítima";"261,900";"BR-116/RJ";"Decrescente";"Colisão lateral em sentido contrário";0;0;2;0;0;0;0;1;0;0;2;0;1;0;0
"13/02/2025";"01:53:00";"61";"Sem vítima";"261,900";"BR-116/RJ";"Crescente";"Choque";1;0;0;0;0;0;0;0;0;0;1;0;0;0;0
"13/02/2025";"02:09:00";"65";"Com vítima";"278,200";"BR-116/RJ";"Decrescente";"Colisão traseira";0;0;1;0;0;0;0;1;0;0;0;0;1;0;1
"13/02/2025";"02:14:00";"69";"Sem vítima";"197,700";"BR-116/SP";"Crescente";"Colisão traseira";1;0;1;0;0;0;0;0;0;0;4;0;0;0;0
"13/02/2025";"03:32:00";"84";"Sem vítima";"418,000";"BR-101/RJ";"Crescente";"Choque";0;0;1;0;0;0;0;0;0;0;1;0;0;0;0
"13/02/2025";"04:23:00";"98";"Sem vítima";"112,400";"BR-116/SP";"Crescente";"Atropelamento de pedestre";0;0;0;0;1;0;0;0;0;0;22;0;0;0;0
"13/02/2025";"04:48:00";"101";"Sem vítima";"456,500";"BR-101/RJ";"Crescente";"Choque";1;0;0;0;0;0;0;0;0;0;1;0;0;0;0
"13/02/2025";"06:20:00";"144";"Sem vítima";"268,000";"BR-116/RJ";"Decrescente";"Colisão lateral em sentido contrário";0;0;1;0;0;0;0;0;0;1;0;0;0;0;0
"13/02/2025";"06:27:00";"152";"Sem vítima";"213,000";"BR-116/SP";"Decrescente";"Colisão traseira";2;0;0;0;0;0;0;0;0;0;2;0;0;0;0
"13/02/2025";"06:34:00";"159";"Com vítima";"221,000";"BR-116/SP";"Crescente";"Colisão traseira";1;0;0;1;0;0;0;0;0;0;1;1;0;0;0
"13/02/2025";"10:30:00";"421";"Sem vítima";"231,400";"BR-116/RJ";"Decrescente";"Tombamento";0;0;1;0;0;0;0;0;0;0;1;0;0;0;0
"13/02/2025";"11:18:00";"449";"Com vítima";"176,400";"BR-116/SP";"Decrescente";"Acidentes de outra natureza";1;0;0;0;0;0;0;1;0;0;2;2;2;0;0
"13/02/2025";"11:46:00";"470";"Sem vítima";"107,000";"BR-116/SP";"Crescente";"Engavetamento";2;0;1;0;0;0;0;0;0;0;4;0;0;0;0
"13/02/2025";"14:05:00";"536";"Com vítima";"529,000";"BR-101/RJ";"Decrescente";"Colisão traseira";1;0;0;1;0;0;0;0;0;0;0;1;0;0;0
"13/02/2025";"14:32:00";"549";"Sem vítima";"224,000";"BR-116/SP";"Crescente";"Colisão lateral em sentido contrário";0;0;2;0;0;0;0;0;0;0;2;0;0;0;0
"13/02/2025";"16:54:00";"630";"Sem vítima";"200,000";"BR-116/SP";"Decrescente";"Colisão lateral em sentido contrário";1;0;0;0;0;0;0;0;0;0;3;0;0;0;0
"13/02/2025";"19:25:00";"731";"Sem vítima";"215,500";"BR-116/SP";"Decrescente";"Engavetamento";2;0;0;0;0;0;0;0;0;0;2;0;0;0;0
"13/02/2025";"20:52:00";"778";"Com vítima";"323,900";"BR-116/RJ";"Decrescente";"Capotamento";1;0;0;0;0;0;0;0;0;0;0;2;0;0;0
"13/02/2025";"21:46:00";"803";"Com vítima";"522,000";"BR-101/RJ";"Decrescente";"Choque";0;0;0;1;0;0;0;0;0;0;0;1;1;0;0
"13/02/2025";"21:51:00";"806";"Sem vítima";"214,600";"BR-116/SP";"Decrescente";"Choque";1;0;0;0;0;0;0;0;0;0;1;0;0;0;0
"13/02/2025";"21:51:00";"807";"Com vítima";"214,600";"BR-116/SP";"Decrescente";"Colisão lateral em sentido contrário";1;0;0;0;0;0;0;0;0;0;1;1;0;0;0
"13/02/2025";"22:50:00";"825";"Com vítima";"89,300";"BR-116/SP";"Decrescente";"Atropelamento de pedestre";0;1;0;1;0;0;0;0;0;0;0;1;0;1;0
"14/02/2025";"05:24:00";"111";"Com vítima";"223,000";"BR-116/SP";"Crescente";"Colisão traseira";1;0;1;0;0;0;0;0;0;0;3;2;0;0;0
"14/02/2025";"06:23:00";"150";"Sem vítima";"528,500";"BR-101/RJ";"Decrescente";"Acidentes de outra natureza";0;0;0;1;0;0;0;0;0;0;1;0;0;0;0
"14/02/2025";"06:36:00";"158";"Com vítima";"225,900";"BR-116/SP";"Crescente";"Colisão lateral em sentido contrário";1;0;0;1;0;0;0;0;0;0;1;0;1;0;0
"14/02/2025";"06:42:00";"169";"Sem vítima";"524,000";"BR-101/RJ";"Decrescente";"Colisão traseira";1;0;1;0;0;0;0;0;0;0;2;0;0;0;0
"14/02/2025";"06:57:00";"186";"Com vítima";"54,000";"BR-116/SP";"Decrescente";"Colisão lateral em sentido contrário";0;0;0;1;0;0;0;0;0;0;0;1;0;0;0
"14/02/2025";"08:11:00";"284";"Com vítima";"504,000";"BR-101/RJ";"Decrescente";"Colisão traseira";1;0;0;1;0;0;0;0;0;0;2;0;2;0;0
"14/02/2025";"08:20:00";"304";"Com vítima";"433,000";"BR-101/RJ";"Decrescente";"Colisão traseira";1;0;1;0;0;0;0;0;0;0;1;1;0;0;0
"14/02/2025";"09:28:00";"377";"Com vítima";"214,000";"BR-116/SP";"Crescente";"Colisão lateral em sentido contrário";1;0;0;0;0;0;0;1;0;0;2;1;0;0;0
"14/02/2025";"10:48:00";"432";"Com vítima";"74,300";"BR-116/SP";"Crescente";"Acidentes de outra natureza";0;0;0;1;0;0;0;0;0;0;0;1;0;0;0
"14/02/2025";"11:11:00";"449";"Com vítima";"74,300";"BR-116/SP";"Crescente";"Colisão traseira";0;0;0;1;0;0;0;0;0;1;2;1;0;0;0
"14/02/2025";"11:38:00";"464";"Com vítima";"503,000";"BR-101/RJ";"Decrescente";"Colisão lateral em sentido contrário";2;0;0;0;0;0;0;0;0;0;4;1;1;0;0
"14/02/2025";"11:45:00";"473";"Sem vítima";"28,000";"BR-116/SP";"Crescente";"Colisão traseira";1;0;1;0;0;0;0;0;0;0;5;0;0;0;0
"14/02/2025";"12:45:00";"502";"Com vítima";"324,900";"BR-116/RJ";"Decrescente";"Colisão lateral em sentido contrário";1;0;1;0;0;0;0;0;0;0;4;0;2;0;0
"14/02/2025";"13:40:00";"534";"Sem vítima";"294,300";"BR-116/RJ";"Decrescente";"Engavetamento";1;0;0;0;0;0;0;0;0;0;1;0;0;0;0
"14/02/2025";"17:06:00";"653";"Sem vítima";"155,020";"BR-116/SP";"Crescente";"Colisão traseira";1;0;0;1;0;0;0;0;0;0;2;0;0;0;0
"14/02/2025";"18:01:00";"689";"Sem vítima";"160,500";"BR-116/SP";"Decrescente";"Colisão lateral em sentido contrário";1;0;1;0;0;0;0;0;0;0;4;0;0;0;0
"14/02/2025";"18:08:00";"693";"Sem vítima";"121,400";"BR-116/SP";"Decrescente";"Colisão traseira";1;0;0;0;0;0;0;0;0;0;2;0;0;0;0
"14/02/2025";"22:40:00";"835";"Sem vítima";"129,800";"BR-116/SP";"Crescente";"Colisão traseira";1;0;1;0;0;0;0;0;0;0;2;0;0;0;0
"15/02/2025";"00:00:00";"318";"Com vítima";"48,600";"BR-101/SP";"Crescente";"Colisão lateral em sentido contrário";1;0;0;1;0;0;0;0;0;0;4;1;0;0;0
"15/02/2025";"00:08:00";"36";"Sem vítima";"226,800";"BR-116/RJ";"Crescente";"Tombamento";0;0;1;0;0;0;0;0;0;0;1;0;0;0;0
"15/02/2025";"02:23:00";"63";"Com vítima";"207,500";"BR-116/SP";"Decrescente";"Colisão traseira";0;0;0;1;0;0;0;0;0;0;0;1;0;0;0
"15/02/2025";"04:38:00";"85";"Sem vítima";"149,350";"BR-116/SP";"Crescente";"Choque";1;0;0;0;0;0;0;0;0;0;2;0;0;0;0
"15/02/2025";"06:54:00";"165";"Com vítima";"440,450";"BR-101/RJ";"Decrescente";"Choque";1;0;0;0;0;0;0;0;0;0;1;2;0;0;0
"15/02/2025";"07:03:00";"176";"Sem vítima";"418,000";"BR-101/RJ";"Decrescente";"Colisão traseira";2;0;0;0;0;0;0;0;0;0;2;0;0;0;0
"15/02/2025";"07:08:00";"185";"Sem vítima";"418,000";"BR-101/RJ";"Decrescente";"Colisão traseira";2;0;0;0;0;0;0;0;0;0;2;0;0;0;0
"15/02/2025";"08:31:00";"252";"Com vítima";"88,300";"BR-116/SP";"Crescente";"Acidentes de outra natureza";0;0;0;1;0;0;0;0;0;0;0;1;0;0;0
"15/02/2025";"08:34:00";"253";"Sem vítima";"154,000";"BR-116/SP";"Decrescente";"Colisão lateral em sentido contrário";2;0;0;0;0;0;0;0;0;0;7;0;0;0;0
"15/02/2025";"09:00:00";"279";"Com vítima";"74,900";"BR-116/SP";"Decrescente";"Colisão traseira";1;0;0;1;0;0;0;0;0;0;2;1;0;0;0
"15/02/2025";"09:02:00";"284";"Sem vítima";"482,000";"BR-101/RJ";"Decrescente";"Engavetamento";0;0;0;0;0;0;0;0;0;0;0;0;0;0;0
"15/02/2025";"10:43:00";"337";"Com vítima";"385,000";"BR-101/RJ";"Crescente";"Colisão frontal";0;0;0;2;0;0;0;0;0;0;2;0;1;0;0
"15/02/2025";"11:56:00";"371";"Com vítima";"41,000";"BR-101/SP";"Decrescente";"Colisão traseira";1;0;0;1;0;0;0;0;0;0;1;0;0;1;0
"15/02/2025";"14:23:00";"448";"Sem vítima";"225,000";"BR-116/SP";"Decrescente";"Colisão lateral em sentido contrário";1;0;0;0;0;0;0;0;0;0;4;0;0;0;0
"15/02/2025";"16:14:00";"493";"Com vítima";"215,700";"BR-116/SP";"Decrescente";"Tombamento";0;0;1;0;0;0;0;0;0;0;1;1;0;0;0
"15/02/2025";"17:01:00";"510";"Com vítima";"245,000";"BR-116/RJ";"Decrescente";"Choque";1;0;0;0;0;0;0;0;0;0;0;2;0;0;0
"15/02/2025";"17:26:00";"519";"Com vítima";"392,000";"BR-101/RJ";"Crescente";"Choque";1;0;0;0;0;0;0;0;0;0;2;1;0;0;0
"15/02/2025";"19:41:00";"571";"Com vítima";"1,000";"BR-101/SP";"Crescente";"Acidentes de outra natureza";0;0;0;1;0;0;0;0;0;0;0;0;2;0;0
"15/02/2025";"20:00:00";"579";"Sem vítima";"566,300";"BR-101/RJ";"Decrescente";"Atropelamento de pedestre";1;0;0;0;0;0;0;0;0;0;4;0;0;0;0
"15/02/2025";"20:40:00";"593";"Sem vítima";"426,000";"BR-101/RJ";"Decrescente";"Atropelamento de pedestre";1;0;0;0;0;0;0;0;0;0;1;0;0;0;0
"15/02/2025";"21:59:00";"624";"Sem vítima";"491,300";"BR-101/RJ";"Decrescente";"Choque";1;0;0;0;0;0;0;0;0;0;1;0;0;0;0