data;horario;n_da_ocorrencia;tipo_de_ocorrencia;km;trecho;sentido;tipo_de_acidente;automovel;bicicleta;caminhao;moto;onibus;outros;tracao_animal;transporte_de_cargas_especiais;trator_maquinas;utilitarios;ilesos;levemente_feridos;moderadamente_feridos;gravemente_feridos;mortos
"16/02/2025";"00:35:00";"640";"Sem vítima";"20,900";"BR-101/SP";"Crescente";"Choque";1;0;0;0;0;0;0;0;0;0;0;0;0;0;0
"16/02/2025";"01:44:00";"64";"Sem vítima";"136,000";"BR-116/SP";"Crescente";"Choque";1;0;0;0;0;0;0;0;0;0;4;0;0;0;0
"16/02/2025";"02:15:00";"71";"Sem vítima";"21,300";"BR-116/SP";"Decrescente";"Acidentes de outra natureza";0;0;0;1;0;0;0;0;0;0;1;0;0;0;0
"16/02/2025";"02:34:00";"75";"Sem vítima";"159,600";"BR-116/SP";"Decrescente";"Colisão traseira";2;0;0;0;0;0;0;0;0;0;4;0;0;0;0
"16/02/2025";"05:33:00";"102";"Com vítima";"485,000";"BR-101/RJ";"Crescente";"Colisão traseira";0;0;0;1;0;0;0;0;0;0;0;0;0;2;0
"16/02/2025";"06:35:00";"125";"Sem vítima";"465,600";"BR-101/RJ";"Crescente";"Acidentes de outra natureza";1;0;0;0;0;0;0;0;0;0;1;0;0;0;0
"16/02/2025";"06:41:00";"131";"Sem vítima";"147,100";"BR-116/SP";"Decrescente";"Colisão traseira";0;0;0;0;0;0;0;0;0;0;0;0;0;0;0
"16/02/2025";"07:11:00";"144";"Sem vítima";"386,000";"BR-101/RJ";"Crescente";"Colisão frontal";2;0;0;0;0;0;0;0;0;0;2;0;0;0;0
"16/02/2025";"14:55:00";"368";"Sem vítima";"295,000";"BR-116/RJ";"Crescente";"Choque";2;0;0;0;0;0;0;0;0;0;4;0;0;0;0
"16/02/2025";"16:58:00";"425";"Sem vítima";"399,100";"BR-101/RJ";"Decrescente";"Engavetamento";3;0;0;0;0;0;0;0;0;0;3;0;0;0;0
"16/02/2025";"17:06:00";"428";"Sem vítima";"215,300";"BR-116/SP";"Crescente";"Colisão traseira";2;0;0;0;0;0;0;0;0;0;4;0;0;0;0
"16/02/2025";"17:27:00";"444";"Com vítima";"442,000";"BR-101/RJ";"Crescente";"Acidentes de outra natureza";0;0;0;1;0;0;0;0;0;0;0;0;2;0;0
"16/02/2025";"17:36:00";"447";"Sem vítima";"299,100";"BR-116/RJ";"Decrescente";"Colisão traseira";1;0;0;0;0;0;0;0;0;0;3;0;0;0;0
"16/02/2025";"17:39:00";"450";"Sem vítima";"107,000";"BR-116/SP";"Crescente";"Colisão traseira";1;0;0;0;0;0;0;0;0;0;4;0;0;0;0
"16/02/2025";"18:47:00";"485";"Com vítima";"424,000";"BR-101/RJ";"Decrescente";"Colisão traseira";2;0;0;0;0;0;0;0;0;0;7;1;0;0;0
"16/02/2025";"19:28:00";"516";"Sem vítima";"428,000";"BR-101/RJ";"Decrescente";"Colisão lateral em sentido contrário";1;0;0;1;0;0;0;0;0;0;1;0;0;0;0
"16/02/2025";"19:35:00";"522";"Com vítima";"182,900";"BR-116/SP";"Decrescente";"Colisão lateral em sentido contrário";1;0;0;1;0;0;0;0;0;0;2;1;0;0;0
"16/02/2025";"19:55:00";"533";"Com vítima";"428,000";"BR-101/RJ";"Decrescente";"Colisão lateral em sentido contrário";2;0;0;0;0;0;0;0;0;0;1;0;1;0;0
"16/02/2025";"20:30:00";"557";"Sem vítima";"27,000";"BR-116/SP";"Crescente";"Choque";1;0;0;0;0;0;0;0;0;0;1;0;0;0;0
"16/02/2025";"20:50:00";"567";"Com vítima";"411,500";"BR-101/RJ";"Decrescente";"Colisão lateral em sentido contrário";1;0;0;0;0;0;0;0;0;0;0;1;0;0;0
"16/02/2025";"21:11:00";"580";"Com vítima";"224,200";"BR-116/SP";"Crescente";"Colisão lateral em sentido contrário";0;0;0;1;0;0;0;0;0;0;2;2;0;0;0
"16/02/2025";"21:25:00";"586";"Sem vítima";"116,200";"BR-116/SP";"Crescente";"Atropelamento de pedestre";1;0;0;0;0;0;0;0;0;0;1;0;0;0;0
"16/02/2025";"23:41:00";"642";"Com vítima";"64,000";"BR-116/SP";"Crescente";"Choque";1;0;0;0;0;0;0;0;0;0;0;1;0;0;0
"17/02/2025";"00:00:00";"495";"Com vítima";"576,500";"BR-101/RJ";"Decrescente";"Colisão lateral em sentido contrário";1;0;1;0;0;0;0;0;0;0;1;1;1;0;0
"17/02/2025";"00:00:00";"655";"Sem vítima";"218,000";"BR-116/SP";"Decrescente";"Colisão traseira";1;0;0;1;0;0;0;0;0;0;0;0;0;0;0
"17/02/2025";"00:53:00";"40";"Com vítima";"149,400";"BR-116/SP";"Decrescente";"Colisão traseira";3;0;0;1;0;0;0;0;0;0;3;0;1;0;0
"17/02/2025";"03:41:00";"67";"Sem vítima";"201,600";"BR-116/SP";"Crescente";"Choque";2;0;0;0;0;0;0;0;0;0;6;0;0;0;0
"17/02/2025";"07:24:00";"217";"Sem vítima";"161,900";"BR-116/SP";"Decrescente";"Colisão traseira";2;0;0;0;0;0;0;0;0;0;0;0;0;0;0
"17/02/2025";"07:52:00";"236";"Com vítima";"152,700";"BR-116/SP";"Decrescente";"Colisão lateral em sentido contrário";0;0;0;1;0;0;0;0;0;0;0;0;1;0;0
"17/02/2025";"08:00:00";"247";"Sem vítima";"230,500";"BR-116/RJ";"Decrescente";"Choque";0;0;1;0;0;0;0;0;0;0;2;0;0;0;0
"17/02/2025";"08:07:00";"256";"Sem vítima";"405,000";"BR-101/RJ";"Crescente";"Colisão traseira";1;0;1;0;0;0;0;0;0;0;2;0;0;0;0
"17/02/2025";"14:57:00";"547";"Sem vítima";"183,900";"BR-116/SP";"Decrescente";"Choque";0;0;1;0;0;0;0;0;0;0;4;0;0;0;0
"17/02/2025";"16:02:00";"581";"Com vítima";"44,000";"BR-101/SP";"Decrescente";"Colisão frontal";0;0;0;2;0;0;0;0;0;0;0;0;2;0;0
"17/02/2025";"16:51:00";"605";"Com vítima";"574,000";"BR-101/RJ";"Crescente";"Colisão lateral em sentido contrário";1;0;0;1;0;0;0;0;0;0;5;1;1;0;0
"17/02/2025";"17:52:00";"639";"Sem vítima";"157,000";"BR-116/SP";"Decrescente";"Engavetamento";3;0;0;0;0;0;0;0;0;0;2;0;0;0;0
"17/02/2025";"18:22:00";"658";"Sem vítima";"149,000";"BR-116/SP";"Crescente";"Engavetamento";1;0;0;0;0;0;0;0;0;0;1;0;0;0;0
"17/02/2025";"18:27:00";"664";"Sem vítima";"146,000";"BR-116/SP";"Crescente";"Colisão traseira";1;0;1;0;0;0;0;0;0;0;0;0;0;0;0
"17/02/2025";"18:44:00";"681";"Sem vítima";"228,500";"BR-116/SP";"Decrescente";"Colisão traseira";1;0;0;0;0;0;0;0;0;0;1;0;0;0;0
"17/02/2025";"19:28:00";"714";"Com vítima";"145,800";"BR-116/SP";"Decrescente";"Engavetamento";3;0;0;0;0;0;0;0;0;0;5;3;0;0;0
"17/02/2025";"19:44:00";"722";"Com vítima";"508,000";"BR-101/RJ";"Crescente";"Atropelamento de pedestre";0;0;0;1;0;0;0;0;0;0;0;2;2;0;0
"17/02/2025";"23:46:00";"820";"Sem vítima";"165,200";"BR-116/SP";"Decrescente";"Colisão traseira";0;0;0;0;1;0;0;1;0;0;16;0;0;0;0
"18/02/2025";"01:55:00";"54";"Com vítima";"93,200";"BR-116/SP";"Crescente";"Atropelamento de pedestre";0;0;0;0;0;0;0;1;0;0;2;0;0;0;1
"18/02/2025";"07:47:00";"236";"Sem vítima";"157,400";"BR-116/SP";"Decrescente";"Engavetamento";1;0;0;0;0;0;0;0;0;0;1;0;0;0;0
"18/02/2025";"07:57:00";"242";"Com vítima";"399,000";"BR-101/RJ";"Crescente";"Acidentes de outra natureza";0;0;0;1;0;0;0;0;0;0;0;1;0;0;0
"18/02/2025";"08:37:00";"290";"Com vítima";"218,300";"BR-116/SP";"Crescente";"Colisão traseira";0;0;1;1;0;0;0;0;0;0;2;1;0;0;0
"18/02/2025";"08:38:00";"291";"Sem vítima";"142,000";"BR-116/SP";"Crescente";"Engavetamento";3;0;0;0;0;0;0;1;0;0;4;0;0;0;0
"18/02/2025";"11:41:00";"420";"Com vítima";"216,200";"BR-116/SP";"Crescente";"Colisão lateral em sentido contrário";2;0;0;1;0;0;0;0;0;0;4;0;2;0;0
"18/02/2025";"12:10:00";"438";"Sem vítima";"433,000";"BR-101/RJ";"Decrescente";"Colisão traseira";1;0;1;0;0;0;0;0;0;0;14;0;0;0;0
"18/02/2025";"12:58:00";"460";"Sem vítima";"530,000";"BR-101/RJ";"Crescente";"Choque";0;0;0;0;1;0;0;0;0;0;1;0;0;0;0
"18/02/2025";"15:18:00";"528";"Sem vítima";"314,500";"BR-116/RJ";"Decrescente";"Colisão traseira";0;0;2;0;0;0;0;0;0;0;2;0;0;0;0
"18/02/2025";"15:54:00";"550";"Com vítima";"111,000";"BR-116/SP";"Decrescente";"Acidentes de outra natureza";0;0;0;1;0;0;0;0;0;0;0;1;0;0;0
"18/02/2025";"16:11:00";"557";"Com vítima";"476,000";"BR-101/RJ";"Crescente";"Engavetamento";1;0;1;0;0;0;0;0;0;0;2;1;0;0;0
"18/02/2025";"17:03:00";"590";"Com vítima";"216,200";"BR-116/SP";"Decrescente";"Colisão traseira";1;0;0;1;0;0;0;0;0;0;2;2;0;0;0
"18/02/2025";"19:02:00";"654";"Sem vítima";"21,000";"BR-116/SP";"Crescente";"Choque";1;0;0;0;0;0;0;0;0;0;2;0;0;0;0
"18/02/2025";"19:08:00";"658";"Sem vítima";"143,100";"BR-116/SP";"Decrescente";"Colisão lateral em sentido contrário";1;0;0;1;0;0;0;0;0;0;0;0;0;0;0
"18/02/2025";"19:13:00";"663";"Com vítima";"218,300";"BR-116/SP";"Decrescente";"Acidentes de outra natureza";0;0;0;1;0;0;0;0;0;0;0;0;1;0;0
"18/02/2025";"19:23:00";"669";"Com vítima";"580,000";"BR-101/RJ";"Crescente";"Colisão lateral em sentido contrário";1;0;0;1;0;0;0;0;0;0;4;0;1;0;0
"18/02/2025";"22:35:00";"756";"Sem vítima";"223,000";"BR-116/SP";"Decrescente";"Choque";1;0;0;0;0;0;0;0;0;0;0;0;0;0;0
"18/02/2025";"22:42:00";"758";"Com vítima";"28,400";"BR-116/SP";"Decrescente";"Acidentes de outra natureza";0;0;0;1;0;0;0;0;0;0;0;1;0;0;0
"18/02/2025";"23:30:00";"768";"Sem vítima";"162,000";"BR-116/SP";"Crescente";"Choque";1;0;0;0;0;0;0;0;0;0;1;0;0;0;0
"19/02/2025";"04:01:00";"86";"Com vítima";"188,800";"BR-116/SP";"Crescente";"Colisão traseira";0;0;2;0;0;0;0;0;0;0;2;2;0;0;0
"19/02/2025";"06:23:00";"162";"Sem vítima";"228,000";"BR-116/SP";"Decrescente";"Colisão traseira";1;0;0;0;1;0;0;0;0;0;27;0;0;0;0
"19/02/2025";"06:43:00";"183";"Com vítima";"228,000";"BR-116/SP";"Crescente";"Colisão traseira";0;0;1;1;0;0;0;0;0;0;1;1;0;0;0
"19/02/2025";"07:50:00";"263";"Com vítima";"134,800";"BR-116/SP";"Crescente";"Colisão traseira";1;0;0;1;0;0;0;0;0;0;1;0;1;0;0
"19/02/2025";"08:09:00";"287";"Com vítima";"161,500";"BR-116/SP";"Decrescente";"Engavetamento";0;0;2;0;0;0;0;1;0;0;1;0;1;1;0
"19/02/2025";"08:37:00";"318";"Sem vítima";"137,000";"BR-116/SP";"Crescente";"Colisão traseira";1;0;1;0;0;0;0;0;0;0;2;0;0;0;0
"19/02/2025";"09:26:00";"365";"Sem vítima";"156,500";"BR-116/SP";"Crescente";"Colisão lateral em sentido contrário";1;0;1;0;0;0;0;0;0;0;3;0;0;0;0
"19/02/2025";"09:44:00";"375";"Sem vítima";"204,500";"BR-116/SP";"Crescente";"Colisão traseira";1;0;0;0;0;0;0;0;0;0;1;0;0;0;0
"19/02/2025";"09:49:00";"376";"Com vítima";"154,000";"BR-116/SP";"Decrescente";"Colisão traseira";1;0;0;1;0;0;0;0;0;0;1;1;0;0;0
"19/02/2025";"10:04:00";"386";"Com vítima";"492,000";"BR-101/RJ";"Decrescente";"Colisão lateral em sentido contrário";1;0;0;1;0;0;0;0;0;0;1;1;0;0;0
"19/02/2025";"11:50:00";"437";"Com vítima";"403,000";"BR-101/RJ";"Decrescente";"Colisão traseira";2;0;0;0;0;0;0;0;0;0;1;1;0;0;0
"19/02/2025";"11:58:00";"440";"Sem vítima";"223,000";"BR-116/SP";"Crescente";"Colisão traseira";0;0;2;0;0;0;0;0;0;0;0;0;0;0;0
"19/02/2025";"14:40:00";"517";"Sem vítima";"219,000";"BR-116/SP";"Decrescente";"Colisão lateral em sentido contrário";1;0;0;0;0;0;0;1;0;0;2;0;0;0;0
"19/02/2025";"15:05:00";"532";"Sem vítima";"218,800";"BR-116/SP";"Decrescente";"Colisão traseira";1;0;1;0;0;0;0;0;0;0;2;0;0;0;0
"19/02/2025";"15:32:00";"547";"Sem vítima";"220,000";"BR-116/RJ";"Crescente";"Colisão lateral em sentido contrário";1;0;1;0;0;0;0;0;0;0;5;0;0;0;0
"19/02/2025";"17:40:00";"610";"Com vítima";"387,000";"BR-101/RJ";"Crescente";"Colisão frontal";2;0;0;0;0;0;0;0;0;0;1;4;0;0;0
"19/02/2025";"18:34:00";"640";"Com vítima";"286,000";"BR-116/RJ";"Decrescente";"Choque";1;0;0;0;1;0;0;0;0;0;33;1;0;0;0
"19/02/2025";"19:07:00";"662";"Com vítima";"219,300";"BR-116/SP";"Decrescente";"Colisão lateral em sentido contrário";1;0;0;1;0;0;0;0;0;0;2;1;0;0;0
"19/02/2025";"19:13:00";"667";"Com vítima";"156,800";"BR-116/SP";"Decrescente";"Atropelamento de pedestre";0;0;0;1;0;0;0;0;0;0;0;0;2;1;0
"19/02/2025";"21:59:00";"747";"Com vítima";"167,800";"BR-116/SP";"Crescente";"Colisão traseira";0;0;0;0;0;0;0;0;0;1;1;2;0;0;0
"20/02/2025";"01:03:00";"42";"Com vítima";"111,900";"BR-116/SP";"Decrescente";"Colisão traseira";0;0;1;1;0;0;0;0;0;0;1;2;0;0;0
"20/02/2025";"01:52:00";"51";"Sem vítima";"207,100";"BR-116/SP";"Crescente";"Atropelamento de pedestre";1;0;1;0;0;0;0;0;0;0;2;0;0;0;0
"20/02/2025";"05:06:00";"87";"Sem vítima";"59,000";"BR-116/SP";"Crescente";"Colisão traseira";0;0;2;0;0;0;0;0;0;0;6;0;0;0;0
"20/02/2025";"08:34:00";"314";"Com vítima";"399,000";"BR-101/RJ";"Crescente";"Engavetamento";0;0;0;1;0;0;0;0;0;0;0;1;0;0;0
"20/02/2025";"09:28:00";"367";"Sem vítima";"39,000";"BR-116/SP";"Decrescente";"Colisão lateral em sentido contrário";1;0;0;0;0;0;0;1;0;0;2;0;0;0;0
"20/02/2025";"11:57:00";"482";"Com vítima";"51,000";"BR-116/SP";"Decrescente";"Acidentes de outra natureza";0;0;0;1;0;0;0;0;0;0;0;0;1;0;0
"20/02/2025";"13:23:00";"540";"Com vítima";"197,300";"BR-116/SP";"Crescente";"Colisão traseira";0;0;1;1;0;0;0;0;0;0;1;1;0;0;0
"20/02/2025";"13:36:00";"549";"Com vítima";"515,000";"BR-101/RJ";"Decrescente";"Acidentes de outra natureza";0;0;0;1;0;0;0;0;0;0;0;2;0;0;0
"20/02/2025";"16:07:00";"653";"Sem vítima";"219,000";"BR-116/SP";"Decrescente";"Colisão traseira";2;0;0;0;0;0;0;0;0;0;6;0;0;0;0
"20/02/2025";"16:22:00";"659";"Com vítima";"222,000";"BR-116/SP";"Decrescente";"Colisão traseira";1;0;0;1;0;0;0;0;0;0;1;1;0;0;0
"20/02/2025";"16:51:00";"675";"Com vítima";"232,600";"BR-116/RJ";"Decrescente";"Capotamento";1;0;0;0;0;0;0;0;0;0;0;1;1;0;0
"20/02/2025";"17:15:00";"687";"Sem vítima";"332,500";"BR-116/RJ";"Crescente";"Colisão traseira";1;0;1;0;0;0;0;0;0;0;4;0;0;0;0
"20/02/2025";"18:00:00";"693";"Sem vítima";"40,300";"BR-116/SP";"Decrescente";"Engavetamento";1;0;0;0;0;0;0;0;0;0;5;0;0;0;0
"20/02/2025";"18:23:00";"714";"Com vítima";"149,100";"BR-116/SP";"Decrescente";"Colisão lateral em sentido contrário";0;0;0;1;0;0;0;1;0;0;1;0;1;0;0
"20/02/2025";"18:58:00";"744";"Com vítima";"15,300";"BR-101/SP";"Decrescente";"Colisão lateral em sentido contrário";1;0;0;1;0;0;0;0;0;0;3;1;0;0;0
"20/02/2025";"19:43:00";"776";"Sem vítima";"15,900";"BR-101/SP";"Decrescente";"Choque";1;0;0;0;0;0;0;0;0;0;2;0;0;0;0
"20/02/2025";"20:34:00";"798";"Com vítima";"485,500";"BR-101/RJ";"Decrescente";"Colisão traseira";1;0;0;1;0;0;0;0;0;0;1;1;0;0;0
"20/02/2025";"22:13:00";"836";"Sem vítima";"259,500";"BR-116/RJ";"Decrescente";"Choque";1;0;0;0;0;0;0;0;0;0;2;0;0;0;0
"20/02/2025";"22:44:00";"847";"Sem vítima";"111,800";"BR-116/SP";"Crescente";"Colisão traseira";0;0;0;1;0;0;0;0;0;1;2;0;0;0;0
"20/02/2025";"23:27:00";"858";"Sem vítima";"212,400";"BR-116/SP";"Crescente";"Capotamento";1;0;0;0;0;0;0;0;0;0;1;0;0;0;0
"21/02/2025";"06:17:00";"147";"Com vítima";"127,300";"BR-116/SP";"Crescente";"Acidentes de outra natureza";0;0;0;1;0;0;0;0;0;0;0;1;0;0;0
"21/02/2025";"07:10:00";"211";"Com vítima";"319,800";"BR-116/RJ";"Crescente";"Choque";1;0;0;0;0;0;0;0;0;0;0;1;0;0;0
"21/02/2025";"07:11:00";"215";"Sem vítima";"307,500";"BR-116/RJ";"Decrescente";"Colisão traseira";1;0;1;0;0;0;0;0;0;0;2;0;0;0;0
"21/02/2025";"08:56:00";"343";"Sem vítima";"317,800";"BR-116/RJ";"Crescente";"Colisão traseira";0;0;0;0;0;0;0;0;0;1;0;0;0;0;0
"21/02/2025";"09:01:00";"346";"Sem vítima";"587,500";"BR-101/RJ";"Crescente";"Choque";0;0;1;0;0;0;0;0;0;0;2;0;0;0;0
"21/02/2025";"10:59:00";"445";"Sem vítima";"320,400";"BR-116/RJ";"Decrescente";"Choque";1;0;0;0;0;1;0;0;0;0;4;0;0;0;0
"21/02/2025";"11:22:00";"460";"Sem vítima";"283,000";"BR-116/RJ";"Crescente";"Colisão traseira";0;0;1;0;0;0;0;1;0;0;0;0;0;0;0
"21/02/2025";"11:40:00";"473";"Com vítima";"470,000";"BR-101/RJ";"Decrescente";"Colisão lateral em sentido contrário";1;0;1;0;0;0;0;0;0;0;4;1;0;0;0
"21/02/2025";"11:54:00";"479";"Sem vítima";"160,000";"BR-116/SP";"Crescente";"Acidentes de outra natureza";0;0;0;1;0;0;0;0;0;0;1;0;0;0;0
"21/02/2025";"12:42:00";"505";"Sem vítima";"155,000";"BR-116/SP";"Decrescente";"Colisão lateral em sentido contrário";1;0;1;0;0;0;0;0;0;0;4;0;0;0;0
"21/02/2025";"13:00:00";"515";"Com vítima";"218,000";"BR-116/SP";"Decrescente";"Colisão lateral em sentido contrário";1;0;1;0;0;0;0;0;0;0;1;1;0;0;0
"21/02/2025";"14:17:00";"564";"Com vítima";"471,800";"BR-101/RJ";"Crescente";"Colisão traseira";1;0;0;0;0;0;0;0;0;0;1;1;0;0;0
"21/02/2025";"15:37:00";"611";"Com vítima";"243,000";"BR-116/RJ";"Crescente";"Colisão lateral em sentido contrário";1;0;1;0;0;0;0;0;0;0;4;1;0;0;0
"21/02/2025";"16:28:00";"636";"Com vítima";"48,600";"BR-101/SP";"Decrescente";"Atropelamento de pedestre";0;1;0;1;0;0;0;0;0;0;0;2;0;0;0
"21/02/2025";"16:45:00";"642";"Com vítima";"570,000";"BR-101/RJ";"Decrescente";"Acidentes de outra natureza";0;0;0;1;0;0;0;0;0;0;0;1;0;0;1
"21/02/2025";"17:21:00";"657";"Com vítima";"116,000";"BR-116/SP";"Decrescente";"Colisão lateral em sentido contrário";1;0;0;1;0;0;0;0;0;1;2;1;0;0;0
"21/02/2025";"17:35:00";"664";"Sem vítima";"142,900";"BR-116/SP";"Decrescente";"Engavetamento";1;0;0;0;1;0;0;0;0;1;104;0;0;0;0
"21/02/2025";"18:25:00";"693";"Com vítima";"157,400";"BR-116/SP";"Decrescente";"Colisão lateral em sentido contrário";1;0;0;1;0;0;0;0;0;0;3;1;0;0;0
"21/02/2025";"18:39:00";"701";"Com vítima";"144,000";"BR-116/SP";"Decrescente";"Colisão traseira";1;0;0;1;0;0;0;0;0;0;1;1;0;0;0
"21/02/2025";"20:33:00";"749";"Sem vítima";"226,000";"BR-116/SP";"Decrescente";"Colisão traseira";1;0;1;0;0;0;0;0;0;0;2;0;0;0;0
"21/02/2025";"22:31:00";"791";"Com vítima";"51,300";"BR-101/SP";"Decrescente";"Colisão lateral em sentido contrário";1;0;0;1;0;0;0;0;0;0;1;1;0;0;0
"21/02/2025";"22:38:00";"795";"Sem vítima";"51,700";"BR-101/SP";"Decrescente";"Engavetamento";1;0;0;0;0;0;0;0;0;0;0;0;0;0;0
"21/02/2025";"23:12:00";"807";"Com vítima";"222,900";"BR-116/SP";"Decrescente";"Engavetamento";2;0;0;0;0;0;0;0;0;0;2;2;0;0;0
"22/02/2025";"03:18:00";"69";"Sem vítima";"549,000";"BR-101/RJ";"Crescente";"Acidentes de outra natureza";1;0;0;0;0;0;0;0;0;0;1;0;0;0;0
"22/02/2025";"08:56:00";"255";"Com vítima";"446,000";"BR-101/RJ";"Crescente";"Colisão traseira";1;0;0;1;0;0;0;0;0;0;4;1;1;0;0
"22/02/2025";"09:07:00";"270";"Com vítima";"219,000";"BR-116/SP";"Decrescente";"Choque";0;0;0;1;0;0;0;0;0;0;0;1;0;0;0
"22/02/2025";"09:14:00";"276";"Sem vítima";"113,700";"BR-116/SP";"Decrescente";"Colisão traseira";2;0;0;0;0;0;0;0;0;0;5;0;0;0;0
"22/02/2025";"09:34:00";"284";"Com vítima";"98,000";"BR-116/SP";"Decrescente";"Choque";1;0;0;0;0;0;0;0;0;0;7;1;0;0;0
"22/02/2025";"09:42:00";"288";"Sem vítima";"227,300";"BR-116/SP";"Crescente";"Colisão traseira";1;0;0;0;0;0;0;1;0;0;2;0;0;0;0
"22/02/2025";"10:17:00";"306";"Sem vítima";"455,000";"BR-101/RJ";"Crescente";"Engavetamento";2;0;0;0;0;0;0;0;0;0;3;0;0;0;0
"22/02/2025";"11:30:00";"313";"Sem vítima";"229,000";"BR-116/RJ";"Crescente";"Engavetamento";1;0;2;0;0;0;0;0;0;0;4;0;0;0;0
"22/02/2025";"14:19:00";"430";"Sem vítima";"146,500";"BR-116/SP";"Crescente";"Choque";0;0;0;0;0;0;0;1;0;0;1;0;0;0;0
"22/02/2025";"15:37:00";"443";"Com vítima";"385,000";"BR-101/RJ";"Decrescente";"Colisão transversal";1;0;0;1;0;0;0;0;0;0;1;1;1;0;0
"22/02/2025";"15:44:00";"468";"Sem vítima";"19,000";"BR-116/SP";"Decrescente";"Choque";1;0;0;0;0;0;0;0;0;0;2;0;0;0;0
"22/02/2025";"15:50:00";"471";"Com vítima";"431,000";"BR-101/RJ";"Crescente";"Acidentes de outra natureza";0;0;0;1;0;0;0;0;0;0;0;2;0;0;0
"22/02/2025";"17:21:00";"511";"Com vítima";"286,900";"BR-116/RJ";"Crescente";"Colisão lateral em sentido contrário";0;0;0;0;0;0;0;0;0;0;0;0;0;0;0
"22/02/2025";"19:01:00";"572";"Com vítima";"139,800";"BR-116/SP";"Crescente";"Acidentes de outra natureza";0;0;0;1;0;0;0;0;0;0;0;2;0;0;0
"22/02/2025";"19:08:00";"578";"Com vítima";"320,800";"BR-116/RJ";"Decrescente";"Capotamento";1;0;0;0;0;0;0;0;0;0;0;0;1;0;0
"22/02/2025";"19:43:00";"594";"Com vítima";"386,200";"BR-101/RJ";"Decrescente";"Colisão traseira";2;0;0;0;0;0;0;0;0;0;0;2;1;0;0
"22/02/2025";"20:07:00";"599";"Com vítima";"56,250";"BR-116/SP";"Decrescente";"Colisão traseira";2;0;0;0;0;0;0;0;0;0;1;0;1;0;0
"22/02/2025";"20:38:00";"612";"Com vítima";"225,300";"BR-116/SP";"Decrescente";"Colisão traseira";1;0;0;1;0;0;0;0;0;0;2;1;0;0;0
"22/02/2025";"21:30:00";"630";"Sem vítima";"484,900";"BR-101/RJ";"Decrescente";"Colisão lateral em sentido contrário";1;0;0;1;0;0;0;0;0;0;2;0;0;0;0
"22/02/2025";"23:02:00";"666";"Sem vítima";"107,300";"BR-116/SP";"Crescente";"Choque";0;0;0;0;0;0;0;0;0;2;2;0;0;0;0
"22/02/2025";"23:07:00";"668";"Com vítima";"102,000";"BR-116/SP";"Decrescente";"Atropelamento de pedestre";0;0;0;1;0;0;0;0;0;0;2;0;2;0;0
"22/02/2025";"23:16:00";"670";"Sem vítima";"424,000";"BR-101/RJ";"Decrescente";"Choque";0;0;0;0;0;0;0;0;0;1;1;0;0;0;0
"23/02/2025";"00:14:00";"36";"Sem vítima";"144,500";"BR-116/SP";"Decrescente";"Choque";1;0;0;0;0;0;0;0;0;0;1;0;0;0;0
"23/02/2025";"00:56:00";"44";"Com vítima";"225,000";"BR-116/SP";"Decrescente";"Colisão lateral em sentido contrário";1;0;0;0;1;0;0;0;0;0;24;1;0;0;0
"23/02/2025";"01:15:00";"49";"Com vítima";"409,800";"BR-101/RJ";"Decrescente";"Atropelamento de pedestre";1;0;0;0;0;0;0;0;0;0;2;0;0;0;0
"23/02/2025";"01:17:00";"50";"Sem vítima";"103,100";"BR-116/SP";"Decrescente";"Engavetamento";1;0;1;0;0;0;0;0;0;0;2;0;0;0;0
"23/02/2025";"05:43:00";"94";"Com vítima";"167,000";"BR-116/SP";"Crescente";"Choque";0;0;0;1;0;0;0;0;0;0;0;0;1;0;0
"23/02/2025";"06:35:00";"110";"Com vítima";"542,000";"BR-101/RJ";"Decrescente";"Choque";1;0;0;0;0;0;0;0;0;0;1;1;0;0;0
"23/02/2025";"10:56:00";"253";"Sem vítima";"75,000";"BR-116/SP";"Decrescente";"Colisão lateral em sentido contrário";1;0;0;1;0;0;0;0;0;0;2;0;0;0;0
"23/02/2025";"11:35:00";"278";"Com vítima";"210,000";"BR-116/SP";"Decrescente";"Colisão lateral em sentido contrário";0;0;0;1;0;0;0;0;0;0;0;2;0;0;0
"23/02/2025";"11:51:00";"290";"Com vítima";"284,000";"BR-116/RJ";"Decrescente";"Engavetamento";1;0;1;2;0;0;0;0;0;0;0;0;2;0;0
"23/02/2025";"12:11:00";"294";"Sem vítima";"324,000";"BR-116/RJ";"Decrescente";"Engavetamento";1;0;0;0;0;0;0;0;0;0;4;0;0;0;0
"23/02/2025";"12:41:00";"303";"Sem vítima";"229,000";"BR-116/SP";"Crescente";"Colisão traseira";1;0;0;0;0;0;0;0;0;0;5;0;0;0;0
"23/02/2025";"12:51:00";"304";"Com vítima";"471,000";"BR-101/RJ";"Decrescente";"Engavetamento";2;0;0;0;0;0;0;0;0;0;1;1;0;0;0