data;horario;n_da_ocorrencia;tipo_de_ocorrencia;km;trecho;sentido;tipo_de_acidente;automovel;bicicleta;caminhao;moto;onibus;outros;tracao_animal;transporte_de_cargas_especiais;trator_maquinas;utilitarios;ilesos;levemente_feridos;moderadamente_feridos;gravemente_feridos;mortos
"23/02/2025";"13:07:00";"308";"Com vítima";"141,000";"BR-116/SP";"Crescente";"Engavetamento";3;0;0;0;0;0;0;0;0;0;14;2;0;0;0
"23/02/2025";"16:08:00";"391";"Com vítima";"520,300";"BR-101/RJ";"Decrescente";"Colisão traseira";2;0;0;0;0;0;0;0;0;0;6;0;1;0;0
"23/02/2025";"17:22:00";"430";"Com vítima";"37,000";"BR-116/SP";"Decrescente";"Choque";1;0;0;0;0;0;0;0;0;0;0;1;0;0;0
"23/02/2025";"17:59:00";"452";"Com vítima";"46,100";"BR-101/SP";"Crescente";"Colisão lateral em sentido contrário";1;0;0;1;0;0;0;0;0;0;0;1;0;0;0
"23/02/2025";"18:58:00";"478";"Sem vítima";"147,550";"BR-116/SP";"Decrescente";"Acidentes de outra natureza";0;0;0;1;0;0;0;0;0;0;2;0;0;0;0
"23/02/2025";"19:30:00";"495";"Sem vítima";"319,000";"BR-116/RJ";"Decrescente";"Choque";1;0;0;0;0;0;0;0;0;0;2;0;0;0;0
"23/02/2025";"20:04:00";"506";"Com vítima";"219,100";"BR-116/SP";"Crescente";"Colisão lateral em sentido contrário";1;0;0;1;0;0;0;0;0;0;1;1;0;0;0
"23/02/2025";"21:35:00";"542";"Com vítima";"399,200";"BR-101/RJ";"Crescente";"Choque";0;0;0;1;0;0;0;0;0;0;0;0;0;0;2
"23/02/2025";"21:58:00";"549";"Com vítima";"158,800";"BR-116/SP";"Crescente";"Choque";1;0;0;0;0;0;0;0;0;0;0;1;0;0;0
"23/02/2025";"23:31:00";"577";"Com vítima";"401,000";"BR-101/RJ";"Decrescente";"Colisão traseira";0;0;0;1;0;0;0;0;0;0;1;1;0;0;0
"24/02/2025";"02:25:00";"69";"Sem vítima";"310,900";"BR-116/RJ";"Crescente";"Atropelamento de pedestre";1;0;0;0;0;0;0;0;0;0;4;0;0;0;0
"24/02/2025";"02:30:00";"70";"Sem vítima";"48,100";"BR-116/SP";"Crescente";"Choque";1;0;0;0;0;0;0;0;0;0;0;0;0;0;0
"24/02/2025";"03:11:00";"76";"Com vítima";"226,100";"BR-116/SP";"Decrescente";"Colisão lateral em sentido contrário";1;0;0;0;0;0;0;0;0;0;0;1;0;0;0
"24/02/2025";"07:21:00";"214";"Com vítima";"38,000";"BR-101/SP";"Crescente";"Colisão transversal";1;0;0;1;0;0;0;0;0;0;4;0;2;0;0
"24/02/2025";"07:42:00";"233";"Sem vítima";"247,300";"BR-116/RJ";"Decrescente";"Colisão lateral em sentido contrário";1;0;1;0;0;0;0;0;0;0;3;0;0;0;0
"24/02/2025";"07:59:00";"254";"Com vítima";"116,400";"BR-116/SP";"Crescente";"Colisão lateral em sentido contrário";1;0;0;1;0;0;0;0;0;0;1;1;0;0;0
"24/02/2025";"08:04:00";"258";"Sem vítima";"116,400";"BR-116/SP";"Crescente";"Colisão lateral em sentido contrário";1;0;0;1;0;0;0;0;0;0;6;0;0;0;0
"24/02/2025";"08:16:00";"272";"Com vítima";"146,200";"BR-116/SP";"Crescente";"Colisão lateral em sentido contrário";0;0;0;1;0;0;0;0;0;0;0;1;0;0;0
"24/02/2025";"08:23:00";"287";"Com vítima";"508,000";"BR-101/RJ";"Crescente";"Acidentes de outra natureza";0;0;0;1;0;0;0;0;0;0;0;2;0;0;0
"24/02/2025";"08:39:00";"308";"Sem vítima";"147,000";"BR-116/SP";"Crescente";"Acidentes de outra natureza";0;0;0;1;0;0;0;0;0;0;1;0;0;0;0
"24/02/2025";"09:34:00";"355";"Sem vítima";"113,000";"BR-116/SP";"Crescente";"Colisão lateral em sentido contrário";1;0;1;0;0;0;0;0;0;0;0;0;0;0;0
"24/02/2025";"13:53:00";"511";"Com vítima";"229,650";"BR-116/SP";"Crescente";"Acidentes de outra natureza";0;0;0;1;0;0;0;0;0;0;0;2;0;0;0
"24/02/2025";"17:21:00";"621";"Com vítima";"230,450";"BR-116/SP";"Decrescente";"Engavetamento";0;0;2;1;0;0;0;0;0;0;2;0;1;0;0
"24/02/2025";"17:44:00";"642";"Com vítima";"307,400";"BR-116/RJ";"Crescente";"Colisão traseira";1;0;0;0;1;0;0;0;0;0;0;29;0;0;0
"24/02/2025";"18:01:00";"653";"Com vítima";"146,700";"BR-116/SP";"Crescente";"Engavetamento";3;0;0;0;0;0;0;0;0;0;2;0;0;1;0
"24/02/2025";"18:34:00";"676";"Com vítima";"147,450";"BR-116/SP";"Decrescente";"Colisão lateral em sentido contrário";1;0;0;1;0;0;0;0;0;0;1;1;0;0;0
"24/02/2025";"19:10:00";"698";"Com vítima";"508,000";"BR-101/RJ";"Crescente";"Colisão lateral em sentido contrário";0;0;0;0;0;0;0;0;0;2;0;1;0;0;0
"24/02/2025";"19:13:00";"701";"Com vítima";"406,500";"BR-101/RJ";"Decrescente";"Engavetamento";2;0;0;0;0;0;0;0;0;1;0;3;0;0;0
"24/02/2025";"21:52:00";"572";"Com vítima";"507,000";"BR-101/RJ";"Decrescente";"Colisão frontal";1;0;0;1;0;0;0;0;0;0;1;0;0;1;0
"24/02/2025";"22:31:00";"795";"Sem vítima";"121,000";"BR-116/SP";"Crescente";"Choque";1;0;0;0;0;0;0;0;0;0;1;0;0;0;0
"24/02/2025";"23:06:00";"806";"Com vítima";"482,400";"BR-101/RJ";"Crescente";"Colisão lateral em sentido contrário";2;0;0;0;0;0;0;0;0;0;1;2;0;0;1
"24/02/2025";"23:28:00";"810";"Com vítima";"55,000";"BR-116/SP";"Decrescente";"Acidentes de outra natureza";0;0;0;1;0;0;0;0;0;0;0;0;2;0;0
"25/02/2025";"00:00:00";"418";"Sem vítima";"425,000";"BR-101/RJ";"Decrescente";"Colisão lateral em sentido contrário";2;0;0;0;0;0;0;0;0;0;4;0;0;0;0
"25/02/2025";"00:00:00";"634";"Sem vítima";"81,800";"BR-116/SP";"Decrescente";"Colisão traseira";0;0;2;0;0;0;0;0;0;0;4;0;0;0;0
"25/02/2025";"00:23:00";"37";"Com vítima";"38,700";"BR-116/SP";"Crescente";"Capotamento";1;0;0;0;0;0;0;0;0;0;0;0;1;0;0
"25/02/2025";"02:50:00";"54";"Sem vítima";"304,150";"BR-116/RJ";"Decrescente";"Choque";0;0;1;0;0;0;0;0;0;0;1;0;0;0;0
"25/02/2025";"03:14:00";"66";"Sem vítima";"242,200";"BR-116/RJ";"Decrescente";"Colisão traseira";0;0;2;0;0;0;0;0;0;0;2;0;0;0;0
"25/02/2025";"07:07:00";"222";"Com vítima";"38,000";"BR-101/SP";"Decrescente";"Colisão lateral em sentido contrário";1;0;0;1;0;0;0;0;0;0;1;0;0;1;0
"25/02/2025";"07:39:00";"264";"Sem vítima";"455,000";"BR-101/RJ";"Crescente";"Colisão traseira";2;0;0;0;0;0;0;0;0;0;7;0;0;0;0
"25/02/2025";"07:42:00";"267";"Com vítima";"214,000";"BR-116/SP";"Crescente";"Colisão lateral em sentido contrário";1;0;0;1;0;0;0;0;0;0;1;1;1;0;0
"25/02/2025";"07:53:00";"286";"Sem vítima";"134,800";"BR-116/SP";"Crescente";"Colisão traseira";2;0;0;0;0;0;0;0;0;0;2;0;0;0;0
"25/02/2025";"08:21:00";"318";"Sem vítima";"322,800";"BR-116/RJ";"Crescente";"Tombamento";0;0;0;0;0;0;0;0;0;0;0;0;0;0;0
"25/02/2025";"08:46:00";"340";"Sem vítima";"157,400";"BR-116/SP";"Decrescente";"Engavetamento";2;0;0;0;0;0;0;1;0;0;4;0;0;0;0
"25/02/2025";"09:20:00";"369";"Com vítima";"230,000";"BR-116/RJ";"Decrescente";"Colisão traseira";0;0;2;0;0;0;0;0;0;0;1;0;1;1;0
"25/02/2025";"11:04:00";"438";"Sem vítima";"119,000";"BR-116/SP";"Crescente";"Colisão lateral em sentido contrário";1;0;1;0;0;0;0;0;0;0;3;0;0;0;0
"25/02/2025";"12:05:00";"473";"Com vítima";"134,000";"BR-116/SP";"Crescente";"Colisão traseira";2;0;0;0;0;0;0;0;0;0;6;4;0;0;0
"25/02/2025";"12:24:00";"483";"Com vítima";"234,950";"BR-116/RJ";"Decrescente";"Colisão lateral em sentido contrário";0;0;2;0;0;0;0;0;0;0;1;1;0;0;0
"25/02/2025";"13:45:00";"531";"Sem vítima";"301,000";"BR-116/RJ";"Crescente";"Colisão traseira";0;0;1;0;0;0;0;1;0;0;4;0;0;0;0
"25/02/2025";"14:28:00";"517";"Sem vítima";"388,000";"BR-101/RJ";"Decrescente";"Colisão lateral em sentido contrário";2;0;0;0;0;0;0;0;0;0;2;0;0;0;0
"25/02/2025";"15:25:00";"600";"Com vítima";"149,000";"BR-116/SP";"Decrescente";"Acidentes de outra natureza";0;0;0;1;0;0;0;0;0;0;0;1;0;0;0
"25/02/2025";"16:01:00";"625";"Com vítima";"213,800";"BR-116/SP";"Decrescente";"Atropelamento de pedestre";0;0;2;0;0;0;0;0;0;0;1;1;0;0;0
"25/02/2025";"17:13:00";"654";"Com vítima";"76,600";"BR-116/SP";"Decrescente";"Engavetamento";2;0;3;0;0;0;0;0;0;2;9;1;0;0;0
"25/02/2025";"17:49:00";"670";"Com vítima";"169,900";"BR-116/SP";"Crescente";"Acidentes de outra natureza";0;0;0;1;0;0;0;0;0;0;0;1;0;0;0
"25/02/2025";"18:13:00";"678";"Com vítima";"202,200";"BR-116/SP";"Decrescente";"Acidentes de outra natureza";0;0;0;1;0;0;0;0;0;0;0;0;1;0;0
"25/02/2025";"19:09:00";"703";"Com vítima";"114,200";"BR-116/SP";"Decrescente";"Acidentes de outra natureza";0;0;0;1;0;0;0;0;0;0;0;1;1;0;0
"25/02/2025";"19:22:00";"707";"Com vítima";"203,000";"BR-116/SP";"Decrescente";"Acidentes de outra natureza";0;0;0;1;0;0;0;0;0;0;0;2;0;0;0
"26/02/2025";"00:00:00";"530";"Sem vítima";"482,000";"BR-101/RJ";"Crescente";"Engavetamento";3;0;0;0;0;0;0;0;0;0;6;0;0;0;0
"26/02/2025";"00:00:00";"701";"Sem vítima";"231,000";"BR-116/SP";"Decrescente";"Colisão lateral em sentido contrário";1;0;0;0;0;0;0;1;0;0;2;0;0;0;0
"26/02/2025";"04:23:00";"71";"Sem vítima";"229,000";"BR-116/SP";"Crescente";"Colisão traseira";1;0;0;0;0;0;0;0;0;0;1;0;0;0;0
"26/02/2025";"04:40:00";"74";"Com vítima";"386,000";"BR-101/RJ";"Crescente";"Atropelamento de pedestre";0;0;0;1;0;0;0;0;0;0;0;0;2;0;0
"26/02/2025";"07:31:00";"231";"Sem vítima";"109,000";"BR-116/SP";"Decrescente";"Colisão traseira";2;0;0;0;0;0;0;0;0;0;3;0;0;0;0
"26/02/2025";"08:21:00";"282";"Com vítima";"135,000";"BR-116/SP";"Crescente";"Colisão traseira";0;0;1;0;0;0;0;0;0;1;2;2;0;0;0
"26/02/2025";"09:09:00";"321";"Com vítima";"228,000";"BR-116/SP";"Decrescente";"Colisão lateral em sentido contrário";1;0;0;1;0;0;0;0;0;0;4;0;2;0;0
"26/02/2025";"10:15:00";"377";"Sem vítima";"263,000";"BR-116/RJ";"Crescente";"Colisão traseira";1;0;0;0;0;0;0;0;0;0;1;0;0;0;0
"26/02/2025";"11:11:00";"392";"Com vítima";"210,000";"BR-116/SP";"Decrescente";"Colisão traseira";0;0;0;2;0;0;0;0;0;0;0;4;0;0;0
"26/02/2025";"11:17:00";"395";"Sem vítima";"218,200";"BR-116/SP";"Decrescente";"Colisão traseira";1;0;1;0;0;0;0;0;0;0;2;0;0;0;0
"26/02/2025";"11:40:00";"374";"Com vítima";"75,000";"BR-116/SP";"Crescente";"Acidentes de outra natureza";0;0;0;1;0;0;0;0;0;0;0;0;1;0;0
"26/02/2025";"13:24:00";"458";"Com vítima";"503,000";"BR-101/RJ";"Decrescente";"Colisão frontal";0;0;0;1;0;0;0;0;0;0;1;0;1;0;0
"26/02/2025";"13:48:00";"470";"Sem vítima";"238,000";"BR-116/RJ";"Crescente";"Colisão traseira";1;0;0;0;0;0;0;0;0;0;2;0;0;0;0
"26/02/2025";"14:33:00";"500";"Com vítima";"231,700";"BR-116/RJ";"Decrescente";"Acidentes de outra natureza";0;0;0;1;0;0;0;0;0;0;0;0;1;0;0
"26/02/2025";"17:22:00";"599";"Com vítima";"55,000";"BR-116/SP";"Decrescente";"Capotamento";1;0;0;0;0;0;0;0;0;0;0;1;0;0;0
"26/02/2025";"17:53:00";"615";"Com vítima";"144,700";"BR-116/SP";"Crescente";"Colisão lateral em sentido contrário";0;0;0;1;0;0;0;0;0;0;0;1;0;0;0
"26/02/2025";"18:07:00";"624";"Sem vítima";"382,021";"BR-101/RJ";"Decrescente";"Colisão traseira";1;0;0;1;0;0;0;0;0;0;0;0;0;0;0
"26/02/2025";"18:19:00";"630";"Com vítima";"89,700";"BR-116/SP";"Decrescente";"Acidentes de outra natureza";0;0;0;1;0;0;0;0;0;0;0;1;0;0;0
"26/02/2025";"20:23:00";"687";"Com vítima";"130,900";"BR-116/SP";"Crescente";"Atropelamento de pedestre";0;0;0;1;0;0;0;0;0;0;0;1;1;0;0
"26/02/2025";"20:55:00";"702";"Sem vítima";"130,900";"BR-116/SP";"Crescente";"Colisão traseira";1;0;1;0;0;0;0;0;0;0;3;0;0;0;0
"26/02/2025";"20:58:00";"703";"Com vítima";"229,100";"BR-116/RJ";"Decrescente";"Tombamento";0;0;0;0;0;0;0;1;0;0;0;1;0;0;0
"26/02/2025";"23:13:00";"743";"Com vítima";"223,700";"BR-116/RJ";"Crescente";"Colisão traseira";0;0;2;0;0;0;0;0;0;0;1;0;1;0;0
"26/02/2025";"23:24:00";"744";"Com vítima";"231,000";"BR-116/SP";"Decrescente";"Atropelamento de pedestre";0;0;1;0;0;0;0;0;0;0;1;0;0;0;0
"27/02/2025";"02:47:00";"68";"Com vítima";"1,750";"BR-101/SP";"Decrescente";"Colisão lateral em sentido contrário";1;0;0;0;0;0;0;0;0;0;0;0;0;0;1
"27/02/2025";"03:59:00";"75";"Sem vítima";"502,700";"BR-101/RJ";"Crescente";"Choque";1;0;0;0;0;0;0;0;0;0;2;0;0;0;0
"27/02/2025";"06:58:00";"186";"Com vítima";"278,400";"BR-116/RJ";"Decrescente";"Colisão traseira";0;0;0;1;0;0;0;0;0;0;0;0;1;0;0
"27/02/2025";"07:37:00";"223";"Com vítima";"157,400";"BR-116/SP";"Decrescente";"Colisão traseira";2;0;0;0;0;0;0;0;0;0;2;1;0;0;0
"27/02/2025";"09:42:00";"334";"Sem vítima";"158,000";"BR-116/SP";"Decrescente";"Colisão lateral em sentido contrário";1;0;1;0;0;1;0;0;0;0;0;0;0;0;0
"27/02/2025";"10:33:00";"380";"Com vítima";"460,000";"BR-101/RJ";"Decrescente";"Colisão lateral em sentido contrário";1;0;0;1;0;0;0;0;0;0;2;1;1;0;0
"27/02/2025";"11:12:00";"405";"Com vítima";"325,100";"BR-116/RJ";"Crescente";"Engavetamento";1;0;1;0;0;0;0;2;0;0;4;1;1;0;1
"27/02/2025";"11:19:00";"410";"Sem vítima";"156,400";"BR-116/SP";"Crescente";"Choque";1;0;0;0;0;0;0;0;0;0;2;0;0;0;0
"27/02/2025";"11:58:00";"430";"Com vítima";"7,200";"BR-116/SP";"Decrescente";"Engavetamento";1;0;2;0;0;0;0;0;0;0;2;0;0;1;0
"27/02/2025";"14:35:00";"503";"Sem vítima";"219,000";"BR-116/SP";"Decrescente";"Colisão lateral em sentido contrário";1;0;0;0;1;0;0;0;0;0;2;0;0;0;0
"27/02/2025";"15:44:00";"548";"Com vítima";"201,700";"BR-116/SP";"Decrescente";"Acidentes de outra natureza";0;0;0;1;0;0;0;0;0;0;0;1;0;0;0
"27/02/2025";"16:52:00";"591";"Com vítima";"74,600";"BR-116/SP";"Crescente";"Choque";1;0;0;0;0;0;0;0;0;0;3;1;0;0;0
"27/02/2025";"17:13:00";"603";"Sem vítima";"315,000";"BR-116/RJ";"Decrescente";"Colisão lateral em sentido contrário";1;0;1;0;0;0;0;0;0;0;3;0;0;0;0
"27/02/2025";"17:24:00";"609";"Sem vítima";"291,600";"BR-116/RJ";"Decrescente";"Engavetamento";2;0;0;0;0;0;0;0;0;0;4;0;0;0;0
"27/02/2025";"17:32:00";"616";"Com vítima";"518,400";"BR-101/RJ";"Crescente";"Colisão lateral em sentido contrário";0;0;0;1;0;0;0;0;0;0;0;1;1;0;0
"27/02/2025";"17:32:00";"617";"Com vítima";"155,400";"BR-116/SP";"Decrescente";"Colisão lateral em sentido contrário";0;0;0;1;0;0;0;0;0;0;0;0;2;0;0
"27/02/2025";"20:14:00";"715";"Com vítima";"485,000";"BR-101/RJ";"Decrescente";"Colisão lateral em sentido contrário";1;0;0;1;0;0;0;0;0;0;1;0;1;0;0
"27/02/2025";"21:04:00";"736";"Com vítima";"268,100";"BR-116/RJ";"Crescente";"Engavetamento";2;0;1;0;0;0;0;0;0;0;3;1;0;0;0
"28/02/2025";"01:43:00";"58";"Sem vítima";"29,200";"BR-116/SP";"Decrescente";"Colisão traseira";0;0;1;0;0;0;0;0;0;0;2;0;0;0;0
"28/02/2025";"05:13:00";"93";"Sem vítima";"448,000";"BR-101/RJ";"Crescente";"Choque";0;0;1;0;0;0;0;0;0;0;1;0;0;0;0
"28/02/2025";"06:57:00";"171";"Sem vítima";"229,000";"BR-116/SP";"Crescente";"Colisão lateral em sentido contrário";1;0;1;0;0;0;0;0;0;0;2;0;0;0;0
"28/02/2025";"08:27:00";"277";"Com vítima";"138,700";"BR-116/SP";"Crescente";"Colisão traseira";1;0;1;0;0;0;0;0;0;0;0;2;0;0;0
"28/02/2025";"08:34:00";"293";"Com vítima";"45,000";"BR-116/SP";"Decrescente";"Colisão lateral em sentido contrário";1;0;0;0;0;0;0;0;0;0;0;1;0;0;0
"28/02/2025";"08:39:00";"297";"Com vítima";"217,000";"BR-116/SP";"Crescente";"Colisão traseira";0;0;0;1;0;0;0;0;0;1;1;1;0;0;0
"28/02/2025";"08:58:00";"317";"Com vítima";"218,000";"BR-116/SP";"Crescente";"Colisão lateral em sentido contrário";0;0;0;1;0;0;0;0;0;1;1;1;0;0;0
"28/02/2025";"10:35:00";"371";"Com vítima";"143,000";"BR-116/SP";"Crescente";"Acidentes de outra natureza";0;0;0;1;0;0;0;0;0;0;0;0;1;0;0
"28/02/2025";"10:54:00";"384";"Sem vítima";"165,200";"BR-116/SP";"Crescente";"Colisão traseira";0;0;2;0;0;0;0;0;0;0;2;0;0;0;0
"28/02/2025";"11:27:00";"409";"Com vítima";"386,000";"BR-101/RJ";"Crescente";"Colisão traseira";2;0;0;0;0;0;0;0;0;0;1;1;0;0;0
"28/02/2025";"11:32:00";"412";"Sem vítima";"152,100";"BR-116/SP";"Decrescente";"Colisão lateral em sentido contrário";1;0;0;0;0;0;0;0;0;0;2;0;0;0;0
"28/02/2025";"12:07:00";"431";"Sem vítima";"220,400";"BR-116/RJ";"Crescente";"Engavetamento";1;0;3;0;0;0;0;0;0;0;8;0;0;0;0
"28/02/2025";"13:58:00";"481";"Com vítima";"46,700";"BR-101/SP";"Crescente";"Colisão lateral em sentido contrário";2;0;0;0;0;0;0;0;0;0;2;1;0;0;0
"28/02/2025";"15:23:00";"556";"Com vítima";"268,800";"BR-116/RJ";"Crescente";"Capotamento";1;0;0;0;0;0;0;0;0;0;0;1;1;0;0
"28/02/2025";"16:12:00";"591";"Sem vítima";"481,900";"BR-101/RJ";"Decrescente";"Colisão traseira";2;0;0;0;0;0;0;0;0;0;2;0;0;0;0
"28/02/2025";"16:21:00";"602";"Sem vítima";"213,000";"BR-116/SP";"Decrescente";"Choque";1;0;0;0;0;0;0;0;0;0;2;0;0;0;0
"28/02/2025";"16:57:00";"622";"Sem vítima";"148,800";"BR-116/SP";"Crescente";"Choque";0;0;1;0;0;0;0;0;0;0;1;0;0;0;0
"28/02/2025";"17:08:00";"629";"Sem vítima";"245,900";"BR-116/RJ";"Decrescente";"Choque";1;0;0;0;0;0;0;0;0;0;2;0;0;0;0
"28/02/2025";"17:26:00";"564";"Sem vítima";"229,400";"BR-116/RJ";"Decrescente";"Choque";0;0;1;0;0;0;0;0;0;0;2;0;0;0;0
"28/02/2025";"17:35:00";"650";"Com vítima";"303,200";"BR-116/RJ";"Crescente";"Engavetamento";2;0;0;0;0;0;0;0;0;0;1;2;0;0;0
"28/02/2025";"17:59:00";"666";"Com vítima";"170,200";"BR-116/SP";"Decrescente";"Acidentes de outra natureza";0;0;0;1;0;0;0;0;0;0;0;1;1;0;0
"28/02/2025";"18:00:00";"668";"Sem vítima";"217,200";"BR-116/SP";"Decrescente";"Colisão traseira";1;0;0;0;0;0;0;0;0;1;2;0;0;0;0
"28/02/2025";"18:17:00";"676";"Sem vítima";"112,800";"BR-116/SP";"Decrescente";"Engavetamento";1;0;0;0;1;0;0;0;0;0;30;0;0;0;0
"28/02/2025";"19:17:00";"713";"Sem vítima";"218,900";"BR-116/SP";"Crescente";"Colisão lateral em sentido contrário";1;0;1;0;0;0;0;0;0;0;0;0;0;0;0
"28/02/2025";"19:23:00";"720";"Com vítima";"27,100";"BR-101/SP";"Crescente";"Acidentes de outra natureza";0;0;0;1;0;0;0;0;0;0;0;0;0;1;0
"28/02/2025";"19:38:00";"724";"Sem vítima";"127,800";"BR-116/SP";"Crescente";"Colisão lateral em sentido contrário";1;0;1;0;0;0;0;0;0;0;5;0;0;0;0
"28/02/2025";"20:42:00";"763";"Sem vítima";"147,800";"BR-116/SP";"Decrescente";"Colisão traseira";2;0;0;0;0;0;0;0;0;0;2;0;0;0;0
"28/02/2025";"21:06:00";"778";"Sem vítima";"105,000";"BR-116/SP";"Decrescente";"Engavetamento";2;0;0;0;0;0;0;0;0;1;3;0;0;0;0
"01/03/2025";"00:00:00";"682";"Sem vítima";"389,000";"BR-101/RJ";"Crescente";"Engavetamento";3;0;0;0;0;0;0;0;0;0;3;0;0;0;0
"01/03/2025";"00:00:00";"698";"Sem vítima";"468,000";"BR-101/RJ";"Decrescente";"Choque";1;0;0;0;0;0;0;0;0;0;3;0;0;0;0
"01/03/2025";"03:00:00";"86";"Com vítima";"212,600";"BR-116/SP";"Decrescente";"Colisão traseira";1;0;1;0;0;0;0;0;0;0;1;0;4;2;0
"01/03/2025";"03:43:00";"97";"Com vítima";"49,300";"BR-101/SP";"Crescente";"Acidentes de outra natureza";0;0;0;1;0;0;0;0;0;0;0;0;2;0;0
"01/03/2025";"04:17:00";"104";"Com vítima";"73,800";"BR-116/SP";"Crescente";"Atropelamento de pedestre";0;0;0;0;0;0;0;0;0;0;0;0;0;0;1
"01/03/2025";"06:12:00";"138";"Com vítima";"225,400";"BR-116/SP";"Decrescente";"Choque";0;0;0;1;0;0;0;0;0;0;0;1;0;0;0
"01/03/2025";"06:55:00";"176";"Com vítima";"539,000";"BR-101/RJ";"Crescente";"Atropelamento de pedestre";1;1;0;0;0;0;0;0;0;0;2;0;1;0;0
"01/03/2025";"07:16:00";"194";"Sem vítima";"324,950";"BR-116/RJ";"Decrescente";"Colisão traseira";1;0;1;0;0;0;0;0;0;0;2;0;0;0;0
"01/03/2025";"07:55:00";"230";"Sem vítima";"101,900";"BR-116/SP";"Decrescente";"Colisão traseira";2;0;0;0;0;0;0;0;0;0;6;0;0;0;0
"01/03/2025";"08:01:00";"236";"Sem vítima";"505,000";"BR-101/RJ";"Crescente";"Engavetamento";2;0;0;0;0;0;0;0;0;0;9;0;0;0;0
"01/03/2025";"08:42:00";"270";"Sem vítima";"501,000";"BR-101/RJ";"Crescente";"Colisão traseira";1;0;0;0;0;0;0;0;0;1;5;0;0;0;0
"01/03/2025";"10:19:00";"337";"Sem vítima";"135,200";"BR-116/SP";"Decrescente";"Colisão traseira";2;0;0;0;0;0;0;0;0;0;5;0;0;0;0
"01/03/2025";"10:32:00";"351";"Sem vítima";"134,900";"BR-116/SP";"Decrescente";"Engavetamento";3;0;0;0;0;0;0;0;0;0;3;0;0;0;0
"01/03/2025";"10:45:00";"360";"Com vítima";"418,000";"BR-101/RJ";"Crescente";"Colisão traseira";0;0;0;1;0;0;0;0;0;0;0;0;1;0;0
"01/03/2025";"10:49:00";"367";"Sem vítima";"431,000";"BR-101/RJ";"Crescente";"Colisão traseira";1;0;0;0;0;0;0;0;0;0;1;0;0;0;0
"01/03/2025";"11:11:00";"383";"Sem vítima";"218,200";"BR-116/SP";"Decrescente";"Colisão lateral em sentido contrário";1;0;1;0;0;0;0;0;0;0;2;0;0;0;0
"01/03/2025";"11:27:00";"401";"Sem vítima";"502,000";"BR-101/RJ";"Crescente";"Colisão traseira";2;0;0;0;0;0;0;0;0;0;2;0;0;0;0
"01/03/2025";"11:57:00";"432";"Com vítima";"472,000";"BR-101/RJ";"Crescente";"Capotamento";1;0;0;0;0;0;0;0;0;0;3;0;3;0;0
"01/03/2025";"13:14:00";"487";"Sem vítima";"442,000";"BR-101/RJ";"Decrescente";"Choque";1;0;0;0;0;0;0;0;0;0;3;0;0;0;0
"01/03/2025";"13:52:00";"514";"Com vítima";"216,000";"BR-116/RJ";"Crescente";"Colisão lateral em sentido contrário";1;0;0;0;0;0;0;0;0;0;1;0;1;0;0
"01/03/2025";"14:12:00";"526";"Com vítima";"468,000";"BR-101/RJ";"Decrescente";"Colisão lateral em sentido contrário";1;0;0;1;0;0;0;0;0;0;3;1;0;0;0
"01/03/2025";"14:30:00";"542";"Sem vítima";"139,350";"BR-116/SP";"Crescente";"Choque";1;0;0;0;0;0;0;0;0;0;0;0;0;0;0
"01/03/2025";"14:37:00";"547";"Sem vítima";"168,600";"BR-116/SP";"Decrescente";"Engavetamento";1;0;0;0;0;0;0;1;0;1;3;0;0;0;0
"01/03/2025";"15:30:00";"582";"Sem vítima";"165,000";"BR-116/SP";"Decrescente";"Colisão frontal";1;0;0;0;0;0;0;1;0;0;3;0;0;0;0
"01/03/2025";"16:06:00";"610";"Com vítima";"118,800";"BR-116/SP";"Crescente";"Acidentes de outra natureza";0;0;0;1;0;0;0;0;0;0;0;2;0;0;0
"01/03/2025";"17:33:00";"659";"Com vítima";"43,900";"BR-101/SP";"Crescente";"Colisão lateral em sentido contrário";1;0;0;1;0;0;0;0;0;0;4;1;0;0;0
"01/03/2025";"17:50:00";"667";"Sem vítima";"215,200";"BR-116/SP";"Crescente";"Choque";1;0;0;0;0;0;0;0;0;0;2;0;0;0;0
"01/03/2025";"21:46:00";"750";"Com vítima";"399,000";"BR-101/RJ";"Crescente";"Engavetamento";2;0;0;0;0;0;0;0;0;0;5;1;0;0;0
"02/03/2025";"00:47:00";"47";"Sem vítima";"386,200";"BR-101/RJ";"Decrescente";"Colisão traseira";2;0;0;0;0;0;0;0;0;0;2;0;0;0;0
"02/03/2025";"01:22:00";"56";"Sem vítima";"219,500";"BR-116/SP";"Crescente";"Choque";1;0;0;0;0;0;0;0;0;0;2;0;0;0;0