data;horario;n_da_ocorrencia;tipo_de_ocorrencia;km;trecho;sentido;tipo_de_acidente;automovel;bicicleta;caminhao;moto;onibus;outros;tracao_animal;transporte_de_cargas_especiais;trator_maquinas;utilitarios;ilesos;levemente_feridos;moderadamente_feridos;gravemente_feridos;mortos
"02/03/2025";"01:59:00";"65";"Sem vítima";"219,500";"BR-116/SP";"Crescente";"Colisão traseira";1;0;1;0;0;0;0;0;0;0;4;0;0;0;0
"02/03/2025";"03:53:00";"76";"Com vítima";"574,000";"BR-101/RJ";"Crescente";"Atropelamento de pedestre";1;0;0;0;0;0;0;0;0;0;4;2;0;0;0
"02/03/2025";"04:59:00";"86";"Com vítima";"403,000";"BR-101/RJ";"Crescente";"Atropelamento de pedestre";0;0;0;0;0;0;0;0;0;0;0;0;1;0;0
"02/03/2025";"06:01:00";"101";"Sem vítima";"223,000";"BR-116/SP";"Decrescente";"Choque";1;0;0;0;0;0;0;0;0;0;4;0;0;0;0
"02/03/2025";"06:48:00";"118";"Sem vítima";"490,000";"BR-101/RJ";"Decrescente";"Engavetamento";2;0;0;0;0;0;0;0;0;0;6;0;0;0;0
"02/03/2025";"06:54:00";"122";"Sem vítima";"64,000";"BR-116/SP";"Decrescente";"Choque";1;0;0;0;0;0;0;0;0;0;4;0;0;0;0
"02/03/2025";"07:13:00";"131";"Com vítima";"116,900";"BR-116/SP";"Decrescente";"Colisão lateral em sentido contrário";0;0;0;1;0;0;0;0;0;0;0;1;0;0;0
"02/03/2025";"07:56:00";"148";"Com vítima";"510,000";"BR-101/RJ";"Crescente";"Engavetamento";3;0;0;0;0;0;0;0;0;0;2;2;0;0;0
"02/03/2025";"07:59:00";"150";"Com vítima";"104,050";"BR-116/SP";"Decrescente";"Colisão traseira";0;0;0;0;0;0;0;0;0;0;0;0;0;0;0
"02/03/2025";"08:08:00";"156";"Com vítima";"418,000";"BR-101/RJ";"Crescente";"Colisão transversal";1;0;0;1;0;0;0;0;0;0;1;1;0;0;0
"02/03/2025";"08:50:00";"173";"Com vítima";"422,000";"BR-101/RJ";"Crescente";"Colisão traseira";1;0;0;1;0;0;0;0;0;0;0;2;0;0;0
"02/03/2025";"09:09:00";"183";"Com vítima";"503,500";"BR-101/RJ";"Crescente";"Colisão traseira";2;0;0;0;0;0;0;0;0;0;4;1;0;0;0
"02/03/2025";"11:22:00";"251";"Com vítima";"40,000";"BR-101/SP";"Decrescente";"Acidentes de outra natureza";0;0;0;1;0;0;0;0;0;0;0;1;0;0;0
"02/03/2025";"11:29:00";"253";"Sem vítima";"318,000";"BR-116/RJ";"Crescente";"Choque";1;0;0;0;0;0;0;0;0;0;3;0;0;0;0
"02/03/2025";"12:32:00";"326";"Com vítima";"495,000";"BR-101/RJ";"Decrescente";"Colisão frontal";3;0;0;0;0;0;0;0;0;0;2;0;1;0;0
"02/03/2025";"13:21:00";"318";"Com vítima";"417,900";"BR-101/RJ";"Crescente";"Colisão lateral em sentido contrário";0;0;0;1;0;0;0;0;0;1;1;1;0;0;0
"02/03/2025";"13:24:00";"321";"Com vítima";"221,100";"BR-116/SP";"Crescente";"Colisão traseira";1;0;0;0;0;0;0;1;0;0;1;0;1;0;0
"02/03/2025";"14:39:00";"358";"Com vítima";"420,000";"BR-101/RJ";"Decrescente";"Engavetamento";3;0;0;0;0;0;0;0;0;0;1;2;0;0;0
"02/03/2025";"17:17:00";"426";"Com vítima";"193,950";"BR-116/SP";"Decrescente";"Colisão frontal";2;0;0;0;0;0;0;0;0;0;2;3;0;0;0
"02/03/2025";"17:25:00";"428";"Com vítima";"441,000";"BR-101/RJ";"Decrescente";"Acidentes de outra natureza";0;0;0;1;0;0;0;0;0;0;0;1;0;0;0
"02/03/2025";"18:20:00";"448";"Com vítima";"53,000";"BR-116/SP";"Decrescente";"Capotamento";1;0;0;0;0;0;0;0;0;0;0;1;0;0;0
"02/03/2025";"18:55:00";"466";"Sem vítima";"583,000";"BR-101/RJ";"Crescente";"Choque";1;0;0;0;0;0;0;0;0;0;4;0;0;0;0
"02/03/2025";"19:02:00";"468";"Com vítima";"166,800";"BR-116/SP";"Crescente";"Acidentes de outra natureza";0;0;0;1;0;0;0;0;0;0;0;0;2;0;0
"02/03/2025";"19:05:00";"471";"Com vítima";"35,300";"BR-101/SP";"Crescente";"Colisão lateral em sentido contrário";1;0;0;1;0;0;0;0;0;0;2;2;2;0;0
"03/03/2025";"01:45:00";"51";"Com vítima";"198,500";"BR-116/SP";"Decrescente";"Atropelamento de pedestre";1;0;0;0;0;0;0;0;0;0;0;1;0;0;0
"03/03/2025";"04:20:00";"70";"Sem vítima";"147,500";"BR-116/SP";"Decrescente";"Colisão traseira";0;0;1;0;0;0;0;0;0;0;6;0;0;0;0
"03/03/2025";"05:45:00";"80";"Com vítima";"45,300";"BR-101/SP";"Decrescente";"Colisão lateral em sentido contrário";0;1;0;0;0;0;0;0;0;0;1;1;0;0;0
"03/03/2025";"07:09:00";"124";"Sem vítima";"220,000";"BR-116/SP";"Decrescente";"Colisão lateral em sentido contrário";1;0;1;0;0;0;0;0;0;0;2;0;0;0;0
"03/03/2025";"08:05:00";"161";"Sem vítima";"511,000";"BR-101/RJ";"Crescente";"Colisão traseira";1;0;0;0;0;0;0;0;0;0;6;0;0;0;0
"03/03/2025";"08:44:00";"196";"Com vítima";"410,600";"BR-101/RJ";"Decrescente";"Colisão lateral em sentido contrário";1;0;0;1;0;0;0;0;0;0;4;4;0;0;0
"03/03/2025";"09:49:00";"232";"Com vítima";"410,300";"BR-101/RJ";"Crescente";"Colisão lateral em sentido contrário";1;0;0;1;0;0;0;0;0;0;2;1;0;0;0
"03/03/2025";"13:58:00";"353";"Com vítima";"101,600";"BR-116/SP";"Crescente";"Acidentes de outra natureza";0;0;0;1;0;0;0;0;0;0;1;1;0;0;0
"03/03/2025";"15:30:00";"399";"Com vítima";"51,000";"BR-101/SP";"Decrescente";"Atropelamento de pedestre";0;0;0;0;0;0;0;0;0;0;0;0;0;0;0
"03/03/2025";"15:47:00";"412";"Sem vítima";"6,300";"BR-116/SP";"Crescente";"Choque";1;0;0;0;0;1;0;0;0;0;2;0;0;0;0
"03/03/2025";"16:13:00";"429";"Sem vítima";"468,000";"BR-101/RJ";"Decrescente";"Choque";0;0;0;0;0;0;0;0;0;1;1;0;0;0;0
"03/03/2025";"16:18:00";"432";"Com vítima";"227,400";"BR-116/SP";"Crescente";"Acidentes de outra natureza";0;0;0;1;0;0;0;0;0;0;0;1;0;0;0
"03/03/2025";"16:21:00";"435";"Com vítima";"424,000";"BR-101/RJ";"Decrescente";"Colisão lateral em sentido contrário";0;0;0;1;0;0;0;0;0;0;1;2;0;0;0
"03/03/2025";"16:21:00";"446";"Com vítima";"36,000";"BR-101/SP";"Decrescente";"Colisão frontal";1;0;0;1;0;0;0;0;0;0;1;0;2;0;0
"03/03/2025";"18:04:00";"472";"Com vítima";"219,100";"BR-116/SP";"Crescente";"Colisão traseira";0;0;0;1;1;0;0;0;0;0;35;2;0;0;0
"03/03/2025";"18:50:00";"493";"Sem vítima";"420,200";"BR-101/RJ";"Decrescente";"Colisão traseira";2;0;0;0;0;0;0;0;0;0;7;0;0;0;0
"03/03/2025";"22:27:00";"590";"Sem vítima";"219,800";"BR-116/SP";"Crescente";"Colisão traseira";2;0;0;0;0;0;0;0;0;0;4;0;0;0;0
"03/03/2025";"22:38:00";"593";"Com vítima";"227,300";"BR-116/SP";"Decrescente";"Capotamento";1;0;0;0;0;0;0;0;0;0;0;1;0;0;0
"04/03/2025";"01:24:00";"41";"Sem vítima";"52,000";"BR-101/SP";"Crescente";"Choque";1;0;0;0;0;0;0;0;0;0;0;0;0;0;0
"04/03/2025";"04:16:00";"50";"Sem vítima";"229,800";"BR-116/RJ";"Decrescente";"Choque";0;0;1;0;0;0;0;0;0;0;1;0;0;0;0
"04/03/2025";"06:21:00";"67";"Com vítima";"422,000";"BR-101/RJ";"Decrescente";"Choque";1;0;0;0;0;0;0;0;0;0;1;1;0;0;0
"04/03/2025";"09:59:00";"171";"Com vítima";"220,000";"BR-116/SP";"Decrescente";"Colisão traseira";1;0;0;1;0;0;0;0;0;0;1;0;0;1;0
"04/03/2025";"10:49:00";"190";"Sem vítima";"229,100";"BR-116/RJ";"Decrescente";"Choque";1;0;0;0;0;0;0;0;0;0;1;0;0;0;0
"04/03/2025";"10:55:00";"199";"Sem vítima";"231,200";"BR-116/RJ";"Crescente";"Choque";1;0;0;0;0;0;0;0;0;0;2;0;0;0;0
"04/03/2025";"11:27:00";"209";"Com vítima";"39,500";"BR-101/SP";"Decrescente";"Colisão traseira";2;0;0;0;0;0;0;0;0;0;1;1;0;0;0
"04/03/2025";"12:11:00";"226";"Sem vítima";"164,300";"BR-116/SP";"Crescente";"Colisão traseira";2;0;0;0;0;0;0;0;0;0;8;0;0;0;0
"04/03/2025";"15:04:00";"289";"Sem vítima";"129,000";"BR-116/SP";"Crescente";"Engavetamento";2;0;0;0;0;0;0;0;0;0;8;0;0;0;0
"04/03/2025";"15:59:00";"307";"Com vítima";"542,000";"BR-101/RJ";"Crescente";"Colisão lateral em sentido contrário";1;0;0;1;0;0;0;0;0;0;1;2;0;0;0
"04/03/2025";"16:08:00";"310";"Sem vítima";"300,000";"BR-116/RJ";"Decrescente";"Colisão traseira";2;0;0;0;0;0;0;0;0;0;10;0;0;0;0
"04/03/2025";"16:23:00";"316";"Sem vítima";"156,100";"BR-116/SP";"Crescente";"Engavetamento";4;0;0;0;0;0;0;0;0;0;11;0;0;0;0
"04/03/2025";"16:43:00";"328";"Sem vítima";"128,400";"BR-116/SP";"Crescente";"Colisão traseira";2;0;0;0;0;0;0;0;0;0;2;0;0;0;0
"04/03/2025";"17:25:00";"343";"Com vítima";"103,900";"BR-116/SP";"Decrescente";"Acidentes de outra natureza";0;0;0;1;0;0;0;0;0;0;0;0;2;0;0
"04/03/2025";"17:33:00";"346";"Com vítima";"179,200";"BR-116/SP";"Crescente";"Acidentes de outra natureza";0;0;0;1;0;0;0;0;0;0;0;1;0;0;0
"04/03/2025";"23:27:00";"495";"Sem vítima";"202,200";"BR-116/SP";"Decrescente";"Colisão traseira";1;0;1;0;0;0;0;0;0;0;0;0;0;0;0
"05/03/2025";"00:00:00";"461";"Sem vítima";"104,100";"BR-116/SP";"Crescente";"Engavetamento";3;0;0;0;0;0;0;0;0;0;8;0;0;0;0
"05/03/2025";"02:42:00";"67";"Com vítima";"410,200";"BR-101/RJ";"Crescente";"Colisão traseira";1;0;0;0;0;0;0;0;0;1;0;0;3;0;0
"05/03/2025";"06:00:00";"97";"Sem vítima";"86,950";"BR-116/SP";"Crescente";"Choque";1;0;0;0;0;0;0;0;0;0;8;0;0;0;0
"05/03/2025";"07:16:00";"149";"Sem vítima";"228,000";"BR-116/RJ";"Crescente";"Colisão traseira";2;0;0;0;0;0;0;0;0;0;8;0;0;0;0
"05/03/2025";"07:31:00";"165";"Com vítima";"419,000";"BR-101/RJ";"Decrescente";"Colisão traseira";2;0;0;0;0;0;0;0;0;0;2;0;1;0;0
"05/03/2025";"07:45:00";"174";"Sem vítima";"66,000";"BR-116/SP";"Crescente";"Choque";0;0;1;0;0;0;0;0;0;0;1;0;0;0;0
"05/03/2025";"10:49:00";"298";"Com vítima";"264,000";"BR-116/RJ";"Crescente";"Choque";1;0;0;0;0;0;0;0;0;0;0;2;0;0;0
"05/03/2025";"11:44:00";"318";"Sem vítima";"223,000";"BR-116/SP";"Crescente";"Colisão traseira";1;0;0;1;0;0;0;0;0;0;2;0;0;0;0
"05/03/2025";"12:08:00";"334";"Com vítima";"155,300";"BR-116/SP";"Decrescente";"Colisão traseira";0;0;1;1;0;0;0;0;0;0;2;0;2;0;0
"05/03/2025";"13:13:00";"361";"Com vítima";"420,500";"BR-101/RJ";"Decrescente";"Colisão transversal";1;0;0;1;0;0;0;0;0;0;3;1;1;0;0
"05/03/2025";"14:31:00";"408";"Sem vítima";"264,600";"BR-116/RJ";"Decrescente";"Acidentes de outra natureza";1;0;0;0;0;0;0;0;0;0;4;0;0;0;0
"05/03/2025";"14:38:00";"413";"Sem vítima";"427,000";"BR-101/RJ";"Decrescente";"Colisão traseira";1;0;0;0;0;0;0;0;0;0;2;0;0;0;0
"05/03/2025";"15:19:00";"437";"Com vítima";"219,800";"BR-116/SP";"Crescente";"Engavetamento";3;0;0;0;0;0;0;0;0;0;3;1;0;0;0
"05/03/2025";"16:07:00";"467";"Sem vítima";"106,500";"BR-116/SP";"Crescente";"Engavetamento";4;0;1;0;0;0;0;0;0;0;13;0;0;0;0
"05/03/2025";"16:47:00";"482";"Com vítima";"103,150";"BR-116/SP";"Crescente";"Colisão lateral em sentido contrário";1;0;0;1;0;0;0;0;0;0;1;1;0;0;0
"05/03/2025";"17:03:00";"494";"Com vítima";"472,000";"BR-101/RJ";"Decrescente";"Acidentes de outra natureza";0;0;0;1;0;0;0;0;0;0;0;1;0;0;0
"05/03/2025";"17:48:00";"521";"Sem vítima";"226,500";"BR-116/SP";"Crescente";"Colisão lateral em sentido contrário";0;0;0;0;0;0;0;1;0;0;1;0;0;0;0
"05/03/2025";"18:14:00";"532";"Sem vítima";"41,000";"BR-116/SP";"Decrescente";"Acidentes de outra natureza";0;0;0;1;0;0;0;0;0;0;2;0;0;0;0
"05/03/2025";"18:19:00";"533";"Sem vítima";"102,000";"BR-116/SP";"Crescente";"Colisão traseira";2;0;0;0;0;0;0;0;0;0;3;0;0;0;0
"05/03/2025";"18:36:00";"543";"Com vítima";"228,300";"BR-116/SP";"Decrescente";"Colisão lateral em sentido contrário";1;0;0;1;0;0;0;0;0;0;1;1;0;0;0
"05/03/2025";"18:56:00";"557";"Com vítima";"403,300";"BR-101/RJ";"Crescente";"Atropelamento de pedestre";1;0;0;0;0;0;0;0;0;0;0;1;0;0;1
"05/03/2025";"22:40:00";"663";"Sem vítima";"231,000";"BR-116/SP";"Decrescente";"Colisão traseira";0;0;1;0;0;0;0;0;0;1;2;0;0;0;0
"06/03/2025";"01:38:00";"55";"Sem vítima";"135,800";"BR-116/SP";"Decrescente";"Capotamento";1;0;0;0;0;0;0;0;0;0;3;0;0;0;0
"06/03/2025";"02:01:00";"49";"Com vítima";"78,600";"BR-116/SP";"Decrescente";"Engavetamento";0;0;4;0;0;0;0;0;0;0;4;2;0;0;0
"06/03/2025";"02:03:00";"56";"Com vítima";"135,500";"BR-116/SP";"Decrescente";"Acidentes de outra natureza";0;0;0;1;0;0;0;0;0;0;0;0;2;0;0
"06/03/2025";"03:20:00";"64";"Com vítima";"98,130";"BR-116/SP";"Crescente";"Acidentes de outra natureza";0;0;0;0;1;0;0;0;0;0;24;16;3;2;0
"06/03/2025";"04:33:00";"69";"Com vítima";"22,500";"BR-116/SP";"Decrescente";"Acidentes de outra natureza";0;0;0;0;0;0;0;1;0;0;0;0;1;0;0
"06/03/2025";"08:00:00";"215";"Sem vítima";"489,000";"BR-101/RJ";"Crescente";"Colisão traseira";2;0;0;0;0;0;0;0;0;0;4;0;0;0;0
"06/03/2025";"08:08:00";"221";"Com vítima";"108,000";"BR-116/SP";"Crescente";"Colisão lateral em sentido contrário";1;0;0;1;0;0;0;0;0;0;1;1;1;0;0
"06/03/2025";"08:09:00";"224";"Com vítima";"215,000";"BR-116/SP";"Crescente";"Colisão lateral em sentido contrário";1;0;0;1;0;0;0;0;0;0;2;1;0;0;0
"06/03/2025";"11:33:00";"379";"Com vítima";"227,800";"BR-116/SP";"Crescente";"Engavetamento";3;0;0;0;0;0;0;0;0;0;2;1;0;0;0
"06/03/2025";"12:29:00";"403";"Com vítima";"157,200";"BR-116/SP";"Crescente";"Tombamento";0;0;1;0;0;0;0;0;0;0;0;1;0;0;0
"06/03/2025";"14:11:00";"460";"Sem vítima";"162,000";"BR-116/SP";"Decrescente";"Colisão lateral em sentido contrário";1;0;0;0;0;0;0;1;0;0;2;0;0;0;0
"06/03/2025";"14:30:00";"473";"Com vítima";"233,800";"BR-116/RJ";"Decrescente";"Colisão traseira";0;0;1;0;1;0;0;0;0;0;36;6;10;0;0
"06/03/2025";"14:36:00";"478";"Sem vítima";"225,500";"BR-116/SP";"Decrescente";"Colisão lateral em sentido contrário";1;0;1;0;0;0;0;0;0;0;2;0;0;0;0
"06/03/2025";"14:37:00";"479";"Com vítima";"472,000";"BR-101/RJ";"Crescente";"Colisão lateral em sentido contrário";0;0;0;2;0;0;0;0;0;0;1;1;0;0;0
"06/03/2025";"15:21:00";"509";"Com vítima";"199,000";"BR-116/SP";"Decrescente";"Choque";0;0;1;0;0;0;0;0;0;0;0;0;1;0;0
"06/03/2025";"17:51:00";"565";"Sem vítima";"302,500";"BR-116/RJ";"Crescente";"Engavetamento";3;0;0;0;0;0;0;0;0;0;8;0;0;0;0
"06/03/2025";"18:26:00";"580";"Com vítima";"43,900";"BR-101/SP";"Crescente";"Colisão lateral em sentido contrário";1;0;0;1;0;0;0;0;0;0;1;2;0;0;0
"06/03/2025";"19:04:00";"603";"Com vítima";"65,000";"BR-116/SP";"Decrescente";"Acidentes de outra natureza";0;0;0;1;0;0;0;0;0;0;0;1;0;0;0
"06/03/2025";"19:09:00";"604";"Sem vítima";"65,550";"BR-116/SP";"Decrescente";"Choque";0;0;1;0;0;0;0;0;0;0;1;0;0;0;0
"06/03/2025";"19:10:00";"605";"Sem vítima";"57,000";"BR-116/SP";"Crescente";"Choque";1;0;0;0;0;0;0;0;0;0;1;0;0;0;0
"06/03/2025";"20:16:00";"597";"Com vítima";"57,600";"BR-116/SP";"Decrescente";"Acidentes de outra natureza";0;0;0;1;0;0;0;0;0;0;0;1;0;0;0
"06/03/2025";"20:22:00";"635";"Sem vítima";"334,300";"BR-116/RJ";"Crescente";"Choque";0;0;0;0;0;0;0;0;0;0;0;0;0;0;0
"07/03/2025";"01:41:00";"49";"Com vítima";"169,000";"BR-116/SP";"Crescente";"Colisão traseira";0;0;1;0;0;0;0;1;0;0;1;1;0;0;0
"07/03/2025";"02:19:00";"56";"Com vítima";"231,400";"BR-116/RJ";"Crescente";"Colisão traseira";0;0;2;0;0;0;0;0;0;0;2;2;0;0;0
"07/03/2025";"07:40:00";"195";"Sem vítima";"107,000";"BR-116/SP";"Crescente";"Colisão traseira";0;0;0;0;0;0;0;2;0;0;2;0;0;0;0
"07/03/2025";"08:41:00";"262";"Com vítima";"227,000";"BR-116/SP";"Crescente";"Colisão traseira";0;0;0;0;0;0;0;0;0;0;0;0;0;0;0
"07/03/2025";"09:09:00";"285";"Com vítima";"100,000";"BR-116/SP";"Crescente";"Acidentes de outra natureza";0;0;0;1;0;0;0;0;0;0;0;2;0;0;0
"07/03/2025";"10:33:00";"342";"Sem vítima";"221,000";"BR-116/SP";"Crescente";"Engavetamento";1;0;0;2;0;0;0;0;0;0;3;0;0;0;0
"07/03/2025";"11:10:00";"366";"Sem vítima";"221,800";"BR-116/SP";"Crescente";"Colisão traseira";1;0;1;0;0;0;0;0;0;0;2;0;0;0;0
"07/03/2025";"11:42:00";"382";"Com vítima";"251,600";"BR-116/RJ";"Decrescente";"Colisão traseira";1;0;0;0;0;0;0;1;0;0;3;2;0;0;0
"07/03/2025";"12:05:00";"393";"Sem vítima";"114,000";"BR-116/SP";"Decrescente";"Colisão lateral em sentido contrário";0;0;1;0;0;0;0;0;0;0;6;0;0;0;0
"07/03/2025";"12:58:00";"427";"Com vítima";"274,000";"BR-116/RJ";"Crescente";"Colisão traseira";0;0;1;0;0;0;0;0;0;1;2;0;2;0;0
"07/03/2025";"13:09:00";"433";"Com vítima";"491,000";"BR-101/RJ";"Decrescente";"Acidentes de outra natureza";1;0;0;0;0;0;0;0;0;0;0;1;0;0;0
"07/03/2025";"14:37:00";"487";"Com vítima";"55,000";"BR-116/SP";"Crescente";"Acidentes de outra natureza";0;0;0;1;0;0;0;0;0;0;0;1;0;0;0
"07/03/2025";"15:51:00";"529";"Sem vítima";"213,000";"BR-116/SP";"Crescente";"Colisão traseira";1;0;1;0;0;0;0;0;0;0;4;0;0;0;0
"07/03/2025";"16:05:00";"538";"Sem vítima";"101,000";"BR-116/SP";"Decrescente";"Colisão traseira";1;0;0;0;0;0;0;0;0;0;1;0;0;0;0
"07/03/2025";"16:58:00";"567";"Sem vítima";"336,100";"BR-116/RJ";"Crescente";"Colisão traseira";0;0;0;0;1;0;0;0;0;0;26;0;0;0;0
"07/03/2025";"18:51:00";"622";"Sem vítima";"40,900";"BR-116/SP";"Decrescente";"Colisão traseira";2;0;0;0;0;0;0;0;0;0;5;0;0;0;0
"07/03/2025";"18:58:00";"626";"Sem vítima";"83,800";"BR-116/SP";"Decrescente";"Colisão lateral em sentido contrário";1;0;0;0;0;0;0;1;0;0;2;0;0;0;0
"07/03/2025";"19:12:00";"635";"Sem vítima";"38,800";"BR-116/SP";"Decrescente";"Colisão traseira";1;0;0;0;0;1;0;1;0;0;0;0;0;0;0
"07/03/2025";"19:30:00";"643";"Sem vítima";"217,600";"BR-116/SP";"Decrescente";"Acidentes de outra natureza";1;0;0;0;0;0;0;0;0;0;0;0;0;0;0
"07/03/2025";"20:14:00";"664";"Com vítima";"219,300";"BR-116/SP";"Decrescente";"Choque";0;0;0;1;0;0;0;0;0;0;0;1;0;0;0
"07/03/2025";"20:24:00";"667";"Com vítima";"207,200";"BR-116/SP";"Crescente";"Acidentes de outra natureza";0;0;0;1;0;0;0;0;0;0;0;0;0;1;0
"07/03/2025";"21:01:00";"678";"Sem vítima";"506,000";"BR-101/RJ";"Crescente";"Colisão traseira";1;0;0;0;0;0;0;0;0;0;1;0;0;0;0
"07/03/2025";"22:48:00";"717";"Com vítima";"335,100";"BR-116/RJ";"Crescente";"Colisão lateral em sentido contrário";2;0;0;0;0;0;0;0;0;0;0;2;0;0;0
"07/03/2025";"23:16:00";"723";"Sem vítima";"222,500";"BR-116/SP";"Decrescente";"Colisão traseira";0;0;1;0;0;0;0;0;0;0;2;0;0;0;0
"08/03/2025";"00:00:00";"566";"Com vítima";"46,000";"BR-101/SP";"Crescente";"Acidentes de outra natureza";0;0;0;1;0;0;0;0;0;0;0;1;0;0;0
"08/03/2025";"01:42:00";"54";"Sem vítima";"390,000";"BR-101/RJ";"Decrescente";"Colisão lateral em sentido contrário";1;0;0;0;1;0;0;0;0;0;11;0;0;0;0
"08/03/2025";"03:37:00";"69";"Com vítima";"131,000";"BR-116/SP";"Crescente";"Acidentes de outra natureza";0;0;0;1;0;0;0;0;0;0;0;1;0;0;0
"08/03/2025";"03:55:00";"72";"Sem vítima";"225,100";"BR-116/SP";"Crescente";"Colisão traseira";2;0;0;0;0;0;0;0;0;0;2;0;0;0;0
"08/03/2025";"04:51:00";"83";"Sem vítima";"131,000";"BR-116/SP";"Crescente";"Colisão traseira";4;0;0;0;0;0;0;0;0;0;4;0;0;0;0
"08/03/2025";"06:15:00";"104";"Com vítima";"498,000";"BR-101/RJ";"Crescente";"Acidentes de outra natureza";0;0;0;1;0;0;0;0;0;0;0;2;0;0;0
"08/03/2025";"08:29:00";"191";"Com vítima";"36,500";"BR-101/SP";"Decrescente";"Colisão lateral em sentido contrário";0;0;0;2;0;0;0;0;0;0;0;1;1;0;0
"08/03/2025";"09:24:00";"223";"Sem vítima";"224,000";"BR-116/SP";"Crescente";"Engavetamento";2;0;0;0;0;0;0;0;0;0;2;0;0;0;0
"08/03/2025";"10:14:00";"247";"Com vítima";"40,100";"BR-101/SP";"Crescente";"Colisão lateral em sentido contrário";1;0;0;1;0;0;0;0;0;0;4;4;0;0;0
"08/03/2025";"11:25:00";"282";"Com vítima";"398,000";"BR-101/RJ";"Crescente";"Acidentes de outra natureza";0;0;0;1;0;0;0;0;0;0;0;4;0;0;0
"08/03/2025";"13:10:00";"264";"Sem vítima";"230,700";"BR-116/SP";"Crescente";"Engavetamento";2;0;0;0;0;0;0;0;0;0;2;0;0;0;0
"08/03/2025";"13:35:00";"343";"Com vítima";"41,000";"BR-116/SP";"Decrescente";"Tombamento";0;0;0;0;0;0;0;1;0;0;0;0;1;0;0
"08/03/2025";"14:53:00";"377";"Com vítima";"389,000";"BR-101/RJ";"Decrescente";"Acidentes de outra natureza";0;0;0;1;0;0;0;0;0;0;0;1;0;0;0
"08/03/2025";"16:11:00";"413";"Sem vítima";"168,500";"BR-116/SP";"Decrescente";"Tombamento";0;0;0;0;0;0;0;0;0;1;3;0;0;0;0
"08/03/2025";"16:46:00";"433";"Sem vítima";"428,700";"BR-101/RJ";"Crescente";"Colisão lateral em sentido contrário";2;0;0;0;0;0;0;0;0;0;3;0;0;0;0
"08/03/2025";"20:30:00";"524";"Sem vítima";"291,000";"BR-116/RJ";"Crescente";"Colisão lateral em sentido contrário";1;0;1;0;0;0;0;0;0;0;5;0;0;0;0
"08/03/2025";"21:56:00";"546";"Sem vítima";"216,300";"BR-116/SP";"Decrescente";"Choque";1;0;0;0;0;0;0;0;0;0;2;0;0;0;0
"08/03/2025";"22:20:00";"550";"Com vítima";"47,800";"BR-101/SP";"Crescente";"Atropelamento de pedestre";0;1;0;0;0;0;0;0;0;0;0;1;0;0;0
"09/03/2025";"00:20:00";"39";"Sem vítima";"542,000";"BR-101/RJ";"Crescente";"Colisão lateral em sentido contrário";1;0;0;0;0;0;0;0;0;0;3;0;0;0;0
"09/03/2025";"03:14:00";"52";"Com vítima";"47,800";"BR-101/SP";"Crescente";"Atropelamento de pedestre";0;0;0;0;0;0;0;0;0;0;0;0;0;0;0
"09/03/2025";"05:07:00";"65";"Com vítima";"227,100";"BR-116/SP";"Decrescente";"Capotamento";1;0;0;0;0;0;0;0;0;0;2;1;0;0;0
"09/03/2025";"08:10:00";"117";"Com vítima";"30,000";"BR-101/SP";"Decrescente";"Colisão lateral em sentido contrário";1;0;0;1;0;0;0;0;0;0;2;2;0;0;0
"09/03/2025";"13:40:00";"258";"Com vítima";"264,600";"BR-116/RJ";"Crescente";"Acidentes de outra natureza";0;0;0;1;0;0;0;0;0;0;0;0;1;0;0
"09/03/2025";"14:53:00";"299";"Com vítima";"99,800";"BR-116/SP";"Crescente";"Colisão traseira";2;0;0;0;0;0;0;0;0;0;6;1;0;0;0
"09/03/2025";"15:56:00";"333";"Sem vítima";"97,000";"BR-116/SP";"Crescente";"Engavetamento";3;0;0;1;0;0;0;0;0;0;8;0;0;0;0
"09/03/2025";"16:02:00";"339";"Sem vítima";"96,000";"BR-116/SP";"Crescente";"Colisão traseira";2;0;0;0;0;0;0;0;0;0;2;0;0;0;0
"09/03/2025";"16:10:00";"345";"Com vítima";"108,500";"BR-116/SP";"Crescente";"Colisão traseira";0;0;0;1;0;0;0;0;0;0;0;0;0;1;0
"09/03/2025";"17:03:00";"367";"Com vítima";"223,800";"BR-116/RJ";"Crescente";"Acidentes de outra natureza";0;0;0;1;0;0;0;0;0;0;0;1;0;0;0
"09/03/2025";"17:23:00";"377";"Sem vítima";"228,400";"BR-116/RJ";"Decrescente";"Colisão lateral em sentido contrário";1;0;1;0;0;0;0;0;0;0;1;0;0;0;0
"09/03/2025";"17:40:00";"388";"Com vítima";"35,500";"BR-101/SP";"Crescente";"Engavetamento";3;0;0;0;0;0;0;0;0;0;2;2;0;0;0