data;horario;n_da_ocorrencia;tipo_de_ocorrencia;km;trecho;sentido;tipo_de_acidente;automovel;bicicleta;caminhao;moto;onibus;outros;tracao_animal;transporte_de_cargas_especiais;trator_maquinas;utilitarios;ilesos;levemente_feridos;moderadamente_feridos;gravemente_feridos;mortos
"09/03/2025";"18:36:00";"425";"Sem vítima";"226,500";"BR-116/RJ";"Decrescente";"Choque";1;0;0;0;0;0;0;0;0;0;1;0;0;0;0
"09/03/2025";"19:00:00";"438";"Com vítima";"487,900";"BR-101/RJ";"Decrescente";"Colisão lateral em sentido contrário";1;0;0;1;0;0;0;0;0;0;1;1;0;0;0
"09/03/2025";"19:15:00";"445";"Com vítima";"528,800";"BR-101/RJ";"Decrescente";"Colisão traseira";1;0;0;1;0;0;0;0;0;0;1;1;0;0;0
"09/03/2025";"22:11:00";"518";"Sem vítima";"522,600";"BR-101/RJ";"Decrescente";"Choque";1;0;0;0;0;0;0;0;0;0;1;0;0;0;0
"09/03/2025";"23:07:00";"533";"Sem vítima";"179,100";"BR-116/SP";"Crescente";"Tombamento";0;0;1;0;0;0;0;0;0;0;0;0;0;0;0
"09/03/2025";"23:38:00";"542";"Sem vítima";"129,100";"BR-116/SP";"Decrescente";"Atropelamento de pedestre";1;0;0;0;0;0;0;0;0;0;0;0;0;0;0
"10/03/2025";"00:07:00";"37";"Sem vítima";"478,800";"BR-101/RJ";"Decrescente";"Colisão lateral em sentido contrário";0;0;0;1;0;0;0;0;0;0;1;0;0;0;0
"10/03/2025";"01:20:00";"47";"Sem vítima";"212,500";"BR-116/SP";"Crescente";"Engavetamento";2;0;0;0;0;0;0;0;0;0;12;0;0;0;0
"10/03/2025";"01:37:00";"52";"Com vítima";"397,300";"BR-101/RJ";"Crescente";"Colisão traseira";1;0;0;1;0;0;0;0;0;0;0;0;1;1;0
"10/03/2025";"02:23:00";"67";"Sem vítima";"306,100";"BR-116/RJ";"Crescente";"Atropelamento de pedestre";0;0;1;0;0;0;0;0;0;0;1;0;0;0;0
"10/03/2025";"02:33:00";"69";"Sem vítima";"97,900";"BR-116/SP";"Crescente";"Colisão lateral em sentido contrário";0;0;2;0;0;0;0;0;0;0;2;0;0;0;0
"10/03/2025";"06:55:00";"161";"Com vítima";"211,900";"BR-116/SP";"Crescente";"Acidentes de outra natureza";0;0;0;1;0;0;0;0;0;0;0;2;0;0;0
"10/03/2025";"07:48:00";"204";"Com vítima";"108,300";"BR-116/SP";"Crescente";"Colisão traseira";0;0;1;1;0;0;0;0;0;0;2;2;0;0;0
"10/03/2025";"07:51:00";"208";"Sem vítima";"154,700";"BR-116/SP";"Crescente";"Colisão lateral em sentido contrário";1;0;1;0;0;0;0;0;0;0;0;0;0;0;0
"10/03/2025";"08:10:00";"226";"Com vítima";"296,000";"BR-116/RJ";"Decrescente";"Atropelamento de pedestre";1;1;0;0;0;0;0;0;0;0;0;1;0;0;0
"10/03/2025";"09:39:00";"328";"Sem vítima";"27,000";"BR-116/SP";"Decrescente";"Choque";1;0;0;0;0;0;0;0;0;0;2;0;0;0;0
"10/03/2025";"10:53:00";"374";"Com vítima";"225,000";"BR-116/SP";"Crescente";"Colisão lateral em sentido contrário";0;0;1;1;0;0;0;0;0;0;2;2;0;0;0
"10/03/2025";"11:30:00";"391";"Sem vítima";"196,000";"BR-116/SP";"Decrescente";"Capotamento";1;0;0;0;0;0;0;0;0;0;1;0;0;0;0
"10/03/2025";"12:58:00";"423";"Com vítima";"497,000";"BR-101/RJ";"Crescente";"Colisão traseira";1;0;0;1;0;0;0;0;0;0;1;0;0;1;0
"10/03/2025";"13:15:00";"429";"Sem vítima";"157,000";"BR-116/SP";"Decrescente";"Colisão traseira";0;0;1;0;0;0;0;0;0;1;0;0;0;0;0
"10/03/2025";"13:23:00";"433";"Sem vítima";"158,100";"BR-116/SP";"Decrescente";"Colisão transversal";1;0;0;0;0;0;0;0;0;1;3;0;0;0;0
"10/03/2025";"13:39:00";"436";"Com vítima";"224,000";"BR-116/SP";"Crescente";"Colisão lateral em sentido contrário";2;0;0;2;0;0;0;0;0;0;2;1;1;0;0
"10/03/2025";"14:56:00";"470";"Sem vítima";"221,700";"BR-116/RJ";"Crescente";"Colisão traseira";1;0;0;0;0;0;0;0;0;0;1;0;0;0;0
"10/03/2025";"15:22:00";"463";"Com vítima";"89,800";"BR-116/SP";"Decrescente";"Colisão traseira";1;0;1;0;0;0;0;0;0;0;3;1;0;0;0
"10/03/2025";"15:22:00";"479";"Com vítima";"245,000";"BR-116/RJ";"Crescente";"Colisão traseira";1;0;0;0;0;0;0;0;0;1;0;8;0;0;0
"10/03/2025";"19:20:00";"582";"Sem vítima";"223,800";"BR-116/SP";"Decrescente";"Engavetamento";1;0;0;0;0;0;0;0;0;0;1;0;0;0;0
"10/03/2025";"19:24:00";"584";"Sem vítima";"145,500";"BR-116/SP";"Crescente";"Colisão lateral em sentido contrário";1;0;1;0;0;0;0;0;0;0;8;0;0;0;0
"11/03/2025";"00:30:00";"38";"Sem vítima";"24,600";"BR-116/SP";"Decrescente";"Colisão traseira";0;0;2;0;0;0;0;0;0;0;4;0;0;0;0
"11/03/2025";"04:09:00";"70";"Sem vítima";"190,500";"BR-116/SP";"Crescente";"Acidentes de outra natureza";0;0;0;1;0;0;0;0;0;0;1;0;0;0;0
"11/03/2025";"04:34:00";"71";"Sem vítima";"37,200";"BR-116/SP";"Crescente";"Tombamento";0;0;0;0;0;0;0;0;0;0;0;0;0;0;0
"11/03/2025";"05:46:00";"93";"Sem vítima";"71,700";"BR-116/SP";"Decrescente";"Colisão traseira";0;0;1;0;0;0;0;0;0;1;2;0;0;0;0
"11/03/2025";"07:30:00";"210";"Com vítima";"165,200";"BR-116/SP";"Decrescente";"Colisão lateral em sentido contrário";1;0;0;1;0;0;0;0;0;0;1;0;1;0;0
"11/03/2025";"07:40:00";"222";"Com vítima";"222,000";"BR-116/SP";"Crescente";"Colisão lateral em sentido contrário";1;0;0;1;0;0;0;0;0;0;0;1;0;0;0
"11/03/2025";"07:57:00";"241";"Com vítima";"212,000";"BR-116/SP";"Crescente";"Colisão lateral em sentido contrário";0;0;0;1;0;0;0;0;0;0;0;1;0;0;0
"11/03/2025";"08:11:00";"254";"Sem vítima";"231,500";"BR-116/RJ";"Crescente";"Engavetamento";3;0;0;0;0;0;0;0;0;0;5;0;0;0;0
"11/03/2025";"10:39:00";"376";"Com vítima";"420,000";"BR-101/RJ";"Crescente";"Acidentes de outra natureza";0;0;0;1;0;0;0;0;0;0;0;2;0;0;0
"11/03/2025";"11:13:00";"391";"Com vítima";"40,000";"BR-101/SP";"Decrescente";"Colisão lateral em sentido contrário";1;0;0;1;0;0;0;0;0;0;1;1;0;0;0
"11/03/2025";"11:20:00";"394";"Com vítima";"388,000";"BR-101/RJ";"Decrescente";"Colisão traseira";2;0;0;0;0;0;0;0;0;0;0;3;0;0;0
"11/03/2025";"11:31:00";"402";"Sem vítima";"408,000";"BR-101/RJ";"Decrescente";"Colisão traseira";1;0;1;0;0;0;0;0;0;0;6;0;0;0;0
"11/03/2025";"12:02:00";"412";"Sem vítima";"233,000";"BR-116/RJ";"Decrescente";"Colisão traseira";2;0;0;0;0;0;0;0;0;0;4;0;0;0;0
"11/03/2025";"12:32:00";"422";"Sem vítima";"230,000";"BR-116/SP";"Crescente";"Colisão lateral em sentido contrário";1;0;1;0;0;0;0;0;0;0;0;0;0;0;0
"11/03/2025";"13:57:00";"471";"Com vítima";"146,000";"BR-116/SP";"Decrescente";"Engavetamento";4;0;0;0;0;0;0;0;0;0;3;0;1;0;0
"11/03/2025";"16:07:00";"530";"Com vítima";"515,000";"BR-101/RJ";"Crescente";"Colisão frontal";2;0;0;0;0;0;0;0;0;0;0;4;0;0;0
"11/03/2025";"16:19:00";"541";"Sem vítima";"389,000";"BR-101/RJ";"Crescente";"Colisão lateral em sentido contrário";1;0;0;0;0;0;0;0;0;0;1;0;0;0;0
"11/03/2025";"16:39:00";"550";"Sem vítima";"70,200";"BR-116/SP";"Crescente";"Choque";0;0;0;0;0;0;0;1;0;0;1;0;0;0;0
"11/03/2025";"16:55:00";"555";"Com vítima";"504,900";"BR-101/RJ";"Decrescente";"Colisão frontal";1;0;0;1;0;0;0;0;0;0;1;1;0;0;0
"11/03/2025";"17:07:00";"561";"Com vítima";"155,650";"BR-116/SP";"Decrescente";"Acidentes de outra natureza";0;0;0;1;0;0;0;1;0;0;1;0;0;0;1
"11/03/2025";"17:18:00";"567";"Com vítima";"72,900";"BR-116/SP";"Decrescente";"Choque";1;0;0;0;0;0;0;0;0;0;0;2;0;0;0
"11/03/2025";"17:43:00";"576";"Sem vítima";"283,500";"BR-116/RJ";"Decrescente";"Choque";1;0;0;0;0;0;0;0;0;0;2;0;0;0;0
"11/03/2025";"17:50:00";"578";"Com vítima";"49,200";"BR-116/SP";"Decrescente";"Colisão traseira";2;0;0;0;0;0;0;2;0;0;2;4;0;0;0
"11/03/2025";"21:37:00";"675";"Sem vítima";"154,500";"BR-116/SP";"Crescente";"Colisão lateral em sentido contrário";1;0;1;0;0;0;0;0;0;0;3;0;0;0;0
"11/03/2025";"23:48:00";"718";"Com vítima";"420,000";"BR-101/RJ";"Decrescente";"Choque";1;0;0;0;0;0;0;0;0;0;1;1;0;0;0
"12/03/2025";"03:51:00";"63";"Sem vítima";"459,000";"BR-101/RJ";"Crescente";"Capotamento";1;0;0;0;0;0;0;0;0;0;1;0;0;0;0
"12/03/2025";"07:21:00";"192";"Com vítima";"392,900";"BR-101/RJ";"Crescente";"Engavetamento";2;0;0;0;0;0;0;0;0;0;2;2;0;0;0
"12/03/2025";"09:03:00";"317";"Sem vítima";"445,000";"BR-101/RJ";"Decrescente";"Engavetamento";1;0;0;0;0;0;0;0;0;0;1;0;0;0;0
"12/03/2025";"09:32:00";"345";"Sem vítima";"484,700";"BR-101/RJ";"Decrescente";"Engavetamento";3;0;0;0;0;0;0;0;0;0;4;0;0;0;0
"12/03/2025";"11:08:00";"418";"Sem vítima";"319,000";"BR-116/RJ";"Decrescente";"Choque";0;0;0;0;0;0;0;1;0;0;1;0;0;0;0
"12/03/2025";"13:01:00";"464";"Sem vítima";"222,200";"BR-116/SP";"Crescente";"Colisão lateral em sentido contrário";1;0;1;0;0;0;0;0;0;0;3;0;0;0;0
"12/03/2025";"16:39:00";"570";"Sem vítima";"267,500";"BR-116/RJ";"Crescente";"Choque";0;0;0;0;0;0;0;1;0;0;1;0;0;0;0
"12/03/2025";"16:51:00";"578";"Com vítima";"302,500";"BR-116/RJ";"Crescente";"Acidentes de outra natureza";0;0;0;1;0;0;0;0;0;0;0;0;2;0;0
"12/03/2025";"19:08:00";"637";"Com vítima";"216,600";"BR-116/SP";"Crescente";"Acidentes de outra natureza";0;0;0;1;0;0;0;0;0;0;0;1;0;0;0
"12/03/2025";"19:09:00";"638";"Com vítima";"327,000";"BR-116/RJ";"Decrescente";"Choque";1;0;0;0;0;0;0;0;0;0;2;1;0;0;0
"12/03/2025";"20:30:00";"671";"Sem vítima";"228,200";"BR-116/SP";"Decrescente";"Colisão lateral em sentido contrário";1;0;1;0;0;0;0;0;0;0;3;0;0;0;0
"12/03/2025";"21:02:00";"688";"Com vítima";"219,400";"BR-116/SP";"Decrescente";"Acidentes de outra natureza";0;0;0;1;0;0;0;0;0;0;0;4;0;0;0
"12/03/2025";"22:57:00";"739";"Com vítima";"221,900";"BR-116/SP";"Decrescente";"Engavetamento";1;0;1;0;0;0;0;0;0;0;0;4;0;0;0
"12/03/2025";"22:59:00";"740";"Sem vítima";"274,300";"BR-116/RJ";"Crescente";"Choque";1;0;0;0;0;0;0;0;0;0;1;0;0;0;0
"13/03/2025";"03:23:00";"65";"Com vítima";"45,100";"BR-101/SP";"Decrescente";"Acidentes de outra natureza";0;0;0;1;0;0;0;0;0;0;0;1;0;0;0
"13/03/2025";"03:35:00";"68";"Sem vítima";"225,000";"BR-116/SP";"Crescente";"Choque";1;0;0;0;0;0;0;0;0;0;1;0;0;0;0
"13/03/2025";"07:16:00";"170";"Sem vítima";"72,000";"BR-116/SP";"Decrescente";"Acidentes de outra natureza";1;0;0;0;0;0;0;0;0;0;0;0;0;0;0
"13/03/2025";"07:34:00";"186";"Com vítima";"149,000";"BR-116/SP";"Crescente";"Colisão traseira";0;0;0;2;0;0;0;0;0;0;0;6;0;0;0
"13/03/2025";"07:35:00";"188";"Com vítima";"134,000";"BR-116/SP";"Decrescente";"Atropelamento de pedestre";0;1;1;0;0;0;0;0;0;0;1;1;0;0;0
"13/03/2025";"08:01:00";"224";"Com vítima";"227,000";"BR-116/SP";"Crescente";"Engavetamento";1;0;0;2;0;0;0;0;0;0;1;1;1;0;0
"13/03/2025";"09:45:00";"340";"Com vítima";"134,000";"BR-116/SP";"Decrescente";"Acidentes de outra natureza";0;0;0;1;0;0;0;0;0;0;0;0;1;0;0
"13/03/2025";"09:49:00";"343";"Sem vítima";"140,000";"BR-116/SP";"Crescente";"Colisão traseira";1;0;0;0;0;0;0;0;0;0;1;0;0;0;0
"13/03/2025";"10:47:00";"367";"Sem vítima";"40,800";"BR-101/SP";"Decrescente";"Engavetamento";2;0;0;0;1;0;0;0;0;0;8;0;0;0;0
"13/03/2025";"12:03:00";"417";"Com vítima";"145,000";"BR-116/SP";"Crescente";"Engavetamento";0;0;1;0;0;0;0;1;0;0;2;2;0;0;0
"13/03/2025";"13:00:00";"443";"Sem vítima";"228,000";"BR-116/SP";"Decrescente";"Colisão traseira";1;0;0;0;0;0;0;0;0;0;1;0;0;0;0
"13/03/2025";"13:08:00";"446";"Sem vítima";"487,000";"BR-101/RJ";"Crescente";"Engavetamento";2;0;0;0;0;0;0;0;0;0;2;0;0;0;0
"13/03/2025";"13:30:00";"465";"Sem vítima";"229,000";"BR-116/RJ";"Decrescente";"Choque";1;0;0;0;0;0;0;0;0;0;1;0;0;0;0
"13/03/2025";"15:15:00";"504";"Sem vítima";"140,000";"BR-116/SP";"Crescente";"Colisão traseira";2;0;0;0;0;0;0;0;0;0;12;0;0;0;0
"13/03/2025";"15:36:00";"515";"Sem vítima";"114,100";"BR-116/SP";"Crescente";"Colisão traseira";0;0;1;0;0;0;0;0;0;0;0;0;0;0;0
"13/03/2025";"16:03:00";"526";"Com vítima";"316,700";"BR-116/RJ";"Crescente";"Acidentes de outra natureza";0;0;0;1;0;0;0;0;0;0;0;1;1;0;0
"13/03/2025";"16:13:00";"495";"Sem vítima";"169,000";"BR-116/SP";"Crescente";"Colisão traseira";1;0;0;0;0;0;0;0;0;0;1;0;0;0;0
"13/03/2025";"16:19:00";"532";"Sem vítima";"73,000";"BR-116/SP";"Decrescente";"Choque";1;0;0;0;0;0;0;0;0;0;2;0;0;0;0
"13/03/2025";"17:04:00";"469";"Com vítima";"229,000";"BR-116/SP";"Crescente";"Colisão lateral em sentido contrário";0;0;0;1;0;0;0;0;0;1;1;1;1;0;0
"13/03/2025";"17:49:00";"570";"Com vítima";"275,800";"BR-116/RJ";"Decrescente";"Choque";1;0;0;0;0;0;0;0;0;0;0;1;0;0;0
"13/03/2025";"18:33:00";"585";"Sem vítima";"596,800";"BR-101/RJ";"Decrescente";"Choque";1;0;0;0;0;0;0;0;0;0;1;0;0;0;0
"13/03/2025";"18:42:00";"590";"Sem vítima";"277,800";"BR-116/RJ";"Decrescente";"Choque";1;0;0;0;0;0;0;0;0;0;6;0;0;0;0
"13/03/2025";"18:48:00";"595";"Sem vítima";"30,650";"BR-116/SP";"Crescente";"Colisão traseira";0;0;1;0;0;0;0;0;0;1;8;0;0;0;0
"13/03/2025";"19:21:00";"619";"Com vítima";"317,000";"BR-116/RJ";"Crescente";"Engavetamento";1;0;3;0;0;0;0;0;0;0;3;1;0;0;0
"13/03/2025";"19:37:00";"628";"Sem vítima";"53,100";"BR-116/SP";"Decrescente";"Colisão traseira";2;0;0;0;0;0;0;0;0;0;1;0;0;0;0
"13/03/2025";"19:47:00";"633";"Com vítima";"58,700";"BR-116/SP";"Crescente";"Colisão traseira";1;0;0;1;0;0;0;0;0;0;1;1;0;0;0
"13/03/2025";"21:11:00";"672";"Sem vítima";"596,800";"BR-101/RJ";"Decrescente";"Choque";1;0;0;0;0;0;0;0;0;0;1;0;0;0;0
"13/03/2025";"21:18:00";"675";"Sem vítima";"150,200";"BR-116/SP";"Decrescente";"Choque";1;0;0;0;0;0;0;0;0;0;1;0;0;0;0
"14/03/2025";"01:02:00";"44";"Com vítima";"317,800";"BR-116/RJ";"Decrescente";"Acidentes de outra natureza";0;0;0;1;0;0;0;0;0;0;0;1;1;0;0
"14/03/2025";"01:07:00";"46";"Sem vítima";"404,500";"BR-101/RJ";"Decrescente";"Atropelamento de pedestre";1;0;0;0;0;0;0;0;0;0;0;0;0;0;0
"14/03/2025";"06:57:00";"173";"Com vítima";"145,300";"BR-116/SP";"Crescente";"Colisão lateral em sentido contrário";1;0;0;1;0;0;0;0;0;0;4;2;0;0;0
"14/03/2025";"07:13:00";"188";"Com vítima";"109,150";"BR-116/SP";"Crescente";"Colisão traseira";0;0;1;1;0;0;0;0;0;1;4;2;0;0;0
"14/03/2025";"10:18:00";"373";"Sem vítima";"216,000";"BR-116/SP";"Crescente";"Colisão traseira";1;0;0;0;0;0;0;1;0;0;0;0;0;0;0
"14/03/2025";"11:11:00";"406";"Sem vítima";"227,100";"BR-116/RJ";"Crescente";"Colisão traseira";0;0;1;0;0;0;0;0;0;1;2;0;0;0;0
"14/03/2025";"12:03:00";"426";"Sem vítima";"100,100";"BR-116/SP";"Decrescente";"Engavetamento";2;0;0;0;0;0;0;0;0;0;0;0;0;0;0
"14/03/2025";"14:44:00";"525";"Sem vítima";"477,000";"BR-101/RJ";"Crescente";"Colisão lateral em sentido contrário";1;0;0;0;1;0;0;0;0;0;2;0;0;0;0
"14/03/2025";"18:48:00";"663";"Sem vítima";"104,600";"BR-116/SP";"Crescente";"Engavetamento";2;0;1;0;0;0;0;0;0;0;3;0;0;0;0
"14/03/2025";"19:44:00";"696";"Sem vítima";"239,800";"BR-116/RJ";"Crescente";"Colisão traseira";0;0;1;0;0;0;0;0;0;0;0;0;0;0;0
"14/03/2025";"19:56:00";"706";"Sem vítima";"145,100";"BR-116/SP";"Decrescente";"Colisão lateral em sentido contrário";1;0;1;0;0;0;0;0;0;0;2;0;0;0;0
"14/03/2025";"20:11:00";"720";"Com vítima";"168,000";"BR-116/SP";"Crescente";"Atropelamento de pedestre";2;0;0;1;0;0;0;0;0;0;4;4;0;0;0
"14/03/2025";"20:51:00";"730";"Sem vítima";"201,000";"BR-116/SP";"Crescente";"Colisão traseira";0;0;0;0;0;0;0;0;0;1;1;0;0;0;0
"14/03/2025";"20:57:00";"731";"Sem vítima";"286,500";"BR-116/RJ";"Crescente";"Choque";1;0;0;0;0;0;0;0;0;0;1;0;0;0;0
"14/03/2025";"22:02:00";"755";"Com vítima";"188,800";"BR-116/SP";"Crescente";"Colisão traseira";0;0;0;1;0;0;0;0;0;0;0;0;1;0;0
"14/03/2025";"23:09:00";"778";"Sem vítima";"146,300";"BR-116/SP";"Decrescente";"Colisão traseira";2;0;0;0;0;0;0;0;0;0;3;0;0;0;0
"14/03/2025";"23:16:00";"781";"Sem vítima";"218,100";"BR-116/SP";"Crescente";"Colisão traseira";0;0;0;0;0;0;0;2;0;0;2;0;0;0;0
"14/03/2025";"23:25:00";"785";"Com vítima";"392,200";"BR-101/RJ";"Decrescente";"Acidentes de outra natureza";0;0;0;1;0;0;0;0;0;0;0;1;1;0;0
"15/03/2025";"02:02:00";"60";"Com vítima";"307,400";"BR-116/RJ";"Decrescente";"Choque";1;0;0;0;0;0;0;0;0;0;0;0;0;1;0
"15/03/2025";"04:32:00";"73";"Com vítima";"61,100";"BR-116/SP";"Crescente";"Colisão traseira";3;0;0;0;0;0;0;0;0;1;5;3;0;0;1
"15/03/2025";"04:59:00";"80";"Com vítima";"127,000";"BR-116/SP";"Crescente";"Colisão traseira";0;0;2;0;0;0;0;0;0;0;2;1;0;0;0
"15/03/2025";"06:45:00";"136";"Com vítima";"58,700";"BR-116/SP";"Crescente";"Colisão lateral em sentido contrário";0;0;0;2;0;0;0;0;0;0;0;1;1;0;0
"15/03/2025";"07:02:00";"152";"Sem vítima";"229,000";"BR-116/SP";"Decrescente";"Choque";1;0;0;0;0;0;0;0;0;0;1;0;0;0;0
"15/03/2025";"08:53:00";"225";"Com vítima";"422,100";"BR-101/RJ";"Decrescente";"Atropelamento de pedestre";0;0;0;1;0;0;0;0;0;0;0;0;1;0;0
"15/03/2025";"09:32:00";"250";"Com vítima";"218,800";"BR-116/SP";"Crescente";"Engavetamento";2;0;0;0;0;0;0;1;0;0;2;1;0;0;0
"15/03/2025";"12:54:00";"354";"Sem vítima";"231,000";"BR-116/SP";"Decrescente";"Colisão lateral em sentido contrário";0;0;0;1;0;0;0;0;0;0;1;0;0;0;0
"15/03/2025";"12:58:00";"356";"Sem vítima";"225,000";"BR-116/SP";"Decrescente";"Choque";1;0;0;0;0;0;0;0;0;0;2;0;0;0;0
"15/03/2025";"13:27:00";"368";"Sem vítima";"219,000";"BR-116/SP";"Crescente";"Colisão traseira";1;0;0;1;0;0;0;0;0;0;0;0;0;0;0
"15/03/2025";"14:06:00";"384";"Sem vítima";"152,200";"BR-116/SP";"Decrescente";"Colisão lateral em sentido contrário";1;0;1;0;0;0;0;0;0;0;0;0;0;0;0
"15/03/2025";"14:48:00";"406";"Sem vítima";"565,900";"BR-101/RJ";"Crescente";"Acidentes de outra natureza";0;0;0;1;0;0;0;0;0;0;1;0;0;0;0
"15/03/2025";"15:36:00";"427";"Com vítima";"224,000";"BR-116/SP";"Decrescente";"Acidentes de outra natureza";1;0;0;1;0;0;0;0;0;0;0;1;1;0;0
"15/03/2025";"16:55:00";"459";"Sem vítima";"218,000";"BR-116/SP";"Decrescente";"Engavetamento";2;0;0;0;0;0;0;0;0;0;2;0;0;0;0
"15/03/2025";"17:54:00";"475";"Com vítima";"296,000";"BR-116/RJ";"Crescente";"Capotamento";1;0;0;0;0;0;0;0;0;0;0;1;0;0;0
"15/03/2025";"18:25:00";"482";"Sem vítima";"428,000";"BR-101/RJ";"Decrescente";"Choque";1;0;0;0;0;0;0;0;0;0;1;0;0;0;0
"15/03/2025";"18:33:00";"484";"Com vítima";"477,000";"BR-101/RJ";"Crescente";"Atropelamento de pedestre";1;0;0;0;0;0;0;0;0;0;1;0;0;0;0
"15/03/2025";"19:49:00";"517";"Com vítima";"118,050";"BR-116/SP";"Crescente";"Choque";1;0;0;0;0;0;0;0;0;0;0;0;1;0;0
"15/03/2025";"21:01:00";"542";"Sem vítima";"557,000";"BR-101/RJ";"Crescente";"Choque";1;0;0;0;0;0;0;0;0;0;5;0;0;0;0
"15/03/2025";"21:46:00";"554";"Sem vítima";"112,000";"BR-116/SP";"Decrescente";"Choque";1;0;0;0;0;0;0;0;0;0;2;0;0;0;0
"15/03/2025";"23:13:00";"569";"Sem vítima";"21,320";"BR-116/SP";"Crescente";"Choque";1;0;0;0;0;0;0;0;0;0;1;0;0;0;0
"16/03/2025";"00:00:00";"388";"Com vítima";"557,000";"BR-101/RJ";"Crescente";"Choque";1;0;0;0;0;0;0;0;0;0;0;1;0;0;0
"16/03/2025";"00:19:00";"40";"Sem vítima";"291,000";"BR-116/RJ";"Decrescente";"Atropelamento de pedestre";1;0;0;0;0;0;0;0;0;0;1;0;0;0;0
"16/03/2025";"03:04:00";"72";"Sem vítima";"219,000";"BR-116/SP";"Crescente";"Colisão traseira";1;0;0;0;0;0;0;0;0;0;1;0;0;0;0
"16/03/2025";"03:39:00";"83";"Sem vítima";"188,400";"BR-116/SP";"Crescente";"Colisão traseira";2;0;0;0;0;0;0;0;0;0;4;0;0;0;0
"16/03/2025";"03:52:00";"85";"Sem vítima";"225,000";"BR-116/SP";"Crescente";"Choque";1;0;0;0;0;0;0;0;0;0;3;0;0;0;0
"16/03/2025";"05:11:00";"93";"Com vítima";"476,400";"BR-101/RJ";"Crescente";"Capotamento";1;0;0;0;0;0;0;0;0;0;0;0;1;0;0
"16/03/2025";"06:19:00";"113";"Sem vítima";"22,000";"BR-116/SP";"Decrescente";"Choque";1;0;0;0;0;0;0;0;0;0;1;0;0;0;0
"16/03/2025";"06:46:00";"126";"Sem vítima";"84,900";"BR-116/SP";"Crescente";"Colisão traseira";0;0;1;0;0;0;0;0;0;0;2;0;0;0;0
"16/03/2025";"07:40:00";"146";"Sem vítima";"86,950";"BR-116/SP";"Decrescente";"Engavetamento";3;0;0;0;0;0;0;0;0;0;12;0;0;0;0
"16/03/2025";"08:34:00";"166";"Com vítima";"108,450";"BR-116/SP";"Decrescente";"Engavetamento";4;0;0;0;0;0;0;0;0;0;9;2;0;0;0
"16/03/2025";"08:59:00";"174";"Sem vítima";"109,900";"BR-116/SP";"Decrescente";"Colisão traseira";1;0;0;0;0;0;0;0;0;0;2;0;0;0;0
"16/03/2025";"10:17:00";"203";"Com vítima";"32,300";"BR-101/SP";"Crescente";"Colisão traseira";1;0;0;1;0;0;0;0;0;0;2;0;1;0;0
"16/03/2025";"11:20:00";"219";"Com vítima";"45,600";"BR-101/SP";"Decrescente";"Acidentes de outra natureza";0;0;0;1;0;0;0;0;0;0;0;1;0;0;0
"16/03/2025";"11:34:00";"224";"Sem vítima";"298,000";"BR-116/RJ";"Crescente";"Choque";1;0;0;0;0;0;0;0;0;0;1;0;0;0;0
"16/03/2025";"13:21:00";"255";"Sem vítima";"596,000";"BR-101/RJ";"Decrescente";"Choque";1;0;0;0;0;0;0;0;0;0;3;0;0;0;0
"16/03/2025";"15:09:00";"304";"Sem vítima";"124,300";"BR-116/SP";"Crescente";"Colisão traseira";2;0;0;0;0;0;0;0;0;0;2;0;0;0;0
"16/03/2025";"15:53:00";"325";"Sem vítima";"218,000";"BR-116/SP";"Crescente";"Choque";1;0;0;0;0;0;0;0;0;0;0;0;0;0;0
"16/03/2025";"15:59:00";"330";"Com vítima";"231,000";"BR-116/SP";"Crescente";"Colisão lateral em sentido contrário";1;0;0;1;0;0;0;0;0;0;1;1;0;0;0
"16/03/2025";"16:02:00";"334";"Sem vítima";"299,000";"BR-116/RJ";"Decrescente";"Colisão lateral em sentido contrário";1;0;0;0;0;0;0;1;0;0;2;0;0;0;0
"16/03/2025";"16:27:00";"344";"Com vítima";"515,000";"BR-101/RJ";"Crescente";"Colisão frontal";3;0;0;0;0;0;0;0;0;0;7;1;0;0;0
"16/03/2025";"16:57:00";"351";"Com vítima";"427,000";"BR-101/RJ";"Crescente";"Choque";1;0;0;0;0;0;0;0;0;0;6;4;0;0;0
"16/03/2025";"17:24:00";"362";"Sem vítima";"296,350";"BR-116/RJ";"Crescente";"Choque";1;0;0;0;0;0;0;0;0;0;1;0;0;0;0
"16/03/2025";"18:18:00";"383";"Com vítima";"320,600";"BR-116/RJ";"Decrescente";"Choque";3;0;0;0;0;0;0;0;0;0;0;9;2;0;0
"16/03/2025";"18:46:00";"391";"Sem vítima";"517,000";"BR-101/RJ";"Decrescente";"Choque";0;0;0;0;0;0;0;0;0;1;1;0;0;0;0
"16/03/2025";"18:56:00";"393";"Sem vítima";"180,800";"BR-116/SP";"Decrescente";"Choque";1;0;0;0;0;0;0;0;0;0;1;0;0;0;0
"16/03/2025";"20:13:00";"420";"Sem vítima";"422,000";"BR-101/RJ";"Crescente";"Choque";1;0;0;0;0;0;0;0;0;0;1;0;0;0;0
"16/03/2025";"20:43:00";"432";"Sem vítima";"282,800";"BR-116/RJ";"Decrescente";"Choque";1;0;0;0;0;0;0;0;0;0;1;0;0;0;0