data;horario;n_da_ocorrencia;tipo_de_ocorrencia;km;trecho;sentido;tipo_de_acidente;automovel;bicicleta;caminhao;moto;onibus;outros;tracao_animal;transporte_de_cargas_especiais;trator_maquinas;utilitarios;ilesos;levemente_feridos;moderadamente_feridos;gravemente_feridos;mortos
"16/03/2025";"21:29:00";"451";"Com vítima";"389,000";"BR-101/RJ";"Crescente";"Acidentes de outra natureza";0;0;0;1;0;0;0;0;0;0;0;0;0;1;0
"16/03/2025";"21:53:00";"458";"Com vítima";"50,400";"BR-101/SP";"Decrescente";"Atropelamento de pedestre";1;0;0;0;0;0;0;0;0;0;1;0;1;0;0
"16/03/2025";"23:21:00";"470";"Com vítima";"1,900";"BR-116/SP";"Crescente";"Acidentes de outra natureza";0;0;0;1;0;0;0;0;0;0;0;1;0;0;0
"17/03/2025";"00:00:00";"250";"Com vítima";"435,000";"BR-101/RJ";"Decrescente";"Capotamento";1;0;0;0;0;0;0;0;0;0;0;4;0;0;0
"17/03/2025";"00:00:00";"598";"Sem vítima";"25,000";"BR-116/SP";"Crescente";"Colisão traseira";0;0;2;0;0;0;0;0;0;0;2;0;0;0;0
"17/03/2025";"00:36:00";"38";"Com vítima";"305,800";"BR-116/RJ";"Decrescente";"Colisão traseira";0;0;2;0;0;0;0;0;0;0;1;0;1;0;0
"17/03/2025";"00:38:00";"39";"Com vítima";"407,000";"BR-101/RJ";"Crescente";"Acidentes de outra natureza";0;0;0;1;0;0;0;0;0;0;0;0;2;2;0
"17/03/2025";"00:58:00";"44";"Sem vítima";"517,000";"BR-101/RJ";"Decrescente";"Choque";1;0;0;0;0;0;0;0;0;0;2;0;0;0;0
"17/03/2025";"01:59:00";"50";"Sem vítima";"183,000";"BR-116/SP";"Decrescente";"Colisão traseira";2;0;0;0;0;0;0;0;0;0;2;0;0;0;0
"17/03/2025";"04:23:00";"68";"Sem vítima";"387,000";"BR-101/RJ";"Decrescente";"Choque";1;0;0;0;0;0;0;0;0;0;1;0;0;0;0
"17/03/2025";"07:31:00";"199";"Sem vítima";"494,800";"BR-101/RJ";"Decrescente";"Choque";1;0;0;0;0;0;0;0;0;0;2;0;0;0;0
"17/03/2025";"07:41:00";"207";"Com vítima";"112,750";"BR-116/SP";"Crescente";"Colisão lateral em sentido contrário";1;0;0;0;0;0;0;1;0;0;2;2;0;0;0
"17/03/2025";"07:45:00";"208";"Com vítima";"217,800";"BR-116/SP";"Crescente";"Engavetamento";0;0;1;2;0;0;0;0;0;0;0;1;0;0;0
"17/03/2025";"08:29:00";"255";"Com vítima";"219,000";"BR-116/RJ";"Crescente";"Choque";1;0;0;0;0;0;0;0;0;0;0;4;0;0;0
"17/03/2025";"09:02:00";"288";"Sem vítima";"226,400";"BR-116/RJ";"Decrescente";"Choque";1;0;0;0;0;0;0;0;0;0;2;0;0;0;0
"17/03/2025";"09:06:00";"292";"Com vítima";"285,000";"BR-116/RJ";"Crescente";"Engavetamento";6;0;2;0;0;0;0;0;0;0;11;2;0;0;0
"17/03/2025";"09:28:00";"307";"Com vítima";"518,300";"BR-101/RJ";"Crescente";"Choque";1;0;0;0;0;0;0;0;0;0;0;1;0;0;0
"17/03/2025";"09:51:00";"324";"Sem vítima";"442,000";"BR-101/RJ";"Decrescente";"Colisão frontal";2;0;0;0;0;0;0;0;0;0;3;0;0;0;0
"17/03/2025";"11:15:00";"377";"Com vítima";"74,000";"BR-116/SP";"Decrescente";"Colisão lateral em sentido contrário";1;0;0;0;0;0;0;1;0;0;1;1;0;0;0
"17/03/2025";"11:49:00";"392";"Com vítima";"386,000";"BR-101/RJ";"Crescente";"Colisão traseira";0;0;2;0;0;0;0;0;0;0;4;0;1;0;0
"17/03/2025";"16:53:00";"539";"Com vítima";"224,500";"BR-116/SP";"Decrescente";"Colisão traseira";1;0;0;1;0;0;0;0;0;0;1;1;0;0;0
"17/03/2025";"17:46:00";"561";"Com vítima";"134,500";"BR-116/SP";"Crescente";"Colisão traseira";1;0;1;0;0;0;0;0;0;0;1;1;1;0;0
"17/03/2025";"19:34:00";"613";"Com vítima";"230,950";"BR-116/RJ";"Decrescente";"Colisão traseira";0;0;2;0;0;0;0;0;0;0;1;1;0;0;0
"18/03/2025";"00:00:00";"52";"Sem vítima";"16,800";"BR-116/SP";"Crescente";"Choque";0;0;1;0;0;0;0;0;0;0;1;0;0;0;0
"18/03/2025";"00:00:00";"202";"Com vítima";"206,000";"BR-116/SP";"Decrescente";"Acidentes de outra natureza";0;0;0;1;0;0;0;0;0;0;0;1;0;0;0
"18/03/2025";"02:34:00";"54";"Sem vítima";"155,000";"BR-116/SP";"Crescente";"Choque";0;0;1;0;0;0;0;0;0;0;2;0;0;0;0
"18/03/2025";"04:28:00";"71";"Sem vítima";"152,500";"BR-116/SP";"Decrescente";"Colisão traseira";1;0;1;0;0;0;0;0;0;0;4;0;0;0;0
"18/03/2025";"04:45:00";"75";"Sem vítima";"127,600";"BR-116/SP";"Crescente";"Atropelamento de pedestre";1;0;0;0;0;0;0;0;0;0;1;0;0;0;0
"18/03/2025";"05:45:00";"102";"Sem vítima";"126,600";"BR-116/SP";"Crescente";"Colisão traseira";1;0;1;0;0;0;0;0;0;0;4;0;0;0;0
"18/03/2025";"07:21:00";"186";"Sem vítima";"151,000";"BR-116/SP";"Decrescente";"Acidentes de outra natureza";1;0;0;0;0;0;0;0;0;0;2;0;0;0;0
"18/03/2025";"07:52:00";"218";"Com vítima";"148,000";"BR-116/SP";"Crescente";"Acidentes de outra natureza";0;0;0;1;0;0;0;0;0;0;0;2;0;0;0
"18/03/2025";"09:03:00";"291";"Com vítima";"25,000";"BR-101/SP";"Decrescente";"Colisão frontal";1;0;0;1;0;0;0;0;0;0;1;0;0;0;1
"18/03/2025";"10:14:00";"343";"Com vítima";"405,000";"BR-101/RJ";"Decrescente";"Engavetamento";2;0;1;0;0;0;0;0;0;0;2;0;0;1;0
"18/03/2025";"11:45:00";"402";"Sem vítima";"221,000";"BR-116/SP";"Crescente";"Colisão traseira";1;0;0;0;0;0;0;0;0;0;2;0;0;0;0
"18/03/2025";"12:42:00";"425";"Sem vítima";"32,200";"BR-101/SP";"Crescente";"Colisão traseira";1;0;0;0;0;0;0;0;0;0;2;0;0;0;0
"18/03/2025";"13:07:00";"444";"Com vítima";"220,000";"BR-116/SP";"Decrescente";"Engavetamento";0;0;0;0;0;0;0;0;0;1;0;1;0;0;0
"18/03/2025";"13:50:00";"472";"Com vítima";"101,000";"BR-116/SP";"Decrescente";"Acidentes de outra natureza";0;0;0;2;0;0;0;0;0;0;0;0;3;0;0
"18/03/2025";"14:07:00";"478";"Com vítima";"212,000";"BR-116/SP";"Crescente";"Acidentes de outra natureza";0;0;0;1;0;0;0;0;0;0;0;1;0;0;0
"18/03/2025";"14:29:00";"492";"Com vítima";"146,000";"BR-116/SP";"Decrescente";"Colisão traseira";0;0;1;0;0;0;0;0;0;0;0;1;0;0;0
"18/03/2025";"15:59:00";"535";"Com vítima";"227,000";"BR-116/SP";"Decrescente";"Colisão traseira";1;0;0;1;0;0;0;0;0;0;0;1;0;0;0
"18/03/2025";"17:08:00";"465";"Sem vítima";"191,000";"BR-116/SP";"Decrescente";"Colisão traseira";1;0;0;0;0;0;0;0;0;0;1;0;0;0;0
"18/03/2025";"17:17:00";"579";"Sem vítima";"227,000";"BR-116/SP";"Decrescente";"Engavetamento";2;0;1;0;0;0;0;0;0;0;1;0;0;0;0
"18/03/2025";"18:52:00";"622";"Sem vítima";"84,000";"BR-116/SP";"Crescente";"Colisão traseira";0;0;1;0;0;0;0;0;0;0;1;0;0;0;0
"18/03/2025";"19:12:00";"635";"Com vítima";"53,000";"BR-116/SP";"Decrescente";"Colisão frontal";1;0;0;1;0;0;0;0;0;0;1;0;1;0;0
"18/03/2025";"19:24:00";"641";"Sem vítima";"86,950";"BR-116/SP";"Crescente";"Choque";0;0;1;0;0;0;0;0;0;0;1;0;0;0;0
"18/03/2025";"20:27:00";"677";"Com vítima";"285,000";"BR-116/RJ";"Decrescente";"Colisão lateral em sentido contrário";1;0;1;0;0;0;0;0;0;0;1;1;0;0;0
"18/03/2025";"22:20:00";"716";"Sem vítima";"34,000";"BR-116/SP";"Decrescente";"Choque";0;0;0;0;0;0;0;0;0;0;0;0;0;0;0
"18/03/2025";"23:19:00";"732";"Com vítima";"53,000";"BR-116/SP";"Decrescente";"Atropelamento de pedestre";0;1;0;1;0;0;0;0;0;0;0;2;0;0;0
"19/03/2025";"01:20:00";"47";"Sem vítima";"254,000";"BR-116/RJ";"Decrescente";"Colisão traseira";0;0;1;0;0;0;0;0;0;0;1;0;0;0;0
"19/03/2025";"04:46:00";"88";"Com vítima";"199,300";"BR-116/SP";"Crescente";"Colisão traseira";0;0;1;0;0;0;0;0;0;1;13;4;0;0;0
"19/03/2025";"05:22:00";"104";"Sem vítima";"223,000";"BR-116/SP";"Crescente";"Choque";1;0;0;0;0;0;0;0;0;0;1;0;0;0;0
"19/03/2025";"06:26:00";"142";"Sem vítima";"225,500";"BR-116/SP";"Decrescente";"Choque";1;0;0;0;0;0;0;0;0;0;2;0;0;0;0
"19/03/2025";"07:22:00";"208";"Sem vítima";"86,950";"BR-116/SP";"Crescente";"Colisão traseira";0;0;1;0;0;0;0;0;0;0;2;0;0;0;0
"19/03/2025";"08:22:00";"272";"Com vítima";"472,000";"BR-101/RJ";"Crescente";"Colisão traseira";1;0;0;1;0;0;0;0;0;0;1;0;1;0;0
"19/03/2025";"10:37:00";"371";"Com vítima";"311,000";"BR-116/RJ";"Crescente";"Acidentes de outra natureza";0;0;0;1;0;0;0;0;0;0;0;1;0;0;0
"19/03/2025";"11:49:00";"409";"Com vítima";"408,000";"BR-101/RJ";"Crescente";"Choque";1;0;0;0;0;0;0;0;0;0;0;2;0;0;0
"19/03/2025";"12:31:00";"422";"Sem vítima";"416,000";"BR-101/RJ";"Crescente";"Colisão lateral em sentido contrário";1;0;1;0;0;0;0;0;0;0;2;0;0;0;0
"19/03/2025";"12:33:00";"423";"Com vítima";"558,000";"BR-101/RJ";"Crescente";"Atropelamento de pedestre";1;0;0;0;0;0;0;0;0;0;1;0;0;0;1
"19/03/2025";"12:46:00";"431";"Com vítima";"223,000";"BR-116/SP";"Decrescente";"Colisão lateral em sentido contrário";2;0;0;0;0;0;0;0;0;0;1;1;0;0;0
"19/03/2025";"13:21:00";"453";"Com vítima";"60,500";"BR-116/SP";"Decrescente";"Acidentes de outra natureza";0;0;0;1;0;0;0;0;0;0;0;2;0;0;0
"19/03/2025";"13:46:00";"464";"Com vítima";"170,000";"BR-116/SP";"Decrescente";"Acidentes de outra natureza";0;0;0;1;0;0;0;0;0;0;0;0;0;2;0
"19/03/2025";"16:50:00";"538";"Com vítima";"104,000";"BR-116/SP";"Decrescente";"Engavetamento";1;0;0;1;0;0;0;0;0;0;1;1;0;0;0
"19/03/2025";"20:25:00";"625";"Sem vítima";"498,800";"BR-101/RJ";"Crescente";"Choque";1;0;0;0;0;0;0;0;0;0;1;0;0;0;0
"19/03/2025";"21:29:00";"656";"Com vítima";"281,900";"BR-116/RJ";"Decrescente";"Choque";1;0;0;0;0;0;0;0;0;0;0;1;0;0;0
"19/03/2025";"21:58:00";"666";"Com vítima";"222,300";"BR-116/SP";"Decrescente";"Acidentes de outra natureza";0;0;0;1;0;0;0;0;0;0;0;2;0;0;0
"19/03/2025";"22:19:00";"670";"Com vítima";"226,600";"BR-116/SP";"Crescente";"Colisão traseira";2;0;0;0;0;0;0;0;0;0;1;1;0;1;0
"20/03/2025";"00:48:00";"47";"Sem vítima";"284,000";"BR-116/RJ";"Crescente";"Choque";0;0;1;0;0;0;0;0;0;0;1;0;0;0;0
"20/03/2025";"03:42:00";"75";"Sem vítima";"3,700";"BR-101/SP";"Decrescente";"Choque";0;0;0;0;0;0;0;0;0;1;2;0;0;0;0
"20/03/2025";"03:48:00";"77";"Com vítima";"462,000";"BR-101/RJ";"Crescente";"Capotamento";1;0;0;0;0;0;0;0;0;0;0;0;1;0;0
"20/03/2025";"04:33:00";"86";"Sem vítima";"102,900";"BR-116/SP";"Decrescente";"Colisão traseira";1;0;1;0;0;0;0;0;0;0;2;0;0;0;0
"20/03/2025";"05:20:00";"104";"Sem vítima";"226,600";"BR-116/SP";"Decrescente";"Colisão lateral em sentido contrário";1;0;0;0;0;0;0;1;0;0;2;0;0;0;0
"20/03/2025";"06:11:00";"135";"Com vítima";"470,000";"BR-101/RJ";"Crescente";"Choque";1;0;0;0;0;0;0;0;0;0;0;1;0;0;0
"20/03/2025";"07:53:00";"261";"Com vítima";"147,800";"BR-116/SP";"Decrescente";"Colisão traseira";1;0;0;1;0;0;0;0;0;0;1;0;1;0;0
"20/03/2025";"08:00:00";"265";"Com vítima";"228,000";"BR-116/SP";"Crescente";"Acidentes de outra natureza";0;0;0;1;0;0;0;0;0;0;0;1;0;0;0
"20/03/2025";"09:00:00";"340";"Sem vítima";"232,400";"BR-116/RJ";"Crescente";"Choque";0;0;0;0;0;0;0;1;0;0;2;0;0;0;0
"20/03/2025";"09:56:00";"395";"Com vítima";"521,000";"BR-101/RJ";"Decrescente";"Acidentes de outra natureza";0;0;0;1;0;0;0;0;0;0;0;0;2;0;0
"20/03/2025";"10:04:00";"398";"Sem vítima";"227,800";"BR-116/SP";"Decrescente";"Engavetamento";3;0;0;0;0;0;0;0;0;0;3;0;0;0;0
"20/03/2025";"12:49:00";"483";"Com vítima";"580,500";"BR-101/RJ";"Crescente";"Choque";0;0;1;0;0;0;0;0;0;0;0;2;0;0;0
"20/03/2025";"14:31:00";"544";"Com vítima";"551,000";"BR-101/RJ";"Decrescente";"Choque";1;0;0;0;0;0;0;0;0;0;0;1;0;0;0
"20/03/2025";"15:39:00";"582";"Com vítima";"186,000";"BR-116/SP";"Decrescente";"Colisão traseira";1;0;0;1;0;0;0;0;0;0;1;1;0;0;0
"20/03/2025";"16:01:00";"597";"Com vítima";"207,000";"BR-116/SP";"Decrescente";"Colisão lateral em sentido contrário";3;0;0;0;0;0;0;0;0;0;3;1;0;0;0
"20/03/2025";"17:21:00";"637";"Sem vítima";"224,000";"BR-116/SP";"Crescente";"Colisão traseira";1;0;0;0;0;0;0;0;0;0;2;0;0;0;0
"20/03/2025";"17:21:00";"638";"Sem vítima";"487,000";"BR-101/RJ";"Decrescente";"Engavetamento";1;0;1;0;0;0;0;0;0;0;2;0;0;0;0
"20/03/2025";"18:15:00";"656";"Com vítima";"582,200";"BR-101/RJ";"Crescente";"Acidentes de outra natureza";0;0;0;1;0;0;0;0;0;0;0;1;1;0;0
"20/03/2025";"18:49:00";"685";"Sem vítima";"217,800";"BR-116/SP";"Crescente";"Colisão lateral em sentido contrário";1;0;0;0;0;0;0;1;0;0;2;0;0;0;0
"20/03/2025";"19:14:00";"698";"Com vítima";"111,400";"BR-116/SP";"Crescente";"Acidentes de outra natureza";0;0;0;1;0;0;0;0;0;0;0;1;1;0;0
"20/03/2025";"22:24:00";"791";"Sem vítima";"225,000";"BR-116/SP";"Crescente";"Choque";1;0;0;0;0;0;0;0;0;0;1;0;0;0;0
"20/03/2025";"22:28:00";"793";"Sem vítima";"475,800";"BR-101/RJ";"Crescente";"Choque";1;0;0;0;0;0;0;0;0;0;4;0;0;0;0
"20/03/2025";"22:34:00";"796";"Sem vítima";"23,600";"BR-116/SP";"Decrescente";"Colisão traseira";0;0;2;0;0;0;0;0;0;0;2;0;0;0;0
"20/03/2025";"22:57:00";"801";"Com vítima";"242,800";"BR-116/RJ";"Crescente";"Choque";1;0;1;0;0;0;0;0;0;0;1;1;0;0;0
"21/03/2025";"00:00:00";"456";"Com vítima";"322,900";"BR-116/RJ";"Crescente";"Acidentes de outra natureza";0;0;0;2;0;0;0;0;0;0;0;0;4;0;0
"21/03/2025";"00:27:00";"39";"Sem vítima";"30,050";"BR-116/SP";"Decrescente";"Colisão traseira";1;0;1;0;0;0;0;0;0;0;2;0;0;0;0
"21/03/2025";"04:06:00";"71";"Sem vítima";"168,450";"BR-116/SP";"Crescente";"Choque";1;0;0;0;0;0;0;0;0;0;1;0;0;0;0
"21/03/2025";"04:13:00";"74";"Sem vítima";"298,500";"BR-116/RJ";"Decrescente";"Choque";1;0;0;0;0;0;0;0;0;0;1;0;0;0;0
"21/03/2025";"05:29:00";"95";"Com vítima";"153,400";"BR-116/SP";"Decrescente";"Choque";1;0;0;0;0;0;0;0;0;0;0;0;2;0;0
"21/03/2025";"07:37:00";"223";"Sem vítima";"139,000";"BR-116/SP";"Crescente";"Colisão traseira";1;0;1;0;0;0;0;0;0;0;4;0;0;0;0
"21/03/2025";"10:59:00";"420";"Com vítima";"111,000";"BR-116/SP";"Crescente";"Colisão traseira";1;0;1;0;0;0;0;0;0;0;2;1;0;0;0
"21/03/2025";"11:16:00";"434";"Com vítima";"411,000";"BR-101/RJ";"Decrescente";"Atropelamento de pedestre";0;0;0;0;0;0;0;0;0;0;0;1;0;0;0
"21/03/2025";"11:31:00";"443";"Com vítima";"143,000";"BR-116/SP";"Crescente";"Atropelamento de pedestre";0;0;1;0;0;0;0;0;0;0;1;0;0;1;0
"21/03/2025";"12:30:00";"481";"Sem vítima";"27,200";"BR-116/SP";"Decrescente";"Engavetamento";3;0;0;0;0;0;0;0;0;0;6;0;0;0;0
"21/03/2025";"14:24:00";"529";"Sem vítima";"280,000";"BR-116/RJ";"Crescente";"Colisão traseira";1;0;1;0;0;0;0;0;0;0;4;0;0;0;0
"21/03/2025";"16:00:00";"579";"Com vítima";"472,000";"BR-101/RJ";"Decrescente";"Colisão lateral em sentido contrário";0;0;0;1;1;0;0;0;0;0;1;1;0;0;0
"21/03/2025";"21:19:00";"696";"Com vítima";"227,900";"BR-116/SP";"Decrescente";"Colisão lateral em sentido contrário";0;0;0;2;0;0;0;0;0;1;2;1;0;0;0
"21/03/2025";"22:20:00";"713";"Com vítima";"145,500";"BR-116/SP";"Decrescente";"Acidentes de outra natureza";0;0;0;1;0;0;0;0;0;0;1;0;1;0;0
"22/03/2025";"00:49:00";"47";"Com vítima";"215,000";"BR-116/RJ";"Decrescente";"Colisão traseira";1;0;1;0;0;0;0;0;0;0;1;1;1;0;0
"22/03/2025";"03:34:00";"68";"Com vítima";"576,000";"BR-101/RJ";"Decrescente";"Acidentes de outra natureza";1;0;0;0;0;0;0;0;0;0;0;1;0;0;0
"22/03/2025";"04:43:00";"81";"Com vítima";"495,000";"BR-101/RJ";"Crescente";"Colisão frontal";2;0;0;0;0;0;0;0;0;0;0;0;1;0;1
"22/03/2025";"06:17:00";"117";"Sem vítima";"300,000";"BR-116/RJ";"Crescente";"Atropelamento de pedestre";0;0;1;0;0;0;0;0;0;0;1;0;0;0;0
"22/03/2025";"10:10:00";"256";"Com vítima";"44,000";"BR-101/SP";"Decrescente";"Colisão lateral em sentido contrário";1;0;0;1;0;0;0;0;0;0;0;2;0;0;0
"22/03/2025";"13:58:00";"351";"Com vítima";"256,800";"BR-116/RJ";"Crescente";"Choque";1;0;0;0;0;0;0;0;0;0;2;1;0;0;0
"22/03/2025";"15:23:00";"395";"Com vítima";"118,900";"BR-116/SP";"Decrescente";"Acidentes de outra natureza";0;0;0;1;0;0;0;0;0;0;1;1;0;0;0
"22/03/2025";"19:21:00";"494";"Com vítima";"166,800";"BR-116/SP";"Crescente";"Atropelamento de pedestre";1;0;0;0;0;0;0;0;0;0;8;1;0;0;0
"22/03/2025";"20:02:00";"506";"Com vítima";"224,350";"BR-116/SP";"Decrescente";"Acidentes de outra natureza";0;0;0;1;0;0;0;0;0;0;0;1;0;0;0
"22/03/2025";"21:40:00";"533";"Sem vítima";"218,100";"BR-116/SP";"Decrescente";"Engavetamento";3;0;0;0;0;0;0;0;0;0;3;0;0;0;0
"22/03/2025";"22:56:00";"555";"Com vítima";"227,600";"BR-116/SP";"Decrescente";"Acidentes de outra natureza";0;0;0;1;0;0;0;0;0;0;0;2;0;0;0
"23/03/2025";"00:00:00";"111";"Sem vítima";"216,000";"BR-116/SP";"Crescente";"Choque";1;0;0;0;0;0;0;0;0;0;2;0;0;0;0
"23/03/2025";"00:19:00";"39";"Com vítima";"219,500";"BR-116/SP";"Decrescente";"Acidentes de outra natureza";0;0;0;1;0;0;0;0;0;0;0;1;0;0;0
"23/03/2025";"01:36:00";"51";"Com vítima";"54,900";"BR-116/SP";"Crescente";"Colisão traseira";0;0;1;1;0;0;0;0;0;0;2;4;0;0;0
"23/03/2025";"02:19:00";"57";"Com vítima";"228,700";"BR-116/SP";"Decrescente";"Colisão lateral em sentido contrário";1;0;1;0;0;0;0;0;0;0;2;2;0;0;0
"23/03/2025";"02:46:00";"62";"Com vítima";"213,000";"BR-116/SP";"Decrescente";"Acidentes de outra natureza";0;0;0;1;0;0;0;0;0;0;0;2;0;0;0
"23/03/2025";"03:07:00";"64";"Sem vítima";"118,400";"BR-116/SP";"Crescente";"Choque";1;0;0;0;0;0;0;0;0;0;1;0;0;0;0
"23/03/2025";"03:48:00";"68";"Com vítima";"170,500";"BR-116/SP";"Crescente";"Colisão traseira";1;0;1;0;0;0;0;0;0;0;2;1;0;0;0
"23/03/2025";"05:37:00";"87";"Sem vítima";"245,000";"BR-116/RJ";"Crescente";"Choque";1;0;0;0;0;0;0;0;0;0;1;0;0;0;0
"23/03/2025";"06:45:00";"118";"Sem vítima";"50,000";"BR-101/SP";"Decrescente";"Colisão transversal";2;0;0;0;0;0;0;0;0;0;4;0;0;0;0
"23/03/2025";"07:25:00";"147";"Sem vítima";"512,000";"BR-101/RJ";"Decrescente";"Choque";1;0;0;0;0;0;0;0;0;0;1;0;0;0;0
"23/03/2025";"10:13:00";"207";"Com vítima";"45,000";"BR-101/SP";"Crescente";"Colisão lateral em sentido contrário";1;0;0;1;0;0;0;0;0;0;4;1;0;0;0
"23/03/2025";"11:09:00";"225";"Com vítima";"108,300";"BR-116/SP";"Crescente";"Acidentes de outra natureza";0;0;0;2;0;0;0;0;0;0;0;0;2;0;0
"23/03/2025";"11:58:00";"249";"Com vítima";"42,100";"BR-101/SP";"Decrescente";"Acidentes de outra natureza";0;0;0;1;0;0;0;0;0;0;0;0;1;0;0
"23/03/2025";"15:44:00";"333";"Sem vítima";"294,500";"BR-116/RJ";"Crescente";"Colisão traseira";1;0;1;0;0;0;0;0;0;0;2;0;0;0;0
"23/03/2025";"15:44:00";"334";"Sem vítima";"95,500";"BR-116/SP";"Crescente";"Engavetamento";2;0;0;0;0;0;0;0;0;0;9;0;0;0;0
"23/03/2025";"16:06:00";"340";"Com vítima";"97,300";"BR-116/SP";"Decrescente";"Colisão traseira";2;0;0;0;0;0;0;0;0;0;2;1;0;0;0
"23/03/2025";"16:09:00";"344";"Com vítima";"294,500";"BR-116/RJ";"Crescente";"Colisão traseira";2;0;0;0;0;0;0;0;0;0;1;1;0;0;0
"23/03/2025";"16:51:00";"366";"Com vítima";"495,000";"BR-101/RJ";"Decrescente";"Acidentes de outra natureza";0;0;0;1;0;0;0;0;0;0;0;4;0;0;0
"23/03/2025";"17:24:00";"379";"Sem vítima";"39,000";"BR-101/SP";"Crescente";"Colisão traseira";2;0;0;0;0;0;0;0;0;0;6;0;0;0;0
"23/03/2025";"17:43:00";"385";"Com vítima";"146,700";"BR-116/SP";"Decrescente";"Colisão lateral em sentido contrário";2;0;0;0;0;0;0;0;0;0;2;0;1;0;0
"23/03/2025";"19:10:00";"417";"Sem vítima";"487,000";"BR-101/RJ";"Decrescente";"Colisão traseira";2;0;0;0;0;0;0;0;0;0;3;0;0;0;0
"23/03/2025";"20:17:00";"441";"Com vítima";"326,400";"BR-116/RJ";"Decrescente";"Colisão traseira";1;0;1;0;0;0;0;0;0;0;3;0;2;0;0
"23/03/2025";"21:01:00";"456";"Com vítima";"324,900";"BR-116/RJ";"Crescente";"Colisão traseira";1;0;0;0;1;0;0;0;0;0;2;25;0;0;0
"23/03/2025";"21:07:00";"458";"Com vítima";"159,900";"BR-116/SP";"Crescente";"Engavetamento";1;0;0;2;0;0;0;0;0;0;6;1;0;0;0
"23/03/2025";"21:39:00";"462";"Sem vítima";"231,800";"BR-116/RJ";"Decrescente";"Choque";1;0;0;0;0;0;0;0;0;0;1;0;0;0;0
"23/03/2025";"21:52:00";"464";"Sem vítima";"275,000";"BR-116/RJ";"Crescente";"Choque";2;0;0;0;0;0;0;0;0;0;4;0;0;0;0
"24/03/2025";"00:25:00";"41";"Sem vítima";"494,200";"BR-101/RJ";"Decrescente";"Choque";1;0;0;0;0;0;0;0;0;0;1;0;0;0;0
"24/03/2025";"01:05:00";"47";"Com vítima";"494,200";"BR-101/RJ";"Decrescente";"Colisão traseira";1;0;0;0;0;0;0;0;0;1;4;1;0;0;0
"24/03/2025";"02:28:00";"58";"Com vítima";"419,300";"BR-101/RJ";"Crescente";"Choque";1;0;0;0;0;0;0;0;0;0;0;1;0;0;0
"24/03/2025";"02:43:00";"60";"Com vítima";"504,900";"BR-101/RJ";"Decrescente";"Atropelamento de pedestre";1;0;0;0;0;0;0;0;0;0;1;0;0;0;1
"24/03/2025";"06:30:00";"144";"Sem vítima";"211,000";"BR-116/SP";"Crescente";"Colisão traseira";1;0;0;0;0;0;0;0;0;0;1;0;0;0;0
"24/03/2025";"07:23:00";"192";"Sem vítima";"158,900";"BR-116/SP";"Decrescente";"Colisão traseira";2;0;0;0;0;0;0;0;0;0;12;0;0;0;0
"24/03/2025";"08:10:00";"225";"Sem vítima";"70,000";"BR-116/SP";"Crescente";"Choque";1;0;0;0;0;0;0;0;0;0;6;0;0;0;0
"24/03/2025";"09:02:00";"293";"Sem vítima";"108,000";"BR-116/SP";"Crescente";"Colisão lateral em sentido contrário";1;0;1;0;0;0;0;0;0;0;4;0;0;0;0
"24/03/2025";"09:04:00";"297";"Sem vítima";"144,400";"BR-116/SP";"Crescente";"Colisão traseira";1;0;0;0;0;0;0;0;0;0;2;0;0;0;0
"24/03/2025";"12:34:00";"420";"Com vítima";"383,000";"BR-101/RJ";"Crescente";"Colisão traseira";2;0;0;0;0;0;0;0;0;0;4;4;0;0;0
"24/03/2025";"12:55:00";"431";"Com vítima";"219,000";"BR-116/SP";"Crescente";"Colisão lateral em sentido contrário";1;0;0;1;0;0;0;0;0;0;4;2;0;0;0
"24/03/2025";"17:32:00";"569";"Sem vítima";"125,000";"BR-116/SP";"Crescente";"Colisão traseira";1;0;0;0;0;0;0;0;0;0;2;0;0;0;0
"24/03/2025";"19:51:00";"623";"Sem vítima";"389,000";"BR-101/RJ";"Decrescente";"Colisão transversal";2;0;0;0;0;0;0;0;0;0;0;0;0;0;0
"24/03/2025";"20:12:00";"637";"Sem vítima";"155,500";"BR-116/SP";"Decrescente";"Colisão traseira";1;0;1;0;0;0;0;0;0;0;2;0;0;0;0
"24/03/2025";"20:39:00";"651";"Sem vítima";"150,000";"BR-116/SP";"Decrescente";"Colisão traseira";2;0;0;0;0;0;0;0;0;0;4;0;0;0;0
"24/03/2025";"23:20:00";"698";"Sem vítima";"125,200";"BR-116/SP";"Crescente";"Engavetamento";3;0;0;0;0;0;0;0;0;0;4;0;0;0;0
"25/03/2025";"00:00:00";"253";"Com vítima";"99,900";"BR-116/SP";"Crescente";"Colisão transversal";2;0;0;0;0;0;0;0;0;0;3;1;0;0;0
"25/03/2025";"00:00:00";"749";"Com vítima";"91,600";"BR-116/SP";"Decrescente";"Choque";0;0;0;1;0;0;0;0;0;0;0;1;0;0;0