data;horario;n_da_ocorrencia;tipo_de_ocorrencia;km;trecho;sentido;tipo_de_acidente;automovel;bicicleta;caminhao;moto;onibus;outros;tracao_animal;transporte_de_cargas_especiais;trator_maquinas;utilitarios;ilesos;levemente_feridos;moderadamente_feridos;gravemente_feridos;mortos
"25/03/2025";"00:07:00";"41";"Sem vítima";"319,800";"BR-116/RJ";"Crescente";"Acidentes de outra natureza";1;0;0;0;0;0;0;0;0;0;2;0;0;0;0
"25/03/2025";"00:36:00";"45";"Com vítima";"116,600";"BR-116/SP";"Crescente";"Tombamento";0;0;0;0;0;0;0;1;0;0;0;1;0;0;0
"25/03/2025";"01:34:00";"53";"Sem vítima";"257,800";"BR-116/RJ";"Decrescente";"Atropelamento de pedestre";0;0;2;0;0;0;0;0;0;0;4;0;0;0;0
"25/03/2025";"02:45:00";"65";"Sem vítima";"228,700";"BR-116/RJ";"Decrescente";"Tombamento";0;0;1;0;0;0;0;0;0;0;1;0;0;0;0
"25/03/2025";"07:07:00";"196";"Com vítima";"473,000";"BR-101/RJ";"Decrescente";"Colisão traseira";1;0;0;1;0;0;0;0;0;0;1;0;1;0;0
"25/03/2025";"07:18:00";"207";"Com vítima";"223,400";"BR-116/SP";"Crescente";"Colisão traseira";0;0;0;2;0;0;0;0;0;0;0;1;0;0;0
"25/03/2025";"08:09:00";"255";"Com vítima";"223,000";"BR-116/SP";"Crescente";"Colisão traseira";0;0;0;1;0;0;0;0;0;0;0;1;0;0;0
"25/03/2025";"10:03:00";"377";"Sem vítima";"116,600";"BR-116/SP";"Crescente";"Colisão traseira";0;0;0;0;0;0;0;2;0;0;2;0;0;0;0
"25/03/2025";"10:08:00";"383";"Sem vítima";"247,500";"BR-116/RJ";"Decrescente";"Engavetamento";5;0;1;0;0;0;0;0;0;0;8;0;0;0;0
"25/03/2025";"10:13:00";"390";"Sem vítima";"25,500";"BR-116/SP";"Crescente";"Colisão traseira";1;0;1;0;0;0;0;0;0;0;2;0;0;0;0
"25/03/2025";"17:13:00";"584";"Sem vítima";"291,700";"BR-116/RJ";"Crescente";"Choque";1;0;0;0;0;0;0;0;0;0;1;0;0;0;0
"25/03/2025";"17:21:00";"588";"Sem vítima";"317,900";"BR-116/RJ";"Crescente";"Colisão traseira";1;0;0;0;0;0;0;0;0;0;1;0;0;0;0
"25/03/2025";"17:36:00";"594";"Com vítima";"576,000";"BR-101/RJ";"Decrescente";"Colisão lateral em sentido contrário";1;0;0;1;0;0;0;0;0;0;5;0;1;0;0
"25/03/2025";"17:48:00";"599";"Com vítima";"153,200";"BR-116/SP";"Decrescente";"Acidentes de outra natureza";0;0;0;1;0;0;0;0;0;0;0;2;0;0;0
"25/03/2025";"19:47:00";"658";"Com vítima";"206,000";"BR-116/SP";"Decrescente";"Colisão traseira";1;0;1;0;0;0;0;0;0;0;1;1;0;0;0
"25/03/2025";"21:04:00";"696";"Sem vítima";"98,000";"BR-116/SP";"Decrescente";"Colisão traseira";4;0;0;0;0;0;0;0;0;0;12;0;0;0;0
"25/03/2025";"21:07:00";"698";"Com vítima";"21,500";"BR-116/SP";"Decrescente";"Capotamento";1;0;0;0;0;0;0;0;0;0;2;0;2;0;0
"25/03/2025";"21:38:00";"710";"Sem vítima";"21,500";"BR-116/SP";"Decrescente";"Capotamento";1;0;0;0;0;0;0;0;0;0;1;0;0;0;0
"26/03/2025";"00:00:00";"381";"Com vítima";"250,500";"BR-116/RJ";"Decrescente";"Colisão traseira";0;0;0;0;0;0;0;0;0;1;0;2;0;0;0
"26/03/2025";"07:12:00";"176";"Com vítima";"225,800";"BR-116/SP";"Crescente";"Colisão lateral em sentido contrário";0;0;0;2;0;0;0;0;0;0;0;1;0;0;0
"26/03/2025";"07:37:00";"196";"Sem vítima";"399,000";"BR-101/RJ";"Decrescente";"Engavetamento";2;0;0;0;0;0;0;0;0;0;2;0;0;0;0
"26/03/2025";"08:45:00";"277";"Sem vítima";"224,700";"BR-116/SP";"Crescente";"Colisão traseira";0;0;0;1;0;0;0;0;0;0;1;0;0;0;0
"26/03/2025";"08:47:00";"278";"Com vítima";"211,800";"BR-116/SP";"Crescente";"Choque";0;0;0;1;0;0;0;0;0;0;0;0;1;0;0
"26/03/2025";"09:20:00";"318";"Com vítima";"169,600";"BR-116/SP";"Decrescente";"Tombamento";0;0;1;0;0;0;0;0;0;0;1;1;0;0;0
"26/03/2025";"09:38:00";"336";"Com vítima";"394,900";"BR-101/RJ";"Crescente";"Colisão traseira";2;0;0;0;0;0;0;0;0;0;1;1;0;0;0
"26/03/2025";"10:14:00";"353";"Com vítima";"510,000";"BR-101/RJ";"Crescente";"Engavetamento";1;0;0;1;0;0;0;0;0;1;6;0;2;0;0
"26/03/2025";"12:41:00";"422";"Sem vítima";"333,500";"BR-116/RJ";"Crescente";"Choque";0;0;1;0;0;0;0;0;0;0;0;0;0;0;0
"26/03/2025";"13:20:00";"443";"Sem vítima";"87,650";"BR-116/SP";"Crescente";"Colisão lateral em sentido contrário";0;0;2;0;0;0;0;0;0;0;2;0;0;0;0
"26/03/2025";"15:01:00";"487";"Com vítima";"217,000";"BR-116/SP";"Decrescente";"Acidentes de outra natureza";0;0;0;1;0;0;0;0;0;0;0;1;0;0;0
"26/03/2025";"15:17:00";"495";"Com vítima";"219,000";"BR-116/SP";"Decrescente";"Acidentes de outra natureza";0;0;0;1;0;0;0;0;0;0;0;1;0;0;0
"26/03/2025";"15:35:00";"506";"Sem vítima";"419,400";"BR-101/RJ";"Crescente";"Choque";1;0;0;0;0;0;0;0;0;0;1;0;0;0;0
"26/03/2025";"15:38:00";"507";"Com vítima";"33,000";"BR-101/SP";"Crescente";"Colisão lateral em sentido contrário";1;0;0;1;0;0;0;0;0;0;1;1;0;0;0
"26/03/2025";"16:23:00";"525";"Sem vítima";"216,000";"BR-116/SP";"Crescente";"Colisão traseira";0;0;1;0;0;1;0;0;0;1;2;0;0;0;0
"26/03/2025";"16:48:00";"538";"Sem vítima";"215,800";"BR-116/SP";"Decrescente";"Colisão traseira";2;0;2;0;0;0;0;0;0;0;4;0;0;0;0
"26/03/2025";"18:56:00";"586";"Com vítima";"112,500";"BR-116/SP";"Decrescente";"Colisão lateral em sentido contrário";0;0;1;1;0;0;0;0;0;0;2;2;0;0;0
"26/03/2025";"20:08:00";"612";"Com vítima";"157,000";"BR-116/SP";"Decrescente";"Acidentes de outra natureza";0;0;0;1;0;0;0;0;0;0;0;2;0;0;0
"26/03/2025";"20:11:00";"615";"Sem vítima";"428,000";"BR-101/RJ";"Decrescente";"Choque";1;0;0;0;0;0;0;0;0;0;1;0;0;0;0
"26/03/2025";"23:16:00";"689";"Com vítima";"218,900";"BR-116/SP";"Decrescente";"Acidentes de outra natureza";0;0;0;1;0;0;0;0;0;0;2;0;2;0;0
"27/03/2025";"00:00:00";"602";"Com vítima";"216,800";"BR-116/SP";"Crescente";"Colisão traseira";1;0;0;1;0;0;0;0;0;0;1;1;0;0;0
"27/03/2025";"04:51:00";"77";"Com vítima";"386,000";"BR-101/RJ";"Decrescente";"Atropelamento de pedestre";0;0;0;0;0;0;0;0;0;1;3;4;0;0;0
"27/03/2025";"06:47:00";"156";"Sem vítima";"469,000";"BR-101/RJ";"Decrescente";"Choque";1;0;0;0;0;0;0;0;0;0;1;0;0;0;0
"27/03/2025";"07:00:00";"172";"Com vítima";"113,300";"BR-116/SP";"Decrescente";"Colisão traseira";0;0;0;2;0;0;0;0;0;0;1;1;0;0;0
"27/03/2025";"07:29:00";"216";"Com vítima";"313,000";"BR-116/RJ";"Crescente";"Acidentes de outra natureza";0;0;0;1;0;0;0;0;0;0;0;2;0;0;0
"27/03/2025";"07:48:00";"241";"Sem vítima";"112,600";"BR-116/SP";"Decrescente";"Colisão traseira";2;0;0;0;0;0;0;0;0;0;2;0;0;0;0
"27/03/2025";"10:03:00";"352";"Com vítima";"226,600";"BR-116/SP";"Crescente";"Colisão lateral em sentido contrário";0;0;1;1;0;0;0;0;0;0;2;2;0;0;0
"27/03/2025";"11:51:00";"415";"Sem vítima";"511,000";"BR-101/RJ";"Crescente";"Colisão traseira";2;0;0;0;0;0;0;0;0;0;3;0;0;0;0
"27/03/2025";"15:19:00";"508";"Sem vítima";"146,000";"BR-116/SP";"Crescente";"Choque";1;0;0;0;0;0;0;0;0;0;1;0;0;0;0
"27/03/2025";"18:07:00";"589";"Com vítima";"216,600";"BR-116/SP";"Crescente";"Atropelamento de pedestre";0;0;0;0;0;0;0;0;0;0;0;0;0;1;0
"27/03/2025";"18:26:00";"597";"Sem vítima";"487,300";"BR-101/RJ";"Decrescente";"Colisão traseira";2;0;0;0;0;0;0;0;0;0;3;0;0;0;0
"27/03/2025";"19:36:00";"624";"Com vítima";"484,000";"BR-101/RJ";"Decrescente";"Colisão frontal";1;0;0;1;0;0;0;0;0;0;0;0;1;0;0
"27/03/2025";"20:18:00";"646";"Sem vítima";"47,800";"BR-116/SP";"Crescente";"Colisão lateral em sentido contrário";0;0;1;0;0;0;0;0;0;0;0;0;0;0;0
"28/03/2025";"00:00:00";"329";"Sem vítima";"86,950";"BR-116/SP";"Crescente";"Colisão traseira";2;0;0;0;0;0;0;0;0;0;3;0;0;0;0
"28/03/2025";"03:27:00";"76";"Sem vítima";"272,900";"BR-116/RJ";"Crescente";"Atropelamento de pedestre";1;0;0;0;0;0;0;0;0;1;2;0;0;0;0
"28/03/2025";"03:31:00";"77";"Sem vítima";"497,800";"BR-101/RJ";"Decrescente";"Choque";1;0;0;0;0;0;0;0;0;0;0;0;0;0;0
"28/03/2025";"05:13:00";"99";"Sem vítima";"385,000";"BR-101/RJ";"Crescente";"Capotamento";1;0;0;0;0;0;0;0;0;0;1;0;0;0;0
"28/03/2025";"05:31:00";"103";"Com vítima";"404,000";"BR-101/RJ";"Decrescente";"Acidentes de outra natureza";0;0;0;1;0;0;0;0;0;0;0;0;1;0;0
"28/03/2025";"06:00:00";"128";"Com vítima";"229,000";"BR-116/RJ";"Decrescente";"Colisão traseira";0;0;2;0;0;0;0;0;0;0;1;1;0;0;0
"28/03/2025";"06:46:00";"176";"Sem vítima";"105,800";"BR-116/SP";"Decrescente";"Colisão traseira";2;0;0;0;0;0;0;0;0;0;4;0;0;0;0
"28/03/2025";"07:06:00";"200";"Com vítima";"47,000";"BR-101/SP";"Decrescente";"Acidentes de outra natureza";0;0;0;1;0;0;0;0;0;0;0;1;0;0;0
"28/03/2025";"07:28:00";"225";"Sem vítima";"212,000";"BR-116/SP";"Crescente";"Colisão traseira";1;0;0;0;0;0;0;0;0;0;1;0;0;0;0
"28/03/2025";"07:33:00";"230";"Sem vítima";"68,000";"BR-116/SP";"Decrescente";"Engavetamento";3;0;0;0;0;0;0;0;0;0;6;0;0;0;0
"28/03/2025";"08:10:00";"265";"Com vítima";"218,000";"BR-116/SP";"Crescente";"Colisão lateral em sentido contrário";2;0;0;0;0;0;0;0;0;0;4;1;0;0;0
"28/03/2025";"08:29:00";"287";"Com vítima";"108,100";"BR-116/SP";"Crescente";"Acidentes de outra natureza";0;0;0;1;0;0;0;0;0;0;1;1;0;0;0
"28/03/2025";"11:42:00";"409";"Sem vítima";"136,000";"BR-116/SP";"Decrescente";"Colisão lateral em sentido contrário";1;0;1;0;0;0;0;0;0;0;4;0;0;0;0
"28/03/2025";"12:36:00";"441";"Sem vítima";"224,000";"BR-116/SP";"Crescente";"Colisão lateral em sentido contrário";1;0;0;0;0;0;0;0;0;0;1;0;0;0;0
"28/03/2025";"13:30:00";"443";"Sem vítima";"527,000";"BR-101/RJ";"Decrescente";"Choque";1;0;0;0;0;0;0;0;0;0;2;0;0;0;0
"28/03/2025";"16:44:00";"583";"Com vítima";"144,100";"BR-116/SP";"Decrescente";"Colisão lateral em sentido contrário";1;0;0;1;0;0;0;0;0;0;3;0;1;0;0
"28/03/2025";"16:57:00";"594";"Sem vítima";"139,400";"BR-116/SP";"Decrescente";"Colisão traseira";1;0;0;0;0;0;0;0;0;0;1;0;0;0;0
"28/03/2025";"17:06:00";"601";"Sem vítima";"108,000";"BR-116/SP";"Crescente";"Colisão traseira";1;0;1;0;0;0;0;0;0;0;4;0;0;0;0
"28/03/2025";"17:19:00";"611";"Sem vítima";"253,800";"BR-116/RJ";"Crescente";"Choque";0;0;0;0;0;0;0;1;0;0;1;0;0;0;0
"28/03/2025";"18:18:00";"639";"Sem vítima";"555,300";"BR-101/RJ";"Decrescente";"Colisão lateral em sentido contrário";1;0;0;0;0;0;0;0;0;0;6;0;0;0;0
"28/03/2025";"18:26:00";"644";"Sem vítima";"134,300";"BR-116/SP";"Crescente";"Choque";1;0;0;0;0;0;0;0;0;0;5;0;0;0;0
"28/03/2025";"19:27:00";"681";"Com vítima";"219,350";"BR-116/SP";"Crescente";"Colisão traseira";1;0;0;1;0;0;0;0;0;0;1;0;1;0;0
"28/03/2025";"20:23:00";"725";"Sem vítima";"15,000";"BR-101/SP";"Crescente";"Choque";1;0;0;0;0;0;0;0;0;0;5;0;0;0;0
"28/03/2025";"22:10:00";"780";"Sem vítima";"458,000";"BR-101/RJ";"Crescente";"Choque";1;0;0;0;0;0;0;0;0;0;2;0;0;0;0
"28/03/2025";"22:11:00";"781";"Sem vítima";"53,100";"BR-116/SP";"Decrescente";"Choque";1;0;0;0;0;0;0;0;0;0;2;0;0;0;0
"29/03/2025";"01:45:00";"56";"Com vítima";"469,400";"BR-101/RJ";"Crescente";"Choque";1;0;0;0;0;0;0;0;0;0;3;1;0;0;0
"29/03/2025";"08:32:00";"238";"Sem vítima";"236,000";"BR-116/RJ";"Decrescente";"Choque";0;0;1;0;0;0;0;0;0;0;1;0;0;0;0
"29/03/2025";"08:46:00";"248";"Com vítima";"82,000";"BR-116/SP";"Decrescente";"Acidentes de outra natureza";0;0;0;1;0;0;0;0;0;0;0;2;0;0;0
"29/03/2025";"10:07:00";"293";"Com vítima";"146,700";"BR-116/SP";"Crescente";"Engavetamento";2;0;0;1;0;0;0;0;0;0;9;1;0;0;0
"29/03/2025";"10:29:00";"304";"Com vítima";"428,500";"BR-101/RJ";"Decrescente";"Colisão frontal";2;0;0;0;0;0;0;0;0;0;4;8;0;0;0
"29/03/2025";"16:17:00";"481";"Sem vítima";"247,000";"BR-116/RJ";"Decrescente";"Choque";0;0;1;0;0;0;0;0;0;0;1;0;0;0;0
"29/03/2025";"16:27:00";"484";"Sem vítima";"290,800";"BR-116/RJ";"Crescente";"Acidentes de outra natureza";1;0;0;0;0;0;0;0;0;0;1;0;0;0;0
"29/03/2025";"18:25:00";"534";"Com vítima";"46,700";"BR-101/SP";"Decrescente";"Colisão lateral em sentido contrário";0;0;0;1;0;0;0;0;0;0;1;1;0;0;0
"29/03/2025";"20:05:00";"580";"Com vítima";"45,400";"BR-101/SP";"Decrescente";"Colisão traseira";1;0;0;1;0;0;0;0;0;0;0;4;0;0;0
"29/03/2025";"20:44:00";"595";"Sem vítima";"219,100";"BR-116/SP";"Crescente";"Colisão traseira";1;0;0;1;0;0;0;0;0;0;2;0;0;0;0
"29/03/2025";"21:03:00";"604";"Sem vítima";"148,200";"BR-116/SP";"Decrescente";"Colisão traseira";2;0;0;0;0;0;0;0;0;0;2;0;0;0;0
"29/03/2025";"22:08:00";"615";"Com vítima";"224,700";"BR-116/SP";"Decrescente";"Acidentes de outra natureza";0;0;0;1;0;0;0;0;0;0;0;1;0;0;0
"29/03/2025";"22:29:00";"620";"Com vítima";"208,700";"BR-116/SP";"Decrescente";"Choque";1;0;0;0;0;0;0;0;0;0;0;2;0;0;0
"29/03/2025";"22:49:00";"623";"Com vítima";"485,000";"BR-101/RJ";"Crescente";"Acidentes de outra natureza";0;0;0;1;0;0;0;0;0;0;0;0;1;0;0
"30/03/2025";"02:22:00";"63";"Com vítima";"172,200";"BR-116/SP";"Decrescente";"Colisão traseira";1;0;1;0;0;0;0;0;0;0;1;1;0;0;0
"30/03/2025";"02:25:00";"66";"Com vítima";"584,000";"BR-101/RJ";"Crescente";"Choque";0;0;0;1;0;0;0;0;0;0;0;2;0;0;0
"30/03/2025";"02:52:00";"72";"Com vítima";"148,900";"BR-116/SP";"Decrescente";"Atropelamento de pedestre";1;0;0;0;0;0;0;0;0;0;3;0;0;0;1
"30/03/2025";"03:02:00";"74";"Com vítima";"64,600";"BR-116/SP";"Crescente";"Acidentes de outra natureza";0;0;0;1;0;0;0;0;0;0;0;0;2;0;0
"30/03/2025";"04:42:00";"86";"Sem vítima";"149,000";"BR-116/SP";"Crescente";"Colisão traseira";0;0;1;0;0;1;0;0;0;1;2;0;0;0;0
"30/03/2025";"05:00:00";"91";"Sem vítima";"284,000";"BR-116/RJ";"Crescente";"Choque";1;0;0;0;0;0;0;0;0;0;1;0;0;0;0
"30/03/2025";"11:59:00";"256";"Com vítima";"120,000";"BR-116/SP";"Decrescente";"Choque";1;0;0;0;0;0;0;0;0;0;0;2;0;0;0
"30/03/2025";"12:13:00";"264";"Com vítima";"150,400";"BR-116/SP";"Crescente";"Engavetamento";3;0;0;0;0;0;0;0;0;0;2;12;0;0;0
"30/03/2025";"15:00:00";"346";"Sem vítima";"219,000";"BR-116/SP";"Decrescente";"Colisão traseira";1;0;0;0;0;0;0;0;0;0;1;0;0;0;0
"30/03/2025";"16:44:00";"371";"Sem vítima";"35,000";"BR-116/SP";"Crescente";"Colisão lateral em sentido contrário";1;0;0;0;0;0;0;1;0;0;2;0;0;0;0
"30/03/2025";"16:58:00";"368";"Com vítima";"545,000";"BR-101/RJ";"Crescente";"Colisão frontal";2;0;0;0;0;0;0;0;0;0;2;2;0;0;0
"30/03/2025";"17:27:00";"385";"Sem vítima";"153,500";"BR-116/SP";"Crescente";"Colisão traseira";1;0;0;0;0;0;0;0;0;0;1;0;0;0;0
"30/03/2025";"18:32:00";"417";"Com vítima";"288,000";"BR-116/RJ";"Crescente";"Acidentes de outra natureza";0;0;0;1;0;0;0;0;0;0;0;0;2;0;0
"30/03/2025";"19:09:00";"438";"Sem vítima";"126,200";"BR-116/SP";"Crescente";"Colisão traseira";1;0;0;0;0;0;0;0;0;0;1;0;0;0;0
"30/03/2025";"19:20:00";"441";"Sem vítima";"219,300";"BR-116/SP";"Crescente";"Colisão lateral em sentido contrário";1;0;0;1;0;0;0;0;0;0;2;0;0;0;0
"30/03/2025";"19:24:00";"443";"Com vítima";"126,500";"BR-116/SP";"Crescente";"Acidentes de outra natureza";1;0;0;1;0;0;0;0;0;0;8;4;0;0;0
"30/03/2025";"19:24:00";"444";"Com vítima";"416,000";"BR-101/RJ";"Crescente";"Engavetamento";2;0;0;0;0;0;0;0;0;0;6;2;1;0;0
"30/03/2025";"20:52:00";"470";"Com vítima";"152,900";"BR-116/SP";"Crescente";"Engavetamento";2;0;1;0;1;0;0;0;0;0;51;1;0;0;0
"30/03/2025";"22:53:00";"511";"Com vítima";"162,000";"BR-116/SP";"Crescente";"Choque";1;0;0;0;0;0;0;0;0;0;1;1;0;0;0
"30/03/2025";"23:49:00";"526";"Com vítima";"393,000";"BR-101/RJ";"Decrescente";"Capotamento";1;0;0;0;0;0;0;0;0;0;0;2;0;0;0
"31/03/2025";"03:33:00";"62";"Sem vítima";"17,000";"BR-116/SP";"Crescente";"Choque";0;0;2;0;0;0;0;1;0;0;4;0;0;0;0
"31/03/2025";"03:58:00";"64";"Sem vítima";"306,000";"BR-116/RJ";"Crescente";"Colisão traseira";2;0;0;0;0;0;0;0;0;0;2;0;0;0;0
"31/03/2025";"06:34:00";"138";"Com vítima";"225,500";"BR-116/SP";"Crescente";"Colisão traseira";0;0;0;2;0;0;0;0;0;0;1;1;0;1;0
"31/03/2025";"08:12:00";"250";"Com vítima";"383,000";"BR-101/RJ";"Crescente";"Colisão lateral em sentido contrário";1;0;0;0;0;0;0;0;0;0;0;2;0;0;0
"31/03/2025";"14:16:00";"517";"Com vítima";"478,000";"BR-101/RJ";"Decrescente";"Acidentes de outra natureza";0;0;0;1;0;0;0;0;0;0;0;1;0;0;0
"31/03/2025";"16:12:00";"588";"Com vítima";"232,000";"BR-116/RJ";"Decrescente";"Acidentes de outra natureza";0;0;0;1;0;0;0;0;0;0;0;1;0;0;0
"31/03/2025";"17:14:00";"611";"Com vítima";"75,600";"BR-116/SP";"Crescente";"Colisão traseira";0;0;2;0;0;0;0;0;0;0;1;1;0;0;0
"31/03/2025";"17:25:00";"616";"Com vítima";"575,000";"BR-101/RJ";"Crescente";"Colisão lateral em sentido contrário";0;1;0;1;0;0;0;0;0;0;0;1;1;0;0
"31/03/2025";"18:27:00";"639";"Sem vítima";"392,000";"BR-101/RJ";"Decrescente";"Colisão traseira";1;0;0;0;0;0;0;0;0;0;2;0;0;0;0
"31/03/2025";"18:52:00";"651";"Com vítima";"311,000";"BR-116/RJ";"Decrescente";"Choque";0;0;0;0;0;0;0;1;0;0;0;1;0;0;0
"31/03/2025";"18:58:00";"652";"Sem vítima";"311,000";"BR-116/RJ";"Crescente";"Choque";0;0;0;0;0;0;0;3;0;0;3;0;0;0;0
"31/03/2025";"20:38:00";"700";"Com vítima";"225,500";"BR-116/SP";"Decrescente";"Colisão lateral em sentido contrário";1;0;0;1;0;0;0;0;0;0;0;2;0;0;0
"31/03/2025";"21:06:00";"710";"Sem vítima";"204,300";"BR-116/SP";"Crescente";"Choque";1;0;0;0;0;0;0;0;0;0;1;0;0;0;0
"01/04/2025";"01:42:00";"64";"Com vítima";"44,000";"BR-116/SP";"Crescente";"Colisão traseira";0;0;1;0;0;0;0;0;0;0;0;1;0;0;0
"01/04/2025";"04:53:00";"102";"Com vítima";"116,500";"BR-116/SP";"Decrescente";"Colisão lateral em sentido contrário";0;0;1;0;0;0;0;0;0;1;2;0;2;0;0
"01/04/2025";"08:02:00";"240";"Com vítima";"384,000";"BR-101/RJ";"Decrescente";"Atropelamento de pedestre";0;0;0;1;0;0;0;0;0;0;0;2;0;0;0
"01/04/2025";"08:47:00";"294";"Com vítima";"228,000";"BR-116/SP";"Decrescente";"Colisão traseira";0;0;0;0;1;0;0;0;0;1;2;3;0;0;0
"01/04/2025";"09:12:00";"320";"Sem vítima";"158,000";"BR-116/SP";"Decrescente";"Choque";1;0;0;0;0;0;0;0;0;0;1;0;0;0;0
"01/04/2025";"09:46:00";"352";"Com vítima";"213,000";"BR-116/SP";"Crescente";"Choque";0;0;1;1;0;0;0;0;0;0;1;0;1;0;0
"01/04/2025";"11:47:00";"426";"Com vítima";"108,300";"BR-116/SP";"Crescente";"Acidentes de outra natureza";0;0;0;1;0;0;0;0;0;0;2;2;0;0;0
"01/04/2025";"12:07:00";"436";"Sem vítima";"143,000";"BR-116/SP";"Decrescente";"Colisão lateral em sentido contrário";1;0;0;0;0;0;0;0;0;1;2;0;0;0;0
"01/04/2025";"13:26:00";"469";"Sem vítima";"570,000";"BR-101/RJ";"Decrescente";"Acidentes de outra natureza";0;0;0;1;0;0;0;0;0;0;2;0;0;0;0
"01/04/2025";"15:10:00";"523";"Com vítima";"201,000";"BR-116/SP";"Decrescente";"Capotamento";1;0;0;0;0;0;0;0;0;0;0;0;1;0;0
"01/04/2025";"15:14:00";"526";"Com vítima";"501,000";"BR-101/RJ";"Decrescente";"Acidentes de outra natureza";0;0;0;1;0;0;0;0;0;0;0;0;1;0;0
"01/04/2025";"15:44:00";"546";"Com vítima";"76,000";"BR-116/SP";"Crescente";"Engavetamento";1;0;2;0;0;0;0;0;0;0;2;4;0;0;0
"01/04/2025";"16:47:00";"574";"Com vítima";"215,500";"BR-116/SP";"Crescente";"Colisão lateral em sentido contrário";2;0;0;0;0;0;0;0;0;0;1;1;0;0;0
"01/04/2025";"16:49:00";"577";"Sem vítima";"265,900";"BR-116/RJ";"Decrescente";"Choque";1;0;0;0;0;0;0;0;0;0;1;0;0;0;0
"01/04/2025";"17:05:00";"584";"Sem vítima";"269,500";"BR-116/RJ";"Crescente";"Choque";1;0;0;0;0;0;0;0;0;0;1;0;0;0;0
"01/04/2025";"18:15:00";"606";"Sem vítima";"149,600";"BR-116/SP";"Decrescente";"Colisão traseira";1;0;0;0;0;0;0;0;0;1;34;0;0;0;0
"01/04/2025";"19:04:00";"634";"Sem vítima";"334,600";"BR-116/RJ";"Crescente";"Colisão traseira";1;0;0;0;0;0;0;0;0;0;2;0;0;0;0
"02/04/2025";"00:13:00";"41";"Sem vítima";"30,000";"BR-116/SP";"Crescente";"Colisão traseira";0;0;2;0;0;0;0;0;0;0;2;0;0;0;0
"02/04/2025";"02:59:00";"67";"Com vítima";"197,900";"BR-116/SP";"Crescente";"Capotamento";1;0;0;0;0;0;0;0;0;0;0;2;0;0;0
"02/04/2025";"03:25:00";"69";"Sem vítima";"196,500";"BR-116/SP";"Crescente";"Colisão traseira";1;0;1;0;0;0;0;0;0;0;2;0;0;0;0
"02/04/2025";"07:42:00";"229";"Com vítima";"217,000";"BR-116/SP";"Crescente";"Colisão lateral em sentido contrário";1;0;0;1;0;0;0;0;0;0;2;0;1;0;0
"02/04/2025";"08:12:00";"258";"Sem vítima";"202,000";"BR-116/SP";"Decrescente";"Colisão traseira";2;0;0;0;0;0;0;0;0;0;3;0;0;0;0
"02/04/2025";"08:21:00";"266";"Sem vítima";"108,000";"BR-116/SP";"Crescente";"Colisão traseira";0;0;1;0;0;0;0;0;0;0;2;0;0;0;0
"02/04/2025";"09:21:00";"325";"Com vítima";"476,000";"BR-101/RJ";"Crescente";"Colisão frontal";1;0;0;1;0;0;0;0;0;0;1;1;1;0;0
"02/04/2025";"10:05:00";"361";"Sem vítima";"71,000";"BR-116/SP";"Decrescente";"Colisão traseira";0;0;1;0;0;0;0;0;0;0;2;0;0;0;0
"02/04/2025";"11:15:00";"402";"Sem vítima";"219,000";"BR-116/SP";"Crescente";"Colisão lateral em sentido contrário";1;0;1;0;0;0;0;0;0;0;2;0;0;0;0
"02/04/2025";"12:07:00";"431";"Com vítima";"99,000";"BR-116/SP";"Decrescente";"Acidentes de outra natureza";0;0;0;1;0;0;0;0;0;0;0;0;1;0;0
"02/04/2025";"15:32:00";"539";"Com vítima";"228,400";"BR-116/SP";"Decrescente";"Engavetamento";1;0;0;2;0;0;0;0;0;0;2;1;0;0;0
"02/04/2025";"16:33:00";"564";"Com vítima";"49,500";"BR-101/SP";"Crescente";"Atropelamento de pedestre";0;1;0;1;0;0;0;0;0;0;0;1;0;0;0
"02/04/2025";"16:36:00";"567";"Sem vítima";"299,100";"BR-116/RJ";"Decrescente";"Colisão traseira";1;0;0;0;0;0;0;0;0;0;1;0;0;0;0
"02/04/2025";"17:10:00";"582";"Com vítima";"465,200";"BR-101/RJ";"Decrescente";"Colisão frontal";0;0;1;1;0;0;0;0;0;0;1;0;0;0;1
"02/04/2025";"18:40:00";"628";"Com vítima";"295,200";"BR-116/RJ";"Crescente";"Acidentes de outra natureza";0;0;0;1;0;0;0;0;0;0;1;0;1;0;0
"02/04/2025";"19:07:00";"648";"Sem vítima";"229,700";"BR-116/SP";"Crescente";"Colisão lateral em sentido contrário";1;0;0;0;0;0;0;0;0;0;1;0;0;0;0
"02/04/2025";"22:14:00";"727";"Com vítima";"588,600";"BR-101/RJ";"Decrescente";"Colisão traseira";2;0;0;0;0;0;0;0;0;0;2;2;0;0;0
"02/04/2025";"23:42:00";"747";"Com vítima";"565,000";"BR-101/RJ";"Crescente";"Atropelamento de pedestre";0;0;0;0;0;0;0;0;0;0;0;0;1;0;0