data;horario;n_da_ocorrencia;tipo_de_ocorrencia;km;trecho;sentido;tipo_de_acidente;automovel;bicicleta;caminhao;moto;onibus;outros;tracao_animal;transporte_de_cargas_especiais;trator_maquinas;utilitarios;ilesos;levemente_feridos;moderadamente_feridos;gravemente_feridos;mortos
"02/04/2025";"23:42:00";"747";"Com vítima";"566,100";"BR-101/RJ";"Crescente";"Atropelamento de pedestre";0;0;0;0;0;0;0;0;0;0;0;0;0;0;0
"03/04/2025";"00:00:00";"410";"Sem vítima";"203,000";"BR-116/SP";"Decrescente";"Colisão lateral em sentido contrário";1;0;0;1;0;0;0;0;0;0;2;0;0;0;0
"03/04/2025";"01:18:00";"50";"Sem vítima";"38,400";"BR-101/SP";"Decrescente";"Choque";1;0;0;0;0;0;0;0;0;0;0;0;0;0;0
"03/04/2025";"03:05:00";"61";"Sem vítima";"158,300";"BR-116/SP";"Crescente";"Colisão lateral em sentido contrário";2;0;0;0;0;0;0;0;0;0;3;0;0;0;0
"03/04/2025";"05:33:00";"99";"Sem vítima";"223,000";"BR-116/SP";"Decrescente";"Colisão lateral em sentido contrário";1;0;1;0;0;0;0;0;0;0;2;0;0;0;0
"03/04/2025";"05:47:00";"108";"Com vítima";"56,000";"BR-116/SP";"Decrescente";"Acidentes de outra natureza";0;0;0;1;0;0;0;0;0;0;0;1;0;0;0
"03/04/2025";"06:06:00";"118";"Com vítima";"226,000";"BR-116/SP";"Crescente";"Colisão lateral em sentido contrário";0;0;0;1;0;0;0;0;0;0;0;1;0;0;0
"03/04/2025";"07:42:00";"214";"Sem vítima";"226,000";"BR-116/SP";"Crescente";"Colisão lateral em sentido contrário";0;0;1;1;0;0;0;0;0;0;0;0;0;0;0
"03/04/2025";"09:24:00";"328";"Sem vítima";"152,600";"BR-116/SP";"Decrescente";"Colisão lateral em sentido contrário";1;0;1;0;0;0;0;0;0;0;2;0;0;0;0
"03/04/2025";"10:14:00";"354";"Sem vítima";"542,000";"BR-101/RJ";"Decrescente";"Choque";0;0;0;0;0;0;0;0;0;1;1;0;0;0;0
"03/04/2025";"10:42:00";"370";"Sem vítima";"219,400";"BR-116/SP";"Crescente";"Colisão lateral em sentido contrário";2;0;1;0;0;0;0;0;0;0;2;0;0;0;0
"03/04/2025";"11:05:00";"379";"Sem vítima";"186,000";"BR-116/SP";"Decrescente";"Colisão frontal";2;0;0;0;0;0;0;0;0;0;8;0;0;0;0
"03/04/2025";"11:06:00";"381";"Sem vítima";"39,000";"BR-116/SP";"Decrescente";"Choque";1;0;0;0;0;0;0;0;0;0;1;0;0;0;0
"03/04/2025";"11:57:00";"411";"Sem vítima";"227,000";"BR-116/RJ";"Crescente";"Colisão lateral em sentido contrário";1;0;1;0;0;0;0;0;0;0;2;0;0;0;0
"03/04/2025";"13:17:00";"450";"Com vítima";"429,000";"BR-101/RJ";"Crescente";"Choque";1;0;0;0;0;0;0;0;0;0;0;1;0;0;0
"03/04/2025";"13:31:00";"458";"Com vítima";"50,300";"BR-101/SP";"Decrescente";"Colisão lateral em sentido contrário";0;0;0;1;0;0;0;0;0;0;0;0;2;0;0
"03/04/2025";"15:10:00";"517";"Sem vítima";"154,000";"BR-116/SP";"Crescente";"Colisão traseira";1;0;0;1;0;0;0;0;0;0;2;0;0;0;0
"03/04/2025";"15:39:00";"528";"Com vítima";"216,800";"BR-116/SP";"Decrescente";"Acidentes de outra natureza";0;0;0;1;0;0;0;0;0;0;0;2;0;0;0
"03/04/2025";"16:26:00";"551";"Com vítima";"245,900";"BR-116/RJ";"Decrescente";"Colisão traseira";2;0;0;0;0;0;0;0;0;0;2;1;0;0;0
"03/04/2025";"16:31:00";"554";"Sem vítima";"228,000";"BR-116/SP";"Decrescente";"Colisão lateral em sentido contrário";1;0;1;0;0;0;0;0;0;0;2;0;0;0;0
"03/04/2025";"17:07:00";"569";"Com vítima";"248,000";"BR-116/RJ";"Decrescente";"Engavetamento";1;0;3;0;0;0;0;0;0;0;2;3;0;0;0
"03/04/2025";"18:37:00";"619";"Sem vítima";"252,100";"BR-116/RJ";"Decrescente";"Engavetamento";3;0;0;0;1;0;0;0;0;0;22;0;0;0;0
"03/04/2025";"18:43:00";"622";"Com vítima";"219,100";"BR-116/SP";"Crescente";"Acidentes de outra natureza";0;0;0;1;0;0;0;0;0;0;1;0;1;0;0
"03/04/2025";"19:02:00";"630";"Com vítima";"224,100";"BR-116/SP";"Decrescente";"Acidentes de outra natureza";0;0;0;1;0;0;0;0;0;0;0;1;1;0;0
"03/04/2025";"19:19:00";"640";"Sem vítima";"35,000";"BR-116/SP";"Crescente";"Colisão traseira";1;0;1;0;0;0;0;0;0;0;2;0;0;0;0
"03/04/2025";"19:31:00";"646";"Com vítima";"223,300";"BR-116/SP";"Decrescente";"Acidentes de outra natureza";0;0;0;1;0;0;0;0;0;0;0;1;0;0;0
"03/04/2025";"21:13:00";"689";"Sem vítima";"225,000";"BR-116/SP";"Decrescente";"Colisão lateral em sentido contrário";1;0;0;0;0;0;0;1;0;0;2;0;0;0;0
"03/04/2025";"21:28:00";"693";"Sem vítima";"123,800";"BR-116/SP";"Crescente";"Choque";1;0;0;0;0;0;0;0;0;0;0;0;0;0;0
"03/04/2025";"22:27:00";"709";"Com vítima";"279,000";"BR-116/RJ";"Crescente";"Engavetamento";2;0;1;0;0;0;0;1;0;0;4;0;1;1;0
"04/04/2025";"03:40:00";"74";"Sem vítima";"486,500";"BR-101/RJ";"Crescente";"Choque";1;0;0;0;0;0;0;0;0;0;1;0;0;0;0
"04/04/2025";"06:20:00";"136";"Sem vítima";"246,000";"BR-116/RJ";"Decrescente";"Choque";1;0;0;0;0;0;0;0;0;0;2;0;0;0;0
"04/04/2025";"07:18:00";"195";"Sem vítima";"140,000";"BR-116/SP";"Crescente";"Colisão lateral em sentido contrário";1;0;0;0;0;0;0;1;0;0;2;0;0;0;0
"04/04/2025";"09:13:00";"313";"Sem vítima";"68,000";"BR-116/SP";"Crescente";"Colisão traseira";1;0;0;0;0;0;0;0;0;0;3;0;0;0;0
"04/04/2025";"11:28:00";"402";"Com vítima";"215,000";"BR-116/SP";"Crescente";"Atropelamento de pedestre";0;0;1;0;0;0;0;0;0;0;0;0;1;0;0
"04/04/2025";"11:36:00";"408";"Com vítima";"220,000";"BR-116/SP";"Decrescente";"Engavetamento";0;0;0;1;0;0;0;0;0;0;0;1;0;0;0
"04/04/2025";"12:00:00";"419";"Sem vítima";"110,650";"BR-116/SP";"Decrescente";"Choque";0;0;1;0;0;0;0;0;0;0;2;0;0;0;0
"04/04/2025";"12:05:00";"420";"Sem vítima";"525,300";"BR-101/RJ";"Crescente";"Choque";1;0;0;0;0;0;0;0;0;0;1;0;0;0;0
"04/04/2025";"13:20:00";"459";"Sem vítima";"213,900";"BR-116/SP";"Crescente";"Colisão lateral em sentido contrário";1;0;1;0;0;0;0;0;0;0;2;0;0;0;0
"04/04/2025";"14:08:00";"490";"Sem vítima";"381,000";"BR-101/RJ";"Decrescente";"Choque";0;0;1;0;0;0;0;0;0;0;1;0;0;0;0
"04/04/2025";"14:13:00";"495";"Sem vítima";"86,950";"BR-116/SP";"Decrescente";"Colisão traseira";1;0;1;0;0;0;0;0;0;0;2;0;0;0;0
"04/04/2025";"14:24:00";"501";"Sem vítima";"275,200";"BR-116/RJ";"Crescente";"Choque";0;0;1;0;0;0;0;0;0;0;2;0;0;0;0
"04/04/2025";"15:21:00";"530";"Sem vítima";"318,100";"BR-116/RJ";"Decrescente";"Choque";1;0;0;0;0;0;0;0;0;0;1;0;0;0;0
"04/04/2025";"16:11:00";"554";"Sem vítima";"272,100";"BR-116/RJ";"Crescente";"Engavetamento";1;0;2;0;0;0;0;0;0;0;3;0;0;0;0
"04/04/2025";"16:32:00";"563";"Sem vítima";"274,300";"BR-116/RJ";"Crescente";"Acidentes de outra natureza";0;0;0;1;0;0;0;0;0;0;0;0;0;0;0
"04/04/2025";"17:00:00";"582";"Com vítima";"570,100";"BR-101/RJ";"Decrescente";"Colisão frontal";2;0;0;0;0;0;0;0;0;0;0;0;2;0;0
"04/04/2025";"17:12:00";"588";"Sem vítima";"307,000";"BR-116/RJ";"Crescente";"Colisão traseira";2;0;0;0;0;0;0;0;0;0;2;0;0;0;0
"04/04/2025";"17:17:00";"589";"Sem vítima";"492,000";"BR-101/RJ";"Decrescente";"Colisão traseira";1;0;0;0;1;0;0;0;0;0;2;0;0;0;0
"04/04/2025";"17:34:00";"594";"Com vítima";"492,000";"BR-101/RJ";"Decrescente";"Acidentes de outra natureza";0;0;0;1;0;0;0;0;0;0;0;2;0;0;0
"04/04/2025";"17:41:00";"596";"Com vítima";"310,100";"BR-116/RJ";"Decrescente";"Colisão lateral em sentido contrário";1;0;0;1;0;0;0;0;0;0;1;0;1;0;0
"04/04/2025";"17:46:00";"599";"Com vítima";"145,450";"BR-116/SP";"Decrescente";"Colisão traseira";1;0;0;1;0;0;0;0;0;0;0;2;0;0;0
"04/04/2025";"18:24:00";"620";"Com vítima";"501,300";"BR-101/RJ";"Crescente";"Colisão traseira";2;0;1;0;0;0;0;0;0;0;2;1;2;0;0
"04/04/2025";"18:31:00";"628";"Sem vítima";"210,200";"BR-116/SP";"Decrescente";"Choque";2;0;1;0;0;0;0;0;0;0;3;0;0;0;0
"04/04/2025";"18:48:00";"638";"Sem vítima";"149,000";"BR-116/SP";"Decrescente";"Choque";1;0;0;0;0;0;0;0;0;0;1;0;0;0;0
"04/04/2025";"18:49:00";"640";"Com vítima";"416,000";"BR-101/RJ";"Decrescente";"Colisão frontal";3;0;0;0;0;0;0;0;0;0;3;2;1;0;0
"04/04/2025";"19:09:00";"665";"Sem vítima";"149,000";"BR-116/SP";"Decrescente";"Acidentes de outra natureza";0;0;0;1;0;0;0;0;0;0;1;0;0;0;0
"04/04/2025";"19:27:00";"653";"Sem vítima";"226,700";"BR-116/RJ";"Decrescente";"Choque";1;0;0;0;0;0;0;0;0;0;2;0;0;0;0
"04/04/2025";"20:50:00";"694";"Sem vítima";"471,000";"BR-101/RJ";"Decrescente";"Colisão traseira";1;0;0;0;0;0;0;0;0;0;3;0;0;0;0
"04/04/2025";"21:12:00";"709";"Com vítima";"471,000";"BR-101/RJ";"Decrescente";"Engavetamento";3;0;0;0;0;0;0;0;0;0;7;0;1;0;0
"04/04/2025";"21:40:00";"724";"Com vítima";"308,100";"BR-116/RJ";"Crescente";"Atropelamento de pedestre";1;0;0;0;0;0;0;0;0;0;1;0;0;0;1
"04/04/2025";"21:56:00";"730";"Sem vítima";"275,500";"BR-116/RJ";"Crescente";"Choque";3;0;1;0;0;0;0;0;0;0;16;0;0;0;0
"04/04/2025";"22:44:00";"751";"Com vítima";"25,500";"BR-101/SP";"Decrescente";"Choque";0;0;0;1;0;0;0;0;0;0;0;1;0;0;0
"04/04/2025";"23:02:00";"759";"Sem vítima";"320,500";"BR-116/RJ";"Decrescente";"Choque";1;0;0;0;0;0;0;0;0;0;10;0;0;0;0
"04/04/2025";"23:37:00";"772";"Com vítima";"214,800";"BR-116/RJ";"Decrescente";"Choque";2;0;0;0;0;0;0;0;0;0;0;2;0;0;0
"05/04/2025";"00:00:00";"76";"Com vítima";"34,000";"BR-116/SP";"Decrescente";"Capotamento";1;0;0;0;0;0;0;0;0;0;0;0;1;0;0
"05/04/2025";"01:03:00";"60";"Sem vítima";"33,000";"BR-116/SP";"Decrescente";"Choque";1;0;0;0;0;0;0;0;0;0;2;0;0;0;0
"05/04/2025";"01:12:00";"62";"Sem vítima";"384,000";"BR-101/RJ";"Decrescente";"Choque";1;0;0;0;0;0;0;0;0;0;1;0;0;0;0
"05/04/2025";"01:47:00";"68";"Com vítima";"309,000";"BR-116/RJ";"Crescente";"Colisão traseira";1;0;0;1;0;0;0;0;0;0;4;1;0;0;0
"05/04/2025";"05:21:00";"115";"Sem vítima";"12,000";"BR-116/SP";"Decrescente";"Choque";1;0;0;0;0;0;0;0;0;0;1;0;0;0;0
"05/04/2025";"06:46:00";"152";"Sem vítima";"90,000";"BR-116/SP";"Decrescente";"Choque";1;0;0;0;0;0;0;0;0;0;2;0;0;0;0
"05/04/2025";"06:51:00";"154";"Sem vítima";"212,200";"BR-116/SP";"Crescente";"Colisão frontal";2;0;0;0;0;0;0;0;0;0;4;0;0;0;0
"05/04/2025";"08:10:00";"206";"Sem vítima";"292,000";"BR-116/RJ";"Crescente";"Choque";1;0;0;0;0;0;0;0;0;0;4;0;0;0;0
"05/04/2025";"08:10:00";"207";"Sem vítima";"215,000";"BR-116/RJ";"Decrescente";"Choque";1;0;0;0;0;0;0;0;0;0;2;0;0;0;0
"05/04/2025";"09:11:00";"234";"Com vítima";"309,000";"BR-116/RJ";"Crescente";"Colisão traseira";1;0;1;0;0;0;0;0;0;0;4;4;0;0;0
"05/04/2025";"09:28:00";"241";"Sem vítima";"142,100";"BR-116/SP";"Decrescente";"Colisão traseira";2;0;0;0;0;0;0;0;0;0;4;0;0;0;0
"05/04/2025";"12:52:00";"329";"Com vítima";"223,000";"BR-116/SP";"Crescente";"Colisão lateral em sentido contrário";1;0;0;1;0;0;0;0;0;0;2;2;0;0;0
"05/04/2025";"13:59:00";"355";"Sem vítima";"223,000";"BR-116/SP";"Decrescente";"Colisão lateral em sentido contrário";0;0;1;0;0;0;0;0;0;0;1;0;0;0;0
"05/04/2025";"14:30:00";"369";"Sem vítima";"140,800";"BR-116/SP";"Crescente";"Colisão traseira";1;0;0;0;0;0;0;0;0;0;2;0;0;0;0
"05/04/2025";"14:31:00";"371";"Sem vítima";"427,000";"BR-101/RJ";"Decrescente";"Choque";1;0;0;0;0;0;0;0;0;0;4;0;0;0;0
"05/04/2025";"19:19:00";"484";"Com vítima";"323,300";"BR-116/RJ";"Crescente";"Colisão frontal";1;0;0;1;0;0;0;0;0;0;4;2;0;0;0
"05/04/2025";"20:21:00";"498";"Sem vítima";"282,300";"BR-116/RJ";"Decrescente";"Choque";1;0;0;0;0;0;0;0;0;0;1;0;0;0;0
"05/04/2025";"20:36:00";"507";"Sem vítima";"225,000";"BR-116/SP";"Decrescente";"Engavetamento";4;0;0;0;0;0;0;0;0;0;4;0;0;0;0
"05/04/2025";"20:37:00";"509";"Sem vítima";"264,600";"BR-116/RJ";"Crescente";"Acidentes de outra natureza";0;0;0;1;0;0;0;0;0;0;1;0;0;0;0
"05/04/2025";"21:00:00";"513";"Sem vítima";"263,950";"BR-116/RJ";"Crescente";"Choque";0;0;0;0;0;0;0;0;0;0;0;0;0;0;0
"05/04/2025";"21:10:00";"518";"Com vítima";"434,500";"BR-101/RJ";"Crescente";"Colisão traseira";1;0;1;0;0;0;0;0;0;0;4;2;0;0;0
"05/04/2025";"21:13:00";"520";"Com vítima";"156,400";"BR-116/SP";"Decrescente";"Acidentes de outra natureza";0;0;0;1;0;0;0;0;0;0;0;1;0;0;0
"05/04/2025";"22:01:00";"539";"Com vítima";"170,200";"BR-116/SP";"Decrescente";"Choque";2;0;0;0;0;0;0;0;0;0;0;4;0;0;0
"05/04/2025";"22:37:00";"553";"Sem vítima";"125,000";"BR-116/SP";"Crescente";"Choque";1;0;0;0;0;0;0;0;0;0;1;0;0;0;0
"05/04/2025";"23:27:00";"571";"Sem vítima";"124,800";"BR-116/SP";"Decrescente";"Atropelamento de pedestre";1;0;0;0;0;0;0;0;0;0;1;0;0;0;0
"06/04/2025";"00:52:00";"49";"Com vítima";"214,250";"BR-116/SP";"Decrescente";"Choque";2;0;0;0;0;0;0;0;0;0;1;2;0;0;0
"06/04/2025";"03:43:00";"88";"Com vítima";"144,200";"BR-116/SP";"Decrescente";"Choque";1;0;0;0;0;0;0;0;0;0;0;2;0;0;0
"06/04/2025";"05:18:00";"97";"Com vítima";"119,900";"BR-116/SP";"Decrescente";"Colisão traseira";2;0;0;0;0;0;0;0;0;0;2;2;0;0;0
"06/04/2025";"07:29:00";"140";"Com vítima";"54,300";"BR-116/SP";"Crescente";"Acidentes de outra natureza";0;0;0;1;0;0;0;0;0;0;0;2;0;0;0
"06/04/2025";"10:48:00";"227";"Sem vítima";"86,950";"BR-116/SP";"Crescente";"Colisão lateral em sentido contrário";1;0;1;0;0;0;0;0;0;0;3;0;0;0;0
"06/04/2025";"13:52:00";"282";"Sem vítima";"570,000";"BR-101/RJ";"Decrescente";"Choque";1;0;0;0;0;0;0;0;0;0;1;0;0;0;0
"06/04/2025";"14:09:00";"289";"Sem vítima";"443,000";"BR-101/RJ";"Crescente";"Choque";1;0;0;0;0;0;0;0;0;0;2;0;0;0;0
"06/04/2025";"14:31:00";"300";"Com vítima";"413,000";"BR-101/RJ";"Decrescente";"Choque";1;0;0;0;0;0;0;0;0;0;0;1;0;0;0
"06/04/2025";"15:03:00";"317";"Sem vítima";"200,000";"BR-116/SP";"Decrescente";"Atropelamento de pedestre";1;0;0;0;0;0;0;0;0;0;1;0;0;0;0
"06/04/2025";"15:22:00";"327";"Com vítima";"36,000";"BR-116/SP";"Decrescente";"Engavetamento";3;0;0;0;0;0;0;0;0;0;11;1;0;0;0
"06/04/2025";"15:58:00";"333";"Sem vítima";"165,400";"BR-116/SP";"Crescente";"Colisão lateral em sentido contrário";1;0;1;0;0;0;0;0;0;0;4;0;0;0;0
"06/04/2025";"16:40:00";"357";"Sem vítima";"104,500";"BR-116/SP";"Crescente";"Colisão traseira";2;0;0;0;0;0;0;0;0;0;5;0;0;0;0
"06/04/2025";"16:54:00";"360";"Com vítima";"24,400";"BR-116/SP";"Decrescente";"Colisão lateral em sentido contrário";1;0;1;0;0;0;0;0;0;0;1;2;0;0;0
"06/04/2025";"18:07:00";"382";"Com vítima";"546,500";"BR-101/RJ";"Decrescente";"Choque";1;0;0;0;0;0;0;0;0;0;0;0;0;0;2
"06/04/2025";"18:07:00";"383";"Sem vítima";"514,400";"BR-101/RJ";"Crescente";"Choque";1;0;0;0;0;0;0;0;0;0;1;0;0;0;0
"06/04/2025";"22:02:00";"447";"Sem vítima";"220,100";"BR-116/SP";"Decrescente";"Colisão traseira";2;0;0;0;0;0;0;0;0;0;6;0;0;0;0
"06/04/2025";"23:07:00";"462";"Sem vítima";"115,800";"BR-116/SP";"Crescente";"Choque";2;0;0;0;0;0;0;0;0;0;14;0;0;0;0
"07/04/2025";"00:00:00";"75";"Sem vítima";"292,000";"BR-116/RJ";"Crescente";"Choque";1;0;0;0;0;0;0;0;0;0;1;0;0;0;0
"07/04/2025";"00:00:00";"673";"Sem vítima";"53,200";"BR-116/SP";"Crescente";"Colisão lateral em sentido contrário";2;0;0;0;0;0;0;0;0;0;0;0;0;0;0
"07/04/2025";"00:07:00";"38";"Sem vítima";"219,450";"BR-116/SP";"Crescente";"Capotamento";1;0;0;0;0;0;0;0;0;0;2;0;0;0;0
"07/04/2025";"01:29:00";"56";"Com vítima";"413,000";"BR-101/RJ";"Crescente";"Colisão traseira";1;0;0;1;0;0;0;0;0;0;1;1;1;0;0
"07/04/2025";"02:17:00";"62";"Com vítima";"55,000";"BR-116/SP";"Decrescente";"Colisão traseira";1;0;1;0;0;0;0;0;0;0;0;0;2;0;0
"07/04/2025";"06:47:00";"163";"Sem vítima";"231,000";"BR-116/SP";"Decrescente";"Colisão traseira";2;0;0;0;0;0;0;0;0;0;2;0;0;0;0
"07/04/2025";"06:56:00";"174";"Com vítima";"217,650";"BR-116/SP";"Crescente";"Colisão lateral em sentido contrário";1;0;0;1;0;0;0;0;0;0;1;2;0;0;0
"07/04/2025";"07:02:00";"114";"Sem vítima";"218,000";"BR-116/SP";"Crescente";"Colisão traseira";2;0;0;0;0;0;0;0;0;0;3;0;0;0;0
"07/04/2025";"07:54:00";"234";"Sem vítima";"156,000";"BR-116/SP";"Decrescente";"Colisão traseira";2;0;0;0;0;0;0;0;0;0;2;0;0;0;0
"07/04/2025";"08:45:00";"279";"Com vítima";"224,000";"BR-116/SP";"Crescente";"Atropelamento de pedestre";0;0;0;0;0;0;0;0;0;0;0;0;0;0;0
"07/04/2025";"11:06:00";"387";"Com vítima";"215,600";"BR-116/SP";"Crescente";"Engavetamento";1;0;2;0;0;0;0;0;0;0;4;0;1;0;0
"07/04/2025";"11:53:00";"417";"Com vítima";"227,900";"BR-116/SP";"Crescente";"Colisão lateral em sentido contrário";1;0;0;1;0;0;0;0;0;0;1;0;1;0;0
"07/04/2025";"13:36:00";"473";"Com vítima";"219,800";"BR-116/SP";"Crescente";"Colisão lateral em sentido contrário";0;0;0;2;0;0;0;0;0;0;2;0;1;0;0
"07/04/2025";"17:05:00";"574";"Com vítima";"219,000";"BR-116/SP";"Decrescente";"Colisão lateral em sentido contrário";1;0;0;1;0;0;0;0;0;0;1;1;1;0;0
"07/04/2025";"17:44:00";"589";"Com vítima";"216,100";"BR-116/SP";"Crescente";"Atropelamento de pedestre";0;0;0;1;0;0;0;0;0;0;0;1;0;0;0
"07/04/2025";"17:51:00";"592";"Com vítima";"216,300";"BR-116/SP";"Crescente";"Colisão traseira";0;0;0;1;0;0;0;0;0;0;0;2;0;0;0
"07/04/2025";"18:20:00";"608";"Com vítima";"145,300";"BR-116/SP";"Decrescente";"Colisão traseira";0;0;1;1;0;0;0;0;0;1;2;0;1;0;0
"07/04/2025";"18:44:00";"621";"Com vítima";"44,700";"BR-101/SP";"Crescente";"Atropelamento de pedestre";0;0;0;0;0;0;0;0;0;1;1;0;0;0;0
"07/04/2025";"19:30:00";"642";"Com vítima";"225,000";"BR-116/SP";"Decrescente";"Acidentes de outra natureza";0;0;0;1;0;0;0;0;0;0;1;0;1;0;0
"07/04/2025";"19:44:00";"651";"Com vítima";"476,200";"BR-101/RJ";"Decrescente";"Engavetamento";4;0;0;0;0;0;0;0;0;0;7;0;1;0;0
"07/04/2025";"22:39:00";"710";"Sem vítima";"121,300";"BR-116/SP";"Crescente";"Capotamento";1;0;0;0;0;0;0;0;0;0;2;0;0;0;0
"08/04/2025";"00:00:00";"52";"Sem vítima";"262,950";"BR-116/RJ";"Crescente";"Colisão lateral em sentido contrário";0;0;2;0;0;0;0;0;0;0;6;0;0;0;0
"08/04/2025";"00:29:00";"42";"Com vítima";"225,800";"BR-116/SP";"Crescente";"Acidentes de outra natureza";0;0;0;1;0;0;0;0;0;0;0;0;1;0;0
"08/04/2025";"05:58:00";"109";"Sem vítima";"248,600";"BR-116/RJ";"Decrescente";"Colisão traseira";0;0;2;0;0;0;0;0;0;0;2;0;0;0;0
"08/04/2025";"06:29:00";"134";"Sem vítima";"224,000";"BR-116/SP";"Decrescente";"Colisão traseira";0;0;1;0;0;0;0;0;0;0;2;0;0;0;0
"08/04/2025";"07:09:00";"188";"Com vítima";"264,000";"BR-116/RJ";"Decrescente";"Acidentes de outra natureza";0;0;0;1;0;0;0;0;0;0;0;2;0;0;0
"08/04/2025";"08:13:00";"260";"Sem vítima";"147,500";"BR-116/SP";"Crescente";"Colisão traseira";1;0;0;0;0;0;0;0;0;0;1;0;0;0;0
"08/04/2025";"08:26:00";"276";"Com vítima";"116,000";"BR-116/SP";"Crescente";"Acidentes de outra natureza";0;0;0;1;0;0;0;0;0;0;2;2;0;0;0
"08/04/2025";"09:05:00";"309";"Sem vítima";"434,000";"BR-101/RJ";"Decrescente";"Capotamento";1;0;0;0;0;0;0;0;0;0;0;0;0;0;0
"08/04/2025";"09:39:00";"327";"Sem vítima";"275,000";"BR-116/RJ";"Decrescente";"Colisão traseira";0;0;0;0;0;0;0;1;0;0;1;0;0;0;0
"08/04/2025";"11:21:00";"397";"Com vítima";"593,900";"BR-101/RJ";"Crescente";"Colisão traseira";1;0;0;1;0;0;0;0;0;0;2;2;0;0;0
"08/04/2025";"12:13:00";"425";"Com vítima";"113,800";"BR-116/SP";"Crescente";"Acidentes de outra natureza";0;0;0;1;0;0;0;0;0;0;0;1;0;0;0
"08/04/2025";"13:20:00";"461";"Sem vítima";"262,000";"BR-116/RJ";"Crescente";"Choque";0;0;1;0;0;0;0;0;0;0;2;0;0;0;0
"08/04/2025";"13:40:00";"475";"Sem vítima";"222,800";"BR-116/SP";"Crescente";"Engavetamento";2;0;0;0;0;0;0;0;0;0;1;0;0;0;0
"08/04/2025";"15:29:00";"527";"Sem vítima";"218,000";"BR-116/RJ";"Crescente";"Choque";0;0;1;0;0;0;0;0;0;0;1;0;0;0;0
"08/04/2025";"16:04:00";"554";"Sem vítima";"278,700";"BR-116/RJ";"Decrescente";"Choque";1;0;0;0;0;0;0;0;0;0;0;0;0;0;0
"08/04/2025";"16:36:00";"563";"Sem vítima";"451,000";"BR-101/RJ";"Crescente";"Choque";1;0;0;0;0;0;0;0;0;0;2;0;0;0;0
"08/04/2025";"16:47:00";"570";"Sem vítima";"447,000";"BR-101/RJ";"Decrescente";"Choque";1;0;0;0;0;0;0;0;0;0;2;0;0;0;0
"08/04/2025";"17:57:00";"593";"Sem vítima";"100,000";"BR-116/SP";"Decrescente";"Colisão lateral em sentido contrário";1;0;1;0;0;0;0;0;0;0;0;0;0;0;0
"08/04/2025";"18:41:00";"615";"Sem vítima";"156,400";"BR-116/SP";"Decrescente";"Colisão lateral em sentido contrário";1;0;0;0;0;0;0;1;0;0;3;0;0;0;0
"08/04/2025";"19:23:00";"640";"Com vítima";"409,660";"BR-101/RJ";"Crescente";"Atropelamento de pedestre";1;0;0;0;0;0;0;0;0;0;0;1;0;0;1
"08/04/2025";"21:42:00";"696";"Sem vítima";"446,100";"BR-101/RJ";"Crescente";"Choque";0;0;0;0;1;0;0;0;0;0;25;0;0;0;0
"08/04/2025";"22:02:00";"703";"Com vítima";"168,500";"BR-116/SP";"Crescente";"Colisão lateral em sentido contrário";0;0;1;0;0;0;0;1;0;0;2;1;0;0;0
"08/04/2025";"23:17:00";"726";"Com vítima";"387,500";"BR-101/RJ";"Crescente";"Colisão traseira";1;0;0;1;0;0;0;0;0;0;1;0;1;0;0
"09/04/2025";"00:00:00";"48";"Com vítima";"197,500";"BR-116/SP";"Crescente";"Colisão lateral em sentido contrário";0;0;1;0;0;0;0;1;0;0;2;1;0;0;0
"09/04/2025";"00:00:00";"632";"Sem vítima";"102,000";"BR-116/SP";"Decrescente";"Engavetamento";3;0;0;0;0;0;0;0;0;0;7;0;0;0;0
"09/04/2025";"03:19:00";"63";"Sem vítima";"282,900";"BR-116/RJ";"Decrescente";"Choque";1;0;0;0;0;0;0;0;0;0;1;0;0;0;0
"09/04/2025";"06:20:00";"129";"Com vítima";"202,000";"BR-116/SP";"Decrescente";"Colisão lateral em sentido contrário";1;0;0;1;0;0;0;0;0;0;2;0;2;0;0
"09/04/2025";"06:52:00";"168";"Com vítima";"420,000";"BR-101/RJ";"Decrescente";"Colisão frontal";1;0;0;1;0;0;0;0;0;0;1;0;1;0;0
"09/04/2025";"08:42:00";"291";"Sem vítima";"42,400";"BR-101/SP";"Crescente";"Choque";1;0;0;0;0;0;0;0;0;0;1;0;0;0;0
"09/04/2025";"11:58:00";"454";"Sem vítima";"226,200";"BR-116/RJ";"Crescente";"Choque";1;0;0;0;0;0;0;0;0;0;1;0;0;0;0
"09/04/2025";"14:28:00";"551";"Com vítima";"144,000";"BR-116/SP";"Decrescente";"Colisão traseira";0;0;1;1;0;0;0;0;0;0;2;0;2;0;0
"09/04/2025";"16:05:00";"616";"Sem vítima";"227,500";"BR-116/SP";"Decrescente";"Colisão lateral em sentido contrário";1;0;0;0;0;0;0;1;0;0;2;0;0;0;0