data;horario;n_da_ocorrencia;tipo_de_ocorrencia;km;trecho;sentido;tipo_de_acidente;automovel;bicicleta;caminhao;moto;onibus;outros;tracao_animal;transporte_de_cargas_especiais;trator_maquinas;utilitarios;ilesos;levemente_feridos;moderadamente_feridos;gravemente_feridos;mortos
"09/04/2025";"16:31:00";"635";"Com vítima";"574,000";"BR-101/RJ";"Crescente";"Atropelamento de pedestre";1;1;0;0;0;0;0;0;0;0;2;0;0;0;1
"09/04/2025";"17:12:00";"655";"Com vítima";"153,100";"BR-116/SP";"Decrescente";"Colisão traseira";1;0;0;1;0;0;0;0;0;0;1;1;0;0;0
"09/04/2025";"18:26:00";"691";"Com vítima";"227,000";"BR-116/SP";"Decrescente";"Colisão traseira";0;0;0;1;0;0;0;0;0;0;0;1;1;0;0
"09/04/2025";"19:51:00";"743";"Com vítima";"230,500";"BR-116/SP";"Decrescente";"Acidentes de outra natureza";0;0;0;1;0;0;0;0;0;0;0;1;0;0;0
"09/04/2025";"20:32:00";"757";"Com vítima";"282,000";"BR-116/RJ";"Decrescente";"Choque";0;0;0;1;0;0;0;0;0;0;0;0;1;0;0
"09/04/2025";"20:42:00";"763";"Com vítima";"403,600";"BR-101/RJ";"Decrescente";"Atropelamento de pedestre";1;0;0;0;0;0;0;0;0;0;1;1;0;0;0
"09/04/2025";"21:09:00";"774";"Com vítima";"219,500";"BR-116/SP";"Decrescente";"Colisão lateral em sentido contrário";0;0;0;1;0;0;0;0;0;0;0;2;0;0;0
"09/04/2025";"23:03:00";"805";"Com vítima";"429,000";"BR-101/RJ";"Decrescente";"Choque";1;0;0;0;0;0;0;0;0;0;0;2;0;0;0
"09/04/2025";"23:47:00";"815";"Com vítima";"46,900";"BR-116/SP";"Crescente";"Choque";0;0;1;0;0;0;0;1;0;0;1;0;1;0;0
"10/04/2025";"00:35:00";"39";"Sem vítima";"182,300";"BR-116/SP";"Decrescente";"Colisão traseira";2;0;0;0;0;0;0;0;0;0;4;0;0;0;0
"10/04/2025";"01:24:00";"45";"Sem vítima";"155,100";"BR-116/SP";"Crescente";"Tombamento";0;0;1;0;0;0;0;0;0;0;1;0;0;0;0
"10/04/2025";"03:48:00";"388";"Sem vítima";"326,000";"BR-116/RJ";"Decrescente";"Colisão traseira";0;0;2;0;0;0;0;0;0;0;2;0;0;0;0
"10/04/2025";"04:39:00";"69";"Com vítima";"330,500";"BR-116/RJ";"Decrescente";"Engavetamento";0;0;0;0;0;0;0;5;0;0;4;0;2;0;0
"10/04/2025";"06:49:00";"139";"Com vítima";"219,000";"BR-116/SP";"Decrescente";"Acidentes de outra natureza";0;0;0;1;0;0;0;0;0;0;2;2;0;0;0
"10/04/2025";"07:50:00";"219";"Com vítima";"143,900";"BR-116/SP";"Decrescente";"Engavetamento";3;0;0;0;0;0;0;0;0;0;14;2;0;0;0
"10/04/2025";"08:28:00";"263";"Com vítima";"218,000";"BR-116/SP";"Crescente";"Colisão traseira";0;0;0;1;0;0;0;0;0;0;0;1;0;0;0
"10/04/2025";"11:15:00";"390";"Com vítima";"224,000";"BR-116/SP";"Crescente";"Acidentes de outra natureza";0;0;0;1;0;0;0;0;0;0;0;1;0;0;0
"10/04/2025";"11:46:00";"405";"Com vítima";"189,000";"BR-116/SP";"Crescente";"Colisão traseira";1;0;1;0;0;0;0;0;0;0;1;1;0;0;0
"10/04/2025";"13:25:00";"453";"Com vítima";"296,000";"BR-116/RJ";"Decrescente";"Acidentes de outra natureza";0;0;0;1;0;0;0;0;0;0;0;1;1;0;0
"10/04/2025";"13:54:00";"468";"Sem vítima";"264,000";"BR-116/RJ";"Decrescente";"Colisão lateral em sentido contrário";1;0;1;0;0;0;0;0;0;0;2;0;0;0;0
"10/04/2025";"15:03:00";"498";"Sem vítima";"107,000";"BR-116/SP";"Decrescente";"Colisão traseira";1;0;1;0;0;0;0;0;0;0;3;0;0;0;0
"10/04/2025";"16:23:00";"546";"Sem vítima";"98,000";"BR-116/SP";"Decrescente";"Choque";1;0;0;0;0;0;0;0;0;0;1;0;0;0;0
"10/04/2025";"16:32:00";"549";"Sem vítima";"232,800";"BR-116/RJ";"Decrescente";"Choque";1;0;0;0;0;0;0;0;0;0;1;0;0;0;0
"10/04/2025";"17:07:00";"574";"Sem vítima";"86,950";"BR-116/SP";"Decrescente";"Colisão traseira";0;0;2;0;0;0;0;0;0;0;4;0;0;0;0
"10/04/2025";"17:25:00";"582";"Sem vítima";"249,200";"BR-116/RJ";"Decrescente";"Colisão traseira";2;0;0;0;0;0;0;0;0;0;2;0;0;0;0
"10/04/2025";"18:17:00";"604";"Com vítima";"303,000";"BR-116/RJ";"Crescente";"Colisão traseira";6;0;0;0;0;0;0;0;0;0;6;0;2;0;0
"10/04/2025";"18:59:00";"625";"Sem vítima";"292,000";"BR-116/RJ";"Decrescente";"Colisão lateral em sentido contrário";0;0;2;0;0;0;0;0;0;0;2;0;0;0;0
"10/04/2025";"19:24:00";"636";"Com vítima";"524,000";"BR-101/RJ";"Decrescente";"Colisão frontal";2;0;0;0;0;0;0;0;0;0;1;1;0;0;0
"10/04/2025";"19:36:00";"641";"Com vítima";"393,400";"BR-101/RJ";"Crescente";"Colisão traseira";1;0;1;0;0;0;0;0;0;0;0;1;0;0;0
"10/04/2025";"20:31:00";"656";"Sem vítima";"35,100";"BR-116/SP";"Decrescente";"Choque";1;0;0;0;0;0;0;0;0;0;0;0;0;0;0
"10/04/2025";"20:51:00";"665";"Sem vítima";"246,400";"BR-116/RJ";"Decrescente";"Choque";1;0;0;0;0;0;0;0;0;0;1;0;0;0;0
"10/04/2025";"21:32:00";"683";"Sem vítima";"35,200";"BR-116/SP";"Decrescente";"Colisão lateral em sentido contrário";1;0;1;0;0;0;0;0;0;0;2;0;0;0;0
"10/04/2025";"23:43:00";"711";"Sem vítima";"248,300";"BR-116/RJ";"Crescente";"Choque";1;0;0;0;0;0;0;0;0;0;6;0;0;0;0
"11/04/2025";"00:07:00";"38";"Com vítima";"221,300";"BR-116/SP";"Crescente";"Colisão traseira";2;0;0;0;0;0;0;0;0;0;0;5;0;0;0
"11/04/2025";"05:12:00";"99";"Com vítima";"261,800";"BR-116/RJ";"Crescente";"Tombamento";0;0;1;0;0;0;0;0;0;0;0;2;0;0;0
"11/04/2025";"05:13:00";"101";"Sem vítima";"339,000";"BR-116/RJ";"Decrescente";"Colisão traseira";0;0;2;0;0;0;0;0;0;0;4;0;0;0;0
"11/04/2025";"05:20:00";"105";"Sem vítima";"169,200";"BR-116/SP";"Crescente";"Colisão traseira";0;0;1;0;0;0;0;1;0;0;2;0;0;0;0
"11/04/2025";"06:29:00";"155";"Com vítima";"218,500";"BR-116/SP";"Crescente";"Colisão lateral em sentido contrário";1;0;0;1;0;0;0;0;0;0;3;1;0;0;0
"11/04/2025";"07:35:00";"221";"Com vítima";"165,200";"BR-116/SP";"Crescente";"Acidentes de outra natureza";0;0;0;1;0;0;0;0;0;0;0;1;0;0;0
"11/04/2025";"07:41:00";"229";"Sem vítima";"231,000";"BR-116/RJ";"Decrescente";"Tombamento";0;0;1;0;0;0;0;0;0;0;1;0;0;0;0
"11/04/2025";"07:46:00";"240";"Com vítima";"138,200";"BR-116/SP";"Crescente";"Choque";0;0;0;1;0;0;0;0;0;0;0;1;0;0;0
"11/04/2025";"09:02:00";"323";"Sem vítima";"575,000";"BR-101/RJ";"Decrescente";"Choque";1;0;0;0;0;0;0;0;0;0;1;0;0;0;0
"11/04/2025";"11:03:00";"412";"Sem vítima";"228,000";"BR-116/SP";"Crescente";"Colisão lateral em sentido contrário";1;0;0;0;0;0;0;0;0;0;0;0;0;0;0
"11/04/2025";"11:55:00";"446";"Sem vítima";"49,400";"BR-116/SP";"Crescente";"Colisão traseira";1;0;0;0;0;0;0;0;0;0;2;0;0;0;0
"11/04/2025";"13:47:00";"515";"Com vítima";"232,800";"BR-116/RJ";"Decrescente";"Acidentes de outra natureza";0;0;0;1;0;0;0;0;0;0;0;4;0;0;0
"11/04/2025";"14:01:00";"525";"Sem vítima";"142,100";"BR-116/SP";"Crescente";"Colisão traseira";0;0;0;0;0;0;0;0;0;1;2;0;0;0;0
"11/04/2025";"14:21:00";"539";"Sem vítima";"228,500";"BR-116/SP";"Decrescente";"Colisão traseira";1;0;0;0;0;0;0;1;0;0;2;0;0;0;0
"11/04/2025";"15:39:00";"580";"Sem vítima";"162,000";"BR-116/SP";"Decrescente";"Engavetamento";1;0;1;0;0;0;0;1;0;0;3;0;0;0;0
"11/04/2025";"16:34:00";"613";"Sem vítima";"212,000";"BR-116/SP";"Crescente";"Colisão traseira";1;0;1;0;0;0;0;0;0;0;2;0;0;0;0
"11/04/2025";"16:51:00";"620";"Com vítima";"37,200";"BR-101/SP";"Crescente";"Choque";1;0;0;0;0;0;0;0;0;0;0;2;0;0;0
"11/04/2025";"17:11:00";"631";"Com vítima";"198,100";"BR-116/SP";"Crescente";"Colisão traseira";1;0;0;0;0;0;0;0;0;0;0;1;0;0;0
"11/04/2025";"17:42:00";"641";"Com vítima";"155,800";"BR-116/SP";"Crescente";"Colisão lateral em sentido contrário";1;0;0;1;0;0;0;0;0;0;1;1;0;0;0
"11/04/2025";"18:21:00";"661";"Com vítima";"104,300";"BR-116/SP";"Crescente";"Colisão traseira";1;0;1;1;0;0;0;0;0;0;4;2;0;0;0
"11/04/2025";"19:59:00";"714";"Sem vítima";"113,300";"BR-116/SP";"Crescente";"Colisão traseira";2;0;0;0;0;0;0;0;0;0;1;0;0;0;0
"11/04/2025";"20:19:00";"724";"Com vítima";"233,600";"BR-116/RJ";"Crescente";"Choque";0;0;0;1;0;0;0;0;0;0;0;2;0;0;0
"11/04/2025";"20:30:00";"729";"Com vítima";"483,500";"BR-101/RJ";"Decrescente";"Colisão lateral em sentido contrário";1;0;0;1;0;0;0;0;0;0;3;1;1;0;0
"11/04/2025";"20:41:00";"732";"Com vítima";"278,200";"BR-116/RJ";"Decrescente";"Colisão traseira";0;0;0;1;0;0;0;0;0;0;0;0;2;0;0
"11/04/2025";"22:41:00";"779";"Com vítima";"57,100";"BR-116/SP";"Decrescente";"Colisão traseira";2;0;0;2;0;0;0;0;0;0;2;2;2;0;0
"12/04/2025";"00:13:00";"40";"Sem vítima";"216,350";"BR-116/SP";"Crescente";"Choque";1;0;0;0;0;0;0;0;0;0;1;0;0;0;0
"12/04/2025";"02:48:00";"73";"Sem vítima";"386,000";"BR-101/RJ";"Crescente";"Choque";1;0;0;0;0;0;0;0;0;0;1;0;0;0;0
"12/04/2025";"05:49:00";"104";"Com vítima";"141,400";"BR-116/SP";"Decrescente";"Colisão traseira";1;0;1;1;0;0;0;0;0;0;2;0;1;0;0
"12/04/2025";"05:49:00";"111";"Sem vítima";"204,500";"BR-116/SP";"Decrescente";"Colisão traseira";2;0;0;0;0;0;0;0;0;0;4;0;0;0;0
"12/04/2025";"08:45:00";"245";"Com vítima";"117,000";"BR-116/SP";"Decrescente";"Engavetamento";3;0;0;0;0;0;0;0;0;0;10;4;0;0;0
"12/04/2025";"09:36:00";"270";"Sem vítima";"169,000";"BR-116/SP";"Crescente";"Tombamento";0;0;1;0;0;0;0;0;0;0;1;0;0;0;0
"12/04/2025";"10:14:00";"275";"Com vítima";"154,000";"BR-116/SP";"Crescente";"Colisão traseira";1;0;0;1;0;0;0;0;0;0;1;0;1;0;0
"12/04/2025";"10:29:00";"289";"Com vítima";"228,000";"BR-116/SP";"Crescente";"Colisão traseira";1;0;0;1;0;0;0;0;0;0;4;0;1;0;0
"12/04/2025";"13:01:00";"347";"Sem vítima";"103,400";"BR-116/SP";"Decrescente";"Engavetamento";3;0;0;0;0;0;0;0;0;0;9;0;0;0;0
"12/04/2025";"14:44:00";"401";"Sem vítima";"429,500";"BR-101/RJ";"Crescente";"Choque";1;0;0;0;0;0;0;0;0;0;0;0;0;0;0
"12/04/2025";"14:56:00";"410";"Sem vítima";"388,000";"BR-101/RJ";"Decrescente";"Engavetamento";2;0;0;0;1;0;0;0;0;0;2;0;0;0;0
"12/04/2025";"15:12:00";"417";"Sem vítima";"279,000";"BR-116/RJ";"Crescente";"Colisão traseira";1;0;1;0;0;0;0;0;0;0;2;0;0;0;0
"12/04/2025";"15:18:00";"422";"Sem vítima";"223,400";"BR-116/SP";"Decrescente";"Engavetamento";3;0;0;0;0;0;0;0;0;0;3;0;0;0;0
"12/04/2025";"16:54:00";"468";"Sem vítima";"276,000";"BR-116/RJ";"Decrescente";"Colisão traseira";1;0;0;0;0;0;0;0;0;0;2;0;0;0;0
"12/04/2025";"17:22:00";"483";"Com vítima";"46,000";"BR-101/SP";"Decrescente";"Colisão lateral em sentido contrário";1;0;0;1;0;0;0;0;0;0;0;0;0;1;0
"12/04/2025";"18:35:00";"513";"Com vítima";"99,450";"BR-116/SP";"Decrescente";"Capotamento";1;0;0;0;0;0;0;0;0;0;0;1;0;0;0
"12/04/2025";"18:41:00";"516";"Sem vítima";"52,000";"BR-101/SP";"Decrescente";"Colisão traseira";1;0;0;0;0;0;0;0;0;0;1;0;0;0;0
"12/04/2025";"22:25:00";"580";"Com vítima";"145,900";"BR-116/SP";"Decrescente";"Capotamento";1;0;0;0;0;0;0;0;0;0;0;1;1;0;1
"12/04/2025";"22:37:00";"586";"Sem vítima";"305,000";"BR-116/RJ";"Decrescente";"Colisão lateral em sentido contrário";2;0;0;0;0;0;0;0;0;0;0;0;0;0;0
"12/04/2025";"22:54:00";"589";"Com vítima";"521,400";"BR-101/RJ";"Crescente";"Choque";0;0;0;1;0;0;0;0;0;0;0;0;1;0;0
"13/04/2025";"06:14:00";"92";"Sem vítima";"24,650";"BR-101/SP";"Decrescente";"Choque";1;0;0;0;0;0;0;0;0;0;2;0;0;0;0
"13/04/2025";"06:58:00";"113";"Com vítima";"48,000";"BR-101/SP";"Decrescente";"Colisão lateral em sentido contrário";0;0;0;1;0;0;0;0;0;0;0;1;0;0;0
"13/04/2025";"09:36:00";"187";"Com vítima";"293,000";"BR-116/RJ";"Decrescente";"Colisão traseira";0;0;0;2;0;0;0;0;0;0;1;0;1;0;0
"13/04/2025";"09:39:00";"189";"Sem vítima";"293,000";"BR-116/RJ";"Decrescente";"Acidentes de outra natureza";0;0;0;1;0;0;0;0;0;0;0;0;0;0;0
"13/04/2025";"09:53:00";"199";"Com vítima";"467,000";"BR-101/RJ";"Crescente";"Acidentes de outra natureza";0;0;0;1;0;0;0;0;0;0;0;1;0;0;0
"13/04/2025";"10:01:00";"202";"Com vítima";"467,000";"BR-101/RJ";"Crescente";"Acidentes de outra natureza";0;0;0;1;0;0;0;0;0;0;0;2;0;0;0
"13/04/2025";"12:44:00";"266";"Com vítima";"327,400";"BR-116/RJ";"Decrescente";"Colisão traseira";1;0;0;0;0;0;0;0;0;0;0;6;0;0;0
"13/04/2025";"13:59:00";"299";"Com vítima";"152,500";"BR-116/SP";"Crescente";"Choque";0;0;0;1;0;0;0;0;0;0;2;0;2;0;0
"13/04/2025";"14:29:00";"309";"Com vítima";"479,000";"BR-101/RJ";"Decrescente";"Acidentes de outra natureza";0;0;0;1;0;0;0;0;0;0;0;1;0;0;0
"13/04/2025";"17:07:00";"382";"Com vítima";"228,000";"BR-116/SP";"Decrescente";"Colisão lateral em sentido contrário";2;0;0;0;0;0;0;0;0;0;2;2;0;0;0
"13/04/2025";"17:09:00";"386";"Com vítima";"210,900";"BR-116/SP";"Crescente";"Engavetamento";3;0;0;0;0;0;0;0;0;0;1;2;0;0;0
"13/04/2025";"17:11:00";"387";"Com vítima";"493,000";"BR-101/RJ";"Decrescente";"Colisão lateral em sentido contrário";1;0;0;1;0;0;0;0;0;0;1;1;0;0;0
"13/04/2025";"18:02:00";"406";"Sem vítima";"487,000";"BR-101/RJ";"Decrescente";"Choque";1;0;0;0;0;0;0;0;0;0;1;0;0;0;0
"13/04/2025";"19:16:00";"435";"Sem vítima";"230,500";"BR-116/SP";"Decrescente";"Colisão lateral em sentido contrário";1;0;0;0;0;0;0;1;0;0;2;0;0;0;0
"13/04/2025";"21:28:00";"472";"Sem vítima";"226,500";"BR-116/SP";"Crescente";"Engavetamento";1;0;0;0;0;0;0;0;0;0;2;0;0;0;0
"13/04/2025";"22:22:00";"484";"Sem vítima";"218,000";"BR-116/SP";"Crescente";"Capotamento";2;0;0;0;0;0;0;0;0;0;2;0;0;0;0
"13/04/2025";"22:36:00";"491";"Com vítima";"506,300";"BR-101/RJ";"Crescente";"Colisão lateral em sentido contrário";2;0;0;1;0;0;0;0;0;0;2;1;0;0;0
"13/04/2025";"22:52:00";"498";"Sem vítima";"65,400";"BR-116/SP";"Crescente";"Choque";3;0;1;0;0;0;0;0;0;0;18;0;0;0;0
"14/04/2025";"00:00:00";"578";"Sem vítima";"307,000";"BR-116/RJ";"Decrescente";"Capotamento";1;0;0;0;0;0;0;0;0;0;1;0;0;0;0
"14/04/2025";"00:18:00";"38";"Sem vítima";"469,000";"BR-101/RJ";"Crescente";"Capotamento";1;0;0;0;0;0;0;0;0;0;1;0;0;0;0
"14/04/2025";"01:00:00";"45";"Sem vítima";"400,300";"BR-101/RJ";"Decrescente";"Atropelamento de pedestre";1;0;0;0;0;0;0;0;0;0;2;0;0;0;0
"14/04/2025";"05:02:00";"89";"Sem vítima";"230,500";"BR-116/RJ";"Decrescente";"Colisão traseira";0;0;1;0;0;0;0;0;0;0;1;0;0;0;0
"14/04/2025";"07:13:00";"178";"Com vítima";"218,800";"BR-116/SP";"Crescente";"Acidentes de outra natureza";0;0;0;1;0;0;0;0;0;0;0;1;0;0;0
"14/04/2025";"07:15:00";"181";"Sem vítima";"23,000";"BR-116/SP";"Decrescente";"Colisão traseira";0;0;1;0;0;0;0;1;0;0;2;0;0;0;0
"14/04/2025";"09:02:00";"311";"Sem vítima";"519,000";"BR-101/RJ";"Crescente";"Choque";1;0;0;0;0;0;0;0;0;0;2;0;0;0;0
"14/04/2025";"11:14:00";"396";"Sem vítima";"536,000";"BR-101/RJ";"Decrescente";"Acidentes de outra natureza";0;0;0;1;0;0;0;0;0;0;0;0;0;0;0
"14/04/2025";"13:11:00";"468";"Com vítima";"228,000";"BR-116/SP";"Decrescente";"Colisão lateral em sentido contrário";2;0;0;0;0;0;0;0;0;0;2;1;0;0;0
"14/04/2025";"13:24:00";"473";"Com vítima";"479,000";"BR-101/RJ";"Crescente";"Acidentes de outra natureza";0;0;0;1;0;0;0;0;0;0;0;0;4;0;0
"14/04/2025";"13:35:00";"482";"Sem vítima";"147,000";"BR-116/SP";"Crescente";"Colisão lateral em sentido contrário";1;0;1;0;0;0;0;0;0;0;4;0;0;0;0
"14/04/2025";"15:35:00";"574";"Sem vítima";"202,500";"BR-116/SP";"Crescente";"Engavetamento";1;0;1;0;0;0;0;0;0;1;6;0;0;0;0
"14/04/2025";"16:29:00";"615";"Sem vítima";"229,800";"BR-116/RJ";"Crescente";"Colisão lateral em sentido contrário";2;0;0;0;0;0;0;0;0;0;4;0;0;0;0
"14/04/2025";"17:11:00";"632";"Sem vítima";"205,000";"BR-116/SP";"Decrescente";"Colisão lateral em sentido contrário";1;0;1;0;0;0;0;0;0;0;1;0;0;0;0
"14/04/2025";"17:32:00";"645";"Com vítima";"202,900";"BR-116/SP";"Decrescente";"Colisão lateral em sentido contrário";0;0;0;1;0;0;0;0;0;0;0;1;0;0;0
"14/04/2025";"18:31:00";"661";"Com vítima";"544,000";"BR-101/RJ";"Decrescente";"Colisão traseira";2;0;0;0;0;0;0;0;0;0;2;1;0;0;0
"14/04/2025";"19:34:00";"686";"Sem vítima";"485,000";"BR-101/RJ";"Crescente";"Colisão lateral em sentido contrário";2;0;0;0;0;0;0;0;0;0;2;0;0;0;0
"15/04/2025";"05:29:00";"96";"Com vítima";"215,400";"BR-116/SP";"Crescente";"Acidentes de outra natureza";0;0;0;1;0;0;0;0;0;0;0;2;0;0;0
"15/04/2025";"06:41:00";"147";"Com vítima";"218,600";"BR-116/SP";"Crescente";"Colisão lateral em sentido contrário";1;0;0;1;0;0;0;0;0;0;2;1;0;0;0
"15/04/2025";"08:14:00";"233";"Com vítima";"389,000";"BR-101/RJ";"Crescente";"Colisão lateral em sentido contrário";0;0;0;1;0;0;0;0;0;0;0;1;0;0;0
"15/04/2025";"08:51:00";"273";"Com vítima";"231,900";"BR-116/RJ";"Decrescente";"Tombamento";0;0;3;0;0;0;0;0;0;0;4;2;0;0;0
"15/04/2025";"09:17:00";"296";"Com vítima";"155,300";"BR-116/SP";"Decrescente";"Colisão lateral em sentido contrário";1;0;0;0;0;0;0;1;0;0;2;2;0;0;0
"15/04/2025";"10:10:00";"338";"Com vítima";"78,800";"BR-116/SP";"Decrescente";"Engavetamento";1;0;0;2;0;0;0;0;0;1;5;0;1;0;0
"15/04/2025";"15:06:00";"465";"Com vítima";"463,000";"BR-101/RJ";"Decrescente";"Acidentes de outra natureza";0;0;0;1;0;0;0;0;0;0;0;2;0;0;0
"15/04/2025";"15:17:00";"471";"Sem vítima";"135,800";"BR-116/SP";"Crescente";"Colisão traseira";1;0;0;0;0;0;0;0;0;0;1;0;0;0;0
"15/04/2025";"16:37:00";"509";"Sem vítima";"154,000";"BR-116/SP";"Crescente";"Colisão lateral em sentido contrário";1;0;1;0;0;0;0;0;0;0;4;0;0;0;0
"15/04/2025";"17:53:00";"539";"Com vítima";"219,000";"BR-116/SP";"Crescente";"Colisão lateral em sentido contrário";0;0;1;1;0;0;0;0;0;0;1;1;0;0;0
"15/04/2025";"19:04:00";"577";"Sem vítima";"217,300";"BR-116/SP";"Decrescente";"Choque";1;0;0;0;0;0;0;0;0;0;0;0;0;0;0
"15/04/2025";"19:13:00";"584";"Sem vítima";"219,700";"BR-116/SP";"Decrescente";"Colisão traseira";1;0;0;0;1;0;0;0;0;0;0;0;0;0;0
"15/04/2025";"19:50:00";"602";"Sem vítima";"153,500";"BR-116/SP";"Crescente";"Colisão traseira";2;0;0;0;0;0;0;0;0;0;4;0;0;0;0
"15/04/2025";"20:43:00";"630";"Com vítima";"385,400";"BR-101/RJ";"Decrescente";"Colisão traseira";0;0;0;1;0;0;0;0;0;0;0;0;1;0;0
"15/04/2025";"21:02:00";"640";"Com vítima";"486,500";"BR-101/RJ";"Crescente";"Colisão lateral em sentido contrário";1;0;0;1;0;0;0;0;0;0;1;2;0;0;0
"15/04/2025";"21:15:00";"648";"Sem vítima";"97,200";"BR-116/SP";"Crescente";"Choque";1;0;1;0;0;0;0;0;0;0;2;0;0;0;0
"15/04/2025";"22:45:00";"671";"Com vítima";"409,500";"BR-101/RJ";"Decrescente";"Choque";1;0;0;0;0;0;0;0;0;0;0;0;0;0;1
"16/04/2025";"00:00:00";"568";"Sem vítima";"166,050";"BR-116/SP";"Decrescente";"Colisão traseira";0;0;0;1;0;0;0;0;0;0;1;0;0;0;0
"16/04/2025";"05:49:00";"103";"Sem vítima";"157,800";"BR-116/SP";"Crescente";"Colisão lateral em sentido contrário";1;0;0;0;0;0;0;0;0;0;0;0;0;0;0
"16/04/2025";"06:46:00";"148";"Sem vítima";"111,500";"BR-116/SP";"Decrescente";"Colisão traseira";1;0;1;0;0;1;0;0;0;0;6;0;0;0;0
"16/04/2025";"08:11:00";"234";"Sem vítima";"325,900";"BR-116/RJ";"Crescente";"Colisão lateral em sentido contrário";1;0;0;0;0;0;0;0;0;0;1;0;0;0;0
"16/04/2025";"08:16:00";"240";"Sem vítima";"147,900";"BR-116/SP";"Decrescente";"Colisão traseira";2;0;0;0;0;0;0;0;0;0;6;0;0;0;0
"16/04/2025";"08:23:00";"255";"Com vítima";"72,900";"BR-116/SP";"Crescente";"Colisão traseira";1;0;1;0;0;0;0;0;0;0;2;0;2;0;0
"16/04/2025";"08:30:00";"262";"Com vítima";"216,000";"BR-116/SP";"Crescente";"Colisão lateral em sentido contrário";0;0;0;1;0;0;0;0;0;0;0;2;0;0;0
"16/04/2025";"08:34:00";"268";"Com vítima";"132,000";"BR-116/SP";"Decrescente";"Colisão traseira";1;0;0;1;0;0;0;0;0;0;2;2;0;0;0
"16/04/2025";"08:38:00";"273";"Com vítima";"528,500";"BR-101/RJ";"Crescente";"Capotamento";1;0;0;0;0;0;0;0;0;0;0;2;0;0;0
"16/04/2025";"08:41:00";"276";"Sem vítima";"72,500";"BR-116/SP";"Crescente";"Choque";1;0;0;0;0;0;0;0;0;0;2;0;0;0;0
"16/04/2025";"09:22:00";"308";"Com vítima";"130,700";"BR-116/SP";"Crescente";"Choque";0;0;0;0;0;0;0;1;0;0;0;2;0;0;0
"16/04/2025";"09:24:00";"309";"Sem vítima";"440,500";"BR-101/RJ";"Crescente";"Choque";1;0;0;0;0;0;0;0;0;0;1;0;0;0;0
"16/04/2025";"09:41:00";"323";"Sem vítima";"287,000";"BR-116/RJ";"Crescente";"Choque";1;0;0;0;0;0;0;0;0;0;1;0;0;0;0
"16/04/2025";"10:10:00";"339";"Sem vítima";"132,000";"BR-116/SP";"Decrescente";"Engavetamento";3;0;0;0;0;0;0;0;0;0;6;0;0;0;0
"16/04/2025";"10:41:00";"364";"Com vítima";"468,000";"BR-101/RJ";"Crescente";"Colisão traseira";1;0;0;1;0;0;0;0;0;0;1;2;0;0;0
"16/04/2025";"12:31:00";"416";"Com vítima";"114,000";"BR-116/SP";"Crescente";"Colisão lateral em sentido contrário";0;0;1;1;0;0;0;0;0;0;0;1;0;0;0
"16/04/2025";"12:44:00";"424";"Sem vítima";"227,000";"BR-116/SP";"Crescente";"Colisão lateral em sentido contrário";1;0;1;0;0;0;0;0;0;0;2;0;0;0;0
"16/04/2025";"13:42:00";"453";"Com vítima";"138,900";"BR-116/SP";"Decrescente";"Colisão lateral em sentido contrário";1;0;0;1;0;0;0;0;0;0;2;2;0;0;0
"16/04/2025";"15:14:00";"499";"Com vítima";"47,300";"BR-101/SP";"Decrescente";"Acidentes de outra natureza";0;0;0;1;0;0;0;0;0;0;0;1;0;0;0
"16/04/2025";"16:04:00";"534";"Com vítima";"228,000";"BR-116/SP";"Decrescente";"Colisão lateral em sentido contrário";1;0;0;1;0;0;0;0;0;0;1;0;1;0;0
"16/04/2025";"16:52:00";"558";"Com vítima";"387,700";"BR-101/RJ";"Crescente";"Colisão traseira";1;0;0;1;0;0;0;0;0;0;1;1;0;0;0
"16/04/2025";"17:12:00";"565";"Sem vítima";"107,500";"BR-116/SP";"Decrescente";"Colisão traseira";1;0;0;0;0;0;0;0;0;0;1;0;0;0;0
"16/04/2025";"17:44:00";"578";"Com vítima";"218,600";"BR-116/SP";"Decrescente";"Colisão traseira";0;0;1;1;0;0;0;0;0;0;1;1;0;0;0
"16/04/2025";"18:09:00";"589";"Sem vítima";"456,000";"BR-101/RJ";"Decrescente";"Engavetamento";1;0;1;0;0;0;0;0;0;0;4;0;0;0;0
"16/04/2025";"18:25:00";"603";"Com vítima";"147,500";"BR-116/SP";"Decrescente";"Colisão traseira";2;0;0;1;0;0;0;0;0;0;0;1;0;0;0
"16/04/2025";"18:30:00";"606";"Sem vítima";"100,800";"BR-116/SP";"Crescente";"Colisão traseira";2;0;0;0;0;0;0;0;0;0;4;0;0;0;0
"16/04/2025";"19:09:00";"626";"Com vítima";"202,100";"BR-116/SP";"Decrescente";"Colisão lateral em sentido contrário";0;0;0;1;0;0;0;0;0;0;0;1;0;0;0