data;horario;n_da_ocorrencia;tipo_de_ocorrencia;km;trecho;sentido;tipo_de_acidente;automovel;bicicleta;caminhao;moto;onibus;outros;tracao_animal;transporte_de_cargas_especiais;trator_maquinas;utilitarios;ilesos;levemente_feridos;moderadamente_feridos;gravemente_feridos;mortos
"16/04/2025";"19:46:00";"638";"Com vítima";"202,900";"BR-116/SP";"Decrescente";"Engavetamento";3;0;0;0;0;0;0;0;0;0;0;3;0;0;0
"16/04/2025";"20:33:00";"664";"Com vítima";"219,500";"BR-116/RJ";"Crescente";"Atropelamento de pedestre";1;0;0;0;0;0;0;0;0;0;1;0;1;0;0
"16/04/2025";"21:34:00";"683";"Sem vítima";"208,000";"BR-116/SP";"Decrescente";"Choque";1;0;0;0;0;0;0;0;0;0;1;0;0;0;0
"16/04/2025";"21:55:00";"688";"Com vítima";"51,100";"BR-116/SP";"Crescente";"Colisão lateral em sentido contrário";0;0;0;2;0;0;0;0;0;0;0;0;1;0;0
"17/04/2025";"07:00:00";"189";"Com vítima";"218,900";"BR-116/SP";"Decrescente";"Colisão lateral em sentido contrário";1;0;0;1;0;0;0;0;0;0;1;1;0;0;0
"17/04/2025";"07:05:00";"192";"Sem vítima";"112,800";"BR-116/SP";"Crescente";"Colisão traseira";2;0;0;0;0;0;0;0;0;0;1;0;0;0;0
"17/04/2025";"07:43:00";"241";"Sem vítima";"116,400";"BR-116/SP";"Decrescente";"Engavetamento";3;0;0;0;0;0;0;0;0;0;4;0;0;0;0
"17/04/2025";"08:02:00";"252";"Com vítima";"233,700";"BR-116/RJ";"Decrescente";"Colisão traseira";2;0;0;0;0;0;0;0;0;0;2;1;0;0;0
"17/04/2025";"09:42:00";"329";"Sem vítima";"59,500";"BR-116/SP";"Crescente";"Colisão traseira";2;0;0;0;0;0;0;0;0;0;10;0;0;0;0
"17/04/2025";"09:55:00";"347";"Sem vítima";"175,000";"BR-116/SP";"Crescente";"Engavetamento";3;0;0;0;0;0;0;0;0;0;8;0;0;0;0
"17/04/2025";"11:21:00";"395";"Com vítima";"115,000";"BR-116/SP";"Crescente";"Colisão lateral em sentido contrário";1;0;0;1;0;0;0;0;0;0;1;1;0;0;0
"17/04/2025";"13:55:00";"480";"Sem vítima";"219,200";"BR-116/SP";"Decrescente";"Colisão lateral em sentido contrário";0;0;0;0;0;0;0;1;0;0;1;0;0;0;0
"17/04/2025";"13:59:00";"482";"Com vítima";"107,800";"BR-116/SP";"Crescente";"Colisão traseira";0;0;2;0;0;0;0;0;0;0;1;1;0;0;0
"17/04/2025";"14:36:00";"508";"Com vítima";"139,200";"BR-116/SP";"Decrescente";"Colisão lateral em sentido contrário";1;0;0;1;0;0;0;0;0;0;1;1;0;0;0
"17/04/2025";"14:41:00";"511";"Com vítima";"225,000";"BR-116/SP";"Crescente";"Colisão lateral em sentido contrário";1;0;0;1;0;0;0;0;0;0;3;1;0;0;0
"17/04/2025";"15:05:00";"523";"Sem vítima";"105,800";"BR-116/SP";"Crescente";"Colisão lateral em sentido contrário";0;0;1;0;0;0;0;0;0;0;1;0;0;0;0
"17/04/2025";"15:19:00";"538";"Com vítima";"218,000";"BR-116/SP";"Crescente";"Colisão traseira";0;0;1;1;0;0;0;0;0;0;1;1;0;0;0
"17/04/2025";"15:56:00";"565";"Com vítima";"230,000";"BR-116/SP";"Crescente";"Colisão lateral em sentido contrário";1;0;0;1;0;0;0;0;0;0;2;4;0;0;0
"17/04/2025";"16:18:00";"576";"Sem vítima";"262,800";"BR-116/RJ";"Crescente";"Colisão traseira";2;0;0;0;0;0;0;0;0;0;2;0;0;0;0
"17/04/2025";"18:04:00";"627";"Sem vítima";"129,500";"BR-116/SP";"Crescente";"Choque";2;0;1;0;0;0;0;0;0;0;6;0;0;0;0
"17/04/2025";"18:26:00";"639";"Com vítima";"107,350";"BR-116/SP";"Crescente";"Colisão traseira";0;0;0;1;0;0;0;0;0;0;0;1;0;0;0
"17/04/2025";"19:42:00";"686";"Com vítima";"224,500";"BR-116/SP";"Decrescente";"Engavetamento";2;0;0;0;0;0;0;0;0;0;2;2;0;0;0
"17/04/2025";"20:51:00";"720";"Com vítima";"325,900";"BR-116/RJ";"Crescente";"Colisão traseira";0;0;2;0;0;0;0;0;0;0;1;0;1;0;0
"17/04/2025";"22:11:00";"744";"Sem vítima";"204,500";"BR-116/SP";"Decrescente";"Colisão lateral em sentido contrário";2;0;0;0;0;0;0;0;0;0;6;0;0;0;0
"17/04/2025";"22:26:00";"752";"Sem vítima";"521,000";"BR-101/RJ";"Crescente";"Choque";1;0;0;0;0;0;0;0;0;0;3;0;0;0;0
"17/04/2025";"22:37:00";"758";"Com vítima";"56,300";"BR-116/SP";"Crescente";"Acidentes de outra natureza";0;0;0;1;0;0;0;0;0;0;1;1;0;0;0
"18/04/2025";"01:48:00";"63";"Com vítima";"44,000";"BR-116/SP";"Decrescente";"Colisão traseira";1;0;0;0;0;0;0;0;0;0;0;1;0;0;0
"18/04/2025";"02:00:00";"68";"Com vítima";"410,100";"BR-101/RJ";"Decrescente";"Choque";0;0;0;0;0;0;0;0;0;1;0;0;1;0;0
"18/04/2025";"02:56:00";"81";"Com vítima";"144,100";"BR-116/SP";"Decrescente";"Tombamento";1;0;0;0;0;0;0;0;0;0;6;4;0;0;0
"18/04/2025";"03:31:00";"90";"Sem vítima";"26,500";"BR-116/SP";"Decrescente";"Colisão traseira";1;0;0;0;0;0;0;0;0;0;2;0;0;0;0
"18/04/2025";"06:16:00";"616";"Com vítima";"202,500";"BR-116/SP";"Decrescente";"Colisão lateral em sentido contrário";1;0;0;1;0;0;0;0;0;0;0;1;0;0;0
"18/04/2025";"06:47:00";"163";"Sem vítima";"161,000";"BR-116/SP";"Decrescente";"Engavetamento";2;0;0;0;0;0;0;0;0;0;5;0;0;0;0
"18/04/2025";"06:56:00";"172";"Sem vítima";"161,200";"BR-116/SP";"Decrescente";"Colisão lateral em sentido contrário";2;0;0;0;0;0;0;0;0;0;4;0;0;0;0
"18/04/2025";"07:01:00";"178";"Com vítima";"417,500";"BR-101/RJ";"Crescente";"Colisão traseira";1;0;0;1;0;0;0;0;0;0;4;4;0;0;0
"18/04/2025";"07:12:00";"186";"Sem vítima";"22,300";"BR-101/SP";"Decrescente";"Choque";1;0;0;0;0;0;0;0;0;0;1;0;0;0;0
"18/04/2025";"07:29:00";"194";"Com vítima";"216,800";"BR-116/SP";"Decrescente";"Acidentes de outra natureza";0;0;0;1;0;0;0;0;0;0;0;1;0;0;0
"18/04/2025";"07:39:00";"198";"Sem vítima";"157,000";"BR-116/SP";"Decrescente";"Colisão lateral em sentido contrário";1;0;1;0;0;0;0;0;0;0;2;0;0;0;0
"18/04/2025";"07:43:00";"204";"Com vítima";"71,000";"BR-116/SP";"Decrescente";"Capotamento";3;0;0;0;0;0;0;0;0;0;13;1;0;0;0
"18/04/2025";"07:52:00";"211";"Sem vítima";"113,000";"BR-116/SP";"Decrescente";"Engavetamento";2;0;0;0;0;0;0;0;0;0;5;0;0;0;0
"18/04/2025";"07:58:00";"216";"Sem vítima";"482,000";"BR-101/RJ";"Crescente";"Colisão traseira";2;0;0;0;0;0;0;0;0;0;6;0;0;0;0
"18/04/2025";"08:45:00";"244";"Com vítima";"82,830";"BR-116/SP";"Decrescente";"Colisão lateral em sentido contrário";1;0;0;1;0;0;0;0;0;0;2;0;2;0;0
"18/04/2025";"08:47:00";"246";"Sem vítima";"139,000";"BR-116/SP";"Decrescente";"Colisão traseira";2;0;0;0;0;0;0;0;0;0;18;0;0;0;0
"18/04/2025";"09:33:00";"275";"Sem vítima";"223,400";"BR-116/RJ";"Crescente";"Colisão traseira";1;0;0;0;0;0;0;0;0;0;6;0;0;0;0
"18/04/2025";"09:53:00";"290";"Sem vítima";"292,400";"BR-116/RJ";"Crescente";"Engavetamento";3;0;0;0;0;0;0;0;0;0;5;0;0;0;0
"18/04/2025";"11:01:00";"327";"Com vítima";"511,500";"BR-101/RJ";"Crescente";"Engavetamento";3;0;0;0;0;0;0;0;0;0;8;2;0;0;0
"18/04/2025";"11:03:00";"329";"Sem vítima";"59,700";"BR-116/SP";"Crescente";"Engavetamento";3;0;0;0;0;0;0;0;0;0;9;0;0;0;0
"18/04/2025";"11:06:00";"331";"Com vítima";"144,150";"BR-116/SP";"Decrescente";"Acidentes de outra natureza";0;0;0;1;0;0;0;0;0;0;0;2;0;0;0
"18/04/2025";"11:32:00";"339";"Com vítima";"266,000";"BR-116/RJ";"Crescente";"Colisão traseira";0;0;2;0;0;0;0;0;0;0;2;0;0;2;0
"18/04/2025";"11:44:00";"342";"Sem vítima";"299,000";"BR-116/RJ";"Crescente";"Engavetamento";3;0;0;0;0;0;0;0;0;0;6;0;0;0;0
"18/04/2025";"12:35:00";"367";"Sem vítima";"183,000";"BR-116/SP";"Decrescente";"Colisão lateral em sentido contrário";1;0;1;0;0;0;0;0;0;0;4;0;0;0;0
"18/04/2025";"13:15:00";"394";"Sem vítima";"496,000";"BR-101/RJ";"Crescente";"Colisão traseira";1;0;0;0;0;0;0;0;0;0;4;0;0;0;0
"18/04/2025";"14:28:00";"446";"Sem vítima";"109,300";"BR-116/SP";"Decrescente";"Colisão lateral em sentido contrário";2;0;0;0;0;0;0;0;0;0;4;0;0;0;0
"18/04/2025";"15:10:00";"474";"Sem vítima";"114,000";"BR-116/SP";"Decrescente";"Engavetamento";2;0;0;0;0;0;0;0;0;0;14;0;0;0;0
"18/04/2025";"18:42:00";"563";"Sem vítima";"258,000";"BR-116/RJ";"Decrescente";"Colisão lateral em sentido contrário";2;0;0;0;0;0;0;0;0;0;8;0;0;0;0
"18/04/2025";"18:51:00";"570";"Sem vítima";"261,500";"BR-116/RJ";"Decrescente";"Choque";1;0;0;0;0;0;0;0;0;0;2;0;0;0;0
"18/04/2025";"20:04:00";"599";"Sem vítima";"228,200";"BR-116/SP";"Decrescente";"Choque";1;0;0;0;0;0;0;0;0;0;2;0;0;0;0
"19/04/2025";"00:00:00";"327";"Sem vítima";"515,000";"BR-101/RJ";"Crescente";"Choque";1;0;0;0;0;0;0;0;0;0;1;0;0;0;0
"19/04/2025";"00:00:00";"439";"Sem vítima";"14,000";"BR-101/SP";"Crescente";"Choque";1;0;0;0;0;0;0;0;0;0;5;0;0;0;0
"19/04/2025";"00:40:00";"41";"Com vítima";"306,700";"BR-116/RJ";"Decrescente";"Choque";1;0;0;0;0;0;0;0;0;0;0;1;0;0;0
"19/04/2025";"01:43:00";"47";"Sem vítima";"49,800";"BR-116/SP";"Decrescente";"Engavetamento";2;0;0;0;0;0;0;0;0;1;7;0;0;0;0
"19/04/2025";"03:57:00";"67";"Com vítima";"283,000";"BR-116/RJ";"Crescente";"Atropelamento de pedestre";0;0;0;0;0;0;0;0;0;0;0;0;0;1;0
"19/04/2025";"05:28:00";"77";"Sem vítima";"85,000";"BR-116/SP";"Decrescente";"Atropelamento de pedestre";1;0;0;0;0;0;0;0;0;0;2;0;0;0;0
"19/04/2025";"06:23:00";"91";"Sem vítima";"229,800";"BR-116/RJ";"Crescente";"Choque";0;0;1;0;0;0;0;0;0;0;1;0;0;0;0
"19/04/2025";"06:34:00";"97";"Sem vítima";"217,000";"BR-116/RJ";"Crescente";"Capotamento";1;0;0;0;0;0;0;0;0;0;2;0;0;0;0
"19/04/2025";"06:57:00";"108";"Sem vítima";"530,000";"BR-101/RJ";"Crescente";"Capotamento";1;0;0;0;0;0;0;0;0;0;1;0;0;0;0
"19/04/2025";"07:26:00";"122";"Sem vítima";"296,000";"BR-116/RJ";"Decrescente";"Choque";1;0;0;0;0;0;0;0;0;0;1;0;0;0;0
"19/04/2025";"07:56:00";"134";"Sem vítima";"138,700";"BR-116/SP";"Decrescente";"Choque";1;0;0;0;0;0;0;0;0;0;1;0;0;0;0
"19/04/2025";"08:55:00";"163";"Com vítima";"126,200";"BR-116/SP";"Decrescente";"Engavetamento";4;0;0;0;0;0;0;0;0;0;8;3;0;0;0
"19/04/2025";"11:19:00";"207";"Sem vítima";"146,000";"BR-116/SP";"Decrescente";"Colisão lateral em sentido contrário";2;0;0;0;0;0;0;0;0;0;2;0;0;0;0
"19/04/2025";"14:41:00";"280";"Com vítima";"51,100";"BR-101/SP";"Decrescente";"Colisão transversal";1;0;0;1;0;0;0;0;0;0;3;0;0;1;0
"19/04/2025";"14:47:00";"285";"Sem vítima";"331,000";"BR-116/RJ";"Crescente";"Choque";1;0;0;0;0;0;0;0;0;0;1;0;0;0;0
"19/04/2025";"15:01:00";"294";"Com vítima";"230,900";"BR-116/RJ";"Crescente";"Acidentes de outra natureza";0;0;0;1;0;0;0;0;0;0;0;0;1;0;0
"19/04/2025";"16:22:00";"336";"Com vítima";"226,000";"BR-116/RJ";"Decrescente";"Acidentes de outra natureza";1;0;0;0;0;0;0;0;0;0;0;1;0;0;0
"19/04/2025";"16:25:00";"339";"Com vítima";"576,000";"BR-101/RJ";"Crescente";"Colisão lateral em sentido contrário";2;0;0;0;0;0;0;0;0;0;3;2;0;0;0
"19/04/2025";"16:29:00";"340";"Sem vítima";"467,900";"BR-101/RJ";"Decrescente";"Choque";1;0;0;0;0;0;0;0;0;0;3;0;0;0;0
"19/04/2025";"16:32:00";"343";"Sem vítima";"337,000";"BR-116/RJ";"Decrescente";"Atropelamento de pedestre";1;0;0;0;0;0;0;0;0;0;2;0;0;0;0
"19/04/2025";"17:31:00";"365";"Com vítima";"117,500";"BR-116/SP";"Crescente";"Choque";2;0;0;0;0;0;0;0;0;0;0;6;9;0;0
"19/04/2025";"18:37:00";"390";"Sem vítima";"433,000";"BR-101/RJ";"Decrescente";"Atropelamento de pedestre";0;0;0;1;0;0;0;0;0;0;0;0;0;0;0
"19/04/2025";"19:43:00";"420";"Sem vítima";"496,000";"BR-101/RJ";"Decrescente";"Choque";1;0;0;0;0;0;0;0;0;0;4;0;0;0;0
"19/04/2025";"19:49:00";"422";"Sem vítima";"272,200";"BR-116/RJ";"Crescente";"Choque";1;0;0;0;0;0;0;0;0;0;0;0;0;0;0
"19/04/2025";"20:17:00";"438";"Sem vítima";"424,000";"BR-101/RJ";"Decrescente";"Choque";1;0;0;0;0;0;0;0;0;0;2;0;0;0;0
"19/04/2025";"20:19:00";"440";"Com vítima";"311,300";"BR-116/RJ";"Decrescente";"Colisão frontal";1;0;0;1;0;0;0;0;0;0;0;1;0;0;1
"19/04/2025";"20:28:00";"446";"Com vítima";"232,800";"BR-116/RJ";"Decrescente";"Capotamento";1;0;0;0;0;0;0;0;0;0;1;1;0;0;0
"19/04/2025";"21:05:00";"458";"Sem vítima";"228,000";"BR-116/SP";"Decrescente";"Choque";1;0;0;0;0;0;0;0;0;0;2;0;0;0;0
"19/04/2025";"21:21:00";"461";"Com vítima";"503,000";"BR-101/RJ";"Crescente";"Colisão frontal";2;0;0;0;0;0;0;0;0;0;1;2;0;0;0
"19/04/2025";"22:30:00";"481";"Sem vítima";"50,000";"BR-116/SP";"Crescente";"Choque";1;0;0;0;0;0;0;0;0;0;1;0;0;0;0
"20/04/2025";"00:00:00";"44";"Com vítima";"393,800";"BR-101/RJ";"Crescente";"Acidentes de outra natureza";0;0;0;1;0;0;0;0;0;0;0;1;0;0;0
"20/04/2025";"00:00:00";"314";"Sem vítima";"96,400";"BR-116/SP";"Crescente";"Colisão traseira";2;0;0;0;0;0;0;0;0;0;5;0;0;0;0
"20/04/2025";"03:02:00";"61";"Sem vítima";"113,500";"BR-116/SP";"Decrescente";"Colisão traseira";1;0;0;0;0;0;0;0;0;0;1;0;0;0;0
"20/04/2025";"03:09:00";"62";"Sem vítima";"34,700";"BR-101/SP";"Crescente";"Choque";1;0;0;0;0;0;0;0;0;0;1;0;0;0;0
"20/04/2025";"04:19:00";"67";"Sem vítima";"82,300";"BR-116/SP";"Decrescente";"Choque";1;0;0;0;0;0;0;0;0;0;2;0;0;0;0
"20/04/2025";"04:55:00";"69";"Sem vítima";"157,000";"BR-116/SP";"Crescente";"Engavetamento";5;0;0;0;0;0;0;0;0;0;8;0;0;0;0
"20/04/2025";"04:58:00";"71";"Com vítima";"157,000";"BR-116/SP";"Crescente";"Atropelamento de pedestre";0;0;0;0;0;0;0;0;0;0;0;0;1;0;0
"20/04/2025";"06:17:00";"84";"Sem vítima";"323,000";"BR-116/RJ";"Crescente";"Choque";1;0;0;0;0;0;0;0;0;0;4;0;0;0;0
"20/04/2025";"07:24:00";"109";"Sem vítima";"129,500";"BR-116/SP";"Decrescente";"Choque";1;0;0;0;0;0;0;0;0;0;1;0;0;0;0
"20/04/2025";"08:21:00";"129";"Com vítima";"515,000";"BR-101/RJ";"Decrescente";"Capotamento";1;0;0;0;0;0;0;0;0;0;1;3;0;0;0
"20/04/2025";"10:10:00";"168";"Sem vítima";"388,000";"BR-101/RJ";"Crescente";"Colisão traseira";2;0;0;0;0;0;0;0;0;0;2;0;0;0;0
"20/04/2025";"10:17:00";"171";"Sem vítima";"22,000";"BR-116/SP";"Crescente";"Colisão lateral em sentido contrário";1;0;1;0;0;0;0;0;0;0;5;0;0;0;0
"20/04/2025";"10:42:00";"181";"Com vítima";"86,000";"BR-116/SP";"Crescente";"Engavetamento";4;0;1;0;0;0;0;0;0;0;15;1;0;0;0
"20/04/2025";"12:53:00";"231";"Com vítima";"36,000";"BR-101/SP";"Decrescente";"Colisão transversal";1;0;0;1;0;0;0;0;0;0;2;1;0;0;0
"20/04/2025";"14:08:00";"259";"Sem vítima";"288,900";"BR-116/RJ";"Crescente";"Atropelamento de pedestre";1;0;0;0;0;0;0;0;0;0;3;0;0;0;0
"20/04/2025";"15:40:00";"302";"Sem vítima";"407,300";"BR-101/RJ";"Decrescente";"Atropelamento de pedestre";1;0;0;0;0;0;0;0;0;0;1;0;0;0;0
"20/04/2025";"16:53:00";"331";"Com vítima";"124,000";"BR-116/SP";"Crescente";"Acidentes de outra natureza";1;0;0;0;0;0;0;0;0;0;0;1;0;0;0
"20/04/2025";"17:00:00";"334";"Sem vítima";"225,000";"BR-116/SP";"Decrescente";"Colisão lateral em sentido contrário";1;0;1;0;0;0;0;0;0;0;0;0;0;0;0
"20/04/2025";"21:11:00";"395";"Com vítima";"89,900";"BR-116/SP";"Crescente";"Atropelamento de pedestre";0;1;0;1;0;0;0;0;0;0;1;0;1;0;0
"20/04/2025";"21:29:00";"399";"Sem vítima";"218,600";"BR-116/SP";"Crescente";"Colisão lateral em sentido contrário";1;0;0;0;0;0;0;0;0;0;1;0;0;0;0
"21/04/2025";"04:46:00";"60";"Sem vítima";"458,000";"BR-101/RJ";"Crescente";"Colisão lateral em sentido contrário";2;0;0;0;0;0;0;0;0;0;3;0;0;0;0
"21/04/2025";"15:57:00";"364";"Sem vítima";"247,800";"BR-116/RJ";"Decrescente";"Choque";0;0;0;0;0;0;0;0;0;1;5;0;0;0;0
"21/04/2025";"19:41:00";"463";"Sem vítima";"157,700";"BR-116/SP";"Crescente";"Colisão traseira";1;0;0;0;0;0;0;0;0;0;2;0;0;0;0
"21/04/2025";"19:49:00";"468";"Sem vítima";"271,000";"BR-116/RJ";"Decrescente";"Colisão frontal";1;0;1;0;0;0;0;0;0;0;2;0;0;0;0
"21/04/2025";"20:15:00";"482";"Com vítima";"89,000";"BR-116/SP";"Crescente";"Colisão lateral em sentido contrário";1;0;0;1;0;0;0;0;0;0;0;1;1;0;0
"21/04/2025";"23:39:00";"543";"Com vítima";"145,700";"BR-116/SP";"Decrescente";"Colisão traseira";2;0;0;0;0;0;0;0;0;0;1;1;0;0;0
"21/04/2025";"23:53:00";"537";"Com vítima";"413,400";"BR-101/RJ";"Crescente";"Colisão traseira";1;0;0;1;0;0;0;0;0;0;1;1;1;0;0
"22/04/2025";"00:00:00";"300";"Sem vítima";"102,300";"BR-116/SP";"Crescente";"Engavetamento";2;0;0;0;0;0;0;0;0;0;3;0;0;0;0
"22/04/2025";"02:39:00";"54";"Sem vítima";"476,000";"BR-101/RJ";"Crescente";"Choque";1;0;0;0;0;0;0;0;0;0;1;0;0;0;0
"22/04/2025";"04:03:00";"68";"Sem vítima";"142,500";"BR-116/SP";"Decrescente";"Choque";1;0;0;0;0;0;0;0;0;0;0;0;0;0;0
"22/04/2025";"04:39:00";"72";"Com vítima";"32,950";"BR-101/SP";"Crescente";"Capotamento";1;0;0;0;0;0;0;0;0;0;0;1;1;0;0
"22/04/2025";"07:40:00";"177";"Com vítima";"108,600";"BR-116/SP";"Crescente";"Engavetamento";3;0;1;0;0;0;0;0;0;0;14;2;0;0;0
"22/04/2025";"08:57:00";"64";"Com vítima";"27,450";"BR-116/SP";"Decrescente";"Colisão traseira";0;0;1;0;1;0;0;0;0;0;1;43;1;0;0
"22/04/2025";"08:57:00";"252";"Sem vítima";"102,200";"BR-116/SP";"Crescente";"Engavetamento";3;0;0;0;0;0;0;0;0;0;8;0;0;0;0
"22/04/2025";"10:00:00";"298";"Sem vítima";"96,000";"BR-116/SP";"Crescente";"Colisão lateral em sentido contrário";1;0;0;0;0;0;0;0;0;1;0;0;0;0;0
"22/04/2025";"10:46:00";"323";"Sem vítima";"194,900";"BR-116/SP";"Crescente";"Colisão traseira";1;0;1;0;0;0;0;0;0;0;4;0;0;0;0
"22/04/2025";"11:52:00";"296";"Sem vítima";"18,300";"BR-116/SP";"Decrescente";"Colisão traseira";2;0;0;0;0;0;0;0;0;0;4;0;0;0;0
"22/04/2025";"13:38:00";"335";"Sem vítima";"221,800";"BR-116/SP";"Crescente";"Colisão traseira";0;0;1;0;0;0;0;0;0;0;1;0;0;0;0
"22/04/2025";"15:00:00";"454";"Sem vítima";"224,000";"BR-116/SP";"Crescente";"Colisão traseira";0;0;1;0;0;0;0;0;0;0;1;0;0;0;0
"22/04/2025";"15:01:00";"457";"Sem vítima";"109,100";"BR-116/SP";"Crescente";"Colisão traseira";2;0;0;0;0;0;0;0;0;0;6;0;0;0;0
"22/04/2025";"18:21:00";"557";"Sem vítima";"145,600";"BR-116/SP";"Crescente";"Colisão traseira";2;0;0;0;0;0;0;0;0;0;6;0;0;0;0
"22/04/2025";"18:54:00";"569";"Com vítima";"142,200";"BR-116/SP";"Decrescente";"Engavetamento";4;0;0;0;0;0;0;0;0;0;6;0;2;0;0
"22/04/2025";"21:10:00";"619";"Sem vítima";"154,000";"BR-116/SP";"Decrescente";"Colisão lateral em sentido contrário";1;0;0;0;0;0;0;1;0;0;2;0;0;0;0
"22/04/2025";"21:42:00";"634";"Com vítima";"386,000";"BR-101/RJ";"Crescente";"Colisão traseira";0;0;0;1;1;0;0;0;0;0;1;1;0;0;0
"23/04/2025";"04:27:00";"66";"Sem vítima";"127,950";"BR-116/SP";"Decrescente";"Colisão traseira";0;0;1;0;0;0;0;1;0;0;3;0;0;0;0
"23/04/2025";"06:30:00";"109";"Com vítima";"215,000";"BR-116/SP";"Crescente";"Acidentes de outra natureza";0;0;0;1;0;0;0;0;0;0;0;0;1;0;0
"23/04/2025";"06:44:00";"128";"Com vítima";"215,300";"BR-116/SP";"Decrescente";"Tombamento";1;0;0;0;0;0;0;0;0;0;0;1;0;0;0
"23/04/2025";"07:34:00";"182";"Com vítima";"229,000";"BR-116/SP";"Crescente";"Colisão traseira";1;0;0;1;0;0;0;0;0;0;1;1;1;0;0
"23/04/2025";"07:45:00";"195";"Sem vítima";"424,000";"BR-101/RJ";"Decrescente";"Colisão traseira";2;0;0;0;0;0;0;0;0;0;1;0;0;0;0
"23/04/2025";"09:50:00";"296";"Sem vítima";"322,000";"BR-116/RJ";"Crescente";"Choque";1;0;0;0;0;0;0;0;0;0;0;0;0;0;0
"23/04/2025";"12:30:00";"386";"Sem vítima";"1,000";"BR-116/SP";"Crescente";"Choque";1;0;0;0;0;0;0;0;0;0;1;0;0;0;0
"23/04/2025";"14:14:00";"436";"Sem vítima";"392,000";"BR-101/RJ";"Decrescente";"Choque";1;0;0;0;0;0;0;0;0;0;4;0;0;0;0
"23/04/2025";"14:58:00";"454";"Com vítima";"479,000";"BR-101/RJ";"Decrescente";"Colisão traseira";0;0;0;2;0;0;0;0;0;0;0;1;2;0;0
"23/04/2025";"15:26:00";"469";"Sem vítima";"229,400";"BR-116/RJ";"Decrescente";"Colisão lateral em sentido contrário";1;0;1;0;0;0;0;0;0;0;4;0;0;0;0
"23/04/2025";"15:33:00";"474";"Sem vítima";"222,000";"BR-116/SP";"Crescente";"Colisão traseira";1;0;0;0;0;0;0;0;0;0;1;0;0;0;0
"23/04/2025";"16:29:00";"502";"Sem vítima";"64,800";"BR-116/SP";"Decrescente";"Engavetamento";6;0;1;0;0;0;0;0;0;0;15;0;0;0;0
"23/04/2025";"16:38:00";"508";"Com vítima";"20,300";"BR-116/SP";"Decrescente";"Colisão traseira";0;0;3;0;0;0;0;1;0;0;3;1;0;0;0
"23/04/2025";"16:51:00";"515";"Com vítima";"265,200";"BR-116/RJ";"Decrescente";"Tombamento";0;0;0;0;0;0;0;0;0;1;2;2;0;0;0
"23/04/2025";"16:59:00";"518";"Com vítima";"492,800";"BR-101/RJ";"Decrescente";"Acidentes de outra natureza";0;0;0;1;0;0;0;0;0;0;1;0;1;0;0
"23/04/2025";"17:19:00";"524";"Com vítima";"65,700";"BR-116/SP";"Decrescente";"Engavetamento";1;0;0;0;1;0;0;0;0;0;45;0;0;1;0
"23/04/2025";"17:30:00";"529";"Sem vítima";"456,500";"BR-101/RJ";"Crescente";"Colisão lateral em sentido contrário";2;0;0;0;0;0;0;0;0;0;0;0;0;0;0
"23/04/2025";"19:28:00";"583";"Sem vítima";"399,000";"BR-101/RJ";"Decrescente";"Atropelamento de pedestre";1;0;0;0;0;0;0;0;0;0;1;0;0;0;0
"23/04/2025";"20:02:00";"593";"Sem vítima";"60,150";"BR-116/SP";"Crescente";"Colisão traseira";2;0;0;0;0;0;0;0;0;0;2;0;0;0;0
"23/04/2025";"23:57:00";"648";"Sem vítima";"520,300";"BR-101/RJ";"Decrescente";"Choque";1;0;0;0;0;0;0;0;0;0;2;0;0;0;0
"24/04/2025";"00:49:00";"40";"Com vítima";"21,000";"BR-116/SP";"Decrescente";"Tombamento";0;0;1;0;0;0;0;0;0;0;0;1;0;0;0
"24/04/2025";"04:37:00";"76";"Com vítima";"49,000";"BR-101/SP";"Crescente";"Atropelamento de pedestre";0;0;1;0;0;0;0;0;0;0;2;1;0;0;0
"24/04/2025";"06:37:00";"146";"Sem vítima";"33,450";"BR-116/SP";"Crescente";"Choque";1;0;0;0;0;0;0;0;0;0;1;0;0;0;0
"24/04/2025";"07:45:00";"225";"Sem vítima";"274,000";"BR-116/RJ";"Decrescente";"Choque";1;0;0;0;0;0;0;0;0;0;1;0;0;0;0
"24/04/2025";"07:55:00";"231";"Com vítima";"124,000";"BR-116/SP";"Decrescente";"Acidentes de outra natureza";0;0;0;1;0;0;0;0;0;0;0;0;1;0;0
"24/04/2025";"09:38:00";"309";"Sem vítima";"219,000";"BR-116/SP";"Crescente";"Colisão lateral em sentido contrário";1;0;1;0;0;0;0;0;0;0;2;0;0;0;0
"24/04/2025";"10:03:00";"326";"Com vítima";"266,500";"BR-116/RJ";"Decrescente";"Atropelamento de pedestre";0;0;1;0;0;0;0;0;0;0;1;0;0;0;1
"24/04/2025";"10:49:00";"356";"Com vítima";"112,500";"BR-116/SP";"Decrescente";"Choque";0;0;1;0;0;0;0;0;0;0;0;1;0;0;0
"24/04/2025";"10:54:00";"360";"Com vítima";"223,000";"BR-116/SP";"Decrescente";"Acidentes de outra natureza";0;0;0;1;0;0;0;0;0;0;0;1;0;0;0