data;horario;n_da_ocorrencia;tipo_de_ocorrencia;km;trecho;sentido;tipo_de_acidente;automovel;bicicleta;caminhao;moto;onibus;outros;tracao_animal;transporte_de_cargas_especiais;trator_maquinas;utilitarios;ilesos;levemente_feridos;moderadamente_feridos;gravemente_feridos;mortos
"24/04/2025";"11:36:00";"384";"Sem vítima";"420,000";"BR-101/RJ";"Crescente";"Colisão lateral em sentido contrário";1;0;1;0;0;0;0;0;0;0;2;0;0;0;0
"24/04/2025";"12:21:00";"406";"Sem vítima";"224,300";"BR-116/SP";"Decrescente";"Choque";0;0;0;0;0;0;0;1;0;0;1;0;0;0;0
"24/04/2025";"16:02:00";"513";"Com vítima";"585,700";"BR-101/RJ";"Decrescente";"Colisão lateral em sentido contrário";1;0;0;1;0;0;0;0;0;0;0;2;0;0;0
"24/04/2025";"17:27:00";"556";"Com vítima";"221,000";"BR-116/SP";"Crescente";"Colisão lateral em sentido contrário";0;0;0;1;0;0;0;0;0;0;0;1;0;0;0
"24/04/2025";"18:35:00";"583";"Sem vítima";"490,500";"BR-101/RJ";"Crescente";"Engavetamento";2;0;0;0;0;0;0;0;0;0;4;0;0;0;0
"24/04/2025";"19:25:00";"597";"Com vítima";"219,150";"BR-116/SP";"Crescente";"Acidentes de outra natureza";0;0;0;1;0;0;0;0;0;0;0;1;0;0;0
"24/04/2025";"19:33:00";"600";"Com vítima";"117,000";"BR-116/SP";"Crescente";"Engavetamento";3;0;0;0;0;0;0;0;0;0;2;0;2;0;0
"24/04/2025";"19:40:00";"603";"Sem vítima";"116,000";"BR-116/SP";"Crescente";"Colisão traseira";2;0;0;0;0;0;0;0;0;0;2;0;0;0;0
"24/04/2025";"20:20:00";"614";"Com vítima";"53,000";"BR-116/SP";"Decrescente";"Colisão lateral em sentido contrário";1;0;0;1;0;0;0;0;0;0;0;0;1;0;0
"24/04/2025";"20:32:00";"619";"Sem vítima";"29,700";"BR-116/SP";"Decrescente";"Choque";1;0;0;0;0;0;0;0;0;0;1;0;0;0;0
"24/04/2025";"20:55:00";"624";"Com vítima";"228,000";"BR-116/SP";"Decrescente";"Engavetamento";3;0;0;0;0;0;0;0;0;0;3;1;0;0;0
"24/04/2025";"21:21:00";"629";"Sem vítima";"174,800";"BR-116/SP";"Crescente";"Choque";1;0;0;0;0;0;0;0;0;0;1;0;0;0;0
"25/04/2025";"02:53:00";"58";"Sem vítima";"96,900";"BR-116/SP";"Decrescente";"Colisão traseira";2;0;0;0;0;0;0;0;0;0;2;0;0;0;0
"25/04/2025";"02:58:00";"61";"Sem vítima";"215,800";"BR-116/RJ";"Crescente";"Choque";0;0;0;0;0;0;0;0;0;1;0;0;0;0;0
"25/04/2025";"04:22:00";"74";"Sem vítima";"318,000";"BR-116/RJ";"Decrescente";"Choque";1;0;0;0;0;0;0;0;0;0;4;0;0;0;0
"25/04/2025";"04:35:00";"76";"Com vítima";"110,800";"BR-116/SP";"Decrescente";"Atropelamento de pedestre";0;0;0;0;0;0;0;0;0;0;0;0;0;1;0
"25/04/2025";"04:48:00";"80";"Sem vítima";"232,700";"BR-116/RJ";"Decrescente";"Capotamento";0;0;0;0;0;0;0;0;0;1;2;0;0;0;0
"25/04/2025";"07:55:00";"211";"Sem vítima";"37,000";"BR-116/SP";"Crescente";"Acidentes de outra natureza";0;0;0;1;0;0;0;0;0;0;4;0;0;0;0
"25/04/2025";"08:49:00";"242";"Com vítima";"512,500";"BR-101/RJ";"Crescente";"Acidentes de outra natureza";0;0;0;1;0;0;0;0;0;0;0;0;1;0;0
"25/04/2025";"10:20:00";"295";"Com vítima";"211,500";"BR-116/SP";"Crescente";"Colisão lateral em sentido contrário";1;0;1;0;0;0;0;0;0;0;1;1;0;0;0
"25/04/2025";"12:48:00";"368";"Com vítima";"51,100";"BR-101/SP";"Decrescente";"Colisão lateral em sentido contrário";1;0;0;1;0;0;0;0;0;0;3;1;0;0;0
"25/04/2025";"13:42:00";"393";"Sem vítima";"102,900";"BR-116/SP";"Decrescente";"Engavetamento";0;0;2;0;1;0;0;0;0;0;3;0;0;0;0
"25/04/2025";"14:16:00";"408";"Sem vítima";"324,000";"BR-116/RJ";"Decrescente";"Choque";1;0;0;0;0;0;0;0;0;0;4;0;0;0;0
"25/04/2025";"14:53:00";"427";"Sem vítima";"33,000";"BR-116/SP";"Crescente";"Choque";1;0;0;0;0;0;0;0;0;0;2;0;0;0;0
"25/04/2025";"15:24:00";"439";"Sem vítima";"324,900";"BR-116/RJ";"Decrescente";"Colisão traseira";1;0;1;0;0;0;0;0;0;0;8;0;0;0;0
"25/04/2025";"16:29:00";"410";"Sem vítima";"141,000";"BR-116/SP";"Crescente";"Choque";0;0;1;0;0;0;0;0;0;0;0;0;0;0;0
"25/04/2025";"16:38:00";"466";"Sem vítima";"53,300";"BR-116/SP";"Crescente";"Colisão traseira";2;0;0;0;0;0;0;0;0;0;6;0;0;0;0
"25/04/2025";"19:00:00";"523";"Sem vítima";"541,700";"BR-101/RJ";"Crescente";"Choque";1;0;0;0;0;0;0;0;0;0;3;0;0;0;0
"25/04/2025";"19:12:00";"530";"Com vítima";"530,300";"BR-101/RJ";"Decrescente";"Colisão frontal";1;0;1;0;0;0;0;0;0;0;2;0;2;0;0
"25/04/2025";"19:47:00";"542";"Com vítima";"38,400";"BR-101/SP";"Decrescente";"Choque";0;0;0;1;0;0;0;0;0;0;0;1;0;0;0
"25/04/2025";"20:22:00";"556";"Sem vítima";"458,000";"BR-101/RJ";"Crescente";"Choque";1;0;0;0;0;0;0;0;0;0;2;0;0;0;0
"25/04/2025";"20:47:00";"563";"Sem vítima";"563,000";"BR-101/RJ";"Crescente";"Choque";1;0;0;0;0;0;0;0;0;0;4;0;0;0;0
"25/04/2025";"21:39:00";"576";"Com vítima";"178,000";"BR-116/SP";"Crescente";"Colisão traseira";1;0;1;0;0;0;0;0;0;0;1;1;0;0;0
"25/04/2025";"21:50:00";"578";"Com vítima";"223,000";"BR-116/SP";"Decrescente";"Colisão traseira";0;0;0;0;2;0;0;0;0;0;2;1;0;0;0
"25/04/2025";"21:50:00";"579";"Sem vítima";"45,800";"BR-116/SP";"Decrescente";"Colisão traseira";1;0;1;0;0;0;0;0;0;0;3;0;0;0;0
"25/04/2025";"22:10:00";"583";"Com vítima";"52,000";"BR-101/SP";"Crescente";"Atropelamento de pedestre";1;1;0;0;0;0;0;0;0;0;1;1;0;0;0
"25/04/2025";"23:01:00";"592";"Sem vítima";"139,000";"BR-116/SP";"Decrescente";"Choque";1;0;0;0;0;0;0;0;0;0;1;0;0;0;0
"26/04/2025";"03:14:00";"60";"Com vítima";"65,600";"BR-116/SP";"Crescente";"Acidentes de outra natureza";0;0;0;1;0;0;0;0;0;0;0;0;0;4;0
"26/04/2025";"03:19:00";"61";"Com vítima";"103,000";"BR-116/SP";"Crescente";"Colisão traseira";0;0;0;1;0;0;0;0;0;0;0;0;1;0;0
"26/04/2025";"03:38:00";"62";"Com vítima";"65,600";"BR-116/SP";"Crescente";"Acidentes de outra natureza";0;0;0;1;0;0;0;0;0;0;0;1;0;0;0
"26/04/2025";"04:39:00";"70";"Sem vítima";"110,450";"BR-116/SP";"Decrescente";"Colisão traseira";0;0;0;0;0;0;0;0;0;1;1;0;0;0;0
"26/04/2025";"06:56:00";"135";"Sem vítima";"298,500";"BR-116/RJ";"Decrescente";"Choque";1;0;0;0;0;0;0;0;0;0;2;0;0;0;0
"26/04/2025";"08:19:00";"220";"Sem vítima";"224,600";"BR-116/SP";"Decrescente";"Choque";0;0;1;0;0;0;0;0;0;0;1;0;0;0;0
"26/04/2025";"08:23:00";"221";"Com vítima";"123,800";"BR-116/SP";"Decrescente";"Engavetamento";4;0;0;0;0;0;0;0;0;0;8;6;2;0;0
"26/04/2025";"08:32:00";"231";"Sem vítima";"9,600";"BR-116/SP";"Crescente";"Colisão traseira";1;0;0;0;0;0;0;1;0;0;10;0;0;0;0
"26/04/2025";"09:19:00";"258";"Com vítima";"274,800";"BR-116/RJ";"Crescente";"Colisão lateral em sentido contrário";1;0;1;0;0;0;0;0;0;0;2;0;2;0;0
"26/04/2025";"11:19:00";"304";"Com vítima";"222,200";"BR-116/SP";"Decrescente";"Colisão lateral em sentido contrário";0;0;0;2;0;0;0;0;0;0;1;0;1;0;0
"26/04/2025";"11:31:00";"311";"Sem vítima";"442,000";"BR-101/RJ";"Decrescente";"Choque";1;0;0;0;0;0;0;0;0;0;2;0;0;0;0
"26/04/2025";"11:41:00";"318";"Com vítima";"387,000";"BR-101/RJ";"Crescente";"Colisão traseira";0;0;1;1;0;0;0;0;0;0;0;1;0;0;0
"26/04/2025";"14:01:00";"386";"Com vítima";"126,500";"BR-116/SP";"Decrescente";"Acidentes de outra natureza";0;0;0;1;0;0;0;0;0;0;0;0;2;0;0
"26/04/2025";"15:09:00";"412";"Com vítima";"219,500";"BR-116/SP";"Decrescente";"Colisão lateral em sentido contrário";1;0;0;1;0;0;0;0;0;0;0;2;0;0;0
"26/04/2025";"16:29:00";"447";"Sem vítima";"134,500";"BR-116/SP";"Decrescente";"Choque";1;0;0;0;0;0;0;0;0;0;2;0;0;0;0
"26/04/2025";"16:48:00";"462";"Com vítima";"134,100";"BR-116/SP";"Decrescente";"Engavetamento";3;0;0;1;0;0;0;0;0;0;4;0;1;0;0
"26/04/2025";"16:52:00";"464";"Sem vítima";"10,050";"BR-116/SP";"Crescente";"Colisão lateral em sentido contrário";1;0;0;0;0;0;0;0;0;0;2;0;0;0;0
"26/04/2025";"18:06:00";"487";"Com vítima";"570,700";"BR-101/RJ";"Decrescente";"Colisão frontal";1;0;0;1;0;0;0;0;0;0;1;0;1;0;0
"26/04/2025";"19:18:00";"512";"Com vítima";"139,400";"BR-116/SP";"Decrescente";"Colisão traseira";1;0;0;1;0;0;0;0;0;0;2;1;0;0;0
"26/04/2025";"19:52:00";"522";"Sem vítima";"266,050";"BR-116/RJ";"Decrescente";"Choque";1;0;0;0;0;0;0;0;0;0;1;0;0;0;0
"26/04/2025";"19:52:00";"523";"Sem vítima";"146,800";"BR-116/SP";"Crescente";"Colisão lateral em sentido contrário";2;0;0;0;0;0;0;0;0;0;4;0;0;0;0
"26/04/2025";"20:36:00";"537";"Com vítima";"227,500";"BR-116/SP";"Decrescente";"Acidentes de outra natureza";0;0;0;0;0;0;0;0;0;0;0;0;0;0;0
"26/04/2025";"20:52:00";"543";"Com vítima";"474,000";"BR-101/RJ";"Decrescente";"Acidentes de outra natureza";0;0;0;1;0;0;0;0;0;0;0;1;0;0;0
"26/04/2025";"20:53:00";"544";"Com vítima";"315,400";"BR-116/RJ";"Crescente";"Acidentes de outra natureza";0;0;0;1;0;0;0;0;0;0;0;0;1;0;0
"26/04/2025";"21:23:00";"551";"Com vítima";"219,200";"BR-116/SP";"Decrescente";"Choque";1;0;0;0;0;0;0;0;0;0;0;1;0;0;0
"26/04/2025";"22:35:00";"568";"Com vítima";"404,700";"BR-101/RJ";"Decrescente";"Atropelamento de pedestre";4;0;0;0;0;0;0;0;0;0;14;1;0;0;0
"27/04/2025";"00:00:00";"417";"Sem vítima";"390,100";"BR-101/RJ";"Decrescente";"Choque";1;0;0;0;0;0;0;0;0;0;1;0;0;0;0
"27/04/2025";"00:50:00";"43";"Com vítima";"514,400";"BR-101/RJ";"Decrescente";"Choque";0;0;0;1;0;0;0;0;0;0;0;1;0;0;0
"27/04/2025";"02:01:00";"52";"Com vítima";"224,500";"BR-116/SP";"Decrescente";"Choque";1;0;0;0;0;0;0;0;0;0;0;2;0;0;0
"27/04/2025";"02:06:00";"53";"Com vítima";"165,800";"BR-116/SP";"Crescente";"Atropelamento de pedestre";0;0;0;1;0;0;0;0;0;0;0;1;0;0;0
"27/04/2025";"02:30:00";"56";"Com vítima";"181,500";"BR-116/SP";"Decrescente";"Colisão traseira";1;0;1;0;0;0;0;0;0;0;1;1;1;0;0
"27/04/2025";"07:28:00";"142";"Com vítima";"223,300";"BR-116/SP";"Decrescente";"Acidentes de outra natureza";0;0;0;1;0;0;0;0;0;0;0;2;0;0;0
"27/04/2025";"09:06:00";"193";"Com vítima";"41,500";"BR-116/SP";"Crescente";"Acidentes de outra natureza";0;0;0;1;0;0;0;0;0;0;0;2;0;0;0
"27/04/2025";"14:15:00";"281";"Com vítima";"151,000";"BR-116/SP";"Decrescente";"Acidentes de outra natureza";0;0;0;1;0;0;0;0;0;0;0;0;1;0;0
"27/04/2025";"15:07:00";"332";"Com vítima";"236,950";"BR-116/RJ";"Decrescente";"Colisão traseira";0;0;2;0;0;0;0;0;0;0;1;2;1;0;0
"27/04/2025";"16:00:00";"358";"Com vítima";"192,000";"BR-116/SP";"Crescente";"Acidentes de outra natureza";0;0;0;1;0;0;0;0;0;0;0;2;0;0;0
"27/04/2025";"16:43:00";"380";"Com vítima";"503,000";"BR-101/RJ";"Decrescente";"Colisão frontal";0;0;0;2;0;0;0;0;0;0;0;2;1;0;0
"27/04/2025";"18:04:00";"422";"Com vítima";"211,800";"BR-116/SP";"Crescente";"Colisão traseira";1;0;0;1;0;0;0;0;0;0;3;0;2;0;0
"27/04/2025";"18:19:00";"427";"Sem vítima";"223,000";"BR-116/SP";"Decrescente";"Choque";1;0;0;0;0;0;0;0;0;0;2;0;0;0;0
"27/04/2025";"19:27:00";"452";"Com vítima";"218,500";"BR-116/SP";"Crescente";"Colisão lateral em sentido contrário";1;0;0;1;0;0;0;0;0;0;1;2;0;0;0
"28/04/2025";"00:00:00";"328";"Com vítima";"289,150";"BR-116/RJ";"Crescente";"Capotamento";1;0;0;0;0;0;0;0;0;0;0;0;1;0;0
"28/04/2025";"02:48:00";"59";"Sem vítima";"498,500";"BR-101/RJ";"Decrescente";"Capotamento";1;0;0;0;0;0;0;0;0;0;1;0;0;0;0
"28/04/2025";"07:25:00";"213";"Sem vítima";"486,000";"BR-101/RJ";"Crescente";"Choque";1;0;0;0;0;0;0;0;0;0;0;0;0;0;0
"28/04/2025";"08:18:00";"274";"Sem vítima";"486,000";"BR-101/RJ";"Decrescente";"Engavetamento";4;0;0;0;0;0;0;0;0;0;5;0;0;0;0
"28/04/2025";"13:30:00";"451";"Com vítima";"223,000";"BR-116/SP";"Decrescente";"Colisão lateral em sentido contrário";1;0;0;1;0;0;0;0;0;0;1;0;1;0;0
"28/04/2025";"15:48:00";"580";"Sem vítima";"245,600";"BR-116/RJ";"Decrescente";"Choque";1;0;0;0;0;0;0;0;0;0;6;0;0;0;0
"28/04/2025";"16:27:00";"592";"Com vítima";"315,900";"BR-116/RJ";"Crescente";"Colisão lateral em sentido contrário";1;0;1;0;0;0;0;0;0;0;2;1;0;0;0
"28/04/2025";"18:22:00";"638";"Com vítima";"147,900";"BR-116/SP";"Decrescente";"Colisão traseira";1;0;0;1;0;0;0;0;0;0;1;0;1;0;0
"28/04/2025";"18:48:00";"652";"Com vítima";"84,300";"BR-116/SP";"Crescente";"Choque";1;0;0;0;0;0;0;0;0;0;0;0;1;0;0
"28/04/2025";"19:01:00";"660";"Sem vítima";"232,950";"BR-116/RJ";"Crescente";"Choque";0;0;1;0;0;0;0;0;0;0;1;0;0;0;0
"28/04/2025";"19:03:00";"663";"Com vítima";"166,800";"BR-116/SP";"Crescente";"Atropelamento de pedestre";0;1;0;1;0;0;0;0;0;0;0;2;0;0;0
"28/04/2025";"19:07:00";"666";"Sem vítima";"283,500";"BR-116/RJ";"Decrescente";"Engavetamento";1;0;0;0;0;0;0;2;0;1;6;0;0;0;0
"28/04/2025";"19:28:00";"681";"Com vítima";"506,300";"BR-101/RJ";"Decrescente";"Colisão frontal";2;0;0;0;0;0;0;0;0;0;1;0;1;0;0
"28/04/2025";"20:11:00";"695";"Com vítima";"282,600";"BR-116/RJ";"Decrescente";"Colisão lateral em sentido contrário";1;0;0;0;0;0;0;0;0;1;0;3;0;0;0
"28/04/2025";"20:35:00";"706";"Com vítima";"51,500";"BR-116/SP";"Crescente";"Queda de carga";0;0;0;1;0;0;0;0;0;0;0;0;1;0;0
"28/04/2025";"21:53:00";"731";"Com vítima";"208,800";"BR-116/SP";"Decrescente";"Acidentes de outra natureza";0;0;0;1;0;0;0;0;0;0;0;1;0;0;0
"28/04/2025";"23:24:00";"755";"Sem vítima";"86,750";"BR-116/SP";"Crescente";"Choque";0;0;1;0;0;0;0;0;0;0;1;0;0;0;0
"29/04/2025";"00:11:00";"34";"Com vítima";"387,000";"BR-101/RJ";"Decrescente";"Colisão lateral em sentido contrário";1;0;0;1;0;0;0;0;0;0;1;1;0;0;0
"29/04/2025";"00:29:00";"38";"Com vítima";"385,000";"BR-101/RJ";"Crescente";"Acidentes de outra natureza";0;0;0;1;0;0;0;0;0;0;0;2;0;0;0
"29/04/2025";"02:37:00";"52";"Com vítima";"64,900";"BR-116/SP";"Crescente";"Acidentes de outra natureza";0;0;0;1;0;0;0;0;0;0;0;1;0;0;0
"29/04/2025";"03:01:00";"57";"Sem vítima";"336,000";"BR-116/RJ";"Crescente";"Choque";0;0;1;0;0;0;0;0;0;0;1;0;0;0;0
"29/04/2025";"06:23:00";"124";"Com vítima";"551,000";"BR-101/RJ";"Decrescente";"Atropelamento de pedestre";0;0;0;0;1;0;0;0;0;0;2;0;1;0;0
"29/04/2025";"06:37:00";"133";"Com vítima";"415,800";"BR-101/RJ";"Decrescente";"Capotamento";1;0;0;0;0;0;0;0;0;0;0;2;0;0;0
"29/04/2025";"07:35:00";"199";"Com vítima";"93,500";"BR-116/SP";"Crescente";"Colisão traseira";0;0;0;1;0;0;0;0;0;0;0;0;1;0;0
"29/04/2025";"12:03:00";"385";"Sem vítima";"480,500";"BR-101/RJ";"Crescente";"Choque";1;0;0;0;0;0;0;0;0;0;1;0;0;0;0
"29/04/2025";"12:42:00";"406";"Sem vítima";"227,000";"BR-116/SP";"Crescente";"Engavetamento";0;0;3;0;0;0;0;0;0;0;4;0;0;0;0
"29/04/2025";"13:33:00";"427";"Com vítima";"224,000";"BR-116/SP";"Decrescente";"Colisão lateral em sentido contrário";1;0;0;1;0;0;0;0;0;0;1;1;0;0;0
"29/04/2025";"15:04:00";"469";"Com vítima";"227,000";"BR-116/SP";"Decrescente";"Acidentes de outra natureza";0;0;1;1;0;0;0;0;0;0;2;2;0;0;0
"29/04/2025";"15:27:00";"479";"Sem vítima";"230,000";"BR-116/RJ";"Decrescente";"Colisão traseira";0;0;1;0;0;0;0;0;0;0;1;0;0;0;0
"29/04/2025";"17:50:00";"547";"Sem vítima";"157,200";"BR-116/SP";"Decrescente";"Colisão lateral em sentido contrário";0;0;1;1;0;0;0;0;0;0;4;0;0;0;0
"29/04/2025";"18:03:00";"553";"Com vítima";"219,500";"BR-116/SP";"Decrescente";"Colisão lateral em sentido contrário";0;0;0;1;0;0;0;0;0;0;0;0;2;0;0
"30/04/2025";"04:18:00";"69";"Sem vítima";"197,500";"BR-116/SP";"Crescente";"Colisão traseira";1;0;0;0;0;0;0;0;0;0;2;0;0;0;0
"30/04/2025";"05:16:00";"90";"Sem vítima";"222,000";"BR-116/SP";"Crescente";"Colisão lateral em sentido contrário";0;0;1;0;0;0;0;0;0;1;2;0;0;0;0
"30/04/2025";"06:02:00";"116";"Sem vítima";"218,300";"BR-116/SP";"Crescente";"Engavetamento";2;0;0;0;0;0;0;0;0;0;4;0;0;0;0
"30/04/2025";"06:15:00";"130";"Sem vítima";"413,100";"BR-101/RJ";"Decrescente";"Choque";1;0;0;0;0;0;0;0;0;0;2;0;0;0;0
"30/04/2025";"07:25:00";"209";"Sem vítima";"228,000";"BR-116/SP";"Decrescente";"Choque";1;0;0;0;0;0;0;0;0;0;1;0;0;0;0
"30/04/2025";"09:26:00";"325";"Sem vítima";"41,700";"BR-116/SP";"Crescente";"Choque";1;0;0;0;0;0;0;0;0;0;2;0;0;0;0
"30/04/2025";"12:07:00";"415";"Com vítima";"52,000";"BR-101/SP";"Crescente";"Colisão lateral em sentido contrário";1;0;0;1;0;0;0;0;0;0;2;1;0;0;0
"30/04/2025";"13:35:00";"454";"Sem vítima";"474,000";"BR-101/RJ";"Crescente";"Engavetamento";2;0;1;0;0;0;0;0;0;0;6;0;0;0;0
"30/04/2025";"16:32:00";"549";"Com vítima";"146,900";"BR-116/SP";"Decrescente";"Atropelamento de pedestre";1;0;0;0;0;0;0;0;0;0;2;0;1;0;0
"30/04/2025";"19:00:00";"626";"Com vítima";"224,000";"BR-116/SP";"Decrescente";"Colisão traseira";1;0;1;2;0;0;0;0;0;0;4;4;0;0;0
"30/04/2025";"19:01:00";"628";"Com vítima";"212,200";"BR-116/SP";"Decrescente";"Engavetamento";2;0;0;1;0;0;0;0;0;0;2;1;0;0;0
"30/04/2025";"19:07:00";"632";"Com vítima";"175,450";"BR-116/SP";"Crescente";"Colisão traseira";1;0;1;0;0;0;0;0;0;0;1;1;0;0;0
"30/04/2025";"19:28:00";"645";"Com vítima";"145,000";"BR-116/SP";"Decrescente";"Colisão traseira";1;0;0;1;0;0;0;0;0;0;1;2;0;0;0
"30/04/2025";"19:57:00";"654";"Sem vítima";"143,900";"BR-116/SP";"Decrescente";"Colisão traseira";2;0;0;0;0;0;0;0;0;0;2;0;0;0;0
"30/04/2025";"20:13:00";"660";"Com vítima";"226,800";"BR-116/SP";"Crescente";"Acidentes de outra natureza";0;0;0;1;0;0;0;0;0;0;0;0;1;0;0
"30/04/2025";"21:00:00";"677";"Sem vítima";"225,000";"BR-116/SP";"Decrescente";"Choque";1;0;0;0;0;0;0;0;0;0;1;0;0;0;0
"30/04/2025";"21:03:00";"679";"Sem vítima";"132,300";"BR-116/SP";"Decrescente";"Colisão lateral em sentido contrário";1;0;0;0;0;0;0;0;0;0;1;0;0;0;0
"30/04/2025";"23:51:00";"731";"Com vítima";"219,000";"BR-116/SP";"Crescente";"Choque";0;0;1;0;0;0;0;0;0;0;0;2;0;0;0
"01/05/2025";"00:00:00";"110";"Com vítima";"112,000";"BR-116/SP";"Decrescente";"Colisão traseira";1;0;0;1;0;0;0;0;0;0;0;1;0;0;0
"01/05/2025";"00:00:00";"375";"Sem vítima";"109,600";"BR-116/SP";"Decrescente";"Colisão traseira";2;0;0;0;0;0;0;0;0;0;4;0;0;0;0
"01/05/2025";"05:34:00";"93";"Com vítima";"115,000";"BR-116/SP";"Crescente";"Acidentes de outra natureza";0;0;0;1;0;0;0;0;0;0;0;0;1;0;0
"01/05/2025";"06:37:00";"116";"Sem vítima";"151,300";"BR-116/SP";"Decrescente";"Colisão traseira";2;0;0;0;0;0;0;0;0;0;4;0;0;0;0
"01/05/2025";"07:57:00";"183";"Sem vítima";"143,000";"BR-116/SP";"Decrescente";"Colisão traseira";2;0;0;0;0;0;0;0;0;0;2;0;0;0;0
"01/05/2025";"08:07:00";"191";"Sem vítima";"161,800";"BR-116/SP";"Decrescente";"Engavetamento";2;0;0;0;0;0;0;0;0;0;2;0;0;0;0
"01/05/2025";"08:17:00";"199";"Sem vítima";"144,000";"BR-116/SP";"Decrescente";"Engavetamento";1;0;0;0;0;0;0;0;0;0;0;0;0;0;0
"01/05/2025";"08:39:00";"210";"Com vítima";"232,150";"BR-116/RJ";"Crescente";"Colisão traseira";2;0;0;0;0;0;0;0;0;0;8;1;0;0;0
"01/05/2025";"09:19:00";"234";"Com vítima";"228,000";"BR-116/RJ";"Crescente";"Colisão traseira";0;0;1;1;0;0;0;0;0;0;1;1;0;0;0
"01/05/2025";"09:44:00";"251";"Sem vítima";"228,500";"BR-116/RJ";"Crescente";"Colisão traseira";2;0;0;0;0;0;0;0;0;0;2;0;0;0;0
"01/05/2025";"10:02:00";"263";"Com vítima";"283,400";"BR-116/RJ";"Crescente";"Colisão traseira";1;0;0;1;0;0;0;0;0;0;2;2;0;0;0
"01/05/2025";"10:18:00";"272";"Sem vítima";"330,000";"BR-116/RJ";"Decrescente";"Colisão traseira";1;0;0;0;0;0;0;0;0;0;1;0;0;0;0
"01/05/2025";"10:26:00";"278";"Sem vítima";"288,000";"BR-116/RJ";"Crescente";"Choque";1;0;0;0;0;0;0;0;0;0;8;0;0;0;0
"01/05/2025";"10:52:00";"287";"Sem vítima";"123,000";"BR-116/SP";"Decrescente";"Colisão traseira";2;0;0;0;0;0;0;0;0;0;6;0;0;0;0
"01/05/2025";"11:08:00";"298";"Com vítima";"109,300";"BR-116/SP";"Decrescente";"Colisão lateral em sentido contrário";0;0;0;1;0;0;0;0;0;0;0;0;2;0;0
"01/05/2025";"12:18:00";"332";"Sem vítima";"108,000";"BR-116/SP";"Decrescente";"Colisão traseira";2;0;0;0;0;0;0;0;0;0;12;0;0;0;0
"01/05/2025";"14:02:00";"370";"Com vítima";"269,000";"BR-116/RJ";"Decrescente";"Colisão traseira";1;0;0;0;0;0;0;1;0;0;1;1;0;0;0
"01/05/2025";"14:39:00";"385";"Com vítima";"115,800";"BR-116/SP";"Decrescente";"Colisão traseira";0;0;0;0;0;0;0;2;0;0;1;0;1;0;0
"01/05/2025";"14:54:00";"395";"Sem vítima";"440,000";"BR-101/RJ";"Crescente";"Choque";1;0;0;0;0;0;0;0;0;0;1;0;0;0;0
"01/05/2025";"16:54:00";"437";"Sem vítima";"29,950";"BR-116/SP";"Decrescente";"Colisão traseira";2;0;0;0;0;0;0;0;0;0;4;0;0;0;0
"01/05/2025";"19:35:00";"496";"Com vítima";"504,500";"BR-101/RJ";"Crescente";"Acidentes de outra natureza";0;0;0;1;0;0;0;0;0;0;0;1;0;0;0
"01/05/2025";"20:10:00";"509";"Com vítima";"313,500";"BR-116/RJ";"Crescente";"Choque";1;0;1;0;0;0;0;0;0;0;1;0;1;0;0
"01/05/2025";"22:19:00";"541";"Com vítima";"202,300";"BR-116/SP";"Decrescente";"Colisão traseira";2;0;0;0;0;0;0;0;0;0;4;2;0;0;0
"02/05/2025";"00:00:00";"553";"Sem vítima";"293,200";"BR-116/RJ";"Crescente";"Colisão lateral em sentido contrário";1;0;0;0;0;0;0;1;0;0;1;0;0;0;0
"02/05/2025";"00:00:00";"642";"Com vítima";"407,000";"BR-101/RJ";"Decrescente";"Atropelamento de pedestre";0;0;0;0;0;0;0;0;0;0;0;0;0;0;1
"02/05/2025";"04:47:00";"83";"Com vítima";"311,000";"BR-116/RJ";"Decrescente";"Choque";1;0;0;0;0;0;0;0;0;0;0;1;0;0;0
"02/05/2025";"04:52:00";"85";"Sem vítima";"395,000";"BR-101/RJ";"Decrescente";"Atropelamento de pedestre";1;0;0;0;0;0;0;0;0;0;2;0;0;0;0
"02/05/2025";"07:19:00";"181";"Com vítima";"227,200";"BR-116/SP";"Crescente";"Colisão traseira";1;0;0;1;0;0;0;0;0;0;2;0;2;0;0
"02/05/2025";"08:01:00";"221";"Com vítima";"313,300";"BR-116/RJ";"Decrescente";"Engavetamento";3;0;0;0;0;0;0;0;0;0;2;1;1;0;0
"02/05/2025";"12:13:00";"369";"Com vítima";"468,000";"BR-101/RJ";"Crescente";"Acidentes de outra natureza";0;0;0;1;0;0;0;0;0;0;0;1;0;0;0
"02/05/2025";"12:36:00";"374";"Sem vítima";"274,500";"BR-116/RJ";"Crescente";"Colisão traseira";1;0;0;0;0;0;0;0;0;0;2;0;0;0;0
"02/05/2025";"12:42:00";"378";"Com vítima";"473,000";"BR-101/RJ";"Decrescente";"Colisão lateral em sentido contrário";1;0;0;1;0;0;0;0;0;0;1;1;0;0;0