data;horario;n_da_ocorrencia;tipo_de_ocorrencia;km;trecho;sentido;tipo_de_acidente;automovel;bicicleta;caminhao;moto;onibus;outros;tracao_animal;transporte_de_cargas_especiais;trator_maquinas;utilitarios;ilesos;levemente_feridos;moderadamente_feridos;gravemente_feridos;mortos
"02/05/2025";"13:01:00";"385";"Sem vítima";"157,600";"BR-116/SP";"Decrescente";"Colisão lateral em sentido contrário";2;0;0;0;0;0;0;0;0;0;4;0;0;0;0
"02/05/2025";"14:51:00";"433";"Com vítima";"49,000";"BR-101/SP";"Decrescente";"Colisão transversal";1;0;0;1;0;0;0;0;0;0;0;1;0;0;0
"02/05/2025";"15:18:00";"451";"Sem vítima";"140,000";"BR-116/SP";"Crescente";"Colisão traseira";2;0;0;0;0;0;0;0;0;0;4;0;0;0;0
"02/05/2025";"15:31:00";"460";"Com vítima";"473,000";"BR-101/RJ";"Crescente";"Colisão traseira";2;0;0;0;0;0;0;0;0;0;1;0;1;0;0
"02/05/2025";"15:52:00";"468";"Com vítima";"44,100";"BR-101/SP";"Crescente";"Colisão frontal";1;0;0;0;1;0;0;0;0;0;2;0;2;0;1
"02/05/2025";"16:19:00";"485";"Sem vítima";"135,000";"BR-116/SP";"Crescente";"Colisão traseira";1;0;1;0;0;0;0;0;0;0;5;0;0;0;0
"02/05/2025";"17:51:00";"526";"Sem vítima";"38,300";"BR-101/SP";"Crescente";"Choque";1;0;0;0;0;0;0;0;0;0;4;0;0;0;0
"02/05/2025";"18:40:00";"551";"Sem vítima";"134,600";"BR-116/SP";"Decrescente";"Colisão traseira";1;0;1;0;0;0;0;0;0;0;4;0;0;0;0
"02/05/2025";"18:58:00";"559";"Sem vítima";"216,800";"BR-116/SP";"Decrescente";"Engavetamento";3;0;0;0;0;0;0;0;0;0;3;0;0;0;0
"02/05/2025";"19:03:00";"560";"Com vítima";"148,400";"BR-116/SP";"Decrescente";"Engavetamento";4;0;0;0;0;0;0;0;0;0;1;1;0;0;0
"02/05/2025";"19:29:00";"573";"Sem vítima";"556,000";"BR-101/RJ";"Crescente";"Atropelamento de pedestre";1;0;0;0;0;0;0;0;0;0;2;0;0;0;0
"02/05/2025";"19:37:00";"576";"Sem vítima";"216,800";"BR-116/SP";"Decrescente";"Colisão traseira";1;0;0;0;0;0;0;1;0;0;2;0;0;0;0
"02/05/2025";"19:43:00";"577";"Sem vítima";"75,600";"BR-116/SP";"Crescente";"Colisão traseira";1;0;1;0;0;0;0;0;0;0;0;0;0;0;0
"03/05/2025";"00:00:00";"439";"Sem vítima";"212,000";"BR-116/SP";"Crescente";"Colisão traseira";2;0;0;0;0;0;0;0;0;0;2;0;0;0;0
"03/05/2025";"00:12:00";"42";"Com vítima";"224,800";"BR-116/SP";"Decrescente";"Colisão traseira";1;0;0;0;1;0;0;0;0;0;2;2;0;0;0
"03/05/2025";"00:28:00";"47";"Com vítima";"195,200";"BR-116/SP";"Decrescente";"Atropelamento de pedestre";0;0;0;0;0;0;0;0;0;0;0;0;0;0;1
"03/05/2025";"03:07:00";"75";"Sem vítima";"197,300";"BR-116/SP";"Decrescente";"Atropelamento de pedestre";0;0;0;0;0;0;0;1;0;0;1;0;0;0;0
"03/05/2025";"03:22:00";"78";"Com vítima";"197,300";"BR-116/SP";"Decrescente";"Choque";1;0;0;0;0;0;0;0;0;0;0;1;0;0;0
"03/05/2025";"04:52:00";"88";"Sem vítima";"227,300";"BR-116/SP";"Decrescente";"Choque";0;0;1;0;0;0;0;0;0;0;1;0;0;0;0
"03/05/2025";"05:04:00";"93";"Sem vítima";"227,100";"BR-116/SP";"Crescente";"Colisão traseira";0;0;1;0;0;0;0;0;0;1;2;0;0;0;0
"03/05/2025";"10:07:00";"229";"Sem vítima";"24,800";"BR-101/SP";"Crescente";"Choque";1;0;0;0;0;0;0;0;0;0;1;0;0;0;0
"03/05/2025";"12:26:00";"286";"Com vítima";"117,000";"BR-116/SP";"Crescente";"Colisão traseira";0;0;0;2;0;0;0;0;0;0;0;4;0;0;0
"03/05/2025";"12:51:00";"292";"Com vítima";"188,000";"BR-116/SP";"Crescente";"Colisão lateral em sentido contrário";0;0;0;1;0;0;0;0;0;0;0;1;0;0;0
"03/05/2025";"13:08:00";"299";"Com vítima";"425,000";"BR-101/RJ";"Decrescente";"Colisão lateral em sentido contrário";2;0;0;0;0;0;0;0;0;0;6;1;0;0;0
"03/05/2025";"14:50:00";"331";"Sem vítima";"140,000";"BR-116/SP";"Crescente";"Engavetamento";1;0;0;0;1;0;0;0;0;0;2;0;0;0;0
"03/05/2025";"14:59:00";"336";"Sem vítima";"49,600";"BR-101/SP";"Crescente";"Colisão traseira";2;0;0;0;0;0;0;0;0;0;7;0;0;0;0
"03/05/2025";"15:45:00";"357";"Sem vítima";"145,000";"BR-116/SP";"Decrescente";"Colisão traseira";1;0;0;0;0;0;0;1;0;0;2;0;0;0;0
"03/05/2025";"19:29:00";"453";"Com vítima";"168,400";"BR-116/SP";"Crescente";"Acidentes de outra natureza";0;0;0;1;0;0;0;0;0;0;0;2;0;0;0
"03/05/2025";"20:20:00";"471";"Com vítima";"229,800";"BR-116/SP";"Decrescente";"Acidentes de outra natureza";0;0;0;2;0;0;0;0;0;0;0;2;0;0;0
"03/05/2025";"22:22:00";"519";"Com vítima";"198,800";"BR-116/SP";"Crescente";"Engavetamento";2;0;0;1;0;0;0;0;0;0;2;1;0;0;0
"04/05/2025";"01:03:00";"52";"Sem vítima";"211,800";"BR-116/SP";"Crescente";"Colisão traseira";2;0;0;0;0;0;0;0;0;0;2;0;0;0;0
"04/05/2025";"04:31:00";"86";"Com vítima";"223,000";"BR-116/SP";"Crescente";"Choque";0;0;0;1;0;0;0;0;0;0;0;1;0;0;0
"04/05/2025";"05:23:00";"97";"Com vítima";"71,700";"BR-116/SP";"Decrescente";"Choque";1;0;0;0;0;0;0;0;0;0;0;0;2;0;0
"04/05/2025";"06:29:00";"116";"Com vítima";"230,150";"BR-116/SP";"Crescente";"Atropelamento de pedestre";0;0;0;0;0;0;0;0;0;0;0;0;0;0;1
"04/05/2025";"06:36:00";"119";"Sem vítima";"224,000";"BR-116/SP";"Decrescente";"Colisão traseira";2;0;0;0;0;0;0;0;0;0;4;0;0;0;0
"04/05/2025";"07:04:00";"106";"Sem vítima";"155,800";"BR-116/SP";"Crescente";"Colisão traseira";2;0;0;0;0;1;0;0;0;0;5;0;0;0;0
"04/05/2025";"08:44:00";"162";"Com vítima";"111,600";"BR-116/SP";"Decrescente";"Acidentes de outra natureza";0;0;0;1;0;0;0;0;0;0;0;1;0;0;0
"04/05/2025";"12:13:00";"205";"Sem vítima";"231,000";"BR-116/SP";"Decrescente";"Choque";1;0;0;0;0;0;0;0;0;0;2;0;0;0;0
"04/05/2025";"12:20:00";"238";"Sem vítima";"104,800";"BR-116/SP";"Crescente";"Engavetamento";4;0;0;0;0;0;0;0;0;0;10;0;0;0;0
"04/05/2025";"12:58:00";"261";"Sem vítima";"104,800";"BR-116/SP";"Crescente";"Engavetamento";3;0;0;0;0;0;0;0;0;0;11;0;0;0;0
"04/05/2025";"13:35:00";"283";"Sem vítima";"32,100";"BR-116/SP";"Decrescente";"Colisão traseira";1;0;1;0;0;0;0;0;0;0;2;0;0;0;0
"04/05/2025";"13:43:00";"291";"Sem vítima";"91,400";"BR-116/SP";"Crescente";"Colisão traseira";2;0;0;0;0;0;0;0;0;0;0;0;0;0;0
"04/05/2025";"14:01:00";"300";"Com vítima";"550,000";"BR-101/RJ";"Crescente";"Acidentes de outra natureza";0;0;0;1;0;0;0;0;0;0;0;0;0;1;0
"04/05/2025";"14:38:00";"318";"Com vítima";"271,400";"BR-116/RJ";"Decrescente";"Choque";1;0;0;0;0;0;0;0;0;0;1;1;0;0;0
"04/05/2025";"15:17:00";"339";"Sem vítima";"229,300";"BR-116/RJ";"Crescente";"Engavetamento";3;0;0;0;0;0;0;0;0;0;7;0;0;0;0
"04/05/2025";"15:36:00";"354";"Com vítima";"155,900";"BR-116/SP";"Crescente";"Colisão traseira";1;0;0;1;0;0;0;0;0;0;1;2;0;0;0
"04/05/2025";"15:45:00";"360";"Com vítima";"472,000";"BR-101/RJ";"Decrescente";"Colisão lateral em sentido contrário";1;0;0;1;0;0;0;0;0;0;1;1;1;0;0
"04/05/2025";"15:53:00";"363";"Sem vítima";"37,000";"BR-116/SP";"Crescente";"Engavetamento";6;0;0;0;0;0;0;0;0;0;13;0;0;0;0
"04/05/2025";"17:14:00";"384";"Com vítima";"156,300";"BR-116/SP";"Decrescente";"Colisão traseira";1;0;0;1;0;0;0;0;0;0;0;1;0;0;0
"04/05/2025";"17:47:00";"424";"Sem vítima";"303,200";"BR-116/RJ";"Decrescente";"Choque";1;0;0;0;0;0;0;0;0;0;1;0;0;0;0
"04/05/2025";"18:15:00";"434";"Sem vítima";"54,000";"BR-116/SP";"Crescente";"Colisão traseira";1;0;0;0;0;0;0;0;0;0;1;0;0;0;0
"04/05/2025";"18:25:00";"437";"Com vítima";"53,800";"BR-116/SP";"Crescente";"Engavetamento";2;0;0;1;0;0;0;0;0;0;2;0;1;0;0
"04/05/2025";"19:08:00";"452";"Sem vítima";"226,000";"BR-116/SP";"Crescente";"Colisão traseira";0;0;0;0;0;0;0;0;0;0;0;0;0;0;0
"04/05/2025";"19:45:00";"466";"Sem vítima";"488,000";"BR-101/RJ";"Decrescente";"Engavetamento";3;0;0;0;0;0;0;0;0;0;6;0;0;0;0
"04/05/2025";"20:21:00";"475";"Com vítima";"112,800";"BR-116/SP";"Decrescente";"Choque";1;0;0;0;0;0;0;0;0;0;0;1;0;0;0
"04/05/2025";"20:32:00";"482";"Com vítima";"389,300";"BR-101/RJ";"Decrescente";"Choque";1;0;0;0;0;0;0;0;0;0;0;2;0;0;0
"04/05/2025";"22:55:00";"520";"Com vítima";"102,000";"BR-116/SP";"Crescente";"Colisão traseira";1;0;0;1;0;0;0;0;0;0;2;0;1;0;0
"04/05/2025";"23:22:00";"527";"Sem vítima";"107,000";"BR-116/SP";"Decrescente";"Choque";1;0;0;0;0;0;0;0;0;0;0;0;0;0;0
"05/05/2025";"03:59:00";"63";"Com vítima";"217,100";"BR-116/SP";"Crescente";"Colisão traseira";2;0;0;0;0;0;0;0;0;0;6;2;0;0;0
"05/05/2025";"05:45:00";"97";"Sem vítima";"227,800";"BR-116/SP";"Decrescente";"Choque";1;0;0;0;0;0;0;0;0;0;1;0;0;0;0
"05/05/2025";"06:03:00";"112";"Com vítima";"111,000";"BR-116/SP";"Decrescente";"Colisão traseira";1;0;1;0;0;0;0;0;0;0;1;1;0;0;0
"05/05/2025";"06:20:00";"125";"Com vítima";"217,600";"BR-116/SP";"Crescente";"Colisão traseira";0;0;0;1;0;0;0;0;0;0;0;1;0;0;0
"05/05/2025";"07:15:00";"173";"Com vítima";"293,600";"BR-116/RJ";"Crescente";"Acidentes de outra natureza";0;0;0;1;0;0;0;0;0;0;0;0;2;0;0
"05/05/2025";"07:41:00";"196";"Com vítima";"147,100";"BR-116/SP";"Decrescente";"Colisão traseira";1;0;0;1;0;0;0;0;0;0;2;2;0;0;0
"05/05/2025";"08:18:00";"204";"Com vítima";"418,000";"BR-101/RJ";"Decrescente";"Colisão lateral em sentido contrário";2;0;0;0;0;0;0;0;0;0;2;2;0;0;0
"05/05/2025";"08:21:00";"232";"Com vítima";"157,900";"BR-116/SP";"Decrescente";"Engavetamento";2;0;1;0;0;0;0;0;0;0;4;2;2;0;0
"05/05/2025";"08:41:00";"240";"Com vítima";"217,600";"BR-116/SP";"Crescente";"Acidentes de outra natureza";0;0;0;1;0;0;0;0;0;0;0;1;0;0;0
"05/05/2025";"08:52:00";"250";"Com vítima";"217,900";"BR-116/SP";"Crescente";"Colisão lateral em sentido contrário";1;0;0;1;0;0;0;0;0;0;1;1;0;0;0
"05/05/2025";"09:07:00";"260";"Sem vítima";"304,000";"BR-116/RJ";"Crescente";"Colisão lateral em sentido contrário";1;0;1;0;0;0;0;0;0;0;0;0;0;0;0
"05/05/2025";"10:17:00";"316";"Sem vítima";"477,000";"BR-101/RJ";"Crescente";"Engavetamento";3;0;0;0;0;0;0;0;0;0;4;0;0;0;0
"05/05/2025";"10:26:00";"320";"Sem vítima";"227,000";"BR-116/SP";"Crescente";"Colisão traseira";1;0;0;0;0;0;0;0;0;0;2;0;0;0;0
"05/05/2025";"10:42:00";"331";"Com vítima";"297,000";"BR-116/RJ";"Decrescente";"Choque";0;0;0;0;0;0;0;0;0;1;7;3;2;1;0
"05/05/2025";"10:59:00";"336";"Sem vítima";"222,800";"BR-116/SP";"Crescente";"Colisão traseira";0;0;2;0;0;0;0;0;0;0;2;0;0;0;0
"05/05/2025";"11:45:00";"362";"Sem vítima";"125,700";"BR-116/SP";"Decrescente";"Choque";1;0;0;0;0;0;0;0;0;0;8;0;0;0;0
"05/05/2025";"12:43:00";"388";"Com vítima";"228,000";"BR-116/SP";"Decrescente";"Colisão traseira";0;0;1;0;0;0;0;1;0;0;2;1;0;0;0
"05/05/2025";"12:53:00";"393";"Sem vítima";"125,700";"BR-116/SP";"Decrescente";"Engavetamento";2;0;1;0;0;1;0;0;0;0;4;0;0;0;0
"05/05/2025";"13:10:00";"401";"Sem vítima";"418,000";"BR-101/RJ";"Crescente";"Colisão lateral em sentido contrário";1;0;1;0;0;0;0;0;0;0;18;0;0;0;0
"05/05/2025";"13:35:00";"414";"Sem vítima";"86,950";"BR-116/SP";"Crescente";"Colisão lateral em sentido contrário";1;0;1;0;0;0;0;0;0;0;2;0;0;0;0
"05/05/2025";"13:59:00";"425";"Com vítima";"261,300";"BR-116/RJ";"Decrescente";"Atropelamento de pedestre";1;0;0;0;0;0;0;0;0;0;2;0;2;0;0
"05/05/2025";"16:46:00";"513";"Com vítima";"156,600";"BR-116/SP";"Crescente";"Colisão traseira";1;0;1;0;0;0;0;0;0;0;1;1;0;0;0
"05/05/2025";"18:17:00";"556";"Com vítima";"43,500";"BR-101/SP";"Crescente";"Colisão traseira";0;0;0;1;0;1;0;0;0;1;1;1;0;0;0
"05/05/2025";"18:17:00";"557";"Sem vítima";"155,900";"BR-116/SP";"Decrescente";"Colisão traseira";2;0;0;0;0;0;0;0;0;0;5;0;0;0;0
"05/05/2025";"18:28:00";"562";"Com vítima";"550,200";"BR-101/RJ";"Crescente";"Atropelamento de pedestre";0;0;1;0;0;0;0;0;0;0;1;0;1;0;0
"05/05/2025";"19:08:00";"574";"Com vítima";"487,000";"BR-101/RJ";"Decrescente";"Colisão lateral em sentido contrário";0;0;0;2;0;0;0;0;0;0;0;1;1;0;0
"05/05/2025";"19:25:00";"588";"Sem vítima";"381,200";"BR-101/RJ";"Decrescente";"Colisão lateral em sentido contrário";1;0;0;0;0;0;0;0;0;0;1;0;0;0;0
"05/05/2025";"19:27:00";"590";"Com vítima";"228,000";"BR-116/RJ";"Crescente";"Atropelamento de pedestre";0;0;0;0;0;0;0;0;0;0;0;0;1;0;0
"05/05/2025";"19:51:00";"596";"Sem vítima";"271,500";"BR-116/RJ";"Decrescente";"Choque";1;0;0;0;0;0;0;0;0;0;1;0;0;0;0
"05/05/2025";"20:02:00";"601";"Sem vítima";"271,000";"BR-116/RJ";"Decrescente";"Colisão traseira";1;0;0;0;0;0;0;0;0;1;2;0;0;0;0
"05/05/2025";"20:36:00";"614";"Com vítima";"439,900";"BR-101/RJ";"Decrescente";"Atropelamento de pedestre";0;0;0;1;0;0;0;0;0;0;0;1;0;0;0
"05/05/2025";"22:54:00";"657";"Com vítima";"143,200";"BR-116/SP";"Decrescente";"Colisão traseira";1;0;0;1;0;0;0;0;0;0;1;0;1;0;0
"06/05/2025";"00:00:00";"255";"Com vítima";"108,800";"BR-116/SP";"Crescente";"Colisão traseira";0;0;0;1;0;0;0;0;0;0;0;0;1;0;0
"06/05/2025";"01:23:00";"43";"Com vítima";"227,850";"BR-116/SP";"Decrescente";"Acidentes de outra natureza";0;0;0;1;0;0;0;0;0;0;0;1;0;0;0
"06/05/2025";"02:14:00";"50";"Sem vítima";"228,200";"BR-116/RJ";"Decrescente";"Tombamento";0;0;0;0;0;0;0;1;0;0;3;0;0;0;0
"06/05/2025";"05:39:00";"90";"Sem vítima";"106,400";"BR-116/SP";"Decrescente";"Choque";0;0;1;0;0;0;0;0;0;0;1;0;0;0;0
"06/05/2025";"06:34:00";"149";"Com vítima";"228,300";"BR-116/SP";"Decrescente";"Acidentes de outra natureza";0;0;0;1;0;0;0;0;0;0;0;1;0;0;0
"06/05/2025";"07:07:00";"195";"Com vítima";"519,000";"BR-101/RJ";"Decrescente";"Engavetamento";3;0;0;0;0;0;0;0;0;0;1;0;1;0;0
"06/05/2025";"08:49:00";"296";"Sem vítima";"224,950";"BR-116/SP";"Crescente";"Colisão lateral em sentido contrário";1;0;1;0;0;0;0;0;0;0;2;0;0;0;0
"06/05/2025";"09:02:00";"306";"Com vítima";"506,000";"BR-101/RJ";"Decrescente";"Colisão lateral em sentido contrário";0;0;1;1;0;0;0;0;0;0;1;0;0;1;0
"06/05/2025";"10:08:00";"362";"Sem vítima";"218,800";"BR-116/SP";"Decrescente";"Colisão traseira";1;0;0;1;0;0;0;0;0;0;2;0;0;0;0
"06/05/2025";"10:15:00";"367";"Com vítima";"447,000";"BR-101/RJ";"Crescente";"Capotamento";1;0;0;0;0;0;0;0;0;0;0;1;0;0;0
"06/05/2025";"15:03:00";"528";"Sem vítima";"227,800";"BR-116/SP";"Decrescente";"Colisão lateral em sentido contrário";1;0;1;0;0;0;0;0;0;0;4;0;0;0;0
"06/05/2025";"18:15:00";"621";"Sem vítima";"155,200";"BR-116/SP";"Decrescente";"Colisão traseira";2;0;0;0;0;0;0;0;0;0;4;0;0;0;0
"06/05/2025";"18:19:00";"626";"Com vítima";"145,800";"BR-116/SP";"Decrescente";"Colisão traseira";1;0;0;1;0;0;0;0;0;0;2;2;0;0;0
"06/05/2025";"18:23:00";"627";"Com vítima";"120,500";"BR-116/SP";"Decrescente";"Acidentes de outra natureza";0;0;0;1;0;0;0;0;0;0;0;1;1;0;0
"06/05/2025";"19:27:00";"658";"Com vítima";"222,000";"BR-116/SP";"Crescente";"Acidentes de outra natureza";0;0;0;1;0;0;0;0;0;0;0;4;0;0;0
"06/05/2025";"19:37:00";"598";"Com vítima";"121,700";"BR-116/SP";"Decrescente";"Choque";0;0;0;2;0;0;0;0;0;0;0;0;6;0;0
"06/05/2025";"20:55:00";"682";"Sem vítima";"230,200";"BR-116/SP";"Crescente";"Colisão lateral em sentido contrário";1;0;0;0;0;0;0;0;0;0;1;0;0;0;0
"07/05/2025";"00:00:00";"652";"Sem vítima";"23,000";"BR-116/SP";"Crescente";"Colisão lateral em sentido contrário";1;0;1;0;0;0;0;0;0;0;3;0;0;0;0
"07/05/2025";"00:00:00";"718";"Sem vítima";"218,800";"BR-116/SP";"Crescente";"Engavetamento";1;0;0;0;0;0;0;2;0;0;5;0;0;0;0
"07/05/2025";"00:01:00";"34";"Com vítima";"228,400";"BR-116/SP";"Crescente";"Acidentes de outra natureza";0;0;0;1;0;0;0;0;0;0;0;0;1;0;0
"07/05/2025";"01:20:00";"41";"Com vítima";"92,500";"BR-116/SP";"Crescente";"Colisão traseira";0;0;2;0;0;0;0;0;0;0;1;0;0;1;0
"07/05/2025";"05:31:00";"80";"Com vítima";"217,000";"BR-116/SP";"Crescente";"Colisão traseira";2;0;0;0;0;0;0;0;0;0;1;1;0;0;0
"07/05/2025";"07:06:00";"167";"Sem vítima";"225,500";"BR-116/SP";"Crescente";"Colisão traseira";0;0;1;1;0;0;0;0;0;0;0;0;0;0;0
"07/05/2025";"07:49:00";"222";"Sem vítima";"393,000";"BR-101/RJ";"Crescente";"Colisão traseira";1;0;1;0;0;0;0;0;0;0;1;0;0;0;0
"07/05/2025";"09:17:00";"327";"Sem vítima";"333,000";"BR-116/RJ";"Decrescente";"Colisão traseira";1;0;2;0;0;0;0;0;0;0;10;0;0;0;0
"07/05/2025";"09:24:00";"331";"Com vítima";"227,600";"BR-116/SP";"Crescente";"Colisão traseira";0;0;0;1;0;0;0;0;0;0;0;0;1;0;0
"07/05/2025";"13:25:00";"508";"Com vítima";"139,000";"BR-116/SP";"Crescente";"Choque";1;0;0;0;0;0;0;0;0;0;0;3;0;0;0
"07/05/2025";"15:21:00";"562";"Com vítima";"226,900";"BR-116/SP";"Crescente";"Acidentes de outra natureza";0;0;0;1;0;0;0;0;0;0;0;0;1;0;0
"07/05/2025";"16:43:00";"625";"Sem vítima";"146,000";"BR-116/SP";"Decrescente";"Colisão lateral em sentido contrário";1;0;1;0;0;0;0;0;0;0;2;0;0;0;0
"07/05/2025";"17:23:00";"644";"Com vítima";"39,000";"BR-101/SP";"Decrescente";"Acidentes de outra natureza";0;0;0;1;0;0;0;0;0;0;0;1;0;0;0
"07/05/2025";"17:40:00";"654";"Sem vítima";"112,600";"BR-116/SP";"Decrescente";"Colisão traseira";0;0;2;0;0;0;0;0;0;0;0;0;0;0;0
"07/05/2025";"18:03:00";"669";"Com vítima";"148,500";"BR-116/SP";"Crescente";"Colisão traseira";1;0;0;1;0;0;0;0;0;0;1;0;1;0;0
"07/05/2025";"19:24:00";"704";"Com vítima";"52,000";"BR-101/SP";"Crescente";"Atropelamento de pedestre";1;1;0;0;0;0;0;0;0;0;2;0;0;0;0
"07/05/2025";"19:26:00";"706";"Com vítima";"216,600";"BR-116/SP";"Decrescente";"Acidentes de outra natureza";1;0;0;1;0;0;0;0;0;0;2;2;0;0;0
"07/05/2025";"22:36:00";"773";"Sem vítima";"207,300";"BR-116/SP";"Decrescente";"Choque";1;0;0;0;0;0;0;0;0;0;1;0;0;0;0
"08/05/2025";"00:00:00";"740";"Com vítima";"228,800";"BR-116/SP";"Crescente";"Choque";0;0;0;1;0;0;0;0;0;0;0;1;0;0;0
"08/05/2025";"02:04:00";"52";"Com vítima";"62,900";"BR-116/SP";"Decrescente";"Colisão traseira";2;0;0;0;0;0;0;0;0;0;0;2;1;0;0
"08/05/2025";"02:29:00";"56";"Com vítima";"83,500";"BR-116/SP";"Crescente";"Colisão traseira";0;0;1;0;0;0;0;0;0;0;0;0;1;0;0
"08/05/2025";"02:55:00";"59";"Sem vítima";"268,000";"BR-116/RJ";"Decrescente";"Choque";1;0;0;0;0;0;0;0;0;0;1;0;0;0;0
"08/05/2025";"05:27:00";"101";"Sem vítima";"112,600";"BR-116/SP";"Crescente";"Choque";0;0;0;0;1;0;0;0;0;0;33;0;0;0;0
"08/05/2025";"07:24:00";"223";"Com vítima";"227,000";"BR-116/SP";"Crescente";"Acidentes de outra natureza";0;0;0;1;0;0;0;0;0;0;0;1;0;0;0
"08/05/2025";"07:44:00";"245";"Sem vítima";"278,000";"BR-116/RJ";"Crescente";"Capotamento";1;0;0;0;0;0;0;0;0;0;1;0;0;0;0
"08/05/2025";"07:46:00";"248";"Com vítima";"572,000";"BR-101/RJ";"Crescente";"Colisão lateral em sentido contrário";1;0;0;1;0;0;0;0;0;0;6;4;0;0;0
"08/05/2025";"08:00:00";"257";"Sem vítima";"213,000";"BR-116/SP";"Decrescente";"Choque";1;0;0;0;0;0;0;0;0;0;1;0;0;0;0
"08/05/2025";"10:17:00";"378";"Sem vítima";"75,500";"BR-116/SP";"Decrescente";"Choque";1;0;0;0;0;0;0;0;0;0;1;0;0;0;0
"08/05/2025";"10:35:00";"396";"Sem vítima";"428,000";"BR-101/RJ";"Crescente";"Choque";1;0;0;0;0;0;0;0;0;0;1;0;0;0;0
"08/05/2025";"11:57:00";"451";"Com vítima";"245,000";"BR-116/RJ";"Decrescente";"Tombamento";1;0;1;0;0;0;0;0;0;0;0;4;2;0;0
"08/05/2025";"13:30:00";"489";"Com vítima";"95,000";"BR-116/SP";"Crescente";"Acidentes de outra natureza";0;0;0;1;0;0;0;0;0;0;0;0;2;0;0
"08/05/2025";"14:57:00";"545";"Sem vítima";"279,000";"BR-116/RJ";"Crescente";"Choque";1;0;0;0;0;0;0;0;0;0;1;0;0;0;0
"08/05/2025";"17:38:00";"628";"Sem vítima";"281,700";"BR-116/RJ";"Crescente";"Colisão traseira";1;0;2;0;0;0;0;0;0;0;3;0;0;0;0
"08/05/2025";"18:25:00";"646";"Com vítima";"230,800";"BR-116/RJ";"Decrescente";"Acidentes de outra natureza";0;0;0;1;0;0;0;0;0;0;0;0;2;0;0
"08/05/2025";"18:33:00";"649";"Sem vítima";"157,100";"BR-116/SP";"Crescente";"Colisão frontal";1;0;1;0;0;0;0;0;0;0;2;0;0;0;0
"08/05/2025";"23:08:00";"732";"Com vítima";"228,800";"BR-116/SP";"Crescente";"Choque";0;0;0;1;0;0;0;0;0;1;3;1;0;0;0
"08/05/2025";"23:31:00";"734";"Sem vítima";"228,800";"BR-116/SP";"Crescente";"Choque";1;0;0;0;0;0;0;0;0;0;2;0;0;0;0
"08/05/2025";"23:59:00";"741";"Com vítima";"228,800";"BR-116/SP";"Crescente";"Choque";0;0;0;1;0;0;0;0;0;0;0;0;1;0;0
"09/05/2025";"01:08:00";"49";"Sem vítima";"217,000";"BR-116/SP";"Decrescente";"Colisão lateral em sentido contrário";0;0;0;1;0;0;0;0;0;0;1;0;0;0;0
"09/05/2025";"01:39:00";"57";"Com vítima";"187,000";"BR-116/SP";"Crescente";"Choque";1;0;0;0;0;0;0;0;0;0;0;2;0;0;0
"09/05/2025";"02:50:00";"71";"Sem vítima";"227,000";"BR-116/SP";"Crescente";"Choque";1;0;0;0;0;0;0;0;0;0;2;0;0;0;0
"09/05/2025";"05:11:00";"97";"Com vítima";"525,000";"BR-101/RJ";"Crescente";"Colisão frontal";1;0;1;0;0;0;0;0;0;0;1;1;0;0;0
"09/05/2025";"05:27:00";"103";"Com vítima";"213,700";"BR-116/SP";"Decrescente";"Tombamento";0;0;0;0;0;0;0;1;0;0;0;1;0;0;0
"09/05/2025";"05:43:00";"115";"Com vítima";"215,000";"BR-116/SP";"Crescente";"Colisão lateral em sentido contrário";1;0;0;1;0;0;0;0;0;0;1;1;0;0;0
"09/05/2025";"06:45:00";"166";"Sem vítima";"388,000";"BR-101/RJ";"Decrescente";"Colisão traseira";0;0;1;0;0;0;0;0;0;0;4;0;0;0;0
"09/05/2025";"07:05:00";"193";"Sem vítima";"211,800";"BR-116/SP";"Crescente";"Colisão lateral em sentido contrário";1;0;1;0;0;0;0;0;0;0;2;0;0;0;0
"09/05/2025";"07:14:00";"201";"Com vítima";"212,000";"BR-116/SP";"Crescente";"Colisão lateral em sentido contrário";1;0;0;1;0;0;0;0;0;0;1;2;0;0;0
"09/05/2025";"07:37:00";"222";"Com vítima";"116,300";"BR-116/SP";"Crescente";"Colisão traseira";2;0;0;0;0;0;0;0;0;0;2;2;0;0;0
"09/05/2025";"07:43:00";"228";"Sem vítima";"115,000";"BR-116/SP";"Crescente";"Colisão traseira";2;0;0;0;0;0;0;0;0;0;5;0;0;0;0
"09/05/2025";"09:32:00";"325";"Sem vítima";"228,000";"BR-116/SP";"Decrescente";"Colisão traseira";2;0;0;0;0;0;0;0;0;0;0;0;0;0;0
"09/05/2025";"09:37:00";"332";"Sem vítima";"122,000";"BR-116/SP";"Decrescente";"Engavetamento";1;0;0;0;0;0;0;0;0;1;4;0;0;0;0
"09/05/2025";"10:02:00";"351";"Sem vítima";"124,800";"BR-116/SP";"Decrescente";"Engavetamento";4;0;0;0;0;0;0;0;0;0;14;0;0;0;0