data;horario;n_da_ocorrencia;tipo_de_ocorrencia;km;trecho;sentido;tipo_de_acidente;automovel;bicicleta;caminhao;moto;onibus;outros;tracao_animal;transporte_de_cargas_especiais;trator_maquinas;utilitarios;ilesos;levemente_feridos;moderadamente_feridos;gravemente_feridos;mortos
"09/05/2025";"12:01:00";"421";"Sem vítima";"202,000";"BR-116/SP";"Crescente";"Colisão traseira";1;0;0;0;1;0;0;0;0;0;2;0;0;0;0
"09/05/2025";"12:46:00";"440";"Sem vítima";"272,400";"BR-116/RJ";"Decrescente";"Engavetamento";2;0;0;0;0;1;0;0;0;0;4;0;0;0;0
"09/05/2025";"13:46:00";"468";"Sem vítima";"147,300";"BR-116/SP";"Decrescente";"Colisão traseira";1;0;0;0;0;0;0;0;0;0;4;0;0;0;0
"09/05/2025";"14:49:00";"504";"Com vítima";"146,000";"BR-116/SP";"Decrescente";"Colisão lateral em sentido contrário";0;0;0;1;0;0;0;0;0;0;0;0;0;1;0
"09/05/2025";"15:21:00";"523";"Sem vítima";"143,700";"BR-116/SP";"Crescente";"Engavetamento";2;0;0;0;0;0;0;0;0;0;3;0;0;0;0
"09/05/2025";"15:27:00";"526";"Com vítima";"37,800";"BR-116/SP";"Decrescente";"Choque";1;0;0;0;0;0;0;0;0;0;0;1;0;0;0
"09/05/2025";"17:20:00";"595";"Sem vítima";"395,100";"BR-101/RJ";"Crescente";"Colisão traseira";2;0;0;0;0;0;0;0;0;0;2;0;0;0;0
"09/05/2025";"18:06:00";"616";"Com vítima";"148,850";"BR-116/SP";"Decrescente";"Colisão lateral em sentido contrário";1;0;0;1;0;0;0;0;0;0;1;1;0;0;0
"09/05/2025";"18:13:00";"621";"Com vítima";"54,200";"BR-116/SP";"Crescente";"Colisão traseira";0;0;0;1;0;0;0;0;0;0;0;1;0;0;0
"09/05/2025";"19:39:00";"665";"Com vítima";"222,500";"BR-116/SP";"Crescente";"Acidentes de outra natureza";0;0;0;1;0;0;0;0;0;0;0;1;0;0;0
"09/05/2025";"21:03:00";"700";"Com vítima";"219,200";"BR-116/SP";"Decrescente";"Acidentes de outra natureza";0;0;0;1;0;0;0;0;0;0;0;0;0;1;0
"09/05/2025";"22:10:00";"718";"Com vítima";"484,800";"BR-101/RJ";"Crescente";"Colisão frontal";1;0;0;1;0;0;0;0;0;0;4;0;0;1;0
"09/05/2025";"23:38:00";"748";"Com vítima";"226,700";"BR-116/SP";"Decrescente";"Capotamento";1;0;0;0;0;0;0;0;0;0;0;2;0;0;0
"10/05/2025";"00:00:00";"376";"Sem vítima";"61,700";"BR-116/SP";"Crescente";"Tombamento";0;0;1;0;0;0;0;0;0;0;1;0;0;0;0
"10/05/2025";"01:16:00";"41";"Com vítima";"436,300";"BR-101/RJ";"Crescente";"Engavetamento";2;0;0;1;0;0;0;0;0;0;2;2;0;0;0
"10/05/2025";"02:30:00";"51";"Com vítima";"457,000";"BR-101/RJ";"Decrescente";"Acidentes de outra natureza";0;0;0;1;0;0;0;0;0;0;0;1;0;0;0
"10/05/2025";"04:51:00";"68";"Com vítima";"207,000";"BR-116/SP";"Decrescente";"Choque";1;0;0;0;0;0;0;0;0;0;0;1;1;0;0
"10/05/2025";"05:33:00";"81";"Com vítima";"235,600";"BR-116/RJ";"Decrescente";"Tombamento";0;0;0;0;0;0;0;1;0;0;0;1;0;0;0
"10/05/2025";"05:37:00";"82";"Sem vítima";"207,000";"BR-116/SP";"Decrescente";"Colisão traseira";1;0;0;0;0;0;0;0;0;0;2;0;0;0;0
"10/05/2025";"05:40:00";"83";"Sem vítima";"46,500";"BR-101/SP";"Decrescente";"Choque";1;0;0;0;0;0;0;0;0;0;2;0;0;0;0
"10/05/2025";"05:51:00";"551";"Com vítima";"316,800";"BR-116/RJ";"Crescente";"Colisão traseira";2;0;0;0;0;0;0;0;0;0;0;2;0;0;0
"10/05/2025";"07:49:00";"185";"Sem vítima";"141,000";"BR-116/SP";"Decrescente";"Colisão traseira";2;0;0;0;0;0;0;0;0;0;0;0;0;0;0
"10/05/2025";"08:55:00";"234";"Sem vítima";"226,000";"BR-116/SP";"Crescente";"Engavetamento";3;0;0;0;0;0;0;0;0;0;5;0;0;0;0
"10/05/2025";"09:36:00";"264";"Sem vítima";"467,000";"BR-101/RJ";"Crescente";"Engavetamento";1;0;0;0;0;0;0;0;0;0;1;0;0;0;0
"10/05/2025";"11:56:00";"336";"Com vítima";"38,320";"BR-116/SP";"Crescente";"Colisão lateral em sentido contrário";1;0;0;0;0;0;0;1;0;0;3;1;0;0;0
"10/05/2025";"13:03:00";"374";"Com vítima";"144,300";"BR-116/SP";"Crescente";"Colisão lateral em sentido contrário";1;0;0;1;0;0;0;0;0;1;9;1;0;0;0
"10/05/2025";"14:03:00";"402";"Sem vítima";"61,700";"BR-116/SP";"Crescente";"Colisão lateral em sentido contrário";0;0;0;0;0;0;0;1;0;0;2;0;0;0;0
"10/05/2025";"14:05:00";"404";"Com vítima";"218,500";"BR-116/SP";"Crescente";"Colisão frontal";1;0;0;1;0;0;0;0;0;0;1;0;0;1;0
"10/05/2025";"16:40:00";"474";"Com vítima";"548,300";"BR-101/RJ";"Decrescente";"Acidentes de outra natureza";0;0;0;1;0;0;0;0;0;0;0;1;0;0;0
"10/05/2025";"17:26:00";"490";"Com vítima";"556,800";"BR-101/RJ";"Decrescente";"Colisão traseira";1;0;0;1;0;0;0;0;0;0;2;0;1;0;0
"10/05/2025";"17:44:00";"498";"Com vítima";"133,350";"BR-116/SP";"Decrescente";"Colisão lateral em sentido contrário";0;0;1;1;0;0;0;0;0;0;2;2;0;0;0
"10/05/2025";"21:32:00";"577";"Com vítima";"78,350";"BR-116/SP";"Crescente";"Choque";1;0;0;0;0;0;0;1;0;0;1;1;0;0;0
"10/05/2025";"23:14:00";"595";"Com vítima";"125,300";"BR-116/SP";"Decrescente";"Colisão lateral em sentido contrário";1;0;0;0;0;0;0;0;0;1;4;1;1;0;0
"10/05/2025";"23:21:00";"597";"Com vítima";"383,800";"BR-101/RJ";"Crescente";"Atropelamento de pedestre";1;0;0;0;0;0;0;0;0;0;0;1;0;0;1
"10/05/2025";"23:46:00";"604";"Com vítima";"184,650";"BR-116/SP";"Decrescente";"Choque";1;0;0;0;0;0;0;0;0;0;2;2;0;0;0
"11/05/2025";"00:00:00";"281";"Sem vítima";"232,000";"BR-116/RJ";"Decrescente";"Choque";1;0;0;0;0;0;0;0;0;0;4;0;0;0;0
"11/05/2025";"00:16:00";"35";"Sem vítima";"264,500";"BR-116/RJ";"Crescente";"Atropelamento de pedestre";1;0;0;0;0;0;0;0;0;0;0;0;0;0;0
"11/05/2025";"01:27:00";"51";"Sem vítima";"211,800";"BR-116/SP";"Crescente";"Choque";1;0;0;0;0;0;0;0;0;0;0;0;0;0;0
"11/05/2025";"01:41:00";"53";"Sem vítima";"385,800";"BR-101/RJ";"Crescente";"Colisão traseira";1;0;1;0;0;0;0;0;0;0;2;0;0;0;0
"11/05/2025";"02:12:00";"57";"Com vítima";"78,000";"BR-116/SP";"Decrescente";"Acidentes de outra natureza";0;0;0;1;0;0;0;0;0;0;0;2;0;0;0
"11/05/2025";"02:39:00";"65";"Sem vítima";"268,000";"BR-116/RJ";"Decrescente";"Choque";1;0;0;0;0;0;0;0;0;0;1;0;0;0;0
"11/05/2025";"04:13:00";"75";"Sem vítima";"228,500";"BR-116/SP";"Decrescente";"Choque";1;0;0;0;0;0;0;0;0;0;12;0;0;0;0
"11/05/2025";"05:33:00";"85";"Sem vítima";"483,000";"BR-101/RJ";"Crescente";"Choque";1;0;0;0;0;0;0;0;0;0;2;0;0;0;0
"11/05/2025";"06:23:00";"92";"Com vítima";"313,800";"BR-116/RJ";"Decrescente";"Choque";2;0;0;0;0;0;0;0;0;0;4;2;0;0;0
"11/05/2025";"06:48:00";"106";"Com vítima";"421,700";"BR-101/RJ";"Decrescente";"Colisão frontal";0;0;0;1;1;0;0;0;0;0;13;0;0;0;1
"11/05/2025";"07:17:00";"122";"Sem vítima";"136,700";"BR-116/SP";"Crescente";"Acidentes de outra natureza";1;0;0;0;0;0;0;0;0;0;1;0;0;0;0
"11/05/2025";"07:22:00";"123";"Sem vítima";"295,000";"BR-116/RJ";"Crescente";"Choque";1;0;0;0;0;0;0;0;0;0;4;0;0;0;0
"11/05/2025";"07:53:00";"135";"Com vítima";"158,000";"BR-116/SP";"Decrescente";"Acidentes de outra natureza";0;0;0;1;0;0;0;0;0;0;1;1;0;0;0
"11/05/2025";"07:59:00";"136";"Sem vítima";"334,500";"BR-116/RJ";"Crescente";"Choque";1;0;0;0;0;0;0;0;0;0;1;0;0;0;0
"11/05/2025";"08:05:00";"139";"Com vítima";"109,900";"BR-116/SP";"Crescente";"Acidentes de outra natureza";0;0;0;1;0;0;0;0;0;0;0;1;1;0;0
"11/05/2025";"09:05:00";"163";"Sem vítima";"16,150";"BR-116/SP";"Crescente";"Choque";1;0;0;0;0;0;0;0;0;0;1;0;0;0;0
"11/05/2025";"10:08:00";"180";"Sem vítima";"233,500";"BR-116/RJ";"Decrescente";"Choque";1;0;0;0;0;0;0;0;0;0;4;0;0;0;0
"11/05/2025";"10:45:00";"192";"Sem vítima";"227,000";"BR-116/RJ";"Decrescente";"Acidentes de outra natureza";0;0;0;1;0;0;0;0;0;0;0;0;0;0;0
"11/05/2025";"10:59:00";"200";"Sem vítima";"227,000";"BR-116/RJ";"Decrescente";"Choque";1;0;0;0;0;0;0;0;0;0;1;0;0;0;0
"11/05/2025";"11:13:00";"204";"Sem vítima";"243,000";"BR-116/RJ";"Decrescente";"Choque";1;0;0;0;0;0;0;0;0;0;0;0;0;0;0
"11/05/2025";"11:26:00";"211";"Sem vítima";"482,000";"BR-101/RJ";"Decrescente";"Colisão lateral em sentido contrário";2;0;0;0;0;0;0;0;0;0;3;0;0;0;0
"11/05/2025";"12:01:00";"222";"Sem vítima";"79,500";"BR-116/SP";"Crescente";"Colisão traseira";2;0;0;0;0;0;0;0;0;0;2;0;0;0;0
"11/05/2025";"12:21:00";"230";"Sem vítima";"156,000";"BR-116/SP";"Decrescente";"Engavetamento";2;0;0;0;0;0;0;0;0;0;4;0;0;0;0
"11/05/2025";"13:02:00";"251";"Sem vítima";"480,000";"BR-101/RJ";"Crescente";"Choque";1;0;0;0;0;0;0;0;0;0;1;0;0;0;0
"11/05/2025";"13:14:00";"254";"Com vítima";"228,600";"BR-116/SP";"Crescente";"Colisão lateral em sentido contrário";2;0;0;0;0;0;0;0;0;0;2;1;2;0;0
"11/05/2025";"13:28:00";"258";"Sem vítima";"542,500";"BR-101/RJ";"Decrescente";"Choque";1;0;0;0;0;0;0;0;0;0;1;0;0;0;0
"11/05/2025";"13:38:00";"261";"Com vítima";"483,000";"BR-101/RJ";"Crescente";"Colisão frontal";2;0;0;0;0;0;0;0;0;0;2;3;1;0;0
"11/05/2025";"14:08:00";"271";"Sem vítima";"324,200";"BR-116/RJ";"Decrescente";"Capotamento";1;0;0;0;0;0;0;0;0;0;1;0;0;0;0
"11/05/2025";"14:19:00";"274";"Com vítima";"466,000";"BR-101/RJ";"Decrescente";"Choque";1;0;0;0;0;0;0;0;0;0;0;1;0;0;0
"11/05/2025";"15:48:00";"312";"Sem vítima";"232,400";"BR-116/RJ";"Decrescente";"Choque";1;0;0;0;0;0;0;0;0;0;3;0;0;0;0
"11/05/2025";"15:53:00";"317";"Com vítima";"241,000";"BR-116/RJ";"Crescente";"Choque";1;0;0;0;0;0;0;0;0;0;0;0;1;0;0
"11/05/2025";"16:17:00";"321";"Com vítima";"501,000";"BR-101/RJ";"Crescente";"Colisão lateral em sentido contrário";1;0;0;1;0;0;0;0;0;0;1;2;0;0;0
"11/05/2025";"16:28:00";"330";"Com vítima";"294,700";"BR-116/RJ";"Crescente";"Capotamento";1;0;0;0;0;0;0;0;0;0;2;1;0;0;0
"11/05/2025";"17:32:00";"352";"Com vítima";"269,000";"BR-116/RJ";"Decrescente";"Choque";1;0;0;0;0;0;0;0;0;0;0;0;1;0;0
"11/05/2025";"18:02:00";"368";"Sem vítima";"399,000";"BR-101/RJ";"Crescente";"Colisão traseira";2;0;0;0;0;0;0;0;0;0;12;0;0;0;0
"11/05/2025";"18:28:00";"377";"Com vítima";"468,000";"BR-101/RJ";"Decrescente";"Acidentes de outra natureza";0;0;0;1;0;0;0;0;0;0;0;1;0;0;0
"11/05/2025";"18:32:00";"378";"Sem vítima";"205,000";"BR-116/SP";"Crescente";"Engavetamento";2;0;0;0;0;0;0;0;0;0;2;0;0;0;0
"11/05/2025";"18:48:00";"383";"Sem vítima";"297,500";"BR-116/RJ";"Crescente";"Colisão traseira";1;0;0;0;0;0;0;0;0;0;1;0;0;0;0
"11/05/2025";"18:50:00";"385";"Sem vítima";"145,700";"BR-116/SP";"Crescente";"Engavetamento";2;0;0;0;0;0;0;0;0;0;2;0;0;0;0
"11/05/2025";"19:36:00";"403";"Sem vítima";"324,100";"BR-116/RJ";"Decrescente";"Tombamento";0;0;0;0;0;0;0;1;0;0;1;0;0;0;0
"11/05/2025";"19:47:00";"407";"Sem vítima";"334,100";"BR-116/RJ";"Decrescente";"Choque";1;0;0;0;0;0;0;0;0;0;1;0;0;0;0
"11/05/2025";"20:10:00";"414";"Sem vítima";"229,200";"BR-116/SP";"Decrescente";"Choque";2;0;0;0;0;0;0;0;0;0;4;0;0;0;0
"11/05/2025";"21:37:00";"452";"Sem vítima";"227,000";"BR-116/SP";"Decrescente";"Colisão traseira";2;0;0;0;0;0;0;0;0;0;0;0;0;0;0
"11/05/2025";"21:40:00";"453";"Sem vítima";"146,520";"BR-116/SP";"Crescente";"Choque";1;0;0;0;0;0;0;0;0;0;1;0;0;0;0
"11/05/2025";"23:26:00";"479";"Sem vítima";"319,400";"BR-116/RJ";"Decrescente";"Choque";1;0;0;0;0;0;0;0;0;0;5;0;0;0;0
"11/05/2025";"23:47:00";"485";"Sem vítima";"561,200";"BR-101/RJ";"Decrescente";"Atropelamento de pedestre";1;0;0;0;0;0;0;0;0;0;3;0;0;0;0
"12/05/2025";"00:00:00";"205";"Sem vítima";"322,000";"BR-116/RJ";"Decrescente";"Colisão traseira";2;0;0;0;0;0;0;0;0;0;4;0;0;0;0
"12/05/2025";"00:00:00";"349";"Com vítima";"286,000";"BR-116/RJ";"Crescente";"Choque";1;0;0;0;0;0;0;0;0;0;0;0;1;0;0
"12/05/2025";"01:21:00";"55";"Sem vítima";"133,900";"BR-116/SP";"Crescente";"Colisão traseira";0;0;2;0;0;0;0;0;0;0;2;0;0;0;0
"12/05/2025";"05:45:00";"334";"Sem vítima";"121,100";"BR-116/SP";"Crescente";"Choque";1;0;0;0;0;0;0;0;0;0;2;0;0;0;0
"12/05/2025";"07:30:00";"220";"Sem vítima";"216,800";"BR-116/SP";"Crescente";"Colisão traseira";2;0;0;0;0;0;0;0;0;0;2;0;0;0;0
"12/05/2025";"07:33:00";"222";"Sem vítima";"473,000";"BR-101/RJ";"Decrescente";"Choque";1;0;0;0;0;0;0;0;0;0;1;0;0;0;0
"12/05/2025";"07:46:00";"234";"Sem vítima";"195,000";"BR-116/SP";"Crescente";"Colisão traseira";0;0;1;1;0;0;0;0;0;0;0;0;0;0;0
"12/05/2025";"08:43:00";"282";"Com vítima";"482,000";"BR-101/RJ";"Decrescente";"Atropelamento de pedestre";1;0;0;0;0;0;0;0;0;0;0;1;0;0;0
"12/05/2025";"09:16:00";"308";"Com vítima";"132,800";"BR-116/SP";"Crescente";"Colisão traseira";2;0;0;0;0;0;0;0;0;0;6;2;0;0;0
"12/05/2025";"09:29:00";"322";"Sem vítima";"46,000";"BR-116/SP";"Crescente";"Engavetamento";1;0;2;0;0;0;0;0;0;0;0;0;0;0;0
"12/05/2025";"09:40:00";"331";"Sem vítima";"219,400";"BR-116/SP";"Crescente";"Colisão lateral em sentido contrário";0;0;0;2;0;0;0;0;0;0;0;0;0;0;0
"12/05/2025";"10:08:00";"353";"Sem vítima";"286,000";"BR-116/RJ";"Crescente";"Choque";1;0;0;0;0;0;0;0;0;0;0;0;0;0;0
"12/05/2025";"11:46:00";"395";"Com vítima";"86,950";"BR-116/SP";"Crescente";"Engavetamento";2;0;2;0;0;0;0;0;0;0;6;2;0;0;0
"12/05/2025";"11:56:00";"399";"Sem vítima";"224,300";"BR-116/SP";"Crescente";"Colisão lateral em sentido contrário";0;0;0;0;1;0;0;0;0;0;1;0;0;0;0
"12/05/2025";"14:02:00";"460";"Sem vítima";"494,000";"BR-101/RJ";"Decrescente";"Choque";1;0;0;0;0;0;0;0;0;0;2;0;0;0;0
"12/05/2025";"14:14:00";"466";"Com vítima";"529,000";"BR-101/RJ";"Decrescente";"Acidentes de outra natureza";0;0;0;1;0;0;0;0;0;0;0;1;0;0;0
"12/05/2025";"14:26:00";"471";"Com vítima";"147,600";"BR-116/SP";"Decrescente";"Colisão traseira";0;0;1;1;0;0;0;0;0;0;14;0;0;0;2
"12/05/2025";"14:57:00";"490";"Sem vítima";"145,900";"BR-116/SP";"Decrescente";"Colisão traseira";1;0;2;0;0;0;0;0;0;0;6;0;0;0;0
"12/05/2025";"15:19:00";"504";"Sem vítima";"146,000";"BR-116/SP";"Decrescente";"Colisão lateral em sentido contrário";1;0;1;0;0;0;0;0;0;0;0;0;0;0;0
"12/05/2025";"15:37:00";"514";"Sem vítima";"266,000";"BR-116/RJ";"Crescente";"Colisão traseira";1;0;0;0;0;0;0;0;0;0;1;0;0;0;0
"12/05/2025";"19:25:00";"634";"Sem vítima";"147,950";"BR-116/SP";"Crescente";"Colisão traseira";2;0;0;0;0;0;0;0;0;0;2;0;0;0;0
"12/05/2025";"19:34:00";"637";"Com vítima";"186,800";"BR-116/SP";"Decrescente";"Colisão lateral em sentido contrário";2;0;0;0;0;0;0;0;0;0;1;1;0;0;0
"12/05/2025";"19:42:00";"642";"Sem vítima";"587,000";"BR-101/RJ";"Decrescente";"Colisão traseira";1;0;0;1;0;0;0;0;0;0;4;0;0;0;0
"12/05/2025";"21:11:00";"669";"Sem vítima";"477,800";"BR-101/RJ";"Decrescente";"Colisão frontal";1;0;0;1;0;0;0;0;0;0;2;0;0;0;0
"12/05/2025";"22:25:00";"687";"Com vítima";"229,600";"BR-116/SP";"Decrescente";"Atropelamento de pedestre";1;0;0;0;0;0;0;0;0;0;2;0;0;1;0
"12/05/2025";"23:53:00";"699";"Com vítima";"226,300";"BR-116/SP";"Crescente";"Atropelamento de pedestre";0;0;0;0;0;0;0;0;0;0;0;0;0;0;1
"13/05/2025";"00:54:00";"54";"Sem vítima";"505,600";"BR-101/RJ";"Crescente";"Choque";1;0;0;0;0;0;0;0;0;0;1;0;0;0;0
"13/05/2025";"04:32:00";"69";"Sem vítima";"103,900";"BR-116/SP";"Crescente";"Colisão traseira";0;0;1;0;0;0;0;0;0;1;2;0;0;0;0
"13/05/2025";"07:39:00";"208";"Sem vítima";"227,000";"BR-116/SP";"Crescente";"Colisão lateral em sentido contrário";1;0;0;1;0;0;0;0;0;0;3;0;0;0;0
"13/05/2025";"08:34:00";"262";"Sem vítima";"505,900";"BR-101/RJ";"Crescente";"Choque";1;0;0;0;0;0;0;0;0;0;1;0;0;0;0
"13/05/2025";"11:06:00";"361";"Com vítima";"134,000";"BR-116/SP";"Decrescente";"Acidentes de outra natureza";0;0;0;1;0;0;0;0;0;0;0;2;0;0;0
"13/05/2025";"12:13:00";"385";"Com vítima";"302,000";"BR-116/RJ";"Decrescente";"Colisão traseira";0;0;2;0;0;0;0;0;0;0;1;2;0;0;0
"13/05/2025";"16:19:00";"522";"Com vítima";"199,600";"BR-116/SP";"Decrescente";"Colisão lateral em sentido contrário";1;0;1;0;0;0;0;0;0;0;1;1;0;0;0
"13/05/2025";"19:05:00";"595";"Com vítima";"462,000";"BR-101/RJ";"Crescente";"Acidentes de outra natureza";0;0;1;1;0;0;0;0;0;0;1;1;0;0;0
"13/05/2025";"19:29:00";"609";"Sem vítima";"182,000";"BR-116/SP";"Decrescente";"Atropelamento de pedestre";1;0;0;0;0;0;0;0;0;0;2;0;0;0;0
"13/05/2025";"19:41:00";"615";"Sem vítima";"225,300";"BR-116/RJ";"Crescente";"Colisão traseira";2;0;0;0;0;0;0;0;0;0;2;0;0;0;0
"13/05/2025";"22:15:00";"660";"Sem vítima";"38,500";"BR-101/SP";"Decrescente";"Colisão lateral em sentido contrário";1;0;0;0;0;0;0;0;0;0;1;0;0;0;0
"14/05/2025";"06:35:00";"152";"Sem vítima";"301,000";"BR-116/RJ";"Crescente";"Choque";1;0;0;0;0;0;0;0;0;0;1;0;0;0;0
"14/05/2025";"07:28:00";"197";"Sem vítima";"117,000";"BR-116/SP";"Decrescente";"Acidentes de outra natureza";0;0;0;1;0;0;0;0;0;0;1;0;0;0;0
"14/05/2025";"07:29:00";"199";"Sem vítima";"229,400";"BR-116/RJ";"Crescente";"Capotamento";1;0;0;0;0;0;0;0;0;0;2;0;0;0;0
"14/05/2025";"07:52:00";"226";"Com vítima";"94,000";"BR-116/SP";"Decrescente";"Atropelamento de pedestre";0;0;0;0;0;0;0;0;0;0;0;1;0;0;0
"14/05/2025";"08:55:00";"279";"Sem vítima";"105,300";"BR-116/SP";"Decrescente";"Engavetamento";1;0;2;0;0;0;0;0;0;0;3;0;0;0;0
"14/05/2025";"09:07:00";"287";"Com vítima";"277,000";"BR-116/RJ";"Crescente";"Colisão lateral em sentido contrário";0;0;0;1;1;0;0;0;0;0;2;2;0;0;0
"14/05/2025";"10:33:00";"342";"Com vítima";"224,000";"BR-116/SP";"Decrescente";"Colisão traseira";1;0;0;1;0;0;0;0;0;0;1;1;0;0;0
"14/05/2025";"13:21:00";"442";"Sem vítima";"298,000";"BR-116/RJ";"Decrescente";"Colisão traseira";1;0;1;0;0;0;0;1;0;0;5;0;0;0;0
"14/05/2025";"14:57:00";"490";"Com vítima";"151,300";"BR-116/SP";"Crescente";"Acidentes de outra natureza";0;0;0;1;0;0;0;0;0;0;2;0;2;0;0
"14/05/2025";"17:49:00";"594";"Com vítima";"317,200";"BR-116/RJ";"Decrescente";"Atropelamento de pedestre";0;0;0;1;0;0;0;0;0;0;1;1;0;0;0
"14/05/2025";"18:26:00";"615";"Com vítima";"64,600";"BR-116/SP";"Decrescente";"Acidentes de outra natureza";0;0;0;1;0;0;0;0;0;0;0;0;1;0;0
"14/05/2025";"18:26:00";"616";"Sem vítima";"219,000";"BR-116/SP";"Decrescente";"Colisão traseira";1;0;0;0;1;0;0;0;0;0;1;0;0;0;0
"14/05/2025";"18:32:00";"621";"Sem vítima";"49,000";"BR-116/SP";"Decrescente";"Engavetamento";1;0;2;0;0;0;0;0;0;0;4;0;0;0;0
"14/05/2025";"18:47:00";"629";"Sem vítima";"216,700";"BR-116/SP";"Crescente";"Colisão lateral em sentido contrário";1;0;1;0;0;0;0;0;0;0;2;0;0;0;0
"14/05/2025";"18:55:00";"638";"Sem vítima";"547,900";"BR-101/RJ";"Crescente";"Capotamento";1;0;0;0;0;0;0;0;0;0;0;0;0;0;0
"15/05/2025";"00:41:00";"43";"Com vítima";"120,600";"BR-116/SP";"Decrescente";"Atropelamento de pedestre";1;0;0;0;0;0;0;0;0;0;2;0;0;0;1
"15/05/2025";"02:08:00";"57";"Com vítima";"226,400";"BR-116/RJ";"Decrescente";"Tombamento";0;0;1;0;0;0;0;0;0;0;0;1;0;0;0
"15/05/2025";"04:41:00";"73";"Sem vítima";"209,000";"BR-116/SP";"Decrescente";"Colisão traseira";1;0;1;0;0;0;0;0;0;0;2;0;0;0;0
"15/05/2025";"06:15:00";"122";"Com vítima";"311,000";"BR-116/RJ";"Decrescente";"Acidentes de outra natureza";0;0;0;1;0;0;0;0;0;0;0;1;0;0;0
"15/05/2025";"06:54:00";"172";"Com vítima";"245,900";"BR-116/RJ";"Decrescente";"Choque";0;0;0;0;0;0;0;0;0;0;0;0;0;0;0
"15/05/2025";"08:11:00";"258";"Com vítima";"214,000";"BR-116/SP";"Crescente";"Acidentes de outra natureza";0;0;0;1;0;0;0;0;0;0;2;2;0;0;0
"15/05/2025";"08:35:00";"280";"Sem vítima";"136,200";"BR-116/SP";"Crescente";"Engavetamento";3;0;0;0;0;0;0;0;0;0;6;0;0;0;0
"15/05/2025";"09:11:00";"308";"Sem vítima";"158,000";"BR-116/SP";"Decrescente";"Engavetamento";1;0;0;0;0;0;0;0;0;0;4;0;0;0;0
"15/05/2025";"10:04:00";"353";"Com vítima";"154,400";"BR-116/SP";"Decrescente";"Colisão traseira";1;0;0;1;0;0;0;0;0;0;1;1;0;0;0
"15/05/2025";"13:34:00";"473";"Sem vítima";"101,600";"BR-116/SP";"Decrescente";"Colisão lateral em sentido contrário";0;0;1;0;0;0;0;1;0;0;2;0;0;0;0
"15/05/2025";"13:45:00";"479";"Com vítima";"230,000";"BR-116/SP";"Decrescente";"Colisão lateral em sentido contrário";0;0;0;2;0;0;0;0;0;0;1;1;0;0;0
"15/05/2025";"14:05:00";"449";"Sem vítima";"283,700";"BR-116/RJ";"Crescente";"Colisão traseira";2;0;0;0;0;0;0;0;0;0;2;0;0;0;0
"15/05/2025";"16:04:00";"550";"Sem vítima";"217,800";"BR-116/SP";"Decrescente";"Colisão lateral em sentido contrário";2;0;0;0;0;0;0;0;0;0;2;0;0;0;0
"15/05/2025";"17:17:00";"591";"Com vítima";"219,400";"BR-116/SP";"Decrescente";"Acidentes de outra natureza";0;0;0;1;0;0;0;0;0;0;0;2;0;0;0
"15/05/2025";"18:29:00";"622";"Com vítima";"221,600";"BR-116/SP";"Crescente";"Acidentes de outra natureza";0;0;0;1;0;0;0;0;0;0;0;0;1;0;0
"15/05/2025";"19:31:00";"653";"Sem vítima";"267,000";"BR-116/RJ";"Crescente";"Colisão lateral em sentido contrário";0;0;2;0;0;0;0;0;0;0;2;0;0;0;0
"15/05/2025";"19:33:00";"654";"Com vítima";"222,500";"BR-116/SP";"Decrescente";"Acidentes de outra natureza";0;0;0;1;0;0;0;0;0;0;0;0;1;0;0
"15/05/2025";"19:48:00";"660";"Com vítima";"215,300";"BR-116/SP";"Decrescente";"Acidentes de outra natureza";0;0;0;1;0;0;0;0;0;0;0;2;0;0;0
"16/05/2025";"00:29:00";"37";"Sem vítima";"124,200";"BR-116/SP";"Decrescente";"Colisão lateral em sentido contrário";1;0;1;0;0;0;0;0;0;0;4;0;0;0;0
"16/05/2025";"00:35:00";"39";"Sem vítima";"480,000";"BR-101/RJ";"Crescente";"Choque";1;0;0;0;0;0;0;0;0;0;1;0;0;0;0
"16/05/2025";"01:05:00";"46";"Sem vítima";"48,000";"BR-116/SP";"Crescente";"Colisão traseira";1;0;0;0;0;0;0;0;0;0;1;0;0;0;0
"16/05/2025";"06:20:00";"124";"Sem vítima";"215,500";"BR-116/SP";"Crescente";"Colisão lateral em sentido contrário";1;0;0;1;0;0;0;0;0;0;1;0;0;0;0
"16/05/2025";"06:45:00";"155";"Com vítima";"228,000";"BR-116/SP";"Crescente";"Acidentes de outra natureza";0;0;0;1;0;0;0;0;0;0;0;1;0;0;0
"16/05/2025";"07:56:00";"228";"Sem vítima";"199,000";"BR-116/SP";"Decrescente";"Colisão lateral em sentido contrário";1;0;0;0;0;0;0;0;0;0;1;0;0;0;0
"16/05/2025";"11:34:00";"436";"Com vítima";"110,500";"BR-116/SP";"Decrescente";"Acidentes de outra natureza";0;0;0;1;0;0;0;0;0;0;0;2;0;0;0