data;horario;n_da_ocorrencia;tipo_de_ocorrencia;km;trecho;sentido;tipo_de_acidente;automovel;bicicleta;caminhao;moto;onibus;outros;tracao_animal;transporte_de_cargas_especiais;trator_maquinas;utilitarios;ilesos;levemente_feridos;moderadamente_feridos;gravemente_feridos;mortos
"16/05/2025";"12:15:00";"455";"Sem vítima";"140,800";"BR-116/SP";"Decrescente";"Colisão traseira";2;0;0;0;0;0;0;0;0;0;2;0;0;0;0
"16/05/2025";"12:46:00";"468";"Sem vítima";"142,000";"BR-116/SP";"Decrescente";"Colisão traseira";1;0;0;1;0;0;0;0;0;0;2;0;0;0;0
"16/05/2025";"14:59:00";"546";"Com vítima";"512,000";"BR-101/RJ";"Decrescente";"Atropelamento de pedestre";1;0;0;0;0;0;0;0;0;0;0;1;0;0;0
"16/05/2025";"16:57:00";"610";"Sem vítima";"485,400";"BR-101/RJ";"Decrescente";"Colisão traseira";1;0;0;0;0;0;0;0;0;0;3;0;0;0;0
"16/05/2025";"17:14:00";"621";"Com vítima";"143,800";"BR-116/SP";"Decrescente";"Colisão traseira";1;0;0;2;0;0;0;0;0;0;2;0;1;0;0
"16/05/2025";"23:41:00";"752";"Sem vítima";"51,400";"BR-101/SP";"Decrescente";"Colisão lateral em sentido contrário";2;0;0;0;0;0;0;0;0;0;3;0;0;0;0
"16/05/2025";"23:52:00";"754";"Sem vítima";"386,400";"BR-101/RJ";"Crescente";"Atropelamento de pedestre";1;0;0;0;0;0;0;0;0;0;1;0;0;0;0
"17/05/2025";"00:00:00";"478";"Com vítima";"385,000";"BR-101/RJ";"Decrescente";"Colisão traseira";1;0;0;0;0;0;0;0;0;0;0;1;1;0;0
"17/05/2025";"00:53:00";"38";"Sem vítima";"143,850";"BR-116/SP";"Decrescente";"Choque";1;0;0;0;0;0;0;0;0;0;4;0;0;0;0
"17/05/2025";"01:55:00";"48";"Com vítima";"204,100";"BR-116/SP";"Crescente";"Acidentes de outra natureza";0;0;0;1;0;0;0;0;0;0;0;1;0;0;0
"17/05/2025";"04:42:00";"71";"Sem vítima";"395,000";"BR-101/RJ";"Crescente";"Atropelamento de pedestre";1;0;0;0;0;0;0;0;0;0;1;0;0;0;0
"17/05/2025";"04:50:00";"72";"Com vítima";"228,300";"BR-116/RJ";"Decrescente";"Colisão traseira";0;0;2;0;0;0;0;0;0;0;0;1;0;0;0
"17/05/2025";"05:41:00";"82";"Sem vítima";"223,000";"BR-116/SP";"Crescente";"Colisão traseira";0;0;1;0;0;0;0;0;0;0;3;0;0;0;0
"17/05/2025";"05:44:00";"83";"Com vítima";"208,000";"BR-116/SP";"Decrescente";"Colisão traseira";0;0;2;0;0;0;0;0;0;0;1;1;0;0;0
"17/05/2025";"05:48:00";"86";"Sem vítima";"502,000";"BR-101/RJ";"Decrescente";"Choque";1;0;0;0;0;0;0;0;0;0;0;0;0;0;0
"17/05/2025";"07:00:00";"137";"Com vítima";"576,000";"BR-101/RJ";"Decrescente";"Colisão lateral em sentido contrário";1;0;0;1;0;0;0;0;0;0;1;0;1;0;0
"17/05/2025";"08:04:00";"185";"Sem vítima";"117,000";"BR-116/SP";"Decrescente";"Colisão traseira";2;0;0;0;0;0;0;0;0;0;4;0;0;0;0
"17/05/2025";"08:05:00";"189";"Sem vítima";"146,900";"BR-116/SP";"Decrescente";"Choque";0;0;0;0;0;0;0;1;0;0;0;0;0;0;0
"17/05/2025";"08:42:00";"212";"Com vítima";"227,000";"BR-116/SP";"Crescente";"Engavetamento";3;0;0;0;0;0;0;0;0;0;2;1;0;0;0
"17/05/2025";"09:07:00";"228";"Sem vítima";"43,500";"BR-101/SP";"Decrescente";"Choque";1;0;0;0;0;0;0;0;0;0;1;0;0;0;0
"17/05/2025";"11:10:00";"283";"Com vítima";"221,000";"BR-116/SP";"Crescente";"Engavetamento";3;0;1;0;0;0;0;0;0;0;3;1;0;0;0
"17/05/2025";"11:11:00";"287";"Com vítima";"477,000";"BR-101/RJ";"Decrescente";"Colisão lateral em sentido contrário";1;0;0;1;0;0;0;0;0;0;1;1;0;0;0
"17/05/2025";"11:53:00";"307";"Sem vítima";"221,800";"BR-116/SP";"Crescente";"Colisão traseira";1;0;0;0;0;0;0;0;0;0;1;0;0;0;0
"17/05/2025";"12:16:00";"312";"Com vítima";"127,000";"BR-116/SP";"Crescente";"Colisão traseira";0;0;0;1;0;0;0;0;0;0;0;0;1;0;0
"17/05/2025";"12:23:00";"316";"Com vítima";"305,500";"BR-116/RJ";"Decrescente";"Atropelamento de pedestre";1;0;0;0;0;0;0;0;0;0;0;0;0;1;0
"17/05/2025";"12:37:00";"320";"Com vítima";"137,800";"BR-116/SP";"Crescente";"Engavetamento";2;0;0;0;0;0;0;0;0;1;2;2;2;0;0
"17/05/2025";"14:28:00";"361";"Sem vítima";"51,000";"BR-116/SP";"Crescente";"Acidentes de outra natureza";0;0;0;1;0;0;0;0;0;0;0;0;0;0;0
"17/05/2025";"14:33:00";"363";"Com vítima";"165,400";"BR-116/SP";"Crescente";"Colisão traseira";1;0;0;1;0;0;0;0;0;0;3;0;0;1;0
"17/05/2025";"14:49:00";"372";"Sem vítima";"151,000";"BR-116/SP";"Decrescente";"Colisão lateral em sentido contrário";1;0;1;0;0;0;0;0;0;0;2;0;0;0;0
"17/05/2025";"15:14:00";"375";"Com vítima";"483,000";"BR-101/RJ";"Decrescente";"Colisão traseira";0;0;0;1;0;0;0;0;0;0;0;1;0;0;0
"17/05/2025";"16:47:00";"406";"Sem vítima";"526,600";"BR-101/RJ";"Crescente";"Acidentes de outra natureza";0;0;0;1;0;0;0;0;0;0;1;0;0;0;0
"17/05/2025";"17:28:00";"419";"Com vítima";"517,000";"BR-101/RJ";"Decrescente";"Acidentes de outra natureza";0;0;0;1;0;0;0;0;0;0;0;0;1;0;0
"17/05/2025";"18:12:00";"433";"Sem vítima";"143,000";"BR-116/SP";"Decrescente";"Engavetamento";2;0;0;0;0;0;0;0;0;0;2;0;0;0;0
"17/05/2025";"18:13:00";"435";"Com vítima";"148,000";"BR-116/SP";"Decrescente";"Acidentes de outra natureza";0;0;0;1;0;0;0;0;0;0;1;1;0;0;0
"17/05/2025";"18:38:00";"442";"Com vítima";"219,200";"BR-116/SP";"Crescente";"Engavetamento";1;0;1;0;1;0;0;0;0;0;2;1;0;0;0
"17/05/2025";"18:43:00";"444";"Com vítima";"187,250";"BR-116/SP";"Decrescente";"Choque";0;0;0;0;0;0;0;0;0;1;1;0;1;0;0
"17/05/2025";"20:17:00";"473";"Com vítima";"309,600";"BR-116/RJ";"Crescente";"Choque";1;0;1;0;0;0;0;0;0;0;1;1;0;0;0
"17/05/2025";"21:55:00";"505";"Com vítima";"157,200";"BR-116/SP";"Crescente";"Acidentes de outra natureza";0;0;0;1;0;0;0;0;0;0;0;1;0;0;0
"17/05/2025";"22:00:00";"508";"Sem vítima";"121,500";"BR-116/SP";"Decrescente";"Choque";1;0;0;0;0;0;0;0;0;0;1;0;0;0;0
"17/05/2025";"23:25:00";"528";"Sem vítima";"124,800";"BR-116/SP";"Decrescente";"Choque";1;0;0;0;0;0;0;0;0;0;1;0;0;0;0
"17/05/2025";"23:26:00";"529";"Com vítima";"201,000";"BR-116/SP";"Crescente";"Acidentes de outra natureza";0;0;0;1;0;0;0;0;0;0;0;0;0;1;0
"18/05/2025";"00:00:00";"459";"Com vítima";"389,000";"BR-101/RJ";"Crescente";"Capotamento";1;0;0;0;0;0;0;0;0;0;0;0;1;0;0
"18/05/2025";"00:33:00";"41";"Com vítima";"40,800";"BR-101/SP";"Crescente";"Colisão frontal";1;0;0;1;0;0;0;0;0;0;1;0;1;0;2
"18/05/2025";"00:45:00";"43";"Com vítima";"317,000";"BR-116/RJ";"Crescente";"Colisão traseira";1;0;0;1;0;0;0;0;0;0;1;0;1;0;0
"18/05/2025";"00:52:00";"44";"Sem vítima";"182,300";"BR-116/SP";"Decrescente";"Colisão traseira";2;0;0;0;0;0;0;0;0;0;4;0;0;0;0
"18/05/2025";"01:03:00";"47";"Com vítima";"175,700";"BR-116/SP";"Crescente";"Acidentes de outra natureza";0;0;0;1;0;0;0;0;0;0;0;1;0;0;0
"18/05/2025";"03:32:00";"62";"Com vítima";"211,600";"BR-116/SP";"Decrescente";"Colisão traseira";0;0;0;1;0;0;0;0;0;0;1;0;1;0;0
"18/05/2025";"06:31:00";"93";"Sem vítima";"253,600";"BR-116/RJ";"Decrescente";"Choque";1;0;0;0;0;0;0;0;0;0;2;0;0;0;0
"18/05/2025";"08:33:00";"160";"Sem vítima";"143,100";"BR-116/SP";"Decrescente";"Colisão traseira";2;0;0;0;0;0;0;0;0;0;5;0;0;0;0
"18/05/2025";"08:53:00";"166";"Sem vítima";"142,000";"BR-116/SP";"Decrescente";"Engavetamento";2;0;0;1;0;0;0;0;0;0;6;0;0;0;0
"18/05/2025";"10:11:00";"198";"Sem vítima";"142,000";"BR-116/SP";"Decrescente";"Colisão traseira";2;0;0;0;0;0;0;0;0;0;7;0;0;0;0
"18/05/2025";"11:36:00";"233";"Com vítima";"292,000";"BR-116/RJ";"Decrescente";"Acidentes de outra natureza";0;0;0;1;0;0;0;0;0;0;0;1;1;0;0
"18/05/2025";"11:51:00";"240";"Sem vítima";"143,000";"BR-116/SP";"Decrescente";"Colisão traseira";2;0;0;0;0;0;0;0;0;0;3;0;0;0;0
"18/05/2025";"11:55:00";"244";"Com vítima";"234,000";"BR-116/RJ";"Decrescente";"Acidentes de outra natureza";0;0;0;1;0;0;0;0;0;0;0;0;2;0;0
"18/05/2025";"14:58:00";"310";"Sem vítima";"106,000";"BR-116/SP";"Crescente";"Engavetamento";1;0;0;0;0;0;0;0;0;0;3;0;0;0;0
"18/05/2025";"15:41:00";"324";"Com vítima";"202,500";"BR-116/SP";"Decrescente";"Choque";0;0;0;1;0;0;0;1;0;0;0;0;2;0;1
"18/05/2025";"16:33:00";"357";"Com vítima";"504,000";"BR-101/RJ";"Crescente";"Colisão lateral em sentido contrário";1;0;0;1;0;0;0;0;0;0;1;0;2;0;0
"18/05/2025";"16:45:00";"364";"Com vítima";"152,850";"BR-116/SP";"Crescente";"Colisão traseira";1;0;1;1;0;0;0;0;0;0;3;0;0;0;1
"18/05/2025";"17:41:00";"387";"Com vítima";"95,390";"BR-116/SP";"Crescente";"Colisão traseira";0;0;0;2;0;0;0;0;0;0;2;1;0;0;0
"18/05/2025";"18:36:00";"414";"Com vítima";"399,600";"BR-101/RJ";"Decrescente";"Acidentes de outra natureza";0;0;0;1;0;0;0;0;0;0;0;0;4;0;0
"18/05/2025";"22:08:00";"486";"Com vítima";"224,400";"BR-116/SP";"Decrescente";"Colisão lateral em sentido contrário";0;0;0;1;0;0;0;0;0;0;0;0;1;0;0
"18/05/2025";"22:31:00";"494";"Sem vítima";"54,600";"BR-116/SP";"Crescente";"Choque";1;0;0;0;0;0;0;0;0;0;1;0;0;0;0
"18/05/2025";"23:47:00";"508";"Sem vítima";"126,400";"BR-116/SP";"Decrescente";"Choque";1;0;0;0;0;0;0;0;0;0;2;0;0;0;0
"19/05/2025";"00:00:00";"36";"Sem vítima";"96,600";"BR-116/SP";"Crescente";"Choque";1;0;0;0;0;0;0;0;0;0;0;0;0;0;0
"19/05/2025";"00:32:00";"37";"Com vítima";"387,100";"BR-101/RJ";"Crescente";"Choque";1;0;0;0;0;0;0;0;0;0;0;2;0;0;0
"19/05/2025";"04:54:00";"65";"Com vítima";"227,000";"BR-116/SP";"Decrescente";"Acidentes de outra natureza";0;0;0;1;0;0;0;0;0;0;0;2;0;0;0
"19/05/2025";"06:27:00";"138";"Sem vítima";"471,200";"BR-101/RJ";"Crescente";"Choque";1;0;0;0;0;0;0;0;0;0;1;0;0;0;0
"19/05/2025";"07:24:00";"184";"Com vítima";"111,000";"BR-116/SP";"Decrescente";"Colisão traseira";1;0;0;1;0;0;0;0;0;0;1;1;0;0;0
"19/05/2025";"07:52:00";"207";"Com vítima";"481,300";"BR-101/RJ";"Crescente";"Atropelamento de pedestre";0;0;0;1;0;0;0;0;0;0;0;0;2;0;0
"19/05/2025";"07:53:00";"209";"Com vítima";"138,600";"BR-116/SP";"Crescente";"Colisão lateral em sentido contrário";1;0;0;1;0;0;0;0;0;0;2;2;0;0;0
"19/05/2025";"08:28:00";"242";"Sem vítima";"139,600";"BR-116/SP";"Crescente";"Colisão traseira";2;0;0;0;0;0;0;0;0;0;8;0;0;0;0
"19/05/2025";"08:40:00";"253";"Com vítima";"224,000";"BR-116/SP";"Crescente";"Colisão traseira";1;0;0;1;0;0;0;0;0;0;1;1;0;0;0
"19/05/2025";"09:30:00";"285";"Sem vítima";"147,200";"BR-116/SP";"Crescente";"Colisão traseira";1;0;0;0;0;0;0;0;0;0;4;0;0;0;0
"19/05/2025";"09:42:00";"294";"Com vítima";"218,000";"BR-116/SP";"Crescente";"Colisão lateral em sentido contrário";1;0;0;1;0;0;0;0;0;0;2;2;0;0;0
"19/05/2025";"12:08:00";"377";"Sem vítima";"202,100";"BR-116/SP";"Decrescente";"Colisão lateral em sentido contrário";2;0;0;0;0;0;0;0;0;0;8;0;0;0;0
"19/05/2025";"13:34:00";"412";"Sem vítima";"230,000";"BR-116/RJ";"Crescente";"Colisão traseira";1;0;0;0;0;0;0;0;0;0;2;0;0;0;0
"19/05/2025";"14:14:00";"429";"Com vítima";"230,000";"BR-116/SP";"Decrescente";"Colisão lateral em sentido contrário";0;0;2;0;0;0;0;0;0;0;0;1;0;0;0
"19/05/2025";"15:57:00";"476";"Com vítima";"230,100";"BR-116/SP";"Decrescente";"Colisão lateral em sentido contrário";1;0;0;2;0;0;0;0;0;0;1;1;1;0;1
"19/05/2025";"16:15:00";"482";"Com vítima";"223,000";"BR-116/SP";"Crescente";"Engavetamento";1;0;0;1;0;0;0;0;0;0;1;0;1;0;0
"19/05/2025";"16:52:00";"499";"Com vítima";"487,000";"BR-101/RJ";"Crescente";"Colisão lateral em sentido contrário";0;0;1;1;0;0;0;0;0;0;1;0;1;0;0
"19/05/2025";"17:22:00";"515";"Com vítima";"231,700";"BR-116/RJ";"Decrescente";"Tombamento";0;0;0;0;0;0;0;1;0;0;0;1;0;0;0
"19/05/2025";"19:51:00";"580";"Sem vítima";"204,500";"BR-116/SP";"Crescente";"Colisão lateral em sentido contrário";2;0;0;0;0;0;0;0;0;0;2;0;0;0;0
"19/05/2025";"23:48:00";"631";"Com vítima";"148,350";"BR-116/SP";"Decrescente";"Acidentes de outra natureza";0;0;0;2;0;0;0;0;0;0;0;0;1;1;0
"20/05/2025";"00:00:00";"253";"Sem vítima";"146,000";"BR-116/SP";"Crescente";"Engavetamento";3;0;0;0;0;0;0;0;0;0;3;0;0;0;0
"20/05/2025";"00:00:00";"261";"Sem vítima";"162,000";"BR-116/SP";"Crescente";"Tombamento";0;0;1;0;0;0;0;0;0;0;1;0;0;0;0
"20/05/2025";"01:08:00";"42";"Sem vítima";"256,000";"BR-116/RJ";"Decrescente";"Colisão lateral em sentido contrário";1;0;1;0;0;0;0;0;0;0;2;0;0;0;0
"20/05/2025";"03:25:00";"62";"Com vítima";"478,800";"BR-101/RJ";"Decrescente";"Acidentes de outra natureza";0;0;0;1;0;0;0;0;0;0;0;0;1;0;0
"20/05/2025";"06:57:00";"180";"Com vítima";"473,000";"BR-101/RJ";"Crescente";"Colisão lateral em sentido contrário";1;0;0;1;0;0;0;0;0;0;1;0;1;0;0
"20/05/2025";"07:24:00";"209";"Com vítima";"292,200";"BR-116/RJ";"Crescente";"Choque";1;0;0;0;0;0;0;0;0;0;2;1;0;0;0
"20/05/2025";"08:13:00";"266";"Com vítima";"41,200";"BR-101/SP";"Decrescente";"Acidentes de outra natureza";0;0;0;1;0;0;0;0;0;0;0;1;1;0;0
"20/05/2025";"08:23:00";"275";"Com vítima";"228,800";"BR-116/SP";"Crescente";"Colisão traseira";1;0;0;2;0;0;0;0;0;0;1;1;0;0;1
"20/05/2025";"09:04:00";"314";"Sem vítima";"138,900";"BR-116/SP";"Crescente";"Colisão traseira";1;0;1;0;0;0;0;0;0;0;2;0;0;0;0
"20/05/2025";"10:15:00";"358";"Com vítima";"384,000";"BR-101/RJ";"Decrescente";"Colisão traseira";1;0;0;1;0;0;0;0;0;0;1;2;0;0;0
"20/05/2025";"10:21:00";"364";"Com vítima";"226,000";"BR-116/SP";"Decrescente";"Colisão lateral em sentido contrário";1;0;0;1;0;0;0;0;0;0;1;1;0;0;0
"20/05/2025";"10:45:00";"382";"Sem vítima";"321,300";"BR-116/RJ";"Decrescente";"Colisão lateral em sentido contrário";1;0;1;0;0;0;0;0;0;0;5;0;0;0;0
"20/05/2025";"10:51:00";"385";"Com vítima";"383,400";"BR-101/RJ";"Crescente";"Capotamento";1;0;0;0;0;0;0;0;0;0;1;1;0;0;0
"20/05/2025";"11:04:00";"393";"Com vítima";"383,400";"BR-101/RJ";"Crescente";"Colisão traseira";2;0;0;0;0;0;0;0;0;0;2;1;0;0;0
"20/05/2025";"11:39:00";"415";"Com vítima";"285,300";"BR-116/RJ";"Crescente";"Engavetamento";0;0;2;0;1;0;0;0;0;0;19;0;0;1;0
"20/05/2025";"12:10:00";"427";"Sem vítima";"112,600";"BR-116/SP";"Decrescente";"Engavetamento";1;0;1;0;0;0;0;1;0;0;2;0;0;0;0
"20/05/2025";"13:00:00";"457";"Com vítima";"468,000";"BR-101/RJ";"Crescente";"Acidentes de outra natureza";0;0;0;1;0;0;0;0;0;0;0;1;0;0;0
"20/05/2025";"14:29:00";"497";"Sem vítima";"110,000";"BR-116/SP";"Crescente";"Colisão lateral em sentido contrário";1;0;1;0;0;0;0;0;0;0;5;0;0;0;0
"20/05/2025";"15:10:00";"521";"Sem vítima";"138,900";"BR-116/SP";"Crescente";"Colisão traseira";0;0;0;0;1;0;0;0;0;0;1;0;0;0;0
"20/05/2025";"16:23:00";"575";"Com vítima";"219,900";"BR-116/SP";"Decrescente";"Colisão traseira";1;0;0;1;0;0;0;0;0;0;1;1;0;0;0
"20/05/2025";"16:29:00";"579";"Sem vítima";"436,000";"BR-101/RJ";"Decrescente";"Choque";1;0;0;0;0;0;0;0;0;0;1;0;0;0;0
"20/05/2025";"17:41:00";"618";"Com vítima";"285,000";"BR-116/RJ";"Crescente";"Colisão traseira";1;0;1;0;0;0;0;0;0;0;1;0;1;0;0
"20/05/2025";"17:56:00";"627";"Sem vítima";"21,000";"BR-101/SP";"Crescente";"Colisão transversal";0;0;0;1;0;0;0;0;0;0;0;0;0;0;0
"20/05/2025";"18:10:00";"636";"Sem vítima";"135,100";"BR-116/SP";"Crescente";"Engavetamento";3;0;0;0;0;0;0;0;0;0;4;0;0;0;0
"20/05/2025";"19:11:00";"660";"Com vítima";"203,700";"BR-116/SP";"Decrescente";"Colisão traseira";2;0;0;0;0;0;0;0;0;0;1;5;0;0;0
"20/05/2025";"19:24:00";"666";"Com vítima";"385,000";"BR-101/RJ";"Decrescente";"Colisão transversal";1;0;0;1;0;0;0;0;0;0;0;2;0;0;0
"20/05/2025";"19:29:00";"670";"Com vítima";"444,800";"BR-101/RJ";"Decrescente";"Atropelamento de pedestre";0;0;0;0;1;0;0;0;0;0;29;0;0;0;1
"20/05/2025";"21:56:00";"731";"Com vítima";"213,300";"BR-116/SP";"Decrescente";"Choque";1;0;0;0;0;0;0;0;0;0;0;0;1;0;0
"20/05/2025";"22:36:00";"738";"Sem vítima";"154,900";"BR-116/SP";"Crescente";"Colisão lateral em sentido contrário";1;0;0;0;0;0;0;1;0;0;2;0;0;0;0
"21/05/2025";"00:39:00";"39";"Com vítima";"261,500";"BR-116/RJ";"Decrescente";"Colisão traseira";0;0;2;0;0;0;0;1;0;0;1;0;0;1;0
"21/05/2025";"05:36:00";"100";"Com vítima";"228,000";"BR-116/SP";"Crescente";"Colisão traseira";1;0;0;1;0;0;0;0;0;0;0;1;0;0;0
"21/05/2025";"05:56:00";"118";"Com vítima";"222,000";"BR-116/SP";"Crescente";"Acidentes de outra natureza";0;0;0;1;0;0;0;0;0;0;0;1;0;0;0
"21/05/2025";"08:08:00";"259";"Com vítima";"136,000";"BR-116/SP";"Crescente";"Colisão lateral em sentido contrário";1;0;0;1;0;0;0;0;0;0;1;1;0;0;0
"21/05/2025";"08:55:00";"302";"Com vítima";"223,000";"BR-116/SP";"Decrescente";"Colisão lateral em sentido contrário";1;0;0;1;0;0;0;0;0;0;0;0;1;0;0
"21/05/2025";"10:02:00";"362";"Sem vítima";"228,000";"BR-116/SP";"Crescente";"Colisão traseira";1;0;0;1;0;0;0;0;0;0;0;0;0;0;0
"21/05/2025";"12:07:00";"427";"Com vítima";"427,900";"BR-101/RJ";"Decrescente";"Engavetamento";1;0;2;0;0;0;0;0;0;0;2;1;0;0;0
"21/05/2025";"12:59:00";"454";"Sem vítima";"247,000";"BR-116/RJ";"Decrescente";"Tombamento";0;0;2;0;0;0;0;0;0;0;4;0;0;0;0
"21/05/2025";"13:31:00";"477";"Sem vítima";"106,900";"BR-116/SP";"Crescente";"Colisão traseira";2;0;0;0;0;0;0;0;0;0;6;0;0;0;0
"21/05/2025";"15:31:00";"546";"Sem vítima";"143,350";"BR-116/SP";"Crescente";"Colisão traseira";1;0;1;0;0;0;0;0;0;0;2;0;0;0;0
"21/05/2025";"16:52:00";"587";"Com vítima";"155,000";"BR-116/SP";"Crescente";"Colisão traseira";1;0;0;1;0;0;0;1;0;0;2;1;0;0;0
"21/05/2025";"16:54:00";"588";"Com vítima";"228,000";"BR-116/SP";"Crescente";"Colisão traseira";1;0;0;1;0;0;0;0;0;0;1;2;0;0;0
"21/05/2025";"18:21:00";"632";"Sem vítima";"144,800";"BR-116/SP";"Crescente";"Engavetamento";2;0;0;0;0;0;0;0;0;0;4;0;0;0;0
"21/05/2025";"19:10:00";"651";"Com vítima";"223,050";"BR-116/SP";"Decrescente";"Acidentes de outra natureza";0;0;0;1;0;0;0;0;0;0;0;0;0;1;0
"21/05/2025";"19:12:00";"652";"Sem vítima";"145,300";"BR-116/SP";"Decrescente";"Colisão lateral em sentido contrário";1;0;0;0;0;0;0;1;0;0;3;0;0;0;0
"21/05/2025";"21:35:00";"703";"Com vítima";"86,250";"BR-116/SP";"Crescente";"Atropelamento de pedestre";0;0;0;0;0;0;0;0;0;0;0;0;0;0;1
"22/05/2025";"00:07:00";"34";"Com vítima";"107,500";"BR-116/SP";"Decrescente";"Colisão traseira";1;0;0;1;0;0;0;0;0;0;1;1;0;0;0
"22/05/2025";"05:56:00";"107";"Sem vítima";"229,400";"BR-116/RJ";"Decrescente";"Choque";0;0;1;0;0;0;0;0;0;0;1;0;0;0;0
"22/05/2025";"06:48:00";"152";"Sem vítima";"232,000";"BR-116/RJ";"Decrescente";"Colisão traseira";1;0;0;0;1;0;0;0;0;0;2;0;0;0;0
"22/05/2025";"06:57:00";"166";"Sem vítima";"177,100";"BR-116/SP";"Decrescente";"Choque";1;0;0;0;0;0;0;0;0;0;1;0;0;0;0
"22/05/2025";"10:42:00";"366";"Com vítima";"144,700";"BR-116/SP";"Crescente";"Colisão traseira";0;0;1;1;0;0;0;0;0;0;1;0;1;0;0
"22/05/2025";"11:57:00";"401";"Sem vítima";"474,900";"BR-101/RJ";"Decrescente";"Choque";0;0;1;0;0;0;0;0;0;0;0;0;0;0;0
"22/05/2025";"12:02:00";"404";"Sem vítima";"51,000";"BR-116/SP";"Crescente";"Colisão traseira";1;0;1;0;0;0;0;0;0;0;4;0;0;0;0
"22/05/2025";"12:49:00";"427";"Com vítima";"118,000";"BR-116/SP";"Decrescente";"Colisão lateral em sentido contrário";1;0;1;0;0;0;0;0;0;0;1;0;1;0;0
"22/05/2025";"13:11:00";"439";"Com vítima";"220,000";"BR-116/SP";"Crescente";"Colisão traseira";1;0;0;0;1;0;0;0;0;0;1;0;1;0;0
"22/05/2025";"13:18:00";"445";"Com vítima";"594,000";"BR-101/RJ";"Crescente";"Choque";1;0;0;0;0;0;0;0;0;0;0;1;0;0;0
"22/05/2025";"14:27:00";"483";"Com vítima";"225,000";"BR-116/SP";"Crescente";"Colisão lateral em sentido contrário";0;0;0;1;0;0;0;0;0;1;1;0;1;0;0
"22/05/2025";"14:51:00";"496";"Sem vítima";"273,000";"BR-116/RJ";"Crescente";"Colisão lateral em sentido contrário";1;0;1;0;0;0;0;0;0;0;0;0;0;0;0
"22/05/2025";"18:02:00";"577";"Sem vítima";"216,300";"BR-116/SP";"Decrescente";"Colisão traseira";1;0;0;0;0;0;0;0;0;0;1;0;0;0;0
"22/05/2025";"20:41:00";"662";"Com vítima";"173,550";"BR-116/SP";"Decrescente";"Colisão traseira";0;0;2;0;0;0;0;0;0;0;1;0;1;0;0
"22/05/2025";"21:14:00";"677";"Sem vítima";"6,400";"BR-116/SP";"Decrescente";"Choque";1;0;0;0;0;0;0;0;0;0;1;0;0;0;0
"22/05/2025";"23:49:00";"712";"Sem vítima";"116,200";"BR-116/SP";"Crescente";"Capotamento";1;0;0;0;0;0;0;0;0;0;2;0;0;0;0
"22/05/2025";"23:56:00";"717";"Sem vítima";"310,000";"BR-116/RJ";"Crescente";"Choque";1;0;0;0;0;0;0;0;0;0;1;0;0;0;0
"23/05/2025";"00:00:00";"545";"Sem vítima";"490,000";"BR-101/RJ";"Crescente";"Colisão lateral em sentido contrário";2;0;0;0;0;0;0;0;0;0;2;0;0;0;0
"23/05/2025";"00:47:00";"47";"Sem vítima";"206,500";"BR-116/SP";"Decrescente";"Colisão traseira";2;0;0;0;0;0;0;0;0;0;5;0;0;0;0
"23/05/2025";"00:56:00";"49";"Com vítima";"573,800";"BR-101/RJ";"Decrescente";"Atropelamento de pedestre";0;0;0;1;0;0;0;0;0;0;0;1;0;0;0
"23/05/2025";"02:11:00";"62";"Com vítima";"227,400";"BR-116/RJ";"Decrescente";"Colisão traseira";0;0;1;0;0;0;0;0;0;0;0;0;1;0;0
"23/05/2025";"02:46:00";"66";"Sem vítima";"28,700";"BR-116/SP";"Decrescente";"Colisão traseira";0;0;2;0;0;0;0;0;0;0;2;0;0;0;0
"23/05/2025";"04:39:00";"79";"Com vítima";"407,200";"BR-101/RJ";"Decrescente";"Choque";1;0;0;0;0;0;0;0;0;0;0;1;0;0;0
"23/05/2025";"06:25:00";"133";"Com vítima";"157,800";"BR-116/SP";"Crescente";"Colisão traseira";0;0;0;1;0;0;0;0;0;0;0;1;0;0;0
"23/05/2025";"07:20:00";"206";"Sem vítima";"156,000";"BR-116/SP";"Decrescente";"Colisão lateral em sentido contrário";2;0;0;0;0;0;0;1;0;0;3;0;0;0;0
"23/05/2025";"07:46:00";"233";"Com vítima";"225,000";"BR-116/SP";"Crescente";"Colisão traseira";0;0;0;1;0;0;0;0;0;0;0;1;0;0;0
"23/05/2025";"07:56:00";"237";"Sem vítima";"150,300";"BR-116/SP";"Decrescente";"Choque";1;0;0;0;0;0;0;1;0;0;3;0;0;0;0
"23/05/2025";"08:05:00";"247";"Com vítima";"146,900";"BR-116/SP";"Crescente";"Acidentes de outra natureza";0;0;0;1;0;0;0;0;0;0;0;1;0;0;0
"23/05/2025";"08:09:00";"250";"Com vítima";"65,000";"BR-116/SP";"Crescente";"Colisão lateral em sentido contrário";1;0;0;0;0;0;0;0;0;0;0;0;2;0;0