data;horario;n_da_ocorrencia;tipo_de_ocorrencia;km;trecho;sentido;tipo_de_acidente;automovel;bicicleta;caminhao;moto;onibus;outros;tracao_animal;transporte_de_cargas_especiais;trator_maquinas;utilitarios;ilesos;levemente_feridos;moderadamente_feridos;gravemente_feridos;mortos
"23/05/2025";"08:18:00";"255";"Com vítima";"99,000";"BR-116/SP";"Decrescente";"Acidentes de outra natureza";0;0;0;1;0;0;0;0;0;0;0;1;0;0;0
"23/05/2025";"11:16:00";"360";"Com vítima";"471,800";"BR-101/RJ";"Crescente";"Atropelamento de pedestre";0;0;0;1;0;0;0;0;0;0;0;0;0;2;0
"23/05/2025";"11:29:00";"367";"Com vítima";"226,000";"BR-116/SP";"Decrescente";"Colisão traseira";1;0;0;1;0;0;0;0;0;0;1;1;0;0;0
"23/05/2025";"11:45:00";"374";"Com vítima";"434,000";"BR-101/RJ";"Crescente";"Engavetamento";3;0;0;0;0;0;0;0;0;0;1;2;0;0;0
"23/05/2025";"12:17:00";"383";"Sem vítima";"147,000";"BR-116/SP";"Decrescente";"Colisão traseira";0;0;1;0;0;0;0;0;0;1;0;0;0;0;0
"23/05/2025";"12:31:00";"389";"Com vítima";"227,000";"BR-116/SP";"Decrescente";"Acidentes de outra natureza";0;0;0;1;0;0;0;0;0;0;0;1;0;0;0
"23/05/2025";"13:13:00";"409";"Sem vítima";"145,800";"BR-116/SP";"Crescente";"Engavetamento";2;0;1;0;0;0;0;0;0;0;3;0;0;0;0
"23/05/2025";"13:38:00";"422";"Sem vítima";"230,500";"BR-116/RJ";"Decrescente";"Choque";1;0;0;0;0;0;0;0;0;0;1;0;0;0;0
"23/05/2025";"13:54:00";"433";"Sem vítima";"220,400";"BR-116/RJ";"Crescente";"Choque";1;0;0;0;0;0;0;0;0;0;1;0;0;0;0
"23/05/2025";"14:06:00";"442";"Sem vítima";"124,700";"BR-116/SP";"Crescente";"Engavetamento";0;0;2;0;0;0;0;0;0;0;2;0;0;0;0
"23/05/2025";"15:46:00";"498";"Com vítima";"230,000";"BR-116/RJ";"Decrescente";"Choque";1;0;0;0;0;0;0;0;0;0;2;2;0;0;0
"23/05/2025";"16:04:00";"508";"Sem vítima";"384,000";"BR-101/RJ";"Decrescente";"Colisão lateral em sentido contrário";1;0;0;0;0;0;0;0;0;0;1;0;0;0;0
"23/05/2025";"16:18:00";"522";"Sem vítima";"384,000";"BR-101/RJ";"Decrescente";"Colisão traseira";0;0;1;0;0;0;0;0;0;0;1;0;0;0;0
"23/05/2025";"16:53:00";"536";"Com vítima";"460,000";"BR-101/RJ";"Decrescente";"Colisão frontal";2;0;0;0;0;0;0;0;0;0;1;2;1;0;0
"23/05/2025";"16:54:00";"538";"Com vítima";"232,500";"BR-116/RJ";"Decrescente";"Choque";1;0;0;0;0;0;0;0;0;0;1;3;0;0;0
"23/05/2025";"17:17:00";"548";"Sem vítima";"106,600";"BR-116/SP";"Crescente";"Engavetamento";2;0;0;0;0;0;0;0;0;0;0;0;0;0;0
"23/05/2025";"18:03:00";"560";"Sem vítima";"155,600";"BR-116/SP";"Decrescente";"Colisão traseira";1;0;1;0;0;0;0;0;0;0;2;0;0;0;0
"23/05/2025";"18:15:00";"565";"Sem vítima";"463,000";"BR-101/RJ";"Crescente";"Choque";2;0;0;0;0;0;0;0;0;0;2;0;0;0;0
"23/05/2025";"18:23:00";"570";"Com vítima";"279,000";"BR-116/RJ";"Decrescente";"Engavetamento";3;0;0;0;0;0;0;0;0;0;2;0;1;0;0
"23/05/2025";"20:59:00";"637";"Sem vítima";"227,200";"BR-116/SP";"Decrescente";"Colisão lateral em sentido contrário";2;0;0;0;0;0;0;0;0;0;2;0;0;0;0
"23/05/2025";"22:46:00";"679";"Sem vítima";"528,800";"BR-101/RJ";"Crescente";"Choque";1;0;0;0;0;0;0;0;0;0;1;0;0;0;0
"24/05/2025";"00:00:00";"114";"Com vítima";"107,300";"BR-116/SP";"Decrescente";"Acidentes de outra natureza";1;0;0;1;0;0;0;0;0;0;1;0;0;1;0
"24/05/2025";"00:00:00";"296";"Sem vítima";"109,600";"BR-116/SP";"Decrescente";"Engavetamento";3;0;0;0;0;0;0;0;0;0;4;0;0;0;0
"24/05/2025";"01:35:00";"52";"Sem vítima";"41,600";"BR-116/SP";"Crescente";"Colisão lateral em sentido contrário";2;0;0;0;0;0;0;0;0;0;1;0;0;0;0
"24/05/2025";"02:26:00";"64";"Sem vítima";"193,800";"BR-116/SP";"Decrescente";"Choque";1;0;0;0;0;0;0;0;0;0;0;0;0;0;0
"24/05/2025";"04:52:00";"87";"Com vítima";"215,100";"BR-116/SP";"Decrescente";"Colisão lateral em sentido contrário";1;0;1;0;0;0;0;0;0;0;1;0;1;0;0
"24/05/2025";"05:21:00";"91";"Com vítima";"480,000";"BR-101/RJ";"Crescente";"Choque";1;0;0;0;0;0;0;0;0;0;2;1;1;0;0
"24/05/2025";"07:16:00";"154";"Sem vítima";"450,000";"BR-101/RJ";"Crescente";"Choque";0;0;0;0;0;0;0;0;0;1;0;0;0;0;0
"24/05/2025";"07:31:00";"167";"Sem vítima";"426,900";"BR-101/RJ";"Decrescente";"Choque";1;0;0;0;0;0;0;0;0;0;1;0;0;0;0
"24/05/2025";"07:33:00";"169";"Com vítima";"422,000";"BR-101/RJ";"Crescente";"Colisão traseira";1;0;0;0;1;0;0;0;0;0;21;1;0;0;0
"24/05/2025";"07:51:00";"183";"Sem vítima";"281,300";"BR-116/RJ";"Decrescente";"Choque";1;0;0;0;0;0;0;0;0;0;1;0;0;0;0
"24/05/2025";"08:55:00";"232";"Sem vítima";"421,000";"BR-101/RJ";"Crescente";"Colisão frontal";3;0;0;0;0;0;0;0;0;0;7;0;0;0;0
"24/05/2025";"10:53:00";"295";"Sem vítima";"273,500";"BR-116/RJ";"Crescente";"Choque";1;0;0;0;0;0;0;0;0;0;1;0;0;0;0
"24/05/2025";"12:05:00";"322";"Com vítima";"311,000";"BR-116/RJ";"Crescente";"Colisão lateral em sentido contrário";2;0;0;0;0;0;0;0;0;0;1;3;0;0;0
"24/05/2025";"12:41:00";"337";"Com vítima";"44,600";"BR-116/SP";"Crescente";"Colisão frontal";2;0;0;0;0;0;0;0;0;0;1;0;0;1;0
"24/05/2025";"13:03:00";"345";"Com vítima";"514,900";"BR-101/RJ";"Decrescente";"Choque";1;0;0;0;0;0;0;0;0;0;0;1;1;0;0
"24/05/2025";"15:12:00";"390";"Com vítima";"478,000";"BR-101/RJ";"Decrescente";"Colisão lateral em sentido contrário";1;0;0;1;0;0;0;0;0;0;1;1;1;0;0
"24/05/2025";"18:29:00";"466";"Sem vítima";"140,100";"BR-116/SP";"Crescente";"Engavetamento";3;0;0;0;0;0;0;0;0;0;3;0;0;0;0
"24/05/2025";"22:14:00";"531";"Com vítima";"389,700";"BR-101/RJ";"Crescente";"Colisão lateral em sentido contrário";0;0;0;2;0;0;0;0;0;0;0;0;2;0;0
"24/05/2025";"22:14:00";"532";"Sem vítima";"389,500";"BR-101/RJ";"Crescente";"Colisão traseira";2;0;0;0;0;0;0;0;0;0;2;0;0;0;0
"24/05/2025";"22:52:00";"541";"Com vítima";"14,600";"BR-116/SP";"Crescente";"Colisão traseira";0;0;2;0;0;0;0;0;0;0;1;0;0;0;1
"25/05/2025";"00:31:00";"38";"Sem vítima";"224,000";"BR-116/SP";"Crescente";"Choque";1;0;0;0;0;0;0;0;0;0;1;0;0;0;0
"25/05/2025";"01:15:00";"43";"Com vítima";"141,200";"BR-116/SP";"Crescente";"Acidentes de outra natureza";0;0;0;1;0;0;0;0;0;0;0;0;1;0;0
"25/05/2025";"03:06:00";"53";"Sem vítima";"43,000";"BR-101/SP";"Crescente";"Choque";1;0;0;0;0;0;0;0;0;0;2;0;0;0;0
"25/05/2025";"05:33:00";"74";"Sem vítima";"321,500";"BR-116/RJ";"Crescente";"Choque";0;0;0;0;0;0;0;0;0;1;2;0;0;0;0
"25/05/2025";"08:18:00";"167";"Sem vítima";"162,000";"BR-116/SP";"Crescente";"Colisão lateral em sentido contrário";1;0;1;0;0;0;0;0;0;0;2;0;0;0;0
"25/05/2025";"08:41:00";"176";"Sem vítima";"168,800";"BR-116/SP";"Decrescente";"Colisão traseira";2;0;0;0;0;0;0;0;0;0;2;0;0;0;0
"25/05/2025";"08:42:00";"178";"Com vítima";"88,100";"BR-116/SP";"Decrescente";"Engavetamento";2;0;0;2;0;0;0;0;0;0;7;2;0;1;0
"25/05/2025";"08:56:00";"186";"Sem vítima";"88,400";"BR-116/SP";"Decrescente";"Colisão traseira";1;0;0;0;0;0;0;0;0;0;5;0;0;0;0
"25/05/2025";"09:41:00";"197";"Com vítima";"229,600";"BR-116/RJ";"Crescente";"Acidentes de outra natureza";0;0;0;1;0;0;0;0;0;0;0;1;1;0;0
"25/05/2025";"12:22:00";"255";"Sem vítima";"140,500";"BR-116/SP";"Crescente";"Colisão traseira";2;0;0;0;0;0;0;0;0;0;4;0;0;0;0
"25/05/2025";"14:46:00";"314";"Sem vítima";"44,400";"BR-116/SP";"Decrescente";"Engavetamento";3;0;0;0;0;0;0;0;0;0;5;0;0;0;0
"25/05/2025";"16:26:00";"361";"Sem vítima";"91,200";"BR-116/SP";"Crescente";"Colisão traseira";2;0;0;0;0;0;0;0;0;0;4;0;0;0;0
"25/05/2025";"16:31:00";"362";"Com vítima";"34,000";"BR-116/SP";"Decrescente";"Acidentes de outra natureza";0;0;0;2;0;0;0;0;0;0;0;2;0;0;0
"25/05/2025";"18:16:00";"410";"Com vítima";"52,000";"BR-101/SP";"Crescente";"Acidentes de outra natureza";0;0;0;1;0;0;0;0;0;0;0;1;0;0;0
"25/05/2025";"18:52:00";"425";"Com vítima";"223,900";"BR-116/SP";"Crescente";"Colisão lateral em sentido contrário";1;0;0;1;0;0;0;0;0;0;2;0;1;0;0
"25/05/2025";"19:16:00";"438";"Sem vítima";"476,400";"BR-101/RJ";"Crescente";"Acidentes de outra natureza";1;0;0;0;0;0;0;0;0;0;0;0;0;0;0
"25/05/2025";"19:55:00";"451";"Com vítima";"473,000";"BR-101/RJ";"Decrescente";"Acidentes de outra natureza";0;0;0;1;0;0;0;0;0;0;0;0;1;0;0
"26/05/2025";"00:00:00";"234";"Com vítima";"34,000";"BR-116/SP";"Decrescente";"Colisão traseira";1;0;0;1;0;0;0;0;0;0;1;1;0;0;0
"26/05/2025";"01:29:00";"43";"Sem vítima";"57,000";"BR-116/SP";"Decrescente";"Colisão lateral em sentido contrário";1;0;1;0;0;0;0;0;0;0;2;0;0;0;0
"26/05/2025";"04:37:00";"66";"Sem vítima";"460,000";"BR-101/RJ";"Crescente";"Tombamento";0;0;0;0;0;0;0;1;0;0;1;0;0;0;0
"26/05/2025";"05:54:00";"104";"Sem vítima";"212,000";"BR-116/SP";"Crescente";"Colisão traseira";1;0;0;0;0;0;0;0;0;0;2;0;0;0;0
"26/05/2025";"06:55:00";"170";"Sem vítima";"222,400";"BR-116/SP";"Crescente";"Colisão traseira";1;0;0;0;0;0;0;0;0;0;1;0;0;0;0
"26/05/2025";"07:27:00";"208";"Com vítima";"213,000";"BR-116/SP";"Crescente";"Colisão lateral em sentido contrário";1;0;0;1;0;0;0;0;0;0;1;0;1;0;0
"26/05/2025";"07:42:00";"219";"Sem vítima";"144,900";"BR-116/SP";"Crescente";"Colisão traseira";1;0;0;1;0;0;0;0;0;0;1;0;0;0;0
"26/05/2025";"07:59:00";"236";"Sem vítima";"144,900";"BR-116/SP";"Decrescente";"Colisão traseira";2;0;0;0;0;0;0;0;0;0;0;0;0;0;0
"26/05/2025";"09:29:00";"315";"Sem vítima";"139,000";"BR-116/SP";"Crescente";"Engavetamento";3;0;2;0;0;0;0;0;0;0;5;0;0;0;0
"26/05/2025";"10:22:00";"359";"Com vítima";"136,000";"BR-116/SP";"Crescente";"Colisão lateral em sentido contrário";0;0;0;0;1;0;0;1;0;0;22;1;0;0;0
"26/05/2025";"13:10:00";"419";"Com vítima";"482,000";"BR-101/RJ";"Crescente";"Colisão lateral em sentido contrário";0;0;0;1;1;0;0;0;0;0;0;0;1;0;0
"26/05/2025";"14:17:00";"473";"Com vítima";"428,000";"BR-101/RJ";"Crescente";"Colisão lateral em sentido contrário";2;0;0;0;0;0;0;0;0;0;2;1;0;0;0
"26/05/2025";"15:33:00";"522";"Sem vítima";"93,800";"BR-116/SP";"Crescente";"Colisão lateral em sentido contrário";1;0;1;0;0;0;0;0;0;0;7;0;0;0;0
"26/05/2025";"16:55:00";"571";"Sem vítima";"73,000";"BR-116/SP";"Decrescente";"Colisão lateral em sentido contrário";1;0;0;0;0;0;0;0;0;1;3;0;0;0;0
"26/05/2025";"19:51:00";"653";"Sem vítima";"28,000";"BR-116/SP";"Crescente";"Colisão traseira";0;0;1;0;0;0;0;0;0;0;1;0;0;0;0
"26/05/2025";"23:05:00";"709";"Com vítima";"224,800";"BR-116/SP";"Decrescente";"Acidentes de outra natureza";0;0;0;1;0;0;0;0;0;0;0;1;0;0;0
"26/05/2025";"23:18:00";"711";"Sem vítima";"121,000";"BR-116/SP";"Crescente";"Choque";1;0;0;0;0;0;0;0;0;0;1;0;0;0;0
"27/05/2025";"01:29:00";"43";"Sem vítima";"233,000";"BR-116/RJ";"Crescente";"Colisão lateral em sentido contrário";0;0;1;0;0;0;0;1;0;0;2;0;0;0;0
"27/05/2025";"04:36:00";"66";"Com vítima";"306,000";"BR-116/RJ";"Crescente";"Colisão traseira";0;0;2;0;0;0;0;0;0;0;1;0;1;1;0
"27/05/2025";"05:42:00";"96";"Sem vítima";"401,000";"BR-101/RJ";"Crescente";"Colisão lateral em sentido contrário";1;0;1;0;0;0;0;0;0;0;2;0;0;0;0
"27/05/2025";"06:36:00";"137";"Com vítima";"399,000";"BR-101/RJ";"Crescente";"Atropelamento de pedestre";0;0;0;1;0;0;0;0;0;0;0;2;0;0;0
"27/05/2025";"07:36:00";"201";"Sem vítima";"3,800";"BR-116/SP";"Crescente";"Choque";1;0;0;0;0;0;0;0;0;0;1;0;0;0;0
"27/05/2025";"12:14:00";"376";"Com vítima";"144,900";"BR-116/SP";"Decrescente";"Colisão lateral em sentido contrário";1;0;0;1;0;0;0;0;0;0;1;2;0;0;0
"27/05/2025";"14:49:00";"434";"Com vítima";"228,000";"BR-116/SP";"Decrescente";"Colisão lateral em sentido contrário";1;0;0;1;0;0;0;0;0;0;1;1;0;0;0
"27/05/2025";"17:04:00";"498";"Com vítima";"213,000";"BR-116/SP";"Crescente";"Colisão traseira";1;0;0;1;0;0;0;0;0;1;2;1;0;0;0
"27/05/2025";"17:09:00";"500";"Sem vítima";"206,700";"BR-116/SP";"Crescente";"Colisão traseira";2;0;0;0;0;0;0;0;0;0;2;0;0;0;0
"27/05/2025";"17:12:00";"503";"Com vítima";"225,200";"BR-116/SP";"Decrescente";"Colisão traseira";0;0;0;1;0;0;0;0;0;0;0;1;0;0;0
"27/05/2025";"18:07:00";"527";"Com vítima";"221,900";"BR-116/SP";"Crescente";"Choque";0;0;0;1;0;0;0;0;0;0;0;1;0;0;0
"27/05/2025";"18:45:00";"545";"Sem vítima";"131,800";"BR-116/SP";"Crescente";"Colisão lateral em sentido contrário";1;0;1;0;0;0;0;0;0;0;2;0;0;0;0
"27/05/2025";"20:15:00";"588";"Sem vítima";"228,300";"BR-116/SP";"Crescente";"Colisão lateral em sentido contrário";2;0;1;0;0;0;0;0;0;0;4;0;0;0;0
"27/05/2025";"23:03:00";"632";"Com vítima";"330,000";"BR-116/RJ";"Crescente";"Choque";0;0;1;0;1;0;0;0;0;0;3;1;0;0;0
"27/05/2025";"23:57:00";"642";"Sem vítima";"268,150";"BR-116/RJ";"Crescente";"Colisão traseira";0;0;2;0;0;0;0;0;0;0;4;0;0;0;0
"28/05/2025";"00:07:00";"33";"Com vítima";"66,300";"BR-116/SP";"Decrescente";"Atropelamento de pedestre";1;0;0;0;0;0;0;0;0;0;0;1;0;0;0
"28/05/2025";"03:12:00";"55";"Sem vítima";"329,900";"BR-116/RJ";"Crescente";"Colisão traseira";0;0;2;0;0;0;0;0;0;0;2;0;0;0;0
"28/05/2025";"05:39:00";"86";"Sem vítima";"213,600";"BR-116/SP";"Crescente";"Colisão lateral em sentido contrário";1;0;0;0;0;0;0;1;0;0;6;0;0;0;0
"28/05/2025";"06:50:00";"155";"Sem vítima";"202,900";"BR-116/SP";"Crescente";"Choque";0;0;0;0;0;0;0;1;0;0;1;0;0;0;0
"28/05/2025";"06:58:00";"162";"Com vítima";"462,000";"BR-101/RJ";"Crescente";"Colisão lateral em sentido contrário";1;0;1;0;0;0;0;0;0;0;0;1;1;0;0
"28/05/2025";"07:59:00";"227";"Sem vítima";"150,200";"BR-116/SP";"Crescente";"Colisão traseira";2;0;0;0;0;0;0;0;0;0;6;0;0;0;0
"28/05/2025";"08:26:00";"248";"Com vítima";"201,000";"BR-116/SP";"Crescente";"Colisão traseira";0;0;0;1;0;0;0;0;0;1;1;1;0;0;0
"28/05/2025";"10:07:00";"324";"Com vítima";"139,000";"BR-116/SP";"Crescente";"Colisão traseira";2;0;0;0;0;0;0;1;0;0;2;1;0;0;0
"28/05/2025";"11:00:00";"356";"Com vítima";"123,000";"BR-116/SP";"Crescente";"Colisão traseira";0;0;2;0;0;0;0;0;0;0;0;0;1;1;0
"28/05/2025";"11:41:00";"323";"Com vítima";"388,000";"BR-101/RJ";"Decrescente";"Colisão lateral em sentido contrário";1;0;1;0;0;0;0;0;0;0;1;2;0;0;0
"28/05/2025";"12:05:00";"386";"Com vítima";"114,300";"BR-116/SP";"Crescente";"Colisão traseira";0;0;0;1;0;0;0;0;0;0;0;1;0;0;0
"28/05/2025";"12:50:00";"404";"Sem vítima";"226,300";"BR-116/RJ";"Crescente";"Colisão lateral em sentido contrário";0;0;2;0;0;0;0;0;0;0;2;0;0;0;0
"28/05/2025";"14:32:00";"453";"Com vítima";"217,000";"BR-116/SP";"Crescente";"Acidentes de outra natureza";0;0;0;1;0;0;0;0;0;0;0;0;2;0;0
"28/05/2025";"15:05:00";"471";"Com vítima";"39,500";"BR-101/SP";"Crescente";"Colisão traseira";2;0;0;0;0;0;0;0;0;0;2;1;0;0;0
"28/05/2025";"15:15:00";"481";"Com vítima";"203,000";"BR-116/SP";"Decrescente";"Acidentes de outra natureza";0;0;0;1;0;0;0;0;0;0;0;1;0;0;0
"28/05/2025";"16:58:00";"522";"Com vítima";"226,000";"BR-116/SP";"Decrescente";"Colisão traseira";1;0;0;1;0;0;0;0;0;0;1;1;0;0;0
"28/05/2025";"18:12:00";"554";"Com vítima";"225,500";"BR-116/SP";"Decrescente";"Colisão lateral em sentido contrário";2;0;0;1;0;0;0;0;0;0;2;1;0;0;0
"28/05/2025";"18:18:00";"556";"Sem vítima";"136,900";"BR-116/SP";"Crescente";"Colisão lateral em sentido contrário";1;0;1;0;0;0;0;0;0;0;2;0;0;0;0
"28/05/2025";"18:22:00";"559";"Com vítima";"471,450";"BR-101/RJ";"Crescente";"Colisão traseira";1;0;0;1;0;0;0;0;0;0;3;1;0;0;0
"28/05/2025";"19:09:00";"582";"Sem vítima";"270,000";"BR-116/RJ";"Crescente";"Colisão traseira";1;0;0;0;0;0;0;0;0;0;0;0;0;0;0
"28/05/2025";"22:55:00";"657";"Com vítima";"402,000";"BR-101/RJ";"Crescente";"Acidentes de outra natureza";0;0;0;1;0;0;0;0;0;0;0;2;0;0;0
"28/05/2025";"23:56:00";"667";"Com vítima";"273,850";"BR-116/RJ";"Decrescente";"Choque";0;0;0;1;0;0;0;0;0;0;0;1;0;0;0
"29/05/2025";"01:00:00";"44";"Sem vítima";"257,800";"BR-116/RJ";"Crescente";"Choque";0;0;1;0;0;0;0;0;0;0;1;0;0;0;0
"29/05/2025";"03:46:00";"61";"Sem vítima";"275,100";"BR-116/RJ";"Decrescente";"Choque";1;0;1;0;0;0;0;0;0;0;3;0;0;0;0
"29/05/2025";"06:04:00";"106";"Com vítima";"228,000";"BR-116/SP";"Decrescente";"Colisão lateral em sentido contrário";0;0;0;2;0;0;0;0;0;0;1;1;0;0;0
"29/05/2025";"11:35:00";"422";"Sem vítima";"519,000";"BR-101/RJ";"Crescente";"Choque";1;0;0;0;0;0;0;0;0;0;1;0;0;0;0
"29/05/2025";"12:10:00";"437";"Sem vítima";"163,900";"BR-116/SP";"Decrescente";"Choque";0;0;0;0;0;0;0;1;0;0;1;0;0;0;0
"29/05/2025";"15:06:00";"526";"Com vítima";"385,000";"BR-101/RJ";"Decrescente";"Colisão lateral em sentido contrário";1;0;0;1;0;0;0;0;0;0;0;0;1;0;0
"29/05/2025";"15:07:00";"527";"Com vítima";"385,000";"BR-101/RJ";"Crescente";"Engavetamento";3;0;0;0;0;0;0;0;0;0;4;1;0;0;0
"29/05/2025";"15:46:00";"553";"Com vítima";"385,500";"BR-101/RJ";"Crescente";"Tombamento";0;0;1;0;0;0;0;0;0;0;1;1;0;0;0
"29/05/2025";"16:53:00";"585";"Com vítima";"165,200";"BR-116/SP";"Crescente";"Colisão lateral em sentido contrário";0;0;0;1;0;0;0;0;0;0;0;1;0;0;0
"29/05/2025";"18:25:00";"625";"Sem vítima";"202,000";"BR-116/SP";"Decrescente";"Colisão traseira";2;0;0;0;0;0;0;0;0;0;2;0;0;0;0
"29/05/2025";"18:39:00";"633";"Com vítima";"215,000";"BR-116/SP";"Crescente";"Colisão traseira";1;0;0;1;0;0;0;0;0;0;1;0;1;0;0
"29/05/2025";"21:19:00";"707";"Sem vítima";"542,000";"BR-101/RJ";"Crescente";"Atropelamento de pedestre";1;0;0;0;0;0;0;0;0;0;3;0;0;0;0
"30/05/2025";"01:15:00";"42";"Sem vítima";"58,900";"BR-116/SP";"Decrescente";"Capotamento";1;0;0;0;0;0;0;0;0;0;2;0;0;0;0
"30/05/2025";"01:27:00";"44";"Com vítima";"248,400";"BR-116/RJ";"Decrescente";"Choque";1;0;0;0;0;0;0;0;0;0;1;1;0;0;0
"30/05/2025";"02:24:00";"49";"Sem vítima";"230,700";"BR-116/SP";"Crescente";"Choque";0;0;1;0;0;0;0;0;0;0;1;0;0;0;0
"30/05/2025";"04:16:00";"65";"Sem vítima";"227,900";"BR-116/SP";"Crescente";"Colisão lateral em sentido contrário";1;0;1;0;0;0;0;0;0;0;3;0;0;0;0
"30/05/2025";"04:45:00";"70";"Sem vítima";"427,000";"BR-101/RJ";"Crescente";"Choque";1;0;0;0;0;0;0;0;0;0;2;0;0;0;0
"30/05/2025";"05:12:00";"85";"Com vítima";"47,000";"BR-116/SP";"Crescente";"Colisão traseira";0;0;0;1;0;0;0;0;0;0;0;0;0;1;0
"30/05/2025";"05:32:00";"96";"Sem vítima";"112,000";"BR-116/SP";"Decrescente";"Choque";1;0;0;0;0;0;0;0;0;0;1;0;0;0;0
"30/05/2025";"06:38:00";"142";"Sem vítima";"228,300";"BR-116/SP";"Crescente";"Colisão traseira";0;0;0;0;0;0;0;0;0;0;0;0;0;0;0
"30/05/2025";"06:53:00";"169";"Com vítima";"218,100";"BR-116/SP";"Crescente";"Colisão traseira";1;0;0;1;0;0;0;0;0;0;0;0;1;0;0
"30/05/2025";"07:55:00";"232";"Com vítima";"155,600";"BR-116/SP";"Decrescente";"Colisão lateral em sentido contrário";0;0;0;1;0;0;0;0;0;0;0;1;0;0;0
"30/05/2025";"08:13:00";"256";"Sem vítima";"113,000";"BR-116/SP";"Decrescente";"Colisão traseira";0;0;2;0;0;0;0;0;0;0;5;0;0;0;0
"30/05/2025";"08:31:00";"272";"Com vítima";"218,900";"BR-116/SP";"Crescente";"Acidentes de outra natureza";0;0;1;1;0;0;0;0;0;0;0;1;0;0;0
"30/05/2025";"08:42:00";"285";"Com vítima";"228,000";"BR-116/SP";"Crescente";"Colisão traseira";0;0;0;1;0;0;0;0;0;0;0;0;1;0;0
"30/05/2025";"08:52:00";"295";"Sem vítima";"226,300";"BR-116/SP";"Decrescente";"Colisão traseira";1;0;1;0;0;0;0;0;0;0;4;0;0;0;0
"30/05/2025";"09:02:00";"304";"Sem vítima";"160,000";"BR-116/SP";"Decrescente";"Colisão traseira";1;0;1;0;0;0;0;0;0;0;3;0;0;0;0
"30/05/2025";"09:05:00";"307";"Com vítima";"221,000";"BR-116/SP";"Crescente";"Acidentes de outra natureza";0;0;0;1;0;0;0;0;0;0;0;1;0;0;0
"30/05/2025";"09:31:00";"327";"Sem vítima";"230,800";"BR-116/RJ";"Decrescente";"Colisão lateral em sentido contrário";0;0;0;0;0;0;0;2;0;0;2;0;0;0;0
"30/05/2025";"10:22:00";"372";"Sem vítima";"219,000";"BR-116/RJ";"Decrescente";"Engavetamento";1;0;1;0;0;0;0;0;0;0;0;0;0;0;0
"30/05/2025";"10:42:00";"380";"Com vítima";"385,000";"BR-101/RJ";"Crescente";"Engavetamento";1;0;1;0;0;0;0;0;0;1;1;0;2;0;0
"30/05/2025";"11:25:00";"399";"Sem vítima";"581,900";"BR-101/RJ";"Crescente";"Choque";0;0;1;0;0;0;0;0;0;0;1;0;0;0;0
"30/05/2025";"15:14:00";"514";"Sem vítima";"226,000";"BR-116/SP";"Crescente";"Colisão traseira";2;0;0;0;0;0;0;0;0;0;0;0;0;0;0
"30/05/2025";"15:28:00";"527";"Sem vítima";"155,000";"BR-116/SP";"Decrescente";"Colisão traseira";1;0;0;1;0;0;0;0;0;0;1;0;0;0;0
"30/05/2025";"15:40:00";"534";"Sem vítima";"155,700";"BR-116/SP";"Crescente";"Colisão traseira";2;0;0;0;0;0;0;0;0;0;1;0;0;0;0
"30/05/2025";"16:12:00";"554";"Sem vítima";"523,000";"BR-101/RJ";"Decrescente";"Choque";1;0;0;0;0;0;0;0;0;0;2;0;0;0;0
"30/05/2025";"17:04:00";"574";"Com vítima";"278,400";"BR-116/RJ";"Crescente";"Colisão lateral em sentido contrário";0;0;0;2;0;0;0;0;0;0;0;1;1;0;0
"30/05/2025";"17:25:00";"585";"Com vítima";"505,000";"BR-101/RJ";"Decrescente";"Atropelamento de pedestre";0;0;0;0;0;0;0;0;0;0;0;1;0;0;0
"30/05/2025";"18:03:00";"602";"Com vítima";"575,000";"BR-101/RJ";"Crescente";"Atropelamento de pedestre";0;0;0;1;0;0;0;0;0;0;0;2;0;0;0
"30/05/2025";"19:08:00";"633";"Com vítima";"218,400";"BR-116/SP";"Crescente";"Colisão lateral em sentido contrário";0;0;0;1;0;0;0;0;0;0;1;1;0;0;0
"30/05/2025";"19:28:00";"642";"Com vítima";"223,500";"BR-116/SP";"Decrescente";"Acidentes de outra natureza";0;0;0;1;0;0;0;0;0;0;0;1;0;0;0
"30/05/2025";"19:45:00";"651";"Com vítima";"118,200";"BR-116/SP";"Crescente";"Colisão lateral em sentido contrário";0;0;1;1;0;0;0;0;0;0;1;0;0;1;0
"30/05/2025";"21:14:00";"692";"Sem vítima";"261,300";"BR-116/RJ";"Decrescente";"Choque";1;0;0;0;0;0;0;0;0;0;0;0;0;0;0
"30/05/2025";"23:57:00";"735";"Com vítima";"225,100";"BR-116/SP";"Decrescente";"Colisão traseira";1;0;0;1;0;0;0;0;0;0;1;0;1;0;0
"31/05/2025";"00:59:00";"42";"Com vítima";"49,800";"BR-101/SP";"Decrescente";"Colisão traseira";1;0;0;1;0;0;0;0;0;0;1;1;0;0;0