data;horario;n_da_ocorrencia;tipo_de_ocorrencia;km;trecho;sentido;tipo_de_acidente;automovel;bicicleta;caminhao;moto;onibus;outros;tracao_animal;transporte_de_cargas_especiais;trator_maquinas;utilitarios;ilesos;levemente_feridos;moderadamente_feridos;gravemente_feridos;mortos
"31/05/2025";"01:08:00";"47";"Sem vítima";"286,400";"BR-116/RJ";"Decrescente";"Choque";1;0;0;0;0;0;0;0;0;0;2;0;0;0;0
"31/05/2025";"06:31:00";"103";"Com vítima";"553,000";"BR-101/RJ";"Crescente";"Acidentes de outra natureza";0;0;0;1;0;0;0;0;0;0;0;1;0;0;0
"31/05/2025";"07:46:00";"155";"Sem vítima";"102,800";"BR-116/SP";"Decrescente";"Colisão traseira";2;0;0;0;0;0;0;0;0;0;3;0;0;0;0
"31/05/2025";"07:52:00";"161";"Sem vítima";"104,000";"BR-116/SP";"Decrescente";"Colisão traseira";1;0;0;0;0;0;0;0;0;0;3;0;0;0;0
"31/05/2025";"08:41:00";"178";"Sem vítima";"102,000";"BR-116/SP";"Decrescente";"Colisão traseira";2;0;0;0;0;0;0;0;0;0;1;0;0;0;0
"31/05/2025";"08:46:00";"181";"Sem vítima";"103,000";"BR-116/SP";"Decrescente";"Engavetamento";1;0;0;0;0;0;0;0;0;0;2;0;0;0;0
"31/05/2025";"08:48:00";"182";"Sem vítima";"112,600";"BR-116/SP";"Decrescente";"Colisão traseira";2;0;0;0;0;0;0;0;0;0;2;0;0;0;0
"31/05/2025";"09:17:00";"197";"Com vítima";"109,700";"BR-116/SP";"Decrescente";"Engavetamento";2;0;0;0;0;0;0;0;0;0;2;1;0;0;0
"31/05/2025";"09:51:00";"207";"Com vítima";"384,900";"BR-101/RJ";"Crescente";"Colisão traseira";1;0;0;1;0;0;0;0;0;0;2;1;0;0;0
"31/05/2025";"11:05:00";"240";"Sem vítima";"135,700";"BR-116/SP";"Decrescente";"Colisão traseira";2;0;0;0;0;0;0;0;0;0;5;0;0;0;0
"31/05/2025";"11:29:00";"249";"Com vítima";"134,500";"BR-116/SP";"Decrescente";"Colisão lateral em sentido contrário";0;0;0;1;0;0;0;0;0;0;0;1;0;0;0
"31/05/2025";"13:07:00";"283";"Com vítima";"229,000";"BR-116/RJ";"Decrescente";"Engavetamento";0;0;3;0;0;0;0;0;0;0;2;1;0;0;0
"31/05/2025";"14:22:00";"309";"Sem vítima";"219,000";"BR-116/SP";"Crescente";"Colisão traseira";2;0;0;0;0;0;0;0;0;0;0;0;0;0;0
"31/05/2025";"15:09:00";"322";"Sem vítima";"216,900";"BR-116/SP";"Decrescente";"Colisão traseira";2;0;0;0;0;0;0;0;0;0;2;0;0;0;0
"31/05/2025";"16:44:00";"351";"Com vítima";"223,800";"BR-116/SP";"Crescente";"Colisão lateral em sentido contrário";1;0;0;1;0;0;0;0;0;0;3;0;1;0;0
"31/05/2025";"18:47:00";"388";"Com vítima";"212,600";"BR-116/SP";"Crescente";"Colisão lateral em sentido contrário";1;0;0;1;0;0;0;0;0;0;0;0;2;0;0
"31/05/2025";"19:10:00";"397";"Com vítima";"57,950";"BR-116/SP";"Decrescente";"Capotamento";1;0;0;0;0;0;0;0;0;0;1;1;0;0;0
"31/05/2025";"20:33:00";"421";"Sem vítima";"219,300";"BR-116/SP";"Crescente";"Engavetamento";2;0;0;0;0;0;0;0;0;0;0;0;0;0;0
"31/05/2025";"20:57:00";"430";"Com vítima";"399,800";"BR-101/RJ";"Decrescente";"Atropelamento de pedestre";0;0;0;0;0;0;0;0;0;0;0;0;0;0;1
"31/05/2025";"21:34:00";"438";"Com vítima";"144,000";"BR-116/SP";"Crescente";"Colisão traseira";1;0;0;1;0;0;0;0;0;0;4;1;0;0;0
"31/05/2025";"21:47:00";"386";"Com vítima";"182,000";"BR-116/SP";"Decrescente";"Colisão frontal";1;0;0;1;0;0;0;0;0;0;4;1;0;0;0
"31/05/2025";"22:03:00";"446";"Com vítima";"219,200";"BR-116/SP";"Crescente";"Acidentes de outra natureza";0;0;0;1;0;0;0;0;0;0;0;1;0;0;0
"31/05/2025";"22:40:00";"452";"Sem vítima";"224,000";"BR-116/SP";"Crescente";"Choque";1;0;0;0;0;0;0;0;0;0;5;0;0;0;0
"31/05/2025";"23:42:00";"464";"Com vítima";"225,300";"BR-116/SP";"Decrescente";"Colisão traseira";2;0;0;0;0;0;0;0;0;0;1;1;0;0;0
"01/06/2025";"00:03:00";"33";"Com vítima";"221,000";"BR-116/SP";"Crescente";"Acidentes de outra natureza";0;0;0;1;0;0;0;0;0;0;0;0;0;1;0
"01/06/2025";"02:40:00";"65";"Com vítima";"483,300";"BR-101/RJ";"Crescente";"Capotamento";1;0;0;0;0;0;0;0;0;0;0;1;0;0;0
"01/06/2025";"05:25:00";"91";"Sem vítima";"321,700";"BR-116/RJ";"Decrescente";"Choque";1;0;0;0;0;0;0;0;0;0;2;0;0;0;0
"01/06/2025";"05:49:00";"98";"Sem vítima";"502,000";"BR-101/RJ";"Decrescente";"Choque";1;0;0;0;0;0;0;0;0;0;1;0;0;0;0
"01/06/2025";"05:57:00";"101";"Sem vítima";"149,400";"BR-116/SP";"Crescente";"Colisão lateral em sentido contrário";1;0;0;0;0;0;0;0;0;0;2;0;0;0;0
"01/06/2025";"07:47:00";"156";"Com vítima";"387,700";"BR-101/RJ";"Crescente";"Colisão traseira";2;0;0;0;0;0;0;0;0;0;4;3;0;0;0
"01/06/2025";"11:28:00";"232";"Sem vítima";"275,000";"BR-116/RJ";"Decrescente";"Choque";1;0;0;0;0;0;0;0;0;0;2;0;0;0;0
"01/06/2025";"12:33:00";"250";"Com vítima";"410,000";"BR-101/RJ";"Crescente";"Colisão traseira";1;0;0;1;0;0;0;0;0;0;1;0;2;0;0
"01/06/2025";"14:43:00";"301";"Com vítima";"224,000";"BR-116/SP";"Crescente";"Colisão traseira";0;0;0;1;0;0;0;0;0;1;3;1;1;0;0
"01/06/2025";"16:14:00";"349";"Sem vítima";"299,200";"BR-116/RJ";"Decrescente";"Engavetamento";2;0;1;0;0;0;0;0;0;0;3;0;0;0;0
"01/06/2025";"16:37:00";"356";"Sem vítima";"104,800";"BR-116/SP";"Crescente";"Engavetamento";3;0;0;0;0;0;0;0;0;0;9;0;0;0;0
"01/06/2025";"18:15:00";"393";"Sem vítima";"140,400";"BR-116/SP";"Crescente";"Engavetamento";2;0;0;0;0;0;0;0;0;0;4;0;0;0;0
"01/06/2025";"18:37:00";"407";"Com vítima";"289,000";"BR-116/RJ";"Decrescente";"Choque";0;0;0;1;0;0;0;0;0;0;0;0;1;0;0
"01/06/2025";"18:50:00";"413";"Com vítima";"167,000";"BR-116/SP";"Decrescente";"Colisão frontal";2;0;0;0;0;0;0;0;0;0;0;0;1;0;0
"01/06/2025";"18:50:00";"414";"Com vítima";"490,950";"BR-101/RJ";"Decrescente";"Colisão traseira";2;0;0;0;0;0;0;0;0;0;2;1;1;0;0
"01/06/2025";"18:55:00";"417";"Sem vítima";"319,500";"BR-116/RJ";"Decrescente";"Colisão traseira";1;0;0;0;0;0;0;0;0;0;1;0;0;0;0
"01/06/2025";"21:22:00";"463";"Com vítima";"407,000";"BR-101/RJ";"Crescente";"Capotamento";1;0;0;0;0;0;0;0;0;0;0;1;0;0;0
"01/06/2025";"22:32:00";"482";"Com vítima";"484,900";"BR-101/RJ";"Decrescente";"Colisão traseira";0;0;0;1;1;0;0;0;0;0;1;0;0;1;0
"01/06/2025";"23:10:00";"490";"Com vítima";"112,700";"BR-116/SP";"Crescente";"Colisão lateral em sentido contrário";1;0;0;1;0;0;0;0;0;0;1;1;0;0;0
"02/06/2025";"01:10:00";"45";"Sem vítima";"103,010";"BR-116/SP";"Decrescente";"Choque";1;0;0;0;0;0;0;0;0;0;1;0;0;0;0
"02/06/2025";"03:27:00";"61";"Com vítima";"165,200";"BR-116/SP";"Decrescente";"Acidentes de outra natureza";0;0;0;1;0;0;0;0;0;0;0;1;0;0;0
"02/06/2025";"05:44:00";"111";"Sem vítima";"303,700";"BR-116/RJ";"Crescente";"Colisão traseira";1;0;0;0;0;0;0;1;0;0;2;0;0;0;0
"02/06/2025";"10:52:00";"379";"Sem vítima";"261,980";"BR-116/RJ";"Decrescente";"Colisão lateral em sentido contrário";1;0;1;0;0;0;0;0;0;0;2;0;0;0;0
"02/06/2025";"11:13:00";"397";"Sem vítima";"152,500";"BR-116/SP";"Decrescente";"Engavetamento";2;0;0;0;0;0;0;0;0;0;4;0;0;0;0
"02/06/2025";"11:43:00";"404";"Com vítima";"223,000";"BR-116/SP";"Crescente";"Colisão lateral em sentido contrário";1;0;0;1;0;0;0;0;0;0;1;1;0;0;0
"02/06/2025";"11:59:00";"414";"Sem vítima";"471,000";"BR-101/RJ";"Crescente";"Colisão lateral em sentido contrário";1;0;0;1;0;0;0;0;0;0;2;0;0;0;0
"02/06/2025";"14:22:00";"488";"Sem vítima";"219,000";"BR-116/SP";"Decrescente";"Choque";0;0;0;0;0;0;0;1;0;0;0;0;0;0;0
"02/06/2025";"14:44:00";"503";"Sem vítima";"235,000";"BR-116/RJ";"Crescente";"Colisão traseira";0;0;1;0;1;0;0;0;0;0;2;0;0;0;0
"02/06/2025";"15:36:00";"532";"Sem vítima";"219,000";"BR-116/SP";"Decrescente";"Colisão lateral em sentido contrário";1;0;1;0;0;0;0;0;0;0;2;0;0;0;0
"02/06/2025";"15:46:00";"539";"Com vítima";"223,100";"BR-116/SP";"Decrescente";"Colisão lateral em sentido contrário";1;0;0;1;0;0;0;0;0;0;1;1;0;0;0
"02/06/2025";"16:10:00";"553";"Sem vítima";"263,000";"BR-116/RJ";"Decrescente";"Colisão lateral em sentido contrário";0;0;0;0;0;0;0;0;0;1;2;0;0;0;0
"02/06/2025";"17:44:00";"588";"Com vítima";"216,200";"BR-116/SP";"Crescente";"Colisão lateral em sentido contrário";1;0;0;1;0;0;0;0;0;0;1;0;1;0;0
"02/06/2025";"18:04:00";"595";"Sem vítima";"39,100";"BR-116/SP";"Decrescente";"Colisão traseira";1;0;0;0;0;0;0;0;0;0;1;0;0;0;0
"02/06/2025";"18:15:00";"603";"Sem vítima";"221,800";"BR-116/SP";"Decrescente";"Colisão traseira";0;0;2;0;0;0;0;0;0;0;2;0;0;0;0
"02/06/2025";"18:30:00";"609";"Sem vítima";"440,000";"BR-101/RJ";"Crescente";"Choque";0;0;0;0;0;0;0;0;0;1;1;0;0;0;0
"02/06/2025";"19:32:00";"628";"Com vítima";"487,700";"BR-101/RJ";"Decrescente";"Atropelamento de pedestre";1;0;0;0;0;0;0;0;0;0;0;0;1;0;0
"02/06/2025";"20:03:00";"639";"Sem vítima";"157,700";"BR-116/SP";"Decrescente";"Choque";1;0;0;0;0;0;0;0;0;0;1;0;0;0;0
"02/06/2025";"20:13:00";"643";"Sem vítima";"243,800";"BR-116/RJ";"Crescente";"Colisão traseira";0;0;2;0;0;0;0;0;0;0;2;0;0;0;0
"03/06/2025";"00:00:00";"635";"Com vítima";"117,750";"BR-116/SP";"Decrescente";"Atropelamento de pedestre";0;0;0;0;0;0;0;0;0;1;6;0;0;0;0
"03/06/2025";"08:02:00";"225";"Sem vítima";"223,000";"BR-116/SP";"Crescente";"Colisão lateral em sentido contrário";2;0;0;0;0;0;0;1;0;0;3;0;0;0;0
"03/06/2025";"08:28:00";"242";"Com vítima";"158,000";"BR-116/SP";"Crescente";"Acidentes de outra natureza";0;0;0;1;0;0;0;0;0;0;0;0;1;0;0
"03/06/2025";"08:52:00";"266";"Com vítima";"222,500";"BR-116/SP";"Decrescente";"Atropelamento de pedestre";0;0;1;0;0;0;0;0;0;0;1;0;0;1;0
"03/06/2025";"10:37:00";"347";"Sem vítima";"478,000";"BR-101/RJ";"Crescente";"Colisão lateral em sentido contrário";1;0;0;1;0;0;0;0;0;0;2;0;0;0;0
"03/06/2025";"10:54:00";"357";"Com vítima";"383,000";"BR-101/RJ";"Crescente";"Capotamento";1;0;0;0;0;0;0;0;0;0;0;1;0;0;0
"03/06/2025";"14:29:00";"478";"Sem vítima";"277,000";"BR-116/RJ";"Decrescente";"Colisão traseira";0;0;0;0;0;0;0;1;0;0;1;0;0;0;0
"03/06/2025";"15:25:00";"505";"Com vítima";"473,000";"BR-101/RJ";"Decrescente";"Acidentes de outra natureza";0;0;0;1;0;0;0;0;0;0;0;1;0;0;0
"03/06/2025";"16:54:00";"558";"Com vítima";"276,000";"BR-116/RJ";"Decrescente";"Colisão traseira";1;0;0;1;0;0;0;0;0;0;1;1;0;0;0
"03/06/2025";"17:32:00";"573";"Sem vítima";"137,000";"BR-116/SP";"Crescente";"Colisão traseira";0;0;0;0;0;0;0;2;0;0;2;0;0;0;0
"03/06/2025";"17:36:00";"575";"Com vítima";"61,200";"BR-116/SP";"Decrescente";"Engavetamento";2;0;0;0;0;0;0;0;0;0;0;4;0;0;0
"03/06/2025";"18:04:00";"584";"Sem vítima";"278,000";"BR-116/RJ";"Crescente";"Engavetamento";0;0;2;0;0;0;0;0;0;0;2;0;0;0;0
"03/06/2025";"18:06:00";"585";"Com vítima";"135,100";"BR-116/SP";"Crescente";"Colisão lateral em sentido contrário";2;0;0;1;0;0;0;0;0;0;2;1;0;0;0
"03/06/2025";"18:33:00";"599";"Com vítima";"201,300";"BR-116/SP";"Decrescente";"Choque";1;0;0;0;0;0;0;0;0;0;1;1;0;0;0
"03/06/2025";"18:36:00";"601";"Com vítima";"231,000";"BR-116/SP";"Crescente";"Colisão lateral em sentido contrário";2;0;0;1;0;0;0;0;0;0;2;1;0;0;0
"03/06/2025";"20:27:00";"644";"Com vítima";"223,700";"BR-116/SP";"Decrescente";"Colisão lateral em sentido contrário";1;0;0;1;0;0;0;0;0;0;1;1;0;0;0
"03/06/2025";"23:38:00";"698";"Sem vítima";"93,900";"BR-116/SP";"Crescente";"Atropelamento de pedestre";0;0;1;0;0;0;0;0;0;0;0;0;0;0;0
"04/06/2025";"04:54:00";"75";"Sem vítima";"197,000";"BR-116/SP";"Crescente";"Colisão traseira";0;0;2;0;0;0;0;0;0;0;0;0;0;0;0
"04/06/2025";"08:33:00";"245";"Sem vítima";"72,700";"BR-116/SP";"Crescente";"Choque";1;0;0;0;0;0;0;0;0;0;1;0;0;0;0
"04/06/2025";"08:34:00";"247";"Com vítima";"274,000";"BR-116/RJ";"Decrescente";"Acidentes de outra natureza";0;0;0;1;0;0;0;0;0;0;0;0;0;1;0
"04/06/2025";"08:37:00";"248";"Com vítima";"196,000";"BR-116/SP";"Crescente";"Atropelamento de pedestre";0;0;0;1;0;0;0;0;0;0;1;1;0;0;0
"04/06/2025";"09:58:00";"300";"Com vítima";"219,000";"BR-116/SP";"Decrescente";"Colisão lateral em sentido contrário";1;0;0;1;0;0;0;0;0;0;5;1;0;0;0
"04/06/2025";"10:43:00";"323";"Sem vítima";"116,300";"BR-116/SP";"Decrescente";"Colisão traseira";1;0;0;0;0;0;0;0;0;0;1;0;0;0;0
"04/06/2025";"12:55:00";"375";"Sem vítima";"226,900";"BR-116/SP";"Decrescente";"Colisão lateral em sentido contrário";1;0;1;0;0;0;0;0;0;0;2;0;0;0;0
"04/06/2025";"14:47:00";"448";"Sem vítima";"225,000";"BR-116/RJ";"Decrescente";"Colisão lateral em sentido contrário";0;0;1;0;0;0;0;1;0;0;2;0;0;0;0
"04/06/2025";"18:06:00";"538";"Sem vítima";"11,350";"BR-116/SP";"Decrescente";"Colisão traseira";0;0;0;0;0;0;0;2;0;0;2;0;0;0;0
"04/06/2025";"18:30:00";"550";"Com vítima";"146,000";"BR-116/SP";"Crescente";"Colisão lateral em sentido contrário";1;0;0;0;0;0;0;1;0;0;1;1;0;0;0
"04/06/2025";"18:45:00";"564";"Com vítima";"219,200";"BR-116/SP";"Crescente";"Colisão lateral em sentido contrário";0;0;0;2;0;0;0;0;0;0;1;0;1;0;0
"04/06/2025";"20:50:00";"617";"Com vítima";"220,800";"BR-116/SP";"Crescente";"Acidentes de outra natureza";0;0;0;1;0;0;0;0;0;0;0;1;0;0;0
"04/06/2025";"21:01:00";"620";"Com vítima";"472,000";"BR-101/RJ";"Crescente";"Atropelamento de pedestre";0;0;0;0;0;0;0;0;0;0;0;0;1;0;0
"04/06/2025";"21:20:00";"630";"Sem vítima";"271,800";"BR-116/RJ";"Decrescente";"Choque";1;0;0;0;0;0;0;0;0;0;1;0;0;0;0
"04/06/2025";"21:53:00";"643";"Com vítima";"309,100";"BR-116/RJ";"Crescente";"Choque";0;0;0;1;0;0;0;0;0;0;0;1;0;0;0
"04/06/2025";"23:35:00";"675";"Com vítima";"277,000";"BR-116/RJ";"Crescente";"Colisão lateral em sentido contrário";0;0;1;0;0;0;0;0;0;1;1;1;0;0;0
"05/06/2025";"00:00:00";"586";"Com vítima";"393,000";"BR-101/RJ";"Decrescente";"Acidentes de outra natureza";0;0;0;1;0;0;0;0;0;0;0;0;1;0;0
"05/06/2025";"03:52:00";"352";"Sem vítima";"286,000";"BR-116/RJ";"Crescente";"Colisão traseira";1;0;1;0;0;0;0;0;0;0;3;0;0;0;0
"05/06/2025";"06:17:00";"107";"Com vítima";"219,600";"BR-116/SP";"Crescente";"Acidentes de outra natureza";0;0;0;1;0;0;0;0;0;0;0;0;1;0;0
"05/06/2025";"07:23:00";"181";"Sem vítima";"65,000";"BR-116/SP";"Crescente";"Colisão traseira";1;0;1;0;0;0;0;0;0;0;2;0;0;0;0
"05/06/2025";"07:32:00";"189";"Sem vítima";"207,000";"BR-116/SP";"Decrescente";"Colisão traseira";2;0;0;0;0;0;0;0;0;0;2;0;0;0;0
"05/06/2025";"07:53:00";"208";"Sem vítima";"484,000";"BR-101/RJ";"Crescente";"Colisão traseira";2;0;0;0;0;1;0;0;0;0;2;0;0;0;0
"05/06/2025";"07:59:00";"215";"Sem vítima";"60,000";"BR-116/SP";"Crescente";"Engavetamento";5;0;0;1;0;0;0;0;0;0;11;0;0;0;0
"05/06/2025";"08:40:00";"250";"Com vítima";"139,000";"BR-116/SP";"Crescente";"Colisão traseira";2;0;0;1;0;0;0;0;0;0;2;1;0;0;0
"05/06/2025";"11:17:00";"356";"Sem vítima";"230,000";"BR-116/RJ";"Decrescente";"Choque";0;0;1;0;0;0;0;0;0;0;1;0;0;0;0
"05/06/2025";"11:33:00";"366";"Sem vítima";"164,000";"BR-116/SP";"Decrescente";"Colisão traseira";0;0;2;0;0;0;0;0;0;0;3;0;0;0;0
"05/06/2025";"11:58:00";"376";"Com vítima";"463,300";"BR-101/RJ";"Decrescente";"Colisão frontal";2;0;0;0;0;0;0;0;0;0;1;0;1;0;0
"05/06/2025";"12:57:00";"402";"Com vítima";"223,000";"BR-116/SP";"Crescente";"Colisão lateral em sentido contrário";1;0;0;1;0;0;0;0;0;0;2;1;0;0;0
"05/06/2025";"13:18:00";"411";"Com vítima";"227,700";"BR-116/SP";"Decrescente";"Colisão lateral em sentido contrário";1;0;0;1;0;0;0;0;0;0;1;0;1;0;0
"05/06/2025";"15:04:00";"470";"Sem vítima";"439,000";"BR-101/RJ";"Crescente";"Choque";1;0;0;0;0;0;0;0;0;0;3;0;0;0;0
"05/06/2025";"15:05:00";"471";"Com vítima";"220,000";"BR-116/SP";"Decrescente";"Colisão traseira";2;0;0;2;0;0;0;0;0;1;4;1;0;0;0
"05/06/2025";"15:17:00";"480";"Sem vítima";"499,000";"BR-101/RJ";"Crescente";"Colisão traseira";1;0;0;0;0;0;0;0;0;0;1;0;0;0;0
"05/06/2025";"15:57:00";"500";"Com vítima";"26,000";"BR-101/SP";"Decrescente";"Acidentes de outra natureza";0;0;0;1;0;0;0;0;0;0;0;1;0;0;0
"05/06/2025";"16:51:00";"534";"Sem vítima";"559,000";"BR-101/RJ";"Decrescente";"Colisão lateral em sentido contrário";1;0;0;0;0;0;0;0;0;0;1;0;0;0;0
"05/06/2025";"18:27:00";"579";"Sem vítima";"212,500";"BR-116/SP";"Decrescente";"Acidentes de outra natureza";0;0;0;1;0;0;0;0;0;0;1;0;0;0;0
"05/06/2025";"22:52:00";"684";"Sem vítima";"29,500";"BR-116/SP";"Decrescente";"Colisão traseira";1;0;0;0;0;0;0;0;0;0;1;0;0;0;0
"06/06/2025";"00:00:00";"44";"Sem vítima";"168,900";"BR-116/SP";"Decrescente";"Choque";1;0;0;0;0;0;0;0;0;0;0;0;0;0;0
"06/06/2025";"00:00:00";"307";"Sem vítima";"60,000";"BR-116/SP";"Crescente";"Colisão traseira";0;0;2;0;0;0;0;0;0;0;3;0;0;0;0
"06/06/2025";"00:00:00";"574";"Sem vítima";"143,300";"BR-116/SP";"Decrescente";"Colisão traseira";2;0;0;0;0;0;0;0;0;0;2;0;0;0;0
"06/06/2025";"03:30:00";"55";"Com vítima";"470,000";"BR-101/RJ";"Decrescente";"Colisão frontal";1;0;1;0;0;0;0;0;0;0;1;1;0;1;2
"06/06/2025";"09:44:00";"299";"Sem vítima";"205,500";"BR-116/SP";"Crescente";"Colisão lateral em sentido contrário";1;0;0;0;0;0;0;1;0;0;4;0;0;0;0
"06/06/2025";"09:56:00";"305";"Com vítima";"61,000";"BR-116/SP";"Crescente";"Engavetamento";3;0;0;0;0;0;0;1;0;0;5;2;0;0;0
"06/06/2025";"10:09:00";"310";"Sem vítima";"228,000";"BR-116/SP";"Decrescente";"Colisão lateral em sentido contrário";1;0;0;0;1;0;0;0;0;0;2;0;0;0;0
"06/06/2025";"11:02:00";"331";"Sem vítima";"57,000";"BR-116/SP";"Crescente";"Colisão traseira";1;0;0;0;0;0;0;0;0;0;1;0;0;0;0
"06/06/2025";"12:29:00";"378";"Com vítima";"324,900";"BR-116/RJ";"Decrescente";"Engavetamento";2;0;0;0;1;0;0;0;0;0;0;50;0;0;0
"06/06/2025";"14:13:00";"439";"Com vítima";"217,500";"BR-116/RJ";"Crescente";"Colisão lateral em sentido contrário";1;0;0;0;0;0;0;0;0;0;2;0;1;0;0
"06/06/2025";"15:33:00";"482";"Com vítima";"273,000";"BR-116/RJ";"Decrescente";"Engavetamento";2;0;1;0;0;0;0;0;0;0;2;2;0;0;0
"06/06/2025";"16:08:00";"504";"Sem vítima";"104,500";"BR-116/SP";"Crescente";"Colisão traseira";1;0;0;0;0;0;0;0;0;0;1;0;0;0;0
"06/06/2025";"16:47:00";"520";"Sem vítima";"226,900";"BR-116/SP";"Decrescente";"Colisão traseira";2;0;0;0;0;0;0;0;0;0;4;0;0;0;0
"06/06/2025";"17:22:00";"534";"Com vítima";"48,800";"BR-101/SP";"Crescente";"Atropelamento de pedestre";1;1;0;0;0;0;0;0;0;0;1;0;0;0;0
"06/06/2025";"17:31:00";"544";"Com vítima";"282,000";"BR-116/RJ";"Decrescente";"Colisão lateral em sentido contrário";1;0;0;0;1;0;0;0;0;0;1;1;0;0;0
"06/06/2025";"17:39:00";"548";"Sem vítima";"307,000";"BR-116/RJ";"Crescente";"Engavetamento";3;0;0;0;0;0;0;0;0;0;5;0;0;0;0
"06/06/2025";"17:53:00";"556";"Sem vítima";"576,000";"BR-101/RJ";"Crescente";"Colisão lateral em sentido contrário";2;0;0;0;0;0;0;0;0;0;3;0;0;0;0
"06/06/2025";"17:57:00";"559";"Sem vítima";"225,000";"BR-116/SP";"Decrescente";"Colisão lateral em sentido contrário";1;0;1;0;0;0;0;0;0;0;2;0;0;0;0
"06/06/2025";"18:17:00";"567";"Sem vítima";"281,100";"BR-116/RJ";"Decrescente";"Engavetamento";2;0;0;0;0;0;0;0;0;0;4;0;0;0;0
"06/06/2025";"18:39:00";"575";"Sem vítima";"282,800";"BR-116/RJ";"Decrescente";"Colisão traseira";2;0;0;0;0;0;0;0;0;0;2;0;0;0;0
"06/06/2025";"18:43:00";"578";"Sem vítima";"155,600";"BR-116/SP";"Decrescente";"Engavetamento";2;0;1;0;0;0;0;0;0;0;0;0;0;0;0
"06/06/2025";"18:45:00";"580";"Sem vítima";"64,800";"BR-116/SP";"Decrescente";"Engavetamento";3;0;0;0;0;0;0;0;0;0;3;0;0;0;0
"06/06/2025";"19:04:00";"590";"Com vítima";"65,500";"BR-116/SP";"Decrescente";"Engavetamento";3;0;2;0;0;0;0;0;0;0;2;1;0;0;0
"06/06/2025";"19:48:00";"607";"Com vítima";"217,000";"BR-116/RJ";"Decrescente";"Colisão frontal";0;0;0;2;0;0;0;0;0;0;0;0;0;1;0
"06/06/2025";"19:50:00";"610";"Com vítima";"65,000";"BR-116/SP";"Crescente";"Colisão traseira";1;0;1;0;0;0;0;0;0;0;1;1;0;0;0
"06/06/2025";"19:53:00";"611";"Com vítima";"229,000";"BR-116/RJ";"Decrescente";"Acidentes de outra natureza";0;0;0;1;0;0;0;0;0;0;0;0;1;0;0
"06/06/2025";"20:10:00";"621";"Com vítima";"282,800";"BR-116/RJ";"Decrescente";"Colisão traseira";1;0;1;0;0;0;0;0;0;0;5;1;0;0;0
"06/06/2025";"20:36:00";"550";"Sem vítima";"298,000";"BR-116/RJ";"Decrescente";"Colisão traseira";2;0;0;0;0;0;0;0;0;0;2;0;0;0;0
"06/06/2025";"20:47:00";"637";"Sem vítima";"81,000";"BR-116/SP";"Decrescente";"Colisão traseira";1;0;0;0;0;0;0;0;0;0;0;0;0;0;0
"06/06/2025";"22:49:00";"686";"Com vítima";"42,000";"BR-101/SP";"Decrescente";"Acidentes de outra natureza";0;0;0;1;0;0;0;0;0;0;0;1;0;0;0
"07/06/2025";"00:23:00";"42";"Com vítima";"516,600";"BR-101/RJ";"Crescente";"Acidentes de outra natureza";0;0;0;1;0;0;0;0;0;0;0;0;1;0;0
"07/06/2025";"02:07:00";"58";"Com vítima";"63,450";"BR-116/SP";"Crescente";"Acidentes de outra natureza";0;0;0;1;0;0;0;0;0;0;0;2;0;0;0
"07/06/2025";"02:08:00";"59";"Com vítima";"226,900";"BR-116/SP";"Decrescente";"Choque";1;0;0;0;0;0;0;0;0;0;0;0;1;0;0
"07/06/2025";"03:04:00";"67";"Sem vítima";"58,700";"BR-116/SP";"Crescente";"Capotamento";1;0;0;0;0;0;0;0;0;0;0;0;0;0;0
"07/06/2025";"03:40:00";"70";"Sem vítima";"193,000";"BR-116/SP";"Crescente";"Choque";1;0;0;0;0;0;0;0;0;0;1;0;0;0;0
"07/06/2025";"03:43:00";"71";"Sem vítima";"400,100";"BR-101/RJ";"Crescente";"Choque";1;0;0;0;0;0;0;0;0;0;1;0;0;0;0
"07/06/2025";"05:03:00";"77";"Sem vítima";"51,000";"BR-116/SP";"Decrescente";"Capotamento";1;0;0;0;0;0;0;0;0;0;1;0;0;0;0
"07/06/2025";"05:42:00";"85";"Com vítima";"58,000";"BR-116/SP";"Decrescente";"Capotamento";2;0;0;0;0;0;0;0;0;0;0;3;0;0;0
"07/06/2025";"06:36:00";"105";"Com vítima";"488,000";"BR-101/RJ";"Decrescente";"Colisão frontal";3;0;0;0;0;0;0;0;0;0;0;1;1;2;0
"07/06/2025";"06:48:00";"110";"Sem vítima";"124,500";"BR-116/SP";"Crescente";"Colisão lateral em sentido contrário";1;0;0;0;0;0;0;0;0;1;29;0;0;0;0
"07/06/2025";"07:02:00";"123";"Sem vítima";"61,100";"BR-116/SP";"Crescente";"Atropelamento de pedestre";1;0;0;0;0;0;0;0;0;0;1;0;0;0;0