data;horario;n_da_ocorrencia;tipo_de_ocorrencia;km;trecho;sentido;tipo_de_acidente;automovel;bicicleta;caminhao;moto;onibus;outros;tracao_animal;transporte_de_cargas_especiais;trator_maquinas;utilitarios;ilesos;levemente_feridos;moderadamente_feridos;gravemente_feridos;mortos
"07/06/2025";"07:09:00";"126";"Sem vítima";"102,000";"BR-116/SP";"Decrescente";"Colisão lateral em sentido contrário";2;0;0;0;0;0;0;0;0;0;2;0;0;0;0
"07/06/2025";"07:14:00";"117";"Sem vítima";"226,700";"BR-116/SP";"Crescente";"Capotamento";2;0;0;0;0;0;0;0;0;0;4;0;0;0;0
"07/06/2025";"09:14:00";"186";"Sem vítima";"220,000";"BR-116/SP";"Decrescente";"Colisão lateral em sentido contrário";1;0;1;0;0;0;0;0;0;0;1;0;0;0;0
"07/06/2025";"09:31:00";"194";"Com vítima";"127,000";"BR-116/SP";"Crescente";"Colisão lateral em sentido contrário";1;0;0;0;0;0;0;1;0;0;2;0;1;0;0
"07/06/2025";"09:57:00";"209";"Sem vítima";"22,000";"BR-116/SP";"Crescente";"Colisão lateral em sentido contrário";1;0;0;0;0;0;0;0;0;0;1;0;0;0;0
"07/06/2025";"10:34:00";"225";"Sem vítima";"216,600";"BR-116/SP";"Crescente";"Colisão traseira";1;0;1;0;0;0;0;0;0;0;1;0;0;0;0
"07/06/2025";"15:00:00";"336";"Sem vítima";"224,300";"BR-116/SP";"Crescente";"Colisão traseira";1;0;0;0;0;0;0;0;0;0;1;0;0;0;0
"07/06/2025";"15:34:00";"354";"Com vítima";"158,000";"BR-116/SP";"Decrescente";"Colisão traseira";2;0;0;0;0;0;0;0;0;0;1;1;0;0;0
"07/06/2025";"18:54:00";"418";"Com vítima";"35,000";"BR-116/SP";"Crescente";"Colisão traseira";1;0;0;1;0;0;0;0;0;0;1;0;1;0;0
"07/06/2025";"19:05:00";"426";"Com vítima";"223,000";"BR-116/SP";"Crescente";"Acidentes de outra natureza";0;0;0;2;0;0;0;0;0;0;1;1;0;0;0
"07/06/2025";"20:17:00";"440";"Com vítima";"505,000";"BR-101/RJ";"Crescente";"Atropelamento de pedestre";1;0;0;0;0;0;0;0;0;0;2;0;0;1;0
"07/06/2025";"22:37:00";"474";"Sem vítima";"127,500";"BR-116/SP";"Crescente";"Colisão lateral em sentido contrário";2;0;0;0;0;0;0;0;0;0;6;0;0;0;0
"07/06/2025";"23:28:00";"479";"Com vítima";"51,700";"BR-101/SP";"Decrescente";"Atropelamento de pedestre";1;0;0;0;0;0;0;0;0;0;1;1;0;0;0
"07/06/2025";"23:58:00";"484";"Com vítima";"279,000";"BR-116/RJ";"Decrescente";"Atropelamento de pedestre";1;0;0;0;0;0;0;0;0;0;0;1;0;0;0
"08/06/2025";"00:00:00";"301";"Sem vítima";"71,000";"BR-116/SP";"Crescente";"Choque";1;0;0;0;0;0;0;0;0;0;1;0;0;0;0
"08/06/2025";"04:47:00";"75";"Sem vítima";"251,000";"BR-116/RJ";"Decrescente";"Choque";1;0;0;0;0;0;0;0;0;0;1;0;0;0;0
"08/06/2025";"05:22:00";"81";"Com vítima";"213,000";"BR-116/SP";"Decrescente";"Colisão traseira";1;0;0;1;0;0;0;0;0;0;2;2;0;0;0
"08/06/2025";"07:53:00";"137";"Sem vítima";"496,000";"BR-101/RJ";"Decrescente";"Choque";1;0;0;0;0;0;0;0;0;0;1;0;0;0;0
"08/06/2025";"09:39:00";"185";"Com vítima";"31,100";"BR-116/SP";"Crescente";"Acidentes de outra natureza";0;0;0;1;0;0;0;0;0;0;0;0;1;0;0
"08/06/2025";"11:35:00";"226";"Sem vítima";"139,600";"BR-116/SP";"Crescente";"Choque";1;0;0;0;0;0;0;0;0;0;1;0;0;0;0
"08/06/2025";"12:19:00";"242";"Sem vítima";"37,600";"BR-116/SP";"Decrescente";"Choque";1;0;0;0;0;0;0;0;0;0;2;0;0;0;0
"08/06/2025";"13:09:00";"259";"Com vítima";"108,000";"BR-116/SP";"Crescente";"Colisão traseira";1;0;0;1;0;0;0;0;0;0;0;2;0;0;0
"08/06/2025";"13:20:00";"267";"Sem vítima";"320,500";"BR-116/RJ";"Decrescente";"Engavetamento";2;0;0;0;0;0;0;0;0;0;2;0;0;0;0
"08/06/2025";"13:38:00";"270";"Com vítima";"223,300";"BR-116/SP";"Crescente";"Atropelamento de pedestre";1;0;0;0;0;0;0;0;0;0;2;0;1;0;0
"08/06/2025";"13:42:00";"271";"Com vítima";"324,000";"BR-116/RJ";"Decrescente";"Choque";1;0;0;0;0;0;0;0;0;0;0;1;0;0;0
"08/06/2025";"13:50:00";"275";"Sem vítima";"321,000";"BR-116/RJ";"Decrescente";"Colisão lateral em sentido contrário";1;0;0;0;0;0;0;1;0;0;2;0;0;0;0
"08/06/2025";"14:42:00";"293";"Sem vítima";"312,100";"BR-116/RJ";"Decrescente";"Colisão traseira";2;0;0;0;0;0;0;0;0;0;2;0;0;0;0
"08/06/2025";"15:14:00";"307";"Com vítima";"324,100";"BR-116/RJ";"Crescente";"Choque";1;0;0;0;0;0;0;0;0;0;0;1;0;0;0
"08/06/2025";"15:27:00";"309";"Sem vítima";"273,000";"BR-116/RJ";"Crescente";"Choque";1;0;0;0;0;0;0;0;0;0;1;0;0;0;0
"08/06/2025";"16:07:00";"324";"Com vítima";"229,300";"BR-116/RJ";"Decrescente";"Engavetamento";2;0;2;0;0;0;0;0;0;0;5;0;1;0;0
"08/06/2025";"16:38:00";"337";"Sem vítima";"334,500";"BR-116/RJ";"Crescente";"Capotamento";1;0;0;0;0;0;0;0;0;0;1;0;0;0;0
"08/06/2025";"17:19:00";"353";"Com vítima";"224,800";"BR-116/SP";"Decrescente";"Colisão lateral em sentido contrário";2;0;0;0;0;0;0;0;0;0;2;3;0;0;0
"08/06/2025";"17:57:00";"364";"Sem vítima";"514,900";"BR-101/RJ";"Crescente";"Choque";1;0;0;0;0;0;0;0;0;0;0;0;0;0;0
"08/06/2025";"20:14:00";"409";"Com vítima";"212,450";"BR-116/SP";"Crescente";"Colisão traseira";0;0;0;1;1;0;0;0;0;0;1;0;0;1;0
"08/06/2025";"21:22:00";"425";"Sem vítima";"503,000";"BR-101/RJ";"Decrescente";"Choque";1;0;0;0;0;0;0;0;0;0;1;0;0;0;0
"08/06/2025";"21:53:00";"432";"Com vítima";"166,000";"BR-116/SP";"Decrescente";"Acidentes de outra natureza";0;0;0;1;0;0;0;0;0;0;0;0;0;0;1
"09/06/2025";"02:47:00";"60";"Sem vítima";"476,300";"BR-101/RJ";"Crescente";"Colisão lateral em sentido contrário";1;0;0;0;1;0;0;0;0;0;2;0;0;0;0
"09/06/2025";"06:04:00";"117";"Com vítima";"117,100";"BR-116/SP";"Crescente";"Colisão lateral em sentido contrário";1;0;0;0;0;0;0;0;0;0;0;1;0;0;0
"09/06/2025";"06:27:00";"134";"Com vítima";"275,000";"BR-116/RJ";"Crescente";"Engavetamento";6;0;0;0;0;0;0;0;0;0;0;11;0;0;0
"09/06/2025";"06:51:00";"152";"Sem vítima";"482,000";"BR-101/RJ";"Decrescente";"Colisão lateral em sentido contrário";2;0;0;0;0;0;0;0;0;0;0;0;0;0;0
"09/06/2025";"07:06:00";"171";"Sem vítima";"273,700";"BR-116/RJ";"Crescente";"Colisão traseira";2;0;0;0;0;0;0;0;0;0;0;0;0;0;0
"09/06/2025";"07:15:00";"178";"Com vítima";"219,100";"BR-116/SP";"Crescente";"Acidentes de outra natureza";0;0;0;1;0;0;0;0;0;0;0;2;0;0;0
"09/06/2025";"07:33:00";"196";"Sem vítima";"286,900";"BR-116/RJ";"Crescente";"Choque";1;0;0;0;0;0;0;0;0;0;5;0;0;0;0
"09/06/2025";"07:35:00";"199";"Sem vítima";"413,000";"BR-101/RJ";"Decrescente";"Colisão lateral em sentido contrário";1;0;0;0;1;0;0;0;0;0;2;0;0;0;0
"09/06/2025";"07:38:00";"201";"Sem vítima";"387,000";"BR-101/RJ";"Crescente";"Colisão traseira";1;0;0;0;1;0;0;0;0;0;22;0;0;0;0
"09/06/2025";"08:13:00";"235";"Sem vítima";"96,000";"BR-116/SP";"Crescente";"Choque";1;0;0;0;0;0;0;0;0;0;0;0;0;0;0
"09/06/2025";"08:25:00";"246";"Sem vítima";"417,000";"BR-101/RJ";"Decrescente";"Choque";1;0;0;0;0;0;0;0;0;0;1;0;0;0;0
"09/06/2025";"08:27:00";"247";"Sem vítima";"251,000";"BR-116/RJ";"Crescente";"Choque";1;0;0;0;0;0;0;0;0;0;1;0;0;0;0
"09/06/2025";"08:39:00";"257";"Sem vítima";"272,500";"BR-116/RJ";"Crescente";"Engavetamento";2;0;1;0;0;0;0;0;0;0;6;0;0;0;0
"09/06/2025";"08:59:00";"270";"Com vítima";"271,900";"BR-116/RJ";"Crescente";"Engavetamento";2;0;0;0;0;0;0;0;0;0;0;2;2;0;0
"09/06/2025";"08:59:00";"271";"Com vítima";"334,000";"BR-116/RJ";"Crescente";"Choque";1;0;0;0;0;0;0;0;0;0;0;1;0;0;0
"09/06/2025";"09:31:00";"295";"Com vítima";"290,000";"BR-116/RJ";"Decrescente";"Choque";0;0;0;0;0;0;0;0;0;1;0;1;0;0;0
"09/06/2025";"09:55:00";"312";"Com vítima";"217,000";"BR-116/SP";"Crescente";"Colisão lateral em sentido contrário";0;0;0;1;0;0;0;1;0;0;1;1;0;0;0
"09/06/2025";"10:27:00";"335";"Com vítima";"218,000";"BR-116/SP";"Crescente";"Colisão lateral em sentido contrário";0;0;0;1;0;0;0;0;0;0;0;1;0;0;0
"09/06/2025";"12:42:00";"361";"Sem vítima";"152,000";"BR-116/SP";"Decrescente";"Engavetamento";3;0;0;0;0;0;0;0;0;0;2;0;0;0;0
"09/06/2025";"14:34:00";"456";"Sem vítima";"108,600";"BR-116/SP";"Crescente";"Colisão traseira";2;0;0;0;0;0;0;0;0;0;1;0;0;0;0
"09/06/2025";"15:52:00";"501";"Com vítima";"470,000";"BR-101/RJ";"Decrescente";"Colisão lateral em sentido contrário";1;0;0;0;0;0;0;0;0;1;2;2;0;0;0
"09/06/2025";"17:00:00";"531";"Com vítima";"166,000";"BR-116/SP";"Decrescente";"Colisão lateral em sentido contrário";0;0;0;1;0;0;0;0;0;0;0;0;1;0;0
"09/06/2025";"17:35:00";"539";"Sem vítima";"390,100";"BR-101/RJ";"Decrescente";"Colisão traseira";1;0;0;0;0;0;0;0;0;0;1;0;0;0;0
"09/06/2025";"17:53:00";"549";"Com vítima";"393,000";"BR-101/RJ";"Decrescente";"Engavetamento";1;0;0;0;0;0;0;0;0;0;0;1;0;0;0
"09/06/2025";"18:06:00";"553";"Com vítima";"129,100";"BR-116/SP";"Crescente";"Acidentes de outra natureza";0;0;0;1;0;0;0;0;0;0;1;1;0;0;0
"09/06/2025";"18:15:00";"555";"Sem vítima";"426,000";"BR-101/RJ";"Crescente";"Choque";1;0;0;0;0;0;0;0;0;0;0;0;0;0;0
"09/06/2025";"18:16:00";"556";"Com vítima";"408,500";"BR-101/RJ";"Decrescente";"Atropelamento de pedestre";0;0;0;1;0;0;0;0;0;0;0;1;1;0;0
"09/06/2025";"18:39:00";"564";"Sem vítima";"144,000";"BR-116/SP";"Decrescente";"Engavetamento";3;0;0;0;0;0;0;0;0;0;3;0;0;0;0
"09/06/2025";"18:43:00";"567";"Sem vítima";"452,000";"BR-101/RJ";"Crescente";"Choque";1;0;0;0;0;0;0;0;0;0;1;0;0;0;0
"09/06/2025";"18:45:00";"572";"Com vítima";"416,000";"BR-101/RJ";"Crescente";"Capotamento";1;0;0;0;0;0;0;0;0;0;0;2;0;0;0
"09/06/2025";"20:17:00";"607";"Com vítima";"217,900";"BR-116/SP";"Crescente";"Choque";0;0;0;2;0;0;0;0;0;0;0;1;1;0;0
"09/06/2025";"21:01:00";"623";"Sem vítima";"275,400";"BR-116/RJ";"Decrescente";"Choque";0;0;1;0;0;0;0;0;0;0;0;0;0;0;0
"10/06/2025";"04:14:00";"64";"Sem vítima";"463,000";"BR-101/RJ";"Crescente";"Choque";1;0;0;0;0;0;0;0;0;0;1;0;0;0;0
"10/06/2025";"06:25:00";"123";"Sem vítima";"147,000";"BR-116/SP";"Decrescente";"Choque";2;0;0;0;0;0;0;0;0;0;2;0;0;0;0
"10/06/2025";"06:39:00";"137";"Sem vítima";"147,000";"BR-116/SP";"Decrescente";"Colisão lateral em sentido contrário";1;0;0;0;0;0;0;0;0;0;2;0;0;0;0
"10/06/2025";"06:48:00";"144";"Sem vítima";"278,100";"BR-116/RJ";"Crescente";"Tombamento";0;0;1;0;0;0;0;0;0;0;1;0;0;0;0
"10/06/2025";"06:50:00";"147";"Sem vítima";"170,400";"BR-116/SP";"Crescente";"Colisão traseira";0;0;2;0;0;0;0;0;0;0;2;0;0;0;0
"10/06/2025";"07:13:00";"171";"Sem vítima";"155,000";"BR-116/SP";"Decrescente";"Colisão traseira";2;0;0;0;0;0;0;0;0;0;2;0;0;0;0
"10/06/2025";"07:45:00";"203";"Sem vítima";"492,000";"BR-101/RJ";"Decrescente";"Colisão lateral em sentido contrário";2;0;0;0;0;0;0;0;0;0;2;0;0;0;0
"10/06/2025";"10:40:00";"321";"Sem vítima";"223,002";"BR-116/SP";"Crescente";"Colisão lateral em sentido contrário";1;0;0;0;0;0;0;0;0;0;1;0;0;0;0
"10/06/2025";"13:36:00";"415";"Com vítima";"522,000";"BR-101/RJ";"Decrescente";"Capotamento";1;0;0;0;0;0;0;0;0;0;0;1;0;0;0
"10/06/2025";"13:36:00";"417";"Com vítima";"456,400";"BR-101/RJ";"Decrescente";"Choque";0;0;0;0;0;0;0;1;0;0;0;1;0;0;0
"10/06/2025";"15:29:00";"467";"Com vítima";"288,400";"BR-116/RJ";"Decrescente";"Engavetamento";5;0;0;0;0;0;0;0;0;0;4;1;0;0;0
"10/06/2025";"16:10:00";"491";"Sem vítima";"85,000";"BR-116/SP";"Crescente";"Choque";0;0;1;0;0;0;0;0;0;0;1;0;0;0;0
"10/06/2025";"17:23:00";"523";"Sem vítima";"224,500";"BR-116/SP";"Crescente";"Choque";0;0;1;0;0;0;0;0;0;0;1;0;0;0;0
"10/06/2025";"17:38:00";"532";"Com vítima";"186,000";"BR-116/SP";"Crescente";"Acidentes de outra natureza";0;0;0;1;0;0;0;0;0;0;0;1;0;0;0
"10/06/2025";"21:12:00";"622";"Com vítima";"224,000";"BR-116/SP";"Crescente";"Acidentes de outra natureza";0;0;0;1;0;0;0;0;0;0;0;1;1;0;0
"10/06/2025";"21:51:00";"632";"Sem vítima";"138,000";"BR-116/SP";"Crescente";"Colisão lateral em sentido contrário";1;0;0;0;0;0;0;0;0;0;2;0;0;0;0
"11/06/2025";"00:00:00";"389";"Com vítima";"147,800";"BR-116/SP";"Decrescente";"Colisão lateral em sentido contrário";1;0;1;0;0;0;0;0;0;0;1;1;0;0;0
"11/06/2025";"06:37:00";"154";"Com vítima";"224,000";"BR-116/SP";"Crescente";"Colisão traseira";0;0;0;1;0;0;0;0;0;0;0;1;0;0;0
"11/06/2025";"08:15:00";"240";"Sem vítima";"147,000";"BR-116/SP";"Decrescente";"Colisão lateral em sentido contrário";1;0;1;0;0;0;0;0;0;0;2;0;0;0;0
"11/06/2025";"10:16:00";"333";"Com vítima";"138,000";"BR-116/SP";"Crescente";"Colisão traseira";1;0;1;0;0;0;0;0;0;0;1;1;0;0;0
"11/06/2025";"12:34:00";"393";"Com vítima";"192,500";"BR-116/SP";"Crescente";"Acidentes de outra natureza";0;0;0;1;0;0;0;0;0;0;0;1;0;0;0
"11/06/2025";"12:54:00";"402";"Sem vítima";"143,000";"BR-116/SP";"Crescente";"Colisão traseira";1;0;0;0;0;0;0;0;0;0;2;0;0;0;0
"11/06/2025";"15:25:00";"492";"Com vítima";"482,500";"BR-101/RJ";"Crescente";"Colisão lateral em sentido contrário";1;0;0;1;0;0;0;0;0;0;1;1;0;0;0
"11/06/2025";"17:12:00";"549";"Sem vítima";"482,000";"BR-101/RJ";"Crescente";"Colisão lateral em sentido contrário";1;0;0;1;0;0;0;0;0;0;2;0;0;0;0
"11/06/2025";"17:38:00";"558";"Com vítima";"149,450";"BR-116/SP";"Decrescente";"Colisão traseira";2;0;0;0;0;0;0;0;0;0;0;2;0;0;0
"11/06/2025";"17:43:00";"544";"Sem vítima";"475,000";"BR-101/RJ";"Decrescente";"Choque";1;0;0;0;0;0;0;0;0;0;1;0;0;0;0
"11/06/2025";"18:21:00";"572";"Sem vítima";"268,000";"BR-116/RJ";"Decrescente";"Colisão lateral em sentido contrário";1;0;1;0;0;0;0;0;0;0;5;0;0;0;0
"11/06/2025";"19:40:00";"608";"Com vítima";"478,000";"BR-101/RJ";"Decrescente";"Colisão lateral em sentido contrário";1;0;0;1;0;0;0;0;0;0;1;0;1;0;0
"11/06/2025";"19:51:00";"610";"Sem vítima";"482,000";"BR-101/RJ";"Decrescente";"Colisão frontal";2;0;0;0;0;0;0;0;0;0;0;0;0;0;0
"11/06/2025";"20:36:00";"628";"Sem vítima";"146,900";"BR-116/SP";"Decrescente";"Colisão lateral em sentido contrário";1;0;1;0;0;0;0;0;0;0;2;0;0;0;0
"11/06/2025";"21:01:00";"635";"Com vítima";"151,200";"BR-116/SP";"Crescente";"Atropelamento de pedestre";2;0;0;0;0;0;0;0;0;0;0;0;0;0;1
"11/06/2025";"21:19:00";"642";"Sem vítima";"273,000";"BR-116/RJ";"Crescente";"Colisão lateral em sentido contrário";1;0;0;0;0;0;0;0;0;0;1;0;0;0;0
"11/06/2025";"21:44:00";"650";"Com vítima";"223,500";"BR-116/SP";"Crescente";"Choque";0;0;0;1;0;0;0;0;0;0;0;2;0;0;0
"12/06/2025";"03:08:00";"58";"Sem vítima";"143,400";"BR-116/SP";"Decrescente";"Colisão lateral em sentido contrário";1;0;0;0;0;0;0;0;0;0;3;0;0;0;0
"12/06/2025";"06:55:00";"137";"Com vítima";"482,000";"BR-101/RJ";"Decrescente";"Colisão frontal";1;0;1;0;0;0;0;0;0;0;2;0;1;0;0
"12/06/2025";"06:55:00";"138";"Sem vítima";"227,800";"BR-116/SP";"Crescente";"Colisão traseira";1;0;0;0;0;0;0;0;0;0;4;0;0;0;0
"12/06/2025";"07:14:00";"157";"Sem vítima";"220,000";"BR-116/RJ";"Crescente";"Choque";1;0;0;0;0;0;0;0;0;0;0;0;0;0;0
"12/06/2025";"07:31:00";"177";"Com vítima";"222,000";"BR-116/SP";"Crescente";"Colisão lateral em sentido contrário";1;0;0;1;0;0;0;0;0;0;1;1;0;0;0
"12/06/2025";"07:48:00";"192";"Sem vítima";"199,200";"BR-116/SP";"Decrescente";"Choque";1;0;0;0;0;0;0;0;0;0;2;0;0;0;0
"12/06/2025";"09:37:00";"307";"Com vítima";"428,500";"BR-101/RJ";"Crescente";"Acidentes de outra natureza";0;0;0;1;0;0;0;0;0;0;0;1;1;0;0
"12/06/2025";"09:48:00";"317";"Sem vítima";"421,000";"BR-101/RJ";"Decrescente";"Colisão traseira";2;0;0;0;0;0;0;0;0;0;1;0;0;0;0
"12/06/2025";"10:27:00";"357";"Sem vítima";"542,000";"BR-101/RJ";"Decrescente";"Acidentes de outra natureza";1;0;0;0;0;0;0;0;0;0;1;0;0;0;0
"12/06/2025";"11:51:00";"432";"Com vítima";"482,000";"BR-101/RJ";"Decrescente";"Colisão lateral em sentido contrário";0;0;1;0;0;0;0;0;0;1;7;1;0;0;0
"12/06/2025";"11:53:00";"434";"Sem vítima";"226,000";"BR-116/SP";"Decrescente";"Colisão traseira";2;0;0;0;0;1;0;0;0;0;2;0;0;0;0
"12/06/2025";"12:20:00";"450";"Com vítima";"267,800";"BR-116/RJ";"Decrescente";"Acidentes de outra natureza";0;0;0;1;0;0;0;0;0;0;0;0;1;0;0
"12/06/2025";"14:21:00";"531";"Sem vítima";"103,200";"BR-116/SP";"Crescente";"Colisão traseira";1;0;0;0;0;0;0;0;0;0;1;0;0;0;0
"12/06/2025";"16:46:00";"615";"Com vítima";"226,200";"BR-116/RJ";"Decrescente";"Capotamento";1;0;0;0;0;0;0;0;0;0;2;1;0;0;0
"12/06/2025";"17:20:00";"632";"Sem vítima";"153,800";"BR-116/SP";"Crescente";"Colisão lateral em sentido contrário";1;0;1;0;0;0;0;0;0;0;2;0;0;0;0
"12/06/2025";"17:40:00";"638";"Com vítima";"219,700";"BR-116/SP";"Decrescente";"Acidentes de outra natureza";0;0;0;1;0;0;0;0;0;0;0;1;0;0;0
"12/06/2025";"18:16:00";"648";"Com vítima";"484,000";"BR-101/RJ";"Crescente";"Colisão traseira";1;0;0;1;0;0;0;0;0;0;1;0;1;0;0
"12/06/2025";"19:02:00";"682";"Sem vítima";"494,000";"BR-101/RJ";"Crescente";"Acidentes de outra natureza";1;0;0;0;0;0;0;0;0;0;1;0;0;0;0
"12/06/2025";"19:34:00";"693";"Com vítima";"574,000";"BR-101/RJ";"Crescente";"Atropelamento de pedestre";2;0;0;0;0;0;0;0;0;0;5;1;0;0;0
"12/06/2025";"19:42:00";"701";"Sem vítima";"146,400";"BR-116/SP";"Decrescente";"Colisão lateral em sentido contrário";1;0;1;0;0;0;0;0;0;0;3;0;0;0;0
"12/06/2025";"20:58:00";"744";"Sem vítima";"530,000";"BR-101/RJ";"Crescente";"Choque";1;0;0;0;0;0;0;0;0;0;1;0;0;0;0
"12/06/2025";"21:43:00";"757";"Sem vítima";"219,400";"BR-116/SP";"Crescente";"Colisão lateral em sentido contrário";2;0;0;0;0;0;0;0;0;0;2;0;0;0;0
"12/06/2025";"22:42:00";"773";"Sem vítima";"227,400";"BR-116/SP";"Decrescente";"Choque";0;0;1;0;0;0;0;0;0;0;1;0;0;0;0
"12/06/2025";"22:56:00";"779";"Sem vítima";"220,000";"BR-116/SP";"Decrescente";"Colisão lateral em sentido contrário";1;0;1;0;0;0;0;0;0;0;2;0;0;0;0
"13/06/2025";"03:03:00";"69";"Sem vítima";"196,450";"BR-116/SP";"Decrescente";"Atropelamento de pedestre";1;0;1;0;0;0;0;0;0;0;2;0;0;0;0
"13/06/2025";"03:22:00";"73";"Sem vítima";"391,000";"BR-101/RJ";"Decrescente";"Atropelamento de pedestre";1;0;0;0;0;0;0;0;0;0;1;0;0;0;0
"13/06/2025";"05:51:00";"111";"Com vítima";"214,000";"BR-116/SP";"Crescente";"Colisão traseira";2;0;0;0;0;0;0;0;0;0;3;1;0;0;0
"13/06/2025";"06:50:00";"173";"Com vítima";"222,000";"BR-116/SP";"Crescente";"Colisão lateral em sentido contrário";1;0;0;1;0;0;0;0;0;0;1;0;1;0;0
"13/06/2025";"08:05:00";"266";"Com vítima";"87,000";"BR-116/SP";"Crescente";"Choque";0;0;0;1;0;0;0;0;0;0;0;0;1;0;0
"13/06/2025";"09:02:00";"329";"Com vítima";"223,000";"BR-116/SP";"Decrescente";"Engavetamento";1;0;0;1;1;0;0;0;0;0;2;1;0;0;0
"13/06/2025";"09:20:00";"347";"Com vítima";"508,000";"BR-101/RJ";"Decrescente";"Colisão traseira";1;0;0;1;0;0;0;0;0;0;1;0;2;0;0
"13/06/2025";"10:31:00";"401";"Sem vítima";"87,000";"BR-116/SP";"Crescente";"Engavetamento";1;0;0;0;0;0;0;1;0;0;3;0;0;0;0
"13/06/2025";"10:34:00";"403";"Sem vítima";"242,200";"BR-116/RJ";"Crescente";"Choque";1;0;0;0;0;0;0;0;0;0;3;0;0;0;0
"13/06/2025";"10:56:00";"415";"Sem vítima";"180,800";"BR-116/SP";"Crescente";"Engavetamento";0;0;2;0;0;0;0;0;0;1;4;0;0;0;0
"13/06/2025";"11:55:00";"444";"Com vítima";"235,800";"BR-116/RJ";"Decrescente";"Acidentes de outra natureza";0;0;0;1;0;0;0;0;0;0;0;1;0;0;0
"13/06/2025";"13:29:00";"495";"Com vítima";"236,600";"BR-116/RJ";"Crescente";"Colisão lateral em sentido contrário";1;0;0;0;0;0;0;0;0;0;3;1;1;0;0
"13/06/2025";"14:59:00";"548";"Sem vítima";"224,000";"BR-116/SP";"Crescente";"Colisão traseira";1;0;0;0;1;0;0;0;0;0;3;0;0;0;0
"13/06/2025";"15:38:00";"567";"Sem vítima";"115,950";"BR-116/SP";"Crescente";"Colisão lateral em sentido contrário";0;0;1;0;0;0;0;0;0;1;2;0;0;0;0
"13/06/2025";"15:40:00";"568";"Sem vítima";"148,000";"BR-116/SP";"Decrescente";"Colisão traseira";2;0;0;0;0;0;0;0;0;0;3;0;0;0;0
"13/06/2025";"17:15:00";"622";"Com vítima";"230,000";"BR-116/SP";"Decrescente";"Engavetamento";1;0;0;1;0;0;0;0;0;0;2;1;0;0;0
"13/06/2025";"17:30:00";"632";"Com vítima";"43,500";"BR-101/SP";"Decrescente";"Acidentes de outra natureza";0;0;0;1;0;0;0;0;0;0;0;1;0;0;0
"13/06/2025";"18:20:00";"655";"Sem vítima";"409,000";"BR-101/RJ";"Crescente";"Colisão traseira";2;0;0;0;0;0;0;0;0;0;4;0;0;0;0
"13/06/2025";"18:24:00";"661";"Sem vítima";"139,000";"BR-116/SP";"Decrescente";"Colisão lateral em sentido contrário";1;0;0;0;0;0;0;0;0;0;4;0;0;0;0
"13/06/2025";"18:30:00";"667";"Sem vítima";"141,200";"BR-116/SP";"Decrescente";"Colisão lateral em sentido contrário";1;0;1;0;0;0;0;0;0;0;2;0;0;0;0
"13/06/2025";"18:58:00";"677";"Com vítima";"221,000";"BR-116/SP";"Decrescente";"Colisão traseira";1;0;0;1;0;0;0;0;0;0;1;0;1;0;0
"13/06/2025";"19:50:00";"704";"Com vítima";"215,100";"BR-116/SP";"Decrescente";"Colisão traseira";1;0;1;0;0;0;0;0;0;0;4;2;0;0;0
"13/06/2025";"20:34:00";"723";"Com vítima";"77,500";"BR-116/SP";"Decrescente";"Atropelamento de pedestre";1;0;0;0;0;0;0;0;0;1;2;1;1;0;0
"13/06/2025";"23:20:00";"772";"Com vítima";"192,600";"BR-116/SP";"Decrescente";"Colisão traseira";0;0;2;0;0;0;0;0;0;0;1;0;0;1;0
"13/06/2025";"23:57:00";"783";"Sem vítima";"157,900";"BR-116/SP";"Crescente";"Choque";1;0;0;0;0;0;0;0;0;0;1;0;0;0;0
"14/06/2025";"01:23:00";"46";"Sem vítima";"231,400";"BR-116/SP";"Decrescente";"Choque";1;0;0;0;0;0;0;0;0;0;1;0;0;0;0
"14/06/2025";"03:18:00";"63";"Sem vítima";"292,000";"BR-116/RJ";"Decrescente";"Choque";1;0;0;0;0;0;0;0;0;0;0;0;0;0;0
"14/06/2025";"03:39:00";"69";"Com vítima";"538,700";"BR-101/RJ";"Decrescente";"Colisão frontal";2;0;0;0;0;0;0;0;0;0;0;6;0;0;0
"14/06/2025";"05:13:00";"82";"Sem vítima";"223,500";"BR-116/SP";"Decrescente";"Colisão traseira";2;0;0;0;0;0;0;0;0;0;2;0;0;0;0
"14/06/2025";"06:13:00";"100";"Com vítima";"213,300";"BR-116/SP";"Decrescente";"Colisão lateral em sentido contrário";1;0;0;1;0;0;0;0;0;0;1;1;0;0;0
"14/06/2025";"07:22:00";"145";"Com vítima";"241,400";"BR-116/RJ";"Crescente";"Choque";1;0;0;0;0;0;0;0;0;0;1;1;0;0;0