data;horario;n_da_ocorrencia;tipo_de_ocorrencia;km;trecho;sentido;tipo_de_acidente;automovel;bicicleta;caminhao;moto;onibus;outros;tracao_animal;transporte_de_cargas_especiais;trator_maquinas;utilitarios;ilesos;levemente_feridos;moderadamente_feridos;gravemente_feridos;mortos
"14/06/2025";"07:33:00";"154";"Sem vítima";"165,200";"BR-116/SP";"Crescente";"Colisão traseira";0;0;1;0;0;1;0;0;0;1;2;0;0;0;0
"14/06/2025";"07:33:00";"155";"Sem vítima";"116,000";"BR-116/SP";"Decrescente";"Capotamento";1;0;0;0;0;0;0;0;0;0;1;0;0;0;0
"14/06/2025";"07:58:00";"174";"Com vítima";"240,700";"BR-116/RJ";"Crescente";"Colisão traseira";0;0;0;1;1;0;0;0;0;0;0;0;1;0;0
"14/06/2025";"09:07:00";"203";"Sem vítima";"107,200";"BR-116/SP";"Decrescente";"Colisão traseira";2;0;0;0;0;0;0;0;0;0;7;0;0;0;0
"14/06/2025";"09:23:00";"215";"Sem vítima";"134,100";"BR-116/SP";"Decrescente";"Engavetamento";3;0;0;0;0;0;0;0;0;0;5;0;0;0;0
"14/06/2025";"09:39:00";"221";"Com vítima";"578,000";"BR-101/RJ";"Decrescente";"Colisão traseira";1;0;0;1;0;0;0;0;0;0;4;1;0;0;0
"14/06/2025";"13:08:00";"290";"Com vítima";"219,000";"BR-116/SP";"Crescente";"Colisão traseira";0;0;0;1;0;0;0;0;0;0;0;0;1;0;0
"14/06/2025";"14:23:00";"309";"Sem vítima";"243,000";"BR-116/RJ";"Decrescente";"Choque";1;0;0;0;0;0;0;0;0;0;2;0;0;0;0
"14/06/2025";"14:52:00";"321";"Com vítima";"317,500";"BR-116/RJ";"Crescente";"Colisão lateral em sentido contrário";0;0;0;1;0;0;0;0;0;0;1;1;0;0;0
"14/06/2025";"15:55:00";"349";"Com vítima";"151,300";"BR-116/SP";"Decrescente";"Engavetamento";3;0;0;0;0;0;0;0;0;0;5;1;0;0;0
"14/06/2025";"20:43:00";"444";"Sem vítima";"204,800";"BR-116/SP";"Decrescente";"Colisão traseira";1;0;1;0;0;0;0;0;0;0;2;0;0;0;0
"14/06/2025";"22:45:00";"474";"Sem vítima";"107,000";"BR-116/SP";"Decrescente";"Choque";1;0;0;0;0;0;0;0;0;0;0;0;0;0;0
"15/06/2025";"01:36:00";"52";"Sem vítima";"221,050";"BR-116/SP";"Decrescente";"Choque";2;0;0;0;0;0;0;0;0;0;3;0;0;0;0
"15/06/2025";"03:01:00";"59";"Sem vítima";"500,600";"BR-101/RJ";"Decrescente";"Choque";1;0;0;0;0;0;0;0;0;0;0;0;0;0;0
"15/06/2025";"07:05:00";"106";"Sem vítima";"139,000";"BR-116/SP";"Decrescente";"Choque";1;0;0;0;0;0;0;0;0;0;4;0;0;0;0
"15/06/2025";"07:56:00";"125";"Sem vítima";"212,700";"BR-116/SP";"Crescente";"Choque";1;0;0;0;0;0;0;0;0;0;2;0;0;0;0
"15/06/2025";"13:10:00";"251";"Com vítima";"224,100";"BR-116/RJ";"Decrescente";"Tombamento";0;0;1;0;0;0;0;0;0;0;0;0;1;0;0
"15/06/2025";"14:23:00";"278";"Sem vítima";"219,000";"BR-116/SP";"Decrescente";"Choque";1;0;0;0;0;0;0;0;0;0;1;0;0;0;0
"15/06/2025";"16:27:00";"330";"Com vítima";"126,000";"BR-116/SP";"Crescente";"Acidentes de outra natureza";0;0;0;1;0;0;0;0;0;0;0;0;2;0;0
"15/06/2025";"16:44:00";"333";"Sem vítima";"91,200";"BR-116/SP";"Crescente";"Colisão traseira";1;0;1;0;0;0;0;0;0;0;5;0;0;0;0
"15/06/2025";"18:21:00";"359";"Sem vítima";"191,500";"BR-116/SP";"Crescente";"Choque";1;0;0;0;0;0;0;0;0;0;1;0;0;0;0
"15/06/2025";"19:14:00";"378";"Com vítima";"388,300";"BR-101/RJ";"Decrescente";"Choque";1;0;0;0;0;0;0;0;0;0;0;1;0;0;0
"15/06/2025";"19:53:00";"392";"Sem vítima";"195,400";"BR-116/SP";"Decrescente";"Colisão lateral em sentido contrário";1;0;1;0;0;0;0;0;0;0;2;0;0;0;0
"15/06/2025";"20:18:00";"399";"Sem vítima";"73,600";"BR-116/SP";"Crescente";"Colisão lateral em sentido contrário";1;0;0;0;1;0;0;0;0;0;38;0;0;0;0
"15/06/2025";"20:48:00";"406";"Sem vítima";"226,700";"BR-116/SP";"Decrescente";"Colisão lateral em sentido contrário";2;0;0;0;0;0;0;0;0;0;3;0;0;0;0
"15/06/2025";"21:16:00";"416";"Sem vítima";"228,380";"BR-116/SP";"Crescente";"Colisão traseira";1;0;1;0;0;0;0;0;0;0;3;0;0;0;0
"16/06/2025";"00:00:00";"261";"Com vítima";"222,000";"BR-116/SP";"Crescente";"Colisão traseira";1;0;0;1;0;0;0;0;0;0;1;1;0;0;0
"16/06/2025";"00:00:00";"272";"Com vítima";"218,000";"BR-116/SP";"Crescente";"Colisão lateral em sentido contrário";0;0;0;1;1;0;0;0;0;0;1;0;1;0;0
"16/06/2025";"00:03:00";"36";"Com vítima";"47,000";"BR-101/SP";"Decrescente";"Atropelamento de pedestre";0;0;0;0;0;0;0;0;0;0;0;0;0;0;0
"16/06/2025";"00:09:00";"37";"Com vítima";"238,850";"BR-116/RJ";"Crescente";"Tombamento";0;0;1;0;0;0;0;0;0;0;0;0;1;0;0
"16/06/2025";"01:54:00";"47";"Sem vítima";"549,000";"BR-101/RJ";"Decrescente";"Choque";1;0;0;0;0;0;0;0;0;0;0;0;0;0;0
"16/06/2025";"07:04:00";"162";"Com vítima";"234,000";"BR-116/RJ";"Decrescente";"Colisão traseira";0;0;1;0;0;0;0;0;0;0;0;0;2;0;0
"16/06/2025";"07:54:00";"205";"Com vítima";"145,900";"BR-116/SP";"Crescente";"Colisão lateral em sentido contrário";1;0;0;2;0;0;0;0;0;0;1;1;1;0;0
"16/06/2025";"10:24:00";"342";"Sem vítima";"142,800";"BR-116/SP";"Crescente";"Colisão traseira";2;0;0;0;0;0;0;0;0;0;3;0;0;0;0
"16/06/2025";"11:29:00";"380";"Sem vítima";"146,000";"BR-116/SP";"Decrescente";"Colisão lateral em sentido contrário";1;0;1;0;0;0;0;0;0;0;2;0;0;0;0
"16/06/2025";"12:16:00";"401";"Sem vítima";"148,000";"BR-116/SP";"Decrescente";"Colisão lateral em sentido contrário";1;0;1;0;0;0;0;0;0;0;2;0;0;0;0
"16/06/2025";"12:20:00";"404";"Sem vítima";"225,000";"BR-116/SP";"Crescente";"Colisão traseira";0;0;2;0;0;0;0;0;0;0;2;0;0;0;0
"16/06/2025";"16:27:00";"538";"Com vítima";"219,000";"BR-116/SP";"Decrescente";"Colisão lateral em sentido contrário";0;0;0;1;0;0;0;0;0;0;0;1;0;0;0
"16/06/2025";"18:14:00";"584";"Com vítima";"422,500";"BR-101/RJ";"Decrescente";"Choque";1;0;0;0;0;0;0;0;0;0;0;1;0;0;0
"16/06/2025";"18:16:00";"562";"Com vítima";"389,600";"BR-101/RJ";"Crescente";"Capotamento";1;0;0;0;0;0;0;0;0;0;0;1;0;0;0
"16/06/2025";"18:47:00";"601";"Com vítima";"491,700";"BR-101/RJ";"Decrescente";"Colisão frontal";1;0;0;1;0;0;0;0;0;0;1;0;0;1;0
"16/06/2025";"20:41:00";"655";"Sem vítima";"157,500";"BR-116/SP";"Crescente";"Colisão lateral em sentido contrário";0;0;2;0;0;0;0;0;0;0;3;0;0;0;0
"16/06/2025";"22:25:00";"688";"Com vítima";"223,800";"BR-116/RJ";"Crescente";"Engavetamento";2;0;1;0;0;0;0;0;0;1;6;2;0;1;0
"17/06/2025";"00:00:00";"175";"Com vítima";"81,700";"BR-116/SP";"Decrescente";"Engavetamento";1;0;1;1;0;0;0;0;0;0;2;1;0;0;0
"17/06/2025";"00:00:00";"211";"Sem vítima";"283,500";"BR-116/RJ";"Crescente";"Colisão traseira";0;0;0;0;0;0;0;2;0;0;2;0;0;0;0
"17/06/2025";"05:28:00";"74";"Com vítima";"154,900";"BR-116/SP";"Decrescente";"Colisão lateral em sentido contrário";2;0;0;0;0;0;0;0;0;0;2;1;0;0;0
"17/06/2025";"07:11:00";"170";"Com vítima";"575,000";"BR-101/RJ";"Crescente";"Acidentes de outra natureza";0;0;0;1;0;0;0;0;0;0;0;1;1;0;0
"17/06/2025";"07:14:00";"177";"Com vítima";"59,000";"BR-116/SP";"Decrescente";"Choque";1;0;0;0;0;0;0;0;0;0;0;2;0;0;0
"17/06/2025";"07:47:00";"202";"Com vítima";"221,900";"BR-116/SP";"Crescente";"Colisão lateral em sentido contrário";1;0;0;1;0;0;0;0;0;0;3;1;0;0;0
"17/06/2025";"08:14:00";"227";"Sem vítima";"147,200";"BR-116/SP";"Decrescente";"Engavetamento";3;0;0;1;0;0;0;0;0;0;5;0;0;0;0
"17/06/2025";"08:33:00";"249";"Com vítima";"273,800";"BR-116/RJ";"Crescente";"Choque";1;0;0;0;0;0;0;0;0;0;0;2;0;0;0
"17/06/2025";"08:42:00";"261";"Sem vítima";"147,000";"BR-116/SP";"Decrescente";"Colisão lateral em sentido contrário";1;0;1;0;0;0;0;0;0;0;2;0;0;0;0
"17/06/2025";"10:22:00";"349";"Sem vítima";"212,500";"BR-116/SP";"Crescente";"Colisão traseira";1;0;1;0;0;0;0;0;0;0;2;0;0;0;0
"17/06/2025";"11:31:00";"382";"Com vítima";"478,500";"BR-101/RJ";"Decrescente";"Colisão traseira";0;0;0;2;0;0;0;0;0;0;1;0;1;0;0
"17/06/2025";"12:54:00";"433";"Com vítima";"264,800";"BR-116/RJ";"Decrescente";"Capotamento";0;0;1;0;0;0;0;0;0;0;0;1;0;0;0
"17/06/2025";"14:27:00";"491";"Sem vítima";"316,900";"BR-116/RJ";"Crescente";"Choque";1;0;0;0;0;0;0;0;0;0;1;0;0;0;0
"17/06/2025";"14:52:00";"508";"Com vítima";"420,000";"BR-101/RJ";"Crescente";"Choque";1;0;0;0;0;0;0;0;0;0;0;1;0;0;0
"17/06/2025";"15:04:00";"512";"Com vítima";"490,000";"BR-101/RJ";"Crescente";"Colisão lateral em sentido contrário";1;0;0;0;0;0;0;0;0;1;2;1;0;0;0
"17/06/2025";"16:04:00";"547";"Sem vítima";"157,000";"BR-116/SP";"Decrescente";"Engavetamento";3;0;0;0;0;0;0;0;0;0;3;0;0;0;0
"17/06/2025";"17:24:00";"585";"Com vítima";"117,400";"BR-116/SP";"Decrescente";"Colisão traseira";1;0;0;1;0;0;0;0;0;0;0;1;0;0;0
"17/06/2025";"18:54:00";"624";"Com vítima";"107,500";"BR-116/SP";"Decrescente";"Colisão traseira";1;0;0;1;0;0;0;0;0;0;2;1;0;0;0
"17/06/2025";"19:01:00";"629";"Com vítima";"218,800";"BR-116/SP";"Crescente";"Colisão lateral em sentido contrário";1;0;0;2;0;0;0;0;0;0;4;2;0;0;0
"18/06/2025";"03:18:00";"66";"Com vítima";"175,800";"BR-116/SP";"Decrescente";"Colisão traseira";0;0;2;0;0;0;0;0;0;0;1;1;0;0;0
"18/06/2025";"04:09:00";"74";"Com vítima";"225,200";"BR-116/SP";"Crescente";"Colisão traseira";1;0;0;0;0;2;0;0;0;2;2;1;0;0;0
"18/06/2025";"04:53:00";"80";"Com vítima";"225,000";"BR-116/SP";"Crescente";"Colisão traseira";0;0;2;0;0;0;0;0;0;0;0;2;0;0;0
"18/06/2025";"04:59:00";"82";"Com vítima";"224,000";"BR-116/SP";"Crescente";"Acidentes de outra natureza";0;0;0;1;0;0;0;0;0;0;0;1;0;0;0
"18/06/2025";"05:21:00";"90";"Com vítima";"217,500";"BR-116/SP";"Crescente";"Colisão traseira";2;0;0;0;0;0;0;0;0;0;2;1;0;0;0
"18/06/2025";"06:50:00";"163";"Com vítima";"87,300";"BR-116/SP";"Decrescente";"Capotamento";0;0;0;0;0;0;0;0;0;1;0;1;0;0;0
"18/06/2025";"07:45:00";"218";"Com vítima";"140,000";"BR-116/SP";"Crescente";"Colisão lateral em sentido contrário";1;0;0;1;0;0;0;0;0;0;1;1;0;0;0
"18/06/2025";"09:15:00";"287";"Com vítima";"134,200";"BR-116/SP";"Crescente";"Engavetamento";1;0;2;0;0;0;0;0;0;0;2;2;1;0;0
"18/06/2025";"10:15:00";"335";"Com vítima";"136,000";"BR-116/SP";"Decrescente";"Colisão lateral em sentido contrário";1;0;0;1;0;0;0;0;0;0;0;1;1;0;0
"18/06/2025";"10:45:00";"352";"Sem vítima";"86,950";"BR-116/SP";"Crescente";"Choque";0;0;1;0;0;0;0;0;0;0;2;0;0;0;0
"18/06/2025";"10:58:00";"359";"Com vítima";"228,000";"BR-116/SP";"Crescente";"Colisão traseira";1;0;0;1;0;0;0;0;0;0;1;0;0;2;0
"18/06/2025";"12:08:00";"399";"Sem vítima";"116,500";"BR-116/SP";"Crescente";"Choque";0;0;0;0;0;1;0;1;0;0;1;0;0;0;0
"18/06/2025";"14:56:00";"491";"Com vítima";"307,000";"BR-116/RJ";"Crescente";"Colisão traseira";1;0;0;0;0;0;0;1;0;0;1;0;1;0;0
"18/06/2025";"15:03:00";"501";"Sem vítima";"201,000";"BR-116/SP";"Decrescente";"Tombamento";0;0;1;0;0;0;0;0;0;0;1;0;0;0;0
"18/06/2025";"16:13:00";"542";"Sem vítima";"227,800";"BR-116/SP";"Crescente";"Colisão lateral em sentido contrário";1;0;0;0;0;0;0;1;0;0;2;0;0;0;0
"18/06/2025";"17:39:00";"582";"Com vítima";"108,000";"BR-116/SP";"Decrescente";"Colisão lateral em sentido contrário";1;0;0;1;0;0;0;0;0;0;1;1;0;0;0
"18/06/2025";"18:22:00";"606";"Com vítima";"404,000";"BR-101/RJ";"Decrescente";"Acidentes de outra natureza";0;0;0;1;0;0;0;0;0;0;0;1;0;0;0
"18/06/2025";"19:02:00";"621";"Com vítima";"149,900";"BR-116/SP";"Decrescente";"Engavetamento";2;0;0;0;0;0;0;0;0;0;0;0;3;0;0
"18/06/2025";"20:06:00";"652";"Com vítima";"225,000";"BR-116/SP";"Crescente";"Colisão traseira";1;0;0;1;0;0;0;0;0;0;1;1;0;0;0
"18/06/2025";"20:15:00";"655";"Com vítima";"228,100";"BR-116/SP";"Crescente";"Acidentes de outra natureza";0;0;0;1;0;0;0;0;0;0;0;1;0;0;0
"18/06/2025";"21:53:00";"686";"Sem vítima";"216,500";"BR-116/RJ";"Crescente";"Colisão lateral em sentido contrário";1;0;1;0;0;0;0;0;0;0;0;0;0;0;0
"18/06/2025";"21:58:00";"688";"Sem vítima";"81,200";"BR-116/SP";"Decrescente";"Acidentes de outra natureza";1;0;0;0;0;0;0;0;0;0;1;0;0;0;0
"19/06/2025";"03:36:00";"71";"Sem vítima";"387,000";"BR-101/RJ";"Crescente";"Colisão traseira";1;0;0;0;0;0;0;0;0;0;1;0;0;0;0
"19/06/2025";"06:46:00";"122";"Sem vítima";"248,300";"BR-116/RJ";"Decrescente";"Choque";0;0;1;0;0;0;0;0;0;0;1;0;0;0;0
"19/06/2025";"06:57:00";"129";"Com vítima";"118,000";"BR-116/SP";"Decrescente";"Engavetamento";3;0;0;0;0;0;0;0;0;0;1;1;0;0;0
"19/06/2025";"07:09:00";"135";"Com vítima";"228,000";"BR-116/SP";"Crescente";"Choque";0;0;0;1;0;0;0;0;0;0;0;0;1;0;0
"19/06/2025";"07:25:00";"143";"Sem vítima";"78,000";"BR-116/SP";"Decrescente";"Engavetamento";2;0;0;0;1;0;0;0;0;0;0;0;0;0;0
"19/06/2025";"08:03:00";"166";"Com vítima";"126,300";"BR-116/SP";"Decrescente";"Colisão traseira";0;0;0;2;0;0;0;0;0;0;2;0;1;0;0
"19/06/2025";"08:14:00";"172";"Com vítima";"115,300";"BR-116/SP";"Decrescente";"Acidentes de outra natureza";0;0;0;2;0;0;0;0;0;0;2;0;1;0;0
"19/06/2025";"08:54:00";"194";"Sem vítima";"226,000";"BR-116/RJ";"Crescente";"Colisão traseira";2;0;0;0;0;0;0;0;0;0;2;0;0;0;0
"19/06/2025";"09:04:00";"199";"Sem vítima";"225,800";"BR-116/SP";"Crescente";"Colisão lateral em sentido contrário";2;0;1;0;0;0;0;0;0;0;3;0;0;0;0
"19/06/2025";"09:26:00";"213";"Sem vítima";"162,300";"BR-116/SP";"Crescente";"Colisão lateral em sentido contrário";0;0;2;0;0;0;0;0;0;0;3;0;0;0;0
"19/06/2025";"10:01:00";"235";"Sem vítima";"78,000";"BR-116/SP";"Decrescente";"Engavetamento";3;0;0;0;0;0;0;0;0;1;4;0;0;0;0
"19/06/2025";"10:22:00";"243";"Sem vítima";"109,600";"BR-116/SP";"Decrescente";"Engavetamento";1;0;0;0;0;0;0;0;0;0;1;0;0;0;0
"19/06/2025";"10:33:00";"250";"Com vítima";"64,000";"BR-116/SP";"Crescente";"Engavetamento";0;0;0;1;0;0;0;0;0;1;2;0;1;0;0
"19/06/2025";"10:50:00";"256";"Com vítima";"220,000";"BR-116/SP";"Crescente";"Colisão traseira";1;0;0;1;0;0;0;0;0;0;1;1;0;0;0
"19/06/2025";"11:14:00";"267";"Com vítima";"55,300";"BR-116/SP";"Crescente";"Colisão traseira";1;0;0;0;0;0;0;0;0;1;2;0;1;0;0
"19/06/2025";"11:25:00";"273";"Com vítima";"162,000";"BR-116/SP";"Decrescente";"Engavetamento";3;0;0;0;0;0;0;0;0;0;8;1;0;0;0
"19/06/2025";"11:53:00";"281";"Sem vítima";"55,000";"BR-116/SP";"Crescente";"Engavetamento";1;0;0;0;0;0;0;0;0;0;1;0;0;0;0
"19/06/2025";"12:01:00";"290";"Sem vítima";"289,800";"BR-116/RJ";"Crescente";"Engavetamento";2;0;0;0;0;0;0;1;0;0;3;0;0;0;0
"19/06/2025";"12:04:00";"291";"Com vítima";"216,000";"BR-116/SP";"Crescente";"Colisão lateral em sentido contrário";0;0;1;1;0;0;0;0;0;0;1;1;0;0;0
"19/06/2025";"12:20:00";"305";"Com vítima";"53,000";"BR-116/SP";"Crescente";"Colisão traseira";2;0;0;0;0;0;0;0;0;0;1;1;1;0;0
"19/06/2025";"12:32:00";"310";"Sem vítima";"289,900";"BR-116/RJ";"Crescente";"Engavetamento";3;0;1;0;0;0;0;0;0;0;4;0;0;0;0
"19/06/2025";"12:54:00";"324";"Sem vítima";"471,000";"BR-101/RJ";"Crescente";"Colisão transversal";1;0;0;1;0;0;0;0;0;0;2;0;0;0;0
"19/06/2025";"13:22:00";"335";"Com vítima";"288,000";"BR-116/RJ";"Crescente";"Colisão lateral em sentido contrário";0;0;0;1;0;0;0;0;0;0;0;2;0;0;0
"19/06/2025";"13:28:00";"337";"Com vítima";"428,000";"BR-101/RJ";"Decrescente";"Colisão lateral em sentido contrário";2;0;0;0;0;0;0;0;0;0;0;2;0;0;0
"19/06/2025";"13:32:00";"339";"Com vítima";"156,800";"BR-116/SP";"Crescente";"Colisão lateral em sentido contrário";1;0;0;0;0;0;0;1;0;0;5;1;0;0;0
"19/06/2025";"14:45:00";"253";"Com vítima";"99,700";"BR-116/SP";"Decrescente";"Choque";0;0;0;1;0;0;0;0;0;0;0;1;0;0;0
"19/06/2025";"18:46:00";"468";"Com vítima";"401,500";"BR-101/RJ";"Decrescente";"Acidentes de outra natureza";0;0;0;1;0;0;0;0;0;0;0;1;1;0;0
"19/06/2025";"19:18:00";"486";"Com vítima";"502,000";"BR-101/RJ";"Decrescente";"Colisão lateral em sentido contrário";1;0;0;1;0;0;0;0;0;0;1;0;1;0;0
"19/06/2025";"19:39:00";"496";"Com vítima";"166,900";"BR-116/SP";"Crescente";"Colisão lateral em sentido contrário";1;0;0;1;0;0;0;0;0;0;2;0;1;0;0
"19/06/2025";"19:53:00";"502";"Com vítima";"213,000";"BR-116/SP";"Decrescente";"Colisão frontal";0;0;0;1;0;0;0;0;0;0;0;0;1;0;0
"19/06/2025";"20:05:00";"506";"Sem vítima";"212,500";"BR-116/SP";"Crescente";"Colisão traseira";2;0;0;0;0;0;0;0;0;0;2;0;0;0;0
"19/06/2025";"22:48:00";"541";"Sem vítima";"530,000";"BR-101/RJ";"Decrescente";"Capotamento";1;0;0;0;0;0;0;0;0;0;1;0;0;0;0
"20/06/2025";"07:09:00";"142";"Com vítima";"281,800";"BR-116/RJ";"Decrescente";"Capotamento";1;0;0;0;0;0;0;0;0;0;2;1;2;0;0
"20/06/2025";"09:02:00";"220";"Sem vítima";"82,000";"BR-116/SP";"Crescente";"Colisão traseira";1;0;1;0;0;0;0;0;0;0;0;0;0;0;0
"20/06/2025";"14:08:00";"394";"Sem vítima";"219,200";"BR-116/SP";"Decrescente";"Acidentes de outra natureza";0;0;0;1;0;0;0;0;0;0;1;0;0;0;0
"20/06/2025";"14:42:00";"409";"Com vítima";"130,500";"BR-116/SP";"Decrescente";"Acidentes de outra natureza";0;0;0;1;0;0;0;0;0;0;1;1;0;0;0
"20/06/2025";"14:52:00";"419";"Com vítima";"133,400";"BR-116/SP";"Decrescente";"Colisão traseira";1;0;0;0;0;0;0;0;0;1;0;4;0;0;0
"20/06/2025";"16:24:00";"467";"Com vítima";"136,700";"BR-116/SP";"Decrescente";"Colisão lateral em sentido contrário";1;0;0;0;1;0;0;0;0;0;40;1;0;0;0
"20/06/2025";"17:22:00";"502";"Com vítima";"385,100";"BR-101/RJ";"Crescente";"Colisão traseira";1;0;0;1;0;0;0;0;0;0;6;1;0;0;0
"20/06/2025";"18:11:00";"526";"Com vítima";"478,000";"BR-101/RJ";"Crescente";"Colisão frontal";2;0;0;0;0;0;0;0;0;0;0;0;1;1;0
"20/06/2025";"20:01:00";"573";"Com vítima";"145,800";"BR-116/SP";"Crescente";"Colisão traseira";2;0;0;0;0;0;0;0;0;0;2;1;0;0;0
"20/06/2025";"20:03:00";"574";"Com vítima";"221,900";"BR-116/SP";"Decrescente";"Colisão traseira";2;0;0;0;0;0;0;0;0;0;3;2;0;0;0
"20/06/2025";"23:40:00";"623";"Com vítima";"25,500";"BR-116/SP";"Decrescente";"Atropelamento de pedestre";0;0;0;0;0;0;0;0;0;0;0;0;0;1;0
"21/06/2025";"03:04:00";"66";"Sem vítima";"86,950";"BR-116/SP";"Decrescente";"Colisão traseira";0;0;2;0;0;0;0;0;0;0;2;0;0;0;0
"21/06/2025";"03:25:00";"70";"Sem vítima";"423,300";"BR-101/RJ";"Crescente";"Choque";1;0;0;0;0;0;0;0;0;0;2;0;0;0;0
"21/06/2025";"04:04:00";"75";"Com vítima";"228,200";"BR-116/SP";"Decrescente";"Atropelamento de pedestre";0;0;0;0;0;0;0;0;0;0;0;0;0;0;1
"21/06/2025";"09:21:00";"304";"Sem vítima";"122,000";"BR-116/SP";"Decrescente";"Engavetamento";3;0;0;0;0;0;0;0;0;1;8;0;0;0;0
"21/06/2025";"12:08:00";"382";"Com vítima";"147,000";"BR-116/SP";"Crescente";"Colisão traseira";0;0;0;1;0;0;0;0;0;0;1;1;0;0;0
"21/06/2025";"13:19:00";"423";"Sem vítima";"49,100";"BR-116/SP";"Decrescente";"Acidentes de outra natureza";0;0;0;1;0;0;0;0;0;0;2;0;0;0;0
"21/06/2025";"15:45:00";"489";"Sem vítima";"152,500";"BR-116/SP";"Decrescente";"Choque";1;0;0;0;0;0;0;0;0;0;3;0;0;0;0
"21/06/2025";"18:19:00";"553";"Sem vítima";"102,000";"BR-116/SP";"Decrescente";"Choque";0;0;0;0;0;0;0;2;0;0;2;0;0;0;0
"21/06/2025";"18:33:00";"555";"Com vítima";"142,300";"BR-116/SP";"Decrescente";"Engavetamento";5;0;0;0;0;0;0;0;0;0;10;1;0;0;0
"21/06/2025";"19:48:00";"575";"Sem vítima";"287,800";"BR-116/RJ";"Decrescente";"Colisão lateral em sentido contrário";0;0;0;0;0;0;0;1;0;0;0;0;0;0;0
"21/06/2025";"19:59:00";"581";"Sem vítima";"142,100";"BR-116/SP";"Decrescente";"Colisão traseira";1;0;0;0;0;0;0;0;0;0;1;0;0;0;0
"21/06/2025";"20:27:00";"592";"Com vítima";"529,300";"BR-101/RJ";"Crescente";"Colisão lateral em sentido contrário";0;0;0;1;1;0;0;0;0;0;1;0;1;0;0
"21/06/2025";"20:50:00";"600";"Com vítima";"212,600";"BR-116/SP";"Crescente";"Choque";0;0;0;1;0;0;0;0;0;0;0;0;0;0;1
"21/06/2025";"20:58:00";"603";"Sem vítima";"38,500";"BR-116/SP";"Decrescente";"Choque";0;0;0;0;1;0;0;0;0;0;44;0;0;0;0
"21/06/2025";"22:12:00";"621";"Com vítima";"52,400";"BR-116/SP";"Crescente";"Colisão traseira";0;1;0;1;0;0;0;0;0;0;1;0;0;0;0
"21/06/2025";"22:47:00";"629";"Com vítima";"225,300";"BR-116/SP";"Decrescente";"Colisão lateral em sentido contrário";1;0;0;1;0;0;0;0;0;0;2;1;0;0;0
"22/06/2025";"00:00:00";"444";"Com vítima";"573,000";"BR-101/RJ";"Decrescente";"Choque";1;0;0;0;0;0;0;0;0;0;0;1;0;0;0
"22/06/2025";"00:00:00";"469";"Sem vítima";"89,000";"BR-116/SP";"Crescente";"Colisão traseira";2;0;0;0;0;0;0;0;0;0;4;0;0;0;0
"22/06/2025";"02:27:00";"61";"Com vítima";"395,900";"BR-101/RJ";"Decrescente";"Colisão frontal";2;0;0;0;0;0;0;0;0;0;0;1;1;0;0
"22/06/2025";"03:56:00";"72";"Com vítima";"158,600";"BR-116/SP";"Crescente";"Atropelamento de pedestre";1;0;0;0;0;0;0;0;0;0;1;2;0;0;1
"22/06/2025";"05:18:00";"82";"Com vítima";"389,000";"BR-101/RJ";"Crescente";"Capotamento";1;0;0;0;0;0;0;0;0;0;0;2;0;0;0
"22/06/2025";"11:48:00";"317";"Sem vítima";"76,900";"BR-116/SP";"Crescente";"Engavetamento";1;0;0;0;0;0;0;0;0;0;1;0;0;0;0
"22/06/2025";"12:35:00";"341";"Com vítima";"150,000";"BR-116/SP";"Decrescente";"Colisão traseira";0;0;0;1;0;0;0;0;0;0;0;1;0;0;0
"22/06/2025";"12:45:00";"348";"Sem vítima";"149,000";"BR-116/SP";"Decrescente";"Colisão traseira";2;0;0;0;0;0;0;0;0;0;2;0;0;0;0
"22/06/2025";"15:17:00";"463";"Com vítima";"224,000";"BR-116/SP";"Crescente";"Acidentes de outra natureza";0;0;0;1;0;0;0;0;0;0;0;0;1;0;0
"22/06/2025";"15:25:00";"466";"Sem vítima";"183,200";"BR-116/SP";"Decrescente";"Colisão traseira";1;0;0;0;0;0;0;1;0;0;5;0;0;0;0
"22/06/2025";"16:14:00";"504";"Com vítima";"316,700";"BR-116/RJ";"Decrescente";"Engavetamento";3;0;0;0;0;0;0;0;0;0;5;5;0;0;0
"22/06/2025";"16:47:00";"521";"Com vítima";"80,200";"BR-116/SP";"Crescente";"Colisão traseira";1;0;0;1;0;0;0;0;0;0;1;1;1;0;0
"22/06/2025";"16:53:00";"525";"Com vítima";"282,300";"BR-116/RJ";"Crescente";"Colisão lateral em sentido contrário";1;0;0;1;0;0;0;0;0;0;1;0;1;0;0
"22/06/2025";"17:46:00";"545";"Com vítima";"97,500";"BR-116/SP";"Crescente";"Colisão traseira";2;0;0;0;0;0;0;0;0;0;6;1;0;0;0
"22/06/2025";"18:28:00";"507";"Com vítima";"261,800";"BR-116/RJ";"Crescente";"Colisão traseira";0;0;1;1;0;0;0;0;0;0;1;1;0;0;0