data;horario;n_da_ocorrencia;tipo_de_ocorrencia;km;trecho;sentido;tipo_de_acidente;automovel;bicicleta;caminhao;moto;onibus;outros;tracao_animal;transporte_de_cargas_especiais;trator_maquinas;utilitarios;ilesos;levemente_feridos;moderadamente_feridos;gravemente_feridos;mortos
"22/06/2025";"18:31:00";"563";"Com vítima";"127,300";"BR-116/SP";"Crescente";"Colisão lateral em sentido contrário";1;0;0;1;0;0;0;0;0;0;2;1;0;0;0
"22/06/2025";"18:51:00";"571";"Com vítima";"391,000";"BR-101/RJ";"Crescente";"Acidentes de outra natureza";0;0;0;1;0;0;0;0;0;0;0;2;0;0;0
"22/06/2025";"19:12:00";"582";"Com vítima";"532,000";"BR-101/RJ";"Decrescente";"Colisão traseira";1;0;0;1;0;0;0;0;0;0;1;1;0;0;0
"22/06/2025";"19:40:00";"590";"Com vítima";"337,800";"BR-116/RJ";"Decrescente";"Acidentes de outra natureza";0;0;0;1;0;0;0;0;0;0;0;0;0;0;1
"22/06/2025";"20:57:00";"622";"Sem vítima";"117,050";"BR-116/SP";"Crescente";"Colisão traseira";1;0;0;0;0;0;0;0;0;1;5;0;0;0;0
"22/06/2025";"22:34:00";"643";"Com vítima";"387,000";"BR-101/RJ";"Crescente";"Colisão traseira";1;0;0;1;0;0;0;0;0;0;4;1;0;0;0
"22/06/2025";"22:40:00";"647";"Com vítima";"316,800";"BR-116/RJ";"Crescente";"Colisão lateral em sentido contrário";1;0;0;0;0;0;0;0;0;0;0;1;0;0;0
"22/06/2025";"23:27:00";"657";"Sem vítima";"155,900";"BR-116/SP";"Crescente";"Colisão lateral em sentido contrário";1;0;0;0;0;0;0;0;0;0;2;0;0;0;0
"23/06/2025";"00:00:00";"601";"Sem vítima";"204,600";"BR-116/SP";"Crescente";"Choque";1;0;0;0;0;0;0;0;0;0;1;0;0;0;0
"23/06/2025";"02:42:00";"67";"Com vítima";"490,000";"BR-101/RJ";"Decrescente";"Acidentes de outra natureza";0;0;0;1;0;0;0;0;0;0;0;2;0;0;0
"23/06/2025";"05:43:00";"103";"Com vítima";"263,250";"BR-116/RJ";"Decrescente";"Atropelamento de pedestre";1;0;0;0;0;0;0;0;0;0;1;0;1;0;1
"23/06/2025";"07:19:00";"216";"Sem vítima";"263,400";"BR-116/RJ";"Decrescente";"Colisão traseira";1;0;1;0;0;0;0;0;0;0;3;0;0;0;0
"23/06/2025";"07:49:00";"246";"Com vítima";"160,400";"BR-116/SP";"Decrescente";"Colisão lateral em sentido contrário";1;0;0;1;0;0;0;0;0;0;1;0;1;0;0
"23/06/2025";"09:21:00";"335";"Com vítima";"217,500";"BR-116/SP";"Decrescente";"Atropelamento de pedestre";1;0;0;0;0;0;0;0;0;0;1;0;1;0;0
"23/06/2025";"09:55:00";"368";"Com vítima";"171,300";"BR-116/SP";"Crescente";"Acidentes de outra natureza";0;0;0;1;0;0;0;0;0;0;0;0;1;0;0
"23/06/2025";"09:55:00";"369";"Com vítima";"442,700";"BR-101/RJ";"Decrescente";"Colisão frontal";2;0;0;0;0;0;0;0;0;0;0;1;1;1;0
"23/06/2025";"10:05:00";"381";"Com vítima";"210,000";"BR-116/SP";"Crescente";"Colisão lateral em sentido contrário";0;0;0;2;0;0;0;0;0;0;1;0;1;0;0
"23/06/2025";"12:54:00";"501";"Sem vítima";"224,000";"BR-116/SP";"Crescente";"Colisão lateral em sentido contrário";1;0;1;0;0;0;0;0;0;0;2;0;0;0;0
"23/06/2025";"14:18:00";"574";"Sem vítima";"479,000";"BR-101/RJ";"Crescente";"Colisão traseira";1;0;0;1;0;0;0;0;0;0;3;0;0;0;0
"23/06/2025";"15:27:00";"621";"Sem vítima";"225,000";"BR-116/RJ";"Crescente";"Colisão lateral em sentido contrário";1;0;0;1;0;0;0;0;0;0;2;0;0;0;0
"23/06/2025";"15:47:00";"629";"Sem vítima";"451,000";"BR-101/RJ";"Crescente";"Choque";4;0;0;2;0;0;0;0;0;0;1;0;0;0;0
"23/06/2025";"15:57:00";"639";"Com vítima";"219,000";"BR-116/SP";"Decrescente";"Acidentes de outra natureza";0;0;0;1;0;0;0;0;0;0;0;1;0;0;0
"23/06/2025";"16:23:00";"654";"Sem vítima";"219,000";"BR-116/SP";"Crescente";"Colisão lateral em sentido contrário";1;0;0;1;0;0;0;0;0;0;2;0;0;0;0
"23/06/2025";"17:15:00";"676";"Com vítima";"459,000";"BR-101/RJ";"Crescente";"Capotamento";1;0;0;0;0;0;0;0;0;0;0;2;1;0;0
"23/06/2025";"17:20:00";"679";"Sem vítima";"135,300";"BR-116/SP";"Decrescente";"Colisão traseira";2;0;0;0;0;0;0;0;0;0;2;0;0;0;0
"23/06/2025";"17:46:00";"691";"Com vítima";"40,000";"BR-101/SP";"Decrescente";"Colisão lateral em sentido contrário";1;0;0;1;0;0;0;0;0;0;1;1;0;0;0
"23/06/2025";"18:08:00";"696";"Com vítima";"575,000";"BR-101/RJ";"Crescente";"Acidentes de outra natureza";0;0;0;1;0;0;0;0;0;0;0;1;0;0;0
"23/06/2025";"18:37:00";"713";"Sem vítima";"68,800";"BR-116/SP";"Decrescente";"Colisão traseira";1;0;1;0;0;0;0;0;0;0;0;0;0;0;0
"23/06/2025";"19:08:00";"724";"Sem vítima";"282,000";"BR-116/RJ";"Decrescente";"Acidentes de outra natureza";1;0;0;0;0;0;0;0;0;0;1;0;0;0;0
"23/06/2025";"19:44:00";"744";"Sem vítima";"129,500";"BR-116/SP";"Decrescente";"Colisão traseira";0;0;0;0;0;0;0;2;0;0;5;0;0;0;0
"23/06/2025";"20:05:00";"751";"Sem vítima";"26,970";"BR-101/SP";"Decrescente";"Choque";1;0;0;0;0;0;0;0;0;0;3;0;0;0;0
"23/06/2025";"20:19:00";"758";"Com vítima";"219,400";"BR-116/SP";"Decrescente";"Colisão lateral em sentido contrário";1;0;0;1;0;0;0;0;0;0;1;1;0;0;0
"23/06/2025";"23:59:00";"809";"Com vítima";"571,500";"BR-101/RJ";"Decrescente";"Acidentes de outra natureza";0;0;0;1;0;0;0;0;0;0;0;1;0;0;0
"24/06/2025";"02:20:00";"68";"Sem vítima";"214,050";"BR-116/SP";"Crescente";"Colisão lateral em sentido contrário";1;0;0;0;0;0;0;1;0;0;2;0;0;0;0
"24/06/2025";"04:31:00";"80";"Sem vítima";"225,100";"BR-116/SP";"Decrescente";"Colisão lateral em sentido contrário";1;0;0;1;0;0;0;0;0;0;2;0;0;0;0
"24/06/2025";"05:24:00";"100";"Com vítima";"271,000";"BR-116/RJ";"Decrescente";"Choque";1;0;0;0;0;0;0;0;0;0;0;3;0;0;0
"24/06/2025";"05:59:00";"119";"Com vítima";"212,600";"BR-116/SP";"Crescente";"Choque";2;0;0;0;0;0;0;0;0;0;1;1;0;0;0
"24/06/2025";"06:35:00";"153";"Sem vítima";"532,000";"BR-101/RJ";"Decrescente";"Atropelamento de pedestre";1;0;0;0;0;0;0;0;0;0;2;0;0;0;0
"24/06/2025";"06:37:00";"155";"Sem vítima";"473,000";"BR-101/RJ";"Crescente";"Choque";1;0;0;0;0;0;0;0;0;0;1;0;0;0;0
"24/06/2025";"08:44:00";"257";"Sem vítima";"435,000";"BR-101/RJ";"Crescente";"Choque";1;0;0;0;0;0;0;0;0;0;1;0;0;0;0
"24/06/2025";"09:55:00";"309";"Com vítima";"230,000";"BR-116/SP";"Crescente";"Colisão lateral em sentido contrário";1;0;0;1;0;0;0;0;0;0;1;1;0;0;0
"24/06/2025";"10:04:00";"318";"Sem vítima";"139,000";"BR-116/SP";"Crescente";"Engavetamento";2;0;0;0;0;0;0;0;0;0;0;0;0;0;0
"24/06/2025";"10:47:00";"344";"Sem vítima";"86,095";"BR-116/SP";"Crescente";"Colisão lateral em sentido contrário";1;0;1;0;0;0;0;0;0;0;3;0;0;0;0
"24/06/2025";"10:58:00";"349";"Com vítima";"480,000";"BR-101/RJ";"Decrescente";"Acidentes de outra natureza";0;0;0;1;0;0;0;0;0;0;0;1;0;0;0
"24/06/2025";"11:04:00";"353";"Com vítima";"181,050";"BR-116/SP";"Decrescente";"Choque";1;0;0;0;0;0;0;0;0;0;0;1;0;0;0
"24/06/2025";"11:05:00";"355";"Sem vítima";"521,000";"BR-101/RJ";"Decrescente";"Choque";1;0;0;0;0;0;0;0;0;0;2;0;0;0;0
"24/06/2025";"13:01:00";"415";"Com vítima";"227,500";"BR-116/SP";"Decrescente";"Colisão traseira";1;0;0;1;0;0;0;0;0;0;1;1;0;0;0
"24/06/2025";"13:08:00";"419";"Sem vítima";"215,000";"BR-116/RJ";"Crescente";"Colisão lateral em sentido contrário";0;0;1;0;0;0;0;0;0;1;0;0;0;0;0
"24/06/2025";"13:56:00";"444";"Com vítima";"142,400";"BR-116/SP";"Crescente";"Colisão traseira";1;0;0;1;0;0;0;0;0;0;1;1;0;0;0
"24/06/2025";"15:33:00";"490";"Sem vítima";"26,950";"BR-116/SP";"Decrescente";"Choque";0;0;0;0;0;0;0;1;0;0;1;0;0;0;0
"24/06/2025";"15:37:00";"493";"Com vítima";"147,000";"BR-116/SP";"Decrescente";"Colisão lateral em sentido contrário";1;0;0;1;0;0;0;0;0;0;1;1;1;0;0
"24/06/2025";"15:43:00";"512";"Com vítima";"228,000";"BR-116/SP";"Decrescente";"Acidentes de outra natureza";0;0;0;1;0;0;0;0;0;0;0;1;0;0;0
"24/06/2025";"16:04:00";"511";"Sem vítima";"482,000";"BR-101/RJ";"Crescente";"Colisão traseira";4;0;0;0;0;0;0;0;0;0;4;0;0;0;0
"24/06/2025";"17:19:00";"549";"Sem vítima";"145,100";"BR-116/SP";"Decrescente";"Colisão traseira";1;0;1;0;0;0;0;0;0;0;2;0;0;0;0
"24/06/2025";"18:40:00";"579";"Sem vítima";"499,700";"BR-101/RJ";"Crescente";"Choque";1;0;0;0;0;0;0;0;0;0;1;0;0;0;0
"24/06/2025";"18:42:00";"580";"Sem vítima";"398,000";"BR-101/RJ";"Decrescente";"Choque";1;0;0;0;0;0;0;0;0;0;1;0;0;0;0
"24/06/2025";"18:43:00";"581";"Com vítima";"156,600";"BR-116/SP";"Decrescente";"Engavetamento";3;0;0;0;0;0;0;0;0;0;2;1;0;0;0
"24/06/2025";"20:54:00";"636";"Sem vítima";"118,400";"BR-116/SP";"Decrescente";"Colisão lateral em sentido contrário";1;0;0;0;1;0;0;0;0;0;4;0;0;0;0
"24/06/2025";"21:11:00";"641";"Com vítima";"66,900";"BR-116/SP";"Decrescente";"Atropelamento de pedestre";2;0;1;0;0;0;0;0;0;0;3;1;0;0;0
"25/06/2025";"03:20:00";"59";"Sem vítima";"24,500";"BR-116/SP";"Decrescente";"Colisão lateral em sentido contrário";0;0;0;0;0;0;0;1;0;0;1;0;0;0;0
"25/06/2025";"06:02:00";"115";"Com vítima";"316,800";"BR-116/RJ";"Decrescente";"Colisão traseira";1;0;0;1;0;0;0;0;0;0;1;1;1;0;0
"25/06/2025";"07:46:00";"207";"Sem vítima";"223,900";"BR-116/RJ";"Crescente";"Colisão traseira";2;0;0;0;0;0;0;0;0;0;3;0;0;0;0
"25/06/2025";"10:13:00";"329";"Sem vítima";"140,000";"BR-116/SP";"Crescente";"Colisão traseira";0;0;1;0;0;0;0;0;0;1;4;0;0;0;0
"25/06/2025";"10:15:00";"330";"Com vítima";"217,000";"BR-116/SP";"Crescente";"Colisão traseira";0;0;1;1;0;0;0;0;0;0;1;1;0;0;0
"25/06/2025";"10:49:00";"358";"Sem vítima";"226,800";"BR-116/RJ";"Crescente";"Colisão traseira";2;0;0;0;0;0;0;0;0;0;6;0;0;0;0
"25/06/2025";"10:51:00";"360";"Sem vítima";"226,000";"BR-116/SP";"Crescente";"Engavetamento";2;0;0;0;0;0;0;0;0;0;1;0;0;0;0
"25/06/2025";"11:49:00";"392";"Sem vítima";"10,900";"BR-116/SP";"Crescente";"Choque";1;0;0;0;0;0;0;0;0;0;1;0;0;0;0
"25/06/2025";"12:44:00";"424";"Com vítima";"76,800";"BR-116/SP";"Crescente";"Engavetamento";2;0;0;0;1;0;0;1;0;0;17;2;0;0;0
"25/06/2025";"16:25:00";"556";"Sem vítima";"275,300";"BR-116/RJ";"Decrescente";"Choque";0;0;0;0;0;0;0;1;0;0;1;0;0;0;0
"25/06/2025";"16:47:00";"576";"Com vítima";"507,000";"BR-101/RJ";"Decrescente";"Colisão lateral em sentido contrário";1;0;1;0;0;0;0;0;0;0;1;0;1;0;0
"25/06/2025";"16:50:00";"581";"Sem vítima";"98,800";"BR-116/SP";"Crescente";"Acidentes de outra natureza";0;0;0;1;0;0;0;0;0;0;1;0;0;0;0
"25/06/2025";"17:11:00";"588";"Com vítima";"203,500";"BR-116/SP";"Decrescente";"Colisão traseira";0;0;0;1;0;0;0;0;0;0;0;1;0;0;0
"25/06/2025";"17:33:00";"596";"Com vítima";"388,200";"BR-101/RJ";"Decrescente";"Colisão lateral em sentido contrário";0;0;0;1;0;0;0;0;0;0;0;0;1;0;0
"25/06/2025";"18:22:00";"618";"Com vítima";"75,900";"BR-116/SP";"Crescente";"Atropelamento de pedestre";0;0;0;1;0;0;0;0;0;0;0;1;0;0;0
"25/06/2025";"18:32:00";"619";"Sem vítima";"229,000";"BR-116/SP";"Decrescente";"Colisão traseira";2;0;0;0;0;0;0;0;0;0;2;0;0;0;0
"25/06/2025";"19:20:00";"642";"Com vítima";"68,400";"BR-116/SP";"Crescente";"Acidentes de outra natureza";0;0;0;1;0;0;0;0;0;0;0;0;1;0;0
"25/06/2025";"19:33:00";"648";"Sem vítima";"216,700";"BR-116/SP";"Decrescente";"Colisão traseira";2;0;0;0;0;0;0;0;0;0;2;0;0;0;0
"25/06/2025";"19:47:00";"656";"Com vítima";"218,800";"BR-116/SP";"Decrescente";"Colisão lateral em sentido contrário";0;0;0;1;1;0;0;0;0;0;2;1;0;0;0
"26/06/2025";"00:00:00";"881";"Com vítima";"311,600";"BR-116/RJ";"Decrescente";"Acidentes de outra natureza";0;0;0;1;0;0;0;0;0;0;0;1;1;0;0
"26/06/2025";"00:24:00";"39";"Sem vítima";"146,550";"BR-116/SP";"Decrescente";"Colisão traseira";3;0;1;0;0;0;0;0;0;0;8;0;0;0;0
"26/06/2025";"04:45:00";"79";"Com vítima";"441,400";"BR-101/RJ";"Crescente";"Colisão traseira";1;0;1;0;0;0;0;0;0;0;3;1;0;0;0
"26/06/2025";"05:16:00";"89";"Com vítima";"214,900";"BR-116/SP";"Crescente";"Engavetamento";1;0;0;0;1;0;0;0;0;1;5;1;0;0;0
"26/06/2025";"07:07:00";"207";"Com vítima";"222,400";"BR-116/SP";"Decrescente";"Capotamento";1;0;0;0;0;0;0;0;0;0;0;2;0;0;0
"26/06/2025";"08:50:00";"379";"Com vítima";"180,000";"BR-116/SP";"Crescente";"Atropelamento de pedestre";0;0;0;2;0;0;0;0;0;0;1;2;0;0;0
"26/06/2025";"11:53:00";"621";"Sem vítima";"171,900";"BR-116/SP";"Crescente";"Capotamento";1;0;0;0;0;0;0;0;0;0;1;0;0;0;0
"26/06/2025";"12:39:00";"655";"Com vítima";"230,000";"BR-116/RJ";"Crescente";"Colisão lateral em sentido contrário";1;0;1;0;0;0;0;0;0;0;0;1;0;0;0
"26/06/2025";"13:15:00";"696";"Com vítima";"202,000";"BR-116/SP";"Decrescente";"Colisão traseira";1;1;0;0;0;0;0;0;0;0;1;0;0;0;0
"26/06/2025";"14:21:00";"765";"Com vítima";"387,500";"BR-101/RJ";"Crescente";"Acidentes de outra natureza";0;0;0;1;0;0;0;0;0;0;0;1;0;0;0
"26/06/2025";"14:27:00";"769";"Com vítima";"218,000";"BR-116/SP";"Crescente";"Colisão lateral em sentido contrário";0;0;0;1;0;0;0;0;0;0;0;0;1;0;0
"26/06/2025";"14:32:00";"774";"Sem vítima";"215,000";"BR-116/SP";"Decrescente";"Choque";0;0;0;0;0;0;0;1;0;0;0;0;0;0;0
"26/06/2025";"14:52:00";"795";"Sem vítima";"221,000";"BR-116/SP";"Crescente";"Colisão traseira";1;0;0;0;0;0;0;1;0;0;2;0;0;0;0
"26/06/2025";"16:45:00";"889";"Sem vítima";"146,800";"BR-116/SP";"Crescente";"Colisão lateral em sentido contrário";1;0;0;0;0;0;0;1;0;0;3;0;0;0;0
"26/06/2025";"18:18:00";"938";"Sem vítima";"144,500";"BR-116/SP";"Decrescente";"Engavetamento";4;0;0;0;0;0;0;0;0;0;8;0;0;0;0
"26/06/2025";"20:54:00";"1010";"Com vítima";"238,000";"BR-116/RJ";"Crescente";"Colisão traseira";1;0;1;0;0;0;0;0;0;0;2;1;0;0;0
"26/06/2025";"22:02:00";"1046";"Sem vítima";"228,100";"BR-116/SP";"Crescente";"Choque";0;0;0;0;0;0;0;1;0;0;1;0;0;0;0
"26/06/2025";"23:54:00";"1082";"Com vítima";"306,400";"BR-116/RJ";"Decrescente";"Choque";2;0;0;0;0;0;0;0;0;0;0;0;1;0;0
"27/06/2025";"00:00:00";"66";"Sem vítima";"84,500";"BR-116/SP";"Crescente";"Colisão traseira";0;0;1;0;0;0;0;0;0;1;3;0;0;0;0
"27/06/2025";"04:51:00";"81";"Sem vítima";"128,000";"BR-116/SP";"Decrescente";"Colisão traseira";1;0;1;0;0;0;0;0;0;0;3;0;0;0;0
"27/06/2025";"05:24:00";"94";"Sem vítima";"133,000";"BR-116/SP";"Decrescente";"Colisão traseira";1;0;0;0;0;0;0;0;0;0;1;0;0;0;0
"27/06/2025";"06:29:00";"146";"Com vítima";"461,000";"BR-101/RJ";"Crescente";"Choque";0;0;0;0;1;0;0;0;0;0;31;6;0;0;0
"27/06/2025";"07:17:00";"202";"Sem vítima";"316,600";"BR-116/RJ";"Decrescente";"Acidentes de outra natureza";0;0;0;0;0;0;0;1;0;0;1;0;0;0;0
"27/06/2025";"07:51:00";"243";"Com vítima";"145,000";"BR-116/SP";"Crescente";"Acidentes de outra natureza";0;0;0;1;0;0;0;0;0;0;0;1;0;0;0
"27/06/2025";"09:45:00";"429";"Sem vítima";"272,000";"BR-116/RJ";"Crescente";"Colisão lateral em sentido contrário";1;0;1;0;0;0;0;0;0;0;3;0;0;0;0
"27/06/2025";"10:30:00";"480";"Sem vítima";"245,500";"BR-116/RJ";"Decrescente";"Engavetamento";1;0;0;0;0;0;0;1;0;1;4;0;0;0;0
"27/06/2025";"10:56:00";"521";"Com vítima";"245,700";"BR-116/RJ";"Decrescente";"Colisão traseira";1;0;0;0;0;0;0;1;0;0;2;2;0;0;0
"27/06/2025";"12:08:00";"525";"Com vítima";"105,600";"BR-116/SP";"Crescente";"Choque";1;0;0;0;0;1;0;0;0;0;1;1;0;0;0
"27/06/2025";"16:45:00";"802";"Sem vítima";"152,000";"BR-116/SP";"Decrescente";"Colisão lateral em sentido contrário";1;0;1;0;0;0;0;0;0;0;2;0;0;0;0
"27/06/2025";"17:52:00";"839";"Sem vítima";"104,600";"BR-116/SP";"Crescente";"Engavetamento";3;0;0;0;0;0;0;0;0;0;0;0;0;0;0
"27/06/2025";"18:02:00";"846";"Com vítima";"226,000";"BR-116/SP";"Decrescente";"Colisão lateral em sentido contrário";1;0;0;1;0;0;0;0;0;0;2;1;0;0;0
"27/06/2025";"18:15:00";"860";"Sem vítima";"55,700";"BR-116/SP";"Crescente";"Engavetamento";3;0;0;0;0;0;0;0;0;0;2;0;0;0;0
"27/06/2025";"18:36:00";"866";"Sem vítima";"303,700";"BR-116/RJ";"Crescente";"Engavetamento";4;0;0;0;0;0;0;0;0;0;5;0;0;0;0
"27/06/2025";"18:44:00";"873";"Sem vítima";"219,100";"BR-116/SP";"Decrescente";"Colisão lateral em sentido contrário";1;0;0;1;0;0;0;0;0;0;3;0;0;0;0
"27/06/2025";"18:54:00";"879";"Com vítima";"509,000";"BR-101/RJ";"Crescente";"Atropelamento de pedestre";1;0;0;0;0;0;0;0;0;0;1;1;0;0;0
"27/06/2025";"19:09:00";"884";"Sem vítima";"300,000";"BR-116/RJ";"Crescente";"Colisão traseira";1;0;1;0;0;0;0;0;0;0;0;0;0;0;0
"27/06/2025";"20:58:00";"925";"Sem vítima";"501,000";"BR-101/RJ";"Crescente";"Atropelamento de pedestre";1;0;0;0;0;0;0;0;0;0;1;0;0;0;0
"27/06/2025";"21:57:00";"951";"Com vítima";"413,800";"BR-101/RJ";"Crescente";"Colisão traseira";0;0;0;1;0;0;0;0;0;0;0;0;0;1;0
"27/06/2025";"22:18:00";"956";"Com vítima";"482,200";"BR-101/RJ";"Crescente";"Colisão frontal";0;0;0;1;0;0;0;0;0;1;7;0;1;0;0
"27/06/2025";"22:48:00";"969";"Sem vítima";"494,250";"BR-101/RJ";"Crescente";"Acidentes de outra natureza";0;0;0;1;0;0;0;0;0;0;0;0;0;0;0
"28/06/2025";"00:00:00";"81";"Sem vítima";"47,900";"BR-101/SP";"Crescente";"Choque";1;0;0;0;0;0;0;0;0;0;4;0;0;0;0
"28/06/2025";"00:31:00";"39";"Sem vítima";"303,500";"BR-116/RJ";"Decrescente";"Choque";1;0;0;0;0;0;0;0;0;0;1;0;0;0;0
"28/06/2025";"06:29:00";"126";"Sem vítima";"595,000";"BR-101/RJ";"Decrescente";"Choque";1;0;0;0;0;0;0;0;0;0;5;0;0;0;0
"28/06/2025";"07:05:00";"151";"Sem vítima";"542,500";"BR-101/RJ";"Decrescente";"Choque";1;0;0;0;0;0;0;0;0;0;2;0;0;0;0
"28/06/2025";"07:39:00";"166";"Com vítima";"184,300";"BR-116/SP";"Crescente";"Colisão lateral em sentido contrário";1;0;0;0;0;0;0;1;0;0;2;1;0;0;0
"28/06/2025";"08:46:00";"206";"Com vítima";"528,400";"BR-101/RJ";"Crescente";"Choque";1;0;0;0;0;0;0;0;0;0;0;3;0;0;0
"28/06/2025";"09:37:00";"247";"Com vítima";"486,000";"BR-101/RJ";"Decrescente";"Engavetamento";3;0;0;0;0;0;0;0;0;0;4;2;0;0;0
"28/06/2025";"12:34:00";"342";"Com vítima";"294,800";"BR-116/RJ";"Decrescente";"Tombamento";1;0;1;0;0;0;0;0;0;0;0;0;1;0;0
"28/06/2025";"14:03:00";"387";"Sem vítima";"219,000";"BR-116/SP";"Decrescente";"Colisão traseira";1;0;0;0;0;0;0;1;0;0;2;0;0;0;0
"28/06/2025";"14:06:00";"390";"Com vítima";"28,300";"BR-116/SP";"Decrescente";"Acidentes de outra natureza";0;0;0;1;0;0;0;0;0;0;1;1;0;0;0
"28/06/2025";"14:17:00";"400";"Com vítima";"311,000";"BR-116/RJ";"Decrescente";"Acidentes de outra natureza";0;0;0;1;0;0;0;0;0;0;0;1;0;0;0
"28/06/2025";"14:26:00";"403";"Sem vítima";"146,000";"BR-116/SP";"Decrescente";"Colisão lateral em sentido contrário";2;0;0;0;0;0;0;0;0;0;7;0;0;0;0
"28/06/2025";"15:14:00";"417";"Sem vítima";"420,100";"BR-101/RJ";"Crescente";"Choque";0;0;1;0;0;0;0;0;0;0;2;0;0;0;0
"28/06/2025";"16:36:00";"448";"Com vítima";"390,000";"BR-101/RJ";"Decrescente";"Acidentes de outra natureza";0;0;0;1;0;0;0;0;0;0;0;1;0;0;0
"28/06/2025";"16:37:00";"451";"Com vítima";"216,000";"BR-116/SP";"Crescente";"Colisão traseira";2;0;0;0;0;0;0;0;0;0;3;1;0;0;0
"28/06/2025";"18:49:00";"509";"Com vítima";"437,000";"BR-101/RJ";"Crescente";"Acidentes de outra natureza";0;0;0;1;0;0;0;0;0;0;0;0;1;0;0
"28/06/2025";"19:02:00";"516";"Com vítima";"218,000";"BR-116/SP";"Decrescente";"Atropelamento de pedestre";0;0;0;0;0;0;0;0;0;0;0;0;0;1;0
"28/06/2025";"22:02:00";"566";"Com vítima";"505,000";"BR-101/RJ";"Decrescente";"Colisão frontal";0;0;0;1;0;0;0;0;0;0;0;0;1;1;0
"28/06/2025";"22:45:00";"578";"Sem vítima";"226,900";"BR-116/SP";"Crescente";"Colisão lateral em sentido contrário";1;0;0;0;0;0;0;0;0;0;1;0;0;0;0
"29/06/2025";"00:00:00";"453";"Com vítima";"542,000";"BR-101/RJ";"Decrescente";"Colisão frontal";2;0;0;0;0;0;0;0;0;0;0;2;0;0;0
"29/06/2025";"00:00:00";"481";"Sem vítima";"220,400";"BR-116/RJ";"Decrescente";"Choque";0;0;1;0;0;0;0;0;0;0;0;0;0;0;0
"29/06/2025";"01:00:00";"39";"Sem vítima";"219,300";"BR-116/SP";"Crescente";"Colisão traseira";1;0;0;0;0;0;0;0;0;0;2;0;0;0;0
"29/06/2025";"03:06:00";"61";"Sem vítima";"114,600";"BR-116/SP";"Decrescente";"Colisão traseira";2;0;0;0;0;0;0;0;0;0;2;0;0;0;0
"29/06/2025";"03:34:00";"62";"Com vítima";"311,700";"BR-116/RJ";"Decrescente";"Colisão traseira";1;0;0;0;0;0;0;0;0;1;1;3;1;0;0
"29/06/2025";"03:37:00";"65";"Sem vítima";"202,900";"BR-116/SP";"Decrescente";"Capotamento";1;0;0;0;0;0;0;0;0;0;1;0;0;0;0
"29/06/2025";"03:58:00";"72";"Sem vítima";"192,700";"BR-116/SP";"Decrescente";"Acidentes de outra natureza";0;0;0;1;0;0;0;0;0;0;1;0;0;0;0
"29/06/2025";"04:02:00";"73";"Com vítima";"216,300";"BR-116/RJ";"Decrescente";"Atropelamento de pedestre";1;0;0;0;0;0;0;0;0;0;0;1;1;0;0
"29/06/2025";"04:02:00";"74";"Sem vítima";"167,450";"BR-116/SP";"Decrescente";"Choque";1;0;0;0;0;0;0;0;0;0;4;0;0;0;0
"29/06/2025";"04:40:00";"77";"Sem vítima";"271,900";"BR-116/RJ";"Decrescente";"Capotamento";1;0;0;0;0;0;0;0;0;0;1;0;0;0;0
"29/06/2025";"06:52:00";"115";"Com vítima";"160,000";"BR-116/SP";"Decrescente";"Acidentes de outra natureza";0;0;0;1;0;0;0;0;0;0;0;1;0;0;0
"29/06/2025";"07:06:00";"125";"Com vítima";"388,500";"BR-101/RJ";"Decrescente";"Capotamento";1;0;0;0;0;0;0;0;0;0;0;1;0;0;0
"29/06/2025";"10:20:00";"207";"Com vítima";"218,000";"BR-116/SP";"Crescente";"Acidentes de outra natureza";0;0;0;1;0;0;0;0;0;0;1;0;1;0;0
"29/06/2025";"11:27:00";"235";"Com vítima";"202,400";"BR-116/SP";"Crescente";"Colisão lateral em sentido contrário";1;0;0;0;0;0;0;1;0;0;3;1;0;0;0
"29/06/2025";"11:48:00";"245";"Com vítima";"227,000";"BR-116/SP";"Decrescente";"Colisão traseira";1;0;0;0;0;0;0;1;0;0;4;1;0;0;0
"29/06/2025";"13:09:00";"273";"Sem vítima";"116,500";"BR-116/SP";"Decrescente";"Colisão traseira";2;0;0;0;0;0;0;0;0;0;8;0;0;0;0
"29/06/2025";"17:01:00";"388";"Sem vítima";"0,800";"BR-116/SP";"Decrescente";"Choque";0;0;1;0;0;0;0;0;0;0;0;0;0;0;0
"29/06/2025";"17:55:00";"416";"Sem vítima";"147,000";"BR-116/SP";"Decrescente";"Colisão lateral em sentido contrário";1;0;1;0;0;0;0;0;0;0;0;0;0;0;0
"29/06/2025";"18:09:00";"421";"Com vítima";"146,000";"BR-116/SP";"Crescente";"Choque";1;0;0;0;0;0;0;0;0;0;0;0;1;0;0