data;horario;n_da_ocorrencia;tipo_de_ocorrencia;km;trecho;sentido;tipo_de_acidente;automovel;bicicleta;caminhao;moto;onibus;outros;tracao_animal;transporte_de_cargas_especiais;trator_maquinas;utilitarios;ilesos;levemente_feridos;moderadamente_feridos;gravemente_feridos;mortos
"29/06/2025";"18:47:00";"434";"Com vítima";"218,500";"BR-116/SP";"Crescente";"Choque";1;0;0;0;0;0;0;0;0;0;0;1;0;0;0
"29/06/2025";"19:03:00";"438";"Com vítima";"410,100";"BR-101/RJ";"Decrescente";"Atropelamento de pedestre";0;0;0;0;0;0;0;0;0;0;0;1;0;0;1
"29/06/2025";"19:10:00";"439";"Sem vítima";"391,300";"BR-101/RJ";"Crescente";"Colisão traseira";2;0;0;0;0;0;0;0;0;0;1;0;0;0;0
"29/06/2025";"21:03:00";"472";"Com vítima";"480,000";"BR-101/RJ";"Decrescente";"Acidentes de outra natureza";0;0;0;1;0;0;0;0;0;0;0;1;0;0;0
"29/06/2025";"21:32:00";"477";"Sem vítima";"122,700";"BR-116/SP";"Decrescente";"Colisão traseira";1;0;0;0;0;0;0;0;0;0;1;0;0;0;0
"30/06/2025";"02:51:00";"59";"Sem vítima";"483,000";"BR-101/RJ";"Decrescente";"Choque";1;0;0;0;0;0;0;0;0;0;1;0;0;0;0
"30/06/2025";"06:53:00";"159";"Sem vítima";"230,800";"BR-116/RJ";"Crescente";"Colisão lateral em sentido contrário";0;0;2;0;0;0;0;0;0;0;2;0;0;0;0
"30/06/2025";"08:18:00";"254";"Com vítima";"472,000";"BR-101/RJ";"Decrescente";"Acidentes de outra natureza";0;0;0;1;0;0;0;0;0;0;0;1;0;0;0
"30/06/2025";"08:51:00";"287";"Com vítima";"315,654";"BR-116/RJ";"Crescente";"Colisão lateral em sentido contrário";2;0;0;0;0;0;0;0;0;0;0;1;1;0;0
"30/06/2025";"09:19:00";"307";"Com vítima";"458,000";"BR-101/RJ";"Crescente";"Colisão lateral em sentido contrário";1;0;1;0;0;0;0;0;0;0;2;0;0;1;0
"30/06/2025";"09:23:00";"311";"Sem vítima";"35,000";"BR-116/SP";"Decrescente";"Colisão traseira";1;0;1;0;0;0;0;0;0;0;2;0;0;0;0
"30/06/2025";"12:14:00";"396";"Com vítima";"226,800";"BR-116/SP";"Decrescente";"Colisão traseira";0;0;1;1;0;0;0;0;0;0;0;0;0;1;0
"30/06/2025";"12:19:00";"398";"Com vítima";"26,000";"BR-116/SP";"Decrescente";"Colisão traseira";0;0;1;1;0;0;0;0;0;0;1;1;0;0;0
"30/06/2025";"13:01:00";"420";"Sem vítima";"201,000";"BR-116/SP";"Crescente";"Engavetamento";0;0;0;0;0;0;0;0;0;1;1;0;0;0;0
"30/06/2025";"15:03:00";"479";"Com vítima";"293,000";"BR-116/RJ";"Decrescente";"Engavetamento";3;0;0;0;0;0;0;0;0;0;6;0;1;0;0
"30/06/2025";"15:44:00";"504";"Sem vítima";"291,400";"BR-116/RJ";"Decrescente";"Colisão traseira";2;0;0;0;0;0;0;0;0;0;3;0;0;0;0
"30/06/2025";"16:09:00";"515";"Com vítima";"182,000";"BR-116/SP";"Decrescente";"Colisão lateral em sentido contrário";1;0;0;1;0;0;0;0;0;0;1;1;0;0;0
"30/06/2025";"16:27:00";"522";"Com vítima";"146,800";"BR-116/SP";"Decrescente";"Engavetamento";3;0;0;0;0;0;0;0;0;0;5;1;0;0;0
"30/06/2025";"17:25:00";"544";"Com vítima";"496,800";"BR-101/RJ";"Decrescente";"Colisão lateral em sentido contrário";3;0;0;0;0;0;0;0;0;0;0;2;0;0;1
"30/06/2025";"17:30:00";"549";"Sem vítima";"148,500";"BR-116/SP";"Decrescente";"Colisão traseira";2;0;0;0;0;0;0;0;0;0;2;0;0;0;0
"30/06/2025";"18:28:00";"566";"Com vítima";"128,600";"BR-116/SP";"Crescente";"Atropelamento de pedestre";0;0;0;0;0;0;0;0;0;1;1;1;0;0;0
"30/06/2025";"19:34:00";"592";"Com vítima";"147,700";"BR-116/SP";"Decrescente";"Acidentes de outra natureza";0;0;0;1;0;0;0;0;0;0;0;1;0;0;0
"30/06/2025";"21:54:00";"649";"Sem vítima";"480,000";"BR-101/RJ";"Decrescente";"Choque";1;0;0;0;0;0;0;0;0;0;1;0;0;0;0
"30/06/2025";"22:48:00";"660";"Com vítima";"216,900";"BR-116/SP";"Decrescente";"Colisão lateral em sentido contrário";0;0;1;1;0;0;0;0;0;0;1;0;1;0;0
"30/06/2025";"23:14:00";"666";"Com vítima";"289,000";"BR-116/RJ";"Crescente";"Choque";0;0;1;0;1;1;0;1;0;0;2;0;0;2;0
"30/06/2025";"23:59:00";"672";"Com vítima";"22,100";"BR-116/SP";"Crescente";"Tombamento";0;0;0;0;0;0;0;1;0;0;0;0;0;1;0
"01/07/2025";"03:47:00";"67";"Sem vítima";"98,200";"BR-116/SP";"Crescente";"Choque";1;0;1;0;0;0;0;0;0;0;2;0;0;0;0
"01/07/2025";"06:47:00";"167";"Com vítima";"224,800";"BR-116/SP";"Decrescente";"Choque";0;0;0;0;0;0;0;0;0;1;0;0;0;0;1
"01/07/2025";"07:18:00";"210";"Com vítima";"285,800";"BR-116/RJ";"Crescente";"Engavetamento";2;0;1;0;0;0;0;1;0;0;5;2;0;0;0
"01/07/2025";"08:10:00";"271";"Com vítima";"527,000";"BR-101/RJ";"Crescente";"Choque";1;0;0;0;0;0;0;0;0;0;0;1;0;0;0
"01/07/2025";"08:55:00";"321";"Sem vítima";"192,000";"BR-116/SP";"Crescente";"Colisão lateral em sentido contrário";0;0;1;0;0;0;0;0;0;1;3;0;0;0;0
"01/07/2025";"09:10:00";"342";"Sem vítima";"147,500";"BR-116/SP";"Decrescente";"Colisão traseira";1;0;0;0;0;0;0;0;0;1;5;0;0;0;0
"01/07/2025";"09:18:00";"347";"Sem vítima";"285,000";"BR-116/RJ";"Crescente";"Colisão traseira";1;0;0;0;0;0;0;0;0;0;1;0;0;0;0
"01/07/2025";"10:08:00";"394";"Sem vítima";"285,000";"BR-116/RJ";"Crescente";"Colisão traseira";1;0;0;0;0;0;0;0;0;0;1;0;0;0;0
"01/07/2025";"10:13:00";"400";"Com vítima";"227,200";"BR-116/SP";"Decrescente";"Colisão lateral em sentido contrário";1;0;0;0;0;0;0;0;0;0;0;0;0;0;1
"01/07/2025";"10:40:00";"417";"Sem vítima";"288,500";"BR-116/RJ";"Crescente";"Colisão traseira";0;0;1;0;0;0;0;1;0;0;2;0;0;0;0
"01/07/2025";"12:13:00";"481";"Sem vítima";"482,000";"BR-101/RJ";"Decrescente";"Colisão traseira";2;0;0;0;0;0;0;0;0;0;3;0;0;0;0
"01/07/2025";"15:41:00";"615";"Com vítima";"37,000";"BR-101/SP";"Crescente";"Engavetamento";2;0;1;0;0;0;0;0;0;0;2;0;1;1;0
"01/07/2025";"17:13:00";"652";"Com vítima";"154,500";"BR-116/SP";"Decrescente";"Acidentes de outra natureza";0;0;0;1;0;0;0;0;0;0;0;1;0;0;0
"01/07/2025";"17:33:00";"660";"Com vítima";"206,500";"BR-116/SP";"Decrescente";"Colisão traseira";0;0;0;1;0;0;0;0;0;0;0;1;0;0;0
"01/07/2025";"17:51:00";"670";"Com vítima";"225,900";"BR-116/RJ";"Decrescente";"Atropelamento de pedestre";1;0;0;0;0;0;0;0;0;0;1;0;1;0;0
"01/07/2025";"18:09:00";"676";"Sem vítima";"512,200";"BR-101/RJ";"Decrescente";"Colisão lateral em sentido contrário";2;0;0;0;0;0;0;0;0;0;4;0;0;0;0
"01/07/2025";"19:11:00";"708";"Sem vítima";"134,700";"BR-116/SP";"Decrescente";"Colisão lateral em sentido contrário";2;0;0;0;0;0;0;0;0;0;3;0;0;0;0
"01/07/2025";"20:31:00";"735";"Sem vítima";"476,000";"BR-101/RJ";"Crescente";"Capotamento";1;0;0;0;0;0;0;0;0;0;1;0;0;0;0
"01/07/2025";"22:59:00";"775";"Com vítima";"334,500";"BR-116/RJ";"Crescente";"Capotamento";0;0;0;0;0;0;0;1;0;0;0;0;0;1;1
"02/07/2025";"05:05:00";"88";"Com vítima";"220,450";"BR-116/RJ";"Decrescente";"Choque";0;0;1;0;0;0;0;0;0;0;0;1;0;0;0
"02/07/2025";"05:48:00";"106";"Sem vítima";"309,200";"BR-116/RJ";"Crescente";"Colisão lateral em sentido contrário";1;0;0;0;0;0;0;0;0;0;1;0;0;0;0
"02/07/2025";"06:33:00";"151";"Sem vítima";"221,500";"BR-116/SP";"Crescente";"Colisão traseira";1;0;0;0;0;0;0;0;0;0;1;0;0;0;0
"02/07/2025";"07:57:00";"242";"Com vítima";"221,100";"BR-116/SP";"Crescente";"Colisão traseira";1;0;0;1;0;0;0;0;0;0;1;0;1;0;0
"02/07/2025";"08:23:00";"278";"Com vítima";"22,700";"BR-116/SP";"Decrescente";"Acidentes de outra natureza";1;0;0;0;0;0;0;0;0;0;0;1;0;0;0
"02/07/2025";"09:30:00";"349";"Sem vítima";"218,400";"BR-116/SP";"Crescente";"Colisão lateral em sentido contrário";1;0;1;0;0;0;0;0;0;0;2;0;0;0;0
"02/07/2025";"09:48:00";"359";"Sem vítima";"227,400";"BR-116/SP";"Decrescente";"Colisão lateral em sentido contrário";0;0;0;0;0;0;0;1;0;1;2;0;0;0;0
"02/07/2025";"10:15:00";"371";"Com vítima";"316,700";"BR-116/RJ";"Crescente";"Engavetamento";2;0;0;1;0;0;0;0;0;0;3;2;1;0;0
"02/07/2025";"10:28:00";"380";"Com vítima";"505,000";"BR-101/RJ";"Decrescente";"Colisão transversal";1;0;0;1;0;0;0;0;0;0;1;0;1;0;0
"02/07/2025";"12:03:00";"395";"Sem vítima";"435,000";"BR-101/RJ";"Decrescente";"Capotamento";1;0;0;0;0;0;0;0;0;0;1;0;0;0;0
"02/07/2025";"12:45:00";"467";"Com vítima";"67,800";"BR-116/SP";"Crescente";"Acidentes de outra natureza";1;0;0;0;0;0;0;0;0;0;0;0;1;0;0
"02/07/2025";"12:46:00";"470";"Sem vítima";"121,500";"BR-116/SP";"Decrescente";"Colisão lateral em sentido contrário";1;0;0;0;0;0;0;1;0;0;2;0;0;0;0
"02/07/2025";"14:15:00";"525";"Sem vítima";"211,000";"BR-116/SP";"Decrescente";"Engavetamento";2;0;0;0;0;0;0;0;0;1;5;0;0;0;0
"02/07/2025";"22:34:00";"729";"Com vítima";"77,400";"BR-116/SP";"Crescente";"Colisão traseira";1;0;0;1;0;0;0;0;0;0;2;1;0;0;0
"03/07/2025";"00:00:00";"198";"Sem vítima";"330,810";"BR-116/RJ";"Decrescente";"Choque";1;0;0;0;0;0;0;0;0;0;1;0;0;0;0
"03/07/2025";"00:00:00";"578";"Sem vítima";"116,500";"BR-116/SP";"Decrescente";"Colisão traseira";1;0;0;0;0;0;0;0;0;0;5;0;0;0;0
"03/07/2025";"00:00:00";"624";"Com vítima";"142,000";"BR-116/SP";"Crescente";"Acidentes de outra natureza";0;0;0;1;0;0;0;0;0;0;0;1;0;0;0
"03/07/2025";"00:22:00";"627";"Com vítima";"143,800";"BR-116/SP";"Decrescente";"Acidentes de outra natureza";0;0;0;1;0;0;0;0;0;0;0;1;0;0;0
"03/07/2025";"02:54:00";"61";"Sem vítima";"95,800";"BR-116/SP";"Decrescente";"Atropelamento de pedestre";1;0;0;0;0;0;0;0;0;0;1;0;0;0;0
"03/07/2025";"06:58:00";"180";"Sem vítima";"220,000";"BR-116/SP";"Crescente";"Colisão traseira";1;0;0;0;0;0;0;0;0;0;1;0;0;0;0
"03/07/2025";"07:03:00";"184";"Sem vítima";"141,900";"BR-116/SP";"Decrescente";"Colisão traseira";1;0;0;0;0;0;0;0;0;1;0;0;0;0;0
"03/07/2025";"07:16:00";"202";"Com vítima";"216,700";"BR-116/SP";"Crescente";"Engavetamento";3;0;1;0;0;0;0;0;0;0;0;2;0;0;0
"03/07/2025";"07:35:00";"221";"Com vítima";"218,900";"BR-116/SP";"Crescente";"Colisão traseira";0;0;0;2;0;0;0;0;0;0;1;1;0;0;0
"03/07/2025";"08:16:00";"262";"Com vítima";"94,000";"BR-116/SP";"Crescente";"Colisão lateral em sentido contrário";0;0;1;1;0;0;0;0;0;0;1;1;0;0;0
"03/07/2025";"08:46:00";"289";"Com vítima";"150,000";"BR-116/SP";"Crescente";"Colisão traseira";1;0;0;1;0;0;0;0;0;0;1;0;1;0;0
"03/07/2025";"09:26:00";"322";"Sem vítima";"435,700";"BR-101/RJ";"Crescente";"Colisão frontal";1;0;0;0;0;0;0;0;0;0;2;0;0;0;0
"03/07/2025";"11:41:00";"392";"Com vítima";"287,000";"BR-116/RJ";"Crescente";"Choque";1;0;0;0;0;0;0;0;0;0;3;1;0;0;0
"03/07/2025";"11:57:00";"405";"Sem vítima";"336,000";"BR-116/RJ";"Crescente";"Choque";1;0;0;0;0;0;0;0;0;0;0;0;0;0;0
"03/07/2025";"12:37:00";"426";"Com vítima";"48,500";"BR-101/SP";"Decrescente";"Atropelamento de pedestre";1;0;0;0;0;0;0;0;0;0;1;1;0;0;0
"03/07/2025";"13:08:00";"438";"Sem vítima";"30,900";"BR-116/SP";"Crescente";"Tombamento";0;0;1;0;0;0;0;0;0;0;2;0;0;0;0
"03/07/2025";"15:45:00";"513";"Com vítima";"133,500";"BR-116/SP";"Decrescente";"Choque";1;0;0;0;0;0;0;0;0;0;0;2;0;0;0
"03/07/2025";"16:22:00";"529";"Com vítima";"476,000";"BR-101/RJ";"Decrescente";"Acidentes de outra natureza";0;0;0;1;0;0;0;0;0;0;0;1;0;0;0
"03/07/2025";"18:07:00";"592";"Sem vítima";"112,600";"BR-116/SP";"Crescente";"Engavetamento";5;0;0;0;0;0;0;0;0;0;4;0;0;0;0
"03/07/2025";"18:11:00";"593";"Com vítima";"27,600";"BR-116/SP";"Crescente";"Tombamento";0;0;0;0;0;0;0;1;0;0;0;0;1;0;0
"03/07/2025";"18:38:00";"604";"Com vítima";"428,000";"BR-101/RJ";"Decrescente";"Colisão transversal";1;0;1;0;0;0;0;0;0;0;0;0;0;0;1
"03/07/2025";"18:53:00";"610";"Sem vítima";"323,000";"BR-116/RJ";"Decrescente";"Engavetamento";3;0;0;0;0;0;0;0;0;0;3;0;0;0;0
"03/07/2025";"18:55:00";"611";"Sem vítima";"139,000";"BR-116/SP";"Crescente";"Colisão traseira";2;0;0;0;0;0;0;0;0;0;2;0;0;0;0
"03/07/2025";"19:15:00";"623";"Sem vítima";"406,400";"BR-101/RJ";"Crescente";"Engavetamento";2;0;0;0;0;0;0;0;0;0;3;0;0;0;0
"03/07/2025";"19:21:00";"626";"Sem vítima";"297,000";"BR-116/RJ";"Crescente";"Colisão lateral em sentido contrário";1;0;1;0;0;0;0;0;0;0;2;0;0;0;0
"03/07/2025";"19:55:00";"639";"Com vítima";"143,800";"BR-116/SP";"Decrescente";"Acidentes de outra natureza";0;0;0;1;0;0;0;0;0;0;0;1;0;0;0
"03/07/2025";"20:33:00";"653";"Com vítima";"225,200";"BR-116/SP";"Decrescente";"Colisão lateral em sentido contrário";1;0;0;1;0;0;0;0;0;0;1;1;0;0;0
"03/07/2025";"20:45:00";"658";"Sem vítima";"317,200";"BR-116/RJ";"Crescente";"Colisão traseira";1;0;0;1;0;0;0;1;0;0;2;0;0;0;0
"03/07/2025";"21:05:00";"666";"Com vítima";"409,700";"BR-101/RJ";"Decrescente";"Atropelamento de pedestre";1;0;0;0;0;0;0;0;0;0;1;0;1;0;0
"03/07/2025";"22:35:00";"689";"Sem vítima";"477,000";"BR-101/RJ";"Crescente";"Colisão lateral em sentido contrário";2;0;0;0;0;0;0;0;0;0;2;0;0;0;0
"03/07/2025";"22:41:00";"691";"Sem vítima";"59,200";"BR-116/SP";"Crescente";"Colisão lateral em sentido contrário";2;0;0;0;0;0;0;0;0;0;3;0;0;0;0
"03/07/2025";"22:51:00";"694";"Sem vítima";"99,200";"BR-116/SP";"Crescente";"Choque";0;0;1;0;0;0;0;0;0;0;3;0;0;0;0
"04/07/2025";"00:00:00";"619";"Sem vítima";"489,000";"BR-101/RJ";"Decrescente";"Choque";1;0;0;0;0;0;0;0;0;0;0;0;0;0;0
"04/07/2025";"00:22:00";"41";"Com vítima";"101,500";"BR-116/SP";"Decrescente";"Acidentes de outra natureza";0;0;0;1;0;0;0;0;0;0;0;1;0;0;0
"04/07/2025";"02:20:00";"61";"Sem vítima";"215,500";"BR-116/SP";"Crescente";"Choque";0;0;1;0;0;0;0;0;0;0;2;0;0;0;0
"04/07/2025";"07:02:00";"167";"Com vítima";"223,000";"BR-116/SP";"Decrescente";"Choque";0;0;0;2;0;0;0;0;0;0;1;0;1;0;0
"04/07/2025";"08:37:00";"256";"Com vítima";"227,000";"BR-116/SP";"Crescente";"Colisão lateral em sentido contrário";1;0;0;0;0;0;0;0;0;1;1;1;0;0;0
"04/07/2025";"10:18:00";"311";"Sem vítima";"570,000";"BR-101/RJ";"Crescente";"Choque";1;0;0;0;0;0;0;0;0;0;2;0;0;0;0
"04/07/2025";"10:56:00";"333";"Com vítima";"140,000";"BR-116/SP";"Crescente";"Colisão lateral em sentido contrário";0;0;0;1;0;0;0;0;0;0;0;0;1;0;0
"04/07/2025";"11:01:00";"337";"Com vítima";"138,000";"BR-116/SP";"Crescente";"Colisão traseira";0;0;1;1;0;0;0;0;0;0;1;0;1;0;0
"04/07/2025";"12:34:00";"380";"Sem vítima";"165,000";"BR-116/SP";"Decrescente";"Colisão traseira";1;0;1;0;0;0;0;0;0;0;3;0;0;0;0
"04/07/2025";"13:18:00";"403";"Sem vítima";"305,000";"BR-116/RJ";"Crescente";"Colisão traseira";2;0;0;0;0;0;0;0;0;0;2;0;0;0;0
"04/07/2025";"13:36:00";"408";"Sem vítima";"26,800";"BR-116/SP";"Crescente";"Colisão lateral em sentido contrário";1;0;1;0;0;0;0;0;0;0;2;0;0;0;0
"04/07/2025";"13:48:00";"415";"Com vítima";"315,000";"BR-116/RJ";"Decrescente";"Acidentes de outra natureza";0;0;0;1;0;0;0;0;0;0;0;0;1;0;0
"04/07/2025";"13:56:00";"421";"Sem vítima";"155,000";"BR-116/SP";"Crescente";"Colisão lateral em sentido contrário";1;0;1;0;0;0;0;0;0;0;2;0;0;0;0
"04/07/2025";"15:24:00";"461";"Sem vítima";"299,000";"BR-116/RJ";"Crescente";"Engavetamento";3;0;2;0;0;0;0;0;0;0;5;0;0;0;0
"04/07/2025";"16:51:00";"511";"Sem vítima";"147,700";"BR-116/SP";"Decrescente";"Colisão traseira";1;0;0;0;0;0;0;0;0;0;1;0;0;0;0
"04/07/2025";"17:22:00";"527";"Sem vítima";"145,900";"BR-116/SP";"Crescente";"Colisão traseira";0;0;0;1;0;0;0;0;0;0;2;0;0;0;0
"04/07/2025";"17:39:00";"534";"Sem vítima";"116,200";"BR-116/SP";"Decrescente";"Engavetamento";3;0;0;0;0;0;0;0;0;0;4;0;0;0;0
"04/07/2025";"18:07:00";"546";"Com vítima";"142,400";"BR-116/SP";"Crescente";"Colisão lateral em sentido contrário";1;0;0;1;0;0;0;0;0;0;1;1;0;0;0
"04/07/2025";"18:40:00";"561";"Sem vítima";"226,500";"BR-116/SP";"Decrescente";"Colisão lateral em sentido contrário";1;0;1;0;0;0;0;0;0;0;2;0;0;0;0
"04/07/2025";"19:13:00";"578";"Com vítima";"484,000";"BR-101/RJ";"Crescente";"Colisão frontal";2;0;0;0;0;0;0;0;0;0;1;1;0;0;0
"04/07/2025";"19:17:00";"580";"Sem vítima";"113,000";"BR-116/SP";"Decrescente";"Colisão traseira";2;0;0;0;0;0;0;0;0;0;6;0;0;0;0
"04/07/2025";"19:57:00";"590";"Com vítima";"47,600";"BR-101/SP";"Decrescente";"Atropelamento de pedestre";0;0;0;1;0;0;0;0;0;0;0;2;0;0;0
"04/07/2025";"20:00:00";"592";"Sem vítima";"402,200";"BR-101/RJ";"Crescente";"Acidentes de outra natureza";1;0;0;0;0;0;0;0;0;0;3;0;0;0;0
"04/07/2025";"20:11:00";"597";"Com vítima";"226,000";"BR-116/SP";"Decrescente";"Colisão lateral em sentido contrário";1;0;0;1;0;0;0;0;0;0;1;2;0;0;0
"04/07/2025";"20:16:00";"600";"Com vítima";"229,000";"BR-116/SP";"Decrescente";"Colisão lateral em sentido contrário";0;0;1;1;0;0;0;0;0;0;2;0;0;0;1
"04/07/2025";"20:43:00";"607";"Com vítima";"166,900";"BR-116/SP";"Decrescente";"Acidentes de outra natureza";0;0;0;1;0;0;0;0;0;0;0;0;0;0;1
"04/07/2025";"20:54:00";"611";"Sem vítima";"229,000";"BR-116/SP";"Decrescente";"Colisão traseira";2;0;0;0;0;0;0;0;0;0;0;0;0;0;0
"04/07/2025";"23:40:00";"668";"Sem vítima";"463,000";"BR-101/RJ";"Crescente";"Choque";1;0;0;0;0;0;0;0;0;0;1;0;0;0;0
"04/07/2025";"23:48:00";"672";"Com vítima";"391,300";"BR-101/RJ";"Crescente";"Capotamento";1;0;0;0;0;0;0;0;0;0;0;1;0;0;0
"05/07/2025";"01:30:00";"50";"Sem vítima";"44,600";"BR-116/SP";"Decrescente";"Choque";1;0;0;0;0;0;0;0;0;0;0;0;0;0;0
"05/07/2025";"08:09:00";"206";"Com vítima";"154,000";"BR-116/SP";"Decrescente";"Acidentes de outra natureza";0;0;0;1;0;0;0;0;0;0;0;1;0;0;0
"05/07/2025";"08:57:00";"236";"Sem vítima";"224,200";"BR-116/RJ";"Crescente";"Colisão traseira";1;0;1;0;0;0;0;0;0;0;0;0;0;0;0
"05/07/2025";"10:03:00";"269";"Sem vítima";"114,400";"BR-116/SP";"Decrescente";"Colisão traseira";2;0;0;0;0;0;0;0;0;0;8;0;0;0;0
"05/07/2025";"10:13:00";"273";"Sem vítima";"114,400";"BR-116/SP";"Decrescente";"Choque";0;0;0;0;0;0;0;0;0;0;0;0;0;0;0
"05/07/2025";"12:20:00";"334";"Sem vítima";"225,000";"BR-116/SP";"Crescente";"Engavetamento";5;0;0;0;0;0;0;0;0;0;5;0;0;0;0
"05/07/2025";"12:30:00";"342";"Sem vítima";"314,000";"BR-116/RJ";"Decrescente";"Colisão traseira";2;0;0;0;0;1;0;0;0;0;2;0;0;0;0
"05/07/2025";"12:53:00";"352";"Com vítima";"135,800";"BR-116/SP";"Crescente";"Colisão lateral em sentido contrário";1;0;0;1;0;0;0;0;0;0;5;0;1;0;0
"05/07/2025";"13:01:00";"359";"Com vítima";"190,000";"BR-116/SP";"Crescente";"Colisão lateral em sentido contrário";1;0;0;1;0;0;0;0;0;0;4;1;0;0;0
"05/07/2025";"13:07:00";"361";"Sem vítima";"224,950";"BR-116/SP";"Crescente";"Colisão lateral em sentido contrário";1;0;1;0;0;0;0;0;0;0;2;0;0;0;0
"05/07/2025";"13:15:00";"367";"Com vítima";"330,000";"BR-116/RJ";"Crescente";"Engavetamento";4;0;0;0;0;0;0;0;0;0;4;2;0;0;0
"05/07/2025";"13:52:00";"382";"Com vítima";"288,500";"BR-116/RJ";"Decrescente";"Capotamento";1;0;0;0;0;0;0;0;0;0;0;1;0;0;0
"05/07/2025";"15:06:00";"403";"Com vítima";"121,500";"BR-116/SP";"Crescente";"Acidentes de outra natureza";1;0;0;0;0;0;0;0;0;0;0;0;1;0;0
"05/07/2025";"15:45:00";"420";"Com vítima";"474,000";"BR-101/RJ";"Decrescente";"Engavetamento";2;0;0;1;0;0;0;0;0;0;5;2;0;0;0
"05/07/2025";"17:16:00";"449";"Sem vítima";"276,900";"BR-116/RJ";"Decrescente";"Colisão lateral em sentido contrário";2;0;0;0;0;0;0;0;0;0;2;0;0;0;0
"05/07/2025";"18:03:00";"465";"Com vítima";"230,000";"BR-116/RJ";"Decrescente";"Colisão traseira";1;0;0;1;0;0;0;0;0;0;5;1;0;0;0
"05/07/2025";"20:54:00";"525";"Com vítima";"282,100";"BR-116/RJ";"Crescente";"Acidentes de outra natureza";0;0;0;1;0;0;0;0;0;0;0;2;0;0;0
"05/07/2025";"22:51:00";"546";"Com vítima";"219,200";"BR-116/SP";"Crescente";"Colisão traseira";1;0;0;1;0;0;0;0;0;0;4;0;1;0;0
"05/07/2025";"23:28:00";"554";"Sem vítima";"86,500";"BR-116/SP";"Crescente";"Atropelamento de pedestre";1;0;0;0;0;0;0;0;0;0;1;0;0;0;0
"06/07/2025";"02:31:00";"51";"Com vítima";"52,000";"BR-116/SP";"Crescente";"Capotamento";1;0;0;0;0;0;0;0;0;0;1;0;1;0;0
"06/07/2025";"04:50:00";"60";"Sem vítima";"498,000";"BR-101/RJ";"Decrescente";"Atropelamento de pedestre";1;0;0;0;0;0;0;0;0;0;1;0;0;0;0
"06/07/2025";"06:25:00";"76";"Sem vítima";"219,000";"BR-116/SP";"Crescente";"Colisão lateral em sentido contrário";0;0;0;0;0;0;0;0;0;1;2;0;0;0;0
"06/07/2025";"07:00:00";"93";"Com vítima";"224,400";"BR-116/SP";"Crescente";"Engavetamento";2;0;0;1;0;0;0;0;0;0;1;1;1;0;0
"06/07/2025";"09:18:00";"157";"Sem vítima";"231,000";"BR-116/SP";"Crescente";"Choque";0;0;0;0;0;0;0;1;0;0;1;0;0;0;0
"06/07/2025";"09:52:00";"175";"Sem vítima";"279,000";"BR-116/RJ";"Decrescente";"Choque";1;0;0;0;0;0;0;0;0;0;1;0;0;0;0
"06/07/2025";"11:58:00";"234";"Com vítima";"168,600";"BR-116/SP";"Crescente";"Engavetamento";1;0;0;1;0;0;0;1;0;0;1;0;1;0;0
"06/07/2025";"13:55:00";"280";"Com vítima";"562,000";"BR-101/RJ";"Crescente";"Colisão frontal";2;0;0;0;0;0;0;0;0;0;3;4;0;0;0
"06/07/2025";"14:58:00";"298";"Com vítima";"288,000";"BR-116/RJ";"Crescente";"Choque";1;0;0;0;0;0;0;0;0;0;0;1;0;0;0
"06/07/2025";"15:02:00";"301";"Sem vítima";"230,300";"BR-116/SP";"Decrescente";"Colisão lateral em sentido contrário";2;0;0;0;0;0;0;0;0;0;2;0;0;0;0
"06/07/2025";"15:24:00";"311";"Com vítima";"284,000";"BR-116/RJ";"Decrescente";"Colisão lateral em sentido contrário";1;0;0;1;0;0;0;0;0;0;1;0;1;0;0
"06/07/2025";"15:36:00";"314";"Com vítima";"576,000";"BR-101/RJ";"Crescente";"Colisão frontal";1;0;0;1;0;0;0;0;0;0;0;2;0;0;0
"06/07/2025";"15:39:00";"315";"Com vítima";"284,000";"BR-116/RJ";"Decrescente";"Engavetamento";3;0;0;0;0;0;0;0;0;0;3;0;1;0;0
"06/07/2025";"17:43:00";"348";"Com vítima";"333,000";"BR-116/RJ";"Decrescente";"Colisão lateral em sentido contrário";0;0;0;1;0;0;0;0;0;0;0;0;2;0;0
"06/07/2025";"18:40:00";"370";"Com vítima";"282,000";"BR-116/RJ";"Crescente";"Atropelamento de pedestre";1;0;0;0;0;0;0;0;0;0;1;0;0;1;0
"06/07/2025";"20:08:00";"397";"Sem vítima";"138,700";"BR-116/SP";"Decrescente";"Choque";1;0;0;0;0;0;0;0;0;0;2;0;0;0;0
"06/07/2025";"22:02:00";"422";"Sem vítima";"230,000";"BR-116/RJ";"Decrescente";"Colisão lateral em sentido contrário";1;0;1;0;0;0;0;0;0;0;2;0;0;0;0