data;horario;n_da_ocorrencia;tipo_de_ocorrencia;km;trecho;sentido;tipo_de_acidente;automovel;bicicleta;caminhao;moto;onibus;outros;tracao_animal;transporte_de_cargas_especiais;trator_maquinas;utilitarios;ilesos;levemente_feridos;moderadamente_feridos;gravemente_feridos;mortos
"06/07/2025";"22:50:00";"432";"Com vítima";"508,000";"BR-101/RJ";"Decrescente";"Acidentes de outra natureza";0;0;0;1;0;0;0;0;0;0;0;1;0;0;0
"07/07/2025";"00:07:00";"34";"Sem vítima";"393,800";"BR-101/RJ";"Crescente";"Atropelamento de pedestre";1;0;0;0;0;0;0;0;0;0;1;0;0;0;0
"07/07/2025";"00:47:00";"40";"Sem vítima";"53,000";"BR-116/SP";"Decrescente";"Choque";1;0;0;0;0;0;0;0;0;0;1;0;0;0;0
"07/07/2025";"01:18:00";"44";"Com vítima";"224,900";"BR-116/SP";"Decrescente";"Acidentes de outra natureza";0;0;0;1;0;0;0;0;0;0;0;1;0;0;0
"07/07/2025";"01:53:00";"47";"Sem vítima";"472,000";"BR-101/RJ";"Decrescente";"Choque";1;0;0;0;0;0;0;0;0;0;1;0;0;0;0
"07/07/2025";"03:52:00";"60";"Sem vítima";"150,100";"BR-116/SP";"Decrescente";"Choque";1;0;0;0;0;0;0;0;0;0;1;0;0;0;0
"07/07/2025";"04:20:00";"64";"Com vítima";"144,800";"BR-116/SP";"Crescente";"Colisão traseira";1;0;0;0;0;0;0;0;0;0;1;1;0;0;0
"07/07/2025";"04:42:00";"66";"Com vítima";"394,000";"BR-101/RJ";"Crescente";"Atropelamento de pedestre";3;0;0;0;0;0;0;0;0;0;4;1;0;0;0
"07/07/2025";"07:00:00";"158";"Sem vítima";"231,000";"BR-116/SP";"Crescente";"Colisão traseira";0;0;2;0;0;0;0;0;0;0;2;0;0;0;0
"07/07/2025";"07:49:00";"218";"Com vítima";"269,350";"BR-116/RJ";"Decrescente";"Tombamento";0;0;1;0;0;0;0;0;0;0;0;1;0;0;0
"07/07/2025";"08:47:00";"266";"Sem vítima";"487,800";"BR-101/RJ";"Crescente";"Choque";1;0;0;0;0;0;0;0;0;0;1;0;0;0;0
"07/07/2025";"08:58:00";"271";"Com vítima";"514,000";"BR-101/RJ";"Decrescente";"Acidentes de outra natureza";1;0;0;0;0;0;0;0;0;0;0;1;0;0;0
"07/07/2025";"08:59:00";"274";"Com vítima";"385,000";"BR-101/RJ";"Decrescente";"Choque";1;0;1;0;0;0;0;0;0;0;1;1;0;0;0
"07/07/2025";"10:09:00";"321";"Sem vítima";"575,000";"BR-101/RJ";"Decrescente";"Acidentes de outra natureza";0;0;0;1;0;0;0;0;0;0;1;0;0;0;0
"07/07/2025";"10:34:00";"345";"Sem vítima";"317,000";"BR-116/RJ";"Decrescente";"Colisão traseira";0;0;2;0;0;0;0;0;0;0;2;0;0;0;0
"07/07/2025";"11:06:00";"367";"Com vítima";"316,100";"BR-116/RJ";"Decrescente";"Engavetamento";3;0;0;0;0;0;0;0;0;0;2;1;0;0;0
"07/07/2025";"12:28:00";"403";"Sem vítima";"154,600";"BR-116/SP";"Decrescente";"Choque";1;0;0;0;0;0;0;0;0;0;1;0;0;0;0
"07/07/2025";"15:25:00";"495";"Com vítima";"503,000";"BR-101/RJ";"Decrescente";"Atropelamento de pedestre";0;1;0;1;0;0;0;0;0;0;0;0;0;0;0
"07/07/2025";"15:32:00";"498";"Com vítima";"230,800";"BR-116/SP";"Crescente";"Acidentes de outra natureza";0;0;0;1;0;0;0;0;0;0;0;1;0;0;0
"07/07/2025";"16:35:00";"531";"Com vítima";"418,000";"BR-101/RJ";"Crescente";"Acidentes de outra natureza";0;0;0;1;0;0;0;0;0;0;0;2;0;0;0
"07/07/2025";"19:26:00";"591";"Com vítima";"562,000";"BR-101/RJ";"Crescente";"Colisão lateral em sentido contrário";2;0;0;0;0;0;0;0;0;0;3;1;0;0;0
"07/07/2025";"19:57:00";"603";"Sem vítima";"225,500";"BR-116/SP";"Decrescente";"Colisão lateral em sentido contrário";1;0;0;0;0;0;0;1;0;0;2;0;0;0;0
"07/07/2025";"20:24:00";"618";"Com vítima";"224,100";"BR-116/SP";"Decrescente";"Acidentes de outra natureza";0;0;0;1;0;0;0;0;0;0;0;0;1;0;0
"07/07/2025";"20:28:00";"621";"Com vítima";"255,200";"BR-116/RJ";"Decrescente";"Atropelamento de pedestre";2;0;0;0;0;0;0;0;0;0;0;2;0;0;0
"07/07/2025";"21:45:00";"645";"Sem vítima";"150,900";"BR-116/SP";"Decrescente";"Tombamento";0;0;1;0;0;0;0;0;0;0;1;0;0;0;0
"07/07/2025";"23:10:00";"661";"Com vítima";"47,700";"BR-101/SP";"Crescente";"Atropelamento de pedestre";0;1;1;0;0;0;0;0;0;0;0;0;0;0;0
"08/07/2025";"06:13:00";"141";"Com vítima";"86,950";"BR-116/SP";"Crescente";"Choque";0;0;0;1;0;0;0;0;0;0;0;1;0;0;0
"08/07/2025";"06:53:00";"187";"Sem vítima";"65,000";"BR-116/SP";"Crescente";"Colisão lateral em sentido contrário";1;0;0;0;0;0;0;0;0;0;1;0;0;0;0
"08/07/2025";"07:38:00";"242";"Com vítima";"221,000";"BR-116/SP";"Decrescente";"Colisão lateral em sentido contrário";1;0;0;1;0;0;0;0;0;0;1;0;1;0;0
"08/07/2025";"07:42:00";"246";"Com vítima";"314,000";"BR-116/RJ";"Crescente";"Choque";2;0;0;0;0;0;0;0;0;0;2;1;0;0;0
"08/07/2025";"12:32:00";"449";"Com vítima";"456,500";"BR-101/RJ";"Crescente";"Colisão lateral em sentido contrário";0;0;1;1;0;0;0;0;0;0;1;1;1;0;0
"08/07/2025";"12:51:00";"461";"Com vítima";"324,900";"BR-116/RJ";"Decrescente";"Acidentes de outra natureza";0;0;0;1;0;0;0;0;0;0;0;1;0;0;0
"08/07/2025";"13:18:00";"471";"Sem vítima";"158,000";"BR-116/SP";"Decrescente";"Choque";1;0;0;0;0;0;0;0;0;0;1;0;0;0;0
"08/07/2025";"14:20:00";"509";"Com vítima";"231,000";"BR-116/SP";"Crescente";"Colisão traseira";1;0;0;1;0;0;0;0;0;0;2;0;1;0;0
"08/07/2025";"14:50:00";"529";"Sem vítima";"142,100";"BR-116/SP";"Decrescente";"Colisão traseira";2;0;0;0;0;0;0;0;0;0;2;0;0;0;0
"08/07/2025";"16:30:00";"582";"Sem vítima";"315,700";"BR-116/RJ";"Decrescente";"Engavetamento";3;0;0;0;0;0;0;0;0;0;5;0;0;0;0
"08/07/2025";"17:56:00";"613";"Com vítima";"572,800";"BR-101/RJ";"Decrescente";"Atropelamento de pedestre";1;0;0;0;0;0;0;0;0;0;0;0;1;0;0
"08/07/2025";"18:17:00";"624";"Sem vítima";"145,800";"BR-116/SP";"Decrescente";"Colisão lateral em sentido contrário";1;0;1;0;0;0;0;0;0;0;4;0;0;0;0
"08/07/2025";"19:26:00";"654";"Com vítima";"223,000";"BR-116/SP";"Decrescente";"Colisão lateral em sentido contrário";2;0;0;1;0;0;0;0;0;0;2;1;0;0;0
"08/07/2025";"20:22:00";"685";"Com vítima";"223,300";"BR-116/SP";"Decrescente";"Acidentes de outra natureza";0;0;0;1;0;0;0;0;0;0;0;1;0;0;0
"08/07/2025";"21:42:00";"713";"Com vítima";"320,000";"BR-116/RJ";"Decrescente";"Choque";0;0;0;1;0;0;0;0;0;0;0;0;1;0;0
"08/07/2025";"22:00:00";"722";"Com vítima";"408,000";"BR-101/RJ";"Decrescente";"Atropelamento de pedestre";0;1;0;1;0;0;0;0;0;0;0;1;0;0;0
"08/07/2025";"23:49:00";"751";"Sem vítima";"212,500";"BR-116/SP";"Crescente";"Colisão lateral em sentido contrário";1;0;1;0;0;0;0;0;0;0;2;0;0;0;0
"09/07/2025";"00:17:00";"35";"Sem vítima";"147,500";"BR-116/SP";"Crescente";"Choque";1;0;0;0;0;0;0;0;0;0;1;0;0;0;0
"09/07/2025";"04:42:00";"71";"Com vítima";"25,000";"BR-116/SP";"Decrescente";"Colisão traseira";1;0;0;0;0;0;0;0;0;0;0;0;1;0;0
"09/07/2025";"06:44:00";"140";"Com vítima";"411,200";"BR-101/RJ";"Crescente";"Choque";1;0;0;0;0;0;0;0;0;0;0;1;0;0;0
"09/07/2025";"07:19:00";"165";"Com vítima";"146,400";"BR-116/SP";"Crescente";"Colisão traseira";2;0;0;0;0;0;0;0;0;0;3;2;0;0;0
"09/07/2025";"09:33:00";"252";"Com vítima";"111,000";"BR-116/SP";"Decrescente";"Acidentes de outra natureza";0;0;0;1;0;0;0;0;0;0;0;0;1;0;0
"09/07/2025";"11:37:00";"324";"Sem vítima";"473,000";"BR-101/RJ";"Crescente";"Choque";0;0;1;0;0;0;0;0;0;0;2;0;0;0;0
"09/07/2025";"12:41:00";"352";"Sem vítima";"215,000";"BR-116/SP";"Decrescente";"Choque";1;0;0;0;0;0;0;0;0;0;0;0;0;0;0
"09/07/2025";"12:51:00";"356";"Sem vítima";"232,600";"BR-116/RJ";"Decrescente";"Colisão frontal";1;0;1;0;0;0;0;0;0;0;5;0;0;0;0
"09/07/2025";"14:21:00";"380";"Sem vítima";"122,000";"BR-116/SP";"Crescente";"Colisão traseira";1;0;0;0;0;0;0;0;0;0;2;0;0;0;0
"09/07/2025";"15:41:00";"408";"Com vítima";"105,000";"BR-116/SP";"Crescente";"Engavetamento";1;0;0;2;0;0;0;0;0;0;3;0;4;0;0
"09/07/2025";"15:50:00";"414";"Sem vítima";"167,800";"BR-116/SP";"Decrescente";"Choque";1;0;0;0;0;0;0;0;0;0;2;0;0;0;0
"09/07/2025";"16:40:00";"430";"Sem vítima";"267,500";"BR-116/RJ";"Crescente";"Engavetamento";1;0;0;0;1;0;0;0;0;0;26;0;0;0;0
"09/07/2025";"17:38:00";"454";"Sem vítima";"84,500";"BR-116/SP";"Decrescente";"Colisão lateral em sentido contrário";1;0;0;0;0;0;0;0;0;0;1;0;0;0;0
"09/07/2025";"17:42:00";"456";"Com vítima";"300,000";"BR-116/RJ";"Decrescente";"Engavetamento";3;0;0;0;0;0;0;0;0;0;1;3;0;0;0
"09/07/2025";"20:28:00";"506";"Com vítima";"230,800";"BR-116/SP";"Crescente";"Atropelamento de pedestre";0;0;0;0;0;0;0;0;0;0;0;0;0;1;0
"09/07/2025";"21:18:00";"515";"Com vítima";"188,900";"BR-116/SP";"Crescente";"Colisão traseira";0;0;2;0;0;0;0;0;0;0;1;0;1;0;0
"09/07/2025";"22:47:00";"543";"Com vítima";"574,500";"BR-101/RJ";"Decrescente";"Colisão lateral em sentido contrário";0;0;0;1;0;0;0;0;0;0;0;1;0;0;0
"10/07/2025";"00:00:00";"421";"Sem vítima";"474,000";"BR-101/RJ";"Crescente";"Engavetamento";2;0;0;0;0;0;0;0;0;0;3;0;0;0;0
"10/07/2025";"01:37:00";"44";"Com vítima";"311,500";"BR-116/RJ";"Decrescente";"Colisão traseira";1;0;1;0;0;0;0;0;0;0;0;1;0;0;0
"10/07/2025";"04:04:00";"68";"Sem vítima";"227,400";"BR-116/SP";"Decrescente";"Choque";0;0;1;0;0;0;0;0;0;0;1;0;0;0;0
"10/07/2025";"06:07:00";"127";"Sem vítima";"216,000";"BR-116/SP";"Crescente";"Colisão traseira";3;0;0;0;0;0;0;0;0;0;3;0;0;0;0
"10/07/2025";"06:08:00";"128";"Sem vítima";"451,000";"BR-101/RJ";"Decrescente";"Choque";1;0;0;0;0;0;0;0;0;0;4;0;0;0;0
"10/07/2025";"08:08:00";"271";"Sem vítima";"221,500";"BR-116/SP";"Crescente";"Engavetamento";1;0;0;0;0;0;0;0;0;0;1;0;0;0;0
"10/07/2025";"09:44:00";"359";"Sem vítima";"138,500";"BR-116/SP";"Decrescente";"Colisão lateral em sentido contrário";1;0;1;0;0;0;0;0;0;0;3;0;0;0;0
"10/07/2025";"12:48:00";"474";"Com vítima";"489,000";"BR-101/RJ";"Decrescente";"Colisão traseira";0;0;1;1;0;0;0;0;0;0;2;1;0;0;0
"10/07/2025";"13:07:00";"484";"Com vítima";"328,600";"BR-116/RJ";"Decrescente";"Colisão traseira";2;0;0;0;0;0;0;0;0;0;2;1;0;0;0
"10/07/2025";"13:23:00";"500";"Com vítima";"211,700";"BR-116/SP";"Crescente";"Acidentes de outra natureza";0;0;0;1;0;0;0;0;0;0;0;1;0;0;0
"10/07/2025";"13:39:00";"505";"Sem vítima";"328,000";"BR-116/RJ";"Decrescente";"Colisão traseira";2;0;0;0;0;0;0;0;0;0;6;0;0;0;0
"10/07/2025";"13:40:00";"507";"Com vítima";"328,000";"BR-116/RJ";"Decrescente";"Colisão traseira";2;0;0;0;0;0;0;0;0;0;2;3;0;0;0
"10/07/2025";"14:25:00";"531";"Sem vítima";"155,000";"BR-116/SP";"Crescente";"Engavetamento";3;0;0;0;0;0;0;0;0;0;4;0;0;0;0
"10/07/2025";"15:25:00";"564";"Sem vítima";"492,500";"BR-101/RJ";"Crescente";"Colisão lateral em sentido contrário";2;0;0;0;0;0;0;0;0;0;3;0;0;0;0
"10/07/2025";"17:52:00";"644";"Sem vítima";"146,000";"BR-116/SP";"Decrescente";"Engavetamento";2;0;0;0;0;0;0;0;0;0;2;0;0;0;0
"10/07/2025";"18:14:00";"654";"Sem vítima";"157,200";"BR-116/SP";"Decrescente";"Engavetamento";3;0;0;0;0;0;0;0;0;0;3;0;0;0;0
"10/07/2025";"18:38:00";"665";"Com vítima";"472,800";"BR-101/RJ";"Decrescente";"Acidentes de outra natureza";0;0;0;1;0;0;0;0;0;0;0;2;0;0;0
"10/07/2025";"19:18:00";"682";"Com vítima";"223,000";"BR-116/SP";"Decrescente";"Choque";0;0;0;1;0;0;0;0;0;0;0;1;0;0;0
"10/07/2025";"19:48:00";"695";"Sem vítima";"485,000";"BR-101/RJ";"Crescente";"Engavetamento";3;0;0;0;0;0;0;0;0;0;3;0;0;0;0
"10/07/2025";"19:59:00";"698";"Com vítima";"437,500";"BR-101/RJ";"Decrescente";"Capotamento";1;0;0;0;0;0;0;0;0;0;0;1;0;0;0
"11/07/2025";"00:00:00";"674";"Sem vítima";"49,700";"BR-101/SP";"Decrescente";"Colisão traseira";1;0;0;1;0;0;0;0;0;0;1;0;0;0;0
"11/07/2025";"00:41:00";"40";"Sem vítima";"75,000";"BR-116/SP";"Decrescente";"Choque";1;0;0;0;0;0;0;0;0;0;1;0;0;0;0
"11/07/2025";"05:11:00";"94";"Sem vítima";"180,000";"BR-116/SP";"Decrescente";"Colisão lateral em sentido contrário";1;0;1;0;0;0;0;0;0;0;3;0;0;0;0
"11/07/2025";"06:19:00";"141";"Com vítima";"227,500";"BR-116/SP";"Crescente";"Choque";0;0;0;1;0;0;0;0;0;0;0;1;0;0;0
"11/07/2025";"07:56:00";"265";"Sem vítima";"148,500";"BR-116/SP";"Decrescente";"Colisão traseira";1;0;0;0;0;0;0;0;0;0;1;0;0;0;0
"11/07/2025";"08:19:00";"288";"Sem vítima";"298,700";"BR-116/RJ";"Crescente";"Colisão traseira";1;0;0;0;0;0;0;0;0;0;4;0;0;0;0
"11/07/2025";"09:04:00";"318";"Com vítima";"219,800";"BR-116/SP";"Crescente";"Colisão traseira";0;0;0;2;0;0;0;0;0;1;2;1;0;0;0
"11/07/2025";"10:55:00";"409";"Com vítima";"228,000";"BR-116/SP";"Crescente";"Choque";0;0;0;1;0;0;0;0;0;0;0;0;1;0;0
"11/07/2025";"11:21:00";"423";"Sem vítima";"112,200";"BR-116/SP";"Crescente";"Engavetamento";1;0;1;0;0;0;0;0;0;0;1;0;0;0;0
"11/07/2025";"13:55:00";"496";"Sem vítima";"157,000";"BR-116/SP";"Decrescente";"Colisão traseira";2;0;0;0;0;0;0;0;0;0;0;0;0;0;0
"11/07/2025";"14:16:00";"509";"Com vítima";"88,950";"BR-116/SP";"Crescente";"Colisão lateral em sentido contrário";1;0;0;1;0;0;0;0;0;0;3;1;0;0;0
"11/07/2025";"15:02:00";"522";"Sem vítima";"220,000";"BR-116/SP";"Crescente";"Colisão traseira";0;0;0;1;0;0;0;0;0;0;1;0;0;0;0
"11/07/2025";"15:34:00";"544";"Com vítima";"575,000";"BR-101/RJ";"Crescente";"Atropelamento de pedestre";1;1;0;0;0;0;0;0;0;0;2;0;0;0;0
"11/07/2025";"15:40:00";"550";"Sem vítima";"157,000";"BR-116/SP";"Decrescente";"Engavetamento";2;0;0;0;0;0;0;0;0;0;3;0;0;0;0
"11/07/2025";"17:08:00";"598";"Sem vítima";"208,000";"BR-116/SP";"Decrescente";"Engavetamento";1;0;0;0;0;0;0;1;0;1;4;0;0;0;0
"11/07/2025";"17:23:00";"603";"Sem vítima";"144,800";"BR-116/SP";"Decrescente";"Colisão traseira";1;0;0;0;0;0;0;0;0;0;2;0;0;0;0
"11/07/2025";"17:57:00";"615";"Com vítima";"219,200";"BR-116/SP";"Decrescente";"Acidentes de outra natureza";0;0;0;1;0;0;0;0;0;0;0;1;0;0;0
"11/07/2025";"18:10:00";"620";"Com vítima";"37,500";"BR-101/SP";"Crescente";"Atropelamento de pedestre";1;1;0;0;0;0;0;0;0;0;1;0;0;0;0
"11/07/2025";"19:06:00";"654";"Sem vítima";"144,200";"BR-116/SP";"Decrescente";"Colisão traseira";2;0;0;0;0;0;0;0;0;0;2;0;0;0;0
"11/07/2025";"19:22:00";"665";"Com vítima";"218,000";"BR-116/SP";"Crescente";"Colisão lateral em sentido contrário";1;0;0;1;0;0;0;0;0;0;3;2;0;0;0
"11/07/2025";"19:43:00";"675";"Com vítima";"226,600";"BR-116/SP";"Crescente";"Choque";0;0;0;1;0;0;0;0;0;0;0;1;0;0;0
"11/07/2025";"19:57:00";"684";"Com vítima";"218,200";"BR-116/SP";"Decrescente";"Colisão lateral em sentido contrário";0;0;0;1;0;0;0;0;0;0;0;1;0;0;0
"11/07/2025";"20:44:00";"705";"Com vítima";"486,200";"BR-101/RJ";"Crescente";"Colisão traseira";1;0;0;0;1;0;0;0;0;0;0;2;0;0;0
"11/07/2025";"20:56:00";"715";"Sem vítima";"54,800";"BR-116/SP";"Crescente";"Colisão lateral em sentido contrário";1;0;0;0;0;0;0;0;0;0;1;0;0;0;0
"12/07/2025";"00:42:00";"38";"Com vítima";"224,400";"BR-116/SP";"Decrescente";"Choque";0;0;0;1;0;0;0;0;0;0;0;1;0;0;0
"12/07/2025";"05:11:00";"122";"Sem vítima";"385,000";"BR-101/RJ";"Crescente";"Choque";1;0;0;0;0;0;0;0;0;0;1;0;0;0;0
"12/07/2025";"07:27:00";"272";"Sem vítima";"50,800";"BR-101/SP";"Crescente";"Colisão lateral em sentido contrário";2;0;0;0;0;0;0;0;0;0;3;0;0;0;0
"12/07/2025";"08:25:00";"244";"Sem vítima";"123,000";"BR-116/SP";"Decrescente";"Engavetamento";8;0;0;0;0;0;0;0;0;0;23;0;0;0;0
"12/07/2025";"09:53:00";"284";"Sem vítima";"123,000";"BR-116/SP";"Decrescente";"Colisão traseira";2;0;0;0;0;0;0;0;0;0;5;0;0;0;0
"12/07/2025";"10:28:00";"301";"Com vítima";"306,000";"BR-116/RJ";"Decrescente";"Colisão lateral em sentido contrário";1;0;1;0;0;0;0;0;0;0;1;1;0;0;0
"12/07/2025";"10:31:00";"303";"Sem vítima";"123,800";"BR-116/SP";"Decrescente";"Engavetamento";3;0;0;0;0;0;0;0;0;0;3;0;0;0;0
"12/07/2025";"10:54:00";"311";"Sem vítima";"218,000";"BR-116/SP";"Crescente";"Choque";1;0;0;0;0;0;0;0;0;0;2;0;0;0;0
"12/07/2025";"10:57:00";"314";"Sem vítima";"100,450";"BR-116/SP";"Decrescente";"Colisão lateral em sentido contrário";1;0;1;0;0;0;0;0;0;0;2;0;0;0;0
"12/07/2025";"11:08:00";"321";"Com vítima";"100,200";"BR-116/SP";"Decrescente";"Acidentes de outra natureza";0;0;0;1;0;0;0;0;0;0;0;2;0;0;0
"12/07/2025";"13:06:00";"358";"Com vítima";"389,900";"BR-101/RJ";"Decrescente";"Colisão traseira";1;0;0;1;0;0;0;0;0;0;2;0;1;0;0
"12/07/2025";"15:52:00";"424";"Sem vítima";"23,920";"BR-116/SP";"Decrescente";"Choque";1;0;0;0;0;0;0;0;0;0;1;0;0;0;0
"12/07/2025";"16:10:00";"433";"Com vítima";"467,000";"BR-101/RJ";"Decrescente";"Acidentes de outra natureza";0;0;0;1;0;0;0;0;0;0;0;2;0;0;0
"12/07/2025";"17:01:00";"449";"Com vítima";"474,000";"BR-101/RJ";"Crescente";"Atropelamento de pedestre";0;0;0;1;0;0;0;0;0;0;1;0;1;0;0
"12/07/2025";"18:30:00";"486";"Com vítima";"224,000";"BR-116/SP";"Crescente";"Engavetamento";2;0;0;0;0;0;0;0;0;0;2;1;0;0;0
"12/07/2025";"18:56:00";"496";"Com vítima";"152,700";"BR-116/SP";"Decrescente";"Engavetamento";0;0;0;0;0;0;0;0;0;1;1;1;0;0;0
"12/07/2025";"20:07:00";"526";"Com vítima";"93,800";"BR-116/SP";"Crescente";"Colisão frontal";3;0;0;1;0;0;0;0;0;0;5;0;0;1;0
"12/07/2025";"20:10:00";"528";"Com vítima";"428,300";"BR-101/RJ";"Crescente";"Colisão lateral em sentido contrário";1;0;0;1;0;0;0;0;0;0;2;0;2;0;0
"13/07/2025";"00:00:00";"392";"Com vítima";"486,000";"BR-101/RJ";"Crescente";"Colisão lateral em sentido contrário";0;0;0;1;0;0;0;0;0;0;0;1;0;0;0
"13/07/2025";"03:17:00";"56";"Sem vítima";"391,000";"BR-101/RJ";"Crescente";"Atropelamento de pedestre";1;0;0;0;0;0;0;0;0;0;1;0;0;0;0
"13/07/2025";"03:41:00";"59";"Sem vítima";"203,300";"BR-116/SP";"Crescente";"Choque";1;0;0;0;0;0;0;0;0;0;1;0;0;0;0
"13/07/2025";"04:04:00";"61";"Sem vítima";"107,000";"BR-116/SP";"Decrescente";"Choque";1;0;0;0;0;0;0;0;0;0;1;0;0;0;0
"13/07/2025";"06:41:00";"89";"Sem vítima";"310,000";"BR-116/RJ";"Crescente";"Choque";0;0;1;0;0;0;0;0;0;0;0;0;0;0;0
"13/07/2025";"07:13:00";"114";"Sem vítima";"565,000";"BR-101/RJ";"Decrescente";"Choque";1;0;0;0;0;0;0;0;0;0;2;0;0;0;0
"13/07/2025";"07:16:00";"116";"Com vítima";"219,500";"BR-116/SP";"Crescente";"Choque";0;0;1;1;0;0;0;0;0;0;1;0;0;0;2
"13/07/2025";"07:25:00";"121";"Com vítima";"406,000";"BR-101/RJ";"Crescente";"Colisão lateral em sentido contrário";1;0;0;1;0;0;0;0;0;0;1;1;0;0;0
"13/07/2025";"07:52:00";"130";"Sem vítima";"137,800";"BR-116/SP";"Decrescente";"Colisão traseira";2;0;0;0;0;0;0;0;0;0;7;0;0;0;0
"13/07/2025";"10:11:00";"175";"Com vítima";"296,500";"BR-116/RJ";"Crescente";"Acidentes de outra natureza";0;0;0;1;0;0;0;0;0;0;0;2;0;0;0
"13/07/2025";"10:29:00";"180";"Com vítima";"127,000";"BR-116/SP";"Decrescente";"Engavetamento";3;0;0;0;0;0;0;0;0;0;5;1;0;0;0
"13/07/2025";"10:29:00";"181";"Com vítima";"256,100";"BR-116/RJ";"Crescente";"Colisão lateral em sentido contrário";1;0;0;1;0;0;0;0;0;0;1;2;0;0;0
"13/07/2025";"12:49:00";"227";"Com vítima";"75,000";"BR-116/SP";"Crescente";"Engavetamento";1;0;0;1;0;0;0;0;0;0;1;1;1;0;0
"13/07/2025";"13:00:00";"229";"Sem vítima";"157,000";"BR-116/SP";"Decrescente";"Colisão traseira";2;0;0;0;0;0;0;0;0;0;0;0;0;0;0
"13/07/2025";"14:26:00";"252";"Sem vítima";"70,000";"BR-116/SP";"Crescente";"Colisão traseira";2;0;0;0;0;0;0;0;0;0;9;0;0;0;0
"13/07/2025";"16:26:00";"315";"Com vítima";"504,000";"BR-101/RJ";"Crescente";"Colisão lateral em sentido contrário";1;0;0;0;1;0;0;0;0;0;17;1;0;1;0
"13/07/2025";"16:34:00";"319";"Com vítima";"156,900";"BR-116/SP";"Crescente";"Colisão lateral em sentido contrário";1;0;0;1;0;0;0;0;0;0;4;1;1;0;0
"13/07/2025";"17:25:00";"342";"Sem vítima";"74,000";"BR-116/SP";"Crescente";"Engavetamento";2;0;0;0;0;0;0;0;0;0;0;0;0;0;0
"13/07/2025";"18:11:00";"362";"Sem vítima";"505,000";"BR-101/RJ";"Decrescente";"Colisão traseira";2;0;0;0;0;0;0;0;0;0;2;0;0;0;0
"13/07/2025";"18:57:00";"386";"Com vítima";"307,000";"BR-116/RJ";"Decrescente";"Colisão lateral em sentido contrário";2;0;0;0;0;0;0;0;0;0;4;3;0;0;0
"13/07/2025";"19:30:00";"396";"Sem vítima";"143,150";"BR-116/SP";"Decrescente";"Choque";1;0;0;0;0;0;0;0;0;0;1;0;0;0;0
"13/07/2025";"19:31:00";"397";"Sem vítima";"56,800";"BR-116/SP";"Decrescente";"Colisão traseira";1;0;0;0;0;0;0;0;0;0;1;0;0;0;0
"13/07/2025";"20:17:00";"414";"Sem vítima";"105,000";"BR-116/SP";"Crescente";"Colisão traseira";1;0;0;0;0;0;0;0;0;1;2;0;0;0;0
"13/07/2025";"20:29:00";"418";"Sem vítima";"155,200";"BR-116/SP";"Crescente";"Engavetamento";2;0;0;0;0;0;0;0;0;0;6;0;0;0;0
"13/07/2025";"20:36:00";"421";"Sem vítima";"219,300";"BR-116/SP";"Decrescente";"Choque";1;0;0;0;0;0;0;0;0;0;1;0;0;0;0
"13/07/2025";"20:54:00";"426";"Com vítima";"299,700";"BR-116/RJ";"Crescente";"Choque";2;0;1;0;0;0;0;0;0;0;4;0;1;0;0
"14/07/2025";"04:33:00";"73";"Sem vítima";"63,500";"BR-116/SP";"Decrescente";"Atropelamento de pedestre";2;0;0;0;0;0;0;0;0;0;2;0;0;0;0
"14/07/2025";"05:27:00";"527";"Sem vítima";"102,000";"BR-116/SP";"Crescente";"Engavetamento";5;0;0;0;0;0;0;0;0;0;5;0;0;0;0
"14/07/2025";"06:20:00";"127";"Sem vítima";"217,000";"BR-116/RJ";"Crescente";"Colisão traseira";1;0;0;0;1;0;0;0;0;0;47;0;0;0;0
"14/07/2025";"07:44:00";"207";"Sem vítima";"250,000";"BR-116/RJ";"Crescente";"Choque";1;0;0;0;0;0;0;0;0;0;4;0;0;0;0
"14/07/2025";"08:01:00";"221";"Sem vítima";"77,000";"BR-116/SP";"Crescente";"Colisão traseira";1;0;1;0;0;0;0;0;0;0;4;0;0;0;0
"14/07/2025";"08:46:00";"260";"Sem vítima";"194,000";"BR-116/SP";"Crescente";"Acidentes de outra natureza";1;0;0;0;0;0;0;0;0;0;1;0;0;0;0
"14/07/2025";"10:26:00";"325";"Com vítima";"565,000";"BR-101/RJ";"Crescente";"Colisão traseira";0;0;1;1;0;0;0;0;0;0;1;1;0;1;0
"14/07/2025";"12:25:00";"394";"Com vítima";"219,000";"BR-116/SP";"Decrescente";"Colisão lateral em sentido contrário";0;0;0;1;0;0;0;0;0;0;0;1;0;0;0
"14/07/2025";"12:49:00";"401";"Com vítima";"115,000";"BR-116/SP";"Crescente";"Acidentes de outra natureza";0;0;0;1;0;0;0;0;0;0;0;2;0;0;0
"14/07/2025";"14:15:00";"437";"Sem vítima";"291,000";"BR-116/RJ";"Crescente";"Colisão traseira";0;0;2;0;0;0;0;0;0;0;2;0;0;0;0