data;horario;n_da_ocorrencia;tipo_de_ocorrencia;km;trecho;sentido;tipo_de_acidente;automovel;bicicleta;caminhao;moto;onibus;outros;tracao_animal;transporte_de_cargas_especiais;trator_maquinas;utilitarios;ilesos;levemente_feridos;moderadamente_feridos;gravemente_feridos;mortos
"14/07/2025";"16:36:00";"501";"Com vítima";"471,000";"BR-101/RJ";"Decrescente";"Colisão lateral em sentido contrário";0;0;0;1;0;0;0;0;0;0;0;0;1;0;0
"14/07/2025";"18:06:00";"540";"Sem vítima";"232,950";"BR-116/RJ";"Decrescente";"Colisão lateral em sentido contrário";0;0;1;0;1;0;0;0;0;0;45;0;0;0;0
"14/07/2025";"18:08:00";"542";"Sem vítima";"147,800";"BR-116/SP";"Decrescente";"Colisão traseira";2;0;0;0;0;0;0;0;0;0;2;0;0;0;0
"14/07/2025";"18:20:00";"546";"Com vítima";"51,000";"BR-116/SP";"Crescente";"Acidentes de outra natureza";0;0;0;1;0;0;0;0;0;0;0;0;1;0;0
"14/07/2025";"19:27:00";"588";"Com vítima";"223,900";"BR-116/SP";"Crescente";"Colisão lateral em sentido contrário";1;0;0;1;0;0;0;0;0;0;1;0;1;0;0
"14/07/2025";"22:41:00";"654";"Com vítima";"35,200";"BR-116/SP";"Crescente";"Tombamento";1;0;1;0;0;0;0;0;0;0;0;4;0;0;0
"14/07/2025";"23:00:00";"660";"Sem vítima";"31,100";"BR-116/SP";"Decrescente";"Colisão traseira";0;0;1;0;0;0;0;1;0;0;2;0;0;0;0
"15/07/2025";"03:03:00";"303";"Sem vítima";"67,500";"BR-116/SP";"Crescente";"Engavetamento";2;0;0;0;0;0;0;0;0;0;2;0;0;0;0
"15/07/2025";"08:13:00";"238";"Sem vítima";"116,500";"BR-116/SP";"Decrescente";"Colisão traseira";2;0;0;0;0;0;0;0;0;0;2;0;0;0;0
"15/07/2025";"11:35:00";"373";"Sem vítima";"230,000";"BR-116/SP";"Crescente";"Engavetamento";2;0;0;0;0;0;0;0;0;1;3;0;0;0;0
"15/07/2025";"12:06:00";"387";"Sem vítima";"156,700";"BR-116/SP";"Crescente";"Engavetamento";2;0;0;0;0;0;0;0;0;2;7;0;0;0;0
"15/07/2025";"14:57:00";"458";"Sem vítima";"108,700";"BR-116/SP";"Crescente";"Colisão traseira";1;0;1;0;0;0;0;0;0;0;3;0;0;0;0
"15/07/2025";"15:48:00";"481";"Com vítima";"388,000";"BR-101/RJ";"Crescente";"Engavetamento";1;0;0;1;0;0;0;0;0;1;3;0;0;2;0
"15/07/2025";"16:33:00";"505";"Sem vítima";"223,100";"BR-116/SP";"Crescente";"Colisão traseira";2;0;0;0;0;0;0;0;0;0;2;0;0;0;0
"15/07/2025";"17:51:00";"540";"Com vítima";"108,800";"BR-116/SP";"Crescente";"Colisão traseira";1;0;0;1;0;0;0;0;0;0;1;1;0;0;0
"15/07/2025";"18:51:00";"579";"Com vítima";"37,800";"BR-101/SP";"Crescente";"Colisão frontal";2;0;0;0;0;0;0;0;0;0;0;0;1;0;0
"15/07/2025";"18:58:00";"584";"Com vítima";"51,200";"BR-116/SP";"Crescente";"Colisão traseira";1;0;0;1;0;0;0;0;0;0;1;0;1;0;0
"15/07/2025";"19:26:00";"603";"Com vítima";"413,160";"BR-101/RJ";"Crescente";"Colisão traseira";1;0;0;0;0;0;0;0;0;1;1;1;1;0;0
"15/07/2025";"19:35:00";"608";"Sem vítima";"104,100";"BR-116/SP";"Crescente";"Colisão traseira";2;0;0;0;0;0;0;0;0;0;2;0;0;0;0
"15/07/2025";"20:12:00";"625";"Com vítima";"149,000";"BR-116/SP";"Decrescente";"Colisão traseira";1;0;0;1;0;0;0;0;0;0;2;1;0;0;0
"15/07/2025";"21:18:00";"646";"Sem vítima";"213,500";"BR-116/SP";"Crescente";"Colisão traseira";0;0;1;0;0;0;0;1;0;0;2;0;0;0;0
"15/07/2025";"21:30:00";"652";"Com vítima";"212,100";"BR-116/SP";"Crescente";"Engavetamento";2;0;1;0;0;0;0;1;0;0;4;3;0;0;0
"15/07/2025";"21:58:00";"664";"Com vítima";"47,000";"BR-101/SP";"Crescente";"Acidentes de outra natureza";0;0;0;1;0;0;0;0;0;0;0;2;0;0;0
"15/07/2025";"23:24:00";"676";"Com vítima";"77,100";"BR-116/SP";"Crescente";"Acidentes de outra natureza";0;0;0;1;0;0;0;0;0;0;0;1;0;0;0
"15/07/2025";"23:43:00";"677";"Com vítima";"195,000";"BR-116/SP";"Decrescente";"Colisão traseira";1;0;1;0;0;0;0;0;0;0;2;1;0;0;0
"16/07/2025";"00:00:00";"267";"Sem vítima";"146,000";"BR-116/SP";"Decrescente";"Colisão traseira";2;0;0;0;0;0;0;0;0;0;2;0;0;0;0
"16/07/2025";"00:00:00";"488";"Com vítima";"213,300";"BR-116/SP";"Crescente";"Colisão traseira";1;0;1;0;0;0;0;0;0;0;1;1;0;0;0
"16/07/2025";"00:22:00";"35";"Com vítima";"89,050";"BR-116/SP";"Decrescente";"Atropelamento de pedestre";0;0;0;0;0;0;0;0;0;0;0;0;0;0;1
"16/07/2025";"02:41:00";"56";"Com vítima";"214,500";"BR-116/SP";"Decrescente";"Acidentes de outra natureza";0;0;0;1;0;0;0;0;0;0;0;1;0;0;0
"16/07/2025";"03:57:00";"68";"Sem vítima";"574,500";"BR-101/RJ";"Crescente";"Atropelamento de pedestre";0;0;1;0;0;0;0;0;0;0;1;0;0;0;0
"16/07/2025";"07:42:00";"211";"Sem vítima";"144,500";"BR-116/SP";"Decrescente";"Engavetamento";4;0;1;0;0;0;0;0;0;0;12;0;0;0;0
"16/07/2025";"07:47:00";"215";"Com vítima";"408,000";"BR-101/RJ";"Decrescente";"Acidentes de outra natureza";0;0;0;1;0;0;0;0;0;0;0;0;0;1;0
"16/07/2025";"08:04:00";"238";"Com vítima";"209,400";"BR-116/SP";"Decrescente";"Engavetamento";0;0;0;2;0;0;0;0;0;1;2;2;0;0;0
"16/07/2025";"08:13:00";"243";"Com vítima";"212,300";"BR-116/SP";"Crescente";"Colisão traseira";1;0;0;1;0;0;0;0;0;0;1;0;1;0;0
"16/07/2025";"09:37:00";"313";"Sem vítima";"227,250";"BR-116/RJ";"Decrescente";"Colisão traseira";0;0;1;0;1;0;0;0;0;0;1;0;0;0;0
"16/07/2025";"09:45:00";"319";"Sem vítima";"136,000";"BR-116/SP";"Crescente";"Colisão traseira";1;0;0;0;0;0;0;0;0;0;1;0;0;0;0
"16/07/2025";"09:55:00";"322";"Com vítima";"226,900";"BR-116/SP";"Crescente";"Colisão traseira";0;0;0;1;0;0;0;0;0;1;1;1;0;0;0
"16/07/2025";"10:18:00";"346";"Com vítima";"486,100";"BR-101/RJ";"Crescente";"Colisão lateral em sentido contrário";0;0;0;1;0;0;0;0;0;1;0;1;0;0;0
"16/07/2025";"10:56:00";"369";"Sem vítima";"145,000";"BR-116/SP";"Crescente";"Colisão traseira";1;0;0;0;0;0;0;0;0;0;1;0;0;0;0
"16/07/2025";"12:03:00";"405";"Sem vítima";"222,000";"BR-116/SP";"Crescente";"Colisão lateral em sentido contrário";1;0;0;0;0;0;0;1;0;0;2;0;0;0;0
"16/07/2025";"12:13:00";"414";"Com vítima";"314,300";"BR-116/RJ";"Decrescente";"Engavetamento";2;0;1;0;0;0;0;0;0;0;5;1;0;0;0
"16/07/2025";"17:17:00";"574";"Com vítima";"37,500";"BR-101/SP";"Decrescente";"Colisão frontal";2;0;0;0;0;0;0;0;0;0;0;1;1;0;0
"16/07/2025";"17:30:00";"578";"Sem vítima";"155,800";"BR-116/SP";"Crescente";"Colisão lateral em sentido contrário";2;0;0;0;0;0;0;0;0;0;3;0;0;0;0
"16/07/2025";"17:49:00";"593";"Com vítima";"100,800";"BR-116/SP";"Crescente";"Engavetamento";2;0;0;0;0;0;0;0;0;1;7;1;0;0;0
"16/07/2025";"17:54:00";"595";"Sem vítima";"7,650";"BR-116/SP";"Decrescente";"Colisão lateral em sentido contrário";1;0;1;0;0;0;0;0;0;0;1;0;0;0;0
"16/07/2025";"18:40:00";"618";"Sem vítima";"215,700";"BR-116/SP";"Crescente";"Colisão lateral em sentido contrário";2;0;0;0;0;0;0;0;0;0;2;0;0;0;0
"16/07/2025";"19:54:00";"656";"Com vítima";"197,500";"BR-116/SP";"Decrescente";"Colisão traseira";1;0;1;0;0;0;0;0;0;0;2;1;0;0;0
"16/07/2025";"20:54:00";"687";"Com vítima";"533,800";"BR-101/RJ";"Decrescente";"Colisão lateral em sentido contrário";1;0;0;1;0;0;0;0;0;0;0;1;0;0;0
"16/07/2025";"21:25:00";"705";"Com vítima";"217,000";"BR-116/RJ";"Crescente";"Acidentes de outra natureza";0;0;0;1;0;0;0;0;0;0;0;0;1;0;0
"16/07/2025";"23:44:00";"743";"Sem vítima";"468,000";"BR-101/RJ";"Crescente";"Colisão traseira";2;0;0;0;0;0;0;0;0;0;0;0;0;0;0
"16/07/2025";"23:45:00";"744";"Com vítima";"171,300";"BR-116/SP";"Crescente";"Colisão traseira";1;0;0;0;0;0;0;0;0;0;1;0;1;0;0
"17/07/2025";"07:56:00";"208";"Sem vítima";"144,000";"BR-116/SP";"Decrescente";"Engavetamento";3;0;0;0;0;0;0;0;0;0;6;0;0;0;0
"17/07/2025";"08:18:00";"235";"Sem vítima";"93,500";"BR-116/SP";"Decrescente";"Colisão traseira";1;0;0;0;0;0;0;0;0;0;1;0;0;0;0
"17/07/2025";"08:28:00";"245";"Sem vítima";"116,200";"BR-116/SP";"Decrescente";"Colisão traseira";2;0;0;0;0;0;0;0;0;0;2;0;0;0;0
"17/07/2025";"08:40:00";"257";"Com vítima";"483,000";"BR-101/RJ";"Crescente";"Colisão traseira";0;0;1;1;0;0;0;0;0;0;8;0;1;0;0
"17/07/2025";"09:16:00";"291";"Sem vítima";"28,000";"BR-116/SP";"Decrescente";"Colisão traseira";0;0;1;0;0;0;0;0;0;0;1;0;0;0;0
"17/07/2025";"10:25:00";"341";"Sem vítima";"63,000";"BR-116/SP";"Crescente";"Engavetamento";3;0;0;0;0;0;0;0;0;0;6;0;0;0;0
"17/07/2025";"14:01:00";"448";"Com vítima";"215,000";"BR-116/SP";"Crescente";"Acidentes de outra natureza";0;0;0;1;0;0;0;0;0;0;0;1;0;0;0
"17/07/2025";"14:18:00";"457";"Sem vítima";"226,000";"BR-116/SP";"Crescente";"Colisão lateral em sentido contrário";0;0;1;0;1;0;0;0;0;0;2;0;0;0;0
"17/07/2025";"15:04:00";"477";"Sem vítima";"470,000";"BR-101/RJ";"Crescente";"Colisão lateral em sentido contrário";1;0;0;0;0;0;0;0;0;0;1;0;0;0;0
"17/07/2025";"17:22:00";"561";"Sem vítima";"139,600";"BR-116/SP";"Crescente";"Colisão lateral em sentido contrário";1;0;0;0;0;0;0;0;0;0;1;0;0;0;0
"17/07/2025";"18:02:00";"580";"Sem vítima";"203,500";"BR-116/SP";"Decrescente";"Engavetamento";1;0;3;0;0;0;0;0;0;0;5;0;0;0;0
"17/07/2025";"18:05:00";"582";"Sem vítima";"156,200";"BR-116/SP";"Crescente";"Colisão lateral em sentido contrário";1;0;0;0;0;0;0;0;0;0;1;0;0;0;0
"17/07/2025";"18:16:00";"590";"Sem vítima";"115,800";"BR-116/SP";"Decrescente";"Colisão traseira";0;0;1;0;0;0;0;1;0;0;1;0;0;0;0
"17/07/2025";"18:45:00";"601";"Com vítima";"38,000";"BR-101/SP";"Decrescente";"Colisão frontal";2;0;0;0;0;0;0;0;0;0;0;4;1;0;0
"17/07/2025";"19:20:00";"615";"Sem vítima";"120,500";"BR-116/SP";"Decrescente";"Engavetamento";2;0;0;0;0;0;0;0;0;0;5;0;0;0;0
"17/07/2025";"20:36:00";"657";"Com vítima";"415,500";"BR-101/RJ";"Crescente";"Capotamento";1;0;0;1;0;0;0;0;0;0;0;0;1;0;1
"17/07/2025";"21:43:00";"683";"Com vítima";"149,700";"BR-116/SP";"Crescente";"Choque";1;0;0;0;0;0;0;0;0;0;0;1;0;0;0
"17/07/2025";"23:44:00";"720";"Com vítima";"269,300";"BR-116/RJ";"Crescente";"Acidentes de outra natureza";0;0;1;0;0;0;0;0;0;0;0;1;0;0;0
"17/07/2025";"23:51:00";"724";"Sem vítima";"163,200";"BR-116/SP";"Decrescente";"Choque";0;0;1;0;0;0;0;0;0;0;1;0;0;0;0
"18/07/2025";"04:42:00";"63";"Sem vítima";"213,450";"BR-116/SP";"Crescente";"Colisão traseira";1;0;1;0;0;0;0;0;0;0;0;0;0;0;0
"18/07/2025";"06:27:00";"129";"Com vítima";"124,000";"BR-116/SP";"Decrescente";"Colisão traseira";1;0;1;0;0;0;0;0;0;0;2;1;0;0;0
"18/07/2025";"06:36:00";"137";"Sem vítima";"228,000";"BR-116/RJ";"Decrescente";"Choque";1;0;0;0;0;0;0;0;0;0;4;0;0;0;0
"18/07/2025";"07:14:00";"183";"Com vítima";"113,000";"BR-116/SP";"Crescente";"Colisão lateral em sentido contrário";0;0;0;1;0;0;0;0;0;0;0;1;0;0;0
"18/07/2025";"07:48:00";"212";"Sem vítima";"147,000";"BR-116/SP";"Crescente";"Colisão traseira";2;0;0;0;0;0;0;0;0;0;2;0;0;0;0
"18/07/2025";"07:57:00";"222";"Com vítima";"218,000";"BR-116/SP";"Crescente";"Colisão lateral em sentido contrário";1;0;0;1;0;0;0;0;0;0;2;1;0;0;0
"18/07/2025";"09:01:00";"282";"Com vítima";"387,000";"BR-101/RJ";"Crescente";"Colisão lateral em sentido contrário";1;0;0;1;0;0;0;0;0;0;1;2;0;0;0
"18/07/2025";"09:15:00";"292";"Com vítima";"145,000";"BR-116/SP";"Crescente";"Colisão lateral em sentido contrário";1;0;0;1;0;0;0;0;0;0;1;1;0;0;0
"18/07/2025";"09:23:00";"298";"Sem vítima";"224,000";"BR-116/SP";"Crescente";"Colisão lateral em sentido contrário";1;0;1;0;0;0;0;0;0;0;2;0;0;0;0
"18/07/2025";"09:54:00";"269";"Sem vítima";"140,400";"BR-116/SP";"Crescente";"Colisão traseira";1;0;0;0;0;0;0;0;0;0;1;0;0;0;0
"18/07/2025";"09:58:00";"328";"Sem vítima";"136,000";"BR-116/SP";"Crescente";"Colisão lateral em sentido contrário";1;0;2;0;0;0;0;0;0;0;0;0;0;0;0
"18/07/2025";"12:12:00";"404";"Sem vítima";"165,200";"BR-116/SP";"Decrescente";"Colisão traseira";1;0;1;0;0;0;0;0;0;0;2;0;0;0;0
"18/07/2025";"12:14:00";"405";"Com vítima";"95,000";"BR-116/SP";"Decrescente";"Engavetamento";2;0;0;0;0;0;0;0;0;0;3;1;0;0;0
"18/07/2025";"12:51:00";"419";"Com vítima";"228,000";"BR-116/SP";"Crescente";"Acidentes de outra natureza";0;0;0;1;0;0;0;0;0;0;0;0;1;0;0
"18/07/2025";"13:13:00";"430";"Sem vítima";"423,000";"BR-101/RJ";"Decrescente";"Choque";0;0;0;0;0;0;0;0;0;1;1;0;0;0;0
"18/07/2025";"13:14:00";"431";"Com vítima";"226,000";"BR-116/RJ";"Crescente";"Colisão lateral em sentido contrário";1;0;0;0;0;0;0;1;0;0;4;1;0;0;0
"18/07/2025";"13:15:00";"432";"Sem vítima";"119,000";"BR-116/SP";"Decrescente";"Engavetamento";1;0;0;0;0;0;0;0;0;0;1;0;0;0;0
"18/07/2025";"14:41:00";"480";"Sem vítima";"156,000";"BR-116/SP";"Crescente";"Engavetamento";1;0;0;0;0;0;0;1;0;0;3;0;0;0;0
"18/07/2025";"15:35:00";"513";"Com vítima";"315,800";"BR-116/RJ";"Decrescente";"Engavetamento";1;0;0;1;0;0;0;0;0;0;1;1;0;0;0
"18/07/2025";"15:55:00";"531";"Com vítima";"156,000";"BR-116/SP";"Crescente";"Colisão lateral em sentido contrário";1;0;0;1;0;0;0;0;0;0;1;1;0;0;0
"18/07/2025";"16:10:00";"540";"Sem vítima";"96,000";"BR-116/SP";"Decrescente";"Choque";1;0;0;0;0;0;0;0;0;0;1;0;0;0;0
"18/07/2025";"16:10:00";"541";"Sem vítima";"155,000";"BR-116/SP";"Crescente";"Engavetamento";3;0;0;0;0;0;0;0;0;0;3;0;0;0;0
"18/07/2025";"17:20:00";"581";"Sem vítima";"471,600";"BR-101/RJ";"Decrescente";"Choque";1;0;0;0;0;0;0;0;0;0;1;0;0;0;0
"18/07/2025";"18:29:00";"613";"Com vítima";"111,000";"BR-116/SP";"Crescente";"Engavetamento";2;0;1;0;0;0;0;0;0;0;5;1;0;0;0
"18/07/2025";"19:21:00";"638";"Com vítima";"114,900";"BR-116/SP";"Crescente";"Acidentes de outra natureza";0;0;0;1;0;0;0;0;0;0;0;1;0;0;0
"18/07/2025";"19:26:00";"642";"Com vítima";"227,800";"BR-116/SP";"Crescente";"Acidentes de outra natureza";0;0;0;1;0;0;0;0;0;0;0;1;0;0;0
"18/07/2025";"19:50:00";"656";"Sem vítima";"225,600";"BR-116/RJ";"Crescente";"Colisão traseira";0;0;2;0;0;0;0;0;0;0;3;0;0;0;0
"18/07/2025";"19:55:00";"659";"Com vítima";"60,300";"BR-116/SP";"Crescente";"Choque";1;0;0;0;0;0;0;0;0;0;0;1;0;0;0
"18/07/2025";"22:15:00";"717";"Com vítima";"201,000";"BR-116/SP";"Decrescente";"Colisão lateral em sentido contrário";0;0;0;1;0;0;0;0;0;0;0;0;1;0;0
"18/07/2025";"23:07:00";"727";"Sem vítima";"203,100";"BR-116/SP";"Crescente";"Choque";0;0;1;0;0;0;0;0;0;0;1;0;0;0;0
"19/07/2025";"06:01:00";"115";"Com vítima";"145,900";"BR-116/SP";"Crescente";"Colisão traseira";1;0;0;1;0;0;0;0;0;0;1;0;1;0;0
"19/07/2025";"06:43:00";"132";"Sem vítima";"145,900";"BR-116/SP";"Crescente";"Colisão lateral em sentido contrário";2;0;0;0;0;0;0;0;0;0;2;0;0;0;0
"19/07/2025";"06:44:00";"134";"Com vítima";"36,600";"BR-116/SP";"Decrescente";"Colisão traseira";2;0;0;0;0;0;0;0;0;0;1;1;0;0;0
"19/07/2025";"07:21:00";"165";"Com vítima";"25,200";"BR-116/SP";"Decrescente";"Acidentes de outra natureza";0;0;0;1;0;0;0;0;0;0;0;1;0;0;0
"19/07/2025";"08:07:00";"202";"Com vítima";"116,500";"BR-116/SP";"Decrescente";"Engavetamento";2;0;1;0;0;0;0;0;0;0;2;0;1;0;0
"19/07/2025";"08:17:00";"208";"Sem vítima";"224,800";"BR-116/SP";"Crescente";"Colisão traseira";2;0;0;0;0;0;0;0;0;0;4;0;0;0;0
"19/07/2025";"08:31:00";"213";"Com vítima";"224,200";"BR-116/SP";"Crescente";"Colisão lateral em sentido contrário";1;0;0;1;0;0;0;0;0;0;2;1;0;0;0
"19/07/2025";"08:56:00";"225";"Com vítima";"392,000";"BR-101/RJ";"Decrescente";"Capotamento";1;0;0;0;0;0;0;0;0;0;0;0;1;0;0
"19/07/2025";"09:01:00";"228";"Com vítima";"227,600";"BR-116/SP";"Crescente";"Engavetamento";3;0;0;0;0;0;0;0;0;0;2;1;0;0;0
"19/07/2025";"09:47:00";"246";"Com vítima";"505,050";"BR-101/RJ";"Crescente";"Colisão frontal";1;0;0;1;0;0;0;0;0;0;1;0;2;0;0
"19/07/2025";"11:17:00";"283";"Com vítima";"215,100";"BR-116/SP";"Crescente";"Colisão lateral em sentido contrário";1;0;0;1;0;0;0;0;0;0;2;2;0;0;0
"19/07/2025";"11:22:00";"287";"Sem vítima";"225,000";"BR-116/SP";"Decrescente";"Colisão traseira";2;0;0;0;0;0;0;0;0;0;8;0;0;0;0
"19/07/2025";"11:46:00";"301";"Sem vítima";"127,900";"BR-116/SP";"Decrescente";"Choque";1;0;0;0;0;0;0;0;0;0;1;0;0;0;0
"19/07/2025";"18:23:00";"479";"Sem vítima";"217,300";"BR-116/SP";"Decrescente";"Colisão traseira";1;0;0;0;0;0;0;0;0;0;1;0;0;0;0
"19/07/2025";"19:27:00";"516";"Com vítima";"144,200";"BR-116/SP";"Decrescente";"Acidentes de outra natureza";0;0;0;1;0;0;0;0;0;0;0;1;0;0;0
"19/07/2025";"19:54:00";"532";"Sem vítima";"219,000";"BR-116/SP";"Decrescente";"Colisão traseira";1;0;0;1;0;0;0;0;0;0;6;0;0;0;0
"19/07/2025";"21:52:00";"566";"Com vítima";"202,500";"BR-116/SP";"Decrescente";"Colisão traseira";2;0;0;0;0;0;0;0;0;0;1;5;0;1;0
"20/07/2025";"05:00:00";"80";"Com vítima";"193,800";"BR-116/SP";"Decrescente";"Colisão frontal";1;0;0;0;0;0;0;0;0;1;1;0;0;0;1
"20/07/2025";"05:44:00";"88";"Sem vítima";"252,200";"BR-116/RJ";"Decrescente";"Capotamento";1;0;0;0;0;0;0;0;0;0;3;0;0;0;0
"20/07/2025";"07:58:00";"161";"Sem vítima";"151,900";"BR-116/SP";"Crescente";"Capotamento";1;0;0;0;0;0;0;0;0;0;3;0;0;0;0
"20/07/2025";"08:48:00";"188";"Com vítima";"60,300";"BR-116/SP";"Decrescente";"Capotamento";1;0;0;0;0;0;0;0;0;0;0;2;0;0;0
"20/07/2025";"11:30:00";"255";"Sem vítima";"112,000";"BR-116/SP";"Decrescente";"Colisão traseira";1;0;0;0;0;0;0;0;0;0;4;0;0;0;0
"20/07/2025";"11:30:00";"256";"Sem vítima";"152,500";"BR-116/SP";"Crescente";"Engavetamento";5;0;0;0;0;0;0;0;0;0;10;0;0;0;0
"20/07/2025";"12:26:00";"267";"Sem vítima";"74,000";"BR-116/SP";"Crescente";"Acidentes de outra natureza";0;0;0;1;0;0;0;0;0;0;1;0;0;0;0
"20/07/2025";"16:33:00";"370";"Sem vítima";"408,000";"BR-101/RJ";"Decrescente";"Colisão traseira";1;0;0;1;0;0;0;0;0;0;2;0;0;0;0
"20/07/2025";"17:02:00";"384";"Sem vítima";"285,000";"BR-116/RJ";"Decrescente";"Engavetamento";2;0;0;0;1;0;0;0;0;0;49;0;0;0;0
"20/07/2025";"17:19:00";"387";"Com vítima";"151,100";"BR-116/SP";"Crescente";"Acidentes de outra natureza";1;0;0;0;0;0;0;0;0;0;0;2;0;0;0
"20/07/2025";"18:58:00";"436";"Com vítima";"532,500";"BR-101/RJ";"Crescente";"Colisão frontal";1;0;0;1;0;0;0;0;0;0;3;1;0;0;0
"20/07/2025";"19:08:00";"442";"Sem vítima";"227,700";"BR-116/SP";"Crescente";"Engavetamento";2;0;0;0;0;0;0;1;0;0;3;0;0;0;0
"20/07/2025";"20:20:00";"477";"Com vítima";"159,000";"BR-116/SP";"Decrescente";"Colisão lateral em sentido contrário";1;0;0;1;0;0;0;0;0;0;0;2;1;0;0
"20/07/2025";"20:30:00";"481";"Com vítima";"88,500";"BR-116/SP";"Crescente";"Colisão traseira";2;0;0;0;0;0;0;0;0;0;1;1;0;0;0
"20/07/2025";"20:34:00";"482";"Sem vítima";"308,000";"BR-116/RJ";"Crescente";"Choque";1;0;0;0;0;0;0;0;0;0;1;0;0;0;0
"20/07/2025";"20:44:00";"486";"Sem vítima";"308,000";"BR-116/RJ";"Crescente";"Colisão traseira";2;0;0;0;0;0;0;0;0;0;6;0;0;0;0
"20/07/2025";"21:10:00";"496";"Com vítima";"53,900";"BR-116/SP";"Crescente";"Acidentes de outra natureza";0;0;0;1;0;0;0;0;0;0;0;1;0;0;0
"20/07/2025";"21:44:00";"504";"Sem vítima";"574,500";"BR-101/RJ";"Crescente";"Choque";1;0;0;0;0;0;0;0;0;0;1;0;0;0;0
"20/07/2025";"22:10:00";"516";"Com vítima";"504,300";"BR-101/RJ";"Crescente";"Colisão traseira";1;0;0;1;0;0;0;0;0;0;2;0;4;0;0
"21/07/2025";"03:32:00";"63";"Com vítima";"213,700";"BR-116/SP";"Decrescente";"Engavetamento";3;0;0;0;0;0;0;0;0;0;5;1;1;2;0
"21/07/2025";"05:16:00";"88";"Sem vítima";"397,200";"BR-101/RJ";"Decrescente";"Acidentes de outra natureza";0;0;0;1;0;0;0;0;0;0;1;0;0;0;0
"21/07/2025";"07:07:00";"191";"Com vítima";"68,900";"BR-116/SP";"Decrescente";"Acidentes de outra natureza";0;0;0;1;0;0;0;0;0;0;0;0;1;0;0
"21/07/2025";"07:19:00";"209";"Sem vítima";"145,500";"BR-116/SP";"Decrescente";"Colisão frontal";1;0;1;0;0;0;0;0;0;0;2;0;0;0;0
"21/07/2025";"10:44:00";"402";"Com vítima";"236,000";"BR-116/RJ";"Crescente";"Colisão lateral em sentido contrário";1;0;1;0;0;0;0;0;0;0;0;2;0;0;0
"21/07/2025";"14:02:00";"500";"Sem vítima";"106,000";"BR-116/SP";"Decrescente";"Acidentes de outra natureza";0;0;0;1;0;0;0;0;0;0;1;0;0;0;0
"21/07/2025";"15:10:00";"536";"Com vítima";"216,000";"BR-116/SP";"Crescente";"Choque";0;0;0;1;0;0;0;0;0;1;1;0;1;0;0
"21/07/2025";"15:30:00";"548";"Com vítima";"305,600";"BR-116/RJ";"Decrescente";"Engavetamento";4;0;0;0;0;0;0;0;0;0;3;1;0;0;0
"21/07/2025";"15:49:00";"555";"Com vítima";"227,000";"BR-116/SP";"Decrescente";"Acidentes de outra natureza";0;0;0;1;0;0;0;0;0;0;0;1;0;0;0
"21/07/2025";"16:27:00";"577";"Sem vítima";"312,000";"BR-116/RJ";"Decrescente";"Colisão traseira";2;0;0;0;0;0;0;0;0;0;2;0;0;0;0
"21/07/2025";"18:22:00";"615";"Com vítima";"510,850";"BR-101/RJ";"Crescente";"Acidentes de outra natureza";0;0;0;1;0;0;0;0;0;0;0;0;1;0;0
"21/07/2025";"19:13:00";"644";"Sem vítima";"145,800";"BR-116/SP";"Decrescente";"Colisão traseira";1;0;0;0;0;0;0;0;0;0;1;0;0;0;0
"21/07/2025";"19:16:00";"645";"Sem vítima";"224,200";"BR-116/SP";"Decrescente";"Acidentes de outra natureza";0;0;0;1;0;0;0;0;0;0;0;0;0;0;0
"21/07/2025";"19:18:00";"647";"Sem vítima";"158,100";"BR-116/SP";"Crescente";"Colisão lateral em sentido contrário";1;0;1;0;0;0;0;0;0;0;2;0;0;0;0
"21/07/2025";"21:21:00";"705";"Com vítima";"485,200";"BR-101/RJ";"Decrescente";"Acidentes de outra natureza";0;0;0;1;0;0;0;0;0;0;0;0;1;0;0
"21/07/2025";"21:47:00";"716";"Com vítima";"484,000";"BR-101/RJ";"Decrescente";"Colisão frontal";1;0;0;1;0;0;0;0;0;0;2;1;0;0;0
"21/07/2025";"22:21:00";"722";"Sem vítima";"30,200";"BR-116/SP";"Crescente";"Colisão traseira";0;0;0;0;0;0;0;0;0;1;1;0;0;0;0
"21/07/2025";"23:38:00";"741";"Com vítima";"227,600";"BR-116/SP";"Crescente";"Choque";2;0;0;1;0;0;0;0;0;0;2;2;0;0;0
"22/07/2025";"05:09:00";"90";"Com vítima";"218,650";"BR-116/SP";"Crescente";"Colisão traseira";1;0;0;0;0;0;0;0;0;1;1;2;0;0;0
"22/07/2025";"07:47:00";"218";"Sem vítima";"108,000";"BR-116/SP";"Crescente";"Colisão traseira";1;0;0;1;0;0;0;0;0;0;3;0;0;0;0