data;horario;n_da_ocorrencia;tipo_de_ocorrencia;km;trecho;sentido;tipo_de_acidente;automovel;bicicleta;caminhao;moto;onibus;outros;tracao_animal;transporte_de_cargas_especiais;trator_maquinas;utilitarios;ilesos;levemente_feridos;moderadamente_feridos;gravemente_feridos;mortos
"22/07/2025";"08:01:00";"231";"Com vítima";"108,000";"BR-116/SP";"Crescente";"Colisão traseira";2;0;0;0;0;0;0;0;0;0;2;1;0;0;0
"22/07/2025";"08:21:00";"254";"Com vítima";"147,900";"BR-116/SP";"Crescente";"Colisão lateral em sentido contrário";3;0;0;0;0;0;0;0;0;0;1;1;0;0;0
"22/07/2025";"09:11:00";"308";"Com vítima";"228,000";"BR-116/SP";"Crescente";"Engavetamento";1;0;0;1;1;0;0;0;0;0;3;0;1;0;0
"22/07/2025";"09:33:00";"325";"Com vítima";"310,500";"BR-116/RJ";"Decrescente";"Colisão traseira";0;0;2;0;0;0;0;0;0;0;1;1;0;0;0
"22/07/2025";"09:37:00";"326";"Sem vítima";"105,700";"BR-116/SP";"Crescente";"Colisão traseira";0;0;1;0;0;0;0;0;0;0;1;0;0;0;0
"22/07/2025";"10:57:00";"376";"Com vítima";"194,500";"BR-116/SP";"Crescente";"Colisão traseira";1;0;0;0;0;0;0;0;0;0;0;2;0;0;0
"22/07/2025";"11:48:00";"396";"Com vítima";"482,000";"BR-101/RJ";"Decrescente";"Colisão lateral em sentido contrário";1;0;0;1;0;0;0;0;0;0;1;2;0;0;0
"22/07/2025";"12:11:00";"414";"Sem vítima";"225,800";"BR-116/SP";"Decrescente";"Choque";0;0;0;0;0;0;0;1;0;0;2;0;0;0;0
"22/07/2025";"13:19:00";"454";"Com vítima";"39,000";"BR-116/SP";"Decrescente";"Acidentes de outra natureza";0;0;0;1;0;0;0;0;0;0;0;0;1;0;0
"22/07/2025";"14:27:00";"502";"Sem vítima";"533,000";"BR-101/RJ";"Decrescente";"Colisão traseira";1;0;0;0;0;0;0;0;0;0;1;0;0;0;0
"22/07/2025";"15:31:00";"546";"Com vítima";"387,000";"BR-101/RJ";"Decrescente";"Acidentes de outra natureza";0;0;0;1;0;0;0;0;0;0;0;0;1;0;0
"22/07/2025";"16:01:00";"562";"Sem vítima";"104,900";"BR-116/SP";"Crescente";"Colisão traseira";1;0;0;0;0;0;0;0;0;0;1;0;0;0;0
"22/07/2025";"18:16:00";"636";"Com vítima";"456,000";"BR-101/RJ";"Decrescente";"Atropelamento de pedestre";0;0;0;1;0;0;0;0;0;0;0;1;1;0;0
"22/07/2025";"19:09:00";"670";"Com vítima";"482,000";"BR-101/RJ";"Crescente";"Colisão lateral em sentido contrário";1;0;0;1;0;0;0;0;0;0;0;2;0;0;0
"23/07/2025";"07:16:00";"183";"Sem vítima";"99,250";"BR-116/SP";"Decrescente";"Colisão traseira";1;0;0;0;0;0;0;0;0;0;2;0;0;0;0
"23/07/2025";"09:05:00";"301";"Sem vítima";"142,000";"BR-116/SP";"Crescente";"Colisão lateral em sentido contrário";1;0;1;0;0;0;0;0;0;0;2;0;0;0;0
"23/07/2025";"09:48:00";"341";"Sem vítima";"221,000";"BR-116/SP";"Crescente";"Colisão lateral em sentido contrário";1;0;0;0;0;0;0;0;0;0;1;0;0;0;0
"23/07/2025";"10:30:00";"386";"Sem vítima";"304,000";"BR-116/RJ";"Decrescente";"Tombamento";0;0;1;0;0;0;0;0;0;0;1;0;0;0;0
"23/07/2025";"12:07:00";"448";"Sem vítima";"166,000";"BR-116/SP";"Crescente";"Colisão lateral em sentido contrário";0;0;2;0;0;0;0;0;0;0;2;0;0;0;0
"23/07/2025";"12:28:00";"460";"Sem vítima";"5,000";"BR-116/SP";"Decrescente";"Colisão lateral em sentido contrário";1;0;1;0;0;0;0;0;0;0;2;0;0;0;0
"23/07/2025";"13:02:00";"476";"Com vítima";"217,000";"BR-116/SP";"Crescente";"Colisão traseira";1;0;0;1;0;0;0;0;0;0;1;0;1;0;0
"23/07/2025";"13:09:00";"483";"Com vítima";"224,000";"BR-116/SP";"Crescente";"Choque";0;0;0;1;0;0;0;0;0;0;0;1;0;0;0
"23/07/2025";"13:36:00";"497";"Sem vítima";"53,000";"BR-116/SP";"Decrescente";"Choque";1;0;0;0;0;0;0;0;0;0;1;0;0;0;0
"23/07/2025";"14:29:00";"526";"Sem vítima";"219,000";"BR-116/SP";"Decrescente";"Colisão traseira";1;0;1;0;0;0;0;0;0;0;3;0;0;0;0
"23/07/2025";"15:49:00";"564";"Sem vítima";"224,000";"BR-116/RJ";"Decrescente";"Choque";0;0;0;0;0;0;0;0;0;1;1;0;0;0;0
"23/07/2025";"19:55:00";"682";"Sem vítima";"143,700";"BR-116/SP";"Decrescente";"Colisão traseira";2;0;0;0;0;0;0;0;0;0;5;0;0;0;0
"23/07/2025";"20:01:00";"685";"Sem vítima";"145,000";"BR-116/SP";"Decrescente";"Colisão traseira";2;0;0;0;0;0;0;0;0;0;2;0;0;0;0
"23/07/2025";"22:49:00";"743";"Sem vítima";"386,200";"BR-101/RJ";"Decrescente";"Choque";1;0;0;0;0;0;0;0;0;0;0;0;0;0;0
"24/07/2025";"00:00:00";"52";"Com vítima";"302,000";"BR-116/RJ";"Crescente";"Engavetamento";2;0;0;0;0;0;0;1;0;1;0;1;0;0;0
"24/07/2025";"03:35:00";"60";"Sem vítima";"219,100";"BR-116/RJ";"Crescente";"Atropelamento de pedestre";0;0;0;0;0;0;0;0;0;1;1;0;0;0;0
"24/07/2025";"05:20:00";"80";"Sem vítima";"224,000";"BR-116/SP";"Crescente";"Engavetamento";1;0;2;0;0;0;0;0;0;0;4;0;0;0;0
"24/07/2025";"06:24:00";"124";"Com vítima";"156,000";"BR-116/SP";"Crescente";"Acidentes de outra natureza";0;0;1;1;0;0;0;0;0;0;1;1;0;0;0
"24/07/2025";"06:24:00";"126";"Sem vítima";"113,700";"BR-116/SP";"Decrescente";"Colisão lateral em sentido contrário";1;0;0;0;1;0;0;0;0;0;48;0;0;0;0
"24/07/2025";"07:19:00";"216";"Sem vítima";"274,700";"BR-116/RJ";"Decrescente";"Colisão traseira";1;0;1;0;0;0;0;0;0;0;0;0;0;0;0
"24/07/2025";"07:53:00";"250";"Com vítima";"186,000";"BR-116/SP";"Crescente";"Colisão frontal";0;0;1;0;0;0;0;0;0;1;1;1;0;0;0
"24/07/2025";"08:25:00";"289";"Sem vítima";"473,000";"BR-101/RJ";"Decrescente";"Colisão lateral em sentido contrário";1;0;0;0;0;0;0;0;0;0;1;0;0;0;0
"24/07/2025";"08:46:00";"310";"Sem vítima";"487,000";"BR-101/RJ";"Decrescente";"Colisão lateral em sentido contrário";2;0;0;0;0;0;0;0;0;0;2;0;0;0;0
"24/07/2025";"13:52:00";"553";"Sem vítima";"106,200";"BR-116/SP";"Crescente";"Colisão traseira";1;0;0;0;0;0;0;0;0;0;3;0;0;0;0
"24/07/2025";"14:02:00";"560";"Sem vítima";"145,500";"BR-116/SP";"Decrescente";"Colisão traseira";1;0;0;0;0;0;0;0;0;1;2;0;0;0;0
"24/07/2025";"15:11:00";"600";"Com vítima";"145,900";"BR-116/SP";"Crescente";"Engavetamento";3;0;2;0;0;0;0;0;0;1;8;1;0;0;0
"24/07/2025";"15:26:00";"612";"Com vítima";"15,300";"BR-101/SP";"Crescente";"Colisão lateral em sentido contrário";2;0;0;0;0;0;0;0;0;0;4;4;0;0;0
"24/07/2025";"16:40:00";"671";"Sem vítima";"147,000";"BR-116/SP";"Decrescente";"Engavetamento";1;0;0;0;0;0;0;1;0;0;2;0;0;0;0
"24/07/2025";"20:19:00";"778";"Sem vítima";"519,600";"BR-101/RJ";"Crescente";"Choque";1;0;0;0;0;0;0;0;0;0;0;0;0;0;0
"24/07/2025";"20:58:00";"797";"Sem vítima";"463,500";"BR-101/RJ";"Decrescente";"Acidentes de outra natureza";1;0;0;0;0;0;0;0;0;0;1;0;0;0;0
"24/07/2025";"21:47:00";"816";"Com vítima";"155,900";"BR-116/SP";"Crescente";"Engavetamento";1;0;1;0;0;0;0;1;0;0;1;0;0;1;0
"24/07/2025";"22:07:00";"821";"Sem vítima";"155,850";"BR-116/SP";"Crescente";"Colisão lateral em sentido contrário";1;0;1;0;0;0;0;0;0;0;3;0;0;0;0
"25/07/2025";"04:12:00";"74";"Com vítima";"225,200";"BR-116/SP";"Crescente";"Colisão lateral em sentido contrário";2;0;1;0;0;0;0;0;0;0;2;1;0;0;0
"25/07/2025";"09:06:00";"320";"Com vítima";"197,000";"BR-116/SP";"Crescente";"Capotamento";0;0;0;0;0;0;0;0;0;1;0;1;0;0;0
"25/07/2025";"09:15:00";"330";"Com vítima";"225,200";"BR-116/SP";"Crescente";"Colisão lateral em sentido contrário";1;0;1;0;0;0;0;0;0;0;2;0;1;0;0
"25/07/2025";"10:39:00";"399";"Com vítima";"217,000";"BR-116/SP";"Crescente";"Acidentes de outra natureza";0;0;0;1;0;0;0;0;0;0;0;1;0;0;0
"25/07/2025";"11:27:00";"433";"Sem vítima";"298,000";"BR-116/RJ";"Crescente";"Colisão traseira";2;0;0;0;0;0;0;0;0;0;5;0;0;0;0
"25/07/2025";"12:03:00";"456";"Com vítima";"112,300";"BR-116/SP";"Decrescente";"Colisão traseira";1;0;0;1;0;0;0;0;0;0;3;0;1;0;0
"25/07/2025";"13:09:00";"484";"Com vítima";"224,000";"BR-116/SP";"Decrescente";"Acidentes de outra natureza";0;0;0;1;0;0;0;0;0;0;0;1;0;0;0
"25/07/2025";"13:58:00";"508";"Com vítima";"228,000";"BR-116/SP";"Decrescente";"Acidentes de outra natureza";0;0;0;1;0;0;0;0;0;0;0;0;0;1;0
"25/07/2025";"14:14:00";"520";"Sem vítima";"123,000";"BR-116/SP";"Decrescente";"Choque";0;0;1;0;0;0;0;0;0;0;1;0;0;0;0
"25/07/2025";"14:34:00";"538";"Sem vítima";"123,400";"BR-116/SP";"Decrescente";"Colisão traseira";2;0;0;0;0;0;0;0;0;0;3;0;0;0;0
"25/07/2025";"14:35:00";"539";"Com vítima";"123,600";"BR-116/SP";"Decrescente";"Colisão traseira";2;0;0;0;0;0;0;0;0;0;4;0;1;0;0
"25/07/2025";"14:57:00";"549";"Sem vítima";"296,400";"BR-116/RJ";"Crescente";"Colisão traseira";1;0;1;0;0;0;0;0;0;0;0;0;0;0;0
"25/07/2025";"15:36:00";"561";"Sem vítima";"484,300";"BR-101/RJ";"Crescente";"Engavetamento";1;0;0;0;0;0;0;0;0;0;1;0;0;0;0
"25/07/2025";"16:29:00";"596";"Com vítima";"37,800";"BR-116/SP";"Decrescente";"Choque";1;0;0;0;0;0;0;0;0;0;1;1;0;0;0
"25/07/2025";"16:36:00";"600";"Sem vítima";"37,800";"BR-116/SP";"Decrescente";"Choque";1;0;0;0;0;0;0;0;0;0;1;0;0;0;0
"25/07/2025";"16:50:00";"610";"Sem vítima";"473,000";"BR-101/RJ";"Crescente";"Colisão traseira";1;0;0;0;0;0;0;0;0;0;1;0;0;0;0
"25/07/2025";"16:59:00";"615";"Com vítima";"556,900";"BR-101/RJ";"Crescente";"Colisão traseira";1;0;1;0;0;0;0;0;0;0;1;1;1;0;0
"25/07/2025";"17:01:00";"616";"Com vítima";"436,000";"BR-101/RJ";"Crescente";"Engavetamento";2;0;0;0;0;0;0;0;0;1;12;7;0;0;0
"25/07/2025";"17:33:00";"632";"Sem vítima";"267,300";"BR-116/RJ";"Decrescente";"Choque";1;0;0;0;0;0;0;0;0;0;5;0;0;0;0
"25/07/2025";"18:12:00";"649";"Sem vítima";"397,000";"BR-101/RJ";"Decrescente";"Colisão traseira";2;0;0;0;0;0;0;0;0;0;2;0;0;0;0
"25/07/2025";"18:14:00";"650";"Sem vítima";"565,500";"BR-101/RJ";"Crescente";"Capotamento";1;0;0;0;0;0;0;0;0;0;1;0;0;0;0
"25/07/2025";"18:14:00";"651";"Sem vítima";"146,300";"BR-116/SP";"Decrescente";"Colisão traseira";1;0;1;0;0;0;0;0;0;0;3;0;0;0;0
"25/07/2025";"18:22:00";"660";"Sem vítima";"391,700";"BR-101/RJ";"Crescente";"Choque";1;0;0;0;0;0;0;0;0;0;2;0;0;0;0
"25/07/2025";"20:21:00";"727";"Sem vítima";"542,500";"BR-101/RJ";"Decrescente";"Choque";1;0;0;0;0;0;0;0;0;0;1;0;0;0;0
"25/07/2025";"21:05:00";"752";"Com vítima";"138,200";"BR-116/SP";"Crescente";"Colisão traseira";1;0;0;1;0;0;0;0;0;0;2;0;1;0;0
"25/07/2025";"21:52:00";"770";"Sem vítima";"444,100";"BR-101/RJ";"Crescente";"Choque";1;0;0;0;0;0;0;0;0;0;2;0;0;0;0
"25/07/2025";"22:28:00";"777";"Sem vítima";"146,700";"BR-116/SP";"Decrescente";"Engavetamento";3;0;0;0;0;0;0;0;0;0;11;0;0;0;0
"26/07/2025";"00:15:00";"32";"Sem vítima";"104,800";"BR-116/SP";"Crescente";"Acidentes de outra natureza";1;0;0;0;0;0;0;0;0;0;1;0;0;0;0
"26/07/2025";"00:56:00";"48";"Sem vítima";"216,800";"BR-116/SP";"Decrescente";"Capotamento";1;0;0;0;0;0;0;0;0;0;0;0;0;0;0
"26/07/2025";"03:28:00";"70";"Com vítima";"113,700";"BR-116/SP";"Crescente";"Atropelamento de pedestre";1;0;0;0;0;0;0;0;0;0;1;0;0;1;0
"26/07/2025";"03:33:00";"72";"Sem vítima";"508,000";"BR-101/RJ";"Decrescente";"Choque";1;0;0;0;0;0;0;0;0;0;1;0;0;0;0
"26/07/2025";"06:00:00";"101";"Com vítima";"494,000";"BR-101/RJ";"Decrescente";"Colisão lateral em sentido contrário";1;0;0;1;0;0;0;0;0;0;1;1;0;0;0
"26/07/2025";"06:51:00";"126";"Sem vítima";"144,300";"BR-116/SP";"Decrescente";"Colisão traseira";2;0;0;0;0;0;0;0;0;0;2;0;0;0;0
"26/07/2025";"07:15:00";"145";"Sem vítima";"381,000";"BR-101/RJ";"Decrescente";"Atropelamento de pedestre";1;0;0;0;0;0;0;0;0;0;5;0;0;0;0
"26/07/2025";"07:27:00";"154";"Sem vítima";"110,900";"BR-116/SP";"Decrescente";"Colisão lateral em sentido contrário";0;0;1;0;0;0;0;0;0;0;1;0;0;0;0
"26/07/2025";"07:32:00";"159";"Sem vítima";"70,000";"BR-116/SP";"Decrescente";"Choque";1;0;0;0;0;0;0;0;0;0;1;0;0;0;0
"26/07/2025";"08:14:00";"190";"Sem vítima";"121,000";"BR-116/SP";"Decrescente";"Colisão traseira";2;0;0;0;0;0;0;0;0;0;4;0;0;0;0
"26/07/2025";"10:43:00";"272";"Com vítima";"229,100";"BR-116/RJ";"Decrescente";"Tombamento";1;0;0;0;0;0;0;1;0;0;1;0;1;0;2
"26/07/2025";"11:34:00";"302";"Com vítima";"155,500";"BR-116/SP";"Decrescente";"Colisão traseira";1;0;0;1;0;0;0;0;0;0;3;1;0;0;0
"26/07/2025";"15:18:00";"402";"Sem vítima";"145,000";"BR-116/SP";"Decrescente";"Colisão lateral em sentido contrário";2;0;0;0;0;0;0;0;0;0;2;0;0;0;0
"26/07/2025";"15:34:00";"414";"Sem vítima";"312,000";"BR-116/RJ";"Crescente";"Choque";1;0;0;0;0;0;0;0;0;0;1;0;0;0;0
"26/07/2025";"16:08:00";"429";"Sem vítima";"104,900";"BR-116/SP";"Crescente";"Colisão traseira";2;0;0;0;0;0;0;0;0;0;10;0;0;0;0
"26/07/2025";"17:33:00";"468";"Sem vítima";"382,300";"BR-101/RJ";"Crescente";"Acidentes de outra natureza";1;0;0;0;0;0;0;0;0;0;0;0;0;0;0
"26/07/2025";"17:41:00";"469";"Sem vítima";"212,700";"BR-116/SP";"Crescente";"Engavetamento";1;0;1;0;2;0;0;0;0;0;4;0;0;0;0
"26/07/2025";"18:14:00";"486";"Com vítima";"219,000";"BR-116/SP";"Crescente";"Colisão traseira";1;0;0;1;0;0;0;0;0;0;1;0;1;0;0
"26/07/2025";"18:25:00";"492";"Sem vítima";"472,000";"BR-101/RJ";"Crescente";"Colisão traseira";1;0;0;1;0;0;0;0;0;0;3;0;0;0;0
"26/07/2025";"18:46:00";"501";"Com vítima";"393,200";"BR-101/RJ";"Crescente";"Acidentes de outra natureza";0;0;0;1;0;0;0;0;0;0;0;0;1;0;0
"26/07/2025";"18:54:00";"508";"Com vítima";"60,000";"BR-116/SP";"Crescente";"Choque";1;0;1;0;0;0;0;0;0;0;2;1;0;0;0
"26/07/2025";"19:10:00";"511";"Com vítima";"393,800";"BR-101/RJ";"Crescente";"Colisão traseira";1;0;0;1;0;0;0;0;0;0;2;1;0;0;0
"26/07/2025";"19:15:00";"515";"Sem vítima";"284,000";"BR-116/RJ";"Decrescente";"Colisão traseira";1;0;0;0;0;0;0;0;0;0;0;0;0;0;0
"26/07/2025";"19:42:00";"528";"Com vítima";"92,000";"BR-116/SP";"Crescente";"Acidentes de outra natureza";0;0;0;1;0;0;0;0;0;0;0;0;1;0;0
"26/07/2025";"21:57:00";"582";"Sem vítima";"243,500";"BR-116/RJ";"Decrescente";"Colisão traseira";0;0;2;0;0;0;0;0;0;0;5;0;0;0;0
"26/07/2025";"23:03:00";"603";"Com vítima";"280,000";"BR-116/RJ";"Decrescente";"Acidentes de outra natureza";0;0;0;1;0;0;0;0;0;0;0;0;1;0;0
"27/07/2025";"02:00:00";"59";"Com vítima";"226,800";"BR-116/SP";"Crescente";"Engavetamento";4;0;0;0;0;0;0;0;0;0;10;1;0;0;0
"27/07/2025";"04:23:00";"72";"Com vítima";"210,500";"BR-116/SP";"Decrescente";"Choque";1;0;0;0;0;0;0;0;0;0;0;1;0;0;0
"27/07/2025";"06:12:00";"95";"Sem vítima";"287,000";"BR-116/RJ";"Crescente";"Colisão lateral em sentido contrário";1;0;0;0;0;0;0;0;0;0;1;0;0;0;0
"27/07/2025";"06:21:00";"98";"Com vítima";"477,000";"BR-101/RJ";"Crescente";"Colisão lateral em sentido contrário";1;0;0;1;0;0;0;0;0;0;2;2;0;0;0
"27/07/2025";"06:33:00";"105";"Com vítima";"146,000";"BR-116/SP";"Decrescente";"Engavetamento";3;0;0;0;0;0;0;0;0;0;6;1;0;0;0
"27/07/2025";"06:50:00";"112";"Com vítima";"228,000";"BR-116/SP";"Decrescente";"Choque";0;0;0;1;0;0;0;0;0;0;1;1;0;0;0
"27/07/2025";"08:30:00";"151";"Com vítima";"87,000";"BR-116/SP";"Decrescente";"Colisão traseira";1;0;0;1;0;0;0;0;0;0;8;2;0;0;0
"27/07/2025";"08:54:00";"163";"Sem vítima";"113,900";"BR-116/SP";"Decrescente";"Colisão traseira";2;0;0;0;0;0;0;0;0;0;7;0;0;0;0
"27/07/2025";"10:27:00";"203";"Com vítima";"89,600";"BR-116/SP";"Decrescente";"Engavetamento";2;0;0;0;0;0;0;0;0;0;5;1;0;0;0
"27/07/2025";"10:48:00";"215";"Sem vítima";"566,000";"BR-101/RJ";"Decrescente";"Colisão traseira";1;0;0;0;0;0;0;0;0;0;1;0;0;0;0
"27/07/2025";"11:40:00";"238";"Sem vítima";"219,000";"BR-116/SP";"Decrescente";"Colisão traseira";1;0;0;0;0;0;0;0;0;1;4;0;0;0;0
"27/07/2025";"12:54:00";"274";"Com vítima";"482,000";"BR-101/RJ";"Decrescente";"Colisão lateral em sentido contrário";1;0;0;1;0;0;0;0;0;0;10;2;2;0;0
"27/07/2025";"13:03:00";"278";"Sem vítima";"170,000";"BR-116/SP";"Crescente";"Choque";1;0;0;0;0;0;0;0;0;0;1;0;0;0;0
"27/07/2025";"14:00:00";"296";"Sem vítima";"144,000";"BR-116/SP";"Crescente";"Colisão traseira";2;0;0;0;0;0;0;0;0;0;2;0;0;0;0
"27/07/2025";"14:30:00";"314";"Com vítima";"144,000";"BR-116/SP";"Crescente";"Engavetamento";3;0;0;0;0;0;0;0;0;0;3;1;0;0;0
"27/07/2025";"14:36:00";"316";"Com vítima";"95,000";"BR-116/SP";"Crescente";"Colisão traseira";1;0;0;1;0;0;0;0;0;0;1;1;1;0;0
"27/07/2025";"14:42:00";"317";"Sem vítima";"221,000";"BR-116/RJ";"Decrescente";"Choque";1;0;0;0;0;0;0;0;0;0;6;0;0;0;0
"27/07/2025";"16:02:00";"357";"Sem vítima";"74,000";"BR-116/SP";"Decrescente";"Colisão lateral em sentido contrário";2;0;0;0;0;0;0;0;0;0;1;0;0;0;0
"27/07/2025";"16:25:00";"374";"Sem vítima";"87,400";"BR-116/SP";"Decrescente";"Colisão traseira";0;0;0;0;0;0;0;0;0;1;6;0;0;0;0
"27/07/2025";"17:09:00";"399";"Sem vítima";"87,000";"BR-116/SP";"Decrescente";"Colisão traseira";1;0;1;0;0;0;0;0;0;0;12;0;0;0;0
"27/07/2025";"17:20:00";"404";"Com vítima";"385,000";"BR-101/RJ";"Decrescente";"Colisão lateral em sentido contrário";1;0;0;1;0;0;0;0;0;0;1;0;2;0;0
"27/07/2025";"17:30:00";"358";"Sem vítima";"474,000";"BR-101/RJ";"Decrescente";"Colisão traseira";2;0;0;0;0;0;0;0;0;0;2;0;0;0;0
"27/07/2025";"17:51:00";"421";"Sem vítima";"161,000";"BR-116/SP";"Decrescente";"Colisão lateral em sentido contrário";1;0;1;0;0;0;0;0;0;0;0;0;0;0;0
"27/07/2025";"18:23:00";"439";"Com vítima";"101,000";"BR-116/SP";"Crescente";"Queda de carga";0;0;0;1;0;0;0;0;0;0;0;0;1;0;0
"27/07/2025";"18:35:00";"445";"Sem vítima";"233,500";"BR-116/RJ";"Crescente";"Engavetamento";3;0;0;0;0;0;0;0;0;0;7;0;0;0;0
"27/07/2025";"19:38:00";"478";"Sem vítima";"228,000";"BR-116/SP";"Crescente";"Colisão traseira";2;0;0;0;0;0;0;0;0;0;2;0;0;0;0
"27/07/2025";"23:24:00";"576";"Com vítima";"42,600";"BR-116/SP";"Decrescente";"Acidentes de outra natureza";0;0;0;1;0;0;0;0;0;0;0;2;0;0;0
"27/07/2025";"23:41:00";"580";"Com vítima";"299,000";"BR-116/RJ";"Decrescente";"Choque";1;0;0;0;0;0;0;0;0;0;0;0;2;0;0
"28/07/2025";"00:17:00";"33";"Com vítima";"396,000";"BR-101/RJ";"Crescente";"Acidentes de outra natureza";0;0;0;1;0;0;0;0;0;0;0;1;0;0;0
"28/07/2025";"01:52:00";"51";"Sem vítima";"471,450";"BR-101/RJ";"Crescente";"Choque";1;0;0;0;0;0;0;0;0;0;1;0;0;0;0
"28/07/2025";"04:35:00";"75";"Com vítima";"457,000";"BR-101/RJ";"Decrescente";"Atropelamento de pedestre";0;0;0;1;0;0;0;0;0;0;0;1;0;0;0
"28/07/2025";"05:48:00";"114";"Sem vítima";"47,000";"BR-101/SP";"Decrescente";"Colisão traseira";2;0;0;0;0;0;0;0;0;0;2;0;0;0;0
"28/07/2025";"06:45:00";"170";"Sem vítima";"174,830";"BR-116/SP";"Decrescente";"Colisão traseira";2;0;0;0;0;0;0;0;0;0;0;0;0;0;0
"28/07/2025";"07:16:00";"205";"Sem vítima";"146,800";"BR-116/SP";"Decrescente";"Choque";1;0;0;0;0;0;0;0;0;0;1;0;0;0;0
"28/07/2025";"09:02:00";"318";"Com vítima";"415,000";"BR-101/RJ";"Crescente";"Atropelamento de pedestre";1;1;0;0;0;0;0;0;0;0;1;0;0;0;0
"28/07/2025";"09:21:00";"340";"Sem vítima";"201,500";"BR-116/SP";"Decrescente";"Colisão traseira";1;0;1;0;0;0;0;0;0;0;0;0;0;0;0
"28/07/2025";"09:57:00";"374";"Sem vítima";"237,000";"BR-116/RJ";"Decrescente";"Colisão lateral em sentido contrário";1;0;0;0;0;0;0;0;0;0;0;0;0;0;0
"28/07/2025";"10:19:00";"395";"Sem vítima";"245,000";"BR-116/RJ";"Decrescente";"Choque";0;0;0;0;0;0;0;1;0;0;1;0;0;0;0
"28/07/2025";"11:22:00";"448";"Com vítima";"381,900";"BR-101/RJ";"Decrescente";"Engavetamento";3;0;0;0;0;0;0;0;0;0;6;1;0;0;0
"28/07/2025";"12:10:00";"481";"Com vítima";"226,000";"BR-116/SP";"Crescente";"Colisão traseira";1;0;1;0;0;0;0;0;0;0;1;0;1;0;0
"28/07/2025";"14:00:00";"534";"Sem vítima";"210,000";"BR-116/SP";"Decrescente";"Colisão lateral em sentido contrário";1;0;0;0;0;0;0;0;0;0;1;0;0;0;0
"28/07/2025";"14:42:00";"565";"Com vítima";"315,150";"BR-116/RJ";"Decrescente";"Acidentes de outra natureza";0;0;0;1;0;0;0;0;0;0;0;0;1;0;0
"28/07/2025";"15:53:00";"612";"Com vítima";"59,500";"BR-116/SP";"Decrescente";"Colisão lateral em sentido contrário";0;0;1;0;0;0;0;0;0;0;1;1;0;0;0
"28/07/2025";"16:23:00";"634";"Com vítima";"59,500";"BR-116/SP";"Decrescente";"Colisão traseira";2;0;0;0;0;0;0;0;0;0;1;2;0;0;0
"28/07/2025";"16:45:00";"646";"Com vítima";"201,000";"BR-116/SP";"Decrescente";"Colisão traseira";1;0;0;1;0;0;0;0;0;0;1;1;0;0;0
"28/07/2025";"17:03:00";"659";"Sem vítima";"107,800";"BR-116/SP";"Crescente";"Tombamento";1;0;0;0;0;0;0;1;0;0;0;0;0;0;0
"28/07/2025";"17:47:00";"681";"Sem vítima";"146,300";"BR-116/SP";"Decrescente";"Colisão traseira";2;0;0;0;0;0;0;0;0;0;2;0;0;0;0
"28/07/2025";"18:15:00";"696";"Com vítima";"228,000";"BR-116/SP";"Decrescente";"Engavetamento";1;0;0;3;0;0;0;0;0;0;2;0;2;0;0
"28/07/2025";"18:35:00";"707";"Com vítima";"225,000";"BR-116/SP";"Decrescente";"Colisão lateral em sentido contrário";1;0;1;1;0;0;0;0;0;0;2;1;0;0;0
"28/07/2025";"18:46:00";"711";"Com vítima";"403,000";"BR-101/RJ";"Crescente";"Acidentes de outra natureza";0;0;0;1;0;0;0;0;0;0;0;2;0;0;0
"28/07/2025";"19:30:00";"731";"Sem vítima";"502,900";"BR-101/RJ";"Crescente";"Atropelamento de pedestre";1;0;0;0;0;0;0;0;0;0;2;0;0;0;0
"28/07/2025";"20:53:00";"764";"Com vítima";"222,000";"BR-116/SP";"Crescente";"Colisão lateral em sentido contrário";1;0;0;1;0;0;0;0;0;0;1;1;0;0;0
"28/07/2025";"21:16:00";"782";"Sem vítima";"339,000";"BR-116/RJ";"Crescente";"Choque";1;0;0;0;0;0;0;0;0;0;5;0;0;0;0
"29/07/2025";"06:55:00";"184";"Sem vítima";"519,000";"BR-101/RJ";"Decrescente";"Acidentes de outra natureza";0;0;0;1;0;0;0;0;0;0;1;0;0;0;0
"29/07/2025";"07:23:00";"233";"Sem vítima";"261,000";"BR-116/RJ";"Crescente";"Colisão lateral em sentido contrário";1;0;0;0;0;0;0;0;0;0;1;0;0;0;0
"29/07/2025";"09:40:00";"415";"Com vítima";"47,600";"BR-116/SP";"Decrescente";"Engavetamento";3;0;0;0;0;0;0;0;0;0;0;1;2;0;0
"29/07/2025";"09:55:00";"429";"Sem vítima";"80,400";"BR-116/SP";"Crescente";"Engavetamento";0;0;3;0;0;0;0;0;0;0;4;0;0;0;0
"29/07/2025";"13:20:00";"590";"Sem vítima";"225,200";"BR-116/SP";"Decrescente";"Colisão lateral em sentido contrário";1;0;0;1;0;0;0;0;0;0;2;0;0;0;0