data;horario;n_da_ocorrencia;tipo_de_ocorrencia;km;trecho;sentido;tipo_de_acidente;automovel;bicicleta;caminhao;moto;onibus;outros;tracao_animal;transporte_de_cargas_especiais;trator_maquinas;utilitarios;ilesos;levemente_feridos;moderadamente_feridos;gravemente_feridos;mortos
"29/07/2025";"13:39:00";"610";"Sem vítima";"111,300";"BR-116/SP";"Decrescente";"Colisão lateral em sentido contrário";2;0;0;0;0;1;0;0;0;0;4;0;0;0;0
"29/07/2025";"15:01:00";"667";"Com vítima";"428,000";"BR-101/RJ";"Crescente";"Colisão lateral em sentido contrário";2;0;0;0;0;0;0;0;0;0;1;1;0;0;0
"29/07/2025";"15:21:00";"681";"Com vítima";"225,400";"BR-116/SP";"Decrescente";"Colisão traseira";1;0;1;0;0;0;0;0;0;0;0;1;0;0;0
"29/07/2025";"15:51:00";"695";"Sem vítima";"225,400";"BR-116/SP";"Decrescente";"Colisão traseira";0;0;2;0;0;0;0;0;0;0;2;0;0;0;0
"29/07/2025";"19:24:00";"822";"Com vítima";"223,500";"BR-116/SP";"Decrescente";"Acidentes de outra natureza";0;0;0;1;0;0;0;0;0;0;0;0;1;0;0
"29/07/2025";"22:31:00";"895";"Sem vítima";"226,900";"BR-116/SP";"Crescente";"Colisão lateral em sentido contrário";0;0;1;0;0;0;0;0;0;0;0;0;0;0;0
"30/07/2025";"00:00:00";"613";"Sem vítima";"205,700";"BR-116/SP";"Decrescente";"Colisão traseira";1;0;1;0;0;0;0;0;0;0;3;0;0;0;0
"30/07/2025";"01:52:00";"53";"Com vítima";"144,500";"BR-116/SP";"Crescente";"Colisão traseira";0;0;2;0;0;0;0;0;0;0;0;2;0;0;0
"30/07/2025";"06:34:00";"131";"Com vítima";"503,300";"BR-101/RJ";"Decrescente";"Colisão frontal";2;0;0;1;0;0;0;0;0;0;3;1;1;0;0
"30/07/2025";"07:20:00";"188";"Com vítima";"224,500";"BR-116/SP";"Decrescente";"Acidentes de outra natureza";0;0;0;1;0;0;0;0;0;0;0;1;0;0;0
"30/07/2025";"07:22:00";"190";"Com vítima";"87,100";"BR-116/SP";"Crescente";"Acidentes de outra natureza";0;0;0;1;0;0;0;0;0;0;0;1;0;0;0
"30/07/2025";"07:49:00";"212";"Sem vítima";"223,000";"BR-116/SP";"Crescente";"Engavetamento";4;0;0;0;0;0;0;0;0;1;5;0;0;0;0
"30/07/2025";"09:24:00";"316";"Com vítima";"217,000";"BR-116/SP";"Crescente";"Colisão lateral em sentido contrário";0;0;0;2;0;0;0;0;0;0;0;3;0;0;0
"30/07/2025";"10:34:00";"429";"Com vítima";"219,200";"BR-116/SP";"Decrescente";"Colisão traseira";0;0;1;1;0;0;0;0;0;0;1;1;0;0;0
"30/07/2025";"11:54:00";"496";"Sem vítima";"230,000";"BR-116/RJ";"Crescente";"Colisão traseira";1;0;1;0;0;0;0;0;0;0;2;0;0;0;0
"30/07/2025";"14:45:00";"563";"Sem vítima";"139,700";"BR-116/SP";"Crescente";"Engavetamento";1;0;1;0;0;0;0;0;0;1;3;0;0;0;0
"30/07/2025";"15:26:00";"612";"Com vítima";"317,000";"BR-116/RJ";"Decrescente";"Colisão traseira";1;0;1;0;0;0;0;0;0;0;1;1;0;0;0
"30/07/2025";"15:38:00";"614";"Sem vítima";"298,000";"BR-116/RJ";"Crescente";"Colisão traseira";2;0;0;0;0;0;0;0;0;0;2;0;0;0;0
"30/07/2025";"19:26:00";"727";"Sem vítima";"14,000";"BR-116/SP";"Crescente";"Choque";0;0;1;0;0;0;0;0;0;0;1;0;0;0;0
"30/07/2025";"20:07:00";"741";"Sem vítima";"170,000";"BR-116/SP";"Crescente";"Choque";1;0;0;0;0;0;0;0;0;0;0;0;0;0;0
"30/07/2025";"21:42:00";"774";"Sem vítima";"244,850";"BR-116/RJ";"Decrescente";"Choque";1;0;0;0;0;0;0;0;0;0;1;0;0;0;0
"31/07/2025";"00:45:00";"42";"Sem vítima";"224,800";"BR-116/SP";"Decrescente";"Colisão traseira";1;0;1;0;0;0;0;0;0;0;2;0;0;0;0
"31/07/2025";"01:04:00";"47";"Sem vítima";"224,800";"BR-116/SP";"Decrescente";"Colisão traseira";0;0;1;0;1;0;0;0;0;0;2;0;0;0;0
"31/07/2025";"09:03:00";"302";"Com vítima";"220,000";"BR-116/SP";"Crescente";"Colisão traseira";1;0;0;1;0;0;0;0;0;0;1;1;0;0;0
"31/07/2025";"12:57:00";"493";"Com vítima";"271,000";"BR-116/RJ";"Crescente";"Tombamento";0;0;1;0;0;0;0;0;0;0;0;0;1;0;0
"31/07/2025";"13:38:00";"517";"Com vítima";"133,300";"BR-116/SP";"Crescente";"Colisão traseira";0;0;2;0;0;0;0;0;0;0;1;1;0;0;0
"31/07/2025";"14:59:00";"575";"Com vítima";"482,000";"BR-101/RJ";"Crescente";"Colisão traseira";1;0;0;0;0;0;0;0;0;0;0;0;3;0;0
"31/07/2025";"18:16:00";"706";"Com vítima";"490,000";"BR-101/RJ";"Crescente";"Colisão lateral em sentido contrário";1;0;0;1;0;0;0;0;0;0;1;0;1;0;0
"31/07/2025";"18:25:00";"712";"Sem vítima";"272,000";"BR-116/RJ";"Decrescente";"Colisão traseira";1;0;0;0;0;0;0;0;0;0;1;0;0;0;0
"31/07/2025";"19:10:00";"745";"Sem vítima";"210,500";"BR-116/SP";"Decrescente";"Colisão traseira";2;0;0;0;0;0;0;0;0;0;4;0;0;0;0
"31/07/2025";"20:25:00";"783";"Com vítima";"277,000";"BR-116/RJ";"Decrescente";"Colisão frontal";1;0;0;1;0;0;0;0;0;0;0;1;0;0;0
"31/07/2025";"20:45:00";"795";"Com vítima";"336,500";"BR-116/RJ";"Crescente";"Atropelamento de pedestre";0;0;0;0;0;0;0;0;0;0;0;0;0;0;0
"31/07/2025";"21:14:00";"806";"Com vítima";"62,000";"BR-116/SP";"Crescente";"Capotamento";1;0;0;0;0;0;0;0;0;0;0;0;1;0;0
"31/07/2025";"21:45:00";"823";"Com vítima";"231,200";"BR-116/RJ";"Decrescente";"Colisão traseira";0;0;2;0;0;0;0;0;0;0;1;1;0;0;0
"31/07/2025";"21:52:00";"825";"Sem vítima";"145,900";"BR-116/SP";"Decrescente";"Colisão traseira";2;0;0;0;0;0;0;0;0;0;0;0;0;0;0
"31/07/2025";"22:21:00";"834";"Com vítima";"404,000";"BR-101/RJ";"Decrescente";"Colisão traseira";1;0;0;1;0;0;0;0;0;0;3;1;0;0;0
"31/07/2025";"23:39:00";"869";"Sem vítima";"67,950";"BR-116/SP";"Decrescente";"Atropelamento de pedestre";1;0;0;0;0;0;0;0;0;0;0;0;0;0;0
"01/08/2025";"00:00:00";"102";"Sem vítima";"27,600";"BR-116/SP";"Crescente";"Colisão traseira";1;0;0;0;0;0;0;0;0;0;1;0;0;0;0
"01/08/2025";"00:44:00";"43";"Com vítima";"390,200";"BR-101/RJ";"Decrescente";"Acidentes de outra natureza";0;0;0;1;0;0;0;0;0;0;0;0;0;1;0
"01/08/2025";"00:44:00";"44";"Sem vítima";"86,950";"BR-116/SP";"Crescente";"Engavetamento";0;0;2;0;1;0;0;0;0;0;2;0;0;0;0
"01/08/2025";"01:25:00";"49";"Sem vítima";"495,000";"BR-101/RJ";"Decrescente";"Capotamento";1;0;0;0;0;0;0;0;0;0;0;0;0;0;0
"01/08/2025";"03:56:00";"74";"Com vítima";"338,700";"BR-116/RJ";"Decrescente";"Colisão traseira";0;0;2;0;0;0;0;0;0;0;1;0;1;0;0
"01/08/2025";"04:18:00";"79";"Com vítima";"110,000";"BR-116/SP";"Decrescente";"Colisão lateral em sentido contrário";1;0;1;0;0;0;0;0;0;0;1;1;0;0;0
"01/08/2025";"05:12:00";"88";"Sem vítima";"216,000";"BR-116/SP";"Decrescente";"Choque";0;0;0;0;0;0;0;0;0;1;0;0;0;0;0
"01/08/2025";"05:39:00";"101";"Com vítima";"433,000";"BR-101/RJ";"Decrescente";"Choque";1;0;0;0;0;0;0;0;0;0;0;1;0;0;0
"01/08/2025";"06:44:00";"137";"Com vítima";"217,000";"BR-116/SP";"Crescente";"Colisão lateral em sentido contrário";1;0;0;1;0;0;0;0;0;0;1;0;1;0;0
"01/08/2025";"08:38:00";"236";"Com vítima";"215,000";"BR-116/SP";"Crescente";"Atropelamento de pedestre";0;1;0;1;0;0;0;0;0;0;0;0;1;0;0
"01/08/2025";"10:55:00";"320";"Sem vítima";"97,900";"BR-116/SP";"Crescente";"Choque";1;0;0;0;0;0;0;0;0;0;2;0;0;0;0
"01/08/2025";"12:11:00";"355";"Com vítima";"231,000";"BR-116/SP";"Crescente";"Engavetamento";2;0;0;1;0;0;0;0;0;0;4;0;1;0;0
"01/08/2025";"13:16:00";"385";"Com vítima";"228,000";"BR-116/SP";"Crescente";"Colisão lateral em sentido contrário";0;0;1;1;0;0;0;0;0;0;2;0;1;0;0
"01/08/2025";"13:38:00";"397";"Com vítima";"146,000";"BR-116/SP";"Decrescente";"Colisão frontal";1;0;0;1;0;0;0;0;0;0;1;1;0;0;0
"01/08/2025";"14:14:00";"422";"Com vítima";"474,000";"BR-101/RJ";"Crescente";"Colisão traseira";1;0;0;1;0;0;0;0;0;0;1;1;0;0;0
"01/08/2025";"15:23:00";"464";"Com vítima";"64,100";"BR-116/SP";"Crescente";"Acidentes de outra natureza";0;0;0;2;0;0;0;0;0;0;0;0;2;0;0
"01/08/2025";"16:38:00";"502";"Com vítima";"211,000";"BR-116/SP";"Crescente";"Acidentes de outra natureza";0;0;0;1;0;0;0;0;0;0;0;0;1;0;0
"01/08/2025";"16:46:00";"509";"Sem vítima";"203,500";"BR-116/SP";"Decrescente";"Colisão traseira";2;0;0;0;0;0;0;0;0;0;4;0;0;0;0
"01/08/2025";"16:59:00";"512";"Com vítima";"41,400";"BR-101/SP";"Crescente";"Colisão traseira";0;0;0;1;0;0;0;0;0;0;0;0;1;0;0
"01/08/2025";"17:18:00";"521";"Com vítima";"218,000";"BR-116/SP";"Decrescente";"Acidentes de outra natureza";1;0;0;0;0;0;0;0;0;0;1;0;1;0;0
"01/08/2025";"17:25:00";"523";"Com vítima";"223,600";"BR-116/RJ";"Crescente";"Acidentes de outra natureza";0;0;0;1;0;0;0;0;0;0;1;1;0;0;0
"01/08/2025";"17:27:00";"526";"Sem vítima";"203,800";"BR-116/SP";"Decrescente";"Colisão traseira";1;0;0;0;0;0;0;0;0;0;1;0;0;0;0
"01/08/2025";"17:32:00";"532";"Com vítima";"203,500";"BR-116/SP";"Decrescente";"Colisão lateral em sentido contrário";1;0;0;1;0;0;0;0;0;0;2;0;1;0;0
"01/08/2025";"18:41:00";"561";"Com vítima";"329,800";"BR-116/RJ";"Crescente";"Atropelamento de pedestre";1;0;0;0;0;0;0;0;0;0;2;0;0;0;1
"01/08/2025";"20:54:00";"630";"Com vítima";"120,100";"BR-116/SP";"Crescente";"Atropelamento de pedestre";0;0;1;0;0;0;0;0;0;0;0;0;0;0;1
"01/08/2025";"21:30:00";"649";"Sem vítima";"150,200";"BR-116/SP";"Decrescente";"Colisão traseira";1;0;1;0;0;0;0;0;0;0;2;0;0;0;0
"01/08/2025";"22:13:00";"644";"Com vítima";"230,500";"BR-116/RJ";"Crescente";"Acidentes de outra natureza";1;0;0;0;0;0;0;0;0;0;2;1;0;0;0
"01/08/2025";"22:16:00";"666";"Com vítima";"119,600";"BR-116/SP";"Crescente";"Choque";2;0;0;0;0;0;0;0;0;1;2;16;1;0;0
"01/08/2025";"22:43:00";"671";"Com vítima";"157,800";"BR-116/SP";"Crescente";"Acidentes de outra natureza";0;0;0;1;0;0;0;0;0;0;0;0;0;1;0
"02/08/2025";"00:00:00";"167";"Com vítima";"111,300";"BR-116/SP";"Decrescente";"Acidentes de outra natureza";0;0;0;1;0;0;0;0;0;0;0;1;0;0;0
"02/08/2025";"00:00:00";"240";"Com vítima";"118,000";"BR-116/SP";"Decrescente";"Colisão traseira";1;0;0;1;0;0;0;0;0;0;2;0;1;0;0
"02/08/2025";"02:50:00";"65";"Com vítima";"400,000";"BR-101/RJ";"Decrescente";"Atropelamento de pedestre";1;0;0;0;0;0;0;0;0;0;1;1;0;0;0
"02/08/2025";"04:19:00";"83";"Com vítima";"227,200";"BR-116/SP";"Crescente";"Atropelamento de pedestre";0;0;0;0;0;0;0;0;0;0;0;0;0;0;1
"02/08/2025";"04:36:00";"88";"Sem vítima";"21,000";"BR-116/SP";"Decrescente";"Choque";1;0;0;0;0;0;0;0;0;0;1;0;0;0;0
"02/08/2025";"07:03:00";"142";"Com vítima";"206,000";"BR-116/SP";"Crescente";"Engavetamento";1;0;2;0;0;0;0;0;0;0;2;2;0;0;0
"02/08/2025";"07:31:00";"159";"Sem vítima";"216,000";"BR-116/RJ";"Decrescente";"Choque";0;0;0;0;0;0;0;1;0;0;1;0;0;0;0
"02/08/2025";"07:35:00";"161";"Sem vítima";"114,800";"BR-116/SP";"Decrescente";"Colisão traseira";2;0;0;0;0;0;0;0;0;0;2;0;0;0;0
"02/08/2025";"08:29:00";"184";"Sem vítima";"393,100";"BR-101/RJ";"Decrescente";"Colisão traseira";2;0;0;0;0;0;0;0;0;0;4;0;0;0;0
"02/08/2025";"08:38:00";"188";"Sem vítima";"146,400";"BR-116/SP";"Decrescente";"Colisão traseira";1;0;0;0;0;0;0;0;0;0;1;0;0;0;0
"02/08/2025";"08:42:00";"192";"Com vítima";"100,300";"BR-116/SP";"Decrescente";"Colisão traseira";1;0;0;0;0;0;0;0;0;0;3;1;0;0;0
"02/08/2025";"08:51:00";"198";"Sem vítima";"113,200";"BR-116/SP";"Decrescente";"Engavetamento";2;0;0;0;0;0;0;0;0;0;9;0;0;0;0
"02/08/2025";"10:20:00";"231";"Com vítima";"64,300";"BR-116/SP";"Crescente";"Colisão traseira";1;0;0;1;0;0;0;0;0;0;1;2;0;0;0
"02/08/2025";"10:28:00";"233";"Sem vítima";"117,000";"BR-116/SP";"Decrescente";"Colisão traseira";1;0;0;0;0;0;0;0;0;0;2;0;0;0;0
"02/08/2025";"10:34:00";"236";"Com vítima";"63,150";"BR-116/SP";"Crescente";"Colisão traseira";1;0;1;0;0;0;0;0;0;0;1;2;0;0;0
"02/08/2025";"10:35:00";"239";"Sem vítima";"115,800";"BR-116/SP";"Decrescente";"Engavetamento";5;0;0;0;0;0;0;0;0;0;4;0;0;0;0
"02/08/2025";"11:20:00";"259";"Com vítima";"20,000";"BR-116/SP";"Crescente";"Capotamento";1;0;0;0;0;0;0;0;0;0;1;1;0;0;0
"02/08/2025";"13:22:00";"312";"Com vítima";"228,300";"BR-116/SP";"Crescente";"Colisão traseira";0;0;0;1;0;0;0;0;0;0;0;0;1;0;0
"02/08/2025";"14:28:00";"342";"Sem vítima";"386,000";"BR-101/RJ";"Decrescente";"Colisão traseira";2;0;0;0;0;0;0;0;0;0;2;0;0;0;0
"02/08/2025";"14:47:00";"354";"Com vítima";"111,000";"BR-116/SP";"Crescente";"Acidentes de outra natureza";0;0;0;1;0;0;0;0;0;0;0;1;0;0;0
"02/08/2025";"14:57:00";"362";"Sem vítima";"160,800";"BR-116/SP";"Decrescente";"Colisão traseira";1;0;1;0;0;0;0;0;0;0;3;0;0;0;0
"02/08/2025";"15:00:00";"364";"Com vítima";"93,000";"BR-116/SP";"Crescente";"Colisão lateral em sentido contrário";1;0;0;1;0;0;0;0;0;0;1;1;0;0;0
"02/08/2025";"16:02:00";"388";"Sem vítima";"223,200";"BR-116/SP";"Crescente";"Colisão traseira";2;0;0;0;0;0;0;0;0;0;2;0;0;0;0
"02/08/2025";"18:16:00";"445";"Com vítima";"226,500";"BR-116/SP";"Crescente";"Choque";0;0;0;1;0;0;0;0;0;0;0;0;1;0;0
"02/08/2025";"18:17:00";"448";"Com vítima";"552,000";"BR-101/RJ";"Crescente";"Atropelamento de pedestre";0;0;0;0;0;0;0;0;0;0;0;0;0;0;0
"02/08/2025";"18:25:00";"451";"Sem vítima";"147,500";"BR-116/SP";"Decrescente";"Colisão traseira";2;0;0;0;0;0;0;0;0;0;3;0;0;0;0
"02/08/2025";"21:29:00";"521";"Sem vítima";"93,700";"BR-116/SP";"Decrescente";"Capotamento";1;0;0;0;0;0;0;0;0;0;2;0;0;0;0
"02/08/2025";"22:47:00";"545";"Com vítima";"147,650";"BR-116/SP";"Crescente";"Capotamento";1;0;0;0;0;0;0;0;0;0;0;0;0;1;0
"02/08/2025";"23:57:00";"553";"Com vítima";"48,750";"BR-101/SP";"Decrescente";"Colisão lateral em sentido contrário";1;0;0;1;0;0;0;0;0;0;1;1;0;0;0
"03/08/2025";"01:06:00";"42";"Com vítima";"145,600";"BR-116/SP";"Decrescente";"Engavetamento";2;0;0;0;0;1;0;0;0;1;1;2;1;0;0
"03/08/2025";"01:34:00";"47";"Com vítima";"146,000";"BR-116/SP";"Decrescente";"Engavetamento";2;0;1;0;0;0;0;0;0;0;1;3;0;0;0
"03/08/2025";"03:03:00";"59";"Com vítima";"222,100";"BR-116/SP";"Crescente";"Choque";0;0;0;1;0;0;0;0;0;0;0;2;0;0;0
"03/08/2025";"03:20:00";"63";"Sem vítima";"161,500";"BR-116/SP";"Crescente";"Colisão traseira";1;0;1;0;0;0;0;0;0;0;2;0;0;0;0
"03/08/2025";"04:31:00";"77";"Sem vítima";"224,800";"BR-116/SP";"Decrescente";"Choque";1;0;0;0;0;0;0;0;0;0;1;0;0;0;0
"03/08/2025";"05:49:00";"87";"Com vítima";"96,450";"BR-116/SP";"Crescente";"Colisão traseira";0;0;0;0;0;0;0;1;0;1;0;1;0;0;2
"03/08/2025";"06:43:00";"99";"Com vítima";"215,200";"BR-116/SP";"Decrescente";"Choque";1;0;0;0;0;0;0;0;0;0;0;1;0;0;0
"03/08/2025";"07:33:00";"115";"Sem vítima";"216,000";"BR-116/SP";"Decrescente";"Colisão traseira";1;0;0;0;0;0;0;0;0;0;1;0;0;0;0
"03/08/2025";"08:38:00";"144";"Sem vítima";"225,000";"BR-116/SP";"Decrescente";"Colisão traseira";2;0;0;0;0;0;0;0;0;0;2;0;0;0;0
"03/08/2025";"09:07:00";"158";"Com vítima";"228,200";"BR-116/SP";"Crescente";"Colisão traseira";1;0;0;1;0;0;0;0;0;0;1;0;1;0;0
"03/08/2025";"09:15:00";"164";"Sem vítima";"248,100";"BR-116/RJ";"Crescente";"Acidentes de outra natureza";0;0;0;1;0;0;0;0;0;0;1;0;0;0;0
"03/08/2025";"09:26:00";"167";"Sem vítima";"228,000";"BR-116/SP";"Crescente";"Colisão traseira";2;0;0;0;0;0;0;0;0;0;6;0;0;0;0
"03/08/2025";"11:28:00";"221";"Sem vítima";"227,600";"BR-116/SP";"Crescente";"Choque";1;0;0;0;0;0;0;0;0;0;1;0;0;0;0
"03/08/2025";"11:30:00";"223";"Sem vítima";"106,200";"BR-116/SP";"Decrescente";"Engavetamento";3;0;0;0;0;0;0;0;0;0;0;0;0;0;0
"03/08/2025";"12:52:00";"261";"Sem vítima";"58,200";"BR-116/SP";"Crescente";"Colisão traseira";2;0;0;0;0;0;0;0;0;0;3;0;0;0;0
"03/08/2025";"12:53:00";"262";"Sem vítima";"58,350";"BR-116/SP";"Crescente";"Engavetamento";3;0;0;0;0;0;0;0;0;0;10;0;0;0;0
"03/08/2025";"13:12:00";"269";"Sem vítima";"104,800";"BR-116/SP";"Crescente";"Engavetamento";4;0;0;0;0;0;0;0;0;0;9;0;0;0;0
"03/08/2025";"13:30:00";"275";"Sem vítima";"104,900";"BR-116/SP";"Decrescente";"Colisão traseira";2;0;0;0;0;0;0;0;0;0;7;0;0;0;0
"03/08/2025";"15:42:00";"348";"Sem vítima";"507,900";"BR-101/RJ";"Decrescente";"Colisão traseira";1;0;0;0;0;0;0;0;0;0;2;0;0;0;0
"03/08/2025";"15:59:00";"362";"Com vítima";"406,000";"BR-101/RJ";"Decrescente";"Colisão traseira";1;1;0;0;0;0;0;0;0;0;1;0;0;0;0
"03/08/2025";"16:46:00";"380";"Com vítima";"300,800";"BR-116/RJ";"Crescente";"Capotamento";1;0;0;0;0;0;0;0;0;0;4;1;0;0;0
"03/08/2025";"16:46:00";"392";"Com vítima";"310,000";"BR-116/RJ";"Crescente";"Engavetamento";3;0;0;0;0;0;0;0;0;0;6;1;0;0;0
"03/08/2025";"17:46:00";"406";"Com vítima";"112,300";"BR-116/SP";"Crescente";"Colisão traseira";1;0;0;1;0;0;0;0;0;0;2;0;0;1;0
"03/08/2025";"17:57:00";"415";"Com vítima";"385,000";"BR-101/RJ";"Crescente";"Engavetamento";5;0;0;0;0;0;0;0;0;0;4;1;0;0;0
"03/08/2025";"18:06:00";"419";"Com vítima";"447,100";"BR-101/RJ";"Decrescente";"Acidentes de outra natureza";1;0;0;0;0;0;0;0;0;0;0;2;1;0;0
"04/08/2025";"00:58:00";"39";"Com vítima";"468,900";"BR-101/RJ";"Decrescente";"Acidentes de outra natureza";0;0;0;1;0;0;0;0;0;0;0;1;0;0;0
"04/08/2025";"03:07:00";"57";"Sem vítima";"253,200";"BR-116/RJ";"Decrescente";"Capotamento";0;0;1;0;0;0;0;0;0;0;1;0;0;0;0
"04/08/2025";"07:17:00";"265";"Sem vítima";"82,000";"BR-116/SP";"Crescente";"Choque";1;0;0;0;0;0;0;0;0;0;1;0;0;0;0
"04/08/2025";"09:15:00";"264";"Com vítima";"156,600";"BR-116/SP";"Decrescente";"Colisão traseira";1;0;0;1;0;0;0;0;0;0;4;1;0;1;0
"04/08/2025";"10:22:00";"312";"Com vítima";"225,100";"BR-116/SP";"Crescente";"Engavetamento";0;0;0;0;0;0;0;1;0;1;2;1;0;0;0
"04/08/2025";"10:43:00";"321";"Sem vítima";"257,500";"BR-116/RJ";"Decrescente";"Colisão traseira";1;0;0;0;0;0;0;1;0;0;1;0;0;0;0
"04/08/2025";"13:59:00";"433";"Sem vítima";"103,100";"BR-116/SP";"Crescente";"Choque";1;0;0;0;0;0;0;0;0;0;5;0;0;0;0
"04/08/2025";"14:22:00";"443";"Com vítima";"3,500";"BR-116/SP";"Crescente";"Colisão lateral em sentido contrário";2;0;2;0;0;0;0;0;0;0;3;1;0;0;0
"04/08/2025";"15:45:00";"491";"Com vítima";"497,000";"BR-101/RJ";"Crescente";"Colisão lateral em sentido contrário";1;0;0;1;0;0;0;0;0;0;2;1;0;0;0
"04/08/2025";"16:17:00";"519";"Sem vítima";"39,000";"BR-101/SP";"Decrescente";"Atropelamento de pedestre";0;0;0;1;0;0;0;0;0;0;1;0;0;0;0
"04/08/2025";"16:20:00";"522";"Sem vítima";"86,950";"BR-116/SP";"Decrescente";"Colisão traseira";1;0;1;0;0;0;0;0;0;0;6;0;0;0;0
"04/08/2025";"18:43:00";"585";"Com vítima";"147,900";"BR-116/SP";"Decrescente";"Colisão lateral em sentido contrário";1;0;0;1;0;0;0;0;0;0;2;1;0;0;0
"04/08/2025";"21:45:00";"658";"Com vítima";"386,700";"BR-101/RJ";"Crescente";"Colisão traseira";1;0;0;1;0;0;0;0;0;0;4;2;0;0;0
"04/08/2025";"22:06:00";"667";"Sem vítima";"279,500";"BR-116/RJ";"Crescente";"Choque";0;0;0;0;0;0;0;1;0;0;0;0;0;0;0
"04/08/2025";"22:49:00";"676";"Sem vítima";"279,500";"BR-116/RJ";"Decrescente";"Colisão traseira";2;0;0;0;0;0;0;0;0;0;2;0;0;0;0
"04/08/2025";"23:02:00";"679";"Sem vítima";"279,500";"BR-116/RJ";"Decrescente";"Choque";2;0;0;0;0;0;0;0;0;0;3;0;0;0;0
"05/08/2025";"03:10:00";"57";"Com vítima";"322,800";"BR-116/RJ";"Decrescente";"Choque";1;0;0;0;0;0;0;0;0;0;0;2;0;0;0
"05/08/2025";"07:26:00";"151";"Sem vítima";"135,000";"BR-116/SP";"Crescente";"Colisão traseira";1;0;0;1;0;0;0;0;0;0;2;0;0;0;0
"05/08/2025";"09:25:00";"240";"Sem vítima";"384,000";"BR-101/RJ";"Crescente";"Colisão traseira";2;0;0;0;0;0;0;0;0;0;2;0;0;0;0
"05/08/2025";"10:59:00";"309";"Sem vítima";"273,500";"BR-116/RJ";"Crescente";"Colisão lateral em sentido contrário";1;0;1;0;0;0;0;0;0;0;2;0;0;0;0
"05/08/2025";"12:25:00";"365";"Sem vítima";"88,900";"BR-116/SP";"Crescente";"Colisão traseira";0;0;0;0;0;0;0;0;0;1;1;0;0;0;0
"05/08/2025";"13:46:00";"411";"Sem vítima";"147,000";"BR-116/SP";"Decrescente";"Engavetamento";2;0;0;0;0;0;0;0;0;0;0;0;0;0;0
"05/08/2025";"14:04:00";"427";"Com vítima";"158,000";"BR-116/SP";"Decrescente";"Acidentes de outra natureza";0;0;0;1;0;0;0;0;0;0;0;1;0;0;0
"05/08/2025";"14:50:00";"459";"Com vítima";"385,000";"BR-101/RJ";"Decrescente";"Colisão traseira";1;0;0;0;0;0;0;0;0;0;0;2;0;0;0
"05/08/2025";"16:06:00";"493";"Com vítima";"173,000";"BR-116/SP";"Decrescente";"Choque";1;0;0;0;0;0;0;0;0;0;1;1;0;0;0
"05/08/2025";"17:03:00";"521";"Com vítima";"146,000";"BR-116/SP";"Crescente";"Colisão traseira";1;0;0;1;0;0;0;0;0;0;1;1;0;0;0
"05/08/2025";"17:43:00";"540";"Sem vítima";"229,500";"BR-116/RJ";"Crescente";"Colisão lateral em sentido contrário";1;0;1;0;0;0;0;0;0;0;4;0;0;0;0
"05/08/2025";"18:31:00";"566";"Com vítima";"476,000";"BR-101/RJ";"Crescente";"Colisão lateral em sentido contrário";1;0;1;1;0;0;0;0;0;0;1;0;1;0;0
"05/08/2025";"18:42:00";"575";"Com vítima";"220,000";"BR-116/SP";"Decrescente";"Colisão lateral em sentido contrário";1;0;0;1;0;0;0;0;0;0;1;1;0;0;0
"05/08/2025";"19:43:00";"599";"Com vítima";"223,000";"BR-116/SP";"Decrescente";"Choque";2;0;0;0;0;0;0;0;0;0;0;5;0;0;0
"05/08/2025";"22:01:00";"644";"Sem vítima";"213,000";"BR-116/SP";"Crescente";"Colisão traseira";2;0;0;0;0;0;0;0;0;0;0;0;0;0;0
"05/08/2025";"22:34:00";"653";"Com vítima";"317,001";"BR-116/RJ";"Crescente";"Atropelamento de pedestre";0;1;0;1;0;0;0;0;0;0;0;0;0;0;1
"06/08/2025";"00:00:00";"561";"Sem vítima";"119,800";"BR-116/SP";"Decrescente";"Colisão traseira";0;0;2;0;0;0;0;0;0;0;2;0;0;0;0
"06/08/2025";"06:46:00";"122";"Com vítima";"130,000";"BR-116/SP";"Crescente";"Colisão traseira";1;0;1;0;0;0;0;0;0;0;4;1;0;0;0
"06/08/2025";"10:02:00";"265";"Sem vítima";"228,600";"BR-116/RJ";"Decrescente";"Choque";0;0;1;0;0;0;0;0;0;0;1;0;0;0;0
"06/08/2025";"12:16:00";"260";"Com vítima";"221,000";"BR-116/SP";"Crescente";"Engavetamento";1;0;0;2;0;0;0;0;0;0;1;3;0;0;0
"06/08/2025";"15:02:00";"436";"Com vítima";"107,000";"BR-116/SP";"Decrescente";"Acidentes de outra natureza";0;0;0;1;0;0;0;0;0;0;0;1;0;0;0
"06/08/2025";"15:44:00";"451";"Sem vítima";"239,100";"BR-116/RJ";"Decrescente";"Colisão traseira";1;0;1;0;0;0;0;0;0;0;3;0;0;0;0
"06/08/2025";"16:06:00";"466";"Com vítima";"311,000";"BR-116/RJ";"Crescente";"Atropelamento de pedestre";0;0;0;0;0;0;0;0;0;0;0;0;1;0;0