data;horario;n_da_ocorrencia;tipo_de_ocorrencia;km;trecho;sentido;tipo_de_acidente;automovel;bicicleta;caminhao;moto;onibus;outros;tracao_animal;transporte_de_cargas_especiais;trator_maquinas;utilitarios;ilesos;levemente_feridos;moderadamente_feridos;gravemente_feridos;mortos
"06/08/2025";"16:51:00";"493";"Sem vítima";"50,500";"BR-101/SP";"Decrescente";"Colisão traseira";1;0;0;0;0;0;0;0;0;0;1;0;0;0;0
"06/08/2025";"17:03:00";"499";"Com vítima";"385,700";"BR-101/RJ";"Crescente";"Acidentes de outra natureza";0;0;0;1;0;0;0;0;0;0;0;1;1;0;0
"06/08/2025";"17:12:00";"503";"Com vítima";"219,000";"BR-116/SP";"Decrescente";"Acidentes de outra natureza";0;0;0;1;0;0;0;0;0;0;0;1;0;0;0
"06/08/2025";"17:35:00";"510";"Sem vítima";"150,000";"BR-116/SP";"Crescente";"Colisão traseira";2;0;0;0;0;0;0;0;0;0;2;0;0;0;0
"06/08/2025";"17:51:00";"517";"Sem vítima";"113,000";"BR-116/SP";"Decrescente";"Colisão traseira";0;0;2;0;0;0;0;0;0;0;2;0;0;0;0
"06/08/2025";"21:25:00";"594";"Sem vítima";"264,600";"BR-116/RJ";"Crescente";"Colisão traseira";0;0;2;0;0;0;0;0;0;0;0;0;0;0;0
"06/08/2025";"22:45:00";"639";"Sem vítima";"229,600";"BR-116/SP";"Decrescente";"Colisão traseira";0;0;0;0;0;0;0;1;0;0;1;0;0;0;0
"06/08/2025";"23:15:00";"647";"Sem vítima";"175,850";"BR-116/SP";"Decrescente";"Colisão traseira";0;0;1;0;0;0;0;0;0;0;2;0;0;0;0
"07/08/2025";"00:00:00";"32";"Com vítima";"93,500";"BR-116/SP";"Decrescente";"Atropelamento de pedestre";2;0;0;0;0;0;0;0;0;0;4;1;0;0;0
"07/08/2025";"00:00:00";"53";"Sem vítima";"182,150";"BR-116/SP";"Decrescente";"Colisão traseira";0;0;1;0;0;0;0;0;0;0;1;0;0;0;0
"07/08/2025";"00:00:00";"60";"Com vítima";"51,000";"BR-116/SP";"Decrescente";"Acidentes de outra natureza";0;0;0;1;0;0;0;0;0;0;0;1;0;0;0
"07/08/2025";"00:00:00";"481";"Sem vítima";"283,800";"BR-116/RJ";"Decrescente";"Colisão traseira";1;0;1;0;0;0;0;0;0;0;4;0;0;0;0
"07/08/2025";"02:43:00";"63";"Com vítima";"60,450";"BR-116/SP";"Decrescente";"Choque";0;0;0;1;0;0;0;0;0;0;0;1;0;0;0
"07/08/2025";"04:47:00";"81";"Sem vítima";"91,700";"BR-116/SP";"Decrescente";"Atropelamento de pedestre";0;0;1;0;0;0;0;0;0;0;1;0;0;0;0
"07/08/2025";"06:03:00";"111";"Sem vítima";"324,000";"BR-116/RJ";"Decrescente";"Colisão lateral em sentido contrário";1;0;0;0;0;0;0;0;0;0;4;0;0;0;0
"07/08/2025";"06:11:00";"117";"Sem vítima";"460,500";"BR-101/RJ";"Crescente";"Choque";1;0;0;0;0;0;0;0;0;0;1;0;0;0;0
"07/08/2025";"06:55:00";"154";"Sem vítima";"212,200";"BR-116/SP";"Crescente";"Colisão traseira";0;0;0;0;0;0;0;0;0;1;0;0;0;0;0
"07/08/2025";"07:17:00";"173";"Sem vítima";"219,000";"BR-116/SP";"Crescente";"Colisão lateral em sentido contrário";1;0;1;0;0;0;0;0;0;0;2;0;0;0;0
"07/08/2025";"07:31:00";"183";"Sem vítima";"146,600";"BR-116/SP";"Crescente";"Colisão lateral em sentido contrário";0;0;0;2;0;0;0;0;0;0;2;0;0;0;0
"07/08/2025";"08:54:00";"265";"Com vítima";"224,000";"BR-116/SP";"Decrescente";"Engavetamento";1;0;0;2;0;0;0;0;0;0;2;1;1;0;0
"07/08/2025";"10:31:00";"326";"Sem vítima";"226,000";"BR-116/SP";"Crescente";"Colisão lateral em sentido contrário";2;0;0;0;0;0;0;0;0;0;2;0;0;0;0
"07/08/2025";"12:39:00";"407";"Sem vítima";"233,600";"BR-116/RJ";"Crescente";"Engavetamento";2;0;0;0;0;0;0;1;0;0;3;0;0;0;0
"07/08/2025";"13:04:00";"425";"Sem vítima";"224,900";"BR-116/SP";"Crescente";"Colisão lateral em sentido contrário";1;0;1;0;0;0;0;0;0;0;2;0;0;0;0
"07/08/2025";"13:43:00";"448";"Sem vítima";"308,700";"BR-116/RJ";"Decrescente";"Colisão traseira";2;0;0;0;0;0;0;0;0;0;0;0;0;0;0
"07/08/2025";"13:59:00";"454";"Sem vítima";"159,100";"BR-116/SP";"Decrescente";"Colisão traseira";0;0;1;0;0;0;0;0;0;0;0;0;0;0;0
"07/08/2025";"14:38:00";"476";"Com vítima";"83,800";"BR-116/SP";"Decrescente";"Tombamento";0;0;1;0;0;0;0;0;0;0;0;1;0;0;0
"07/08/2025";"15:25:00";"505";"Sem vítima";"221,800";"BR-116/RJ";"Crescente";"Colisão traseira";1;0;1;0;0;0;0;0;0;0;5;0;0;0;0
"07/08/2025";"15:49:00";"516";"Sem vítima";"148,000";"BR-116/SP";"Crescente";"Colisão lateral em sentido contrário";1;0;0;0;1;0;0;0;0;0;20;0;0;0;0
"07/08/2025";"15:49:00";"517";"Com vítima";"435,000";"BR-101/RJ";"Decrescente";"Choque";1;0;0;0;0;0;0;0;0;0;0;1;0;0;0
"07/08/2025";"16:30:00";"547";"Sem vítima";"412,000";"BR-101/RJ";"Decrescente";"Choque";1;0;0;0;0;0;0;0;0;0;2;0;0;0;0
"07/08/2025";"17:36:00";"577";"Com vítima";"576,000";"BR-101/RJ";"Decrescente";"Colisão frontal";1;0;0;1;0;0;0;0;0;0;1;1;0;0;0
"07/08/2025";"17:45:00";"587";"Sem vítima";"384,000";"BR-101/RJ";"Crescente";"Colisão traseira";0;0;1;0;0;0;0;0;0;0;1;0;0;0;0
"07/08/2025";"18:16:00";"600";"Sem vítima";"267,700";"BR-116/RJ";"Crescente";"Colisão traseira";1;0;1;0;0;0;0;0;0;0;4;0;0;0;0
"07/08/2025";"18:21:00";"602";"Com vítima";"147,700";"BR-116/SP";"Decrescente";"Colisão traseira";1;0;0;1;0;0;0;0;0;0;1;1;0;0;0
"07/08/2025";"18:21:00";"603";"Sem vítima";"291,800";"BR-116/RJ";"Decrescente";"Colisão traseira";2;0;0;0;0;0;0;0;0;0;2;0;0;0;0
"07/08/2025";"18:34:00";"613";"Com vítima";"222,000";"BR-116/SP";"Decrescente";"Choque";0;0;0;1;0;0;0;0;0;0;0;1;0;0;0
"07/08/2025";"18:41:00";"617";"Sem vítima";"204,500";"BR-116/SP";"Crescente";"Engavetamento";3;0;0;0;0;0;0;0;0;0;0;0;0;0;0
"07/08/2025";"19:22:00";"638";"Com vítima";"383,800";"BR-101/RJ";"Decrescente";"Atropelamento de pedestre";0;0;0;1;0;0;0;0;0;0;1;1;0;0;0
"07/08/2025";"20:25:00";"669";"Sem vítima";"70,000";"BR-116/SP";"Decrescente";"Colisão traseira";1;0;1;0;0;0;0;0;0;0;2;0;0;0;0
"07/08/2025";"21:17:00";"687";"Com vítima";"177,500";"BR-116/SP";"Decrescente";"Atropelamento de pedestre";0;1;0;0;0;0;0;0;0;0;0;0;0;0;1
"07/08/2025";"22:46:00";"725";"Sem vítima";"219,500";"BR-116/SP";"Crescente";"Colisão lateral em sentido contrário";2;0;0;0;0;0;0;0;0;0;0;0;0;0;0
"08/08/2025";"02:46:00";"61";"Sem vítima";"224,200";"BR-116/SP";"Crescente";"Choque";1;0;0;0;0;0;0;0;0;0;0;0;0;0;0
"08/08/2025";"04:26:00";"74";"Sem vítima";"55,000";"BR-116/SP";"Decrescente";"Tombamento";0;0;1;0;0;0;0;0;0;0;1;0;0;0;0
"08/08/2025";"04:43:00";"80";"Sem vítima";"47,200";"BR-116/SP";"Crescente";"Tombamento";0;0;0;1;0;0;0;0;0;1;2;0;0;0;0
"08/08/2025";"05:19:00";"94";"Com vítima";"473,300";"BR-101/RJ";"Decrescente";"Colisão frontal";0;1;0;1;0;0;0;0;0;0;0;1;0;0;0
"08/08/2025";"05:49:00";"108";"Sem vítima";"32,000";"BR-116/SP";"Decrescente";"Colisão traseira";0;0;2;0;0;0;0;0;0;0;2;0;0;0;0
"08/08/2025";"07:26:00";"180";"Sem vítima";"225,200";"BR-116/SP";"Crescente";"Colisão traseira";2;0;0;0;0;0;0;0;0;0;4;0;0;0;0
"08/08/2025";"08:45:00";"231";"Sem vítima";"220,300";"BR-116/SP";"Decrescente";"Colisão traseira";0;0;1;1;0;0;0;0;0;0;2;0;0;0;0
"08/08/2025";"09:01:00";"251";"Sem vítima";"144,000";"BR-116/SP";"Decrescente";"Colisão lateral em sentido contrário";2;0;0;0;0;0;0;0;0;0;2;0;0;0;0
"08/08/2025";"12:42:00";"407";"Sem vítima";"75,500";"BR-116/SP";"Decrescente";"Colisão traseira";1;0;0;0;0;0;0;1;0;0;3;0;0;0;0
"08/08/2025";"12:54:00";"413";"Com vítima";"492,000";"BR-101/RJ";"Crescente";"Colisão frontal";2;0;0;0;0;0;0;0;0;0;1;1;1;0;0
"08/08/2025";"14:51:00";"471";"Com vítima";"216,300";"BR-116/SP";"Decrescente";"Choque";1;0;0;0;0;0;0;0;0;0;0;1;0;0;0
"08/08/2025";"15:38:00";"509";"Com vítima";"264,600";"BR-116/RJ";"Crescente";"Colisão lateral em sentido contrário";1;0;0;0;1;0;0;0;0;0;0;1;0;0;0
"08/08/2025";"16:08:00";"522";"Com vítima";"308,200";"BR-116/RJ";"Decrescente";"Colisão traseira";1;0;0;0;0;0;0;1;0;0;2;1;1;0;0
"08/08/2025";"16:11:00";"525";"Sem vítima";"135,000";"BR-116/SP";"Decrescente";"Choque";1;0;0;0;0;0;0;0;0;0;1;0;0;0;0
"08/08/2025";"16:14:00";"529";"Com vítima";"385,000";"BR-101/RJ";"Decrescente";"Colisão lateral em sentido contrário";1;0;0;1;0;0;0;0;0;0;1;0;1;0;0
"08/08/2025";"16:16:00";"530";"Sem vítima";"334,400";"BR-116/RJ";"Crescente";"Choque";0;0;1;0;0;0;0;0;0;0;1;0;0;0;0
"08/08/2025";"16:27:00";"538";"Sem vítima";"65,000";"BR-116/SP";"Crescente";"Choque";1;0;0;0;0;0;0;0;0;0;1;0;0;0;0
"08/08/2025";"16:56:00";"555";"Com vítima";"291,200";"BR-116/RJ";"Crescente";"Choque";1;0;0;0;0;0;0;0;0;0;0;0;0;1;0
"08/08/2025";"17:23:00";"569";"Com vítima";"474,000";"BR-101/RJ";"Crescente";"Colisão lateral em sentido contrário";0;0;0;1;0;0;0;0;0;0;0;1;0;0;0
"08/08/2025";"17:32:00";"577";"Com vítima";"217,000";"BR-116/SP";"Decrescente";"Engavetamento";2;0;0;1;0;0;0;0;0;0;2;1;1;0;0
"08/08/2025";"18:23:00";"599";"Sem vítima";"61,500";"BR-116/SP";"Crescente";"Colisão traseira";1;0;0;0;0;0;0;0;0;0;2;0;0;0;0
"08/08/2025";"18:40:00";"610";"Sem vítima";"396,300";"BR-101/RJ";"Decrescente";"Choque";1;0;0;0;0;0;0;0;0;0;0;0;0;0;0
"08/08/2025";"22:11:00";"691";"Sem vítima";"18,200";"BR-116/SP";"Crescente";"Colisão traseira";1;0;0;0;0;0;0;0;0;0;3;0;0;0;0
"08/08/2025";"22:59:00";"704";"Sem vítima";"89,500";"BR-116/SP";"Decrescente";"Colisão lateral em sentido contrário";1;0;0;0;0;0;0;0;0;0;3;0;0;0;0
"09/08/2025";"00:00:00";"177";"Sem vítima";"112,000";"BR-116/SP";"Crescente";"Colisão traseira";2;0;0;0;0;0;0;0;0;0;2;0;0;0;0
"09/08/2025";"00:03:00";"32";"Sem vítima";"436,000";"BR-101/RJ";"Decrescente";"Choque";1;0;0;0;0;0;0;0;0;0;1;0;0;0;0
"09/08/2025";"05:28:00";"79";"Sem vítima";"504,000";"BR-101/RJ";"Decrescente";"Choque";1;0;0;0;0;0;0;0;0;0;1;0;0;0;0
"09/08/2025";"08:12:00";"152";"Sem vítima";"23,600";"BR-116/SP";"Decrescente";"Colisão lateral em sentido contrário";0;0;1;0;0;0;0;0;0;0;1;0;0;0;0
"09/08/2025";"08:24:00";"157";"Sem vítima";"154,000";"BR-116/SP";"Decrescente";"Engavetamento";1;0;0;0;0;0;0;0;0;0;1;0;0;0;0
"09/08/2025";"08:34:00";"165";"Sem vítima";"155,000";"BR-116/SP";"Decrescente";"Engavetamento";3;0;0;0;0;0;0;0;0;0;0;0;0;0;0
"09/08/2025";"08:59:00";"182";"Sem vítima";"113,000";"BR-116/SP";"Crescente";"Colisão traseira";1;0;0;0;0;0;0;0;0;0;1;0;0;0;0
"09/08/2025";"09:32:00";"206";"Com vítima";"229,000";"BR-116/SP";"Decrescente";"Colisão lateral em sentido contrário";0;0;1;1;0;0;0;0;0;0;1;1;0;0;0
"09/08/2025";"09:53:00";"214";"Sem vítima";"232,000";"BR-116/RJ";"Decrescente";"Choque";1;0;0;0;0;0;0;0;0;0;1;0;0;0;0
"09/08/2025";"10:17:00";"229";"Sem vítima";"230,000";"BR-116/RJ";"Crescente";"Colisão lateral em sentido contrário";1;0;1;0;0;0;0;0;0;0;2;0;0;0;0
"09/08/2025";"10:28:00";"233";"Com vítima";"226,000";"BR-116/RJ";"Decrescente";"Choque";1;0;0;0;0;0;0;0;0;0;4;1;0;0;0
"09/08/2025";"10:52:00";"244";"Sem vítima";"421,000";"BR-101/RJ";"Crescente";"Choque";1;0;0;0;0;0;0;0;0;0;2;0;0;0;0
"09/08/2025";"11:54:00";"265";"Sem vítima";"128,000";"BR-116/SP";"Crescente";"Colisão lateral em sentido contrário";1;0;1;0;0;0;0;0;0;0;2;0;0;0;0
"09/08/2025";"12:18:00";"276";"Sem vítima";"112,400";"BR-116/SP";"Decrescente";"Engavetamento";3;0;0;0;0;0;0;0;0;0;3;0;0;0;0
"09/08/2025";"13:15:00";"302";"Sem vítima";"321,000";"BR-116/RJ";"Decrescente";"Colisão traseira";1;0;1;0;0;0;0;0;0;0;5;0;0;0;0
"09/08/2025";"14:20:00";"329";"Com vítima";"221,000";"BR-116/SP";"Decrescente";"Colisão lateral em sentido contrário";1;0;0;1;0;0;0;0;0;0;1;1;0;0;0
"09/08/2025";"15:14:00";"355";"Com vítima";"282,000";"BR-116/RJ";"Crescente";"Atropelamento de pedestre";0;0;0;0;0;0;0;0;0;0;0;0;1;0;0
"09/08/2025";"16:03:00";"405";"Com vítima";"63,000";"BR-116/SP";"Decrescente";"Colisão traseira";1;0;0;1;0;0;0;0;0;0;1;2;0;0;0
"09/08/2025";"16:06:00";"392";"Sem vítima";"134,500";"BR-116/SP";"Crescente";"Colisão traseira";2;0;0;0;0;0;0;0;0;0;0;0;0;0;0
"09/08/2025";"16:38:00";"411";"Sem vítima";"524,000";"BR-101/RJ";"Crescente";"Choque";1;0;0;0;0;0;0;0;0;0;1;0;0;0;0
"09/08/2025";"17:32:00";"438";"Com vítima";"503,000";"BR-101/RJ";"Crescente";"Colisão lateral em sentido contrário";1;0;0;1;0;0;0;0;0;0;0;0;1;0;0
"09/08/2025";"18:31:00";"457";"Com vítima";"570,000";"BR-101/RJ";"Decrescente";"Colisão lateral em sentido contrário";1;0;0;1;0;0;0;0;0;0;1;1;0;0;0
"09/08/2025";"18:41:00";"461";"Com vítima";"573,900";"BR-101/RJ";"Decrescente";"Colisão frontal";0;0;0;1;1;0;0;0;0;0;8;1;0;0;0
"09/08/2025";"19:07:00";"476";"Sem vítima";"509,000";"BR-101/RJ";"Crescente";"Choque";1;0;0;0;0;0;0;0;0;0;0;0;0;0;0
"09/08/2025";"19:18:00";"480";"Com vítima";"509,100";"BR-101/RJ";"Decrescente";"Colisão lateral em sentido contrário";1;0;0;0;0;0;0;0;0;0;0;1;0;0;0
"09/08/2025";"19:57:00";"491";"Sem vítima";"469,436";"BR-101/RJ";"Crescente";"Choque";1;0;0;0;0;0;0;0;0;0;1;0;0;0;0
"09/08/2025";"21:05:00";"506";"Com vítima";"182,100";"BR-116/SP";"Crescente";"Acidentes de outra natureza";1;0;0;0;0;0;0;0;0;0;1;0;1;0;0
"09/08/2025";"21:18:00";"507";"Sem vítima";"412,000";"BR-101/RJ";"Decrescente";"Capotamento";1;0;0;0;0;0;0;0;0;0;1;0;0;0;0
"09/08/2025";"22:20:00";"518";"Com vítima";"485,000";"BR-101/RJ";"Decrescente";"Colisão transversal";0;0;0;1;0;0;0;0;0;0;0;0;1;0;0
"09/08/2025";"23:07:00";"526";"Sem vítima";"549,000";"BR-101/RJ";"Decrescente";"Choque";1;0;0;0;0;0;0;0;0;0;1;0;0;0;0
"09/08/2025";"23:30:00";"535";"Com vítima";"219,000";"BR-116/SP";"Crescente";"Acidentes de outra natureza";1;0;0;0;0;0;0;0;0;0;0;1;0;0;0
"09/08/2025";"23:32:00";"536";"Sem vítima";"523,900";"BR-101/RJ";"Crescente";"Choque";1;0;0;0;0;0;0;0;0;0;3;0;0;0;0
"10/08/2025";"01:09:00";"49";"Sem vítima";"138,500";"BR-116/SP";"Decrescente";"Atropelamento de pedestre";1;0;0;0;0;0;0;0;0;0;1;0;0;0;0
"10/08/2025";"01:13:00";"50";"Sem vítima";"138,000";"BR-116/SP";"Crescente";"Atropelamento de pedestre";2;0;0;0;0;0;0;0;0;0;2;0;0;0;0
"10/08/2025";"04:30:00";"52";"Com vítima";"108,000";"BR-116/SP";"Decrescente";"Choque";0;0;0;1;0;0;0;0;0;0;0;1;0;0;0
"10/08/2025";"04:36:00";"54";"Com vítima";"60,000";"BR-116/SP";"Decrescente";"Choque";2;0;0;0;0;0;0;0;0;0;1;2;0;0;0
"10/08/2025";"05:18:00";"64";"Com vítima";"435,000";"BR-101/RJ";"Crescente";"Choque";1;0;0;0;0;0;0;0;0;0;0;1;0;0;0
"10/08/2025";"05:45:00";"71";"Sem vítima";"231,000";"BR-116/SP";"Crescente";"Choque";0;0;1;0;0;0;0;0;0;0;1;0;0;0;0
"10/08/2025";"07:58:00";"121";"Sem vítima";"223,400";"BR-116/RJ";"Crescente";"Choque";1;0;0;0;0;0;0;0;0;0;2;0;0;0;0
"10/08/2025";"11:53:00";"237";"Com vítima";"65,000";"BR-116/SP";"Crescente";"Colisão traseira";1;0;0;0;0;0;0;0;0;0;0;2;0;0;0
"10/08/2025";"12:54:00";"266";"Com vítima";"529,000";"BR-101/RJ";"Crescente";"Capotamento";1;0;0;0;0;0;0;0;0;0;0;1;0;0;0
"10/08/2025";"13:39:00";"282";"Com vítima";"321,000";"BR-116/RJ";"Crescente";"Atropelamento de pedestre";1;0;0;0;0;0;0;0;0;0;0;0;1;0;0
"10/08/2025";"14:13:00";"298";"Sem vítima";"98,700";"BR-116/SP";"Decrescente";"Acidentes de outra natureza";0;0;0;1;0;0;0;0;0;0;2;0;0;0;0
"10/08/2025";"16:48:00";"369";"Sem vítima";"30,000";"BR-116/SP";"Crescente";"Acidentes de outra natureza";0;0;0;1;0;0;0;0;0;0;2;0;0;0;0
"10/08/2025";"17:08:00";"383";"Sem vítima";"11,800";"BR-116/SP";"Decrescente";"Choque";1;0;0;0;0;0;0;0;0;0;1;0;0;0;0
"10/08/2025";"18:21:00";"421";"Sem vítima";"167,000";"BR-116/SP";"Crescente";"Engavetamento";1;0;0;0;0;0;0;0;0;0;1;0;0;0;0
"10/08/2025";"20:08:00";"489";"Sem vítima";"135,800";"BR-116/SP";"Crescente";"Engavetamento";3;0;0;0;0;0;0;0;0;0;0;0;0;0;0
"10/08/2025";"20:12:00";"491";"Com vítima";"156,500";"BR-116/SP";"Crescente";"Colisão lateral em sentido contrário";2;0;0;0;0;0;0;0;0;0;3;1;0;0;0
"10/08/2025";"20:52:00";"505";"Sem vítima";"85,000";"BR-116/SP";"Decrescente";"Choque";1;0;0;0;0;0;0;0;0;0;1;0;0;0;0
"11/08/2025";"00:02:00";"32";"Com vítima";"484,000";"BR-101/RJ";"Crescente";"Choque";1;0;0;0;0;0;0;0;0;0;2;1;0;0;0
"11/08/2025";"04:18:00";"57";"Sem vítima";"476,000";"BR-101/RJ";"Crescente";"Capotamento";1;0;0;0;0;0;0;0;0;0;2;0;0;0;0
"11/08/2025";"05:00:00";"544";"Com vítima";"119,500";"BR-116/SP";"Decrescente";"Engavetamento";5;0;0;0;0;0;0;0;0;0;8;1;0;0;0
"11/08/2025";"06:05:00";"80";"Sem vítima";"227,000";"BR-116/SP";"Crescente";"Choque";1;0;0;0;0;0;0;0;0;0;1;0;0;0;0
"11/08/2025";"06:43:00";"113";"Com vítima";"153,600";"BR-116/SP";"Crescente";"Engavetamento";1;0;1;1;0;0;0;0;0;0;2;1;0;0;0
"11/08/2025";"06:52:00";"122";"Com vítima";"385,000";"BR-101/RJ";"Decrescente";"Capotamento";1;0;0;0;0;0;0;0;0;0;0;2;0;0;0
"11/08/2025";"07:36:00";"166";"Com vítima";"222,200";"BR-116/SP";"Crescente";"Colisão lateral em sentido contrário";2;0;0;1;0;0;0;0;0;0;2;1;0;0;0
"11/08/2025";"07:51:00";"178";"Com vítima";"474,200";"BR-101/RJ";"Decrescente";"Colisão lateral em sentido contrário";1;0;0;1;0;0;0;0;0;0;1;2;0;0;0
"11/08/2025";"07:56:00";"182";"Com vítima";"216,000";"BR-116/SP";"Crescente";"Colisão lateral em sentido contrário";1;0;0;1;0;0;0;0;0;0;0;1;0;0;0
"11/08/2025";"07:58:00";"183";"Com vítima";"144,800";"BR-116/SP";"Crescente";"Colisão traseira";2;0;0;2;0;0;0;0;0;0;2;0;4;0;0
"11/08/2025";"10:25:00";"306";"Com vítima";"221,000";"BR-116/SP";"Crescente";"Colisão lateral em sentido contrário";1;0;0;1;0;0;0;0;0;0;0;1;0;0;0
"11/08/2025";"10:26:00";"307";"Com vítima";"395,000";"BR-101/RJ";"Decrescente";"Capotamento";1;0;0;0;0;0;0;0;0;0;1;1;0;0;0
"11/08/2025";"13:18:00";"396";"Com vítima";"136,400";"BR-116/SP";"Decrescente";"Engavetamento";3;0;1;0;0;0;0;0;0;0;3;1;0;0;0
"11/08/2025";"14:16:00";"428";"Sem vítima";"131,000";"BR-116/SP";"Crescente";"Colisão traseira";1;0;0;0;0;0;0;0;0;0;0;0;0;0;0
"11/08/2025";"15:03:00";"444";"Com vítima";"490,000";"BR-101/RJ";"Crescente";"Colisão lateral em sentido contrário";0;0;0;1;0;0;0;0;0;0;1;1;0;0;0
"11/08/2025";"15:05:00";"447";"Com vítima";"312,000";"BR-116/RJ";"Decrescente";"Colisão traseira";1;0;0;1;0;0;0;0;0;0;2;0;2;0;0
"11/08/2025";"16:06:00";"489";"Com vítima";"238,700";"BR-116/RJ";"Crescente";"Choque";0;0;1;0;0;0;0;0;0;0;0;0;1;0;0
"11/08/2025";"16:46:00";"514";"Sem vítima";"224,000";"BR-116/SP";"Crescente";"Colisão traseira";1;0;0;0;1;0;0;0;0;0;0;0;0;0;0
"11/08/2025";"17:10:00";"525";"Sem vítima";"101,000";"BR-116/SP";"Crescente";"Choque";1;0;0;0;0;0;0;0;0;0;1;0;0;0;0
"11/08/2025";"17:11:00";"526";"Com vítima";"158,200";"BR-116/SP";"Decrescente";"Colisão traseira";1;0;0;0;0;0;0;0;0;0;1;2;0;0;0
"11/08/2025";"17:43:00";"543";"Com vítima";"50,900";"BR-101/SP";"Crescente";"Colisão traseira";1;0;0;1;0;0;0;0;0;0;1;1;0;0;0
"11/08/2025";"19:26:00";"595";"Sem vítima";"203,800";"BR-116/SP";"Decrescente";"Colisão traseira";1;0;0;0;0;0;0;0;0;0;1;0;0;0;0
"11/08/2025";"19:54:00";"614";"Com vítima";"210,300";"BR-116/SP";"Decrescente";"Colisão traseira";1;0;0;1;0;0;0;0;0;0;2;1;0;0;0
"11/08/2025";"21:27:00";"656";"Com vítima";"436,000";"BR-101/RJ";"Decrescente";"Capotamento";1;0;0;0;0;0;0;0;0;0;0;0;1;0;0
"11/08/2025";"22:19:00";"665";"Sem vítima";"27,500";"BR-116/SP";"Crescente";"Atropelamento de pedestre";0;0;0;0;0;0;0;1;0;0;1;0;0;0;0
"11/08/2025";"22:32:00";"668";"Sem vítima";"230,500";"BR-116/SP";"Decrescente";"Colisão lateral em sentido contrário";1;0;1;0;0;0;0;0;0;0;2;0;0;0;0
"11/08/2025";"22:39:00";"671";"Sem vítima";"27,500";"BR-116/SP";"Crescente";"Atropelamento de pedestre";0;0;0;0;0;0;0;1;0;0;1;0;0;0;0
"12/08/2025";"03:31:00";"61";"Com vítima";"284,000";"BR-116/RJ";"Crescente";"Acidentes de outra natureza";0;0;0;1;0;0;0;0;0;0;0;0;1;0;0
"12/08/2025";"05:21:00";"77";"Com vítima";"58,000";"BR-116/SP";"Decrescente";"Acidentes de outra natureza";0;0;0;1;0;0;0;0;0;0;0;1;0;0;0
"12/08/2025";"05:32:00";"83";"Com vítima";"219,000";"BR-116/SP";"Decrescente";"Acidentes de outra natureza";0;0;0;1;0;0;0;0;0;0;0;1;0;0;0
"12/08/2025";"05:48:00";"96";"Com vítima";"212,000";"BR-116/SP";"Crescente";"Acidentes de outra natureza";1;0;0;1;0;0;0;0;0;0;1;1;0;0;0
"12/08/2025";"05:53:00";"99";"Com vítima";"223,900";"BR-116/SP";"Crescente";"Colisão traseira";0;0;0;1;0;0;0;0;0;1;1;0;1;0;0
"12/08/2025";"06:39:00";"125";"Com vítima";"187,000";"BR-116/SP";"Crescente";"Acidentes de outra natureza";0;0;0;1;0;0;0;0;0;0;0;0;1;0;0
"12/08/2025";"07:43:00";"189";"Com vítima";"503,500";"BR-101/RJ";"Crescente";"Colisão lateral em sentido contrário";0;1;0;1;0;0;0;0;0;0;1;0;0;0;0
"12/08/2025";"08:09:00";"217";"Com vítima";"212,200";"BR-116/SP";"Crescente";"Colisão lateral em sentido contrário";0;0;0;2;0;0;0;0;0;0;1;1;0;0;0
"12/08/2025";"09:10:00";"278";"Sem vítima";"218,500";"BR-116/SP";"Crescente";"Colisão traseira";2;0;0;0;0;0;0;0;0;0;0;0;0;0;0
"12/08/2025";"09:23:00";"285";"Sem vítima";"218,600";"BR-116/SP";"Crescente";"Engavetamento";1;0;0;0;2;0;0;0;0;1;26;0;0;0;0
"12/08/2025";"09:46:00";"303";"Sem vítima";"256,100";"BR-116/RJ";"Decrescente";"Atropelamento de pedestre";1;0;0;0;0;0;0;0;0;0;1;0;0;0;0
"12/08/2025";"13:42:00";"442";"Com vítima";"478,000";"BR-101/RJ";"Decrescente";"Engavetamento";3;0;0;0;0;0;0;0;0;0;2;1;0;0;0
"12/08/2025";"14:31:00";"475";"Com vítima";"221,500";"BR-116/SP";"Decrescente";"Colisão traseira";1;0;0;1;0;0;0;0;0;0;3;1;0;0;0
"12/08/2025";"16:10:00";"531";"Sem vítima";"65,900";"BR-116/SP";"Crescente";"Colisão lateral em sentido contrário";1;0;0;0;0;0;0;0;0;0;2;0;0;0;0
"12/08/2025";"16:36:00";"544";"Com vítima";"167,000";"BR-116/SP";"Crescente";"Acidentes de outra natureza";0;0;0;1;0;0;0;0;0;0;0;1;0;0;0
"12/08/2025";"16:53:00";"550";"Sem vítima";"215,500";"BR-116/SP";"Decrescente";"Colisão lateral em sentido contrário";0;0;0;1;0;0;0;0;0;0;0;0;0;0;0
"12/08/2025";"18:10:00";"584";"Com vítima";"225,400";"BR-116/SP";"Decrescente";"Engavetamento";4;0;0;0;0;0;0;0;0;0;2;1;0;0;0