data;horario;n_da_ocorrencia;tipo_de_ocorrencia;km;trecho;sentido;tipo_de_acidente;automovel;bicicleta;caminhao;moto;onibus;outros;tracao_animal;transporte_de_cargas_especiais;trator_maquinas;utilitarios;ilesos;levemente_feridos;moderadamente_feridos;gravemente_feridos;mortos
"12/08/2025";"18:44:00";"594";"Sem vítima";"427,000";"BR-101/RJ";"Decrescente";"Colisão lateral em sentido contrário";1;0;0;0;1;0;0;0;0;0;4;0;0;0;0
"12/08/2025";"20:42:00";"637";"Com vítima";"384,000";"BR-101/RJ";"Decrescente";"Colisão traseira";1;0;0;1;0;0;0;0;0;0;1;2;0;0;0
"12/08/2025";"21:01:00";"644";"Com vítima";"592,000";"BR-101/RJ";"Crescente";"Choque";1;0;0;0;0;0;0;0;0;0;0;2;1;0;0
"12/08/2025";"22:23:00";"676";"Com vítima";"227,000";"BR-116/SP";"Decrescente";"Acidentes de outra natureza";0;0;0;1;0;0;0;0;0;0;0;1;0;0;0
"12/08/2025";"22:41:00";"681";"Com vítima";"227,000";"BR-116/SP";"Decrescente";"Acidentes de outra natureza";0;0;0;1;0;0;0;0;0;0;0;1;0;0;0
"13/08/2025";"00:28:00";"47";"Sem vítima";"67,100";"BR-116/SP";"Decrescente";"Colisão traseira";0;0;1;0;0;0;0;1;0;0;2;0;0;0;0
"13/08/2025";"01:29:00";"70";"Sem vítima";"228,600";"BR-116/RJ";"Crescente";"Choque";0;0;1;0;0;0;0;0;0;0;1;0;0;0;0
"13/08/2025";"02:40:00";"86";"Sem vítima";"429,000";"BR-101/RJ";"Decrescente";"Choque";0;0;1;0;0;0;0;0;0;0;0;0;0;0;0
"13/08/2025";"06:13:00";"133";"Com vítima";"165,400";"BR-116/SP";"Crescente";"Colisão traseira";0;0;0;0;1;0;0;1;0;0;1;1;0;0;0
"13/08/2025";"06:46:00";"177";"Com vítima";"212,900";"BR-116/SP";"Crescente";"Acidentes de outra natureza";0;0;0;1;0;0;0;0;0;0;0;1;1;0;0
"13/08/2025";"09:02:00";"297";"Com vítima";"485,000";"BR-101/RJ";"Decrescente";"Engavetamento";2;0;0;2;0;0;0;0;0;0;6;1;0;0;0
"13/08/2025";"11:52:00";"404";"Com vítima";"44,000";"BR-101/SP";"Decrescente";"Colisão transversal";1;0;0;1;0;0;0;0;0;0;2;1;0;0;0
"13/08/2025";"13:07:00";"445";"Com vítima";"18,600";"BR-116/SP";"Crescente";"Colisão traseira";0;0;0;0;0;0;0;1;0;1;1;0;1;0;0
"13/08/2025";"13:37:00";"456";"Sem vítima";"18,600";"BR-116/SP";"Crescente";"Colisão traseira";0;0;0;0;0;0;0;2;0;0;4;0;0;0;0
"13/08/2025";"16:31:00";"568";"Com vítima";"233,000";"BR-116/RJ";"Decrescente";"Engavetamento";1;0;0;0;0;0;0;1;0;1;2;1;0;0;0
"13/08/2025";"18:01:00";"605";"Com vítima";"484,000";"BR-101/RJ";"Crescente";"Colisão frontal";1;0;0;1;0;0;0;0;0;0;1;1;0;0;0
"13/08/2025";"18:23:00";"613";"Sem vítima";"233,700";"BR-116/RJ";"Decrescente";"Colisão traseira";0;0;0;0;2;0;0;0;0;0;82;0;0;0;0
"13/08/2025";"18:34:00";"619";"Sem vítima";"205,500";"BR-116/SP";"Decrescente";"Engavetamento";3;0;0;0;0;0;0;0;0;0;3;0;0;0;0
"13/08/2025";"18:54:00";"626";"Sem vítima";"218,150";"BR-116/SP";"Crescente";"Colisão traseira";2;0;0;0;0;0;0;0;0;0;2;0;0;0;0
"13/08/2025";"19:14:00";"645";"Com vítima";"215,100";"BR-116/RJ";"Crescente";"Colisão lateral em sentido contrário";1;0;0;0;0;0;0;1;0;0;1;1;0;0;0
"13/08/2025";"20:32:00";"677";"Sem vítima";"215,200";"BR-116/SP";"Decrescente";"Colisão lateral em sentido contrário";1;0;1;0;0;0;0;0;0;0;2;0;0;0;0
"13/08/2025";"22:53:00";"737";"Com vítima";"218,900";"BR-116/SP";"Decrescente";"Colisão traseira";1;0;0;1;0;0;0;0;0;0;1;2;0;0;0
"13/08/2025";"23:54:00";"750";"Sem vítima";"230,050";"BR-116/RJ";"Decrescente";"Tombamento";0;0;1;0;0;0;0;0;0;0;0;0;0;0;0
"14/08/2025";"00:00:00";"347";"Com vítima";"103,000";"BR-116/SP";"Decrescente";"Colisão traseira";1;0;1;0;0;0;0;0;0;0;2;1;0;0;0
"14/08/2025";"00:00:00";"411";"Com vítima";"58,500";"BR-116/SP";"Crescente";"Acidentes de outra natureza";0;0;0;1;0;0;0;0;0;0;0;1;0;0;0
"14/08/2025";"01:14:00";"41";"Com vítima";"329,900";"BR-116/RJ";"Crescente";"Colisão traseira";0;0;1;0;0;0;0;1;0;0;1;1;0;0;0
"14/08/2025";"06:36:00";"110";"Sem vítima";"219,000";"BR-116/SP";"Crescente";"Colisão traseira";1;0;1;0;0;0;0;0;0;0;2;0;0;0;0
"14/08/2025";"08:08:00";"182";"Sem vítima";"115,000";"BR-116/SP";"Decrescente";"Colisão traseira";2;0;0;0;0;0;0;0;0;0;2;0;0;0;0
"14/08/2025";"08:24:00";"194";"Com vítima";"219,000";"BR-116/SP";"Decrescente";"Colisão traseira";1;0;0;1;0;0;0;0;0;0;1;1;0;0;0
"14/08/2025";"08:53:00";"216";"Com vítima";"221,000";"BR-116/SP";"Decrescente";"Colisão traseira";1;0;0;1;0;0;0;0;0;0;1;1;0;0;0
"14/08/2025";"09:53:00";"273";"Com vítima";"208,000";"BR-116/SP";"Crescente";"Colisão lateral em sentido contrário";1;0;0;1;0;0;0;0;0;0;1;1;0;0;0
"14/08/2025";"10:14:00";"293";"Com vítima";"127,200";"BR-116/SP";"Decrescente";"Capotamento";1;0;0;0;0;0;0;0;0;0;0;0;1;0;0
"14/08/2025";"10:45:00";"315";"Com vítima";"69,000";"BR-116/SP";"Crescente";"Atropelamento de pedestre";0;0;0;0;0;0;0;1;0;0;2;0;0;1;0
"14/08/2025";"11:16:00";"331";"Sem vítima";"147,500";"BR-116/SP";"Crescente";"Capotamento";1;0;0;0;0;0;0;0;0;0;1;0;0;0;0
"14/08/2025";"14:20:00";"467";"Com vítima";"227,100";"BR-116/RJ";"Decrescente";"Tombamento";0;0;1;0;0;0;0;0;0;0;0;1;0;0;0
"14/08/2025";"15:41:00";"480";"Sem vítima";"157,200";"BR-116/SP";"Crescente";"Colisão traseira";1;0;1;0;0;0;0;0;0;0;0;0;0;0;0
"14/08/2025";"15:47:00";"486";"Com vítima";"383,900";"BR-101/RJ";"Crescente";"Colisão traseira";0;0;0;1;1;0;0;0;0;0;0;1;0;0;0
"14/08/2025";"15:56:00";"490";"Sem vítima";"225,000";"BR-116/SP";"Decrescente";"Colisão traseira";0;0;1;1;0;0;0;0;0;0;1;0;0;0;0
"14/08/2025";"16:11:00";"501";"Sem vítima";"152,000";"BR-116/SP";"Decrescente";"Engavetamento";4;0;0;0;0;0;0;0;0;0;3;0;0;0;0
"14/08/2025";"16:43:00";"521";"Com vítima";"283,000";"BR-116/RJ";"Decrescente";"Acidentes de outra natureza";0;0;0;1;0;0;0;0;0;0;0;0;0;1;0
"14/08/2025";"17:06:00";"533";"Com vítima";"227,100";"BR-116/RJ";"Crescente";"Choque";1;0;0;0;0;0;0;0;0;0;0;1;0;0;0
"14/08/2025";"17:06:00";"534";"Com vítima";"106,000";"BR-116/SP";"Decrescente";"Colisão lateral em sentido contrário";2;0;0;1;0;0;0;0;0;0;3;1;0;0;0
"14/08/2025";"17:37:00";"546";"Sem vítima";"296,000";"BR-116/RJ";"Decrescente";"Colisão traseira";1;0;1;0;0;0;0;0;0;0;4;0;0;0;0
"14/08/2025";"18:33:00";"567";"Com vítima";"227,200";"BR-116/SP";"Decrescente";"Colisão lateral em sentido contrário";1;0;0;1;0;0;0;0;0;0;2;2;0;0;0
"14/08/2025";"21:46:00";"673";"Com vítima";"168,200";"BR-116/SP";"Crescente";"Colisão lateral em sentido contrário";1;0;1;0;0;0;0;0;0;0;1;2;1;0;0
"15/08/2025";"00:06:00";"31";"Sem vítima";"53,000";"BR-116/SP";"Decrescente";"Colisão lateral em sentido contrário";0;0;1;0;0;0;0;0;0;0;1;0;0;0;0
"15/08/2025";"06:36:00";"115";"Com vítima";"223,000";"BR-116/SP";"Decrescente";"Acidentes de outra natureza";0;0;0;1;0;0;0;0;0;0;0;1;0;0;0
"15/08/2025";"09:17:00";"245";"Sem vítima";"277,000";"BR-116/RJ";"Crescente";"Colisão lateral em sentido contrário";1;0;1;0;0;0;0;0;0;0;2;0;0;0;0
"15/08/2025";"09:26:00";"252";"Sem vítima";"218,000";"BR-116/SP";"Crescente";"Engavetamento";2;0;1;0;0;0;0;0;0;0;3;0;0;0;0
"15/08/2025";"10:03:00";"280";"Com vítima";"486,000";"BR-101/RJ";"Crescente";"Atropelamento de pedestre";0;0;0;1;0;0;0;0;0;0;1;1;0;0;0
"15/08/2025";"10:51:00";"305";"Com vítima";"55,000";"BR-116/SP";"Decrescente";"Colisão traseira";2;0;0;0;0;0;0;0;0;0;1;1;0;0;0
"15/08/2025";"12:03:00";"342";"Com vítima";"486,300";"BR-101/RJ";"Crescente";"Colisão traseira";2;0;0;0;0;0;0;0;0;0;1;1;0;0;0
"15/08/2025";"14:20:00";"415";"Com vítima";"139,000";"BR-116/SP";"Decrescente";"Engavetamento";3;0;0;0;0;0;0;0;0;0;3;1;0;0;0
"15/08/2025";"15:42:00";"462";"Sem vítima";"183,300";"BR-116/SP";"Decrescente";"Colisão traseira";2;0;0;0;0;0;0;0;0;0;0;0;0;0;0
"15/08/2025";"16:29:00";"492";"Com vítima";"228,000";"BR-116/SP";"Crescente";"Colisão traseira";1;0;0;1;0;0;0;0;0;0;1;1;0;0;0
"15/08/2025";"16:37:00";"499";"Sem vítima";"43,500";"BR-101/SP";"Decrescente";"Choque";1;0;0;0;0;0;0;0;0;0;1;0;0;0;0
"15/08/2025";"17:46:00";"526";"Com vítima";"225,000";"BR-116/SP";"Decrescente";"Colisão traseira";1;0;0;1;0;0;0;0;0;0;1;1;0;0;0
"15/08/2025";"18:04:00";"538";"Com vítima";"487,900";"BR-101/RJ";"Decrescente";"Colisão traseira";1;0;1;0;0;0;0;0;0;0;2;1;0;0;0
"15/08/2025";"18:26:00";"551";"Com vítima";"562,100";"BR-101/RJ";"Crescente";"Colisão traseira";1;0;0;1;0;0;0;0;0;0;1;0;0;1;0
"15/08/2025";"19:05:00";"571";"Sem vítima";"562,000";"BR-101/RJ";"Crescente";"Choque";1;0;0;0;0;0;0;0;0;0;1;0;0;0;0
"15/08/2025";"19:24:00";"583";"Sem vítima";"477,000";"BR-101/RJ";"Decrescente";"Colisão lateral em sentido contrário";1;0;0;1;0;0;0;0;0;0;1;0;0;0;0
"15/08/2025";"19:26:00";"586";"Com vítima";"194,000";"BR-116/SP";"Decrescente";"Acidentes de outra natureza";0;0;0;1;0;0;0;0;0;0;0;1;0;0;0
"15/08/2025";"19:41:00";"599";"Com vítima";"161,000";"BR-116/SP";"Decrescente";"Acidentes de outra natureza";0;0;0;1;0;0;0;0;0;0;0;1;0;0;0
"15/08/2025";"19:49:00";"603";"Sem vítima";"485,000";"BR-101/RJ";"Crescente";"Atropelamento de pedestre";0;0;0;1;0;0;0;0;0;0;0;0;0;0;0
"15/08/2025";"20:37:00";"604";"Sem vítima";"435,000";"BR-101/RJ";"Crescente";"Choque";1;0;0;0;0;0;0;0;0;0;0;0;0;0;0
"15/08/2025";"21:00:00";"636";"Com vítima";"382,000";"BR-101/RJ";"Crescente";"Colisão traseira";1;0;1;0;0;0;0;0;0;0;1;1;0;0;0
"15/08/2025";"21:45:00";"652";"Com vítima";"225,000";"BR-116/SP";"Decrescente";"Colisão traseira";1;0;0;1;0;0;0;0;0;0;1;1;0;0;0
"16/08/2025";"02:06:00";"44";"Sem vítima";"586,300";"BR-101/RJ";"Crescente";"Choque";1;0;0;0;0;0;0;0;0;0;1;0;0;0;0
"16/08/2025";"04:58:00";"66";"Sem vítima";"471,600";"BR-101/RJ";"Decrescente";"Choque";1;0;0;0;0;0;0;0;0;0;1;0;0;0;0
"16/08/2025";"05:32:00";"72";"Sem vítima";"389,009";"BR-101/RJ";"Crescente";"Colisão traseira";1;0;0;0;0;0;0;0;0;0;0;0;0;0;0
"16/08/2025";"06:18:00";"88";"Com vítima";"209,000";"BR-116/SP";"Decrescente";"Choque";1;0;0;0;0;0;0;0;0;0;0;1;0;0;0
"16/08/2025";"07:00:00";"111";"Sem vítima";"0,500";"BR-101/SP";"Decrescente";"Choque";1;0;0;0;0;0;0;0;0;0;1;0;0;0;0
"16/08/2025";"08:01:00";"144";"Sem vítima";"410,000";"BR-101/RJ";"Decrescente";"Choque";1;0;0;0;0;0;0;0;0;0;1;0;0;0;0
"16/08/2025";"08:35:00";"167";"Sem vítima";"116,900";"BR-116/SP";"Decrescente";"Colisão traseira";2;0;0;0;0;0;0;0;0;0;5;0;0;0;0
"16/08/2025";"12:29:00";"277";"Sem vítima";"473,000";"BR-101/RJ";"Crescente";"Choque";1;0;0;0;0;0;0;0;0;0;1;0;0;0;0
"16/08/2025";"12:54:00";"292";"Com vítima";"271,350";"BR-116/RJ";"Crescente";"Colisão lateral em sentido contrário";0;0;0;1;0;0;0;1;0;0;1;0;0;1;0
"16/08/2025";"13:13:00";"301";"Sem vítima";"271,200";"BR-116/RJ";"Crescente";"Colisão lateral em sentido contrário";1;0;0;0;0;0;0;1;0;0;2;0;0;0;0
"16/08/2025";"14:40:00";"341";"Sem vítima";"202,300";"BR-116/SP";"Crescente";"Colisão lateral em sentido contrário";1;0;0;0;0;0;0;1;0;0;1;0;0;0;0
"16/08/2025";"14:51:00";"345";"Sem vítima";"224,600";"BR-116/RJ";"Crescente";"Colisão lateral em sentido contrário";1;0;1;0;0;0;0;0;0;0;3;0;0;0;0
"16/08/2025";"15:49:00";"369";"Sem vítima";"64,100";"BR-116/SP";"Crescente";"Colisão lateral em sentido contrário";1;0;1;0;0;0;0;0;0;0;3;0;0;0;0
"16/08/2025";"18:04:00";"414";"Com vítima";"230,300";"BR-116/SP";"Decrescente";"Colisão lateral em sentido contrário";1;0;0;1;0;0;0;0;0;0;1;1;0;0;0
"16/08/2025";"18:26:00";"421";"Com vítima";"37,700";"BR-116/SP";"Decrescente";"Choque";1;0;0;0;0;0;0;0;0;0;0;0;1;0;0
"16/08/2025";"19:31:00";"437";"Sem vítima";"219,000";"BR-116/SP";"Decrescente";"Colisão lateral em sentido contrário";1;0;0;1;0;0;0;0;0;0;2;0;0;0;0
"16/08/2025";"20:01:00";"453";"Com vítima";"521,500";"BR-101/RJ";"Crescente";"Acidentes de outra natureza";0;0;0;1;0;0;0;0;0;0;0;1;0;0;0
"16/08/2025";"20:27:00";"466";"Sem vítima";"540,050";"BR-101/RJ";"Decrescente";"Choque";1;0;0;0;0;0;0;0;0;0;4;0;0;0;0
"16/08/2025";"20:58:00";"476";"Sem vítima";"521,350";"BR-101/RJ";"Decrescente";"Choque";1;0;0;0;0;0;0;0;0;0;0;0;0;0;0
"16/08/2025";"21:27:00";"487";"Com vítima";"231,000";"BR-116/SP";"Crescente";"Atropelamento de pedestre";1;0;0;0;0;0;0;0;0;0;0;0;0;0;1
"16/08/2025";"23:02:00";"506";"Com vítima";"476,800";"BR-101/RJ";"Decrescente";"Colisão frontal";2;0;0;0;0;0;0;0;0;0;1;5;0;0;0
"16/08/2025";"23:51:00";"518";"Sem vítima";"131,800";"BR-116/SP";"Crescente";"Colisão lateral em sentido contrário";2;0;0;0;0;0;0;0;0;0;2;0;0;0;0
"17/08/2025";"03:16:00";"57";"Sem vítima";"557,000";"BR-101/RJ";"Crescente";"Choque";1;0;0;0;0;0;0;0;0;0;0;0;0;0;0
"17/08/2025";"03:32:00";"60";"Com vítima";"570,300";"BR-101/RJ";"Crescente";"Acidentes de outra natureza";0;0;0;1;0;0;0;0;0;0;0;1;0;0;0
"17/08/2025";"03:43:00";"61";"Sem vítima";"557,000";"BR-101/RJ";"Crescente";"Colisão traseira";0;0;0;1;0;0;0;0;0;0;2;0;0;0;0
"17/08/2025";"04:24:00";"69";"Com vítima";"60,300";"BR-116/SP";"Crescente";"Colisão frontal";1;0;0;1;0;0;0;0;0;0;0;2;0;0;0
"17/08/2025";"04:34:00";"74";"Sem vítima";"105,800";"BR-116/SP";"Decrescente";"Atropelamento de pedestre";1;0;0;0;0;0;0;0;0;0;1;0;0;0;0
"17/08/2025";"06:54:00";"101";"Sem vítima";"482,800";"BR-101/RJ";"Crescente";"Capotamento";1;0;0;0;0;0;0;0;0;0;1;0;0;0;0
"17/08/2025";"08:07:00";"143";"Sem vítima";"35,100";"BR-116/SP";"Decrescente";"Colisão traseira";1;0;0;0;0;0;0;0;0;0;1;0;0;0;0
"17/08/2025";"09:33:00";"195";"Com vítima";"164,000";"BR-116/SP";"Decrescente";"Acidentes de outra natureza";0;0;0;1;0;0;0;0;0;0;0;2;0;0;0
"17/08/2025";"11:13:00";"252";"Sem vítima";"115,500";"BR-116/SP";"Decrescente";"Engavetamento";2;0;1;0;0;0;0;0;0;0;6;0;0;0;0
"17/08/2025";"11:52:00";"267";"Com vítima";"225,500";"BR-116/SP";"Crescente";"Choque";0;0;0;1;0;0;0;0;0;0;0;2;0;0;0
"17/08/2025";"11:57:00";"270";"Com vítima";"116,500";"BR-116/SP";"Decrescente";"Engavetamento";4;0;1;0;0;0;0;0;0;0;7;2;0;0;0
"17/08/2025";"13:26:00";"317";"Com vítima";"412,000";"BR-101/RJ";"Decrescente";"Colisão lateral em sentido contrário";1;0;0;1;0;0;0;0;0;0;1;1;0;0;0
"17/08/2025";"13:52:00";"329";"Sem vítima";"209,300";"BR-116/SP";"Decrescente";"Colisão lateral em sentido contrário";1;0;0;0;0;0;0;1;0;0;2;0;0;0;0
"17/08/2025";"14:23:00";"346";"Com vítima";"398,000";"BR-101/RJ";"Decrescente";"Acidentes de outra natureza";1;0;0;0;0;0;0;0;0;0;0;1;0;0;0
"17/08/2025";"15:41:00";"380";"Com vítima";"218,800";"BR-116/SP";"Decrescente";"Colisão lateral em sentido contrário";1;0;0;1;0;0;0;0;0;0;4;1;0;0;0
"17/08/2025";"16:37:00";"411";"Com vítima";"173,000";"BR-116/SP";"Decrescente";"Choque";0;0;0;1;0;0;0;0;0;0;0;1;0;0;0
"17/08/2025";"18:18:00";"470";"Sem vítima";"105,100";"BR-116/SP";"Crescente";"Colisão traseira";2;0;0;0;0;0;0;0;0;0;5;0;0;0;0
"17/08/2025";"18:19:00";"472";"Sem vítima";"160,500";"BR-116/SP";"Crescente";"Engavetamento";3;0;0;0;0;0;0;0;0;0;8;0;0;0;0
"17/08/2025";"18:48:00";"484";"Sem vítima";"145,800";"BR-116/SP";"Crescente";"Engavetamento";5;0;0;0;0;0;0;0;0;0;7;0;0;0;0
"17/08/2025";"18:53:00";"489";"Com vítima";"130,500";"BR-116/SP";"Crescente";"Colisão lateral em sentido contrário";1;0;0;1;0;0;0;0;0;0;2;1;0;0;0
"17/08/2025";"19:11:00";"498";"Sem vítima";"221,000";"BR-116/SP";"Crescente";"Colisão lateral em sentido contrário";1;0;0;0;0;0;0;0;0;0;2;0;0;0;0
"17/08/2025";"19:38:00";"503";"Com vítima";"496,000";"BR-101/RJ";"Decrescente";"Colisão lateral em sentido contrário";1;0;0;1;0;0;0;0;0;0;0;0;0;1;0
"17/08/2025";"20:56:00";"542";"Com vítima";"382,700";"BR-101/RJ";"Decrescente";"Colisão traseira";1;0;0;0;0;0;0;0;0;0;0;1;0;0;0
"18/08/2025";"00:10:00";"29";"Com vítima";"381,600";"BR-101/RJ";"Decrescente";"Colisão traseira";1;0;0;0;0;0;0;0;1;0;0;1;0;0;1
"18/08/2025";"00:14:00";"30";"Sem vítima";"169,100";"BR-116/SP";"Crescente";"Colisão traseira";2;0;0;0;0;0;0;0;0;0;5;0;0;0;0
"18/08/2025";"01:35:00";"38";"Com vítima";"205,300";"BR-116/SP";"Decrescente";"Acidentes de outra natureza";0;0;0;1;0;0;0;0;0;0;0;1;0;0;0
"18/08/2025";"01:49:00";"40";"Com vítima";"276,000";"BR-116/RJ";"Crescente";"Colisão traseira";2;0;0;0;0;0;0;0;0;0;3;1;0;0;0
"18/08/2025";"06:56:00";"129";"Com vítima";"58,000";"BR-116/SP";"Crescente";"Colisão lateral em sentido contrário";0;0;0;2;0;0;0;0;0;0;1;0;1;0;0
"18/08/2025";"08:30:00";"212";"Com vítima";"133,800";"BR-116/SP";"Crescente";"Colisão traseira";2;0;0;0;0;0;0;0;0;0;2;1;0;0;0
"18/08/2025";"11:23:00";"333";"Com vítima";"225,000";"BR-116/SP";"Decrescente";"Engavetamento";2;0;1;0;0;0;0;0;0;0;3;1;0;0;0
"18/08/2025";"13:49:00";"411";"Sem vítima";"473,000";"BR-101/RJ";"Crescente";"Colisão lateral em sentido contrário";1;0;0;0;0;0;0;0;0;0;1;0;0;0;0
"18/08/2025";"13:56:00";"414";"Sem vítima";"224,400";"BR-116/SP";"Crescente";"Colisão lateral em sentido contrário";1;0;0;0;0;0;0;0;0;0;0;0;0;0;0
"18/08/2025";"14:07:00";"420";"Sem vítima";"220,000";"BR-116/SP";"Crescente";"Colisão traseira";1;0;0;1;0;0;0;0;0;0;2;0;0;0;0
"18/08/2025";"14:10:00";"422";"Com vítima";"271,700";"BR-116/RJ";"Decrescente";"Choque";1;0;0;0;1;0;0;0;0;0;22;1;0;0;0
"18/08/2025";"15:36:00";"472";"Sem vítima";"232,000";"BR-116/RJ";"Decrescente";"Choque";1;0;0;0;0;0;0;0;0;0;1;0;0;0;0
"18/08/2025";"17:27:00";"533";"Sem vítima";"275,900";"BR-116/RJ";"Decrescente";"Colisão lateral em sentido contrário";0;0;0;0;0;0;0;2;0;0;2;0;0;0;0
"18/08/2025";"17:36:00";"536";"Com vítima";"387,400";"BR-101/RJ";"Crescente";"Colisão lateral em sentido contrário";1;0;0;1;0;0;0;0;0;0;0;2;0;0;0
"18/08/2025";"18:17:00";"561";"Com vítima";"87,200";"BR-116/SP";"Decrescente";"Colisão traseira";0;0;0;1;0;0;0;0;0;0;0;0;1;0;0
"18/08/2025";"18:26:00";"564";"Sem vítima";"318,800";"BR-116/RJ";"Crescente";"Colisão traseira";1;0;0;1;0;0;0;0;0;0;4;0;0;0;0
"18/08/2025";"20:21:00";"609";"Com vítima";"219,000";"BR-116/SP";"Crescente";"Choque";0;0;0;1;0;0;0;0;0;0;0;0;2;0;0
"18/08/2025";"20:58:00";"625";"Com vítima";"72,016";"BR-116/SP";"Decrescente";"Atropelamento de pedestre";0;0;0;0;0;0;0;0;0;0;0;1;0;0;0
"18/08/2025";"21:31:00";"634";"Com vítima";"210,100";"BR-116/SP";"Decrescente";"Colisão lateral em sentido contrário";1;0;1;0;0;0;0;0;0;0;1;1;0;0;0
"18/08/2025";"23:05:00";"655";"Com vítima";"149,600";"BR-116/SP";"Decrescente";"Colisão traseira";0;0;2;0;0;0;0;0;0;0;1;1;0;0;0
"19/08/2025";"02:22:00";"41";"Sem vítima";"72,300";"BR-116/SP";"Crescente";"Choque";0;0;1;0;0;0;0;0;0;0;1;0;0;0;0
"19/08/2025";"03:53:00";"54";"Sem vítima";"319,400";"BR-116/RJ";"Decrescente";"Colisão traseira";0;0;2;0;0;0;0;0;0;0;2;0;0;0;0
"19/08/2025";"04:23:00";"59";"Sem vítima";"225,200";"BR-116/SP";"Decrescente";"Choque";0;0;0;0;0;0;0;1;0;0;1;0;0;0;0
"19/08/2025";"07:36:00";"157";"Com vítima";"145,000";"BR-116/SP";"Crescente";"Colisão traseira";1;0;0;1;0;0;0;0;0;0;2;0;1;0;0
"19/08/2025";"07:55:00";"178";"Com vítima";"228,000";"BR-116/SP";"Crescente";"Colisão traseira";0;0;0;2;0;0;0;0;0;0;1;0;1;0;0
"19/08/2025";"11:23:00";"318";"Com vítima";"65,000";"BR-116/SP";"Crescente";"Colisão traseira";0;0;1;1;0;0;0;0;0;0;1;1;0;0;0
"19/08/2025";"12:26:00";"353";"Com vítima";"119,300";"BR-116/SP";"Crescente";"Engavetamento";0;0;3;0;0;0;0;1;0;0;3;0;1;0;0
"19/08/2025";"16:15:00";"478";"Com vítima";"260,600";"BR-116/RJ";"Crescente";"Choque";1;0;0;0;0;0;0;0;0;0;1;1;0;0;0
"19/08/2025";"16:18:00";"481";"Sem vítima";"166,000";"BR-116/SP";"Decrescente";"Choque";1;0;0;0;0;0;0;0;0;0;1;0;0;0;0
"19/08/2025";"16:28:00";"488";"Sem vítima";"115,950";"BR-116/SP";"Decrescente";"Engavetamento";0;0;3;0;0;0;0;0;0;0;4;0;0;0;0
"19/08/2025";"16:59:00";"499";"Sem vítima";"502,000";"BR-101/RJ";"Decrescente";"Colisão frontal";1;0;0;0;0;0;0;0;0;0;0;0;0;0;0
"19/08/2025";"18:53:00";"550";"Sem vítima";"126,000";"BR-116/SP";"Decrescente";"Engavetamento";4;0;0;0;0;0;0;0;0;0;4;0;0;0;0
"19/08/2025";"19:10:00";"560";"Sem vítima";"212,000";"BR-116/SP";"Decrescente";"Colisão traseira";2;0;0;0;0;0;0;0;0;0;2;0;0;0;0
"19/08/2025";"20:09:00";"587";"Sem vítima";"283,800";"BR-116/RJ";"Decrescente";"Colisão lateral em sentido contrário";1;0;0;0;0;0;0;0;0;0;2;0;0;0;0
"19/08/2025";"20:21:00";"590";"Com vítima";"155,000";"BR-116/SP";"Crescente";"Atropelamento de pedestre";0;0;0;1;0;0;0;0;0;0;0;1;1;0;0
"19/08/2025";"20:53:00";"603";"Sem vítima";"485,000";"BR-101/RJ";"Crescente";"Colisão traseira";1;0;0;0;0;0;0;0;0;0;1;0;0;0;0
"19/08/2025";"21:13:00";"610";"Sem vítima";"208,000";"BR-116/SP";"Decrescente";"Colisão traseira";2;0;0;0;0;0;0;0;0;0;2;0;0;0;0
"19/08/2025";"21:40:00";"616";"Sem vítima";"71,500";"BR-116/SP";"Decrescente";"Colisão lateral em sentido contrário";1;0;0;0;0;0;0;0;0;0;1;0;0;0;0
"19/08/2025";"22:50:00";"636";"Com vítima";"41,550";"BR-116/SP";"Decrescente";"Acidentes de outra natureza";0;0;0;1;0;0;0;0;0;0;0;1;0;0;0
"20/08/2025";"00:00:00";"596";"Sem vítima";"258,500";"BR-116/RJ";"Crescente";"Colisão lateral em sentido contrário";0;0;1;0;0;0;0;0;0;0;1;0;0;0;0
"20/08/2025";"03:30:00";"60";"Sem vítima";"181,900";"BR-116/SP";"Decrescente";"Tombamento";0;0;1;0;0;0;0;0;0;0;1;0;0;0;0
"20/08/2025";"04:36:00";"72";"Com vítima";"92,300";"BR-116/SP";"Crescente";"Colisão traseira";0;0;2;0;0;0;0;0;0;0;1;1;0;0;0
"20/08/2025";"05:57:00";"103";"Com vítima";"416,000";"BR-101/RJ";"Crescente";"Choque";1;0;0;0;0;0;0;0;0;0;0;0;1;0;0
"20/08/2025";"06:57:00";"154";"Com vítima";"204,500";"BR-116/SP";"Decrescente";"Acidentes de outra natureza";0;0;0;1;0;0;0;0;0;0;0;1;0;0;0
"20/08/2025";"07:52:00";"193";"Sem vítima";"56,000";"BR-116/SP";"Decrescente";"Colisão traseira";0;0;0;0;0;0;0;0;0;2;0;0;0;0;0