data;horario;n_da_ocorrencia;tipo_de_ocorrencia;km;trecho;sentido;tipo_de_acidente;automovel;bicicleta;caminhao;moto;onibus;outros;tracao_animal;transporte_de_cargas_especiais;trator_maquinas;utilitarios;ilesos;levemente_feridos;moderadamente_feridos;gravemente_feridos;mortos
"20/08/2025";"08:10:00";"209";"Sem vítima";"409,000";"BR-101/RJ";"Decrescente";"Acidentes de outra natureza";0;0;0;1;0;0;0;0;0;0;1;0;0;0;0
"20/08/2025";"08:16:00";"213";"Sem vítima";"161,100";"BR-116/SP";"Decrescente";"Engavetamento";0;0;1;0;0;0;0;1;0;1;4;0;0;0;0
"20/08/2025";"09:05:00";"281";"Com vítima";"72,000";"BR-116/SP";"Decrescente";"Atropelamento de pedestre";0;0;0;1;0;0;0;0;0;0;0;2;0;0;0
"20/08/2025";"12:56:00";"383";"Com vítima";"310,000";"BR-116/RJ";"Decrescente";"Acidentes de outra natureza";0;0;0;1;0;0;0;0;0;0;0;2;0;0;0
"20/08/2025";"14:41:00";"439";"Com vítima";"462,300";"BR-101/RJ";"Decrescente";"Choque";1;0;0;0;0;0;0;0;0;0;0;2;0;0;0
"20/08/2025";"14:44:00";"442";"Com vítima";"111,800";"BR-116/SP";"Decrescente";"Acidentes de outra natureza";0;0;0;1;0;0;0;0;0;0;0;1;0;0;0
"20/08/2025";"17:24:00";"538";"Com vítima";"252,300";"BR-116/RJ";"Decrescente";"Acidentes de outra natureza";0;0;0;2;0;0;0;0;0;0;0;0;2;0;0
"20/08/2025";"17:39:00";"547";"Sem vítima";"134,000";"BR-116/SP";"Crescente";"Colisão traseira";0;0;2;0;0;0;0;0;0;0;2;0;0;0;0
"20/08/2025";"18:09:00";"560";"Com vítima";"329,700";"BR-116/RJ";"Decrescente";"Atropelamento de pedestre";0;0;0;0;1;0;0;0;0;0;33;0;0;0;1
"20/08/2025";"18:14:00";"563";"Sem vítima";"134,800";"BR-116/SP";"Crescente";"Engavetamento";2;0;0;0;0;0;0;0;0;0;0;0;0;0;0
"20/08/2025";"18:40:00";"577";"Sem vítima";"135,200";"BR-116/SP";"Crescente";"Colisão lateral em sentido contrário";1;0;0;0;0;0;0;0;0;0;1;0;0;0;0
"20/08/2025";"18:47:00";"579";"Com vítima";"135,000";"BR-116/SP";"Crescente";"Engavetamento";2;0;0;1;0;0;0;0;0;0;2;1;0;0;0
"20/08/2025";"20:06:00";"612";"Com vítima";"211,900";"BR-116/SP";"Crescente";"Atropelamento de pedestre";0;0;0;0;0;0;0;0;0;0;0;0;0;0;1
"21/08/2025";"00:04:00";"61";"Sem vítima";"268,700";"BR-116/RJ";"Decrescente";"Atropelamento de pedestre";0;0;1;0;0;0;0;0;0;0;1;0;0;0;0
"21/08/2025";"00:31:00";"31";"Com vítima";"228,900";"BR-116/SP";"Decrescente";"Colisão traseira";1;0;0;1;0;0;0;0;0;0;2;0;1;0;0
"21/08/2025";"00:41:00";"35";"Com vítima";"229,400";"BR-116/SP";"Crescente";"Atropelamento de pedestre";1;0;0;0;0;0;0;0;0;0;1;0;0;1;0
"21/08/2025";"01:31:00";"42";"Com vítima";"319,000";"BR-116/RJ";"Decrescente";"Colisão lateral em sentido contrário";0;0;0;0;1;0;0;0;0;0;1;3;0;0;0
"21/08/2025";"06:39:00";"116";"Sem vítima";"472,000";"BR-101/RJ";"Decrescente";"Choque";1;0;0;0;0;0;0;0;0;0;0;0;0;0;0
"21/08/2025";"07:46:00";"181";"Com vítima";"220,000";"BR-116/SP";"Decrescente";"Colisão lateral em sentido contrário";0;0;1;1;0;0;0;0;0;0;2;1;0;0;0
"21/08/2025";"08:54:00";"236";"Sem vítima";"482,200";"BR-101/RJ";"Crescente";"Colisão traseira";1;0;0;1;0;0;0;0;0;0;2;0;0;0;0
"21/08/2025";"11:00:00";"322";"Sem vítima";"160,800";"BR-116/SP";"Decrescente";"Tombamento";0;0;1;0;0;0;0;0;0;0;2;0;0;0;0
"21/08/2025";"14:08:00";"443";"Com vítima";"231,000";"BR-116/SP";"Crescente";"Colisão traseira";1;0;0;1;0;0;0;0;0;0;1;0;1;0;0
"21/08/2025";"14:42:00";"468";"Sem vítima";"122,900";"BR-116/SP";"Crescente";"Engavetamento";3;0;0;0;0;0;0;0;0;0;5;0;0;0;0
"21/08/2025";"15:30:00";"499";"Sem vítima";"219,000";"BR-116/SP";"Crescente";"Colisão traseira";1;0;0;0;0;0;0;0;0;0;1;0;0;0;0
"21/08/2025";"19:11:00";"627";"Com vítima";"401,400";"BR-101/RJ";"Decrescente";"Choque";1;0;0;0;0;0;0;0;0;0;0;2;2;0;1
"21/08/2025";"22:27:00";"713";"Sem vítima";"225,000";"BR-116/SP";"Decrescente";"Colisão traseira";1;0;0;0;0;0;0;0;0;0;2;0;0;0;0
"21/08/2025";"23:05:00";"726";"Com vítima";"96,800";"BR-116/SP";"Decrescente";"Engavetamento";0;0;1;1;0;0;0;2;0;0;3;1;0;0;0
"22/08/2025";"06:04:00";"100";"Sem vítima";"322,800";"BR-116/RJ";"Crescente";"Choque";1;0;0;0;0;0;0;0;0;0;0;0;0;0;0
"22/08/2025";"06:44:00";"130";"Com vítima";"221,000";"BR-116/SP";"Crescente";"Acidentes de outra natureza";0;0;0;1;0;0;0;0;0;0;0;1;0;0;0
"22/08/2025";"07:29:00";"175";"Com vítima";"220,900";"BR-116/SP";"Decrescente";"Colisão lateral em sentido contrário";2;0;0;1;0;0;0;0;0;0;2;1;0;0;0
"22/08/2025";"07:34:00";"182";"Com vítima";"304,000";"BR-116/RJ";"Crescente";"Colisão lateral em sentido contrário";0;0;1;1;0;0;0;0;0;0;1;0;1;0;0
"22/08/2025";"07:45:00";"193";"Com vítima";"51,200";"BR-101/SP";"Decrescente";"Colisão frontal";1;0;0;1;0;0;0;0;0;0;1;1;0;0;0
"22/08/2025";"07:56:00";"205";"Sem vítima";"113,900";"BR-116/SP";"Crescente";"Colisão traseira";1;0;0;0;0;0;0;0;0;0;2;0;0;0;0
"22/08/2025";"08:03:00";"211";"Sem vítima";"222,000";"BR-116/SP";"Decrescente";"Colisão lateral em sentido contrário";0;0;0;2;0;0;0;0;0;0;0;0;0;0;0
"22/08/2025";"08:26:00";"223";"Sem vítima";"302,000";"BR-116/RJ";"Crescente";"Engavetamento";0;0;2;0;0;0;0;1;0;0;3;0;0;0;0
"22/08/2025";"08:32:00";"229";"Com vítima";"218,000";"BR-116/SP";"Crescente";"Colisão traseira";0;0;0;1;0;0;0;0;0;1;1;0;1;0;0
"22/08/2025";"08:51:00";"238";"Com vítima";"147,000";"BR-116/SP";"Crescente";"Engavetamento";3;0;0;0;0;0;0;0;0;0;2;1;0;0;0
"22/08/2025";"09:48:00";"275";"Sem vítima";"156,000";"BR-116/SP";"Decrescente";"Colisão traseira";2;0;0;0;0;0;0;0;0;0;0;0;0;0;0
"22/08/2025";"10:37:00";"304";"Com vítima";"385,000";"BR-101/RJ";"Crescente";"Colisão lateral em sentido contrário";1;0;0;1;0;0;0;0;0;0;0;2;0;0;0
"22/08/2025";"11:27:00";"333";"Sem vítima";"228,000";"BR-116/RJ";"Crescente";"Colisão traseira";1;0;0;0;0;0;0;0;0;0;1;0;0;0;0
"22/08/2025";"11:51:00";"345";"Sem vítima";"390,000";"BR-101/RJ";"Crescente";"Colisão traseira";1;0;0;0;0;0;0;1;0;0;1;0;0;0;0
"22/08/2025";"12:41:00";"375";"Sem vítima";"179,000";"BR-116/SP";"Crescente";"Colisão lateral em sentido contrário";1;0;0;0;0;0;0;0;0;1;5;0;0;0;0
"22/08/2025";"12:45:00";"378";"Sem vítima";"146,000";"BR-116/SP";"Crescente";"Colisão lateral em sentido contrário";0;0;0;1;0;0;0;0;0;0;1;0;0;0;0
"22/08/2025";"14:41:00";"442";"Com vítima";"218,000";"BR-116/SP";"Decrescente";"Colisão traseira";0;0;0;1;0;0;0;0;0;0;0;0;1;0;0
"22/08/2025";"14:48:00";"447";"Sem vítima";"107,800";"BR-116/SP";"Crescente";"Engavetamento";0;0;3;0;0;0;0;0;0;0;3;0;0;0;0
"22/08/2025";"15:36:00";"482";"Sem vítima";"142,200";"BR-116/SP";"Decrescente";"Colisão lateral em sentido contrário";1;0;0;0;0;0;0;1;0;0;4;0;0;0;0
"22/08/2025";"16:00:00";"506";"Sem vítima";"256,900";"BR-116/RJ";"Decrescente";"Colisão lateral em sentido contrário";1;0;0;0;0;0;0;0;0;0;3;0;0;0;0
"22/08/2025";"16:08:00";"509";"Sem vítima";"72,180";"BR-116/SP";"Crescente";"Engavetamento";0;0;0;0;0;0;0;1;0;1;3;0;0;0;0
"22/08/2025";"16:26:00";"520";"Sem vítima";"383,000";"BR-101/RJ";"Decrescente";"Choque";1;0;0;0;0;0;0;0;0;0;1;0;0;0;0
"22/08/2025";"16:54:00";"540";"Sem vítima";"398,000";"BR-101/RJ";"Decrescente";"Colisão traseira";2;0;0;0;0;0;0;0;0;0;2;0;0;0;0
"22/08/2025";"17:45:00";"578";"Com vítima";"223,800";"BR-116/SP";"Decrescente";"Acidentes de outra natureza";0;0;0;1;0;0;0;0;0;0;0;0;1;0;0
"22/08/2025";"17:48:00";"580";"Com vítima";"405,000";"BR-101/RJ";"Decrescente";"Engavetamento";0;0;0;1;0;0;0;0;0;0;0;0;2;0;0
"22/08/2025";"17:51:00";"584";"Sem vítima";"26,000";"BR-116/SP";"Decrescente";"Colisão traseira";0;0;0;0;0;0;0;2;0;0;2;0;0;0;0
"22/08/2025";"18:14:00";"599";"Sem vítima";"259,000";"BR-116/RJ";"Crescente";"Colisão traseira";0;0;1;0;0;0;0;0;0;0;1;0;0;0;0
"22/08/2025";"18:15:00";"600";"Sem vítima";"473,000";"BR-101/RJ";"Crescente";"Colisão traseira";0;0;0;1;0;0;0;0;0;0;1;0;0;0;0
"22/08/2025";"18:23:00";"604";"Com vítima";"485,000";"BR-101/RJ";"Decrescente";"Atropelamento de pedestre";2;0;0;0;0;0;0;0;0;0;0;1;0;0;0
"22/08/2025";"18:24:00";"605";"Sem vítima";"316,600";"BR-116/RJ";"Decrescente";"Engavetamento";1;0;0;0;0;0;0;0;0;2;5;0;0;0;0
"22/08/2025";"19:22:00";"641";"Com vítima";"221,000";"BR-116/SP";"Decrescente";"Colisão traseira";1;0;0;1;0;0;0;0;0;0;2;0;1;0;0
"22/08/2025";"19:35:00";"649";"Sem vítima";"37,600";"BR-116/SP";"Crescente";"Choque";1;0;0;0;0;0;0;0;0;0;1;0;0;0;0
"22/08/2025";"19:50:00";"655";"Com vítima";"216,600";"BR-116/SP";"Crescente";"Colisão lateral em sentido contrário";0;0;0;2;0;0;0;0;0;0;1;1;0;0;0
"22/08/2025";"19:58:00";"661";"Sem vítima";"138,800";"BR-116/SP";"Crescente";"Colisão traseira";2;0;0;0;0;0;0;0;0;0;6;0;0;0;0
"23/08/2025";"00:54:00";"38";"Sem vítima";"384,900";"BR-101/RJ";"Crescente";"Choque";1;0;0;0;0;0;0;0;0;0;0;0;0;0;0
"23/08/2025";"00:59:00";"39";"Sem vítima";"229,000";"BR-116/RJ";"Decrescente";"Choque";1;0;0;0;0;0;0;0;0;0;1;0;0;0;0
"23/08/2025";"01:44:00";"50";"Com vítima";"99,000";"BR-116/SP";"Crescente";"Acidentes de outra natureza";0;0;0;1;0;0;0;0;0;0;0;0;1;0;0
"23/08/2025";"01:46:00";"51";"Com vítima";"227,600";"BR-116/RJ";"Decrescente";"Acidentes de outra natureza";0;0;0;1;0;0;0;0;0;0;0;1;1;0;0
"23/08/2025";"03:59:00";"70";"Sem vítima";"425,000";"BR-101/RJ";"Crescente";"Choque";0;0;1;0;0;0;0;0;0;0;1;0;0;0;0
"23/08/2025";"04:38:00";"77";"Com vítima";"142,100";"BR-116/SP";"Decrescente";"Colisão traseira";1;0;1;0;0;0;0;0;0;0;1;3;0;0;0
"23/08/2025";"06:06:00";"95";"Com vítima";"391,000";"BR-101/RJ";"Decrescente";"Acidentes de outra natureza";1;0;0;0;0;0;0;0;0;0;0;1;0;0;0
"23/08/2025";"06:48:00";"118";"Sem vítima";"416,000";"BR-101/RJ";"Crescente";"Choque";1;0;0;0;0;0;0;0;0;0;3;0;0;0;0
"23/08/2025";"07:27:00";"148";"Sem vítima";"129,000";"BR-116/SP";"Decrescente";"Colisão traseira";2;0;0;0;0;0;0;0;0;0;3;0;0;0;0
"23/08/2025";"09:26:00";"225";"Sem vítima";"97,400";"BR-116/SP";"Decrescente";"Colisão traseira";2;0;0;0;0;0;0;0;0;0;2;0;0;0;0
"23/08/2025";"09:34:00";"228";"Com vítima";"43,500";"BR-101/SP";"Decrescente";"Acidentes de outra natureza";0;0;0;1;0;0;0;0;0;0;0;1;0;0;0
"23/08/2025";"09:37:00";"229";"Sem vítima";"224,800";"BR-116/RJ";"Decrescente";"Colisão lateral em sentido contrário";1;0;0;0;0;0;0;0;0;0;1;0;0;0;0
"23/08/2025";"09:54:00";"201";"Sem vítima";"111,900";"BR-116/SP";"Decrescente";"Colisão traseira";2;0;0;0;0;0;0;0;0;0;2;0;0;0;0
"23/08/2025";"12:46:00";"339";"Sem vítima";"114,200";"BR-116/SP";"Decrescente";"Acidentes de outra natureza";0;0;0;1;0;0;0;0;0;0;2;0;0;0;0
"23/08/2025";"13:29:00";"363";"Sem vítima";"246,000";"BR-116/RJ";"Crescente";"Colisão lateral em sentido contrário";0;0;2;0;0;0;0;0;0;0;2;0;0;0;0
"23/08/2025";"13:32:00";"364";"Com vítima";"474,000";"BR-101/RJ";"Crescente";"Colisão frontal";1;0;0;0;1;0;0;0;0;0;14;2;0;1;0
"23/08/2025";"14:05:00";"381";"Com vítima";"218,000";"BR-116/SP";"Decrescente";"Colisão traseira";1;0;0;1;0;0;0;0;0;0;2;1;0;0;0
"23/08/2025";"14:09:00";"383";"Com vítima";"486,000";"BR-101/RJ";"Crescente";"Atropelamento de pedestre";1;0;0;0;0;0;0;0;0;0;1;0;1;0;0
"23/08/2025";"14:13:00";"385";"Sem vítima";"387,900";"BR-101/RJ";"Decrescente";"Colisão traseira";2;0;0;0;0;0;0;0;0;0;2;0;0;0;0
"23/08/2025";"15:08:00";"411";"Sem vítima";"143,000";"BR-116/SP";"Decrescente";"Colisão traseira";2;0;1;0;0;0;0;0;0;0;0;0;0;0;0
"23/08/2025";"15:29:00";"424";"Com vítima";"43,000";"BR-116/SP";"Crescente";"Engavetamento";2;0;0;0;0;0;0;1;0;0;2;1;0;0;0
"23/08/2025";"16:41:00";"466";"Sem vítima";"320,000";"BR-116/RJ";"Decrescente";"Colisão traseira";1;0;0;0;1;0;0;0;0;0;2;0;0;0;0
"23/08/2025";"18:05:00";"503";"Com vítima";"17,000";"BR-101/SP";"Decrescente";"Colisão traseira";2;0;0;0;0;0;0;0;0;0;3;2;0;0;0
"23/08/2025";"18:14:00";"507";"Com vítima";"471,000";"BR-101/RJ";"Crescente";"Colisão traseira";1;0;0;1;0;0;0;0;0;0;1;0;1;0;0
"23/08/2025";"18:38:00";"525";"Com vítima";"131,000";"BR-116/SP";"Decrescente";"Engavetamento";1;0;0;0;0;0;0;0;0;0;0;1;0;0;0
"23/08/2025";"18:57:00";"536";"Sem vítima";"401,000";"BR-101/RJ";"Decrescente";"Colisão traseira";2;0;0;0;0;0;0;0;0;0;8;0;0;0;0
"23/08/2025";"20:03:00";"569";"Sem vítima";"95,400";"BR-116/SP";"Crescente";"Choque";0;0;0;0;0;0;0;1;0;0;1;0;0;0;0
"23/08/2025";"21:04:00";"595";"Sem vítima";"145,000";"BR-116/SP";"Crescente";"Choque";1;0;0;0;0;0;0;0;0;0;0;0;0;0;0
"23/08/2025";"23:34:00";"633";"Com vítima";"403,300";"BR-101/RJ";"Decrescente";"Colisão traseira";2;0;0;1;0;0;0;0;0;0;1;0;0;0;1
"24/08/2025";"00:00:00";"437";"Sem vítima";"406,200";"BR-101/RJ";"Crescente";"Choque";1;0;0;0;0;0;0;0;0;0;1;0;0;0;0
"24/08/2025";"01:03:00";"36";"Com vítima";"98,920";"BR-116/SP";"Crescente";"Atropelamento de pedestre";0;0;0;1;0;0;0;0;0;0;0;0;0;2;0
"24/08/2025";"01:30:00";"38";"Com vítima";"145,000";"BR-116/SP";"Crescente";"Choque";1;0;0;0;0;0;0;0;0;0;3;1;0;0;0
"24/08/2025";"01:39:00";"41";"Com vítima";"147,400";"BR-116/SP";"Crescente";"Atropelamento de pedestre";1;0;0;0;0;0;0;0;0;0;1;0;0;0;1
"24/08/2025";"01:46:00";"42";"Sem vítima";"110,400";"BR-116/SP";"Crescente";"Choque";1;0;0;0;0;0;0;0;0;0;2;0;0;0;0
"24/08/2025";"03:10:00";"44";"Sem vítima";"124,000";"BR-116/SP";"Decrescente";"Colisão traseira";0;0;0;0;1;0;0;0;0;0;1;0;0;0;0
"24/08/2025";"04:09:00";"53";"Com vítima";"388,000";"BR-101/RJ";"Decrescente";"Acidentes de outra natureza";1;0;0;1;0;0;0;0;0;0;2;0;1;0;0
"24/08/2025";"06:15:00";"69";"Sem vítima";"146,000";"BR-116/SP";"Decrescente";"Colisão traseira";2;0;0;0;0;0;0;0;0;0;3;0;0;0;0
"24/08/2025";"07:49:00";"113";"Sem vítima";"86,000";"BR-116/SP";"Decrescente";"Colisão lateral em sentido contrário";1;0;0;0;0;0;0;0;0;0;1;0;0;0;0
"24/08/2025";"08:10:00";"126";"Com vítima";"90,000";"BR-116/SP";"Decrescente";"Colisão traseira";0;0;0;3;0;0;0;0;0;0;1;3;1;0;0
"24/08/2025";"08:37:00";"147";"Sem vítima";"93,000";"BR-116/SP";"Decrescente";"Choque";1;0;0;0;0;0;0;0;0;0;1;0;0;0;0
"24/08/2025";"08:47:00";"155";"Com vítima";"137,400";"BR-116/SP";"Crescente";"Acidentes de outra natureza";0;0;0;1;0;0;0;0;0;0;0;1;0;0;0
"24/08/2025";"09:05:00";"159";"Com vítima";"209,000";"BR-116/SP";"Crescente";"Acidentes de outra natureza";0;0;0;0;0;1;0;0;0;0;0;0;0;0;1
"24/08/2025";"09:46:00";"174";"Sem vítima";"94,000";"BR-116/SP";"Decrescente";"Colisão lateral em sentido contrário";1;0;0;0;0;0;0;0;0;1;6;0;0;0;0
"24/08/2025";"10:02:00";"186";"Sem vítima";"94,100";"BR-116/SP";"Decrescente";"Colisão traseira";2;0;0;0;0;0;0;0;0;0;7;0;0;0;0
"24/08/2025";"11:13:00";"218";"Com vítima";"201,000";"BR-116/SP";"Crescente";"Choque";1;0;0;1;0;0;0;0;0;0;1;1;0;0;0
"24/08/2025";"11:30:00";"199";"Com vítima";"199,000";"BR-116/SP";"Crescente";"Colisão traseira";2;0;0;0;0;0;0;0;0;0;2;3;1;0;0
"24/08/2025";"12:15:00";"235";"Com vítima";"73,000";"BR-116/SP";"Crescente";"Colisão traseira";1;0;0;1;0;0;0;0;0;0;1;1;1;0;0
"24/08/2025";"13:20:00";"258";"Sem vítima";"389,000";"BR-101/RJ";"Decrescente";"Colisão lateral em sentido contrário";1;0;0;0;0;0;0;0;0;0;4;0;0;0;0
"24/08/2025";"13:36:00";"271";"Sem vítima";"159,000";"BR-116/SP";"Crescente";"Colisão traseira";1;0;1;0;0;0;0;0;0;0;2;0;0;0;0
"24/08/2025";"15:00:00";"306";"Sem vítima";"486,000";"BR-101/RJ";"Decrescente";"Engavetamento";3;0;0;0;0;0;0;0;0;0;7;0;0;0;0
"24/08/2025";"15:18:00";"316";"Sem vítima";"45,700";"BR-101/SP";"Decrescente";"Colisão lateral em sentido contrário";1;0;0;1;0;0;0;0;0;0;3;0;0;0;0
"24/08/2025";"15:32:00";"322";"Sem vítima";"84,000";"BR-116/SP";"Crescente";"Colisão traseira";1;0;0;0;0;0;0;0;0;0;1;0;0;0;0
"24/08/2025";"16:40:00";"363";"Sem vítima";"382,000";"BR-101/RJ";"Crescente";"Engavetamento";3;0;0;0;0;0;0;0;0;0;3;0;0;0;0
"24/08/2025";"17:02:00";"377";"Com vítima";"485,000";"BR-101/RJ";"Decrescente";"Acidentes de outra natureza";1;0;0;1;0;0;0;0;0;0;0;0;1;0;0
"24/08/2025";"20:31:00";"479";"Sem vítima";"26,600";"BR-101/SP";"Decrescente";"Choque";1;0;0;0;0;0;0;0;0;0;1;0;0;0;0
"24/08/2025";"21:11:00";"486";"Com vítima";"15,000";"BR-101/SP";"Decrescente";"Colisão traseira";2;0;0;1;0;0;0;0;0;0;2;0;1;0;0
"24/08/2025";"23:28:00";"524";"Sem vítima";"93,000";"BR-116/SP";"Crescente";"Choque";1;0;1;0;0;0;0;0;0;0;2;0;0;0;0
"25/08/2025";"01:25:00";"38";"Sem vítima";"494,800";"BR-101/RJ";"Decrescente";"Choque";1;0;0;0;0;0;0;0;0;0;2;0;0;0;0
"25/08/2025";"05:22:00";"73";"Sem vítima";"270,800";"BR-116/RJ";"Decrescente";"Colisão traseira";0;0;2;0;0;0;0;0;0;0;2;0;0;0;0
"25/08/2025";"05:29:00";"76";"Com vítima";"224,000";"BR-116/SP";"Crescente";"Acidentes de outra natureza";0;0;0;1;0;0;0;0;0;0;0;1;0;0;0
"25/08/2025";"07:35:00";"172";"Sem vítima";"111,300";"BR-116/SP";"Decrescente";"Colisão traseira";2;0;0;0;0;0;0;0;0;0;4;0;0;0;0
"25/08/2025";"08:43:00";"227";"Sem vítima";"156,500";"BR-116/SP";"Decrescente";"Colisão traseira";2;0;0;0;0;0;0;0;0;0;6;0;0;0;0
"25/08/2025";"09:22:00";"260";"Sem vítima";"117,000";"BR-116/SP";"Crescente";"Colisão traseira";1;0;0;0;0;0;0;1;0;0;3;0;0;0;0
"25/08/2025";"09:55:00";"286";"Sem vítima";"132,500";"BR-116/SP";"Crescente";"Choque";0;0;0;0;0;0;0;1;0;0;1;0;0;0;0
"25/08/2025";"10:14:00";"305";"Sem vítima";"132,600";"BR-116/SP";"Decrescente";"Colisão traseira";1;0;1;0;0;0;0;0;0;0;5;0;0;0;0
"25/08/2025";"13:26:00";"420";"Sem vítima";"392,000";"BR-101/RJ";"Decrescente";"Colisão traseira";0;0;2;0;0;0;0;0;0;0;2;0;0;0;0
"25/08/2025";"13:34:00";"427";"Com vítima";"399,000";"BR-101/RJ";"Crescente";"Acidentes de outra natureza";0;0;0;1;0;0;0;0;0;0;0;2;0;0;0
"25/08/2025";"14:21:00";"448";"Sem vítima";"140,500";"BR-116/SP";"Crescente";"Colisão traseira";1;0;0;0;0;0;0;0;0;0;2;0;0;0;0
"25/08/2025";"14:27:00";"453";"Sem vítima";"94,100";"BR-116/SP";"Crescente";"Colisão lateral em sentido contrário";1;0;1;0;0;0;0;0;0;0;2;0;0;0;0
"25/08/2025";"16:19:00";"504";"Com vítima";"397,000";"BR-101/RJ";"Decrescente";"Colisão traseira";1;0;1;0;0;0;0;0;0;0;1;0;1;1;0
"25/08/2025";"18:33:00";"588";"Com vítima";"144,900";"BR-116/SP";"Decrescente";"Acidentes de outra natureza";0;0;0;1;0;0;0;0;0;0;0;2;0;0;0
"25/08/2025";"19:48:00";"629";"Sem vítima";"147,000";"BR-116/SP";"Decrescente";"Colisão traseira";0;0;1;0;0;0;0;0;0;0;0;0;0;0;0
"25/08/2025";"19:48:00";"631";"Sem vítima";"219,000";"BR-116/SP";"Decrescente";"Colisão traseira";1;0;1;0;0;0;0;0;0;0;0;0;0;0;0
"25/08/2025";"20:38:00";"655";"Sem vítima";"231,000";"BR-116/SP";"Crescente";"Colisão traseira";2;0;0;0;0;0;0;0;0;0;0;0;0;0;0
"25/08/2025";"21:16:00";"678";"Sem vítima";"427,600";"BR-101/RJ";"Crescente";"Choque";1;0;0;0;0;0;0;0;0;0;1;0;0;0;0
"25/08/2025";"21:54:00";"688";"Sem vítima";"337,000";"BR-116/RJ";"Crescente";"Colisão traseira";0;0;1;0;0;0;0;0;0;0;1;0;0;0;0
"25/08/2025";"22:25:00";"704";"Com vítima";"384,000";"BR-101/RJ";"Decrescente";"Colisão traseira";1;0;0;1;0;0;0;0;0;0;1;0;2;2;0
"25/08/2025";"22:54:00";"713";"Sem vítima";"227,000";"BR-116/SP";"Crescente";"Colisão lateral em sentido contrário";1;0;1;0;0;0;0;0;0;0;2;0;0;0;0
"26/08/2025";"00:00:00";"135";"Com vítima";"199,000";"BR-116/SP";"Crescente";"Colisão lateral em sentido contrário";0;0;0;2;0;0;0;0;0;0;1;1;0;0;0
"26/08/2025";"06:07:00";"85";"Com vítima";"213,600";"BR-116/SP";"Crescente";"Colisão traseira";1;0;0;1;0;0;0;0;0;0;1;2;0;0;0
"26/08/2025";"07:03:00";"137";"Com vítima";"71,000";"BR-116/SP";"Crescente";"Colisão traseira";1;0;0;1;0;0;0;0;0;0;1;0;1;0;0
"26/08/2025";"07:38:00";"160";"Com vítima";"147,000";"BR-116/SP";"Decrescente";"Acidentes de outra natureza";0;0;0;1;0;0;0;0;0;0;0;1;0;0;0
"26/08/2025";"07:48:00";"166";"Com vítima";"162,000";"BR-116/SP";"Decrescente";"Colisão traseira";0;0;0;0;1;0;0;0;0;1;2;1;0;0;0
"26/08/2025";"09:20:00";"233";"Sem vítima";"157,300";"BR-116/SP";"Decrescente";"Colisão traseira";2;0;0;0;0;0;0;0;0;0;3;0;0;0;0
"26/08/2025";"09:57:00";"262";"Com vítima";"218,300";"BR-116/SP";"Crescente";"Colisão lateral em sentido contrário";0;0;0;1;0;0;0;0;0;1;1;1;0;0;0
"26/08/2025";"11:34:00";"318";"Sem vítima";"424,000";"BR-101/RJ";"Crescente";"Tombamento";0;0;1;0;0;0;0;0;0;0;2;0;0;0;0
"26/08/2025";"13:40:00";"352";"Sem vítima";"198,100";"BR-116/SP";"Decrescente";"Colisão lateral em sentido contrário";1;0;1;0;0;0;0;0;0;0;3;0;0;0;0
"26/08/2025";"13:53:00";"373";"Sem vítima";"11,600";"BR-101/SP";"Decrescente";"Colisão traseira";2;0;0;0;0;0;0;0;0;0;3;0;0;0;0
"26/08/2025";"15:22:00";"428";"Sem vítima";"469,000";"BR-101/RJ";"Decrescente";"Choque";1;0;0;0;0;0;0;0;0;0;1;0;0;0;0
"26/08/2025";"15:23:00";"430";"Sem vítima";"425,700";"BR-101/RJ";"Crescente";"Colisão transversal";2;0;0;0;0;0;0;0;0;0;8;0;0;0;0
"26/08/2025";"16:43:00";"461";"Sem vítima";"106,700";"BR-116/SP";"Decrescente";"Colisão traseira";1;0;0;0;0;0;0;0;0;0;2;0;0;0;0
"26/08/2025";"17:06:00";"467";"Sem vítima";"99,200";"BR-116/SP";"Crescente";"Choque";0;0;1;0;0;0;0;0;0;0;2;0;0;0;0
"26/08/2025";"17:17:00";"472";"Sem vítima";"146,000";"BR-116/SP";"Decrescente";"Colisão lateral em sentido contrário";2;0;0;0;0;0;0;0;0;0;2;0;0;0;0
"26/08/2025";"17:31:00";"478";"Com vítima";"387,000";"BR-101/RJ";"Crescente";"Colisão traseira";1;0;1;0;0;0;0;0;0;0;2;3;0;0;0
"26/08/2025";"17:46:00";"489";"Com vítima";"218,000";"BR-116/SP";"Decrescente";"Colisão traseira";0;0;0;1;0;0;0;0;0;0;0;1;0;0;0
"26/08/2025";"18:12:00";"500";"Sem vítima";"26,800";"BR-101/SP";"Decrescente";"Choque";1;0;0;0;0;0;0;0;0;0;0;0;0;0;0