data;horario;n_da_ocorrencia;tipo_de_ocorrencia;km;trecho;sentido;tipo_de_acidente;automovel;bicicleta;caminhao;moto;onibus;outros;tracao_animal;transporte_de_cargas_especiais;trator_maquinas;utilitarios;ilesos;levemente_feridos;moderadamente_feridos;gravemente_feridos;mortos
"26/08/2025";"19:11:00";"533";"Com vítima";"385,000";"BR-101/RJ";"Crescente";"Colisão traseira";1;0;0;0;0;0;0;0;0;0;1;1;0;0;0
"26/08/2025";"19:42:00";"545";"Com vítima";"261,400";"BR-116/RJ";"Crescente";"Colisão lateral em sentido contrário";1;0;0;0;0;0;0;1;0;0;2;1;0;0;0
"26/08/2025";"20:11:00";"554";"Com vítima";"116,600";"BR-116/SP";"Crescente";"Colisão traseira";0;0;0;1;0;0;0;0;0;0;0;0;1;0;0
"26/08/2025";"20:31:00";"560";"Sem vítima";"484,000";"BR-101/RJ";"Decrescente";"Colisão traseira";2;0;0;0;0;0;0;0;0;0;5;0;0;0;0
"26/08/2025";"21:03:00";"575";"Com vítima";"335,950";"BR-116/RJ";"Crescente";"Acidentes de outra natureza";0;0;0;1;0;0;0;0;0;0;0;1;0;0;0
"26/08/2025";"22:55:00";"604";"Sem vítima";"226,300";"BR-116/SP";"Crescente";"Colisão lateral em sentido contrário";1;0;0;0;0;0;0;1;0;0;2;0;0;0;0
"26/08/2025";"23:22:00";"610";"Sem vítima";"226,900";"BR-116/SP";"Crescente";"Colisão traseira";2;0;0;0;0;0;0;0;0;0;2;0;0;0;0
"26/08/2025";"23:24:00";"612";"Com vítima";"132,000";"BR-116/SP";"Decrescente";"Colisão traseira";0;0;2;0;0;0;0;0;0;0;1;1;0;0;0
"26/08/2025";"23:41:00";"615";"Com vítima";"135,100";"BR-116/SP";"Decrescente";"Engavetamento";0;0;3;0;0;0;0;0;0;0;2;0;0;0;1
"26/08/2025";"23:49:00";"618";"Sem vítima";"448,100";"BR-101/RJ";"Decrescente";"Tombamento";0;0;1;0;0;0;0;0;0;0;1;0;0;0;0
"27/08/2025";"06:21:00";"112";"Sem vítima";"216,000";"BR-116/SP";"Crescente";"Colisão traseira";1;0;0;0;0;0;0;0;0;0;1;0;0;0;0
"27/08/2025";"07:35:00";"173";"Com vítima";"219,000";"BR-116/SP";"Crescente";"Colisão lateral em sentido contrário";1;0;0;1;0;0;0;0;0;0;1;0;1;0;0
"27/08/2025";"07:55:00";"195";"Com vítima";"135,000";"BR-116/SP";"Decrescente";"Colisão traseira";1;0;1;0;0;0;0;0;0;0;1;1;0;0;0
"27/08/2025";"07:56:00";"196";"Sem vítima";"112,500";"BR-116/SP";"Crescente";"Engavetamento";2;0;1;0;0;0;0;0;0;0;4;0;0;0;0
"27/08/2025";"08:03:00";"205";"Sem vítima";"442,000";"BR-101/RJ";"Crescente";"Choque";1;0;0;0;0;0;0;0;0;0;3;0;0;0;0
"27/08/2025";"08:15:00";"224";"Sem vítima";"403,000";"BR-101/RJ";"Crescente";"Colisão lateral em sentido contrário";2;0;0;0;0;0;0;0;0;0;2;0;0;0;0
"27/08/2025";"10:43:00";"343";"Sem vítima";"56,100";"BR-116/SP";"Crescente";"Colisão traseira";1;0;1;0;0;0;0;0;0;0;2;0;0;0;0
"27/08/2025";"12:45:00";"413";"Sem vítima";"282,100";"BR-116/RJ";"Crescente";"Colisão lateral em sentido contrário";1;0;1;0;0;0;0;0;0;0;2;0;0;0;0
"27/08/2025";"13:01:00";"418";"Sem vítima";"282,000";"BR-116/RJ";"Crescente";"Colisão traseira";2;0;0;0;0;0;0;0;0;0;3;0;0;0;0
"27/08/2025";"14:19:00";"462";"Sem vítima";"120,600";"BR-116/SP";"Crescente";"Colisão traseira";0;0;1;0;0;0;0;1;0;0;2;0;0;0;0
"27/08/2025";"14:24:00";"466";"Com vítima";"219,200";"BR-116/SP";"Decrescente";"Colisão lateral em sentido contrário";1;0;1;1;0;0;0;0;0;0;2;1;0;0;0
"27/08/2025";"18:32:00";"585";"Com vítima";"228,000";"BR-116/SP";"Decrescente";"Colisão lateral em sentido contrário";1;0;0;1;0;0;0;0;0;0;2;1;0;0;0
"27/08/2025";"20:16:00";"641";"Sem vítima";"485,500";"BR-101/RJ";"Crescente";"Colisão traseira";2;0;0;0;0;0;0;0;0;0;2;0;0;0;0
"27/08/2025";"20:28:00";"647";"Com vítima";"216,500";"BR-116/SP";"Decrescente";"Colisão traseira";0;0;0;1;0;0;0;0;0;1;1;1;0;0;0
"27/08/2025";"20:44:00";"655";"Com vítima";"382,400";"BR-101/RJ";"Decrescente";"Choque";1;0;0;0;0;0;0;0;0;0;0;1;0;0;0
"27/08/2025";"23:05:00";"696";"Sem vítima";"149,000";"BR-116/SP";"Crescente";"Colisão traseira";1;0;0;0;0;0;0;0;0;0;0;0;0;0;0
"28/08/2025";"00:00:00";"662";"Com vítima";"157,700";"BR-116/SP";"Crescente";"Choque";3;0;0;0;0;0;0;0;0;0;0;1;0;0;0
"28/08/2025";"02:22:00";"50";"Sem vítima";"557,000";"BR-101/RJ";"Crescente";"Choque";1;0;0;0;0;0;0;0;0;0;1;0;0;0;0
"28/08/2025";"02:59:00";"57";"Sem vítima";"52,000";"BR-101/SP";"Decrescente";"Choque";1;0;0;0;0;0;0;0;0;0;0;0;0;0;0
"28/08/2025";"04:53:00";"76";"Sem vítima";"215,600";"BR-116/SP";"Crescente";"Colisão lateral em sentido contrário";1;0;1;0;0;0;0;0;0;0;2;0;0;0;0
"28/08/2025";"06:31:00";"116";"Com vítima";"146,700";"BR-116/SP";"Crescente";"Acidentes de outra natureza";1;0;0;1;0;0;0;0;0;0;0;1;0;0;0
"28/08/2025";"06:47:00";"132";"Sem vítima";"494,000";"BR-101/RJ";"Crescente";"Colisão lateral em sentido contrário";1;0;0;0;1;0;0;0;0;0;9;0;0;0;0
"28/08/2025";"08:06:00";"218";"Com vítima";"566,000";"BR-101/RJ";"Decrescente";"Acidentes de outra natureza";1;0;0;0;0;0;0;0;0;0;0;0;0;1;0
"28/08/2025";"08:07:00";"220";"Sem vítima";"398,000";"BR-101/RJ";"Crescente";"Choque";1;0;0;0;0;0;0;0;0;0;1;0;0;0;0
"28/08/2025";"09:12:00";"273";"Sem vítima";"174,000";"BR-116/SP";"Decrescente";"Tombamento";0;0;1;0;0;0;0;0;0;1;2;0;0;0;0
"28/08/2025";"11:32:00";"363";"Sem vítima";"123,000";"BR-116/SP";"Crescente";"Choque";1;0;0;0;0;0;0;0;0;0;1;0;0;0;0
"28/08/2025";"11:47:00";"372";"Com vítima";"223,000";"BR-116/SP";"Crescente";"Engavetamento";2;0;1;0;0;0;0;0;0;0;2;1;1;0;0
"28/08/2025";"16:58:00";"530";"Com vítima";"40,100";"BR-101/SP";"Decrescente";"Acidentes de outra natureza";0;0;0;1;0;0;0;0;0;0;0;1;0;0;0
"28/08/2025";"17:29:00";"548";"Sem vítima";"499,000";"BR-101/RJ";"Decrescente";"Choque";1;0;0;0;0;0;0;0;0;0;1;0;0;0;0
"28/08/2025";"17:53:00";"559";"Com vítima";"111,000";"BR-116/SP";"Decrescente";"Acidentes de outra natureza";0;0;0;1;0;0;0;0;0;0;0;1;0;0;0
"28/08/2025";"18:33:00";"565";"Com vítima";"148,500";"BR-116/SP";"Crescente";"Colisão traseira";1;0;0;1;0;0;0;0;0;0;1;0;1;0;0
"28/08/2025";"19:06:00";"583";"Sem vítima";"499,100";"BR-101/RJ";"Decrescente";"Choque";1;0;0;0;0;0;0;0;0;0;1;0;0;0;0
"28/08/2025";"19:31:00";"593";"Com vítima";"143,000";"BR-116/SP";"Decrescente";"Acidentes de outra natureza";0;0;0;1;0;0;0;0;0;0;1;1;0;0;0
"28/08/2025";"20:47:00";"628";"Com vítima";"540,000";"BR-101/RJ";"Decrescente";"Acidentes de outra natureza";0;0;0;1;0;0;0;0;0;0;0;0;1;0;0
"28/08/2025";"21:32:00";"650";"Sem vítima";"480,300";"BR-101/RJ";"Crescente";"Capotamento";1;0;0;0;0;0;0;0;0;0;1;0;0;0;0
"29/08/2025";"01:46:00";"45";"Sem vítima";"218,600";"BR-116/SP";"Crescente";"Colisão traseira";0;0;2;0;0;0;0;0;0;0;2;0;0;0;0
"29/08/2025";"06:19:00";"101";"Com vítima";"106,000";"BR-116/SP";"Crescente";"Colisão traseira";0;0;0;1;0;0;0;0;0;0;1;1;0;0;0
"29/08/2025";"06:27:00";"109";"Com vítima";"461,000";"BR-101/RJ";"Crescente";"Acidentes de outra natureza";0;0;0;1;0;0;0;0;0;0;0;1;0;0;0
"29/08/2025";"07:24:00";"158";"Sem vítima";"214,100";"BR-116/SP";"Crescente";"Choque";1;0;0;0;0;0;0;0;0;0;1;0;0;0;0
"29/08/2025";"07:29:00";"162";"Sem vítima";"524,000";"BR-101/RJ";"Crescente";"Capotamento";1;0;0;0;0;0;0;0;0;0;1;0;0;0;0
"29/08/2025";"07:42:00";"173";"Sem vítima";"264,000";"BR-116/RJ";"Decrescente";"Colisão lateral em sentido contrário";2;0;0;0;0;0;0;0;0;0;0;0;0;0;0
"29/08/2025";"07:47:00";"177";"Com vítima";"142,900";"BR-116/SP";"Crescente";"Colisão traseira";1;0;0;1;0;0;0;0;0;0;1;1;0;0;0
"29/08/2025";"08:39:00";"219";"Com vítima";"478,000";"BR-101/RJ";"Decrescente";"Acidentes de outra natureza";0;0;0;1;0;0;0;0;0;0;0;1;0;0;0
"29/08/2025";"08:54:00";"230";"Sem vítima";"212,000";"BR-116/SP";"Crescente";"Colisão traseira";1;0;1;0;0;0;0;0;0;0;1;0;0;0;0
"29/08/2025";"08:56:00";"233";"Com vítima";"557,000";"BR-101/RJ";"Crescente";"Capotamento";1;0;0;0;0;0;0;0;0;0;0;1;0;0;0
"29/08/2025";"09:58:00";"272";"Sem vítima";"118,000";"BR-116/SP";"Crescente";"Colisão lateral em sentido contrário";2;0;0;0;0;0;0;0;0;0;0;0;0;0;0
"29/08/2025";"10:05:00";"277";"Sem vítima";"139,800";"BR-116/SP";"Crescente";"Choque";0;0;1;0;0;0;0;0;0;0;1;0;0;0;0
"29/08/2025";"11:12:00";"313";"Sem vítima";"455,000";"BR-101/RJ";"Crescente";"Colisão traseira";2;0;0;0;0;0;0;0;0;0;2;0;0;0;0
"29/08/2025";"12:41:00";"361";"Com vítima";"13,100";"BR-101/SP";"Decrescente";"Acidentes de outra natureza";0;0;0;1;0;0;0;0;0;0;1;1;0;0;0
"29/08/2025";"12:53:00";"366";"Com vítima";"220,000";"BR-116/SP";"Crescente";"Colisão traseira";1;0;1;0;0;0;0;0;0;0;2;1;0;0;0
"29/08/2025";"15:57:00";"461";"Com vítima";"59,000";"BR-116/SP";"Crescente";"Acidentes de outra natureza";0;0;0;1;0;0;0;0;0;0;0;1;0;0;0
"29/08/2025";"18:11:00";"525";"Com vítima";"203,000";"BR-116/SP";"Decrescente";"Colisão lateral em sentido contrário";0;0;0;1;0;0;0;0;0;0;0;1;0;0;0
"29/08/2025";"18:29:00";"532";"Sem vítima";"214,000";"BR-116/SP";"Decrescente";"Colisão traseira";2;0;0;0;0;0;0;0;0;0;0;0;0;0;0
"29/08/2025";"18:40:00";"538";"Com vítima";"215,000";"BR-116/SP";"Decrescente";"Atropelamento de pedestre";0;0;0;0;0;0;0;0;0;0;0;1;0;0;0
"29/08/2025";"18:41:00";"539";"Com vítima";"15,600";"BR-101/SP";"Decrescente";"Colisão frontal";1;0;0;0;0;1;0;0;0;1;1;2;0;0;0
"29/08/2025";"19:25:00";"559";"Sem vítima";"277,000";"BR-116/RJ";"Crescente";"Colisão lateral em sentido contrário";1;0;1;0;0;0;0;0;0;0;4;0;0;0;0
"29/08/2025";"19:29:00";"562";"Sem vítima";"146,600";"BR-116/SP";"Decrescente";"Colisão frontal";0;0;0;1;0;0;0;0;0;0;0;0;0;0;0
"29/08/2025";"19:32:00";"563";"Com vítima";"225,000";"BR-116/SP";"Crescente";"Atropelamento de pedestre";1;0;0;1;0;0;0;0;0;0;0;0;0;1;0
"29/08/2025";"19:41:00";"569";"Sem vítima";"277,000";"BR-116/RJ";"Crescente";"Colisão traseira";1;0;0;0;0;0;0;0;0;0;1;0;0;0;0
"29/08/2025";"20:05:00";"578";"Sem vítima";"417,000";"BR-101/RJ";"Crescente";"Capotamento";1;0;0;0;0;0;0;0;0;0;1;0;0;0;0
"29/08/2025";"20:19:00";"584";"Com vítima";"417,000";"BR-101/RJ";"Crescente";"Acidentes de outra natureza";0;0;0;1;0;0;0;0;0;0;0;1;0;0;0
"29/08/2025";"21:26:00";"606";"Com vítima";"281,300";"BR-116/RJ";"Decrescente";"Engavetamento";2;0;1;0;0;0;0;0;0;0;2;0;1;0;0
"29/08/2025";"22:05:00";"618";"Sem vítima";"225,400";"BR-116/RJ";"Crescente";"Colisão lateral em sentido contrário";1;0;1;0;0;0;0;0;0;0;2;0;0;0;0
"29/08/2025";"22:17:00";"624";"Sem vítima";"495,000";"BR-101/RJ";"Crescente";"Choque";1;0;0;0;0;0;0;0;0;0;1;0;0;0;0
"29/08/2025";"22:37:00";"631";"Sem vítima";"495,000";"BR-101/RJ";"Crescente";"Choque";1;0;0;0;0;0;0;0;0;0;1;0;0;0;0
"29/08/2025";"23:53:00";"653";"Sem vítima";"225,000";"BR-116/SP";"Decrescente";"Capotamento";1;0;0;0;0;0;0;0;0;0;1;0;0;0;0
"30/08/2025";"00:17:00";"28";"Sem vítima";"275,350";"BR-116/RJ";"Crescente";"Choque";1;0;0;0;0;0;0;0;0;0;1;0;0;0;0
"30/08/2025";"01:33:00";"45";"Sem vítima";"233,000";"BR-116/RJ";"Decrescente";"Choque";1;0;0;0;0;0;0;0;0;0;4;0;0;0;0
"30/08/2025";"01:35:00";"47";"Com vítima";"214,000";"BR-116/SP";"Decrescente";"Acidentes de outra natureza";0;0;0;1;0;0;0;0;0;0;0;1;0;0;0
"30/08/2025";"01:37:00";"48";"Sem vítima";"255,400";"BR-116/RJ";"Decrescente";"Choque";0;0;1;0;0;0;0;0;0;0;1;0;0;0;0
"30/08/2025";"01:44:00";"49";"Sem vítima";"275,000";"BR-116/RJ";"Crescente";"Colisão lateral em sentido contrário";0;0;1;0;0;0;0;0;0;0;1;0;0;0;0
"30/08/2025";"03:07:00";"62";"Sem vítima";"391,200";"BR-101/RJ";"Crescente";"Choque";1;0;0;0;0;0;0;0;0;0;1;0;0;0;0
"30/08/2025";"03:29:00";"64";"Com vítima";"214,500";"BR-116/SP";"Decrescente";"Colisão traseira";2;0;0;0;0;0;0;0;0;0;1;2;0;0;0
"30/08/2025";"04:56:00";"85";"Sem vítima";"447,000";"BR-101/RJ";"Decrescente";"Capotamento";1;0;0;0;0;0;0;0;0;0;1;0;0;0;0
"30/08/2025";"05:14:00";"89";"Sem vítima";"570,600";"BR-101/RJ";"Crescente";"Choque";1;0;0;0;0;0;0;0;0;0;4;0;0;0;0
"30/08/2025";"05:25:00";"90";"Sem vítima";"225,000";"BR-116/SP";"Decrescente";"Choque";1;0;0;0;0;0;0;0;0;0;1;0;0;0;0
"30/08/2025";"06:21:00";"110";"Sem vítima";"464,000";"BR-101/RJ";"Decrescente";"Choque";1;0;0;0;0;0;0;0;0;0;1;0;0;0;0
"30/08/2025";"06:37:00";"123";"Com vítima";"164,900";"BR-116/SP";"Decrescente";"Choque";1;0;0;0;0;0;0;0;0;0;0;1;0;0;0
"30/08/2025";"06:55:00";"136";"Com vítima";"203,300";"BR-116/SP";"Decrescente";"Colisão traseira";0;0;2;0;0;0;0;0;0;0;1;0;2;0;0
"30/08/2025";"07:31:00";"165";"Sem vítima";"111,000";"BR-116/SP";"Decrescente";"Engavetamento";3;0;0;0;0;0;0;0;0;0;8;0;0;0;0
"30/08/2025";"07:52:00";"182";"Com vítima";"102,300";"BR-116/SP";"Decrescente";"Engavetamento";5;0;0;0;0;0;0;0;0;0;12;1;0;0;0
"30/08/2025";"11:02:00";"303";"Com vítima";"219,000";"BR-116/SP";"Crescente";"Colisão traseira";1;0;0;1;0;0;0;0;0;0;1;1;0;0;0
"30/08/2025";"12:35:00";"361";"Sem vítima";"322,800";"BR-116/RJ";"Crescente";"Colisão lateral em sentido contrário";2;0;0;0;0;0;0;0;0;0;3;0;0;0;0
"30/08/2025";"13:20:00";"391";"Sem vítima";"221,000";"BR-116/SP";"Crescente";"Choque";0;0;0;0;0;0;0;0;0;1;5;0;0;0;0
"30/08/2025";"13:34:00";"360";"Sem vítima";"28,000";"BR-101/SP";"Decrescente";"Capotamento";1;0;0;0;0;0;0;0;0;0;1;0;0;0;0
"30/08/2025";"13:34:00";"395";"Com vítima";"312,000";"BR-116/RJ";"Decrescente";"Choque";1;0;0;0;0;0;0;0;0;0;0;1;0;0;0
"30/08/2025";"13:41:00";"399";"Sem vítima";"289,000";"BR-116/RJ";"Crescente";"Colisão traseira";0;0;2;0;0;0;0;0;0;0;4;0;0;0;0
"30/08/2025";"13:58:00";"406";"Sem vítima";"289,000";"BR-116/RJ";"Crescente";"Colisão traseira";2;0;0;0;0;0;0;0;0;0;4;0;0;0;0
"30/08/2025";"15:25:00";"440";"Com vítima";"389,000";"BR-101/RJ";"Crescente";"Capotamento";1;0;0;0;0;0;0;0;0;0;0;1;0;0;0
"30/08/2025";"15:37:00";"448";"Sem vítima";"298,000";"BR-116/RJ";"Decrescente";"Colisão lateral em sentido contrário";1;0;0;0;0;0;0;1;0;0;4;0;0;0;0
"30/08/2025";"15:52:00";"453";"Sem vítima";"590,500";"BR-101/RJ";"Crescente";"Choque";0;0;0;0;1;0;0;0;0;0;0;0;0;0;0
"30/08/2025";"16:09:00";"462";"Sem vítima";"225,000";"BR-116/SP";"Crescente";"Engavetamento";1;0;0;0;0;0;0;0;0;0;1;0;0;0;0
"30/08/2025";"16:18:00";"468";"Com vítima";"427,300";"BR-101/RJ";"Crescente";"Acidentes de outra natureza";0;0;0;1;0;0;0;0;0;0;1;1;0;0;0
"30/08/2025";"17:23:00";"501";"Com vítima";"390,000";"BR-101/RJ";"Crescente";"Colisão lateral em sentido contrário";1;0;0;1;0;0;0;0;0;0;1;2;0;0;0
"30/08/2025";"17:49:00";"519";"Sem vítima";"411,000";"BR-101/RJ";"Decrescente";"Choque";2;0;0;0;0;0;0;0;0;0;0;0;0;0;0
"30/08/2025";"19:08:00";"548";"Sem vítima";"76,700";"BR-116/SP";"Crescente";"Engavetamento";2;0;1;0;0;0;0;0;0;0;0;0;0;0;0
"30/08/2025";"19:20:00";"556";"Com vítima";"150,000";"BR-116/SP";"Crescente";"Engavetamento";3;0;0;0;0;0;0;0;0;0;3;1;0;0;0
"30/08/2025";"19:35:00";"560";"Com vítima";"408,000";"BR-101/RJ";"Decrescente";"Choque";1;0;0;0;0;0;0;0;0;0;0;1;0;0;0
"30/08/2025";"20:19:00";"581";"Sem vítima";"64,800";"BR-116/SP";"Decrescente";"Tombamento";0;0;0;0;0;0;0;1;0;0;1;0;0;0;0
"30/08/2025";"20:59:00";"601";"Sem vítima";"167,700";"BR-116/SP";"Decrescente";"Atropelamento de pedestre";1;0;0;0;0;0;0;0;0;0;3;0;0;0;0
"30/08/2025";"21:02:00";"604";"Sem vítima";"223,700";"BR-116/RJ";"Decrescente";"Choque";0;0;0;0;0;0;0;1;0;0;0;0;0;0;0
"30/08/2025";"21:50:00";"620";"Com vítima";"323,300";"BR-116/RJ";"Crescente";"Colisão frontal";2;0;0;0;0;0;0;0;0;0;0;6;0;0;0
"30/08/2025";"23:16:00";"634";"Com vítima";"387,200";"BR-101/RJ";"Crescente";"Colisão traseira";2;0;0;0;0;0;0;0;0;0;5;3;0;0;0
"31/08/2025";"00:21:00";"52";"Sem vítima";"138,200";"BR-116/SP";"Crescente";"Colisão traseira";1;0;0;0;0;0;0;0;0;0;2;0;0;0;0
"31/08/2025";"00:35:00";"54";"Com vítima";"489,100";"BR-101/RJ";"Crescente";"Colisão traseira";1;0;0;0;0;0;0;0;0;0;1;0;1;0;0
"31/08/2025";"00:58:00";"58";"Com vítima";"51,000";"BR-116/SP";"Crescente";"Atropelamento de pedestre";1;0;0;0;0;0;0;0;0;0;0;1;0;0;0
"31/08/2025";"01:04:00";"61";"Sem vítima";"94,900";"BR-116/SP";"Decrescente";"Capotamento";1;0;0;0;0;0;0;0;0;0;0;0;0;0;0
"31/08/2025";"02:59:00";"84";"Sem vítima";"63,000";"BR-116/SP";"Crescente";"Choque";1;0;0;0;0;0;0;0;0;0;0;0;0;0;0
"31/08/2025";"04:00:00";"92";"Com vítima";"224,600";"BR-116/SP";"Decrescente";"Acidentes de outra natureza";0;0;0;1;0;0;0;0;0;0;0;0;0;1;0
"31/08/2025";"04:47:00";"447";"Com vítima";"289,200";"BR-116/RJ";"Decrescente";"Colisão traseira";2;0;0;0;0;0;0;0;0;0;6;4;0;0;0
"31/08/2025";"08:12:00";"164";"Sem vítima";"87,400";"BR-116/SP";"Decrescente";"Colisão traseira";2;0;0;0;0;0;0;0;0;0;9;0;0;0;0
"31/08/2025";"09:34:00";"218";"Sem vítima";"410,000";"BR-101/RJ";"Decrescente";"Capotamento";2;0;0;0;0;0;0;0;0;0;2;0;0;0;0
"31/08/2025";"14:46:00";"393";"Com vítima";"284,500";"BR-116/RJ";"Decrescente";"Engavetamento";2;0;0;0;0;0;0;0;0;0;0;0;1;0;0
"31/08/2025";"15:00:00";"400";"Com vítima";"97,000";"BR-116/SP";"Crescente";"Engavetamento";2;0;0;1;0;0;0;0;0;0;2;1;1;0;0
"31/08/2025";"15:07:00";"403";"Com vítima";"78,300";"BR-116/SP";"Crescente";"Colisão traseira";1;0;0;0;0;0;0;0;0;0;2;1;0;0;0
"31/08/2025";"15:27:00";"417";"Com vítima";"153,800";"BR-116/SP";"Crescente";"Colisão lateral em sentido contrário";2;0;0;0;0;0;0;0;0;0;4;1;0;0;0
"31/08/2025";"15:41:00";"427";"Com vítima";"74,350";"BR-116/SP";"Crescente";"Colisão traseira";2;0;0;0;0;0;0;0;0;0;4;1;0;0;0
"31/08/2025";"17:09:00";"475";"Com vítima";"218,000";"BR-116/SP";"Crescente";"Colisão traseira";0;0;0;1;0;0;0;0;0;0;0;2;0;0;0
"31/08/2025";"17:49:00";"493";"Com vítima";"19,800";"BR-116/SP";"Decrescente";"Engavetamento";2;0;1;0;0;0;0;0;0;0;0;0;1;0;0
"31/08/2025";"18:02:00";"501";"Sem vítima";"277,000";"BR-116/RJ";"Crescente";"Choque";0;0;1;0;0;0;0;0;0;0;1;0;0;0;0
"31/08/2025";"18:29:00";"513";"Com vítima";"223,000";"BR-116/SP";"Crescente";"Colisão traseira";0;0;0;2;0;0;0;0;0;0;1;1;2;0;0
"31/08/2025";"18:30:00";"515";"Com vítima";"20,700";"BR-116/SP";"Decrescente";"Engavetamento";2;0;1;0;0;0;0;0;0;0;0;1;0;0;0
"31/08/2025";"19:52:00";"553";"Sem vítima";"136,000";"BR-116/SP";"Crescente";"Colisão lateral em sentido contrário";1;0;0;0;0;0;0;1;0;0;5;0;0;0;0
"31/08/2025";"20:08:00";"559";"Sem vítima";"507,300";"BR-101/RJ";"Crescente";"Choque";1;0;0;0;0;0;0;0;0;0;1;0;0;0;0
"31/08/2025";"20:11:00";"561";"Com vítima";"428,000";"BR-101/RJ";"Crescente";"Engavetamento";2;0;0;0;1;0;0;0;0;0;39;0;0;1;0
"31/08/2025";"22:46:00";"626";"Com vítima";"484,000";"BR-101/RJ";"Crescente";"Capotamento";1;0;0;0;0;0;0;0;0;0;0;1;0;0;0
"01/09/2025";"00:00:00";"381";"Sem vítima";"152,500";"BR-116/SP";"Decrescente";"Colisão lateral em sentido contrário";1;0;0;0;0;0;0;1;0;0;1;0;0;0;0
"01/09/2025";"00:00:00";"573";"Com vítima";"113,900";"BR-116/SP";"Crescente";"Atropelamento de pedestre";1;0;0;0;0;0;0;0;0;1;2;0;0;0;1
"01/09/2025";"00:00:00";"583";"Sem vítima";"125,100";"BR-116/SP";"Decrescente";"Choque";1;0;0;0;0;0;0;0;0;0;1;0;0;0;0
"01/09/2025";"00:00:00";"647";"Sem vítima";"51,700";"BR-116/SP";"Decrescente";"Atropelamento de pedestre";0;0;1;0;0;0;0;0;0;0;0;0;0;0;0
"01/09/2025";"00:43:00";"29";"Sem vítima";"227,300";"BR-116/SP";"Decrescente";"Capotamento";1;0;0;0;0;0;0;0;0;0;0;0;0;0;0
"01/09/2025";"00:45:00";"31";"Sem vítima";"41,900";"BR-116/SP";"Decrescente";"Choque";1;0;0;0;0;0;0;0;0;0;0;0;0;0;0
"01/09/2025";"01:52:00";"40";"Com vítima";"169,500";"BR-116/SP";"Decrescente";"Engavetamento";2;0;0;0;0;0;0;1;0;0;4;0;1;0;0
"01/09/2025";"06:40:00";"120";"Com vítima";"216,500";"BR-116/SP";"Crescente";"Acidentes de outra natureza";0;0;0;1;0;0;0;0;0;0;0;1;1;0;0
"01/09/2025";"10:56:00";"320";"Com vítima";"401,000";"BR-101/RJ";"Crescente";"Colisão frontal";0;0;1;1;0;0;0;0;0;0;1;0;0;0;1
"01/09/2025";"12:12:00";"365";"Sem vítima";"103,000";"BR-116/SP";"Crescente";"Acidentes de outra natureza";0;0;0;1;0;0;0;0;0;0;0;0;0;0;0
"01/09/2025";"12:39:00";"378";"Sem vítima";"223,500";"BR-116/SP";"Crescente";"Colisão traseira";2;0;0;0;0;0;0;0;0;0;2;0;0;0;0
"01/09/2025";"13:40:00";"416";"Sem vítima";"489,000";"BR-101/RJ";"Crescente";"Colisão lateral em sentido contrário";1;0;0;1;0;0;0;0;0;0;2;0;0;0;0
"01/09/2025";"13:52:00";"423";"Com vítima";"407,000";"BR-101/RJ";"Crescente";"Atropelamento de pedestre";1;0;0;0;0;0;0;0;0;0;1;1;0;0;0
"01/09/2025";"13:54:00";"425";"Sem vítima";"165,000";"BR-116/SP";"Decrescente";"Colisão traseira";0;0;1;0;0;0;0;1;0;0;2;0;0;0;0
"01/09/2025";"14:17:00";"436";"Com vítima";"473,000";"BR-101/RJ";"Crescente";"Colisão lateral em sentido contrário";1;0;0;1;0;0;0;0;0;0;1;1;0;0;0
"01/09/2025";"15:01:00";"458";"Com vítima";"157,000";"BR-116/SP";"Crescente";"Colisão traseira";1;0;0;1;0;0;0;0;0;0;0;1;0;0;0
"01/09/2025";"17:09:00";"515";"Com vítima";"142,500";"BR-116/SP";"Decrescente";"Acidentes de outra natureza";0;0;0;1;0;0;0;0;0;0;0;1;0;0;0
"01/09/2025";"17:28:00";"526";"Sem vítima";"203,500";"BR-116/SP";"Decrescente";"Colisão traseira";2;0;0;0;0;0;0;0;0;0;1;0;0;0;0
"01/09/2025";"18:12:00";"543";"Sem vítima";"202,000";"BR-116/SP";"Decrescente";"Colisão traseira";2;0;0;0;0;0;0;0;0;0;2;0;0;0;0
"01/09/2025";"18:15:00";"546";"Com vítima";"405,600";"BR-101/RJ";"Crescente";"Atropelamento de pedestre";1;0;0;0;0;0;0;0;0;0;0;1;0;0;0
"01/09/2025";"18:54:00";"567";"Com vítima";"303,800";"BR-116/RJ";"Crescente";"Acidentes de outra natureza";1;0;0;0;0;0;0;0;0;0;0;0;1;0;0
"01/09/2025";"19:08:00";"572";"Com vítima";"221,500";"BR-116/SP";"Decrescente";"Colisão lateral em sentido contrário";0;0;1;1;1;0;0;0;0;0;2;0;1;0;0
"01/09/2025";"23:49:00";"651";"Com vítima";"230,000";"BR-116/SP";"Decrescente";"Colisão traseira";0;0;1;1;0;0;0;0;0;0;1;1;0;0;0