data;horario;n_da_ocorrencia;tipo_de_ocorrencia;km;trecho;sentido;tipo_de_acidente;automovel;bicicleta;caminhao;moto;onibus;outros;tracao_animal;transporte_de_cargas_especiais;trator_maquinas;utilitarios;ilesos;levemente_feridos;moderadamente_feridos;gravemente_feridos;mortos
"02/09/2025";"07:14:00";"139";"Com vítima";"219,200";"BR-116/SP";"Crescente";"Colisão traseira";0;0;1;1;0;0;0;0;0;0;1;1;0;0;0
"02/09/2025";"07:42:00";"169";"Sem vítima";"487,000";"BR-101/RJ";"Crescente";"Colisão traseira";0;0;1;0;1;0;0;0;0;0;7;0;0;0;0
"02/09/2025";"07:49:00";"175";"Sem vítima";"227,000";"BR-116/SP";"Crescente";"Colisão traseira";2;0;0;0;0;0;0;0;0;0;1;0;0;0;0
"02/09/2025";"10:12:00";"280";"Sem vítima";"147,500";"BR-116/SP";"Crescente";"Colisão traseira";1;0;1;0;0;0;0;0;0;0;0;0;0;0;0
"02/09/2025";"11:13:00";"324";"Com vítima";"575,000";"BR-101/RJ";"Decrescente";"Colisão traseira";1;0;0;1;0;0;0;0;0;0;2;2;0;0;0
"02/09/2025";"11:14:00";"326";"Sem vítima";"230,000";"BR-116/SP";"Decrescente";"Colisão lateral em sentido contrário";1;0;0;0;0;0;0;1;0;0;3;0;0;0;0
"02/09/2025";"15:56:00";"481";"Com vítima";"130,200";"BR-116/SP";"Crescente";"Engavetamento";2;0;2;0;0;0;0;0;0;2;1;3;1;1;0
"02/09/2025";"18:21:00";"545";"Com vítima";"502,000";"BR-101/RJ";"Decrescente";"Choque";0;0;0;1;0;0;0;0;0;0;0;0;1;0;0
"03/09/2025";"03:02:00";"55";"Com vítima";"216,000";"BR-116/SP";"Crescente";"Engavetamento";2;0;0;0;0;0;0;0;0;0;2;1;0;0;0
"03/09/2025";"07:36:00";"159";"Sem vítima";"116,000";"BR-116/SP";"Crescente";"Colisão traseira";0;0;3;0;0;0;0;0;0;0;0;0;0;0;0
"03/09/2025";"08:03:00";"178";"Com vítima";"220,000";"BR-116/SP";"Crescente";"Colisão traseira";1;0;0;1;0;0;0;0;0;0;2;1;0;0;0
"03/09/2025";"08:20:00";"186";"Com vítima";"296,000";"BR-116/RJ";"Decrescente";"Colisão traseira";2;0;0;0;0;0;0;0;0;0;0;2;1;0;0
"03/09/2025";"09:00:00";"226";"Sem vítima";"103,000";"BR-116/SP";"Crescente";"Choque";1;0;0;0;0;0;0;0;0;0;1;0;0;0;0
"03/09/2025";"09:07:00";"227";"Com vítima";"110,300";"BR-116/SP";"Crescente";"Acidentes de outra natureza";0;0;0;1;0;0;0;0;0;0;0;0;1;0;0
"03/09/2025";"09:28:00";"250";"Com vítima";"548,600";"BR-101/RJ";"Crescente";"Engavetamento";2;0;1;0;0;0;0;0;0;0;3;2;0;0;0
"03/09/2025";"12:31:00";"346";"Com vítima";"111,400";"BR-116/SP";"Decrescente";"Colisão traseira";1;0;0;1;0;0;0;0;0;0;1;1;0;0;0
"03/09/2025";"12:31:00";"347";"Sem vítima";"231,000";"BR-116/SP";"Decrescente";"Colisão traseira";2;0;0;0;0;0;0;0;0;0;2;0;0;0;0
"03/09/2025";"13:24:00";"371";"Com vítima";"75,000";"BR-116/SP";"Crescente";"Engavetamento";0;0;1;1;0;0;0;0;0;0;3;1;0;0;0
"03/09/2025";"13:36:00";"379";"Sem vítima";"288,000";"BR-116/RJ";"Crescente";"Engavetamento";0;0;1;0;0;0;0;0;0;0;1;0;0;0;0
"03/09/2025";"14:04:00";"392";"Com vítima";"383,000";"BR-101/RJ";"Decrescente";"Acidentes de outra natureza";0;0;0;1;0;0;0;0;0;0;0;0;1;0;0
"03/09/2025";"14:43:00";"408";"Sem vítima";"221,900";"BR-116/SP";"Decrescente";"Choque";1;0;0;0;0;0;0;0;0;0;0;0;0;0;0
"03/09/2025";"14:51:00";"411";"Com vítima";"337,700";"BR-116/RJ";"Crescente";"Colisão lateral em sentido contrário";2;0;0;0;0;0;0;0;0;0;0;0;2;0;0
"03/09/2025";"15:11:00";"424";"Com vítima";"146,500";"BR-116/SP";"Decrescente";"Engavetamento";2;0;1;0;0;0;0;0;0;0;4;2;0;0;0
"03/09/2025";"15:43:00";"437";"Com vítima";"227,800";"BR-116/RJ";"Crescente";"Colisão lateral em sentido contrário";1;0;0;0;0;0;0;1;0;0;1;1;0;0;0
"03/09/2025";"18:15:00";"500";"Sem vítima";"144,900";"BR-116/SP";"Crescente";"Colisão traseira";1;0;0;0;0;0;0;0;0;1;4;0;0;0;0
"03/09/2025";"18:28:00";"504";"Com vítima";"179,000";"BR-116/SP";"Crescente";"Acidentes de outra natureza";0;0;0;1;0;0;0;0;0;0;0;1;0;0;0
"03/09/2025";"18:37:00";"508";"Com vítima";"223,500";"BR-116/SP";"Crescente";"Colisão lateral em sentido contrário";1;0;0;1;0;0;0;0;0;0;1;1;0;0;0
"03/09/2025";"19:19:00";"527";"Com vítima";"387,000";"BR-101/RJ";"Crescente";"Atropelamento de pedestre";0;0;0;0;0;0;0;0;0;0;0;0;0;1;0
"03/09/2025";"19:21:00";"529";"Com vítima";"99,000";"BR-116/SP";"Crescente";"Acidentes de outra natureza";0;0;0;1;0;0;0;0;0;0;0;1;0;0;0
"03/09/2025";"22:40:00";"596";"Com vítima";"147,700";"BR-116/SP";"Crescente";"Colisão traseira";2;0;6;0;0;0;0;0;0;0;4;4;0;0;0
"03/09/2025";"22:56:00";"599";"Com vítima";"111,000";"BR-116/SP";"Decrescente";"Acidentes de outra natureza";0;0;0;1;0;0;0;0;0;0;0;1;0;0;0
"04/09/2025";"01:37:00";"33";"Com vítima";"264,200";"BR-116/RJ";"Decrescente";"Colisão traseira";0;0;1;0;0;0;0;1;0;0;1;1;0;0;0
"04/09/2025";"02:13:00";"41";"Sem vítima";"484,000";"BR-101/RJ";"Decrescente";"Colisão traseira";1;0;0;0;0;0;0;0;0;1;3;0;0;0;0
"04/09/2025";"03:20:00";"48";"Sem vítima";"484,000";"BR-101/RJ";"Crescente";"Choque";1;0;0;0;0;0;0;0;0;0;1;0;0;0;0
"04/09/2025";"04:26:00";"57";"Sem vítima";"438,000";"BR-101/RJ";"Decrescente";"Atropelamento de pedestre";1;0;0;0;0;0;0;0;0;0;0;0;0;0;0
"04/09/2025";"05:28:00";"78";"Sem vítima";"270,000";"BR-116/RJ";"Decrescente";"Choque";0;0;0;0;0;0;0;1;0;0;1;0;0;0;0
"04/09/2025";"06:54:00";"118";"Com vítima";"384,000";"BR-101/RJ";"Crescente";"Acidentes de outra natureza";0;0;0;1;0;0;0;0;0;0;0;0;1;0;0
"04/09/2025";"07:35:00";"161";"Sem vítima";"427,000";"BR-101/RJ";"Crescente";"Choque";1;0;0;0;0;0;0;0;0;0;2;0;0;0;0
"04/09/2025";"07:42:00";"166";"Com vítima";"383,000";"BR-101/RJ";"Decrescente";"Acidentes de outra natureza";0;0;0;1;0;0;0;0;0;0;0;1;0;0;0
"04/09/2025";"08:33:00";"221";"Com vítima";"145,200";"BR-116/SP";"Crescente";"Colisão traseira";1;0;0;1;0;0;0;0;0;0;1;1;0;0;0
"04/09/2025";"09:01:00";"291";"Com vítima";"62,300";"BR-116/SP";"Decrescente";"Choque";1;0;0;0;0;0;0;0;0;0;0;1;0;0;0
"04/09/2025";"10:09:00";"294";"Sem vítima";"122,550";"BR-116/SP";"Decrescente";"Colisão lateral em sentido contrário";0;0;1;1;0;0;0;0;0;0;3;0;0;0;0
"04/09/2025";"11:03:00";"315";"Sem vítima";"511,800";"BR-101/RJ";"Crescente";"Engavetamento";3;0;0;0;0;0;0;0;0;0;3;0;0;0;0
"04/09/2025";"11:10:00";"320";"Sem vítima";"502,000";"BR-101/RJ";"Crescente";"Colisão traseira";2;0;0;0;0;0;0;0;0;0;2;0;0;0;0
"04/09/2025";"15:03:00";"454";"Com vítima";"284,000";"BR-116/RJ";"Decrescente";"Colisão traseira";1;0;1;0;0;0;0;0;0;0;0;1;0;0;0
"04/09/2025";"15:36:00";"473";"Com vítima";"385,000";"BR-101/RJ";"Decrescente";"Colisão traseira";1;0;0;1;0;0;0;0;0;0;2;1;0;0;0
"04/09/2025";"17:03:00";"522";"Com vítima";"407,800";"BR-101/RJ";"Decrescente";"Atropelamento de pedestre";1;0;0;0;0;0;0;0;0;0;1;0;0;0;1
"04/09/2025";"17:40:00";"544";"Sem vítima";"303,000";"BR-116/RJ";"Crescente";"Colisão traseira";0;0;2;0;0;0;0;0;0;0;0;0;0;0;0
"04/09/2025";"17:43:00";"546";"Com vítima";"477,000";"BR-101/RJ";"Crescente";"Acidentes de outra natureza";0;0;0;1;0;0;0;0;0;0;0;1;0;0;0
"04/09/2025";"18:28:00";"569";"Com vítima";"217,000";"BR-116/SP";"Decrescente";"Engavetamento";1;0;0;1;0;0;0;0;0;0;1;1;0;0;0
"04/09/2025";"20:53:00";"649";"Sem vítima";"165,200";"BR-116/SP";"Decrescente";"Choque";0;0;0;0;0;0;0;0;0;0;0;0;0;0;0
"04/09/2025";"21:30:00";"670";"Sem vítima";"232,500";"BR-116/RJ";"Decrescente";"Choque";0;0;1;0;0;0;0;0;0;0;0;0;0;0;0
"04/09/2025";"21:37:00";"674";"Com vítima";"238,000";"BR-116/RJ";"Crescente";"Colisão lateral em sentido contrário";1;0;0;0;0;0;0;0;0;0;2;1;0;0;0
"04/09/2025";"21:42:00";"675";"Com vítima";"226,500";"BR-116/SP";"Decrescente";"Colisão lateral em sentido contrário";1;0;0;1;0;0;0;0;0;0;1;0;1;0;0
"04/09/2025";"21:54:00";"678";"Com vítima";"186,300";"BR-116/SP";"Decrescente";"Capotamento";1;0;0;0;0;0;0;0;0;0;0;1;0;0;0
"04/09/2025";"22:08:00";"681";"Com vítima";"189,000";"BR-116/SP";"Crescente";"Colisão traseira";0;0;2;0;0;0;0;0;0;0;1;1;0;0;0
"04/09/2025";"22:17:00";"685";"Sem vítima";"34,000";"BR-116/SP";"Decrescente";"Colisão traseira";0;0;1;0;0;0;0;0;0;0;0;0;0;0;0
"05/09/2025";"00:00:00";"523";"Sem vítima";"113,000";"BR-116/SP";"Decrescente";"Engavetamento";1;0;0;0;0;0;0;0;0;0;0;0;0;0;0
"05/09/2025";"06:22:00";"111";"Com vítima";"479,100";"BR-101/RJ";"Decrescente";"Acidentes de outra natureza";0;0;0;1;0;0;0;0;0;0;0;1;0;0;0
"05/09/2025";"06:26:00";"116";"Com vítima";"218,400";"BR-116/SP";"Crescente";"Colisão lateral em sentido contrário";1;0;0;1;0;0;0;0;0;0;1;1;0;0;0
"05/09/2025";"06:53:00";"140";"Sem vítima";"219,000";"BR-116/SP";"Crescente";"Colisão traseira";0;0;0;0;0;0;0;0;0;1;1;0;0;0;0
"05/09/2025";"07:08:00";"152";"Com vítima";"308,000";"BR-116/RJ";"Crescente";"Capotamento";1;0;0;0;0;0;0;0;0;0;0;0;1;0;0
"05/09/2025";"09:09:00";"236";"Com vítima";"227,000";"BR-116/SP";"Decrescente";"Colisão traseira";1;0;0;0;0;0;0;0;0;1;1;1;0;0;0
"05/09/2025";"09:52:00";"261";"Com vítima";"221,000";"BR-116/SP";"Crescente";"Colisão traseira";0;0;0;2;0;0;0;0;0;0;1;1;0;0;0
"05/09/2025";"10:22:00";"287";"Com vítima";"224,100";"BR-116/SP";"Crescente";"Acidentes de outra natureza";0;0;0;1;0;0;0;0;0;0;0;1;0;0;0
"05/09/2025";"10:24:00";"289";"Com vítima";"273,600";"BR-116/RJ";"Crescente";"Acidentes de outra natureza";0;0;0;1;0;0;0;0;0;0;0;1;0;0;0
"05/09/2025";"10:25:00";"291";"Sem vítima";"300,000";"BR-116/RJ";"Crescente";"Colisão traseira";1;0;0;0;0;0;0;0;0;0;1;0;0;0;0
"05/09/2025";"10:35:00";"296";"Sem vítima";"417,000";"BR-101/RJ";"Crescente";"Choque";1;0;0;0;0;0;0;0;0;0;2;0;0;0;0
"05/09/2025";"12:39:00";"370";"Com vítima";"471,000";"BR-101/RJ";"Decrescente";"Colisão lateral em sentido contrário";2;0;0;0;0;0;0;0;0;0;1;1;0;0;0
"05/09/2025";"13:49:00";"410";"Sem vítima";"215,000";"BR-116/SP";"Crescente";"Colisão lateral em sentido contrário";1;0;0;0;0;0;0;1;0;0;2;0;0;0;0
"05/09/2025";"13:58:00";"415";"Com vítima";"111,600";"BR-116/SP";"Decrescente";"Acidentes de outra natureza";0;0;0;1;0;0;0;0;0;0;0;1;0;0;0
"05/09/2025";"14:12:00";"424";"Sem vítima";"226,900";"BR-116/RJ";"Crescente";"Colisão lateral em sentido contrário";1;0;1;0;0;0;0;0;0;0;2;0;0;0;0
"05/09/2025";"14:14:00";"425";"Sem vítima";"228,200";"BR-116/SP";"Decrescente";"Engavetamento";1;0;0;0;1;0;0;1;0;0;3;0;0;0;0
"05/09/2025";"14:57:00";"449";"Com vítima";"89,300";"BR-116/SP";"Crescente";"Engavetamento";1;0;0;0;0;0;0;2;0;0;4;1;0;0;0
"05/09/2025";"16:47:00";"513";"Com vítima";"205,000";"BR-116/SP";"Decrescente";"Colisão lateral em sentido contrário";1;0;0;1;0;0;0;0;0;0;1;1;0;0;0
"05/09/2025";"16:58:00";"517";"Sem vítima";"284,000";"BR-116/RJ";"Decrescente";"Colisão traseira";1;0;0;0;0;0;0;0;0;0;1;0;0;0;0
"05/09/2025";"17:18:00";"527";"Sem vítima";"125,000";"BR-116/SP";"Decrescente";"Colisão lateral em sentido contrário";2;0;0;0;0;0;0;0;0;0;2;0;0;0;0
"05/09/2025";"17:25:00";"532";"Com vítima";"149,000";"BR-116/SP";"Decrescente";"Colisão traseira";1;0;0;1;0;0;0;0;0;0;1;1;0;0;0
"05/09/2025";"17:44:00";"540";"Sem vítima";"230,500";"BR-116/SP";"Decrescente";"Engavetamento";1;0;0;0;0;0;0;1;0;0;2;0;0;0;0
"05/09/2025";"18:09:00";"548";"Sem vítima";"103,650";"BR-116/SP";"Crescente";"Colisão traseira";0;0;2;0;0;0;0;0;0;0;0;0;0;0;0
"05/09/2025";"19:01:00";"574";"Sem vítima";"398,000";"BR-101/RJ";"Crescente";"Colisão traseira";2;0;0;0;0;0;0;0;0;0;2;0;0;0;0
"05/09/2025";"19:05:00";"578";"Com vítima";"408,400";"BR-101/RJ";"Decrescente";"Colisão traseira";2;0;0;0;0;0;0;0;0;0;1;1;0;0;0
"05/09/2025";"19:52:00";"605";"Sem vítima";"223,000";"BR-116/SP";"Crescente";"Colisão lateral em sentido contrário";0;0;0;1;0;0;0;0;0;0;1;0;0;0;0
"05/09/2025";"20:00:00";"607";"Sem vítima";"148,000";"BR-116/SP";"Crescente";"Colisão traseira";2;0;0;0;0;0;0;0;0;0;0;0;0;0;0
"05/09/2025";"20:11:00";"610";"Sem vítima";"322,000";"BR-116/RJ";"Crescente";"Choque";2;0;2;0;0;0;0;0;0;0;0;0;0;0;0
"05/09/2025";"21:26:00";"643";"Com vítima";"219,000";"BR-116/SP";"Crescente";"Acidentes de outra natureza";0;0;0;1;0;0;0;0;0;0;0;0;0;1;0
"05/09/2025";"21:39:00";"652";"Com vítima";"203,900";"BR-116/SP";"Decrescente";"Choque";0;0;0;1;0;0;0;0;0;0;0;1;0;0;0
"05/09/2025";"22:29:00";"665";"Sem vítima";"224,500";"BR-116/SP";"Decrescente";"Acidentes de outra natureza";0;0;0;1;0;0;0;0;0;0;1;0;0;0;0
"05/09/2025";"22:39:00";"667";"Sem vítima";"105,200";"BR-116/SP";"Decrescente";"Colisão traseira";1;0;0;0;0;0;0;0;0;0;0;0;0;0;0
"05/09/2025";"23:14:00";"679";"Sem vítima";"58,000";"BR-116/SP";"Crescente";"Colisão traseira";1;0;1;0;0;0;0;0;0;0;0;0;0;0;0
"05/09/2025";"23:46:00";"689";"Sem vítima";"46,700";"BR-101/SP";"Decrescente";"Colisão frontal";2;0;0;0;0;0;0;0;0;0;5;0;0;0;0
"06/09/2025";"00:28:00";"25";"Com vítima";"385,000";"BR-101/RJ";"Crescente";"Colisão traseira";1;0;0;1;0;0;0;0;0;0;1;1;0;0;0
"06/09/2025";"03:26:00";"54";"Com vítima";"249,400";"BR-116/RJ";"Crescente";"Acidentes de outra natureza";0;0;0;1;0;0;0;0;0;0;0;0;0;1;0
"06/09/2025";"03:48:00";"62";"Com vítima";"264,600";"BR-116/RJ";"Crescente";"Choque";1;0;0;0;0;0;0;0;0;0;0;1;0;0;0
"06/09/2025";"03:55:00";"63";"Com vítima";"404,000";"BR-101/RJ";"Crescente";"Acidentes de outra natureza";0;0;0;1;0;0;0;0;0;0;0;0;2;0;0
"06/09/2025";"07:53:00";"148";"Sem vítima";"243,600";"BR-116/RJ";"Crescente";"Choque";1;0;0;0;0;0;0;0;0;0;2;0;0;0;0
"06/09/2025";"07:57:00";"155";"Sem vítima";"221,000";"BR-116/SP";"Crescente";"Tombamento";2;0;0;0;0;0;0;0;0;0;2;0;0;0;0
"06/09/2025";"08:31:00";"190";"Sem vítima";"113,000";"BR-116/SP";"Decrescente";"Engavetamento";4;0;0;0;0;0;0;0;0;0;4;0;0;0;0
"06/09/2025";"09:45:00";"244";"Sem vítima";"115,800";"BR-116/SP";"Decrescente";"Colisão traseira";2;0;0;0;0;0;0;0;0;0;0;0;0;0;0
"06/09/2025";"12:19:00";"316";"Com vítima";"388,000";"BR-101/RJ";"Crescente";"Colisão traseira";2;0;0;0;0;0;0;0;0;0;3;2;0;0;0
"06/09/2025";"16:22:00";"432";"Com vítima";"158,100";"BR-116/SP";"Decrescente";"Tombamento";0;0;0;0;0;0;0;1;0;0;0;1;0;0;0
"06/09/2025";"18:56:00";"497";"Sem vítima";"127,000";"BR-116/SP";"Decrescente";"Colisão lateral em sentido contrário";1;0;0;0;0;0;0;0;0;0;1;0;0;0;0
"06/09/2025";"20:11:00";"518";"Sem vítima";"481,000";"BR-101/RJ";"Crescente";"Choque";1;0;0;0;0;0;0;0;0;0;0;0;0;0;0
"06/09/2025";"23:28:00";"574";"Com vítima";"98,700";"BR-116/SP";"Crescente";"Atropelamento de pedestre";2;0;0;0;0;0;0;0;0;0;2;1;0;0;0
"06/09/2025";"23:37:00";"578";"Com vítima";"98,400";"BR-116/SP";"Crescente";"Atropelamento de pedestre";0;0;0;1;0;0;0;0;0;0;0;1;1;0;0
"07/09/2025";"02:03:00";"41";"Sem vítima";"519,600";"BR-101/RJ";"Crescente";"Capotamento";1;0;0;0;0;0;0;0;0;0;5;0;0;0;0
"07/09/2025";"02:46:00";"48";"Com vítima";"490,200";"BR-101/RJ";"Decrescente";"Capotamento";1;0;0;0;0;0;0;0;0;0;0;1;0;0;0
"07/09/2025";"03:50:00";"57";"Sem vítima";"492,000";"BR-101/RJ";"Decrescente";"Choque";1;0;0;0;0;0;0;0;0;0;1;0;0;0;0
"07/09/2025";"04:22:00";"62";"Com vítima";"575,750";"BR-101/RJ";"Crescente";"Choque";1;0;0;0;0;0;0;0;0;0;1;0;1;0;0
"07/09/2025";"06:09:00";"79";"Com vítima";"477,900";"BR-101/RJ";"Decrescente";"Acidentes de outra natureza";1;0;0;1;0;0;0;0;0;0;3;1;0;0;0
"07/09/2025";"06:17:00";"84";"Com vítima";"497,000";"BR-101/RJ";"Crescente";"Acidentes de outra natureza";0;0;0;1;0;0;0;0;0;0;0;1;0;0;0
"07/09/2025";"07:29:00";"114";"Sem vítima";"451,000";"BR-101/RJ";"Crescente";"Choque";1;0;0;0;0;0;0;0;0;0;1;0;0;0;0
"07/09/2025";"07:38:00";"120";"Sem vítima";"454,000";"BR-101/RJ";"Decrescente";"Colisão traseira";1;0;1;0;0;0;0;0;0;0;3;0;0;0;0
"07/09/2025";"07:44:00";"123";"Sem vítima";"134,000";"BR-116/SP";"Decrescente";"Capotamento";1;0;0;0;0;0;0;0;0;0;0;0;0;0;0
"07/09/2025";"07:46:00";"125";"Sem vítima";"596,000";"BR-101/RJ";"Crescente";"Choque";1;0;0;0;0;0;0;0;0;0;1;0;0;0;0
"07/09/2025";"08:57:00";"165";"Com vítima";"139,800";"BR-116/SP";"Decrescente";"Acidentes de outra natureza";0;0;0;1;0;0;0;0;0;0;0;1;1;0;0
"07/09/2025";"09:26:00";"184";"Sem vítima";"570,000";"BR-101/RJ";"Crescente";"Colisão frontal";2;0;0;0;0;0;0;0;0;0;0;0;0;0;0
"07/09/2025";"09:31:00";"185";"Com vítima";"154,000";"BR-116/SP";"Crescente";"Atropelamento de pedestre";1;0;0;0;0;0;0;0;0;0;0;1;0;0;0
"07/09/2025";"10:27:00";"210";"Com vítima";"268,000";"BR-116/RJ";"Decrescente";"Capotamento";1;0;0;0;0;0;0;0;0;0;0;1;0;0;0
"07/09/2025";"10:35:00";"212";"Sem vítima";"435,000";"BR-101/RJ";"Crescente";"Choque";1;0;0;0;0;0;0;0;0;0;0;0;0;0;0
"07/09/2025";"11:15:00";"235";"Sem vítima";"542,300";"BR-101/RJ";"Decrescente";"Acidentes de outra natureza";1;0;0;0;0;0;0;0;0;0;2;0;0;0;0
"07/09/2025";"12:53:00";"283";"Sem vítima";"39,600";"BR-101/SP";"Decrescente";"Acidentes de outra natureza";1;0;0;0;0;0;0;0;0;0;1;0;0;0;0
"07/09/2025";"13:03:00";"287";"Sem vítima";"230,000";"BR-116/RJ";"Decrescente";"Choque";1;0;0;0;0;0;0;0;0;0;3;0;0;0;0
"07/09/2025";"13:22:00";"293";"Sem vítima";"228,000";"BR-116/RJ";"Decrescente";"Choque";1;0;0;0;0;0;0;0;0;0;0;0;0;0;0
"07/09/2025";"13:44:00";"301";"Com vítima";"140,900";"BR-116/SP";"Crescente";"Engavetamento";3;0;0;0;0;0;0;0;0;0;3;0;1;0;0
"07/09/2025";"13:48:00";"303";"Sem vítima";"142,950";"BR-116/SP";"Crescente";"Engavetamento";1;0;0;0;0;0;0;0;0;0;0;0;0;0;0
"07/09/2025";"14:58:00";"332";"Sem vítima";"98,000";"BR-116/SP";"Crescente";"Colisão traseira";2;0;0;0;0;0;0;0;0;0;2;0;0;0;0
"07/09/2025";"15:33:00";"355";"Sem vítima";"223,000";"BR-116/SP";"Crescente";"Colisão traseira";1;0;0;0;0;0;0;1;0;0;3;0;0;0;0
"07/09/2025";"15:47:00";"359";"Com vítima";"461,500";"BR-101/RJ";"Decrescente";"Acidentes de outra natureza";0;0;0;1;0;0;0;0;0;0;0;0;2;0;0
"07/09/2025";"16:05:00";"364";"Sem vítima";"327,500";"BR-116/RJ";"Decrescente";"Colisão lateral em sentido contrário";1;0;0;0;0;0;0;0;0;1;0;0;0;0;0
"07/09/2025";"16:28:00";"374";"Sem vítima";"393,000";"BR-101/RJ";"Decrescente";"Capotamento";1;0;0;0;0;0;0;0;0;0;3;0;0;0;0
"07/09/2025";"16:38:00";"380";"Com vítima";"451,000";"BR-101/RJ";"Crescente";"Acidentes de outra natureza";1;0;0;1;0;0;0;0;0;0;1;0;0;1;0
"07/09/2025";"18:24:00";"436";"Sem vítima";"264,100";"BR-116/RJ";"Decrescente";"Colisão lateral em sentido contrário";1;0;1;0;0;0;0;0;0;0;2;0;0;0;0
"07/09/2025";"18:52:00";"447";"Sem vítima";"100,000";"BR-116/SP";"Crescente";"Engavetamento";3;0;0;0;0;0;0;0;0;0;3;0;0;0;0
"07/09/2025";"18:57:00";"450";"Sem vítima";"232,500";"BR-116/RJ";"Decrescente";"Choque";1;0;0;0;0;0;0;0;0;0;10;0;0;0;0
"07/09/2025";"23:08:00";"517";"Sem vítima";"1,050";"BR-101/SP";"Decrescente";"Choque";1;0;0;0;0;0;0;0;0;0;0;0;0;0;0
"08/09/2025";"00:00:00";"90";"Sem vítima";"412,000";"BR-101/RJ";"Crescente";"Engavetamento";3;0;0;0;0;0;0;0;0;0;3;0;0;0;0
"08/09/2025";"00:00:00";"459";"Com vítima";"48,500";"BR-101/SP";"Decrescente";"Atropelamento de pedestre";0;1;0;1;0;0;0;0;0;0;0;1;0;0;0
"08/09/2025";"03:56:00";"45";"Com vítima";"70,500";"BR-116/SP";"Decrescente";"Capotamento";1;0;0;0;0;0;0;0;0;0;1;0;0;0;1
"08/09/2025";"06:32:00";"85";"Sem vítima";"223,000";"BR-116/SP";"Decrescente";"Colisão lateral em sentido contrário";1;0;0;0;0;0;0;0;0;0;1;0;0;0;0
"08/09/2025";"06:41:00";"92";"Com vítima";"252,000";"BR-116/RJ";"Crescente";"Capotamento";1;0;0;0;0;0;0;0;0;0;0;0;1;0;0
"08/09/2025";"07:48:00";"141";"Sem vítima";"143,000";"BR-116/SP";"Decrescente";"Engavetamento";2;0;1;0;0;0;0;0;0;0;3;0;0;0;0
"08/09/2025";"08:15:00";"166";"Com vítima";"485,000";"BR-101/RJ";"Decrescente";"Colisão lateral em sentido contrário";1;0;0;1;0;0;0;0;0;0;1;0;1;0;0
"08/09/2025";"09:07:00";"205";"Sem vítima";"199,000";"BR-116/SP";"Decrescente";"Colisão traseira";2;0;0;0;0;0;0;0;0;0;2;0;0;0;0
"08/09/2025";"09:41:00";"229";"Com vítima";"224,300";"BR-116/RJ";"Decrescente";"Atropelamento de pedestre";0;0;0;0;0;0;0;0;0;0;0;1;0;0;0
"08/09/2025";"13:36:00";"375";"Com vítima";"202,700";"BR-116/SP";"Decrescente";"Engavetamento";2;0;1;0;0;0;0;0;0;0;2;1;0;0;0
"08/09/2025";"14:09:00";"389";"Com vítima";"51,200";"BR-116/SP";"Decrescente";"Choque";1;0;0;0;0;0;0;0;0;0;0;1;0;0;0
"08/09/2025";"14:48:00";"408";"Sem vítima";"123,000";"BR-116/SP";"Decrescente";"Colisão traseira";1;0;1;0;0;0;0;0;0;0;3;0;0;0;0
"08/09/2025";"16:58:00";"471";"Com vítima";"50,000";"BR-101/SP";"Decrescente";"Colisão frontal";2;0;0;0;0;0;0;0;0;0;2;1;0;0;0
"08/09/2025";"17:42:00";"502";"Sem vítima";"487,000";"BR-101/RJ";"Crescente";"Colisão traseira";1;0;1;0;0;0;0;0;0;0;2;0;0;0;0
"08/09/2025";"18:10:00";"514";"Com vítima";"112,250";"BR-116/SP";"Decrescente";"Acidentes de outra natureza";0;0;0;1;0;0;0;0;0;0;0;2;0;0;0
"08/09/2025";"19:02:00";"539";"Sem vítima";"27,500";"BR-116/SP";"Decrescente";"Choque";0;0;1;0;0;0;0;0;0;0;1;0;0;0;0
"08/09/2025";"19:05:00";"543";"Sem vítima";"143,000";"BR-116/SP";"Crescente";"Colisão traseira";0;0;1;0;0;0;0;0;0;0;1;0;0;0;0
"08/09/2025";"22:49:00";"619";"Com vítima";"331,000";"BR-116/RJ";"Crescente";"Colisão traseira";0;0;1;0;0;0;0;0;0;0;0;0;1;0;0
"08/09/2025";"23:42:00";"626";"Com vítima";"50,000";"BR-101/SP";"Decrescente";"Colisão lateral em sentido contrário";1;0;0;1;0;0;0;0;0;0;1;1;0;0;0
"09/09/2025";"01:29:00";"33";"Sem vítima";"428,000";"BR-101/RJ";"Decrescente";"Tombamento";1;0;0;0;0;1;0;0;0;0;1;0;0;0;0
"09/09/2025";"01:51:00";"38";"Com vítima";"231,000";"BR-116/SP";"Decrescente";"Colisão lateral em sentido contrário";1;0;1;0;0;0;0;0;0;0;1;1;0;0;0
"09/09/2025";"06:44:00";"131";"Sem vítima";"243,000";"BR-116/RJ";"Decrescente";"Colisão lateral em sentido contrário";1;0;1;0;0;0;0;0;0;0;2;0;0;0;0