data;horario;n_da_ocorrencia;tipo_de_ocorrencia;km;trecho;sentido;tipo_de_acidente;automovel;bicicleta;caminhao;moto;onibus;outros;tracao_animal;transporte_de_cargas_especiais;trator_maquinas;utilitarios;ilesos;levemente_feridos;moderadamente_feridos;gravemente_feridos;mortos
"09/09/2025";"07:30:00";"178";"Sem vítima";"146,000";"BR-116/SP";"Crescente";"Colisão traseira";2;0;0;0;0;0;0;0;0;0;2;0;0;0;0
"09/09/2025";"07:32:00";"182";"Sem vítima";"216,100";"BR-116/SP";"Decrescente";"Engavetamento";2;0;0;0;0;0;0;0;0;0;2;0;0;0;0
"09/09/2025";"07:35:00";"187";"Com vítima";"223,400";"BR-116/SP";"Decrescente";"Colisão lateral em sentido contrário";1;0;0;0;1;0;0;0;0;0;1;1;0;0;0
"09/09/2025";"07:42:00";"194";"Sem vítima";"0,800";"BR-101/SP";"Decrescente";"Colisão traseira";1;0;1;0;0;0;0;0;0;0;3;0;0;0;0
"09/09/2025";"08:04:00";"204";"Sem vítima";"109,200";"BR-116/SP";"Crescente";"Engavetamento";4;0;0;0;0;0;0;0;0;0;4;0;0;0;0
"09/09/2025";"08:11:00";"208";"Sem vítima";"106,100";"BR-116/SP";"Crescente";"Engavetamento";2;0;0;0;0;0;0;0;0;0;5;0;0;0;0
"09/09/2025";"08:40:00";"226";"Com vítima";"137,000";"BR-116/SP";"Crescente";"Colisão traseira";0;0;0;1;0;0;0;0;0;0;0;0;1;0;0
"09/09/2025";"08:40:00";"227";"Sem vítima";"282,000";"BR-116/RJ";"Decrescente";"Colisão traseira";1;0;0;0;0;0;0;0;0;0;1;0;0;0;0
"09/09/2025";"09:26:00";"276";"Com vítima";"232,200";"BR-116/RJ";"Decrescente";"Acidentes de outra natureza";0;0;0;1;0;0;0;0;0;0;0;1;0;0;0
"09/09/2025";"09:52:00";"294";"Com vítima";"224,900";"BR-116/SP";"Decrescente";"Colisão lateral em sentido contrário";0;0;0;1;0;0;0;0;0;0;0;0;1;0;0
"09/09/2025";"09:55:00";"297";"Com vítima";"393,000";"BR-101/RJ";"Crescente";"Acidentes de outra natureza";0;0;0;1;0;0;0;0;0;0;0;2;0;0;0
"09/09/2025";"10:08:00";"308";"Com vítima";"228,000";"BR-116/SP";"Crescente";"Colisão lateral em sentido contrário";1;0;0;0;0;0;0;1;0;0;1;1;0;0;0
"09/09/2025";"14:20:00";"451";"Com vítima";"191,000";"BR-116/SP";"Decrescente";"Colisão traseira";0;0;0;0;0;0;0;0;0;2;3;1;0;0;0
"09/09/2025";"15:11:00";"473";"Sem vítima";"98,100";"BR-116/SP";"Decrescente";"Colisão traseira";1;0;0;0;0;0;0;0;0;0;2;0;0;0;0
"09/09/2025";"16:26:00";"516";"Com vítima";"221,000";"BR-116/SP";"Decrescente";"Colisão lateral em sentido contrário";1;0;0;1;0;0;0;0;0;0;1;1;0;0;0
"09/09/2025";"16:42:00";"527";"Com vítima";"104,000";"BR-116/SP";"Decrescente";"Colisão traseira";1;0;1;0;0;0;0;0;0;0;0;1;0;0;0
"09/09/2025";"16:57:00";"533";"Sem vítima";"253,900";"BR-116/RJ";"Decrescente";"Choque";0;0;1;0;0;0;0;0;0;0;1;0;0;0;0
"09/09/2025";"17:30:00";"548";"Com vítima";"385,000";"BR-101/RJ";"Decrescente";"Colisão traseira";1;0;0;1;0;0;0;0;0;0;1;1;0;0;0
"09/09/2025";"17:55:00";"560";"Com vítima";"406,000";"BR-101/RJ";"Crescente";"Atropelamento de pedestre";0;1;0;1;0;0;0;0;0;0;0;0;0;0;0
"09/09/2025";"18:09:00";"572";"Sem vítima";"208,200";"BR-116/SP";"Decrescente";"Colisão lateral em sentido contrário";1;0;0;0;0;0;0;1;0;0;4;0;0;0;0
"09/09/2025";"18:51:00";"593";"Com vítima";"421,000";"BR-101/RJ";"Crescente";"Acidentes de outra natureza";1;0;0;0;0;0;0;0;0;0;0;2;0;0;0
"09/09/2025";"20:41:00";"640";"Sem vítima";"471,800";"BR-101/RJ";"Crescente";"Colisão lateral em sentido contrário";1;0;0;1;0;0;0;0;0;0;2;0;0;0;0
"09/09/2025";"21:27:00";"656";"Com vítima";"451,000";"BR-101/RJ";"Decrescente";"Acidentes de outra natureza";0;0;0;1;0;0;0;0;0;0;0;1;0;0;0
"09/09/2025";"21:51:00";"666";"Sem vítima";"69,500";"BR-116/SP";"Decrescente";"Colisão traseira";1;0;1;0;0;0;0;0;0;0;0;0;0;0;0
"09/09/2025";"21:59:00";"670";"Sem vítima";"204,500";"BR-116/SP";"Decrescente";"Colisão traseira";1;0;1;0;0;0;0;0;0;0;2;0;0;0;0
"09/09/2025";"22:09:00";"676";"Com vítima";"200,000";"BR-116/SP";"Decrescente";"Acidentes de outra natureza";0;0;0;1;0;0;0;0;0;0;0;1;0;0;0
"09/09/2025";"22:13:00";"678";"Com vítima";"229,100";"BR-116/SP";"Decrescente";"Colisão traseira";1;0;0;1;0;0;0;0;0;0;1;1;0;0;0
"09/09/2025";"22:24:00";"680";"Sem vítima";"135,200";"BR-116/SP";"Decrescente";"Acidentes de outra natureza";1;0;0;0;0;0;0;0;0;0;1;0;0;0;0
"09/09/2025";"23:04:00";"696";"Com vítima";"77,700";"BR-116/SP";"Decrescente";"Acidentes de outra natureza";0;0;0;1;0;0;0;0;0;0;0;1;0;0;0
"10/09/2025";"00:00:00";"360";"Com vítima";"318,100";"BR-116/RJ";"Crescente";"Capotamento";1;0;0;0;0;0;0;0;0;0;0;1;0;0;0
"10/09/2025";"00:00:00";"541";"Com vítima";"97,000";"BR-116/SP";"Decrescente";"Queda de carga";0;0;0;1;0;0;0;0;0;0;0;1;1;0;0
"10/09/2025";"00:00:00";"555";"Com vítima";"97,000";"BR-116/SP";"Decrescente";"Engavetamento";1;0;1;0;0;0;0;1;0;0;1;4;2;0;0
"10/09/2025";"01:55:00";"44";"Com vítima";"144,800";"BR-116/SP";"Crescente";"Colisão traseira";0;0;1;0;0;0;0;1;0;0;1;0;0;0;1
"10/09/2025";"02:03:00";"46";"Com vítima";"436,000";"BR-101/RJ";"Decrescente";"Acidentes de outra natureza";0;0;0;1;0;0;0;0;0;0;0;1;0;0;0
"10/09/2025";"06:56:00";"152";"Com vítima";"26,600";"BR-116/SP";"Crescente";"Colisão lateral em sentido contrário";0;0;0;1;0;0;0;0;0;0;0;0;1;0;0
"10/09/2025";"07:09:00";"160";"Com vítima";"136,400";"BR-116/SP";"Crescente";"Colisão lateral em sentido contrário";1;0;0;1;0;0;0;0;0;1;9;0;1;0;0
"10/09/2025";"07:30:00";"171";"Com vítima";"156,000";"BR-116/SP";"Decrescente";"Engavetamento";0;0;0;0;0;0;0;0;0;3;4;1;0;0;0
"10/09/2025";"08:16:00";"202";"Sem vítima";"120,000";"BR-116/SP";"Decrescente";"Colisão traseira";3;0;0;0;0;0;0;0;0;0;5;0;0;0;0
"10/09/2025";"08:16:00";"203";"Sem vítima";"234,000";"BR-116/RJ";"Crescente";"Colisão traseira";2;0;0;0;0;0;0;0;0;0;4;0;0;0;0
"10/09/2025";"08:29:00";"223";"Sem vítima";"142,900";"BR-116/SP";"Decrescente";"Colisão traseira";1;0;0;0;0;0;0;0;0;1;2;0;0;0;0
"10/09/2025";"08:36:00";"230";"Sem vítima";"486,100";"BR-101/RJ";"Decrescente";"Colisão traseira";1;0;0;0;0;0;0;0;0;0;1;0;0;0;0
"10/09/2025";"09:29:00";"267";"Sem vítima";"226,450";"BR-116/RJ";"Decrescente";"Tombamento";0;0;1;0;0;0;0;0;0;0;1;0;0;0;0
"10/09/2025";"09:48:00";"272";"Sem vítima";"253,900";"BR-116/RJ";"Decrescente";"Colisão lateral em sentido contrário";1;0;0;0;0;0;0;1;0;0;2;0;0;0;0
"10/09/2025";"10:57:00";"315";"Sem vítima";"437,000";"BR-101/RJ";"Crescente";"Colisão traseira";1;0;0;0;0;0;0;0;0;0;1;0;0;0;0
"10/09/2025";"15:34:00";"445";"Com vítima";"109,800";"BR-116/SP";"Decrescente";"Colisão traseira";2;0;1;0;0;0;0;0;0;0;4;4;0;0;0
"10/09/2025";"15:48:00";"428";"Com vítima";"212,600";"BR-116/SP";"Decrescente";"Choque";1;0;0;0;0;0;0;0;0;0;0;1;0;0;0
"10/09/2025";"17:36:00";"508";"Sem vítima";"246,000";"BR-116/RJ";"Crescente";"Colisão lateral em sentido contrário";1;0;0;0;0;0;0;0;0;0;1;0;0;0;0
"10/09/2025";"20:00:00";"566";"Sem vítima";"100,800";"BR-116/SP";"Decrescente";"Colisão traseira";1;0;1;0;0;0;0;0;0;0;2;0;0;0;0
"11/09/2025";"00:00:00";"55";"Sem vítima";"82,500";"BR-116/SP";"Decrescente";"Choque";0;0;0;1;0;0;0;0;0;0;1;0;0;0;0
"11/09/2025";"04:26:00";"54";"Sem vítima";"183,300";"BR-116/SP";"Crescente";"Colisão traseira";0;0;1;0;0;0;0;0;0;0;2;0;0;0;0
"11/09/2025";"05:17:00";"79";"Sem vítima";"198,200";"BR-116/SP";"Crescente";"Colisão traseira";0;0;1;0;0;0;0;1;0;0;2;0;0;0;0
"11/09/2025";"06:45:00";"130";"Com vítima";"205,500";"BR-116/SP";"Decrescente";"Engavetamento";2;0;1;0;0;0;0;0;0;0;2;1;0;0;0
"11/09/2025";"07:08:00";"148";"Sem vítima";"285,000";"BR-116/RJ";"Crescente";"Colisão traseira";1;0;0;0;0;0;0;1;0;0;6;0;0;0;0
"11/09/2025";"08:02:00";"194";"Sem vítima";"104,000";"BR-116/SP";"Crescente";"Colisão lateral em sentido contrário";0;0;1;0;0;0;0;1;0;0;0;0;0;0;0
"11/09/2025";"09:38:00";"272";"Sem vítima";"487,000";"BR-101/RJ";"Crescente";"Colisão lateral em sentido contrário";1;0;0;0;0;0;0;0;0;0;1;0;0;0;0
"11/09/2025";"12:13:00";"361";"Sem vítima";"224,000";"BR-116/RJ";"Crescente";"Colisão traseira";1;0;0;0;0;0;0;1;0;0;2;0;0;0;0
"11/09/2025";"14:29:00";"433";"Sem vítima";"60,000";"BR-116/SP";"Crescente";"Engavetamento";2;0;0;0;0;0;0;0;0;0;4;0;0;0;0
"11/09/2025";"14:55:00";"444";"Com vítima";"396,500";"BR-101/RJ";"Decrescente";"Colisão lateral em sentido contrário";2;0;0;0;0;0;0;0;0;0;1;1;0;0;0
"11/09/2025";"15:43:00";"469";"Sem vítima";"166,850";"BR-116/SP";"Crescente";"Engavetamento";2;0;1;0;0;0;0;0;0;1;6;0;0;0;0
"11/09/2025";"17:06:00";"507";"Com vítima";"264,000";"BR-116/RJ";"Crescente";"Capotamento";1;0;0;0;0;0;0;0;0;0;0;1;0;0;0
"11/09/2025";"17:40:00";"525";"Sem vítima";"34,400";"BR-116/SP";"Decrescente";"Choque";1;0;0;0;0;0;0;0;0;0;0;0;0;0;0
"11/09/2025";"18:24:00";"549";"Com vítima";"264,000";"BR-116/RJ";"Crescente";"Capotamento";1;0;0;0;0;0;0;0;0;0;2;1;0;0;0
"11/09/2025";"20:06:00";"604";"Com vítima";"242,500";"BR-116/RJ";"Decrescente";"Colisão traseira";2;0;0;0;0;0;0;0;0;0;1;2;0;0;0
"11/09/2025";"21:16:00";"629";"Com vítima";"244,680";"BR-116/RJ";"Crescente";"Colisão traseira";1;0;1;0;0;0;0;0;0;0;2;2;0;0;0
"11/09/2025";"23:13:00";"660";"Sem vítima";"123,200";"BR-116/SP";"Crescente";"Colisão traseira";1;0;0;0;0;0;0;1;0;0;2;0;0;0;0
"11/09/2025";"23:32:00";"664";"Sem vítima";"53,100";"BR-116/SP";"Crescente";"Atropelamento de pedestre";0;0;1;0;0;0;0;0;0;0;1;0;0;0;0
"11/09/2025";"23:58:00";"669";"Com vítima";"266,600";"BR-116/RJ";"Crescente";"Colisão traseira";0;0;2;0;0;0;0;0;0;0;0;0;1;3;0
"12/09/2025";"00:00:00";"640";"Com vítima";"404,300";"BR-101/RJ";"Decrescente";"Colisão traseira";1;0;0;0;0;0;0;0;0;0;2;1;0;0;0
"12/09/2025";"02:38:00";"44";"Com vítima";"210,200";"BR-116/SP";"Decrescente";"Colisão traseira";1;0;1;0;0;0;0;0;0;0;3;1;0;0;0
"12/09/2025";"04:11:00";"54";"Sem vítima";"315,700";"BR-116/RJ";"Decrescente";"Choque";1;0;0;0;0;0;0;0;0;0;0;0;0;0;0
"12/09/2025";"06:21:00";"100";"Sem vítima";"284,000";"BR-116/RJ";"Decrescente";"Capotamento";1;0;0;0;0;0;0;0;0;0;2;0;0;0;0
"12/09/2025";"06:58:00";"139";"Com vítima";"140,000";"BR-116/SP";"Crescente";"Colisão traseira";1;0;0;1;0;0;0;0;0;0;1;1;0;0;0
"12/09/2025";"08:02:00";"191";"Com vítima";"287,000";"BR-116/RJ";"Decrescente";"Colisão traseira";2;0;0;0;0;0;0;0;0;0;0;1;0;0;0
"12/09/2025";"09:15:00";"252";"Com vítima";"470,000";"BR-101/RJ";"Crescente";"Colisão frontal";2;0;0;0;0;0;0;0;0;0;4;0;1;0;0
"12/09/2025";"11:04:00";"320";"Com vítima";"198,000";"BR-116/SP";"Crescente";"Colisão traseira";0;0;1;1;0;0;0;0;0;0;0;1;0;0;0
"12/09/2025";"11:09:00";"324";"Sem vítima";"213,900";"BR-116/SP";"Crescente";"Colisão lateral em sentido contrário";1;0;0;0;0;0;0;0;0;0;0;0;0;0;0
"12/09/2025";"13:38:00";"408";"Sem vítima";"150,400";"BR-116/SP";"Decrescente";"Colisão traseira";2;0;0;0;0;0;0;0;0;0;0;0;0;0;0
"12/09/2025";"14:49:00";"450";"Com vítima";"40,600";"BR-101/SP";"Decrescente";"Colisão lateral em sentido contrário";1;0;0;1;0;0;0;0;0;0;2;1;0;0;0
"12/09/2025";"17:13:00";"513";"Com vítima";"505,000";"BR-101/RJ";"Crescente";"Colisão lateral em sentido contrário";2;0;0;0;0;0;0;0;0;0;0;2;0;0;0
"12/09/2025";"17:24:00";"519";"Sem vítima";"307,800";"BR-116/RJ";"Crescente";"Engavetamento";2;0;0;0;0;0;0;0;0;0;3;0;0;0;0
"12/09/2025";"18:12:00";"539";"Com vítima";"482,000";"BR-101/RJ";"Crescente";"Tombamento";0;0;0;1;0;0;0;0;0;0;0;1;0;0;0
"12/09/2025";"18:27:00";"553";"Com vítima";"452,000";"BR-101/RJ";"Decrescente";"Colisão frontal";2;0;0;0;0;0;0;0;0;0;0;0;0;0;3
"12/09/2025";"18:29:00";"555";"Sem vítima";"219,000";"BR-116/SP";"Decrescente";"Colisão lateral em sentido contrário";0;0;0;0;0;0;0;0;0;0;0;0;0;0;0
"12/09/2025";"18:56:00";"571";"Sem vítima";"165,000";"BR-116/SP";"Crescente";"Colisão traseira";1;0;0;0;0;0;0;0;0;0;0;0;0;0;0
"12/09/2025";"19:18:00";"579";"Sem vítima";"398,700";"BR-101/RJ";"Crescente";"Colisão traseira";2;0;0;0;0;0;0;0;0;0;0;0;0;0;0
"12/09/2025";"20:01:00";"598";"Sem vítima";"138,000";"BR-116/SP";"Crescente";"Colisão lateral em sentido contrário";1;0;0;1;0;0;0;0;0;0;0;0;0;0;0
"12/09/2025";"20:10:00";"606";"Sem vítima";"109,500";"BR-116/SP";"Crescente";"Colisão lateral em sentido contrário";1;0;1;0;0;0;0;0;0;0;0;0;0;0;0
"12/09/2025";"20:17:00";"611";"Com vítima";"141,000";"BR-116/SP";"Crescente";"Colisão traseira";2;0;0;0;0;0;0;0;0;0;4;1;0;0;0
"12/09/2025";"22:31:00";"665";"Com vítima";"94,800";"BR-116/SP";"Crescente";"Choque";0;0;0;1;0;0;0;0;0;0;0;1;0;0;0
"12/09/2025";"22:53:00";"680";"Com vítima";"49,600";"BR-101/SP";"Decrescente";"Colisão lateral em sentido contrário";0;1;0;1;0;0;0;0;0;0;1;0;0;0;0
"13/09/2025";"00:15:00";"4";"Com vítima";"173,800";"BR-116/SP";"Decrescente";"Capotamento";1;0;0;0;0;0;0;0;0;0;0;1;0;0;0
"13/09/2025";"00:35:00";"8";"Com vítima";"418,000";"BR-101/RJ";"Crescente";"Choque";1;0;0;0;0;0;0;0;0;0;0;1;0;0;0
"13/09/2025";"02:02:00";"46";"Com vítima";"276,000";"BR-116/RJ";"Decrescente";"Atropelamento de pedestre";1;0;0;0;0;0;0;0;0;0;0;1;0;0;0
"13/09/2025";"03:30:00";"60";"Com vítima";"111,500";"BR-116/SP";"Decrescente";"Colisão traseira";1;0;0;1;0;0;0;1;0;0;2;0;0;0;2
"13/09/2025";"04:55:00";"62";"Sem vítima";"278,300";"BR-116/RJ";"Decrescente";"Atropelamento de pedestre";1;0;0;0;0;0;0;0;0;0;0;0;0;0;0
"13/09/2025";"05:16:00";"73";"Sem vítima";"460,000";"BR-101/RJ";"Decrescente";"Choque";1;0;0;0;0;0;0;0;0;0;4;0;0;0;0
"13/09/2025";"05:30:00";"74";"Sem vítima";"437,000";"BR-101/RJ";"Crescente";"Choque";1;0;0;0;0;0;0;0;0;0;3;0;0;0;0
"13/09/2025";"05:33:00";"76";"Com vítima";"161,000";"BR-116/SP";"Crescente";"Choque";1;0;0;0;0;0;0;0;0;0;0;1;0;0;0
"13/09/2025";"06:34:00";"95";"Sem vítima";"51,000";"BR-116/SP";"Decrescente";"Acidentes de outra natureza";0;0;0;1;0;0;0;0;0;0;0;0;0;0;0
"13/09/2025";"06:56:00";"113";"Com vítima";"542,400";"BR-101/RJ";"Decrescente";"Choque";1;0;0;0;0;0;0;0;0;0;0;3;1;0;0
"13/09/2025";"07:14:00";"128";"Sem vítima";"225,000";"BR-116/SP";"Crescente";"Engavetamento";2;0;0;0;0;0;0;0;0;1;3;0;0;0;0
"13/09/2025";"07:31:00";"133";"Sem vítima";"295,000";"BR-116/RJ";"Crescente";"Colisão lateral em sentido contrário";2;0;0;0;0;0;0;0;0;0;2;0;0;0;0
"13/09/2025";"07:58:00";"147";"Sem vítima";"166,700";"BR-116/SP";"Decrescente";"Choque";0;0;0;0;0;0;0;1;0;0;0;0;0;0;0
"13/09/2025";"07:59:00";"148";"Com vítima";"563,500";"BR-101/RJ";"Decrescente";"Choque";1;0;0;0;0;0;0;0;0;0;2;1;0;0;0
"13/09/2025";"09:04:00";"182";"Com vítima";"382,000";"BR-101/RJ";"Decrescente";"Acidentes de outra natureza";0;0;0;1;0;0;0;0;0;0;0;1;0;0;0
"13/09/2025";"09:43:00";"205";"Com vítima";"55,900";"BR-116/SP";"Crescente";"Engavetamento";4;0;0;0;0;0;0;0;0;0;6;2;0;0;0
"13/09/2025";"10:20:00";"227";"Sem vítima";"95,000";"BR-116/SP";"Decrescente";"Engavetamento";3;0;0;0;0;0;0;0;0;0;11;0;0;0;0
"13/09/2025";"10:38:00";"238";"Com vítima";"542,000";"BR-101/RJ";"Decrescente";"Acidentes de outra natureza";0;0;0;1;0;0;0;0;0;0;0;1;0;0;0
"13/09/2025";"11:11:00";"251";"Com vítima";"317,500";"BR-116/RJ";"Decrescente";"Colisão traseira";1;0;0;0;0;0;0;0;0;1;12;1;0;0;0
"13/09/2025";"11:18:00";"254";"Sem vítima";"389,000";"BR-101/RJ";"Crescente";"Choque";1;0;0;0;0;0;0;0;0;0;1;0;0;0;0
"13/09/2025";"11:30:00";"259";"Sem vítima";"514,000";"BR-101/RJ";"Decrescente";"Colisão transversal";2;0;0;0;0;0;0;0;0;0;1;0;0;0;0
"13/09/2025";"11:50:00";"265";"Sem vítima";"483,000";"BR-101/RJ";"Decrescente";"Choque";1;0;0;0;0;0;0;0;0;0;1;0;0;0;0
"13/09/2025";"12:31:00";"288";"Com vítima";"142,000";"BR-116/SP";"Decrescente";"Colisão traseira";1;0;0;0;0;0;0;0;0;1;3;1;0;0;0
"13/09/2025";"14:46:00";"352";"Sem vítima";"148,000";"BR-116/SP";"Decrescente";"Colisão traseira";2;0;0;0;0;0;0;0;0;0;5;0;0;0;0
"13/09/2025";"16:13:00";"383";"Sem vítima";"82,500";"BR-116/SP";"Crescente";"Colisão lateral em sentido contrário";0;0;0;1;0;0;0;0;0;0;0;0;0;0;0
"13/09/2025";"16:49:00";"401";"Com vítima";"429,000";"BR-101/RJ";"Decrescente";"Choque";1;0;0;0;0;0;0;0;0;0;0;1;0;0;0
"13/09/2025";"17:27:00";"419";"Com vítima";"228,500";"BR-116/RJ";"Decrescente";"Acidentes de outra natureza";0;0;0;1;0;0;0;0;0;0;0;1;0;0;0
"13/09/2025";"18:05:00";"429";"Sem vítima";"105,500";"BR-116/SP";"Crescente";"Colisão traseira";2;0;0;0;0;0;0;0;0;0;1;0;0;0;0
"13/09/2025";"21:02:00";"502";"Sem vítima";"407,000";"BR-101/RJ";"Decrescente";"Colisão traseira";2;0;0;0;0;0;0;0;0;0;2;0;0;0;0
"13/09/2025";"23:18:00";"539";"Com vítima";"222,900";"BR-116/SP";"Crescente";"Colisão traseira";2;0;0;0;0;0;0;0;0;0;1;0;1;0;0
"14/09/2025";"00:00:00";"147";"Com vítima";"43,000";"BR-101/SP";"Decrescente";"Choque";0;0;0;1;0;0;0;0;0;0;0;0;1;0;0
"14/09/2025";"00:15:00";"33";"Sem vítima";"217,000";"BR-116/SP";"Decrescente";"Colisão lateral em sentido contrário";2;0;0;0;0;0;0;0;0;0;2;0;0;0;0
"14/09/2025";"01:21:00";"44";"Com vítima";"70,000";"BR-116/SP";"Decrescente";"Choque";1;0;0;0;0;0;0;0;0;0;0;2;0;0;0
"14/09/2025";"01:54:00";"47";"Com vítima";"52,200";"BR-116/SP";"Crescente";"Choque";1;0;0;0;0;0;0;0;0;0;0;0;1;0;0
"14/09/2025";"03:53:00";"61";"Sem vítima";"477,000";"BR-101/RJ";"Decrescente";"Choque";0;0;1;0;0;0;0;0;0;0;1;0;0;0;0
"14/09/2025";"06:19:00";"87";"Com vítima";"202,000";"BR-116/SP";"Decrescente";"Colisão traseira";2;0;0;0;0;0;0;0;0;0;2;1;1;0;0
"14/09/2025";"06:39:00";"102";"Com vítima";"231,000";"BR-116/SP";"Decrescente";"Acidentes de outra natureza";0;0;0;1;0;0;0;0;0;0;0;0;1;0;0
"14/09/2025";"09:00:00";"172";"Sem vítima";"229,000";"BR-116/RJ";"Decrescente";"Colisão lateral em sentido contrário";1;0;0;0;0;0;0;0;0;0;4;0;0;0;0
"14/09/2025";"09:50:00";"200";"Sem vítima";"143,000";"BR-116/SP";"Decrescente";"Engavetamento";3;0;0;0;0;0;0;0;0;0;9;0;0;0;0
"14/09/2025";"10:36:00";"214";"Com vítima";"130,900";"BR-116/SP";"Decrescente";"Engavetamento";4;0;0;0;0;0;0;0;0;0;18;6;0;0;0
"14/09/2025";"11:47:00";"236";"Sem vítima";"106,100";"BR-116/SP";"Decrescente";"Colisão lateral em sentido contrário";0;0;0;0;1;0;0;0;0;0;34;0;0;0;0
"14/09/2025";"13:07:00";"263";"Sem vítima";"19,000";"BR-101/SP";"Decrescente";"Colisão lateral em sentido contrário";2;0;0;0;0;0;0;0;0;0;5;0;0;0;0
"14/09/2025";"16:15:00";"351";"Sem vítima";"111,000";"BR-116/SP";"Crescente";"Colisão lateral em sentido contrário";0;0;0;1;0;0;0;0;0;0;1;0;0;0;0
"14/09/2025";"19:00:00";"443";"Com vítima";"223,900";"BR-116/SP";"Crescente";"Colisão traseira";2;0;0;0;0;0;0;0;0;0;3;1;0;0;0
"14/09/2025";"19:36:00";"462";"Com vítima";"247,100";"BR-116/RJ";"Crescente";"Atropelamento de pedestre";0;0;1;0;0;0;0;0;0;0;1;1;0;1;0
"14/09/2025";"19:53:00";"468";"Com vítima";"200,200";"BR-116/SP";"Crescente";"Atropelamento de pedestre";1;0;0;0;0;0;0;0;0;0;1;0;1;0;0
"14/09/2025";"20:12:00";"475";"Sem vítima";"174,500";"BR-116/SP";"Decrescente";"Colisão lateral em sentido contrário";1;0;1;0;0;0;0;0;0;0;0;0;0;0;0
"14/09/2025";"20:45:00";"484";"Sem vítima";"192,700";"BR-116/SP";"Crescente";"Engavetamento";2;0;0;0;1;0;0;0;0;0;7;0;0;0;0
"14/09/2025";"22:13:00";"502";"Sem vítima";"164,300";"BR-116/SP";"Crescente";"Colisão lateral em sentido contrário";1;0;0;0;0;0;0;0;0;0;4;0;0;0;0
"15/09/2025";"00:00:00";"29";"Sem vítima";"128,500";"BR-116/SP";"Crescente";"Capotamento";1;0;0;0;0;0;0;1;0;0;3;0;0;0;0
"15/09/2025";"00:00:00";"437";"Sem vítima";"32,100";"BR-116/SP";"Decrescente";"Choque";1;0;0;0;0;0;0;0;0;0;2;0;0;0;0
"15/09/2025";"00:00:00";"519";"Sem vítima";"218,000";"BR-116/SP";"Decrescente";"Choque";1;0;0;0;0;0;0;0;0;0;0;0;0;0;0
"15/09/2025";"00:31:00";"26";"Sem vítima";"179,000";"BR-116/SP";"Crescente";"Colisão lateral em sentido contrário";1;0;1;0;0;0;0;0;0;0;2;0;0;0;0
"15/09/2025";"01:22:00";"32";"Com vítima";"6,600";"BR-101/SP";"Decrescente";"Colisão traseira";0;0;2;0;0;0;0;0;0;0;1;1;0;0;0
"15/09/2025";"05:06:00";"63";"Sem vítima";"145,800";"BR-116/SP";"Decrescente";"Colisão traseira";2;0;0;0;0;0;0;0;0;0;4;0;0;0;0
"15/09/2025";"07:29:00";"177";"Com vítima";"220,900";"BR-116/SP";"Crescente";"Colisão traseira";0;0;0;2;0;0;0;0;0;0;0;0;1;1;0
"15/09/2025";"07:38:00";"183";"Sem vítima";"141,500";"BR-116/SP";"Crescente";"Colisão traseira";0;0;0;0;0;0;0;0;0;1;1;0;0;0;0
"15/09/2025";"07:46:00";"193";"Com vítima";"220,900";"BR-116/SP";"Crescente";"Colisão traseira";0;0;1;1;0;0;0;0;0;0;1;0;1;0;0
"15/09/2025";"08:17:00";"224";"Com vítima";"211,400";"BR-116/SP";"Decrescente";"Colisão traseira";0;0;1;1;0;0;0;0;0;0;1;0;0;0;1
"15/09/2025";"08:19:00";"225";"Sem vítima";"29,400";"BR-116/SP";"Decrescente";"Colisão traseira";0;0;2;0;0;0;0;0;0;0;2;0;0;0;0
"15/09/2025";"09:28:00";"274";"Com vítima";"433,000";"BR-101/RJ";"Decrescente";"Colisão traseira";0;0;1;1;0;0;0;0;0;0;1;0;0;1;0
"15/09/2025";"11:20:00";"330";"Com vítima";"223,000";"BR-116/SP";"Decrescente";"Colisão traseira";0;0;1;1;0;0;0;0;0;0;1;1;0;0;0
"15/09/2025";"11:41:00";"342";"Com vítima";"228,000";"BR-116/SP";"Crescente";"Acidentes de outra natureza";0;0;0;1;0;0;0;0;0;0;0;0;2;0;0
"15/09/2025";"12:47:00";"387";"Com vítima";"46,000";"BR-101/SP";"Decrescente";"Colisão traseira";1;1;0;0;0;0;0;0;0;0;1;0;0;0;0
"15/09/2025";"12:53:00";"392";"Com vítima";"236,000";"BR-116/RJ";"Crescente";"Acidentes de outra natureza";0;0;0;1;0;0;0;0;0;0;0;1;1;0;0
"15/09/2025";"13:07:00";"398";"Sem vítima";"51,300";"BR-116/SP";"Crescente";"Choque";1;0;0;0;0;0;0;0;0;0;1;0;0;0;0
"15/09/2025";"14:55:00";"449";"Com vítima";"208,000";"BR-116/SP";"Crescente";"Colisão traseira";1;0;0;1;0;0;0;0;0;0;1;1;0;0;0
"15/09/2025";"15:00:00";"451";"Sem vítima";"207,000";"BR-116/SP";"Crescente";"Engavetamento";0;0;1;0;0;0;0;2;0;0;3;0;0;0;0