data;horario;n_da_ocorrencia;tipo_de_ocorrencia;km;trecho;sentido;tipo_de_acidente;automovel;bicicleta;caminhao;moto;onibus;outros;tracao_animal;transporte_de_cargas_especiais;trator_maquinas;utilitarios;ilesos;levemente_feridos;moderadamente_feridos;gravemente_feridos;mortos
"15/09/2025";"15:12:00";"457";"Com vítima";"225,000";"BR-116/SP";"Crescente";"Acidentes de outra natureza";0;0;0;1;0;0;0;0;0;0;0;1;0;0;0
"15/09/2025";"15:34:00";"466";"Sem vítima";"443,000";"BR-101/RJ";"Decrescente";"Choque";1;0;0;0;0;0;0;0;0;0;2;0;0;0;0
"15/09/2025";"16:07:00";"490";"Com vítima";"443,300";"BR-101/RJ";"Decrescente";"Colisão frontal";2;0;0;0;0;0;0;0;0;0;0;1;1;0;0
"15/09/2025";"17:01:00";"504";"Sem vítima";"61,000";"BR-116/SP";"Decrescente";"Choque";1;0;0;0;0;0;0;0;0;0;1;0;0;0;0
"15/09/2025";"18:28:00";"548";"Com vítima";"194,500";"BR-116/SP";"Crescente";"Engavetamento";2;0;0;1;0;0;0;0;0;0;3;1;0;0;0
"15/09/2025";"19:39:00";"594";"Sem vítima";"218,000";"BR-116/RJ";"Crescente";"Colisão traseira";0;0;0;0;0;0;0;1;0;0;1;0;0;0;0
"16/09/2025";"02:16:00";"45";"Sem vítima";"202,200";"BR-116/SP";"Decrescente";"Choque";0;0;0;0;0;0;0;1;0;0;1;0;0;0;0
"16/09/2025";"07:23:00";"158";"Com vítima";"224,000";"BR-116/SP";"Crescente";"Colisão lateral em sentido contrário";1;0;0;1;0;0;0;0;0;0;1;0;1;0;0
"16/09/2025";"07:30:00";"164";"Com vítima";"304,000";"BR-116/RJ";"Crescente";"Acidentes de outra natureza";0;0;0;1;0;0;0;0;0;0;0;1;0;0;0
"16/09/2025";"08:34:00";"215";"Com vítima";"102,000";"BR-116/SP";"Decrescente";"Engavetamento";5;0;0;0;0;0;0;0;0;0;4;0;1;0;0
"16/09/2025";"10:07:00";"305";"Com vítima";"55,300";"BR-116/SP";"Crescente";"Colisão lateral em sentido contrário";3;0;2;0;0;0;0;0;0;0;0;1;1;0;0
"16/09/2025";"14:49:00";"465";"Com vítima";"455,000";"BR-101/RJ";"Crescente";"Atropelamento de pedestre";1;0;0;0;0;0;0;0;0;0;1;0;0;1;0
"16/09/2025";"15:20:00";"484";"Sem vítima";"66,000";"BR-116/SP";"Crescente";"Choque";1;0;0;0;0;0;0;0;0;0;1;0;0;0;0
"16/09/2025";"15:28:00";"488";"Sem vítima";"142,800";"BR-116/SP";"Decrescente";"Colisão traseira";1;0;0;0;0;0;0;1;0;0;2;0;0;0;0
"16/09/2025";"17:01:00";"532";"Com vítima";"529,000";"BR-101/RJ";"Decrescente";"Choque";1;0;0;0;0;0;0;0;0;0;0;1;0;0;0
"16/09/2025";"17:27:00";"540";"Com vítima";"429,000";"BR-101/RJ";"Decrescente";"Choque";1;0;0;0;0;0;0;0;0;0;1;1;0;0;0
"16/09/2025";"17:40:00";"550";"Com vítima";"21,000";"BR-101/SP";"Decrescente";"Choque";1;0;0;0;0;0;0;0;0;0;0;0;2;0;0
"16/09/2025";"20:19:00";"605";"Sem vítima";"229,000";"BR-116/SP";"Crescente";"Colisão lateral em sentido contrário";1;0;0;0;0;0;0;0;0;0;1;0;0;0;0
"16/09/2025";"20:28:00";"608";"Com vítima";"283,700";"BR-116/RJ";"Crescente";"Colisão traseira";1;0;0;0;0;0;0;0;0;0;0;0;1;0;0
"16/09/2025";"20:31:00";"611";"Com vítima";"147,000";"BR-116/SP";"Decrescente";"Colisão frontal";1;0;0;0;0;0;0;1;0;0;1;1;0;0;0
"16/09/2025";"21:46:00";"636";"Com vítima";"169,850";"BR-116/SP";"Crescente";"Atropelamento de pedestre";1;0;0;0;0;0;0;0;0;0;1;1;0;0;0
"17/09/2025";"00:00:00";"169";"Com vítima";"212,000";"BR-116/SP";"Crescente";"Acidentes de outra natureza";0;0;0;1;0;0;0;0;0;0;0;1;0;0;0
"17/09/2025";"00:02:00";"221";"Sem vítima";"218,400";"BR-116/RJ";"Decrescente";"Colisão traseira";2;0;0;0;0;0;0;0;0;0;2;0;0;0;0
"17/09/2025";"01:08:00";"16";"Com vítima";"503,000";"BR-101/RJ";"Decrescente";"Choque";1;0;0;0;0;0;0;0;0;0;0;1;0;0;0
"17/09/2025";"03:02:00";"38";"Sem vítima";"51,650";"BR-116/SP";"Decrescente";"Atropelamento de pedestre";0;0;1;0;0;0;0;0;0;0;1;0;0;0;0
"17/09/2025";"06:57:00";"125";"Sem vítima";"542,400";"BR-101/RJ";"Crescente";"Capotamento";1;0;0;0;0;0;0;0;0;0;1;0;0;0;0
"17/09/2025";"07:43:00";"158";"Com vítima";"4,600";"BR-116/SP";"Decrescente";"Colisão traseira";0;0;0;0;0;0;0;1;0;1;1;0;1;1;0
"17/09/2025";"13:59:00";"395";"Com vítima";"151,000";"BR-116/SP";"Crescente";"Engavetamento";3;0;0;0;0;0;0;0;0;0;1;2;0;0;0
"17/09/2025";"14:13:00";"402";"Com vítima";"57,300";"BR-116/SP";"Crescente";"Choque";0;0;1;1;0;0;0;0;0;0;1;1;0;0;0
"17/09/2025";"17:30:00";"507";"Com vítima";"166,900";"BR-116/SP";"Crescente";"Colisão lateral em sentido contrário";0;0;0;2;0;0;0;0;0;0;1;0;1;0;0
"17/09/2025";"17:35:00";"511";"Com vítima";"218,000";"BR-116/SP";"Decrescente";"Colisão traseira";1;0;0;2;0;0;0;0;0;0;0;3;0;0;0
"17/09/2025";"17:35:00";"510";"Sem vítima";"145,600";"BR-116/SP";"Decrescente";"Colisão lateral em sentido contrário";1;0;0;0;0;0;0;0;0;0;5;0;0;0;0
"17/09/2025";"18:38:00";"539";"Com vítima";"50,000";"BR-101/SP";"Decrescente";"Colisão frontal";1;0;0;1;0;0;0;0;0;0;2;1;0;0;0
"17/09/2025";"20:17:00";"580";"Sem vítima";"221,000";"BR-116/SP";"Decrescente";"Colisão lateral em sentido contrário";2;0;2;0;0;0;0;0;0;0;0;0;0;0;0
"17/09/2025";"23:23:00";"635";"Sem vítima";"161,000";"BR-116/SP";"Crescente";"Acidentes de outra natureza";1;0;0;0;0;0;0;0;0;0;1;0;0;0;0
"18/09/2025";"04:34:00";"41";"Sem vítima";"539,600";"BR-101/RJ";"Decrescente";"Atropelamento de pedestre";1;0;0;0;0;0;0;0;0;0;0;0;0;0;0
"18/09/2025";"05:23:00";"60";"Sem vítima";"192,800";"BR-116/SP";"Decrescente";"Colisão traseira";1;0;0;0;0;0;0;0;0;0;1;0;0;0;0
"18/09/2025";"06:27:00";"93";"Com vítima";"169,000";"BR-116/SP";"Decrescente";"Choque";1;0;0;0;0;0;0;0;0;0;2;2;0;0;0
"18/09/2025";"07:08:00";"115";"Com vítima";"267,000";"BR-116/RJ";"Crescente";"Atropelamento de pedestre";0;0;0;0;0;0;0;0;0;0;0;0;1;0;0
"18/09/2025";"10:24:00";"278";"Sem vítima";"314,000";"BR-116/RJ";"Crescente";"Colisão traseira";2;0;0;0;0;0;0;0;0;0;3;0;0;0;0
"18/09/2025";"11:54:00";"343";"Sem vítima";"528,900";"BR-101/RJ";"Crescente";"Choque";1;0;0;0;0;0;0;0;0;0;1;0;0;0;0
"18/09/2025";"12:12:00";"353";"Sem vítima";"157,000";"BR-116/SP";"Decrescente";"Colisão traseira";1;0;1;0;0;0;0;0;0;0;1;0;0;0;0
"18/09/2025";"13:08:00";"380";"Com vítima";"142,200";"BR-116/SP";"Decrescente";"Acidentes de outra natureza";0;0;0;1;0;0;0;0;0;0;0;1;0;0;0
"18/09/2025";"13:27:00";"387";"Com vítima";"470,000";"BR-101/RJ";"Crescente";"Atropelamento de pedestre";1;0;0;0;0;0;0;0;0;0;0;0;0;1;0
"18/09/2025";"15:29:00";"454";"Sem vítima";"264,800";"BR-116/RJ";"Decrescente";"Colisão lateral em sentido contrário";1;0;0;0;0;0;0;0;0;0;2;0;0;0;0
"18/09/2025";"15:31:00";"456";"Com vítima";"202,000";"BR-116/SP";"Decrescente";"Colisão lateral em sentido contrário";1;0;0;0;0;0;0;1;0;0;3;1;0;0;0
"18/09/2025";"17:42:00";"513";"Com vítima";"138,000";"BR-116/SP";"Crescente";"Engavetamento";1;0;0;2;0;0;0;0;0;0;1;2;0;0;0
"18/09/2025";"17:48:00";"518";"Com vítima";"52,000";"BR-101/SP";"Decrescente";"Colisão frontal";0;1;0;0;1;0;0;0;0;0;1;0;0;0;0
"18/09/2025";"18:41:00";"540";"Com vítima";"207,800";"BR-116/SP";"Decrescente";"Colisão lateral em sentido contrário";1;0;0;1;0;0;0;0;0;0;1;0;1;0;0
"18/09/2025";"20:39:00";"601";"Com vítima";"230,100";"BR-116/SP";"Crescente";"Atropelamento de pedestre";1;0;0;0;0;0;0;0;0;0;0;0;0;1;0
"18/09/2025";"23:08:00";"641";"Sem vítima";"145,800";"BR-116/SP";"Decrescente";"Colisão traseira";2;0;0;0;0;0;0;0;0;0;4;0;0;0;0
"19/09/2025";"00:03:00";"2";"Sem vítima";"435,700";"BR-101/RJ";"Decrescente";"Choque";1;0;0;0;0;0;0;0;0;0;0;0;0;0;0
"19/09/2025";"01:13:00";"21";"Com vítima";"263,300";"BR-116/RJ";"Crescente";"Colisão traseira";1;0;1;0;0;0;0;0;0;0;2;1;0;0;0
"19/09/2025";"05:12:00";"60";"Sem vítima";"303,200";"BR-116/RJ";"Crescente";"Choque";0;0;1;0;0;0;0;0;0;0;1;0;0;0;0
"19/09/2025";"06:55:00";"127";"Com vítima";"484,000";"BR-101/RJ";"Decrescente";"Acidentes de outra natureza";0;0;0;1;0;0;0;0;0;0;0;1;0;0;0
"19/09/2025";"07:19:00";"145";"Com vítima";"171,300";"BR-116/SP";"Decrescente";"Acidentes de outra natureza";0;0;0;1;0;0;0;0;0;0;0;0;1;0;0
"19/09/2025";"07:33:00";"159";"Sem vítima";"107,000";"BR-116/SP";"Decrescente";"Colisão traseira";2;0;0;0;0;0;0;0;0;0;2;0;0;0;0
"19/09/2025";"08:25:00";"196";"Com vítima";"198,000";"BR-116/SP";"Crescente";"Acidentes de outra natureza";0;0;0;1;0;0;0;0;0;0;0;1;0;0;0
"19/09/2025";"08:42:00";"209";"Sem vítima";"160,000";"BR-116/SP";"Crescente";"Engavetamento";2;0;0;0;0;0;0;1;0;0;5;0;0;0;0
"19/09/2025";"08:59:00";"226";"Sem vítima";"106,000";"BR-116/SP";"Decrescente";"Engavetamento";3;0;0;0;0;0;0;0;0;0;12;0;0;0;0
"19/09/2025";"09:08:00";"231";"Com vítima";"218,100";"BR-116/SP";"Crescente";"Colisão traseira";1;0;0;1;0;0;0;0;0;1;6;2;0;0;0
"19/09/2025";"09:49:00";"248";"Sem vítima";"395,000";"BR-101/RJ";"Decrescente";"Colisão lateral em sentido contrário";0;0;0;0;0;0;0;0;0;1;2;0;0;0;0
"19/09/2025";"10:13:00";"271";"Sem vítima";"108,000";"BR-116/SP";"Crescente";"Colisão lateral em sentido contrário";1;0;0;0;0;0;0;0;0;0;1;0;0;0;0
"19/09/2025";"11:18:00";"316";"Sem vítima";"235,800";"BR-116/RJ";"Decrescente";"Choque";0;0;0;0;0;0;0;1;0;0;1;0;0;0;0
"19/09/2025";"11:39:00";"322";"Sem vítima";"475,000";"BR-101/RJ";"Crescente";"Choque";1;0;0;0;0;0;0;0;0;0;1;0;0;0;0
"19/09/2025";"13:02:00";"371";"Sem vítima";"275,000";"BR-116/RJ";"Decrescente";"Choque";1;0;0;0;0;0;0;0;0;0;3;0;0;0;0
"19/09/2025";"14:31:00";"421";"Com vítima";"196,500";"BR-116/SP";"Crescente";"Capotamento";0;0;1;0;0;0;0;0;0;0;0;1;0;0;0
"19/09/2025";"14:57:00";"431";"Com vítima";"211,000";"BR-116/SP";"Crescente";"Colisão lateral em sentido contrário";1;0;0;1;0;0;0;0;0;0;2;1;0;0;0
"19/09/2025";"15:39:00";"454";"Sem vítima";"104,000";"BR-116/SP";"Crescente";"Engavetamento";3;0;1;0;0;0;0;0;0;0;10;0;0;0;0
"19/09/2025";"16:44:00";"477";"Sem vítima";"169,000";"BR-116/SP";"Crescente";"Colisão traseira";1;0;1;0;0;0;0;0;0;0;2;0;0;0;0
"19/09/2025";"16:59:00";"480";"Com vítima";"186,100";"BR-116/SP";"Decrescente";"Colisão traseira";0;0;0;0;0;0;0;0;0;1;0;3;0;0;0
"19/09/2025";"20:06:00";"560";"Sem vítima";"104,700";"BR-116/SP";"Crescente";"Engavetamento";0;0;0;2;0;0;0;0;0;0;0;0;0;0;0
"19/09/2025";"20:26:00";"570";"Com vítima";"247,000";"BR-116/RJ";"Crescente";"Choque";4;0;1;0;0;0;0;0;0;0;6;1;0;0;0
"19/09/2025";"20:35:00";"575";"Sem vítima";"158,100";"BR-116/SP";"Decrescente";"Colisão traseira";1;0;0;0;0;0;0;0;0;0;1;0;0;0;0
"19/09/2025";"20:52:00";"579";"Com vítima";"43,900";"BR-101/SP";"Decrescente";"Atropelamento de pedestre";1;0;0;0;0;0;0;0;0;0;1;0;1;0;0
"19/09/2025";"23:51:00";"650";"Com vítima";"471,000";"BR-101/RJ";"Decrescente";"Atropelamento de pedestre";0;0;0;1;0;0;0;0;0;0;1;1;0;0;0
"20/09/2025";"00:00:00";"163";"Sem vítima";"230,800";"BR-116/RJ";"Crescente";"Colisão lateral em sentido contrário";1;0;0;0;0;0;0;1;0;0;2;0;0;0;0
"20/09/2025";"00:00:00";"529";"Sem vítima";"267,300";"BR-116/RJ";"Decrescente";"Acidentes de outra natureza";1;0;0;0;0;0;0;0;0;0;0;0;0;0;0
"20/09/2025";"00:00:00";"548";"Com vítima";"507,800";"BR-101/RJ";"Decrescente";"Colisão traseira";1;0;0;0;0;0;0;0;0;0;0;1;0;0;0
"20/09/2025";"00:42:00";"9";"Com vítima";"266,500";"BR-116/RJ";"Decrescente";"Choque";0;0;1;0;0;0;0;0;0;0;0;1;0;0;0
"20/09/2025";"04:11:00";"51";"Sem vítima";"329,300";"BR-116/RJ";"Decrescente";"Choque";0;0;1;0;0;0;0;0;0;0;1;0;0;0;0
"20/09/2025";"04:23:00";"54";"Com vítima";"60,500";"BR-116/SP";"Crescente";"Queda de carga";0;0;0;1;0;0;0;0;0;0;0;0;1;0;0
"20/09/2025";"08:07:00";"143";"Com vítima";"228,000";"BR-116/SP";"Decrescente";"Colisão lateral em sentido contrário";0;0;2;0;0;0;0;0;0;0;1;0;1;0;0
"20/09/2025";"08:11:00";"146";"Sem vítima";"129,900";"BR-116/SP";"Decrescente";"Engavetamento";5;0;0;0;0;0;0;0;0;0;11;0;0;0;0
"20/09/2025";"08:21:00";"153";"Com vítima";"257,000";"BR-116/RJ";"Decrescente";"Colisão lateral em sentido contrário";1;0;0;0;0;0;0;1;0;0;1;2;0;0;0
"20/09/2025";"08:29:00";"157";"Sem vítima";"114,600";"BR-116/SP";"Decrescente";"Engavetamento";1;0;0;0;0;0;0;0;0;0;1;0;0;0;0
"20/09/2025";"08:40:00";"162";"Sem vítima";"134,000";"BR-116/SP";"Decrescente";"Engavetamento";4;0;0;0;0;0;0;0;0;0;16;0;0;0;0
"20/09/2025";"08:51:00";"171";"Com vítima";"312,000";"BR-116/RJ";"Decrescente";"Colisão traseira";2;0;0;0;0;0;0;0;0;0;0;1;0;0;0
"20/09/2025";"09:16:00";"185";"Com vítima";"167,000";"BR-116/SP";"Decrescente";"Acidentes de outra natureza";0;0;0;0;0;1;0;0;0;0;0;1;0;0;0
"20/09/2025";"10:12:00";"211";"Sem vítima";"31,100";"BR-116/SP";"Crescente";"Colisão traseira";2;0;0;0;0;0;0;0;0;0;5;0;0;0;0
"20/09/2025";"10:14:00";"212";"Com vítima";"483,000";"BR-101/RJ";"Crescente";"Acidentes de outra natureza";0;0;0;1;0;0;0;0;0;0;0;1;0;0;0
"20/09/2025";"10:15:00";"214";"Com vítima";"275,000";"BR-116/RJ";"Crescente";"Engavetamento";2;0;0;0;0;0;0;0;0;0;2;0;1;0;0
"20/09/2025";"10:41:00";"232";"Sem vítima";"154,000";"BR-116/SP";"Crescente";"Colisão lateral em sentido contrário";1;0;1;0;0;0;0;0;0;0;0;0;0;0;0
"20/09/2025";"11:25:00";"250";"Sem vítima";"73,000";"BR-116/SP";"Decrescente";"Colisão traseira";2;0;0;0;0;0;0;0;0;0;2;0;0;0;0
"20/09/2025";"11:44:00";"263";"Com vítima";"428,000";"BR-101/RJ";"Decrescente";"Colisão lateral em sentido contrário";1;0;0;1;0;0;0;0;0;0;1;1;0;0;0
"20/09/2025";"12:55:00";"299";"Com vítima";"220,000";"BR-116/SP";"Decrescente";"Colisão lateral em sentido contrário";0;0;0;1;0;0;0;0;0;0;0;1;0;0;0
"20/09/2025";"13:00:00";"303";"Sem vítima";"172,000";"BR-116/SP";"Crescente";"Engavetamento";4;0;0;0;0;0;0;0;0;0;0;0;0;0;0
"20/09/2025";"13:17:00";"315";"Sem vítima";"103,500";"BR-116/SP";"Crescente";"Engavetamento";2;0;0;0;0;0;0;0;0;0;0;0;0;0;0
"20/09/2025";"13:53:00";"331";"Com vítima";"113,700";"BR-116/SP";"Decrescente";"Acidentes de outra natureza";0;0;0;1;0;0;0;0;0;0;0;2;0;0;0
"20/09/2025";"14:10:00";"343";"Com vítima";"230,900";"BR-116/SP";"Crescente";"Colisão traseira";1;0;1;0;0;0;0;0;0;0;1;1;0;0;0
"20/09/2025";"14:37:00";"363";"Com vítima";"145,400";"BR-116/SP";"Decrescente";"Acidentes de outra natureza";1;0;0;1;0;0;0;0;0;0;1;1;0;0;0
"20/09/2025";"14:54:00";"373";"Com vítima";"145,400";"BR-116/SP";"Decrescente";"Colisão traseira";2;0;0;0;0;0;0;0;0;0;2;1;0;0;0
"20/09/2025";"14:57:00";"376";"Com vítima";"542,000";"BR-101/RJ";"Decrescente";"Capotamento";1;0;0;0;0;0;0;0;0;0;0;1;0;0;0
"20/09/2025";"16:09:00";"414";"Com vítima";"219,800";"BR-116/RJ";"Crescente";"Choque";1;0;0;0;0;0;0;0;0;0;0;1;1;0;0
"20/09/2025";"16:36:00";"431";"Com vítima";"113,700";"BR-116/SP";"Crescente";"Colisão traseira";0;0;0;2;0;0;0;0;0;0;0;1;0;0;0
"20/09/2025";"16:55:00";"439";"Com vítima";"231,000";"BR-116/SP";"Crescente";"Colisão traseira";1;0;0;1;0;0;0;0;0;0;1;0;1;0;0
"20/09/2025";"17:39:00";"458";"Sem vítima";"40,700";"BR-101/SP";"Decrescente";"Colisão frontal";2;0;0;0;0;0;0;0;0;0;2;0;0;0;0
"20/09/2025";"18:42:00";"487";"Sem vítima";"112,000";"BR-116/SP";"Crescente";"Colisão traseira";1;0;0;0;0;0;0;0;0;1;0;0;0;0;0
"20/09/2025";"18:43:00";"489";"Com vítima";"43,500";"BR-101/SP";"Decrescente";"Atropelamento de pedestre";0;0;0;0;0;0;0;0;0;0;0;1;0;0;0
"20/09/2025";"19:19:00";"510";"Com vítima";"48,000";"BR-101/SP";"Decrescente";"Atropelamento de pedestre";0;0;0;1;0;0;0;0;0;0;1;1;0;0;0
"20/09/2025";"19:35:00";"513";"Com vítima";"50,150";"BR-116/SP";"Crescente";"Colisão traseira";1;0;0;1;0;0;0;0;0;0;0;1;0;0;0
"20/09/2025";"20:24:00";"532";"Com vítima";"146,000";"BR-116/SP";"Crescente";"Colisão traseira";1;0;0;1;0;0;0;0;0;0;3;2;0;0;0
"20/09/2025";"21:34:00";"553";"Com vítima";"60,000";"BR-116/SP";"Crescente";"Tombamento";0;0;0;0;0;0;0;1;0;0;0;1;0;0;0
"20/09/2025";"23:19:00";"572";"Com vítima";"409,000";"BR-101/RJ";"Decrescente";"Colisão traseira";2;0;0;0;0;0;0;0;0;0;3;1;0;0;0
"20/09/2025";"23:24:00";"574";"Sem vítima";"542,000";"BR-101/RJ";"Crescente";"Choque";1;0;0;0;0;0;0;0;0;0;1;0;0;0;0
"20/09/2025";"23:41:00";"578";"Sem vítima";"27,000";"BR-116/SP";"Decrescente";"Tombamento";0;0;0;0;0;0;0;1;0;0;1;0;0;0;0
"21/09/2025";"00:01:00";"1";"Sem vítima";"19,000";"BR-101/SP";"Decrescente";"Choque";1;0;0;0;0;0;0;0;0;0;1;0;0;0;0
"21/09/2025";"00:25:00";"6";"Sem vítima";"29,000";"BR-101/SP";"Decrescente";"Acidentes de outra natureza";0;0;0;0;0;0;0;0;0;1;1;0;0;0;0
"21/09/2025";"00:53:00";"13";"Com vítima";"45,500";"BR-101/SP";"Decrescente";"Atropelamento de pedestre";0;1;0;1;0;0;0;0;0;0;0;0;0;1;0
"21/09/2025";"04:14:00";"34";"Com vítima";"225,600";"BR-116/SP";"Decrescente";"Acidentes de outra natureza";0;0;0;1;0;0;0;0;0;0;0;0;0;1;0
"21/09/2025";"05:45:00";"48";"Com vítima";"204,000";"BR-116/SP";"Decrescente";"Colisão traseira";2;0;0;0;0;0;0;0;0;0;6;1;0;0;0
"21/09/2025";"07:20:00";"95";"Sem vítima";"125,000";"BR-116/SP";"Decrescente";"Colisão traseira";2;0;0;0;0;0;0;0;0;0;9;0;0;0;0
"21/09/2025";"08:02:00";"115";"Com vítima";"108,000";"BR-116/SP";"Decrescente";"Engavetamento";3;0;0;0;0;0;0;0;0;0;0;1;0;0;0
"21/09/2025";"08:07:00";"119";"Sem vítima";"467,400";"BR-101/RJ";"Crescente";"Acidentes de outra natureza";0;0;0;1;0;0;0;0;0;0;1;0;0;0;0
"21/09/2025";"08:08:00";"120";"Com vítima";"60,000";"BR-116/SP";"Crescente";"Choque";1;0;0;0;0;0;0;0;0;0;0;1;0;0;0
"21/09/2025";"08:51:00";"142";"Com vítima";"285,000";"BR-116/RJ";"Decrescente";"Acidentes de outra natureza";0;0;0;1;0;0;0;0;0;0;0;2;0;0;0
"21/09/2025";"09:37:00";"164";"Sem vítima";"124,700";"BR-116/SP";"Decrescente";"Colisão traseira";2;0;0;0;0;0;0;0;0;0;10;0;0;0;0
"21/09/2025";"09:37:00";"165";"Sem vítima";"91,700";"BR-116/SP";"Decrescente";"Engavetamento";5;0;0;0;0;0;0;0;0;0;6;0;0;0;0
"21/09/2025";"10:04:00";"181";"Com vítima";"438,500";"BR-101/RJ";"Decrescente";"Colisão lateral em sentido contrário";1;0;0;1;0;0;0;0;0;0;4;2;0;0;0
"21/09/2025";"10:10:00";"187";"Com vítima";"230,000";"BR-116/SP";"Crescente";"Colisão traseira";1;0;0;0;0;0;0;0;0;1;4;3;0;0;0
"21/09/2025";"10:15:00";"190";"Com vítima";"584,000";"BR-101/RJ";"Crescente";"Acidentes de outra natureza";0;0;0;1;0;0;0;0;0;0;0;1;0;0;0
"21/09/2025";"10:54:00";"221";"Com vítima";"69,200";"BR-116/SP";"Decrescente";"Choque";1;0;0;0;0;0;0;0;0;0;0;1;0;0;0
"21/09/2025";"10:54:00";"222";"Sem vítima";"218,100";"BR-116/RJ";"Crescente";"Colisão lateral em sentido contrário";2;0;0;0;0;0;0;0;0;0;5;0;0;0;0
"21/09/2025";"11:02:00";"226";"Com vítima";"73,000";"BR-116/SP";"Decrescente";"Acidentes de outra natureza";1;0;0;1;0;0;0;0;0;0;0;1;0;0;0
"21/09/2025";"11:03:00";"227";"Sem vítima";"91,100";"BR-116/SP";"Decrescente";"Colisão traseira";1;0;0;0;0;0;0;0;0;0;4;0;0;0;0
"21/09/2025";"11:49:00";"257";"Com vítima";"221,000";"BR-116/SP";"Decrescente";"Acidentes de outra natureza";0;0;0;1;0;0;0;0;0;0;0;1;0;0;0
"21/09/2025";"12:43:00";"273";"Sem vítima";"388,000";"BR-101/RJ";"Decrescente";"Colisão lateral em sentido contrário";1;0;0;0;0;0;0;0;0;0;1;0;0;0;0
"21/09/2025";"12:58:00";"287";"Sem vítima";"110,900";"BR-116/SP";"Crescente";"Engavetamento";5;0;0;0;0;0;0;0;0;0;0;0;0;0;0
"21/09/2025";"13:38:00";"305";"Com vítima";"49,500";"BR-101/SP";"Decrescente";"Colisão lateral em sentido contrário";1;0;0;1;0;0;0;0;0;0;1;1;0;0;0
"21/09/2025";"13:47:00";"311";"Com vítima";"104,000";"BR-116/SP";"Crescente";"Colisão lateral em sentido contrário";1;0;0;1;0;0;0;0;0;0;0;1;0;0;0
"21/09/2025";"13:51:00";"313";"Com vítima";"217,000";"BR-116/RJ";"Decrescente";"Colisão lateral em sentido contrário";1;0;0;1;0;0;0;0;0;0;1;0;1;0;0
"21/09/2025";"14:27:00";"333";"Com vítima";"420,000";"BR-101/RJ";"Decrescente";"Colisão traseira";0;0;0;1;0;0;0;0;0;0;0;0;1;0;0
"21/09/2025";"14:46:00";"347";"Com vítima";"102,000";"BR-116/SP";"Crescente";"Acidentes de outra natureza";0;0;0;1;0;0;0;0;0;0;0;0;1;0;0
"21/09/2025";"15:41:00";"371";"Com vítima";"283,000";"BR-116/RJ";"Crescente";"Capotamento";1;0;1;0;0;0;0;0;0;0;1;0;1;0;0
"21/09/2025";"16:04:00";"389";"Com vítima";"165,000";"BR-116/SP";"Crescente";"Colisão traseira";2;0;0;0;0;0;0;0;0;0;3;3;0;0;0
"21/09/2025";"16:15:00";"395";"Sem vítima";"212,000";"BR-116/SP";"Crescente";"Queda de carga";0;0;0;1;0;0;0;0;0;0;2;0;0;0;0
"21/09/2025";"16:35:00";"410";"Sem vítima";"429,800";"BR-101/RJ";"Decrescente";"Colisão traseira";2;0;0;0;0;0;0;0;0;0;0;0;0;0;0
"21/09/2025";"17:02:00";"428";"Com vítima";"27,000";"BR-116/SP";"Decrescente";"Colisão traseira";0;0;0;1;0;0;0;0;0;0;1;0;1;0;0
"21/09/2025";"17:06:00";"433";"Com vítima";"300,000";"BR-116/RJ";"Decrescente";"Engavetamento";0;0;0;0;0;0;0;0;0;1;11;1;2;0;0
"21/09/2025";"17:08:00";"435";"Com vítima";"49,000";"BR-101/SP";"Decrescente";"Colisão traseira";0;0;0;1;0;0;0;0;0;0;1;1;0;0;0
"21/09/2025";"18:29:00";"487";"Com vítima";"224,000";"BR-116/SP";"Crescente";"Colisão traseira";1;0;0;1;0;0;0;0;0;0;1;0;1;0;0
"21/09/2025";"18:56:00";"505";"Com vítima";"47,500";"BR-116/SP";"Crescente";"Acidentes de outra natureza";0;0;0;1;0;0;0;0;0;0;0;1;0;0;0
"21/09/2025";"19:00:00";"509";"Com vítima";"21,500";"BR-116/SP";"Decrescente";"Colisão traseira";0;0;1;0;0;0;0;0;0;0;2;1;0;0;0
"21/09/2025";"19:31:00";"529";"Com vítima";"212,000";"BR-116/SP";"Crescente";"Colisão traseira";2;0;0;0;0;0;0;0;0;0;6;2;0;0;0
"21/09/2025";"20:18:00";"558";"Com vítima";"329,000";"BR-116/RJ";"Decrescente";"Atropelamento de pedestre";1;0;0;0;0;0;0;0;0;0;3;0;0;0;1
"21/09/2025";"21:04:00";"580";"Sem vítima";"173,350";"BR-116/SP";"Crescente";"Colisão traseira";2;0;0;0;0;0;0;0;0;0;0;0;0;0;0
"21/09/2025";"21:29:00";"588";"Sem vítima";"203,000";"BR-116/SP";"Crescente";"Colisão traseira";2;0;0;0;0;0;0;0;0;0;0;0;0;0;0