data;horario;n_da_ocorrencia;tipo_de_ocorrencia;km;trecho;sentido;tipo_de_acidente;automovel;bicicleta;caminhao;moto;onibus;outros;tracao_animal;transporte_de_cargas_especiais;trator_maquinas;utilitarios;ilesos;levemente_feridos;moderadamente_feridos;gravemente_feridos;mortos
"07/10/2025";"00:28:00";"6";"Sem vítima";"32,000";"BR-116/SP";"Crescente";"Tombamento";1;0;0;0;0;0;0;0;0;0;0;0;0;0;0
"07/10/2025";"03:53:00";"39";"Com vítima";"252,390";"BR-116/RJ";"Crescente";"Choque";0;0;1;0;0;0;0;0;0;0;0;1;0;0;0
"07/10/2025";"07:25:00";"174";"Sem vítima";"53,000";"BR-116/SP";"Decrescente";"Engavetamento";2;0;1;0;0;0;0;0;0;0;1;0;0;0;0
"07/10/2025";"08:33:00";"247";"Sem vítima";"297,000";"BR-116/RJ";"Decrescente";"Colisão lateral em sentido contrário";1;0;0;0;0;0;0;1;0;0;2;0;0;0;0
"07/10/2025";"08:46:00";"258";"Sem vítima";"166,000";"BR-116/SP";"Crescente";"Colisão traseira";2;0;0;0;0;0;0;0;0;0;2;0;0;0;0
"07/10/2025";"10:54:00";"371";"Sem vítima";"235,000";"BR-116/RJ";"Crescente";"Choque";0;0;0;0;0;0;0;0;0;1;1;0;0;0;0
"07/10/2025";"11:39:00";"399";"Com vítima";"384,000";"BR-101/RJ";"Decrescente";"Acidentes de outra natureza";0;0;0;1;0;0;0;0;0;0;1;1;0;0;0
"07/10/2025";"11:57:00";"414";"Sem vítima";"109,900";"BR-116/SP";"Decrescente";"Engavetamento";3;0;0;0;0;0;0;0;0;0;3;0;0;0;0
"07/10/2025";"13:46:00";"465";"Sem vítima";"500,800";"BR-101/RJ";"Crescente";"Colisão traseira";1;0;0;0;0;0;0;0;0;0;1;0;0;0;0
"07/10/2025";"14:50:00";"496";"Com vítima";"481,800";"BR-101/RJ";"Crescente";"Colisão traseira";1;0;1;0;0;0;0;1;0;0;4;3;0;0;0
"07/10/2025";"15:44:00";"530";"Sem vítima";"426,800";"BR-101/RJ";"Crescente";"Choque";0;0;0;0;0;0;0;0;0;1;0;0;0;0;0
"07/10/2025";"16:29:00";"560";"Sem vítima";"221,000";"BR-116/SP";"Crescente";"Colisão traseira";1;0;0;1;0;0;0;0;0;0;0;0;0;0;0
"07/10/2025";"16:35:00";"564";"Sem vítima";"146,000";"BR-116/SP";"Decrescente";"Colisão traseira";2;0;0;0;0;0;0;0;0;0;0;0;0;0;0
"07/10/2025";"16:44:00";"568";"Sem vítima";"515,000";"BR-101/RJ";"Crescente";"Colisão traseira";1;0;0;1;0;0;0;0;0;0;2;0;0;0;0
"07/10/2025";"16:56:00";"572";"Com vítima";"142,000";"BR-116/SP";"Crescente";"Colisão traseira";1;0;0;1;0;0;0;0;0;0;0;0;2;0;0
"07/10/2025";"17:22:00";"582";"Com vítima";"229,000";"BR-116/SP";"Decrescente";"Colisão traseira";1;0;0;1;0;0;0;0;0;0;1;0;1;0;0
"07/10/2025";"17:44:00";"597";"Com vítima";"398,100";"BR-101/RJ";"Crescente";"Acidentes de outra natureza";0;0;0;1;0;0;0;0;0;0;1;1;0;0;0
"07/10/2025";"18:32:00";"621";"Com vítima";"149,000";"BR-116/SP";"Crescente";"Colisão lateral em sentido contrário";1;0;0;1;0;0;0;0;0;0;0;1;0;0;0
"07/10/2025";"19:07:00";"639";"Com vítima";"472,200";"BR-101/RJ";"Decrescente";"Colisão frontal";1;0;0;1;0;0;0;0;0;0;2;1;0;0;0
"07/10/2025";"20:57:00";"691";"Com vítima";"223,500";"BR-116/SP";"Crescente";"Choque";1;0;0;0;0;0;0;0;0;0;0;0;0;0;1
"07/10/2025";"22:09:00";"721";"Com vítima";"228,800";"BR-116/SP";"Crescente";"Acidentes de outra natureza";0;0;0;1;0;0;0;0;0;0;0;1;0;0;0
"08/10/2025";"00:00:00";"79";"Sem vítima";"217,900";"BR-116/SP";"Decrescente";"Colisão traseira";0;0;1;0;0;0;0;0;0;0;0;0;0;0;0
"08/10/2025";"05:32:00";"61";"Sem vítima";"521,000";"BR-101/RJ";"Decrescente";"Choque";0;0;1;0;0;0;0;0;0;0;1;0;0;0;0
"08/10/2025";"06:10:00";"82";"Sem vítima";"124,800";"BR-116/SP";"Decrescente";"Capotamento";0;0;0;0;0;0;0;0;0;1;1;0;0;0;0
"08/10/2025";"07:09:00";"117";"Sem vítima";"199,000";"BR-116/SP";"Crescente";"Colisão traseira";2;0;0;0;0;0;0;0;0;0;0;0;0;0;0
"08/10/2025";"08:08:00";"183";"Sem vítima";"201,800";"BR-116/SP";"Crescente";"Colisão traseira";1;0;0;0;0;0;0;0;0;0;0;0;0;0;0
"08/10/2025";"08:20:00";"200";"Com vítima";"232,300";"BR-116/RJ";"Decrescente";"Choque";0;0;0;0;0;0;0;0;0;1;0;2;0;0;0
"08/10/2025";"08:49:00";"222";"Sem vítima";"230,000";"BR-116/SP";"Crescente";"Colisão lateral em sentido contrário";1;0;0;0;0;0;0;1;0;0;2;0;0;0;0
"08/10/2025";"09:17:00";"242";"Sem vítima";"386,800";"BR-101/RJ";"Crescente";"Colisão traseira";2;0;0;0;0;0;0;0;0;0;2;0;0;0;0
"08/10/2025";"11:06:00";"326";"Com vítima";"424,000";"BR-101/RJ";"Crescente";"Choque";0;0;1;0;0;0;0;0;0;0;0;1;0;0;0
"08/10/2025";"11:51:00";"355";"Sem vítima";"120,000";"BR-116/SP";"Crescente";"Colisão traseira";1;0;1;0;0;0;0;0;0;0;3;0;0;0;0
"08/10/2025";"12:56:00";"384";"Sem vítima";"421,000";"BR-101/RJ";"Decrescente";"Choque";0;0;1;0;0;0;0;0;0;0;2;0;0;0;0
"08/10/2025";"14:47:00";"441";"Com vítima";"190,000";"BR-116/SP";"Crescente";"Colisão traseira";1;0;1;0;0;0;0;0;0;0;3;1;0;0;0
"08/10/2025";"15:33:00";"465";"Com vítima";"161,000";"BR-116/SP";"Decrescente";"Colisão traseira";2;0;0;0;0;0;0;0;0;0;4;1;0;0;0
"08/10/2025";"16:42:00";"488";"Sem vítima";"161,900";"BR-116/SP";"Decrescente";"Engavetamento";4;0;0;0;0;0;0;0;0;0;4;0;0;0;0
"08/10/2025";"16:57:00";"494";"Sem vítima";"478,500";"BR-101/RJ";"Crescente";"Colisão traseira";2;0;0;0;0;0;0;0;0;0;0;0;0;0;0
"08/10/2025";"17:19:00";"502";"Com vítima";"219,000";"BR-116/SP";"Decrescente";"Colisão lateral em sentido contrário";0;0;0;1;0;0;0;0;0;0;0;1;0;0;0
"08/10/2025";"17:28:00";"507";"Com vítima";"227,000";"BR-116/RJ";"Decrescente";"Choque";1;0;0;0;0;0;0;0;0;0;0;1;0;0;0
"08/10/2025";"17:34:00";"510";"Com vítima";"162,000";"BR-116/SP";"Decrescente";"Colisão traseira";1;0;0;1;0;0;0;0;0;0;0;1;0;0;0
"08/10/2025";"18:07:00";"528";"Com vítima";"517,600";"BR-101/RJ";"Crescente";"Colisão traseira";2;0;0;0;0;0;0;0;0;0;0;2;1;0;0
"08/10/2025";"18:26:00";"537";"Com vítima";"489,000";"BR-101/RJ";"Decrescente";"Choque";0;0;1;0;0;0;0;0;0;0;0;2;0;0;0
"08/10/2025";"20:50:00";"597";"Com vítima";"56,200";"BR-116/SP";"Crescente";"Atropelamento de pedestre";0;0;0;0;0;0;0;1;0;0;1;0;0;0;1
"08/10/2025";"21:25:00";"609";"Sem vítima";"435,700";"BR-101/RJ";"Crescente";"Choque";1;0;0;0;0;0;0;0;0;0;1;0;0;0;0
"08/10/2025";"23:44:00";"656";"Sem vítima";"217,500";"BR-116/RJ";"Decrescente";"Choque";1;0;0;0;0;0;0;0;0;0;1;0;0;0;0
"08/10/2025";"23:57:00";"657";"Sem vítima";"52,000";"BR-116/SP";"Crescente";"Choque";0;0;0;0;0;0;0;1;0;0;1;0;0;0;0
"09/10/2025";"01:05:00";"12";"Sem vítima";"165,000";"BR-116/SP";"Crescente";"Colisão lateral em sentido contrário";0;0;1;0;0;0;0;1;0;0;2;0;0;0;0
"09/10/2025";"01:59:00";"23";"Sem vítima";"27,100";"BR-101/SP";"Decrescente";"Choque";1;0;0;0;0;0;0;0;0;0;1;0;0;0;0
"09/10/2025";"04:40:00";"45";"Com vítima";"102,000";"BR-116/SP";"Crescente";"Engavetamento";2;0;0;0;0;0;0;0;0;0;2;2;2;0;0
"09/10/2025";"05:52:00";"69";"Sem vítima";"224,000";"BR-116/SP";"Crescente";"Engavetamento";2;0;0;0;0;0;0;0;0;0;2;0;0;0;0
"09/10/2025";"06:54:00";"103";"Sem vítima";"331,000";"BR-116/RJ";"Decrescente";"Choque";0;0;0;0;0;0;0;1;0;0;1;0;0;0;0
"09/10/2025";"06:55:00";"104";"Com vítima";"480,000";"BR-101/RJ";"Crescente";"Colisão traseira";1;0;0;1;0;0;0;0;0;0;2;2;0;0;0
"09/10/2025";"06:55:00";"106";"Sem vítima";"112,700";"BR-116/SP";"Decrescente";"Engavetamento";2;0;0;0;0;0;0;0;0;0;0;0;0;0;0
"09/10/2025";"07:04:00";"112";"Com vítima";"499,000";"BR-101/RJ";"Decrescente";"Choque";1;0;0;0;0;0;0;0;0;0;0;1;1;0;0
"09/10/2025";"07:25:00";"128";"Sem vítima";"130,000";"BR-116/SP";"Crescente";"Colisão traseira";1;0;0;1;0;0;0;0;0;0;1;0;0;0;0
"09/10/2025";"07:41:00";"139";"Sem vítima";"433,000";"BR-101/RJ";"Crescente";"Engavetamento";2;0;0;0;1;0;0;0;0;0;3;0;0;0;0
"09/10/2025";"07:43:00";"144";"Com vítima";"499,000";"BR-101/RJ";"Crescente";"Acidentes de outra natureza";0;0;0;1;0;0;0;0;0;0;0;0;1;0;0
"09/10/2025";"07:54:00";"155";"Sem vítima";"149,000";"BR-116/SP";"Crescente";"Engavetamento";2;0;0;0;0;0;0;0;0;0;2;0;0;0;0
"09/10/2025";"08:13:00";"166";"Sem vítima";"156,200";"BR-116/SP";"Crescente";"Colisão traseira";1;0;0;1;0;0;0;0;0;0;0;0;0;0;0
"09/10/2025";"08:53:00";"190";"Sem vítima";"429,600";"BR-101/RJ";"Decrescente";"Capotamento";1;0;0;0;0;0;0;0;0;0;1;0;0;0;0
"09/10/2025";"09:18:00";"210";"Sem vítima";"226,500";"BR-116/RJ";"Crescente";"Colisão traseira";0;0;2;0;0;0;0;0;0;0;2;0;0;0;0
"09/10/2025";"10:28:00";"265";"Com vítima";"517,000";"BR-101/RJ";"Crescente";"Colisão frontal";2;0;0;0;0;0;0;0;0;0;1;1;1;0;0
"09/10/2025";"10:51:00";"284";"Sem vítima";"517,000";"BR-101/RJ";"Decrescente";"Choque";1;0;0;0;0;0;0;0;0;0;1;0;0;0;0
"09/10/2025";"12:23:00";"332";"Sem vítima";"181,000";"BR-116/SP";"Decrescente";"Colisão traseira";2;0;0;0;0;0;0;0;0;0;0;0;0;0;0
"09/10/2025";"13:21:00";"360";"Com vítima";"147,000";"BR-116/SP";"Decrescente";"Capotamento";1;0;0;0;0;0;0;0;0;0;2;1;0;0;0
"09/10/2025";"13:29:00";"366";"Com vítima";"229,800";"BR-116/RJ";"Decrescente";"Choque";0;0;0;0;0;0;0;1;0;0;0;1;0;0;0
"09/10/2025";"13:41:00";"371";"Com vítima";"145,800";"BR-116/SP";"Crescente";"Colisão traseira";0;0;0;0;1;0;0;1;0;0;0;2;0;0;0
"09/10/2025";"14:30:00";"396";"Com vítima";"401,000";"BR-101/RJ";"Decrescente";"Acidentes de outra natureza";0;0;0;1;0;0;0;0;0;0;0;2;0;0;0
"09/10/2025";"14:56:00";"414";"Sem vítima";"150,200";"BR-116/SP";"Decrescente";"Colisão traseira";0;0;1;0;0;0;0;0;0;0;0;0;0;0;0
"09/10/2025";"15:34:00";"434";"Sem vítima";"231,800";"BR-116/RJ";"Crescente";"Colisão traseira";0;0;0;0;0;0;0;2;0;0;2;0;0;0;0
"09/10/2025";"15:40:00";"438";"Sem vítima";"231,000";"BR-116/SP";"Crescente";"Colisão traseira";0;0;2;0;0;0;0;0;0;0;0;0;0;0;0
"09/10/2025";"16:09:00";"452";"Com vítima";"216,000";"BR-116/SP";"Crescente";"Acidentes de outra natureza";1;0;0;1;0;0;0;0;0;0;1;1;0;0;0
"09/10/2025";"16:11:00";"453";"Com vítima";"505,000";"BR-101/RJ";"Crescente";"Colisão lateral em sentido contrário";0;0;1;1;0;0;0;0;0;0;3;0;1;0;0
"09/10/2025";"17:57:00";"518";"Sem vítima";"216,000";"BR-116/SP";"Decrescente";"Colisão traseira";2;0;0;0;0;0;0;0;0;0;0;0;0;0;0
"09/10/2025";"18:03:00";"522";"Com vítima";"145,300";"BR-116/SP";"Decrescente";"Acidentes de outra natureza";0;0;0;1;0;0;0;0;0;0;0;1;0;0;0
"09/10/2025";"18:12:00";"526";"Sem vítima";"205,500";"BR-116/SP";"Crescente";"Choque";0;0;1;0;0;0;0;0;0;0;1;0;0;0;0
"09/10/2025";"19:38:00";"568";"Sem vítima";"126,000";"BR-116/SP";"Crescente";"Colisão traseira";1;0;0;0;0;0;0;0;0;1;2;0;0;0;0
"10/10/2025";"00:00:00";"612";"Com vítima";"334,300";"BR-116/RJ";"Crescente";"Choque";0;0;0;0;0;0;0;1;0;0;1;0;1;0;0
"10/10/2025";"00:00:00";"613";"Com vítima";"96,000";"BR-116/SP";"Decrescente";"Colisão traseira";1;0;0;0;0;0;0;0;0;0;0;1;0;0;0
"10/10/2025";"01:29:00";"21";"Sem vítima";"511,000";"BR-101/RJ";"Crescente";"Choque";1;0;0;0;0;0;0;0;0;0;3;0;0;0;0
"10/10/2025";"02:38:00";"37";"Sem vítima";"184,750";"BR-116/SP";"Crescente";"Colisão traseira";0;0;1;0;0;0;0;0;0;0;1;0;0;0;0
"10/10/2025";"02:51:00";"41";"Sem vítima";"23,100";"BR-101/SP";"Decrescente";"Choque";0;0;0;0;0;0;0;1;0;0;1;0;0;0;0
"10/10/2025";"06:21:00";"85";"Sem vítima";"272,000";"BR-116/RJ";"Crescente";"Choque";2;0;1;0;0;0;0;0;0;0;4;0;0;0;0
"10/10/2025";"06:33:00";"94";"Com vítima";"291,000";"BR-116/RJ";"Crescente";"Choque";1;0;0;0;0;0;0;0;0;0;1;3;0;0;0
"10/10/2025";"07:05:00";"122";"Com vítima";"149,000";"BR-116/SP";"Decrescente";"Engavetamento";2;0;0;0;0;0;0;0;0;0;1;2;0;0;0
"10/10/2025";"07:26:00";"135";"Com vítima";"559,000";"BR-101/RJ";"Crescente";"Colisão lateral em sentido contrário";0;0;0;1;1;0;0;0;0;0;1;1;0;0;0
"10/10/2025";"07:33:00";"140";"Sem vítima";"111,800";"BR-116/SP";"Crescente";"Acidentes de outra natureza";0;0;0;1;0;0;0;0;0;0;1;0;0;0;0
"10/10/2025";"07:38:00";"144";"Com vítima";"108,000";"BR-116/SP";"Crescente";"Atropelamento de pedestre";0;0;0;0;0;0;0;1;0;0;0;0;0;1;0
"10/10/2025";"08:04:00";"166";"Sem vítima";"150,000";"BR-116/SP";"Decrescente";"Colisão traseira";4;0;0;0;0;0;0;0;0;0;4;0;0;0;0
"10/10/2025";"08:08:00";"171";"Com vítima";"484,000";"BR-101/RJ";"Crescente";"Colisão lateral em sentido contrário";0;0;1;1;0;0;0;0;0;0;1;1;0;0;0
"10/10/2025";"08:36:00";"190";"Sem vítima";"296,000";"BR-116/RJ";"Decrescente";"Colisão lateral em sentido contrário";1;0;0;0;0;0;0;1;0;0;0;0;0;0;0
"10/10/2025";"08:46:00";"203";"Sem vítima";"245,400";"BR-116/RJ";"Decrescente";"Choque";1;0;0;0;0;0;0;0;0;0;1;0;0;0;0
"10/10/2025";"08:51:00";"207";"Com vítima";"141,400";"BR-116/SP";"Decrescente";"Acidentes de outra natureza";0;0;0;1;0;0;0;0;0;0;0;0;1;0;0
"10/10/2025";"08:55:00";"210";"Com vítima";"245,100";"BR-116/RJ";"Decrescente";"Choque";1;0;0;0;0;0;0;0;0;0;0;1;0;0;0
"10/10/2025";"09:40:00";"238";"Sem vítima";"60,500";"BR-116/SP";"Crescente";"Colisão lateral em sentido contrário";1;0;0;0;0;0;0;0;0;0;0;0;0;0;0
"10/10/2025";"10:01:00";"256";"Sem vítima";"123,000";"BR-116/SP";"Crescente";"Colisão lateral em sentido contrário";1;0;0;0;0;0;0;0;0;0;0;0;0;0;0
"10/10/2025";"11:02:00";"300";"Sem vítima";"546,000";"BR-101/RJ";"Decrescente";"Colisão lateral em sentido contrário";2;0;0;0;0;0;0;0;0;0;2;0;0;0;0
"10/10/2025";"11:37:00";"316";"Com vítima";"219,000";"BR-116/SP";"Crescente";"Colisão lateral em sentido contrário";1;0;0;1;0;0;0;0;0;0;1;1;0;0;0
"10/10/2025";"12:32:00";"350";"Sem vítima";"144,000";"BR-116/SP";"Crescente";"Colisão traseira";0;0;1;0;0;0;0;0;0;1;0;0;0;0;0
"10/10/2025";"14:38:00";"423";"Sem vítima";"106,500";"BR-116/SP";"Crescente";"Colisão traseira";1;0;1;0;0;0;0;0;0;0;2;0;0;0;0
"10/10/2025";"14:48:00";"432";"Sem vítima";"583,000";"BR-101/RJ";"Decrescente";"Capotamento";1;0;0;0;0;0;0;0;0;0;2;0;0;0;0
"10/10/2025";"15:15:00";"446";"Com vítima";"231,000";"BR-116/SP";"Crescente";"Colisão lateral em sentido contrário";0;0;1;1;0;0;0;0;0;0;1;0;0;1;0
"10/10/2025";"16:19:00";"448";"Com vítima";"124,000";"BR-116/SP";"Decrescente";"Colisão lateral em sentido contrário";2;0;0;0;0;0;0;0;0;0;2;1;0;0;0
"10/10/2025";"16:39:00";"484";"Com vítima";"215,200";"BR-116/SP";"Decrescente";"Colisão traseira";2;0;0;0;0;0;0;0;0;0;1;1;0;0;0
"10/10/2025";"17:32:00";"507";"Sem vítima";"383,000";"BR-101/RJ";"Decrescente";"Colisão lateral em sentido contrário";2;0;0;0;0;0;0;0;0;0;5;0;0;0;0
"10/10/2025";"18:35:00";"536";"Com vítima";"509,000";"BR-101/RJ";"Decrescente";"Colisão frontal";0;1;0;1;0;0;0;0;0;0;0;0;1;0;0
"10/10/2025";"18:39:00";"538";"Sem vítima";"228,000";"BR-116/RJ";"Decrescente";"Choque";1;0;0;0;0;0;0;0;0;0;2;0;0;0;0
"10/10/2025";"19:10:00";"556";"Sem vítima";"86,950";"BR-116/SP";"Decrescente";"Colisão traseira";1;0;0;0;0;0;0;0;0;0;1;0;0;0;0
"10/10/2025";"19:27:00";"562";"Sem vítima";"215,000";"BR-116/SP";"Decrescente";"Engavetamento";6;0;0;0;0;0;0;0;0;0;6;0;0;0;0
"10/10/2025";"20:01:00";"580";"Com vítima";"38,600";"BR-116/SP";"Decrescente";"Choque";1;0;0;0;0;0;0;0;0;0;0;1;0;0;0
"10/10/2025";"20:07:00";"583";"Sem vítima";"126,000";"BR-116/SP";"Decrescente";"Colisão traseira";2;0;0;0;0;0;0;0;0;0;3;0;0;0;0
"10/10/2025";"20:19:00";"593";"Sem vítima";"271,000";"BR-116/RJ";"Decrescente";"Colisão traseira";2;0;0;0;0;0;0;0;0;0;4;0;0;0;0
"10/10/2025";"21:24:00";"622";"Com vítima";"215,000";"BR-116/SP";"Decrescente";"Colisão lateral em sentido contrário";2;0;0;0;0;0;0;0;0;0;4;1;0;0;0
"10/10/2025";"21:34:00";"628";"Com vítima";"225,000";"BR-116/RJ";"Decrescente";"Capotamento";0;0;0;0;0;0;0;0;0;1;1;1;0;0;0
"10/10/2025";"22:11:00";"641";"Sem vítima";"141,000";"BR-116/SP";"Decrescente";"Colisão traseira";1;0;0;0;0;0;0;0;0;1;2;0;0;0;0
"10/10/2025";"22:47:00";"652";"Com vítima";"48,500";"BR-101/SP";"Decrescente";"Colisão lateral em sentido contrário";1;0;0;1;0;0;0;0;0;0;1;1;0;0;0
"10/10/2025";"22:50:00";"653";"Sem vítima";"147,000";"BR-116/SP";"Decrescente";"Colisão traseira";0;0;0;0;0;0;0;1;0;1;0;0;0;0;0
"10/10/2025";"23:39:00";"669";"Sem vítima";"227,000";"BR-116/SP";"Decrescente";"Engavetamento";4;0;0;0;1;0;0;0;0;0;5;0;0;0;0
"11/10/2025";"00:12:00";"2";"Sem vítima";"238,500";"BR-116/RJ";"Crescente";"Choque";0;0;1;0;0;0;0;0;0;0;1;0;0;0;0
"11/10/2025";"00:45:00";"6";"Sem vítima";"289,500";"BR-116/RJ";"Decrescente";"Choque";1;0;0;0;0;0;0;0;0;0;1;0;0;0;0
"11/10/2025";"03:30:00";"60";"Sem vítima";"144,000";"BR-116/SP";"Decrescente";"Atropelamento de pedestre";0;1;0;0;0;0;0;0;0;0;0;0;0;0;0
"11/10/2025";"03:37:00";"62";"Sem vítima";"388,500";"BR-101/RJ";"Decrescente";"Colisão lateral em sentido contrário";2;0;0;0;0;0;0;0;0;0;3;0;0;0;0
"11/10/2025";"05:09:00";"93";"Com vítima";"34,100";"BR-116/SP";"Crescente";"Choque";1;0;0;0;0;0;0;0;0;0;0;0;1;0;0
"11/10/2025";"05:16:00";"88";"Sem vítima";"18,300";"BR-116/SP";"Decrescente";"Colisão traseira";2;0;0;0;0;0;0;0;0;0;2;0;0;0;0
"11/10/2025";"05:54:00";"98";"Com vítima";"89,300";"BR-116/SP";"Decrescente";"Colisão traseira";0;0;0;1;1;0;0;0;0;0;46;0;1;0;0
"11/10/2025";"07:17:00";"138";"Com vítima";"101,000";"BR-116/SP";"Decrescente";"Colisão lateral em sentido contrário";2;0;0;0;0;0;0;0;0;0;0;1;0;0;0
"11/10/2025";"07:46:00";"143";"Sem vítima";"155,900";"BR-116/SP";"Crescente";"Colisão lateral em sentido contrário";0;0;0;0;0;0;0;0;0;0;0;0;0;0;0
"11/10/2025";"08:20:00";"168";"Com vítima";"295,500";"BR-116/RJ";"Crescente";"Colisão traseira";0;0;2;0;0;0;0;0;0;0;1;1;0;0;0
"11/10/2025";"10:18:00";"228";"Sem vítima";"136,000";"BR-116/SP";"Crescente";"Engavetamento";3;0;0;0;0;0;0;1;0;0;0;0;0;0;0
"11/10/2025";"10:41:00";"247";"Sem vítima";"103,000";"BR-116/SP";"Decrescente";"Engavetamento";0;0;0;0;0;0;0;0;0;1;0;0;0;0;0
"11/10/2025";"11:49:00";"288";"Com vítima";"114,200";"BR-116/SP";"Crescente";"Colisão traseira";1;0;0;0;0;0;0;1;0;0;1;0;1;0;0
"11/10/2025";"12:26:00";"303";"Sem vítima";"224,000";"BR-116/SP";"Crescente";"Colisão lateral em sentido contrário";1;0;0;0;0;0;0;1;0;0;0;0;0;0;0
"11/10/2025";"12:36:00";"310";"Sem vítima";"229,000";"BR-116/RJ";"Crescente";"Colisão traseira";0;0;0;0;0;0;0;1;0;0;1;0;0;0;0
"11/10/2025";"12:47:00";"316";"Sem vítima";"109,000";"BR-116/SP";"Crescente";"Colisão traseira";1;0;0;0;0;0;0;0;0;0;1;0;0;0;0
"11/10/2025";"13:07:00";"325";"Com vítima";"229,300";"BR-116/RJ";"Decrescente";"Choque";0;0;1;0;0;0;0;0;0;0;0;0;0;0;1
"11/10/2025";"13:16:00";"331";"Sem vítima";"284,000";"BR-116/RJ";"Crescente";"Colisão lateral em sentido contrário";0;0;1;0;0;0;0;1;0;0;1;0;0;0;0
"11/10/2025";"14:32:00";"368";"Com vítima";"100,000";"BR-116/SP";"Decrescente";"Atropelamento de pedestre";0;0;0;0;0;0;0;0;0;0;0;0;0;1;0
"11/10/2025";"14:42:00";"371";"Sem vítima";"107,000";"BR-116/SP";"Crescente";"Engavetamento";3;0;0;0;0;0;0;0;0;0;3;0;0;0;0
"11/10/2025";"14:48:00";"372";"Com vítima";"467,500";"BR-101/RJ";"Decrescente";"Acidentes de outra natureza";0;0;0;1;0;0;0;0;0;0;0;1;0;0;0
"11/10/2025";"15:38:00";"396";"Sem vítima";"218,800";"BR-116/SP";"Decrescente";"Colisão traseira";1;0;0;0;0;0;0;0;0;1;0;0;0;0;0
"11/10/2025";"17:57:00";"458";"Com vítima";"77,300";"BR-116/SP";"Crescente";"Atropelamento de pedestre";0;0;0;1;0;0;0;0;0;0;0;2;0;0;0
"11/10/2025";"18:25:00";"466";"Com vítima";"381,900";"BR-101/RJ";"Crescente";"Colisão lateral em sentido contrário";2;0;0;0;0;0;0;0;0;0;3;1;0;0;0
"11/10/2025";"19:49:00";"500";"Com vítima";"219,000";"BR-116/SP";"Decrescente";"Acidentes de outra natureza";0;0;0;1;0;0;0;0;0;0;0;1;0;0;0
"11/10/2025";"20:17:00";"507";"Sem vítima";"145,400";"BR-116/SP";"Decrescente";"Engavetamento";1;0;0;0;0;0;0;0;0;0;1;0;0;0;0
"11/10/2025";"22:03:00";"542";"Com vítima";"43,200";"BR-101/SP";"Decrescente";"Atropelamento de pedestre";1;1;0;0;0;0;0;0;0;0;1;0;0;0;0
"11/10/2025";"22:08:00";"544";"Com vítima";"51,650";"BR-116/SP";"Decrescente";"Atropelamento de pedestre";1;0;0;0;0;0;0;0;0;0;0;1;0;0;0
"11/10/2025";"22:59:00";"565";"Sem vítima";"394,000";"BR-101/RJ";"Decrescente";"Acidentes de outra natureza";1;0;0;0;0;0;0;0;0;0;1;0;0;0;0
"12/10/2025";"04:47:00";"68";"Com vítima";"222,700";"BR-116/SP";"Decrescente";"Choque";1;0;0;0;0;0;0;0;0;0;0;1;0;0;0
"12/10/2025";"05:13:00";"73";"Sem vítima";"223,800";"BR-116/SP";"Decrescente";"Choque";1;0;0;0;0;0;0;0;0;0;1;0;0;0;0
"12/10/2025";"05:14:00";"74";"Com vítima";"580,400";"BR-101/RJ";"Crescente";"Choque";1;0;0;0;0;0;0;0;0;0;0;1;0;0;0
"12/10/2025";"05:33:00";"76";"Sem vítima";"182,300";"BR-116/SP";"Decrescente";"Colisão traseira";2;0;0;0;0;0;0;0;0;0;0;0;0;0;0
"12/10/2025";"06:26:00";"90";"Sem vítima";"211,000";"BR-116/SP";"Crescente";"Colisão lateral em sentido contrário";0;0;0;1;0;0;0;0;0;0;0;0;0;0;0
"12/10/2025";"06:39:00";"99";"Com vítima";"462,000";"BR-101/RJ";"Crescente";"Acidentes de outra natureza";1;0;0;0;0;0;0;0;0;0;0;0;1;0;0
"12/10/2025";"06:41:00";"100";"Com vítima";"157,850";"BR-116/SP";"Crescente";"Acidentes de outra natureza";0;0;0;1;0;0;0;0;0;0;0;0;1;0;0
"12/10/2025";"07:03:00";"109";"Com vítima";"49,500";"BR-116/SP";"Crescente";"Acidentes de outra natureza";0;0;0;1;0;0;0;0;0;0;0;2;0;0;0
"12/10/2025";"07:59:00";"126";"Sem vítima";"72,000";"BR-116/SP";"Decrescente";"Colisão traseira";1;0;0;0;0;0;0;0;0;0;2;0;0;0;0
"12/10/2025";"09:03:00";"162";"Sem vítima";"75,800";"BR-116/SP";"Decrescente";"Colisão traseira";0;0;0;0;0;0;0;0;0;0;0;0;0;0;0
"12/10/2025";"09:11:00";"165";"Sem vítima";"96,000";"BR-116/SP";"Crescente";"Engavetamento";2;0;0;0;0;0;0;0;0;1;9;0;0;0;0
"12/10/2025";"12:05:00";"254";"Sem vítima";"227,800";"BR-116/RJ";"Crescente";"Choque";0;0;0;0;0;0;0;1;0;0;1;0;0;0;0
"12/10/2025";"13:43:00";"303";"Sem vítima";"487,400";"BR-101/RJ";"Crescente";"Engavetamento";1;0;0;0;0;0;0;0;0;0;3;0;0;0;0