data;horario;n_da_ocorrencia;tipo_de_ocorrencia;km;trecho;sentido;tipo_de_acidente;automovel;bicicleta;caminhao;moto;onibus;outros;tracao_animal;transporte_de_cargas_especiais;trator_maquinas;utilitarios;ilesos;levemente_feridos;moderadamente_feridos;gravemente_feridos;mortos
"12/10/2025";"13:55:00";"307";"Com vítima";"92,100";"BR-116/SP";"Crescente";"Colisão traseira";1;0;0;1;0;0;0;0;0;0;3;1;0;0;0
"12/10/2025";"14:38:00";"327";"Sem vítima";"73,000";"BR-116/SP";"Crescente";"Engavetamento";1;0;0;0;1;0;0;0;0;1;0;0;0;0;0
"12/10/2025";"15:27:00";"354";"Com vítima";"299,000";"BR-116/RJ";"Decrescente";"Colisão lateral em sentido contrário";1;0;0;1;0;0;0;0;0;0;3;1;0;0;0
"12/10/2025";"15:38:00";"359";"Sem vítima";"105,800";"BR-116/SP";"Decrescente";"Colisão traseira";2;0;0;0;0;0;0;0;0;0;4;0;0;0;0
"12/10/2025";"17:45:00";"421";"Sem vítima";"47,800";"BR-101/SP";"Decrescente";"Colisão lateral em sentido contrário";1;0;0;0;0;0;0;0;0;0;0;0;0;0;0
"12/10/2025";"18:17:00";"441";"Com vítima";"54,000";"BR-116/SP";"Decrescente";"Choque";1;0;0;0;0;0;0;0;0;0;0;1;0;0;0
"12/10/2025";"18:29:00";"447";"Sem vítima";"251,700";"BR-116/RJ";"Crescente";"Engavetamento";2;0;0;0;0;0;0;0;0;0;2;0;0;0;0
"12/10/2025";"21:55:00";"523";"Com vítima";"15,700";"BR-101/SP";"Decrescente";"Acidentes de outra natureza";0;0;0;1;0;0;0;0;0;0;0;1;1;0;0
"13/10/2025";"00:00:00";"187";"Com vítima";"138,800";"BR-116/SP";"Crescente";"Colisão lateral em sentido contrário";1;0;0;1;0;0;0;0;0;0;0;0;1;0;0
"13/10/2025";"06:56:00";"119";"Com vítima";"452,000";"BR-101/RJ";"Crescente";"Choque";1;0;0;0;0;0;0;0;0;0;0;1;0;0;0
"13/10/2025";"07:27:00";"148";"Sem vítima";"219,800";"BR-116/SP";"Decrescente";"Colisão traseira";2;0;0;0;0;0;0;0;0;0;0;0;0;0;0
"13/10/2025";"07:59:00";"185";"Sem vítima";"139,000";"BR-116/SP";"Crescente";"Colisão lateral em sentido contrário";1;0;0;0;0;0;0;1;0;0;2;0;0;0;0
"13/10/2025";"08:00:00";"186";"Com vítima";"491,000";"BR-101/RJ";"Crescente";"Acidentes de outra natureza";0;0;0;1;0;0;0;0;0;0;0;0;1;0;0
"13/10/2025";"08:18:00";"203";"Sem vítima";"97,200";"BR-116/SP";"Decrescente";"Engavetamento";1;0;1;0;0;0;0;1;0;0;3;0;0;0;0
"13/10/2025";"08:19:00";"204";"Sem vítima";"144,000";"BR-116/SP";"Decrescente";"Colisão traseira";2;0;0;0;0;0;0;0;0;0;0;0;0;0;0
"13/10/2025";"10:08:00";"288";"Com vítima";"235,000";"BR-116/RJ";"Decrescente";"Tombamento";0;0;1;0;0;0;0;0;0;0;0;1;0;0;0
"13/10/2025";"11:51:00";"365";"Sem vítima";"76,000";"BR-116/SP";"Crescente";"Colisão traseira";1;0;0;0;0;0;0;1;0;0;2;0;0;0;0
"13/10/2025";"13:08:00";"417";"Com vítima";"385,000";"BR-101/RJ";"Decrescente";"Colisão lateral em sentido contrário";2;0;0;0;0;0;0;0;0;0;3;3;0;0;0
"13/10/2025";"13:20:00";"426";"Com vítima";"229,000";"BR-116/SP";"Crescente";"Colisão traseira";1;0;0;0;0;0;0;1;0;0;1;1;0;0;0
"13/10/2025";"13:33:00";"436";"Sem vítima";"474,000";"BR-101/RJ";"Decrescente";"Colisão lateral em sentido contrário";1;0;0;1;0;0;0;0;0;0;2;0;0;0;0
"13/10/2025";"16:01:00";"505";"Sem vítima";"268,267";"BR-116/RJ";"Decrescente";"Colisão lateral em sentido contrário";1;0;0;0;0;0;0;0;0;0;1;0;0;0;0
"13/10/2025";"16:10:00";"510";"Com vítima";"70,600";"BR-116/SP";"Decrescente";"Choque";0;0;0;1;0;0;0;0;0;0;0;0;0;0;2
"13/10/2025";"16:51:00";"524";"Com vítima";"461,000";"BR-101/RJ";"Crescente";"Acidentes de outra natureza";0;0;0;1;0;0;0;0;0;0;1;0;1;0;0
"13/10/2025";"17:03:00";"530";"Sem vítima";"102,700";"BR-116/SP";"Crescente";"Colisão traseira";2;0;0;0;0;0;0;0;0;0;8;0;0;0;0
"13/10/2025";"17:36:00";"542";"Com vítima";"477,000";"BR-101/RJ";"Crescente";"Colisão lateral em sentido contrário";1;0;0;1;0;0;0;0;0;0;1;0;1;0;0
"13/10/2025";"19:49:00";"599";"Com vítima";"324,500";"BR-116/RJ";"Decrescente";"Choque";1;0;0;0;0;0;0;0;0;0;0;2;2;0;0
"13/10/2025";"20:08:00";"606";"Com vítima";"158,000";"BR-116/SP";"Decrescente";"Colisão lateral em sentido contrário";1;0;0;1;0;0;0;0;0;0;2;0;1;0;0
"13/10/2025";"20:41:00";"617";"Com vítima";"323,000";"BR-116/RJ";"Crescente";"Choque";1;0;0;0;0;0;0;0;0;0;0;4;0;0;0
"13/10/2025";"21:23:00";"633";"Sem vítima";"66,000";"BR-116/SP";"Crescente";"Colisão traseira";1;0;0;0;0;0;0;0;0;0;2;0;0;0;0
"13/10/2025";"23:03:00";"652";"Sem vítima";"147,700";"BR-116/SP";"Crescente";"Choque";1;0;0;0;0;0;0;0;0;0;1;0;0;0;0
"14/10/2025";"00:10:00";"3";"Sem vítima";"223,000";"BR-116/SP";"Decrescente";"Engavetamento";4;0;0;0;0;0;0;0;0;0;8;0;0;0;0
"14/10/2025";"02:33:00";"31";"Com vítima";"503,700";"BR-101/RJ";"Decrescente";"Choque";1;0;0;0;0;0;0;0;0;0;0;1;0;0;0
"14/10/2025";"06:01:00";"80";"Com vítima";"229,800";"BR-116/RJ";"Decrescente";"Colisão traseira";0;0;1;0;0;0;0;1;0;0;0;1;0;0;0
"14/10/2025";"06:23:00";"94";"Com vítima";"228,000";"BR-116/SP";"Crescente";"Colisão lateral em sentido contrário";0;0;1;1;0;0;0;0;0;0;1;1;0;0;0
"14/10/2025";"06:32:00";"106";"Com vítima";"222,000";"BR-116/SP";"Crescente";"Colisão traseira";1;0;0;1;0;0;0;0;0;0;1;1;0;0;0
"14/10/2025";"06:55:00";"129";"Com vítima";"224,000";"BR-116/SP";"Crescente";"Colisão traseira";0;0;0;1;0;0;0;0;0;0;1;1;0;0;0
"14/10/2025";"07:00:00";"135";"Sem vítima";"222,000";"BR-116/SP";"Crescente";"Colisão lateral em sentido contrário";1;0;1;0;0;0;0;0;0;0;0;0;0;0;0
"14/10/2025";"07:52:00";"179";"Com vítima";"223,000";"BR-116/SP";"Crescente";"Colisão traseira";0;0;0;1;0;0;0;0;0;0;0;1;0;0;0
"14/10/2025";"07:58:00";"186";"Sem vítima";"230,000";"BR-116/RJ";"Crescente";"Colisão traseira";0;0;2;0;0;0;0;0;0;0;2;0;0;0;0
"14/10/2025";"11:19:00";"336";"Sem vítima";"93,800";"BR-116/SP";"Decrescente";"Colisão traseira";1;0;0;0;0;0;0;0;0;0;1;0;0;0;0
"14/10/2025";"12:54:00";"387";"Com vítima";"39,000";"BR-116/SP";"Crescente";"Acidentes de outra natureza";2;0;0;1;0;0;0;0;0;0;0;2;0;1;0
"14/10/2025";"13:07:00";"395";"Com vítima";"429,800";"BR-101/RJ";"Decrescente";"Choque";1;0;0;0;0;0;0;0;0;0;2;1;0;0;0
"14/10/2025";"13:25:00";"403";"Com vítima";"86,000";"BR-116/SP";"Crescente";"Colisão lateral em sentido contrário";1;0;0;0;0;0;0;1;0;0;1;1;0;0;0
"14/10/2025";"13:37:00";"406";"Com vítima";"549,000";"BR-101/RJ";"Crescente";"Acidentes de outra natureza";0;0;0;1;0;0;0;0;0;0;0;2;0;0;0
"14/10/2025";"13:48:00";"414";"Sem vítima";"284,500";"BR-116/RJ";"Crescente";"Colisão lateral em sentido contrário";1;0;0;0;0;0;0;1;0;0;1;0;0;0;0
"14/10/2025";"13:51:00";"415";"Sem vítima";"230,700";"BR-116/SP";"Decrescente";"Colisão lateral em sentido contrário";1;0;0;0;0;0;0;1;0;0;2;0;0;0;0
"14/10/2025";"15:05:00";"449";"Sem vítima";"308,000";"BR-116/RJ";"Decrescente";"Engavetamento";2;0;1;0;0;0;0;0;0;0;4;0;0;0;0
"14/10/2025";"16:04:00";"482";"Com vítima";"227,000";"BR-116/SP";"Crescente";"Acidentes de outra natureza";0;0;0;1;0;0;0;0;0;0;0;1;0;0;0
"14/10/2025";"16:48:00";"495";"Sem vítima";"465,000";"BR-101/RJ";"Decrescente";"Colisão lateral em sentido contrário";1;0;1;0;0;0;0;0;0;0;2;0;0;0;0
"14/10/2025";"18:51:00";"544";"Com vítima";"222,000";"BR-116/SP";"Decrescente";"Colisão traseira";2;0;0;0;0;0;0;0;0;0;3;1;0;0;0
"14/10/2025";"19:25:00";"558";"Com vítima";"417,000";"BR-101/RJ";"Crescente";"Choque";1;0;0;0;0;0;0;0;0;0;0;1;0;0;0
"14/10/2025";"19:39:00";"563";"Com vítima";"407,000";"BR-101/RJ";"Crescente";"Choque";1;0;0;0;0;0;0;0;0;0;0;1;0;0;0
"14/10/2025";"22:46:00";"624";"Com vítima";"88,700";"BR-116/SP";"Decrescente";"Atropelamento de pedestre";0;0;0;0;0;0;0;0;0;0;0;0;0;0;1
"15/10/2025";"00:18:00";"2";"Com vítima";"72,500";"BR-116/SP";"Decrescente";"Colisão traseira";0;0;1;0;0;0;0;0;0;0;0;1;0;0;0
"15/10/2025";"01:06:00";"9";"Com vítima";"232,300";"BR-116/RJ";"Decrescente";"Choque";1;0;0;0;0;0;0;0;0;0;1;0;1;0;0
"15/10/2025";"01:36:00";"13";"Com vítima";"165,200";"BR-116/SP";"Crescente";"Choque";0;0;1;0;0;0;0;0;0;0;0;1;0;0;0
"15/10/2025";"04:52:00";"43";"Sem vítima";"330,500";"BR-116/RJ";"Crescente";"Atropelamento de pedestre";0;0;1;0;0;0;0;0;0;0;1;0;0;0;0
"15/10/2025";"08:12:00";"174";"Com vítima";"229,000";"BR-116/SP";"Crescente";"Colisão traseira";0;0;0;2;0;0;0;0;0;0;2;1;0;0;0
"15/10/2025";"09:19:00";"230";"Sem vítima";"485,000";"BR-101/RJ";"Decrescente";"Colisão traseira";2;0;0;0;0;0;0;0;0;0;2;0;0;0;0
"15/10/2025";"10:18:00";"268";"Sem vítima";"100,000";"BR-116/SP";"Crescente";"Engavetamento";2;0;0;0;0;0;0;0;0;0;0;0;0;0;0
"15/10/2025";"12:21:00";"345";"Sem vítima";"139,400";"BR-116/SP";"Decrescente";"Choque";1;0;0;0;0;0;0;0;0;0;0;0;0;0;0
"15/10/2025";"13:30:00";"373";"Sem vítima";"189,000";"BR-116/SP";"Crescente";"Colisão lateral em sentido contrário";0;0;0;0;0;0;0;1;0;1;2;0;0;0;0
"15/10/2025";"13:36:00";"379";"Sem vítima";"476,000";"BR-101/RJ";"Crescente";"Choque";1;0;0;0;0;0;0;0;0;0;2;0;0;0;0
"15/10/2025";"14:14:00";"399";"Sem vítima";"228,600";"BR-116/RJ";"Decrescente";"Tombamento";0;0;0;0;0;0;0;1;0;0;1;0;0;0;0
"15/10/2025";"16:50:00";"461";"Com vítima";"227,300";"BR-116/SP";"Decrescente";"Colisão traseira";1;0;0;1;0;0;0;0;0;0;1;0;0;0;1
"15/10/2025";"16:54:00";"463";"Sem vítima";"215,000";"BR-116/SP";"Decrescente";"Colisão traseira";2;0;0;0;0;0;0;0;0;0;4;0;0;0;0
"15/10/2025";"17:07:00";"469";"Sem vítima";"143,000";"BR-116/SP";"Decrescente";"Colisão lateral em sentido contrário";1;0;0;1;0;0;0;0;0;0;2;0;0;0;0
"15/10/2025";"18:37:00";"505";"Sem vítima";"129,500";"BR-116/SP";"Decrescente";"Colisão traseira";2;0;0;0;0;0;0;0;0;0;2;0;0;0;0
"15/10/2025";"19:50:00";"545";"Com vítima";"60,000";"BR-116/SP";"Crescente";"Acidentes de outra natureza";1;0;0;1;0;0;0;0;0;0;0;0;1;0;0
"15/10/2025";"20:09:00";"554";"Sem vítima";"253,200";"BR-116/RJ";"Decrescente";"Colisão traseira";0;0;2;0;0;0;0;0;0;0;2;0;0;0;0
"15/10/2025";"20:55:00";"574";"Com vítima";"413,000";"BR-101/RJ";"Decrescente";"Choque";1;0;0;0;0;0;0;0;0;0;0;0;0;1;0
"15/10/2025";"22:39:00";"604";"Sem vítima";"334,000";"BR-116/RJ";"Crescente";"Tombamento";0;0;1;0;0;0;0;0;0;0;1;0;0;0;0
"15/10/2025";"23:04:00";"608";"Com vítima";"149,000";"BR-116/SP";"Decrescente";"Acidentes de outra natureza";0;0;0;1;0;0;0;0;0;0;0;1;0;0;0
"16/10/2025";"00:16:00";"2";"Sem vítima";"226,000";"BR-116/SP";"Decrescente";"Colisão lateral em sentido contrário";2;0;0;0;0;0;0;0;0;0;2;0;0;0;0
"16/10/2025";"06:21:00";"78";"Sem vítima";"254,300";"BR-116/RJ";"Crescente";"Choque";0;0;1;0;0;0;0;0;0;0;1;0;0;0;0
"16/10/2025";"07:46:00";"162";"Sem vítima";"453,000";"BR-101/RJ";"Decrescente";"Colisão lateral em sentido contrário";2;0;0;0;0;0;0;0;0;0;4;0;0;0;0
"16/10/2025";"08:08:00";"187";"Com vítima";"478,000";"BR-101/RJ";"Crescente";"Choque";0;0;0;1;0;0;0;0;0;0;0;0;0;0;1
"16/10/2025";"08:41:00";"214";"Sem vítima";"146,000";"BR-116/SP";"Crescente";"Colisão traseira";1;0;0;0;0;0;0;1;0;0;1;0;0;0;0
"16/10/2025";"09:03:00";"293";"Com vítima";"227,500";"BR-116/SP";"Crescente";"Colisão traseira";0;0;1;1;0;0;0;0;0;0;0;1;0;0;0
"16/10/2025";"10:22:00";"290";"Sem vítima";"121,300";"BR-116/SP";"Crescente";"Choque";0;0;0;0;0;1;0;0;0;1;1;0;0;0;0
"16/10/2025";"11:10:00";"325";"Sem vítima";"59,200";"BR-116/SP";"Crescente";"Colisão traseira";2;0;0;0;0;0;0;0;0;0;2;0;0;0;0
"16/10/2025";"11:22:00";"331";"Sem vítima";"205,000";"BR-116/SP";"Decrescente";"Colisão traseira";1;0;0;0;0;0;0;0;0;1;0;0;0;0;0
"16/10/2025";"11:38:00";"341";"Com vítima";"165,500";"BR-116/SP";"Crescente";"Colisão traseira";1;0;0;1;0;0;0;0;0;0;0;0;1;0;0
"16/10/2025";"12:07:00";"360";"Com vítima";"50,000";"BR-101/SP";"Decrescente";"Atropelamento de pedestre";1;0;0;0;0;0;0;0;0;0;1;1;0;0;0
"16/10/2025";"13:51:00";"401";"Com vítima";"434,000";"BR-101/RJ";"Crescente";"Colisão traseira";1;0;0;1;0;0;0;0;0;0;1;1;0;0;0
"16/10/2025";"15:19:00";"453";"Sem vítima";"39,000";"BR-116/SP";"Decrescente";"Colisão lateral em sentido contrário";0;0;1;0;0;0;0;1;0;0;2;0;0;0;0
"16/10/2025";"15:34:00";"461";"Sem vítima";"146,900";"BR-116/SP";"Decrescente";"Colisão lateral em sentido contrário";0;0;1;0;0;0;0;1;0;0;0;0;0;0;0
"16/10/2025";"17:22:00";"523";"Com vítima";"502,000";"BR-101/RJ";"Crescente";"Colisão traseira";1;0;0;1;0;0;0;0;0;0;1;0;1;0;0
"16/10/2025";"18:16:00";"552";"Com vítima";"202,700";"BR-116/SP";"Decrescente";"Colisão traseira";1;0;0;1;0;0;0;0;0;0;0;1;0;0;0
"16/10/2025";"19:10:00";"569";"Com vítima";"205,100";"BR-116/SP";"Decrescente";"Colisão traseira";1;0;0;1;0;0;0;0;0;0;1;1;0;0;0
"16/10/2025";"19:21:00";"575";"Sem vítima";"205,100";"BR-116/SP";"Decrescente";"Colisão lateral em sentido contrário";1;0;1;0;0;0;0;0;0;0;0;0;0;0;0
"16/10/2025";"19:52:00";"591";"Com vítima";"50,300";"BR-101/SP";"Decrescente";"Atropelamento de pedestre";0;1;0;1;0;0;0;0;0;0;0;1;0;0;0
"16/10/2025";"20:34:00";"604";"Sem vítima";"383,000";"BR-101/RJ";"Crescente";"Engavetamento";3;0;0;0;0;0;0;0;0;0;3;0;0;0;0
"16/10/2025";"20:53:00";"609";"Com vítima";"505,700";"BR-101/RJ";"Decrescente";"Colisão lateral em sentido contrário";1;0;0;1;0;0;0;0;0;0;2;0;1;0;0
"16/10/2025";"21:54:00";"642";"Sem vítima";"261,000";"BR-116/RJ";"Decrescente";"Atropelamento de pedestre";1;0;0;0;0;0;0;0;0;0;1;0;0;0;0
"16/10/2025";"22:33:00";"654";"Sem vítima";"462,000";"BR-101/RJ";"Decrescente";"Atropelamento de pedestre";1;0;0;0;0;0;0;0;0;0;1;0;0;0;0
"16/10/2025";"23:40:00";"671";"Com vítima";"488,700";"BR-101/RJ";"Crescente";"Atropelamento de pedestre";1;0;0;0;0;0;0;0;0;0;1;0;0;1;0
"17/10/2025";"00:10:00";"3";"Com vítima";"385,000";"BR-101/RJ";"Decrescente";"Colisão traseira";1;0;0;1;0;0;0;0;0;0;1;1;0;0;0
"17/10/2025";"02:28:00";"19";"Sem vítima";"65,000";"BR-116/SP";"Crescente";"Choque";0;0;1;0;0;0;0;0;0;0;1;0;0;0;0
"17/10/2025";"05:16:00";"46";"Sem vítima";"227,000";"BR-116/SP";"Decrescente";"Choque";1;0;0;0;0;0;0;0;0;0;2;0;0;0;0
"17/10/2025";"07:31:00";"150";"Com vítima";"145,000";"BR-116/SP";"Crescente";"Colisão traseira";1;0;0;1;0;0;0;0;0;0;0;2;0;0;0
"17/10/2025";"08:09:00";"179";"Sem vítima";"112,900";"BR-116/SP";"Decrescente";"Colisão traseira";1;0;1;0;0;0;0;0;0;0;2;0;0;0;0
"17/10/2025";"10:13:00";"256";"Com vítima";"139,000";"BR-116/SP";"Crescente";"Engavetamento";5;0;0;0;0;0;0;0;0;0;5;0;2;0;0
"17/10/2025";"10:35:00";"266";"Sem vítima";"140,000";"BR-116/SP";"Decrescente";"Colisão traseira";2;0;0;0;0;0;0;0;0;0;0;0;0;0;0
"17/10/2025";"11:30:00";"291";"Com vítima";"46,000";"BR-101/SP";"Decrescente";"Colisão traseira";1;0;0;1;0;0;0;0;0;0;1;0;1;0;0
"17/10/2025";"12:30:00";"310";"Com vítima";"169,000";"BR-116/SP";"Decrescente";"Colisão traseira";0;0;0;1;0;0;0;1;0;0;0;0;1;0;0
"17/10/2025";"12:45:00";"317";"Com vítima";"228,000";"BR-116/SP";"Crescente";"Colisão traseira";0;0;1;1;0;0;0;0;0;0;1;1;0;0;0
"17/10/2025";"15:14:00";"406";"Com vítima";"111,000";"BR-116/SP";"Decrescente";"Colisão lateral em sentido contrário";2;0;0;1;0;0;0;0;0;1;3;0;0;1;0
"17/10/2025";"15:40:00";"427";"Com vítima";"230,500";"BR-116/SP";"Decrescente";"Colisão traseira";0;0;1;1;0;0;0;0;0;0;0;0;1;0;0
"17/10/2025";"15:56:00";"437";"Com vítima";"137,000";"BR-116/SP";"Crescente";"Colisão traseira";2;0;0;1;0;0;0;0;0;0;2;1;0;0;0
"17/10/2025";"16:34:00";"457";"Com vítima";"432,800";"BR-101/RJ";"Decrescente";"Colisão traseira";1;0;0;0;0;0;0;0;0;0;0;1;0;0;0
"17/10/2025";"17:09:00";"476";"Sem vítima";"140,850";"BR-116/SP";"Crescente";"Colisão traseira";1;0;0;0;0;0;0;0;0;0;1;0;0;0;0
"17/10/2025";"18:15:00";"509";"Sem vítima";"204,100";"BR-116/SP";"Decrescente";"Colisão lateral em sentido contrário";1;0;1;0;0;0;0;0;0;0;2;0;0;0;0
"17/10/2025";"18:36:00";"525";"Sem vítima";"195,500";"BR-116/SP";"Decrescente";"Colisão frontal";2;0;0;0;0;0;0;0;0;0;0;0;0;0;0
"17/10/2025";"18:47:00";"530";"Com vítima";"415,000";"BR-101/RJ";"Crescente";"Acidentes de outra natureza";0;0;0;1;0;0;0;0;0;0;0;1;0;0;0
"17/10/2025";"18:52:00";"538";"Com vítima";"219,000";"BR-116/RJ";"Crescente";"Colisão lateral em sentido contrário";1;0;1;0;0;1;0;0;0;0;0;2;0;0;0
"17/10/2025";"19:20:00";"550";"Com vítima";"217,000";"BR-116/SP";"Crescente";"Capotamento";1;0;0;0;0;0;0;0;0;0;0;1;0;0;0
"17/10/2025";"20:44:00";"595";"Com vítima";"50,600";"BR-101/SP";"Decrescente";"Colisão frontal";1;0;0;1;0;0;0;0;0;0;0;2;0;0;0
"17/10/2025";"21:27:00";"616";"Com vítima";"51,700";"BR-101/SP";"Decrescente";"Colisão lateral em sentido contrário";1;0;0;1;0;0;0;0;0;0;1;0;1;0;0
"17/10/2025";"22:02:00";"631";"Com vítima";"104,550";"BR-116/SP";"Decrescente";"Atropelamento de pedestre";0;0;0;0;0;0;0;0;0;0;0;0;0;1;0
"18/10/2025";"01:06:00";"15";"Sem vítima";"51,000";"BR-116/SP";"Decrescente";"Choque";1;0;0;0;0;0;0;0;0;0;1;0;0;0;0
"18/10/2025";"03:46:00";"37";"Sem vítima";"197,500";"BR-116/SP";"Decrescente";"Choque";0;0;0;0;0;0;0;1;0;0;1;0;0;0;0
"18/10/2025";"03:56:00";"40";"Sem vítima";"223,500";"BR-116/SP";"Decrescente";"Colisão traseira";1;0;0;0;0;0;0;0;0;0;1;0;0;0;0
"18/10/2025";"04:23:00";"48";"Sem vítima";"255,000";"BR-116/RJ";"Crescente";"Colisão lateral em sentido contrário";1;0;1;0;0;0;0;0;0;0;1;0;0;0;0
"18/10/2025";"04:39:00";"55";"Sem vítima";"67,000";"BR-116/SP";"Decrescente";"Atropelamento de pedestre";2;0;0;0;0;0;0;0;0;0;6;0;0;0;0
"18/10/2025";"05:41:00";"71";"Sem vítima";"47,800";"BR-101/SP";"Decrescente";"Choque";1;0;0;0;0;0;0;0;0;0;1;0;0;0;0
"18/10/2025";"06:40:00";"92";"Com vítima";"109,000";"BR-116/SP";"Decrescente";"Acidentes de outra natureza";0;0;0;1;0;0;0;0;0;0;0;1;0;0;0
"18/10/2025";"07:39:00";"132";"Sem vítima";"115,900";"BR-116/SP";"Decrescente";"Colisão traseira";2;0;0;0;0;0;0;0;0;0;0;0;0;0;0
"18/10/2025";"08:11:00";"153";"Com vítima";"530,500";"BR-101/RJ";"Crescente";"Choque";1;0;0;0;0;0;0;0;0;0;0;3;0;0;0
"18/10/2025";"08:25:00";"160";"Com vítima";"483,000";"BR-101/RJ";"Decrescente";"Colisão traseira";0;0;0;1;0;0;0;0;0;0;0;1;0;0;0
"18/10/2025";"09:08:00";"184";"Com vítima";"240,620";"BR-116/RJ";"Crescente";"Choque";2;0;0;0;0;0;0;0;0;0;6;1;0;0;0
"18/10/2025";"09:10:00";"185";"Com vítima";"476,000";"BR-101/RJ";"Decrescente";"Acidentes de outra natureza";0;0;0;1;0;0;0;0;0;0;0;1;0;0;0
"18/10/2025";"09:22:00";"195";"Com vítima";"476,000";"BR-101/RJ";"Decrescente";"Acidentes de outra natureza";0;0;0;1;0;0;0;0;0;0;1;1;0;0;0
"18/10/2025";"09:27:00";"197";"Sem vítima";"105,200";"BR-116/SP";"Decrescente";"Colisão traseira";2;0;0;0;0;0;0;0;0;0;0;0;0;0;0
"18/10/2025";"09:48:00";"206";"Sem vítima";"34,900";"BR-116/SP";"Decrescente";"Engavetamento";0;0;0;0;0;0;0;1;0;0;5;0;0;0;0
"18/10/2025";"10:31:00";"222";"Sem vítima";"224,000";"BR-116/SP";"Crescente";"Engavetamento";3;0;0;0;0;0;0;0;0;0;3;0;0;0;0
"18/10/2025";"10:32:00";"223";"Com vítima";"159,000";"BR-116/SP";"Decrescente";"Colisão traseira";2;0;0;0;0;0;0;0;0;0;2;3;0;0;0
"18/10/2025";"11:18:00";"239";"Sem vítima";"455,000";"BR-101/RJ";"Crescente";"Colisão traseira";2;0;0;0;0;0;0;0;0;0;2;0;0;0;0
"18/10/2025";"11:50:00";"251";"Sem vítima";"271,000";"BR-116/RJ";"Decrescente";"Colisão traseira";0;0;2;0;0;0;0;0;0;0;2;0;0;0;0
"18/10/2025";"12:20:00";"262";"Sem vítima";"76,700";"BR-116/SP";"Decrescente";"Engavetamento";2;0;0;0;0;0;0;0;0;0;0;0;0;0;0
"18/10/2025";"15:21:00";"341";"Sem vítima";"415,800";"BR-101/RJ";"Decrescente";"Acidentes de outra natureza";0;0;0;1;0;0;0;0;0;0;2;0;0;0;0
"18/10/2025";"16:11:00";"363";"Com vítima";"520,800";"BR-101/RJ";"Decrescente";"Acidentes de outra natureza";0;0;0;1;0;0;0;0;0;0;0;0;2;0;0
"18/10/2025";"17:11:00";"385";"Com vítima";"43,000";"BR-116/SP";"Crescente";"Colisão traseira";1;0;1;0;0;0;0;0;0;0;0;0;1;0;0
"18/10/2025";"17:48:00";"398";"Com vítima";"45,000";"BR-116/SP";"Decrescente";"Colisão traseira";1;0;0;0;0;0;0;0;0;0;0;0;1;0;0
"18/10/2025";"19:06:00";"423";"Com vítima";"482,000";"BR-101/RJ";"Crescente";"Colisão lateral em sentido contrário";2;0;0;0;0;0;0;0;0;0;0;4;0;0;0
"18/10/2025";"19:22:00";"429";"Com vítima";"275,800";"BR-116/RJ";"Decrescente";"Colisão traseira";1;0;1;0;0;0;0;0;0;0;2;4;0;0;0
"18/10/2025";"19:50:00";"438";"Sem vítima";"275,800";"BR-116/RJ";"Decrescente";"Colisão traseira";1;0;0;0;0;0;0;0;0;1;6;0;0;0;0
"18/10/2025";"21:24:00";"476";"Com vítima";"257,900";"BR-116/RJ";"Decrescente";"Capotamento";1;0;0;0;0;0;0;0;0;0;0;1;1;0;0
"18/10/2025";"22:16:00";"491";"Sem vítima";"479,800";"BR-101/RJ";"Decrescente";"Choque";1;0;0;0;0;0;0;0;0;0;0;0;0;0;0
"18/10/2025";"22:38:00";"501";"Com vítima";"235,000";"BR-116/RJ";"Decrescente";"Acidentes de outra natureza";0;0;0;1;0;0;0;0;0;0;0;2;0;0;0
"18/10/2025";"22:43:00";"502";"Sem vítima";"495,800";"BR-101/RJ";"Decrescente";"Choque";1;0;0;0;0;0;0;0;0;0;1;0;0;0;0
"18/10/2025";"23:25:00";"515";"Com vítima";"51,800";"BR-101/SP";"Decrescente";"Colisão lateral em sentido contrário";1;0;0;1;0;0;0;0;0;0;5;0;2;0;0
"19/10/2025";"01:20:00";"17";"Com vítima";"36,700";"BR-116/SP";"Decrescente";"Colisão traseira";1;0;0;0;1;0;0;0;0;0;0;1;0;1;0
"19/10/2025";"04:46:00";"54";"Sem vítima";"278,800";"BR-116/RJ";"Decrescente";"Atropelamento de pedestre";1;0;0;0;0;0;0;0;0;0;1;0;0;0;0
"19/10/2025";"05:44:00";"65";"Sem vítima";"586,000";"BR-101/RJ";"Decrescente";"Choque";1;0;0;0;0;0;0;0;0;0;1;0;0;0;0
"19/10/2025";"07:50:00";"106";"Com vítima";"172,000";"BR-116/SP";"Decrescente";"Colisão traseira";0;0;0;2;0;0;0;0;0;0;3;1;0;0;0
"19/10/2025";"09:49:00";"143";"Com vítima";"542,000";"BR-101/RJ";"Decrescente";"Colisão frontal";2;0;0;0;0;0;0;0;0;0;1;3;0;0;0