data;horario;n_da_ocorrencia;tipo_de_ocorrencia;km;trecho;sentido;tipo_de_acidente;automovel;bicicleta;caminhao;moto;onibus;outros;tracao_animal;transporte_de_cargas_especiais;trator_maquinas;utilitarios;ilesos;levemente_feridos;moderadamente_feridos;gravemente_feridos;mortos
"19/10/2025";"09:59:00";"148";"Sem vítima";"402,000";"BR-101/RJ";"Crescente";"Choque";1;0;0;0;0;0;0;0;0;0;1;0;0;0;0
"19/10/2025";"13:29:00";"222";"Sem vítima";"99,000";"BR-116/SP";"Crescente";"Colisão traseira";1;0;0;0;0;0;0;0;0;0;0;0;0;0;0
"19/10/2025";"13:45:00";"233";"Com vítima";"93,000";"BR-116/SP";"Crescente";"Capotamento";1;0;0;0;0;0;0;0;0;0;0;1;0;0;0
"19/10/2025";"14:01:00";"238";"Sem vítima";"222,200";"BR-116/SP";"Decrescente";"Colisão traseira";2;0;0;0;0;0;0;0;0;0;0;0;0;0;0
"19/10/2025";"15:48:00";"277";"Sem vítima";"224,000";"BR-116/SP";"Crescente";"Engavetamento";2;0;0;0;0;0;0;0;0;0;4;0;0;0;0
"19/10/2025";"16:01:00";"290";"Com vítima";"97,800";"BR-116/SP";"Crescente";"Engavetamento";2;0;0;0;1;0;0;0;0;0;1;0;1;0;0
"19/10/2025";"16:17:00";"294";"Com vítima";"408,000";"BR-101/RJ";"Crescente";"Acidentes de outra natureza";0;0;0;1;0;0;0;0;0;0;0;1;0;0;0
"19/10/2025";"17:29:00";"326";"Sem vítima";"212,000";"BR-116/SP";"Crescente";"Engavetamento";2;0;0;0;1;0;0;0;0;0;0;0;0;0;0
"19/10/2025";"17:36:00";"332";"Sem vítima";"211,500";"BR-116/SP";"Crescente";"Colisão traseira";2;0;0;0;0;0;0;0;0;0;0;0;0;0;0
"19/10/2025";"17:51:00";"338";"Sem vítima";"297,000";"BR-116/RJ";"Crescente";"Choque";1;0;0;0;0;0;0;0;0;0;1;0;0;0;0
"19/10/2025";"18:15:00";"341";"Sem vítima";"323,000";"BR-116/RJ";"Crescente";"Engavetamento";4;0;0;0;0;0;0;0;0;0;4;0;0;0;0
"19/10/2025";"18:48:00";"359";"Com vítima";"319,000";"BR-116/RJ";"Decrescente";"Colisão traseira";2;0;0;0;0;0;0;0;0;0;2;2;0;0;0
"19/10/2025";"19:20:00";"373";"Sem vítima";"476,000";"BR-101/RJ";"Decrescente";"Choque";1;0;0;0;0;0;0;0;0;0;1;0;0;0;0
"19/10/2025";"22:35:00";"450";"Com vítima";"34,000";"BR-116/SP";"Decrescente";"Choque";1;0;0;0;0;0;0;0;0;0;0;2;0;0;0
"19/10/2025";"23:16:00";"459";"Sem vítima";"226,000";"BR-116/SP";"Decrescente";"Acidentes de outra natureza";0;0;0;1;0;0;0;0;0;0;0;0;0;0;0
"20/10/2025";"00:00:00";"1";"Com vítima";"166,350";"BR-116/SP";"Crescente";"Choque";1;0;0;0;0;0;0;0;0;0;0;1;0;0;0
"20/10/2025";"00:00:00";"567";"Com vítima";"215,000";"BR-116/SP";"Decrescente";"Colisão traseira";0;0;0;1;0;0;0;0;0;0;0;1;0;0;0
"20/10/2025";"00:25:00";"7";"Com vítima";"389,000";"BR-101/RJ";"Crescente";"Atropelamento de pedestre";0;0;0;1;0;0;0;0;0;0;0;0;1;0;0
"20/10/2025";"00:29:00";"8";"Sem vítima";"426,900";"BR-101/RJ";"Crescente";"Choque";1;0;0;0;0;0;0;0;0;0;1;0;0;0;0
"20/10/2025";"01:21:00";"14";"Sem vítima";"181,500";"BR-116/SP";"Crescente";"Atropelamento de pedestre";0;0;1;0;0;0;0;0;0;0;0;0;0;0;0
"20/10/2025";"01:48:00";"17";"Sem vítima";"86,000";"BR-116/SP";"Decrescente";"Colisão lateral em sentido contrário";0;0;2;0;0;0;0;0;0;0;2;0;0;0;0
"20/10/2025";"05:53:00";"54";"Com vítima";"53,000";"BR-116/SP";"Decrescente";"Colisão lateral em sentido contrário";1;0;1;0;0;0;0;0;0;0;0;1;0;0;0
"20/10/2025";"06:07:00";"58";"Sem vítima";"166,000";"BR-116/SP";"Crescente";"Colisão lateral em sentido contrário";1;0;1;0;0;0;0;0;0;0;3;0;0;0;0
"20/10/2025";"07:42:00";"128";"Com vítima";"586,000";"BR-101/RJ";"Crescente";"Colisão traseira";1;0;1;0;0;0;0;0;0;0;3;0;1;0;0
"20/10/2025";"07:48:00";"132";"Sem vítima";"228,000";"BR-116/SP";"Crescente";"Engavetamento";2;0;0;0;0;0;0;0;0;0;2;0;0;0;0
"20/10/2025";"08:00:00";"146";"Sem vítima";"143,500";"BR-116/SP";"Decrescente";"Engavetamento";3;0;0;0;0;0;0;0;0;0;4;0;0;0;0
"20/10/2025";"08:17:00";"155";"Com vítima";"213,000";"BR-116/SP";"Decrescente";"Colisão lateral em sentido contrário";1;0;0;1;0;0;0;0;0;0;1;2;0;0;0
"20/10/2025";"09:09:00";"196";"Sem vítima";"514,000";"BR-101/RJ";"Decrescente";"Choque";1;0;0;0;0;0;0;0;0;0;1;0;0;0;0
"20/10/2025";"13:28:00";"355";"Com vítima";"400,000";"BR-101/RJ";"Decrescente";"Capotamento";1;0;0;0;0;0;0;0;0;0;0;0;1;0;0
"20/10/2025";"15:51:00";"439";"Sem vítima";"217,800";"BR-116/RJ";"Decrescente";"Colisão lateral em sentido contrário";1;0;0;0;0;0;0;1;0;0;2;0;0;0;0
"20/10/2025";"16:03:00";"444";"Com vítima";"214,000";"BR-116/SP";"Decrescente";"Atropelamento de pedestre";0;1;0;1;0;0;0;0;0;0;0;1;0;0;0
"20/10/2025";"16:10:00";"448";"Sem vítima";"556,900";"BR-101/RJ";"Crescente";"Acidentes de outra natureza";1;0;0;0;0;0;0;0;0;0;1;0;0;0;0
"20/10/2025";"16:53:00";"472";"Com vítima";"145,600";"BR-116/SP";"Crescente";"Acidentes de outra natureza";0;0;0;1;0;0;0;0;0;0;0;0;1;0;0
"20/10/2025";"21:17:00";"606";"Com vítima";"484,000";"BR-101/RJ";"Crescente";"Colisão lateral em sentido contrário";1;0;0;1;0;0;0;0;0;0;2;1;0;1;0
"20/10/2025";"21:47:00";"622";"Sem vítima";"37,300";"BR-116/SP";"Crescente";"Capotamento";1;0;0;0;0;0;0;0;0;0;0;0;0;0;0
"20/10/2025";"22:32:00";"629";"Com vítima";"189,800";"BR-116/SP";"Crescente";"Colisão lateral em sentido contrário";1;0;1;1;0;0;0;0;0;0;3;2;0;0;0
"20/10/2025";"22:54:00";"634";"Com vítima";"161,650";"BR-116/SP";"Decrescente";"Engavetamento";0;0;2;0;1;0;0;1;0;0;3;0;1;0;0
"21/10/2025";"03:51:00";"30";"Com vítima";"260,400";"BR-116/RJ";"Decrescente";"Colisão traseira";0;0;1;0;0;0;0;1;0;0;2;1;0;0;0
"21/10/2025";"04:42:00";"40";"Sem vítima";"225,950";"BR-116/RJ";"Decrescente";"Choque";1;0;0;0;0;0;0;0;0;0;0;0;0;0;0
"21/10/2025";"07:26:00";"118";"Sem vítima";"286,700";"BR-116/RJ";"Crescente";"Engavetamento";3;0;0;0;0;0;0;0;0;1;4;0;0;0;0
"21/10/2025";"08:17:00";"155";"Com vítima";"399,000";"BR-101/RJ";"Crescente";"Engavetamento";2;0;1;0;0;0;0;0;0;0;4;1;0;0;0
"21/10/2025";"09:13:00";"193";"Com vítima";"227,500";"BR-116/SP";"Crescente";"Colisão traseira";1;0;0;0;0;0;0;0;0;0;0;1;0;0;0
"21/10/2025";"10:23:00";"251";"Com vítima";"80,500";"BR-116/SP";"Crescente";"Acidentes de outra natureza";0;0;1;0;0;0;0;0;0;0;1;1;0;0;0
"21/10/2025";"10:37:00";"206";"Sem vítima";"91,000";"BR-116/SP";"Crescente";"Colisão traseira";1;0;1;0;0;0;0;0;0;0;2;0;0;0;0
"21/10/2025";"10:58:00";"267";"Sem vítima";"58,700";"BR-116/SP";"Decrescente";"Colisão traseira";0;0;2;0;0;0;0;0;0;0;2;0;0;0;0
"21/10/2025";"11:33:00";"280";"Com vítima";"447,000";"BR-101/RJ";"Decrescente";"Choque";1;0;0;0;0;0;0;0;0;0;1;1;0;0;0
"21/10/2025";"11:54:00";"291";"Sem vítima";"173,000";"BR-116/SP";"Decrescente";"Choque";1;0;0;0;0;0;0;0;0;0;0;0;0;0;0
"21/10/2025";"12:18:00";"304";"Sem vítima";"285,100";"BR-116/RJ";"Crescente";"Colisão traseira";0;0;0;2;0;0;0;0;0;0;2;0;0;0;0
"21/10/2025";"12:56:00";"329";"Com vítima";"395,000";"BR-101/RJ";"Decrescente";"Engavetamento";2;0;0;0;1;0;0;0;0;0;13;2;0;0;0
"21/10/2025";"13:52:00";"355";"Sem vítima";"269,000";"BR-116/RJ";"Crescente";"Colisão traseira";0;0;0;0;0;0;0;2;0;0;2;0;0;0;0
"21/10/2025";"15:58:00";"414";"Com vítima";"162,500";"BR-116/SP";"Decrescente";"Tombamento";0;0;0;0;0;0;0;1;0;0;0;3;0;0;0
"21/10/2025";"16:01:00";"419";"Sem vítima";"390,000";"BR-101/RJ";"Decrescente";"Choque";1;0;0;0;0;0;0;0;0;0;1;0;0;0;0
"21/10/2025";"16:50:00";"434";"Sem vítima";"228,600";"BR-116/RJ";"Crescente";"Colisão lateral em sentido contrário";1;0;0;0;0;0;0;0;0;0;1;0;0;0;0
"21/10/2025";"16:53:00";"435";"Com vítima";"392,000";"BR-101/RJ";"Decrescente";"Colisão traseira";1;0;0;1;0;0;0;0;0;0;1;1;0;0;0
"21/10/2025";"16:56:00";"437";"Com vítima";"228,000";"BR-116/RJ";"Decrescente";"Acidentes de outra natureza";0;0;0;1;0;0;0;0;0;0;0;0;0;1;0
"21/10/2025";"17:16:00";"439";"Sem vítima";"527,600";"BR-101/RJ";"Crescente";"Colisão transversal";2;0;0;0;0;0;0;0;0;0;0;0;0;0;0
"21/10/2025";"17:41:00";"449";"Sem vítima";"44,000";"BR-116/SP";"Decrescente";"Engavetamento";3;0;0;0;0;0;0;0;0;0;4;0;0;0;0
"21/10/2025";"19:09:00";"500";"Com vítima";"227,400";"BR-116/SP";"Decrescente";"Engavetamento";1;0;0;2;0;0;0;0;0;1;5;3;0;1;1
"21/10/2025";"20:56:00";"545";"Com vítima";"145,200";"BR-116/SP";"Decrescente";"Engavetamento";3;0;0;0;0;0;0;0;0;0;1;2;0;0;0
"22/10/2025";"00:00:00";"27";"Sem vítima";"282,300";"BR-116/RJ";"Decrescente";"Colisão lateral em sentido contrário";1;0;0;0;0;0;0;0;0;0;1;0;0;0;0
"22/10/2025";"00:23:00";"6";"Sem vítima";"223,700";"BR-116/SP";"Decrescente";"Colisão lateral em sentido contrário";1;0;1;0;0;0;0;0;0;0;1;0;0;0;0
"22/10/2025";"03:29:00";"28";"Sem vítima";"228,800";"BR-116/SP";"Crescente";"Colisão traseira";0;0;1;0;0;0;0;1;0;0;1;0;0;0;0
"22/10/2025";"03:50:00";"32";"Sem vítima";"432,500";"BR-101/RJ";"Decrescente";"Choque";1;0;0;0;0;0;0;0;0;0;0;0;0;0;0
"22/10/2025";"04:37:00";"38";"Sem vítima";"5,300";"BR-101/SP";"Decrescente";"Choque";1;0;0;0;0;0;0;0;0;0;3;0;0;0;0
"22/10/2025";"05:20:00";"54";"Sem vítima";"155,000";"BR-116/SP";"Crescente";"Choque";1;0;0;0;0;0;0;0;0;0;1;0;0;0;0
"22/10/2025";"07:36:00";"132";"Com vítima";"216,400";"BR-116/SP";"Decrescente";"Colisão traseira";1;0;0;1;0;0;0;0;0;0;1;1;0;0;0
"22/10/2025";"08:24:00";"170";"Com vítima";"107,000";"BR-116/SP";"Crescente";"Colisão lateral em sentido contrário";1;0;0;0;0;0;0;0;0;1;4;1;0;0;0
"22/10/2025";"09:29:00";"225";"Sem vítima";"228,000";"BR-116/SP";"Crescente";"Engavetamento";3;0;0;0;0;0;0;0;0;1;0;0;0;0;0
"22/10/2025";"09:42:00";"235";"Sem vítima";"388,000";"BR-101/RJ";"Crescente";"Choque";0;0;1;0;0;0;0;0;0;0;1;0;0;0;0
"22/10/2025";"09:42:00";"236";"Sem vítima";"145,500";"BR-116/SP";"Decrescente";"Colisão lateral em sentido contrário";1;0;1;0;0;0;0;0;0;0;0;0;0;0;0
"22/10/2025";"10:27:00";"268";"Com vítima";"102,000";"BR-116/SP";"Crescente";"Colisão lateral em sentido contrário";1;0;1;0;0;0;0;1;0;0;3;1;0;0;0
"22/10/2025";"10:36:00";"273";"Com vítima";"222,400";"BR-116/SP";"Crescente";"Colisão lateral em sentido contrário";2;0;1;0;0;0;0;0;0;0;3;2;0;0;0
"22/10/2025";"11:33:00";"305";"Com vítima";"217,600";"BR-116/SP";"Crescente";"Colisão traseira";1;0;0;1;0;0;0;0;0;0;0;0;1;0;0
"22/10/2025";"13:54:00";"358";"Sem vítima";"99,300";"BR-116/SP";"Crescente";"Colisão lateral em sentido contrário";1;0;1;0;0;0;0;0;0;0;2;0;0;0;0
"22/10/2025";"14:42:00";"378";"Com vítima";"85,000";"BR-116/SP";"Crescente";"Colisão traseira";0;0;0;1;0;0;0;0;0;0;0;1;0;0;0
"22/10/2025";"15:25:00";"402";"Com vítima";"296,000";"BR-116/RJ";"Decrescente";"Acidentes de outra natureza";0;0;0;1;0;0;0;0;0;0;0;0;1;0;0
"22/10/2025";"17:07:00";"447";"Sem vítima";"167,000";"BR-116/SP";"Crescente";"Acidentes de outra natureza";0;0;0;1;0;0;0;0;0;0;0;0;0;0;0
"22/10/2025";"17:19:00";"454";"Sem vítima";"218,500";"BR-116/SP";"Decrescente";"Engavetamento";2;0;0;0;0;0;0;0;0;0;2;0;0;0;0
"22/10/2025";"17:38:00";"461";"Sem vítima";"160,000";"BR-116/SP";"Decrescente";"Engavetamento";1;0;0;0;0;0;0;0;0;0;0;0;0;0;0
"22/10/2025";"17:45:00";"464";"Com vítima";"51,000";"BR-116/SP";"Decrescente";"Acidentes de outra natureza";0;0;0;2;0;0;0;0;0;0;0;2;0;0;0
"22/10/2025";"18:00:00";"469";"Com vítima";"153,300";"BR-116/SP";"Decrescente";"Colisão traseira";0;0;0;1;0;0;0;0;0;0;0;0;1;0;0
"22/10/2025";"18:40:00";"486";"Sem vítima";"93,850";"BR-116/SP";"Crescente";"Colisão lateral em sentido contrário";1;0;1;0;0;0;0;0;0;0;2;0;0;0;0
"22/10/2025";"18:55:00";"494";"Sem vítima";"19,000";"BR-116/SP";"Decrescente";"Colisão traseira";0;0;0;0;0;1;0;0;0;1;1;0;0;0;0
"22/10/2025";"19:53:00";"524";"Com vítima";"125,400";"BR-116/SP";"Decrescente";"Colisão traseira";0;0;0;0;0;0;0;0;0;2;1;1;0;0;0
"23/10/2025";"03:07:00";"21";"Sem vítima";"164,350";"BR-116/SP";"Decrescente";"Tombamento";0;0;1;0;0;0;0;0;0;0;1;0;0;0;0
"23/10/2025";"03:20:00";"25";"Sem vítima";"70,000";"BR-116/SP";"Decrescente";"Choque";0;0;0;0;0;0;0;3;0;0;3;0;0;0;0
"23/10/2025";"04:20:00";"37";"Com vítima";"224,900";"BR-116/RJ";"Crescente";"Engavetamento";0;0;1;0;0;0;0;2;0;0;2;0;0;0;1
"23/10/2025";"06:54:00";"100";"Com vítima";"159,000";"BR-116/SP";"Decrescente";"Acidentes de outra natureza";0;0;0;1;0;0;0;0;0;0;0;2;0;0;0
"23/10/2025";"07:42:00";"132";"Com vítima";"217,500";"BR-116/RJ";"Crescente";"Colisão traseira";1;0;0;1;0;0;0;0;0;0;0;0;1;0;0
"23/10/2025";"08:35:00";"166";"Com vítima";"224,000";"BR-116/SP";"Crescente";"Colisão lateral em sentido contrário";1;0;0;1;0;0;0;0;0;0;1;1;0;0;0
"23/10/2025";"08:53:00";"186";"Sem vítima";"226,500";"BR-116/RJ";"Decrescente";"Colisão traseira";0;0;2;0;0;0;0;0;0;0;2;0;0;0;0
"23/10/2025";"09:09:00";"196";"Sem vítima";"157,000";"BR-116/SP";"Crescente";"Capotamento";0;0;0;0;0;0;0;0;0;1;1;0;0;0;0
"23/10/2025";"09:27:00";"208";"Com vítima";"575,000";"BR-101/RJ";"Crescente";"Colisão lateral em sentido contrário";1;0;0;1;0;0;0;0;0;0;1;0;0;1;0
"23/10/2025";"10:30:00";"249";"Com vítima";"149,000";"BR-116/SP";"Crescente";"Colisão traseira";0;0;0;0;0;0;0;2;0;0;1;0;1;0;0
"23/10/2025";"11:32:00";"281";"Sem vítima";"230,000";"BR-116/SP";"Decrescente";"Colisão lateral em sentido contrário";1;0;0;0;0;0;0;1;0;0;0;0;0;0;0
"23/10/2025";"11:38:00";"285";"Sem vítima";"271,000";"BR-116/RJ";"Decrescente";"Choque";1;0;0;0;0;0;0;0;0;0;1;0;0;0;0
"23/10/2025";"13:48:00";"345";"Sem vítima";"284,000";"BR-116/RJ";"Crescente";"Engavetamento";3;0;1;0;0;0;0;0;0;0;0;0;0;0;0
"23/10/2025";"14:01:00";"359";"Com vítima";"259,000";"BR-116/RJ";"Decrescente";"Choque";1;0;0;0;0;0;0;0;0;0;0;1;0;0;0
"23/10/2025";"15:15:00";"399";"Com vítima";"7,000";"BR-101/SP";"Decrescente";"Acidentes de outra natureza";0;0;0;1;0;0;0;0;0;0;0;1;1;0;0
"23/10/2025";"15:24:00";"403";"Sem vítima";"286,000";"BR-116/RJ";"Crescente";"Colisão traseira";0;0;1;0;0;0;0;0;0;0;0;0;0;0;0
"23/10/2025";"16:16:00";"437";"Com vítima";"206,400";"BR-116/SP";"Decrescente";"Colisão traseira";1;0;1;0;0;0;0;0;0;0;3;1;0;0;0
"23/10/2025";"16:23:00";"446";"Sem vítima";"272,000";"BR-116/RJ";"Decrescente";"Choque";1;0;0;0;0;0;0;0;0;0;1;0;0;0;0
"23/10/2025";"16:54:00";"462";"Sem vítima";"73,400";"BR-116/SP";"Decrescente";"Engavetamento";3;0;0;0;0;0;0;0;0;0;0;0;0;0;0
"23/10/2025";"17:32:00";"482";"Sem vítima";"109,000";"BR-116/SP";"Decrescente";"Engavetamento";2;0;0;0;0;0;0;0;0;0;0;0;0;0;0
"23/10/2025";"17:45:00";"487";"Com vítima";"273,800";"BR-116/RJ";"Crescente";"Engavetamento";3;0;1;0;0;0;0;0;0;0;3;4;0;0;0
"23/10/2025";"18:05:00";"498";"Sem vítima";"208,000";"BR-116/SP";"Decrescente";"Colisão traseira";2;0;0;0;0;0;0;0;0;0;2;0;0;0;0
"23/10/2025";"21:21:00";"581";"Sem vítima";"265,900";"BR-116/RJ";"Decrescente";"Colisão lateral em sentido contrário";0;0;0;0;0;0;0;2;0;0;2;0;0;0;0
"23/10/2025";"22:17:00";"603";"Com vítima";"4,000";"BR-101/SP";"Decrescente";"Acidentes de outra natureza";0;0;0;1;0;0;0;0;0;0;0;0;0;1;0
"24/10/2025";"06:48:00";"125";"Com vítima";"215,000";"BR-116/SP";"Crescente";"Colisão lateral em sentido contrário";0;0;0;1;0;0;0;0;0;0;0;2;0;0;0
"24/10/2025";"07:16:00";"158";"Com vítima";"145,800";"BR-116/SP";"Decrescente";"Colisão traseira";1;0;0;1;0;0;0;0;0;0;2;1;1;0;0
"24/10/2025";"07:27:00";"171";"Com vítima";"225,000";"BR-116/SP";"Decrescente";"Colisão lateral em sentido contrário";0;0;0;1;0;0;0;0;0;0;0;1;0;0;0
"24/10/2025";"08:31:00";"218";"Sem vítima";"228,000";"BR-116/SP";"Crescente";"Colisão traseira";1;0;0;0;0;0;0;0;0;0;0;0;0;0;0
"24/10/2025";"09:01:00";"236";"Sem vítima";"229,000";"BR-116/RJ";"Decrescente";"Colisão traseira";1;0;1;0;0;0;0;0;0;0;5;0;0;0;0
"24/10/2025";"09:02:00";"237";"Com vítima";"46,800";"BR-101/SP";"Decrescente";"Colisão lateral em sentido contrário";1;0;0;1;0;0;0;0;0;0;1;1;0;0;0
"24/10/2025";"10:07:00";"291";"Sem vítima";"114,000";"BR-116/SP";"Crescente";"Colisão traseira";1;0;1;0;0;0;0;0;0;0;0;0;0;0;0
"24/10/2025";"10:33:00";"318";"Com vítima";"74,000";"BR-116/SP";"Decrescente";"Acidentes de outra natureza";0;0;0;1;0;0;0;0;0;0;0;2;0;0;0
"24/10/2025";"10:49:00";"335";"Com vítima";"230,000";"BR-116/RJ";"Decrescente";"Colisão traseira";0;0;2;0;0;0;0;0;0;0;1;2;0;0;0
"24/10/2025";"11:44:00";"374";"Com vítima";"196,500";"BR-116/SP";"Crescente";"Colisão lateral em sentido contrário";0;0;0;1;0;0;0;0;0;0;0;0;1;0;0
"24/10/2025";"15:33:00";"500";"Sem vítima";"117,350";"BR-116/SP";"Crescente";"Colisão traseira";0;0;2;0;0;0;0;0;0;0;5;0;0;0;0
"24/10/2025";"16:01:00";"510";"Sem vítima";"107,000";"BR-116/SP";"Decrescente";"Colisão traseira";2;0;0;0;0;0;0;0;0;0;0;0;0;0;0
"24/10/2025";"17:06:00";"543";"Sem vítima";"492,000";"BR-101/RJ";"Crescente";"Colisão lateral em sentido contrário";2;0;0;0;0;0;0;0;0;0;3;0;0;0;0
"24/10/2025";"17:17:00";"551";"Sem vítima";"104,030";"BR-116/SP";"Crescente";"Engavetamento";4;0;0;0;0;0;0;0;0;0;0;0;0;0;0
"24/10/2025";"17:29:00";"556";"Com vítima";"421,000";"BR-101/RJ";"Crescente";"Colisão lateral em sentido contrário";1;0;0;1;0;0;0;0;0;0;1;1;0;0;0
"24/10/2025";"18:21:00";"575";"Sem vítima";"105,000";"BR-116/SP";"Decrescente";"Colisão traseira";1;0;0;0;0;0;0;0;0;0;0;0;0;0;0
"24/10/2025";"18:28:00";"580";"Sem vítima";"151,000";"BR-116/SP";"Decrescente";"Colisão traseira";2;0;0;0;0;0;0;0;0;0;3;0;0;0;0
"24/10/2025";"18:52:00";"593";"Com vítima";"46,000";"BR-101/SP";"Decrescente";"Colisão traseira";1;0;0;1;0;0;0;0;0;0;1;1;0;0;0
"24/10/2025";"19:03:00";"603";"Com vítima";"427,150";"BR-101/RJ";"Crescente";"Colisão frontal";2;0;0;0;0;0;0;1;0;0;2;0;0;0;1
"24/10/2025";"20:16:00";"635";"Sem vítima";"146,070";"BR-116/SP";"Decrescente";"Colisão lateral em sentido contrário";3;0;0;0;0;0;0;0;0;0;3;0;0;0;0
"24/10/2025";"20:45:00";"648";"Com vítima";"148,000";"BR-116/SP";"Decrescente";"Colisão lateral em sentido contrário";2;0;0;1;0;0;0;0;0;0;8;1;1;0;0
"24/10/2025";"21:38:00";"667";"Com vítima";"389,000";"BR-101/RJ";"Decrescente";"Colisão lateral em sentido contrário";1;0;0;1;0;0;0;0;0;0;0;6;0;0;0
"24/10/2025";"21:45:00";"668";"Com vítima";"240,700";"BR-116/RJ";"Decrescente";"Atropelamento de pedestre";1;0;0;0;0;0;0;0;0;0;2;1;0;0;0
"24/10/2025";"21:54:00";"672";"Com vítima";"51,400";"BR-101/SP";"Decrescente";"Colisão lateral em sentido contrário";1;0;0;1;0;0;0;0;0;0;2;1;0;0;0
"24/10/2025";"22:36:00";"685";"Com vítima";"30,700";"BR-116/SP";"Decrescente";"Colisão traseira";1;0;1;0;0;0;0;0;0;0;1;0;0;0;1
"25/10/2025";"00:00:00";"225";"Com vítima";"120,000";"BR-116/SP";"Decrescente";"Colisão traseira";1;0;0;0;0;0;0;0;0;0;1;1;0;0;0
"25/10/2025";"00:25:00";"8";"Sem vítima";"110,000";"BR-116/SP";"Crescente";"Choque";1;0;0;0;0;0;0;0;0;0;0;0;0;0;0
"25/10/2025";"02:50:00";"36";"Sem vítima";"30,700";"BR-116/SP";"Decrescente";"Choque";1;0;0;0;0;0;0;0;0;0;0;0;0;0;0
"25/10/2025";"03:38:00";"47";"Sem vítima";"100,800";"BR-116/SP";"Crescente";"Colisão traseira";1;0;0;0;0;0;0;0;0;0;0;0;0;0;0
"25/10/2025";"04:03:00";"75";"Sem vítima";"158,000";"BR-116/SP";"Crescente";"Choque";1;0;0;0;0;0;0;0;0;0;0;0;0;0;0
"25/10/2025";"07:49:00";"162";"Sem vítima";"115,800";"BR-116/SP";"Decrescente";"Colisão traseira";1;0;0;0;0;0;0;0;0;0;3;0;0;0;0
"25/10/2025";"08:27:00";"176";"Com vítima";"228,100";"BR-116/RJ";"Decrescente";"Tombamento";0;0;0;0;0;0;0;1;0;0;0;1;0;0;0
"25/10/2025";"08:34:00";"182";"Sem vítima";"113,000";"BR-116/SP";"Decrescente";"Engavetamento";2;0;0;0;0;0;0;0;0;1;4;0;0;0;0
"25/10/2025";"08:45:00";"185";"Com vítima";"189,000";"BR-116/SP";"Crescente";"Colisão traseira";2;0;0;0;0;0;0;0;0;0;3;1;0;0;0
"25/10/2025";"09:25:00";"216";"Sem vítima";"72,000";"BR-116/SP";"Decrescente";"Engavetamento";1;0;0;0;0;0;0;0;0;0;1;0;0;0;0
"25/10/2025";"09:50:00";"231";"Sem vítima";"226,000";"BR-116/SP";"Crescente";"Colisão traseira";1;0;0;1;0;0;0;0;0;0;0;0;0;0;0
"25/10/2025";"10:15:00";"244";"Sem vítima";"119,000";"BR-116/SP";"Decrescente";"Colisão traseira";2;0;0;0;0;0;0;0;0;0;0;0;0;0;0
"25/10/2025";"10:30:00";"255";"Sem vítima";"400,000";"BR-101/RJ";"Decrescente";"Atropelamento de pedestre";2;0;0;0;0;0;0;0;0;0;5;0;0;0;0
"25/10/2025";"12:12:00";"310";"Com vítima";"142,000";"BR-116/SP";"Decrescente";"Engavetamento";7;0;0;0;0;0;0;0;0;0;6;0;1;0;0
"25/10/2025";"12:41:00";"326";"Com vítima";"168,500";"BR-116/SP";"Crescente";"Colisão lateral em sentido contrário";0;0;0;2;0;0;0;0;0;0;0;1;1;0;0
"25/10/2025";"12:42:00";"327";"Sem vítima";"140,500";"BR-116/SP";"Crescente";"Engavetamento";2;0;0;0;0;0;0;0;0;0;2;0;0;0;0
"25/10/2025";"13:06:00";"340";"Com vítima";"140,100";"BR-116/SP";"Crescente";"Colisão lateral em sentido contrário";1;0;0;1;0;0;0;0;0;0;1;1;0;0;0
"25/10/2025";"14:15:00";"371";"Com vítima";"225,000";"BR-116/SP";"Crescente";"Choque";0;0;0;1;0;0;0;0;0;0;0;2;0;0;0
"25/10/2025";"15:52:00";"416";"Sem vítima";"229,000";"BR-116/SP";"Decrescente";"Colisão traseira";2;0;0;0;0;0;0;0;0;0;0;0;0;0;0
"25/10/2025";"16:08:00";"418";"Sem vítima";"163,000";"BR-116/SP";"Crescente";"Colisão traseira";2;0;0;0;0;0;0;0;0;0;0;0;0;0;0
"25/10/2025";"16:35:00";"437";"Com vítima";"104,000";"BR-116/SP";"Crescente";"Colisão traseira";1;0;0;1;0;0;0;0;0;0;2;1;1;0;0
"25/10/2025";"16:55:00";"451";"Com vítima";"211,000";"BR-116/SP";"Decrescente";"Colisão traseira";1;0;0;1;0;0;0;0;0;0;1;1;0;0;0
"25/10/2025";"17:55:00";"481";"Com vítima";"387,000";"BR-101/RJ";"Crescente";"Colisão lateral em sentido contrário";1;0;0;1;0;0;0;0;0;0;0;2;0;0;0
"25/10/2025";"17:59:00";"483";"Com vítima";"205,000";"BR-116/SP";"Decrescente";"Colisão lateral em sentido contrário";2;0;0;0;0;0;0;0;0;0;2;1;0;0;0