data;horario;n_da_ocorrencia;tipo_de_ocorrencia;km;trecho;sentido;tipo_de_acidente;automovel;bicicleta;caminhao;moto;onibus;outros;tracao_animal;transporte_de_cargas_especiais;trator_maquinas;utilitarios;ilesos;levemente_feridos;moderadamente_feridos;gravemente_feridos;mortos
"25/10/2025";"18:40:00";"498";"Com vítima";"225,300";"BR-116/RJ";"Decrescente";"Colisão lateral em sentido contrário";1;0;1;0;0;0;0;0;0;0;2;1;0;0;0
"25/10/2025";"19:44:00";"533";"Com vítima";"456,000";"BR-101/RJ";"Crescente";"Colisão lateral em sentido contrário";2;0;0;0;0;0;0;0;0;0;1;1;1;0;0
"25/10/2025";"19:59:00";"538";"Sem vítima";"336,000";"BR-116/RJ";"Decrescente";"Choque";1;0;0;0;0;0;0;0;0;0;0;0;0;0;0
"25/10/2025";"20:30:00";"557";"Com vítima";"389,000";"BR-101/RJ";"Crescente";"Colisão traseira";1;0;0;1;0;0;0;0;0;0;1;1;0;0;0
"25/10/2025";"22:10:00";"589";"Sem vítima";"92,000";"BR-116/SP";"Crescente";"Engavetamento";3;0;0;0;0;0;0;0;0;1;3;0;0;0;0
"25/10/2025";"23:43:00";"615";"Com vítima";"396,000";"BR-101/RJ";"Crescente";"Acidentes de outra natureza";0;0;0;1;0;0;0;0;0;0;0;1;0;0;0
"26/10/2025";"02:58:00";"31";"Com vítima";"216,000";"BR-116/SP";"Decrescente";"Choque";1;0;0;0;0;0;0;0;0;0;0;1;0;0;0
"26/10/2025";"03:27:00";"35";"Sem vítima";"61,300";"BR-116/SP";"Decrescente";"Tombamento";0;0;1;0;0;0;0;0;0;0;1;0;0;0;0
"26/10/2025";"03:43:00";"38";"Sem vítima";"508,000";"BR-101/RJ";"Crescente";"Acidentes de outra natureza";1;0;0;0;0;0;0;0;0;0;0;0;0;0;0
"26/10/2025";"04:09:00";"42";"Sem vítima";"151,500";"BR-116/SP";"Decrescente";"Colisão lateral em sentido contrário";1;0;0;0;0;0;0;1;0;0;5;0;0;0;0
"26/10/2025";"04:37:00";"46";"Com vítima";"59,000";"BR-116/SP";"Crescente";"Acidentes de outra natureza";0;0;0;1;0;0;0;0;0;0;0;1;0;0;0
"26/10/2025";"05:23:00";"54";"Sem vítima";"252,000";"BR-116/RJ";"Decrescente";"Choque";1;0;0;0;0;0;0;0;0;0;1;0;0;0;0
"26/10/2025";"06:22:00";"72";"Sem vítima";"31,500";"BR-116/SP";"Decrescente";"Tombamento";0;0;0;0;0;0;0;1;0;0;1;0;0;0;0
"26/10/2025";"08:47:00";"149";"Com vítima";"311,000";"BR-116/RJ";"Crescente";"Engavetamento";0;0;2;0;0;0;0;1;0;0;2;0;1;0;0
"26/10/2025";"08:55:00";"152";"Com vítima";"501,500";"BR-101/RJ";"Decrescente";"Colisão frontal";2;0;0;0;0;0;0;0;0;0;1;1;1;1;0
"26/10/2025";"09:40:00";"171";"Sem vítima";"165,000";"BR-116/SP";"Decrescente";"Colisão traseira";0;0;0;0;0;0;0;2;0;0;0;0;0;0;0
"26/10/2025";"09:47:00";"174";"Sem vítima";"222,000";"BR-116/SP";"Crescente";"Colisão traseira";2;0;0;0;0;0;0;0;0;0;5;0;0;0;0
"26/10/2025";"10:01:00";"181";"Sem vítima";"113,200";"BR-116/SP";"Decrescente";"Engavetamento";3;0;0;0;0;0;0;0;0;0;6;0;0;0;0
"26/10/2025";"10:02:00";"184";"Sem vítima";"113,600";"BR-116/SP";"Decrescente";"Engavetamento";1;0;0;0;0;0;0;0;0;0;1;0;0;0;0
"26/10/2025";"10:43:00";"203";"Com vítima";"311,000";"BR-116/RJ";"Crescente";"Acidentes de outra natureza";0;0;0;1;0;0;0;0;0;0;0;2;0;0;0
"26/10/2025";"12:05:00";"230";"Com vítima";"321,300";"BR-116/RJ";"Decrescente";"Colisão traseira";0;0;1;1;0;0;0;0;0;0;1;0;0;1;0
"26/10/2025";"13:09:00";"276";"Sem vítima";"110,500";"BR-116/SP";"Crescente";"Colisão lateral em sentido contrário";2;0;0;0;0;0;0;0;0;0;3;0;0;0;0
"26/10/2025";"15:09:00";"327";"Sem vítima";"150,000";"BR-116/SP";"Crescente";"Colisão traseira";2;0;0;0;0;0;0;0;0;0;0;0;0;0;0
"26/10/2025";"15:48:00";"350";"Sem vítima";"300,000";"BR-116/RJ";"Decrescente";"Engavetamento";1;0;0;0;0;0;0;0;0;0;1;0;0;0;0
"26/10/2025";"15:59:00";"360";"Com vítima";"74,300";"BR-116/SP";"Crescente";"Engavetamento";4;0;0;0;0;0;0;0;0;0;11;1;0;0;0
"26/10/2025";"16:36:00";"381";"Sem vítima";"295,700";"BR-116/RJ";"Decrescente";"Colisão traseira";1;0;0;0;0;0;0;0;0;0;0;0;0;0;0
"26/10/2025";"16:37:00";"383";"Com vítima";"206,300";"BR-116/SP";"Crescente";"Acidentes de outra natureza";0;0;0;1;0;0;0;0;0;0;1;0;1;0;0
"26/10/2025";"16:43:00";"386";"Sem vítima";"65,500";"BR-116/SP";"Decrescente";"Colisão traseira";2;0;0;0;0;0;0;0;0;0;3;0;0;0;0
"26/10/2025";"16:56:00";"392";"Sem vítima";"433,000";"BR-101/RJ";"Crescente";"Colisão traseira";2;0;0;0;0;0;0;0;0;0;7;0;0;0;0
"26/10/2025";"16:58:00";"394";"Com vítima";"428,000";"BR-101/RJ";"Decrescente";"Acidentes de outra natureza";0;0;0;1;0;0;0;0;0;0;0;1;0;0;0
"26/10/2025";"19:25:00";"488";"Sem vítima";"211,600";"BR-116/SP";"Crescente";"Acidentes de outra natureza";0;0;0;1;0;0;0;0;0;0;2;0;0;0;0
"26/10/2025";"19:42:00";"501";"Sem vítima";"8,000";"BR-116/SP";"Decrescente";"Tombamento";0;0;1;0;0;0;0;0;0;0;1;0;0;0;0
"26/10/2025";"19:47:00";"504";"Sem vítima";"496,000";"BR-101/RJ";"Crescente";"Choque";1;0;1;0;0;0;0;0;0;0;2;0;0;0;0
"26/10/2025";"20:29:00";"517";"Sem vítima";"209,100";"BR-116/SP";"Crescente";"Capotamento";1;0;0;0;0;0;0;0;0;0;2;0;0;0;0
"26/10/2025";"20:43:00";"525";"Com vítima";"219,500";"BR-116/SP";"Decrescente";"Colisão lateral em sentido contrário";2;0;0;0;0;0;0;0;0;0;1;1;0;0;0
"26/10/2025";"21:16:00";"541";"Com vítima";"219,300";"BR-116/SP";"Crescente";"Choque";1;0;0;0;0;0;0;0;0;0;0;1;0;0;0
"26/10/2025";"21:32:00";"544";"Com vítima";"285,000";"BR-116/RJ";"Crescente";"Colisão lateral em sentido contrário";1;0;0;0;0;0;0;0;0;0;0;1;0;0;0
"26/10/2025";"23:33:00";"585";"Com vítima";"63,000";"BR-116/SP";"Decrescente";"Capotamento";1;0;0;0;0;0;0;0;0;0;0;2;0;0;0
"27/10/2025";"00:00:00";"427";"Com vítima";"207,000";"BR-116/SP";"Decrescente";"Engavetamento";1;0;0;0;0;0;0;0;0;2;3;0;0;1;0
"27/10/2025";"01:17:00";"15";"Sem vítima";"144,800";"BR-116/SP";"Crescente";"Choque";1;0;1;0;0;0;0;0;0;0;4;0;0;0;0
"27/10/2025";"01:45:00";"24";"Sem vítima";"405,000";"BR-101/RJ";"Crescente";"Choque";1;0;0;0;0;0;0;0;0;0;0;0;0;0;0
"27/10/2025";"01:54:00";"25";"Com vítima";"8,650";"BR-116/SP";"Decrescente";"Atropelamento de pedestre";0;0;0;0;0;0;0;0;0;0;0;0;1;0;0
"27/10/2025";"02:08:00";"29";"Sem vítima";"5,300";"BR-101/SP";"Decrescente";"Choque";1;0;0;0;0;0;0;0;0;0;0;0;0;0;0
"27/10/2025";"02:57:00";"37";"Sem vítima";"384,000";"BR-101/RJ";"Decrescente";"Choque";1;0;0;0;0;0;0;0;0;0;0;0;0;0;0
"27/10/2025";"07:01:00";"141";"Sem vítima";"431,000";"BR-101/RJ";"Decrescente";"Choque";1;0;0;0;0;0;0;0;0;0;1;0;0;0;0
"27/10/2025";"07:39:00";"167";"Com vítima";"154,000";"BR-116/SP";"Decrescente";"Colisão lateral em sentido contrário";1;0;0;0;0;0;0;0;0;0;0;2;0;0;0
"27/10/2025";"11:03:00";"317";"Com vítima";"224,000";"BR-116/SP";"Crescente";"Acidentes de outra natureza";0;0;0;1;0;0;0;0;0;0;0;1;0;0;0
"27/10/2025";"11:22:00";"327";"Com vítima";"188,000";"BR-116/SP";"Crescente";"Colisão traseira";0;0;1;1;0;0;0;0;0;0;0;1;0;0;0
"27/10/2025";"11:27:00";"329";"Com vítima";"231,000";"BR-116/SP";"Crescente";"Colisão traseira";1;0;0;0;0;0;0;0;0;0;1;0;1;0;0
"27/10/2025";"11:54:00";"340";"Sem vítima";"218,000";"BR-116/RJ";"Crescente";"Colisão lateral em sentido contrário";1;0;1;0;0;0;0;0;0;0;2;0;0;0;0
"27/10/2025";"13:10:00";"375";"Sem vítima";"127,200";"BR-116/SP";"Decrescente";"Engavetamento";1;0;2;0;0;0;0;0;0;0;4;0;0;0;0
"27/10/2025";"13:58:00";"392";"Sem vítima";"419,000";"BR-101/RJ";"Crescente";"Colisão lateral em sentido contrário";1;0;0;1;0;0;0;0;0;0;2;0;0;0;0
"27/10/2025";"14:35:00";"415";"Com vítima";"285,000";"BR-116/RJ";"Decrescente";"Choque";1;0;0;0;0;0;0;0;0;0;0;2;0;0;0
"27/10/2025";"14:59:00";"424";"Com vítima";"435,000";"BR-101/RJ";"Crescente";"Capotamento";1;0;0;0;0;0;0;0;0;0;0;2;0;0;0
"27/10/2025";"15:22:00";"435";"Sem vítima";"267,000";"BR-116/RJ";"Decrescente";"Choque";1;0;0;0;0;0;0;0;0;0;1;0;0;0;0
"27/10/2025";"15:36:00";"441";"Com vítima";"104,500";"BR-116/SP";"Crescente";"Engavetamento";3;0;0;0;0;0;0;0;0;0;2;1;0;0;0
"27/10/2025";"15:51:00";"448";"Com vítima";"281,800";"BR-116/RJ";"Crescente";"Tombamento";0;0;0;0;1;0;0;0;0;0;0;13;9;4;0
"27/10/2025";"16:06:00";"451";"Sem vítima";"278,800";"BR-116/RJ";"Crescente";"Tombamento";0;0;0;0;0;0;0;1;0;0;1;0;0;0;0
"27/10/2025";"16:19:00";"460";"Com vítima";"473,000";"BR-101/RJ";"Decrescente";"Colisão lateral em sentido contrário";2;0;0;0;0;0;0;0;0;0;2;1;0;0;0
"27/10/2025";"17:32:00";"483";"Sem vítima";"438,000";"BR-101/RJ";"Crescente";"Colisão traseira";1;0;0;1;0;1;0;0;0;0;0;0;0;0;0
"27/10/2025";"18:08:00";"497";"Com vítima";"336,000";"BR-116/RJ";"Crescente";"Choque";1;0;0;0;0;0;0;0;0;0;0;2;0;0;0
"27/10/2025";"18:10:00";"499";"Com vítima";"92,600";"BR-116/SP";"Decrescente";"Acidentes de outra natureza";0;0;0;1;0;0;0;0;0;0;0;0;2;0;0
"27/10/2025";"19:08:00";"522";"Com vítima";"407,000";"BR-101/RJ";"Decrescente";"Colisão lateral em sentido contrário";0;0;0;1;0;0;0;0;0;0;0;1;0;0;0
"27/10/2025";"20:26:00";"557";"Sem vítima";"424,000";"BR-101/RJ";"Decrescente";"Choque";1;0;0;0;0;0;0;0;0;0;0;0;0;0;0
"27/10/2025";"21:05:00";"573";"Com vítima";"271,300";"BR-116/RJ";"Decrescente";"Acidentes de outra natureza";0;0;0;1;0;0;0;0;0;0;0;0;1;0;0
"27/10/2025";"23:11:00";"605";"Sem vítima";"20,050";"BR-101/SP";"Decrescente";"Choque";1;0;0;0;0;0;0;0;0;0;1;0;0;0;0
"27/10/2025";"23:36:00";"613";"Sem vítima";"313,800";"BR-116/RJ";"Decrescente";"Choque";1;0;0;0;0;0;0;0;0;0;1;0;0;0;0
"28/10/2025";"00:00:00";"126";"Sem vítima";"385,000";"BR-101/RJ";"Crescente";"Engavetamento";3;0;0;0;1;0;0;0;0;0;5;0;0;0;0
"28/10/2025";"00:06:00";"2";"Sem vítima";"70,000";"BR-116/SP";"Crescente";"Choque";1;0;0;0;0;0;0;0;0;0;2;0;0;0;0
"28/10/2025";"04:11:00";"31";"Com vítima";"270,600";"BR-116/RJ";"Decrescente";"Acidentes de outra natureza";0;0;0;1;0;0;0;0;0;0;0;1;0;0;0
"28/10/2025";"04:39:00";"34";"Sem vítima";"520,000";"BR-101/RJ";"Decrescente";"Choque";1;0;0;0;0;0;0;0;0;0;1;0;0;0;0
"28/10/2025";"05:07:00";"45";"Sem vítima";"284,100";"BR-116/RJ";"Decrescente";"Colisão traseira";0;0;2;0;0;0;0;0;0;0;0;0;0;0;0
"28/10/2025";"05:12:00";"46";"Sem vítima";"270,600";"BR-116/RJ";"Decrescente";"Choque";0;0;1;0;0;0;0;0;0;0;1;0;0;0;0
"28/10/2025";"05:18:00";"48";"Com vítima";"102,350";"BR-116/SP";"Crescente";"Tombamento";0;0;0;0;0;0;0;1;0;0;0;0;1;0;0
"28/10/2025";"07:00:00";"104";"Sem vítima";"495,000";"BR-101/RJ";"Crescente";"Choque";1;0;0;0;0;0;0;0;0;0;0;0;0;0;0
"28/10/2025";"07:15:00";"115";"Com vítima";"230,200";"BR-116/SP";"Crescente";"Colisão traseira";1;0;0;1;0;0;0;0;0;0;2;2;0;0;0
"28/10/2025";"08:49:00";"188";"Com vítima";"145,900";"BR-116/SP";"Decrescente";"Colisão traseira";2;0;0;0;0;0;0;0;0;0;1;2;0;0;0
"28/10/2025";"09:53:00";"223";"Sem vítima";"417,700";"BR-101/RJ";"Crescente";"Colisão lateral em sentido contrário";1;0;0;0;0;0;0;0;0;0;1;0;0;0;0
"28/10/2025";"10:17:00";"246";"Com vítima";"189,000";"BR-116/SP";"Crescente";"Choque";0;0;1;0;0;0;0;2;0;0;2;0;0;1;0
"28/10/2025";"10:18:00";"247";"Sem vítima";"145,500";"BR-116/SP";"Decrescente";"Colisão traseira";1;0;0;0;0;0;0;1;0;0;0;0;0;0;0
"28/10/2025";"10:58:00";"276";"Sem vítima";"219,000";"BR-116/RJ";"Crescente";"Choque";1;0;0;0;0;0;0;0;0;0;2;0;0;0;0
"28/10/2025";"11:05:00";"268";"Com vítima";"218,500";"BR-116/SP";"Crescente";"Colisão lateral em sentido contrário";0;0;0;2;0;0;0;0;0;0;1;0;1;0;0
"28/10/2025";"11:09:00";"285";"Com vítima";"275,000";"BR-116/RJ";"Decrescente";"Engavetamento";3;0;1;0;0;0;0;0;0;0;3;0;2;0;0
"28/10/2025";"11:21:00";"291";"Sem vítima";"105,000";"BR-116/SP";"Decrescente";"Colisão traseira";1;0;0;0;0;0;0;0;0;0;0;0;0;0;0
"28/10/2025";"15:54:00";"410";"Sem vítima";"290,000";"BR-116/RJ";"Decrescente";"Colisão lateral em sentido contrário";1;0;0;0;1;0;0;0;0;0;0;0;0;0;0
"28/10/2025";"16:11:00";"421";"Sem vítima";"229,900";"BR-116/RJ";"Crescente";"Colisão lateral em sentido contrário";2;0;0;0;0;0;0;0;0;0;3;0;0;0;0
"28/10/2025";"16:32:00";"434";"Sem vítima";"230,400";"BR-116/SP";"Crescente";"Colisão traseira";2;0;0;0;0;0;0;0;0;0;2;0;0;0;0
"28/10/2025";"17:51:00";"459";"Com vítima";"542,400";"BR-101/RJ";"Decrescente";"Choque";1;0;0;0;0;0;0;0;0;0;0;1;1;0;0
"28/10/2025";"18:02:00";"463";"Com vítima";"509,000";"BR-101/RJ";"Crescente";"Choque";1;0;0;0;0;0;0;0;0;0;0;1;0;0;0
"28/10/2025";"22:06:00";"554";"Com vítima";"146,000";"BR-116/SP";"Decrescente";"Acidentes de outra natureza";0;0;0;1;0;0;0;0;0;0;0;1;0;0;0
"28/10/2025";"22:09:00";"557";"Sem vítima";"213,000";"BR-116/SP";"Crescente";"Atropelamento de pedestre";1;1;0;0;0;0;0;0;0;0;1;0;0;0;0
"28/10/2025";"22:15:00";"559";"Com vítima";"264,250";"BR-116/RJ";"Crescente";"Colisão traseira";1;0;0;0;0;0;0;0;0;1;1;0;0;1;0
"28/10/2025";"22:34:00";"561";"Sem vítima";"146,000";"BR-116/SP";"Crescente";"Choque";1;0;0;0;0;0;0;0;0;0;1;0;0;0;0
"28/10/2025";"22:43:00";"562";"Sem vítima";"25,400";"BR-116/SP";"Decrescente";"Colisão traseira";0;0;2;0;0;0;0;0;0;0;2;0;0;0;0
"29/10/2025";"00:34:00";"4";"Sem vítima";"127,800";"BR-116/SP";"Crescente";"Colisão lateral em sentido contrário";0;0;1;0;0;0;0;1;0;0;2;0;0;0;0
"29/10/2025";"08:24:00";"171";"Sem vítima";"304,000";"BR-116/RJ";"Decrescente";"Colisão traseira";2;0;0;0;0;0;0;0;0;0;0;0;0;0;0
"29/10/2025";"09:37:00";"216";"Sem vítima";"281,000";"BR-116/RJ";"Crescente";"Colisão lateral em sentido contrário";1;0;0;0;0;0;0;0;0;0;1;0;0;0;0
"29/10/2025";"13:50:00";"366";"Sem vítima";"530,700";"BR-101/RJ";"Crescente";"Choque";2;0;0;0;0;0;0;0;0;0;0;0;0;0;0
"29/10/2025";"15:31:00";"404";"Sem vítima";"162,300";"BR-116/SP";"Crescente";"Colisão lateral em sentido contrário";1;0;1;0;0;0;0;0;0;0;0;0;0;0;0
"29/10/2025";"16:27:00";"433";"Com vítima";"225,700";"BR-116/RJ";"Decrescente";"Tombamento";0;0;0;0;0;0;0;1;0;0;0;1;0;0;0
"29/10/2025";"18:36:00";"472";"Com vítima";"43,200";"BR-101/SP";"Decrescente";"Atropelamento de pedestre";1;1;0;0;0;0;0;0;0;0;2;0;0;0;0
"29/10/2025";"18:56:00";"485";"Com vítima";"132,000";"BR-116/SP";"Decrescente";"Acidentes de outra natureza";0;0;0;1;0;0;0;0;0;0;0;2;0;0;0
"29/10/2025";"19:28:00";"499";"Com vítima";"211,000";"BR-116/SP";"Decrescente";"Colisão traseira";0;0;1;1;0;0;0;0;0;0;1;1;0;0;0
"29/10/2025";"19:41:00";"502";"Sem vítima";"70,000";"BR-116/SP";"Crescente";"Choque";1;0;0;0;0;0;0;0;0;0;1;0;0;0;0
"29/10/2025";"22:25:00";"540";"Sem vítima";"146,000";"BR-116/SP";"Decrescente";"Colisão traseira";1;0;0;1;0;0;0;0;0;0;1;0;0;0;0
"30/10/2025";"00:15:00";"5";"Com vítima";"387,000";"BR-101/RJ";"Crescente";"Atropelamento de pedestre";0;0;0;1;0;0;0;0;0;0;0;0;1;0;0
"30/10/2025";"05:13:00";"45";"Com vítima";"389,100";"BR-101/RJ";"Crescente";"Choque";1;0;0;0;0;0;0;0;0;0;0;1;0;0;0
"30/10/2025";"06:21:00";"85";"Com vítima";"433,000";"BR-101/RJ";"Decrescente";"Colisão lateral em sentido contrário";1;0;0;1;0;0;0;0;0;0;1;2;0;0;0
"30/10/2025";"06:48:00";"107";"Com vítima";"226,000";"BR-116/RJ";"Decrescente";"Capotamento";1;0;0;0;0;0;0;0;0;0;0;1;0;0;0
"30/10/2025";"08:15:00";"175";"Sem vítima";"99,000";"BR-116/SP";"Crescente";"Choque";1;0;0;0;0;0;0;0;0;0;1;0;0;0;0
"30/10/2025";"08:22:00";"178";"Sem vítima";"58,800";"BR-116/SP";"Decrescente";"Acidentes de outra natureza";1;0;0;0;0;0;0;0;0;0;1;0;0;0;0
"30/10/2025";"08:23:00";"179";"Com vítima";"476,000";"BR-101/RJ";"Crescente";"Acidentes de outra natureza";0;0;0;1;0;0;0;0;0;0;0;2;0;0;0
"30/10/2025";"08:27:00";"184";"Com vítima";"143,000";"BR-116/SP";"Decrescente";"Engavetamento";2;0;1;0;0;0;0;0;0;0;8;2;0;0;0
"30/10/2025";"09:14:00";"209";"Com vítima";"213,000";"BR-116/SP";"Crescente";"Choque";0;0;0;0;0;0;0;1;0;1;1;0;1;0;0
"30/10/2025";"10:13:00";"245";"Com vítima";"227,500";"BR-116/SP";"Decrescente";"Choque";1;0;2;0;0;0;0;0;0;0;2;1;0;0;0
"30/10/2025";"10:37:00";"256";"Sem vítima";"276,000";"BR-116/RJ";"Crescente";"Colisão traseira";2;0;0;0;0;0;0;0;0;0;5;0;0;0;0
"30/10/2025";"15:33:00";"385";"Sem vítima";"542,400";"BR-101/RJ";"Decrescente";"Choque";1;0;0;0;0;0;0;0;0;0;1;0;0;0;0
"30/10/2025";"16:11:00";"407";"Sem vítima";"426,900";"BR-101/RJ";"Crescente";"Choque";1;0;0;0;0;0;0;0;0;0;1;0;0;0;0
"30/10/2025";"17:48:00";"439";"Sem vítima";"216,900";"BR-116/SP";"Crescente";"Engavetamento";3;0;0;0;0;0;0;0;0;0;7;0;0;0;0
"30/10/2025";"18:21:00";"447";"Sem vítima";"421,500";"BR-101/RJ";"Crescente";"Choque";1;0;0;0;0;0;0;0;0;0;1;0;0;0;0
"30/10/2025";"18:21:00";"448";"Com vítima";"150,000";"BR-116/SP";"Crescente";"Colisão traseira";1;0;0;1;0;0;0;0;0;0;1;1;0;0;0
"30/10/2025";"18:41:00";"456";"Com vítima";"281,900";"BR-116/RJ";"Decrescente";"Choque";0;0;0;1;0;0;0;0;0;0;0;1;0;0;0
"30/10/2025";"19:02:00";"464";"Com vítima";"454,000";"BR-101/RJ";"Decrescente";"Atropelamento de pedestre";1;0;0;0;0;0;0;0;0;0;2;0;0;0;1
"30/10/2025";"19:45:00";"486";"Sem vítima";"387,200";"BR-101/RJ";"Decrescente";"Colisão traseira";2;0;0;0;0;0;0;0;0;0;2;0;0;0;0
"30/10/2025";"20:07:00";"494";"Com vítima";"296,500";"BR-116/RJ";"Crescente";"Tombamento";0;0;0;0;0;0;0;1;0;0;0;2;1;0;0
"30/10/2025";"21:32:00";"511";"Sem vítima";"8,000";"BR-116/SP";"Decrescente";"Tombamento";0;0;1;0;0;0;0;0;0;0;1;0;0;0;0
"30/10/2025";"22:15:00";"526";"Sem vítima";"173,100";"BR-116/SP";"Decrescente";"Choque";1;0;0;0;0;0;0;0;0;0;1;0;0;0;0
"30/10/2025";"22:54:00";"530";"Com vítima";"280,600";"BR-116/RJ";"Crescente";"Engavetamento";0;0;0;0;0;0;0;4;0;0;3;1;0;0;0
"31/10/2025";"00:01:00";"1";"Sem vítima";"131,600";"BR-116/SP";"Decrescente";"Colisão traseira";1;0;1;0;0;0;0;0;0;0;2;0;0;0;0
"31/10/2025";"01:10:00";"9";"Sem vítima";"88,000";"BR-116/SP";"Decrescente";"Colisão traseira";0;0;2;0;0;0;0;0;0;0;2;0;0;0;0
"31/10/2025";"06:04:00";"66";"Sem vítima";"542,200";"BR-101/RJ";"Decrescente";"Choque";1;0;0;0;0;0;0;0;0;0;2;0;0;0;0
"31/10/2025";"06:06:00";"68";"Sem vítima";"518,000";"BR-101/RJ";"Crescente";"Choque";1;0;0;0;0;0;0;0;0;0;1;0;0;0;0
"31/10/2025";"06:08:00";"70";"Sem vítima";"217,000";"BR-116/SP";"Crescente";"Colisão traseira";1;0;0;0;0;0;0;0;0;0;1;0;0;0;0
"31/10/2025";"07:29:00";"127";"Sem vítima";"41,700";"BR-116/SP";"Crescente";"Acidentes de outra natureza";1;0;0;0;0;0;0;0;0;0;2;0;0;0;0
"31/10/2025";"09:17:00";"188";"Com vítima";"218,100";"BR-116/SP";"Crescente";"Colisão lateral em sentido contrário";1;0;0;1;0;0;0;0;0;0;0;1;0;0;0
"31/10/2025";"09:41:00";"201";"Sem vítima";"44,598";"BR-116/SP";"Decrescente";"Tombamento";0;0;1;0;0;0;0;0;0;0;1;0;0;0;0
"31/10/2025";"09:50:00";"205";"Com vítima";"482,000";"BR-101/RJ";"Crescente";"Colisão lateral em sentido contrário";0;0;0;1;0;0;0;0;0;1;1;1;0;0;0
"31/10/2025";"10:56:00";"238";"Sem vítima";"435,000";"BR-101/RJ";"Decrescente";"Choque";1;0;0;0;0;0;0;0;0;0;1;0;0;0;0
"31/10/2025";"12:03:00";"269";"Sem vítima";"514,000";"BR-101/RJ";"Decrescente";"Choque";1;0;0;0;0;0;0;0;0;0;1;0;0;0;0
"31/10/2025";"12:20:00";"282";"Sem vítima";"425,000";"BR-101/RJ";"Decrescente";"Colisão lateral em sentido contrário";1;0;1;0;0;0;0;0;0;0;3;0;0;0;0
"31/10/2025";"12:44:00";"280";"Com vítima";"515,000";"BR-101/RJ";"Decrescente";"Choque";1;0;0;0;0;0;0;0;0;0;0;1;0;0;0
"31/10/2025";"13:04:00";"308";"Sem vítima";"282,700";"BR-116/RJ";"Decrescente";"Choque";1;0;0;0;0;0;0;0;0;0;1;0;0;0;0
"31/10/2025";"13:05:00";"309";"Sem vítima";"227,000";"BR-116/SP";"Decrescente";"Colisão lateral em sentido contrário";1;0;0;0;0;0;0;1;0;0;2;0;0;0;0
"31/10/2025";"13:21:00";"317";"Sem vítima";"140,000";"BR-116/SP";"Crescente";"Engavetamento";1;0;0;0;0;0;0;0;0;0;1;0;0;0;0
"31/10/2025";"13:56:00";"329";"Sem vítima";"333,899";"BR-116/RJ";"Decrescente";"Choque";1;0;0;0;0;0;0;0;0;0;1;0;0;0;0
"31/10/2025";"14:20:00";"340";"Sem vítima";"296,000";"BR-116/RJ";"Crescente";"Acidentes de outra natureza";1;0;0;0;0;0;0;0;0;0;1;0;0;0;0
"31/10/2025";"14:53:00";"359";"Sem vítima";"247,300";"BR-116/RJ";"Decrescente";"Choque";1;0;0;0;0;0;0;0;0;0;1;0;0;0;0
"31/10/2025";"14:55:00";"361";"Sem vítima";"225,000";"BR-116/SP";"Decrescente";"Engavetamento";4;0;0;0;0;0;0;0;0;0;3;0;0;0;0
"31/10/2025";"15:10:00";"369";"Sem vítima";"451,000";"BR-101/RJ";"Decrescente";"Choque";1;0;0;0;0;0;0;0;0;0;1;0;0;0;0
"31/10/2025";"16:02:00";"392";"Sem vítima";"263,000";"BR-116/RJ";"Decrescente";"Colisão traseira";1;0;0;0;0;0;0;0;0;1;6;0;0;0;0
"31/10/2025";"16:09:00";"399";"Sem vítima";"435,000";"BR-101/RJ";"Crescente";"Choque";1;0;0;0;0;0;0;0;0;0;1;0;0;0;0
"31/10/2025";"16:10:00";"400";"Sem vítima";"304,000";"BR-116/RJ";"Crescente";"Colisão traseira";1;0;0;0;0;0;0;0;0;0;2;0;0;0;0
"31/10/2025";"16:48:00";"421";"Sem vítima";"547,000";"BR-101/RJ";"Crescente";"Choque";1;0;0;0;0;0;0;0;0;0;0;0;0;0;0
"31/10/2025";"17:09:00";"426";"Com vítima";"429,400";"BR-101/RJ";"Crescente";"Colisão frontal";1;0;1;0;0;0;0;0;0;0;1;0;0;0;1
"31/10/2025";"17:31:00";"437";"Sem vítima";"101,800";"BR-116/SP";"Crescente";"Colisão traseira";2;0;0;0;0;0;0;0;0;0;1;0;0;0;0
"31/10/2025";"17:35:00";"439";"Com vítima";"143,000";"BR-116/SP";"Decrescente";"Colisão traseira";1;0;0;1;0;1;0;0;0;1;2;1;0;0;0
"31/10/2025";"17:39:00";"441";"Com vítima";"113,200";"BR-116/SP";"Decrescente";"Engavetamento";1;0;3;0;0;0;0;0;0;0;3;0;1;0;0
"31/10/2025";"17:57:00";"449";"Com vítima";"514,600";"BR-101/RJ";"Decrescente";"Colisão lateral em sentido contrário";2;0;0;0;0;0;0;0;0;0;2;0;2;0;0
"31/10/2025";"18:01:00";"451";"Com vítima";"232,000";"BR-116/RJ";"Decrescente";"Choque";1;0;0;0;0;0;0;0;0;0;0;1;0;0;0
"31/10/2025";"18:18:00";"458";"Sem vítima";"230,200";"BR-116/SP";"Crescente";"Colisão lateral em sentido contrário";1;0;0;1;0;0;0;0;0;0;2;0;0;0;0
"31/10/2025";"21:04:00";"521";"Com vítima";"442,000";"BR-101/RJ";"Decrescente";"Choque";1;0;0;0;0;0;0;0;0;0;0;2;1;0;0